{"type":"FeatureCollection","features":[{"type":"Feature","geometry":{"type":"Point","coordinates":[4.2070535,51.5033568]},"properties":{"dolphinKind":"buoy-lateral","rawObjectClass":"BOYLAT","sourceProperties":{"RCID":12431284,"PRIM":1,"GRUP":2,"OBJL":17,"RVER":1,"AGEN":7979,"FIDN":12431284,"FIDS":1,"LNAM":"1F2B00BDAFB40001","LNAM_REFS":["1F2B41F8F529019A"],"FFPT_RIND":[2],"BOYSHP":5,"CATLAM":3,"COLOUR":["3","4"],"COLPAT":["1"],"CONRAD":3,"OBJNAM":"TG 28 - NH 1","SCAMIN":200000,"SORDAT":"20220322","SORIND":"NL,1R,reprt,MD167-22","sourceCellId":"1R76W89I","sourceChecksum":"fae62243c04017141e29ee330ba4a8c534821e09139009fce2dcec48b902950e","rawObjectClass":"BOYLAT","sourceStableId":"1F2B00BDAFB40001"},"sourceKind":"official","official":true,"sourceCellId":"1R76W89I","sourceStableId":"1F2B00BDAFB40001","pipelineFeatureId":"1R76W89I/BOYLAT/12431284","provenance":{"cellId":"1R76W89I","checksum":"fae62243c04017141e29ee330ba4a8c534821e09139009fce2dcec48b902950e","readerVersion":"GDAL 3.2.2","processedAt":"2026-08-11T13:43:44.753Z"}}},{"type":"Feature","geometry":{"type":"Point","coordinates":[4.2225167,51.4976167]},"properties":{"dolphinKind":"buoy-lateral","rawObjectClass":"BOYLAT","sourceProperties":{"RCID":12431285,"PRIM":1,"GRUP":2,"OBJL":17,"RVER":1,"AGEN":7979,"FIDN":12431285,"FIDS":1,"LNAM":"1F2B00BDAFB50001","LNAM_REFS":["1F2B41F8F52A01CF"],"FFPT_RIND":[2],"BOYSHP":5,"CATLAM":4,"COLOUR":["4","3"],"COLPAT":["1"],"CONRAD":3,"OBJNAM":"SRK 39 - BD 2","SCAMIN":200000,"SORDAT":"20180517","sourceCellId":"1R76W89I","sourceChecksum":"fae62243c04017141e29ee330ba4a8c534821e09139009fce2dcec48b902950e","rawObjectClass":"BOYLAT","sourceStableId":"1F2B00BDAFB50001"},"sourceKind":"official","official":true,"sourceCellId":"1R76W89I","sourceStableId":"1F2B00BDAFB50001","pipelineFeatureId":"1R76W89I/BOYLAT/12431285","provenance":{"cellId":"1R76W89I","checksum":"fae62243c04017141e29ee330ba4a8c534821e09139009fce2dcec48b902950e","readerVersion":"GDAL 3.2.2","processedAt":"2026-08-11T13:43:44.753Z"}}},{"type":"Feature","geometry":{"type":"Point","coordinates":[4.2193317,51.496615]},"properties":{"dolphinKind":"buoy-lateral","rawObjectClass":"BOYLAT","sourceProperties":{"RCID":213526703,"PRIM":1,"GRUP":2,"OBJL":17,"RVER":1,"AGEN":7979,"FIDN":213526703,"FIDS":1,"LNAM":"1F2B0CBA28AF0001","LNAM_REFS":["1F2B0CBA28B10001","1F2B0E1FB41E0001"],"FFPT_RIND":[2,2],"BOYSHP":5,"CATLAM":4,"COLOUR":["3","4"],"COLPAT":["1"],"CONRAD":3,"OBJNAM":"SRK 40 - TG 27","SCAMIN":200000,"SORDAT":"20180507","SORIND":"NL,1R,reprt,MD205-18","sourceCellId":"1R76W89I","sourceChecksum":"fae62243c04017141e29ee330ba4a8c534821e09139009fce2dcec48b902950e","rawObjectClass":"BOYLAT","sourceStableId":"1F2B0CBA28AF0001"},"sourceKind":"official","official":true,"sourceCellId":"1R76W89I","sourceStableId":"1F2B0CBA28AF0001","pipelineFeatureId":"1R76W89I/BOYLAT/213526703","provenance":{"cellId":"1R76W89I","checksum":"fae62243c04017141e29ee330ba4a8c534821e09139009fce2dcec48b902950e","readerVersion":"GDAL 3.2.2","processedAt":"2026-08-11T13:43:44.753Z"}}},{"type":"Feature","geometry":{"type":"Point","coordinates":[4.1974704,51.4986201]},"properties":{"dolphinKind":"buoy-special","rawObjectClass":"BOYSPP","sourceProperties":{"RCID":18547,"PRIM":1,"GRUP":2,"OBJL":19,"RVER":1,"AGEN":7979,"FIDN":1106834729,"FIDS":285,"LNAM":"1F2B41F8F529011D","BOYSHP":5,"CATSPM":["12"],"COLOUR":["6"],"OBJNAM":"SMT 17","INFORM":"Seasonal buoy only in period 0401-1001","NINFOM":"Seizoens betonning gedurende periode 0401-1001","SCAMIN":200000,"SORDAT":"20171128","sourceCellId":"1R76W89I","sourceChecksum":"fae62243c04017141e29ee330ba4a8c534821e09139009fce2dcec48b902950e","rawObjectClass":"BOYSPP","sourceStableId":"1F2B41F8F529011D"},"sourceKind":"official","official":true,"sourceCellId":"1R76W89I","sourceStableId":"1F2B41F8F529011D","pipelineFeatureId":"1R76W89I/BOYSPP/18547","provenance":{"cellId":"1R76W89I","checksum":"fae62243c04017141e29ee330ba4a8c534821e09139009fce2dcec48b902950e","readerVersion":"GDAL 3.2.2","processedAt":"2026-08-11T13:43:44.753Z"}}},{"type":"Feature","geometry":{"type":"Point","coordinates":[4.1963386,51.4988611]},"properties":{"dolphinKind":"buoy-special","rawObjectClass":"BOYSPP","sourceProperties":{"RCID":18548,"PRIM":1,"GRUP":2,"OBJL":19,"RVER":1,"AGEN":7979,"FIDN":1106834729,"FIDS":286,"LNAM":"1F2B41F8F529011E","BOYSHP":5,"CATSPM":["12"],"COLOUR":["6"],"OBJNAM":"SMT 18","INFORM":"Seasonal buoy only in period 0401-1001","NINFOM":"Seizoens betonning gedurende periode 0401-1001","SCAMIN":200000,"SORDAT":"20171128","sourceCellId":"1R76W89I","sourceChecksum":"fae62243c04017141e29ee330ba4a8c534821e09139009fce2dcec48b902950e","rawObjectClass":"BOYSPP","sourceStableId":"1F2B41F8F529011E"},"sourceKind":"official","official":true,"sourceCellId":"1R76W89I","sourceStableId":"1F2B41F8F529011E","pipelineFeatureId":"1R76W89I/BOYSPP/18548","provenance":{"cellId":"1R76W89I","checksum":"fae62243c04017141e29ee330ba4a8c534821e09139009fce2dcec48b902950e","readerVersion":"GDAL 3.2.2","processedAt":"2026-08-11T13:43:44.753Z"}}},{"type":"Feature","geometry":{"type":"Point","coordinates":[4.1967069,51.4995228]},"properties":{"dolphinKind":"buoy-special","rawObjectClass":"BOYSPP","sourceProperties":{"RCID":18549,"PRIM":1,"GRUP":2,"OBJL":19,"RVER":1,"AGEN":7979,"FIDN":1106834729,"FIDS":287,"LNAM":"1F2B41F8F529011F","BOYSHP":5,"CATSPM":["12"],"COLOUR":["6"],"OBJNAM":"SMT 19","INFORM":"Seasonal buoy only in period 0401-1001","NINFOM":"Seizoens betonning gedurende periode 0401-1001","SCAMIN":200000,"SORDAT":"20171128","sourceCellId":"1R76W89I","sourceChecksum":"fae62243c04017141e29ee330ba4a8c534821e09139009fce2dcec48b902950e","rawObjectClass":"BOYSPP","sourceStableId":"1F2B41F8F529011F"},"sourceKind":"official","official":true,"sourceCellId":"1R76W89I","sourceStableId":"1F2B41F8F529011F","pipelineFeatureId":"1R76W89I/BOYSPP/18549","provenance":{"cellId":"1R76W89I","checksum":"fae62243c04017141e29ee330ba4a8c534821e09139009fce2dcec48b902950e","readerVersion":"GDAL 3.2.2","processedAt":"2026-08-11T13:43:44.753Z"}}},{"type":"Feature","geometry":{"type":"Point","coordinates":[4.1978118,51.4992649]},"properties":{"dolphinKind":"buoy-special","rawObjectClass":"BOYSPP","sourceProperties":{"RCID":18550,"PRIM":1,"GRUP":2,"OBJL":19,"RVER":1,"AGEN":7979,"FIDN":1106834729,"FIDS":288,"LNAM":"1F2B41F8F5290120","BOYSHP":5,"CATSPM":["12"],"COLOUR":["6"],"OBJNAM":"SMT 16","INFORM":"Seasonal buoy only in period 0401-1001","NINFOM":"Seizoens betonning gedurende periode 0401-1001","SCAMIN":200000,"SORDAT":"20171128","sourceCellId":"1R76W89I","sourceChecksum":"fae62243c04017141e29ee330ba4a8c534821e09139009fce2dcec48b902950e","rawObjectClass":"BOYSPP","sourceStableId":"1F2B41F8F5290120"},"sourceKind":"official","official":true,"sourceCellId":"1R76W89I","sourceStableId":"1F2B41F8F5290120","pipelineFeatureId":"1R76W89I/BOYSPP/18550","provenance":{"cellId":"1R76W89I","checksum":"fae62243c04017141e29ee330ba4a8c534821e09139009fce2dcec48b902950e","readerVersion":"GDAL 3.2.2","processedAt":"2026-08-11T13:43:44.753Z"}}},{"type":"Feature","geometry":{"type":"Point","coordinates":[4.198306,51.4999714]},"properties":{"dolphinKind":"buoy-special","rawObjectClass":"BOYSPP","sourceProperties":{"RCID":18551,"PRIM":1,"GRUP":2,"OBJL":19,"RVER":1,"AGEN":7979,"FIDN":1106834729,"FIDS":289,"LNAM":"1F2B41F8F5290121","BOYSHP":5,"CATSPM":["12"],"COLOUR":["6"],"OBJNAM":"SMT 15","INFORM":"Seasonal buoy only in period 0401-1001","NINFOM":"Seizoens betonning gedurende periode 0401-1001","SCAMIN":200000,"SORDAT":"20171128","sourceCellId":"1R76W89I","sourceChecksum":"fae62243c04017141e29ee330ba4a8c534821e09139009fce2dcec48b902950e","rawObjectClass":"BOYSPP","sourceStableId":"1F2B41F8F5290121"},"sourceKind":"official","official":true,"sourceCellId":"1R76W89I","sourceStableId":"1F2B41F8F5290121","pipelineFeatureId":"1R76W89I/BOYSPP/18551","provenance":{"cellId":"1R76W89I","checksum":"fae62243c04017141e29ee330ba4a8c534821e09139009fce2dcec48b902950e","readerVersion":"GDAL 3.2.2","processedAt":"2026-08-11T13:43:44.753Z"}}},{"type":"Feature","geometry":{"type":"Point","coordinates":[4.2004081,51.5007788]},"properties":{"dolphinKind":"buoy-special","rawObjectClass":"BOYSPP","sourceProperties":{"RCID":18552,"PRIM":1,"GRUP":2,"OBJL":19,"RVER":1,"AGEN":7979,"FIDN":1106834729,"FIDS":290,"LNAM":"1F2B41F8F5290122","BOYSHP":5,"CATSPM":["12"],"COLOUR":["6"],"OBJNAM":"SMT 14","INFORM":"Seasonal buoy only in period 0401-1001","NINFOM":"Seizoens betonning gedurende periode 0401-1001","SCAMIN":200000,"SORDAT":"20171128","sourceCellId":"1R76W89I","sourceChecksum":"fae62243c04017141e29ee330ba4a8c534821e09139009fce2dcec48b902950e","rawObjectClass":"BOYSPP","sourceStableId":"1F2B41F8F5290122"},"sourceKind":"official","official":true,"sourceCellId":"1R76W89I","sourceStableId":"1F2B41F8F5290122","pipelineFeatureId":"1R76W89I/BOYSPP/18552","provenance":{"cellId":"1R76W89I","checksum":"fae62243c04017141e29ee330ba4a8c534821e09139009fce2dcec48b902950e","readerVersion":"GDAL 3.2.2","processedAt":"2026-08-11T13:43:44.753Z"}}},{"type":"Feature","geometry":{"type":"Point","coordinates":[4.1922599,51.5072158]},"properties":{"dolphinKind":"buoy-special","rawObjectClass":"BOYSPP","sourceProperties":{"RCID":18554,"PRIM":1,"GRUP":2,"OBJL":19,"RVER":1,"AGEN":7979,"FIDN":1106834729,"FIDS":292,"LNAM":"1F2B41F8F5290124","BOYSHP":5,"CATSPM":["12"],"COLOUR":["6"],"OBJNAM":"SMT 10","INFORM":"Seasonal buoy only in period 0401-1001","NINFOM":"Seizoens betonning gedurende periode 0401-1001","SCAMIN":200000,"SORDAT":"20220322","SORIND":"NL,1R,reprt,MD167-22","sourceCellId":"1R76W89I","sourceChecksum":"fae62243c04017141e29ee330ba4a8c534821e09139009fce2dcec48b902950e","rawObjectClass":"BOYSPP","sourceStableId":"1F2B41F8F5290124"},"sourceKind":"official","official":true,"sourceCellId":"1R76W89I","sourceStableId":"1F2B41F8F5290124","pipelineFeatureId":"1R76W89I/BOYSPP/18554","provenance":{"cellId":"1R76W89I","checksum":"fae62243c04017141e29ee330ba4a8c534821e09139009fce2dcec48b902950e","readerVersion":"GDAL 3.2.2","processedAt":"2026-08-11T13:43:44.753Z"}}},{"type":"Feature","geometry":{"type":"Point","coordinates":[4.1954042,51.5061055]},"properties":{"dolphinKind":"buoy-special","rawObjectClass":"BOYSPP","sourceProperties":{"RCID":18555,"PRIM":1,"GRUP":2,"OBJL":19,"RVER":1,"AGEN":7979,"FIDN":1106834729,"FIDS":293,"LNAM":"1F2B41F8F5290125","BOYSHP":5,"CATSPM":["12"],"COLOUR":["6"],"OBJNAM":"SMT 11","INFORM":"Seasonal buoy only in period 0401-1001","NINFOM":"Seizoens betonning gedurende periode 0401-1001","SCAMIN":200000,"SORDAT":"20171128","sourceCellId":"1R76W89I","sourceChecksum":"fae62243c04017141e29ee330ba4a8c534821e09139009fce2dcec48b902950e","rawObjectClass":"BOYSPP","sourceStableId":"1F2B41F8F5290125"},"sourceKind":"official","official":true,"sourceCellId":"1R76W89I","sourceStableId":"1F2B41F8F5290125","pipelineFeatureId":"1R76W89I/BOYSPP/18555","provenance":{"cellId":"1R76W89I","checksum":"fae62243c04017141e29ee330ba4a8c534821e09139009fce2dcec48b902950e","readerVersion":"GDAL 3.2.2","processedAt":"2026-08-11T13:43:44.753Z"}}},{"type":"Feature","geometry":{"type":"Point","coordinates":[4.1964732,51.5080288]},"properties":{"dolphinKind":"buoy-special","rawObjectClass":"BOYSPP","sourceProperties":{"RCID":18556,"PRIM":1,"GRUP":2,"OBJL":19,"RVER":1,"AGEN":7979,"FIDN":1106834729,"FIDS":294,"LNAM":"1F2B41F8F5290126","BOYSHP":5,"CATSPM":["12"],"COLOUR":["6"],"OBJNAM":"SMT 2","INFORM":"Seasonal buoy only in period 0401-1001","NINFOM":"Seizoens betonning gedurende periode 0401-1001","SCAMIN":200000,"SORDAT":"20171128","sourceCellId":"1R76W89I","sourceChecksum":"fae62243c04017141e29ee330ba4a8c534821e09139009fce2dcec48b902950e","rawObjectClass":"BOYSPP","sourceStableId":"1F2B41F8F5290126"},"sourceKind":"official","official":true,"sourceCellId":"1R76W89I","sourceStableId":"1F2B41F8F5290126","pipelineFeatureId":"1R76W89I/BOYSPP/18556","provenance":{"cellId":"1R76W89I","checksum":"fae62243c04017141e29ee330ba4a8c534821e09139009fce2dcec48b902950e","readerVersion":"GDAL 3.2.2","processedAt":"2026-08-11T13:43:44.753Z"}}},{"type":"Feature","geometry":{"type":"Point","coordinates":[4.1900667,51.5103217]},"properties":{"dolphinKind":"buoy-special","rawObjectClass":"BOYSPP","sourceProperties":{"RCID":18557,"PRIM":1,"GRUP":2,"OBJL":19,"RVER":1,"AGEN":7979,"FIDN":1106834729,"FIDS":295,"LNAM":"1F2B41F8F5290127","BOYSHP":5,"CATSPM":["12"],"COLOUR":["6"],"OBJNAM":"SMT 3","INFORM":"Seasonal buoy only in period 0401-1001","NINFOM":"Seizoens betonning gedurende periode 0401-1001","SCAMIN":200000,"SORDAT":"20220322","SORIND":"NL,1R,reprt,MD167-22","sourceCellId":"1R76W89I","sourceChecksum":"fae62243c04017141e29ee330ba4a8c534821e09139009fce2dcec48b902950e","rawObjectClass":"BOYSPP","sourceStableId":"1F2B41F8F5290127"},"sourceKind":"official","official":true,"sourceCellId":"1R76W89I","sourceStableId":"1F2B41F8F5290127","pipelineFeatureId":"1R76W89I/BOYSPP/18557","provenance":{"cellId":"1R76W89I","checksum":"fae62243c04017141e29ee330ba4a8c534821e09139009fce2dcec48b902950e","readerVersion":"GDAL 3.2.2","processedAt":"2026-08-11T13:43:44.753Z"}}},{"type":"Feature","geometry":{"type":"Point","coordinates":[4.1839667,51.5119217]},"properties":{"dolphinKind":"buoy-special","rawObjectClass":"BOYSPP","sourceProperties":{"RCID":18558,"PRIM":1,"GRUP":2,"OBJL":19,"RVER":1,"AGEN":7979,"FIDN":1106834729,"FIDS":296,"LNAM":"1F2B41F8F5290128","BOYSHP":5,"CATSPM":["12"],"COLOUR":["6"],"OBJNAM":"SMT 4","INFORM":"Seasonal buoy only in period 0401-1001","NINFOM":"Seizoens betonning gedurende periode 0401-1001","SCAMIN":200000,"SORDAT":"20220322","SORIND":"NL,1R,reprt,MD167-22","sourceCellId":"1R76W89I","sourceChecksum":"fae62243c04017141e29ee330ba4a8c534821e09139009fce2dcec48b902950e","rawObjectClass":"BOYSPP","sourceStableId":"1F2B41F8F5290128"},"sourceKind":"official","official":true,"sourceCellId":"1R76W89I","sourceStableId":"1F2B41F8F5290128","pipelineFeatureId":"1R76W89I/BOYSPP/18558","provenance":{"cellId":"1R76W89I","checksum":"fae62243c04017141e29ee330ba4a8c534821e09139009fce2dcec48b902950e","readerVersion":"GDAL 3.2.2","processedAt":"2026-08-11T13:43:44.753Z"}}},{"type":"Feature","geometry":{"type":"Point","coordinates":[4.1813,51.5125717]},"properties":{"dolphinKind":"buoy-special","rawObjectClass":"BOYSPP","sourceProperties":{"RCID":18559,"PRIM":1,"GRUP":2,"OBJL":19,"RVER":1,"AGEN":7979,"FIDN":1106834729,"FIDS":297,"LNAM":"1F2B41F8F5290129","BOYSHP":5,"CATSPM":["12"],"COLOUR":["6"],"OBJNAM":"SMT 5","INFORM":"Seasonal buoy only in period 0401-1001","NINFOM":"Seizoens betonning gedurende periode 0401-1001","SCAMIN":200000,"SORDAT":"20220322","SORIND":"NL,1R,reprt,MD167-22","sourceCellId":"1R76W89I","sourceChecksum":"fae62243c04017141e29ee330ba4a8c534821e09139009fce2dcec48b902950e","rawObjectClass":"BOYSPP","sourceStableId":"1F2B41F8F5290129"},"sourceKind":"official","official":true,"sourceCellId":"1R76W89I","sourceStableId":"1F2B41F8F5290129","pipelineFeatureId":"1R76W89I/BOYSPP/18559","provenance":{"cellId":"1R76W89I","checksum":"fae62243c04017141e29ee330ba4a8c534821e09139009fce2dcec48b902950e","readerVersion":"GDAL 3.2.2","processedAt":"2026-08-11T13:43:44.753Z"}}},{"type":"Feature","geometry":{"type":"Point","coordinates":[4.1784167,51.513255]},"properties":{"dolphinKind":"buoy-special","rawObjectClass":"BOYSPP","sourceProperties":{"RCID":18560,"PRIM":1,"GRUP":2,"OBJL":19,"RVER":1,"AGEN":7979,"FIDN":1106834729,"FIDS":298,"LNAM":"1F2B41F8F529012A","BOYSHP":5,"CATSPM":["12"],"COLOUR":["6"],"OBJNAM":"SMT 6","INFORM":"Seasonal buoy only in period 0401-1001","NINFOM":"Seizoens betonning gedurende periode 0401-1001","SCAMIN":200000,"SORDAT":"20220322","SORIND":"NL,1R,reprt,MD167-22","sourceCellId":"1R76W89I","sourceChecksum":"fae62243c04017141e29ee330ba4a8c534821e09139009fce2dcec48b902950e","rawObjectClass":"BOYSPP","sourceStableId":"1F2B41F8F529012A"},"sourceKind":"official","official":true,"sourceCellId":"1R76W89I","sourceStableId":"1F2B41F8F529012A","pipelineFeatureId":"1R76W89I/BOYSPP/18560","provenance":{"cellId":"1R76W89I","checksum":"fae62243c04017141e29ee330ba4a8c534821e09139009fce2dcec48b902950e","readerVersion":"GDAL 3.2.2","processedAt":"2026-08-11T13:43:44.753Z"}}},{"type":"Feature","geometry":{"type":"Point","coordinates":[4.1775833,51.512205]},"properties":{"dolphinKind":"buoy-special","rawObjectClass":"BOYSPP","sourceProperties":{"RCID":18561,"PRIM":1,"GRUP":2,"OBJL":19,"RVER":1,"AGEN":7979,"FIDN":1106834729,"FIDS":299,"LNAM":"1F2B41F8F529012B","BOYSHP":5,"CATSPM":["12"],"COLOUR":["6"],"OBJNAM":"SMT 7","INFORM":"Seasonal buoy only in period 0401-1001","NINFOM":"Seizoens betonning gedurende periode 0401-1001","SCAMIN":200000,"SORDAT":"20220322","SORIND":"NL,1R,reprt,MD167-22","sourceCellId":"1R76W89I","sourceChecksum":"fae62243c04017141e29ee330ba4a8c534821e09139009fce2dcec48b902950e","rawObjectClass":"BOYSPP","sourceStableId":"1F2B41F8F529012B"},"sourceKind":"official","official":true,"sourceCellId":"1R76W89I","sourceStableId":"1F2B41F8F529012B","pipelineFeatureId":"1R76W89I/BOYSPP/18561","provenance":{"cellId":"1R76W89I","checksum":"fae62243c04017141e29ee330ba4a8c534821e09139009fce2dcec48b902950e","readerVersion":"GDAL 3.2.2","processedAt":"2026-08-11T13:43:44.753Z"}}},{"type":"Feature","geometry":{"type":"Point","coordinates":[4.1790667,51.5117883]},"properties":{"dolphinKind":"buoy-special","rawObjectClass":"BOYSPP","sourceProperties":{"RCID":18562,"PRIM":1,"GRUP":2,"OBJL":19,"RVER":1,"AGEN":7979,"FIDN":1106834729,"FIDS":300,"LNAM":"1F2B41F8F529012C","BOYSHP":5,"CATSPM":["12"],"COLOUR":["6"],"OBJNAM":"SMT 8","INFORM":"Seasonal buoy only in period 0401-1001","NINFOM":"Seizoens betonning gedurende periode 0401-1001","SCAMIN":200000,"SORDAT":"20220322","SORIND":"NL,1R,reprt,MD167-22","sourceCellId":"1R76W89I","sourceChecksum":"fae62243c04017141e29ee330ba4a8c534821e09139009fce2dcec48b902950e","rawObjectClass":"BOYSPP","sourceStableId":"1F2B41F8F529012C"},"sourceKind":"official","official":true,"sourceCellId":"1R76W89I","sourceStableId":"1F2B41F8F529012C","pipelineFeatureId":"1R76W89I/BOYSPP/18562","provenance":{"cellId":"1R76W89I","checksum":"fae62243c04017141e29ee330ba4a8c534821e09139009fce2dcec48b902950e","readerVersion":"GDAL 3.2.2","processedAt":"2026-08-11T13:43:44.753Z"}}},{"type":"Feature","geometry":{"type":"Point","coordinates":[4.18095,51.5112717]},"properties":{"dolphinKind":"buoy-special","rawObjectClass":"BOYSPP","sourceProperties":{"RCID":18563,"PRIM":1,"GRUP":2,"OBJL":19,"RVER":1,"AGEN":7979,"FIDN":1106834729,"FIDS":301,"LNAM":"1F2B41F8F529012D","BOYSHP":5,"CATSPM":["12"],"COLOUR":["6"],"OBJNAM":"SMT 9","INFORM":"Seasonal buoy only in period 0401-1001","NINFOM":"Seizoens betonning gedurende periode 0401-1001","SCAMIN":200000,"SORDAT":"20220322","SORIND":"NL,1R,reprt,MD167-22","sourceCellId":"1R76W89I","sourceChecksum":"fae62243c04017141e29ee330ba4a8c534821e09139009fce2dcec48b902950e","rawObjectClass":"BOYSPP","sourceStableId":"1F2B41F8F529012D"},"sourceKind":"official","official":true,"sourceCellId":"1R76W89I","sourceStableId":"1F2B41F8F529012D","pipelineFeatureId":"1R76W89I/BOYSPP/18563","provenance":{"cellId":"1R76W89I","checksum":"fae62243c04017141e29ee330ba4a8c534821e09139009fce2dcec48b902950e","readerVersion":"GDAL 3.2.2","processedAt":"2026-08-11T13:43:44.753Z"}}},{"type":"Feature","geometry":{"type":"Point","coordinates":[4.2009112,51.5042384]},"properties":{"dolphinKind":"buoy-special","rawObjectClass":"BOYSPP","sourceProperties":{"RCID":18564,"PRIM":1,"GRUP":2,"OBJL":19,"RVER":1,"AGEN":7979,"FIDN":1106834729,"FIDS":302,"LNAM":"1F2B41F8F529012E","BOYSHP":5,"CATSPM":["12"],"COLOUR":["6"],"OBJNAM":"SMT 12","INFORM":"Seasonal buoy only in period 0401-1001","NINFOM":"Seizoens betonning gedurende periode 0401-1001","SCAMIN":200000,"SORDAT":"20171128","sourceCellId":"1R76W89I","sourceChecksum":"fae62243c04017141e29ee330ba4a8c534821e09139009fce2dcec48b902950e","rawObjectClass":"BOYSPP","sourceStableId":"1F2B41F8F529012E"},"sourceKind":"official","official":true,"sourceCellId":"1R76W89I","sourceStableId":"1F2B41F8F529012E","pipelineFeatureId":"1R76W89I/BOYSPP/18564","provenance":{"cellId":"1R76W89I","checksum":"fae62243c04017141e29ee330ba4a8c534821e09139009fce2dcec48b902950e","readerVersion":"GDAL 3.2.2","processedAt":"2026-08-11T13:43:44.753Z"}}},{"type":"Feature","geometry":{"type":"Point","coordinates":[4.203247,51.5060158]},"properties":{"dolphinKind":"buoy-special","rawObjectClass":"BOYSPP","sourceProperties":{"RCID":18565,"PRIM":1,"GRUP":2,"OBJL":19,"RVER":1,"AGEN":7979,"FIDN":1106834729,"FIDS":303,"LNAM":"1F2B41F8F529012F","BOYSHP":5,"CATSPM":["12"],"COLOUR":["6"],"OBJNAM":"SMT 1","INFORM":"Seasonal buoy only in period 0401-1001","NINFOM":"Seizoens betonning gedurende periode 0401-1001","SCAMIN":200000,"SORDAT":"20220322","SORIND":"NL,1R,reprt,MD167-22","sourceCellId":"1R76W89I","sourceChecksum":"fae62243c04017141e29ee330ba4a8c534821e09139009fce2dcec48b902950e","rawObjectClass":"BOYSPP","sourceStableId":"1F2B41F8F529012F"},"sourceKind":"official","official":true,"sourceCellId":"1R76W89I","sourceStableId":"1F2B41F8F529012F","pipelineFeatureId":"1R76W89I/BOYSPP/18565","provenance":{"cellId":"1R76W89I","checksum":"fae62243c04017141e29ee330ba4a8c534821e09139009fce2dcec48b902950e","readerVersion":"GDAL 3.2.2","processedAt":"2026-08-11T13:43:44.753Z"}}},{"type":"Feature","geometry":{"type":"Point","coordinates":[4.2033278,51.5034141]},"properties":{"dolphinKind":"buoy-special","rawObjectClass":"BOYSPP","sourceProperties":{"RCID":18566,"PRIM":1,"GRUP":2,"OBJL":19,"RVER":1,"AGEN":7979,"FIDN":1106834729,"FIDS":304,"LNAM":"1F2B41F8F5290130","BOYSHP":5,"CATSPM":["12"],"COLOUR":["6"],"OBJNAM":"SMT 13","INFORM":"Seasonal buoy only in period 0401-1001","NINFOM":"Seizoens betonning gedurende periode 0401-1001","SCAMIN":200000,"SORDAT":"20220322","SORIND":"NL,1R,reprt,MD167-22","sourceCellId":"1R76W89I","sourceChecksum":"fae62243c04017141e29ee330ba4a8c534821e09139009fce2dcec48b902950e","rawObjectClass":"BOYSPP","sourceStableId":"1F2B41F8F5290130"},"sourceKind":"official","official":true,"sourceCellId":"1R76W89I","sourceStableId":"1F2B41F8F5290130","pipelineFeatureId":"1R76W89I/BOYSPP/18566","provenance":{"cellId":"1R76W89I","checksum":"fae62243c04017141e29ee330ba4a8c534821e09139009fce2dcec48b902950e","readerVersion":"GDAL 3.2.2","processedAt":"2026-08-11T13:43:44.753Z"}}},{"type":"Feature","geometry":{"type":"Point","coordinates":[4.2032379,51.5013226]},"properties":{"dolphinKind":"buoy-special","rawObjectClass":"BOYSPP","sourceProperties":{"RCID":18567,"PRIM":1,"GRUP":2,"OBJL":19,"RVER":1,"AGEN":7979,"FIDN":1106834729,"FIDS":305,"LNAM":"1F2B41F8F5290131","BOYSHP":5,"CATSPM":["12"],"COLOUR":["6"],"OBJNAM":"SMT 14","INFORM":"Seasonal buoy only in period 0401-1001","NINFOM":"Seizoens betonning gedurende periode 0401-1001","SCAMIN":200000,"SORDAT":"20220322","SORIND":"NL,1R,reprt,MD167-22","sourceCellId":"1R76W89I","sourceChecksum":"fae62243c04017141e29ee330ba4a8c534821e09139009fce2dcec48b902950e","rawObjectClass":"BOYSPP","sourceStableId":"1F2B41F8F5290131"},"sourceKind":"official","official":true,"sourceCellId":"1R76W89I","sourceStableId":"1F2B41F8F5290131","pipelineFeatureId":"1R76W89I/BOYSPP/18567","provenance":{"cellId":"1R76W89I","checksum":"fae62243c04017141e29ee330ba4a8c534821e09139009fce2dcec48b902950e","readerVersion":"GDAL 3.2.2","processedAt":"2026-08-11T13:43:44.753Z"}}},{"type":"Feature","geometry":{"type":"Point","coordinates":[4.201375,51.4987117]},"properties":{"dolphinKind":"buoy-special","rawObjectClass":"BOYSPP","sourceProperties":{"RCID":18639,"PRIM":1,"GRUP":2,"OBJL":19,"RVER":1,"AGEN":7979,"FIDN":1106834729,"FIDS":377,"LNAM":"1F2B41F8F5290179","LNAM_REFS":["1F2B123B75590001"],"FFPT_RIND":[2],"BOYSHP":5,"CATSPM":["50"],"COLOUR":["6"],"OBJNAM":"R-THG 9","INFORM":"Seasonal buoy only in period 0401-1001","NINFOM":"Seizoens betonning gedurende periode 0401-1001","SCAMIN":200000,"SORDAT":"20190501","SORIND":"Nl,1R,Reprt,M19042161","sourceCellId":"1R76W89I","sourceChecksum":"fae62243c04017141e29ee330ba4a8c534821e09139009fce2dcec48b902950e","rawObjectClass":"BOYSPP","sourceStableId":"1F2B41F8F5290179"},"sourceKind":"official","official":true,"sourceCellId":"1R76W89I","sourceStableId":"1F2B41F8F5290179","pipelineFeatureId":"1R76W89I/BOYSPP/18639","provenance":{"cellId":"1R76W89I","checksum":"fae62243c04017141e29ee330ba4a8c534821e09139009fce2dcec48b902950e","readerVersion":"GDAL 3.2.2","processedAt":"2026-08-11T13:43:44.753Z"}}},{"type":"Feature","geometry":{"type":"Point","coordinates":[4.19878,51.4983467]},"properties":{"dolphinKind":"buoy-special","rawObjectClass":"BOYSPP","sourceProperties":{"RCID":18642,"PRIM":1,"GRUP":2,"OBJL":19,"RVER":1,"AGEN":7979,"FIDN":1106834729,"FIDS":380,"LNAM":"1F2B41F8F529017C","LNAM_REFS":["1F2B41F8F529017B"],"FFPT_RIND":[2],"BOYSHP":5,"CATSPM":["50"],"COLOUR":["6"],"OBJNAM":"R-THG 3","INFORM":"Seasonal buoy only in period 0401-1001","NINFOM":"Seizoens betonning gedurende periode 0401-1001","SCAMIN":200000,"SORDAT":"20260311","SORIND":"Nl,1R,Reprt,MD091-26","sourceCellId":"1R76W89I","sourceChecksum":"fae62243c04017141e29ee330ba4a8c534821e09139009fce2dcec48b902950e","rawObjectClass":"BOYSPP","sourceStableId":"1F2B41F8F529017C"},"sourceKind":"official","official":true,"sourceCellId":"1R76W89I","sourceStableId":"1F2B41F8F529017C","pipelineFeatureId":"1R76W89I/BOYSPP/18642","provenance":{"cellId":"1R76W89I","checksum":"fae62243c04017141e29ee330ba4a8c534821e09139009fce2dcec48b902950e","readerVersion":"GDAL 3.2.2","processedAt":"2026-08-11T13:43:44.753Z"}}},{"type":"Feature","geometry":{"type":"Point","coordinates":[4.1985483,51.497745]},"properties":{"dolphinKind":"buoy-special","rawObjectClass":"BOYSPP","sourceProperties":{"RCID":18643,"PRIM":1,"GRUP":2,"OBJL":19,"RVER":1,"AGEN":7979,"FIDN":1106834729,"FIDS":381,"LNAM":"1F2B41F8F529017D","LNAM_REFS":["1F2B123AD0E30001"],"FFPT_RIND":[2],"BOYSHP":5,"CATSPM":["50"],"COLOUR":["6"],"OBJNAM":"R-THG 1","INFORM":"Seasonal buoy only in period 0401-1001","NINFOM":"Seizoens betonning gedurende periode 0401-1001","SCAMIN":200000,"SORDAT":"20260311","SORIND":"Nl,1R,Reprt,MD091-26","sourceCellId":"1R76W89I","sourceChecksum":"fae62243c04017141e29ee330ba4a8c534821e09139009fce2dcec48b902950e","rawObjectClass":"BOYSPP","sourceStableId":"1F2B41F8F529017D"},"sourceKind":"official","official":true,"sourceCellId":"1R76W89I","sourceStableId":"1F2B41F8F529017D","pipelineFeatureId":"1R76W89I/BOYSPP/18643","provenance":{"cellId":"1R76W89I","checksum":"fae62243c04017141e29ee330ba4a8c534821e09139009fce2dcec48b902950e","readerVersion":"GDAL 3.2.2","processedAt":"2026-08-11T13:43:44.753Z"}}},{"type":"Feature","geometry":{"type":"Point","coordinates":[4.2038467,51.4977033]},"properties":{"dolphinKind":"buoy-special","rawObjectClass":"BOYSPP","sourceProperties":{"RCID":18646,"PRIM":1,"GRUP":2,"OBJL":19,"RVER":1,"AGEN":7979,"FIDN":1106834729,"FIDS":384,"LNAM":"1F2B41F8F5290180","LNAM_REFS":["1F2B123B755A0001"],"FFPT_RIND":[2],"BOYSHP":5,"CATSPM":["50"],"COLOUR":["6"],"OBJNAM":"R-THG 11","INFORM":"Seasonal buoy only in period 0401-1001","NINFOM":"Seizoens betonning gedurende periode 0401-1001","SCAMIN":200000,"SORDAT":"20190501","SORIND":"Nl,1R,Reprt,M19042161","sourceCellId":"1R76W89I","sourceChecksum":"fae62243c04017141e29ee330ba4a8c534821e09139009fce2dcec48b902950e","rawObjectClass":"BOYSPP","sourceStableId":"1F2B41F8F5290180"},"sourceKind":"official","official":true,"sourceCellId":"1R76W89I","sourceStableId":"1F2B41F8F5290180","pipelineFeatureId":"1R76W89I/BOYSPP/18646","provenance":{"cellId":"1R76W89I","checksum":"fae62243c04017141e29ee330ba4a8c534821e09139009fce2dcec48b902950e","readerVersion":"GDAL 3.2.2","processedAt":"2026-08-11T13:43:44.753Z"}}},{"type":"Feature","geometry":{"type":"Point","coordinates":[4.2061783,51.4967367]},"properties":{"dolphinKind":"buoy-special","rawObjectClass":"BOYSPP","sourceProperties":{"RCID":18647,"PRIM":1,"GRUP":2,"OBJL":19,"RVER":1,"AGEN":7979,"FIDN":1106834729,"FIDS":385,"LNAM":"1F2B41F8F5290181","LNAM_REFS":["1F2B123B755B0001"],"FFPT_RIND":[2],"BOYSHP":5,"CATSPM":["50"],"COLOUR":["6"],"OBJNAM":"R-THG 13","INFORM":"Seasonal buoy only in period 0401-1001","NINFOM":"Seizoens betonning gedurende periode 0401-1001","SCAMIN":200000,"SORDAT":"20190501","SORIND":"Nl,1R,Reprt,M19042161","sourceCellId":"1R76W89I","sourceChecksum":"fae62243c04017141e29ee330ba4a8c534821e09139009fce2dcec48b902950e","rawObjectClass":"BOYSPP","sourceStableId":"1F2B41F8F5290181"},"sourceKind":"official","official":true,"sourceCellId":"1R76W89I","sourceStableId":"1F2B41F8F5290181","pipelineFeatureId":"1R76W89I/BOYSPP/18647","provenance":{"cellId":"1R76W89I","checksum":"fae62243c04017141e29ee330ba4a8c534821e09139009fce2dcec48b902950e","readerVersion":"GDAL 3.2.2","processedAt":"2026-08-11T13:43:44.753Z"}}},{"type":"Feature","geometry":{"type":"Point","coordinates":[4.2097833,51.496595]},"properties":{"dolphinKind":"buoy-special","rawObjectClass":"BOYSPP","sourceProperties":{"RCID":18650,"PRIM":1,"GRUP":2,"OBJL":19,"RVER":1,"AGEN":7979,"FIDN":1106834729,"FIDS":388,"LNAM":"1F2B41F8F5290184","LNAM_REFS":["1F2B123B8E8E0001"],"FFPT_RIND":[2],"BOYSHP":5,"CATSPM":["50"],"COLOUR":["6"],"OBJNAM":"R-THG 15","INFORM":"Seasonal buoy only in period 0401-1001","NINFOM":"Seizoens betonning gedurende periode 0401-1001","SCAMIN":200000,"SORDAT":"20190501","SORIND":"Nl,1R,Reprt,M19042161","sourceCellId":"1R76W89I","sourceChecksum":"fae62243c04017141e29ee330ba4a8c534821e09139009fce2dcec48b902950e","rawObjectClass":"BOYSPP","sourceStableId":"1F2B41F8F5290184"},"sourceKind":"official","official":true,"sourceCellId":"1R76W89I","sourceStableId":"1F2B41F8F5290184","pipelineFeatureId":"1R76W89I/BOYSPP/18650","provenance":{"cellId":"1R76W89I","checksum":"fae62243c04017141e29ee330ba4a8c534821e09139009fce2dcec48b902950e","readerVersion":"GDAL 3.2.2","processedAt":"2026-08-11T13:43:44.753Z"}}},{"type":"Feature","geometry":{"type":"Point","coordinates":[4.212755,51.4961283]},"properties":{"dolphinKind":"buoy-special","rawObjectClass":"BOYSPP","sourceProperties":{"RCID":18651,"PRIM":1,"GRUP":2,"OBJL":19,"RVER":1,"AGEN":7979,"FIDN":1106834729,"FIDS":389,"LNAM":"1F2B41F8F5290185","LNAM_REFS":["1F2B123BC34B0001"],"FFPT_RIND":[2],"BOYSHP":5,"CATSPM":["50"],"COLOUR":["6"],"OBJNAM":"R-THG 17","INFORM":"Seasonal buoy only in period 0401-1001","NINFOM":"Seizoens betonning gedurende periode 0401-1001","SCAMIN":200000,"SORDAT":"20190501","SORIND":"Nl,1R,Reprt,M19042161","sourceCellId":"1R76W89I","sourceChecksum":"fae62243c04017141e29ee330ba4a8c534821e09139009fce2dcec48b902950e","rawObjectClass":"BOYSPP","sourceStableId":"1F2B41F8F5290185"},"sourceKind":"official","official":true,"sourceCellId":"1R76W89I","sourceStableId":"1F2B41F8F5290185","pipelineFeatureId":"1R76W89I/BOYSPP/18651","provenance":{"cellId":"1R76W89I","checksum":"fae62243c04017141e29ee330ba4a8c534821e09139009fce2dcec48b902950e","readerVersion":"GDAL 3.2.2","processedAt":"2026-08-11T13:43:44.753Z"}}},{"type":"Feature","geometry":{"type":"Point","coordinates":[4.2157833,51.4956633]},"properties":{"dolphinKind":"buoy-special","rawObjectClass":"BOYSPP","sourceProperties":{"RCID":18653,"PRIM":1,"GRUP":2,"OBJL":19,"RVER":1,"AGEN":7979,"FIDN":1106834729,"FIDS":391,"LNAM":"1F2B41F8F5290187","LNAM_REFS":["1F2B123BC8C40001"],"FFPT_RIND":[2],"BOYSHP":5,"CATSPM":["50"],"COLOUR":["6"],"OBJNAM":"R-THG 19","INFORM":"Seasonal buoy only in period 0401-1001","NINFOM":"Seizoens betonning gedurende periode 0401-1001","SCAMIN":200000,"SORDAT":"20190501","SORIND":"Nl,1R,Reprt,M19042161","sourceCellId":"1R76W89I","sourceChecksum":"fae62243c04017141e29ee330ba4a8c534821e09139009fce2dcec48b902950e","rawObjectClass":"BOYSPP","sourceStableId":"1F2B41F8F5290187"},"sourceKind":"official","official":true,"sourceCellId":"1R76W89I","sourceStableId":"1F2B41F8F5290187","pipelineFeatureId":"1R76W89I/BOYSPP/18653","provenance":{"cellId":"1R76W89I","checksum":"fae62243c04017141e29ee330ba4a8c534821e09139009fce2dcec48b902950e","readerVersion":"GDAL 3.2.2","processedAt":"2026-08-11T13:43:44.753Z"}}},{"type":"Feature","geometry":{"type":"Point","coordinates":[4.2188967,51.4949783]},"properties":{"dolphinKind":"buoy-special","rawObjectClass":"BOYSPP","sourceProperties":{"RCID":18656,"PRIM":1,"GRUP":2,"OBJL":19,"RVER":1,"AGEN":7979,"FIDN":1106834729,"FIDS":394,"LNAM":"1F2B41F8F529018A","LNAM_REFS":["1F2B123C113B0001"],"FFPT_RIND":[2],"BOYSHP":5,"CATSPM":["50"],"COLOUR":["6"],"OBJNAM":"R-THG 21","INFORM":"Seasonal buoy only in period 0401-1001","NINFOM":"Seizoens betonning gedurende periode 0401-1001","SCAMIN":200000,"SORDAT":"20190501","SORIND":"Nl,1R,Reprt,M19042161","sourceCellId":"1R76W89I","sourceChecksum":"fae62243c04017141e29ee330ba4a8c534821e09139009fce2dcec48b902950e","rawObjectClass":"BOYSPP","sourceStableId":"1F2B41F8F529018A"},"sourceKind":"official","official":true,"sourceCellId":"1R76W89I","sourceStableId":"1F2B41F8F529018A","pipelineFeatureId":"1R76W89I/BOYSPP/18656","provenance":{"cellId":"1R76W89I","checksum":"fae62243c04017141e29ee330ba4a8c534821e09139009fce2dcec48b902950e","readerVersion":"GDAL 3.2.2","processedAt":"2026-08-11T13:43:44.753Z"}}},{"type":"Feature","geometry":{"type":"Point","coordinates":[4.2194,51.52465]},"properties":{"dolphinKind":"buoy-special","rawObjectClass":"BOYSPP","sourceProperties":{"RCID":12086357,"PRIM":1,"GRUP":2,"OBJL":19,"RVER":1,"AGEN":7979,"FIDN":12086357,"FIDS":1,"LNAM":"1F2B00B86C550001","BOYSHP":5,"CATSPM":["27"],"COLOUR":["6"],"OBJNAM":"NH C","SCAMIN":200000,"SORDAT":"20230920","SORIND":"NL,1R,reprt,MD440-23","sourceCellId":"1R76W89I","sourceChecksum":"fae62243c04017141e29ee330ba4a8c534821e09139009fce2dcec48b902950e","rawObjectClass":"BOYSPP","sourceStableId":"1F2B00B86C550001"},"sourceKind":"official","official":true,"sourceCellId":"1R76W89I","sourceStableId":"1F2B00B86C550001","pipelineFeatureId":"1R76W89I/BOYSPP/12086357","provenance":{"cellId":"1R76W89I","checksum":"fae62243c04017141e29ee330ba4a8c534821e09139009fce2dcec48b902950e","readerVersion":"GDAL 3.2.2","processedAt":"2026-08-11T13:43:44.753Z"}}},{"type":"Feature","geometry":{"type":"Point","coordinates":[4.21915,51.5236833]},"properties":{"dolphinKind":"buoy-special","rawObjectClass":"BOYSPP","sourceProperties":{"RCID":12086358,"PRIM":1,"GRUP":2,"OBJL":19,"RVER":1,"AGEN":7979,"FIDN":12086358,"FIDS":1,"LNAM":"1F2B00B86C560001","BOYSHP":5,"CATSPM":["27"],"COLOUR":["6"],"OBJNAM":"NH B","SCAMIN":200000,"SORDAT":"20230920","SORIND":"NL,1R,reprt,MD440-23","sourceCellId":"1R76W89I","sourceChecksum":"fae62243c04017141e29ee330ba4a8c534821e09139009fce2dcec48b902950e","rawObjectClass":"BOYSPP","sourceStableId":"1F2B00B86C560001"},"sourceKind":"official","official":true,"sourceCellId":"1R76W89I","sourceStableId":"1F2B00B86C560001","pipelineFeatureId":"1R76W89I/BOYSPP/12086358","provenance":{"cellId":"1R76W89I","checksum":"fae62243c04017141e29ee330ba4a8c534821e09139009fce2dcec48b902950e","readerVersion":"GDAL 3.2.2","processedAt":"2026-08-11T13:43:44.753Z"}}},{"type":"Feature","geometry":{"type":"Point","coordinates":[4.2199,51.52295]},"properties":{"dolphinKind":"buoy-special","rawObjectClass":"BOYSPP","sourceProperties":{"RCID":12086359,"PRIM":1,"GRUP":2,"OBJL":19,"RVER":1,"AGEN":7979,"FIDN":12086359,"FIDS":1,"LNAM":"1F2B00B86C570001","BOYSHP":5,"CATSPM":["27"],"COLOUR":["6"],"OBJNAM":"NH A","SCAMIN":200000,"SORDAT":"20230920","SORIND":"NL,1R,reprt,MD440-23","sourceCellId":"1R76W89I","sourceChecksum":"fae62243c04017141e29ee330ba4a8c534821e09139009fce2dcec48b902950e","rawObjectClass":"BOYSPP","sourceStableId":"1F2B00B86C570001"},"sourceKind":"official","official":true,"sourceCellId":"1R76W89I","sourceStableId":"1F2B00B86C570001","pipelineFeatureId":"1R76W89I/BOYSPP/12086359","provenance":{"cellId":"1R76W89I","checksum":"fae62243c04017141e29ee330ba4a8c534821e09139009fce2dcec48b902950e","readerVersion":"GDAL 3.2.2","processedAt":"2026-08-11T13:43:44.753Z"}}},{"type":"Feature","geometry":{"type":"Point","coordinates":[4.1589017,51.5210383]},"properties":{"dolphinKind":"buoy-special","rawObjectClass":"BOYSPP","sourceProperties":{"RCID":86286950,"PRIM":1,"GRUP":2,"OBJL":19,"RVER":1,"AGEN":7979,"FIDN":86286950,"FIDS":1,"LNAM":"1F2B0524A2660001","LNAM_REFS":["1F2B0524A2650001"],"FFPT_RIND":[2],"BOYSHP":2,"CATSPM":["50"],"COLOUR":["6"],"OBJNAM":"TG-A","INFORM":"Mussel seed installation","NINFOM":"Mosselzaadinvanginstallatie","SCAMIN":200000,"SORDAT":"20120228","SORIND":"NL,1R,reprt,NavBer 2012/MZ39","sourceCellId":"1R76W89I","sourceChecksum":"fae62243c04017141e29ee330ba4a8c534821e09139009fce2dcec48b902950e","rawObjectClass":"BOYSPP","sourceStableId":"1F2B0524A2660001"},"sourceKind":"official","official":true,"sourceCellId":"1R76W89I","sourceStableId":"1F2B0524A2660001","pipelineFeatureId":"1R76W89I/BOYSPP/86286950","provenance":{"cellId":"1R76W89I","checksum":"fae62243c04017141e29ee330ba4a8c534821e09139009fce2dcec48b902950e","readerVersion":"GDAL 3.2.2","processedAt":"2026-08-11T13:43:44.753Z"}}},{"type":"Feature","geometry":{"type":"Point","coordinates":[4.1691,51.5149167]},"properties":{"dolphinKind":"buoy-special","rawObjectClass":"BOYSPP","sourceProperties":{"RCID":86286952,"PRIM":1,"GRUP":2,"OBJL":19,"RVER":1,"AGEN":7979,"FIDN":86286952,"FIDS":1,"LNAM":"1F2B0524A2680001","LNAM_REFS":["1F2B0524A2670001"],"FFPT_RIND":[2],"BOYSHP":2,"CATSPM":["50"],"COLOUR":["6"],"OBJNAM":"TG-C","INFORM":"Mussel seed installation","NINFOM":"Mosselzaadinvanginstallatie","SCAMIN":200000,"SORDAT":"20120228","SORIND":"NL,1R,reprt,NavBer 2012/MZ39","sourceCellId":"1R76W89I","sourceChecksum":"fae62243c04017141e29ee330ba4a8c534821e09139009fce2dcec48b902950e","rawObjectClass":"BOYSPP","sourceStableId":"1F2B0524A2680001"},"sourceKind":"official","official":true,"sourceCellId":"1R76W89I","sourceStableId":"1F2B0524A2680001","pipelineFeatureId":"1R76W89I/BOYSPP/86286952","provenance":{"cellId":"1R76W89I","checksum":"fae62243c04017141e29ee330ba4a8c534821e09139009fce2dcec48b902950e","readerVersion":"GDAL 3.2.2","processedAt":"2026-08-11T13:43:44.753Z"}}},{"type":"Feature","geometry":{"type":"Point","coordinates":[4.162,51.5166]},"properties":{"dolphinKind":"buoy-special","rawObjectClass":"BOYSPP","sourceProperties":{"RCID":86286956,"PRIM":1,"GRUP":2,"OBJL":19,"RVER":1,"AGEN":7979,"FIDN":86286956,"FIDS":1,"LNAM":"1F2B0524A26C0001","LNAM_REFS":["1F2B0524A26B0001"],"FFPT_RIND":[2],"BOYSHP":2,"CATSPM":["50"],"COLOUR":["6"],"OBJNAM":"TG-B","INFORM":"Mussel seed installation","NINFOM":"Mosselzaadinvanginstallatie","SCAMIN":200000,"SORDAT":"20120228","SORIND":"NL,1R,reprt,NavBer 2012/MZ39","sourceCellId":"1R76W89I","sourceChecksum":"fae62243c04017141e29ee330ba4a8c534821e09139009fce2dcec48b902950e","rawObjectClass":"BOYSPP","sourceStableId":"1F2B0524A26C0001"},"sourceKind":"official","official":true,"sourceCellId":"1R76W89I","sourceStableId":"1F2B0524A26C0001","pipelineFeatureId":"1R76W89I/BOYSPP/86286956","provenance":{"cellId":"1R76W89I","checksum":"fae62243c04017141e29ee330ba4a8c534821e09139009fce2dcec48b902950e","readerVersion":"GDAL 3.2.2","processedAt":"2026-08-11T13:43:44.753Z"}}},{"type":"Feature","geometry":{"type":"Point","coordinates":[4.1551833,51.5221833]},"properties":{"dolphinKind":"buoy-special","rawObjectClass":"BOYSPP","sourceProperties":{"RCID":219438661,"PRIM":1,"GRUP":2,"OBJL":19,"RVER":1,"AGEN":7979,"FIDN":219438661,"FIDS":1,"LNAM":"1F2B0D145E450001","BOYSHP":5,"CATSPM":["12"],"COLOUR":["6"],"OBJNAM":"ST A","INFORM":"Kitesurfing area","NINFOM":"Kitesurfgebieden","SCAMIN":200000,"SORDAT":"20170517","SORIND":"NL,1R,reprt,MD 195-17","sourceCellId":"1R76W89I","sourceChecksum":"fae62243c04017141e29ee330ba4a8c534821e09139009fce2dcec48b902950e","rawObjectClass":"BOYSPP","sourceStableId":"1F2B0D145E450001"},"sourceKind":"official","official":true,"sourceCellId":"1R76W89I","sourceStableId":"1F2B0D145E450001","pipelineFeatureId":"1R76W89I/BOYSPP/219438661","provenance":{"cellId":"1R76W89I","checksum":"fae62243c04017141e29ee330ba4a8c534821e09139009fce2dcec48b902950e","readerVersion":"GDAL 3.2.2","processedAt":"2026-08-11T13:43:44.753Z"}}},{"type":"Feature","geometry":{"type":"Point","coordinates":[4.1618867,51.5217167]},"properties":{"dolphinKind":"buoy-special","rawObjectClass":"BOYSPP","sourceProperties":{"RCID":219438662,"PRIM":1,"GRUP":2,"OBJL":19,"RVER":1,"AGEN":7979,"FIDN":219438662,"FIDS":1,"LNAM":"1F2B0D145E460001","BOYSHP":5,"CATSPM":["12"],"COLOUR":["6"],"OBJNAM":"ST B","INFORM":"Kitesurfing area","NINFOM":"Kitesurfgebieden","SCAMIN":200000,"SORDAT":"20170517","SORIND":"NL,1R,reprt,MD 195-17","sourceCellId":"1R76W89I","sourceChecksum":"fae62243c04017141e29ee330ba4a8c534821e09139009fce2dcec48b902950e","rawObjectClass":"BOYSPP","sourceStableId":"1F2B0D145E460001"},"sourceKind":"official","official":true,"sourceCellId":"1R76W89I","sourceStableId":"1F2B0D145E460001","pipelineFeatureId":"1R76W89I/BOYSPP/219438662","provenance":{"cellId":"1R76W89I","checksum":"fae62243c04017141e29ee330ba4a8c534821e09139009fce2dcec48b902950e","readerVersion":"GDAL 3.2.2","processedAt":"2026-08-11T13:43:44.753Z"}}},{"type":"Feature","geometry":{"type":"Point","coordinates":[4.2302335,51.4960336]},"properties":{"dolphinKind":"buoy-special","rawObjectClass":"BOYSPP","sourceProperties":{"RCID":256713751,"PRIM":1,"GRUP":2,"OBJL":19,"RVER":1,"AGEN":7979,"FIDN":256713751,"FIDS":1,"LNAM":"1F2B0F4D24170001","BOYSHP":2,"CATSPM":["27"],"COLOUR":["6"],"CONRAD":3,"INFORM":"Ballenlijn","SCAMIN":200000,"SORDAT":"20180415","SORIND":"NL,1R,reprt,Email","sourceCellId":"1R76W89I","sourceChecksum":"fae62243c04017141e29ee330ba4a8c534821e09139009fce2dcec48b902950e","rawObjectClass":"BOYSPP","sourceStableId":"1F2B0F4D24170001"},"sourceKind":"official","official":true,"sourceCellId":"1R76W89I","sourceStableId":"1F2B0F4D24170001","pipelineFeatureId":"1R76W89I/BOYSPP/256713751","provenance":{"cellId":"1R76W89I","checksum":"fae62243c04017141e29ee330ba4a8c534821e09139009fce2dcec48b902950e","readerVersion":"GDAL 3.2.2","processedAt":"2026-08-11T13:43:44.753Z"}}},{"type":"Feature","geometry":{"type":"Point","coordinates":[4.2298695,51.4960331]},"properties":{"dolphinKind":"buoy-special","rawObjectClass":"BOYSPP","sourceProperties":{"RCID":256713752,"PRIM":1,"GRUP":2,"OBJL":19,"RVER":1,"AGEN":7979,"FIDN":256713752,"FIDS":1,"LNAM":"1F2B0F4D24180001","BOYSHP":2,"CATSPM":["27"],"COLOUR":["6"],"CONRAD":3,"INFORM":"Ballenlijn","SCAMIN":200000,"SORDAT":"20180415","SORIND":"NL,1R,reprt,Email","sourceCellId":"1R76W89I","sourceChecksum":"fae62243c04017141e29ee330ba4a8c534821e09139009fce2dcec48b902950e","rawObjectClass":"BOYSPP","sourceStableId":"1F2B0F4D24180001"},"sourceKind":"official","official":true,"sourceCellId":"1R76W89I","sourceStableId":"1F2B0F4D24180001","pipelineFeatureId":"1R76W89I/BOYSPP/256713752","provenance":{"cellId":"1R76W89I","checksum":"fae62243c04017141e29ee330ba4a8c534821e09139009fce2dcec48b902950e","readerVersion":"GDAL 3.2.2","processedAt":"2026-08-11T13:43:44.753Z"}}},{"type":"Feature","geometry":{"type":"Point","coordinates":[4.2295575,51.4960327]},"properties":{"dolphinKind":"buoy-special","rawObjectClass":"BOYSPP","sourceProperties":{"RCID":256713753,"PRIM":1,"GRUP":2,"OBJL":19,"RVER":1,"AGEN":7979,"FIDN":256713753,"FIDS":1,"LNAM":"1F2B0F4D24190001","BOYSHP":2,"CATSPM":["27"],"COLOUR":["6"],"CONRAD":3,"INFORM":"Ballenlijn","SCAMIN":200000,"SORDAT":"20180415","SORIND":"NL,1R,reprt,Email","sourceCellId":"1R76W89I","sourceChecksum":"fae62243c04017141e29ee330ba4a8c534821e09139009fce2dcec48b902950e","rawObjectClass":"BOYSPP","sourceStableId":"1F2B0F4D24190001"},"sourceKind":"official","official":true,"sourceCellId":"1R76W89I","sourceStableId":"1F2B0F4D24190001","pipelineFeatureId":"1R76W89I/BOYSPP/256713753","provenance":{"cellId":"1R76W89I","checksum":"fae62243c04017141e29ee330ba4a8c534821e09139009fce2dcec48b902950e","readerVersion":"GDAL 3.2.2","processedAt":"2026-08-11T13:43:44.753Z"}}},{"type":"Feature","geometry":{"type":"Point","coordinates":[4.2292295,51.4960322]},"properties":{"dolphinKind":"buoy-special","rawObjectClass":"BOYSPP","sourceProperties":{"RCID":256713754,"PRIM":1,"GRUP":2,"OBJL":19,"RVER":1,"AGEN":7979,"FIDN":256713754,"FIDS":1,"LNAM":"1F2B0F4D241A0001","BOYSHP":2,"CATSPM":["27"],"COLOUR":["6"],"CONRAD":3,"INFORM":"Ballenlijn","SCAMIN":200000,"SORDAT":"20180415","SORIND":"NL,1R,reprt,Email","sourceCellId":"1R76W89I","sourceChecksum":"fae62243c04017141e29ee330ba4a8c534821e09139009fce2dcec48b902950e","rawObjectClass":"BOYSPP","sourceStableId":"1F2B0F4D241A0001"},"sourceKind":"official","official":true,"sourceCellId":"1R76W89I","sourceStableId":"1F2B0F4D241A0001","pipelineFeatureId":"1R76W89I/BOYSPP/256713754","provenance":{"cellId":"1R76W89I","checksum":"fae62243c04017141e29ee330ba4a8c534821e09139009fce2dcec48b902950e","readerVersion":"GDAL 3.2.2","processedAt":"2026-08-11T13:43:44.753Z"}}},{"type":"Feature","geometry":{"type":"Point","coordinates":[4.2289335,51.4960318]},"properties":{"dolphinKind":"buoy-special","rawObjectClass":"BOYSPP","sourceProperties":{"RCID":256713755,"PRIM":1,"GRUP":2,"OBJL":19,"RVER":1,"AGEN":7979,"FIDN":256713755,"FIDS":1,"LNAM":"1F2B0F4D241B0001","BOYSHP":2,"CATSPM":["27"],"COLOUR":["6"],"CONRAD":3,"INFORM":"Ballenlijn","SCAMIN":200000,"SORDAT":"20180415","SORIND":"NL,1R,reprt,Email","sourceCellId":"1R76W89I","sourceChecksum":"fae62243c04017141e29ee330ba4a8c534821e09139009fce2dcec48b902950e","rawObjectClass":"BOYSPP","sourceStableId":"1F2B0F4D241B0001"},"sourceKind":"official","official":true,"sourceCellId":"1R76W89I","sourceStableId":"1F2B0F4D241B0001","pipelineFeatureId":"1R76W89I/BOYSPP/256713755","provenance":{"cellId":"1R76W89I","checksum":"fae62243c04017141e29ee330ba4a8c534821e09139009fce2dcec48b902950e","readerVersion":"GDAL 3.2.2","processedAt":"2026-08-11T13:43:44.753Z"}}},{"type":"Feature","geometry":{"type":"Point","coordinates":[4.2286575,51.4960314]},"properties":{"dolphinKind":"buoy-special","rawObjectClass":"BOYSPP","sourceProperties":{"RCID":256713756,"PRIM":1,"GRUP":2,"OBJL":19,"RVER":1,"AGEN":7979,"FIDN":256713756,"FIDS":1,"LNAM":"1F2B0F4D241C0001","BOYSHP":2,"CATSPM":["27"],"COLOUR":["6"],"CONRAD":3,"INFORM":"Ballenlijn","SCAMIN":200000,"SORDAT":"20180415","SORIND":"NL,1R,reprt,Email","sourceCellId":"1R76W89I","sourceChecksum":"fae62243c04017141e29ee330ba4a8c534821e09139009fce2dcec48b902950e","rawObjectClass":"BOYSPP","sourceStableId":"1F2B0F4D241C0001"},"sourceKind":"official","official":true,"sourceCellId":"1R76W89I","sourceStableId":"1F2B0F4D241C0001","pipelineFeatureId":"1R76W89I/BOYSPP/256713756","provenance":{"cellId":"1R76W89I","checksum":"fae62243c04017141e29ee330ba4a8c534821e09139009fce2dcec48b902950e","readerVersion":"GDAL 3.2.2","processedAt":"2026-08-11T13:43:44.753Z"}}},{"type":"Feature","geometry":{"type":"Point","coordinates":[4.2283576,51.496031]},"properties":{"dolphinKind":"buoy-special","rawObjectClass":"BOYSPP","sourceProperties":{"RCID":256713757,"PRIM":1,"GRUP":2,"OBJL":19,"RVER":1,"AGEN":7979,"FIDN":256713757,"FIDS":1,"LNAM":"1F2B0F4D241D0001","BOYSHP":2,"CATSPM":["27"],"COLOUR":["6"],"CONRAD":3,"INFORM":"Ballenlijn","SCAMIN":200000,"SORDAT":"20180415","SORIND":"NL,1R,reprt,Email","sourceCellId":"1R76W89I","sourceChecksum":"fae62243c04017141e29ee330ba4a8c534821e09139009fce2dcec48b902950e","rawObjectClass":"BOYSPP","sourceStableId":"1F2B0F4D241D0001"},"sourceKind":"official","official":true,"sourceCellId":"1R76W89I","sourceStableId":"1F2B0F4D241D0001","pipelineFeatureId":"1R76W89I/BOYSPP/256713757","provenance":{"cellId":"1R76W89I","checksum":"fae62243c04017141e29ee330ba4a8c534821e09139009fce2dcec48b902950e","readerVersion":"GDAL 3.2.2","processedAt":"2026-08-11T13:43:44.753Z"}}},{"type":"Feature","geometry":{"type":"Point","coordinates":[4.1971111,51.5003077]},"properties":{"dolphinKind":"buoy-special","rawObjectClass":"BOYSPP","sourceProperties":{"RCID":305796096,"PRIM":1,"GRUP":2,"OBJL":19,"RVER":1,"AGEN":7979,"FIDN":305796096,"FIDS":1,"LNAM":"1F2B123A14000001","BOYSHP":5,"CATSPM":["12"],"COLOUR":["6"],"OBJNAM":"SMT 20","INFORM":"Seasonal buoy only in period 0401-1001","NINFOM":"Seizoens betonning gedurende periode 0401-1001","SCAMIN":200000,"SORDAT":"20190105","SORIND":"NL,1R,reprt,M19042161","sourceCellId":"1R76W89I","sourceChecksum":"fae62243c04017141e29ee330ba4a8c534821e09139009fce2dcec48b902950e","rawObjectClass":"BOYSPP","sourceStableId":"1F2B123A14000001"},"sourceKind":"official","official":true,"sourceCellId":"1R76W89I","sourceStableId":"1F2B123A14000001","pipelineFeatureId":"1R76W89I/BOYSPP/305796096","provenance":{"cellId":"1R76W89I","checksum":"fae62243c04017141e29ee330ba4a8c534821e09139009fce2dcec48b902950e","readerVersion":"GDAL 3.2.2","processedAt":"2026-08-11T13:43:44.753Z"}}},{"type":"Feature","geometry":{"type":"Point","coordinates":[4.1957636,51.5016367]},"properties":{"dolphinKind":"buoy-special","rawObjectClass":"BOYSPP","sourceProperties":{"RCID":305805097,"PRIM":1,"GRUP":2,"OBJL":19,"RVER":1,"AGEN":7979,"FIDN":305805097,"FIDS":1,"LNAM":"1F2B123A37290001","BOYSHP":5,"CATSPM":["12"],"COLOUR":["6"],"OBJNAM":"SMT 21","INFORM":"Seasonal buoy only in period 0401-1001","NINFOM":"Seizoens betonning gedurende periode 0401-1001","SCAMIN":200000,"SORDAT":"20190105","SORIND":"NL,1R,reprt,M19042161","sourceCellId":"1R76W89I","sourceChecksum":"fae62243c04017141e29ee330ba4a8c534821e09139009fce2dcec48b902950e","rawObjectClass":"BOYSPP","sourceStableId":"1F2B123A37290001"},"sourceKind":"official","official":true,"sourceCellId":"1R76W89I","sourceStableId":"1F2B123A37290001","pipelineFeatureId":"1R76W89I/BOYSPP/305805097","provenance":{"cellId":"1R76W89I","checksum":"fae62243c04017141e29ee330ba4a8c534821e09139009fce2dcec48b902950e","readerVersion":"GDAL 3.2.2","processedAt":"2026-08-11T13:43:44.753Z"}}},{"type":"Feature","geometry":{"type":"Point","coordinates":[4.1948203,51.50333]},"properties":{"dolphinKind":"buoy-special","rawObjectClass":"BOYSPP","sourceProperties":{"RCID":305805148,"PRIM":1,"GRUP":2,"OBJL":19,"RVER":1,"AGEN":7979,"FIDN":305805148,"FIDS":1,"LNAM":"1F2B123A375C0001","BOYSHP":5,"CATSPM":["12"],"COLOUR":["6"],"OBJNAM":"SMT 22","INFORM":"Seasonal buoy only in period 0401-1001","NINFOM":"Seizoens betonning gedurende periode 0401-1001","SCAMIN":200000,"SORDAT":"20190105","SORIND":"NL,1R,reprt,M19042161","sourceCellId":"1R76W89I","sourceChecksum":"fae62243c04017141e29ee330ba4a8c534821e09139009fce2dcec48b902950e","rawObjectClass":"BOYSPP","sourceStableId":"1F2B123A375C0001"},"sourceKind":"official","official":true,"sourceCellId":"1R76W89I","sourceStableId":"1F2B123A375C0001","pipelineFeatureId":"1R76W89I/BOYSPP/305805148","provenance":{"cellId":"1R76W89I","checksum":"fae62243c04017141e29ee330ba4a8c534821e09139009fce2dcec48b902950e","readerVersion":"GDAL 3.2.2","processedAt":"2026-08-11T13:43:44.753Z"}}},{"type":"Feature","geometry":{"type":"Point","coordinates":[4.1935625,51.5048552]},"properties":{"dolphinKind":"buoy-special","rawObjectClass":"BOYSPP","sourceProperties":{"RCID":305805149,"PRIM":1,"GRUP":2,"OBJL":19,"RVER":1,"AGEN":7979,"FIDN":305805149,"FIDS":1,"LNAM":"1F2B123A375D0001","BOYSHP":5,"CATSPM":["12"],"COLOUR":["6"],"OBJNAM":"SMT 23","INFORM":"Seasonal buoy only in period 0401-1001","NINFOM":"Seizoens betonning gedurende periode 0401-1001","SCAMIN":200000,"SORDAT":"20190105","SORIND":"NL,1R,reprt,M19042161","sourceCellId":"1R76W89I","sourceChecksum":"fae62243c04017141e29ee330ba4a8c534821e09139009fce2dcec48b902950e","rawObjectClass":"BOYSPP","sourceStableId":"1F2B123A375D0001"},"sourceKind":"official","official":true,"sourceCellId":"1R76W89I","sourceStableId":"1F2B123A375D0001","pipelineFeatureId":"1R76W89I/BOYSPP/305805149","provenance":{"cellId":"1R76W89I","checksum":"fae62243c04017141e29ee330ba4a8c534821e09139009fce2dcec48b902950e","readerVersion":"GDAL 3.2.2","processedAt":"2026-08-11T13:43:44.753Z"}}},{"type":"Feature","geometry":{"type":"Point","coordinates":[4.1926462,51.5065541]},"properties":{"dolphinKind":"buoy-special","rawObjectClass":"BOYSPP","sourceProperties":{"RCID":305805150,"PRIM":1,"GRUP":2,"OBJL":19,"RVER":1,"AGEN":7979,"FIDN":305805150,"FIDS":1,"LNAM":"1F2B123A375E0001","BOYSHP":5,"CATSPM":["12"],"COLOUR":["6"],"OBJNAM":"SMT 10","INFORM":"Seasonal buoy only in period 0401-1001","NINFOM":"Seizoens betonning gedurende periode 0401-1001","SCAMIN":200000,"SORDAT":"20220322","SORIND":"NL,1R,reprt,MD167-22","sourceCellId":"1R76W89I","sourceChecksum":"fae62243c04017141e29ee330ba4a8c534821e09139009fce2dcec48b902950e","rawObjectClass":"BOYSPP","sourceStableId":"1F2B123A375E0001"},"sourceKind":"official","official":true,"sourceCellId":"1R76W89I","sourceStableId":"1F2B123A375E0001","pipelineFeatureId":"1R76W89I/BOYSPP/305805150","provenance":{"cellId":"1R76W89I","checksum":"fae62243c04017141e29ee330ba4a8c534821e09139009fce2dcec48b902950e","readerVersion":"GDAL 3.2.2","processedAt":"2026-08-11T13:43:44.753Z"}}},{"type":"Feature","geometry":{"type":"Point","coordinates":[4.199255,51.499745]},"properties":{"dolphinKind":"buoy-special","rawObjectClass":"BOYSPP","sourceProperties":{"RCID":306242044,"PRIM":1,"GRUP":2,"OBJL":19,"RVER":1,"AGEN":7979,"FIDN":306242044,"FIDS":1,"LNAM":"1F2B1240E1FC0001","LNAM_REFS":["1F2B1240E1FB0001"],"FFPT_RIND":[2],"BOYSHP":5,"CATSPM":["50"],"COLOUR":["6"],"OBJNAM":"R-THG 7","INFORM":"Seasonal buoy only in period 0401-1001","NINFOM":"Seizoens betonning gedurende periode 0401-1001","SCAMIN":200000,"SORDAT":"20190501","SORIND":"Nl,1R,Reprt,M19042161","sourceCellId":"1R76W89I","sourceChecksum":"fae62243c04017141e29ee330ba4a8c534821e09139009fce2dcec48b902950e","rawObjectClass":"BOYSPP","sourceStableId":"1F2B1240E1FC0001"},"sourceKind":"official","official":true,"sourceCellId":"1R76W89I","sourceStableId":"1F2B1240E1FC0001","pipelineFeatureId":"1R76W89I/BOYSPP/306242044","provenance":{"cellId":"1R76W89I","checksum":"fae62243c04017141e29ee330ba4a8c534821e09139009fce2dcec48b902950e","readerVersion":"GDAL 3.2.2","processedAt":"2026-08-11T13:43:44.753Z"}}},{"type":"Feature","geometry":{"type":"Point","coordinates":[4.1989783,51.4989117]},"properties":{"dolphinKind":"buoy-special","rawObjectClass":"BOYSPP","sourceProperties":{"RCID":335578690,"PRIM":1,"GRUP":2,"OBJL":19,"RVER":1,"AGEN":7979,"FIDN":335578690,"FIDS":1,"LNAM":"1F2B140086420001","LNAM_REFS":["1F2B140086410001"],"FFPT_RIND":[2],"BOYSHP":5,"CATSPM":["50"],"COLOUR":["6"],"OBJNAM":"R-THG 5","INFORM":"Seasonal buoy only in period 0401-1001","NINFOM":"Seizoens betonning gedurende periode 0401-1001","SCAMIN":200000,"SORDAT":"20190501","SORIND":"Nl,1R,Reprt,M19042161","sourceCellId":"1R76W89I","sourceChecksum":"fae62243c04017141e29ee330ba4a8c534821e09139009fce2dcec48b902950e","rawObjectClass":"BOYSPP","sourceStableId":"1F2B140086420001"},"sourceKind":"official","official":true,"sourceCellId":"1R76W89I","sourceStableId":"1F2B140086420001","pipelineFeatureId":"1R76W89I/BOYSPP/335578690","provenance":{"cellId":"1R76W89I","checksum":"fae62243c04017141e29ee330ba4a8c534821e09139009fce2dcec48b902950e","readerVersion":"GDAL 3.2.2","processedAt":"2026-08-11T13:43:44.753Z"}}},{"type":"Feature","geometry":{"type":"Point","coordinates":[4.1923167,51.4795333]},"properties":{"dolphinKind":"buoy-special","rawObjectClass":"BOYSPP","sourceProperties":{"RCID":385228040,"PRIM":1,"GRUP":2,"OBJL":19,"RVER":1,"AGEN":7979,"FIDN":385228040,"FIDS":1,"LNAM":"1F2B16F61D080001","LNAM_REFS":["1F2B1DC9EB9C0001"],"FFPT_RIND":[2],"BOYSHP":5,"CATSPM":["18"],"COLOUR":["6"],"OBJNAM":"LG-A","SCAMIN":200000,"SORDAT":"20230208","SORIND":"Nl,1R,Reprt, ENC verbetering","sourceCellId":"1R76W89I","sourceChecksum":"fae62243c04017141e29ee330ba4a8c534821e09139009fce2dcec48b902950e","rawObjectClass":"BOYSPP","sourceStableId":"1F2B16F61D080001"},"sourceKind":"official","official":true,"sourceCellId":"1R76W89I","sourceStableId":"1F2B16F61D080001","pipelineFeatureId":"1R76W89I/BOYSPP/385228040","provenance":{"cellId":"1R76W89I","checksum":"fae62243c04017141e29ee330ba4a8c534821e09139009fce2dcec48b902950e","readerVersion":"GDAL 3.2.2","processedAt":"2026-08-11T13:43:44.753Z"}}},{"type":"Feature","geometry":{"type":"Point","coordinates":[4.1972638,51.5003358]},"properties":{"dolphinKind":"buoy-special","rawObjectClass":"BOYSPP","sourceProperties":{"RCID":408379034,"PRIM":1,"GRUP":2,"OBJL":19,"RVER":1,"AGEN":7979,"FIDN":408379034,"FIDS":1,"LNAM":"1F2B18575E9A0001","LNAM_REFS":["1F2B18575E9B0001"],"FFPT_RIND":[2],"BOYSHP":5,"CATSPM":["12"],"COLOUR":["1","4"],"COLPAT":["1"],"CONRAD":3,"OBJNAM":"THG - 13","INFORM":"Seasonal buoy only in period 0401-1001","NINFOM":"Seizoens betonning in de periode 0401-1001","SCAMIN":200000,"SORDAT":"20210511","SORIND":"NL,1R,Reprt,NDB-verbeteringen","sourceCellId":"1R76W89I","sourceChecksum":"fae62243c04017141e29ee330ba4a8c534821e09139009fce2dcec48b902950e","rawObjectClass":"BOYSPP","sourceStableId":"1F2B18575E9A0001"},"sourceKind":"official","official":true,"sourceCellId":"1R76W89I","sourceStableId":"1F2B18575E9A0001","pipelineFeatureId":"1R76W89I/BOYSPP/408379034","provenance":{"cellId":"1R76W89I","checksum":"fae62243c04017141e29ee330ba4a8c534821e09139009fce2dcec48b902950e","readerVersion":"GDAL 3.2.2","processedAt":"2026-08-11T13:43:44.753Z"}}},{"type":"Feature","geometry":{"type":"Point","coordinates":[4.2242508,51.5240091]},"properties":{"dolphinKind":"light","rawObjectClass":"LIGHTS","sourceProperties":{"RCID":19635,"PRIM":1,"GRUP":2,"OBJL":75,"RVER":1,"AGEN":7979,"FIDN":1106834753,"FIDS":336,"LNAM":"1F2B41F8F5410150","COLOUR":["4"],"LITCHR":1,"INFORM":"Havenlicht","SCAMIN":200000,"SORDAT":"20230208","SORIND":"NL,1R,Reprt,ENC verbetering","sourceCellId":"1R76W89I","sourceChecksum":"fae62243c04017141e29ee330ba4a8c534821e09139009fce2dcec48b902950e","rawObjectClass":"LIGHTS","sourceStableId":"1F2B41F8F5410150"},"sourceKind":"official","official":true,"sourceCellId":"1R76W89I","sourceStableId":"1F2B41F8F5410150","pipelineFeatureId":"1R76W89I/LIGHTS/19635","provenance":{"cellId":"1R76W89I","checksum":"fae62243c04017141e29ee330ba4a8c534821e09139009fce2dcec48b902950e","readerVersion":"GDAL 3.2.2","processedAt":"2026-08-11T13:43:44.753Z"}}},{"type":"Feature","geometry":{"type":"Point","coordinates":[4.2262167,51.4763333]},"properties":{"dolphinKind":"light","rawObjectClass":"LIGHTS","sourceProperties":{"RCID":19647,"PRIM":1,"GRUP":2,"OBJL":75,"RVER":1,"AGEN":7979,"FIDN":1106834753,"FIDS":348,"LNAM":"1F2B41F8F541015C","COLOUR":["4"],"LITCHR":7,"SIGGRP":"(1)","SIGPER":4,"SCAMIN":200000,"sourceCellId":"1R76W89I","sourceChecksum":"fae62243c04017141e29ee330ba4a8c534821e09139009fce2dcec48b902950e","rawObjectClass":"LIGHTS","sourceStableId":"1F2B41F8F541015C"},"sourceKind":"official","official":true,"sourceCellId":"1R76W89I","sourceStableId":"1F2B41F8F541015C","pipelineFeatureId":"1R76W89I/LIGHTS/19647","provenance":{"cellId":"1R76W89I","checksum":"fae62243c04017141e29ee330ba4a8c534821e09139009fce2dcec48b902950e","readerVersion":"GDAL 3.2.2","processedAt":"2026-08-11T13:43:44.753Z"}}},{"type":"Feature","geometry":{"type":"Point","coordinates":[4.2244833,51.4848]},"properties":{"dolphinKind":"light","rawObjectClass":"LIGHTS","sourceProperties":{"RCID":19648,"PRIM":1,"GRUP":2,"OBJL":75,"RVER":1,"AGEN":7979,"FIDN":1106834753,"FIDS":349,"LNAM":"1F2B41F8F541015D","COLOUR":["4"],"LITCHR":7,"SIGGRP":"(1)","SIGPER":4,"SCAMIN":200000,"sourceCellId":"1R76W89I","sourceChecksum":"fae62243c04017141e29ee330ba4a8c534821e09139009fce2dcec48b902950e","rawObjectClass":"LIGHTS","sourceStableId":"1F2B41F8F541015D"},"sourceKind":"official","official":true,"sourceCellId":"1R76W89I","sourceStableId":"1F2B41F8F541015D","pipelineFeatureId":"1R76W89I/LIGHTS/19648","provenance":{"cellId":"1R76W89I","checksum":"fae62243c04017141e29ee330ba4a8c534821e09139009fce2dcec48b902950e","readerVersion":"GDAL 3.2.2","processedAt":"2026-08-11T13:43:44.753Z"}}},{"type":"Feature","geometry":{"type":"Point","coordinates":[4.2316083,51.494039]},"properties":{"dolphinKind":"light","rawObjectClass":"LIGHTS","sourceProperties":{"RCID":19650,"PRIM":1,"GRUP":2,"OBJL":75,"RVER":1,"AGEN":7979,"FIDN":1106834753,"FIDS":351,"LNAM":"1F2B41F8F541015F","CATLIT":["4","15"],"COLOUR":["1"],"LITCHR":8,"SIGGRP":"(1)","SIGPER":5,"SCAMIN":200000,"sourceCellId":"1R76W89I","sourceChecksum":"fae62243c04017141e29ee330ba4a8c534821e09139009fce2dcec48b902950e","rawObjectClass":"LIGHTS","sourceStableId":"1F2B41F8F541015F"},"sourceKind":"official","official":true,"sourceCellId":"1R76W89I","sourceStableId":"1F2B41F8F541015F","pipelineFeatureId":"1R76W89I/LIGHTS/19650","provenance":{"cellId":"1R76W89I","checksum":"fae62243c04017141e29ee330ba4a8c534821e09139009fce2dcec48b902950e","readerVersion":"GDAL 3.2.2","processedAt":"2026-08-11T13:43:44.753Z"}}},{"type":"Feature","geometry":{"type":"Point","coordinates":[4.2274375,51.495511]},"properties":{"dolphinKind":"light","rawObjectClass":"LIGHTS","sourceProperties":{"RCID":19651,"PRIM":1,"GRUP":2,"OBJL":75,"RVER":1,"AGEN":7979,"FIDN":1106834753,"FIDS":352,"LNAM":"1F2B41F8F5410160","CATLIT":["4","14"],"COLOUR":["1"],"LITCHR":8,"SIGGRP":"(1)","SIGPER":5,"SCAMIN":200000,"sourceCellId":"1R76W89I","sourceChecksum":"fae62243c04017141e29ee330ba4a8c534821e09139009fce2dcec48b902950e","rawObjectClass":"LIGHTS","sourceStableId":"1F2B41F8F5410160"},"sourceKind":"official","official":true,"sourceCellId":"1R76W89I","sourceStableId":"1F2B41F8F5410160","pipelineFeatureId":"1R76W89I/LIGHTS/19651","provenance":{"cellId":"1R76W89I","checksum":"fae62243c04017141e29ee330ba4a8c534821e09139009fce2dcec48b902950e","readerVersion":"GDAL 3.2.2","processedAt":"2026-08-11T13:43:44.753Z"}}},{"type":"Feature","geometry":{"type":"Point","coordinates":[4.2377995,51.501136]},"properties":{"dolphinKind":"light","rawObjectClass":"LIGHTS","sourceProperties":{"RCID":19652,"PRIM":1,"GRUP":2,"OBJL":75,"RVER":1,"AGEN":7979,"FIDN":1106834753,"FIDS":353,"LNAM":"1F2B41F8F5410161","COLOUR":["3"],"HEIGHT":8,"LITCHR":1,"SCAMIN":200000,"sourceCellId":"1R76W89I","sourceChecksum":"fae62243c04017141e29ee330ba4a8c534821e09139009fce2dcec48b902950e","rawObjectClass":"LIGHTS","sourceStableId":"1F2B41F8F5410161"},"sourceKind":"official","official":true,"sourceCellId":"1R76W89I","sourceStableId":"1F2B41F8F5410161","pipelineFeatureId":"1R76W89I/LIGHTS/19652","provenance":{"cellId":"1R76W89I","checksum":"fae62243c04017141e29ee330ba4a8c534821e09139009fce2dcec48b902950e","readerVersion":"GDAL 3.2.2","processedAt":"2026-08-11T13:43:44.753Z"}}},{"type":"Feature","geometry":{"type":"Point","coordinates":[4.2406218,51.5012972]},"properties":{"dolphinKind":"light","rawObjectClass":"LIGHTS","sourceProperties":{"RCID":19653,"PRIM":1,"GRUP":2,"OBJL":75,"RVER":1,"AGEN":7979,"FIDN":1106834753,"FIDS":354,"LNAM":"1F2B41F8F5410162","COLOUR":["4"],"HEIGHT":8,"LITCHR":1,"SCAMIN":200000,"sourceCellId":"1R76W89I","sourceChecksum":"fae62243c04017141e29ee330ba4a8c534821e09139009fce2dcec48b902950e","rawObjectClass":"LIGHTS","sourceStableId":"1F2B41F8F5410162"},"sourceKind":"official","official":true,"sourceCellId":"1R76W89I","sourceStableId":"1F2B41F8F5410162","pipelineFeatureId":"1R76W89I/LIGHTS/19653","provenance":{"cellId":"1R76W89I","checksum":"fae62243c04017141e29ee330ba4a8c534821e09139009fce2dcec48b902950e","readerVersion":"GDAL 3.2.2","processedAt":"2026-08-11T13:43:44.753Z"}}},{"type":"Feature","geometry":{"type":"Point","coordinates":[4.2461529,51.5075915]},"properties":{"dolphinKind":"light","rawObjectClass":"LIGHTS","sourceProperties":{"RCID":19656,"PRIM":1,"GRUP":2,"OBJL":75,"RVER":1,"AGEN":7979,"FIDN":1106834753,"FIDS":357,"LNAM":"1F2B41F8F5410165","CATLIT":["4","15"],"COLOUR":["1"],"LITCHR":8,"SIGGRP":"(1)","SIGPER":5,"SCAMIN":200000,"sourceCellId":"1R76W89I","sourceChecksum":"fae62243c04017141e29ee330ba4a8c534821e09139009fce2dcec48b902950e","rawObjectClass":"LIGHTS","sourceStableId":"1F2B41F8F5410165"},"sourceKind":"official","official":true,"sourceCellId":"1R76W89I","sourceStableId":"1F2B41F8F5410165","pipelineFeatureId":"1R76W89I/LIGHTS/19656","provenance":{"cellId":"1R76W89I","checksum":"fae62243c04017141e29ee330ba4a8c534821e09139009fce2dcec48b902950e","readerVersion":"GDAL 3.2.2","processedAt":"2026-08-11T13:43:44.753Z"}}},{"type":"Feature","geometry":{"type":"Point","coordinates":[4.2455246,51.507022]},"properties":{"dolphinKind":"light","rawObjectClass":"LIGHTS","sourceProperties":{"RCID":19657,"PRIM":1,"GRUP":2,"OBJL":75,"RVER":1,"AGEN":7979,"FIDN":1106834753,"FIDS":358,"LNAM":"1F2B41F8F5410166","CATLIT":["4","14"],"COLOUR":["1"],"LITCHR":8,"SIGGRP":"(1)","SIGPER":5,"SCAMIN":200000,"sourceCellId":"1R76W89I","sourceChecksum":"fae62243c04017141e29ee330ba4a8c534821e09139009fce2dcec48b902950e","rawObjectClass":"LIGHTS","sourceStableId":"1F2B41F8F5410166"},"sourceKind":"official","official":true,"sourceCellId":"1R76W89I","sourceStableId":"1F2B41F8F5410166","pipelineFeatureId":"1R76W89I/LIGHTS/19657","provenance":{"cellId":"1R76W89I","checksum":"fae62243c04017141e29ee330ba4a8c534821e09139009fce2dcec48b902950e","readerVersion":"GDAL 3.2.2","processedAt":"2026-08-11T13:43:44.753Z"}}},{"type":"Feature","geometry":{"type":"Point","coordinates":[4.2458827,51.506821]},"properties":{"dolphinKind":"light","rawObjectClass":"LIGHTS","sourceProperties":{"RCID":19660,"PRIM":1,"GRUP":2,"OBJL":75,"RVER":1,"AGEN":7979,"FIDN":1106834753,"FIDS":361,"LNAM":"1F2B41F8F5410169","COLOUR":["4"],"LITCHR":1,"SCAMIN":200000,"sourceCellId":"1R76W89I","sourceChecksum":"fae62243c04017141e29ee330ba4a8c534821e09139009fce2dcec48b902950e","rawObjectClass":"LIGHTS","sourceStableId":"1F2B41F8F5410169"},"sourceKind":"official","official":true,"sourceCellId":"1R76W89I","sourceStableId":"1F2B41F8F5410169","pipelineFeatureId":"1R76W89I/LIGHTS/19660","provenance":{"cellId":"1R76W89I","checksum":"fae62243c04017141e29ee330ba4a8c534821e09139009fce2dcec48b902950e","readerVersion":"GDAL 3.2.2","processedAt":"2026-08-11T13:43:44.753Z"}}},{"type":"Feature","geometry":{"type":"Point","coordinates":[4.243876,51.5064748]},"properties":{"dolphinKind":"light","rawObjectClass":"LIGHTS","sourceProperties":{"RCID":19661,"PRIM":1,"GRUP":2,"OBJL":75,"RVER":1,"AGEN":7979,"FIDN":1106834753,"FIDS":362,"LNAM":"1F2B41F8F541016A","COLOUR":["3"],"LITCHR":1,"SCAMIN":200000,"sourceCellId":"1R76W89I","sourceChecksum":"fae62243c04017141e29ee330ba4a8c534821e09139009fce2dcec48b902950e","rawObjectClass":"LIGHTS","sourceStableId":"1F2B41F8F541016A"},"sourceKind":"official","official":true,"sourceCellId":"1R76W89I","sourceStableId":"1F2B41F8F541016A","pipelineFeatureId":"1R76W89I/LIGHTS/19661","provenance":{"cellId":"1R76W89I","checksum":"fae62243c04017141e29ee330ba4a8c534821e09139009fce2dcec48b902950e","readerVersion":"GDAL 3.2.2","processedAt":"2026-08-11T13:43:44.753Z"}}},{"type":"Feature","geometry":{"type":"Point","coordinates":[4.1660595,51.512907]},"properties":{"dolphinKind":"light","rawObjectClass":"LIGHTS","sourceProperties":{"RCID":19841,"PRIM":1,"GRUP":2,"OBJL":75,"RVER":1,"AGEN":7979,"FIDN":1106834754,"FIDS":287,"LNAM":"1F2B41F8F542011F","COLOUR":["3"],"LITCHR":1,"SCAMIN":200000,"sourceCellId":"1R76W89I","sourceChecksum":"fae62243c04017141e29ee330ba4a8c534821e09139009fce2dcec48b902950e","rawObjectClass":"LIGHTS","sourceStableId":"1F2B41F8F542011F"},"sourceKind":"official","official":true,"sourceCellId":"1R76W89I","sourceStableId":"1F2B41F8F542011F","pipelineFeatureId":"1R76W89I/LIGHTS/19841","provenance":{"cellId":"1R76W89I","checksum":"fae62243c04017141e29ee330ba4a8c534821e09139009fce2dcec48b902950e","readerVersion":"GDAL 3.2.2","processedAt":"2026-08-11T13:43:44.753Z"}}},{"type":"Feature","geometry":{"type":"Point","coordinates":[4.1611288,51.5144333]},"properties":{"dolphinKind":"light","rawObjectClass":"LIGHTS","sourceProperties":{"RCID":19842,"PRIM":1,"GRUP":2,"OBJL":75,"RVER":1,"AGEN":7979,"FIDN":1106834754,"FIDS":288,"LNAM":"1F2B41F8F5420120","COLOUR":["4"],"LITCHR":1,"SCAMIN":200000,"sourceCellId":"1R76W89I","sourceChecksum":"fae62243c04017141e29ee330ba4a8c534821e09139009fce2dcec48b902950e","rawObjectClass":"LIGHTS","sourceStableId":"1F2B41F8F5420120"},"sourceKind":"official","official":true,"sourceCellId":"1R76W89I","sourceStableId":"1F2B41F8F5420120","pipelineFeatureId":"1R76W89I/LIGHTS/19842","provenance":{"cellId":"1R76W89I","checksum":"fae62243c04017141e29ee330ba4a8c534821e09139009fce2dcec48b902950e","readerVersion":"GDAL 3.2.2","processedAt":"2026-08-11T13:43:44.753Z"}}},{"type":"Feature","geometry":{"type":"Point","coordinates":[4.1472766,51.5224728]},"properties":{"dolphinKind":"light","rawObjectClass":"LIGHTS","sourceProperties":{"RCID":20317,"PRIM":1,"GRUP":2,"OBJL":75,"RVER":1,"AGEN":7979,"FIDN":1106834755,"FIDS":508,"LNAM":"1F2B41F8F54301FC","COLOUR":["3"],"HEIGHT":11,"LITCHR":8,"SECTR1":268,"SECTR2":281.5,"SIGGRP":"(1)","SIGPER":5,"SCAMIN":200000,"sourceCellId":"1R76W89I","sourceChecksum":"fae62243c04017141e29ee330ba4a8c534821e09139009fce2dcec48b902950e","rawObjectClass":"LIGHTS","sourceStableId":"1F2B41F8F54301FC"},"sourceKind":"official","official":true,"sourceCellId":"1R76W89I","sourceStableId":"1F2B41F8F54301FC","pipelineFeatureId":"1R76W89I/LIGHTS/20317","provenance":{"cellId":"1R76W89I","checksum":"fae62243c04017141e29ee330ba4a8c534821e09139009fce2dcec48b902950e","readerVersion":"GDAL 3.2.2","processedAt":"2026-08-11T13:43:44.753Z"}}},{"type":"Feature","geometry":{"type":"Point","coordinates":[4.1472766,51.5224728]},"properties":{"dolphinKind":"light","rawObjectClass":"LIGHTS","sourceProperties":{"RCID":20318,"PRIM":1,"GRUP":2,"OBJL":75,"RVER":1,"AGEN":7979,"FIDN":1106834755,"FIDS":509,"LNAM":"1F2B41F8F54301FD","COLOUR":["1"],"HEIGHT":11,"LITCHR":8,"SECTR1":281.5,"SECTR2":297,"SIGGRP":"(1)","SIGPER":5,"SCAMIN":200000,"sourceCellId":"1R76W89I","sourceChecksum":"fae62243c04017141e29ee330ba4a8c534821e09139009fce2dcec48b902950e","rawObjectClass":"LIGHTS","sourceStableId":"1F2B41F8F54301FD"},"sourceKind":"official","official":true,"sourceCellId":"1R76W89I","sourceStableId":"1F2B41F8F54301FD","pipelineFeatureId":"1R76W89I/LIGHTS/20318","provenance":{"cellId":"1R76W89I","checksum":"fae62243c04017141e29ee330ba4a8c534821e09139009fce2dcec48b902950e","readerVersion":"GDAL 3.2.2","processedAt":"2026-08-11T13:43:44.753Z"}}},{"type":"Feature","geometry":{"type":"Point","coordinates":[4.1472766,51.5224728]},"properties":{"dolphinKind":"light","rawObjectClass":"LIGHTS","sourceProperties":{"RCID":20319,"PRIM":1,"GRUP":2,"OBJL":75,"RVER":1,"AGEN":7979,"FIDN":1106834755,"FIDS":510,"LNAM":"1F2B41F8F54301FE","COLOUR":["4"],"HEIGHT":11,"LITCHR":8,"SECTR1":297,"SECTR2":310,"SIGGRP":"(1)","SIGPER":5,"SCAMIN":200000,"sourceCellId":"1R76W89I","sourceChecksum":"fae62243c04017141e29ee330ba4a8c534821e09139009fce2dcec48b902950e","rawObjectClass":"LIGHTS","sourceStableId":"1F2B41F8F54301FE"},"sourceKind":"official","official":true,"sourceCellId":"1R76W89I","sourceStableId":"1F2B41F8F54301FE","pipelineFeatureId":"1R76W89I/LIGHTS/20319","provenance":{"cellId":"1R76W89I","checksum":"fae62243c04017141e29ee330ba4a8c534821e09139009fce2dcec48b902950e","readerVersion":"GDAL 3.2.2","processedAt":"2026-08-11T13:43:44.753Z"}}},{"type":"Feature","geometry":{"type":"Point","coordinates":[4.1472766,51.5224728]},"properties":{"dolphinKind":"light","rawObjectClass":"LIGHTS","sourceProperties":{"RCID":20320,"PRIM":1,"GRUP":2,"OBJL":75,"RVER":1,"AGEN":7979,"FIDN":1106834755,"FIDS":511,"LNAM":"1F2B41F8F54301FF","COLOUR":["3"],"HEIGHT":11,"LITCHR":8,"SECTR1":310,"SECTR2":60.5,"SIGGRP":"(1)","SIGPER":5,"SCAMIN":200000,"sourceCellId":"1R76W89I","sourceChecksum":"fae62243c04017141e29ee330ba4a8c534821e09139009fce2dcec48b902950e","rawObjectClass":"LIGHTS","sourceStableId":"1F2B41F8F54301FF"},"sourceKind":"official","official":true,"sourceCellId":"1R76W89I","sourceStableId":"1F2B41F8F54301FF","pipelineFeatureId":"1R76W89I/LIGHTS/20320","provenance":{"cellId":"1R76W89I","checksum":"fae62243c04017141e29ee330ba4a8c534821e09139009fce2dcec48b902950e","readerVersion":"GDAL 3.2.2","processedAt":"2026-08-11T13:43:44.753Z"}}},{"type":"Feature","geometry":{"type":"Point","coordinates":[4.1472766,51.5224728]},"properties":{"dolphinKind":"light","rawObjectClass":"LIGHTS","sourceProperties":{"RCID":20321,"PRIM":1,"GRUP":2,"OBJL":75,"RVER":1,"AGEN":7979,"FIDN":1106834756,"FIDS":257,"LNAM":"1F2B41F8F5440101","COLOUR":["4"],"HEIGHT":11,"LITCHR":8,"SECTR1":60.5,"SECTR2":68,"SIGGRP":"(1)","SIGPER":5,"SCAMIN":200000,"sourceCellId":"1R76W89I","sourceChecksum":"fae62243c04017141e29ee330ba4a8c534821e09139009fce2dcec48b902950e","rawObjectClass":"LIGHTS","sourceStableId":"1F2B41F8F5440101"},"sourceKind":"official","official":true,"sourceCellId":"1R76W89I","sourceStableId":"1F2B41F8F5440101","pipelineFeatureId":"1R76W89I/LIGHTS/20321","provenance":{"cellId":"1R76W89I","checksum":"fae62243c04017141e29ee330ba4a8c534821e09139009fce2dcec48b902950e","readerVersion":"GDAL 3.2.2","processedAt":"2026-08-11T13:43:44.753Z"}}},{"type":"Feature","geometry":{"type":"Point","coordinates":[4.1472766,51.5224728]},"properties":{"dolphinKind":"light","rawObjectClass":"LIGHTS","sourceProperties":{"RCID":20322,"PRIM":1,"GRUP":2,"OBJL":75,"RVER":1,"AGEN":7979,"FIDN":1106834756,"FIDS":258,"LNAM":"1F2B41F8F5440102","COLOUR":["1"],"HEIGHT":11,"LITCHR":8,"SECTR1":68,"SECTR2":82,"SIGGRP":"(1)","SIGPER":5,"SCAMIN":200000,"sourceCellId":"1R76W89I","sourceChecksum":"fae62243c04017141e29ee330ba4a8c534821e09139009fce2dcec48b902950e","rawObjectClass":"LIGHTS","sourceStableId":"1F2B41F8F5440102"},"sourceKind":"official","official":true,"sourceCellId":"1R76W89I","sourceStableId":"1F2B41F8F5440102","pipelineFeatureId":"1R76W89I/LIGHTS/20322","provenance":{"cellId":"1R76W89I","checksum":"fae62243c04017141e29ee330ba4a8c534821e09139009fce2dcec48b902950e","readerVersion":"GDAL 3.2.2","processedAt":"2026-08-11T13:43:44.753Z"}}},{"type":"Feature","geometry":{"type":"Point","coordinates":[4.1472766,51.5224728]},"properties":{"dolphinKind":"light","rawObjectClass":"LIGHTS","sourceProperties":{"RCID":20323,"PRIM":1,"GRUP":2,"OBJL":75,"RVER":1,"AGEN":7979,"FIDN":1106834756,"FIDS":259,"LNAM":"1F2B41F8F5440103","COLOUR":["3"],"HEIGHT":11,"LITCHR":8,"SECTR1":82,"SECTR2":115,"SIGGRP":"(1)","SIGPER":5,"SCAMIN":200000,"sourceCellId":"1R76W89I","sourceChecksum":"fae62243c04017141e29ee330ba4a8c534821e09139009fce2dcec48b902950e","rawObjectClass":"LIGHTS","sourceStableId":"1F2B41F8F5440103"},"sourceKind":"official","official":true,"sourceCellId":"1R76W89I","sourceStableId":"1F2B41F8F5440103","pipelineFeatureId":"1R76W89I/LIGHTS/20323","provenance":{"cellId":"1R76W89I","checksum":"fae62243c04017141e29ee330ba4a8c534821e09139009fce2dcec48b902950e","readerVersion":"GDAL 3.2.2","processedAt":"2026-08-11T13:43:44.753Z"}}},{"type":"Feature","geometry":{"type":"Point","coordinates":[4.2226877,51.493254]},"properties":{"dolphinKind":"light","rawObjectClass":"LIGHTS","sourceProperties":{"RCID":18739577,"PRIM":1,"GRUP":2,"OBJL":75,"RVER":1,"AGEN":7979,"FIDN":18739577,"FIDS":1,"LNAM":"1F2B011DF1790001","COLOUR":["4"],"LITCHR":7,"SIGGRP":"(1)","SIGPER":4,"SCAMIN":200000,"SORDAT":"20080714","SORIND":"NL,1R,reprt,DZD-BAS-2008/55","sourceCellId":"1R76W89I","sourceChecksum":"fae62243c04017141e29ee330ba4a8c534821e09139009fce2dcec48b902950e","rawObjectClass":"LIGHTS","sourceStableId":"1F2B011DF1790001"},"sourceKind":"official","official":true,"sourceCellId":"1R76W89I","sourceStableId":"1F2B011DF1790001","pipelineFeatureId":"1R76W89I/LIGHTS/18739577","provenance":{"cellId":"1R76W89I","checksum":"fae62243c04017141e29ee330ba4a8c534821e09139009fce2dcec48b902950e","readerVersion":"GDAL 3.2.2","processedAt":"2026-08-11T13:43:44.753Z"}}},{"type":"Feature","geometry":{"type":"Point","coordinates":[4.2234317,51.4761]},"properties":{"dolphinKind":"light","rawObjectClass":"LIGHTS","sourceProperties":{"RCID":26982577,"PRIM":1,"GRUP":2,"OBJL":75,"RVER":1,"AGEN":7979,"FIDN":26982577,"FIDS":1,"LNAM":"1F2B019BB8B10001","COLOUR":["3"],"LITCHR":7,"SIGGRP":"(1)","SIGPER":4,"SCAMIN":200000,"SORDAT":"20100312","SORIND":"NL,1R,Reprt,NavBer 2010/26","sourceCellId":"1R76W89I","sourceChecksum":"fae62243c04017141e29ee330ba4a8c534821e09139009fce2dcec48b902950e","rawObjectClass":"LIGHTS","sourceStableId":"1F2B019BB8B10001"},"sourceKind":"official","official":true,"sourceCellId":"1R76W89I","sourceStableId":"1F2B019BB8B10001","pipelineFeatureId":"1R76W89I/LIGHTS/26982577","provenance":{"cellId":"1R76W89I","checksum":"fae62243c04017141e29ee330ba4a8c534821e09139009fce2dcec48b902950e","readerVersion":"GDAL 3.2.2","processedAt":"2026-08-11T13:43:44.753Z"}}},{"type":"Feature","geometry":{"type":"Point","coordinates":[4.2213333,51.4998333]},"properties":{"dolphinKind":"light","rawObjectClass":"LIGHTS","sourceProperties":{"RCID":31841902,"PRIM":1,"GRUP":2,"OBJL":75,"RVER":1,"AGEN":7979,"FIDN":31841902,"FIDS":1,"LNAM":"1F2B01E5DE6E0001","COLOUR":["4"],"LITCHR":7,"SIGGRP":"(1)","SIGPER":4,"SCAMIN":200000,"SORDAT":"20090724","SORIND":"NL,1R,reprt,DZD-BAS-2009/71","sourceCellId":"1R76W89I","sourceChecksum":"fae62243c04017141e29ee330ba4a8c534821e09139009fce2dcec48b902950e","rawObjectClass":"LIGHTS","sourceStableId":"1F2B01E5DE6E0001"},"sourceKind":"official","official":true,"sourceCellId":"1R76W89I","sourceStableId":"1F2B01E5DE6E0001","pipelineFeatureId":"1R76W89I/LIGHTS/31841902","provenance":{"cellId":"1R76W89I","checksum":"fae62243c04017141e29ee330ba4a8c534821e09139009fce2dcec48b902950e","readerVersion":"GDAL 3.2.2","processedAt":"2026-08-11T13:43:44.753Z"}}},{"type":"Feature","geometry":{"type":"Point","coordinates":[4.2219167,51.5198167]},"properties":{"dolphinKind":"light","rawObjectClass":"LIGHTS","sourceProperties":{"RCID":179277051,"PRIM":1,"GRUP":2,"OBJL":75,"RVER":1,"AGEN":7979,"FIDN":179277051,"FIDS":1,"LNAM":"1F2B0AAF8CFB0001","COLOUR":["3"],"LITCHR":7,"SIGGRP":"(1)","SIGPER":4,"SCAMIN":200000,"SORDAT":"20151222","SORIND":"NL,1R,reprt,DZD-BAS-2015/109","sourceCellId":"1R76W89I","sourceChecksum":"fae62243c04017141e29ee330ba4a8c534821e09139009fce2dcec48b902950e","rawObjectClass":"LIGHTS","sourceStableId":"1F2B0AAF8CFB0001"},"sourceKind":"official","official":true,"sourceCellId":"1R76W89I","sourceStableId":"1F2B0AAF8CFB0001","pipelineFeatureId":"1R76W89I/LIGHTS/179277051","provenance":{"cellId":"1R76W89I","checksum":"fae62243c04017141e29ee330ba4a8c534821e09139009fce2dcec48b902950e","readerVersion":"GDAL 3.2.2","processedAt":"2026-08-11T13:43:44.753Z"}}},{"type":"Feature","geometry":{"type":"Point","coordinates":[4.2188567,51.5138167]},"properties":{"dolphinKind":"light","rawObjectClass":"LIGHTS","sourceProperties":{"RCID":188971753,"PRIM":1,"GRUP":2,"OBJL":75,"RVER":1,"AGEN":7979,"FIDN":188971753,"FIDS":1,"LNAM":"1F2B0B437AE90001","COLOUR":["3"],"LITCHR":7,"SIGGRP":"(1)","SIGPER":4,"SCAMIN":200000,"SORDAT":"20160504","SORIND":"NL,1R,reprt,MD201-16","sourceCellId":"1R76W89I","sourceChecksum":"fae62243c04017141e29ee330ba4a8c534821e09139009fce2dcec48b902950e","rawObjectClass":"LIGHTS","sourceStableId":"1F2B0B437AE90001"},"sourceKind":"official","official":true,"sourceCellId":"1R76W89I","sourceStableId":"1F2B0B437AE90001","pipelineFeatureId":"1R76W89I/LIGHTS/188971753","provenance":{"cellId":"1R76W89I","checksum":"fae62243c04017141e29ee330ba4a8c534821e09139009fce2dcec48b902950e","readerVersion":"GDAL 3.2.2","processedAt":"2026-08-11T13:43:44.753Z"}}},{"type":"Feature","geometry":{"type":"Point","coordinates":[4.2218567,51.4845417]},"properties":{"dolphinKind":"light","rawObjectClass":"LIGHTS","sourceProperties":{"RCID":188971755,"PRIM":1,"GRUP":2,"OBJL":75,"RVER":1,"AGEN":7979,"FIDN":188971755,"FIDS":1,"LNAM":"1F2B0B437AEB0001","COLOUR":["3"],"LITCHR":7,"SIGGRP":"(1)","SIGPER":4,"SCAMIN":200000,"SORDAT":"20160504","SORIND":"NL,1R,reprt,MD201-16","sourceCellId":"1R76W89I","sourceChecksum":"fae62243c04017141e29ee330ba4a8c534821e09139009fce2dcec48b902950e","rawObjectClass":"LIGHTS","sourceStableId":"1F2B0B437AEB0001"},"sourceKind":"official","official":true,"sourceCellId":"1R76W89I","sourceStableId":"1F2B0B437AEB0001","pipelineFeatureId":"1R76W89I/LIGHTS/188971755","provenance":{"cellId":"1R76W89I","checksum":"fae62243c04017141e29ee330ba4a8c534821e09139009fce2dcec48b902950e","readerVersion":"GDAL 3.2.2","processedAt":"2026-08-11T13:43:44.753Z"}}},{"type":"Feature","geometry":{"type":"Point","coordinates":[4.2305617,51.496995]},"properties":{"dolphinKind":"light","rawObjectClass":"LIGHTS","sourceProperties":{"RCID":189250208,"PRIM":1,"GRUP":2,"OBJL":75,"RVER":1,"AGEN":7979,"FIDN":189250208,"FIDS":1,"LNAM":"1F2B0B47BAA00001","COLOUR":["4"],"LITCHR":7,"SIGGRP":"(1)","SIGPER":4,"SCAMIN":200000,"SORDAT":"20150602","SORIND":"NL,1R,reprt,MD 254-15","sourceCellId":"1R76W89I","sourceChecksum":"fae62243c04017141e29ee330ba4a8c534821e09139009fce2dcec48b902950e","rawObjectClass":"LIGHTS","sourceStableId":"1F2B0B47BAA00001"},"sourceKind":"official","official":true,"sourceCellId":"1R76W89I","sourceStableId":"1F2B0B47BAA00001","pipelineFeatureId":"1R76W89I/LIGHTS/189250208","provenance":{"cellId":"1R76W89I","checksum":"fae62243c04017141e29ee330ba4a8c534821e09139009fce2dcec48b902950e","readerVersion":"GDAL 3.2.2","processedAt":"2026-08-11T13:43:44.753Z"}}},{"type":"Feature","geometry":{"type":"Point","coordinates":[4.2297834,51.49755]},"properties":{"dolphinKind":"light","rawObjectClass":"LIGHTS","sourceProperties":{"RCID":189250209,"PRIM":1,"GRUP":2,"OBJL":75,"RVER":1,"AGEN":7979,"FIDN":189250209,"FIDS":1,"LNAM":"1F2B0B47BAA10001","COLOUR":["3"],"LITCHR":7,"SIGGRP":"(1)","SIGPER":4,"SCAMIN":200000,"SORDAT":"20150602","SORIND":"NL,1R,reprt,MD 254-15","sourceCellId":"1R76W89I","sourceChecksum":"fae62243c04017141e29ee330ba4a8c534821e09139009fce2dcec48b902950e","rawObjectClass":"LIGHTS","sourceStableId":"1F2B0B47BAA10001"},"sourceKind":"official","official":true,"sourceCellId":"1R76W89I","sourceStableId":"1F2B0B47BAA10001","pipelineFeatureId":"1R76W89I/LIGHTS/189250209","provenance":{"cellId":"1R76W89I","checksum":"fae62243c04017141e29ee330ba4a8c534821e09139009fce2dcec48b902950e","readerVersion":"GDAL 3.2.2","processedAt":"2026-08-11T13:43:44.753Z"}}},{"type":"Feature","geometry":{"type":"Point","coordinates":[4.2378834,51.4995833]},"properties":{"dolphinKind":"light","rawObjectClass":"LIGHTS","sourceProperties":{"RCID":189250210,"PRIM":1,"GRUP":2,"OBJL":75,"RVER":1,"AGEN":7979,"FIDN":189250210,"FIDS":1,"LNAM":"1F2B0B47BAA20001","COLOUR":["4"],"LITCHR":7,"SIGGRP":"(1)","SIGPER":4,"SCAMIN":200000,"SORDAT":"20150602","SORIND":"NL,1R,reprt,MD 254-15","sourceCellId":"1R76W89I","sourceChecksum":"fae62243c04017141e29ee330ba4a8c534821e09139009fce2dcec48b902950e","rawObjectClass":"LIGHTS","sourceStableId":"1F2B0B47BAA20001"},"sourceKind":"official","official":true,"sourceCellId":"1R76W89I","sourceStableId":"1F2B0B47BAA20001","pipelineFeatureId":"1R76W89I/LIGHTS/189250210","provenance":{"cellId":"1R76W89I","checksum":"fae62243c04017141e29ee330ba4a8c534821e09139009fce2dcec48b902950e","readerVersion":"GDAL 3.2.2","processedAt":"2026-08-11T13:43:44.753Z"}}},{"type":"Feature","geometry":{"type":"Point","coordinates":[4.2369633,51.500155]},"properties":{"dolphinKind":"light","rawObjectClass":"LIGHTS","sourceProperties":{"RCID":189250211,"PRIM":1,"GRUP":2,"OBJL":75,"RVER":1,"AGEN":7979,"FIDN":189250211,"FIDS":1,"LNAM":"1F2B0B47BAA30001","COLOUR":["3"],"LITCHR":7,"SIGGRP":"(1)","SIGPER":4,"SCAMIN":200000,"SORDAT":"20190426","SORIND":"NL,1R,reprt,MD 197-19","sourceCellId":"1R76W89I","sourceChecksum":"fae62243c04017141e29ee330ba4a8c534821e09139009fce2dcec48b902950e","rawObjectClass":"LIGHTS","sourceStableId":"1F2B0B47BAA30001"},"sourceKind":"official","official":true,"sourceCellId":"1R76W89I","sourceStableId":"1F2B0B47BAA30001","pipelineFeatureId":"1R76W89I/LIGHTS/189250211","provenance":{"cellId":"1R76W89I","checksum":"fae62243c04017141e29ee330ba4a8c534821e09139009fce2dcec48b902950e","readerVersion":"GDAL 3.2.2","processedAt":"2026-08-11T13:43:44.753Z"}}},{"type":"Feature","geometry":{"type":"Point","coordinates":[4.21999,51.49304]},"properties":{"dolphinKind":"light","rawObjectClass":"LIGHTS","sourceProperties":{"RCID":208033756,"PRIM":1,"GRUP":2,"OBJL":75,"RVER":1,"AGEN":7979,"FIDN":208033756,"FIDS":1,"LNAM":"1F2B0C6657DC0001","COLOUR":["3"],"LITCHR":7,"SIGGRP":"(1)","SIGPER":4,"SCAMIN":200000,"SORDAT":"20161123","SORIND":"NL,1R,reprt,DZD-MD 598-16","sourceCellId":"1R76W89I","sourceChecksum":"fae62243c04017141e29ee330ba4a8c534821e09139009fce2dcec48b902950e","rawObjectClass":"LIGHTS","sourceStableId":"1F2B0C6657DC0001"},"sourceKind":"official","official":true,"sourceCellId":"1R76W89I","sourceStableId":"1F2B0C6657DC0001","pipelineFeatureId":"1R76W89I/LIGHTS/208033756","provenance":{"cellId":"1R76W89I","checksum":"fae62243c04017141e29ee330ba4a8c534821e09139009fce2dcec48b902950e","readerVersion":"GDAL 3.2.2","processedAt":"2026-08-11T13:43:44.753Z"}}},{"type":"Feature","geometry":{"type":"Point","coordinates":[4.2193317,51.496615]},"properties":{"dolphinKind":"light","rawObjectClass":"LIGHTS","sourceProperties":{"RCID":213526705,"PRIM":1,"GRUP":2,"OBJL":75,"RVER":1,"AGEN":7979,"FIDN":213526705,"FIDS":1,"LNAM":"1F2B0CBA28B10001","COLOUR":["3"],"LITCHR":4,"SIGGRP":"(2+1)","SCAMIN":200000,"SORDAT":"20171003","SORIND":"NL,1R,reprt,MD332-17","sourceCellId":"1R76W89I","sourceChecksum":"fae62243c04017141e29ee330ba4a8c534821e09139009fce2dcec48b902950e","rawObjectClass":"LIGHTS","sourceStableId":"1F2B0CBA28B10001"},"sourceKind":"official","official":true,"sourceCellId":"1R76W89I","sourceStableId":"1F2B0CBA28B10001","pipelineFeatureId":"1R76W89I/LIGHTS/213526705","provenance":{"cellId":"1R76W89I","checksum":"fae62243c04017141e29ee330ba4a8c534821e09139009fce2dcec48b902950e","readerVersion":"GDAL 3.2.2","processedAt":"2026-08-11T13:43:44.753Z"}}},{"type":"Feature","geometry":{"type":"Point","coordinates":[4.2176133,51.5051283]},"properties":{"dolphinKind":"light","rawObjectClass":"LIGHTS","sourceProperties":{"RCID":215735711,"PRIM":1,"GRUP":2,"OBJL":75,"RVER":1,"AGEN":7979,"FIDN":215735711,"FIDS":1,"LNAM":"1F2B0CDBDD9F0001","COLOUR":["3"],"LITCHR":7,"SIGGRP":"(1)","SIGPER":4,"SCAMIN":200000,"SORDAT":"20180507","SORIND":"NL,1R,Reprt,MD 205-18","sourceCellId":"1R76W89I","sourceChecksum":"fae62243c04017141e29ee330ba4a8c534821e09139009fce2dcec48b902950e","rawObjectClass":"LIGHTS","sourceStableId":"1F2B0CDBDD9F0001"},"sourceKind":"official","official":true,"sourceCellId":"1R76W89I","sourceStableId":"1F2B0CDBDD9F0001","pipelineFeatureId":"1R76W89I/LIGHTS/215735711","provenance":{"cellId":"1R76W89I","checksum":"fae62243c04017141e29ee330ba4a8c534821e09139009fce2dcec48b902950e","readerVersion":"GDAL 3.2.2","processedAt":"2026-08-11T13:43:44.753Z"}}},{"type":"Feature","geometry":{"type":"Point","coordinates":[4.1765405,51.5095756]},"properties":{"dolphinKind":"light","rawObjectClass":"LIGHTS","sourceProperties":{"RCID":224712211,"PRIM":1,"GRUP":2,"OBJL":75,"RVER":1,"AGEN":7979,"FIDN":224712211,"FIDS":1,"LNAM":"1F2B0D64D6130001","COLOUR":["1"],"LITCHR":1,"SCAMIN":200000,"SORDAT":"20170523","SORIND":"NL,1R,Reprt,Topdesk M170500101","sourceCellId":"1R76W89I","sourceChecksum":"fae62243c04017141e29ee330ba4a8c534821e09139009fce2dcec48b902950e","rawObjectClass":"LIGHTS","sourceStableId":"1F2B0D64D6130001"},"sourceKind":"official","official":true,"sourceCellId":"1R76W89I","sourceStableId":"1F2B0D64D6130001","pipelineFeatureId":"1R76W89I/LIGHTS/224712211","provenance":{"cellId":"1R76W89I","checksum":"fae62243c04017141e29ee330ba4a8c534821e09139009fce2dcec48b902950e","readerVersion":"GDAL 3.2.2","processedAt":"2026-08-11T13:43:44.753Z"}}},{"type":"Feature","geometry":{"type":"Point","coordinates":[4.2202217,51.50536]},"properties":{"dolphinKind":"light","rawObjectClass":"LIGHTS","sourceProperties":{"RCID":391815911,"PRIM":1,"GRUP":2,"OBJL":75,"RVER":1,"AGEN":7979,"FIDN":391815911,"FIDS":1,"LNAM":"1F2B175AA2E70001","COLOUR":["4"],"LITCHR":7,"SIGGRP":"(1)","SIGPER":4,"SCAMIN":200000,"SORDAT":"20201124","SORIND":"NL,1R,Reprt,MD 560-32","sourceCellId":"1R76W89I","sourceChecksum":"fae62243c04017141e29ee330ba4a8c534821e09139009fce2dcec48b902950e","rawObjectClass":"LIGHTS","sourceStableId":"1F2B175AA2E70001"},"sourceKind":"official","official":true,"sourceCellId":"1R76W89I","sourceStableId":"1F2B175AA2E70001","pipelineFeatureId":"1R76W89I/LIGHTS/391815911","provenance":{"cellId":"1R76W89I","checksum":"fae62243c04017141e29ee330ba4a8c534821e09139009fce2dcec48b902950e","readerVersion":"GDAL 3.2.2","processedAt":"2026-08-11T13:43:44.753Z"}}},{"type":"Feature","geometry":{"type":"Point","coordinates":[4.2207733,51.5134233]},"properties":{"dolphinKind":"light","rawObjectClass":"LIGHTS","sourceProperties":{"RCID":455407804,"PRIM":1,"GRUP":2,"OBJL":75,"RVER":1,"AGEN":7979,"FIDN":455407804,"FIDS":1,"LNAM":"1F2B1B24F8BC0001","COLOUR":["4"],"LITCHR":7,"SIGGRP":"(1)","SIGPER":4,"SCAMIN":200000,"SORDAT":"20221102","SORIND":"NL,1R,reprt,MD 228-22","sourceCellId":"1R76W89I","sourceChecksum":"fae62243c04017141e29ee330ba4a8c534821e09139009fce2dcec48b902950e","rawObjectClass":"LIGHTS","sourceStableId":"1F2B1B24F8BC0001"},"sourceKind":"official","official":true,"sourceCellId":"1R76W89I","sourceStableId":"1F2B1B24F8BC0001","pipelineFeatureId":"1R76W89I/LIGHTS/455407804","provenance":{"cellId":"1R76W89I","checksum":"fae62243c04017141e29ee330ba4a8c534821e09139009fce2dcec48b902950e","readerVersion":"GDAL 3.2.2","processedAt":"2026-08-11T13:43:44.753Z"}}},{"type":"Feature","geometry":{"type":"Point","coordinates":[4.225135,51.52181]},"properties":{"dolphinKind":"light","rawObjectClass":"LIGHTS","sourceProperties":{"RCID":479978463,"PRIM":1,"GRUP":2,"OBJL":75,"RVER":1,"AGEN":7979,"FIDN":479978463,"FIDS":1,"LNAM":"1F2B1C9BE3DF0001","COLOUR":["4"],"LITCHR":7,"SIGGRP":"(1)","SIGPER":4,"SCAMIN":200000,"sourceCellId":"1R76W89I","sourceChecksum":"fae62243c04017141e29ee330ba4a8c534821e09139009fce2dcec48b902950e","rawObjectClass":"LIGHTS","sourceStableId":"1F2B1C9BE3DF0001"},"sourceKind":"official","official":true,"sourceCellId":"1R76W89I","sourceStableId":"1F2B1C9BE3DF0001","pipelineFeatureId":"1R76W89I/LIGHTS/479978463","provenance":{"cellId":"1R76W89I","checksum":"fae62243c04017141e29ee330ba4a8c534821e09139009fce2dcec48b902950e","readerVersion":"GDAL 3.2.2","processedAt":"2026-08-11T13:43:44.753Z"}}},{"type":"Feature","geometry":{"type":"Point","coordinates":[4.2200283,51.5092783]},"properties":{"dolphinKind":"light","rawObjectClass":"LIGHTS","sourceProperties":{"RCID":509844428,"PRIM":1,"GRUP":2,"OBJL":75,"RVER":1,"AGEN":7979,"FIDN":509844428,"FIDS":1,"LNAM":"1F2B1E639BCC0001","COLOUR":["4"],"LITCHR":7,"SIGGRP":"(1)","SIGPER":4,"SCAMIN":200000,"sourceCellId":"1R76W89I","sourceChecksum":"fae62243c04017141e29ee330ba4a8c534821e09139009fce2dcec48b902950e","rawObjectClass":"LIGHTS","sourceStableId":"1F2B1E639BCC0001"},"sourceKind":"official","official":true,"sourceCellId":"1R76W89I","sourceStableId":"1F2B1E639BCC0001","pipelineFeatureId":"1R76W89I/LIGHTS/509844428","provenance":{"cellId":"1R76W89I","checksum":"fae62243c04017141e29ee330ba4a8c534821e09139009fce2dcec48b902950e","readerVersion":"GDAL 3.2.2","processedAt":"2026-08-11T13:43:44.753Z"}}},{"type":"Feature","geometry":{"type":"Point","coordinates":[4.1585971,51.5189023]},"properties":{"dolphinKind":"topmark","rawObjectClass":"TOPMAR","sourceProperties":{"RCID":18268,"PRIM":1,"GRUP":2,"OBJL":144,"RVER":1,"AGEN":7979,"FIDN":1106834728,"FIDS":261,"LNAM":"1F2B41F8F5280105","COLOUR":["4"],"TOPSHP":1,"SCAMIN":200000,"SORIND":"NL,1R,Reprt,MZ123","sourceCellId":"1R76W89I","sourceChecksum":"fae62243c04017141e29ee330ba4a8c534821e09139009fce2dcec48b902950e","rawObjectClass":"TOPMAR","sourceStableId":"1F2B41F8F5280105"},"sourceKind":"official","official":true,"sourceCellId":"1R76W89I","sourceStableId":"1F2B41F8F5280105","pipelineFeatureId":"1R76W89I/TOPMAR/18268","provenance":{"cellId":"1R76W89I","checksum":"fae62243c04017141e29ee330ba4a8c534821e09139009fce2dcec48b902950e","readerVersion":"GDAL 3.2.2","processedAt":"2026-08-11T13:43:44.753Z"},"associationRefsVerifiedInGdalOutput":false}},{"type":"Feature","geometry":{"type":"Point","coordinates":[4.1581906,51.5211453]},"properties":{"dolphinKind":"topmark","rawObjectClass":"TOPMAR","sourceProperties":{"RCID":18275,"PRIM":1,"GRUP":2,"OBJL":144,"RVER":1,"AGEN":7979,"FIDN":1106834728,"FIDS":268,"LNAM":"1F2B41F8F528010C","COLOUR":["3"],"TOPSHP":5,"SCAMIN":200000,"SORIND":"NL,1R,Reprt,MZ123","sourceCellId":"1R76W89I","sourceChecksum":"fae62243c04017141e29ee330ba4a8c534821e09139009fce2dcec48b902950e","rawObjectClass":"TOPMAR","sourceStableId":"1F2B41F8F528010C"},"sourceKind":"official","official":true,"sourceCellId":"1R76W89I","sourceStableId":"1F2B41F8F528010C","pipelineFeatureId":"1R76W89I/TOPMAR/18275","provenance":{"cellId":"1R76W89I","checksum":"fae62243c04017141e29ee330ba4a8c534821e09139009fce2dcec48b902950e","readerVersion":"GDAL 3.2.2","processedAt":"2026-08-11T13:43:44.753Z"},"associationRefsVerifiedInGdalOutput":false}},{"type":"Feature","geometry":{"type":"Point","coordinates":[4.1649834,51.5126005]},"properties":{"dolphinKind":"topmark","rawObjectClass":"TOPMAR","sourceProperties":{"RCID":18279,"PRIM":1,"GRUP":2,"OBJL":144,"RVER":1,"AGEN":7979,"FIDN":1106834728,"FIDS":272,"LNAM":"1F2B41F8F5280110","COLOUR":["3"],"TOPSHP":5,"SCAMIN":200000,"sourceCellId":"1R76W89I","sourceChecksum":"fae62243c04017141e29ee330ba4a8c534821e09139009fce2dcec48b902950e","rawObjectClass":"TOPMAR","sourceStableId":"1F2B41F8F5280110"},"sourceKind":"official","official":true,"sourceCellId":"1R76W89I","sourceStableId":"1F2B41F8F5280110","pipelineFeatureId":"1R76W89I/TOPMAR/18279","provenance":{"cellId":"1R76W89I","checksum":"fae62243c04017141e29ee330ba4a8c534821e09139009fce2dcec48b902950e","readerVersion":"GDAL 3.2.2","processedAt":"2026-08-11T13:43:44.753Z"},"associationRefsVerifiedInGdalOutput":false}},{"type":"Feature","geometry":{"type":"Point","coordinates":[4.1456611,51.4877667]},"properties":{"dolphinKind":"topmark","rawObjectClass":"TOPMAR","sourceProperties":{"RCID":18284,"PRIM":1,"GRUP":2,"OBJL":144,"RVER":1,"AGEN":7979,"FIDN":1106834728,"FIDS":277,"LNAM":"1F2B41F8F5280115","COLOUR":["3"],"TOPSHP":5,"SCAMIN":200000,"SORDAT":"20160519","SORIND":"NL,1R,Reprt,MD 249-16","sourceCellId":"1R76W89I","sourceChecksum":"fae62243c04017141e29ee330ba4a8c534821e09139009fce2dcec48b902950e","rawObjectClass":"TOPMAR","sourceStableId":"1F2B41F8F5280115"},"sourceKind":"official","official":true,"sourceCellId":"1R76W89I","sourceStableId":"1F2B41F8F5280115","pipelineFeatureId":"1R76W89I/TOPMAR/18284","provenance":{"cellId":"1R76W89I","checksum":"fae62243c04017141e29ee330ba4a8c534821e09139009fce2dcec48b902950e","readerVersion":"GDAL 3.2.2","processedAt":"2026-08-11T13:43:44.753Z"},"associationRefsVerifiedInGdalOutput":false}},{"type":"Feature","geometry":{"type":"Point","coordinates":[4.185877,51.4800369]},"properties":{"dolphinKind":"topmark","rawObjectClass":"TOPMAR","sourceProperties":{"RCID":18287,"PRIM":1,"GRUP":2,"OBJL":144,"RVER":1,"AGEN":7979,"FIDN":1106834728,"FIDS":280,"LNAM":"1F2B41F8F5280118","COLOUR":["3"],"TOPSHP":5,"SCAMIN":200000,"SORIND":"NL,1R,Reprt,MZ123","sourceCellId":"1R76W89I","sourceChecksum":"fae62243c04017141e29ee330ba4a8c534821e09139009fce2dcec48b902950e","rawObjectClass":"TOPMAR","sourceStableId":"1F2B41F8F5280118"},"sourceKind":"official","official":true,"sourceCellId":"1R76W89I","sourceStableId":"1F2B41F8F5280118","pipelineFeatureId":"1R76W89I/TOPMAR/18287","provenance":{"cellId":"1R76W89I","checksum":"fae62243c04017141e29ee330ba4a8c534821e09139009fce2dcec48b902950e","readerVersion":"GDAL 3.2.2","processedAt":"2026-08-11T13:43:44.753Z"},"associationRefsVerifiedInGdalOutput":false}},{"type":"Feature","geometry":{"type":"Point","coordinates":[4.1792067,51.5073223]},"properties":{"dolphinKind":"topmark","rawObjectClass":"TOPMAR","sourceProperties":{"RCID":18614,"PRIM":1,"GRUP":2,"OBJL":144,"RVER":1,"AGEN":7979,"FIDN":1106834729,"FIDS":352,"LNAM":"1F2B41F8F5290160","COLOUR":["4"],"TOPSHP":1,"SCAMIN":200000,"SORDAT":"20220322","SORIND":"NL,1R,reprt,MD167-22","sourceCellId":"1R76W89I","sourceChecksum":"fae62243c04017141e29ee330ba4a8c534821e09139009fce2dcec48b902950e","rawObjectClass":"TOPMAR","sourceStableId":"1F2B41F8F5290160"},"sourceKind":"official","official":true,"sourceCellId":"1R76W89I","sourceStableId":"1F2B41F8F5290160","pipelineFeatureId":"1R76W89I/TOPMAR/18614","provenance":{"cellId":"1R76W89I","checksum":"fae62243c04017141e29ee330ba4a8c534821e09139009fce2dcec48b902950e","readerVersion":"GDAL 3.2.2","processedAt":"2026-08-11T13:43:44.753Z"},"associationRefsVerifiedInGdalOutput":false}},{"type":"Feature","geometry":{"type":"Point","coordinates":[4.1818209,51.5065036]},"properties":{"dolphinKind":"topmark","rawObjectClass":"TOPMAR","sourceProperties":{"RCID":18616,"PRIM":1,"GRUP":2,"OBJL":144,"RVER":1,"AGEN":7979,"FIDN":1106834729,"FIDS":354,"LNAM":"1F2B41F8F5290162","COLOUR":["4"],"TOPSHP":1,"SCAMIN":200000,"SORDAT":"20220322","SORIND":"NL,1R,reprt,MD167-22","sourceCellId":"1R76W89I","sourceChecksum":"fae62243c04017141e29ee330ba4a8c534821e09139009fce2dcec48b902950e","rawObjectClass":"TOPMAR","sourceStableId":"1F2B41F8F5290162"},"sourceKind":"official","official":true,"sourceCellId":"1R76W89I","sourceStableId":"1F2B41F8F5290162","pipelineFeatureId":"1R76W89I/TOPMAR/18616","provenance":{"cellId":"1R76W89I","checksum":"fae62243c04017141e29ee330ba4a8c534821e09139009fce2dcec48b902950e","readerVersion":"GDAL 3.2.2","processedAt":"2026-08-11T13:43:44.753Z"},"associationRefsVerifiedInGdalOutput":false}},{"type":"Feature","geometry":{"type":"Point","coordinates":[4.1842196,51.5058084]},"properties":{"dolphinKind":"topmark","rawObjectClass":"TOPMAR","sourceProperties":{"RCID":18618,"PRIM":1,"GRUP":2,"OBJL":144,"RVER":1,"AGEN":7979,"FIDN":1106834729,"FIDS":356,"LNAM":"1F2B41F8F5290164","COLOUR":["4"],"TOPSHP":1,"SCAMIN":200000,"SORDAT":"20220322","SORIND":"NL,1R,reprt,MD167-22","sourceCellId":"1R76W89I","sourceChecksum":"fae62243c04017141e29ee330ba4a8c534821e09139009fce2dcec48b902950e","rawObjectClass":"TOPMAR","sourceStableId":"1F2B41F8F5290164"},"sourceKind":"official","official":true,"sourceCellId":"1R76W89I","sourceStableId":"1F2B41F8F5290164","pipelineFeatureId":"1R76W89I/TOPMAR/18618","provenance":{"cellId":"1R76W89I","checksum":"fae62243c04017141e29ee330ba4a8c534821e09139009fce2dcec48b902950e","readerVersion":"GDAL 3.2.2","processedAt":"2026-08-11T13:43:44.753Z"},"associationRefsVerifiedInGdalOutput":false}},{"type":"Feature","geometry":{"type":"Point","coordinates":[4.1853246,51.5073951]},"properties":{"dolphinKind":"topmark","rawObjectClass":"TOPMAR","sourceProperties":{"RCID":18619,"PRIM":1,"GRUP":2,"OBJL":144,"RVER":1,"AGEN":7979,"FIDN":1106834729,"FIDS":357,"LNAM":"1F2B41F8F5290165","COLOUR":["4"],"TOPSHP":1,"SCAMIN":200000,"SORDAT":"20220322","SORIND":"NL,1R,reprt,MD167-22","sourceCellId":"1R76W89I","sourceChecksum":"fae62243c04017141e29ee330ba4a8c534821e09139009fce2dcec48b902950e","rawObjectClass":"TOPMAR","sourceStableId":"1F2B41F8F5290165"},"sourceKind":"official","official":true,"sourceCellId":"1R76W89I","sourceStableId":"1F2B41F8F5290165","pipelineFeatureId":"1R76W89I/TOPMAR/18619","provenance":{"cellId":"1R76W89I","checksum":"fae62243c04017141e29ee330ba4a8c534821e09139009fce2dcec48b902950e","readerVersion":"GDAL 3.2.2","processedAt":"2026-08-11T13:43:44.753Z"},"associationRefsVerifiedInGdalOutput":false}},{"type":"Feature","geometry":{"type":"Point","coordinates":[4.1864167,51.5089383]},"properties":{"dolphinKind":"topmark","rawObjectClass":"TOPMAR","sourceProperties":{"RCID":18622,"PRIM":1,"GRUP":2,"OBJL":144,"RVER":1,"AGEN":7979,"FIDN":1106834729,"FIDS":360,"LNAM":"1F2B41F8F5290168","COLOUR":["4"],"TOPSHP":1,"SCAMIN":200000,"SORDAT":"20220322","SORIND":"NL,1R,reprt,MD167-22","sourceCellId":"1R76W89I","sourceChecksum":"fae62243c04017141e29ee330ba4a8c534821e09139009fce2dcec48b902950e","rawObjectClass":"TOPMAR","sourceStableId":"1F2B41F8F5290168"},"sourceKind":"official","official":true,"sourceCellId":"1R76W89I","sourceStableId":"1F2B41F8F5290168","pipelineFeatureId":"1R76W89I/TOPMAR/18622","provenance":{"cellId":"1R76W89I","checksum":"fae62243c04017141e29ee330ba4a8c534821e09139009fce2dcec48b902950e","readerVersion":"GDAL 3.2.2","processedAt":"2026-08-11T13:43:44.753Z"},"associationRefsVerifiedInGdalOutput":false}},{"type":"Feature","geometry":{"type":"Point","coordinates":[4.1897355,51.5077877]},"properties":{"dolphinKind":"topmark","rawObjectClass":"TOPMAR","sourceProperties":{"RCID":18623,"PRIM":1,"GRUP":2,"OBJL":144,"RVER":1,"AGEN":7979,"FIDN":1106834729,"FIDS":361,"LNAM":"1F2B41F8F5290169","COLOUR":["4"],"TOPSHP":1,"SCAMIN":200000,"SORDAT":"20220322","SORIND":"NL,1R,reprt,MD167-22","sourceCellId":"1R76W89I","sourceChecksum":"fae62243c04017141e29ee330ba4a8c534821e09139009fce2dcec48b902950e","rawObjectClass":"TOPMAR","sourceStableId":"1F2B41F8F5290169"},"sourceKind":"official","official":true,"sourceCellId":"1R76W89I","sourceStableId":"1F2B41F8F5290169","pipelineFeatureId":"1R76W89I/TOPMAR/18623","provenance":{"cellId":"1R76W89I","checksum":"fae62243c04017141e29ee330ba4a8c534821e09139009fce2dcec48b902950e","readerVersion":"GDAL 3.2.2","processedAt":"2026-08-11T13:43:44.753Z"},"associationRefsVerifiedInGdalOutput":false}},{"type":"Feature","geometry":{"type":"Point","coordinates":[4.19878,51.4983467]},"properties":{"dolphinKind":"topmark","rawObjectClass":"TOPMAR","sourceProperties":{"RCID":18641,"PRIM":1,"GRUP":2,"OBJL":144,"RVER":1,"AGEN":7979,"FIDN":1106834729,"FIDS":379,"LNAM":"1F2B41F8F529017B","COLOUR":["3","1","3"],"COLPAT":["1"],"TOPSHP":5,"SCAMIN":200000,"sourceCellId":"1R76W89I","sourceChecksum":"fae62243c04017141e29ee330ba4a8c534821e09139009fce2dcec48b902950e","rawObjectClass":"TOPMAR","sourceStableId":"1F2B41F8F529017B"},"sourceKind":"official","official":true,"sourceCellId":"1R76W89I","sourceStableId":"1F2B41F8F529017B","pipelineFeatureId":"1R76W89I/TOPMAR/18641","provenance":{"cellId":"1R76W89I","checksum":"fae62243c04017141e29ee330ba4a8c534821e09139009fce2dcec48b902950e","readerVersion":"GDAL 3.2.2","processedAt":"2026-08-11T13:43:44.753Z"},"associationRefsVerifiedInGdalOutput":false}},{"type":"Feature","geometry":{"type":"Point","coordinates":[4.2070535,51.5033568]},"properties":{"dolphinKind":"topmark","rawObjectClass":"TOPMAR","sourceProperties":{"RCID":18672,"PRIM":1,"GRUP":2,"OBJL":144,"RVER":1,"AGEN":7979,"FIDN":1106834729,"FIDS":410,"LNAM":"1F2B41F8F529019A","COLOUR":["3"],"TOPSHP":5,"SCAMIN":200000,"SORDAT":"20220322","SORIND":"NL,1R,reprt,MD167-22","sourceCellId":"1R76W89I","sourceChecksum":"fae62243c04017141e29ee330ba4a8c534821e09139009fce2dcec48b902950e","rawObjectClass":"TOPMAR","sourceStableId":"1F2B41F8F529019A"},"sourceKind":"official","official":true,"sourceCellId":"1R76W89I","sourceStableId":"1F2B41F8F529019A","pipelineFeatureId":"1R76W89I/TOPMAR/18672","provenance":{"cellId":"1R76W89I","checksum":"fae62243c04017141e29ee330ba4a8c534821e09139009fce2dcec48b902950e","readerVersion":"GDAL 3.2.2","processedAt":"2026-08-11T13:43:44.753Z"},"associationRefsVerifiedInGdalOutput":false}},{"type":"Feature","geometry":{"type":"Point","coordinates":[4.2225167,51.4976167]},"properties":{"dolphinKind":"topmark","rawObjectClass":"TOPMAR","sourceProperties":{"RCID":18980,"PRIM":1,"GRUP":2,"OBJL":144,"RVER":1,"AGEN":7979,"FIDN":1106834730,"FIDS":463,"LNAM":"1F2B41F8F52A01CF","COLOUR":["4"],"TOPSHP":1,"SCAMIN":200000,"sourceCellId":"1R76W89I","sourceChecksum":"fae62243c04017141e29ee330ba4a8c534821e09139009fce2dcec48b902950e","rawObjectClass":"TOPMAR","sourceStableId":"1F2B41F8F52A01CF"},"sourceKind":"official","official":true,"sourceCellId":"1R76W89I","sourceStableId":"1F2B41F8F52A01CF","pipelineFeatureId":"1R76W89I/TOPMAR/18980","provenance":{"cellId":"1R76W89I","checksum":"fae62243c04017141e29ee330ba4a8c534821e09139009fce2dcec48b902950e","readerVersion":"GDAL 3.2.2","processedAt":"2026-08-11T13:43:44.753Z"},"associationRefsVerifiedInGdalOutput":false}},{"type":"Feature","geometry":{"type":"Point","coordinates":[4.2225,51.49625]},"properties":{"dolphinKind":"topmark","rawObjectClass":"TOPMAR","sourceProperties":{"RCID":18981,"PRIM":1,"GRUP":2,"OBJL":144,"RVER":1,"AGEN":7979,"FIDN":1106834730,"FIDS":464,"LNAM":"1F2B41F8F52A01D0","COLOUR":["4"],"TOPSHP":1,"SCAMIN":200000,"sourceCellId":"1R76W89I","sourceChecksum":"fae62243c04017141e29ee330ba4a8c534821e09139009fce2dcec48b902950e","rawObjectClass":"TOPMAR","sourceStableId":"1F2B41F8F52A01D0"},"sourceKind":"official","official":true,"sourceCellId":"1R76W89I","sourceStableId":"1F2B41F8F52A01D0","pipelineFeatureId":"1R76W89I/TOPMAR/18981","provenance":{"cellId":"1R76W89I","checksum":"fae62243c04017141e29ee330ba4a8c534821e09139009fce2dcec48b902950e","readerVersion":"GDAL 3.2.2","processedAt":"2026-08-11T13:43:44.753Z"},"associationRefsVerifiedInGdalOutput":false}},{"type":"Feature","geometry":{"type":"Point","coordinates":[4.2378834,51.4995833]},"properties":{"dolphinKind":"topmark","rawObjectClass":"TOPMAR","sourceProperties":{"RCID":18982,"PRIM":1,"GRUP":2,"OBJL":144,"RVER":1,"AGEN":7979,"FIDN":1106834730,"FIDS":465,"LNAM":"1F2B41F8F52A01D1","COLOUR":["4"],"TOPSHP":1,"SCAMIN":200000,"SORDAT":"20150602","SORIND":"NL,1R,Reprt,MD 254-15","sourceCellId":"1R76W89I","sourceChecksum":"fae62243c04017141e29ee330ba4a8c534821e09139009fce2dcec48b902950e","rawObjectClass":"TOPMAR","sourceStableId":"1F2B41F8F52A01D1"},"sourceKind":"official","official":true,"sourceCellId":"1R76W89I","sourceStableId":"1F2B41F8F52A01D1","pipelineFeatureId":"1R76W89I/TOPMAR/18982","provenance":{"cellId":"1R76W89I","checksum":"fae62243c04017141e29ee330ba4a8c534821e09139009fce2dcec48b902950e","readerVersion":"GDAL 3.2.2","processedAt":"2026-08-11T13:43:44.753Z"},"associationRefsVerifiedInGdalOutput":false}},{"type":"Feature","geometry":{"type":"Point","coordinates":[4.2260263,51.4971072]},"properties":{"dolphinKind":"topmark","rawObjectClass":"TOPMAR","sourceProperties":{"RCID":18983,"PRIM":1,"GRUP":2,"OBJL":144,"RVER":1,"AGEN":7979,"FIDN":1106834730,"FIDS":466,"LNAM":"1F2B41F8F52A01D2","COLOUR":["3"],"TOPSHP":5,"SCAMIN":200000,"sourceCellId":"1R76W89I","sourceChecksum":"fae62243c04017141e29ee330ba4a8c534821e09139009fce2dcec48b902950e","rawObjectClass":"TOPMAR","sourceStableId":"1F2B41F8F52A01D2"},"sourceKind":"official","official":true,"sourceCellId":"1R76W89I","sourceStableId":"1F2B41F8F52A01D2","pipelineFeatureId":"1R76W89I/TOPMAR/18983","provenance":{"cellId":"1R76W89I","checksum":"fae62243c04017141e29ee330ba4a8c534821e09139009fce2dcec48b902950e","readerVersion":"GDAL 3.2.2","processedAt":"2026-08-11T13:43:44.753Z"},"associationRefsVerifiedInGdalOutput":false}},{"type":"Feature","geometry":{"type":"Point","coordinates":[4.2369633,51.500155]},"properties":{"dolphinKind":"topmark","rawObjectClass":"TOPMAR","sourceProperties":{"RCID":18984,"PRIM":1,"GRUP":2,"OBJL":144,"RVER":1,"AGEN":7979,"FIDN":1106834730,"FIDS":467,"LNAM":"1F2B41F8F52A01D3","COLOUR":["3"],"TOPSHP":5,"SCAMIN":200000,"SORDAT":"20190426","SORIND":"NL,1R,Reprt,MD 197-19","sourceCellId":"1R76W89I","sourceChecksum":"fae62243c04017141e29ee330ba4a8c534821e09139009fce2dcec48b902950e","rawObjectClass":"TOPMAR","sourceStableId":"1F2B41F8F52A01D3"},"sourceKind":"official","official":true,"sourceCellId":"1R76W89I","sourceStableId":"1F2B41F8F52A01D3","pipelineFeatureId":"1R76W89I/TOPMAR/18984","provenance":{"cellId":"1R76W89I","checksum":"fae62243c04017141e29ee330ba4a8c534821e09139009fce2dcec48b902950e","readerVersion":"GDAL 3.2.2","processedAt":"2026-08-11T13:43:44.753Z"},"associationRefsVerifiedInGdalOutput":false}},{"type":"Feature","geometry":{"type":"Point","coordinates":[4.2205,51.5223167]},"properties":{"dolphinKind":"topmark","rawObjectClass":"TOPMAR","sourceProperties":{"RCID":18985,"PRIM":1,"GRUP":2,"OBJL":144,"RVER":1,"AGEN":7979,"FIDN":1106834730,"FIDS":468,"LNAM":"1F2B41F8F52A01D4","COLOUR":["4"],"TOPSHP":1,"SCAMIN":200000,"SORIND":"NL,1R,reprt,DZD-BAS-2009/74","sourceCellId":"1R76W89I","sourceChecksum":"fae62243c04017141e29ee330ba4a8c534821e09139009fce2dcec48b902950e","rawObjectClass":"TOPMAR","sourceStableId":"1F2B41F8F52A01D4"},"sourceKind":"official","official":true,"sourceCellId":"1R76W89I","sourceStableId":"1F2B41F8F52A01D4","pipelineFeatureId":"1R76W89I/TOPMAR/18985","provenance":{"cellId":"1R76W89I","checksum":"fae62243c04017141e29ee330ba4a8c534821e09139009fce2dcec48b902950e","readerVersion":"GDAL 3.2.2","processedAt":"2026-08-11T13:43:44.753Z"},"associationRefsVerifiedInGdalOutput":false}},{"type":"Feature","geometry":{"type":"Point","coordinates":[4.2067666,51.5052833]},"properties":{"dolphinKind":"topmark","rawObjectClass":"TOPMAR","sourceProperties":{"RCID":18987,"PRIM":1,"GRUP":2,"OBJL":144,"RVER":1,"AGEN":7979,"FIDN":1106834730,"FIDS":470,"LNAM":"1F2B41F8F52A01D6","COLOUR":["3"],"TOPSHP":5,"SCAMIN":200000,"SORDAT":"20220322","SORIND":"NL,1R,reprt,MD167-22","sourceCellId":"1R76W89I","sourceChecksum":"fae62243c04017141e29ee330ba4a8c534821e09139009fce2dcec48b902950e","rawObjectClass":"TOPMAR","sourceStableId":"1F2B41F8F52A01D6"},"sourceKind":"official","official":true,"sourceCellId":"1R76W89I","sourceStableId":"1F2B41F8F52A01D6","pipelineFeatureId":"1R76W89I/TOPMAR/18987","provenance":{"cellId":"1R76W89I","checksum":"fae62243c04017141e29ee330ba4a8c534821e09139009fce2dcec48b902950e","readerVersion":"GDAL 3.2.2","processedAt":"2026-08-11T13:43:44.753Z"},"associationRefsVerifiedInGdalOutput":false}},{"type":"Feature","geometry":{"type":"Point","coordinates":[4.220976,51.5210027]},"properties":{"dolphinKind":"topmark","rawObjectClass":"TOPMAR","sourceProperties":{"RCID":18988,"PRIM":1,"GRUP":2,"OBJL":144,"RVER":1,"AGEN":7979,"FIDN":1106834730,"FIDS":471,"LNAM":"1F2B41F8F52A01D7","COLOUR":["3"],"TOPSHP":5,"SCAMIN":200000,"sourceCellId":"1R76W89I","sourceChecksum":"fae62243c04017141e29ee330ba4a8c534821e09139009fce2dcec48b902950e","rawObjectClass":"TOPMAR","sourceStableId":"1F2B41F8F52A01D7"},"sourceKind":"official","official":true,"sourceCellId":"1R76W89I","sourceStableId":"1F2B41F8F52A01D7","pipelineFeatureId":"1R76W89I/TOPMAR/18988","provenance":{"cellId":"1R76W89I","checksum":"fae62243c04017141e29ee330ba4a8c534821e09139009fce2dcec48b902950e","readerVersion":"GDAL 3.2.2","processedAt":"2026-08-11T13:43:44.753Z"},"associationRefsVerifiedInGdalOutput":false}},{"type":"Feature","geometry":{"type":"Point","coordinates":[4.1794415,51.5085237]},"properties":{"dolphinKind":"topmark","rawObjectClass":"TOPMAR","sourceProperties":{"RCID":18989,"PRIM":1,"GRUP":2,"OBJL":144,"RVER":1,"AGEN":7979,"FIDN":1106834730,"FIDS":472,"LNAM":"1F2B41F8F52A01D8","COLOUR":["4"],"TOPSHP":1,"SCAMIN":200000,"SORDAT":"20220322","SORIND":"NL,1R,reprt,MD167-22","sourceCellId":"1R76W89I","sourceChecksum":"fae62243c04017141e29ee330ba4a8c534821e09139009fce2dcec48b902950e","rawObjectClass":"TOPMAR","sourceStableId":"1F2B41F8F52A01D8"},"sourceKind":"official","official":true,"sourceCellId":"1R76W89I","sourceStableId":"1F2B41F8F52A01D8","pipelineFeatureId":"1R76W89I/TOPMAR/18989","provenance":{"cellId":"1R76W89I","checksum":"fae62243c04017141e29ee330ba4a8c534821e09139009fce2dcec48b902950e","readerVersion":"GDAL 3.2.2","processedAt":"2026-08-11T13:43:44.753Z"},"associationRefsVerifiedInGdalOutput":false}},{"type":"Feature","geometry":{"type":"Point","coordinates":[4.1839883,51.50987]},"properties":{"dolphinKind":"topmark","rawObjectClass":"TOPMAR","sourceProperties":{"RCID":18990,"PRIM":1,"GRUP":2,"OBJL":144,"RVER":1,"AGEN":7979,"FIDN":1106834730,"FIDS":473,"LNAM":"1F2B41F8F52A01D9","COLOUR":["4"],"TOPSHP":1,"SCAMIN":200000,"SORDAT":"20220322","SORIND":"NL,1R,reprt,MD167-22","sourceCellId":"1R76W89I","sourceChecksum":"fae62243c04017141e29ee330ba4a8c534821e09139009fce2dcec48b902950e","rawObjectClass":"TOPMAR","sourceStableId":"1F2B41F8F52A01D9"},"sourceKind":"official","official":true,"sourceCellId":"1R76W89I","sourceStableId":"1F2B41F8F52A01D9","pipelineFeatureId":"1R76W89I/TOPMAR/18990","provenance":{"cellId":"1R76W89I","checksum":"fae62243c04017141e29ee330ba4a8c534821e09139009fce2dcec48b902950e","readerVersion":"GDAL 3.2.2","processedAt":"2026-08-11T13:43:44.753Z"},"associationRefsVerifiedInGdalOutput":false}},{"type":"Feature","geometry":{"type":"Point","coordinates":[4.2061695,51.5024928]},"properties":{"dolphinKind":"topmark","rawObjectClass":"TOPMAR","sourceProperties":{"RCID":18991,"PRIM":1,"GRUP":2,"OBJL":144,"RVER":1,"AGEN":7979,"FIDN":1106834730,"FIDS":474,"LNAM":"1F2B41F8F52A01DA","COLOUR":["4"],"TOPSHP":1,"SCAMIN":200000,"SORDAT":"20220322","SORIND":"NL,1R,reprt,MD167-22","sourceCellId":"1R76W89I","sourceChecksum":"fae62243c04017141e29ee330ba4a8c534821e09139009fce2dcec48b902950e","rawObjectClass":"TOPMAR","sourceStableId":"1F2B41F8F52A01DA"},"sourceKind":"official","official":true,"sourceCellId":"1R76W89I","sourceStableId":"1F2B41F8F52A01DA","pipelineFeatureId":"1R76W89I/TOPMAR/18991","provenance":{"cellId":"1R76W89I","checksum":"fae62243c04017141e29ee330ba4a8c534821e09139009fce2dcec48b902950e","readerVersion":"GDAL 3.2.2","processedAt":"2026-08-11T13:43:44.753Z"},"associationRefsVerifiedInGdalOutput":false}},{"type":"Feature","geometry":{"type":"Point","coordinates":[4.1786066,51.5098518]},"properties":{"dolphinKind":"topmark","rawObjectClass":"TOPMAR","sourceProperties":{"RCID":18992,"PRIM":1,"GRUP":2,"OBJL":144,"RVER":1,"AGEN":7979,"FIDN":1106834730,"FIDS":475,"LNAM":"1F2B41F8F52A01DB","COLOUR":["3"],"TOPSHP":5,"SCAMIN":200000,"SORDAT":"20220322","SORIND":"NL,1R,reprt,MD167-22","sourceCellId":"1R76W89I","sourceChecksum":"fae62243c04017141e29ee330ba4a8c534821e09139009fce2dcec48b902950e","rawObjectClass":"TOPMAR","sourceStableId":"1F2B41F8F52A01DB"},"sourceKind":"official","official":true,"sourceCellId":"1R76W89I","sourceStableId":"1F2B41F8F52A01DB","pipelineFeatureId":"1R76W89I/TOPMAR/18992","provenance":{"cellId":"1R76W89I","checksum":"fae62243c04017141e29ee330ba4a8c534821e09139009fce2dcec48b902950e","readerVersion":"GDAL 3.2.2","processedAt":"2026-08-11T13:43:44.753Z"},"associationRefsVerifiedInGdalOutput":false}},{"type":"Feature","geometry":{"type":"Point","coordinates":[4.1867833,51.5115533]},"properties":{"dolphinKind":"topmark","rawObjectClass":"TOPMAR","sourceProperties":{"RCID":18993,"PRIM":1,"GRUP":2,"OBJL":144,"RVER":1,"AGEN":7979,"FIDN":1106834730,"FIDS":476,"LNAM":"1F2B41F8F52A01DC","COLOUR":["3"],"TOPSHP":5,"SCAMIN":200000,"SORDAT":"20220322","SORIND":"NL,1R,reprt,MD167-22","sourceCellId":"1R76W89I","sourceChecksum":"fae62243c04017141e29ee330ba4a8c534821e09139009fce2dcec48b902950e","rawObjectClass":"TOPMAR","sourceStableId":"1F2B41F8F52A01DC"},"sourceKind":"official","official":true,"sourceCellId":"1R76W89I","sourceStableId":"1F2B41F8F52A01DC","pipelineFeatureId":"1R76W89I/TOPMAR/18993","provenance":{"cellId":"1R76W89I","checksum":"fae62243c04017141e29ee330ba4a8c534821e09139009fce2dcec48b902950e","readerVersion":"GDAL 3.2.2","processedAt":"2026-08-11T13:43:44.753Z"},"associationRefsVerifiedInGdalOutput":false}},{"type":"Feature","geometry":{"type":"Point","coordinates":[4.2170667,51.50005]},"properties":{"dolphinKind":"topmark","rawObjectClass":"TOPMAR","sourceProperties":{"RCID":18994,"PRIM":1,"GRUP":2,"OBJL":144,"RVER":1,"AGEN":7979,"FIDN":1106834730,"FIDS":477,"LNAM":"1F2B41F8F52A01DD","COLOUR":["3"],"TOPSHP":5,"SCAMIN":200000,"sourceCellId":"1R76W89I","sourceChecksum":"fae62243c04017141e29ee330ba4a8c534821e09139009fce2dcec48b902950e","rawObjectClass":"TOPMAR","sourceStableId":"1F2B41F8F52A01DD"},"sourceKind":"official","official":true,"sourceCellId":"1R76W89I","sourceStableId":"1F2B41F8F52A01DD","pipelineFeatureId":"1R76W89I/TOPMAR/18994","provenance":{"cellId":"1R76W89I","checksum":"fae62243c04017141e29ee330ba4a8c534821e09139009fce2dcec48b902950e","readerVersion":"GDAL 3.2.2","processedAt":"2026-08-11T13:43:44.753Z"},"associationRefsVerifiedInGdalOutput":false}},{"type":"Feature","geometry":{"type":"Point","coordinates":[4.1589017,51.5210383]},"properties":{"dolphinKind":"topmark","rawObjectClass":"TOPMAR","sourceProperties":{"RCID":86286949,"PRIM":1,"GRUP":2,"OBJL":144,"RVER":1,"AGEN":7979,"FIDN":86286949,"FIDS":1,"LNAM":"1F2B0524A2650001","COLOUR":["3","1","3"],"COLPAT":["1"],"TOPSHP":5,"SCAMIN":200000,"SORIND":"NL,1R,reprt,NavBer 2012/MZ39","sourceCellId":"1R76W89I","sourceChecksum":"fae62243c04017141e29ee330ba4a8c534821e09139009fce2dcec48b902950e","rawObjectClass":"TOPMAR","sourceStableId":"1F2B0524A2650001"},"sourceKind":"official","official":true,"sourceCellId":"1R76W89I","sourceStableId":"1F2B0524A2650001","pipelineFeatureId":"1R76W89I/TOPMAR/86286949","provenance":{"cellId":"1R76W89I","checksum":"fae62243c04017141e29ee330ba4a8c534821e09139009fce2dcec48b902950e","readerVersion":"GDAL 3.2.2","processedAt":"2026-08-11T13:43:44.753Z"},"associationRefsVerifiedInGdalOutput":false}},{"type":"Feature","geometry":{"type":"Point","coordinates":[4.1691,51.5149167]},"properties":{"dolphinKind":"topmark","rawObjectClass":"TOPMAR","sourceProperties":{"RCID":86286951,"PRIM":1,"GRUP":2,"OBJL":144,"RVER":1,"AGEN":7979,"FIDN":86286951,"FIDS":1,"LNAM":"1F2B0524A2670001","COLOUR":["3","1","3"],"COLPAT":["1"],"TOPSHP":5,"SCAMIN":200000,"SORIND":"NL,1R,reprt,NavBer 2012/MZ39","sourceCellId":"1R76W89I","sourceChecksum":"fae62243c04017141e29ee330ba4a8c534821e09139009fce2dcec48b902950e","rawObjectClass":"TOPMAR","sourceStableId":"1F2B0524A2670001"},"sourceKind":"official","official":true,"sourceCellId":"1R76W89I","sourceStableId":"1F2B0524A2670001","pipelineFeatureId":"1R76W89I/TOPMAR/86286951","provenance":{"cellId":"1R76W89I","checksum":"fae62243c04017141e29ee330ba4a8c534821e09139009fce2dcec48b902950e","readerVersion":"GDAL 3.2.2","processedAt":"2026-08-11T13:43:44.753Z"},"associationRefsVerifiedInGdalOutput":false}},{"type":"Feature","geometry":{"type":"Point","coordinates":[4.162,51.5166]},"properties":{"dolphinKind":"topmark","rawObjectClass":"TOPMAR","sourceProperties":{"RCID":86286955,"PRIM":1,"GRUP":2,"OBJL":144,"RVER":1,"AGEN":7979,"FIDN":86286955,"FIDS":1,"LNAM":"1F2B0524A26B0001","COLOUR":["3","1","3"],"COLPAT":["1"],"TOPSHP":5,"SCAMIN":200000,"SORIND":"NL,1R,reprt,NavBer 2012/MZ39","sourceCellId":"1R76W89I","sourceChecksum":"fae62243c04017141e29ee330ba4a8c534821e09139009fce2dcec48b902950e","rawObjectClass":"TOPMAR","sourceStableId":"1F2B0524A26B0001"},"sourceKind":"official","official":true,"sourceCellId":"1R76W89I","sourceStableId":"1F2B0524A26B0001","pipelineFeatureId":"1R76W89I/TOPMAR/86286955","provenance":{"cellId":"1R76W89I","checksum":"fae62243c04017141e29ee330ba4a8c534821e09139009fce2dcec48b902950e","readerVersion":"GDAL 3.2.2","processedAt":"2026-08-11T13:43:44.753Z"},"associationRefsVerifiedInGdalOutput":false}},{"type":"Feature","geometry":{"type":"Point","coordinates":[4.2305617,51.496995]},"properties":{"dolphinKind":"topmark","rawObjectClass":"TOPMAR","sourceProperties":{"RCID":188471251,"PRIM":1,"GRUP":2,"OBJL":144,"RVER":1,"AGEN":7979,"FIDN":188471251,"FIDS":1,"LNAM":"1F2B0B3BD7D30001","COLOUR":["4"],"TOPSHP":1,"SCAMIN":200000,"SORDAT":"20150602","SORIND":"NL,1R,Reprt,MD 254-15","sourceCellId":"1R76W89I","sourceChecksum":"fae62243c04017141e29ee330ba4a8c534821e09139009fce2dcec48b902950e","rawObjectClass":"TOPMAR","sourceStableId":"1F2B0B3BD7D30001"},"sourceKind":"official","official":true,"sourceCellId":"1R76W89I","sourceStableId":"1F2B0B3BD7D30001","pipelineFeatureId":"1R76W89I/TOPMAR/188471251","provenance":{"cellId":"1R76W89I","checksum":"fae62243c04017141e29ee330ba4a8c534821e09139009fce2dcec48b902950e","readerVersion":"GDAL 3.2.2","processedAt":"2026-08-11T13:43:44.753Z"},"associationRefsVerifiedInGdalOutput":false}},{"type":"Feature","geometry":{"type":"Point","coordinates":[4.234,51.4982166]},"properties":{"dolphinKind":"topmark","rawObjectClass":"TOPMAR","sourceProperties":{"RCID":188471352,"PRIM":1,"GRUP":2,"OBJL":144,"RVER":1,"AGEN":7979,"FIDN":188471352,"FIDS":1,"LNAM":"1F2B0B3BD8380001","COLOUR":["4"],"TOPSHP":1,"SCAMIN":200000,"SORDAT":"20150602","SORIND":"NL,1R,Reprt,MD 254-15","sourceCellId":"1R76W89I","sourceChecksum":"fae62243c04017141e29ee330ba4a8c534821e09139009fce2dcec48b902950e","rawObjectClass":"TOPMAR","sourceStableId":"1F2B0B3BD8380001"},"sourceKind":"official","official":true,"sourceCellId":"1R76W89I","sourceStableId":"1F2B0B3BD8380001","pipelineFeatureId":"1R76W89I/TOPMAR/188471352","provenance":{"cellId":"1R76W89I","checksum":"fae62243c04017141e29ee330ba4a8c534821e09139009fce2dcec48b902950e","readerVersion":"GDAL 3.2.2","processedAt":"2026-08-11T13:43:44.753Z"},"associationRefsVerifiedInGdalOutput":false}},{"type":"Feature","geometry":{"type":"Point","coordinates":[4.2297834,51.49755]},"properties":{"dolphinKind":"topmark","rawObjectClass":"TOPMAR","sourceProperties":{"RCID":188847104,"PRIM":1,"GRUP":2,"OBJL":144,"RVER":1,"AGEN":7979,"FIDN":188847104,"FIDS":1,"LNAM":"1F2B0B4194000001","COLOUR":["3"],"TOPSHP":5,"SCAMIN":200000,"SORDAT":"20150602","SORIND":"NL,1R,reprt,MD254-15","sourceCellId":"1R76W89I","sourceChecksum":"fae62243c04017141e29ee330ba4a8c534821e09139009fce2dcec48b902950e","rawObjectClass":"TOPMAR","sourceStableId":"1F2B0B4194000001"},"sourceKind":"official","official":true,"sourceCellId":"1R76W89I","sourceStableId":"1F2B0B4194000001","pipelineFeatureId":"1R76W89I/TOPMAR/188847104","provenance":{"cellId":"1R76W89I","checksum":"fae62243c04017141e29ee330ba4a8c534821e09139009fce2dcec48b902950e","readerVersion":"GDAL 3.2.2","processedAt":"2026-08-11T13:43:44.753Z"},"associationRefsVerifiedInGdalOutput":false}},{"type":"Feature","geometry":{"type":"Point","coordinates":[4.2193317,51.496615]},"properties":{"dolphinKind":"topmark","rawObjectClass":"TOPMAR","sourceProperties":{"RCID":236958750,"PRIM":1,"GRUP":2,"OBJL":144,"RVER":1,"AGEN":7979,"FIDN":236958750,"FIDS":1,"LNAM":"1F2B0E1FB41E0001","COLOUR":["3"],"TOPSHP":1,"SCAMIN":200000,"SORDAT":"20171003","SORIND":"NL,1R,reprt,MD322-17","sourceCellId":"1R76W89I","sourceChecksum":"fae62243c04017141e29ee330ba4a8c534821e09139009fce2dcec48b902950e","rawObjectClass":"TOPMAR","sourceStableId":"1F2B0E1FB41E0001"},"sourceKind":"official","official":true,"sourceCellId":"1R76W89I","sourceStableId":"1F2B0E1FB41E0001","pipelineFeatureId":"1R76W89I/TOPMAR/236958750","provenance":{"cellId":"1R76W89I","checksum":"fae62243c04017141e29ee330ba4a8c534821e09139009fce2dcec48b902950e","readerVersion":"GDAL 3.2.2","processedAt":"2026-08-11T13:43:44.753Z"},"associationRefsVerifiedInGdalOutput":false}},{"type":"Feature","geometry":{"type":"Point","coordinates":[4.1985483,51.497745]},"properties":{"dolphinKind":"topmark","rawObjectClass":"TOPMAR","sourceProperties":{"RCID":305844451,"PRIM":1,"GRUP":2,"OBJL":144,"RVER":1,"AGEN":7979,"FIDN":305844451,"FIDS":1,"LNAM":"1F2B123AD0E30001","COLOUR":["3","1","3"],"COLPAT":["1"],"TOPSHP":5,"SCAMIN":200000,"sourceCellId":"1R76W89I","sourceChecksum":"fae62243c04017141e29ee330ba4a8c534821e09139009fce2dcec48b902950e","rawObjectClass":"TOPMAR","sourceStableId":"1F2B123AD0E30001"},"sourceKind":"official","official":true,"sourceCellId":"1R76W89I","sourceStableId":"1F2B123AD0E30001","pipelineFeatureId":"1R76W89I/TOPMAR/305844451","provenance":{"cellId":"1R76W89I","checksum":"fae62243c04017141e29ee330ba4a8c534821e09139009fce2dcec48b902950e","readerVersion":"GDAL 3.2.2","processedAt":"2026-08-11T13:43:44.753Z"},"associationRefsVerifiedInGdalOutput":false}},{"type":"Feature","geometry":{"type":"Point","coordinates":[4.201375,51.4987117]},"properties":{"dolphinKind":"topmark","rawObjectClass":"TOPMAR","sourceProperties":{"RCID":305886553,"PRIM":1,"GRUP":2,"OBJL":144,"RVER":1,"AGEN":7979,"FIDN":305886553,"FIDS":1,"LNAM":"1F2B123B75590001","COLOUR":["3","1","3"],"COLPAT":["1"],"TOPSHP":5,"SCAMIN":200000,"sourceCellId":"1R76W89I","sourceChecksum":"fae62243c04017141e29ee330ba4a8c534821e09139009fce2dcec48b902950e","rawObjectClass":"TOPMAR","sourceStableId":"1F2B123B75590001"},"sourceKind":"official","official":true,"sourceCellId":"1R76W89I","sourceStableId":"1F2B123B75590001","pipelineFeatureId":"1R76W89I/TOPMAR/305886553","provenance":{"cellId":"1R76W89I","checksum":"fae62243c04017141e29ee330ba4a8c534821e09139009fce2dcec48b902950e","readerVersion":"GDAL 3.2.2","processedAt":"2026-08-11T13:43:44.753Z"},"associationRefsVerifiedInGdalOutput":false}},{"type":"Feature","geometry":{"type":"Point","coordinates":[4.2038467,51.4977033]},"properties":{"dolphinKind":"topmark","rawObjectClass":"TOPMAR","sourceProperties":{"RCID":305886554,"PRIM":1,"GRUP":2,"OBJL":144,"RVER":1,"AGEN":7979,"FIDN":305886554,"FIDS":1,"LNAM":"1F2B123B755A0001","COLOUR":["3","1","3"],"COLPAT":["1"],"TOPSHP":5,"SCAMIN":200000,"sourceCellId":"1R76W89I","sourceChecksum":"fae62243c04017141e29ee330ba4a8c534821e09139009fce2dcec48b902950e","rawObjectClass":"TOPMAR","sourceStableId":"1F2B123B755A0001"},"sourceKind":"official","official":true,"sourceCellId":"1R76W89I","sourceStableId":"1F2B123B755A0001","pipelineFeatureId":"1R76W89I/TOPMAR/305886554","provenance":{"cellId":"1R76W89I","checksum":"fae62243c04017141e29ee330ba4a8c534821e09139009fce2dcec48b902950e","readerVersion":"GDAL 3.2.2","processedAt":"2026-08-11T13:43:44.753Z"},"associationRefsVerifiedInGdalOutput":false}},{"type":"Feature","geometry":{"type":"Point","coordinates":[4.2061783,51.4967367]},"properties":{"dolphinKind":"topmark","rawObjectClass":"TOPMAR","sourceProperties":{"RCID":305886555,"PRIM":1,"GRUP":2,"OBJL":144,"RVER":1,"AGEN":7979,"FIDN":305886555,"FIDS":1,"LNAM":"1F2B123B755B0001","COLOUR":["3","1","3"],"COLPAT":["1"],"TOPSHP":5,"SCAMIN":200000,"sourceCellId":"1R76W89I","sourceChecksum":"fae62243c04017141e29ee330ba4a8c534821e09139009fce2dcec48b902950e","rawObjectClass":"TOPMAR","sourceStableId":"1F2B123B755B0001"},"sourceKind":"official","official":true,"sourceCellId":"1R76W89I","sourceStableId":"1F2B123B755B0001","pipelineFeatureId":"1R76W89I/TOPMAR/305886555","provenance":{"cellId":"1R76W89I","checksum":"fae62243c04017141e29ee330ba4a8c534821e09139009fce2dcec48b902950e","readerVersion":"GDAL 3.2.2","processedAt":"2026-08-11T13:43:44.753Z"},"associationRefsVerifiedInGdalOutput":false}},{"type":"Feature","geometry":{"type":"Point","coordinates":[4.2097833,51.496595]},"properties":{"dolphinKind":"topmark","rawObjectClass":"TOPMAR","sourceProperties":{"RCID":305893006,"PRIM":1,"GRUP":2,"OBJL":144,"RVER":1,"AGEN":7979,"FIDN":305893006,"FIDS":1,"LNAM":"1F2B123B8E8E0001","COLOUR":["3","1","3"],"COLPAT":["1"],"TOPSHP":5,"SCAMIN":200000,"sourceCellId":"1R76W89I","sourceChecksum":"fae62243c04017141e29ee330ba4a8c534821e09139009fce2dcec48b902950e","rawObjectClass":"TOPMAR","sourceStableId":"1F2B123B8E8E0001"},"sourceKind":"official","official":true,"sourceCellId":"1R76W89I","sourceStableId":"1F2B123B8E8E0001","pipelineFeatureId":"1R76W89I/TOPMAR/305893006","provenance":{"cellId":"1R76W89I","checksum":"fae62243c04017141e29ee330ba4a8c534821e09139009fce2dcec48b902950e","readerVersion":"GDAL 3.2.2","processedAt":"2026-08-11T13:43:44.753Z"},"associationRefsVerifiedInGdalOutput":false}},{"type":"Feature","geometry":{"type":"Point","coordinates":[4.212755,51.4961283]},"properties":{"dolphinKind":"topmark","rawObjectClass":"TOPMAR","sourceProperties":{"RCID":305906507,"PRIM":1,"GRUP":2,"OBJL":144,"RVER":1,"AGEN":7979,"FIDN":305906507,"FIDS":1,"LNAM":"1F2B123BC34B0001","COLOUR":["3","1","3"],"COLPAT":["1"],"TOPSHP":5,"SCAMIN":200000,"sourceCellId":"1R76W89I","sourceChecksum":"fae62243c04017141e29ee330ba4a8c534821e09139009fce2dcec48b902950e","rawObjectClass":"TOPMAR","sourceStableId":"1F2B123BC34B0001"},"sourceKind":"official","official":true,"sourceCellId":"1R76W89I","sourceStableId":"1F2B123BC34B0001","pipelineFeatureId":"1R76W89I/TOPMAR/305906507","provenance":{"cellId":"1R76W89I","checksum":"fae62243c04017141e29ee330ba4a8c534821e09139009fce2dcec48b902950e","readerVersion":"GDAL 3.2.2","processedAt":"2026-08-11T13:43:44.753Z"},"associationRefsVerifiedInGdalOutput":false}},{"type":"Feature","geometry":{"type":"Point","coordinates":[4.2157833,51.4956633]},"properties":{"dolphinKind":"topmark","rawObjectClass":"TOPMAR","sourceProperties":{"RCID":305907908,"PRIM":1,"GRUP":2,"OBJL":144,"RVER":1,"AGEN":7979,"FIDN":305907908,"FIDS":1,"LNAM":"1F2B123BC8C40001","COLOUR":["3","1","3"],"COLPAT":["1"],"TOPSHP":5,"SCAMIN":200000,"sourceCellId":"1R76W89I","sourceChecksum":"fae62243c04017141e29ee330ba4a8c534821e09139009fce2dcec48b902950e","rawObjectClass":"TOPMAR","sourceStableId":"1F2B123BC8C40001"},"sourceKind":"official","official":true,"sourceCellId":"1R76W89I","sourceStableId":"1F2B123BC8C40001","pipelineFeatureId":"1R76W89I/TOPMAR/305907908","provenance":{"cellId":"1R76W89I","checksum":"fae62243c04017141e29ee330ba4a8c534821e09139009fce2dcec48b902950e","readerVersion":"GDAL 3.2.2","processedAt":"2026-08-11T13:43:44.753Z"},"associationRefsVerifiedInGdalOutput":false}},{"type":"Feature","geometry":{"type":"Point","coordinates":[4.2188967,51.4949783]},"properties":{"dolphinKind":"topmark","rawObjectClass":"TOPMAR","sourceProperties":{"RCID":305926459,"PRIM":1,"GRUP":2,"OBJL":144,"RVER":1,"AGEN":7979,"FIDN":305926459,"FIDS":1,"LNAM":"1F2B123C113B0001","COLOUR":["3","1","3"],"COLPAT":["1"],"TOPSHP":5,"SCAMIN":200000,"sourceCellId":"1R76W89I","sourceChecksum":"fae62243c04017141e29ee330ba4a8c534821e09139009fce2dcec48b902950e","rawObjectClass":"TOPMAR","sourceStableId":"1F2B123C113B0001"},"sourceKind":"official","official":true,"sourceCellId":"1R76W89I","sourceStableId":"1F2B123C113B0001","pipelineFeatureId":"1R76W89I/TOPMAR/305926459","provenance":{"cellId":"1R76W89I","checksum":"fae62243c04017141e29ee330ba4a8c534821e09139009fce2dcec48b902950e","readerVersion":"GDAL 3.2.2","processedAt":"2026-08-11T13:43:44.753Z"},"associationRefsVerifiedInGdalOutput":false}},{"type":"Feature","geometry":{"type":"Point","coordinates":[4.199255,51.499745]},"properties":{"dolphinKind":"topmark","rawObjectClass":"TOPMAR","sourceProperties":{"RCID":306242043,"PRIM":1,"GRUP":2,"OBJL":144,"RVER":1,"AGEN":7979,"FIDN":306242043,"FIDS":1,"LNAM":"1F2B1240E1FB0001","COLOUR":["3","1","3"],"COLPAT":["1"],"TOPSHP":5,"SCAMIN":200000,"sourceCellId":"1R76W89I","sourceChecksum":"fae62243c04017141e29ee330ba4a8c534821e09139009fce2dcec48b902950e","rawObjectClass":"TOPMAR","sourceStableId":"1F2B1240E1FB0001"},"sourceKind":"official","official":true,"sourceCellId":"1R76W89I","sourceStableId":"1F2B1240E1FB0001","pipelineFeatureId":"1R76W89I/TOPMAR/306242043","provenance":{"cellId":"1R76W89I","checksum":"fae62243c04017141e29ee330ba4a8c534821e09139009fce2dcec48b902950e","readerVersion":"GDAL 3.2.2","processedAt":"2026-08-11T13:43:44.753Z"},"associationRefsVerifiedInGdalOutput":false}},{"type":"Feature","geometry":{"type":"Point","coordinates":[4.1989783,51.4989117]},"properties":{"dolphinKind":"topmark","rawObjectClass":"TOPMAR","sourceProperties":{"RCID":335578689,"PRIM":1,"GRUP":2,"OBJL":144,"RVER":1,"AGEN":7979,"FIDN":335578689,"FIDS":1,"LNAM":"1F2B140086410001","COLOUR":["3","1","3"],"COLPAT":["1"],"TOPSHP":5,"SCAMIN":200000,"sourceCellId":"1R76W89I","sourceChecksum":"fae62243c04017141e29ee330ba4a8c534821e09139009fce2dcec48b902950e","rawObjectClass":"TOPMAR","sourceStableId":"1F2B140086410001"},"sourceKind":"official","official":true,"sourceCellId":"1R76W89I","sourceStableId":"1F2B140086410001","pipelineFeatureId":"1R76W89I/TOPMAR/335578689","provenance":{"cellId":"1R76W89I","checksum":"fae62243c04017141e29ee330ba4a8c534821e09139009fce2dcec48b902950e","readerVersion":"GDAL 3.2.2","processedAt":"2026-08-11T13:43:44.753Z"},"associationRefsVerifiedInGdalOutput":false}},{"type":"Feature","geometry":{"type":"Point","coordinates":[4.1972638,51.5003358]},"properties":{"dolphinKind":"topmark","rawObjectClass":"TOPMAR","sourceProperties":{"RCID":408379035,"PRIM":1,"GRUP":2,"OBJL":144,"RVER":1,"AGEN":7979,"FIDN":408379035,"FIDS":1,"LNAM":"1F2B18575E9B0001","COLOUR":["1"],"TOPSHP":1,"SCAMIN":200000,"sourceCellId":"1R76W89I","sourceChecksum":"fae62243c04017141e29ee330ba4a8c534821e09139009fce2dcec48b902950e","rawObjectClass":"TOPMAR","sourceStableId":"1F2B18575E9B0001"},"sourceKind":"official","official":true,"sourceCellId":"1R76W89I","sourceStableId":"1F2B18575E9B0001","pipelineFeatureId":"1R76W89I/TOPMAR/408379035","provenance":{"cellId":"1R76W89I","checksum":"fae62243c04017141e29ee330ba4a8c534821e09139009fce2dcec48b902950e","readerVersion":"GDAL 3.2.2","processedAt":"2026-08-11T13:43:44.753Z"},"associationRefsVerifiedInGdalOutput":false}},{"type":"Feature","geometry":{"type":"Point","coordinates":[4.2242508,51.5240091]},"properties":{"dolphinKind":"topmark","rawObjectClass":"TOPMAR","sourceProperties":{"RCID":495541313,"PRIM":1,"GRUP":2,"OBJL":144,"RVER":1,"AGEN":7979,"FIDN":495541313,"FIDS":1,"LNAM":"1F2B1D895C410001","COLOUR":["4"],"TOPSHP":1,"SCAMIN":200000,"sourceCellId":"1R76W89I","sourceChecksum":"fae62243c04017141e29ee330ba4a8c534821e09139009fce2dcec48b902950e","rawObjectClass":"TOPMAR","sourceStableId":"1F2B1D895C410001"},"sourceKind":"official","official":true,"sourceCellId":"1R76W89I","sourceStableId":"1F2B1D895C410001","pipelineFeatureId":"1R76W89I/TOPMAR/495541313","provenance":{"cellId":"1R76W89I","checksum":"fae62243c04017141e29ee330ba4a8c534821e09139009fce2dcec48b902950e","readerVersion":"GDAL 3.2.2","processedAt":"2026-08-11T13:43:44.753Z"},"associationRefsVerifiedInGdalOutput":false}},{"type":"Feature","geometry":{"type":"Point","coordinates":[4.1923167,51.4795333]},"properties":{"dolphinKind":"topmark","rawObjectClass":"TOPMAR","sourceProperties":{"RCID":499772316,"PRIM":1,"GRUP":2,"OBJL":144,"RVER":1,"AGEN":7979,"FIDN":499772316,"FIDS":1,"LNAM":"1F2B1DC9EB9C0001","COLOUR":["6"],"TOPSHP":7,"SCAMIN":200000,"SORDAT":"20201005","SORIND":"NL,1R,Reprt, MD434-20","sourceCellId":"1R76W89I","sourceChecksum":"fae62243c04017141e29ee330ba4a8c534821e09139009fce2dcec48b902950e","rawObjectClass":"TOPMAR","sourceStableId":"1F2B1DC9EB9C0001"},"sourceKind":"official","official":true,"sourceCellId":"1R76W89I","sourceStableId":"1F2B1DC9EB9C0001","pipelineFeatureId":"1R76W89I/TOPMAR/499772316","provenance":{"cellId":"1R76W89I","checksum":"fae62243c04017141e29ee330ba4a8c534821e09139009fce2dcec48b902950e","readerVersion":"GDAL 3.2.2","processedAt":"2026-08-11T13:43:44.753Z"},"associationRefsVerifiedInGdalOutput":false}},{"type":"Feature","geometry":{"type":"Point","coordinates":[4.194535,51.5039017]},"properties":{"dolphinKind":"topmark","rawObjectClass":"TOPMAR","sourceProperties":{"RCID":1220777517,"PRIM":1,"GRUP":2,"OBJL":144,"RVER":1,"AGEN":7979,"FIDN":1220777517,"FIDS":1,"LNAM":"1F2B48C3962D0001","COLOUR":["4"],"TOPSHP":1,"SCAMIN":200000,"sourceCellId":"1R76W89I","sourceChecksum":"fae62243c04017141e29ee330ba4a8c534821e09139009fce2dcec48b902950e","rawObjectClass":"TOPMAR","sourceStableId":"1F2B48C3962D0001"},"sourceKind":"official","official":true,"sourceCellId":"1R76W89I","sourceStableId":"1F2B48C3962D0001","pipelineFeatureId":"1R76W89I/TOPMAR/1220777517","provenance":{"cellId":"1R76W89I","checksum":"fae62243c04017141e29ee330ba4a8c534821e09139009fce2dcec48b902950e","readerVersion":"GDAL 3.2.2","processedAt":"2026-08-11T13:43:44.753Z"},"associationRefsVerifiedInGdalOutput":false}},{"type":"Feature","geometry":{"type":"Point","coordinates":[4.1901083,51.5024617]},"properties":{"dolphinKind":"topmark","rawObjectClass":"TOPMAR","sourceProperties":{"RCID":1220777518,"PRIM":1,"GRUP":2,"OBJL":144,"RVER":1,"AGEN":7979,"FIDN":1220777518,"FIDS":1,"LNAM":"1F2B48C3962E0001","COLOUR":["4"],"TOPSHP":1,"SCAMIN":200000,"sourceCellId":"1R76W89I","sourceChecksum":"fae62243c04017141e29ee330ba4a8c534821e09139009fce2dcec48b902950e","rawObjectClass":"TOPMAR","sourceStableId":"1F2B48C3962E0001"},"sourceKind":"official","official":true,"sourceCellId":"1R76W89I","sourceStableId":"1F2B48C3962E0001","pipelineFeatureId":"1R76W89I/TOPMAR/1220777518","provenance":{"cellId":"1R76W89I","checksum":"fae62243c04017141e29ee330ba4a8c534821e09139009fce2dcec48b902950e","readerVersion":"GDAL 3.2.2","processedAt":"2026-08-11T13:43:44.753Z"},"associationRefsVerifiedInGdalOutput":false}},{"type":"Feature","geometry":{"type":"Point","coordinates":[4.199915,51.50472]},"properties":{"dolphinKind":"topmark","rawObjectClass":"TOPMAR","sourceProperties":{"RCID":1220777519,"PRIM":1,"GRUP":2,"OBJL":144,"RVER":1,"AGEN":7979,"FIDN":1220777519,"FIDS":1,"LNAM":"1F2B48C3962F0001","COLOUR":["4"],"TOPSHP":29,"SCAMIN":200000,"sourceCellId":"1R76W89I","sourceChecksum":"fae62243c04017141e29ee330ba4a8c534821e09139009fce2dcec48b902950e","rawObjectClass":"TOPMAR","sourceStableId":"1F2B48C3962F0001"},"sourceKind":"official","official":true,"sourceCellId":"1R76W89I","sourceStableId":"1F2B48C3962F0001","pipelineFeatureId":"1R76W89I/TOPMAR/1220777519","provenance":{"cellId":"1R76W89I","checksum":"fae62243c04017141e29ee330ba4a8c534821e09139009fce2dcec48b902950e","readerVersion":"GDAL 3.2.2","processedAt":"2026-08-11T13:43:44.753Z"},"associationRefsVerifiedInGdalOutput":false}},{"type":"Feature","geometry":{"type":"Point","coordinates":[4.1949083,51.50341]},"properties":{"dolphinKind":"topmark","rawObjectClass":"TOPMAR","sourceProperties":{"RCID":1220777520,"PRIM":1,"GRUP":2,"OBJL":144,"RVER":1,"AGEN":7979,"FIDN":1220777520,"FIDS":1,"LNAM":"1F2B48C396300001","COLOUR":["3"],"TOPSHP":5,"SCAMIN":200000,"sourceCellId":"1R76W89I","sourceChecksum":"fae62243c04017141e29ee330ba4a8c534821e09139009fce2dcec48b902950e","rawObjectClass":"TOPMAR","sourceStableId":"1F2B48C396300001"},"sourceKind":"official","official":true,"sourceCellId":"1R76W89I","sourceStableId":"1F2B48C396300001","pipelineFeatureId":"1R76W89I/TOPMAR/1220777520","provenance":{"cellId":"1R76W89I","checksum":"fae62243c04017141e29ee330ba4a8c534821e09139009fce2dcec48b902950e","readerVersion":"GDAL 3.2.2","processedAt":"2026-08-11T13:43:44.753Z"},"associationRefsVerifiedInGdalOutput":false}},{"type":"Feature","geometry":{"type":"Point","coordinates":[4.1902583,51.50224]},"properties":{"dolphinKind":"topmark","rawObjectClass":"TOPMAR","sourceProperties":{"RCID":1220777521,"PRIM":1,"GRUP":2,"OBJL":144,"RVER":1,"AGEN":7979,"FIDN":1220777521,"FIDS":1,"LNAM":"1F2B48C396310001","COLOUR":["3"],"TOPSHP":5,"SCAMIN":200000,"sourceCellId":"1R76W89I","sourceChecksum":"fae62243c04017141e29ee330ba4a8c534821e09139009fce2dcec48b902950e","rawObjectClass":"TOPMAR","sourceStableId":"1F2B48C396310001"},"sourceKind":"official","official":true,"sourceCellId":"1R76W89I","sourceStableId":"1F2B48C396310001","pipelineFeatureId":"1R76W89I/TOPMAR/1220777521","provenance":{"cellId":"1R76W89I","checksum":"fae62243c04017141e29ee330ba4a8c534821e09139009fce2dcec48b902950e","readerVersion":"GDAL 3.2.2","processedAt":"2026-08-11T13:43:44.753Z"},"associationRefsVerifiedInGdalOutput":false}},{"type":"Feature","geometry":{"type":"Point","coordinates":[4.189835,51.50192]},"properties":{"dolphinKind":"topmark","rawObjectClass":"TOPMAR","sourceProperties":{"RCID":1220777522,"PRIM":1,"GRUP":2,"OBJL":144,"RVER":1,"AGEN":7979,"FIDN":1220777522,"FIDS":1,"LNAM":"1F2B48C396320001","COLOUR":["3"],"TOPSHP":5,"SCAMIN":200000,"sourceCellId":"1R76W89I","sourceChecksum":"fae62243c04017141e29ee330ba4a8c534821e09139009fce2dcec48b902950e","rawObjectClass":"TOPMAR","sourceStableId":"1F2B48C396320001"},"sourceKind":"official","official":true,"sourceCellId":"1R76W89I","sourceStableId":"1F2B48C396320001","pipelineFeatureId":"1R76W89I/TOPMAR/1220777522","provenance":{"cellId":"1R76W89I","checksum":"fae62243c04017141e29ee330ba4a8c534821e09139009fce2dcec48b902950e","readerVersion":"GDAL 3.2.2","processedAt":"2026-08-11T13:43:44.753Z"},"associationRefsVerifiedInGdalOutput":false}}]}