{"type":"FeatureCollection","features":[{"type":"Feature","geometry":{"type":"LineString","coordinates":[[3.8319386,51.30788],[3.8318789,51.3078685],[3.8317872,51.3078525],[3.8317351,51.3078487],[3.831693,51.3078206],[3.8316777,51.3077658],[3.8316845,51.3077307],[3.8316901,51.3076669],[3.8316979,51.3076407],[3.8317304,51.307588],[3.8318008,51.30755],[3.8318717,51.3074701],[3.8318756,51.3074596],[3.831889,51.3074484],[3.8319322,51.3073692],[3.8320122,51.307302],[3.8320725,51.3072783],[3.8321543,51.3072307],[3.8321939,51.3071875],[3.8322106,51.3071512],[3.8322292,51.3070974],[3.8322334,51.3070457],[3.8322509,51.3070073],[3.8322931,51.3069711],[3.8323633,51.3069166],[3.8324346,51.3068594],[3.8325077,51.3068256],[3.832576,51.3067506],[3.8326058,51.306735],[3.8327178,51.3066562],[3.8327448,51.3066441],[3.8328606,51.3066176],[3.8329678,51.3065748],[3.8330031,51.3065657],[3.8331362,51.3065578],[3.8331463,51.3065524],[3.8331479,51.3065513],[3.8332882,51.3064632],[3.8332926,51.3064603],[3.83343,51.3063762],[3.8334394,51.3063694],[3.8334745,51.3063409],[3.8334738,51.3062792],[3.8335702,51.3061944],[3.8335758,51.3061886],[3.8335977,51.3061709],[3.8336244,51.3060983],[3.8337113,51.3060614],[3.8337766,51.3060073],[3.833853,51.3059685],[3.8339332,51.3059558],[3.8339957,51.3059266],[3.8340086,51.3059157],[3.8340555,51.3058774],[3.8339942,51.3058434],[3.8339824,51.305826],[3.8339936,51.3058086],[3.834016,51.3058117],[3.8341365,51.305779],[3.8341791,51.3057981],[3.8342796,51.3057568],[3.8343243,51.3057336],[3.8344215,51.3056693],[3.8344584,51.3056427],[3.8345632,51.3055756],[3.8346144,51.3055517],[3.8347048,51.3054729],[3.8347204,51.305461],[3.83474,51.3054384],[3.8347673,51.3053708],[3.8348458,51.3053391],[3.834973,51.3052794],[3.834988,51.3052692],[3.8350502,51.3051889],[3.8351288,51.3051197],[3.8351738,51.3050981],[3.8352712,51.3050617],[3.8353632,51.3050068],[3.8354131,51.3049749],[3.8354894,51.304916],[3.8355549,51.3048848],[3.8356357,51.3048641],[3.8356977,51.3048492],[3.8357688,51.3048241],[3.8358401,51.3047902],[3.8359415,51.304759],[3.8359517,51.3047738]]},"properties":{"rawObjectClass":"DEPCNT","VALDCO":10,"depthDatum":"Approximate LAT","depthDatumCode":42,"depthDatumStatus":"VERIFIED_FROM_OFFICIAL_DOCUMENTATION","verticalDatum":"Local Datum","verticalDatumCode":24,"napIdentityStatus":"UNVERIFIED","sourceKind":"official","sourceCellId":"1R7687LI","sourceStableId":"1F2B6A429E1C7538","sourceChecksum":"15df29d0ae5fbc875483ea2addc2d4e6c9148a876bdf65f0adfc75742fe31c47","pipelineFeatureId":"1R7687LI/DEPCNT/1280474520","provenance":{"cellId":"1R7687LI","checksum":"15df29d0ae5fbc875483ea2addc2d4e6c9148a876bdf65f0adfc75742fe31c47","readerVersion":"GDAL 3.2.2","processedAt":"2026-08-11T13:43:44.753Z"},"sourceProperties":{"RCID":1280474520,"PRIM":2,"GRUP":2,"OBJL":43,"RVER":1,"AGEN":7979,"FIDN":1782750748,"FIDS":30008,"LNAM":"1F2B6A429E1C7538","VALDCO":10,"SCAMIN":300000,"sourceCellId":"1R7687LI","sourceChecksum":"15df29d0ae5fbc875483ea2addc2d4e6c9148a876bdf65f0adfc75742fe31c47","rawObjectClass":"DEPCNT","sourceStableId":"1F2B6A429E1C7538"}}},{"type":"Feature","geometry":{"type":"LineString","coordinates":[[3.8236504,51.325],[3.8236668,51.3249625],[3.8237192,51.3248894],[3.8237301,51.3248721],[3.8237358,51.3248614],[3.8237763,51.3247819],[3.8238332,51.324708],[3.8238445,51.3246915],[3.8238588,51.3246689],[3.8238977,51.3246012],[3.8239112,51.3245671],[3.8239402,51.324511],[3.8239981,51.3244368],[3.8240123,51.3244205],[3.8240195,51.3244068],[3.8240565,51.3243303],[3.8241161,51.3242539],[3.8241261,51.3242399],[3.8241378,51.3242216],[3.8241828,51.3241496],[3.8242062,51.3241052],[3.8242328,51.3240593],[3.8242773,51.3239987],[3.8242982,51.3239689],[3.8243099,51.3239478],[3.8243547,51.3238786],[3.8243984,51.3238002],[3.8244045,51.3237883],[3.8244167,51.3237686],[3.8244674,51.3236979],[3.8244924,51.323649],[3.8245242,51.3236076],[3.8245563,51.323549],[3.824575,51.3235173],[3.8245948,51.3234925],[3.8246456,51.3234269],[3.8246794,51.3233473],[3.8246845,51.3233367],[3.8246956,51.3233173],[3.8247436,51.3232464],[3.8247669,51.3232003],[3.8247987,51.3231561],[3.824835,51.3230852],[3.8248638,51.3230472],[3.8249261,51.3229753],[3.824975,51.3228929],[3.8249796,51.322885],[3.824981,51.3228812],[3.8250295,51.3227948],[3.8250749,51.32273],[3.8250833,51.3227045],[3.8251146,51.3226708],[3.8251543,51.322614],[3.8251767,51.3225739],[3.8252073,51.3225237],[3.8252541,51.3224481],[3.8252649,51.3224334],[3.825273,51.3224212],[3.8253233,51.3223431],[3.8253471,51.3222828],[3.8253668,51.3222529],[3.8253933,51.3222103],[3.8254344,51.3221625],[3.8254584,51.3221205],[3.825493,51.3220721],[3.825533,51.3219975],[3.8255415,51.3219819],[3.8255516,51.3219699],[3.8256099,51.3218915],[3.8256525,51.3218143],[3.8256607,51.3218012],[3.8256726,51.3217786],[3.8257106,51.3217109],[3.8257455,51.3216637],[3.8257784,51.3216205],[3.8258124,51.3215696],[3.8258395,51.3215302],[3.8258504,51.3215055],[3.8258838,51.3214399],[3.8259303,51.3213633],[3.8259395,51.3213496],[3.8259516,51.3213327],[3.8260153,51.3212591],[3.826029,51.3212092],[3.8260444,51.321169],[3.8260909,51.3210983],[3.8261099,51.3210786],[3.8261095,51.3210666],[3.8261589,51.3209884],[3.8262308,51.3208983],[3.8262313,51.3208979],[3.8262331,51.3208965],[3.8263498,51.3208072],[3.8263724,51.3207895],[3.8264757,51.3207164],[3.8265139,51.3206767],[3.8265611,51.3206258],[3.826655,51.3205441],[3.8266657,51.3205352],[3.8266724,51.320524],[3.8267381,51.3204447],[3.8267956,51.3203807],[3.8268273,51.3203542],[3.8268489,51.3203199],[3.8268941,51.3202638],[3.8269335,51.3201748],[3.8269342,51.3201736],[3.8269353,51.320172],[3.8269994,51.3200832],[3.827034,51.3200194],[3.8270487,51.3199929],[3.8270671,51.3199073],[3.827069,51.3199029],[3.8270738,51.3198959],[3.8271478,51.3198124],[3.8271737,51.319748],[3.8271842,51.3197222],[3.8272133,51.319669],[3.8272382,51.3196319],[3.827252,51.3196069],[3.8272882,51.3195416],[3.8272997,51.3194853],[3.8273124,51.3194515],[3.8273311,51.3193742],[3.8273371,51.3193615],[3.8273502,51.3193064],[3.8273594,51.3192714],[3.8273632,51.3192627],[3.8274009,51.3191812],[3.8274137,51.3191394],[3.8274366,51.319091],[3.8274664,51.3190147],[3.8274689,51.3190008],[3.8274873,51.3189495],[3.8275006,51.3189018],[3.8275143,51.3188207],[3.8275365,51.3187879],[3.8275635,51.3187304],[3.827576,51.3186716],[3.8275868,51.3186403],[3.8276049,51.3185621],[3.8276089,51.3185502],[3.827623,51.3185152],[3.8276439,51.3184601],[3.8276607,51.3184354],[3.8276879,51.3183698],[3.827701,51.3183187],[3.8277033,51.3182798],[3.8277186,51.3182164],[3.8277308,51.3181897],[3.8277597,51.3181358],[3.8277761,51.3180994],[3.82778,51.3180861],[3.8277809,51.3180095],[3.8277915,51.3179878],[3.8278242,51.3179193],[3.8278359,51.3178684],[3.8278468,51.3178292],[3.8278583,51.3177631],[3.8278669,51.3177391],[3.8278906,51.3176514],[3.8278913,51.317649],[3.8278943,51.3176404],[3.8279378,51.3175588],[3.8279413,51.317528],[3.827968,51.3174686],[3.82798,51.3174122],[3.8279927,51.3173785],[3.8280078,51.3173035],[3.8280131,51.3172885],[3.8280308,51.3172534],[3.8280714,51.3171981],[3.8280729,51.3171708],[3.828096,51.317108],[3.8281161,51.3170522],[3.8281257,51.3170179],[3.8281512,51.3169387],[3.8281554,51.3169278],[3.8281679,51.3169008],[3.8281963,51.3168376],[3.8282046,51.3168136],[3.8282234,51.3167474],[3.8282502,51.3166934],[3.8282642,51.3166572],[3.8283052,51.316567],[3.8283054,51.3165662],[3.8283296,51.3164769],[3.8283362,51.3164563],[3.8283453,51.3163869],[3.828361,51.3163495],[3.8283825,51.3162967],[3.8283911,51.3162392],[3.8284028,51.3162066],[3.828441,51.3161246],[3.828445,51.3161164],[3.828446,51.3161131],[3.8284613,51.3160264],[3.8284654,51.3160098],[3.8284863,51.3159363],[3.8285021,51.3158952],[3.8285267,51.3158461],[3.8285647,51.3157642],[3.8285679,51.3157559],[3.8285774,51.3157346],[3.8286067,51.3156657],[3.8286119,51.315643],[3.8286268,51.3155756],[3.8286478,51.315529],[3.8286638,51.3154854],[3.8286882,51.3154122],[3.8286938,51.3153953],[3.8287137,51.3153324],[3.8287235,51.3153052],[3.8287275,51.3152961],[3.8287707,51.3152149],[3.8288307,51.315139],[3.8288406,51.3151245],[3.8288532,51.3151129],[3.8289441,51.3150338],[3.8289945,51.3149919],[3.829067,51.314943],[3.8291365,51.3149071],[3.8292742,51.3148516],[3.8292789,51.3148495],[3.8292955,51.314841],[3.8294211,51.3147788],[3.8294543,51.3147604],[3.8295628,51.3146761],[3.8295863,51.3146696],[3.8297056,51.314638],[3.8297929,51.3145782],[3.8298476,51.3145549],[3.829959,51.3144871],[3.8299896,51.3144756],[3.8301235,51.314396],[3.8301316,51.3143916],[3.8301548,51.3143811],[3.8302742,51.3143429],[3.8303409,51.3143046],[3.8304165,51.3142751],[3.8304783,51.3142647],[3.8305594,51.314247],[3.8306116,51.3142454],[3.8306281,51.3142488]]},"properties":{"rawObjectClass":"DEPCNT","VALDCO":10,"depthDatum":"Approximate LAT","depthDatumCode":42,"depthDatumStatus":"VERIFIED_FROM_OFFICIAL_DOCUMENTATION","verticalDatum":"Local Datum","verticalDatumCode":24,"napIdentityStatus":"UNVERIFIED","sourceKind":"official","sourceCellId":"1R7687LI","sourceStableId":"1F2B6A429E1C7539","sourceChecksum":"15df29d0ae5fbc875483ea2addc2d4e6c9148a876bdf65f0adfc75742fe31c47","pipelineFeatureId":"1R7687LI/DEPCNT/1280474521","provenance":{"cellId":"1R7687LI","checksum":"15df29d0ae5fbc875483ea2addc2d4e6c9148a876bdf65f0adfc75742fe31c47","readerVersion":"GDAL 3.2.2","processedAt":"2026-08-11T13:43:44.753Z"},"sourceProperties":{"RCID":1280474521,"PRIM":2,"GRUP":2,"OBJL":43,"RVER":1,"AGEN":7979,"FIDN":1782750748,"FIDS":30009,"LNAM":"1F2B6A429E1C7539","VALDCO":10,"SCAMIN":300000,"sourceCellId":"1R7687LI","sourceChecksum":"15df29d0ae5fbc875483ea2addc2d4e6c9148a876bdf65f0adfc75742fe31c47","rawObjectClass":"DEPCNT","sourceStableId":"1F2B6A429E1C7539"}}},{"type":"Feature","geometry":{"type":"LineString","coordinates":[[3.8397391,51.275],[3.8397426,51.2750303],[3.8397425,51.2750313],[3.8397422,51.2750326],[3.8397446,51.2750487],[3.8397522,51.2751211],[3.8397528,51.2751254],[3.8397517,51.2752111],[3.8397521,51.2752139],[3.8397814,51.2753008],[3.8397821,51.2753212],[3.8397894,51.2753906],[3.8397877,51.2754582],[3.8397891,51.2754806],[3.839784,51.2755515],[3.8397849,51.2755705],[3.8397583,51.275659],[3.8397587,51.2756606],[3.839756,51.2756778],[3.8397279,51.2757508],[3.8397182,51.2757757],[3.8397456,51.2758406],[3.8397592,51.2758517],[3.8397803,51.2759302],[3.8397651,51.2760185],[3.8397647,51.2760203],[3.8397651,51.276022],[3.8397625,51.2760304],[3.8396973,51.2761107],[3.8396927,51.2761559],[3.8396864,51.2762007],[3.8396511,51.2762736],[3.839639,51.276291],[3.8396245,51.2763258],[3.8395925,51.2763812],[3.8396246,51.2764693],[3.8396251,51.2764709],[3.8396188,51.2765547],[3.8396212,51.2765608],[3.8396211,51.2765657],[3.8396231,51.2766508],[3.8396312,51.2766961],[3.8396471,51.2767405],[3.8396486,51.2767508],[3.8397089,51.27683],[3.8397121,51.2768786],[3.8397177,51.2769198],[3.8397327,51.2769801],[3.8397473,51.2770096],[3.8397403,51.2770737],[3.8397448,51.2770995],[3.8397518,51.2771697],[3.839758,51.2771893],[3.839784,51.2772783],[3.8397839,51.2772791],[3.8397853,51.2772835],[3.839799,51.2773612],[3.8397966,51.2773689],[3.8397972,51.2773753],[3.8398026,51.2774588],[3.8398037,51.2774682],[3.839809,51.2775487],[3.8398095,51.2775607],[3.839811,51.2776386],[3.8398105,51.2776502],[3.8398266,51.2777284],[3.8398332,51.277794],[3.8398298,51.2778183],[3.83983,51.2778399],[3.8398324,51.2779082],[3.8398039,51.2779948],[3.8398037,51.2779983],[3.8397991,51.2780371],[3.8397929,51.2780883],[3.8398009,51.2781395],[3.8398062,51.2781781],[3.8398138,51.2782613],[3.8398134,51.278268],[3.8398092,51.2783553],[3.8398088,51.278358],[3.8398144,51.2784428],[3.839814,51.2784478],[3.8398207,51.2785298],[3.8398198,51.2785377],[3.8398102,51.2786277],[3.83981,51.2786395],[3.8398088,51.2787176],[3.8398082,51.2787197],[3.8397945,51.2788077],[3.839795,51.2788192],[3.8397858,51.2788977],[3.839786,51.2789159],[3.8397835,51.2789876],[3.8397817,51.2790096],[3.8397699,51.2790776],[3.8397658,51.2791108],[3.8397594,51.2791676],[3.8397568,51.2792075],[3.8397577,51.2792576],[3.8397461,51.2793054],[3.8397395,51.2793476],[3.8397324,51.2794051],[3.83973,51.2794376],[3.8397151,51.2795072],[3.8397095,51.2795277],[3.8396844,51.2796096],[3.8396821,51.2796178],[3.8396821,51.2796193],[3.839682,51.2797077],[3.839681,51.279711],[3.8396604,51.2797978],[3.8396559,51.279818],[3.8396285,51.2798879],[3.8396231,51.2799301],[3.8396126,51.279978],[3.8396061,51.2800319],[3.8396057,51.2800679],[3.8395975,51.2801284],[3.8395942,51.280158],[3.839593,51.2802222],[3.8395917,51.2802479],[3.839566,51.2803305],[3.8395648,51.280338],[3.8395548,51.2803673],[3.8395364,51.2804281],[3.8395339,51.2804421],[3.8395119,51.2805182],[3.8395064,51.2805507],[3.8394956,51.2806083],[3.8394849,51.2806555],[3.8394758,51.2806983],[3.8394701,51.280756],[3.839469,51.2807883],[3.8394488,51.2808605],[3.8394469,51.2808784],[3.8394218,51.2809359],[3.8394086,51.2809686],[3.8394052,51.2809795],[3.8393902,51.2810586],[3.8393882,51.2810814],[3.8393685,51.2811487],[3.8393664,51.2811863],[3.8393534,51.2812388],[3.839327,51.2813026],[3.8393242,51.2813289],[3.839295,51.2814141],[3.839294,51.281419],[3.8392875,51.2814384],[3.839267,51.2815091],[3.8392592,51.281528],[3.8392346,51.2815993],[3.839217,51.2816461],[3.8392012,51.2816895],[3.8391848,51.2817577],[3.8391819,51.2817795],[3.8391518,51.2818586],[3.8391482,51.2818697],[3.8391472,51.2818728],[3.8391135,51.2819599],[3.8391033,51.2819919],[3.8390949,51.2820499],[3.8390528,51.2821153],[3.8390432,51.2821402],[3.8390143,51.2821798],[3.8389907,51.2822305],[3.8389837,51.2822505],[3.8389767,51.2823205],[3.8389624,51.2823552],[3.8389461,51.2824107],[3.8389382,51.2824617],[3.8389245,51.2825007],[3.8389003,51.282577],[3.8388991,51.2825908],[3.838879,51.2826247],[3.838747,51.2826819],[3.8387452,51.2826872],[3.8388253,51.2827712],[3.8388182,51.2828115],[3.8388047,51.2828613],[3.8387892,51.2829211],[3.8387761,51.2829514],[3.838751,51.2830366],[3.8387499,51.2830415],[3.8387436,51.2830615],[3.8387216,51.2831317],[3.8387149,51.2831507],[3.8386907,51.2832218],[3.8386723,51.283269],[3.8386589,51.283312],[3.8386286,51.283388],[3.8386244,51.2834021],[3.8386071,51.2834436],[3.8385879,51.2834923],[3.8385809,51.2835095],[3.8385566,51.2835825],[3.8385453,51.2836234],[3.8385348,51.2836725],[3.8384846,51.2837533],[3.83848,51.2837628],[3.83847,51.2837874],[3.8384526,51.283853],[3.8384511,51.2838657],[3.8384409,51.283943],[3.838435,51.283967],[3.8384283,51.284033],[3.8384097,51.2840742],[3.8383893,51.2841232],[3.838342,51.2842086],[3.8383397,51.2842135],[3.8383348,51.2842361],[3.8383208,51.2843035],[3.838313,51.2843182],[3.8382827,51.2843937],[3.8382511,51.2844488],[3.8382285,51.284484],[3.8382205,51.2845594],[3.8382165,51.284574],[3.8382011,51.2846629],[3.8382006,51.2846641],[3.8381993,51.284669],[3.8381722,51.2847542],[3.8381582,51.2847813],[3.8381348,51.2848444],[3.8381131,51.2849012],[3.8380945,51.2849346],[3.8380737,51.2850175],[3.8380629,51.2850555],[3.8380465,51.2851148],[3.8380401,51.28513],[3.8380161,51.2852049],[3.8379702,51.2852658],[3.8379546,51.2852953],[3.8379358,51.2853788],[3.8379333,51.2853854],[3.8379259,51.2854053],[3.8379065,51.2854755],[3.8378979,51.2854941],[3.8378841,51.2855656],[3.8378595,51.2856097],[3.8378325,51.2856559],[3.8377923,51.2857438],[3.8377916,51.2857461],[3.837789,51.2857618],[3.8377798,51.2858361],[3.8377743,51.2858463],[3.8377455,51.2859262],[3.8377233,51.28597],[3.8377016,51.2860165],[3.8376515,51.2860888],[3.8376443,51.2861068],[3.8376429,51.2861125],[3.8376261,51.2861969],[3.8376036,51.2862287],[3.837599,51.286287],[3.8375134,51.2863761],[3.8375127,51.2863775],[3.8375123,51.2863782],[3.8375038,51.2864675],[3.8375021,51.2864757],[3.8374943,51.2865575],[3.8374891,51.286575],[3.8374733,51.2866476],[3.8374559,51.2866873],[3.8374422,51.2867377],[3.8374086,51.2868086],[3.8374005,51.2868279],[3.8373792,51.2868838],[3.8373706,51.2869181],[3.8373663,51.2869267],[3.837349,51.2870082],[3.837321,51.2870467],[3.8373032,51.2870984],[3.8372735,51.2871682],[3.8372653,51.2871886],[3.8372618,51.2872666],[3.8372571,51.2872786],[3.8372479,51.2873665],[3.8372471,51.2873686],[3.8372447,51.287374],[3.8372107,51.2874588],[3.8371928,51.2874928],[3.8371765,51.2875489],[3.837173,51.2875965],[3.837162,51.287639],[3.8371539,51.2876997],[3.8371428,51.287729],[3.8371134,51.2878166],[3.8371127,51.2878192],[3.8371096,51.2878285],[3.8370775,51.2879093],[3.8370716,51.2879344],[3.8370397,51.2879995],[3.8370207,51.288058],[3.8370142,51.2880896],[3.8369842,51.2881724],[3.8369817,51.2881798],[3.836973,51.2882056],[3.8369442,51.28827],[3.8369345,51.2882952],[3.836902,51.2883602],[3.8368984,51.2884093],[3.8368884,51.2884502],[3.8368696,51.2885188],[3.8368605,51.2885403],[3.8368367,51.2885944],[3.8368138,51.2886306],[3.8368094,51.2886483],[3.8367735,51.2887208],[3.8367533,51.2887753],[3.8367376,51.288811],[3.8367156,51.2888904],[3.8367123,51.2889011],[3.8366995,51.288936],[3.8366695,51.2889913],[3.8366581,51.2890183],[3.836628,51.2890815],[3.8365823,51.2891579],[3.8365741,51.2891718],[3.8365609,51.2892033],[3.8365475,51.289262],[3.8365457,51.2892723],[3.8365424,51.2893519],[3.8365272,51.2893751],[3.836503,51.2894421],[3.8364722,51.2895013],[3.8364589,51.2895324],[3.8364362,51.2896154],[3.8364343,51.2896224],[3.8364494,51.2896979],[3.8364451,51.2897123],[3.8364276,51.2897607],[3.8364144,51.2898024],[3.8364131,51.2898121],[3.8363992,51.2898925],[3.8363758,51.289927],[3.8363502,51.2899827],[3.8363168,51.2900559],[3.8363069,51.290073],[3.8362673,51.2901632],[3.8362585,51.2901842],[3.8362139,51.2902535],[3.8361816,51.2903245],[3.8361795,51.2903437],[3.836153,51.2904338],[3.8361357,51.2905238],[3.8361329,51.2905376],[3.8361145,51.2906139],[3.836099,51.2906504],[3.8360715,51.2907041],[3.8360491,51.2907733],[3.8360457,51.2907942],[3.8360173,51.2908539],[3.8360021,51.2908845],[3.8360008,51.2908953],[3.8359802,51.2909745],[3.8359627,51.2910106],[3.835954,51.2910646],[3.8359335,51.2911203],[3.8359116,51.2911549],[3.8358937,51.2912369],[3.8358913,51.2912449],[3.8358812,51.2912611],[3.8358375,51.2913352],[3.8358252,51.2913717],[3.835813,51.2914253],[3.8357979,51.2914802],[3.8357956,51.2915154],[3.8357748,51.291586],[3.8357661,51.2916055],[3.8357452,51.2916677],[3.8357328,51.2916957],[3.8357316,51.2917046],[3.8356974,51.2917859],[3.8356757,51.2918315],[3.8356588,51.2918761],[3.8356398,51.2919454],[3.8356325,51.2919662],[3.8356082,51.2920208],[3.8355921,51.2920564],[3.8355899,51.2920684],[3.8355697,51.2921465],[3.8355541,51.2921823],[3.8355325,51.2922366],[3.8355352,51.2922778],[3.8355567,51.2923264],[3.8355536,51.2923646],[3.8355529,51.2924163],[3.8355404,51.292464],[3.8355264,51.2925065],[3.8355025,51.2925793],[3.8354984,51.2925966],[3.8354765,51.2926656],[3.8354693,51.2926867],[3.8354696,51.2926913],[3.8354604,51.2927113]]},"properties":{"rawObjectClass":"DEPCNT","VALDCO":10,"depthDatum":"Approximate LAT","depthDatumCode":42,"depthDatumStatus":"VERIFIED_FROM_OFFICIAL_DOCUMENTATION","verticalDatum":"Local Datum","verticalDatumCode":24,"napIdentityStatus":"UNVERIFIED","sourceKind":"official","sourceCellId":"1R7687LI","sourceStableId":"1F2B6A429E1C753A","sourceChecksum":"15df29d0ae5fbc875483ea2addc2d4e6c9148a876bdf65f0adfc75742fe31c47","pipelineFeatureId":"1R7687LI/DEPCNT/1280474522","provenance":{"cellId":"1R7687LI","checksum":"15df29d0ae5fbc875483ea2addc2d4e6c9148a876bdf65f0adfc75742fe31c47","readerVersion":"GDAL 3.2.2","processedAt":"2026-08-11T13:43:44.753Z"},"sourceProperties":{"RCID":1280474522,"PRIM":2,"GRUP":2,"OBJL":43,"RVER":1,"AGEN":7979,"FIDN":1782750748,"FIDS":30010,"LNAM":"1F2B6A429E1C753A","VALDCO":10,"SCAMIN":300000,"sourceCellId":"1R7687LI","sourceChecksum":"15df29d0ae5fbc875483ea2addc2d4e6c9148a876bdf65f0adfc75742fe31c47","rawObjectClass":"DEPCNT","sourceStableId":"1F2B6A429E1C753A"}}},{"type":"Feature","geometry":{"type":"LineString","coordinates":[[3.8386434,51.2751395],[3.838723,51.2752053],[3.8387221,51.2752184],[3.8387442,51.2752208],[3.8388032,51.2753078],[3.8388403,51.2753662],[3.838859,51.2753973],[3.8388911,51.2754187],[3.8389857,51.2753964],[3.8390118,51.2753824],[3.8390339,51.2753872],[3.8390567,51.2753815],[3.8391766,51.2753507],[3.839314,51.2753074],[3.8393192,51.2753069],[3.8393257,51.275304],[3.8393251,51.2753002],[3.8393736,51.2752138],[3.8393163,51.2751473],[3.8393038,51.2751244],[3.8392927,51.2751101],[3.8392508,51.2750348],[3.8392256,51.275]]},"properties":{"rawObjectClass":"DEPCNT","VALDCO":10,"depthDatum":"Approximate LAT","depthDatumCode":42,"depthDatumStatus":"VERIFIED_FROM_OFFICIAL_DOCUMENTATION","verticalDatum":"Local Datum","verticalDatumCode":24,"napIdentityStatus":"UNVERIFIED","sourceKind":"official","sourceCellId":"1R7687LI","sourceStableId":"1F2B6A429E1C753B","sourceChecksum":"15df29d0ae5fbc875483ea2addc2d4e6c9148a876bdf65f0adfc75742fe31c47","pipelineFeatureId":"1R7687LI/DEPCNT/1280474524","provenance":{"cellId":"1R7687LI","checksum":"15df29d0ae5fbc875483ea2addc2d4e6c9148a876bdf65f0adfc75742fe31c47","readerVersion":"GDAL 3.2.2","processedAt":"2026-08-11T13:43:44.753Z"},"sourceProperties":{"RCID":1280474524,"PRIM":2,"GRUP":2,"OBJL":43,"RVER":1,"AGEN":7979,"FIDN":1782750748,"FIDS":30011,"LNAM":"1F2B6A429E1C753B","VALDCO":10,"SCAMIN":300000,"sourceCellId":"1R7687LI","sourceChecksum":"15df29d0ae5fbc875483ea2addc2d4e6c9148a876bdf65f0adfc75742fe31c47","rawObjectClass":"DEPCNT","sourceStableId":"1F2B6A429E1C753B"}}},{"type":"Feature","geometry":{"type":"LineString","coordinates":[[3.8425733,51.275],[3.8425602,51.275011],[3.8424688,51.2750651],[3.8424216,51.275102],[3.842327,51.275151],[3.8422974,51.2751928],[3.8422621,51.2752347],[3.8422337,51.2752832],[3.8421869,51.2753305],[3.8421242,51.2753739],[3.8420452,51.2754193],[3.8419424,51.2754651],[3.8419029,51.2754806],[3.8418714,51.2754854],[3.8417597,51.2754854],[3.8417257,51.275488],[3.8416162,51.2754826],[3.8415854,51.2754677],[3.8414718,51.2754238],[3.8413662,51.2753793],[3.8413272,51.2753554],[3.8412666,51.2752901],[3.8411812,51.2752107],[3.8411755,51.2752008],[3.8411737,51.2751963],[3.8411441,51.2751112],[3.8411264,51.2750784],[3.8410944,51.2750216],[3.8410863,51.275]]},"properties":{"rawObjectClass":"DEPCNT","VALDCO":10,"depthDatum":"Approximate LAT","depthDatumCode":42,"depthDatumStatus":"VERIFIED_FROM_OFFICIAL_DOCUMENTATION","verticalDatum":"Local Datum","verticalDatumCode":24,"napIdentityStatus":"UNVERIFIED","sourceKind":"official","sourceCellId":"1R7687LI","sourceStableId":"1F2B6A429E1C753C","sourceChecksum":"15df29d0ae5fbc875483ea2addc2d4e6c9148a876bdf65f0adfc75742fe31c47","pipelineFeatureId":"1R7687LI/DEPCNT/1280474525","provenance":{"cellId":"1R7687LI","checksum":"15df29d0ae5fbc875483ea2addc2d4e6c9148a876bdf65f0adfc75742fe31c47","readerVersion":"GDAL 3.2.2","processedAt":"2026-08-11T13:43:44.753Z"},"sourceProperties":{"RCID":1280474525,"PRIM":2,"GRUP":2,"OBJL":43,"RVER":1,"AGEN":7979,"FIDN":1782750748,"FIDS":30012,"LNAM":"1F2B6A429E1C753C","VALDCO":10,"SCAMIN":300000,"sourceCellId":"1R7687LI","sourceChecksum":"15df29d0ae5fbc875483ea2addc2d4e6c9148a876bdf65f0adfc75742fe31c47","rawObjectClass":"DEPCNT","sourceStableId":"1F2B6A429E1C753C"}}},{"type":"Feature","geometry":{"type":"LineString","coordinates":[[3.8347195,51.3122657],[3.8347585,51.3122049],[3.8348263,51.3121669],[3.8349141,51.3121139],[3.8349679,51.3120652],[3.8350091,51.3120233],[3.8350394,51.3119773],[3.8350475,51.3119331],[3.8351083,51.3118958],[3.8351656,51.3118423],[3.8352505,51.3118242],[3.8353728,51.3117509],[3.8353925,51.311745],[3.8355297,51.3116599],[3.8355344,51.3116579],[3.8355489,51.3116506],[3.8356773,51.3116231],[3.8357756,51.3115682],[3.8358195,51.3115539],[3.8359407,51.3114771],[3.8359612,51.3114586],[3.8360462,51.3113865],[3.8359584,51.3113031],[3.8359536,51.3112972],[3.8358134,51.311219],[3.8357581,51.3112087],[3.8356694,51.3111873],[3.8356086,51.3111718],[3.835525,51.3111392],[3.8354246,51.3111211],[3.8353809,51.3111027],[3.8353384,51.3110952],[3.8352365,51.3110513],[3.8351694,51.311033],[3.835092,51.3109958],[3.8349631,51.3109542],[3.8349476,51.3109482],[3.8349295,51.3109448],[3.8348034,51.3109047],[3.8347069,51.3108861],[3.8346592,51.3108672],[3.8346051,51.3108572],[3.834515,51.3108255],[3.8344378,51.3108102],[3.8343707,51.3107815],[3.8343215,51.3107693],[3.8342261,51.3107212],[3.8340904,51.310681],[3.8340818,51.3106759],[3.8340594,51.3106673],[3.8339372,51.3106125],[3.8338577,51.3105928],[3.8337931,51.3105779],[3.8336494,51.3105621],[3.8335169,51.3105128],[3.8335049,51.3105066],[3.8334999,51.3105054],[3.8333599,51.3104256],[3.8333039,51.3104169],[3.833216,51.3104006],[3.8331875,51.3103999],[3.8330721,51.3103781],[3.833,51.3103739],[3.8329283,51.3103568],[3.8328205,51.3103528],[3.8327847,51.3103536],[3.8326533,51.3103316],[3.8326408,51.3103267],[3.8326321,51.3103263],[3.8324966,51.3102895],[3.8323815,51.3102617],[3.8323525,51.3102558],[3.8323235,51.310244],[3.832208,51.310196],[3.8320675,51.3101559],[3.8320637,51.3101542],[3.8320584,51.3101526],[3.8319193,51.3101013],[3.8318042,51.3100678],[3.8317746,51.3100301],[3.8317591,51.3099782],[3.8317725,51.309915],[3.8317776,51.3098916],[3.8317762,51.3098882],[3.8318973,51.3098303]]},"properties":{"rawObjectClass":"DEPCNT","VALDCO":10,"depthDatum":"Approximate LAT","depthDatumCode":42,"depthDatumStatus":"VERIFIED_FROM_OFFICIAL_DOCUMENTATION","verticalDatum":"Local Datum","verticalDatumCode":24,"napIdentityStatus":"UNVERIFIED","sourceKind":"official","sourceCellId":"1R7687LI","sourceStableId":"1F2B6A429E1C753D","sourceChecksum":"15df29d0ae5fbc875483ea2addc2d4e6c9148a876bdf65f0adfc75742fe31c47","pipelineFeatureId":"1R7687LI/DEPCNT/1280474526","provenance":{"cellId":"1R7687LI","checksum":"15df29d0ae5fbc875483ea2addc2d4e6c9148a876bdf65f0adfc75742fe31c47","readerVersion":"GDAL 3.2.2","processedAt":"2026-08-11T13:43:44.753Z"},"sourceProperties":{"RCID":1280474526,"PRIM":2,"GRUP":2,"OBJL":43,"RVER":1,"AGEN":7979,"FIDN":1782750748,"FIDS":30013,"LNAM":"1F2B6A429E1C753D","VALDCO":10,"SCAMIN":300000,"sourceCellId":"1R7687LI","sourceChecksum":"15df29d0ae5fbc875483ea2addc2d4e6c9148a876bdf65f0adfc75742fe31c47","rawObjectClass":"DEPCNT","sourceStableId":"1F2B6A429E1C753D"}}},{"type":"Feature","geometry":{"type":"LineString","coordinates":[[3.8419646,51.3003954],[3.8419285,51.3004053],[3.8418126,51.300392],[3.8417848,51.300389],[3.8417462,51.3003751],[3.8416397,51.3003005],[3.8416108,51.3002861],[3.8414952,51.3002439],[3.8413948,51.3001978],[3.8413507,51.3001829],[3.8412932,51.3001627],[3.8412063,51.3001297],[3.841163,51.3001095],[3.8410615,51.3000584],[3.8409889,51.3000208],[3.8409167,51.2999863],[3.8408476,51.3000219],[3.8407747,51.3000654],[3.8406882,51.3001129],[3.8406328,51.3001479],[3.8405511,51.3002038],[3.8404911,51.300241],[3.8403955,51.3002949],[3.8403491,51.3003207],[3.8402143,51.3003861],[3.8402069,51.3003903],[3.8401007,51.3004542],[3.840065,51.3004746],[3.8400601,51.3004771],[3.8399231,51.3005576],[3.8399085,51.3005681],[3.8397813,51.3006486],[3.8397689,51.3006591],[3.8397529,51.3006773],[3.8396771,51.3007496],[3.8396402,51.3007784],[3.8395572,51.3008404],[3.8394986,51.3008762],[3.8394272,51.3009313],[3.8393574,51.3010004],[3.8393219,51.3010219],[3.8392153,51.3010756],[3.8391383,51.3011132],[3.8390733,51.301153],[3.8389911,51.3012042],[3.8389316,51.3012503],[3.8388823,51.3012949],[3.8387902,51.3013637],[3.8387635,51.3013856],[3.838663,51.3014673],[3.8386524,51.3014764],[3.8386489,51.3014782],[3.8385079,51.3015673],[3.8385071,51.3015679],[3.8384839,51.3015822],[3.8383652,51.3016544],[3.83836,51.3016583],[3.8383006,51.3016997],[3.8382306,51.3017491],[3.8382236,51.3017555],[3.8381193,51.3018399],[3.8380821,51.3018646],[3.8380132,51.3019305],[3.8379409,51.3019848],[3.837896,51.3020213],[3.8377993,51.3020905],[3.8377737,51.3021121],[3.8376578,51.3021947],[3.8376464,51.3022029],[3.8376103,51.3022334],[3.8375365,51.3022936],[3.8375164,51.3023072],[3.8374042,51.3023845],[3.8373747,51.302406],[3.8372697,51.3024754],[3.837233,51.3025022],[3.8371557,51.3025661],[3.8370915,51.3026082],[3.8370231,51.302657],[3.8368772,51.302748],[3.8368081,51.3027983],[3.8367361,51.3028389],[3.8366661,51.3028817],[3.8365972,51.3029298],[3.836524,51.3029548],[3.8364199,51.303021],[3.836383,51.3030891],[3.8363545,51.3031114],[3.8362406,51.3031496],[3.8361699,51.3032026],[3.8360994,51.3032717],[3.8360631,51.3032933],[3.8359578,51.3033745],[3.8359458,51.3033841],[3.8359201,51.3034083],[3.8358337,51.3034748],[3.8358164,51.3034861],[3.8356903,51.3035657],[3.8356746,51.3035755],[3.8355617,51.3036566],[3.8355329,51.3036752],[3.8354189,51.3037475],[3.8353911,51.3037654],[3.8352756,51.3038385],[3.8352493,51.3038584],[3.8351543,51.3039293],[3.8351077,51.3039582],[3.8350049,51.3040203],[3.8349659,51.3040513],[3.83487,51.3041111],[3.8348241,51.3041411],[3.8347265,51.3042021],[3.8346824,51.3042384],[3.8345992,51.3042929],[3.8345411,51.3043552],[3.8344942,51.3043836],[3.8343991,51.304438],[3.8343363,51.3044746],[3.8342576,51.3045443],[3.8342217,51.3045654],[3.8341413,51.3046399],[3.8341184,51.304656],[3.8341162,51.3046573],[3.8340798,51.3046793],[3.8339741,51.3047305],[3.8339326,51.3047473],[3.8338324,51.3048315],[3.8338274,51.3048379],[3.8336904,51.3049109],[3.833609,51.3049294],[3.8335476,51.3049456],[3.8334159,51.3050207],[3.8334056,51.3050287],[3.8333011,51.3051115],[3.8332641,51.3051351],[3.8331252,51.3052026],[3.8331219,51.3052042],[3.8331188,51.3052046],[3.8329789,51.3052309],[3.8329338,51.3052323],[3.8328356,51.305238],[3.8327222,51.3052055],[3.8326914,51.3051962],[3.8326246,51.3051647],[3.8325467,51.3051273],[3.8325325,51.3051169],[3.8325041,51.3050908],[3.8324482,51.3050276],[3.832417,51.3049486],[3.8324154,51.3049379],[3.8324163,51.3049274],[3.8324298,51.3048479],[3.8324363,51.3048237],[3.8324874,51.3047576],[3.8324704,51.3047108],[3.8324897,51.3046676],[3.8324896,51.3046076],[3.8324989,51.3045776],[3.8325295,51.304491],[3.8325303,51.3044875],[3.8325349,51.3044742],[3.8325657,51.3043973],[3.8325699,51.3043742],[3.8325976,51.3043072],[3.8326187,51.3042519],[3.8326301,51.304217],[3.8326654,51.304131],[3.8326666,51.3041268],[3.8326718,51.304116],[3.8327022,51.3040366],[3.8327113,51.3040107],[3.8327221,51.3039466],[3.832743,51.3038994],[3.8327592,51.3038564],[3.8327936,51.303776],[3.8327972,51.3037662],[3.8328085,51.3037385],[3.8328328,51.303676],[3.8328346,51.3036587],[3.8328525,51.303586],[3.8328775,51.3035402],[3.8328977,51.3034957],[3.8329172,51.3034239],[3.8329213,51.3034056],[3.8329447,51.3033429],[3.8329522,51.3033155],[3.8329559,51.3033081],[3.832979,51.3032254],[3.8329863,51.3031976],[3.8330031,51.3031353],[3.8330221,51.3030837],[3.8330378,51.3030451],[3.83306,51.3029684],[3.833063,51.302955],[3.8330804,51.3029122],[3.8330996,51.3028648],[3.8331054,51.3028484],[3.8331206,51.3027748],[3.8331296,51.3027419],[3.8331491,51.3026846],[3.8331826,51.302617],[3.8331928,51.3025944],[3.8332171,51.3025382],[3.8332296,51.3025042],[3.8332323,51.3024942],[3.8332527,51.3024141],[3.8332611,51.3023848],[3.8332737,51.3023241],[3.833301,51.3022682],[3.8333154,51.3022338],[3.8333485,51.3021468],[3.8333495,51.3021437],[3.833353,51.3021223],[3.8333637,51.3020536],[3.8333683,51.3020431],[3.8334093,51.3019634],[3.8334227,51.3019173],[3.8334347,51.3018733],[3.8334522,51.3018074],[3.8334602,51.3017832],[3.833488,51.3016935],[3.8334886,51.3016916],[3.8335294,51.3016029],[3.8335342,51.3015729],[3.8335585,51.3015127],[3.8335775,51.3014542],[3.8335859,51.3014226],[3.8336081,51.3013436],[3.8336104,51.3013325],[3.8336249,51.3012926],[3.8336448,51.3012423],[3.8336506,51.3012254],[3.8336792,51.3011522],[3.833692,51.3011079],[3.8337061,51.3010621],[3.833727,51.3009945],[3.8337358,51.3009719],[3.8337614,51.3009121],[3.8337759,51.3008817],[3.8337794,51.30087],[3.8338071,51.3007916],[3.8338281,51.3007478],[3.8338448,51.3007014],[3.8338619,51.3006351],[3.8338696,51.3006113],[3.833898,51.3005356],[3.8339031,51.3005211],[3.8339049,51.3005166],[3.8339287,51.300431],[3.8339368,51.3004052],[3.8339635,51.3003409],[3.8339806,51.3002861],[3.8339919,51.3002507],[3.8340319,51.3001605],[3.8340346,51.300154],[3.8340654,51.3000704],[3.834078,51.3000417],[3.8340908,51.2999803],[3.8341131,51.2999283],[3.8341273,51.2998901],[3.8341595,51.2998076],[3.8341626,51.2997999],[3.8341708,51.2997538],[3.8341783,51.2997099],[3.8341823,51.299702],[3.8342212,51.2996196],[3.8342305,51.2995801],[3.8342408,51.2995296],[3.8342525,51.2994751],[3.8342658,51.2994395],[3.8343041,51.2993511],[3.8343049,51.2993493],[3.8343067,51.2993428],[3.834332,51.2992592],[3.8343358,51.2992397],[3.8343594,51.299169],[3.8343757,51.2991232],[3.8343907,51.2990789],[3.8344143,51.2990075],[3.8344426,51.2989235],[3.8344517,51.2988986],[3.8344577,51.2988887],[3.834489,51.2988084],[3.8345262,51.2987538],[3.8345512,51.2987181],[3.8345713,51.2986339],[3.8345723,51.298628],[3.8345803,51.2986086],[3.8346049,51.2985378],[3.8346095,51.2985184],[3.8346181,51.2984478],[3.8346324,51.2984128],[3.8346615,51.2983576],[3.8347177,51.2982736],[3.8347219,51.2982645],[3.8347334,51.2981772],[3.8347365,51.2981642],[3.8347603,51.2980871],[3.8347852,51.298042],[3.8348066,51.2979969],[3.8348184,51.2979297],[3.8348208,51.2979068],[3.8348393,51.2978254],[3.83484,51.2978168],[3.8348518,51.297762],[3.83486,51.2977267],[3.834863,51.2977192],[3.834903,51.2976365],[3.8349227,51.2975899],[3.8349359,51.2975463],[3.834967,51.2974706],[3.8349773,51.2974561],[3.8349888,51.2974084],[3.834999,51.297366],[3.8350539,51.2972757],[3.8350674,51.2972243],[3.835077,51.2971856],[3.8350848,51.2971222],[3.8350855,51.2970956],[3.8351087,51.2970159],[3.8351113,51.2970055],[3.8351244,51.2969726],[3.8351488,51.2969154],[3.8351552,51.2968951],[3.8351872,51.2968252],[3.8352054,51.296772],[3.8352187,51.296735],[3.8352372,51.2966606],[3.8352409,51.2966449],[3.8352607,51.2965825],[3.8352706,51.2965548],[3.8352731,51.2965466],[3.8353135,51.2964646],[3.8353219,51.2964244],[3.8353323,51.2963745],[3.8353752,51.2962992],[3.8353822,51.2962842],[3.8353973,51.2962041],[3.8353989,51.2961942],[3.8353994,51.2961928],[3.8354148,51.2961042],[3.8354615,51.2960139],[3.8354749,51.2959624],[3.8354866,51.2959238],[3.8355132,51.2958469],[3.835517,51.2958337],[3.8355333,51.2957926],[3.8355538,51.2957435],[3.8355583,51.295727],[3.8355791,51.2956534],[3.8355866,51.2956179],[3.8356075,51.2955632],[3.8356159,51.2955081],[3.8356301,51.2954732],[3.8356561,51.2953914],[3.835657,51.295383],[3.8356688,51.2953598],[3.8356969,51.2952928],[3.8357056,51.2952687],[3.8357055,51.2952029],[3.835717,51.2951704],[3.8357503,51.2951126],[3.8358062,51.2950264],[3.8358091,51.2950223],[3.8358109,51.2950193],[3.8358295,51.2949322],[3.8358297,51.2949162],[3.8358516,51.2948421],[3.8358705,51.2947991],[3.8358879,51.2947519],[3.8359029,51.2946873],[3.8359059,51.2946619],[3.8359416,51.2945819],[3.8359461,51.2945717],[3.8359481,51.2945674],[3.8359681,51.2944816],[3.8359693,51.2944629],[3.835983,51.2943916],[3.8359854,51.2943615],[3.8360038,51.2943015],[3.8360247,51.2942454],[3.8360225,51.2942114],[3.8360669,51.2941274],[3.8360678,51.2941212],[3.8360763,51.2941049],[3.8360943,51.2940311],[3.8360743,51.2939959],[3.8360502,51.2939415],[3.8360536,51.2939387]]},"properties":{"rawObjectClass":"DEPCNT","VALDCO":10,"depthDatum":"Approximate LAT","depthDatumCode":42,"depthDatumStatus":"VERIFIED_FROM_OFFICIAL_DOCUMENTATION","verticalDatum":"Local Datum","verticalDatumCode":24,"napIdentityStatus":"UNVERIFIED","sourceKind":"official","sourceCellId":"1R7687LI","sourceStableId":"1F2B6A429E1C753E","sourceChecksum":"15df29d0ae5fbc875483ea2addc2d4e6c9148a876bdf65f0adfc75742fe31c47","pipelineFeatureId":"1R7687LI/DEPCNT/1280474527","provenance":{"cellId":"1R7687LI","checksum":"15df29d0ae5fbc875483ea2addc2d4e6c9148a876bdf65f0adfc75742fe31c47","readerVersion":"GDAL 3.2.2","processedAt":"2026-08-11T13:43:44.753Z"},"sourceProperties":{"RCID":1280474527,"PRIM":2,"GRUP":2,"OBJL":43,"RVER":1,"AGEN":7979,"FIDN":1782750748,"FIDS":30014,"LNAM":"1F2B6A429E1C753E","VALDCO":10,"SCAMIN":300000,"sourceCellId":"1R7687LI","sourceChecksum":"15df29d0ae5fbc875483ea2addc2d4e6c9148a876bdf65f0adfc75742fe31c47","rawObjectClass":"DEPCNT","sourceStableId":"1F2B6A429E1C753E"}}},{"type":"Feature","geometry":{"type":"LineString","coordinates":[[3.832006,51.3077829],[3.8318969,51.3077292],[3.8319096,51.3076607],[3.8319057,51.3076392],[3.8319106,51.3076165],[3.831966,51.3075488],[3.8319904,51.3074744],[3.8319961,51.3074587],[3.8320147,51.3074432],[3.8321065,51.307368],[3.8321563,51.3073391],[3.8322177,51.3073286],[3.8322992,51.3073055],[3.8323188,51.307305]]},"properties":{"rawObjectClass":"DEPCNT","VALDCO":8,"depthDatum":"Approximate LAT","depthDatumCode":42,"depthDatumStatus":"VERIFIED_FROM_OFFICIAL_DOCUMENTATION","verticalDatum":"Local Datum","verticalDatumCode":24,"napIdentityStatus":"UNVERIFIED","sourceKind":"official","sourceCellId":"1R7687LI","sourceStableId":"1F2B6A429E1C753F","sourceChecksum":"15df29d0ae5fbc875483ea2addc2d4e6c9148a876bdf65f0adfc75742fe31c47","pipelineFeatureId":"1R7687LI/DEPCNT/1280474528","provenance":{"cellId":"1R7687LI","checksum":"15df29d0ae5fbc875483ea2addc2d4e6c9148a876bdf65f0adfc75742fe31c47","readerVersion":"GDAL 3.2.2","processedAt":"2026-08-11T13:43:44.753Z"},"sourceProperties":{"RCID":1280474528,"PRIM":2,"GRUP":2,"OBJL":43,"RVER":1,"AGEN":7979,"FIDN":1782750748,"FIDS":30015,"LNAM":"1F2B6A429E1C753F","VALDCO":8,"SCAMIN":300000,"sourceCellId":"1R7687LI","sourceChecksum":"15df29d0ae5fbc875483ea2addc2d4e6c9148a876bdf65f0adfc75742fe31c47","rawObjectClass":"DEPCNT","sourceStableId":"1F2B6A429E1C753F"}}},{"type":"Feature","geometry":{"type":"LineString","coordinates":[[3.8422513,51.3001963],[3.8422116,51.3001966],[3.8421806,51.3002117],[3.8420689,51.300237],[3.8419764,51.3002517],[3.8419255,51.3002384],[3.8418488,51.3001945],[3.8417805,51.3001572],[3.8416911,51.3001398],[3.8416364,51.300119],[3.8415376,51.3001068],[3.8414926,51.3000989],[3.8414742,51.3000958],[3.8413483,51.3000558],[3.8412307,51.3000191],[3.8412041,51.3000116],[3.8411748,51.3000013],[3.8410595,51.2999495],[3.8410166,51.2999307],[3.8409145,51.2998612],[3.8408066,51.2998423],[3.8407973,51.29977],[3.8407884,51.2997525],[3.8407863,51.2997416],[3.8408106,51.2996624],[3.8408095,51.2996358],[3.8408332,51.2995723],[3.8407645,51.2995058],[3.8407162,51.2994833],[3.8407014,51.2994321],[3.8407297,51.2993932]]},"properties":{"rawObjectClass":"DEPCNT","VALDCO":8,"depthDatum":"Approximate LAT","depthDatumCode":42,"depthDatumStatus":"VERIFIED_FROM_OFFICIAL_DOCUMENTATION","verticalDatum":"Local Datum","verticalDatumCode":24,"napIdentityStatus":"UNVERIFIED","sourceKind":"official","sourceCellId":"1R7687LI","sourceStableId":"1F2B6A429E1C7540","sourceChecksum":"15df29d0ae5fbc875483ea2addc2d4e6c9148a876bdf65f0adfc75742fe31c47","pipelineFeatureId":"1R7687LI/DEPCNT/1280474529","provenance":{"cellId":"1R7687LI","checksum":"15df29d0ae5fbc875483ea2addc2d4e6c9148a876bdf65f0adfc75742fe31c47","readerVersion":"GDAL 3.2.2","processedAt":"2026-08-11T13:43:44.753Z"},"sourceProperties":{"RCID":1280474529,"PRIM":2,"GRUP":2,"OBJL":43,"RVER":1,"AGEN":7979,"FIDN":1782750748,"FIDS":30016,"LNAM":"1F2B6A429E1C7540","VALDCO":8,"SCAMIN":300000,"sourceCellId":"1R7687LI","sourceChecksum":"15df29d0ae5fbc875483ea2addc2d4e6c9148a876bdf65f0adfc75742fe31c47","rawObjectClass":"DEPCNT","sourceStableId":"1F2B6A429E1C7540"}}},{"type":"Feature","geometry":{"type":"LineString","coordinates":[[3.8380386,51.275],[3.8380435,51.2750435],[3.8380743,51.2750744],[3.8380772,51.2751331],[3.8381704,51.275205],[3.8381775,51.2752223],[3.8381806,51.2752284],[3.8381787,51.2753123],[3.8383172,51.2753917],[3.8383445,51.2753838],[3.8384606,51.2753925],[3.8385567,51.2753995],[3.8386055,51.2754805],[3.8386085,51.275489],[3.8386058,51.2754974],[3.8385693,51.2755792],[3.8385606,51.2756089],[3.8385769,51.2756691],[3.8385348,51.2757165],[3.8386096,51.2757051],[3.8386347,51.2757586],[3.8386173,51.2758454],[3.8386169,51.2758487],[3.8386123,51.2758542],[3.8386002,51.2758488],[3.8384676,51.2757808],[3.8384338,51.2757601],[3.8383226,51.2756904],[3.8382943,51.2757427],[3.8383166,51.2757609],[3.8383087,51.2758404],[3.838315,51.2758508],[3.838326,51.2758762],[3.8384231,51.27594],[3.8384339,51.2760061],[3.8384608,51.2760296],[3.838473,51.2760748],[3.8385386,51.276119],[3.838521,51.2761484],[3.8385792,51.2762086],[3.8385832,51.2762754],[3.8386034,51.2762984],[3.8386206,51.2763873],[3.838621,51.2763882],[3.8386221,51.2763901],[3.8387255,51.2764773],[3.8387224,51.2765386],[3.8387389,51.2765672],[3.8387537,51.2766467],[3.8387583,51.276657],[3.8387707,51.2766763],[3.8388911,51.2767459],[3.8389064,51.2768292],[3.8389125,51.2768357],[3.8389139,51.2769227],[3.8389151,51.2769256],[3.8389187,51.27693],[3.8390325,51.2770147],[3.8390337,51.2770851],[3.8390459,51.2771045],[3.8390663,51.2771623],[3.839109,51.277194],[3.8391115,51.2772217],[3.8391648,51.2772835],[3.8391703,51.2773466],[3.8391849,51.2773733],[3.8392143,51.2774216],[3.8392752,51.2774626],[3.8392806,51.2775032],[3.8393335,51.2775521],[3.8393589,51.2776401],[3.8393599,51.2776418],[3.8393618,51.2776478],[3.8394302,51.2777312],[3.8394373,51.277777],[3.8394705,51.2778208],[3.8394745,51.2778887],[3.8394841,51.2779107],[3.8394962,51.2779909],[3.8394955,51.2780005],[3.8395126,51.2780517],[3.8395369,51.2780901],[3.8395353,51.2781038],[3.839582,51.2781797],[3.8396474,51.2782615],[3.8396533,51.2782692],[3.8396601,51.2782765],[3.8396952,51.2783588],[3.8396964,51.2783804],[3.8397118,51.2784486],[3.8397139,51.27848],[3.8397137,51.2785385],[3.8396977,51.2786087],[3.8396955,51.2786285],[3.8396865,51.2787069],[3.8396863,51.2787185],[3.8396692,51.2787766],[3.8396625,51.2788086],[3.8396618,51.2788137],[3.8396648,51.2788985],[3.8396647,51.2789028],[3.8396657,51.2789884],[3.8396659,51.2789929],[3.8396607,51.2790784],[3.8396603,51.2790875],[3.8396524,51.2791684],[3.8396517,51.279184],[3.8396481,51.2792583],[3.8396375,51.2792841],[3.8396235,51.2793484],[3.8396235,51.279384],[3.8396185,51.2794384],[3.8396072,51.2794854],[3.8395999,51.2795285],[3.8395757,51.2795966],[3.8395696,51.2796186],[3.8395678,51.2796927],[3.8395678,51.2797085],[3.8395442,51.2797843],[3.8395401,51.2797986],[3.8395394,51.2798019],[3.8395224,51.2798887],[3.8395199,51.2799053],[3.8395101,51.2799787],[3.8395047,51.280006],[3.8394959,51.2800687],[3.8394863,51.2801088],[3.8394786,51.2801588],[3.8394782,51.280205],[3.8394772,51.2802487],[3.8394667,51.2803033],[3.8394553,51.2803388],[3.8394358,51.2804141],[3.8394314,51.2804289],[3.8394153,51.2805182],[3.8394151,51.2805189],[3.8394143,51.2805238],[3.8393975,51.280609],[3.8393922,51.280624],[3.8393711,51.2806991],[3.8393647,51.2807326],[3.8393574,51.2807891],[3.8393453,51.280836],[3.8393313,51.2808792],[3.8393115,51.2809486],[3.8393032,51.2809693],[3.8392803,51.2810418],[3.839274,51.2810595],[3.8392726,51.2810646],[3.8392635,51.2811495],[3.8392559,51.2811663],[3.8392479,51.2812395],[3.8392394,51.2812678],[3.8392007,51.2813298],[3.8391869,51.2813925],[3.839177,51.2814199],[3.8391614,51.2814998],[3.8391584,51.2815099],[3.839146,51.2815399],[3.8391203,51.2816001],[3.8391142,51.281621],[3.8390901,51.2816903],[3.8390719,51.2817391],[3.8390618,51.2817804],[3.8390487,51.281845],[3.8390405,51.2818705],[3.8390102,51.2819577],[3.8390091,51.2819606],[3.8390087,51.2819616],[3.8389747,51.2820508],[3.8389642,51.2820812],[3.8389308,51.282141],[3.8389017,51.2822122],[3.8388929,51.2822312],[3.8388729,51.2822882],[3.8388582,51.2823214],[3.8388557,51.2823327],[3.8388261,51.2824115],[3.8388143,51.2824502],[3.8388069,51.2825016],[3.8387349,51.2825827],[3.8387206,51.2825921],[3.8387271,51.2825971],[3.8386719,51.2826824],[3.8386954,51.2827456],[3.8386879,51.2827722],[3.8386812,51.2828085],[3.8386757,51.2828622],[3.838663,51.2829111],[3.8386557,51.2829523],[3.8386266,51.2830255],[3.8386221,51.2830424],[3.8386007,51.2830876],[3.8385828,51.2831327],[3.8385763,51.2831487],[3.8385554,51.2832228],[3.8385357,51.2832657],[3.8385195,51.283313],[3.8384873,51.2833877],[3.8384819,51.2834031],[3.8384636,51.2834358],[3.8384398,51.2834934],[3.8384345,51.2835125],[3.8384163,51.2835835],[3.8384026,51.283624],[3.8383934,51.2836735],[3.8383642,51.2837395],[3.8383542,51.2837637],[3.8383274,51.2838278],[3.8383221,51.2838539],[3.8383177,51.2838603],[3.8383107,51.2839439],[3.8383086,51.2839571],[3.8382951,51.2840339],[3.8382776,51.284068],[3.8382583,51.2841241],[3.8382287,51.2841903],[3.8382187,51.2842143],[3.8381919,51.2842612],[3.8381717,51.2843046],[3.8381649,51.2843222],[3.8381412,51.2843947],[3.8381262,51.284438],[3.8381113,51.2844849],[3.8380907,51.2845517],[3.8380891,51.2845749],[3.8380678,51.2846574],[3.8380667,51.284665],[3.8380562,51.2846891],[3.8380323,51.2847552],[3.8380277,51.2847741],[3.8380025,51.2848453],[3.8379887,51.2848901],[3.8379778,51.2849354],[3.8379614,51.2849986],[3.8379561,51.2850255],[3.8379203,51.2850992],[3.837911,51.2851158],[3.8379076,51.285124],[3.837874,51.2852059],[3.8378639,51.285243],[3.8378358,51.2852961],[3.8378032,51.2853729],[3.8378012,51.2853863],[3.8377835,51.2854618],[3.8377807,51.2854764],[3.8377804,51.2854785],[3.8377503,51.2855665],[3.8377282,51.285603],[3.8377067,51.2856568],[3.8376559,51.2857404],[3.8376531,51.2857471],[3.8376465,51.2858151],[3.8376452,51.285837],[3.8376449,51.2858384],[3.8376142,51.2859272],[3.8376035,51.2859559],[3.8375853,51.2860173],[3.8375599,51.2860748],[3.8375467,51.2861075],[3.8375281,51.2861861],[3.8375259,51.2861976],[3.8375105,51.2862193],[3.8374689,51.2862879],[3.8374557,51.2863235],[3.8374317,51.2863781],[3.8373761,51.2864656],[3.8373758,51.2864684],[3.837372,51.2864873],[3.83736,51.2865585],[3.8373594,51.2865672],[3.8373428,51.2866485],[3.8373399,51.2866708],[3.8373222,51.2867386],[3.8373041,51.2867847],[3.8372922,51.2868287],[3.8372557,51.2869067],[3.8372526,51.2869189],[3.837237,51.2869503],[3.8372121,51.2870091],[3.8372046,51.2870304],[3.8371738,51.2870993],[3.8371525,51.2871548],[3.8371455,51.2871895],[3.8371123,51.2872716],[3.8371121,51.2872796],[3.8371005,51.2873274],[3.8370928,51.2873697],[3.8370916,51.2873758],[3.8370859,51.2874597],[3.8370791,51.2874747],[3.8370429,51.2875499],[3.8370059,51.2876127],[3.8370035,51.2876401],[3.8369729,51.2877248],[3.8369718,51.2877302],[3.8369649,51.287761],[3.8369564,51.2878203],[3.8369523,51.287829],[3.8369339,51.2879104],[3.8369286,51.2879352],[3.836911,51.2880004],[3.8368985,51.2880454],[3.83688,51.2880906],[3.8368435,51.2881717],[3.8368396,51.2881808],[3.8368295,51.2881979],[3.836795,51.288271],[3.8367863,51.2882993],[3.8367696,51.2883611],[3.8367432,51.288418],[3.8367405,51.2884513],[3.836692,51.288522],[3.8366802,51.2885416],[3.8366767,51.2885516],[3.8366532,51.2886317],[3.8366443,51.2886633],[3.8366309,51.2887218],[3.8365984,51.2887837],[3.8365855,51.2888121],[3.8365554,51.2888971],[3.8365538,51.2889022],[3.8365535,51.2889035],[3.8365123,51.2889924],[3.8365064,51.2890246],[3.8364916,51.2890825],[3.83649,51.2891261],[3.8364754,51.2891725],[3.8364542,51.2892401],[3.836449,51.2892627],[3.8364345,51.2893436],[3.8364342,51.2893527],[3.8364206,51.2893734],[3.8363822,51.289443],[3.8363819,51.2894683],[3.8363643,51.289533],[3.8363644,51.2895705],[3.8363583,51.289623],[3.8363498,51.2896709],[3.8363548,51.2897129],[3.8363232,51.2897788],[3.8363155,51.2898031],[3.8363054,51.2898813],[3.8363033,51.2898932],[3.8362871,51.2899171],[3.8362506,51.2899835],[3.8362368,51.2900162],[3.8362183,51.2900736],[3.836165,51.2901532],[3.8361603,51.2901639],[3.8361487,51.2901916],[3.8361058,51.2902543],[3.8361017,51.2902848],[3.8360653,51.2903445],[3.8360317,51.2904206],[3.8360271,51.2904347],[3.8360229,51.2905173],[3.8360214,51.2905246],[3.8360121,51.2905704],[3.8359963,51.2906147],[3.835996,51.2906254],[3.8359554,51.2907049],[3.8359419,51.2907511],[3.8359248,51.2907951],[3.8358841,51.2908791],[3.8358811,51.2908853],[3.8358753,51.2909347],[3.8358686,51.2909753],[3.8358649,51.2909824],[3.835811,51.2910657],[3.8358027,51.2911133],[3.8357886,51.2911557],[3.8357656,51.291228],[3.8357608,51.2912459],[3.8357391,51.291333],[3.8357378,51.291336],[3.8357378,51.2913368],[3.8356899,51.2914262],[3.8356885,51.2914594],[3.83567,51.2915163],[3.8356352,51.2915846],[3.8356276,51.2916065],[3.8356018,51.291666],[3.8355855,51.2916967],[3.8355849,51.2917078],[3.8355732,51.2917867],[3.8355695,51.2918086],[3.8355342,51.2918769],[3.8355124,51.2919362],[3.8355034,51.2919671],[3.8354748,51.2920513],[3.8354721,51.2920572],[3.8354661,51.2920904],[3.8354521,51.2921473],[3.8354505,51.2921578],[3.8354129,51.2922375],[3.8354654,51.292324],[3.8354649,51.292327],[3.8354649,51.2923305],[3.8354482,51.2924171],[3.8354511,51.2924303],[3.8354224,51.2925072],[3.8354164,51.2925435],[3.8353947,51.2925973],[3.8353794,51.2926514]]},"properties":{"rawObjectClass":"DEPCNT","VALDCO":8,"depthDatum":"Approximate LAT","depthDatumCode":42,"depthDatumStatus":"VERIFIED_FROM_OFFICIAL_DOCUMENTATION","verticalDatum":"Local Datum","verticalDatumCode":24,"napIdentityStatus":"UNVERIFIED","sourceKind":"official","sourceCellId":"1R7687LI","sourceStableId":"1F2B6A429E1C7541","sourceChecksum":"15df29d0ae5fbc875483ea2addc2d4e6c9148a876bdf65f0adfc75742fe31c47","pipelineFeatureId":"1R7687LI/DEPCNT/1280474530","provenance":{"cellId":"1R7687LI","checksum":"15df29d0ae5fbc875483ea2addc2d4e6c9148a876bdf65f0adfc75742fe31c47","readerVersion":"GDAL 3.2.2","processedAt":"2026-08-11T13:43:44.753Z"},"sourceProperties":{"RCID":1280474530,"PRIM":2,"GRUP":2,"OBJL":43,"RVER":1,"AGEN":7979,"FIDN":1782750748,"FIDS":30017,"LNAM":"1F2B6A429E1C7541","VALDCO":8,"SCAMIN":300000,"sourceCellId":"1R7687LI","sourceChecksum":"15df29d0ae5fbc875483ea2addc2d4e6c9148a876bdf65f0adfc75742fe31c47","rawObjectClass":"DEPCNT","sourceStableId":"1F2B6A429E1C7541"}}},{"type":"Feature","geometry":{"type":"LineString","coordinates":[[3.8239635,51.325],[3.8239392,51.3249606],[3.8239943,51.3248776],[3.8240032,51.3248702],[3.8240015,51.324782],[3.824003,51.3247803],[3.8240042,51.3247775],[3.8240373,51.3247591],[3.824147,51.3247351],[3.824207,51.3247413],[3.8242902,51.3247163],[3.8243096,51.3246882],[3.8244318,51.3246126],[3.8244422,51.3245973],[3.8245735,51.3245079],[3.8245753,51.3245065],[3.8245779,51.3245036],[3.8246248,51.3244162],[3.8247137,51.3243257],[3.8247138,51.3243256],[3.8248048,51.3242351],[3.8248548,51.324188],[3.8248703,51.3241447],[3.8248834,51.324126],[3.8248848,51.3240547],[3.8249946,51.3239826],[3.8250086,51.3239639],[3.8250457,51.323931],[3.8250163,51.3238739],[3.8250815,51.3238172],[3.8250799,51.3237836],[3.8250798,51.3237496],[3.8251343,51.3237679],[3.8251704,51.323693],[3.825275,51.3236122],[3.8252826,51.3236023],[3.8252946,51.3235897],[3.8253217,51.3235121],[3.8254035,51.3234289],[3.8254052,51.3234216],[3.8253939,51.3234085],[3.8254148,51.323408],[3.8254298,51.3233315],[3.8254656,51.3232982],[3.8254813,51.3232412],[3.8255547,51.323203],[3.8256023,51.3231504],[3.8256962,51.3230935],[3.8257153,51.3230597],[3.8257183,51.3230453],[3.8257154,51.3229698],[3.8257524,51.3229325],[3.8257514,51.3228796],[3.8258343,51.3227905],[3.8258347,51.3227891],[3.8258349,51.3227887],[3.82586,51.322699],[3.8258779,51.3226702],[3.8258885,51.3226089],[3.8259339,51.3225434],[3.8259128,51.3225188],[3.825972,51.3224658],[3.8259836,51.3224284],[3.8259871,51.3224183],[3.825992,51.3223384],[3.8261012,51.3222543],[3.8261047,51.3222477],[3.8261054,51.3222438],[3.8260679,51.322158],[3.8261092,51.322114],[3.8261275,51.3220677],[3.8261345,51.322051],[3.8261234,51.3219778],[3.8261495,51.3219505],[3.8261615,51.3218876],[3.8262477,51.3218387],[3.8262664,51.3217969],[3.8262733,51.3217802],[3.8262833,51.3217069],[3.8263042,51.3216694],[3.8263219,51.3216167],[3.8263429,51.3215537],[3.8263379,51.3215266],[3.8263786,51.3214398],[3.8263814,51.3214364],[3.8263839,51.3214324],[3.8264357,51.3213461],[3.8265246,51.3212765],[3.8265596,51.3212553],[3.8265836,51.3212175],[3.8266198,51.321165],[3.8266648,51.3210894],[3.826672,51.3210747],[3.8266738,51.3210688],[3.8267,51.3209845],[3.8267963,51.3208993],[3.8267955,51.320894],[3.8268047,51.3208901],[3.8268402,51.3208037],[3.8268597,51.3207677],[3.8268667,51.3207136],[3.8268675,51.3206718],[3.8269027,51.3206234],[3.8269419,51.3205383],[3.8269443,51.3205332],[3.8269459,51.3205306],[3.827005,51.3204429],[3.8270827,51.3203893],[3.8271276,51.3203521],[3.8272243,51.3202841],[3.8272586,51.3202612],[3.827366,51.3201845],[3.8273826,51.3201704],[3.827508,51.3200976],[3.8276465,51.3200816],[3.8276512,51.3200799],[3.8276545,51.3200786],[3.8276917,51.3200526],[3.82765,51.3200155],[3.8276418,51.3199937],[3.8276454,51.3199887],[3.8276489,51.3199552],[3.8276802,51.3199186],[3.8276593,51.3198987],[3.8276698,51.3198848],[3.827751,51.3198081],[3.8277893,51.3197825],[3.8278979,51.3197172],[3.8279312,51.3196948],[3.8280258,51.3196566],[3.8280737,51.3196373],[3.8281072,51.3196258],[3.8282159,51.3195665],[3.8282658,51.3195347],[3.8283581,51.3194906],[3.828458,51.3194705],[3.8285012,51.3194673],[3.8285283,51.319443],[3.8285341,51.3194218],[3.8285571,51.3193528],[3.8284986,51.3193252],[3.8284224,51.3193115],[3.8283553,51.3193361],[3.82833,51.3193544],[3.8282133,51.3194199],[3.8281339,51.3194457],[3.8280712,51.3194949],[3.827976,51.3195066],[3.8279281,51.3195205],[3.8278985,51.3195188],[3.8277847,51.3195257],[3.8276407,51.3194492],[3.8276398,51.3194477],[3.8275629,51.3193599],[3.8275633,51.3193135],[3.8275518,51.31927],[3.8275546,51.319231],[3.8275893,51.3191798],[3.8275961,51.3191135],[3.8276052,51.3190898],[3.8276009,51.3190195],[3.8276087,51.3189998],[3.8276206,51.3189158],[3.8276296,51.3188836],[3.8276568,51.3188197],[3.8276679,51.3187946],[3.8277142,51.3187293],[3.8277172,51.3186721],[3.8277226,51.3186394],[3.8277411,51.3185658],[3.8277445,51.3185493],[3.827766,51.3184852],[3.827783,51.3184591],[3.8277873,51.3184452],[3.8278496,51.3183687],[3.8278645,51.3183048],[3.8278706,51.3182786],[3.8278838,51.3182015],[3.8278862,51.3181886],[3.8279032,51.3181384],[3.8279239,51.3180984],[3.8279368,51.3180766],[3.8279727,51.3180081],[3.828043,51.3179305],[3.8280544,51.3179176],[3.8280686,51.3179011],[3.8281254,51.3178272],[3.8281833,51.3177517],[3.8281922,51.3177368],[3.8282199,51.3177132],[3.82826,51.3176464],[3.828324,51.3175961],[3.8284403,51.3175552],[3.8284665,51.3175409],[3.828511,51.3175266],[3.8286087,51.3174721],[3.8286354,51.3174639],[3.828751,51.3174044],[3.8288621,51.3173724],[3.8288934,51.3173448],[3.8289473,51.3173379],[3.829036,51.3172947],[3.8290582,51.3172811],[3.8291777,51.3171942],[3.8291933,51.3171902],[3.8293201,51.3171312],[3.8294373,51.3171148],[3.8294631,51.3171035],[3.8294759,51.3170983],[3.8296052,51.3170266],[3.8297449,51.3170064],[3.8297483,51.3170049],[3.82981,51.3169161],[3.8298889,51.3168438],[3.8299904,51.3168249],[3.8300311,51.3167723],[3.8301429,51.3167535],[3.8301739,51.3167345],[3.8301756,51.3167336],[3.8303159,51.3166555],[3.8304117,51.316642],[3.8304588,51.3166191],[3.8304867,51.3166241],[3.8306014,51.3165685],[3.8306355,51.3165505],[3.8307432,51.3164754],[3.8307682,51.3164597],[3.8308849,51.3163788],[3.8309173,51.3163687],[3.8310273,51.3163195],[3.8311244,51.3162773],[3.8311693,51.3162331],[3.8312294,51.3162389],[3.831312,51.3161934],[3.8313287,51.3161859],[3.8314539,51.3161041],[3.8315055,51.3160947],[3.8315963,51.316045],[3.8316878,51.316036],[3.8317392,51.3160081],[3.831748,51.3160031],[3.8318571,51.3159275],[3.8318464,51.3159125],[3.8317373,51.3159074],[3.8317198,51.3159134],[3.8315952,51.3159822],[3.8315145,51.3160047],[3.831453,51.316053],[3.831334,51.316096],[3.8313105,51.3161089],[3.8312848,51.3161124],[3.8311683,51.3161772],[3.8311485,51.3161872],[3.8310262,51.3162557],[3.8308851,51.3162777],[3.8308831,51.3162782],[3.8308815,51.316279],[3.8307411,51.3163636],[3.8307222,51.3163701],[3.8305991,51.3164411],[3.8305554,51.3164612],[3.830457,51.3165209],[3.8303289,51.3165433],[3.830314,51.3165499],[3.8303092,51.3165528],[3.8301722,51.3166418],[3.8301684,51.3166438],[3.8300303,51.3167323],[3.8300203,51.3167347],[3.8298882,51.3168073],[3.8297737,51.3168082],[3.8297449,51.3168204],[3.829715,51.3168268],[3.8296025,51.3168808],[3.8294919,51.3169183],[3.8294601,51.3169411],[3.8294336,51.3169353],[3.8293171,51.3169675],[3.8292045,51.3169912],[3.8291741,51.3169939],[3.8291369,51.3170107],[3.8290322,51.3170814],[3.8289353,51.3171021],[3.82889,51.317153],[3.8288434,51.3171027],[3.8287556,51.317097],[3.8287455,51.3170989],[3.8287377,51.3170986],[3.8286017,51.3170838],[3.8285289,51.3170596],[3.8284577,51.317056],[3.8284015,51.317016],[3.8284009,51.3169812],[3.8283527,51.3169264],[3.8283545,51.3168638],[3.8283525,51.3168365],[3.8283583,51.316806],[3.8283823,51.3167463],[3.8284159,51.3166781],[3.8284276,51.3166561],[3.8284494,51.316594],[3.8284563,51.316566],[3.8284591,51.3165595],[3.8284679,51.3164759],[3.8284781,51.3164563],[3.828506,51.3163858],[3.828521,51.3163379],[3.8285383,51.3162956],[3.8285594,51.3162224],[3.8285621,51.3162055],[3.8285845,51.3161284],[3.8285876,51.3161154],[3.8285896,51.316112],[3.8286232,51.3160252],[3.8286382,51.3159899],[3.8286545,51.3159351],[3.8286707,51.3158781],[3.8286847,51.315845],[3.8287167,51.3157577],[3.8287182,51.3157548],[3.8287211,51.3157467],[3.8287517,51.3156646],[3.8287614,51.3156381],[3.8287784,51.3155745],[3.8287968,51.3155245],[3.8288159,51.3154843],[3.828858,51.3153943],[3.8288583,51.3153937],[3.8288894,51.315304],[3.8288995,51.3152768],[3.8289205,51.3152138],[3.8289973,51.3151445],[3.829016,51.3151232],[3.8291389,51.3150411],[3.8291511,51.3150324],[3.8291927,51.3149979],[3.8292494,51.3149417],[3.8292803,51.3149266],[3.8293188,51.314917],[3.8294229,51.3148775],[3.8294874,51.3148501],[3.8295651,51.3148035],[3.8296743,51.3147589],[3.8297075,51.3147426],[3.8298317,51.3146679],[3.8298494,51.3146562],[3.8299056,51.3146318],[3.8299917,51.314593],[3.8300307,51.3145765],[3.830134,51.314526],[3.8302343,51.3144852],[3.8302764,51.3144647],[3.830407,51.314394],[3.8304185,51.3143875],[3.8304432,51.3143781],[3.8305609,51.3143257],[3.8306734,51.3143215],[3.8307041,51.3143144],[3.830706,51.3143143]]},"properties":{"rawObjectClass":"DEPCNT","VALDCO":8,"depthDatum":"Approximate LAT","depthDatumCode":42,"depthDatumStatus":"VERIFIED_FROM_OFFICIAL_DOCUMENTATION","verticalDatum":"Local Datum","verticalDatumCode":24,"napIdentityStatus":"UNVERIFIED","sourceKind":"official","sourceCellId":"1R7687LI","sourceStableId":"1F2B6A429E1C7542","sourceChecksum":"15df29d0ae5fbc875483ea2addc2d4e6c9148a876bdf65f0adfc75742fe31c47","pipelineFeatureId":"1R7687LI/DEPCNT/1280474531","provenance":{"cellId":"1R7687LI","checksum":"15df29d0ae5fbc875483ea2addc2d4e6c9148a876bdf65f0adfc75742fe31c47","readerVersion":"GDAL 3.2.2","processedAt":"2026-08-11T13:43:44.753Z"},"sourceProperties":{"RCID":1280474531,"PRIM":2,"GRUP":2,"OBJL":43,"RVER":1,"AGEN":7979,"FIDN":1782750748,"FIDS":30018,"LNAM":"1F2B6A429E1C7542","VALDCO":8,"SCAMIN":300000,"sourceCellId":"1R7687LI","sourceChecksum":"15df29d0ae5fbc875483ea2addc2d4e6c9148a876bdf65f0adfc75742fe31c47","rawObjectClass":"DEPCNT","sourceStableId":"1F2B6A429E1C7542"}}},{"type":"Feature","geometry":{"type":"LineString","coordinates":[[3.8331059,51.3102011],[3.8331048,51.3102384],[3.8330698,51.3102497],[3.8329544,51.310257],[3.8329264,51.3102558],[3.8328284,51.3102404],[3.8327822,51.3102144],[3.8326789,51.3101771],[3.8326377,51.3101557],[3.8326252,51.3101519],[3.8324929,51.3100816],[3.832353,51.3100663],[3.8323491,51.3100652],[3.832345,51.310064],[3.8322042,51.3099869],[3.8320832,51.30999],[3.8320607,51.3099831],[3.8320407,51.3099762],[3.8320138,51.3099475],[3.8320591,51.3098968],[3.8320792,51.3098986],[3.8320663,51.3098861]]},"properties":{"rawObjectClass":"DEPCNT","VALDCO":8,"depthDatum":"Approximate LAT","depthDatumCode":42,"depthDatumStatus":"VERIFIED_FROM_OFFICIAL_DOCUMENTATION","verticalDatum":"Local Datum","verticalDatumCode":24,"napIdentityStatus":"UNVERIFIED","sourceKind":"official","sourceCellId":"1R7687LI","sourceStableId":"1F2B6A429E1C7543","sourceChecksum":"15df29d0ae5fbc875483ea2addc2d4e6c9148a876bdf65f0adfc75742fe31c47","pipelineFeatureId":"1R7687LI/DEPCNT/1280474532","provenance":{"cellId":"1R7687LI","checksum":"15df29d0ae5fbc875483ea2addc2d4e6c9148a876bdf65f0adfc75742fe31c47","readerVersion":"GDAL 3.2.2","processedAt":"2026-08-11T13:43:44.753Z"},"sourceProperties":{"RCID":1280474532,"PRIM":2,"GRUP":2,"OBJL":43,"RVER":1,"AGEN":7979,"FIDN":1782750748,"FIDS":30019,"LNAM":"1F2B6A429E1C7543","VALDCO":8,"SCAMIN":300000,"sourceCellId":"1R7687LI","sourceChecksum":"15df29d0ae5fbc875483ea2addc2d4e6c9148a876bdf65f0adfc75742fe31c47","rawObjectClass":"DEPCNT","sourceStableId":"1F2B6A429E1C7543"}}},{"type":"Feature","geometry":{"type":"LineString","coordinates":[[3.834281,51.3059379],[3.8342583,51.3059292],[3.8342794,51.3059138],[3.8342824,51.3059119],[3.8344175,51.3058229],[3.8344242,51.3058194],[3.8345528,51.305732],[3.8345659,51.3057228],[3.8345883,51.3057237]]},"properties":{"rawObjectClass":"DEPCNT","VALDCO":8,"depthDatum":"Approximate LAT","depthDatumCode":42,"depthDatumStatus":"VERIFIED_FROM_OFFICIAL_DOCUMENTATION","verticalDatum":"Local Datum","verticalDatumCode":24,"napIdentityStatus":"UNVERIFIED","sourceKind":"official","sourceCellId":"1R7687LI","sourceStableId":"1F2B6A429E1C7544","sourceChecksum":"15df29d0ae5fbc875483ea2addc2d4e6c9148a876bdf65f0adfc75742fe31c47","pipelineFeatureId":"1R7687LI/DEPCNT/1280474534","provenance":{"cellId":"1R7687LI","checksum":"15df29d0ae5fbc875483ea2addc2d4e6c9148a876bdf65f0adfc75742fe31c47","readerVersion":"GDAL 3.2.2","processedAt":"2026-08-11T13:43:44.753Z"},"sourceProperties":{"RCID":1280474534,"PRIM":2,"GRUP":2,"OBJL":43,"RVER":1,"AGEN":7979,"FIDN":1782750748,"FIDS":30020,"LNAM":"1F2B6A429E1C7544","VALDCO":8,"SCAMIN":300000,"sourceCellId":"1R7687LI","sourceChecksum":"15df29d0ae5fbc875483ea2addc2d4e6c9148a876bdf65f0adfc75742fe31c47","rawObjectClass":"DEPCNT","sourceStableId":"1F2B6A429E1C7544"}}},{"type":"Feature","geometry":{"type":"LineString","coordinates":[[3.842341,51.275],[3.8423388,51.2750036],[3.8423318,51.2750127],[3.8423246,51.2750177],[3.8421866,51.2751037],[3.8421829,51.2751091],[3.8421674,51.2751136],[3.8420399,51.2751329],[3.8419587,51.2751442],[3.8418966,51.2751357],[3.8418384,51.2751428],[3.8417535,51.2751458],[3.8416774,51.2751551],[3.8416102,51.2751516],[3.841523,51.2751437],[3.8414666,51.2751382],[3.8414218,51.2751092],[3.8413217,51.2750571],[3.841288,51.2750202],[3.8412733,51.275]]},"properties":{"rawObjectClass":"DEPCNT","VALDCO":8,"depthDatum":"Approximate LAT","depthDatumCode":42,"depthDatumStatus":"VERIFIED_FROM_OFFICIAL_DOCUMENTATION","verticalDatum":"Local Datum","verticalDatumCode":24,"napIdentityStatus":"UNVERIFIED","sourceKind":"official","sourceCellId":"1R7687LI","sourceStableId":"1F2B6A429E1C7545","sourceChecksum":"15df29d0ae5fbc875483ea2addc2d4e6c9148a876bdf65f0adfc75742fe31c47","pipelineFeatureId":"1R7687LI/DEPCNT/1280474536","provenance":{"cellId":"1R7687LI","checksum":"15df29d0ae5fbc875483ea2addc2d4e6c9148a876bdf65f0adfc75742fe31c47","readerVersion":"GDAL 3.2.2","processedAt":"2026-08-11T13:43:44.753Z"},"sourceProperties":{"RCID":1280474536,"PRIM":2,"GRUP":2,"OBJL":43,"RVER":1,"AGEN":7979,"FIDN":1782750748,"FIDS":30021,"LNAM":"1F2B6A429E1C7545","VALDCO":8,"SCAMIN":300000,"sourceCellId":"1R7687LI","sourceChecksum":"15df29d0ae5fbc875483ea2addc2d4e6c9148a876bdf65f0adfc75742fe31c47","rawObjectClass":"DEPCNT","sourceStableId":"1F2B6A429E1C7545"}}},{"type":"Feature","geometry":{"type":"LineString","coordinates":[[3.838001,51.3012708],[3.8380712,51.3012658],[3.8381879,51.3012262],[3.8382143,51.3012449],[3.8382455,51.3012095],[3.8382425,51.3011912],[3.8383325,51.301119],[3.8383551,51.301102],[3.8384551,51.3010282],[3.8384967,51.3009988],[3.8385832,51.3009373],[3.8386304,51.3008515],[3.8386295,51.3008471],[3.838637,51.3008296],[3.8386386,51.3008279]]},"properties":{"rawObjectClass":"DEPCNT","VALDCO":8,"depthDatum":"Approximate LAT","depthDatumCode":42,"depthDatumStatus":"VERIFIED_FROM_OFFICIAL_DOCUMENTATION","verticalDatum":"Local Datum","verticalDatumCode":24,"napIdentityStatus":"UNVERIFIED","sourceKind":"official","sourceCellId":"1R7687LI","sourceStableId":"1F2B6A429E1C7546","sourceChecksum":"15df29d0ae5fbc875483ea2addc2d4e6c9148a876bdf65f0adfc75742fe31c47","pipelineFeatureId":"1R7687LI/DEPCNT/1280474537","provenance":{"cellId":"1R7687LI","checksum":"15df29d0ae5fbc875483ea2addc2d4e6c9148a876bdf65f0adfc75742fe31c47","readerVersion":"GDAL 3.2.2","processedAt":"2026-08-11T13:43:44.753Z"},"sourceProperties":{"RCID":1280474537,"PRIM":2,"GRUP":2,"OBJL":43,"RVER":1,"AGEN":7979,"FIDN":1782750748,"FIDS":30022,"LNAM":"1F2B6A429E1C7546","VALDCO":8,"SCAMIN":300000,"sourceCellId":"1R7687LI","sourceChecksum":"15df29d0ae5fbc875483ea2addc2d4e6c9148a876bdf65f0adfc75742fe31c47","rawObjectClass":"DEPCNT","sourceStableId":"1F2B6A429E1C7546"}}},{"type":"Feature","geometry":{"type":"LineString","coordinates":[[3.8405146,51.2995208],[3.8405506,51.2995299],[3.8406214,51.2995214],[3.8406924,51.2995734],[3.8407192,51.2996332],[3.8407241,51.2996631],[3.8407031,51.299704],[3.8407388,51.2997529],[3.8406265,51.2998002],[3.8405563,51.2998441],[3.8404846,51.2998878],[3.8404476,51.2999348],[3.8403437,51.3000234],[3.8403409,51.3000255],[3.8403318,51.3000331],[3.8402573,51.300116],[3.8402027,51.3001604],[3.8401577,51.3002067],[3.8400613,51.3002712],[3.8399825,51.3002978],[3.8399186,51.3003135],[3.8398421,51.3003472],[3.8397762,51.3003678],[3.8397369,51.3003649],[3.8396328,51.3003723],[3.8395005,51.3003013],[3.8396303,51.300233],[3.8396563,51.3002102],[3.8396735,51.3001824],[3.8397345,51.3001198],[3.8397617,51.3000475]]},"properties":{"rawObjectClass":"DEPCNT","VALDCO":8,"depthDatum":"Approximate LAT","depthDatumCode":42,"depthDatumStatus":"VERIFIED_FROM_OFFICIAL_DOCUMENTATION","verticalDatum":"Local Datum","verticalDatumCode":24,"napIdentityStatus":"UNVERIFIED","sourceKind":"official","sourceCellId":"1R7687LI","sourceStableId":"1F2B6A429E1C7547","sourceChecksum":"15df29d0ae5fbc875483ea2addc2d4e6c9148a876bdf65f0adfc75742fe31c47","pipelineFeatureId":"1R7687LI/DEPCNT/1280474538","provenance":{"cellId":"1R7687LI","checksum":"15df29d0ae5fbc875483ea2addc2d4e6c9148a876bdf65f0adfc75742fe31c47","readerVersion":"GDAL 3.2.2","processedAt":"2026-08-11T13:43:44.753Z"},"sourceProperties":{"RCID":1280474538,"PRIM":2,"GRUP":2,"OBJL":43,"RVER":1,"AGEN":7979,"FIDN":1782750748,"FIDS":30023,"LNAM":"1F2B6A429E1C7547","VALDCO":8,"SCAMIN":300000,"sourceCellId":"1R7687LI","sourceChecksum":"15df29d0ae5fbc875483ea2addc2d4e6c9148a876bdf65f0adfc75742fe31c47","rawObjectClass":"DEPCNT","sourceStableId":"1F2B6A429E1C7547"}}},{"type":"Feature","geometry":{"type":"LineString","coordinates":[[3.8360833,51.3026028],[3.8360872,51.3026015],[3.8361292,51.3025735],[3.8361362,51.3025662]]},"properties":{"rawObjectClass":"DEPCNT","VALDCO":8,"depthDatum":"Approximate LAT","depthDatumCode":42,"depthDatumStatus":"VERIFIED_FROM_OFFICIAL_DOCUMENTATION","verticalDatum":"Local Datum","verticalDatumCode":24,"napIdentityStatus":"UNVERIFIED","sourceKind":"official","sourceCellId":"1R7687LI","sourceStableId":"1F2B6A429E1C7548","sourceChecksum":"15df29d0ae5fbc875483ea2addc2d4e6c9148a876bdf65f0adfc75742fe31c47","pipelineFeatureId":"1R7687LI/DEPCNT/1280474539","provenance":{"cellId":"1R7687LI","checksum":"15df29d0ae5fbc875483ea2addc2d4e6c9148a876bdf65f0adfc75742fe31c47","readerVersion":"GDAL 3.2.2","processedAt":"2026-08-11T13:43:44.753Z"},"sourceProperties":{"RCID":1280474539,"PRIM":2,"GRUP":2,"OBJL":43,"RVER":1,"AGEN":7979,"FIDN":1782750748,"FIDS":30024,"LNAM":"1F2B6A429E1C7548","VALDCO":8,"SCAMIN":300000,"sourceCellId":"1R7687LI","sourceChecksum":"15df29d0ae5fbc875483ea2addc2d4e6c9148a876bdf65f0adfc75742fe31c47","rawObjectClass":"DEPCNT","sourceStableId":"1F2B6A429E1C7548"}}},{"type":"Feature","geometry":{"type":"LineString","coordinates":[[3.8426399,51.2784007],[3.8425858,51.2784279],[3.8425311,51.2784736],[3.842439,51.278429],[3.8424297,51.2783667],[3.8424229,51.2783392],[3.8423845,51.2782924],[3.8422879,51.2782502],[3.8422389,51.2781744],[3.8422348,51.2781631],[3.8422368,51.2781607],[3.8422294,51.2780757],[3.8422309,51.2780708],[3.84223,51.2780664],[3.8421667,51.2779813],[3.8421473,51.2779269],[3.84214,51.2778916],[3.8421343,51.2778638],[3.8421604,51.2778015],[3.8421607,51.2777559],[3.8421705,51.2777115],[3.8421999,51.2776397],[3.8422101,51.2776213],[3.8422284,51.2776013],[3.8422985,51.2775765],[3.8423708,51.2775462],[3.8424266,51.2775437]]},"properties":{"rawObjectClass":"DEPCNT","VALDCO":8,"depthDatum":"Approximate LAT","depthDatumCode":42,"depthDatumStatus":"VERIFIED_FROM_OFFICIAL_DOCUMENTATION","verticalDatum":"Local Datum","verticalDatumCode":24,"napIdentityStatus":"UNVERIFIED","sourceKind":"official","sourceCellId":"1R7687LI","sourceStableId":"1F2B6A429E1C7549","sourceChecksum":"15df29d0ae5fbc875483ea2addc2d4e6c9148a876bdf65f0adfc75742fe31c47","pipelineFeatureId":"1R7687LI/DEPCNT/1280474540","provenance":{"cellId":"1R7687LI","checksum":"15df29d0ae5fbc875483ea2addc2d4e6c9148a876bdf65f0adfc75742fe31c47","readerVersion":"GDAL 3.2.2","processedAt":"2026-08-11T13:43:44.753Z"},"sourceProperties":{"RCID":1280474540,"PRIM":2,"GRUP":2,"OBJL":43,"RVER":1,"AGEN":7979,"FIDN":1782750748,"FIDS":30025,"LNAM":"1F2B6A429E1C7549","VALDCO":8,"SCAMIN":300000,"sourceCellId":"1R7687LI","sourceChecksum":"15df29d0ae5fbc875483ea2addc2d4e6c9148a876bdf65f0adfc75742fe31c47","rawObjectClass":"DEPCNT","sourceStableId":"1F2B6A429E1C7549"}}},{"type":"Feature","geometry":{"type":"LineString","coordinates":[[3.8342558,51.3042648],[3.8342977,51.3042667],[3.8342614,51.3042953],[3.8342532,51.3043043],[3.8341225,51.3043862],[3.8341116,51.3044049],[3.833982,51.3044772],[3.8339696,51.3044827],[3.8338727,51.3045679],[3.8338654,51.3046349],[3.8338355,51.304658],[3.8338293,51.3046613],[3.8336944,51.304749],[3.8336876,51.3047546],[3.8335565,51.3048399],[3.8335458,51.3048446],[3.8335238,51.3048539],[3.8334031,51.3048591]]},"properties":{"rawObjectClass":"DEPCNT","VALDCO":8,"depthDatum":"Approximate LAT","depthDatumCode":42,"depthDatumStatus":"VERIFIED_FROM_OFFICIAL_DOCUMENTATION","verticalDatum":"Local Datum","verticalDatumCode":24,"napIdentityStatus":"UNVERIFIED","sourceKind":"official","sourceCellId":"1R7687LI","sourceStableId":"1F2B6A429E1C754A","sourceChecksum":"15df29d0ae5fbc875483ea2addc2d4e6c9148a876bdf65f0adfc75742fe31c47","pipelineFeatureId":"1R7687LI/DEPCNT/1280474542","provenance":{"cellId":"1R7687LI","checksum":"15df29d0ae5fbc875483ea2addc2d4e6c9148a876bdf65f0adfc75742fe31c47","readerVersion":"GDAL 3.2.2","processedAt":"2026-08-11T13:43:44.753Z"},"sourceProperties":{"RCID":1280474542,"PRIM":2,"GRUP":2,"OBJL":43,"RVER":1,"AGEN":7979,"FIDN":1782750748,"FIDS":30026,"LNAM":"1F2B6A429E1C754A","VALDCO":8,"SCAMIN":300000,"sourceCellId":"1R7687LI","sourceChecksum":"15df29d0ae5fbc875483ea2addc2d4e6c9148a876bdf65f0adfc75742fe31c47","rawObjectClass":"DEPCNT","sourceStableId":"1F2B6A429E1C754A"}}},{"type":"Feature","geometry":{"type":"LineString","coordinates":[[3.8320339,51.3077557],[3.8320204,51.3077548],[3.8319673,51.3077287],[3.8319727,51.3076994],[3.8319617,51.3076388],[3.8319721,51.3075907]]},"properties":{"rawObjectClass":"DEPCNT","VALDCO":7.5,"depthDatum":"Approximate LAT","depthDatumCode":42,"depthDatumStatus":"VERIFIED_FROM_OFFICIAL_DOCUMENTATION","verticalDatum":"Local Datum","verticalDatumCode":24,"napIdentityStatus":"UNVERIFIED","sourceKind":"official","sourceCellId":"1R7687LI","sourceStableId":"1F2B6A429E1C754B","sourceChecksum":"15df29d0ae5fbc875483ea2addc2d4e6c9148a876bdf65f0adfc75742fe31c47","pipelineFeatureId":"1R7687LI/DEPCNT/1280474543","provenance":{"cellId":"1R7687LI","checksum":"15df29d0ae5fbc875483ea2addc2d4e6c9148a876bdf65f0adfc75742fe31c47","readerVersion":"GDAL 3.2.2","processedAt":"2026-08-11T13:43:44.753Z"},"sourceProperties":{"RCID":1280474543,"PRIM":2,"GRUP":2,"OBJL":43,"RVER":1,"AGEN":7979,"FIDN":1782750748,"FIDS":30027,"LNAM":"1F2B6A429E1C754B","VALDCO":7.5,"SCAMIN":15000,"sourceCellId":"1R7687LI","sourceChecksum":"15df29d0ae5fbc875483ea2addc2d4e6c9148a876bdf65f0adfc75742fe31c47","rawObjectClass":"DEPCNT","sourceStableId":"1F2B6A429E1C754B"}}},{"type":"Feature","geometry":{"type":"LineString","coordinates":[[3.8369373,51.3020177],[3.8369929,51.3019926],[3.8370804,51.3019976],[3.8372225,51.3019244],[3.8373342,51.3018647],[3.8372694,51.3019359],[3.8372506,51.3020093],[3.8372327,51.3020261],[3.8372246,51.302038],[3.8370825,51.3021171],[3.8369401,51.3021691],[3.8368897,51.3022083],[3.8368594,51.3022601],[3.8368505,51.3022986],[3.8367997,51.3023394],[3.8367217,51.3023894],[3.8367533,51.3024192],[3.836723,51.3024793],[3.8366858,51.3025534],[3.8366748,51.3025696],[3.8366606,51.3025791],[3.8365242,51.3026606],[3.8365187,51.3026636],[3.8364982,51.3026737],[3.8363762,51.3027142],[3.8362983,51.3027521],[3.8362341,51.3027884],[3.8361491,51.3028431],[3.8361096,51.3029229],[3.8360985,51.3029334],[3.8360936,51.3029532],[3.8360676,51.3030066],[3.8360761,51.3030235],[3.8360748,51.3030362],[3.8360518,51.3031136],[3.8359543,51.3031795],[3.835931,51.3031896],[3.8359432,51.3032043],[3.8358125,51.3032694],[3.8357702,51.3032954],[3.8356711,51.303382],[3.8356619,51.3033861],[3.8356387,51.3034068],[3.8356369,51.3034762],[3.8355307,51.3035552],[3.8355223,51.3035669],[3.8353884,51.303616],[3.8353213,51.3036583],[3.8352463,51.3036897],[3.8351552,51.3037494],[3.835105,51.3038084],[3.8350617,51.30384],[3.8349636,51.3039224],[3.8349292,51.3039309],[3.8348207,51.3039518],[3.8347556,51.3039731],[3.8347311,51.3039336]]},"properties":{"rawObjectClass":"DEPCNT","VALDCO":7.5,"depthDatum":"Approximate LAT","depthDatumCode":42,"depthDatumStatus":"VERIFIED_FROM_OFFICIAL_DOCUMENTATION","verticalDatum":"Local Datum","verticalDatumCode":24,"napIdentityStatus":"UNVERIFIED","sourceKind":"official","sourceCellId":"1R7687LI","sourceStableId":"1F2B6A429E1C754C","sourceChecksum":"15df29d0ae5fbc875483ea2addc2d4e6c9148a876bdf65f0adfc75742fe31c47","pipelineFeatureId":"1R7687LI/DEPCNT/1280474545","provenance":{"cellId":"1R7687LI","checksum":"15df29d0ae5fbc875483ea2addc2d4e6c9148a876bdf65f0adfc75742fe31c47","readerVersion":"GDAL 3.2.2","processedAt":"2026-08-11T13:43:44.753Z"},"sourceProperties":{"RCID":1280474545,"PRIM":2,"GRUP":2,"OBJL":43,"RVER":1,"AGEN":7979,"FIDN":1782750748,"FIDS":30028,"LNAM":"1F2B6A429E1C754C","VALDCO":7.5,"SCAMIN":15000,"sourceCellId":"1R7687LI","sourceChecksum":"15df29d0ae5fbc875483ea2addc2d4e6c9148a876bdf65f0adfc75742fe31c47","rawObjectClass":"DEPCNT","sourceStableId":"1F2B6A429E1C754C"}}},{"type":"Feature","geometry":{"type":"LineString","coordinates":[[3.8404785,51.2995514],[3.8405694,51.2995742],[3.8405812,51.2996375],[3.8405862,51.299664],[3.8405566,51.299707],[3.8405267,51.2997544],[3.8404827,51.299782],[3.8404038,51.2998452],[3.8403669,51.2999196],[3.8403544,51.2999355],[3.8403422,51.2999459],[3.8402385,51.3000262],[3.8402008,51.3000576],[3.8401025,51.3001171],[3.8400593,51.3001601],[3.8399572,51.3002081],[3.8399169,51.3002217],[3.8398683,51.3002087],[3.8398909,51.3001925],[3.8398452,51.300119],[3.839837,51.3000776],[3.8398522,51.300029],[3.8398565,51.2999816]]},"properties":{"rawObjectClass":"DEPCNT","VALDCO":7.5,"depthDatum":"Approximate LAT","depthDatumCode":42,"depthDatumStatus":"VERIFIED_FROM_OFFICIAL_DOCUMENTATION","verticalDatum":"Local Datum","verticalDatumCode":24,"napIdentityStatus":"UNVERIFIED","sourceKind":"official","sourceCellId":"1R7687LI","sourceStableId":"1F2B6A429E1C754D","sourceChecksum":"15df29d0ae5fbc875483ea2addc2d4e6c9148a876bdf65f0adfc75742fe31c47","pipelineFeatureId":"1R7687LI/DEPCNT/1280474546","provenance":{"cellId":"1R7687LI","checksum":"15df29d0ae5fbc875483ea2addc2d4e6c9148a876bdf65f0adfc75742fe31c47","readerVersion":"GDAL 3.2.2","processedAt":"2026-08-11T13:43:44.753Z"},"sourceProperties":{"RCID":1280474546,"PRIM":2,"GRUP":2,"OBJL":43,"RVER":1,"AGEN":7979,"FIDN":1782750748,"FIDS":30029,"LNAM":"1F2B6A429E1C754D","VALDCO":7.5,"SCAMIN":15000,"sourceCellId":"1R7687LI","sourceChecksum":"15df29d0ae5fbc875483ea2addc2d4e6c9148a876bdf65f0adfc75742fe31c47","rawObjectClass":"DEPCNT","sourceStableId":"1F2B6A429E1C754D"}}},{"type":"Feature","geometry":{"type":"LineString","coordinates":[[3.8356863,51.3028771],[3.8357359,51.3028923],[3.8357509,51.3028459],[3.8358041,51.3028107],[3.8358948,51.302755],[3.8359458,51.3027117],[3.8360446,51.302664],[3.8360881,51.3026494],[3.8362025,51.3025729],[3.8362296,51.3025448],[3.8363122,51.3024822],[3.8363713,51.3024445],[3.8364631,51.3023912],[3.8365128,51.3023404],[3.8365985,51.3023004],[3.8365652,51.3022684]]},"properties":{"rawObjectClass":"DEPCNT","VALDCO":7.5,"depthDatum":"Approximate LAT","depthDatumCode":42,"depthDatumStatus":"VERIFIED_FROM_OFFICIAL_DOCUMENTATION","verticalDatum":"Local Datum","verticalDatumCode":24,"napIdentityStatus":"UNVERIFIED","sourceKind":"official","sourceCellId":"1R7687LI","sourceStableId":"1F2B6A429E1C754E","sourceChecksum":"15df29d0ae5fbc875483ea2addc2d4e6c9148a876bdf65f0adfc75742fe31c47","pipelineFeatureId":"1R7687LI/DEPCNT/1280474547","provenance":{"cellId":"1R7687LI","checksum":"15df29d0ae5fbc875483ea2addc2d4e6c9148a876bdf65f0adfc75742fe31c47","readerVersion":"GDAL 3.2.2","processedAt":"2026-08-11T13:43:44.753Z"},"sourceProperties":{"RCID":1280474547,"PRIM":2,"GRUP":2,"OBJL":43,"RVER":1,"AGEN":7979,"FIDN":1782750748,"FIDS":30030,"LNAM":"1F2B6A429E1C754E","VALDCO":7.5,"SCAMIN":15000,"sourceCellId":"1R7687LI","sourceChecksum":"15df29d0ae5fbc875483ea2addc2d4e6c9148a876bdf65f0adfc75742fe31c47","rawObjectClass":"DEPCNT","sourceStableId":"1F2B6A429E1C754E"}}},{"type":"Feature","geometry":{"type":"LineString","coordinates":[[3.8333475,51.3048899],[3.833324,51.3049314],[3.8332614,51.3049845],[3.8331626,51.3049946],[3.8331182,51.305001],[3.8330691,51.3049925],[3.8330237,51.3049788]]},"properties":{"rawObjectClass":"DEPCNT","VALDCO":7.5,"depthDatum":"Approximate LAT","depthDatumCode":42,"depthDatumStatus":"VERIFIED_FROM_OFFICIAL_DOCUMENTATION","verticalDatum":"Local Datum","verticalDatumCode":24,"napIdentityStatus":"UNVERIFIED","sourceKind":"official","sourceCellId":"1R7687LI","sourceStableId":"1F2B6A429E1C754F","sourceChecksum":"15df29d0ae5fbc875483ea2addc2d4e6c9148a876bdf65f0adfc75742fe31c47","pipelineFeatureId":"1R7687LI/DEPCNT/1280474548","provenance":{"cellId":"1R7687LI","checksum":"15df29d0ae5fbc875483ea2addc2d4e6c9148a876bdf65f0adfc75742fe31c47","readerVersion":"GDAL 3.2.2","processedAt":"2026-08-11T13:43:44.753Z"},"sourceProperties":{"RCID":1280474548,"PRIM":2,"GRUP":2,"OBJL":43,"RVER":1,"AGEN":7979,"FIDN":1782750748,"FIDS":30031,"LNAM":"1F2B6A429E1C754F","VALDCO":7.5,"SCAMIN":15000,"sourceCellId":"1R7687LI","sourceChecksum":"15df29d0ae5fbc875483ea2addc2d4e6c9148a876bdf65f0adfc75742fe31c47","rawObjectClass":"DEPCNT","sourceStableId":"1F2B6A429E1C754F"}}},{"type":"Feature","geometry":{"type":"LineString","coordinates":[[3.8241933,51.325],[3.8242313,51.3249585],[3.8242859,51.3248727],[3.8242878,51.3248682],[3.8242928,51.324864],[3.824378,51.3247776],[3.8244339,51.3247307],[3.8244799,51.324687],[3.8245267,51.3246274],[3.8245477,51.3245966],[3.8245747,51.3245782],[3.8246685,51.3245058],[3.824716,51.3244535],[3.8247625,51.3244152],[3.8248232,51.3243465],[3.8248418,51.3243248],[3.824857,51.3243129],[3.8249242,51.3242343],[3.8249488,51.324175],[3.8249599,51.3241441],[3.8249966,51.3240915],[3.8250233,51.3240537],[3.8250414,51.3240247],[3.8250875,51.3239633],[3.825137,51.3239195],[3.8251989,51.3238726],[3.8251989,51.3238328],[3.8252104,51.3237826],[3.825277,51.3237246],[3.8253266,51.3236919],[3.8253904,51.3236192],[3.825404,51.3236014],[3.825418,51.3235866],[3.8254832,51.3235109],[3.8254892,51.323465],[3.8255054,51.3234209],[3.8255574,51.3233541],[3.8255818,51.3233304],[3.8256197,51.3232904],[3.8256647,51.3232399],[3.8256983,51.32321],[3.8257437,51.3231494],[3.8257536,51.3231136],[3.8257843,51.3230592],[3.8257979,51.3229943],[3.825797,51.3229692],[3.8258368,51.3229291],[3.8258885,51.3228786],[3.8258973,51.3228396],[3.8259134,51.3227885],[3.8259375,51.3227229],[3.8259444,51.3226984],[3.8259753,51.3226486],[3.8260175,51.322608],[3.8260286,51.3225736],[3.8260625,51.3225177],[3.8260737,51.3224537],[3.8260818,51.3224277],[3.8261132,51.322339],[3.8261143,51.3223375],[3.8261149,51.3223364],[3.8262097,51.3222469],[3.826234,51.3221691],[3.8262315,51.3221568],[3.8262523,51.3220938],[3.8262656,51.3220667],[3.82627,51.3220551],[3.826314,51.3219764],[3.8263031,51.321943],[3.82633,51.3218864],[3.8263787,51.3218035],[3.8263821,51.3217961],[3.8263901,51.3217767],[3.8264376,51.3217058],[3.8264441,51.3216707],[3.8264736,51.3216156],[3.8264653,51.3215662],[3.8264734,51.3215257],[3.8265278,51.3214532],[3.8265975,51.3214349],[3.82667,51.3213798],[3.8266861,51.3213443],[3.8266971,51.3213267],[3.8267509,51.321254],[3.8267832,51.3211806],[3.826809,51.3211277],[3.8268653,51.3210733],[3.8269499,51.3209847],[3.8269503,51.3209828],[3.8269503,51.3209825],[3.8269496,51.3209692],[3.8269365,51.3209004],[3.8269438,51.3208929],[3.8269477,51.3208638],[3.8269529,51.3208029],[3.8269583,51.3207955],[3.8270038,51.3207126],[3.8270252,51.3206616],[3.8270259,51.3206226],[3.8270117,51.3205794],[3.8270341,51.3205326],[3.8270838,51.3204517],[3.8270918,51.3204422],[3.8271043,51.3204291],[3.8271979,51.3203516],[3.8272252,51.3203324],[3.8273325,51.3202607],[3.827367,51.3202361],[3.827445,51.32017],[3.8275086,51.320133],[3.8275789,51.3201249],[3.8276515,51.3200981],[3.8277034,51.3200782],[3.8277935,51.3200153],[3.8278438,51.3199873],[3.8279349,51.3198997],[3.8279403,51.3198967],[3.8279586,51.3198815],[3.828005,51.3198063],[3.8280759,51.3197608],[3.8281613,51.3197516],[3.828219,51.3197339],[3.8282533,51.3197147],[3.8283609,51.3196475],[3.8284589,51.3196519],[3.8285042,51.319638],[3.8285634,51.3196225],[3.8286465,51.3195712],[3.8287784,51.319538],[3.8287893,51.3195317],[3.8287914,51.319531],[3.8287992,51.3195247],[3.8287888,51.3195044],[3.8287649,51.3194413],[3.8287863,51.3193635],[3.82879,51.3193536],[3.8287885,51.3193512],[3.8287883,51.3193498],[3.828801,51.3192612],[3.8288242,51.3192358],[3.8288233,51.3191711],[3.8288322,51.3191397],[3.8287828,51.3191684],[3.8287762,51.3191714],[3.8286406,51.3192411],[3.8285155,51.3192518],[3.8284973,51.3192534],[3.8284765,51.3192635],[3.8283548,51.3193082],[3.8282906,51.3193547],[3.8282129,51.3193983],[3.828075,51.3194432],[3.8280703,51.3194451],[3.8280617,51.3194463],[3.8279275,51.3194851],[3.8278349,51.3194798],[3.8277839,51.3194829],[3.8277194,51.3194487],[3.8276837,51.3193872],[3.8276706,51.3193591],[3.8276517,51.3192787],[3.827642,51.3192694],[3.8276433,51.3191846],[3.8276427,51.3191794],[3.8276443,51.3191735],[3.8276495,51.3190895],[3.8276505,51.3190786],[3.827646,51.3189996],[3.827654,51.3189854],[3.8276728,51.3189095],[3.8276776,51.3188794],[3.827703,51.3188193],[3.8277324,51.3187533],[3.8277495,51.3187291],[3.8277537,51.3186486],[3.8277553,51.3186391],[3.8277678,51.3185894],[3.8277822,51.318549],[3.8278039,51.3185255],[3.8278476,51.3184586],[3.8278679,51.3183936],[3.8278884,51.3183684],[3.827906,51.3182927],[3.8279093,51.3182783],[3.8279103,51.3182754],[3.8279272,51.3181883],[3.8279496,51.3181593],[3.8279812,51.318098],[3.8280288,51.3180176],[3.828034,51.3180077],[3.8280442,51.3179965],[3.8281146,51.3179172],[3.8281848,51.3178358],[3.8281943,51.3178267],[3.8281962,51.3178194],[3.8282462,51.3177364],[3.8283253,51.317669],[3.8283602,51.3176457],[3.8284673,51.3175881],[3.8285349,51.3175545],[3.8286095,51.3175129],[3.8287335,51.317475],[3.8287522,51.3174701],[3.8287659,51.317463],[3.8288945,51.3174063],[3.8290099,51.3173713],[3.8290372,51.317358],[3.8291637,51.3172803],[3.829179,51.3172692],[3.8292082,51.3172616],[3.8293216,51.3172186],[3.8293934,51.3171888],[3.829464,51.3171577],[3.8295938,51.3171054],[3.8296065,51.3171009],[3.8296201,51.3170972],[3.8297494,51.3170652],[3.829853,51.3170057],[3.8298911,51.3169695],[3.8299598,51.316915],[3.830033,51.3168803],[3.8301406,51.3168238],[3.8301751,51.3168026],[3.8303114,51.3167327],[3.8303173,51.3167294],[3.8303238,51.3167285],[3.8304601,51.3166925],[3.8305558,51.316641],[3.8306023,51.3166185],[3.8307323,51.3165498],[3.8307444,51.3165414],[3.8308752,51.3164589],[3.8308862,51.3164513],[3.8309094,51.316444],[3.8310286,51.316388],[3.8310506,51.3163677],[3.8311704,51.3162967],[3.8312133,51.3162767],[3.8313126,51.316222],[3.8313939,51.3161854],[3.8314547,51.3161457],[3.8315411,51.3161301],[3.8315975,51.3161071],[3.8316238,51.3160939],[3.8317396,51.3160309],[3.8317892,51.3160028],[3.8318814,51.3159389],[3.8319178,51.315912],[3.8318803,51.3158751],[3.8318101,51.3158688],[3.8317366,51.3158654],[3.8315961,51.3159129],[3.831594,51.3159132],[3.8315921,51.3159143],[3.8314515,51.3159694],[3.8313985,51.3160056],[3.8313096,51.3160574],[3.8312211,51.3160968],[3.8311673,51.3161266],[3.8310459,51.3161879],[3.8310252,51.3161996],[3.8310012,51.3162033],[3.8308823,51.3162324],[3.8307896,51.3162797],[3.8307402,51.3163094],[3.8306409,51.3163433],[3.8305975,51.3163543],[3.8305351,51.3163714],[3.8304549,51.3164055],[3.8303944,51.3164623],[3.8303131,51.3164982],[3.8302229,51.3165534],[3.8301712,51.316587],[3.8300581,51.3166445],[3.8300291,51.3166632],[3.8299827,51.3166742],[3.8298864,51.3167056],[3.8298131,51.3167362],[3.8297439,51.3167655],[3.8296758,51.3167801],[3.8296009,51.3167902],[3.8294728,51.3168192],[3.829458,51.3168236],[3.8293273,51.3168215],[3.8293145,51.3168252],[3.8293001,51.3168297],[3.8291723,51.3168968],[3.8291191,51.316921],[3.8290302,51.3169711],[3.8289257,51.3170122],[3.8288878,51.3170309],[3.8288615,51.3170291],[3.8287446,51.3170506],[3.8286553,51.3170481],[3.828601,51.3170422],[3.8285195,51.3170151],[3.8284564,51.316984],[3.8284054,51.316926],[3.8284063,51.3168956],[3.828402,51.3168361],[3.8284147,51.3167698],[3.8284242,51.316746],[3.8284512,51.3166914],[3.8284627,51.3166558],[3.8284654,51.3166464],[3.8284852,51.3165657],[3.8284987,51.3165341],[3.8285048,51.3164757],[3.8285335,51.3164208],[3.8285475,51.3163855],[3.8285728,51.3163047],[3.8285766,51.3162953],[3.8285869,51.3162598],[3.8285964,51.3162053],[3.8286037,51.316194],[3.8286223,51.3161152],[3.8286459,51.3160759],[3.8286656,51.3160249],[3.8286964,51.3159526],[3.8287017,51.3159348],[3.8287232,51.3158595],[3.8287249,51.3158447],[3.8287259,51.3158428],[3.8287459,51.3157546],[3.8287674,51.3157252],[3.8287901,51.3156644],[3.8288113,51.3156061],[3.8288198,51.3155742],[3.828851,51.3154897],[3.8288537,51.3154841],[3.8288597,51.3154713],[3.8288822,51.315394],[3.8289011,51.3153667],[3.8289229,51.3153037],[3.8289433,51.3152487],[3.828955,51.3152136],[3.8289978,51.3151749],[3.8290435,51.315123],[3.8291392,51.315059],[3.829177,51.3150322],[3.8292807,51.3149461],[3.8292881,51.3149415],[3.8294231,51.3148902],[3.829518,51.3148499],[3.8295654,51.3148215],[3.8296876,51.3147716],[3.8297078,51.3147647],[3.8297181,51.3147586],[3.8298498,51.3146798],[3.8298753,51.3146675],[3.8299921,51.3146149],[3.8300838,51.3145761],[3.8301345,51.3145514],[3.8302399,51.3145085],[3.8302947,51.3144847],[3.830419,51.3144167],[3.830462,51.3143936],[3.8305613,51.3143493],[3.8306342,51.3143467],[3.8307044,51.3143302],[3.8307239,51.3143293]]},"properties":{"rawObjectClass":"DEPCNT","VALDCO":7.5,"depthDatum":"Approximate LAT","depthDatumCode":42,"depthDatumStatus":"VERIFIED_FROM_OFFICIAL_DOCUMENTATION","verticalDatum":"Local Datum","verticalDatumCode":24,"napIdentityStatus":"UNVERIFIED","sourceKind":"official","sourceCellId":"1R7687LI","sourceStableId":"1F2B6A429E1C7550","sourceChecksum":"15df29d0ae5fbc875483ea2addc2d4e6c9148a876bdf65f0adfc75742fe31c47","pipelineFeatureId":"1R7687LI/DEPCNT/1280474549","provenance":{"cellId":"1R7687LI","checksum":"15df29d0ae5fbc875483ea2addc2d4e6c9148a876bdf65f0adfc75742fe31c47","readerVersion":"GDAL 3.2.2","processedAt":"2026-08-11T13:43:44.753Z"},"sourceProperties":{"RCID":1280474549,"PRIM":2,"GRUP":2,"OBJL":43,"RVER":1,"AGEN":7979,"FIDN":1782750748,"FIDS":30032,"LNAM":"1F2B6A429E1C7550","VALDCO":7.5,"SCAMIN":15000,"sourceCellId":"1R7687LI","sourceChecksum":"15df29d0ae5fbc875483ea2addc2d4e6c9148a876bdf65f0adfc75742fe31c47","rawObjectClass":"DEPCNT","sourceStableId":"1F2B6A429E1C7550"}}},{"type":"Feature","geometry":{"type":"LineString","coordinates":[[3.8421627,51.3000731],[3.842152,51.3001024],[3.8420675,51.300164],[3.8419974,51.3001035],[3.8419223,51.3000665],[3.8418494,51.300059],[3.8417787,51.3000575],[3.8416881,51.300049],[3.8416349,51.3000399],[3.8415036,51.3000249],[3.8414912,51.3000227],[3.8414605,51.3000175],[3.8413472,51.2999953],[3.8413107,51.2999956],[3.8412032,51.2999653],[3.8411035,51.2999301],[3.8410587,51.2999045],[3.8409713,51.2998411],[3.8409527,51.2997763],[3.8409552,51.2997513],[3.8409458,51.2996832],[3.8409455,51.2996615],[3.8409423,51.2995921],[3.8409406,51.2995716],[3.8409087,51.2995468],[3.840845,51.2994823],[3.8408382,51.2994394],[3.8408399,51.2993925]]},"properties":{"rawObjectClass":"DEPCNT","VALDCO":7.5,"depthDatum":"Approximate LAT","depthDatumCode":42,"depthDatumStatus":"VERIFIED_FROM_OFFICIAL_DOCUMENTATION","verticalDatum":"Local Datum","verticalDatumCode":24,"napIdentityStatus":"UNVERIFIED","sourceKind":"official","sourceCellId":"1R7687LI","sourceStableId":"1F2B6A429E1C7551","sourceChecksum":"15df29d0ae5fbc875483ea2addc2d4e6c9148a876bdf65f0adfc75742fe31c47","pipelineFeatureId":"1R7687LI/DEPCNT/1280474551","provenance":{"cellId":"1R7687LI","checksum":"15df29d0ae5fbc875483ea2addc2d4e6c9148a876bdf65f0adfc75742fe31c47","readerVersion":"GDAL 3.2.2","processedAt":"2026-08-11T13:43:44.753Z"},"sourceProperties":{"RCID":1280474551,"PRIM":2,"GRUP":2,"OBJL":43,"RVER":1,"AGEN":7979,"FIDN":1782750748,"FIDS":30033,"LNAM":"1F2B6A429E1C7551","VALDCO":7.5,"SCAMIN":15000,"sourceCellId":"1R7687LI","sourceChecksum":"15df29d0ae5fbc875483ea2addc2d4e6c9148a876bdf65f0adfc75742fe31c47","rawObjectClass":"DEPCNT","sourceStableId":"1F2B6A429E1C7551"}}},{"type":"Feature","geometry":{"type":"LineString","coordinates":[[3.8422124,51.275],[3.842182,51.2750138],[3.8421811,51.2750142],[3.8421801,51.2750144],[3.8420389,51.2750764],[3.8419297,51.2750842],[3.8418957,51.2750849],[3.8418573,51.275082],[3.8417523,51.2750852],[3.8417053,51.2750777],[3.8416088,51.2750738],[3.8415176,51.2750515],[3.8414649,51.2750462],[3.8414093,51.2750193],[3.8413389,51.275]]},"properties":{"rawObjectClass":"DEPCNT","VALDCO":7.5,"depthDatum":"Approximate LAT","depthDatumCode":42,"depthDatumStatus":"VERIFIED_FROM_OFFICIAL_DOCUMENTATION","verticalDatum":"Local Datum","verticalDatumCode":24,"napIdentityStatus":"UNVERIFIED","sourceKind":"official","sourceCellId":"1R7687LI","sourceStableId":"1F2B6A429E1C7552","sourceChecksum":"15df29d0ae5fbc875483ea2addc2d4e6c9148a876bdf65f0adfc75742fe31c47","pipelineFeatureId":"1R7687LI/DEPCNT/1280474552","provenance":{"cellId":"1R7687LI","checksum":"15df29d0ae5fbc875483ea2addc2d4e6c9148a876bdf65f0adfc75742fe31c47","readerVersion":"GDAL 3.2.2","processedAt":"2026-08-11T13:43:44.753Z"},"sourceProperties":{"RCID":1280474552,"PRIM":2,"GRUP":2,"OBJL":43,"RVER":1,"AGEN":7979,"FIDN":1782750748,"FIDS":30034,"LNAM":"1F2B6A429E1C7552","VALDCO":7.5,"SCAMIN":15000,"sourceCellId":"1R7687LI","sourceChecksum":"15df29d0ae5fbc875483ea2addc2d4e6c9148a876bdf65f0adfc75742fe31c47","rawObjectClass":"DEPCNT","sourceStableId":"1F2B6A429E1C7552"}}},{"type":"Feature","geometry":{"type":"LineString","coordinates":[[3.837837,51.275],[3.837839,51.275019],[3.8378509,51.2750448],[3.8378521,51.275116],[3.8378626,51.2751347],[3.8378829,51.2751599],[3.8379806,51.2752238],[3.8379871,51.2752876],[3.8380041,51.2753135],[3.8380256,51.2754002],[3.8380269,51.2754033],[3.8380308,51.2754104],[3.8381122,51.2754926],[3.8381147,51.2755437],[3.8381417,51.2755823],[3.8381488,51.2756535],[3.8381559,51.2756721],[3.8381796,51.2757126],[3.8382396,51.2757614],[3.8382361,51.2757959],[3.83827,51.2758511],[3.8383019,51.2759252],[3.8383106,51.2759408],[3.8383275,51.2759605],[3.8384069,51.27603],[3.8384225,51.276088],[3.8384436,51.2761197],[3.8384752,51.2761967],[3.8384873,51.2762093],[3.8384878,51.276217],[3.83856,51.2762987],[3.8385712,51.276357],[3.8385862,51.2763884],[3.8386233,51.2764553],[3.8386501,51.2764779],[3.8386493,51.2764938],[3.8386917,51.2765675],[3.8387004,51.276614],[3.8387198,51.2766572],[3.8387718,51.2767388],[3.8387855,51.2767467],[3.8387872,51.2767562],[3.8388623,51.2768361],[3.8388633,51.2768917],[3.8388776,51.2769259],[3.8389195,51.2769783],[3.838969,51.2770151],[3.8389695,51.2770457],[3.8390065,51.2771048],[3.8390381,51.2771945],[3.8390681,51.2772613],[3.8390877,51.2772841],[3.8390888,51.2772966],[3.8391311,51.2773737],[3.8391679,51.277434],[3.8391945,51.2774631],[3.8392156,51.2774881],[3.839285,51.2775524],[3.8392999,51.2776039],[3.8393205,51.2776421],[3.8393462,51.2777212],[3.8393491,51.2777318],[3.8393639,51.2777601],[3.8394103,51.2778213],[3.839412,51.2778504],[3.8394384,51.277911],[3.8394458,51.27796],[3.8394427,51.2780009],[3.8394621,51.2780589],[3.8394722,51.2780906],[3.8395147,51.2781671],[3.8395227,51.2781802],[3.8395304,51.2781897],[3.8395915,51.2782696],[3.8396613,51.2783457],[3.839667,51.278359],[3.8396672,51.2783625],[3.8396866,51.2784488],[3.8396877,51.2784639],[3.8396873,51.2785387],[3.8396669,51.2786285],[3.8396665,51.2786317],[3.8396591,51.2787187],[3.8396402,51.2788088],[3.8396374,51.2788293],[3.8396399,51.2788987],[3.8396395,51.278919],[3.8396403,51.2789886],[3.8396413,51.2790088],[3.839637,51.2790786],[3.8396359,51.2791032],[3.8396295,51.2791685],[3.8396281,51.2791991],[3.8396253,51.2792585],[3.8396066,51.2793039],[3.8395969,51.2793486],[3.8395969,51.2794011],[3.8395934,51.2794386],[3.8395777,51.2795044],[3.8395736,51.2795286],[3.8395416,51.2796185],[3.8395415,51.2796188],[3.8395413,51.2796277],[3.8395395,51.2797087],[3.8395388,51.2797113],[3.839514,51.2797988],[3.8395088,51.2798215],[3.8394957,51.2798889],[3.8394902,51.2799244],[3.8394829,51.2799789],[3.8394736,51.280026],[3.8394676,51.2800689],[3.8394529,51.2801302],[3.8394484,51.280159],[3.8394479,51.2802244],[3.8394474,51.2802489],[3.8394326,51.2803252],[3.8394282,51.280339],[3.839412,51.2804014],[3.8394043,51.2804291],[3.8394042,51.2804343],[3.8393892,51.2805191],[3.8393837,51.2805385],[3.8393698,51.2806092],[3.8393566,51.2806469],[3.8393418,51.2806993],[3.8393315,51.2807539],[3.8393269,51.2807893],[3.8393087,51.2808595],[3.8393023,51.2808794],[3.8392789,51.2809618],[3.8392759,51.2809715],[3.8392442,51.2810597],[3.8392367,51.2810876],[3.83923,51.2811497],[3.839209,51.2811964],[3.8392043,51.2812398],[3.8391853,51.2813025],[3.8391682,51.28133],[3.839149,51.2814168],[3.8391478,51.2814201],[3.8391442,51.2814387],[3.839126,51.2815102],[3.8391255,51.2815228],[3.8390924,51.2816003],[3.83908,51.281643],[3.8390635,51.2816904],[3.839037,51.2817616],[3.8390323,51.2817806],[3.8390148,51.2818667],[3.8390135,51.2818706],[3.8390089,51.281884],[3.8389794,51.2819608],[3.8389677,51.2819879],[3.8389437,51.282051],[3.8389243,51.2821067],[3.8389051,51.2821412],[3.8388717,51.282223],[3.838866,51.2822314],[3.8388659,51.2822352],[3.8388277,51.2823216],[3.8388203,51.2823554],[3.8387991,51.2824117],[3.8387809,51.2824716],[3.8387765,51.2825018],[3.8387342,51.2825494],[3.8386695,51.2825925],[3.838699,51.2826151],[3.8386554,51.2826825],[3.838674,51.2827324],[3.8386626,51.2827724],[3.8386526,51.2828268],[3.838649,51.2828624],[3.838631,51.2829317],[3.8386273,51.2829525],[3.8385995,51.2830223],[3.8385914,51.2830427],[3.8385892,51.2830494],[3.8385562,51.2831328],[3.8385404,51.2831717],[3.8385259,51.283223],[3.838494,51.2832924],[3.8384869,51.2833132],[3.8384624,51.2833701],[3.8384512,51.2834034],[3.8384469,51.2834136],[3.8384138,51.2834936],[3.838403,51.2835327],[3.83839,51.2835836],[3.838369,51.2836455],[3.8383637,51.2836738],[3.8383261,51.283759],[3.8383248,51.283764],[3.8383249,51.2837648],[3.838307,51.283854],[3.8382909,51.2838776],[3.8382853,51.2839441],[3.8382804,51.2839753],[3.83827,51.2840341],[3.8382403,51.284092],[3.8382292,51.2841243],[3.8381909,51.2842099],[3.838189,51.2842145],[3.8381884,51.2842162],[3.8381472,51.2843048],[3.8381326,51.284343],[3.8381156,51.2843949],[3.8380934,51.2844591],[3.8380851,51.2844851],[3.8380583,51.2845726],[3.8380581,51.2845752],[3.8380544,51.2845893],[3.8380353,51.2846653],[3.8380311,51.2846809],[3.8380042,51.2847554],[3.8379944,51.2847955],[3.8379767,51.2848455],[3.8379566,51.2849107],[3.8379506,51.2849356],[3.8379289,51.2850194],[3.8379277,51.2850257],[3.8379193,51.2850429],[3.8378785,51.285116],[3.8378633,51.2851525],[3.8378413,51.2852062],[3.8378243,51.2852684],[3.8378095,51.2852963],[3.8377817,51.2853619],[3.837773,51.2853865],[3.8377693,51.2853947],[3.8377535,51.2854766],[3.8377503,51.2854978],[3.8377268,51.2855667],[3.8376899,51.2856276],[3.8376782,51.285657],[3.8376447,51.285712],[3.8376308,51.2857472],[3.8376265,51.2857592],[3.8376218,51.2858372],[3.8376165,51.2858565],[3.8375921,51.2859273],[3.8375744,51.2859745],[3.8375617,51.2860175],[3.8375271,51.2860958],[3.8375223,51.2861077],[3.8375095,51.2861622],[3.8375009,51.2861978],[3.8374971,51.2862061],[3.8374473,51.2862881],[3.8374276,51.2863416],[3.8374115,51.2863783],[3.8373711,51.2864416],[3.8373506,51.2864686],[3.8373453,51.2864854],[3.8373329,51.2865587],[3.8373313,51.2865853],[3.8373184,51.2866487],[3.8373131,51.2866879],[3.8372999,51.2867387],[3.8372744,51.2868037],[3.8372675,51.2868289],[3.837236,51.2868963],[3.8372233,51.2869191],[3.8372208,51.286929],[3.8371868,51.2870093],[3.8371721,51.2870513],[3.8371506,51.2870995],[3.8371217,51.2871746],[3.8371186,51.2871896],[3.8370988,51.2872386],[3.8370813,51.2872798],[3.8370799,51.2872924],[3.8370659,51.2873699],[3.8370605,51.2873957],[3.8370562,51.2874599],[3.8370374,51.2875015],[3.837014,51.2875501],[3.8369627,51.2876372],[3.8369609,51.2876404],[3.8369605,51.2876418],[3.8369398,51.2877305],[3.8369332,51.2877503],[3.836923,51.2878205],[3.8369047,51.2878595],[3.8368932,51.2879106],[3.8368813,51.2879655],[3.8368719,51.2880007],[3.836851,51.2880759],[3.8368448,51.2880908],[3.8368282,51.2881278],[3.8368054,51.288181],[3.8368001,51.2881995],[3.8367663,51.2882712],[3.8367507,51.2883221],[3.8367401,51.2883613],[3.8367012,51.2884449],[3.8367007,51.2884516],[3.8366909,51.2884658],[3.8366452,51.2885419],[3.8366315,51.2885806],[3.8366165,51.288632],[3.8365994,51.2886921],[3.8365925,51.2887221],[3.8365535,51.2887963],[3.836546,51.2888123],[3.8365441,51.2888186],[3.836519,51.2889025],[3.8365113,51.2889305],[3.8364825,51.2889926],[3.8364729,51.2890461],[3.8364635,51.2890827],[3.8364612,51.2891446],[3.8364524,51.2891727],[3.8364253,51.2892586],[3.8364243,51.2892628],[3.8364191,51.2892921],[3.8364088,51.2893529],[3.836403,51.2893638],[3.8363592,51.2894431],[3.8363587,51.2894832],[3.8363452,51.2895332],[3.8363452,51.2895828],[3.8363406,51.2896231],[3.8363297,51.2896837],[3.8363332,51.2897131],[3.8362923,51.2897987],[3.8362908,51.2898033],[3.8362857,51.2898424],[3.8362793,51.2898933],[3.8362774,51.2898992],[3.836231,51.2899836],[3.83621,51.2900334],[3.8361971,51.2900738],[3.8361478,51.2901472],[3.8361317,51.2901641],[3.8361066,51.2901907],[3.8360629,51.2902546],[3.8360547,51.2903149],[3.8360366,51.2903447],[3.8360092,51.290407],[3.8359841,51.290435],[3.8359829,51.2904519],[3.8359752,51.290525],[3.8359709,51.2905506],[3.8359478,51.2906151],[3.8359468,51.290657],[3.8359222,51.2907052],[3.8359012,51.2907773],[3.8358941,51.2907953],[3.8358736,51.2908378],[3.835849,51.2908855],[3.8358382,51.2909086],[3.8358271,51.2909756],[3.8358032,51.291022],[3.8357748,51.2910659],[3.8357619,51.2911395],[3.8357564,51.291156],[3.835737,51.2912171],[3.835712,51.2912462],[3.8357129,51.2912618],[3.8356796,51.2913364],[3.8356793,51.2913744],[3.8356513,51.2914265],[3.8356489,51.2914848],[3.8356386,51.2915165],[3.8356004,51.2915913],[3.8355842,51.2916068],[3.8355835,51.2916177],[3.8355415,51.291697],[3.8355391,51.2917371],[3.8355318,51.291787],[3.8355232,51.2918383],[3.8355031,51.2918772],[3.8354719,51.2919622],[3.8354704,51.2919673],[3.8354642,51.2919856],[3.8354287,51.2920575],[3.8354291,51.2920806],[3.8354127,51.2921476],[3.8354067,51.2921859],[3.8353823,51.2922377],[3.8354164,51.2922939],[3.8354106,51.2923274],[3.8354104,51.2923655],[3.8354003,51.2924174],[3.8354091,51.2924572],[3.8353904,51.2925074],[3.8353805,51.2925665],[3.8353681,51.2925975],[3.8353533,51.2926499]]},"properties":{"rawObjectClass":"DEPCNT","VALDCO":7.5,"depthDatum":"Approximate LAT","depthDatumCode":42,"depthDatumStatus":"VERIFIED_FROM_OFFICIAL_DOCUMENTATION","verticalDatum":"Local Datum","verticalDatumCode":24,"napIdentityStatus":"UNVERIFIED","sourceKind":"official","sourceCellId":"1R7687LI","sourceStableId":"1F2B6A429E1C7553","sourceChecksum":"15df29d0ae5fbc875483ea2addc2d4e6c9148a876bdf65f0adfc75742fe31c47","pipelineFeatureId":"1R7687LI/DEPCNT/1280474555","provenance":{"cellId":"1R7687LI","checksum":"15df29d0ae5fbc875483ea2addc2d4e6c9148a876bdf65f0adfc75742fe31c47","readerVersion":"GDAL 3.2.2","processedAt":"2026-08-11T13:43:44.753Z"},"sourceProperties":{"RCID":1280474555,"PRIM":2,"GRUP":2,"OBJL":43,"RVER":1,"AGEN":7979,"FIDN":1782750748,"FIDS":30035,"LNAM":"1F2B6A429E1C7553","VALDCO":7.5,"SCAMIN":15000,"sourceCellId":"1R7687LI","sourceChecksum":"15df29d0ae5fbc875483ea2addc2d4e6c9148a876bdf65f0adfc75742fe31c47","rawObjectClass":"DEPCNT","sourceStableId":"1F2B6A429E1C7553"}}},{"type":"Feature","geometry":{"type":"LineString","coordinates":[[3.8257228,51.3245756],[3.8258445,51.3244975],[3.8258267,51.324474],[3.8258416,51.3244076],[3.8258631,51.3243965],[3.8259813,51.3243319],[3.8260052,51.3243172],[3.8260065,51.3243166],[3.8260051,51.32431],[3.8259917,51.3243083],[3.8258604,51.3242469],[3.8257775,51.3242806],[3.8257178,51.3242966],[3.8256974,51.3243187],[3.8256981,51.3243315],[3.8256632,51.3244089],[3.8256178,51.3244739],[3.8256,51.3244993],[3.8257228,51.3245756]]},"properties":{"rawObjectClass":"DEPCNT","VALDCO":7.5,"depthDatum":"Approximate LAT","depthDatumCode":42,"depthDatumStatus":"VERIFIED_FROM_OFFICIAL_DOCUMENTATION","verticalDatum":"Local Datum","verticalDatumCode":24,"napIdentityStatus":"UNVERIFIED","sourceKind":"official","sourceCellId":"1R7687LI","sourceStableId":"1F2B6A429E1C7554","sourceChecksum":"15df29d0ae5fbc875483ea2addc2d4e6c9148a876bdf65f0adfc75742fe31c47","pipelineFeatureId":"1R7687LI/DEPCNT/1280474556","provenance":{"cellId":"1R7687LI","checksum":"15df29d0ae5fbc875483ea2addc2d4e6c9148a876bdf65f0adfc75742fe31c47","readerVersion":"GDAL 3.2.2","processedAt":"2026-08-11T13:43:44.753Z"},"sourceProperties":{"RCID":1280474556,"PRIM":2,"GRUP":2,"OBJL":43,"RVER":1,"AGEN":7979,"FIDN":1782750748,"FIDS":30036,"LNAM":"1F2B6A429E1C7554","VALDCO":7.5,"SCAMIN":15000,"sourceCellId":"1R7687LI","sourceChecksum":"15df29d0ae5fbc875483ea2addc2d4e6c9148a876bdf65f0adfc75742fe31c47","rawObjectClass":"DEPCNT","sourceStableId":"1F2B6A429E1C7554"}}},{"type":"Feature","geometry":{"type":"LineString","coordinates":[[3.8390849,51.3008438],[3.839068,51.3008613],[3.8390307,51.3008676],[3.8389243,51.3008526],[3.8388004,51.3009358],[3.8387827,51.3009514],[3.8387335,51.3009672],[3.8387013,51.3009365],[3.8386989,51.3008985],[3.8387723,51.300846],[3.8387806,51.3008384],[3.8388832,51.3007553],[3.8389223,51.3007427],[3.8390366,51.3006643],[3.8390641,51.3006502],[3.8391385,51.3006165],[3.8392073,51.3006365],[3.8392316,51.3006629],[3.8392088,51.3007191],[3.8391889,51.3007531],[3.8391556,51.3007875],[3.8390849,51.3008438]]},"properties":{"rawObjectClass":"DEPCNT","VALDCO":7.5,"depthDatum":"Approximate LAT","depthDatumCode":42,"depthDatumStatus":"VERIFIED_FROM_OFFICIAL_DOCUMENTATION","verticalDatum":"Local Datum","verticalDatumCode":24,"napIdentityStatus":"UNVERIFIED","sourceKind":"official","sourceCellId":"1R7687LI","sourceStableId":"1F2B6A429E1C7555","sourceChecksum":"15df29d0ae5fbc875483ea2addc2d4e6c9148a876bdf65f0adfc75742fe31c47","pipelineFeatureId":"1R7687LI/DEPCNT/1280474557","provenance":{"cellId":"1R7687LI","checksum":"15df29d0ae5fbc875483ea2addc2d4e6c9148a876bdf65f0adfc75742fe31c47","readerVersion":"GDAL 3.2.2","processedAt":"2026-08-11T13:43:44.753Z"},"sourceProperties":{"RCID":1280474557,"PRIM":2,"GRUP":2,"OBJL":43,"RVER":1,"AGEN":7979,"FIDN":1782750748,"FIDS":30037,"LNAM":"1F2B6A429E1C7555","VALDCO":7.5,"SCAMIN":15000,"sourceCellId":"1R7687LI","sourceChecksum":"15df29d0ae5fbc875483ea2addc2d4e6c9148a876bdf65f0adfc75742fe31c47","rawObjectClass":"DEPCNT","sourceStableId":"1F2B6A429E1C7555"}}},{"type":"Feature","geometry":{"type":"LineString","coordinates":[[3.837474,51.301637],[3.837504,51.3016252],[3.8376184,51.3016636],[3.8376278,51.3017399],[3.8376342,51.3017534],[3.8375705,51.3018041],[3.8375373,51.301844],[3.8375083,51.3018652],[3.8374546,51.3018785],[3.8373902,51.3018451],[3.8373645,51.3018422],[3.8373003,51.3017577]]},"properties":{"rawObjectClass":"DEPCNT","VALDCO":7.5,"depthDatum":"Approximate LAT","depthDatumCode":42,"depthDatumStatus":"VERIFIED_FROM_OFFICIAL_DOCUMENTATION","verticalDatum":"Local Datum","verticalDatumCode":24,"napIdentityStatus":"UNVERIFIED","sourceKind":"official","sourceCellId":"1R7687LI","sourceStableId":"1F2B6A429E1C7556","sourceChecksum":"15df29d0ae5fbc875483ea2addc2d4e6c9148a876bdf65f0adfc75742fe31c47","pipelineFeatureId":"1R7687LI/DEPCNT/1280474558","provenance":{"cellId":"1R7687LI","checksum":"15df29d0ae5fbc875483ea2addc2d4e6c9148a876bdf65f0adfc75742fe31c47","readerVersion":"GDAL 3.2.2","processedAt":"2026-08-11T13:43:44.753Z"},"sourceProperties":{"RCID":1280474558,"PRIM":2,"GRUP":2,"OBJL":43,"RVER":1,"AGEN":7979,"FIDN":1782750748,"FIDS":30038,"LNAM":"1F2B6A429E1C7556","VALDCO":7.5,"SCAMIN":15000,"sourceCellId":"1R7687LI","sourceChecksum":"15df29d0ae5fbc875483ea2addc2d4e6c9148a876bdf65f0adfc75742fe31c47","rawObjectClass":"DEPCNT","sourceStableId":"1F2B6A429E1C7556"}}},{"type":"Feature","geometry":{"type":"LineString","coordinates":[[3.8425954,51.2777706],[3.8426014,51.2777984],[3.8426197,51.2778608],[3.8426167,51.2778882],[3.8425777,51.2779431],[3.8425794,51.2779784],[3.8425229,51.2780239],[3.8424427,51.2780297],[3.8423797,51.2780336],[3.8422556,51.2779807],[3.8422346,51.2779406],[3.8422244,51.277891],[3.8422089,51.2778159],[3.8422151,51.2778011],[3.8422156,51.2777207],[3.8422177,51.2777112],[3.8422299,51.2776813],[3.8422745,51.2776209],[3.8423714,51.2775802],[3.842439,51.2775772],[3.8424517,51.2775775]]},"properties":{"rawObjectClass":"DEPCNT","VALDCO":7.5,"depthDatum":"Approximate LAT","depthDatumCode":42,"depthDatumStatus":"VERIFIED_FROM_OFFICIAL_DOCUMENTATION","verticalDatum":"Local Datum","verticalDatumCode":24,"napIdentityStatus":"UNVERIFIED","sourceKind":"official","sourceCellId":"1R7687LI","sourceStableId":"1F2B6A429E1C7557","sourceChecksum":"15df29d0ae5fbc875483ea2addc2d4e6c9148a876bdf65f0adfc75742fe31c47","pipelineFeatureId":"1R7687LI/DEPCNT/1280474559","provenance":{"cellId":"1R7687LI","checksum":"15df29d0ae5fbc875483ea2addc2d4e6c9148a876bdf65f0adfc75742fe31c47","readerVersion":"GDAL 3.2.2","processedAt":"2026-08-11T13:43:44.753Z"},"sourceProperties":{"RCID":1280474559,"PRIM":2,"GRUP":2,"OBJL":43,"RVER":1,"AGEN":7979,"FIDN":1782750748,"FIDS":30039,"LNAM":"1F2B6A429E1C7557","VALDCO":7.5,"SCAMIN":15000,"sourceCellId":"1R7687LI","sourceChecksum":"15df29d0ae5fbc875483ea2addc2d4e6c9148a876bdf65f0adfc75742fe31c47","rawObjectClass":"DEPCNT","sourceStableId":"1F2B6A429E1C7557"}}},{"type":"Feature","geometry":{"type":"LineString","coordinates":[[3.8320954,51.3076958],[3.8320183,51.3076412],[3.8320178,51.3076384],[3.8320182,51.3076365],[3.832028,51.3076383],[3.8321265,51.3076833]]},"properties":{"rawObjectClass":"DEPCNT","VALDCO":7,"depthDatum":"Approximate LAT","depthDatumCode":42,"depthDatumStatus":"VERIFIED_FROM_OFFICIAL_DOCUMENTATION","verticalDatum":"Local Datum","verticalDatumCode":24,"napIdentityStatus":"UNVERIFIED","sourceKind":"official","sourceCellId":"1R7687LI","sourceStableId":"1F2B6A429E1C7558","sourceChecksum":"15df29d0ae5fbc875483ea2addc2d4e6c9148a876bdf65f0adfc75742fe31c47","pipelineFeatureId":"1R7687LI/DEPCNT/1280474560","provenance":{"cellId":"1R7687LI","checksum":"15df29d0ae5fbc875483ea2addc2d4e6c9148a876bdf65f0adfc75742fe31c47","readerVersion":"GDAL 3.2.2","processedAt":"2026-08-11T13:43:44.753Z"},"sourceProperties":{"RCID":1280474560,"PRIM":2,"GRUP":2,"OBJL":43,"RVER":1,"AGEN":7979,"FIDN":1782750748,"FIDS":30040,"LNAM":"1F2B6A429E1C7558","VALDCO":7,"SCAMIN":15000,"sourceCellId":"1R7687LI","sourceChecksum":"15df29d0ae5fbc875483ea2addc2d4e6c9148a876bdf65f0adfc75742fe31c47","rawObjectClass":"DEPCNT","sourceStableId":"1F2B6A429E1C7558"}}},{"type":"Feature","geometry":{"type":"LineString","coordinates":[[3.8356666,51.3028908],[3.8358001,51.3029316],[3.835806,51.3029133],[3.8358348,51.3029353],[3.8358869,51.3029848],[3.8359385,51.3030244],[3.8359354,51.3030346],[3.8359238,51.3031145],[3.8358562,51.3031438],[3.835907,51.3032045],[3.8358121,51.3032518],[3.8357409,51.3032956],[3.8356706,51.3033571],[3.8356045,51.3033865],[3.8355289,51.303454],[3.835495,51.3034772],[3.8354389,51.303535],[3.8354154,51.3035677],[3.8353877,51.3035779],[3.8352594,51.3036587],[3.8352458,51.3036644],[3.8351159,51.3037497],[3.8351042,51.3037634],[3.8349988,51.3038404],[3.8349627,51.3038708],[3.8348856,51.3038897],[3.8348193,51.3038772],[3.8348154,51.3038748]]},"properties":{"rawObjectClass":"DEPCNT","VALDCO":7,"depthDatum":"Approximate LAT","depthDatumCode":42,"depthDatumStatus":"VERIFIED_FROM_OFFICIAL_DOCUMENTATION","verticalDatum":"Local Datum","verticalDatumCode":24,"napIdentityStatus":"UNVERIFIED","sourceKind":"official","sourceCellId":"1R7687LI","sourceStableId":"1F2B6A429E1C7559","sourceChecksum":"15df29d0ae5fbc875483ea2addc2d4e6c9148a876bdf65f0adfc75742fe31c47","pipelineFeatureId":"1R7687LI/DEPCNT/1280474562","provenance":{"cellId":"1R7687LI","checksum":"15df29d0ae5fbc875483ea2addc2d4e6c9148a876bdf65f0adfc75742fe31c47","readerVersion":"GDAL 3.2.2","processedAt":"2026-08-11T13:43:44.753Z"},"sourceProperties":{"RCID":1280474562,"PRIM":2,"GRUP":2,"OBJL":43,"RVER":1,"AGEN":7979,"FIDN":1782750748,"FIDS":30041,"LNAM":"1F2B6A429E1C7559","VALDCO":7,"SCAMIN":15000,"sourceCellId":"1R7687LI","sourceChecksum":"15df29d0ae5fbc875483ea2addc2d4e6c9148a876bdf65f0adfc75742fe31c47","rawObjectClass":"DEPCNT","sourceStableId":"1F2B6A429E1C7559"}}},{"type":"Feature","geometry":{"type":"LineString","coordinates":[[3.8243133,51.325],[3.8243601,51.3249576],[3.8243737,51.3249073],[3.8244007,51.3248674],[3.8244357,51.3248305],[3.8245353,51.3247765],[3.824566,51.3246931],[3.8245732,51.3246863],[3.8245766,51.324682],[3.8246698,51.3245957],[3.8247178,51.3245556],[3.8248249,51.3245047],[3.8248598,51.3244672],[3.8249648,51.3244138],[3.8250016,51.3243746],[3.8250741,51.3243231],[3.8250795,51.324283],[3.8250505,51.3242334],[3.8250407,51.3242071],[3.8250925,51.3241432],[3.8250936,51.3240823],[3.8251142,51.3240531],[3.8251387,51.3240139],[3.825212,51.3239625],[3.8252801,51.323896],[3.8253288,51.3238717],[3.8253326,51.3238156],[3.8253292,51.3237818],[3.8254204,51.3237172],[3.8254456,51.3236911],[3.8255619,51.3236047],[3.8255733,51.3236002],[3.8255772,51.3235904],[3.8256468,51.3235098],[3.8256428,51.3234575],[3.8256534,51.3234198],[3.8257006,51.3233384],[3.8257125,51.3233295],[3.8257144,51.3233206],[3.82581,51.3232389],[3.8258246,51.3231591],[3.8258323,51.3231488],[3.8258402,51.3231202],[3.8258981,51.3230584],[3.8259241,51.3230044],[3.8259502,51.3229681],[3.8259604,51.3228902],[3.8259728,51.322878],[3.8259789,51.3228511],[3.8260985,51.3227872],[3.8261209,51.3227677],[3.8261556,51.3226969],[3.8261664,51.3226672],[3.8261937,51.3226067],[3.8261792,51.322568],[3.8261987,51.3225168],[3.8262061,51.3224599],[3.8262143,51.3224267],[3.8262574,51.3223773],[3.8263041,51.3223362],[3.8263395,51.3222834],[3.8263638,51.3222458],[3.8263979,51.3222102],[3.8264385,51.3221554],[3.8265389,51.3220708],[3.8265424,51.3220647],[3.8265437,51.3220616],[3.8265731,51.3219746],[3.8266142,51.3219255],[3.8266045,51.3218844],[3.8266782,51.3218359],[3.8266982,51.3217939],[3.8267237,51.3217644],[3.826728,51.3217037],[3.8267589,51.3216509],[3.8268086,51.3215281],[3.8268095,51.3215233],[3.8268156,51.3214976],[3.8268219,51.3214333],[3.8268269,51.3214254],[3.8268523,51.3213432],[3.8268524,51.3213181],[3.8268714,51.3212531],[3.8269503,51.3211644],[3.826951,51.3211626],[3.8269531,51.3211611],[3.8270125,51.3210723],[3.8270091,51.3210358],[3.8270187,51.3209823],[3.827033,51.3209295],[3.827031,51.3208923],[3.8270449,51.320831],[3.8270473,51.3208023],[3.8270891,51.3207452],[3.8271012,51.3207119],[3.8271039,51.3207022],[3.8271181,51.3206219],[3.8271354,51.320591],[3.8271238,51.3205319],[3.827198,51.32046],[3.8272136,51.3204414],[3.8272269,51.3204274],[3.8272513,51.3203512],[3.8273677,51.3202748],[3.8273853,51.3202603],[3.8275013,51.3201747],[3.8275073,51.3201695],[3.8275093,51.3201684],[3.8275114,51.3201682],[3.8276518,51.3201164],[3.8277522,51.3200779],[3.8277941,51.3200486],[3.8279051,51.3199869],[3.827936,51.3199572],[3.8280488,51.319896],[3.8280779,51.3198718],[3.8281387,51.3198571],[3.8282204,51.3198133],[3.8282467,51.3198046],[3.8283625,51.319734],[3.8284581,51.3197132],[3.8285053,51.3196988],[3.8285429,51.319689],[3.8286477,51.3196362],[3.828675,51.3196218],[3.8287898,51.3195556],[3.8288639,51.3195305],[3.8289318,51.3194752],[3.8290526,51.3194392],[3.8290411,51.3194185],[3.8290732,51.3193553],[3.8290749,51.3193492],[3.8290766,51.3193469],[3.8290837,51.3192592],[3.8291011,51.3192402],[3.8291694,51.3191686],[3.8292129,51.3191485],[3.8292767,51.319078],[3.8293545,51.3190398],[3.8294795,51.3189866],[3.8294969,51.3189783],[3.8295901,51.3188959],[3.8295175,51.3188212],[3.8296379,51.3188428],[3.829695,51.3188052],[3.8296365,51.318762],[3.8295232,51.3187878],[3.8294936,51.3187964],[3.8294781,51.3188068],[3.8293509,51.3188439],[3.8292213,51.3188985],[3.8292086,51.3189103],[3.8290935,51.3189893],[3.8290673,51.3190277],[3.8290426,51.3190049],[3.828924,51.3190407],[3.8288754,51.3190808],[3.8287822,51.3191348],[3.8287023,51.319172],[3.8286399,51.319204],[3.8285824,51.3192089],[3.8284966,51.3192165],[3.8283985,51.319264],[3.8283543,51.3192803],[3.8282511,51.319355],[3.8282125,51.3193767],[3.8281439,51.319399],[3.82807,51.3194295],[3.8279358,51.3194471],[3.8279268,51.3194497],[3.8278872,51.3194475],[3.8277826,51.3194113],[3.827758,51.3193585],[3.827754,51.3193414],[3.8276786,51.3192691],[3.8276796,51.3192068],[3.8276766,51.3191792],[3.8276851,51.3191474],[3.8276887,51.3190892],[3.8276923,51.3190518],[3.8276892,51.3189993],[3.8277216,51.3189421],[3.8277298,51.3189091],[3.8277409,51.3188388],[3.8277493,51.318819],[3.8277711,51.3187699],[3.8277867,51.3187288],[3.8277901,51.3187163],[3.8277957,51.3186388],[3.8278033,51.3186169],[3.8278276,51.3185487],[3.827909,51.3184606],[3.8279108,51.3184582],[3.827926,51.3183681],[3.82793,51.3183538],[3.8279472,51.3182781],[3.8279596,51.3182439],[3.8279704,51.318188],[3.828035,51.3181046],[3.8280386,51.3180976],[3.8280458,51.3180855],[3.8280724,51.3180074],[3.8281599,51.3179336],[3.8281748,51.3179168],[3.828186,51.3179038],[3.8282676,51.3178262],[3.8282837,51.3177633],[3.8283001,51.317736],[3.8283261,51.3177139],[3.8284292,51.3176452],[3.828468,51.3176243],[3.8286097,51.317554],[3.8286102,51.3175537],[3.828611,51.3175535],[3.828753,51.3175165],[3.8288568,51.3174623],[3.8288952,51.3174454],[3.828945,51.3174303],[3.8290382,51.3174157],[3.8291694,51.3173702],[3.8291807,51.3173634],[3.8292971,51.3172794],[3.8293226,51.3172697],[3.829365,51.3172521],[3.829465,51.317214],[3.8295464,51.3171877],[3.8296077,51.3171659],[3.829666,51.3171501],[3.8297509,51.3171497],[3.8298208,51.3170958],[3.8298927,51.3170562],[3.8299866,51.3170047],[3.8300345,51.3169649],[3.8300727,51.3169142],[3.8301761,51.3168582],[3.8302812,51.3168228],[3.8303186,51.316804],[3.8303837,51.316781],[3.8304615,51.3167694],[3.8305779,51.3167308],[3.8306041,51.316721],[3.8307024,51.31664],[3.8307458,51.31662],[3.8308442,51.316549],[3.8308875,51.3165217],[3.8309594,51.3164583],[3.8310292,51.3164255],[3.8310923,51.3163674],[3.8311709,51.3163208],[3.8312665,51.3162763],[3.8313131,51.3162506],[3.8314468,51.3161905],[3.8314554,51.3161864],[3.8314584,51.316185],[3.8315978,51.3161281],[3.8316667,51.3160936],[3.83174,51.3160537],[3.8318305,51.3160025],[3.8318819,51.3159668],[3.8319564,51.3159117],[3.8318796,51.3158363],[3.8317358,51.3158234],[3.8317356,51.3158235],[3.8315927,51.315844],[3.8314683,51.3159152],[3.8314506,51.3159221],[3.8313274,51.3160061],[3.8313089,51.3160169],[3.8312537,51.3160414],[3.8311661,51.3160604],[3.831092,51.3160977],[3.8310239,51.3161274],[3.830899,51.3161779],[3.8308812,51.3161756],[3.8308386,51.3161894],[3.8307384,51.3162096],[3.8306091,51.3162809],[3.8305962,51.3162842],[3.8305875,51.3162866],[3.8305311,51.3162815],[3.8304607,51.3162769],[3.8304526,51.3162779],[3.8304447,51.3162821],[3.8303104,51.3163492],[3.830274,51.3163732],[3.8302123,51.3164362],[3.8302145,51.3164636],[3.8301694,51.3164883],[3.8300876,51.3165544],[3.8300276,51.3165801],[3.8299034,51.3166456],[3.8298854,51.3166515],[3.8298594,51.3166623],[3.8297426,51.3166922],[3.8296404,51.3167118],[3.8295997,51.3167236],[3.8295633,51.316738],[3.829457,51.3167693],[3.8294099,51.3167686],[3.829314,51.3167964],[3.8292058,51.3168304],[3.8291715,51.3168484],[3.829075,51.3168923],[3.8290292,51.3169169],[3.8290199,51.3169217],[3.8288871,51.3169916],[3.8287561,51.3170057],[3.8287438,51.3170058],[3.828726,51.3170025],[3.8286002,51.3169993],[3.8284598,51.3169256],[3.8284545,51.3168774],[3.8284515,51.3168358],[3.8284536,51.316825],[3.8284644,51.3167457],[3.828464,51.3167383],[3.8284907,51.3166556],[3.8284997,51.3166244],[3.8285141,51.3165655],[3.8285383,51.3165087],[3.8285418,51.3164754],[3.8285889,51.3163853],[3.8285891,51.3163846],[3.828605,51.3162951],[3.8286069,51.3162828],[3.8286205,51.3162051],[3.8286444,51.3161678],[3.8286569,51.3161149],[3.8287022,51.3160399],[3.8287081,51.3160246],[3.8287254,51.3159839],[3.8287352,51.3159345],[3.8287365,51.3159269],[3.8287464,51.3158445],[3.8287573,51.3158227],[3.8287728,51.3157544],[3.8288177,51.3156929],[3.8288285,51.3156641],[3.8288615,51.3155735],[3.8288775,51.3154839],[3.8288845,51.3154683],[3.8289061,51.3153938],[3.8289441,51.3153391],[3.8289564,51.3153035],[3.828987,51.3152206],[3.8289895,51.3152133],[3.8289984,51.3152053],[3.829071,51.3151228],[3.8291395,51.315077],[3.8292029,51.315032],[3.829281,51.3149671],[3.8293224,51.3149412],[3.8294234,51.3149029],[3.8295487,51.3148497],[3.8295657,51.3148395],[3.8296097,51.3148215],[3.8297083,51.3147878],[3.8297582,51.3147583],[3.8298502,51.3147033],[3.8299252,51.3146672],[3.8299925,51.3146369],[3.830131,51.3145783],[3.8301349,51.3145769],[3.8301369,51.3145758],[3.8303479,51.3144843],[3.8304195,51.3144451],[3.8305164,51.3143932],[3.8305617,51.314373],[3.830595,51.3143718],[3.8307047,51.3143461],[3.8307418,51.3143444]]},"properties":{"rawObjectClass":"DEPCNT","VALDCO":7,"depthDatum":"Approximate LAT","depthDatumCode":42,"depthDatumStatus":"VERIFIED_FROM_OFFICIAL_DOCUMENTATION","verticalDatum":"Local Datum","verticalDatumCode":24,"napIdentityStatus":"UNVERIFIED","sourceKind":"official","sourceCellId":"1R7687LI","sourceStableId":"1F2B6A429E1C755A","sourceChecksum":"15df29d0ae5fbc875483ea2addc2d4e6c9148a876bdf65f0adfc75742fe31c47","pipelineFeatureId":"1R7687LI/DEPCNT/1280474563","provenance":{"cellId":"1R7687LI","checksum":"15df29d0ae5fbc875483ea2addc2d4e6c9148a876bdf65f0adfc75742fe31c47","readerVersion":"GDAL 3.2.2","processedAt":"2026-08-11T13:43:44.753Z"},"sourceProperties":{"RCID":1280474563,"PRIM":2,"GRUP":2,"OBJL":43,"RVER":1,"AGEN":7979,"FIDN":1782750748,"FIDS":30042,"LNAM":"1F2B6A429E1C755A","VALDCO":7,"SCAMIN":15000,"sourceCellId":"1R7687LI","sourceChecksum":"15df29d0ae5fbc875483ea2addc2d4e6c9148a876bdf65f0adfc75742fe31c47","rawObjectClass":"DEPCNT","sourceStableId":"1F2B6A429E1C755A"}}},{"type":"Feature","geometry":{"type":"LineString","coordinates":[[3.8229115,51.3185383],[3.8229789,51.3184929],[3.8229742,51.3184592]]},"properties":{"rawObjectClass":"DEPCNT","VALDCO":7,"depthDatum":"Approximate LAT","depthDatumCode":42,"depthDatumStatus":"VERIFIED_FROM_OFFICIAL_DOCUMENTATION","verticalDatum":"Local Datum","verticalDatumCode":24,"napIdentityStatus":"UNVERIFIED","sourceKind":"official","sourceCellId":"1R7687LI","sourceStableId":"1F2B6A429E1C755B","sourceChecksum":"15df29d0ae5fbc875483ea2addc2d4e6c9148a876bdf65f0adfc75742fe31c47","pipelineFeatureId":"1R7687LI/DEPCNT/1280474565","provenance":{"cellId":"1R7687LI","checksum":"15df29d0ae5fbc875483ea2addc2d4e6c9148a876bdf65f0adfc75742fe31c47","readerVersion":"GDAL 3.2.2","processedAt":"2026-08-11T13:43:44.753Z"},"sourceProperties":{"RCID":1280474565,"PRIM":2,"GRUP":2,"OBJL":43,"RVER":1,"AGEN":7979,"FIDN":1782750748,"FIDS":30043,"LNAM":"1F2B6A429E1C755B","VALDCO":7,"SCAMIN":15000,"sourceCellId":"1R7687LI","sourceChecksum":"15df29d0ae5fbc875483ea2addc2d4e6c9148a876bdf65f0adfc75742fe31c47","rawObjectClass":"DEPCNT","sourceStableId":"1F2B6A429E1C755B"}}},{"type":"Feature","geometry":{"type":"LineString","coordinates":[[3.8420981,51.275],[3.8420833,51.2750145],[3.8420381,51.2750343],[3.8420035,51.2750368],[3.8418949,51.2750391],[3.841772,51.2750297],[3.8417513,51.2750303],[3.8416707,51.2750174],[3.8416076,51.2750106],[3.8415798,51.275]]},"properties":{"rawObjectClass":"DEPCNT","VALDCO":7,"depthDatum":"Approximate LAT","depthDatumCode":42,"depthDatumStatus":"VERIFIED_FROM_OFFICIAL_DOCUMENTATION","verticalDatum":"Local Datum","verticalDatumCode":24,"napIdentityStatus":"UNVERIFIED","sourceKind":"official","sourceCellId":"1R7687LI","sourceStableId":"1F2B6A429E1C755C","sourceChecksum":"15df29d0ae5fbc875483ea2addc2d4e6c9148a876bdf65f0adfc75742fe31c47","pipelineFeatureId":"1R7687LI/DEPCNT/1280474566","provenance":{"cellId":"1R7687LI","checksum":"15df29d0ae5fbc875483ea2addc2d4e6c9148a876bdf65f0adfc75742fe31c47","readerVersion":"GDAL 3.2.2","processedAt":"2026-08-11T13:43:44.753Z"},"sourceProperties":{"RCID":1280474566,"PRIM":2,"GRUP":2,"OBJL":43,"RVER":1,"AGEN":7979,"FIDN":1782750748,"FIDS":30044,"LNAM":"1F2B6A429E1C755C","VALDCO":7,"SCAMIN":15000,"sourceCellId":"1R7687LI","sourceChecksum":"15df29d0ae5fbc875483ea2addc2d4e6c9148a876bdf65f0adfc75742fe31c47","rawObjectClass":"DEPCNT","sourceStableId":"1F2B6A429E1C755C"}}},{"type":"Feature","geometry":{"type":"LineString","coordinates":[[3.8222093,51.3194246],[3.8222589,51.3193972],[3.8222582,51.3193629]]},"properties":{"rawObjectClass":"DEPCNT","VALDCO":7,"depthDatum":"Approximate LAT","depthDatumCode":42,"depthDatumStatus":"VERIFIED_FROM_OFFICIAL_DOCUMENTATION","verticalDatum":"Local Datum","verticalDatumCode":24,"napIdentityStatus":"UNVERIFIED","sourceKind":"official","sourceCellId":"1R7687LI","sourceStableId":"1F2B6A429E1C755D","sourceChecksum":"15df29d0ae5fbc875483ea2addc2d4e6c9148a876bdf65f0adfc75742fe31c47","pipelineFeatureId":"1R7687LI/DEPCNT/1280474567","provenance":{"cellId":"1R7687LI","checksum":"15df29d0ae5fbc875483ea2addc2d4e6c9148a876bdf65f0adfc75742fe31c47","readerVersion":"GDAL 3.2.2","processedAt":"2026-08-11T13:43:44.753Z"},"sourceProperties":{"RCID":1280474567,"PRIM":2,"GRUP":2,"OBJL":43,"RVER":1,"AGEN":7979,"FIDN":1782750748,"FIDS":30045,"LNAM":"1F2B6A429E1C755D","VALDCO":7,"SCAMIN":15000,"sourceCellId":"1R7687LI","sourceChecksum":"15df29d0ae5fbc875483ea2addc2d4e6c9148a876bdf65f0adfc75742fe31c47","rawObjectClass":"DEPCNT","sourceStableId":"1F2B6A429E1C755D"}}},{"type":"Feature","geometry":{"type":"LineString","coordinates":[[3.8299323,51.3172444],[3.8298959,51.3172329],[3.8298396,51.3172755],[3.8298148,51.3172986]]},"properties":{"rawObjectClass":"DEPCNT","VALDCO":7,"depthDatum":"Approximate LAT","depthDatumCode":42,"depthDatumStatus":"VERIFIED_FROM_OFFICIAL_DOCUMENTATION","verticalDatum":"Local Datum","verticalDatumCode":24,"napIdentityStatus":"UNVERIFIED","sourceKind":"official","sourceCellId":"1R7687LI","sourceStableId":"1F2B6A429E1C755E","sourceChecksum":"15df29d0ae5fbc875483ea2addc2d4e6c9148a876bdf65f0adfc75742fe31c47","pipelineFeatureId":"1R7687LI/DEPCNT/1280474568","provenance":{"cellId":"1R7687LI","checksum":"15df29d0ae5fbc875483ea2addc2d4e6c9148a876bdf65f0adfc75742fe31c47","readerVersion":"GDAL 3.2.2","processedAt":"2026-08-11T13:43:44.753Z"},"sourceProperties":{"RCID":1280474568,"PRIM":2,"GRUP":2,"OBJL":43,"RVER":1,"AGEN":7979,"FIDN":1782750748,"FIDS":30046,"LNAM":"1F2B6A429E1C755E","VALDCO":7,"SCAMIN":15000,"sourceCellId":"1R7687LI","sourceChecksum":"15df29d0ae5fbc875483ea2addc2d4e6c9148a876bdf65f0adfc75742fe31c47","rawObjectClass":"DEPCNT","sourceStableId":"1F2B6A429E1C755E"}}},{"type":"Feature","geometry":{"type":"LineString","coordinates":[[3.8193006,51.3231254],[3.8193303,51.3231045],[3.8193261,51.3230932]]},"properties":{"rawObjectClass":"DEPCNT","VALDCO":7,"depthDatum":"Approximate LAT","depthDatumCode":42,"depthDatumStatus":"VERIFIED_FROM_OFFICIAL_DOCUMENTATION","verticalDatum":"Local Datum","verticalDatumCode":24,"napIdentityStatus":"UNVERIFIED","sourceKind":"official","sourceCellId":"1R7687LI","sourceStableId":"1F2B6A429E1C755F","sourceChecksum":"15df29d0ae5fbc875483ea2addc2d4e6c9148a876bdf65f0adfc75742fe31c47","pipelineFeatureId":"1R7687LI/DEPCNT/1280474569","provenance":{"cellId":"1R7687LI","checksum":"15df29d0ae5fbc875483ea2addc2d4e6c9148a876bdf65f0adfc75742fe31c47","readerVersion":"GDAL 3.2.2","processedAt":"2026-08-11T13:43:44.753Z"},"sourceProperties":{"RCID":1280474569,"PRIM":2,"GRUP":2,"OBJL":43,"RVER":1,"AGEN":7979,"FIDN":1782750748,"FIDS":30047,"LNAM":"1F2B6A429E1C755F","VALDCO":7,"SCAMIN":15000,"sourceCellId":"1R7687LI","sourceChecksum":"15df29d0ae5fbc875483ea2addc2d4e6c9148a876bdf65f0adfc75742fe31c47","rawObjectClass":"DEPCNT","sourceStableId":"1F2B6A429E1C755F"}}},{"type":"Feature","geometry":{"type":"LineString","coordinates":[[3.8377717,51.275],[3.8377926,51.2750453],[3.8377932,51.2750799],[3.8378241,51.275135],[3.8378838,51.2752093],[3.8379068,51.2752243],[3.8379083,51.2752393],[3.8379572,51.2753138],[3.8379702,51.2753662],[3.8379862,51.2754036],[3.8380322,51.2754895],[3.8380358,51.2754931],[3.8380359,51.2754954],[3.8380969,51.2755826],[3.8381011,51.2756242],[3.8381195,51.2756724],[3.8381672,51.2757537],[3.8381697,51.2757619],[3.8381809,51.2757797],[3.8382249,51.2758515],[3.8382404,51.2758875],[3.8382703,51.2759411],[3.8383284,51.2760089],[3.838353,51.2760304],[3.8383579,51.2760484],[3.8384055,51.2761199],[3.838431,51.2761821],[3.8384395,51.2762096],[3.8384762,51.2762533],[3.8385166,51.276299],[3.8385219,51.2763268],[3.8385514,51.2763887],[3.8385892,51.276457],[3.8385944,51.2764783],[3.8386247,51.2765333],[3.8386446,51.2765678],[3.8386471,51.2765813],[3.8386813,51.2766575],[3.8387165,51.2767128],[3.8387345,51.276747],[3.8387728,51.2767945],[3.8388122,51.2768364],[3.8388126,51.2768606],[3.8388401,51.2769261],[3.8389031,51.277005],[3.8389072,51.2770156],[3.8389205,51.2770306],[3.8389671,51.2771051],[3.8389987,51.2771948],[3.8390276,51.2772591],[3.83903,51.2772845],[3.8390699,51.2773606],[3.8390772,51.2773741],[3.8390815,51.2773811],[3.8391567,51.2774634],[3.8392164,51.2775341],[3.8392366,51.2775528],[3.8392409,51.2775677],[3.8392811,51.2776424],[3.8392969,51.2776909],[3.8393082,51.2777321],[3.83935,51.2778124],[3.8393529,51.2778217],[3.8393655,51.2778489],[3.8393927,51.2779113],[3.8393954,51.2779292],[3.83939,51.2780013],[3.8393956,51.2780182],[3.8394187,51.278091],[3.8394442,51.2781369],[3.839466,51.2781806],[3.8395162,51.2782525],[3.8395297,51.27827],[3.8395467,51.2782886],[3.8396177,51.2783593],[3.839658,51.2784457],[3.8396602,51.2784489],[3.8396584,51.2785349],[3.8396607,51.2785389],[3.8396608,51.2785414],[3.8396427,51.2786289],[3.8396433,51.2786436],[3.8396368,51.2787189],[3.8396179,51.2788089],[3.8396131,51.2788449],[3.839615,51.2788989],[3.8396142,51.2789351],[3.8396149,51.2789888],[3.8396166,51.2790246],[3.8396133,51.2790787],[3.8396115,51.2791188],[3.8396066,51.2791687],[3.8396046,51.2792142],[3.8396025,51.2792587],[3.8395757,51.2793237],[3.8395702,51.2793488],[3.8395703,51.2794182],[3.8395684,51.2794388],[3.8395482,51.2795233],[3.8395472,51.2795288],[3.8395399,51.2795495],[3.8395177,51.279619],[3.8395155,51.2796353],[3.8395138,51.2797089],[3.839507,51.2797317],[3.839488,51.279799],[3.8394783,51.2798411],[3.8394689,51.2798891],[3.8394605,51.2799434],[3.8394558,51.2799791],[3.8394425,51.2800459],[3.8394393,51.2800691],[3.8394195,51.2801517],[3.8394183,51.2801592],[3.8394176,51.2802438],[3.8394175,51.2802491],[3.83941,51.2802881],[3.8394002,51.2803392],[3.8393981,51.2803473],[3.8393753,51.2804293],[3.839375,51.2804531],[3.8393632,51.2805193],[3.8393521,51.2805588],[3.8393421,51.2806094],[3.8393209,51.2806697],[3.8393126,51.2806995],[3.8392982,51.2807753],[3.8392964,51.2807895],[3.8392771,51.2808641],[3.8392734,51.2808796],[3.8392719,51.2808831],[3.8392373,51.2809963],[3.8392145,51.2810599],[3.8392007,51.2811107],[3.8391965,51.28115],[3.8391621,51.2812265],[3.8391606,51.2812401],[3.8391417,51.2813026],[3.8391364,51.2813302],[3.8391342,51.2813353],[3.8391147,51.2814203],[3.8391054,51.2814448],[3.8390886,51.2815104],[3.8390872,51.2815474],[3.8390645,51.2816005],[3.8390458,51.2816649],[3.8390368,51.2816906],[3.8390068,51.2817711],[3.8390033,51.2817808],[3.8390023,51.2817838],[3.8389849,51.2818709],[3.8389764,51.2818914],[3.8389496,51.281961],[3.8389268,51.2820142],[3.8389127,51.2820512],[3.8388845,51.2821323],[3.8388794,51.2821414],[3.8388706,51.282163],[3.8388243,51.2822317],[3.8388235,51.2822624],[3.8387972,51.2823218],[3.8387849,51.2823781],[3.8387722,51.2824119],[3.8387474,51.2824931],[3.8387462,51.282502],[3.8387336,51.2825161],[3.8386184,51.2825929],[3.8386709,51.2826332],[3.8386389,51.2826826],[3.8386525,51.2827193],[3.8386374,51.2827726],[3.838624,51.2828452],[3.8386223,51.2828626],[3.8385989,51.2829522],[3.8385989,51.2829527],[3.8385633,51.2830429],[3.8385536,51.2830723],[3.8385295,51.283133],[3.8385044,51.2831948],[3.8384964,51.2832232],[3.8384611,51.2833],[3.8384572,51.2833134],[3.8384543,51.2833179],[3.8384255,51.2834035],[3.8384116,51.2834363],[3.8383879,51.2834937],[3.8383716,51.2835529],[3.8383636,51.2835838],[3.8383354,51.2836671],[3.8383341,51.283674],[3.8383249,51.2836947],[3.8383073,51.2837641],[3.8383075,51.2837759],[3.8382919,51.2838541],[3.838264,51.2838948],[3.8382599,51.2839443],[3.8382522,51.2839934],[3.8382449,51.2840343],[3.838203,51.2841159],[3.8382,51.2841245],[3.8381898,51.2841474],[3.8381626,51.2842147],[3.8381537,51.2842385],[3.8381228,51.2843049],[3.8381002,51.2843637],[3.8380899,51.2843951],[3.8380606,51.2844801],[3.838059,51.2844852],[3.8380529,51.284505],[3.8380283,51.2845754],[3.8380225,51.2845955],[3.8380049,51.2846655],[3.8379946,51.2847044],[3.8379761,51.2847556],[3.8379611,51.2848168],[3.8379509,51.2848457],[3.8379246,51.2849312],[3.8379235,51.2849358],[3.8379177,51.284958],[3.8378943,51.285026],[3.8378838,51.2850483],[3.8378459,51.2851162],[3.837819,51.2851809],[3.8378085,51.2852064],[3.8377847,51.2852939],[3.8377833,51.2852965],[3.8377806,51.2853028],[3.8377509,51.2853867],[3.8377384,51.2854145],[3.8377264,51.2854768],[3.8377203,51.2855171],[3.8377033,51.2855669],[3.8376516,51.2856521],[3.8376496,51.2856572],[3.8376438,51.2856666],[3.8376119,51.2857474],[3.8376021,51.2857748],[3.8375984,51.2858374],[3.8375882,51.2858747],[3.83757,51.2859275],[3.8375454,51.2859931],[3.8375381,51.2860177],[3.8375081,51.2860857],[3.837499,51.2861079],[3.8374958,51.2861159],[3.837476,51.2861979],[3.837462,51.2862286],[3.8374258,51.2862882],[3.8373995,51.2863596],[3.8373912,51.2863784],[3.8373706,51.2864108],[3.8373263,51.2864688],[3.837315,51.2865048],[3.8373059,51.2865589],[3.8373032,51.2866033],[3.8372939,51.2866489],[3.8372864,51.2867051],[3.8372776,51.2867389],[3.8372446,51.2868228],[3.8372429,51.2868291],[3.8372351,51.2868457],[3.8371942,51.2869193],[3.8371863,51.2869512],[3.8371616,51.2870095],[3.8371396,51.2870721],[3.8371273,51.2870997],[3.8370977,51.2871765],[3.8370936,51.2871898],[3.8370891,51.2871955],[3.8370532,51.28728],[3.8370494,51.2873119],[3.837039,51.2873701],[3.8370294,51.2874157],[3.8370264,51.2874601],[3.8369957,51.2875282],[3.8369851,51.2875503],[3.8369618,51.2875898],[3.8369332,51.2876406],[3.8369265,51.2876636],[3.8369109,51.2877307],[3.8368965,51.2877739],[3.8368897,51.2878207],[3.8368572,51.28789],[3.8368525,51.2879109],[3.8368341,51.2879958],[3.8368327,51.288001],[3.8368263,51.2880239],[3.8368109,51.2880911],[3.8368041,51.288106],[3.8367719,51.2881813],[3.8367592,51.2882257],[3.8367377,51.2882714],[3.8367151,51.288345],[3.8367106,51.2883616],[3.8366898,51.2884062],[3.8366712,51.2884518],[3.8366482,51.2884789],[3.8366102,51.2885421],[3.8365863,51.2886095],[3.8365797,51.2886323],[3.8365545,51.2887209],[3.8365542,51.2887224],[3.8365523,51.288726],[3.8365117,51.2888126],[3.8365011,51.2888461],[3.8364842,51.2889027],[3.8364691,51.2889576],[3.8364528,51.2889929],[3.8364393,51.2890677],[3.8364354,51.2890829],[3.8364324,51.2891631],[3.8364176,51.28921],[3.8364021,51.289263],[3.8363984,51.2892758],[3.8363853,51.289353],[3.8363676,51.2893866],[3.8363362,51.2894433],[3.8363356,51.2894981],[3.836326,51.2895333],[3.8363261,51.2895951],[3.8363228,51.2896232],[3.8363097,51.2896966],[3.8363117,51.2897132],[3.8362844,51.2897703],[3.8362666,51.2898035],[3.8362652,51.2898161],[3.8362555,51.2898935],[3.8362473,51.2899185],[3.8362114,51.2899837],[3.8361833,51.2900505],[3.8361758,51.2900739],[3.8361473,51.2901165],[3.8361016,51.2901644],[3.8360306,51.2902395],[3.83602,51.2902549],[3.836008,51.2903436],[3.8360077,51.2903449],[3.8360074,51.2903453],[3.8359268,51.2904354],[3.835923,51.2904904],[3.8359193,51.2905254],[3.8359082,51.2905908],[3.8358994,51.2906154],[3.8358977,51.2906885],[3.835889,51.2907054],[3.8358722,51.2907631],[3.8358449,51.2907957],[3.8358581,51.2908049],[3.8358164,51.2908858],[3.8357918,51.2909383],[3.8357856,51.2909759],[3.8357416,51.2910615],[3.8357386,51.2910662],[3.8357347,51.2910883],[3.8356953,51.2911564],[3.8356684,51.2911995],[3.8356277,51.2912468],[3.8356315,51.2913141],[3.8356213,51.2913368],[3.8356207,51.2914119],[3.8356128,51.2914268],[3.8356093,51.2915102],[3.8356072,51.2915167],[3.8355993,51.291532],[3.8355207,51.2916073],[3.8355172,51.2916603],[3.8354975,51.2916974],[3.8354934,51.2917665],[3.8354903,51.2917873],[3.8354769,51.291868],[3.835472,51.2918774],[3.8354627,51.291903],[3.8354052,51.2919678],[3.8354087,51.2920027],[3.8353815,51.2920579],[3.8353825,51.2921105],[3.8353733,51.2921479],[3.8353629,51.292214],[3.8353516,51.2922379],[3.8353674,51.2922639],[3.8353562,51.2923278],[3.8353558,51.2924005],[3.8353525,51.2924178],[3.8353671,51.2924842],[3.8353584,51.2925077],[3.8353447,51.2925895],[3.8353414,51.2925977],[3.8353324,51.2926295],[3.8352696,51.2926881],[3.8352383,51.2927487],[3.8352522,51.2927782],[3.835259,51.2928264],[3.8352083,51.2928684],[3.8351944,51.2929256],[3.8351927,51.2929277]]},"properties":{"rawObjectClass":"DEPCNT","VALDCO":7,"depthDatum":"Approximate LAT","depthDatumCode":42,"depthDatumStatus":"VERIFIED_FROM_OFFICIAL_DOCUMENTATION","verticalDatum":"Local Datum","verticalDatumCode":24,"napIdentityStatus":"UNVERIFIED","sourceKind":"official","sourceCellId":"1R7687LI","sourceStableId":"1F2B6A429E1C7560","sourceChecksum":"15df29d0ae5fbc875483ea2addc2d4e6c9148a876bdf65f0adfc75742fe31c47","pipelineFeatureId":"1R7687LI/DEPCNT/1280474570","provenance":{"cellId":"1R7687LI","checksum":"15df29d0ae5fbc875483ea2addc2d4e6c9148a876bdf65f0adfc75742fe31c47","readerVersion":"GDAL 3.2.2","processedAt":"2026-08-11T13:43:44.753Z"},"sourceProperties":{"RCID":1280474570,"PRIM":2,"GRUP":2,"OBJL":43,"RVER":1,"AGEN":7979,"FIDN":1782750748,"FIDS":30048,"LNAM":"1F2B6A429E1C7560","VALDCO":7,"SCAMIN":15000,"sourceCellId":"1R7687LI","sourceChecksum":"15df29d0ae5fbc875483ea2addc2d4e6c9148a876bdf65f0adfc75742fe31c47","rawObjectClass":"DEPCNT","sourceStableId":"1F2B6A429E1C7560"}}},{"type":"Feature","geometry":{"type":"LineString","coordinates":[[3.8333272,51.3048783],[3.8333009,51.304906],[3.8332863,51.3049317],[3.8332608,51.3049533],[3.8332207,51.3049574],[3.8331177,51.3049722],[3.8330038,51.3049525],[3.8329737,51.3049434],[3.8329558,51.3049341],[3.8329166,51.304899],[3.832868,51.3048448],[3.8328277,51.3048026],[3.8327964,51.3047554],[3.8328254,51.3046732],[3.8328368,51.3046651],[3.8328252,51.3046612],[3.8327531,51.3045758],[3.8327498,51.3045317],[3.8327581,51.3044859],[3.8327724,51.3044263],[3.8327829,51.3043958],[3.8328189,51.3043166],[3.8328232,51.3043056],[3.8328248,51.3043017],[3.8328483,51.3042155],[3.8328497,51.3041948],[3.8328583,51.3041255],[3.8328861,51.3040353],[3.8329261,51.3039639],[3.8329337,51.3039451],[3.8329549,51.3039056],[3.8329696,51.3038549],[3.8329776,51.3038399],[3.8329972,51.3037648],[3.8330099,51.3037282],[3.833025,51.3036747],[3.8330557,51.3036079],[3.833058,51.3035845],[3.8330913,51.303515],[3.833097,51.3034943],[3.8330997,51.3034887],[3.833102,51.3034043],[3.8331075,51.3033928],[3.8331303,51.3033142],[3.8331373,51.3032827],[3.8331651,51.3032241],[3.8332047,51.3031485],[3.8332086,51.3031338],[3.833216,51.3030503],[3.833218,51.3030438],[3.8332259,51.3030246],[3.8332554,51.3029536],[3.8332701,51.3029247],[3.8332984,51.3028634],[3.8333218,51.3028006],[3.8333306,51.3027733],[3.8333431,51.302696],[3.8333458,51.3026832],[3.8333623,51.3026336],[3.8333767,51.3025931],[3.8333808,51.3025809],[3.8334189,51.3025029],[3.8334311,51.3024576],[3.8334418,51.3024128],[3.8334614,51.3023472],[3.8334678,51.3023227],[3.8334961,51.302234],[3.8334967,51.3022325],[3.8334984,51.3022296],[3.8335468,51.3021423],[3.8335582,51.3021033],[3.8335687,51.3020522],[3.8335755,51.3020012],[3.8335873,51.3019621],[3.8336122,51.3018867],[3.8336156,51.301872],[3.8336348,51.3018413],[3.8336723,51.3017817],[3.8336788,51.301753],[3.8336957,51.3016916],[3.8337113,51.3016413],[3.8337241,51.3016015],[3.833749,51.3015261],[3.8337508,51.3015114],[3.8337712,51.3014537],[3.833782,51.3014212],[3.8337878,51.3014103],[3.8338262,51.301331],[3.8338375,51.3012875],[3.833853,51.3012409],[3.8338642,51.3011794],[3.833871,51.3011508],[3.8339005,51.3010652],[3.8339015,51.3010607],[3.8339073,51.3010484],[3.8339423,51.3009705],[3.8339639,51.3009335],[3.8339907,51.3008802],[3.8340003,51.3008192],[3.8340068,51.3007902],[3.8340247,51.3007126],[3.8340291,51.3007001],[3.8340439,51.3006675],[3.8340867,51.3005819],[3.834113,51.3005196],[3.8341261,51.3004657],[3.8341384,51.3004295],[3.8341646,51.30035],[3.8341673,51.3003394],[3.8341806,51.3002947],[3.8341947,51.3002493],[3.8342008,51.3002359],[3.83424,51.300159],[3.8342575,51.3001086],[3.8342682,51.3000689],[3.8342794,51.3000036],[3.8342888,51.2999788],[3.8343173,51.299923],[3.8343307,51.2998886],[3.8343415,51.2998728],[3.8343623,51.2997985],[3.8343707,51.2997631],[3.8343916,51.2997083],[3.8344054,51.2996499],[3.8344441,51.2995341],[3.8344451,51.2995281],[3.8344531,51.2995012],[3.8344708,51.299438],[3.8344792,51.2994207],[3.8345072,51.2993478],[3.8345421,51.2992893],[3.834557,51.2992576],[3.8345645,51.299184],[3.8345673,51.2991676],[3.8345897,51.2991247],[3.8346143,51.2990773],[3.8346149,51.2990608],[3.8346416,51.2989872],[3.8346636,51.2989386],[3.8346706,51.2988971],[3.8347003,51.2988241],[3.8347087,51.2988069],[3.8347266,51.2987657],[3.8347486,51.2987167],[3.8347558,51.2986975],[3.8347809,51.2986265],[3.8347844,51.2985882],[3.8348048,51.2985364],[3.8348244,51.2984716],[3.8348285,51.2984463],[3.8348327,51.2983753],[3.834837,51.2983563],[3.8348618,51.2983125],[3.8348947,51.298266],[3.8348973,51.298243],[3.8349254,51.2981759],[3.8349527,51.2981164],[3.8349588,51.2980857],[3.8349642,51.2980181],[3.8349729,51.2979957],[3.8349982,51.2979214],[3.8350038,51.2979055],[3.8350062,51.2979003],[3.8350398,51.2978154],[3.8350514,51.2977803],[3.8350739,51.2977252],[3.8350915,51.2976636],[3.8350977,51.2976351],[3.8351348,51.2975479],[3.8351367,51.2975449],[3.835137,51.2975434],[3.8351787,51.2974547],[3.8351949,51.2974154],[3.8352096,51.2973645],[3.8352158,51.297311],[3.8352328,51.2972744],[3.8352376,51.2972061],[3.8352415,51.2971845],[3.8352705,51.2971187],[3.8352809,51.2970943],[3.8352858,51.2970842],[3.8353147,51.2970041],[3.8353526,51.2969139],[3.8353728,51.2968465],[3.8353777,51.2968238],[3.8354071,51.2967462],[3.8354129,51.2967336],[3.8354181,51.2967265],[3.8354645,51.2966433],[3.835472,51.2966009],[3.8354946,51.2965532],[3.8355151,51.2964824],[3.83552,51.2964631],[3.8355322,51.2963804],[3.8355336,51.2963731],[3.8355433,51.2963463],[3.8355684,51.2962829],[3.8355716,51.2962642],[3.8355962,51.2961928],[3.835626,51.2961383],[3.8356392,51.2961026],[3.8356561,51.2960281],[3.8356628,51.2960125],[3.8356796,51.2959558],[3.8356888,51.2959224],[3.8356951,51.2959122],[3.8357201,51.2958322],[3.8357478,51.2957873],[3.8357796,51.2957419],[3.8357975,51.2956645],[3.8358006,51.2956518],[3.8358133,51.2955634],[3.8358136,51.2955618],[3.8358158,51.2955536],[3.8358467,51.2954716],[3.8358559,51.2954452],[3.8358722,51.2953815],[3.8358792,51.2953393],[3.8358959,51.2952914],[3.8359267,51.2952178],[3.8359355,51.2952012],[3.8359516,51.2951353],[3.8359586,51.2951111],[3.83596,51.2951055],[3.8360076,51.2950209],[3.8360156,51.2949789],[3.83604,51.2949307],[3.83609,51.2948597],[3.8361069,51.2948403],[3.8361113,51.2948266],[3.8361175,51.2947503],[3.8361248,51.294727],[3.8361475,51.2946602],[3.8361595,51.2946137],[3.8361778,51.29457],[3.8362068,51.2944924],[3.8362117,51.2944799],[3.8362252,51.2944033],[3.8362279,51.2943898],[3.8362281,51.2943878],[3.836247,51.2942998],[3.8362645,51.2942735],[3.8362936,51.2942095],[3.8363156,51.2941498],[3.8363285,51.2941193],[3.8363266,51.2940965],[3.8363163,51.2940295],[3.836304,51.2939753],[3.8363095,51.2939396],[3.8363076,51.293882],[3.8363127,51.2938497],[3.8363571,51.2937701],[3.8363645,51.2937594],[3.8363738,51.2937486],[3.8364273,51.293669],[3.836497,51.2935796],[3.8364977,51.2935786],[3.8364985,51.2935777],[3.8365606,51.2934882],[3.8365851,51.2934312],[3.836595,51.2933981],[3.8366008,51.2933301],[3.8366125,51.293308],[3.836606,51.2932358],[3.8366103,51.2932181],[3.836633,51.2931673],[3.8366585,51.2931278],[3.8366734,51.2931016],[3.8367082,51.2930376],[3.8366981,51.2929948],[3.836714,51.2929476],[3.8367173,51.2928916],[3.836727,51.2928576],[3.8367331,51.2927905],[3.8367359,51.2927676],[3.8367679,51.2926992],[3.8367864,51.2926773],[3.8367917,51.2926619],[3.8368471,51.2925869],[3.8368715,51.2925198],[3.8368766,51.2924968],[3.8369061,51.2924135],[3.8369076,51.2924067],[3.8369086,51.292405],[3.83693,51.2923166],[3.8369324,51.2922988],[3.8369445,51.2922266],[3.8369791,51.2921779],[3.8369975,51.2921363],[3.8370056,51.2920699],[3.837013,51.2920462],[3.8370418,51.29199],[3.8370567,51.291956],[3.8370601,51.291944],[3.8370733,51.2918659],[3.8370768,51.2918423],[3.8370957,51.2917759],[3.8371251,51.2917204],[3.8371406,51.2916856],[3.8371783,51.2916059],[3.8371853,51.2915954],[3.837185,51.291591],[3.8372108,51.2915053],[3.8372226,51.2914759],[3.8372478,51.2914151],[3.8372771,51.291325],[3.837315,51.2912413],[3.8373172,51.2912347],[3.8373184,51.2912326],[3.8373392,51.2911447],[3.8373494,51.2911217],[3.8373797,51.2910545],[3.837411,51.2909912],[3.8374211,51.2909642],[3.8374519,51.2908808],[3.8374536,51.2908741],[3.8374551,51.290872],[3.8374755,51.290784],[3.8374816,51.290764],[3.8375192,51.2906938],[3.8375287,51.2906428],[3.8375379,51.2906037],[3.8375879,51.2905139],[3.8375886,51.2905112],[3.8376133,51.2904233],[3.8376144,51.2903514],[3.8376077,51.2903334],[3.8376067,51.2903199],[3.8376198,51.2902434],[3.8376233,51.2902183],[3.8376422,51.2901534],[3.8376568,51.2901059],[3.8376575,51.2900633],[3.8376751,51.2900032],[3.8376812,51.2899732],[3.837721,51.2899066],[3.8377359,51.2898829],[3.8378118,51.2897924],[3.8378609,51.2897117],[3.8378684,51.2897021],[3.8378709,51.2896956],[3.8379211,51.2896118],[3.8379393,51.2895608],[3.8379478,51.2895217],[3.8379683,51.2894512],[3.837977,51.2894316],[3.8379984,51.2893911],[3.8380325,51.2893413],[3.8380462,51.2893103],[3.8380771,51.289251],[3.8380696,51.2892043],[3.8380804,51.2891611],[3.8381189,51.2890817],[3.8381217,51.2890708],[3.8381355,51.2890413],[3.8381676,51.2889806],[3.8381799,51.2889516],[3.8382159,51.2888903],[3.8382244,51.2888321],[3.838233,51.2888003],[3.8382731,51.2887226],[3.8382791,51.28871],[3.8382846,51.2887025],[3.8383304,51.2886197],[3.8383457,51.2885724],[3.8383631,51.2885296],[3.8383766,51.2884616],[3.8383812,51.2884395],[3.8384101,51.2883732],[3.8384196,51.2883493],[3.8384219,51.2883416],[3.8384584,51.2882591],[3.8384848,51.288169],[3.8385029,51.2881077],[3.8385124,51.2880789],[3.8385472,51.288024],[3.8385726,51.2879885],[3.8385806,51.2879669],[3.8386143,51.2878983],[3.8386362,51.2878402],[3.8386452,51.2878082],[3.838673,51.2877257],[3.8386754,51.287718],[3.8386848,51.2877047],[3.8387243,51.2876278],[3.83874,51.2875918],[3.8387582,51.2875376],[3.8387843,51.2874723],[3.8387933,51.2874474],[3.8388226,51.2874015],[3.8388482,51.2873571],[3.8388555,51.2873357],[3.8388802,51.287267],[3.8389265,51.2871992],[3.8389354,51.2871766],[3.8389608,51.2871162],[3.8389702,51.2870865],[3.8389755,51.2870768],[3.8390136,51.2869962],[3.8390277,51.2869523],[3.8390421,51.2869061],[3.8390682,51.2868354],[3.8390727,51.286816],[3.8390979,51.2867662],[3.8391193,51.2867257],[3.8391233,51.2867091],[3.8391603,51.2866355],[3.8391719,51.2865869],[3.8391821,51.2865454],[3.8392358,51.2864685],[3.8392465,51.286455],[3.8392485,51.2864469],[3.8392757,51.2863649],[3.8393156,51.2862747],[3.8393368,51.2862083],[3.8393414,51.2861846],[3.8393725,51.2860964],[3.8393732,51.2860944],[3.8393733,51.2860938],[3.8394202,51.2860042],[3.8394358,51.2859628],[3.8394525,51.285914],[3.8394695,51.2858502],[3.8394746,51.2858239],[3.8395097,51.2857578],[3.8395258,51.2857337],[3.839532,51.2857192],[3.8395844,51.2856433],[3.839582,51.2856005],[3.8395711,51.2855535],[3.8395703,51.2855126],[3.8395751,51.2854635],[3.8396464,51.2853923],[3.8396741,51.2853729],[3.839679,51.2853519],[3.8397126,51.2852827],[3.8397385,51.2852228],[3.8397474,51.2851925],[3.8397849,51.2851228],[3.8397997,51.2851022],[3.8398019,51.2850912],[3.8398432,51.285012],[3.8398578,51.2849643],[3.8398693,51.2849219],[3.8398815,51.2848582],[3.8398885,51.2848318],[3.8399219,51.2847719],[3.8399418,51.2847415],[3.8399478,51.2847247],[3.8399806,51.2846513],[3.839983,51.2846111],[3.8399975,51.2845613],[3.8400104,51.2845026],[3.8400171,51.2844712],[3.8400583,51.2843915],[3.8400652,51.2843809],[3.8400667,51.2843755],[3.8401044,51.2842907],[3.8401105,51.2842564],[3.8401277,51.2842006],[3.8401409,51.284146],[3.8401479,51.2841106],[3.8401861,51.284026],[3.840188,51.2840204],[3.8401947,51.2840069],[3.8402322,51.2839301],[3.8402458,51.2838967],[3.8402684,51.2838399],[3.8402707,51.2837898],[3.8402784,51.28375],[3.8403128,51.2836718],[3.8403164,51.2836598],[3.8403314,51.2836384],[3.8403699,51.2835695],[3.8403771,51.2835396],[3.840393,51.2834794],[3.8403997,51.2834341],[3.8404035,51.2833894],[3.8404244,51.2833273],[3.8404305,51.2832992],[3.8404673,51.2832314],[3.8404783,51.283209],[3.8404799,51.2832007],[3.840518,51.2830853],[3.8405293,51.2830288],[3.8405429,51.2829784],[3.8405517,51.2829387],[3.8405873,51.282859],[3.8405897,51.2828485],[3.8406033,51.2828226],[3.8406312,51.2827583],[3.840635,51.2827374],[3.8406529,51.2826682],[3.840666,51.2826265],[3.8406764,51.2825781],[3.8406884,51.2825212],[3.8406955,51.282488],[3.8407389,51.2823994],[3.84074,51.2823978],[3.8407406,51.2823967],[3.8407898,51.2823075],[3.8408796,51.2822524],[3.840917,51.2822167],[3.840942,51.2821765],[3.8409436,51.2821266],[3.8410191,51.2820394],[3.8410617,51.2820358],[3.8411624,51.2820313],[3.8411921,51.2820349],[3.8413064,51.2820666],[3.8413376,51.2820535],[3.841416,51.2820678]]},"properties":{"rawObjectClass":"DEPCNT","VALDCO":7,"depthDatum":"Approximate LAT","depthDatumCode":42,"depthDatumStatus":"VERIFIED_FROM_OFFICIAL_DOCUMENTATION","verticalDatum":"Local Datum","verticalDatumCode":24,"napIdentityStatus":"UNVERIFIED","sourceKind":"official","sourceCellId":"1R7687LI","sourceStableId":"1F2B6A429E1C7561","sourceChecksum":"15df29d0ae5fbc875483ea2addc2d4e6c9148a876bdf65f0adfc75742fe31c47","pipelineFeatureId":"1R7687LI/DEPCNT/1280474573","provenance":{"cellId":"1R7687LI","checksum":"15df29d0ae5fbc875483ea2addc2d4e6c9148a876bdf65f0adfc75742fe31c47","readerVersion":"GDAL 3.2.2","processedAt":"2026-08-11T13:43:44.753Z"},"sourceProperties":{"RCID":1280474573,"PRIM":2,"GRUP":2,"OBJL":43,"RVER":1,"AGEN":7979,"FIDN":1782750748,"FIDS":30049,"LNAM":"1F2B6A429E1C7561","VALDCO":7,"SCAMIN":15000,"sourceCellId":"1R7687LI","sourceChecksum":"15df29d0ae5fbc875483ea2addc2d4e6c9148a876bdf65f0adfc75742fe31c47","rawObjectClass":"DEPCNT","sourceStableId":"1F2B6A429E1C7561"}}},{"type":"Feature","geometry":{"type":"LineString","coordinates":[[3.8402746,51.2997059],[3.8403382,51.2997256],[3.8403598,51.2997423],[3.8403486,51.2997557],[3.8403389,51.2997644],[3.8402271,51.2998465],[3.8401979,51.2998969],[3.8401093,51.2998473],[3.8401085,51.2998125]]},"properties":{"rawObjectClass":"DEPCNT","VALDCO":7,"depthDatum":"Approximate LAT","depthDatumCode":42,"depthDatumStatus":"VERIFIED_FROM_OFFICIAL_DOCUMENTATION","verticalDatum":"Local Datum","verticalDatumCode":24,"napIdentityStatus":"UNVERIFIED","sourceKind":"official","sourceCellId":"1R7687LI","sourceStableId":"1F2B6A429E1C7562","sourceChecksum":"15df29d0ae5fbc875483ea2addc2d4e6c9148a876bdf65f0adfc75742fe31c47","pipelineFeatureId":"1R7687LI/DEPCNT/1280474574","provenance":{"cellId":"1R7687LI","checksum":"15df29d0ae5fbc875483ea2addc2d4e6c9148a876bdf65f0adfc75742fe31c47","readerVersion":"GDAL 3.2.2","processedAt":"2026-08-11T13:43:44.753Z"},"sourceProperties":{"RCID":1280474574,"PRIM":2,"GRUP":2,"OBJL":43,"RVER":1,"AGEN":7979,"FIDN":1782750748,"FIDS":30050,"LNAM":"1F2B6A429E1C7562","VALDCO":7,"SCAMIN":15000,"sourceCellId":"1R7687LI","sourceChecksum":"15df29d0ae5fbc875483ea2addc2d4e6c9148a876bdf65f0adfc75742fe31c47","rawObjectClass":"DEPCNT","sourceStableId":"1F2B6A429E1C7562"}}},{"type":"Feature","geometry":{"type":"LineString","coordinates":[[3.8425349,51.2777198],[3.8425349,51.2777199],[3.8425519,51.2777987],[3.8425593,51.2778238],[3.8425522,51.2778886],[3.8425212,51.2779322],[3.8424351,51.2779254],[3.8423778,51.2779294],[3.8423364,51.2778902],[3.8423281,51.2778599],[3.8423036,51.2778005],[3.842306,51.2777536],[3.8423072,51.2777106],[3.8423451,51.2776375],[3.8423579,51.2776203],[3.8423721,51.2776143],[3.842382,51.2776139],[3.8424806,51.2776163]]},"properties":{"rawObjectClass":"DEPCNT","VALDCO":7,"depthDatum":"Approximate LAT","depthDatumCode":42,"depthDatumStatus":"VERIFIED_FROM_OFFICIAL_DOCUMENTATION","verticalDatum":"Local Datum","verticalDatumCode":24,"napIdentityStatus":"UNVERIFIED","sourceKind":"official","sourceCellId":"1R7687LI","sourceStableId":"1F2B6A429E1C7563","sourceChecksum":"15df29d0ae5fbc875483ea2addc2d4e6c9148a876bdf65f0adfc75742fe31c47","pipelineFeatureId":"1R7687LI/DEPCNT/1280474575","provenance":{"cellId":"1R7687LI","checksum":"15df29d0ae5fbc875483ea2addc2d4e6c9148a876bdf65f0adfc75742fe31c47","readerVersion":"GDAL 3.2.2","processedAt":"2026-08-11T13:43:44.753Z"},"sourceProperties":{"RCID":1280474575,"PRIM":2,"GRUP":2,"OBJL":43,"RVER":1,"AGEN":7979,"FIDN":1782750748,"FIDS":30051,"LNAM":"1F2B6A429E1C7563","VALDCO":7,"SCAMIN":15000,"sourceCellId":"1R7687LI","sourceChecksum":"15df29d0ae5fbc875483ea2addc2d4e6c9148a876bdf65f0adfc75742fe31c47","rawObjectClass":"DEPCNT","sourceStableId":"1F2B6A429E1C7563"}}},{"type":"Feature","geometry":{"type":"LineString","coordinates":[[3.8413425,51.2996586],[3.8414861,51.2997465],[3.8414904,51.2997475],[3.841631,51.2998272],[3.841647,51.2998363],[3.8416321,51.2998835],[3.8415775,51.2998709],[3.8414887,51.2998886],[3.8414206,51.2998851],[3.8413449,51.2998652],[3.8413021,51.2998655],[3.8412015,51.2998696],[3.841138,51.2998399],[3.841131,51.2997934],[3.8411458,51.2997499],[3.8411628,51.299682],[3.8411626,51.2996599],[3.8411971,51.2996298],[3.8413303,51.299652],[3.8413411,51.2996572],[3.8413425,51.2996586]]},"properties":{"rawObjectClass":"DEPCNT","VALDCO":7,"depthDatum":"Approximate LAT","depthDatumCode":42,"depthDatumStatus":"VERIFIED_FROM_OFFICIAL_DOCUMENTATION","verticalDatum":"Local Datum","verticalDatumCode":24,"napIdentityStatus":"UNVERIFIED","sourceKind":"official","sourceCellId":"1R7687LI","sourceStableId":"1F2B6A429E1C7564","sourceChecksum":"15df29d0ae5fbc875483ea2addc2d4e6c9148a876bdf65f0adfc75742fe31c47","pipelineFeatureId":"1R7687LI/DEPCNT/1280474576","provenance":{"cellId":"1R7687LI","checksum":"15df29d0ae5fbc875483ea2addc2d4e6c9148a876bdf65f0adfc75742fe31c47","readerVersion":"GDAL 3.2.2","processedAt":"2026-08-11T13:43:44.753Z"},"sourceProperties":{"RCID":1280474576,"PRIM":2,"GRUP":2,"OBJL":43,"RVER":1,"AGEN":7979,"FIDN":1782750748,"FIDS":30052,"LNAM":"1F2B6A429E1C7564","VALDCO":7,"SCAMIN":15000,"sourceCellId":"1R7687LI","sourceChecksum":"15df29d0ae5fbc875483ea2addc2d4e6c9148a876bdf65f0adfc75742fe31c47","rawObjectClass":"DEPCNT","sourceStableId":"1F2B6A429E1C7564"}}},{"type":"Feature","geometry":{"type":"LineString","coordinates":[[3.8259123,51.3244071],[3.8260058,51.3243498],[3.8260684,51.3243161],[3.8260563,51.324259],[3.8260568,51.3242263],[3.8260385,51.3241591],[3.8260306,51.3241365],[3.8260143,51.3240554],[3.8260123,51.3240467],[3.826019,51.3240349],[3.825999,51.3239721],[3.8259766,51.3239571],[3.8258539,51.3238815],[3.8257353,51.3239588],[3.8257122,51.3239843],[3.8256705,51.3240492],[3.8255715,51.3241384],[3.8255702,51.3241398],[3.8254294,51.3242194],[3.825408,51.3242309],[3.825411,51.3242426],[3.8253865,51.3243209],[3.8253731,51.3243578],[3.8253584,51.324411],[3.8253879,51.3244719],[3.8253618,51.3245009],[3.8253776,51.3245545],[3.8253971,51.3245906],[3.8253951,51.3246166],[3.8253838,51.3246806],[3.8254382,51.3247122],[3.8255472,51.3246795],[3.8255355,51.3246512],[3.8255811,51.3246735],[3.8255898,51.3246792],[3.8256188,51.3247461],[3.8257252,51.324708],[3.8258459,51.3246915],[3.8258683,51.3246857],[3.8258806,51.3246771],[3.8258838,51.3246672],[3.8259062,51.324587],[3.8259045,51.324563],[3.8259097,51.3244687],[3.8259123,51.3244071]]},"properties":{"rawObjectClass":"DEPCNT","VALDCO":7,"depthDatum":"Approximate LAT","depthDatumCode":42,"depthDatumStatus":"VERIFIED_FROM_OFFICIAL_DOCUMENTATION","verticalDatum":"Local Datum","verticalDatumCode":24,"napIdentityStatus":"UNVERIFIED","sourceKind":"official","sourceCellId":"1R7687LI","sourceStableId":"1F2B6A429E1C7565","sourceChecksum":"15df29d0ae5fbc875483ea2addc2d4e6c9148a876bdf65f0adfc75742fe31c47","pipelineFeatureId":"1R7687LI/DEPCNT/1280474577","provenance":{"cellId":"1R7687LI","checksum":"15df29d0ae5fbc875483ea2addc2d4e6c9148a876bdf65f0adfc75742fe31c47","readerVersion":"GDAL 3.2.2","processedAt":"2026-08-11T13:43:44.753Z"},"sourceProperties":{"RCID":1280474577,"PRIM":2,"GRUP":2,"OBJL":43,"RVER":1,"AGEN":7979,"FIDN":1782750748,"FIDS":30053,"LNAM":"1F2B6A429E1C7565","VALDCO":7,"SCAMIN":15000,"sourceCellId":"1R7687LI","sourceChecksum":"15df29d0ae5fbc875483ea2addc2d4e6c9148a876bdf65f0adfc75742fe31c47","rawObjectClass":"DEPCNT","sourceStableId":"1F2B6A429E1C7565"}}},{"type":"Feature","geometry":{"type":"LineString","coordinates":[[3.8321824,51.3076241],[3.8321612,51.3076126],[3.8320625,51.3075482],[3.8320624,51.3075191],[3.8320799,51.3074581],[3.8321573,51.3073964],[3.832221,51.3073672],[3.8322999,51.3073448],[3.8323331,51.307344]]},"properties":{"rawObjectClass":"DEPCNT","VALDCO":6.5,"depthDatum":"Approximate LAT","depthDatumCode":42,"depthDatumStatus":"VERIFIED_FROM_OFFICIAL_DOCUMENTATION","verticalDatum":"Local Datum","verticalDatumCode":24,"napIdentityStatus":"UNVERIFIED","sourceKind":"official","sourceCellId":"1R7687LI","sourceStableId":"1F2B6A429E1C7566","sourceChecksum":"15df29d0ae5fbc875483ea2addc2d4e6c9148a876bdf65f0adfc75742fe31c47","pipelineFeatureId":"1R7687LI/DEPCNT/1280474578","provenance":{"cellId":"1R7687LI","checksum":"15df29d0ae5fbc875483ea2addc2d4e6c9148a876bdf65f0adfc75742fe31c47","readerVersion":"GDAL 3.2.2","processedAt":"2026-08-11T13:43:44.753Z"},"sourceProperties":{"RCID":1280474578,"PRIM":2,"GRUP":2,"OBJL":43,"RVER":1,"AGEN":7979,"FIDN":1782750748,"FIDS":30054,"LNAM":"1F2B6A429E1C7566","VALDCO":6.5,"SCAMIN":15000,"sourceCellId":"1R7687LI","sourceChecksum":"15df29d0ae5fbc875483ea2addc2d4e6c9148a876bdf65f0adfc75742fe31c47","rawObjectClass":"DEPCNT","sourceStableId":"1F2B6A429E1C7566"}}},{"type":"Feature","geometry":{"type":"LineString","coordinates":[[3.8356432,51.3029069],[3.8356625,51.3029092],[3.8357497,51.3029359],[3.8357897,51.3030141],[3.8357755,51.3030256],[3.8357578,51.3030835],[3.8356649,51.3030422],[3.8356515,51.3030539]]},"properties":{"rawObjectClass":"DEPCNT","VALDCO":6.5,"depthDatum":"Approximate LAT","depthDatumCode":42,"depthDatumStatus":"VERIFIED_FROM_OFFICIAL_DOCUMENTATION","verticalDatum":"Local Datum","verticalDatumCode":24,"napIdentityStatus":"UNVERIFIED","sourceKind":"official","sourceCellId":"1R7687LI","sourceStableId":"1F2B6A429E1C7567","sourceChecksum":"15df29d0ae5fbc875483ea2addc2d4e6c9148a876bdf65f0adfc75742fe31c47","pipelineFeatureId":"1R7687LI/DEPCNT/1280474580","provenance":{"cellId":"1R7687LI","checksum":"15df29d0ae5fbc875483ea2addc2d4e6c9148a876bdf65f0adfc75742fe31c47","readerVersion":"GDAL 3.2.2","processedAt":"2026-08-11T13:43:44.753Z"},"sourceProperties":{"RCID":1280474580,"PRIM":2,"GRUP":2,"OBJL":43,"RVER":1,"AGEN":7979,"FIDN":1782750748,"FIDS":30055,"LNAM":"1F2B6A429E1C7567","VALDCO":6.5,"SCAMIN":15000,"sourceCellId":"1R7687LI","sourceChecksum":"15df29d0ae5fbc875483ea2addc2d4e6c9148a876bdf65f0adfc75742fe31c47","rawObjectClass":"DEPCNT","sourceStableId":"1F2B6A429E1C7567"}}},{"type":"Feature","geometry":{"type":"LineString","coordinates":[[3.8377139,51.275],[3.8377333,51.2750431],[3.8377342,51.2750457],[3.8377375,51.2750494],[3.8377856,51.2751352],[3.8378312,51.2751921],[3.8378524,51.2752247],[3.837885,51.2752756],[3.8379103,51.2753142],[3.8379148,51.2753322],[3.8379454,51.2754039],[3.8379742,51.2754576],[3.8379914,51.2754935],[3.8380334,51.2755561],[3.8380522,51.2755829],[3.8380534,51.275595],[3.8380831,51.2756726],[3.8381102,51.2757187],[3.8381235,51.2757623],[3.8381782,51.2758493],[3.8381792,51.2758518],[3.8381823,51.2758557],[3.83823,51.2759414],[3.8382818,51.2760018],[3.8382956,51.2760308],[3.8383294,51.2760632],[3.8383673,51.2761202],[3.8383799,51.2761508],[3.8383983,51.2762099],[3.8384693,51.2762945],[3.8384712,51.2762993],[3.8384772,51.2763062],[3.8385166,51.2763889],[3.8385363,51.2764245],[3.8385493,51.2764786],[3.8385849,51.2765432],[3.8385905,51.2765682],[3.8386263,51.2766211],[3.8386427,51.2766578],[3.838653,51.2766738],[3.8386916,51.2767474],[3.838754,51.2768247],[3.8387573,51.2768368],[3.838774,51.2768582],[3.8388026,51.2769264],[3.8388292,51.2769597],[3.8388508,51.277016],[3.8389217,51.2770957],[3.8389277,51.2771054],[3.8389593,51.2771951],[3.8389731,51.2772257],[3.8389789,51.2772848],[3.8390045,51.2773339],[3.839024,51.2773744],[3.8390708,51.2774109],[3.839119,51.2774637],[3.8391702,51.2775244],[3.8391732,51.2775532],[3.8392176,51.2775979],[3.8392416,51.2776426],[3.8392475,51.2776607],[3.8392672,51.2777324],[3.8392896,51.2777754],[3.8393041,51.277822],[3.8393373,51.2778935],[3.839328,51.2779767],[3.8393366,51.2780017],[3.8393641,51.2780877],[3.8393672,51.2780914],[3.8393701,51.2781017],[3.8394096,51.278181],[3.8394384,51.2782222],[3.8394821,51.2782704],[3.8395174,51.2783138],[3.8395634,51.2783597],[3.8395817,51.278399],[3.8396157,51.2784493],[3.8396145,51.278508],[3.8396326,51.2785391],[3.8396331,51.2785592],[3.8396187,51.2786291],[3.8396197,51.2786588],[3.8396145,51.278719],[3.8395957,51.2788091],[3.8395887,51.2788606],[3.8395901,51.2788991],[3.839589,51.2789513],[3.8395895,51.278989],[3.8395919,51.2790404],[3.8395896,51.2790789],[3.8395871,51.2791345],[3.8395837,51.2791689],[3.839581,51.2792293],[3.8395796,51.2792588],[3.8395448,51.2793436],[3.8395436,51.279349],[3.8395436,51.2794353],[3.8395433,51.2794389],[3.8395383,51.27946],[3.8395205,51.279529],[3.8395185,51.2795424],[3.839494,51.2796191],[3.8394894,51.279652],[3.8394882,51.2797091],[3.8394752,51.2797521],[3.8394619,51.2797992],[3.8394477,51.2798607],[3.8394422,51.2798893],[3.8394309,51.2799624],[3.8394286,51.2799793],[3.8394115,51.2800659],[3.839411,51.2800693],[3.8394063,51.2800887],[3.8393897,51.2801594],[3.8393892,51.2802493],[3.8393851,51.2802647],[3.8393708,51.2803394],[3.8393628,51.2803699],[3.8393463,51.2804295],[3.8393457,51.2804719],[3.8393372,51.2805195],[3.8393204,51.2805791],[3.8393144,51.2806096],[3.8392853,51.2806926],[3.8392833,51.2806997],[3.8392749,51.2807442],[3.8392667,51.2807898],[3.8392651,51.2807965],[3.8392454,51.2808798],[3.8392334,51.2809078],[3.8391988,51.281021],[3.8391848,51.2810601],[3.8391648,51.2811338],[3.839163,51.2811502],[3.8391399,51.2812017],[3.8391259,51.2812404],[3.839123,51.2812516],[3.8391079,51.2813304],[3.8390946,51.2813607],[3.8390809,51.2814206],[3.8390608,51.2814734],[3.8390513,51.2815107],[3.8390489,51.281572],[3.8390367,51.2816007],[3.8390116,51.2816869],[3.8390102,51.2816908],[3.8390056,51.2817031],[3.8389769,51.281781],[3.838969,51.2818051],[3.8389559,51.2818711],[3.838937,51.2819166],[3.8389199,51.2819612],[3.8388858,51.2820405],[3.8388816,51.2820514],[3.8388692,51.2820872],[3.8388346,51.2821417],[3.8388234,51.2821715],[3.8387826,51.282232],[3.8387811,51.2822896],[3.8387667,51.282322],[3.8387495,51.2824008],[3.8387452,51.2824121],[3.8387325,51.2824539],[3.8387133,51.2825023],[3.8385915,51.2825824],[3.8385839,51.2825931],[3.838592,51.2826122],[3.8386428,51.2826512],[3.8386224,51.2826828],[3.8386311,51.2827061],[3.8386122,51.2827728],[3.8385965,51.2828579],[3.8385958,51.2828628],[3.8385952,51.2828637],[3.8385702,51.2829529],[3.8385615,51.2829762],[3.8385352,51.2830431],[3.8385179,51.2830951],[3.8385029,51.2831332],[3.8384685,51.2832179],[3.8384669,51.2832234],[3.83846,51.2832384],[3.8384379,51.2833135],[3.8384216,51.2833389],[3.8383998,51.2834037],[3.8383764,51.2834589],[3.8383619,51.2834939],[3.8383401,51.2835731],[3.8383373,51.283584],[3.8383236,51.2836242],[3.8383114,51.2836741],[3.8383103,51.2836832],[3.8382897,51.2837642],[3.8382902,51.283787],[3.8382768,51.2838542],[3.8382372,51.283912],[3.8382345,51.2839444],[3.8382239,51.2840115],[3.8382199,51.2840345],[3.8381888,51.2840948],[3.8381752,51.2841247],[3.8381668,51.2841391],[3.8381361,51.2842149],[3.8381189,51.2842608],[3.8380983,51.2843051],[3.8380679,51.2843845],[3.8380643,51.2843953],[3.8380516,51.2844322],[3.8380337,51.2844854],[3.8380238,51.2845037],[3.8379986,51.2845756],[3.8379864,51.2846187],[3.8379745,51.2846657],[3.8379581,51.2847278],[3.837948,51.2847558],[3.8379278,51.2848382],[3.8379251,51.2848459],[3.8379162,51.2848747],[3.837891,51.2849361],[3.8378822,51.2849584],[3.8378588,51.2850262],[3.8378333,51.2850808],[3.8378133,51.2851165],[3.8377787,51.2851996],[3.837776,51.2852066],[3.8377759,51.2852085],[3.8377561,51.2852967],[3.837755,51.2853129],[3.8377289,51.2853868],[3.8377074,51.2854344],[3.8376992,51.285477],[3.8376903,51.2855363],[3.8376798,51.285567],[3.8376431,51.2856275],[3.8376264,51.2856573],[3.8376238,51.28567],[3.8375931,51.2857475],[3.8375778,51.2857905],[3.837575,51.2858375],[3.8375599,51.2858929],[3.8375479,51.2859277],[3.8375163,51.2860118],[3.8375146,51.2860178],[3.8375071,51.2860346],[3.837477,51.286108],[3.8374664,51.2861348],[3.8374511,51.2861981],[3.8374269,51.2862511],[3.8374043,51.2862884],[3.8373713,51.2863777],[3.837371,51.2863785],[3.83737,51.28638],[3.8373021,51.286469],[3.8372847,51.2865242],[3.8372788,51.286559],[3.8372751,51.2866214],[3.8372694,51.286649],[3.8372596,51.2867222],[3.8372553,51.2867391],[3.8372341,51.2867928],[3.8372206,51.2868292],[3.8372045,51.2868486],[3.837165,51.2869195],[3.8371517,51.2869734],[3.8371363,51.2870097],[3.8371071,51.287093],[3.837104,51.2870998],[3.8370967,51.2871189],[3.8370745,51.28719],[3.8370506,51.2872202],[3.8370251,51.2872802],[3.837019,51.2873314],[3.837012,51.2873703],[3.8369984,51.2874356],[3.8369967,51.2874603],[3.8369609,51.2875397],[3.8369567,51.2875505],[3.8369538,51.2875552],[3.8369055,51.2876408],[3.8368926,51.2876854],[3.836882,51.2877309],[3.8368598,51.2877974],[3.8368564,51.287821],[3.8368239,51.2878901],[3.8368176,51.2879112],[3.8368121,51.2879189],[3.8367971,51.2880013],[3.8367942,51.2880214],[3.8367781,51.2880913],[3.8367581,51.2881355],[3.8367384,51.2881815],[3.8367183,51.288252],[3.836709,51.2882716],[3.8366886,51.2883381],[3.8366805,51.2883618],[3.8366796,51.2883678],[3.8366451,51.288452],[3.8365915,51.2885152],[3.8365752,51.2885424],[3.8365502,51.2886129],[3.8365459,51.2886325],[3.8365451,51.288636],[3.8365302,51.2887225],[3.8365058,51.2887521],[3.8364774,51.2888128],[3.8364582,51.2888736],[3.8364495,51.288903],[3.836427,51.2889846],[3.8364231,51.2889931],[3.8364146,51.2890402],[3.83641,51.2890831],[3.8364076,51.289088],[3.8364047,51.289173],[3.8364047,51.2891808],[3.8363806,51.2892631],[3.836372,51.2892927],[3.8363618,51.2893532],[3.8363321,51.2894093],[3.8363133,51.2894435],[3.8363124,51.2895129],[3.8363068,51.2895334],[3.8363069,51.2896074],[3.8363051,51.2896234],[3.8362897,51.2897094],[3.8362902,51.2897134],[3.8362836,51.2897271],[3.8362425,51.2898037],[3.8362392,51.2898327],[3.8362316,51.2898937],[3.8362171,51.2899379],[3.8361918,51.2899839],[3.8361566,51.2900677],[3.8361545,51.2900741],[3.8361467,51.2900857],[3.8360715,51.2901646],[3.836006,51.2902338],[3.835987,51.2902551],[3.8359532,51.2902891],[3.8359408,51.2903454],[3.8358739,51.2904309],[3.8358695,51.2904358],[3.8358669,51.2904727],[3.8358607,51.2905258],[3.8358577,51.2905322],[3.8358314,51.2906159],[3.8358182,51.2906485],[3.835813,51.290706],[3.8357801,51.290764],[3.835753,51.2907963],[3.8358096,51.290836],[3.8357838,51.290886],[3.8357455,51.2909681],[3.8357441,51.2909762],[3.8357331,51.2909977],[3.835627,51.291067],[3.8355922,51.2911377],[3.8355806,51.2911572],[3.8355814,51.2911643],[3.8355388,51.2912475],[3.8354848,51.2913172],[3.835487,51.2913377],[3.8354531,51.2913744],[3.8354114,51.2914282],[3.8353903,51.2914688],[3.8354323,51.291518],[3.8354157,51.2915435],[3.835455,51.2916077],[3.8354543,51.2916097],[3.8353865,51.2916981],[3.8353164,51.2917475],[3.835251,51.291789],[3.8353177,51.2918207],[3.8353742,51.291843],[3.8353487,51.2918783],[3.8353474,51.2919511],[3.8353321,51.2919683],[3.8353399,51.2920469],[3.8353343,51.2920582],[3.8353358,51.2921404],[3.8353339,51.2921481],[3.8353247,51.2922064],[3.8353027,51.2922383],[3.8352959,51.292257],[3.835261,51.2923285],[3.8352311,51.2923895],[3.8352291,51.2924187],[3.8352792,51.2924766],[3.8352639,51.2925083],[3.8351877,51.2925574],[3.8350967,51.2925667],[3.8350445,51.2925722],[3.8350008,51.2926001],[3.834904,51.2926907],[3.8350472,51.2927175],[3.8351144,51.2927792],[3.8350715,51.2928557],[3.8350735,51.2928694],[3.8350609,51.2929034]]},"properties":{"rawObjectClass":"DEPCNT","VALDCO":6.5,"depthDatum":"Approximate LAT","depthDatumCode":42,"depthDatumStatus":"VERIFIED_FROM_OFFICIAL_DOCUMENTATION","verticalDatum":"Local Datum","verticalDatumCode":24,"napIdentityStatus":"UNVERIFIED","sourceKind":"official","sourceCellId":"1R7687LI","sourceStableId":"1F2B6A429E1C7568","sourceChecksum":"15df29d0ae5fbc875483ea2addc2d4e6c9148a876bdf65f0adfc75742fe31c47","pipelineFeatureId":"1R7687LI/DEPCNT/1280474583","provenance":{"cellId":"1R7687LI","checksum":"15df29d0ae5fbc875483ea2addc2d4e6c9148a876bdf65f0adfc75742fe31c47","readerVersion":"GDAL 3.2.2","processedAt":"2026-08-11T13:43:44.753Z"},"sourceProperties":{"RCID":1280474583,"PRIM":2,"GRUP":2,"OBJL":43,"RVER":1,"AGEN":7979,"FIDN":1782750748,"FIDS":30056,"LNAM":"1F2B6A429E1C7568","VALDCO":6.5,"SCAMIN":15000,"sourceCellId":"1R7687LI","sourceChecksum":"15df29d0ae5fbc875483ea2addc2d4e6c9148a876bdf65f0adfc75742fe31c47","rawObjectClass":"DEPCNT","sourceStableId":"1F2B6A429E1C7568"}}},{"type":"Feature","geometry":{"type":"LineString","coordinates":[[3.8333123,51.3048697],[3.8332603,51.3049244],[3.8331939,51.3049324],[3.8331172,51.3049434],[3.833059,51.3049333],[3.8329729,51.3049],[3.8329232,51.3048444],[3.8328533,51.3047713],[3.8328489,51.304755],[3.8329688,51.3046729],[3.8329755,51.3046642],[3.8329686,51.3046591],[3.8329465,51.3046506],[3.8328242,51.3046089],[3.832796,51.3045755],[3.8327908,51.3045054],[3.8327944,51.3044856],[3.8328151,51.3043989],[3.8328162,51.3043955],[3.8328202,51.3043869],[3.8328518,51.3043053],[3.8328633,51.304277],[3.8328801,51.3042152],[3.8328829,51.3041735],[3.832889,51.3041252],[3.8329167,51.3040351],[3.832956,51.3039649],[3.8329629,51.3039449],[3.8329647,51.3039391],[3.8329891,51.3038548],[3.8330071,51.303821],[3.8330218,51.3037646],[3.8330416,51.3037079],[3.833051,51.3036745],[3.8330925,51.3035843],[3.8330926,51.3035841],[3.8331175,51.3034942],[3.8331293,51.3034697],[3.8331311,51.3034041],[3.8331489,51.3033662],[3.8331641,51.303314],[3.8331766,51.3032575],[3.8331926,51.3032239],[3.8332283,51.3031558],[3.8332361,51.3031336],[3.8332428,51.3031241],[3.8332493,51.3030436],[3.8332552,51.3030252],[3.833285,51.3029534],[3.8333138,51.3028966],[3.8333293,51.3028632],[3.8333623,51.3027746],[3.8333628,51.302773],[3.8333646,51.3027619],[3.8333727,51.302683],[3.8333819,51.3026711],[3.8334098,51.3025929],[3.8334228,51.3025539],[3.8334478,51.3025027],[3.833466,51.3024352],[3.8334715,51.3024126],[3.833498,51.3023238],[3.8334983,51.3023225],[3.8335,51.3023172],[3.8335313,51.3022323],[3.8335388,51.3022066],[3.8335746,51.3021421],[3.8335923,51.3020814],[3.8335984,51.302052],[3.8336079,51.3019805],[3.8336135,51.3019619],[3.8336358,51.3018944],[3.8336458,51.3018718],[3.8336495,51.3018628],[3.8337007,51.3017815],[3.8337119,51.3017318],[3.833723,51.3016914],[3.8337453,51.3016194],[3.8337512,51.3016013],[3.8337727,51.301536],[3.8337791,51.3015112],[3.8337844,51.3015035],[3.8338118,51.301421],[3.8338327,51.3013815],[3.8338573,51.3013308],[3.8338746,51.3012637],[3.8338822,51.3012407],[3.8338974,51.3011581],[3.8338992,51.3011506],[3.8339087,51.301123],[3.8339336,51.3010604],[3.8339405,51.3010395],[3.8339716,51.3009703],[3.8340105,51.3009036],[3.8340224,51.30088],[3.8340356,51.3007966],[3.8340371,51.3007899],[3.8340454,51.3007537],[3.8340597,51.3006999],[3.8340642,51.3006873],[3.8341313,51.3005533],[3.8341457,51.3005194],[3.8341647,51.300441],[3.8341686,51.3004293],[3.8341823,51.3003881],[3.8342003,51.3003392],[3.8342052,51.300324],[3.8342286,51.300249],[3.8342484,51.3002053],[3.8342721,51.3001588],[3.8342987,51.3000821],[3.8343023,51.3000687],[3.8343178,51.299979],[3.8343179,51.2999786],[3.8343183,51.2999779],[3.8343532,51.2998885],[3.8343814,51.2998472],[3.8343951,51.2997982],[3.8344092,51.2997384],[3.8344208,51.2997081],[3.8344396,51.2996279],[3.8344545,51.2995834],[3.8344712,51.2995279],[3.8344793,51.2995116],[3.8344999,51.2994378],[3.8345214,51.2993936],[3.8345391,51.2993476],[3.8345921,51.2992588],[3.8345927,51.2992573],[3.8345932,51.2992566],[3.8346026,51.2991673],[3.8346071,51.2991567],[3.8346484,51.2990771],[3.8346498,51.2990384],[3.8346685,51.298987],[3.8347013,51.2989144],[3.8347043,51.2988968],[3.8347279,51.2988388],[3.8347352,51.2988067],[3.8347457,51.298795],[3.8347809,51.2987164],[3.8347982,51.2986703],[3.8348138,51.2986263],[3.8348193,51.2985658],[3.834831,51.2985362],[3.8348567,51.2984509],[3.8348575,51.2984461],[3.8348627,51.298359],[3.8348628,51.2983562],[3.834863,51.2983559],[3.8349269,51.2982658],[3.8349318,51.2982208],[3.8349508,51.2981757],[3.8349885,51.2980935],[3.8349901,51.2980855],[3.8349972,51.297997],[3.8349978,51.2979955],[3.8349994,51.2979907],[3.8350299,51.2979053],[3.8350423,51.2978771],[3.8350669,51.2978152],[3.8350856,51.2977583],[3.8350992,51.297725],[3.8351224,51.2976438],[3.8351244,51.2976349],[3.8351359,51.2976078],[3.835175,51.2975446],[3.8351825,51.2975143],[3.8352106,51.2974544],[3.8352381,51.2973876],[3.8352449,51.2973643],[3.8352539,51.2972866],[3.8352596,51.2972743],[3.8352657,51.2971881],[3.8352664,51.2971843],[3.8352714,51.2971728],[3.8353051,51.2970941],[3.8353209,51.2970617],[3.8353417,51.2970039],[3.8353797,51.2969137],[3.8354063,51.296825],[3.8354066,51.2968236],[3.8354084,51.2968187],[3.8354477,51.2967334],[3.8354831,51.2966848],[3.8355064,51.296643],[3.8355193,51.2965706],[3.8355277,51.296553],[3.8355459,51.2964899],[3.8355512,51.2964629],[3.8355529,51.2964581],[3.8355629,51.2963729],[3.8355769,51.2963517],[3.8356043,51.2962826],[3.8356119,51.2962383],[3.8356277,51.2961926],[3.8356743,51.2961074],[3.8356762,51.2961023],[3.8356819,51.2960773],[3.8356954,51.2960122],[3.8356959,51.2960025],[3.8357179,51.2959221],[3.8357429,51.2958814],[3.8357584,51.2958319],[3.8358111,51.2957467],[3.8358147,51.2957416],[3.8358189,51.2957238],[3.8358377,51.2956515],[3.8358422,51.2956359],[3.8358555,51.2955615],[3.835875,51.2955238],[3.8358949,51.2954713],[3.8359175,51.2954056],[3.8359238,51.2953811],[3.8359368,51.2953023],[3.8359407,51.2952911],[3.8359539,51.2952597],[3.8359671,51.295201],[3.8359864,51.2951795],[3.8360064,51.2951108],[3.8360167,51.2950691],[3.836044,51.2950206],[3.8360571,51.2949523],[3.8360681,51.2949305],[3.8360907,51.2948984],[3.8361415,51.2948401],[3.8361547,51.2947987],[3.8361587,51.29475],[3.8361762,51.294694],[3.8361877,51.2946599],[3.8362077,51.2945828],[3.8362132,51.2945698],[3.8362275,51.2945314],[3.836239,51.2944797],[3.8362532,51.2944627],[3.8362683,51.2943895],[3.83627,51.2943609],[3.8362833,51.2942995],[3.8363273,51.2942332],[3.8363382,51.2942092],[3.8363638,51.2941396],[3.8363677,51.2941191],[3.8363691,51.2941155],[3.8363625,51.294066],[3.8363568,51.2940292],[3.8363394,51.2939526],[3.8363415,51.2939394],[3.836339,51.2938619],[3.8363409,51.2938495],[3.836358,51.2938189],[3.8363995,51.2937591],[3.8364518,51.2936986],[3.8364718,51.2936687],[3.836498,51.2936351],[3.8365371,51.2935783],[3.836581,51.2935248],[3.8366066,51.2934879],[3.8366375,51.2934158],[3.8366445,51.2933977],[3.8366445,51.293393],[3.8366499,51.2933077],[3.8366414,51.2932226],[3.8366397,51.2932179],[3.8366463,51.29321],[3.8366997,51.2931275],[3.8367379,51.2930603],[3.8367504,51.2930372],[3.8367349,51.2929712],[3.8367429,51.2929474],[3.8367473,51.2928723],[3.8367516,51.2928574],[3.8367592,51.2927737],[3.8367599,51.2927674],[3.8367688,51.2927485],[3.8368293,51.292677],[3.8368465,51.2926267],[3.8368761,51.2925867],[3.8369077,51.2924997],[3.8369085,51.2924966],[3.8369288,51.2924065],[3.8369416,51.2923839],[3.8369579,51.2923164],[3.8369628,51.2922793],[3.8369717,51.2922264],[3.8370287,51.2921461],[3.8370331,51.292136],[3.837043,51.2920558],[3.8370438,51.292046],[3.8370443,51.2920451],[3.8370832,51.2919558],[3.8370926,51.2919231],[3.8371023,51.2918657],[3.8371089,51.2918217],[3.837122,51.2917757],[3.8371647,51.2916949],[3.837169,51.2916854],[3.8371793,51.2916636],[3.8372249,51.2915951],[3.8372229,51.2915667],[3.8372414,51.2915051],[3.8372639,51.2914494],[3.8372782,51.2914149],[3.8373075,51.2913247],[3.8373162,51.2913055],[3.8373396,51.2912346],[3.8373523,51.2912108],[3.837368,51.2911445],[3.8373894,51.291096],[3.8374083,51.2910543],[3.8374527,51.2909645],[3.8374534,51.2909626],[3.8374755,51.2908739],[3.8374951,51.2908463],[3.8375096,51.2907838],[3.8375241,51.2907367],[3.8375472,51.2906936],[3.8375605,51.2906224],[3.837565,51.2906035],[3.8375895,51.2905595],[3.8376122,51.2905133],[3.8376322,51.2904855],[3.8376497,51.2904231],[3.8376505,51.2903735],[3.8376355,51.2903332],[3.8376333,51.2903029],[3.8376435,51.2902433],[3.8376493,51.2902016],[3.8376634,51.2901532],[3.837683,51.290089],[3.8376834,51.2900631],[3.837707,51.2899827],[3.837709,51.289973],[3.8377218,51.2899515],[3.837765,51.2898827],[3.8378409,51.2897922],[3.8378617,51.2897581],[3.8379062,51.2897018],[3.8379204,51.2896638],[3.8379518,51.2896116],[3.8379789,51.2895354],[3.8379819,51.2895215],[3.8379997,51.2894605],[3.838007,51.2894314],[3.8380172,51.2894198],[3.838071,51.289341],[3.8380999,51.2892758],[3.838113,51.2892508],[3.8381021,51.2891834],[3.8381077,51.2891609],[3.8381366,51.2891015],[3.8381579,51.2890706],[3.8381682,51.2890501],[3.8382052,51.2889803],[3.8382313,51.2889186],[3.8382481,51.2888901],[3.8382599,51.2888094],[3.8382624,51.2888001],[3.8382741,51.2887774],[3.8383064,51.2887098],[3.8383363,51.2886694],[3.8383639,51.2886195],[3.8383879,51.2885453],[3.8383944,51.2885294],[3.8384114,51.2884436],[3.8384121,51.2884393],[3.8384124,51.2884386],[3.8384479,51.2883491],[3.8384568,51.2883192],[3.8384835,51.288259],[3.8385099,51.2881688],[3.8385337,51.2880879],[3.8385367,51.2880787],[3.8385478,51.2880612],[3.8386002,51.2879884],[3.8386166,51.2879438],[3.8386391,51.2878982],[3.8386688,51.2878194],[3.8386719,51.287808],[3.8386859,51.2877666],[3.8387009,51.2877179],[3.8387045,51.2877055],[3.8387445,51.2876276],[3.8387678,51.2875739],[3.8387801,51.2875374],[3.8388137,51.2874535],[3.838816,51.2874473],[3.8388233,51.2874359],[3.8388686,51.287357],[3.8388817,51.2873189],[3.8389004,51.2872668],[3.8389619,51.2871767],[3.8389621,51.2871765],[3.8389622,51.2871763],[3.8389905,51.2870863],[3.8390066,51.2870569],[3.8390354,51.2869961],[3.839055,51.2869349],[3.8390639,51.286906],[3.8390967,51.2868171],[3.839097,51.2868158],[3.8390987,51.2868125],[3.8391447,51.2867255],[3.8391533,51.2866898],[3.8391807,51.2866354],[3.839196,51.2865715],[3.8392024,51.2865453],[3.8392364,51.2864967],[3.8392696,51.2864549],[3.8392756,51.2864294],[3.8392971,51.2863647],[3.839337,51.2862745],[3.8393636,51.286191],[3.8393649,51.2861844],[3.8393736,51.2861598],[3.8393986,51.2860943],[3.839403,51.2860748],[3.83944,51.286004],[3.8394618,51.2859461],[3.8394729,51.2859139],[3.8394941,51.2858345],[3.8394961,51.2858238],[3.8395104,51.2857969],[3.8395529,51.2857335],[3.8395691,51.2856954],[3.8396051,51.2856432],[3.8396035,51.2856137],[3.8395895,51.2855533],[3.8395886,51.285501],[3.8395922,51.2854634],[3.8396467,51.285409],[3.8396984,51.2853727],[3.8397076,51.2853336],[3.8397324,51.2852826],[3.8397658,51.2852053],[3.8397696,51.2851924],[3.8397856,51.2851626],[3.839829,51.285102],[3.8398356,51.2850695],[3.8398657,51.2850118],[3.8398858,51.2849464],[3.8398925,51.2849217],[3.839908,51.2848412],[3.8399105,51.2848317],[3.8399226,51.28481],[3.8399675,51.2847413],[3.8399811,51.2847033],[3.8400044,51.2846511],[3.8400078,51.2845952],[3.8400177,51.2845611],[3.8400339,51.2844875],[3.8400374,51.2844711],[3.840059,51.2844292],[3.8400909,51.2843808],[3.8400976,51.2843556],[3.8401265,51.2842906],[3.8401356,51.2842404],[3.8401478,51.2842005],[3.8401647,51.2841307],[3.8401687,51.2841104],[3.8401955,51.2840511],[3.8402149,51.2840202],[3.8402179,51.2840056],[3.8402548,51.28393],[3.8402764,51.2838771],[3.8402912,51.2838398],[3.8402943,51.2837747],[3.8402991,51.2837498],[3.840332,51.2836748],[3.840341,51.2836596],[3.8403415,51.2836534],[3.8403884,51.2835693],[3.840399,51.2835255],[3.8404113,51.2834792],[3.8404199,51.2834212],[3.8404225,51.2833892],[3.8404487,51.2833118],[3.8404514,51.2832991],[3.840468,51.2832685],[3.8404973,51.2832088],[3.8405015,51.2831869],[3.8405396,51.2830715],[3.8405481,51.2830286],[3.8405657,51.2829638],[3.8405713,51.2829385],[3.8406041,51.2828651],[3.8406131,51.2828483],[3.8406144,51.2828415],[3.8406507,51.2827581],[3.8406569,51.2827233],[3.8406712,51.2826681],[3.840689,51.2826118],[3.8406962,51.282578],[3.8407113,51.2825065],[3.8407153,51.2824879],[3.8407396,51.2824381],[3.8407665,51.2823976],[3.8407828,51.2823697],[3.8408171,51.2823073],[3.8408799,51.2822688],[3.8409345,51.2822166],[3.8409711,51.2821578],[3.8409722,51.2821264],[3.8410197,51.2820714],[3.8411187,51.2820631],[3.8411629,51.2820609],[3.8412422,51.282084],[3.8413071,51.282102],[3.8413722,51.2820747],[3.8414113,51.2820818]]},"properties":{"rawObjectClass":"DEPCNT","VALDCO":6.5,"depthDatum":"Approximate LAT","depthDatumCode":42,"depthDatumStatus":"VERIFIED_FROM_OFFICIAL_DOCUMENTATION","verticalDatum":"Local Datum","verticalDatumCode":24,"napIdentityStatus":"UNVERIFIED","sourceKind":"official","sourceCellId":"1R7687LI","sourceStableId":"1F2B6A429E1C7569","sourceChecksum":"15df29d0ae5fbc875483ea2addc2d4e6c9148a876bdf65f0adfc75742fe31c47","pipelineFeatureId":"1R7687LI/DEPCNT/1280474584","provenance":{"cellId":"1R7687LI","checksum":"15df29d0ae5fbc875483ea2addc2d4e6c9148a876bdf65f0adfc75742fe31c47","readerVersion":"GDAL 3.2.2","processedAt":"2026-08-11T13:43:44.753Z"},"sourceProperties":{"RCID":1280474584,"PRIM":2,"GRUP":2,"OBJL":43,"RVER":1,"AGEN":7979,"FIDN":1782750748,"FIDS":30057,"LNAM":"1F2B6A429E1C7569","VALDCO":6.5,"SCAMIN":15000,"sourceCellId":"1R7687LI","sourceChecksum":"15df29d0ae5fbc875483ea2addc2d4e6c9148a876bdf65f0adfc75742fe31c47","rawObjectClass":"DEPCNT","sourceStableId":"1F2B6A429E1C7569"}}},{"type":"Feature","geometry":{"type":"LineString","coordinates":[[3.8308616,51.3168164],[3.8308714,51.3168053],[3.8308112,51.3167291],[3.8308772,51.3166466],[3.8308848,51.3166387],[3.8308895,51.316635],[3.8309354,51.3165484],[3.83103,51.3164667],[3.8310391,51.3164577],[3.8310485,51.3164458],[3.831134,51.3163671],[3.8311713,51.316345],[3.8312976,51.3162861],[3.8313136,51.3162792],[3.8313193,51.3162759],[3.8314558,51.3162103],[3.8315111,51.3161846],[3.8315982,51.3161491],[3.8317096,51.3160933],[3.8317404,51.3160765],[3.8318717,51.3160022],[3.8318824,51.3159948],[3.8319949,51.3159114],[3.8319453,51.3158628],[3.8319834,51.3158216],[3.831962,51.3157841],[3.8320121,51.3157314],[3.8319933,51.3157143],[3.8319191,51.3156422],[3.8320182,51.3155702],[3.8320476,51.3155514],[3.8320173,51.3155186],[3.8319781,51.3154619],[3.8319749,51.3154578]]},"properties":{"rawObjectClass":"DEPCNT","VALDCO":6.5,"depthDatum":"Approximate LAT","depthDatumCode":42,"depthDatumStatus":"VERIFIED_FROM_OFFICIAL_DOCUMENTATION","verticalDatum":"Local Datum","verticalDatumCode":24,"napIdentityStatus":"UNVERIFIED","sourceKind":"official","sourceCellId":"1R7687LI","sourceStableId":"1F2B6A429E1C756A","sourceChecksum":"15df29d0ae5fbc875483ea2addc2d4e6c9148a876bdf65f0adfc75742fe31c47","pipelineFeatureId":"1R7687LI/DEPCNT/1280474585","provenance":{"cellId":"1R7687LI","checksum":"15df29d0ae5fbc875483ea2addc2d4e6c9148a876bdf65f0adfc75742fe31c47","readerVersion":"GDAL 3.2.2","processedAt":"2026-08-11T13:43:44.753Z"},"sourceProperties":{"RCID":1280474585,"PRIM":2,"GRUP":2,"OBJL":43,"RVER":1,"AGEN":7979,"FIDN":1782750748,"FIDS":30058,"LNAM":"1F2B6A429E1C756A","VALDCO":6.5,"SCAMIN":15000,"sourceCellId":"1R7687LI","sourceChecksum":"15df29d0ae5fbc875483ea2addc2d4e6c9148a876bdf65f0adfc75742fe31c47","rawObjectClass":"DEPCNT","sourceStableId":"1F2B6A429E1C756A"}}},{"type":"Feature","geometry":{"type":"LineString","coordinates":[[3.8344695,51.2931509],[3.8344814,51.2931558],[3.8345306,51.2931736],[3.834551,51.2931429],[3.8345532,51.2930972],[3.8345686,51.2930528],[3.8345672,51.2930182],[3.834562,51.2929629],[3.83462,51.2928895],[3.8346354,51.2928725],[3.8346669,51.2928424],[3.8347283,51.2927819],[3.8347608,51.2927442],[3.8349027,51.2926907],[3.8348526,51.2926323],[3.8348678,51.2926011],[3.8348475,51.2925677],[3.8348361,51.2925114],[3.8347554,51.2924479],[3.8347281,51.2924393]]},"properties":{"rawObjectClass":"DEPCNT","VALDCO":6.5,"depthDatum":"Approximate LAT","depthDatumCode":42,"depthDatumStatus":"VERIFIED_FROM_OFFICIAL_DOCUMENTATION","verticalDatum":"Local Datum","verticalDatumCode":24,"napIdentityStatus":"UNVERIFIED","sourceKind":"official","sourceCellId":"1R7687LI","sourceStableId":"1F2B6A429E1C756B","sourceChecksum":"15df29d0ae5fbc875483ea2addc2d4e6c9148a876bdf65f0adfc75742fe31c47","pipelineFeatureId":"1R7687LI/DEPCNT/1280474586","provenance":{"cellId":"1R7687LI","checksum":"15df29d0ae5fbc875483ea2addc2d4e6c9148a876bdf65f0adfc75742fe31c47","readerVersion":"GDAL 3.2.2","processedAt":"2026-08-11T13:43:44.753Z"},"sourceProperties":{"RCID":1280474586,"PRIM":2,"GRUP":2,"OBJL":43,"RVER":1,"AGEN":7979,"FIDN":1782750748,"FIDS":30059,"LNAM":"1F2B6A429E1C756B","VALDCO":6.5,"SCAMIN":15000,"sourceCellId":"1R7687LI","sourceChecksum":"15df29d0ae5fbc875483ea2addc2d4e6c9148a876bdf65f0adfc75742fe31c47","rawObjectClass":"DEPCNT","sourceStableId":"1F2B6A429E1C756B"}}},{"type":"Feature","geometry":{"type":"LineString","coordinates":[[3.8254702,51.325],[3.8254839,51.3249497],[3.8255848,51.3248829],[3.8256155,51.3248588],[3.8256878,51.3247928],[3.8257,51.3247683],[3.8257261,51.324759],[3.8257445,51.3247565],[3.825869,51.3247245],[3.8259372,51.3246767],[3.8259547,51.3246218],[3.8259646,51.3245866],[3.8259604,51.3245271],[3.8259656,51.3244329],[3.8259667,51.3244068],[3.8260064,51.3243824],[3.8261188,51.3243219]]},"properties":{"rawObjectClass":"DEPCNT","VALDCO":6.5,"depthDatum":"Approximate LAT","depthDatumCode":42,"depthDatumStatus":"VERIFIED_FROM_OFFICIAL_DOCUMENTATION","verticalDatum":"Local Datum","verticalDatumCode":24,"napIdentityStatus":"UNVERIFIED","sourceKind":"official","sourceCellId":"1R7687LI","sourceStableId":"1F2B6A429E1C756C","sourceChecksum":"15df29d0ae5fbc875483ea2addc2d4e6c9148a876bdf65f0adfc75742fe31c47","pipelineFeatureId":"1R7687LI/DEPCNT/1280474587","provenance":{"cellId":"1R7687LI","checksum":"15df29d0ae5fbc875483ea2addc2d4e6c9148a876bdf65f0adfc75742fe31c47","readerVersion":"GDAL 3.2.2","processedAt":"2026-08-11T13:43:44.753Z"},"sourceProperties":{"RCID":1280474587,"PRIM":2,"GRUP":2,"OBJL":43,"RVER":1,"AGEN":7979,"FIDN":1782750748,"FIDS":30060,"LNAM":"1F2B6A429E1C756C","VALDCO":6.5,"SCAMIN":15000,"sourceCellId":"1R7687LI","sourceChecksum":"15df29d0ae5fbc875483ea2addc2d4e6c9148a876bdf65f0adfc75742fe31c47","rawObjectClass":"DEPCNT","sourceStableId":"1F2B6A429E1C756C"}}},{"type":"Feature","geometry":{"type":"LineString","coordinates":[[3.8188814,51.3236564],[3.818961,51.3236537],[3.819086,51.3237357],[3.8191063,51.3237506],[3.8192271,51.3238246],[3.8192322,51.3238366],[3.8192052,51.3239147],[3.819157,51.3239757],[3.8191377,51.3240051],[3.8191112,51.3240266],[3.8190409,51.3240957],[3.8189696,51.3241329],[3.8189112,51.3241332],[3.8188261,51.3241354],[3.8187112,51.3241161],[3.8186822,51.3241152],[3.8185837,51.3240989],[3.8185587,51.3240799]]},"properties":{"rawObjectClass":"DEPCNT","VALDCO":6.5,"depthDatum":"Approximate LAT","depthDatumCode":42,"depthDatumStatus":"VERIFIED_FROM_OFFICIAL_DOCUMENTATION","verticalDatum":"Local Datum","verticalDatumCode":24,"napIdentityStatus":"UNVERIFIED","sourceKind":"official","sourceCellId":"1R7687LI","sourceStableId":"1F2B6A429E1C756D","sourceChecksum":"15df29d0ae5fbc875483ea2addc2d4e6c9148a876bdf65f0adfc75742fe31c47","pipelineFeatureId":"1R7687LI/DEPCNT/1280474589","provenance":{"cellId":"1R7687LI","checksum":"15df29d0ae5fbc875483ea2addc2d4e6c9148a876bdf65f0adfc75742fe31c47","readerVersion":"GDAL 3.2.2","processedAt":"2026-08-11T13:43:44.753Z"},"sourceProperties":{"RCID":1280474589,"PRIM":2,"GRUP":2,"OBJL":43,"RVER":1,"AGEN":7979,"FIDN":1782750748,"FIDS":30061,"LNAM":"1F2B6A429E1C756D","VALDCO":6.5,"SCAMIN":15000,"sourceCellId":"1R7687LI","sourceChecksum":"15df29d0ae5fbc875483ea2addc2d4e6c9148a876bdf65f0adfc75742fe31c47","rawObjectClass":"DEPCNT","sourceStableId":"1F2B6A429E1C756D"}}},{"type":"Feature","geometry":{"type":"LineString","coordinates":[[3.8288926,51.3189685],[3.8289229,51.3189799],[3.8289399,51.3189798],[3.8289312,51.3189905],[3.8289231,51.3189929],[3.8288161,51.3190812],[3.8287816,51.3191012],[3.828668,51.319154],[3.828639,51.3191526],[3.8285722,51.3191729],[3.828496,51.3191797],[3.8284558,51.3191991],[3.8284647,51.3191736],[3.8284579,51.3191688]]},"properties":{"rawObjectClass":"DEPCNT","VALDCO":6.5,"depthDatum":"Approximate LAT","depthDatumCode":42,"depthDatumStatus":"VERIFIED_FROM_OFFICIAL_DOCUMENTATION","verticalDatum":"Local Datum","verticalDatumCode":24,"napIdentityStatus":"UNVERIFIED","sourceKind":"official","sourceCellId":"1R7687LI","sourceStableId":"1F2B6A429E1C756E","sourceChecksum":"15df29d0ae5fbc875483ea2addc2d4e6c9148a876bdf65f0adfc75742fe31c47","pipelineFeatureId":"1R7687LI/DEPCNT/1280474590","provenance":{"cellId":"1R7687LI","checksum":"15df29d0ae5fbc875483ea2addc2d4e6c9148a876bdf65f0adfc75742fe31c47","readerVersion":"GDAL 3.2.2","processedAt":"2026-08-11T13:43:44.753Z"},"sourceProperties":{"RCID":1280474590,"PRIM":2,"GRUP":2,"OBJL":43,"RVER":1,"AGEN":7979,"FIDN":1782750748,"FIDS":30062,"LNAM":"1F2B6A429E1C756E","VALDCO":6.5,"SCAMIN":15000,"sourceCellId":"1R7687LI","sourceChecksum":"15df29d0ae5fbc875483ea2addc2d4e6c9148a876bdf65f0adfc75742fe31c47","rawObjectClass":"DEPCNT","sourceStableId":"1F2B6A429E1C756E"}}},{"type":"Feature","geometry":{"type":"LineString","coordinates":[[3.8318088,51.3155349],[3.8318076,51.3155531],[3.831732,51.3156142],[3.8315932,51.3156445],[3.8315891,51.3156459],[3.8314484,51.3157355],[3.8314473,51.3157358],[3.8313474,51.3158261],[3.831306,51.3158594],[3.8311786,51.3159172],[3.8311638,51.31593],[3.8311417,51.3159314],[3.8310209,51.3159612],[3.8309507,51.3160087],[3.8308788,51.3160401],[3.8307517,51.3161001],[3.8307365,51.316108],[3.8306702,51.3161426],[3.8305941,51.3161644],[3.830532,51.3161916],[3.8304512,51.3162015],[3.8303629,51.3162487],[3.8303685,51.3162036]]},"properties":{"rawObjectClass":"DEPCNT","VALDCO":6.5,"depthDatum":"Approximate LAT","depthDatumCode":42,"depthDatumStatus":"VERIFIED_FROM_OFFICIAL_DOCUMENTATION","verticalDatum":"Local Datum","verticalDatumCode":24,"napIdentityStatus":"UNVERIFIED","sourceKind":"official","sourceCellId":"1R7687LI","sourceStableId":"1F2B6A429E1C756F","sourceChecksum":"15df29d0ae5fbc875483ea2addc2d4e6c9148a876bdf65f0adfc75742fe31c47","pipelineFeatureId":"1R7687LI/DEPCNT/1280474591","provenance":{"cellId":"1R7687LI","checksum":"15df29d0ae5fbc875483ea2addc2d4e6c9148a876bdf65f0adfc75742fe31c47","readerVersion":"GDAL 3.2.2","processedAt":"2026-08-11T13:43:44.753Z"},"sourceProperties":{"RCID":1280474591,"PRIM":2,"GRUP":2,"OBJL":43,"RVER":1,"AGEN":7979,"FIDN":1782750748,"FIDS":30063,"LNAM":"1F2B6A429E1C756F","VALDCO":6.5,"SCAMIN":15000,"sourceCellId":"1R7687LI","sourceChecksum":"15df29d0ae5fbc875483ea2addc2d4e6c9148a876bdf65f0adfc75742fe31c47","rawObjectClass":"DEPCNT","sourceStableId":"1F2B6A429E1C756F"}}},{"type":"Feature","geometry":{"type":"LineString","coordinates":[[3.8312943,51.3157738],[3.8313045,51.3157746],[3.8314457,51.3157355],[3.8314122,51.3157191]]},"properties":{"rawObjectClass":"DEPCNT","VALDCO":6.5,"depthDatum":"Approximate LAT","depthDatumCode":42,"depthDatumStatus":"VERIFIED_FROM_OFFICIAL_DOCUMENTATION","verticalDatum":"Local Datum","verticalDatumCode":24,"napIdentityStatus":"UNVERIFIED","sourceKind":"official","sourceCellId":"1R7687LI","sourceStableId":"1F2B6A429E1C7570","sourceChecksum":"15df29d0ae5fbc875483ea2addc2d4e6c9148a876bdf65f0adfc75742fe31c47","pipelineFeatureId":"1R7687LI/DEPCNT/1280474592","provenance":{"cellId":"1R7687LI","checksum":"15df29d0ae5fbc875483ea2addc2d4e6c9148a876bdf65f0adfc75742fe31c47","readerVersion":"GDAL 3.2.2","processedAt":"2026-08-11T13:43:44.753Z"},"sourceProperties":{"RCID":1280474592,"PRIM":2,"GRUP":2,"OBJL":43,"RVER":1,"AGEN":7979,"FIDN":1782750748,"FIDS":30064,"LNAM":"1F2B6A429E1C7570","VALDCO":6.5,"SCAMIN":15000,"sourceCellId":"1R7687LI","sourceChecksum":"15df29d0ae5fbc875483ea2addc2d4e6c9148a876bdf65f0adfc75742fe31c47","rawObjectClass":"DEPCNT","sourceStableId":"1F2B6A429E1C7570"}}},{"type":"Feature","geometry":{"type":"LineString","coordinates":[[3.8303316,51.3170605],[3.8303232,51.3170593],[3.8301915,51.3170862],[3.8301802,51.3170842],[3.8301531,51.3170935],[3.8300379,51.3171537],[3.8300048,51.3170945],[3.8300366,51.3170782],[3.8301339,51.3170037],[3.8301576,51.316926],[3.8301669,51.3169135],[3.830177,51.3169081],[3.8301949,51.3169021],[3.83032,51.316881],[3.8304353,51.3168938],[3.8304637,51.31689],[3.8305174,51.316911],[3.8305569,51.3169429]]},"properties":{"rawObjectClass":"DEPCNT","VALDCO":6.5,"depthDatum":"Approximate LAT","depthDatumCode":42,"depthDatumStatus":"VERIFIED_FROM_OFFICIAL_DOCUMENTATION","verticalDatum":"Local Datum","verticalDatumCode":24,"napIdentityStatus":"UNVERIFIED","sourceKind":"official","sourceCellId":"1R7687LI","sourceStableId":"1F2B6A429E1C7571","sourceChecksum":"15df29d0ae5fbc875483ea2addc2d4e6c9148a876bdf65f0adfc75742fe31c47","pipelineFeatureId":"1R7687LI/DEPCNT/1280474593","provenance":{"cellId":"1R7687LI","checksum":"15df29d0ae5fbc875483ea2addc2d4e6c9148a876bdf65f0adfc75742fe31c47","readerVersion":"GDAL 3.2.2","processedAt":"2026-08-11T13:43:44.753Z"},"sourceProperties":{"RCID":1280474593,"PRIM":2,"GRUP":2,"OBJL":43,"RVER":1,"AGEN":7979,"FIDN":1782750748,"FIDS":30065,"LNAM":"1F2B6A429E1C7571","VALDCO":6.5,"SCAMIN":15000,"sourceCellId":"1R7687LI","sourceChecksum":"15df29d0ae5fbc875483ea2addc2d4e6c9148a876bdf65f0adfc75742fe31c47","rawObjectClass":"DEPCNT","sourceStableId":"1F2B6A429E1C7571"}}},{"type":"Feature","geometry":{"type":"LineString","coordinates":[[3.8327132,51.315115],[3.8327275,51.3151167],[3.8327809,51.3150965],[3.8327934,51.3150778]]},"properties":{"rawObjectClass":"DEPCNT","VALDCO":6.5,"depthDatum":"Approximate LAT","depthDatumCode":42,"depthDatumStatus":"VERIFIED_FROM_OFFICIAL_DOCUMENTATION","verticalDatum":"Local Datum","verticalDatumCode":24,"napIdentityStatus":"UNVERIFIED","sourceKind":"official","sourceCellId":"1R7687LI","sourceStableId":"1F2B6A429E1C7572","sourceChecksum":"15df29d0ae5fbc875483ea2addc2d4e6c9148a876bdf65f0adfc75742fe31c47","pipelineFeatureId":"1R7687LI/DEPCNT/1280474595","provenance":{"cellId":"1R7687LI","checksum":"15df29d0ae5fbc875483ea2addc2d4e6c9148a876bdf65f0adfc75742fe31c47","readerVersion":"GDAL 3.2.2","processedAt":"2026-08-11T13:43:44.753Z"},"sourceProperties":{"RCID":1280474595,"PRIM":2,"GRUP":2,"OBJL":43,"RVER":1,"AGEN":7979,"FIDN":1782750748,"FIDS":30066,"LNAM":"1F2B6A429E1C7572","VALDCO":6.5,"SCAMIN":15000,"sourceCellId":"1R7687LI","sourceChecksum":"15df29d0ae5fbc875483ea2addc2d4e6c9148a876bdf65f0adfc75742fe31c47","rawObjectClass":"DEPCNT","sourceStableId":"1F2B6A429E1C7572"}}},{"type":"Feature","geometry":{"type":"LineString","coordinates":[[3.8301138,51.3163218],[3.8301514,51.3163741],[3.8300244,51.3164062],[3.8299532,51.3164654],[3.8298828,51.3165082],[3.829809,51.3165564],[3.829741,51.3166032],[3.8296097,51.3166477],[3.8295984,51.316651],[3.8295853,51.3166562],[3.829456,51.3167111],[3.8294119,51.316739],[3.8293135,51.3167676],[3.8292273,51.3167947],[3.8291701,51.3167748],[3.8291533,51.3167677]]},"properties":{"rawObjectClass":"DEPCNT","VALDCO":6.5,"depthDatum":"Approximate LAT","depthDatumCode":42,"depthDatumStatus":"VERIFIED_FROM_OFFICIAL_DOCUMENTATION","verticalDatum":"Local Datum","verticalDatumCode":24,"napIdentityStatus":"UNVERIFIED","sourceKind":"official","sourceCellId":"1R7687LI","sourceStableId":"1F2B6A429E1C7573","sourceChecksum":"15df29d0ae5fbc875483ea2addc2d4e6c9148a876bdf65f0adfc75742fe31c47","pipelineFeatureId":"1R7687LI/DEPCNT/1280474596","provenance":{"cellId":"1R7687LI","checksum":"15df29d0ae5fbc875483ea2addc2d4e6c9148a876bdf65f0adfc75742fe31c47","readerVersion":"GDAL 3.2.2","processedAt":"2026-08-11T13:43:44.753Z"},"sourceProperties":{"RCID":1280474596,"PRIM":2,"GRUP":2,"OBJL":43,"RVER":1,"AGEN":7979,"FIDN":1782750748,"FIDS":30067,"LNAM":"1F2B6A429E1C7573","VALDCO":6.5,"SCAMIN":15000,"sourceCellId":"1R7687LI","sourceChecksum":"15df29d0ae5fbc875483ea2addc2d4e6c9148a876bdf65f0adfc75742fe31c47","rawObjectClass":"DEPCNT","sourceStableId":"1F2B6A429E1C7573"}}},{"type":"Feature","geometry":{"type":"LineString","coordinates":[[3.8294715,51.3174568],[3.8294713,51.3174568],[3.8294694,51.3174562],[3.8294024,51.3173686],[3.8294498,51.3172887],[3.8294526,51.3172783],[3.8294661,51.3172731],[3.8294822,51.3172679],[3.8296091,51.3172453],[3.829681,51.3172767],[3.8297098,51.317304],[3.8296763,51.3173624]]},"properties":{"rawObjectClass":"DEPCNT","VALDCO":6.5,"depthDatum":"Approximate LAT","depthDatumCode":42,"depthDatumStatus":"VERIFIED_FROM_OFFICIAL_DOCUMENTATION","verticalDatum":"Local Datum","verticalDatumCode":24,"napIdentityStatus":"UNVERIFIED","sourceKind":"official","sourceCellId":"1R7687LI","sourceStableId":"1F2B6A429E1C7574","sourceChecksum":"15df29d0ae5fbc875483ea2addc2d4e6c9148a876bdf65f0adfc75742fe31c47","pipelineFeatureId":"1R7687LI/DEPCNT/1280474598","provenance":{"cellId":"1R7687LI","checksum":"15df29d0ae5fbc875483ea2addc2d4e6c9148a876bdf65f0adfc75742fe31c47","readerVersion":"GDAL 3.2.2","processedAt":"2026-08-11T13:43:44.753Z"},"sourceProperties":{"RCID":1280474598,"PRIM":2,"GRUP":2,"OBJL":43,"RVER":1,"AGEN":7979,"FIDN":1782750748,"FIDS":30068,"LNAM":"1F2B6A429E1C7574","VALDCO":6.5,"SCAMIN":15000,"sourceCellId":"1R7687LI","sourceChecksum":"15df29d0ae5fbc875483ea2addc2d4e6c9148a876bdf65f0adfc75742fe31c47","rawObjectClass":"DEPCNT","sourceStableId":"1F2B6A429E1C7574"}}},{"type":"Feature","geometry":{"type":"LineString","coordinates":[[3.8227685,51.3187188],[3.8228186,51.3187184],[3.8228917,51.3187471],[3.8229093,51.3187522],[3.8229022,51.3187632],[3.8228922,51.3187768],[3.822789,51.318854],[3.8228093,51.3189072],[3.8227827,51.3189439],[3.8227522,51.3189713],[3.8226828,51.3189883],[3.8226085,51.3189624],[3.822566,51.3189744]]},"properties":{"rawObjectClass":"DEPCNT","VALDCO":6.5,"depthDatum":"Approximate LAT","depthDatumCode":42,"depthDatumStatus":"VERIFIED_FROM_OFFICIAL_DOCUMENTATION","verticalDatum":"Local Datum","verticalDatumCode":24,"napIdentityStatus":"UNVERIFIED","sourceKind":"official","sourceCellId":"1R7687LI","sourceStableId":"1F2B6A429E1C7575","sourceChecksum":"15df29d0ae5fbc875483ea2addc2d4e6c9148a876bdf65f0adfc75742fe31c47","pipelineFeatureId":"1R7687LI/DEPCNT/1280474599","provenance":{"cellId":"1R7687LI","checksum":"15df29d0ae5fbc875483ea2addc2d4e6c9148a876bdf65f0adfc75742fe31c47","readerVersion":"GDAL 3.2.2","processedAt":"2026-08-11T13:43:44.753Z"},"sourceProperties":{"RCID":1280474599,"PRIM":2,"GRUP":2,"OBJL":43,"RVER":1,"AGEN":7979,"FIDN":1782750748,"FIDS":30069,"LNAM":"1F2B6A429E1C7575","VALDCO":6.5,"SCAMIN":15000,"sourceCellId":"1R7687LI","sourceChecksum":"15df29d0ae5fbc875483ea2addc2d4e6c9148a876bdf65f0adfc75742fe31c47","rawObjectClass":"DEPCNT","sourceStableId":"1F2B6A429E1C7575"}}},{"type":"Feature","geometry":{"type":"LineString","coordinates":[[3.8217834,51.3199621],[3.8218737,51.3200294],[3.821911,51.3200809],[3.8219435,51.3201188],[3.8219121,51.3201407],[3.8218401,51.3201649],[3.8217697,51.3202024],[3.8216595,51.320129]]},"properties":{"rawObjectClass":"DEPCNT","VALDCO":6.5,"depthDatum":"Approximate LAT","depthDatumCode":42,"depthDatumStatus":"VERIFIED_FROM_OFFICIAL_DOCUMENTATION","verticalDatum":"Local Datum","verticalDatumCode":24,"napIdentityStatus":"UNVERIFIED","sourceKind":"official","sourceCellId":"1R7687LI","sourceStableId":"1F2B6A429E1C7576","sourceChecksum":"15df29d0ae5fbc875483ea2addc2d4e6c9148a876bdf65f0adfc75742fe31c47","pipelineFeatureId":"1R7687LI/DEPCNT/1280474600","provenance":{"cellId":"1R7687LI","checksum":"15df29d0ae5fbc875483ea2addc2d4e6c9148a876bdf65f0adfc75742fe31c47","readerVersion":"GDAL 3.2.2","processedAt":"2026-08-11T13:43:44.753Z"},"sourceProperties":{"RCID":1280474600,"PRIM":2,"GRUP":2,"OBJL":43,"RVER":1,"AGEN":7979,"FIDN":1782750748,"FIDS":30070,"LNAM":"1F2B6A429E1C7576","VALDCO":6.5,"SCAMIN":15000,"sourceCellId":"1R7687LI","sourceChecksum":"15df29d0ae5fbc875483ea2addc2d4e6c9148a876bdf65f0adfc75742fe31c47","rawObjectClass":"DEPCNT","sourceStableId":"1F2B6A429E1C7576"}}},{"type":"Feature","geometry":{"type":"LineString","coordinates":[[3.8321972,51.30761],[3.8321608,51.3075902],[3.8320961,51.3075479],[3.8320959,51.3074977],[3.8321073,51.3074579],[3.8321577,51.3074177],[3.8322685,51.3073669],[3.8323001,51.3073579],[3.8323145,51.3073575],[3.8323583,51.3073576]]},"properties":{"rawObjectClass":"DEPCNT","VALDCO":6,"depthDatum":"Approximate LAT","depthDatumCode":42,"depthDatumStatus":"VERIFIED_FROM_OFFICIAL_DOCUMENTATION","verticalDatum":"Local Datum","verticalDatumCode":24,"napIdentityStatus":"UNVERIFIED","sourceKind":"official","sourceCellId":"1R7687LI","sourceStableId":"1F2B6A429E1C7577","sourceChecksum":"15df29d0ae5fbc875483ea2addc2d4e6c9148a876bdf65f0adfc75742fe31c47","pipelineFeatureId":"1R7687LI/DEPCNT/1280474601","provenance":{"cellId":"1R7687LI","checksum":"15df29d0ae5fbc875483ea2addc2d4e6c9148a876bdf65f0adfc75742fe31c47","readerVersion":"GDAL 3.2.2","processedAt":"2026-08-11T13:43:44.753Z"},"sourceProperties":{"RCID":1280474601,"PRIM":2,"GRUP":2,"OBJL":43,"RVER":1,"AGEN":7979,"FIDN":1782750748,"FIDS":30071,"LNAM":"1F2B6A429E1C7577","VALDCO":6,"SCAMIN":15000,"sourceCellId":"1R7687LI","sourceChecksum":"15df29d0ae5fbc875483ea2addc2d4e6c9148a876bdf65f0adfc75742fe31c47","rawObjectClass":"DEPCNT","sourceStableId":"1F2B6A429E1C7577"}}},{"type":"Feature","geometry":{"type":"LineString","coordinates":[[3.8356189,51.3029237],[3.8356628,51.302929],[3.8356869,51.3029363],[3.8356979,51.3029579],[3.8356638,51.3029853],[3.8356425,51.3030266],[3.8356334,51.3030437]]},"properties":{"rawObjectClass":"DEPCNT","VALDCO":6,"depthDatum":"Approximate LAT","depthDatumCode":42,"depthDatumStatus":"VERIFIED_FROM_OFFICIAL_DOCUMENTATION","verticalDatum":"Local Datum","verticalDatumCode":24,"napIdentityStatus":"UNVERIFIED","sourceKind":"official","sourceCellId":"1R7687LI","sourceStableId":"1F2B6A429E1C7578","sourceChecksum":"15df29d0ae5fbc875483ea2addc2d4e6c9148a876bdf65f0adfc75742fe31c47","pipelineFeatureId":"1R7687LI/DEPCNT/1280474603","provenance":{"cellId":"1R7687LI","checksum":"15df29d0ae5fbc875483ea2addc2d4e6c9148a876bdf65f0adfc75742fe31c47","readerVersion":"GDAL 3.2.2","processedAt":"2026-08-11T13:43:44.753Z"},"sourceProperties":{"RCID":1280474603,"PRIM":2,"GRUP":2,"OBJL":43,"RVER":1,"AGEN":7979,"FIDN":1782750748,"FIDS":30072,"LNAM":"1F2B6A429E1C7578","VALDCO":6,"SCAMIN":15000,"sourceCellId":"1R7687LI","sourceChecksum":"15df29d0ae5fbc875483ea2addc2d4e6c9148a876bdf65f0adfc75742fe31c47","rawObjectClass":"DEPCNT","sourceStableId":"1F2B6A429E1C7578"}}},{"type":"Feature","geometry":{"type":"LineString","coordinates":[[3.8376563,51.275],[3.8376729,51.2750461],[3.8377388,51.2751208],[3.837747,51.2751355],[3.8377549,51.2751453],[3.8378068,51.275225],[3.8378498,51.2752924],[3.8378582,51.2753146],[3.8378865,51.2753617],[3.8379047,51.2754041],[3.8379133,51.2754202],[3.8379484,51.2754938],[3.8379905,51.2755564],[3.8379897,51.2755834],[3.838035,51.2756422],[3.8380468,51.2756729],[3.8380531,51.2756837],[3.8380772,51.2757626],[3.8381027,51.275803],[3.8381228,51.2758522],[3.8381836,51.2759306],[3.8381898,51.2759416],[3.8381965,51.2759494],[3.8382354,51.2760312],[3.838325,51.2761172],[3.8383274,51.2761205],[3.8383305,51.276125],[3.8383571,51.2762102],[3.8383839,51.2762422],[3.8384072,51.2762998],[3.8384786,51.2763825],[3.8384817,51.2763892],[3.8384833,51.276392],[3.8385042,51.2764789],[3.8385165,51.2765013],[3.8385318,51.2765687],[3.8385675,51.2766214],[3.838572,51.2766583],[3.8386279,51.276708],[3.8386487,51.2767477],[3.8386686,51.2767723],[3.8386864,51.2768373],[3.8387384,51.276904],[3.838745,51.2769268],[3.838776,51.2769684],[3.8387944,51.2770164],[3.8388156,51.2770403],[3.8388446,51.277106],[3.8389075,51.2771855],[3.8389154,51.2771954],[3.8389245,51.277253],[3.8389277,51.2772852],[3.8389289,51.2772875],[3.8389708,51.2773748],[3.8390716,51.2774534],[3.8390812,51.2774639],[3.8390915,51.2774761],[3.8390994,51.2775537],[3.8391404,51.277595],[3.839177,51.2776431],[3.8392196,51.2777085],[3.8392262,51.2777327],[3.8392292,51.2777383],[3.8392554,51.2778224],[3.839269,51.2778516],[3.8392596,51.2779348],[3.8392827,51.278002],[3.8392969,51.2780466],[3.8393358,51.2780916],[3.8393591,51.2781736],[3.8393632,51.2781813],[3.8393719,51.2781974],[3.8394384,51.2782707],[3.8395036,51.2783511],[3.8395122,51.2783601],[3.8395184,51.2783714],[3.8395712,51.2784496],[3.8395705,51.278481],[3.8396045,51.2785393],[3.8396054,51.278577],[3.8395946,51.2786293],[3.8395962,51.2786739],[3.8395923,51.2787192],[3.8395734,51.2788093],[3.8395644,51.2788762],[3.8395652,51.2788992],[3.8395638,51.2789675],[3.8395641,51.2789892],[3.8395672,51.2790563],[3.8395658,51.2790791],[3.8395626,51.2791502],[3.8395608,51.279169],[3.8395575,51.2792445],[3.8395568,51.279259],[3.8395355,51.2793107],[3.8395176,51.2793492],[3.8395161,51.279362],[3.8395161,51.2794391],[3.8395127,51.2794551],[3.8394937,51.2795292],[3.8394887,51.2795615],[3.8394703,51.2796193],[3.8394634,51.2796687],[3.8394625,51.2797093],[3.8394435,51.2797724],[3.8394358,51.2797994],[3.8394172,51.2798803],[3.8394154,51.2798895],[3.839404,51.2799631],[3.8394012,51.2799795],[3.8394009,51.2799817],[3.8393828,51.2800695],[3.8393791,51.2800866],[3.8393619,51.2801596],[3.8393614,51.2802495],[3.8393516,51.2802862],[3.8393415,51.2803396],[3.8393276,51.2803926],[3.8393173,51.2804297],[3.8393164,51.2804907],[3.8393113,51.2805197],[3.8392888,51.2805994],[3.8392867,51.2806098],[3.8392732,51.2806485],[3.8392539,51.2806999],[3.8392526,51.2807136],[3.839239,51.28079],[3.8392321,51.2808177],[3.8392174,51.28088],[3.8391949,51.2809325],[3.8391603,51.2810457],[3.839155,51.2810603],[3.8391384,51.2811216],[3.8391317,51.2811504],[3.839129,51.2811567],[3.8390987,51.2812406],[3.8390905,51.2812724],[3.8390793,51.2813306],[3.8390551,51.2813861],[3.8390471,51.2814208],[3.8390162,51.281502],[3.8390139,51.281511],[3.8390106,51.2815965],[3.8390088,51.2816009],[3.839004,51.2816172],[3.838982,51.281691],[3.8389772,51.281709],[3.8389506,51.2817812],[3.8389358,51.2818265],[3.8389268,51.2818713],[3.8388977,51.2819419],[3.8388901,51.2819615],[3.8388679,51.2820133],[3.8388488,51.2820517],[3.8388145,51.2820862],[3.838779,51.2821421],[3.8387503,51.2822184],[3.8387409,51.2822323],[3.8387387,51.2823168],[3.8387363,51.2823222],[3.8387306,51.2823482],[3.8387194,51.2824123],[3.8387086,51.282427],[3.8386787,51.2825025],[3.8385911,51.2825602],[3.8385678,51.2825932],[3.8385927,51.2826524],[3.8386147,51.2826692],[3.8386059,51.2826829],[3.8386096,51.282693],[3.8385944,51.2827464],[3.8385889,51.2827729],[3.8385885,51.282777],[3.8385773,51.2828629],[3.8385603,51.2828861],[3.8385415,51.2829531],[3.838524,51.2830003],[3.8385071,51.2830433],[3.8384823,51.283118],[3.8384762,51.2831334],[3.8384589,51.2831761],[3.8384434,51.2832236],[3.8384418,51.283235],[3.8384187,51.2833137],[3.8383889,51.2833598],[3.8383741,51.2834039],[3.8383411,51.2834815],[3.8383359,51.2834941],[3.8383222,51.283544],[3.8383132,51.2835842],[3.8383124,51.2835909],[3.838292,51.2836743],[3.8382894,51.2836966],[3.8382721,51.2837643],[3.8382729,51.2837981],[3.8382616,51.2838543],[3.8382104,51.2839292],[3.8382091,51.2839446],[3.8381957,51.2840296],[3.8381948,51.2840347],[3.838188,51.2840479],[3.8381529,51.2841249],[3.8381311,51.284162],[3.8381097,51.2842151],[3.8380842,51.2842831],[3.8380738,51.2843053],[3.8380504,51.2843665],[3.8380394,51.2843955],[3.8380359,51.284405],[3.8380088,51.2844856],[3.8379857,51.2845282],[3.837969,51.2845758],[3.8379502,51.2846419],[3.8379441,51.2846659],[3.8379216,51.2847512],[3.8379199,51.284756],[3.8379145,51.2847781],[3.8378988,51.2848461],[3.8378864,51.2848647],[3.837857,51.2849363],[3.8378368,51.2849876],[3.8378234,51.2850265],[3.8377827,51.2851132],[3.8377807,51.2851167],[3.8377774,51.2851248],[3.8377449,51.2852069],[3.8377441,51.2852289],[3.8377289,51.2852969],[3.8377266,51.2853311],[3.8377068,51.285387],[3.8376765,51.2854542],[3.8376721,51.2854772],[3.8376603,51.2855556],[3.8376563,51.2855672],[3.8376425,51.28559],[3.8376045,51.2856575],[3.8375986,51.2856861],[3.8375743,51.2857476],[3.8375534,51.2858061],[3.8375515,51.2858377],[3.8375315,51.2859111],[3.8375257,51.2859278],[3.8375062,51.2859801],[3.8374894,51.286018],[3.8374868,51.2860307],[3.837455,51.2861082],[3.837437,51.2861537],[3.8374262,51.2861983],[3.8373918,51.2862736],[3.8373827,51.2862885],[3.837369,51.2863257],[3.8373436,51.2863787],[3.837325,51.2864074],[3.8372779,51.2864691],[3.8372544,51.2865437],[3.8372518,51.2865592],[3.8372469,51.2866394],[3.8372449,51.2866492],[3.8372329,51.2867394],[3.8371996,51.2868294],[3.8371594,51.2868775],[3.8371359,51.2869198],[3.8371171,51.2869956],[3.8371111,51.2870099],[3.8370955,51.2870542],[3.8370832,51.2871],[3.8370804,51.2871101],[3.8370554,51.2871901],[3.8370121,51.2872449],[3.836997,51.2872804],[3.8369886,51.2873509],[3.8369851,51.2873704],[3.8369673,51.2874555],[3.836967,51.2874605],[3.8369598,51.2874765],[3.8369304,51.2875507],[3.8369106,51.2875829],[3.8368778,51.287641],[3.8368587,51.2877071],[3.8368531,51.2877311],[3.836823,51.287821],[3.836823,51.2878212],[3.8368226,51.287822],[3.8367959,51.2879113],[3.8367727,51.2879442],[3.8367623,51.2880015],[3.8367558,51.288046],[3.8367454,51.2880915],[3.836712,51.2881651],[3.8367049,51.2881818],[3.8366869,51.2882446],[3.8366815,51.2882718],[3.8366773,51.2882783],[3.8366485,51.288362],[3.8366443,51.2883904],[3.836619,51.2884521],[3.8365488,51.2885351],[3.8365425,51.2885426],[3.8365425,51.2885467],[3.8365237,51.2886327],[3.8365191,51.2886527],[3.836507,51.2887227],[3.836457,51.2887835],[3.8364431,51.2888131],[3.8364153,51.2889012],[3.8364147,51.2889032],[3.8364122,51.2889121],[3.8363997,51.2889932],[3.8364,51.2890019],[3.8363914,51.2890832],[3.8363807,51.2891053],[3.8363784,51.2891732],[3.8363782,51.2891978],[3.836359,51.2892633],[3.8363457,51.2893096],[3.8363383,51.2893534],[3.8362967,51.289432],[3.8362903,51.2894436],[3.8362893,51.2895278],[3.8362877,51.2895336],[3.8362878,51.2896197],[3.8362873,51.2896235],[3.8362823,51.2896519],[3.8362593,51.2897136],[3.8362583,51.2897295],[3.8362185,51.2898038],[3.8362132,51.2898494],[3.8362077,51.2898938],[3.836187,51.2899572],[3.8361722,51.289984],[3.836146,51.2900463],[3.8361283,51.2900742],[3.8360984,51.290105],[3.8360414,51.2901648],[3.8360054,51.2902028],[3.8359585,51.2902553],[3.8358754,51.290339],[3.8358739,51.2903458],[3.8358648,51.2903574],[3.8358339,51.290436],[3.8357759,51.2904938],[3.835772,51.2905264],[3.8357332,51.2906122],[3.8357317,51.2906166],[3.8357264,51.29063],[3.8356891,51.2907068],[3.8356888,51.2907315],[3.8356628,51.290797],[3.8357303,51.2908456],[3.835761,51.2908671],[3.8357512,51.2908862],[3.8357318,51.2909278],[3.8356255,51.2909106],[3.8355882,51.2909177],[3.8355073,51.2909779],[3.8354665,51.2910561],[3.8354618,51.2910682],[3.8354482,51.2911073],[3.8354127,51.2911584],[3.8354322,51.2912367],[3.8354334,51.2912482],[3.8353512,51.2913119],[3.8353122,51.291339],[3.8353091,51.2913432],[3.8352511,51.2914293],[3.8352332,51.2914786],[3.8352145,51.2915195],[3.8351698,51.2915692],[3.8351028,51.2915683],[3.8350263,51.2915657]]},"properties":{"rawObjectClass":"DEPCNT","VALDCO":6,"depthDatum":"Approximate LAT","depthDatumCode":42,"depthDatumStatus":"VERIFIED_FROM_OFFICIAL_DOCUMENTATION","verticalDatum":"Local Datum","verticalDatumCode":24,"napIdentityStatus":"UNVERIFIED","sourceKind":"official","sourceCellId":"1R7687LI","sourceStableId":"1F2B6A429E1C7579","sourceChecksum":"15df29d0ae5fbc875483ea2addc2d4e6c9148a876bdf65f0adfc75742fe31c47","pipelineFeatureId":"1R7687LI/DEPCNT/1280474605","provenance":{"cellId":"1R7687LI","checksum":"15df29d0ae5fbc875483ea2addc2d4e6c9148a876bdf65f0adfc75742fe31c47","readerVersion":"GDAL 3.2.2","processedAt":"2026-08-11T13:43:44.753Z"},"sourceProperties":{"RCID":1280474605,"PRIM":2,"GRUP":2,"OBJL":43,"RVER":1,"AGEN":7979,"FIDN":1782750748,"FIDS":30073,"LNAM":"1F2B6A429E1C7579","VALDCO":6,"SCAMIN":15000,"sourceCellId":"1R7687LI","sourceChecksum":"15df29d0ae5fbc875483ea2addc2d4e6c9148a876bdf65f0adfc75742fe31c47","rawObjectClass":"DEPCNT","sourceStableId":"1F2B6A429E1C7579"}}},{"type":"Feature","geometry":{"type":"LineString","coordinates":[[3.8332974,51.3048611],[3.8332599,51.3049006],[3.8331461,51.3049143],[3.8331166,51.3049107],[3.8329801,51.304844],[3.8329908,51.3048319],[3.832971,51.3047913],[3.832961,51.3047542],[3.8329702,51.3047479],[3.8330185,51.304685]]},"properties":{"rawObjectClass":"DEPCNT","VALDCO":6,"depthDatum":"Approximate LAT","depthDatumCode":42,"depthDatumStatus":"VERIFIED_FROM_OFFICIAL_DOCUMENTATION","verticalDatum":"Local Datum","verticalDatumCode":24,"napIdentityStatus":"UNVERIFIED","sourceKind":"official","sourceCellId":"1R7687LI","sourceStableId":"1F2B6A429E1C757A","sourceChecksum":"15df29d0ae5fbc875483ea2addc2d4e6c9148a876bdf65f0adfc75742fe31c47","pipelineFeatureId":"1R7687LI/DEPCNT/1280474606","provenance":{"cellId":"1R7687LI","checksum":"15df29d0ae5fbc875483ea2addc2d4e6c9148a876bdf65f0adfc75742fe31c47","readerVersion":"GDAL 3.2.2","processedAt":"2026-08-11T13:43:44.753Z"},"sourceProperties":{"RCID":1280474606,"PRIM":2,"GRUP":2,"OBJL":43,"RVER":1,"AGEN":7979,"FIDN":1782750748,"FIDS":30074,"LNAM":"1F2B6A429E1C757A","VALDCO":6,"SCAMIN":15000,"sourceCellId":"1R7687LI","sourceChecksum":"15df29d0ae5fbc875483ea2addc2d4e6c9148a876bdf65f0adfc75742fe31c47","rawObjectClass":"DEPCNT","sourceStableId":"1F2B6A429E1C757A"}}},{"type":"Feature","geometry":{"type":"LineString","coordinates":[[3.8344517,51.2931695],[3.8344819,51.2931818],[3.8346209,51.2932323],[3.8346194,51.2932366],[3.8346269,51.2932671],[3.8347399,51.2932314],[3.8347695,51.2932229],[3.8347876,51.2932198],[3.8349121,51.2931771],[3.8349282,51.2932301],[3.8349373,51.2932451],[3.8349146,51.2933131],[3.8348481,51.2932793],[3.8348944,51.2933203],[3.834792,51.2933988],[3.834774,51.293411],[3.8349173,51.2934625],[3.8349565,51.2934997],[3.8349182,51.2935144],[3.8348996,51.2935273]]},"properties":{"rawObjectClass":"DEPCNT","VALDCO":6,"depthDatum":"Approximate LAT","depthDatumCode":42,"depthDatumStatus":"VERIFIED_FROM_OFFICIAL_DOCUMENTATION","verticalDatum":"Local Datum","verticalDatumCode":24,"napIdentityStatus":"UNVERIFIED","sourceKind":"official","sourceCellId":"1R7687LI","sourceStableId":"1F2B6A429E1C757B","sourceChecksum":"15df29d0ae5fbc875483ea2addc2d4e6c9148a876bdf65f0adfc75742fe31c47","pipelineFeatureId":"1R7687LI/DEPCNT/1280474607","provenance":{"cellId":"1R7687LI","checksum":"15df29d0ae5fbc875483ea2addc2d4e6c9148a876bdf65f0adfc75742fe31c47","readerVersion":"GDAL 3.2.2","processedAt":"2026-08-11T13:43:44.753Z"},"sourceProperties":{"RCID":1280474607,"PRIM":2,"GRUP":2,"OBJL":43,"RVER":1,"AGEN":7979,"FIDN":1782750748,"FIDS":30075,"LNAM":"1F2B6A429E1C757B","VALDCO":6,"SCAMIN":15000,"sourceCellId":"1R7687LI","sourceChecksum":"15df29d0ae5fbc875483ea2addc2d4e6c9148a876bdf65f0adfc75742fe31c47","rawObjectClass":"DEPCNT","sourceStableId":"1F2B6A429E1C757B"}}},{"type":"Feature","geometry":{"type":"LineString","coordinates":[[3.8188631,51.3236797],[3.8188725,51.3236814],[3.8189615,51.3236784],[3.8190492,51.323736],[3.8191068,51.3237784],[3.8191829,51.3238249],[3.8191972,51.323859],[3.8191779,51.3239149],[3.8191107,51.3239999],[3.8191042,51.3240053],[3.8190988,51.324013],[3.8190144,51.3240959],[3.8189693,51.3241194],[3.8189324,51.3241196],[3.8188259,51.3241223],[3.8186819,51.3240982],[3.8185911,51.3240371]]},"properties":{"rawObjectClass":"DEPCNT","VALDCO":6,"depthDatum":"Approximate LAT","depthDatumCode":42,"depthDatumStatus":"VERIFIED_FROM_OFFICIAL_DOCUMENTATION","verticalDatum":"Local Datum","verticalDatumCode":24,"napIdentityStatus":"UNVERIFIED","sourceKind":"official","sourceCellId":"1R7687LI","sourceStableId":"1F2B6A429E1C757C","sourceChecksum":"15df29d0ae5fbc875483ea2addc2d4e6c9148a876bdf65f0adfc75742fe31c47","pipelineFeatureId":"1R7687LI/DEPCNT/1280474608","provenance":{"cellId":"1R7687LI","checksum":"15df29d0ae5fbc875483ea2addc2d4e6c9148a876bdf65f0adfc75742fe31c47","readerVersion":"GDAL 3.2.2","processedAt":"2026-08-11T13:43:44.753Z"},"sourceProperties":{"RCID":1280474608,"PRIM":2,"GRUP":2,"OBJL":43,"RVER":1,"AGEN":7979,"FIDN":1782750748,"FIDS":30076,"LNAM":"1F2B6A429E1C757C","VALDCO":6,"SCAMIN":15000,"sourceCellId":"1R7687LI","sourceChecksum":"15df29d0ae5fbc875483ea2addc2d4e6c9148a876bdf65f0adfc75742fe31c47","rawObjectClass":"DEPCNT","sourceStableId":"1F2B6A429E1C757C"}}},{"type":"Feature","geometry":{"type":"LineString","coordinates":[[3.8281372,51.3193167],[3.8281729,51.3193555],[3.8280694,51.3193983],[3.827986,51.3194092],[3.827926,51.3194039],[3.827847,51.3193578],[3.8277806,51.3192961],[3.8277519,51.3192686],[3.8277522,51.3192513],[3.8277443,51.3191787],[3.8277667,51.3190951],[3.8277671,51.3190886],[3.8277753,51.3190028],[3.8277758,51.3189987],[3.8277763,51.318998],[3.8278371,51.3189083],[3.8278495,51.3188601],[3.8278559,51.3188183],[3.8278513,51.318768],[3.8278664,51.3187283],[3.8278859,51.3186549],[3.8278872,51.3186382],[3.827911,51.3185696],[3.8279189,51.318548],[3.8279226,51.3185404],[3.8279841,51.3184577],[3.8279926,51.3184046],[3.8279988,51.3183676],[3.8280187,51.3182969],[3.8280231,51.3182775],[3.828048,51.3182087],[3.8280579,51.3181874],[3.8280587,51.3181804],[3.828107,51.3180971],[3.8281265,51.3180459],[3.8281398,51.3180069],[3.8281871,51.317967],[3.8282877,51.317916],[3.8283291,51.3178807],[3.828453,51.3178367],[3.8284718,51.3178381],[3.8285853,51.3178428],[3.8286153,51.3178399],[3.828633,51.317843]]},"properties":{"rawObjectClass":"DEPCNT","VALDCO":6,"depthDatum":"Approximate LAT","depthDatumCode":42,"depthDatumStatus":"VERIFIED_FROM_OFFICIAL_DOCUMENTATION","verticalDatum":"Local Datum","verticalDatumCode":24,"napIdentityStatus":"UNVERIFIED","sourceKind":"official","sourceCellId":"1R7687LI","sourceStableId":"1F2B6A429E1C757D","sourceChecksum":"15df29d0ae5fbc875483ea2addc2d4e6c9148a876bdf65f0adfc75742fe31c47","pipelineFeatureId":"1R7687LI/DEPCNT/1280474609","provenance":{"cellId":"1R7687LI","checksum":"15df29d0ae5fbc875483ea2addc2d4e6c9148a876bdf65f0adfc75742fe31c47","readerVersion":"GDAL 3.2.2","processedAt":"2026-08-11T13:43:44.753Z"},"sourceProperties":{"RCID":1280474609,"PRIM":2,"GRUP":2,"OBJL":43,"RVER":1,"AGEN":7979,"FIDN":1782750748,"FIDS":30077,"LNAM":"1F2B6A429E1C757D","VALDCO":6,"SCAMIN":15000,"sourceCellId":"1R7687LI","sourceChecksum":"15df29d0ae5fbc875483ea2addc2d4e6c9148a876bdf65f0adfc75742fe31c47","rawObjectClass":"DEPCNT","sourceStableId":"1F2B6A429E1C757D"}}},{"type":"Feature","geometry":{"type":"LineString","coordinates":[[3.8294346,51.3166371],[3.8294473,51.3166489],[3.8293128,51.3167302],[3.8292896,51.3167045]]},"properties":{"rawObjectClass":"DEPCNT","VALDCO":6,"depthDatum":"Approximate LAT","depthDatumCode":42,"depthDatumStatus":"VERIFIED_FROM_OFFICIAL_DOCUMENTATION","verticalDatum":"Local Datum","verticalDatumCode":24,"napIdentityStatus":"UNVERIFIED","sourceKind":"official","sourceCellId":"1R7687LI","sourceStableId":"1F2B6A429E1C757E","sourceChecksum":"15df29d0ae5fbc875483ea2addc2d4e6c9148a876bdf65f0adfc75742fe31c47","pipelineFeatureId":"1R7687LI/DEPCNT/1280474614","provenance":{"cellId":"1R7687LI","checksum":"15df29d0ae5fbc875483ea2addc2d4e6c9148a876bdf65f0adfc75742fe31c47","readerVersion":"GDAL 3.2.2","processedAt":"2026-08-11T13:43:44.753Z"},"sourceProperties":{"RCID":1280474614,"PRIM":2,"GRUP":2,"OBJL":43,"RVER":1,"AGEN":7979,"FIDN":1782750748,"FIDS":30078,"LNAM":"1F2B6A429E1C757E","VALDCO":6,"SCAMIN":15000,"sourceCellId":"1R7687LI","sourceChecksum":"15df29d0ae5fbc875483ea2addc2d4e6c9148a876bdf65f0adfc75742fe31c47","rawObjectClass":"DEPCNT","sourceStableId":"1F2B6A429E1C757E"}}},{"type":"Feature","geometry":{"type":"LineString","coordinates":[[3.82878,51.3177753],[3.8287577,51.3177785],[3.8287019,51.3177332],[3.8287558,51.3176691],[3.828842,51.3176423],[3.8288985,51.3176295],[3.8290237,51.3175511],[3.8290405,51.3175436],[3.8291048,51.3175505],[3.8290417,51.3176114],[3.8290007,51.3176412],[3.8290192,51.3176557]]},"properties":{"rawObjectClass":"DEPCNT","VALDCO":6,"depthDatum":"Approximate LAT","depthDatumCode":42,"depthDatumStatus":"VERIFIED_FROM_OFFICIAL_DOCUMENTATION","verticalDatum":"Local Datum","verticalDatumCode":24,"napIdentityStatus":"UNVERIFIED","sourceKind":"official","sourceCellId":"1R7687LI","sourceStableId":"1F2B6A429E1C757F","sourceChecksum":"15df29d0ae5fbc875483ea2addc2d4e6c9148a876bdf65f0adfc75742fe31c47","pipelineFeatureId":"1R7687LI/DEPCNT/1280474615","provenance":{"cellId":"1R7687LI","checksum":"15df29d0ae5fbc875483ea2addc2d4e6c9148a876bdf65f0adfc75742fe31c47","readerVersion":"GDAL 3.2.2","processedAt":"2026-08-11T13:43:44.753Z"},"sourceProperties":{"RCID":1280474615,"PRIM":2,"GRUP":2,"OBJL":43,"RVER":1,"AGEN":7979,"FIDN":1782750748,"FIDS":30079,"LNAM":"1F2B6A429E1C757F","VALDCO":6,"SCAMIN":15000,"sourceCellId":"1R7687LI","sourceChecksum":"15df29d0ae5fbc875483ea2addc2d4e6c9148a876bdf65f0adfc75742fe31c47","rawObjectClass":"DEPCNT","sourceStableId":"1F2B6A429E1C757F"}}},{"type":"Feature","geometry":{"type":"LineString","coordinates":[[3.8347968,51.2921793],[3.8348398,51.2921517],[3.8348919,51.292062],[3.8349242,51.2921511],[3.8349307,51.2921741],[3.8349377,51.2922409],[3.8348956,51.2922666],[3.8348518,51.292269],[3.8347664,51.2922664]]},"properties":{"rawObjectClass":"DEPCNT","VALDCO":6,"depthDatum":"Approximate LAT","depthDatumCode":42,"depthDatumStatus":"VERIFIED_FROM_OFFICIAL_DOCUMENTATION","verticalDatum":"Local Datum","verticalDatumCode":24,"napIdentityStatus":"UNVERIFIED","sourceKind":"official","sourceCellId":"1R7687LI","sourceStableId":"1F2B6A429E1C7580","sourceChecksum":"15df29d0ae5fbc875483ea2addc2d4e6c9148a876bdf65f0adfc75742fe31c47","pipelineFeatureId":"1R7687LI/DEPCNT/1280474618","provenance":{"cellId":"1R7687LI","checksum":"15df29d0ae5fbc875483ea2addc2d4e6c9148a876bdf65f0adfc75742fe31c47","readerVersion":"GDAL 3.2.2","processedAt":"2026-08-11T13:43:44.753Z"},"sourceProperties":{"RCID":1280474618,"PRIM":2,"GRUP":2,"OBJL":43,"RVER":1,"AGEN":7979,"FIDN":1782750748,"FIDS":30080,"LNAM":"1F2B6A429E1C7580","VALDCO":6,"SCAMIN":15000,"sourceCellId":"1R7687LI","sourceChecksum":"15df29d0ae5fbc875483ea2addc2d4e6c9148a876bdf65f0adfc75742fe31c47","rawObjectClass":"DEPCNT","sourceStableId":"1F2B6A429E1C7580"}}},{"type":"Feature","geometry":{"type":"LineString","coordinates":[[3.8255274,51.325],[3.8255548,51.324969],[3.8255602,51.3249492],[3.8255857,51.3249323],[3.8256801,51.3248584],[3.8257271,51.3248154],[3.8258541,51.3247672],[3.8258697,51.3247632],[3.8259937,51.3246763],[3.8260107,51.3246231],[3.8260149,51.3245863],[3.8260152,51.324583],[3.8260118,51.3244964],[3.8260678,51.3244584],[3.8260889,51.3244059],[3.8260901,51.3244055]]},"properties":{"rawObjectClass":"DEPCNT","VALDCO":6,"depthDatum":"Approximate LAT","depthDatumCode":42,"depthDatumStatus":"VERIFIED_FROM_OFFICIAL_DOCUMENTATION","verticalDatum":"Local Datum","verticalDatumCode":24,"napIdentityStatus":"UNVERIFIED","sourceKind":"official","sourceCellId":"1R7687LI","sourceStableId":"1F2B6A429E1C7581","sourceChecksum":"15df29d0ae5fbc875483ea2addc2d4e6c9148a876bdf65f0adfc75742fe31c47","pipelineFeatureId":"1R7687LI/DEPCNT/1280474619","provenance":{"cellId":"1R7687LI","checksum":"15df29d0ae5fbc875483ea2addc2d4e6c9148a876bdf65f0adfc75742fe31c47","readerVersion":"GDAL 3.2.2","processedAt":"2026-08-11T13:43:44.753Z"},"sourceProperties":{"RCID":1280474619,"PRIM":2,"GRUP":2,"OBJL":43,"RVER":1,"AGEN":7979,"FIDN":1782750748,"FIDS":30081,"LNAM":"1F2B6A429E1C7581","VALDCO":6,"SCAMIN":15000,"sourceCellId":"1R7687LI","sourceChecksum":"15df29d0ae5fbc875483ea2addc2d4e6c9148a876bdf65f0adfc75742fe31c47","rawObjectClass":"DEPCNT","sourceStableId":"1F2B6A429E1C7581"}}},{"type":"Feature","geometry":{"type":"LineString","coordinates":[[3.8339487,51.3145415],[3.8340086,51.3145479],[3.8340096,51.3145476],[3.8341517,51.3145274],[3.8342403,51.3144567],[3.8341759,51.314436]]},"properties":{"rawObjectClass":"DEPCNT","VALDCO":6,"depthDatum":"Approximate LAT","depthDatumCode":42,"depthDatumStatus":"VERIFIED_FROM_OFFICIAL_DOCUMENTATION","verticalDatum":"Local Datum","verticalDatumCode":24,"napIdentityStatus":"UNVERIFIED","sourceKind":"official","sourceCellId":"1R7687LI","sourceStableId":"1F2B6A429E1C7582","sourceChecksum":"15df29d0ae5fbc875483ea2addc2d4e6c9148a876bdf65f0adfc75742fe31c47","pipelineFeatureId":"1R7687LI/DEPCNT/1280474620","provenance":{"cellId":"1R7687LI","checksum":"15df29d0ae5fbc875483ea2addc2d4e6c9148a876bdf65f0adfc75742fe31c47","readerVersion":"GDAL 3.2.2","processedAt":"2026-08-11T13:43:44.753Z"},"sourceProperties":{"RCID":1280474620,"PRIM":2,"GRUP":2,"OBJL":43,"RVER":1,"AGEN":7979,"FIDN":1782750748,"FIDS":30082,"LNAM":"1F2B6A429E1C7582","VALDCO":6,"SCAMIN":15000,"sourceCellId":"1R7687LI","sourceChecksum":"15df29d0ae5fbc875483ea2addc2d4e6c9148a876bdf65f0adfc75742fe31c47","rawObjectClass":"DEPCNT","sourceStableId":"1F2B6A429E1C7582"}}},{"type":"Feature","geometry":{"type":"LineString","coordinates":[[3.8339363,51.2947329],[3.8339799,51.2947655],[3.8340813,51.2948155],[3.8341337,51.2947975],[3.8341122,51.2947646],[3.8341175,51.294741],[3.8341364,51.2946745],[3.8341517,51.2946281],[3.8341675,51.2945844],[3.8342149,51.2944966],[3.8342147,51.2944941],[3.8342185,51.2944752],[3.8342416,51.2944795],[3.8343614,51.2944462],[3.8343852,51.2944784],[3.8343796,51.2944929],[3.834383,51.2945057],[3.8344177,51.2945826],[3.8344306,51.2946311],[3.8344092,51.2946726],[3.8344229,51.294708],[3.8344331,51.2947623],[3.8343683,51.2948248],[3.8343024,51.2948532],[3.8343437,51.2949262],[3.8343594,51.2949427],[3.8343589,51.2950245],[3.83436,51.2950326],[3.8343496,51.2950469],[3.8343091,51.2951229],[3.8342894,51.2951764],[3.8342547,51.2952132],[3.8342326,51.2952548],[3.8341214,51.2952842],[3.8340896,51.2952741],[3.8339527,51.2952201],[3.8339451,51.2952195],[3.8339341,51.2953054],[3.833931,51.2953154],[3.8339284,51.2953954],[3.8339292,51.2954075],[3.8339198,51.2954854],[3.8339178,51.2955057],[3.833916,51.2955753],[3.8339062,51.2956041],[3.8339036,51.2956653],[3.8338272,51.2957458],[3.8338239,51.2957558],[3.8338117,51.2957683],[3.8337847,51.295846],[3.8337894,51.2959202],[3.8337963,51.2959358],[3.8337892,51.2959521],[3.833784,51.2960259],[3.8337741,51.2960527],[3.8337754,51.2961158],[3.8337509,51.2961585],[3.8337301,51.2962061],[3.8337273,51.2962647],[3.8337135,51.2962961],[3.8336804,51.2963857],[3.8336802,51.2963863],[3.8336795,51.2963877],[3.8336209,51.2964766],[3.8336203,51.2965279],[3.8336311,51.2965665],[3.8336189,51.296607],[3.833599,51.2966566],[3.833579,51.2967236],[3.8335725,51.2967467],[3.8335435,51.2967993],[3.8335395,51.296834],[3.8335406,51.2968369],[3.8335456,51.2969146],[3.8335489,51.2969248],[3.833548,51.2969268],[3.8335459,51.2969318],[3.8335388,51.2970167],[3.8335391,51.297022],[3.8335353,51.2971067],[3.8335351,51.2971155],[3.833534,51.2971966],[3.8335329,51.2972079],[3.8335311,51.2972866],[3.833526,51.2973033],[3.8335124,51.2973766],[3.8334927,51.2974156],[3.8334674,51.2974669],[3.8334164,51.2975555],[3.8334159,51.2975572],[3.833414,51.2975675],[3.8334012,51.2976472],[3.8334002,51.2976568],[3.8333931,51.2977372],[3.8333838,51.2977583],[3.8333626,51.2978273],[3.833321,51.2978895],[3.8333081,51.2979176],[3.8332779,51.2979769],[3.8332678,51.2980078],[3.8332679,51.2980145],[3.8332638,51.2980978],[3.8332593,51.298111],[3.8332454,51.2981878],[3.8332187,51.298228],[3.8331937,51.2982781],[3.8331604,51.2983563],[3.8331569,51.2983683],[3.8331421,51.2983983],[3.8331251,51.2984584],[3.8331218,51.298472],[3.8331216,51.2985484],[3.8331136,51.2985683],[3.8330832,51.2986386],[3.833048,51.2987013],[3.8330423,51.2987288],[3.8330374,51.298799],[3.8330336,51.2988188],[3.8330073,51.2988735],[3.8329947,51.298909],[3.8329867,51.2989225],[3.8329673,51.2989991],[3.8329381,51.2990447],[3.8329212,51.2990894],[3.8328909,51.2991658],[3.8328863,51.2991795],[3.8328703,51.2992274],[3.8328632,51.2992696],[3.8328614,51.2992757],[3.8328444,51.2993597],[3.8328301,51.2993868],[3.832813,51.2994498],[3.8327669,51.2995183],[3.832761,51.2995401],[3.832734,51.299626],[3.8327332,51.2996308],[3.8327271,51.2997202],[3.8327244,51.2997274],[3.8326888,51.2998104],[3.8326601,51.2998596],[3.8326547,51.2999006],[3.8326021,51.2999878],[3.832601,51.2999909],[3.8326174,51.3000689],[3.8326155,51.3000807],[3.8325995,51.30012],[3.8325807,51.3001708],[3.8325617,51.3001955],[3.8325217,51.3002612],[3.8324837,51.3003365],[3.8324781,51.3003514],[3.8324612,51.3004036],[3.8324543,51.3004463],[3.8324537,51.3005314],[3.832437,51.3005484],[3.8323988,51.3006218],[3.8323875,51.3006711],[3.8323694,51.3007119],[3.8323513,51.3007853],[3.8323464,51.300802],[3.8323327,51.3008882],[3.8323316,51.300892],[3.8323269,51.3009068],[3.8323005,51.3009821],[3.8322885,51.3010074],[3.8322567,51.3010724],[3.8322146,51.3011457],[3.8321889,51.3012083],[3.8321777,51.3012528],[3.8321667,51.3012674],[3.8321395,51.301343],[3.8321117,51.3013936],[3.8320955,51.3014332],[3.8320779,51.3015063],[3.8320734,51.3015233],[3.8320543,51.3016124],[3.832054,51.3016133],[3.8320528,51.3016168],[3.8320293,51.3017034],[3.8320021,51.3017368],[3.8319751,51.3017938],[3.8319644,51.3018519],[3.8319536,51.3018838],[3.8319158,51.3019711],[3.831915,51.301974],[3.8319148,51.3019747],[3.8319006,51.3020641],[3.8318812,51.3020872],[3.8318593,51.3021543],[3.8318414,51.3022036],[3.8318217,51.3022445],[3.831796,51.3023237],[3.8317921,51.3023346],[3.8317794,51.3023597],[3.8317576,51.3024248],[3.8317391,51.3024511],[3.8317177,51.302515],[3.8317003,51.302567],[3.8316903,51.3026051],[3.8316681,51.3026786],[3.8316608,51.3026952],[3.8316429,51.3027493],[3.8316352,51.3027853],[3.8316323,51.3027925],[3.831619,51.3028754],[3.8315974,51.3029058],[3.8315655,51.3029657],[3.8315396,51.3030338],[3.8315323,51.3030558],[3.8315066,51.30314],[3.8315054,51.3031459],[3.8315051,51.3031469],[3.8314902,51.303236],[3.8314691,51.303261],[3.8314358,51.3033263],[3.8314241,51.3033808],[3.8314155,51.3034163],[3.8313876,51.3034951],[3.8313841,51.3035065],[3.8313829,51.3035891],[3.8313806,51.3035964],[3.8313717,51.3036155],[3.8313331,51.3036867],[3.8313206,51.30372],[3.8313016,51.3037768],[3.8312711,51.3038427],[3.8312607,51.303867],[3.8312339,51.3039268],[3.8312263,51.3039572],[3.8312237,51.303964],[3.8312105,51.3040472],[3.8311895,51.3040769],[3.8311718,51.3041374],[3.8311568,51.3041888],[3.831144,51.3042276],[3.8311172,51.3043052],[3.8311114,51.3043177],[3.8310985,51.3043746],[3.8310922,51.3044078],[3.8310871,51.3044154],[3.8310583,51.3044979],[3.8310489,51.3045309],[3.8310262,51.3045881],[3.8310016,51.3046521],[3.8309912,51.3046783],[3.8309671,51.3047652],[3.8309662,51.3047684],[3.8309624,51.3047804],[3.8309377,51.3048585],[3.8309294,51.3048803],[3.8309064,51.3049486],[3.8308896,51.3049968],[3.8308756,51.3050388],[3.830851,51.3051125],[3.830845,51.3051289],[3.8308271,51.3052188],[3.8308067,51.305309],[3.8307892,51.305334],[3.8307549,51.3053993],[3.8307253,51.305466],[3.8307128,51.3054895],[3.8306892,51.3055431],[3.8306787,51.3055797],[3.8306754,51.3055889],[3.8306681,51.3056697],[3.8306539,51.3056936],[3.8306286,51.3057599],[3.8305991,51.3058197],[3.830582,51.3058501],[3.8305528,51.3059355],[3.8305514,51.3059403],[3.8305512,51.3059414],[3.8305286,51.3060304],[3.8305241,51.3060497],[3.8305063,51.3061205],[3.8304909,51.306162],[3.8304771,51.3062106],[3.830455,51.3062759],[3.8304458,51.3063007],[3.8304172,51.3063692],[3.8304088,51.3063909],[3.8304069,51.3063977],[3.8303827,51.306481],[3.830368,51.3065136],[3.8303531,51.3065712],[3.8303076,51.3066433],[3.8302997,51.3066615],[3.8302801,51.3067217],[3.8302728,51.3067516],[3.8302702,51.3067582],[3.8302424,51.3068417],[3.8302197,51.3068815],[3.8302046,51.3069319],[3.8301846,51.306995],[3.8301747,51.307022],[3.8301433,51.307089],[3.8301346,51.3071122],[3.8301323,51.3071194],[3.8301048,51.3072024],[3.830082,51.3072427],[3.8300692,51.3072925],[3.8300522,51.3073527],[3.8300416,51.3073827],[3.8300193,51.3074648],[3.8300172,51.3074728],[3.8300072,51.307496],[3.8299805,51.3075629],[3.8299659,51.30759],[3.8299508,51.3076531],[3.8299381,51.3076987],[3.8299204,51.3077432],[3.8299077,51.3078092],[3.8298965,51.3078333],[3.8298711,51.3079078],[3.8298669,51.3079234],[3.8298653,51.3079273],[3.8298452,51.3080135],[3.8298301,51.3080408],[3.8298095,51.3081037],[3.8297939,51.308155],[3.8297802,51.3081938],[3.8297562,51.3082701],[3.8297504,51.3082839],[3.8297353,51.3083336],[3.8297259,51.308374],[3.8297108,51.3083901],[3.8296667,51.3084644],[3.8296535,51.3085178],[3.8296402,51.3085545],[3.8296137,51.3086446],[3.8295983,51.3086897],[3.8295881,51.3087347],[3.8295798,51.308747],[3.8295585,51.3088248],[3.829549,51.3088577],[3.8295248,51.308915],[3.8295016,51.308979],[3.8294759,51.3090053],[3.829462,51.3090901],[3.8294605,51.3090953],[3.8294603,51.3090965],[3.8294258,51.3091855],[3.8294117,51.3092186],[3.8293619,51.3092758],[3.8293451,51.3093522],[3.8293455,51.3093659],[3.8293249,51.3094393],[3.8293168,51.309456],[3.8293129,51.3094638],[3.8292283,51.3095466],[3.8292083,51.3096218],[3.8292093,51.3096366],[3.8291882,51.3097256],[3.8291883,51.3097267],[3.8291866,51.3097279],[3.8291,51.3098172],[3.8290832,51.3098839],[3.8290847,51.3099073],[3.8290589,51.3099904],[3.8290595,51.3099974],[3.8290481,51.3100051],[3.8289687,51.3100879],[3.8289459,51.3101538],[3.8289468,51.310178],[3.8289229,51.3102595],[3.8289235,51.3102681],[3.8289095,51.3102773],[3.8288242,51.3103587],[3.8288063,51.3104252],[3.8288073,51.3104488],[3.8287697,51.3104795],[3.8287188,51.3105393],[3.8287132,51.3105759],[3.8287186,51.3106292],[3.82863,51.3106869],[3.8285821,51.3107201],[3.8285858,51.3107813],[3.8285862,51.31081],[3.8284898,51.3108719],[3.8284469,51.3109009],[3.8284515,51.3109657],[3.8284516,51.3109908],[3.8284489,51.3110181],[3.8284531,51.3110807],[3.8283512,51.3111427],[3.8283066,51.3111717],[3.8283246,51.3112436],[3.8283245,51.3112615],[3.8283444,51.3113447],[3.8283448,51.3113513],[3.8282875,51.3113944],[3.8282794,51.3114416],[3.8283007,51.3114769],[3.8282605,51.3115317],[3.8282485,51.3116014],[3.8282362,51.3116218],[3.828217,51.3116587],[3.8281831,51.3117121],[3.82818,51.3117362],[3.828146,51.3118023],[3.828099,51.3118791],[3.8280927,51.3118926],[3.8280781,51.3119081],[3.8280309,51.3119829],[3.8280134,51.3120249],[3.8280047,51.312073],[3.8279391,51.3121605],[3.8279368,51.3121634],[3.8279363,51.3121653],[3.8279024,51.3122536],[3.8278007,51.3123431],[3.8277996,51.3123443],[3.827799,51.3123455],[3.8277713,51.3124344],[3.8277596,51.3124604],[3.8277387,51.3125245],[3.8276848,51.3125993],[3.8276776,51.3126149],[3.8276608,51.3126383],[3.8276186,51.3127052],[3.8275999,51.3127447],[3.827576,51.3127954],[3.8275295,51.3128807],[3.8275269,51.3128857],[3.8275218,51.3128921],[3.8274639,51.3129761],[3.8274375,51.3130307],[3.827427,51.3130663],[3.8273825,51.3131233],[3.8273619,51.3131566],[3.8273422,51.3131827],[3.827309,51.3132469],[3.8272886,51.3133081],[3.8272764,51.3133371],[3.8272439,51.3133962],[3.8272288,51.3134274],[3.8272109,51.3134488],[3.8271648,51.3135177],[3.8271041,51.3135971],[3.827097,51.3136081],[3.8270914,51.3136163],[3.8270394,51.3136985],[3.8269638,51.3137757],[3.826952,51.313789],[3.8269454,51.3138008],[3.8268988,51.3138793],[3.8268587,51.3139474],[3.8268488,51.3139696],[3.8268242,51.3139937],[3.8267785,51.31406],[3.8267207,51.3141268],[3.8267092,51.3141504],[3.8266839,51.3141705],[3.8266325,51.3142409],[3.8265951,51.3142982],[3.8265908,51.3143311],[3.8265443,51.3143863],[3.8265136,51.3144215],[3.8264966,51.3144523],[3.8264581,51.3145119],[3.8264172,51.3145942],[3.8264158,51.3146021],[3.8264049,51.3146132],[3.826347,51.3146925],[3.8263034,51.314758],[3.8262931,51.3147828],[3.8262651,51.3148211],[3.8262395,51.3148731],[3.8262215,51.3149015],[3.8261839,51.3149634],[3.8261254,51.3150294],[3.8261054,51.3150539],[3.8261046,51.3150674],[3.8260701,51.3151441],[3.825996,51.3152279],[3.8259928,51.3152345],[3.8259857,51.3152427],[3.8259245,51.3153249],[3.8259001,51.3153803],[3.8258818,51.3154151],[3.8258461,51.3154591],[3.8258032,51.3155056],[3.8257383,51.3155749],[3.8257195,51.3155961],[3.8257054,51.3156114],[3.8256476,51.3156866],[3.8256241,51.3157391],[3.8256091,51.3157768],[3.8255656,51.3158193],[3.8255173,51.3158673],[3.8254882,51.3159172],[3.8254713,51.3159576],[3.8254254,51.3160041],[3.8253933,51.316048],[3.8253414,51.3161022],[3.8253163,51.3161385],[3.825285,51.3161718],[3.8252495,51.3162289],[3.8251784,51.3162976],[3.8251626,51.3163194],[3.8251445,51.3163419],[3.8251095,51.3164097],[3.8250847,51.3164486],[3.8250593,51.3165],[3.8250049,51.3165589],[3.8249658,51.3165906],[3.8249441,51.3166296],[3.8249059,51.3166809],[3.8248646,51.316737],[3.8248339,51.3167714],[3.8247848,51.3168227],[3.8247479,51.3168619],[3.824724,51.3168944],[3.8246807,51.3169523],[3.8246424,51.3170049],[3.8246131,51.3170427],[3.8245838,51.3170821],[3.8245488,51.3171331],[3.8245184,51.3171753],[3.8244737,51.3172235],[3.8244437,51.3172697],[3.8244028,51.3173139],[3.8243615,51.3173668],[3.824336,51.3174043],[3.8243033,51.3174446],[3.824267,51.3174947],[3.8242385,51.3175366],[3.8242035,51.3175851],[3.8241632,51.3176313],[3.8241199,51.3176756],[3.8240897,51.3177229],[3.8240608,51.317766],[3.8240228,51.3178075],[3.8239707,51.3178565],[3.8238995,51.3179357],[3.8238897,51.317947],[3.823882,51.317955],[3.8237919,51.3180376],[3.8237411,51.3181014],[3.823677,51.3181283],[3.8235991,51.3181851],[3.8234653,51.3182197],[3.8234565,51.3182333],[3.8234196,51.31831],[3.8233149,51.3183405],[3.8232716,51.318311],[3.8233138,51.3182801],[3.8234516,51.3182198],[3.8234517,51.318217],[3.8234154,51.3181302],[3.82331,51.3180693],[3.8232966,51.3180524]]},"properties":{"rawObjectClass":"DEPCNT","VALDCO":6,"depthDatum":"Approximate LAT","depthDatumCode":42,"depthDatumStatus":"VERIFIED_FROM_OFFICIAL_DOCUMENTATION","verticalDatum":"Local Datum","verticalDatumCode":24,"napIdentityStatus":"UNVERIFIED","sourceKind":"official","sourceCellId":"1R7687LI","sourceStableId":"1F2B6A429E1C7583","sourceChecksum":"15df29d0ae5fbc875483ea2addc2d4e6c9148a876bdf65f0adfc75742fe31c47","pipelineFeatureId":"1R7687LI/DEPCNT/1280474621","provenance":{"cellId":"1R7687LI","checksum":"15df29d0ae5fbc875483ea2addc2d4e6c9148a876bdf65f0adfc75742fe31c47","readerVersion":"GDAL 3.2.2","processedAt":"2026-08-11T13:43:44.753Z"},"sourceProperties":{"RCID":1280474621,"PRIM":2,"GRUP":2,"OBJL":43,"RVER":1,"AGEN":7979,"FIDN":1782750748,"FIDS":30083,"LNAM":"1F2B6A429E1C7583","VALDCO":6,"SCAMIN":15000,"sourceCellId":"1R7687LI","sourceChecksum":"15df29d0ae5fbc875483ea2addc2d4e6c9148a876bdf65f0adfc75742fe31c47","rawObjectClass":"DEPCNT","sourceStableId":"1F2B6A429E1C7583"}}},{"type":"Feature","geometry":{"type":"LineString","coordinates":[[3.8310395,51.3167245],[3.8310394,51.3167245],[3.8310345,51.3167167],[3.8309556,51.3166382],[3.8310029,51.316566],[3.8310125,51.3165478],[3.8310312,51.3165318],[3.8311067,51.3164573],[3.8311782,51.3163668],[3.8313141,51.3163079],[3.8313702,51.3162755],[3.8314563,51.3162342],[3.8315639,51.3161842],[3.8315986,51.3161701],[3.831699,51.3161198],[3.8317409,51.3161017],[3.831759,51.3160929],[3.831883,51.3160274],[3.8319232,51.3160018],[3.8320246,51.3159213],[3.8320438,51.3159111],[3.8321663,51.3158223],[3.8321703,51.3158202],[3.8321979,51.3158],[3.8322558,51.3157297],[3.8323075,51.3156986],[3.8323873,51.3156389],[3.8324492,51.3155973],[3.8325891,51.3155475],[3.8325918,51.3155458],[3.8325945,51.3155458],[3.8327344,51.3154993],[3.8328201,51.3154559],[3.8328766,51.3154298],[3.8329699,51.3153961],[3.8330191,51.3153753],[3.8330478,51.3153644],[3.833161,51.3152834],[3.83319,51.3152735],[3.8333036,51.3152387],[3.833389,51.3152183],[3.8334463,51.3151929],[3.8334701,51.3151815],[3.8335883,51.3151131],[3.8336336,51.3150905],[3.8337116,51.3150115],[3.8337112,51.315],[3.8337124,51.3149201],[3.8337193,51.31491],[3.8337281,51.3149064],[3.8337459,51.3148986],[3.8338711,51.3148806],[3.8339606,51.3148519],[3.8340137,51.314832],[3.8340676,51.3148176],[3.8340124,51.3147612],[3.8339923,51.3147406],[3.834004,51.3147281],[3.8339734,51.3147045],[3.8340118,51.3147246],[3.8340862,51.3146804],[3.8340374,51.3147279],[3.8341563,51.3147828],[3.834219,51.3147771],[3.8342994,51.3147613],[3.834346,51.3147257],[3.8342977,51.3146666],[3.8342007,51.3146368],[3.8341531,51.3146069],[3.8340153,51.3145524],[3.8340086,51.3145484],[3.8340064,51.3145497],[3.8338658,51.3145856],[3.8338639,51.3145808]]},"properties":{"rawObjectClass":"DEPCNT","VALDCO":6,"depthDatum":"Approximate LAT","depthDatumCode":42,"depthDatumStatus":"VERIFIED_FROM_OFFICIAL_DOCUMENTATION","verticalDatum":"Local Datum","verticalDatumCode":24,"napIdentityStatus":"UNVERIFIED","sourceKind":"official","sourceCellId":"1R7687LI","sourceStableId":"1F2B6A429E1C7584","sourceChecksum":"15df29d0ae5fbc875483ea2addc2d4e6c9148a876bdf65f0adfc75742fe31c47","pipelineFeatureId":"1R7687LI/DEPCNT/1280474622","provenance":{"cellId":"1R7687LI","checksum":"15df29d0ae5fbc875483ea2addc2d4e6c9148a876bdf65f0adfc75742fe31c47","readerVersion":"GDAL 3.2.2","processedAt":"2026-08-11T13:43:44.753Z"},"sourceProperties":{"RCID":1280474622,"PRIM":2,"GRUP":2,"OBJL":43,"RVER":1,"AGEN":7979,"FIDN":1782750748,"FIDS":30084,"LNAM":"1F2B6A429E1C7584","VALDCO":6,"SCAMIN":15000,"sourceCellId":"1R7687LI","sourceChecksum":"15df29d0ae5fbc875483ea2addc2d4e6c9148a876bdf65f0adfc75742fe31c47","rawObjectClass":"DEPCNT","sourceStableId":"1F2B6A429E1C7584"}}},{"type":"Feature","geometry":{"type":"LineString","coordinates":[[3.8305697,51.3145568],[3.8305648,51.3145433],[3.8305346,51.314483],[3.8305635,51.3144717],[3.8306436,51.3143923],[3.8307053,51.3143779],[3.8307778,51.3143747]]},"properties":{"rawObjectClass":"DEPCNT","VALDCO":6,"depthDatum":"Approximate LAT","depthDatumCode":42,"depthDatumStatus":"VERIFIED_FROM_OFFICIAL_DOCUMENTATION","verticalDatum":"Local Datum","verticalDatumCode":24,"napIdentityStatus":"UNVERIFIED","sourceKind":"official","sourceCellId":"1R7687LI","sourceStableId":"1F2B6A429E1C7585","sourceChecksum":"15df29d0ae5fbc875483ea2addc2d4e6c9148a876bdf65f0adfc75742fe31c47","pipelineFeatureId":"1R7687LI/DEPCNT/1280474623","provenance":{"cellId":"1R7687LI","checksum":"15df29d0ae5fbc875483ea2addc2d4e6c9148a876bdf65f0adfc75742fe31c47","readerVersion":"GDAL 3.2.2","processedAt":"2026-08-11T13:43:44.753Z"},"sourceProperties":{"RCID":1280474623,"PRIM":2,"GRUP":2,"OBJL":43,"RVER":1,"AGEN":7979,"FIDN":1782750748,"FIDS":30085,"LNAM":"1F2B6A429E1C7585","VALDCO":6,"SCAMIN":15000,"sourceCellId":"1R7687LI","sourceChecksum":"15df29d0ae5fbc875483ea2addc2d4e6c9148a876bdf65f0adfc75742fe31c47","rawObjectClass":"DEPCNT","sourceStableId":"1F2B6A429E1C7585"}}},{"type":"Feature","geometry":{"type":"LineString","coordinates":[[3.8322111,51.3075955],[3.8321604,51.3075678],[3.8321296,51.3075477],[3.8321293,51.3074762],[3.8321346,51.3074577],[3.8321581,51.307439],[3.8322612,51.3073917],[3.8323011,51.3074104],[3.8323651,51.307416]]},"properties":{"rawObjectClass":"DEPCNT","VALDCO":5.5,"depthDatum":"Approximate LAT","depthDatumCode":42,"depthDatumStatus":"VERIFIED_FROM_OFFICIAL_DOCUMENTATION","verticalDatum":"Local Datum","verticalDatumCode":24,"napIdentityStatus":"UNVERIFIED","sourceKind":"official","sourceCellId":"1R7687LI","sourceStableId":"1F2B6A429E1C7586","sourceChecksum":"15df29d0ae5fbc875483ea2addc2d4e6c9148a876bdf65f0adfc75742fe31c47","pipelineFeatureId":"1R7687LI/DEPCNT/1280474624","provenance":{"cellId":"1R7687LI","checksum":"15df29d0ae5fbc875483ea2addc2d4e6c9148a876bdf65f0adfc75742fe31c47","readerVersion":"GDAL 3.2.2","processedAt":"2026-08-11T13:43:44.753Z"},"sourceProperties":{"RCID":1280474624,"PRIM":2,"GRUP":2,"OBJL":43,"RVER":1,"AGEN":7979,"FIDN":1782750748,"FIDS":30086,"LNAM":"1F2B6A429E1C7586","VALDCO":5.5,"SCAMIN":15000,"sourceCellId":"1R7687LI","sourceChecksum":"15df29d0ae5fbc875483ea2addc2d4e6c9148a876bdf65f0adfc75742fe31c47","rawObjectClass":"DEPCNT","sourceStableId":"1F2B6A429E1C7586"}}},{"type":"Feature","geometry":{"type":"LineString","coordinates":[[3.8355783,51.3029518],[3.8355992,51.3029773],[3.8355803,51.3030139]]},"properties":{"rawObjectClass":"DEPCNT","VALDCO":5.5,"depthDatum":"Approximate LAT","depthDatumCode":42,"depthDatumStatus":"VERIFIED_FROM_OFFICIAL_DOCUMENTATION","verticalDatum":"Local Datum","verticalDatumCode":24,"napIdentityStatus":"UNVERIFIED","sourceKind":"official","sourceCellId":"1R7687LI","sourceStableId":"1F2B6A429E1C7587","sourceChecksum":"15df29d0ae5fbc875483ea2addc2d4e6c9148a876bdf65f0adfc75742fe31c47","pipelineFeatureId":"1R7687LI/DEPCNT/1280474626","provenance":{"cellId":"1R7687LI","checksum":"15df29d0ae5fbc875483ea2addc2d4e6c9148a876bdf65f0adfc75742fe31c47","readerVersion":"GDAL 3.2.2","processedAt":"2026-08-11T13:43:44.753Z"},"sourceProperties":{"RCID":1280474626,"PRIM":2,"GRUP":2,"OBJL":43,"RVER":1,"AGEN":7979,"FIDN":1782750748,"FIDS":30087,"LNAM":"1F2B6A429E1C7587","VALDCO":5.5,"SCAMIN":15000,"sourceCellId":"1R7687LI","sourceChecksum":"15df29d0ae5fbc875483ea2addc2d4e6c9148a876bdf65f0adfc75742fe31c47","rawObjectClass":"DEPCNT","sourceStableId":"1F2B6A429E1C7587"}}},{"type":"Feature","geometry":{"type":"LineString","coordinates":[[3.8329734,51.3045702],[3.832967,51.3045703],[3.8328828,51.304485],[3.8328875,51.3044434],[3.8329015,51.3043949],[3.8328915,51.3043499],[3.8329089,51.3043049],[3.8329404,51.3042276],[3.8329438,51.3042148],[3.8329495,51.3041308],[3.8329502,51.3041248],[3.8329584,51.3040982],[3.8329742,51.3040347],[3.8329739,51.3040242],[3.8330014,51.3039446],[3.8330126,51.3039084],[3.8330282,51.3038545],[3.8330662,51.3037831],[3.8330711,51.3037643],[3.8330946,51.3036969],[3.8331029,51.3036741],[3.833105,51.3036673],[3.8331394,51.3035839],[3.8331423,51.3035524],[3.8331585,51.3034939],[3.8331884,51.3034318],[3.8331892,51.3034037],[3.8332311,51.3033146],[3.8332316,51.3033135],[3.8332316,51.3033132],[3.8332447,51.3032235],[3.8332455,51.3032133],[3.8332739,51.3031334],[3.8333106,51.3030806],[3.8333137,51.3030432],[3.8333358,51.3029735],[3.8333443,51.302953],[3.8333672,51.3029078],[3.8333854,51.3028628],[3.8333857,51.3028506],[3.8334044,51.3027727],[3.83341,51.302744],[3.8334163,51.3026827],[3.8334674,51.3026162],[3.8334759,51.3025924],[3.8335035,51.3025099],[3.8335056,51.3025023],[3.8335056,51.3025008],[3.8335255,51.3024122],[3.8335287,51.302395],[3.8335457,51.3023221],[3.8335889,51.3022655],[3.8336013,51.3022318],[3.8336248,51.3021515],[3.8336302,51.3021417],[3.8336397,51.3021093],[3.8336558,51.3020516],[3.833655,51.3020412],[3.8336632,51.3019616],[3.8336904,51.3019275],[3.8337154,51.3018713],[3.8337442,51.3018021],[3.8337574,51.3017811],[3.8337757,51.3017003],[3.8337779,51.301691],[3.8337778,51.3016896],[3.8338012,51.3016009],[3.8338037,51.301582],[3.8338221,51.3015109],[3.8338599,51.301455],[3.8338713,51.3014206],[3.8339127,51.3013424],[3.8339185,51.3013303],[3.8339184,51.3013266],[3.8339348,51.3012403],[3.8339356,51.3012246],[3.8339456,51.3011503],[3.8339807,51.3011047],[3.8339985,51.30106],[3.8340225,51.3009869],[3.8340301,51.3009698],[3.8340488,51.3009379],[3.8340745,51.3008796],[3.8340752,51.3008622],[3.8340825,51.3007896],[3.8341163,51.3007448],[3.8341283,51.3006994],[3.8341534,51.3006301],[3.8341855,51.300566],[3.8342055,51.300519],[3.8342121,51.3005015],[3.8342278,51.3004289],[3.8342502,51.3003861],[3.8342677,51.3003387],[3.8342896,51.3002699],[3.8342963,51.3002486],[3.8343221,51.3001916],[3.8343334,51.3001584],[3.8343333,51.3001509],[3.8343522,51.3000683],[3.8343582,51.300044],[3.8343657,51.2999783],[3.8343777,51.2999406],[3.8343981,51.2998881],[3.8344585,51.2997999],[3.8344602,51.2997978],[3.8344603,51.2997966],[3.8344757,51.2997077],[3.8344756,51.2996959],[3.834489,51.2996177],[3.8345018,51.2995881],[3.83452,51.2995276],[3.8345502,51.2994661],[3.8345582,51.2994374],[3.834594,51.2993637],[3.8346014,51.2993472],[3.8346029,51.2993413],[3.8346394,51.299257],[3.8346733,51.2992052],[3.8346773,51.2991668],[3.8347091,51.2990913],[3.8347168,51.2990766],[3.8347197,51.2989936],[3.8347222,51.2989866],[3.8347303,51.2989688],[3.8347581,51.2988964],[3.8347578,51.2988781],[3.8347742,51.2988064],[3.834836,51.2987371],[3.8348454,51.298716],[3.834868,51.2986558],[3.8348774,51.2986258],[3.8348768,51.2986199],[3.8348822,51.2985359],[3.8348817,51.2985259],[3.8349,51.2984458],[3.8349134,51.2984145],[3.8349165,51.2983558],[3.8349803,51.2982807],[3.8349912,51.2982653],[3.835001,51.2981765],[3.8350014,51.2981753],[3.8350027,51.2981726],[3.8350347,51.2980852],[3.8350364,51.2980628],[3.8350396,51.2979952],[3.8350647,51.2979537],[3.8350821,51.297905],[3.8351147,51.2978307],[3.835121,51.2978148],[3.8351387,51.2977611],[3.8351486,51.2977247],[3.8351504,51.2977168],[3.8351708,51.2976346],[3.8352345,51.2975719],[3.8352517,51.2975441],[3.8352734,51.297456],[3.8352744,51.297454],[3.8352765,51.2974489],[3.8353008,51.2973639],[3.8353007,51.2973475],[3.8353054,51.2972739],[3.8353159,51.2972468],[3.8353204,51.2971839],[3.8353312,51.2971461],[3.8353536,51.2970937],[3.8353911,51.2970167],[3.8353958,51.2970035],[3.8354111,51.2969671],[3.83543,51.2969133],[3.8354422,51.2968929],[3.8354648,51.2968232],[3.8355037,51.2967625],[3.8355174,51.2967329],[3.8355495,51.2966887],[3.83557,51.2966426],[3.8355695,51.2966294],[3.8355754,51.2965526],[3.8355843,51.2965289],[3.8355973,51.2964625],[3.8356125,51.2964199],[3.835618,51.2963725],[3.8356728,51.2962902],[3.835676,51.2962821],[3.8356847,51.2962322],[3.8356895,51.2961921],[3.8356893,51.2961887],[3.8357187,51.296102],[3.8357541,51.2960562],[3.8357634,51.2960117],[3.8357665,51.2959573],[3.8357762,51.2959217],[3.8358211,51.2958486],[3.83583,51.2958314],[3.83583,51.2958256],[3.8358562,51.2957413],[3.8359071,51.2956852],[3.835916,51.295651],[3.835938,51.2955744],[3.8359404,51.2955609],[3.8359587,51.2955256],[3.8359743,51.2954707],[3.8359742,51.2954602],[3.8359858,51.2953807],[3.8359855,51.295362],[3.8359894,51.2952907],[3.8360039,51.2952593],[3.8360171,51.2952006],[3.8360946,51.2951144],[3.8360987,51.2951101],[3.8360985,51.2951076],[3.8361083,51.2950201],[3.8361093,51.2950098],[3.8361185,51.2949301],[3.8361828,51.2948717],[3.8362107,51.2948396],[3.8362319,51.2947735],[3.8362378,51.2947494],[3.8362376,51.2947455],[3.8362522,51.2946594],[3.8362523,51.2946451],[3.8362622,51.2945694],[3.8362679,51.2945442],[3.8362823,51.2944794],[3.8363459,51.2944032],[3.8363489,51.294389],[3.836354,51.2943071],[3.8363557,51.294299],[3.8363664,51.2942829],[3.8363973,51.2942088],[3.8364032,51.2941846],[3.8364156,51.2941187],[3.8364326,51.2940747],[3.8364265,51.2940287],[3.8364434,51.2939768],[3.8364327,51.2939387],[3.8364482,51.2938828],[3.8364466,51.2938487],[3.8364448,51.293794],[3.8364694,51.2937586],[3.8364997,51.2937236],[3.8365383,51.2936682],[3.8365967,51.2936056],[3.8366159,51.2935777],[3.8366399,51.2935484],[3.8367164,51.2934871],[3.8367102,51.2934419],[3.8367274,51.2933971],[3.8367279,51.2933395],[3.83673,51.2933072],[3.8367268,51.2932749],[3.8367059,51.2932174],[3.8367758,51.2931331],[3.8367804,51.293127],[3.8367801,51.2931241],[3.8368068,51.2930368],[3.8367967,51.2929621],[3.836796,51.292947],[3.8367954,51.2929324],[3.8367986,51.2928571],[3.8368062,51.2928345],[3.8368131,51.292767],[3.8369109,51.2926788],[3.8369136,51.2926764],[3.8369137,51.2926746],[3.8369304,51.2925864],[3.836931,51.2925726],[3.8369508,51.2924963],[3.8369711,51.2924062],[3.8370075,51.2923415],[3.8370137,51.292316],[3.8370236,51.2922403],[3.837026,51.292226],[3.8370456,51.2921984],[3.8370818,51.2921357],[3.8370886,51.2921076],[3.8370936,51.2920456],[3.8371178,51.291998],[3.8371363,51.2919554],[3.8371577,51.2918814],[3.8371604,51.2918653],[3.837173,51.2917806],[3.8371745,51.2917753],[3.8371811,51.2917628],[3.8372201,51.2916851],[3.8372913,51.2916138],[3.8373041,51.2915945],[3.8372986,51.2915181],[3.8373027,51.2915046],[3.8373191,51.291464],[3.837334,51.2914145],[3.8373365,51.2914028],[3.8373553,51.2913244],[3.8373648,51.2912937],[3.8373844,51.2912343],[3.8374201,51.2911673],[3.8374256,51.291144],[3.8374555,51.2910765],[3.8374634,51.2910539],[3.8374633,51.2910486],[3.8374898,51.2909637],[3.8375051,51.2909309],[3.8375193,51.2908736],[3.8375752,51.2907949],[3.8375779,51.2907833],[3.8375927,51.2907354],[3.8376005,51.2906932],[3.8376003,51.2906879],[3.8376107,51.2906032],[3.8376276,51.2905794],[3.8376604,51.2905129],[3.8377208,51.2904286],[3.8377225,51.2904225],[3.8377226,51.2904177],[3.837691,51.2903328],[3.8376863,51.2902688],[3.8376908,51.2902429],[3.8377012,51.2901683],[3.8377057,51.2901529],[3.8377244,51.2900918],[3.8377389,51.2900627],[3.8377401,51.2900524],[3.8377662,51.2899726],[3.8377962,51.2899254],[3.8378233,51.2898823],[3.8378631,51.2898349],[3.8379021,51.2897918],[3.8379589,51.2897302],[3.8379817,51.2897013],[3.838003,51.2896444],[3.8380113,51.2896112],[3.8380114,51.2896055],[3.8380323,51.2895211],[3.8380521,51.2894884],[3.8380666,51.2894309],[3.838141,51.2893466],[3.8381455,51.2893404],[3.8381454,51.2893376],[3.8381655,51.2892504],[3.8382021,51.2892103],[3.8381897,51.2891603],[3.8382001,51.2891206],[3.8382349,51.28907],[3.8382779,51.2889848],[3.8382795,51.2889798],[3.8382795,51.2889787],[3.8383006,51.2888897],[3.838307,51.2888701],[3.8383149,51.2887997],[3.838337,51.2887599],[3.8383611,51.2887094],[3.8384149,51.2886366],[3.8384268,51.2886191],[3.8384367,51.288605],[3.8384629,51.2885289],[3.8384558,51.2885018],[3.8384664,51.2884389],[3.8384882,51.28839],[3.8385046,51.2883487],[3.8385266,51.2882744],[3.8385336,51.2882586],[3.8385504,51.2882013],[3.8385633,51.2881685],[3.838564,51.2881595],[3.8385905,51.2880783],[3.8386261,51.2880286],[3.8386554,51.287988],[3.8386886,51.2878978],[3.8386886,51.2878976],[3.838723,51.2878076],[3.8387309,51.2877795],[3.83875,51.2877175],[3.8387645,51.287667],[3.8387849,51.2876273],[3.8388236,51.2875381],[3.838824,51.2875371],[3.8388251,51.2875344],[3.838865,51.2874469],[3.8388772,51.2874127],[3.8389094,51.2873567],[3.838934,51.2872853],[3.8389408,51.2872665],[3.838963,51.287234],[3.8390069,51.2871761],[3.839013,51.2871437],[3.8390312,51.287086],[3.8390688,51.287017],[3.8390788,51.2869958],[3.8391008,51.286927],[3.8391101,51.2869056],[3.8391112,51.2868988],[3.839145,51.2868155],[3.8391727,51.2867683],[3.8391955,51.2867252],[3.8392134,51.2866513],[3.8392216,51.2866351],[3.8392377,51.286568],[3.8392489,51.2865449],[3.8392508,51.2865363],[3.8393156,51.2864545],[3.8393299,51.2863946],[3.8393399,51.2863644],[3.8393759,51.2862832],[3.8393807,51.2862742],[3.839382,51.2862702],[3.839414,51.2861841],[3.8394282,51.2861496],[3.8394495,51.2860939],[3.8394624,51.2860367],[3.8394796,51.2860038],[3.8395126,51.2859163],[3.8395145,51.2859136],[3.839515,51.285912],[3.8395535,51.2858234],[3.839573,51.2857839],[3.839607,51.2857331],[3.8396433,51.2856478],[3.8396467,51.2856429],[3.8396465,51.2856401],[3.8396264,51.2855531],[3.839625,51.2854776],[3.8396264,51.2854632],[3.8396473,51.2854423],[3.839747,51.2853724],[3.8397647,51.2852969],[3.8397719,51.2852823],[3.8397872,51.285247],[3.8398465,51.2851918],[3.839854,51.2851487],[3.8398878,51.2851016],[3.8399031,51.2850262],[3.8399108,51.2850115],[3.8399254,51.284964],[3.839947,51.2849213],[3.8399511,51.2849045],[3.8399729,51.2848312],[3.8399861,51.2847911],[3.8400188,51.284741],[3.8400476,51.2846606],[3.840052,51.2846508],[3.8400573,51.2845634],[3.8400581,51.2845608],[3.8400612,51.2845468],[3.8400949,51.2844707],[3.8400992,51.2844456],[3.8401421,51.2843804],[3.8401595,51.284316],[3.8401709,51.2842903],[3.8401856,51.2842082],[3.8401881,51.2842002],[3.8401975,51.2841611],[3.8402248,51.28411],[3.8402279,51.2840902],[3.840272,51.2840198],[3.8402835,51.2839635],[3.8403,51.2839296],[3.8403351,51.2838436],[3.8403374,51.2838395],[3.8403377,51.2838378],[3.8403444,51.2837495],[3.8403481,51.2837401],[3.8403955,51.2836592],[3.8403991,51.2836164],[3.8404256,51.2835691],[3.8404429,51.2834974],[3.8404478,51.283479],[3.8404601,51.2833954],[3.8404607,51.283389],[3.8404697,51.2833621],[3.8405034,51.2832987],[3.8405011,51.2832781],[3.8405352,51.2832086],[3.8405447,51.2831592],[3.8405828,51.2830438],[3.8405859,51.2830284],[3.8406057,51.2829551],[3.840613,51.2829382],[3.8406146,51.2829324],[3.8406601,51.282848],[3.8406681,51.2828071],[3.8406895,51.2827579],[3.8407008,51.2826951],[3.8407079,51.2826678],[3.8407348,51.2825823],[3.8407358,51.2825777],[3.8407417,51.2825499],[3.8407647,51.2824875],[3.8407737,51.2824664],[3.8408196,51.2823972],[3.8408671,51.2823156],[3.8408718,51.2823069],[3.8408805,51.2823016],[3.8409697,51.2822163],[3.8410209,51.2821342],[3.8410362,51.2821355],[3.8411642,51.2821291],[3.8411687,51.2821278],[3.8412882,51.2821457]]},"properties":{"rawObjectClass":"DEPCNT","VALDCO":5.5,"depthDatum":"Approximate LAT","depthDatumCode":42,"depthDatumStatus":"VERIFIED_FROM_OFFICIAL_DOCUMENTATION","verticalDatum":"Local Datum","verticalDatumCode":24,"napIdentityStatus":"UNVERIFIED","sourceKind":"official","sourceCellId":"1R7687LI","sourceStableId":"1F2B6A429E1C7588","sourceChecksum":"15df29d0ae5fbc875483ea2addc2d4e6c9148a876bdf65f0adfc75742fe31c47","pipelineFeatureId":"1R7687LI/DEPCNT/1280474628","provenance":{"cellId":"1R7687LI","checksum":"15df29d0ae5fbc875483ea2addc2d4e6c9148a876bdf65f0adfc75742fe31c47","readerVersion":"GDAL 3.2.2","processedAt":"2026-08-11T13:43:44.753Z"},"sourceProperties":{"RCID":1280474628,"PRIM":2,"GRUP":2,"OBJL":43,"RVER":1,"AGEN":7979,"FIDN":1782750748,"FIDS":30088,"LNAM":"1F2B6A429E1C7588","VALDCO":5.5,"SCAMIN":15000,"sourceCellId":"1R7687LI","sourceChecksum":"15df29d0ae5fbc875483ea2addc2d4e6c9148a876bdf65f0adfc75742fe31c47","rawObjectClass":"DEPCNT","sourceStableId":"1F2B6A429E1C7588"}}},{"type":"Feature","geometry":{"type":"LineString","coordinates":[[3.8344438,51.2931921],[3.8344824,51.2932078],[3.8345512,51.2932328],[3.8345307,51.2932935],[3.8345378,51.2933228],[3.8344855,51.2933805],[3.8344786,51.2934132],[3.834479,51.2934177],[3.8344642,51.2935032],[3.8344425,51.293532],[3.8344227,51.2935934],[3.83437,51.2936695],[3.8343737,51.2936837],[3.834381,51.2937044],[3.8343617,51.2937737],[3.8344941,51.2938514],[3.8346179,51.2938495],[3.8346375,51.2938507],[3.834656,51.2938615],[3.8346908,51.2939185],[3.8346768,51.2939513],[3.8346496,51.2940359],[3.8346485,51.2940414],[3.8346411,51.2940498],[3.834514,51.2941323],[3.8344995,51.2941503],[3.8344586,51.2941327],[3.8344662,51.2941122],[3.8344136,51.2940431],[3.8344168,51.2940033],[3.8344288,51.293953],[3.8344679,51.2938795],[3.8344681,51.2938628],[3.8343494,51.2937855],[3.834331,51.2938638],[3.8342089,51.293946],[3.8341887,51.2939548],[3.8341705,51.2939727]]},"properties":{"rawObjectClass":"DEPCNT","VALDCO":5.5,"depthDatum":"Approximate LAT","depthDatumCode":42,"depthDatumStatus":"VERIFIED_FROM_OFFICIAL_DOCUMENTATION","verticalDatum":"Local Datum","verticalDatumCode":24,"napIdentityStatus":"UNVERIFIED","sourceKind":"official","sourceCellId":"1R7687LI","sourceStableId":"1F2B6A429E1C7589","sourceChecksum":"15df29d0ae5fbc875483ea2addc2d4e6c9148a876bdf65f0adfc75742fe31c47","pipelineFeatureId":"1R7687LI/DEPCNT/1280474629","provenance":{"cellId":"1R7687LI","checksum":"15df29d0ae5fbc875483ea2addc2d4e6c9148a876bdf65f0adfc75742fe31c47","readerVersion":"GDAL 3.2.2","processedAt":"2026-08-11T13:43:44.753Z"},"sourceProperties":{"RCID":1280474629,"PRIM":2,"GRUP":2,"OBJL":43,"RVER":1,"AGEN":7979,"FIDN":1782750748,"FIDS":30089,"LNAM":"1F2B6A429E1C7589","VALDCO":5.5,"SCAMIN":15000,"sourceCellId":"1R7687LI","sourceChecksum":"15df29d0ae5fbc875483ea2addc2d4e6c9148a876bdf65f0adfc75742fe31c47","rawObjectClass":"DEPCNT","sourceStableId":"1F2B6A429E1C7589"}}},{"type":"Feature","geometry":{"type":"LineString","coordinates":[[3.8188517,51.3236941],[3.8189107,51.3237048],[3.8189619,51.323703],[3.8190124,51.3237362],[3.8191073,51.3238061],[3.8191386,51.3238253],[3.8191623,51.3238814],[3.8191506,51.3239151],[3.8191101,51.3239664],[3.8190624,51.3240056],[3.8190232,51.3240614],[3.8189879,51.3240961],[3.8189691,51.3241059],[3.8189537,51.324106],[3.8188256,51.3241092],[3.8187567,51.3240977],[3.8186814,51.3240668],[3.8186067,51.3240165]]},"properties":{"rawObjectClass":"DEPCNT","VALDCO":5.5,"depthDatum":"Approximate LAT","depthDatumCode":42,"depthDatumStatus":"VERIFIED_FROM_OFFICIAL_DOCUMENTATION","verticalDatum":"Local Datum","verticalDatumCode":24,"napIdentityStatus":"UNVERIFIED","sourceKind":"official","sourceCellId":"1R7687LI","sourceStableId":"1F2B6A429E1C758A","sourceChecksum":"15df29d0ae5fbc875483ea2addc2d4e6c9148a876bdf65f0adfc75742fe31c47","pipelineFeatureId":"1R7687LI/DEPCNT/1280474630","provenance":{"cellId":"1R7687LI","checksum":"15df29d0ae5fbc875483ea2addc2d4e6c9148a876bdf65f0adfc75742fe31c47","readerVersion":"GDAL 3.2.2","processedAt":"2026-08-11T13:43:44.753Z"},"sourceProperties":{"RCID":1280474630,"PRIM":2,"GRUP":2,"OBJL":43,"RVER":1,"AGEN":7979,"FIDN":1782750748,"FIDS":30090,"LNAM":"1F2B6A429E1C758A","VALDCO":5.5,"SCAMIN":15000,"sourceCellId":"1R7687LI","sourceChecksum":"15df29d0ae5fbc875483ea2addc2d4e6c9148a876bdf65f0adfc75742fe31c47","rawObjectClass":"DEPCNT","sourceStableId":"1F2B6A429E1C758A"}}},{"type":"Feature","geometry":{"type":"LineString","coordinates":[[3.8280522,51.319275],[3.8280673,51.3192832],[3.8281341,51.3193558],[3.8280691,51.3193827],[3.8280168,51.3193895],[3.8279256,51.3193814],[3.8278847,51.3193576],[3.8278058,51.3192841],[3.8277997,51.3192683],[3.8277785,51.3191819],[3.8277781,51.3191785],[3.8277784,51.3191774],[3.8278153,51.3190883],[3.8278157,51.3190636],[3.8278236,51.3189983],[3.8278671,51.3189398],[3.8278887,51.3189079],[3.8279111,51.3188206],[3.8279115,51.3188179],[3.8279038,51.3187343],[3.8279063,51.318728],[3.8279134,51.3187013],[3.8279369,51.3186378],[3.8279406,51.3186198],[3.827967,51.3185477],[3.8279921,51.3184959],[3.8280207,51.3184574],[3.8280334,51.3183785],[3.8280352,51.3183674],[3.8280499,51.3183152],[3.8280703,51.3182772],[3.8280707,51.3182636],[3.8281064,51.318187],[3.8281104,51.3181472],[3.8281397,51.3180969],[3.8281695,51.3180184],[3.8281735,51.3180067],[3.8281876,51.3179948],[3.8282772,51.3179494],[3.8283299,51.3179282],[3.8283578,51.3179329],[3.8284736,51.3179373],[3.828474,51.3179373]]},"properties":{"rawObjectClass":"DEPCNT","VALDCO":5.5,"depthDatum":"Approximate LAT","depthDatumCode":42,"depthDatumStatus":"VERIFIED_FROM_OFFICIAL_DOCUMENTATION","verticalDatum":"Local Datum","verticalDatumCode":24,"napIdentityStatus":"UNVERIFIED","sourceKind":"official","sourceCellId":"1R7687LI","sourceStableId":"1F2B6A429E1C758B","sourceChecksum":"15df29d0ae5fbc875483ea2addc2d4e6c9148a876bdf65f0adfc75742fe31c47","pipelineFeatureId":"1R7687LI/DEPCNT/1280474631","provenance":{"cellId":"1R7687LI","checksum":"15df29d0ae5fbc875483ea2addc2d4e6c9148a876bdf65f0adfc75742fe31c47","readerVersion":"GDAL 3.2.2","processedAt":"2026-08-11T13:43:44.753Z"},"sourceProperties":{"RCID":1280474631,"PRIM":2,"GRUP":2,"OBJL":43,"RVER":1,"AGEN":7979,"FIDN":1782750748,"FIDS":30091,"LNAM":"1F2B6A429E1C758B","VALDCO":5.5,"SCAMIN":15000,"sourceCellId":"1R7687LI","sourceChecksum":"15df29d0ae5fbc875483ea2addc2d4e6c9148a876bdf65f0adfc75742fe31c47","rawObjectClass":"DEPCNT","sourceStableId":"1F2B6A429E1C758B"}}},{"type":"Feature","geometry":{"type":"LineString","coordinates":[[3.8298943,51.3148733],[3.8298532,51.3148696],[3.8297357,51.3149383],[3.8297293,51.3149507]]},"properties":{"rawObjectClass":"DEPCNT","VALDCO":5.5,"depthDatum":"Approximate LAT","depthDatumCode":42,"depthDatumStatus":"VERIFIED_FROM_OFFICIAL_DOCUMENTATION","verticalDatum":"Local Datum","verticalDatumCode":24,"napIdentityStatus":"UNVERIFIED","sourceKind":"official","sourceCellId":"1R7687LI","sourceStableId":"1F2B6A429E1C758C","sourceChecksum":"15df29d0ae5fbc875483ea2addc2d4e6c9148a876bdf65f0adfc75742fe31c47","pipelineFeatureId":"1R7687LI/DEPCNT/1280474632","provenance":{"cellId":"1R7687LI","checksum":"15df29d0ae5fbc875483ea2addc2d4e6c9148a876bdf65f0adfc75742fe31c47","readerVersion":"GDAL 3.2.2","processedAt":"2026-08-11T13:43:44.753Z"},"sourceProperties":{"RCID":1280474632,"PRIM":2,"GRUP":2,"OBJL":43,"RVER":1,"AGEN":7979,"FIDN":1782750748,"FIDS":30092,"LNAM":"1F2B6A429E1C758C","VALDCO":5.5,"SCAMIN":15000,"sourceCellId":"1R7687LI","sourceChecksum":"15df29d0ae5fbc875483ea2addc2d4e6c9148a876bdf65f0adfc75742fe31c47","rawObjectClass":"DEPCNT","sourceStableId":"1F2B6A429E1C758C"}}},{"type":"Feature","geometry":{"type":"LineString","coordinates":[[3.829029,51.3168254],[3.829038,51.3168316],[3.8290278,51.3168371],[3.8289873,51.3168576],[3.8288856,51.3169097],[3.8288572,51.3169051],[3.828742,51.3169059],[3.8286649,51.3168762],[3.8285976,51.316857],[3.8285784,51.3168349],[3.8285721,51.3167599],[3.8285742,51.316745],[3.8285698,51.3166704],[3.8285748,51.316655],[3.8285929,51.316592],[3.8285989,51.3165649],[3.8286007,51.3165597],[3.8286283,51.3164748],[3.8286334,51.3164478],[3.8286514,51.3163847],[3.8286715,51.3163324],[3.8286782,51.3162946],[3.8286881,51.3162308],[3.8286927,51.3162046],[3.8287284,51.3161491],[3.82875,51.3161143],[3.8287528,51.3160984],[3.8287786,51.3160241],[3.828787,51.3159855],[3.8287972,51.3159341],[3.8288063,51.3158822],[3.8288108,51.3158441],[3.8288514,51.3157623],[3.8288534,51.3157538],[3.8288645,51.3157387],[3.8289076,51.3156635],[3.8289126,51.3156322],[3.8289236,51.3155735],[3.8289328,51.3155282],[3.8289408,51.3154835],[3.8289728,51.3154117],[3.8289781,51.3153933],[3.8290011,51.3153601],[3.8290368,51.3153029],[3.829042,51.3152763],[3.8290564,51.3152129],[3.8291405,51.3151318],[3.8291588,51.3151222],[3.8292656,51.315042],[3.8292806,51.3150314],[3.8292822,51.3150301],[3.8293727,51.3149734],[3.8294241,51.3149429],[3.8294306,51.3149405],[3.8295671,51.3149185],[3.8296614,51.3148793],[3.8297101,51.314889],[3.8297586,51.3148482],[3.829852,51.3148012],[3.8298971,51.3147573],[3.8299939,51.3147145],[3.8301365,51.3146645],[3.8301517,51.3146559],[3.8302788,51.3145956],[3.8303312,51.3145744],[3.8304214,51.3145502],[3.8304721,51.3145734],[3.8304777,51.3145999]]},"properties":{"rawObjectClass":"DEPCNT","VALDCO":5.5,"depthDatum":"Approximate LAT","depthDatumCode":42,"depthDatumStatus":"VERIFIED_FROM_OFFICIAL_DOCUMENTATION","verticalDatum":"Local Datum","verticalDatumCode":24,"napIdentityStatus":"UNVERIFIED","sourceKind":"official","sourceCellId":"1R7687LI","sourceStableId":"1F2B6A429E1C758D","sourceChecksum":"15df29d0ae5fbc875483ea2addc2d4e6c9148a876bdf65f0adfc75742fe31c47","pipelineFeatureId":"1R7687LI/DEPCNT/1280474635","provenance":{"cellId":"1R7687LI","checksum":"15df29d0ae5fbc875483ea2addc2d4e6c9148a876bdf65f0adfc75742fe31c47","readerVersion":"GDAL 3.2.2","processedAt":"2026-08-11T13:43:44.753Z"},"sourceProperties":{"RCID":1280474635,"PRIM":2,"GRUP":2,"OBJL":43,"RVER":1,"AGEN":7979,"FIDN":1782750748,"FIDS":30093,"LNAM":"1F2B6A429E1C758D","VALDCO":5.5,"SCAMIN":15000,"sourceCellId":"1R7687LI","sourceChecksum":"15df29d0ae5fbc875483ea2addc2d4e6c9148a876bdf65f0adfc75742fe31c47","rawObjectClass":"DEPCNT","sourceStableId":"1F2B6A429E1C758D"}}},{"type":"Feature","geometry":{"type":"LineString","coordinates":[[3.8303016,51.3185818],[3.8302367,51.3186216],[3.8302296,51.3186988],[3.8302296,51.3186989]]},"properties":{"rawObjectClass":"DEPCNT","VALDCO":5.5,"depthDatum":"Approximate LAT","depthDatumCode":42,"depthDatumStatus":"VERIFIED_FROM_OFFICIAL_DOCUMENTATION","verticalDatum":"Local Datum","verticalDatumCode":24,"napIdentityStatus":"UNVERIFIED","sourceKind":"official","sourceCellId":"1R7687LI","sourceStableId":"1F2B6A429E1C758E","sourceChecksum":"15df29d0ae5fbc875483ea2addc2d4e6c9148a876bdf65f0adfc75742fe31c47","pipelineFeatureId":"1R7687LI/DEPCNT/1280474636","provenance":{"cellId":"1R7687LI","checksum":"15df29d0ae5fbc875483ea2addc2d4e6c9148a876bdf65f0adfc75742fe31c47","readerVersion":"GDAL 3.2.2","processedAt":"2026-08-11T13:43:44.753Z"},"sourceProperties":{"RCID":1280474636,"PRIM":2,"GRUP":2,"OBJL":43,"RVER":1,"AGEN":7979,"FIDN":1782750748,"FIDS":30094,"LNAM":"1F2B6A429E1C758E","VALDCO":5.5,"SCAMIN":15000,"sourceCellId":"1R7687LI","sourceChecksum":"15df29d0ae5fbc875483ea2addc2d4e6c9148a876bdf65f0adfc75742fe31c47","rawObjectClass":"DEPCNT","sourceStableId":"1F2B6A429E1C758E"}}},{"type":"Feature","geometry":{"type":"LineString","coordinates":[[3.8255675,51.325],[3.8255865,51.3249784],[3.8256157,51.3249488],[3.8257281,51.3248664],[3.8257435,51.3248579],[3.8258703,51.3247939],[3.8259444,51.3248304]]},"properties":{"rawObjectClass":"DEPCNT","VALDCO":5.5,"depthDatum":"Approximate LAT","depthDatumCode":42,"depthDatumStatus":"VERIFIED_FROM_OFFICIAL_DOCUMENTATION","verticalDatum":"Local Datum","verticalDatumCode":24,"napIdentityStatus":"UNVERIFIED","sourceKind":"official","sourceCellId":"1R7687LI","sourceStableId":"1F2B6A429E1C758F","sourceChecksum":"15df29d0ae5fbc875483ea2addc2d4e6c9148a876bdf65f0adfc75742fe31c47","pipelineFeatureId":"1R7687LI/DEPCNT/1280474637","provenance":{"cellId":"1R7687LI","checksum":"15df29d0ae5fbc875483ea2addc2d4e6c9148a876bdf65f0adfc75742fe31c47","readerVersion":"GDAL 3.2.2","processedAt":"2026-08-11T13:43:44.753Z"},"sourceProperties":{"RCID":1280474637,"PRIM":2,"GRUP":2,"OBJL":43,"RVER":1,"AGEN":7979,"FIDN":1782750748,"FIDS":30095,"LNAM":"1F2B6A429E1C758F","VALDCO":5.5,"SCAMIN":15000,"sourceCellId":"1R7687LI","sourceChecksum":"15df29d0ae5fbc875483ea2addc2d4e6c9148a876bdf65f0adfc75742fe31c47","rawObjectClass":"DEPCNT","sourceStableId":"1F2B6A429E1C758F"}}},{"type":"Feature","geometry":{"type":"LineString","coordinates":[[3.8310694,51.3167053],[3.8310333,51.3166476],[3.8310233,51.3166377],[3.8310328,51.3166232],[3.8310678,51.3165475],[3.831174,51.3164568],[3.8311752,51.3164556],[3.8312458,51.3163663],[3.8313146,51.3163365],[3.8314211,51.3162752],[3.8314567,51.3162581],[3.831553,51.3162134],[3.831599,51.3161926],[3.8316237,51.3161838],[3.8317414,51.3161329],[3.8318254,51.3160925],[3.8318836,51.3160617],[3.8319783,51.3160015],[3.8320254,51.3159641],[3.8321262,51.3159105],[3.8321673,51.3158807],[3.8322844,51.3158194],[3.8323094,51.3158011],[3.832366,51.3157831],[3.8324518,51.3157405],[3.8324722,51.3157282],[3.8325938,51.3156581],[3.8326347,51.3156371],[3.8327358,51.3155769],[3.8328228,51.3155458],[3.8328781,51.315513],[3.8329533,51.3154976],[3.8330209,51.3154707],[3.8330522,51.3154543],[3.8331629,51.3153916],[3.8332569,51.3153629],[3.8333054,51.3153359],[3.8333812,51.3153143],[3.8334479,51.3152807],[3.833469,51.3152715],[3.8335899,51.3152004],[3.8336291,51.3151804],[3.8337319,51.3151191],[3.8338388,51.315089],[3.8338745,51.315068],[3.8339292,51.3150539],[3.8340169,51.3150098],[3.8340434,51.3149976],[3.8341591,51.3149352],[3.8342557,51.3149062],[3.8343016,51.3148806],[3.8343546,51.3148722],[3.8344443,51.3148388],[3.8344855,51.3148146],[3.8345863,51.3147583],[3.8347048,51.3147231],[3.8347289,51.3147068],[3.8348363,51.3146543],[3.8348711,51.3146346],[3.8348755,51.314632],[3.8350132,51.3145576],[3.8350353,51.3145409],[3.8351549,51.3144618],[3.8351767,51.31445],[3.835297,51.3143863],[3.8353754,51.3143587],[3.8354393,51.3143177],[3.8355068,51.3143154],[3.8355822,51.3142873],[3.8356668,51.3142667],[3.8357247,51.3142319],[3.835814,51.3141757],[3.8358664,51.3141371],[3.8359448,51.3140848],[3.8359052,51.3140208],[3.8358694,51.3139955],[3.8358638,51.313991],[3.8358494,51.3139866],[3.8358296,51.3139957],[3.8357212,51.31404],[3.8356124,51.3140658],[3.8355783,51.3140711],[3.8355293,51.3140878],[3.8354357,51.3141196],[3.8353224,51.3141607],[3.8352926,51.3141419],[3.835182,51.3141598],[3.8351494,51.3141578],[3.8351327,51.3141806],[3.8351029,51.3142105],[3.8350282,51.3142712],[3.8350081,51.3142811],[3.8349738,51.3142933],[3.8348645,51.3142728],[3.8348639,51.3142724],[3.834864,51.3142721],[3.8348239,51.3141828],[3.8348008,51.3141459]]},"properties":{"rawObjectClass":"DEPCNT","VALDCO":5.5,"depthDatum":"Approximate LAT","depthDatumCode":42,"depthDatumStatus":"VERIFIED_FROM_OFFICIAL_DOCUMENTATION","verticalDatum":"Local Datum","verticalDatumCode":24,"napIdentityStatus":"UNVERIFIED","sourceKind":"official","sourceCellId":"1R7687LI","sourceStableId":"1F2B6A429E1C7590","sourceChecksum":"15df29d0ae5fbc875483ea2addc2d4e6c9148a876bdf65f0adfc75742fe31c47","pipelineFeatureId":"1R7687LI/DEPCNT/1280474638","provenance":{"cellId":"1R7687LI","checksum":"15df29d0ae5fbc875483ea2addc2d4e6c9148a876bdf65f0adfc75742fe31c47","readerVersion":"GDAL 3.2.2","processedAt":"2026-08-11T13:43:44.753Z"},"sourceProperties":{"RCID":1280474638,"PRIM":2,"GRUP":2,"OBJL":43,"RVER":1,"AGEN":7979,"FIDN":1782750748,"FIDS":30096,"LNAM":"1F2B6A429E1C7590","VALDCO":5.5,"SCAMIN":15000,"sourceCellId":"1R7687LI","sourceChecksum":"15df29d0ae5fbc875483ea2addc2d4e6c9148a876bdf65f0adfc75742fe31c47","rawObjectClass":"DEPCNT","sourceStableId":"1F2B6A429E1C7590"}}},{"type":"Feature","geometry":{"type":"LineString","coordinates":[[3.8270977,51.3215843],[3.8269912,51.321522],[3.8271022,51.3214745],[3.8271537,51.3214395]]},"properties":{"rawObjectClass":"DEPCNT","VALDCO":5.5,"depthDatum":"Approximate LAT","depthDatumCode":42,"depthDatumStatus":"VERIFIED_FROM_OFFICIAL_DOCUMENTATION","verticalDatum":"Local Datum","verticalDatumCode":24,"napIdentityStatus":"UNVERIFIED","sourceKind":"official","sourceCellId":"1R7687LI","sourceStableId":"1F2B6A429E1C7591","sourceChecksum":"15df29d0ae5fbc875483ea2addc2d4e6c9148a876bdf65f0adfc75742fe31c47","pipelineFeatureId":"1R7687LI/DEPCNT/1280474640","provenance":{"cellId":"1R7687LI","checksum":"15df29d0ae5fbc875483ea2addc2d4e6c9148a876bdf65f0adfc75742fe31c47","readerVersion":"GDAL 3.2.2","processedAt":"2026-08-11T13:43:44.753Z"},"sourceProperties":{"RCID":1280474640,"PRIM":2,"GRUP":2,"OBJL":43,"RVER":1,"AGEN":7979,"FIDN":1782750748,"FIDS":30097,"LNAM":"1F2B6A429E1C7591","VALDCO":5.5,"SCAMIN":15000,"sourceCellId":"1R7687LI","sourceChecksum":"15df29d0ae5fbc875483ea2addc2d4e6c9148a876bdf65f0adfc75742fe31c47","rawObjectClass":"DEPCNT","sourceStableId":"1F2B6A429E1C7591"}}},{"type":"Feature","geometry":{"type":"LineString","coordinates":[[3.8337998,51.2951113],[3.8338218,51.2951264],[3.8338615,51.2951781],[3.8338387,51.2952162],[3.8338429,51.295281],[3.8338396,51.2953061],[3.8338128,51.2953912],[3.8338126,51.2953962],[3.8338185,51.2954785],[3.8338176,51.2954861],[3.8338091,51.2955755],[3.8338091,51.2955761],[3.8338082,51.2955785],[3.8337418,51.2956665],[3.8337428,51.295709],[3.8337047,51.2957567],[3.833693,51.2958318],[3.8336879,51.2958467],[3.8336886,51.2958584],[3.8337232,51.2959364],[3.8336877,51.2960171],[3.8336871,51.2960265],[3.8336736,51.2960632],[3.8336237,51.2961169],[3.8335802,51.2961771],[3.8335536,51.2962073],[3.8335364,51.2962961],[3.8335363,51.2962974],[3.8335346,51.2963107],[3.8335236,51.2963797],[3.8335343,51.2963873],[3.833524,51.2964688],[3.8335254,51.2964773],[3.8335323,51.2965628],[3.8335322,51.2965672],[3.8335271,51.2966486],[3.8335301,51.2966571],[3.8335282,51.2966652],[3.8335236,51.2967471],[3.8335154,51.2968193],[3.8335223,51.296837],[3.8335273,51.2969154],[3.8335284,51.2969269],[3.8335285,51.2969379],[3.8335219,51.2970169],[3.8335229,51.2970324],[3.8335196,51.2971068],[3.8335192,51.2971258],[3.8335182,51.2971967],[3.8335159,51.2972188],[3.8335144,51.2972867],[3.8335052,51.2973166],[3.8334941,51.2973768],[3.8334658,51.2974328],[3.833449,51.297467],[3.8334133,51.297529],[3.8333938,51.2975573],[3.833393,51.2975705],[3.8333807,51.2976473],[3.8333782,51.2976709],[3.8333723,51.2977373],[3.8333548,51.2977769],[3.8333393,51.2978275],[3.8332805,51.2979155],[3.8332795,51.2979178],[3.833277,51.2979228],[3.8332492,51.298008],[3.8332494,51.2980264],[3.8332458,51.2980979],[3.8332363,51.2981257],[3.8332251,51.298188],[3.8331834,51.2982506],[3.8331696,51.2982783],[3.8331412,51.2983452],[3.8331331,51.2983685],[3.8331333,51.2983737],[3.8331093,51.2984586],[3.8331032,51.298484],[3.833103,51.2985485],[3.8330885,51.2985843],[3.833065,51.2986387],[3.8330197,51.2987194],[3.8330177,51.298729],[3.8330117,51.2988155],[3.8330111,51.298819],[3.8330065,51.2988285],[3.8329778,51.2989091],[3.8329597,51.2989398],[3.8329447,51.2989993],[3.8328997,51.2990692],[3.8328921,51.2990896],[3.8328688,51.2991483],[3.8328611,51.2991797],[3.8328613,51.2991848],[3.8328471,51.2992697],[3.8328417,51.2992883],[3.8328273,51.2993598],[3.8328042,51.2994034],[3.8327916,51.29945],[3.8327324,51.2995377],[3.8327309,51.2995403],[3.8327309,51.2995413],[3.8327164,51.2996303],[3.832714,51.2996431],[3.8327087,51.2997203],[3.8327,51.299743],[3.8326711,51.2998105],[3.832632,51.2998776],[3.8326289,51.2999007],[3.8325965,51.2999544],[3.8325814,51.299991],[3.8325918,51.3000765],[3.8325917,51.3000808],[3.8325875,51.3000881],[3.8325568,51.300171],[3.8325148,51.3002256],[3.832493,51.3002614],[3.8324598,51.3003272],[3.8324518,51.3003516],[3.8324519,51.3003569],[3.8324355,51.3004584],[3.832435,51.3005316],[3.8323863,51.3005809],[3.8323649,51.300622],[3.8323478,51.3006965],[3.8323409,51.3007121],[3.8323245,51.3007784],[3.8323201,51.3008022],[3.8323195,51.3008056],[3.8323085,51.3008922],[3.8322982,51.3009103],[3.832273,51.3009823],[3.8322489,51.3010328],[3.8322295,51.3010726],[3.8321877,51.3011453],[3.8321803,51.3011628],[3.832179,51.3011686],[3.8321578,51.3012529],[3.8321286,51.3012919],[3.8321101,51.3013432],[3.8320665,51.3014226],[3.8320621,51.3014334],[3.8320504,51.3014822],[3.8320447,51.3015235],[3.8320437,51.3015282],[3.8320324,51.3016135],[3.8320238,51.3016319],[3.8320043,51.3017036],[3.83195,51.3017702],[3.8319387,51.301794],[3.8319232,51.3018783],[3.8319213,51.3018841],[3.8319145,51.3018998],[3.8318946,51.3019742],[3.8318889,51.3019913],[3.8318774,51.3020642],[3.8318309,51.3021194],[3.8318194,51.3021546],[3.8317897,51.3022368],[3.8317859,51.3022447],[3.8317777,51.3022699],[3.8317668,51.3023348],[3.8317605,51.3023465],[3.8317343,51.3024249],[3.8316969,51.3024782],[3.8316845,51.3025152],[3.8316581,51.302594],[3.8316552,51.3026053],[3.8316412,51.3026516],[3.8316339,51.3026954],[3.8316323,51.3027016],[3.8316143,51.3027855],[3.8316042,51.3028105],[3.8315938,51.3028755],[3.8315513,51.3029354],[3.8315351,51.3029659],[3.8315048,51.3030455],[3.8315019,51.303056],[3.8315019,51.303058],[3.8314853,51.3031461],[3.8314784,51.303164],[3.8314664,51.3032361],[3.8314173,51.3032942],[3.8314008,51.3033265],[3.8313836,51.3034067],[3.8313812,51.3034166],[3.8313687,51.3034518],[3.8313555,51.3035157],[3.8313552,51.3035966],[3.8313367,51.3036187],[3.8312997,51.3036869],[3.8312768,51.3037481],[3.8312671,51.3037771],[3.8312325,51.3038517],[3.8312281,51.3038673],[3.8312276,51.3038706],[3.8312061,51.3039574],[3.8311968,51.3039812],[3.8311864,51.3040474],[3.8311454,51.3041052],[3.8311359,51.3041377],[3.8311128,51.304217],[3.8311092,51.3042278],[3.8310965,51.3042646],[3.8310857,51.3043179],[3.8310806,51.3043286],[3.8310657,51.304408],[3.8310408,51.3044451],[3.8310222,51.3044982],[3.8310049,51.3045591],[3.8309933,51.3045883],[3.8309604,51.304674],[3.830959,51.3046785],[3.830959,51.3046794],[3.8309415,51.3047685],[3.8309271,51.3047909],[3.8309056,51.3048587],[3.8308872,51.3049074],[3.8308732,51.3049489],[3.8308469,51.3050242],[3.8308245,51.3050912],[3.8308154,51.3051291],[3.8308152,51.3051355],[3.8308038,51.3052191],[3.8307914,51.3052417],[3.8307762,51.3053092],[3.8307342,51.3053693],[3.8307183,51.3053996],[3.8306879,51.3054681],[3.8306814,51.3054898],[3.8306807,51.3054946],[3.8306562,51.3055799],[3.8306463,51.3056076],[3.8306406,51.3056699],[3.8306098,51.3057219],[3.8305952,51.3057601],[3.8305513,51.3058493],[3.8305508,51.3058504],[3.8305508,51.3058507],[3.8305245,51.3059405],[3.8305201,51.3059613],[3.8305026,51.3060306],[3.8304934,51.3060694],[3.8304805,51.3061206],[3.8304571,51.3061836],[3.8304494,51.3062108],[3.8304197,51.3062985],[3.8304188,51.3063009],[3.8304161,51.3063075],[3.8303836,51.3063911],[3.8303765,51.3064172],[3.8303579,51.3064812],[3.8303332,51.3065359],[3.8303241,51.3065714],[3.8302787,51.3066432],[3.830268,51.3066617],[3.8302659,51.30667],[3.8302458,51.3067518],[3.8302344,51.3067812],[3.8302142,51.3068419],[3.8301754,51.3069099],[3.8301687,51.3069321],[3.830142,51.3070166],[3.8301403,51.3070223],[3.8301401,51.3070235],[3.8301069,51.3071124],[3.8300979,51.3071415],[3.8300776,51.3072026],[3.8300396,51.3072699],[3.8300337,51.3072928],[3.830009,51.3073804],[3.8300081,51.3073829],[3.8300053,51.3073933],[3.8299885,51.307473],[3.8299779,51.3074913],[3.8299494,51.3075632],[3.8299183,51.3076205],[3.8299104,51.3076534],[3.8298891,51.3077301],[3.8298838,51.3077435],[3.8298695,51.3078176],[3.8298672,51.3078335],[3.8298671,51.3078352],[3.8298431,51.3079236],[3.8298335,51.3079477],[3.8298181,51.3080137],[3.8297883,51.3080676],[3.8297765,51.3081039],[3.829753,51.3081812],[3.8297484,51.308194],[3.8297337,51.3082411],[3.8297232,51.3082841],[3.8297225,51.3082917],[3.8297033,51.3083742],[3.8296545,51.3084263],[3.8296317,51.3084646],[3.829612,51.3085444],[3.8296083,51.3085547],[3.8295966,51.3085947],[3.8295858,51.3086448],[3.8295851,51.3086527],[3.8295664,51.3087349],[3.8295419,51.3087713],[3.8295272,51.3088251],[3.8295107,51.3088823],[3.8294968,51.3089152],[3.8294653,51.3090023],[3.8294623,51.3090054],[3.8294607,51.3090152],[3.8294376,51.3090955],[3.829434,51.3091134],[3.829406,51.3091856],[3.8293844,51.3092361],[3.8293497,51.3092759],[3.829331,51.3093612],[3.8293311,51.309366],[3.829324,51.3093914],[3.8292929,51.3094562],[3.8292778,51.3094863],[3.8292161,51.3095466],[3.8291936,51.3096312],[3.829194,51.3096367],[3.8291856,51.3096723],[3.8291637,51.3097269],[3.8291571,51.3097456],[3.8290876,51.3098173],[3.8290684,51.3098934],[3.8290693,51.3099074],[3.8290476,51.3099775],[3.8290369,51.3099975],[3.8290334,51.3100068],[3.8289555,51.310088],[3.828929,51.3101647],[3.8289295,51.3101781],[3.828909,51.3102479],[3.8289005,51.3102683],[3.8288923,51.3102792],[3.8288088,51.3103588],[3.8287876,51.3104372],[3.8287882,51.3104489],[3.8287694,51.3104642],[3.8287054,51.3105394],[3.8286983,51.3105854],[3.8287028,51.3106293],[3.8286298,51.3106769],[3.8285672,51.3107202],[3.8285704,51.3107718],[3.8285709,51.3108101],[3.8284897,51.3108623],[3.8284324,51.310901],[3.8284363,51.3109564],[3.8284364,51.3109909],[3.8284328,51.3110285],[3.8284363,51.3110808],[3.828351,51.3111327],[3.8282908,51.3111718],[3.8283059,51.3112322],[3.8283058,51.3112616],[3.8283225,51.3113313],[3.8283239,51.3113514],[3.828213,51.3114349],[3.8282016,51.3114422],[3.8280958,51.3115173],[3.8281709,51.3115323],[3.8280995,51.3115503],[3.8281799,51.3116222],[3.8281889,51.3116395],[3.8281425,51.3117124],[3.828136,51.3117644],[3.8281164,51.3118025],[3.8280773,51.3118663],[3.8280556,51.3118928],[3.828056,51.3119066],[3.8280078,51.3119831],[3.827982,51.312045],[3.8279769,51.3120732],[3.8279385,51.3121245],[3.8279078,51.3121636],[3.8279006,51.3121881],[3.8278755,51.3122538],[3.8277985,51.3123215],[3.8277704,51.3123445],[3.8277719,51.3123616],[3.8277492,51.3124345],[3.8277286,51.3124803],[3.8277142,51.3125247],[3.8276601,51.3125997],[3.8276462,51.3126151],[3.8276386,51.3126289],[3.8275905,51.3127054],[3.8275596,51.3127705],[3.8275478,51.3127956],[3.827521,51.3128448],[3.8274988,51.3128859],[3.827485,51.3129093],[3.8274388,51.3129763],[3.8274011,51.313054],[3.8273974,51.3130665],[3.8273819,51.3130865],[3.8273383,51.3131568],[3.8272967,51.3132119],[3.8272785,51.3132472],[3.8272498,51.3133329],[3.827248,51.3133373],[3.827243,51.3133462],[3.8272034,51.3134275],[3.8271568,51.3134834],[3.8271337,51.3135179],[3.8271034,51.3135576],[3.8270708,51.3136083],[3.827045,51.3136461],[3.8270117,51.3136987],[3.8269633,51.3137481],[3.8269268,51.3137892],[3.8269064,51.3138258],[3.8268745,51.3138795],[3.8268237,51.3139658],[3.8268202,51.3139698],[3.8268205,51.3139719],[3.8267596,51.3140601],[3.8266835,51.314148],[3.8266795,51.3141506],[3.8266797,51.314153],[3.8266155,51.314241],[3.8265661,51.3143168],[3.8265642,51.3143313],[3.8265438,51.3143555],[3.826486,51.3144217],[3.8264542,51.3144795],[3.8264331,51.314512],[3.8264041,51.3145703],[3.8263822,51.3146023],[3.8263747,51.3146214],[3.8263227,51.3146927],[3.8262644,51.3147802],[3.8262623,51.314783],[3.8262621,51.3147845],[3.8262183,51.3148732],[3.8261861,51.3149242],[3.8261621,51.3149636],[3.826125,51.3150055],[3.8260853,51.315054],[3.8260836,51.3150808],[3.8260552,51.3151442],[3.8259854,51.3152231],[3.8259699,51.3152347],[3.8259584,51.315252],[3.8259041,51.3153251],[3.8258717,51.3153985],[3.8258628,51.3154153],[3.8258457,51.3154364],[3.8257818,51.3155058],[3.825705,51.3155878],[3.8256959,51.3155963],[3.8256909,51.3156054],[3.8256283,51.3156867],[3.8255972,51.3157563],[3.825589,51.3157769],[3.8255653,51.3158001],[3.8254976,51.3158675],[3.8254568,51.3159373],[3.8254483,51.3159577],[3.825425,51.3159813],[3.8253761,51.3160482],[3.825297,51.3161306],[3.8252915,51.3161387],[3.8252845,51.3161461],[3.825233,51.316229],[3.825144,51.316315],[3.8251366,51.3163196],[3.8251367,51.3163244],[3.8250925,51.3164099],[3.8250561,51.3164669],[3.8250397,51.3165001],[3.8250046,51.3165382],[3.8249397,51.3165908],[3.8249036,51.3166556],[3.8248846,51.3166811],[3.8248641,51.316709],[3.8248081,51.3167715],[3.8247233,51.3168601],[3.8247212,51.3168621],[3.8247196,51.3168645],[3.8246539,51.3169525],[3.8245925,51.3170369],[3.8245879,51.3170429],[3.8245832,51.3170491],[3.8245253,51.3171332],[3.8244752,51.317203],[3.8244561,51.3172236],[3.8244432,51.3172434],[3.8243779,51.3173141],[3.8243118,51.3173986],[3.8243078,51.3174045],[3.8243027,51.3174108],[3.8242418,51.3174949],[3.8241939,51.3175652],[3.8241794,51.3175853],[3.8241627,51.3176044],[3.8240929,51.3176758],[3.8240443,51.317752],[3.8240348,51.3177661],[3.8240223,51.3177798],[3.8239404,51.3178567],[3.8238814,51.3179224],[3.8238585,51.3179472],[3.8237945,51.318003],[3.8237565,51.3180379],[3.8237403,51.3180582],[3.8236476,51.3180972],[3.823598,51.3181233],[3.8235883,51.3181229],[3.8234544,51.3181157],[3.8233298,51.3180409],[3.8233117,51.3180334]]},"properties":{"rawObjectClass":"DEPCNT","VALDCO":5.5,"depthDatum":"Approximate LAT","depthDatumCode":42,"depthDatumStatus":"VERIFIED_FROM_OFFICIAL_DOCUMENTATION","verticalDatum":"Local Datum","verticalDatumCode":24,"napIdentityStatus":"UNVERIFIED","sourceKind":"official","sourceCellId":"1R7687LI","sourceStableId":"1F2B6A429E1C7592","sourceChecksum":"15df29d0ae5fbc875483ea2addc2d4e6c9148a876bdf65f0adfc75742fe31c47","pipelineFeatureId":"1R7687LI/DEPCNT/1280474642","provenance":{"cellId":"1R7687LI","checksum":"15df29d0ae5fbc875483ea2addc2d4e6c9148a876bdf65f0adfc75742fe31c47","readerVersion":"GDAL 3.2.2","processedAt":"2026-08-11T13:43:44.753Z"},"sourceProperties":{"RCID":1280474642,"PRIM":2,"GRUP":2,"OBJL":43,"RVER":1,"AGEN":7979,"FIDN":1782750748,"FIDS":30098,"LNAM":"1F2B6A429E1C7592","VALDCO":5.5,"SCAMIN":15000,"sourceCellId":"1R7687LI","sourceChecksum":"15df29d0ae5fbc875483ea2addc2d4e6c9148a876bdf65f0adfc75742fe31c47","rawObjectClass":"DEPCNT","sourceStableId":"1F2B6A429E1C7592"}}},{"type":"Feature","geometry":{"type":"LineString","coordinates":[[3.8262676,51.3238887],[3.8262545,51.3238652],[3.8262523,51.3238455],[3.8262368,51.3237754],[3.8262406,51.323711],[3.8262398,51.3236855],[3.8262799,51.3236288],[3.8263552,51.3235947],[3.8263589,51.3235443],[3.8263841,51.3235046],[3.8264197,51.3234207],[3.8264197,51.3234206]]},"properties":{"rawObjectClass":"DEPCNT","VALDCO":5.5,"depthDatum":"Approximate LAT","depthDatumCode":42,"depthDatumStatus":"VERIFIED_FROM_OFFICIAL_DOCUMENTATION","verticalDatum":"Local Datum","verticalDatumCode":24,"napIdentityStatus":"UNVERIFIED","sourceKind":"official","sourceCellId":"1R7687LI","sourceStableId":"1F2B6A429E1C7593","sourceChecksum":"15df29d0ae5fbc875483ea2addc2d4e6c9148a876bdf65f0adfc75742fe31c47","pipelineFeatureId":"1R7687LI/DEPCNT/1280474643","provenance":{"cellId":"1R7687LI","checksum":"15df29d0ae5fbc875483ea2addc2d4e6c9148a876bdf65f0adfc75742fe31c47","readerVersion":"GDAL 3.2.2","processedAt":"2026-08-11T13:43:44.753Z"},"sourceProperties":{"RCID":1280474643,"PRIM":2,"GRUP":2,"OBJL":43,"RVER":1,"AGEN":7979,"FIDN":1782750748,"FIDS":30099,"LNAM":"1F2B6A429E1C7593","VALDCO":5.5,"SCAMIN":15000,"sourceCellId":"1R7687LI","sourceChecksum":"15df29d0ae5fbc875483ea2addc2d4e6c9148a876bdf65f0adfc75742fe31c47","rawObjectClass":"DEPCNT","sourceStableId":"1F2B6A429E1C7593"}}},{"type":"Feature","geometry":{"type":"LineString","coordinates":[[3.8260383,51.3245567],[3.8260359,51.3244962],[3.826066,51.3244758]]},"properties":{"rawObjectClass":"DEPCNT","VALDCO":5.5,"depthDatum":"Approximate LAT","depthDatumCode":42,"depthDatumStatus":"VERIFIED_FROM_OFFICIAL_DOCUMENTATION","verticalDatum":"Local Datum","verticalDatumCode":24,"napIdentityStatus":"UNVERIFIED","sourceKind":"official","sourceCellId":"1R7687LI","sourceStableId":"1F2B6A429E1C7594","sourceChecksum":"15df29d0ae5fbc875483ea2addc2d4e6c9148a876bdf65f0adfc75742fe31c47","pipelineFeatureId":"1R7687LI/DEPCNT/1280474644","provenance":{"cellId":"1R7687LI","checksum":"15df29d0ae5fbc875483ea2addc2d4e6c9148a876bdf65f0adfc75742fe31c47","readerVersion":"GDAL 3.2.2","processedAt":"2026-08-11T13:43:44.753Z"},"sourceProperties":{"RCID":1280474644,"PRIM":2,"GRUP":2,"OBJL":43,"RVER":1,"AGEN":7979,"FIDN":1782750748,"FIDS":30100,"LNAM":"1F2B6A429E1C7594","VALDCO":5.5,"SCAMIN":15000,"sourceCellId":"1R7687LI","sourceChecksum":"15df29d0ae5fbc875483ea2addc2d4e6c9148a876bdf65f0adfc75742fe31c47","rawObjectClass":"DEPCNT","sourceStableId":"1F2B6A429E1C7594"}}},{"type":"Feature","geometry":{"type":"LineString","coordinates":[[3.8265559,51.3230122],[3.8265558,51.3230121],[3.8265247,51.3229641],[3.8265191,51.3229419],[3.8265088,51.3228743],[3.826521,51.3228038],[3.8265268,51.3227842],[3.8265244,51.3227106],[3.8265303,51.3226943],[3.8265487,51.3226151],[3.8265504,51.3226042],[3.8265503,51.3226031],[3.8265561,51.3225142],[3.826559,51.3225065],[3.8265756,51.3224242],[3.8265913,51.3223949],[3.8266271,51.3223339],[3.8266858,51.3222599],[3.8267003,51.3222435],[3.8267028,51.3222325],[3.826704,51.3221535],[3.8267006,51.322143],[3.826724,51.3220634],[3.8267256,51.322036],[3.8267355,51.3219734],[3.8267682,51.3219178],[3.826782,51.3218832],[3.8268218,51.3218386],[3.8269023,51.3217924],[3.8269639,51.3217617],[3.8270371,51.3217413]]},"properties":{"rawObjectClass":"DEPCNT","VALDCO":5.5,"depthDatum":"Approximate LAT","depthDatumCode":42,"depthDatumStatus":"VERIFIED_FROM_OFFICIAL_DOCUMENTATION","verticalDatum":"Local Datum","verticalDatumCode":24,"napIdentityStatus":"UNVERIFIED","sourceKind":"official","sourceCellId":"1R7687LI","sourceStableId":"1F2B6A429E1C7595","sourceChecksum":"15df29d0ae5fbc875483ea2addc2d4e6c9148a876bdf65f0adfc75742fe31c47","pipelineFeatureId":"1R7687LI/DEPCNT/1280474645","provenance":{"cellId":"1R7687LI","checksum":"15df29d0ae5fbc875483ea2addc2d4e6c9148a876bdf65f0adfc75742fe31c47","readerVersion":"GDAL 3.2.2","processedAt":"2026-08-11T13:43:44.753Z"},"sourceProperties":{"RCID":1280474645,"PRIM":2,"GRUP":2,"OBJL":43,"RVER":1,"AGEN":7979,"FIDN":1782750748,"FIDS":30101,"LNAM":"1F2B6A429E1C7595","VALDCO":5.5,"SCAMIN":15000,"sourceCellId":"1R7687LI","sourceChecksum":"15df29d0ae5fbc875483ea2addc2d4e6c9148a876bdf65f0adfc75742fe31c47","rawObjectClass":"DEPCNT","sourceStableId":"1F2B6A429E1C7595"}}},{"type":"Feature","geometry":{"type":"LineString","coordinates":[[3.8375948,51.275],[3.8376116,51.2750466],[3.8376325,51.2750703],[3.8376772,51.275136],[3.8377401,51.2751931],[3.8377611,51.2752253],[3.8377744,51.2752461],[3.8378005,51.275315],[3.8378347,51.275372],[3.837831,51.2754047],[3.8378883,51.275458],[3.8379055,51.2754941],[3.8379172,51.2755115],[3.837915,51.2755839],[3.8379371,51.2756126],[3.8379603,51.2756735],[3.8380117,51.2757473],[3.8380289,51.275763],[3.8380375,51.2757822],[3.8380664,51.2758526],[3.8380916,51.2758852],[3.8381056,51.2759422],[3.8381572,51.2760143],[3.8381725,51.2760317],[3.8381859,51.2760549],[3.8382332,51.2761212],[3.8382675,51.2761708],[3.8382769,51.2762108],[3.8383333,51.2762756],[3.8383432,51.2763002],[3.838354,51.2763127],[3.8383827,51.2763899],[3.8384062,51.2764337],[3.8384179,51.2764795],[3.8384531,51.2765513],[3.8384728,51.2765691],[3.8384804,51.276657],[3.8384817,51.2766589],[3.8384838,51.2766686],[3.8385476,51.2767484],[3.8385812,51.2768077],[3.8386194,51.2768378],[3.8386318,51.2769243],[3.8386328,51.2769276],[3.8386335,51.2769287],[3.8387041,51.277017],[3.8387367,51.2770808],[3.8387652,51.2771065],[3.8387791,51.2771376],[3.8388258,51.277196],[3.8388308,51.2772274],[3.8388503,51.2772858],[3.838903,51.2773606],[3.8389194,51.2773752],[3.8389271,51.2773938],[3.838995,51.2774646],[3.8390011,51.2775096],[3.8390319,51.2775542],[3.839075,51.2776425],[3.839076,51.2776438],[3.8390766,51.2776448],[3.8391095,51.2777335],[3.8391419,51.2777738],[3.8392055,51.2778227],[3.8391999,51.2778982],[3.8392079,51.2779127],[3.8392247,51.2779904],[3.8392288,51.2780024],[3.8392298,51.2780054],[3.8393043,51.2780918],[3.839321,51.2781502],[3.8393376,51.2781815],[3.8393728,51.2782469],[3.8393947,51.278271],[3.8394161,51.2782975],[3.8394762,51.2783603],[3.8395196,51.2784395],[3.8395267,51.2784499],[3.8395266,51.2784541],[3.8395764,51.2785395],[3.8395777,51.2785947],[3.8395706,51.2786294],[3.8395726,51.278689],[3.83957,51.2787194],[3.8395512,51.2788094],[3.8395401,51.2788918],[3.8395403,51.2788994],[3.8395386,51.2789837],[3.8395387,51.2789894],[3.8395425,51.2790721],[3.8395421,51.2790793],[3.8395382,51.2791659],[3.8395379,51.2791692],[3.8395344,51.2792491],[3.8395338,51.2792592],[3.8395336,51.2792598],[3.8394919,51.2793494],[3.8394883,51.2793798],[3.8394883,51.2794393],[3.8394807,51.2794757],[3.8394669,51.2795294],[3.839459,51.2795806],[3.8394466,51.2796195],[3.8394373,51.2796854],[3.8394368,51.2797095],[3.8394117,51.2797928],[3.8394098,51.2797996],[3.8394017,51.2798346],[3.8393886,51.2798897],[3.8393852,51.2799008],[3.8393716,51.2799797],[3.8393686,51.2800024],[3.8393547,51.2800697],[3.8393464,51.2801076],[3.8393341,51.2801598],[3.8393339,51.2802066],[3.8393336,51.2802497],[3.8393182,51.2803076],[3.8393121,51.2803398],[3.8392923,51.2804152],[3.8392882,51.2804299],[3.8392871,51.2805095],[3.8392853,51.2805199],[3.8392717,51.2805681],[3.8392566,51.28061],[3.8392537,51.2806219],[3.8392244,51.2807001],[3.8392213,51.2807337],[3.8392112,51.2807902],[3.8391992,51.2808388],[3.8391894,51.2808802],[3.8391563,51.2809573],[3.8391366,51.2810219],[3.8391284,51.2810605],[3.8391252,51.2810682],[3.8391061,51.2811506],[3.8390938,51.2811793],[3.8390716,51.2812408],[3.839058,51.2812933],[3.8390508,51.2813308],[3.8390155,51.2814115],[3.8390133,51.281421],[3.8390011,51.2814533],[3.8389887,51.2815111],[3.8389848,51.2815221],[3.8389833,51.2816011],[3.8389748,51.2816195],[3.8389534,51.2816912],[3.8389428,51.281731],[3.8389242,51.2817814],[3.8389025,51.2818478],[3.8388978,51.2818715],[3.8388667,51.2819469],[3.8388607,51.2819617],[3.838856,51.2819686],[3.8388147,51.2820519],[3.8387268,51.2821404],[3.8387246,51.2821425],[3.8387061,51.2822187],[3.8387124,51.2822325],[3.8387126,51.2822426],[3.8387121,51.2823224],[3.8387078,51.2823366],[3.8386946,51.2824125],[3.8386623,51.2824567],[3.8386441,51.2825028],[3.8385906,51.2825379],[3.8385516,51.2825933],[3.8385881,51.2826798],[3.8385882,51.282683],[3.838588,51.2826863],[3.8385697,51.2827731],[3.8385682,51.28279],[3.8385587,51.2828631],[3.8385254,51.2829085],[3.8385128,51.2829533],[3.8384865,51.2830244],[3.838479,51.2830435],[3.8384576,51.2831079],[3.8384513,51.2831336],[3.8384494,51.2831391],[3.8384218,51.2832237],[3.8384181,51.2832502],[3.8383994,51.2833138],[3.8383563,51.2833808],[3.8383484,51.2834041],[3.8383208,51.283469],[3.8383123,51.2834943],[3.8383104,51.2835012],[3.8382918,51.2835843],[3.8382894,51.2836056],[3.8382725,51.2836744],[3.8382684,51.2837101],[3.8382546,51.2837645],[3.8382556,51.2838093],[3.8382465,51.2838544],[3.8381861,51.2839427],[3.8381838,51.2839448],[3.8381831,51.2839467],[3.8381679,51.2840348],[3.8381651,51.2840492],[3.8381305,51.284125],[3.8380955,51.2841848],[3.8380832,51.2842153],[3.8380493,51.2843057],[3.8380152,51.2843956],[3.8380042,51.2844253],[3.8379839,51.2844858],[3.8379476,51.2845526],[3.8379394,51.284576],[3.837914,51.2846651],[3.8379125,51.2846708],[3.8378948,51.2847562],[3.8378894,51.2847719],[3.8378723,51.2848463],[3.8378404,51.2848943],[3.8378231,51.2849365],[3.8377913,51.2850167],[3.8377879,51.2850267],[3.8377761,51.2850519],[3.837755,51.2851169],[3.8377402,51.2851405],[3.8377139,51.2852071],[3.8377123,51.2852493],[3.8377016,51.2852971],[3.8376981,51.2853494],[3.8376848,51.2853871],[3.8376456,51.2854741],[3.8376449,51.2854774],[3.8376409,51.2855041],[3.8376312,51.2855674],[3.8376286,51.2855759],[3.8375826,51.2856576],[3.8375735,51.2857023],[3.8375555,51.2857478],[3.8375291,51.2858217],[3.8375281,51.2858379],[3.8375051,51.2859222],[3.8375033,51.285928],[3.8375026,51.2859296],[3.8374635,51.2860182],[3.837457,51.2860498],[3.837433,51.2861083],[3.8374075,51.2861725],[3.8374013,51.2861985],[3.837368,51.2862712],[3.8373607,51.2862887],[3.8373551,51.2862971],[3.8373159,51.2863789],[3.8372778,51.2864377],[3.8372537,51.2864693],[3.8372296,51.2865455],[3.837226,51.2865594],[3.8372258,51.286562],[3.8372222,51.2866494],[3.8372195,51.286657],[3.8372086,51.2867394],[3.8372053,51.2867571],[3.8371785,51.2868295],[3.8371143,51.2869065],[3.8371067,51.28692],[3.837094,51.2869716],[3.8370876,51.28701],[3.8370864,51.2870153],[3.8370636,51.2871001],[3.8370566,51.2871254],[3.8370364,51.2871902],[3.8369736,51.2872696],[3.8369689,51.2872806],[3.8369581,51.2873706],[3.8369579,51.2873719],[3.8369432,51.2874607],[3.8369332,51.2874774],[3.8369041,51.2875509],[3.8368673,51.2876106],[3.8368501,51.2876412],[3.8368247,51.2877289],[3.8368242,51.2877313],[3.8368212,51.2877403],[3.8368032,51.2878214],[3.8367962,51.2878382],[3.8367743,51.2879115],[3.8367333,51.2879695],[3.8367274,51.2880017],[3.8367175,51.2880706],[3.8367126,51.2880918],[3.8366852,51.2881521],[3.8366755,51.288182],[3.836674,51.2881894],[3.8366576,51.288272],[3.8366363,51.2883046],[3.8366165,51.2883622],[3.8366091,51.288413],[3.836593,51.2884523],[3.8365482,51.2885052],[3.8365165,51.2885428],[3.8365168,51.2885632],[3.8365016,51.2886328],[3.836493,51.2886694],[3.8364838,51.2887229],[3.8364104,51.288812],[3.836409,51.2888133],[3.836409,51.2888142],[3.8363885,51.2889034],[3.8363911,51.2889167],[3.8363793,51.2889934],[3.8363801,51.2890147],[3.8363729,51.2890834],[3.8363537,51.2891226],[3.836352,51.2891734],[3.8363518,51.2892148],[3.8363375,51.2892635],[3.8363193,51.2893265],[3.8363148,51.2893535],[3.8362781,51.2894229],[3.8362669,51.2894438],[3.8362652,51.2894522],[3.8362638,51.2895337],[3.8362628,51.2895448],[3.8362622,51.2896237],[3.8362502,51.2896438],[3.8362241,51.2897139],[3.8362218,51.2897529],[3.8361944,51.289804],[3.8361873,51.289866],[3.8361838,51.289894],[3.8361568,51.2899766],[3.8361526,51.2899842],[3.8361452,51.2900018],[3.8360992,51.2900745],[3.8360214,51.2901544],[3.8360113,51.290165],[3.8360049,51.2901718],[3.8359301,51.2902555],[3.8358642,51.2903218],[3.8358449,51.290346],[3.8358252,51.2903712],[3.8357996,51.2904363],[3.8357242,51.2905113],[3.8357117,51.2905268],[3.8356601,51.2905681],[3.8356359,51.2906173],[3.8355841,51.2906915],[3.8355726,51.2907077],[3.8355182,51.29075],[3.8355132,51.290798],[3.8354437,51.2908605],[3.8353447,51.2908614],[3.8353007,51.2908819]]},"properties":{"rawObjectClass":"DEPCNT","VALDCO":5.5,"depthDatum":"Approximate LAT","depthDatumCode":42,"depthDatumStatus":"VERIFIED_FROM_OFFICIAL_DOCUMENTATION","verticalDatum":"Local Datum","verticalDatumCode":24,"napIdentityStatus":"UNVERIFIED","sourceKind":"official","sourceCellId":"1R7687LI","sourceStableId":"1F2B6A429E1C7596","sourceChecksum":"15df29d0ae5fbc875483ea2addc2d4e6c9148a876bdf65f0adfc75742fe31c47","pipelineFeatureId":"1R7687LI/DEPCNT/1280474646","provenance":{"cellId":"1R7687LI","checksum":"15df29d0ae5fbc875483ea2addc2d4e6c9148a876bdf65f0adfc75742fe31c47","readerVersion":"GDAL 3.2.2","processedAt":"2026-08-11T13:43:44.753Z"},"sourceProperties":{"RCID":1280474646,"PRIM":2,"GRUP":2,"OBJL":43,"RVER":1,"AGEN":7979,"FIDN":1782750748,"FIDS":30102,"LNAM":"1F2B6A429E1C7596","VALDCO":5.5,"SCAMIN":15000,"sourceCellId":"1R7687LI","sourceChecksum":"15df29d0ae5fbc875483ea2addc2d4e6c9148a876bdf65f0adfc75742fe31c47","rawObjectClass":"DEPCNT","sourceStableId":"1F2B6A429E1C7596"}}},{"type":"Feature","geometry":{"type":"LineString","coordinates":[[3.8332824,51.3048525],[3.8332594,51.3048768],[3.8331919,51.3048849],[3.833116,51.3048759],[3.8330497,51.3048435],[3.8331141,51.3047712],[3.8331302,51.3047666]]},"properties":{"rawObjectClass":"DEPCNT","VALDCO":5.5,"depthDatum":"Approximate LAT","depthDatumCode":42,"depthDatumStatus":"VERIFIED_FROM_OFFICIAL_DOCUMENTATION","verticalDatum":"Local Datum","verticalDatumCode":24,"napIdentityStatus":"UNVERIFIED","sourceKind":"official","sourceCellId":"1R7687LI","sourceStableId":"1F2B6A429E1C7597","sourceChecksum":"15df29d0ae5fbc875483ea2addc2d4e6c9148a876bdf65f0adfc75742fe31c47","pipelineFeatureId":"1R7687LI/DEPCNT/1280474647","provenance":{"cellId":"1R7687LI","checksum":"15df29d0ae5fbc875483ea2addc2d4e6c9148a876bdf65f0adfc75742fe31c47","readerVersion":"GDAL 3.2.2","processedAt":"2026-08-11T13:43:44.753Z"},"sourceProperties":{"RCID":1280474647,"PRIM":2,"GRUP":2,"OBJL":43,"RVER":1,"AGEN":7979,"FIDN":1782750748,"FIDS":30103,"LNAM":"1F2B6A429E1C7597","VALDCO":5.5,"SCAMIN":15000,"sourceCellId":"1R7687LI","sourceChecksum":"15df29d0ae5fbc875483ea2addc2d4e6c9148a876bdf65f0adfc75742fe31c47","rawObjectClass":"DEPCNT","sourceStableId":"1F2B6A429E1C7597"}}},{"type":"Feature","geometry":{"type":"LineString","coordinates":[[3.8322252,51.307581],[3.8321637,51.3075474],[3.8323021,51.3074707],[3.8323022,51.3074707]]},"properties":{"rawObjectClass":"DEPCNT","VALDCO":5,"depthDatum":"Approximate LAT","depthDatumCode":42,"depthDatumStatus":"VERIFIED_FROM_OFFICIAL_DOCUMENTATION","verticalDatum":"Local Datum","verticalDatumCode":24,"napIdentityStatus":"UNVERIFIED","sourceKind":"official","sourceCellId":"1R7687LI","sourceStableId":"1F2B6A429E1C7598","sourceChecksum":"15df29d0ae5fbc875483ea2addc2d4e6c9148a876bdf65f0adfc75742fe31c47","pipelineFeatureId":"1R7687LI/DEPCNT/1280474648","provenance":{"cellId":"1R7687LI","checksum":"15df29d0ae5fbc875483ea2addc2d4e6c9148a876bdf65f0adfc75742fe31c47","readerVersion":"GDAL 3.2.2","processedAt":"2026-08-11T13:43:44.753Z"},"sourceProperties":{"RCID":1280474648,"PRIM":2,"GRUP":2,"OBJL":43,"RVER":1,"AGEN":7979,"FIDN":1782750748,"FIDS":30104,"LNAM":"1F2B6A429E1C7598","VALDCO":5,"SCAMIN":300000,"sourceCellId":"1R7687LI","sourceChecksum":"15df29d0ae5fbc875483ea2addc2d4e6c9148a876bdf65f0adfc75742fe31c47","rawObjectClass":"DEPCNT","sourceStableId":"1F2B6A429E1C7598"}}},{"type":"Feature","geometry":{"type":"LineString","coordinates":[[3.8330162,51.3045185],[3.832966,51.3045192],[3.8329319,51.3044846],[3.8329404,51.3044095],[3.8329447,51.3043946],[3.8329295,51.3043255],[3.8329375,51.3043047],[3.8329611,51.3042467],[3.8329784,51.3042145],[3.8329845,51.3041405],[3.8329815,51.3041246],[3.8329802,51.3041111],[3.8329992,51.3040345],[3.8329985,51.3040084],[3.8330206,51.3039445],[3.8330366,51.303893],[3.8330478,51.3038543],[3.8330958,51.3037641],[3.8331285,51.3036739],[3.8331368,51.3036469],[3.8331628,51.3035838],[3.8331672,51.3035364],[3.833179,51.3034937],[3.833218,51.3034129],[3.8332182,51.3034035],[3.8332322,51.3033738],[3.8332574,51.3033133],[3.8332571,51.3032969],[3.8332678,51.3032233],[3.8332699,51.3031977],[3.8332928,51.3031332],[3.8333445,51.3030589],[3.8333458,51.3030429],[3.8333684,51.3029719],[3.8333744,51.3029528],[3.8333744,51.3029487],[3.8334093,51.3028626],[3.8334098,51.3028351],[3.8334248,51.3027726],[3.8334333,51.3027291],[3.8334381,51.3026826],[3.833505,51.3025955],[3.8335093,51.3025921],[3.8335091,51.3025895],[3.8335334,51.3025021],[3.833534,51.3024826],[3.8335498,51.302412],[3.8335563,51.3023773],[3.8335692,51.302322],[3.8336346,51.3022362],[3.8336363,51.3022316],[3.8336415,51.3022136],[3.8336615,51.3021415],[3.8336611,51.3021283],[3.8336826,51.3020514],[3.8336805,51.3020248],[3.8336871,51.3019614],[3.833739,51.3018964],[3.8337503,51.3018711],[3.8337776,51.3018052],[3.8337877,51.3017809],[3.8337875,51.3017743],[3.833807,51.3016908],[3.8338061,51.3016715],[3.8338247,51.3016008],[3.8338294,51.3015655],[3.8338436,51.3015107],[3.8338976,51.3014308],[3.8339011,51.3014204],[3.8339136,51.3013966],[3.8339455,51.3013301],[3.833945,51.3013095],[3.8339582,51.3012401],[3.8339598,51.3012091],[3.8339677,51.3011501],[3.8340241,51.3010768],[3.834031,51.3010598],[3.8340499,51.3010018],[3.8340598,51.3009696],[3.83406,51.3009629],[3.8340968,51.3008794],[3.8340981,51.3008475],[3.8341039,51.3007895],[3.8341576,51.3007184],[3.8341627,51.3006991],[3.8341867,51.3006327],[3.8341958,51.300609],[3.8341956,51.3006031],[3.8342314,51.3005188],[3.8342461,51.3004797],[3.8342572,51.3004287],[3.8342942,51.3003579],[3.8343014,51.3003384],[3.8343235,51.3002689],[3.8343303,51.3002483],[3.8343299,51.3002441],[3.834359,51.3001582],[3.8343587,51.3001346],[3.8343739,51.3000682],[3.834384,51.3000275],[3.8343896,51.2999781],[3.8344076,51.2999214],[3.8344206,51.299888],[3.834459,51.2998317],[3.8344878,51.2997976],[3.8344881,51.2997788],[3.8345004,51.2997076],[3.8345001,51.2996801],[3.8345108,51.2996176],[3.834532,51.2995687],[3.8345444,51.2995274],[3.8345856,51.2994434],[3.8345873,51.2994372],[3.834595,51.2994213],[3.8346282,51.299347],[3.8346352,51.2993206],[3.8346628,51.2992568],[3.8347133,51.2991796],[3.8347147,51.2991665],[3.8347331,51.2991229],[3.834753,51.2990763],[3.834756,51.2990021],[3.8347543,51.2989864],[3.8347515,51.2989731],[3.8347811,51.2988963],[3.8347806,51.2988635],[3.8347937,51.2988063],[3.8348692,51.2987215],[3.8348789,51.2987157],[3.8348782,51.29871],[3.8349046,51.2986256],[3.8349024,51.2986035],[3.8349067,51.2985357],[3.8349053,51.2985107],[3.8349202,51.2984457],[3.8349412,51.2983967],[3.8349434,51.2983556],[3.8350047,51.2982834],[3.8350214,51.2982651],[3.8350208,51.2982547],[3.8350277,51.2981751],[3.8350279,51.2981592],[3.8350551,51.298085],[3.8350578,51.298049],[3.8350604,51.2979951],[3.8350984,51.297932],[3.8351082,51.2979048],[3.83514,51.2978322],[3.8351484,51.2978146],[3.8351481,51.2978092],[3.8351711,51.2977245],[3.8351767,51.2976999],[3.835193,51.2976344],[3.8352783,51.2975505],[3.835287,51.2975438],[3.8352882,51.2975375],[3.8353031,51.2974538],[3.8353022,51.2974375],[3.8353234,51.2973637],[3.8353231,51.2973331],[3.8353269,51.2972738],[3.8353445,51.2972285],[3.8353477,51.2971837],[3.8353645,51.2971247],[3.8353778,51.2970936],[3.8354122,51.297023],[3.835424,51.2970033],[3.8354238,51.2969957],[3.8354526,51.2969132],[3.8354789,51.2968694],[3.835494,51.296823],[3.8355504,51.296735],[3.835552,51.2967326],[3.8355519,51.2967316],[3.8355916,51.2966424],[3.8355906,51.2966159],[3.8355954,51.2965525],[3.8356106,51.296512],[3.8356204,51.2964624],[3.8356423,51.2964008],[3.8356456,51.2963723],[3.8356861,51.2963115],[3.8357042,51.2962819],[3.8357062,51.2962688],[3.8357155,51.2961919],[3.8357147,51.2961724],[3.8357386,51.2961018],[3.8357933,51.296031],[3.8357974,51.2960115],[3.8358018,51.2959347],[3.8358054,51.2959215],[3.835822,51.2958945],[3.8358548,51.2958312],[3.8358546,51.2958098],[3.8358759,51.2957412],[3.8359541,51.2956551],[3.8359552,51.2956507],[3.8359606,51.2956318],[3.8359754,51.2955606],[3.8359755,51.2955504],[3.8359982,51.2954705],[3.835998,51.295445],[3.8360074,51.2953805],[3.8360069,51.2953483],[3.8360101,51.2952906],[3.836033,51.2952406],[3.8360421,51.2952004],[3.8360951,51.2951414],[3.8361254,51.2951099],[3.8361237,51.2950915],[3.8361317,51.29502],[3.8361342,51.2949938],[3.8361416,51.29493],[3.8362332,51.2948467],[3.8362445,51.2948393],[3.8362444,51.2948321],[3.8362649,51.2947492],[3.8362639,51.2947287],[3.8362756,51.2946592],[3.8362759,51.29463],[3.8362838,51.2945693],[3.8362931,51.294528],[3.836304,51.2944792],[3.8363686,51.2944019],[3.8363845,51.2943887],[3.8363845,51.2943784],[3.8363886,51.2942849],[3.8364203,51.2942086],[3.8364304,51.2941671],[3.8364396,51.2941185],[3.8364644,51.2940543],[3.8364609,51.2940285],[3.836487,51.2939489],[3.836484,51.2939384],[3.8365024,51.2938721],[3.8365265,51.2938482],[3.8365219,51.2937717],[3.8365063,51.2937584],[3.8365062,51.2937546],[3.8365666,51.293668],[3.8366406,51.2935887],[3.8367005,51.2935771],[3.8367524,51.2935057],[3.8367762,51.2934867],[3.8367651,51.2934066],[3.8367689,51.2933968],[3.8367696,51.2933128],[3.83677,51.2933069],[3.8367694,51.293301],[3.8367389,51.2932172],[3.8367765,51.2931719],[3.8368105,51.2931267],[3.8368084,51.293106],[3.8368295,51.2930367],[3.8368215,51.2929773],[3.83682,51.2929468],[3.8368188,51.2929174],[3.8368214,51.2928569],[3.8368353,51.2928159],[3.8368403,51.2927668],[3.8369114,51.2927027],[3.8369403,51.2926762],[3.8369417,51.2926566],[3.836955,51.2925862],[3.8369563,51.2925563],[3.8369719,51.2924961],[3.8369923,51.2924061],[3.8370405,51.2923204],[3.8370416,51.2923158],[3.837047,51.2922747],[3.8370548,51.2922258],[3.8370553,51.29222],[3.837104,51.2921355],[3.8371149,51.2920908],[3.8371185,51.2920455],[3.8371545,51.2919744],[3.8371628,51.2919552],[3.8371833,51.2918844],[3.8371901,51.2918651],[3.8371899,51.2918607],[3.8372022,51.2917751],[3.8372084,51.2917579],[3.837245,51.2916849],[3.8373217,51.291608],[3.8373377,51.2915943],[3.8373331,51.2915126],[3.8373327,51.2915044],[3.8373324,51.2914964],[3.8373571,51.2914143],[3.8373634,51.2913856],[3.837378,51.2913242],[3.8373931,51.2912755],[3.8374068,51.2912341],[3.837454,51.2911455],[3.8374544,51.2911438],[3.8374566,51.2911389],[3.8374866,51.2910537],[3.8374862,51.2910339],[3.8375081,51.2909636],[3.8375311,51.2909142],[3.8375413,51.2908735],[3.8375938,51.2907994],[3.8376072,51.2907831],[3.8376067,51.2907747],[3.837622,51.290693],[3.8376211,51.2906745],[3.83763,51.2906031],[3.8376627,51.2905569],[3.8376844,51.2905127],[3.8377308,51.290448],[3.8377499,51.2904223],[3.8377293,51.2903607],[3.8377188,51.2903326],[3.8377129,51.2902518],[3.8377144,51.2902428],[3.8377256,51.2901624],[3.8377284,51.2901527],[3.8377287,51.2901507],[3.8377727,51.2900625],[3.8377766,51.290029],[3.8377951,51.2899724],[3.8378448,51.2898943],[3.8378525,51.2898821],[3.8378637,51.2898687],[3.8379336,51.2897916],[3.8380043,51.2897147],[3.8380162,51.2897011],[3.8380164,51.2896932],[3.8380368,51.289611],[3.8380373,51.2895889],[3.8380541,51.2895209],[3.8380875,51.2894657],[3.8380963,51.2894307],[3.8381416,51.2893794],[3.8381701,51.2893403],[3.8381696,51.2893221],[3.8381861,51.2892502],[3.8382517,51.2891785],[3.8382471,51.2891599],[3.8382688,51.2890765],[3.8382735,51.2890698],[3.8382792,51.2890584],[3.8383052,51.2889796],[3.838305,51.2889623],[3.8383222,51.2888896],[3.8383344,51.2888525],[3.8383403,51.2887995],[3.8383763,51.2887346],[3.8383885,51.2887092],[3.8384156,51.2886726],[3.838452,51.2886189],[3.8384821,51.2885758],[3.8384984,51.2885286],[3.8384862,51.2884822],[3.8384936,51.2884387],[3.8385261,51.2883657],[3.8385329,51.2883485],[3.8385519,51.2882845],[3.8385614,51.2882584],[3.8385642,51.2882503],[3.8385965,51.2881682],[3.8385989,51.288137],[3.8386182,51.2880781],[3.838677,51.287996],[3.8386829,51.2879878],[3.8386896,51.2879697],[3.8387169,51.2878976],[3.8387217,51.2878763],[3.8387481,51.2878074],[3.8387615,51.2877599],[3.8387746,51.2877173],[3.8387945,51.2876477],[3.8388051,51.2876272],[3.8388259,51.2875793],[3.8388498,51.2875369],[3.8388584,51.2875158],[3.8388899,51.2874467],[3.8389094,51.2873921],[3.8389298,51.2873565],[3.8389602,51.2872686],[3.8389609,51.2872664],[3.8389635,51.2872626],[3.8390294,51.287176],[3.8390384,51.2871274],[3.8390515,51.2870859],[3.8390998,51.286997],[3.8391005,51.2869956],[3.839102,51.2869911],[3.8391393,51.2869054],[3.8391435,51.286878],[3.839169,51.2868153],[3.8392111,51.2867437],[3.839221,51.286725],[3.8392391,51.2866499],[3.839243,51.2866349],[3.8392478,51.2866292],[3.839289,51.2865447],[3.8392975,51.2865064],[3.8393387,51.2864544],[3.8393571,51.2863772],[3.8393614,51.2863643],[3.8393767,51.2863296],[3.8394063,51.286274],[3.8394145,51.2862494],[3.8394388,51.2861839],[3.8394618,51.286128],[3.839475,51.2860937],[3.839492,51.2860177],[3.8394994,51.2860036],[3.8395135,51.2859663],[3.8395511,51.2859133],[3.8395598,51.2858833],[3.8395859,51.2858231],[3.8396202,51.2857536],[3.839634,51.2857329],[3.8396519,51.285691],[3.8396788,51.2856426],[3.8396497,51.2855742],[3.8396448,51.285553],[3.8396432,51.2854659],[3.8396435,51.285463],[3.8396476,51.2854589],[3.8397713,51.2853722],[3.8397881,51.2853006],[3.8397994,51.2852821],[3.8398176,51.285263],[3.8398947,51.2851915],[3.8399081,51.285114],[3.8399171,51.2851014],[3.839927,51.2850529],[3.8399455,51.2850113],[3.8399431,51.2850006],[3.8399834,51.2849211],[3.839994,51.284877],[3.8400077,51.284831],[3.8400301,51.2847628],[3.8400445,51.2847408],[3.8400637,51.2846872],[3.8400833,51.2846506],[3.8400845,51.284637],[3.8400926,51.2845606],[3.840107,51.2845316],[3.8401341,51.2844704],[3.8401433,51.2844173],[3.8401677,51.2843802],[3.8401904,51.2842961],[3.8401931,51.2842901],[3.8401993,51.2842558],[3.8402177,51.2842],[3.8402305,51.2841794],[3.8402677,51.2841097],[3.8402754,51.2840597],[3.8403005,51.2840196],[3.8403163,51.2839425],[3.8403226,51.2839295],[3.8403361,51.2838965],[3.8403678,51.2838392],[3.8403718,51.2838159],[3.8403768,51.2837492],[3.8403916,51.2837122],[3.8404228,51.283659],[3.8404279,51.283598],[3.8404441,51.2835689],[3.8404648,51.2834833],[3.840466,51.2834788],[3.8404712,51.2834436],[3.8404887,51.2833888],[3.8404925,51.2833746],[3.8405329,51.2832985],[3.8405287,51.2832604],[3.8405541,51.2832084],[3.8405663,51.2831453],[3.8406044,51.2830299],[3.8406047,51.2830282],[3.8406069,51.2830203],[3.8406424,51.282938],[3.8406504,51.2829094],[3.8406836,51.2828478],[3.8406949,51.2827899],[3.8407089,51.2827577],[3.8407227,51.2826811],[3.8407262,51.2826677],[3.8407429,51.2826149],[3.8407651,51.2825775],[3.8407719,51.2825586],[3.8407981,51.2824873],[3.8408197,51.2824369],[3.8408462,51.282397],[3.8408812,51.2823368],[3.8408952,51.2823068],[3.8409165,51.2822838],[3.8409872,51.2822162],[3.8410214,51.2821614],[3.841088,51.2821673],[3.8411316,51.2821651]]},"properties":{"rawObjectClass":"DEPCNT","VALDCO":5,"depthDatum":"Approximate LAT","depthDatumCode":42,"depthDatumStatus":"VERIFIED_FROM_OFFICIAL_DOCUMENTATION","verticalDatum":"Local Datum","verticalDatumCode":24,"napIdentityStatus":"UNVERIFIED","sourceKind":"official","sourceCellId":"1R7687LI","sourceStableId":"1F2B6A429E1C7599","sourceChecksum":"15df29d0ae5fbc875483ea2addc2d4e6c9148a876bdf65f0adfc75742fe31c47","pipelineFeatureId":"1R7687LI/DEPCNT/1280474650","provenance":{"cellId":"1R7687LI","checksum":"15df29d0ae5fbc875483ea2addc2d4e6c9148a876bdf65f0adfc75742fe31c47","readerVersion":"GDAL 3.2.2","processedAt":"2026-08-11T13:43:44.753Z"},"sourceProperties":{"RCID":1280474650,"PRIM":2,"GRUP":2,"OBJL":43,"RVER":1,"AGEN":7979,"FIDN":1782750748,"FIDS":30105,"LNAM":"1F2B6A429E1C7599","VALDCO":5,"SCAMIN":300000,"sourceCellId":"1R7687LI","sourceChecksum":"15df29d0ae5fbc875483ea2addc2d4e6c9148a876bdf65f0adfc75742fe31c47","rawObjectClass":"DEPCNT","sourceStableId":"1F2B6A429E1C7599"}}},{"type":"Feature","geometry":{"type":"LineString","coordinates":[[3.8344359,51.2932147],[3.8344817,51.2932333],[3.8344593,51.2933078],[3.8344675,51.2933233],[3.8344704,51.2933322],[3.8344531,51.2934133],[3.8344549,51.2934331],[3.8344427,51.2935033],[3.8344013,51.2935585],[3.8343899,51.2935936],[3.8343471,51.2936555],[3.8343322,51.293684],[3.8343323,51.2936937],[3.8343282,51.2937739],[3.8343241,51.2937899],[3.8343067,51.293864],[3.8342086,51.29393],[3.8341806,51.2939421]]},"properties":{"rawObjectClass":"DEPCNT","VALDCO":5,"depthDatum":"Approximate LAT","depthDatumCode":42,"depthDatumStatus":"VERIFIED_FROM_OFFICIAL_DOCUMENTATION","verticalDatum":"Local Datum","verticalDatumCode":24,"napIdentityStatus":"UNVERIFIED","sourceKind":"official","sourceCellId":"1R7687LI","sourceStableId":"1F2B6A429E1C759A","sourceChecksum":"15df29d0ae5fbc875483ea2addc2d4e6c9148a876bdf65f0adfc75742fe31c47","pipelineFeatureId":"1R7687LI/DEPCNT/1280474651","provenance":{"cellId":"1R7687LI","checksum":"15df29d0ae5fbc875483ea2addc2d4e6c9148a876bdf65f0adfc75742fe31c47","readerVersion":"GDAL 3.2.2","processedAt":"2026-08-11T13:43:44.753Z"},"sourceProperties":{"RCID":1280474651,"PRIM":2,"GRUP":2,"OBJL":43,"RVER":1,"AGEN":7979,"FIDN":1782750748,"FIDS":30106,"LNAM":"1F2B6A429E1C759A","VALDCO":5,"SCAMIN":300000,"sourceCellId":"1R7687LI","sourceChecksum":"15df29d0ae5fbc875483ea2addc2d4e6c9148a876bdf65f0adfc75742fe31c47","rawObjectClass":"DEPCNT","sourceStableId":"1F2B6A429E1C759A"}}},{"type":"Feature","geometry":{"type":"LineString","coordinates":[[3.8188403,51.3237085],[3.8189489,51.3237282],[3.8189624,51.3237277],[3.8189757,51.3237365],[3.8190413,51.3237848],[3.8190961,51.3238256],[3.8190892,51.3238373],[3.8191082,51.3238585],[3.8191273,51.3239038],[3.8191234,51.3239153],[3.8191095,51.3239328],[3.8190207,51.3240059],[3.8189686,51.32408],[3.818834,51.3240917],[3.8188253,51.3240926],[3.8188128,51.3240895],[3.8186808,51.3240354],[3.818641,51.3240086],[3.8186294,51.3239865]]},"properties":{"rawObjectClass":"DEPCNT","VALDCO":5,"depthDatum":"Approximate LAT","depthDatumCode":42,"depthDatumStatus":"VERIFIED_FROM_OFFICIAL_DOCUMENTATION","verticalDatum":"Local Datum","verticalDatumCode":24,"napIdentityStatus":"UNVERIFIED","sourceKind":"official","sourceCellId":"1R7687LI","sourceStableId":"1F2B6A429E1C759B","sourceChecksum":"15df29d0ae5fbc875483ea2addc2d4e6c9148a876bdf65f0adfc75742fe31c47","pipelineFeatureId":"1R7687LI/DEPCNT/1280474652","provenance":{"cellId":"1R7687LI","checksum":"15df29d0ae5fbc875483ea2addc2d4e6c9148a876bdf65f0adfc75742fe31c47","readerVersion":"GDAL 3.2.2","processedAt":"2026-08-11T13:43:44.753Z"},"sourceProperties":{"RCID":1280474652,"PRIM":2,"GRUP":2,"OBJL":43,"RVER":1,"AGEN":7979,"FIDN":1782750748,"FIDS":30107,"LNAM":"1F2B6A429E1C759B","VALDCO":5,"SCAMIN":300000,"sourceCellId":"1R7687LI","sourceChecksum":"15df29d0ae5fbc875483ea2addc2d4e6c9148a876bdf65f0adfc75742fe31c47","rawObjectClass":"DEPCNT","sourceStableId":"1F2B6A429E1C759B"}}},{"type":"Feature","geometry":{"type":"LineString","coordinates":[[3.8279751,51.3192185],[3.8279651,51.3192407],[3.8279587,51.3192671],[3.8280681,51.3193265],[3.8280954,51.3193561],[3.8280689,51.319367],[3.8280475,51.3193698],[3.8279252,51.3193589],[3.8279225,51.3193573],[3.8279173,51.3193525],[3.8278851,51.3192677],[3.8278782,51.3192396],[3.8278468,51.319178],[3.8278473,51.3191344],[3.8278665,51.3190879],[3.8278675,51.3190305],[3.8278714,51.318998],[3.8279176,51.3189359],[3.8279601,51.3189074],[3.8279786,51.3188683],[3.8280034,51.3188172],[3.8279979,51.3187794],[3.827975,51.3187275],[3.8279719,51.3186907],[3.8279917,51.3186374],[3.8280033,51.3185796],[3.8280151,51.3185474],[3.8280527,51.3184698],[3.8280677,51.3184571],[3.8280684,51.318447],[3.8281015,51.3183669],[3.8281095,51.3183297],[3.828138,51.3182767],[3.8281395,51.3182195],[3.8281548,51.3181867],[3.8281622,51.318114],[3.8281723,51.3180966],[3.8281887,51.3180534],[3.8282613,51.3180061],[3.8283308,51.3179782],[3.8284247,51.3179939]]},"properties":{"rawObjectClass":"DEPCNT","VALDCO":5,"depthDatum":"Approximate LAT","depthDatumCode":42,"depthDatumStatus":"VERIFIED_FROM_OFFICIAL_DOCUMENTATION","verticalDatum":"Local Datum","verticalDatumCode":24,"napIdentityStatus":"UNVERIFIED","sourceKind":"official","sourceCellId":"1R7687LI","sourceStableId":"1F2B6A429E1C759C","sourceChecksum":"15df29d0ae5fbc875483ea2addc2d4e6c9148a876bdf65f0adfc75742fe31c47","pipelineFeatureId":"1R7687LI/DEPCNT/1280474653","provenance":{"cellId":"1R7687LI","checksum":"15df29d0ae5fbc875483ea2addc2d4e6c9148a876bdf65f0adfc75742fe31c47","readerVersion":"GDAL 3.2.2","processedAt":"2026-08-11T13:43:44.753Z"},"sourceProperties":{"RCID":1280474653,"PRIM":2,"GRUP":2,"OBJL":43,"RVER":1,"AGEN":7979,"FIDN":1782750748,"FIDS":30108,"LNAM":"1F2B6A429E1C759C","VALDCO":5,"SCAMIN":300000,"sourceCellId":"1R7687LI","sourceChecksum":"15df29d0ae5fbc875483ea2addc2d4e6c9148a876bdf65f0adfc75742fe31c47","rawObjectClass":"DEPCNT","sourceStableId":"1F2B6A429E1C759C"}}},{"type":"Feature","geometry":{"type":"LineString","coordinates":[[3.8299489,51.3148477],[3.8299397,51.3148469],[3.8299074,51.3148126],[3.8299647,51.3147568],[3.8299944,51.3147437],[3.8300395,51.3147279],[3.8301373,51.3147084],[3.8302638,51.3146648],[3.8302799,51.3146572],[3.8303119,51.3146442],[3.8303314,51.3146643],[3.8302801,51.3146697],[3.8302298,51.3147161]]},"properties":{"rawObjectClass":"DEPCNT","VALDCO":5,"depthDatum":"Approximate LAT","depthDatumCode":42,"depthDatumStatus":"VERIFIED_FROM_OFFICIAL_DOCUMENTATION","verticalDatum":"Local Datum","verticalDatumCode":24,"napIdentityStatus":"UNVERIFIED","sourceKind":"official","sourceCellId":"1R7687LI","sourceStableId":"1F2B6A429E1C759D","sourceChecksum":"15df29d0ae5fbc875483ea2addc2d4e6c9148a876bdf65f0adfc75742fe31c47","pipelineFeatureId":"1R7687LI/DEPCNT/1280474654","provenance":{"cellId":"1R7687LI","checksum":"15df29d0ae5fbc875483ea2addc2d4e6c9148a876bdf65f0adfc75742fe31c47","readerVersion":"GDAL 3.2.2","processedAt":"2026-08-11T13:43:44.753Z"},"sourceProperties":{"RCID":1280474654,"PRIM":2,"GRUP":2,"OBJL":43,"RVER":1,"AGEN":7979,"FIDN":1782750748,"FIDS":30109,"LNAM":"1F2B6A429E1C759D","VALDCO":5,"SCAMIN":300000,"sourceCellId":"1R7687LI","sourceChecksum":"15df29d0ae5fbc875483ea2addc2d4e6c9148a876bdf65f0adfc75742fe31c47","rawObjectClass":"DEPCNT","sourceStableId":"1F2B6A429E1C759D"}}},{"type":"Feature","geometry":{"type":"LineString","coordinates":[[3.8289524,51.3167748],[3.8289387,51.3167978],[3.8289877,51.316832],[3.8288851,51.3168846],[3.8288013,51.3168708],[3.8287414,51.3168713],[3.8286456,51.3168344],[3.8286356,51.3167693],[3.8286064,51.3167447],[3.8286065,51.3167378],[3.8286025,51.3166548],[3.8286021,51.3166497],[3.8286211,51.3165648],[3.828629,51.3165415],[3.8286508,51.3164747],[3.8286588,51.3164315],[3.8286722,51.3163846],[3.828699,51.3163148],[3.8287026,51.3162944],[3.8287152,51.3162134],[3.8287168,51.3162044],[3.828729,51.3161854],[3.8287732,51.3161141],[3.8287789,51.3160816],[3.828799,51.316024],[3.8288107,51.3159703],[3.8288179,51.3159339],[3.8288295,51.3158673],[3.8288323,51.3158439],[3.8288652,51.3157777],[3.8288786,51.3157537],[3.828884,51.3157414],[3.8289289,51.3156634],[3.8289361,51.3156171],[3.8289444,51.3155734],[3.8289566,51.315513],[3.8289619,51.3154833],[3.8290017,51.3153938],[3.8290022,51.3153931],[3.8290023,51.3153928],[3.8290584,51.3153028],[3.8290667,51.3152605],[3.8290776,51.3152127],[3.8291409,51.3151517],[3.8291976,51.315122],[3.8292827,51.3150581],[3.829387,51.3151111]]},"properties":{"rawObjectClass":"DEPCNT","VALDCO":5,"depthDatum":"Approximate LAT","depthDatumCode":42,"depthDatumStatus":"VERIFIED_FROM_OFFICIAL_DOCUMENTATION","verticalDatum":"Local Datum","verticalDatumCode":24,"napIdentityStatus":"UNVERIFIED","sourceKind":"official","sourceCellId":"1R7687LI","sourceStableId":"1F2B6A429E1C759E","sourceChecksum":"15df29d0ae5fbc875483ea2addc2d4e6c9148a876bdf65f0adfc75742fe31c47","pipelineFeatureId":"1R7687LI/DEPCNT/1280474656","provenance":{"cellId":"1R7687LI","checksum":"15df29d0ae5fbc875483ea2addc2d4e6c9148a876bdf65f0adfc75742fe31c47","readerVersion":"GDAL 3.2.2","processedAt":"2026-08-11T13:43:44.753Z"},"sourceProperties":{"RCID":1280474656,"PRIM":2,"GRUP":2,"OBJL":43,"RVER":1,"AGEN":7979,"FIDN":1782750748,"FIDS":30110,"LNAM":"1F2B6A429E1C759E","VALDCO":5,"SCAMIN":300000,"sourceCellId":"1R7687LI","sourceChecksum":"15df29d0ae5fbc875483ea2addc2d4e6c9148a876bdf65f0adfc75742fe31c47","rawObjectClass":"DEPCNT","sourceStableId":"1F2B6A429E1C759E"}}},{"type":"Feature","geometry":{"type":"LineString","coordinates":[[3.8310995,51.316686],[3.831069,51.3166374],[3.8310914,51.3166002],[3.831116,51.3165471],[3.831174,51.3164975],[3.8312232,51.3164564],[3.8313118,51.316368],[3.8313135,51.3163659],[3.8313151,51.3163651],[3.8313261,51.3163588],[3.8314572,51.3162864],[3.8314742,51.3162748],[3.8315995,51.3162183],[3.8316976,51.3161833],[3.831742,51.3161641],[3.8318616,51.3161065],[3.8318842,51.3160937],[3.8318877,51.316092],[3.8320261,51.3160037],[3.8320329,51.3160011],[3.8321681,51.3159241],[3.8321954,51.31591],[3.8323102,51.3158437],[3.8323679,51.3158188],[3.8324524,51.3157768],[3.8325335,51.3157277],[3.8325944,51.3156926],[3.8327036,51.3156366],[3.8327365,51.315617],[3.8328055,51.3155924],[3.832879,51.3155592],[3.8329281,51.3155451],[3.8330215,51.3155079],[3.8331247,51.3154538],[3.8331636,51.3154317],[3.8332293,51.3154117],[3.8333062,51.3153797],[3.8333428,51.3153623],[3.8334484,51.3153092],[3.8335354,51.315271],[3.8335906,51.3152386],[3.8337053,51.3151799],[3.8337327,51.3151635],[3.8337782,51.3151507],[3.8338753,51.3151102],[3.833928,51.3150884],[3.8340175,51.3150434],[3.8341182,51.3149971],[3.8341598,51.3149746],[3.8342255,51.3149549],[3.8343024,51.3149253],[3.834377,51.3149053],[3.8344451,51.31488],[3.8345571,51.3148141],[3.834587,51.3147974],[3.8346355,51.314783],[3.8347296,51.314746],[3.8347953,51.3147225],[3.8348719,51.3146792],[3.8349535,51.3146314],[3.8350139,51.3145988],[3.8350914,51.3145405],[3.8351556,51.314498],[3.8352457,51.3144495],[3.8352977,51.314422],[3.8353929,51.3143884],[3.8354402,51.3143714],[3.8354699,51.314358],[3.8355827,51.314316],[3.8356877,51.3142904],[3.8357256,51.3142808],[3.8357864,51.3142658],[3.8358678,51.3142145],[3.8359175,51.314175],[3.8360095,51.3141143],[3.836023,51.3140843],[3.8360088,51.3140744],[3.8358971,51.3139953],[3.8358634,51.3139682],[3.8357769,51.3139422],[3.8357199,51.3139685],[3.8356431,51.3139492],[3.8355765,51.3139759],[3.8355181,51.313908],[3.8355741,51.3138425],[3.8355891,51.3138176],[3.8355736,51.3138139],[3.8355273,51.3138086]]},"properties":{"rawObjectClass":"DEPCNT","VALDCO":5,"depthDatum":"Approximate LAT","depthDatumCode":42,"depthDatumStatus":"VERIFIED_FROM_OFFICIAL_DOCUMENTATION","verticalDatum":"Local Datum","verticalDatumCode":24,"napIdentityStatus":"UNVERIFIED","sourceKind":"official","sourceCellId":"1R7687LI","sourceStableId":"1F2B6A429E1C759F","sourceChecksum":"15df29d0ae5fbc875483ea2addc2d4e6c9148a876bdf65f0adfc75742fe31c47","pipelineFeatureId":"1R7687LI/DEPCNT/1280474657","provenance":{"cellId":"1R7687LI","checksum":"15df29d0ae5fbc875483ea2addc2d4e6c9148a876bdf65f0adfc75742fe31c47","readerVersion":"GDAL 3.2.2","processedAt":"2026-08-11T13:43:44.753Z"},"sourceProperties":{"RCID":1280474657,"PRIM":2,"GRUP":2,"OBJL":43,"RVER":1,"AGEN":7979,"FIDN":1782750748,"FIDS":30111,"LNAM":"1F2B6A429E1C759F","VALDCO":5,"SCAMIN":300000,"sourceCellId":"1R7687LI","sourceChecksum":"15df29d0ae5fbc875483ea2addc2d4e6c9148a876bdf65f0adfc75742fe31c47","rawObjectClass":"DEPCNT","sourceStableId":"1F2B6A429E1C759F"}}},{"type":"Feature","geometry":{"type":"LineString","coordinates":[[3.8265972,51.3229368],[3.8265888,51.3228737],[3.8266194,51.3228316],[3.8266308,51.3227835],[3.8266292,51.3227425],[3.8265802,51.3226939],[3.826581,51.3226743],[3.8265921,51.3226039],[3.8265895,51.3225779],[3.8265937,51.322514],[3.8266083,51.322475],[3.8266186,51.3224239],[3.8266563,51.3223532],[3.8266678,51.3223336],[3.8266867,51.3223098],[3.8267454,51.3222431],[3.8267557,51.3221986],[3.8267564,51.3221531],[3.8267438,51.3221153],[3.8267592,51.3220632],[3.8267622,51.3220125],[3.8267684,51.3219732],[3.8268207,51.3218841],[3.8268212,51.3218829],[3.8268225,51.3218814],[3.8268453,51.3218683],[3.8269645,51.3217981],[3.826996,51.3217918],[3.8270198,51.3217859]]},"properties":{"rawObjectClass":"DEPCNT","VALDCO":5,"depthDatum":"Approximate LAT","depthDatumCode":42,"depthDatumStatus":"VERIFIED_FROM_OFFICIAL_DOCUMENTATION","verticalDatum":"Local Datum","verticalDatumCode":24,"napIdentityStatus":"UNVERIFIED","sourceKind":"official","sourceCellId":"1R7687LI","sourceStableId":"1F2B6A429E1C75A0","sourceChecksum":"15df29d0ae5fbc875483ea2addc2d4e6c9148a876bdf65f0adfc75742fe31c47","pipelineFeatureId":"1R7687LI/DEPCNT/1280474660","provenance":{"cellId":"1R7687LI","checksum":"15df29d0ae5fbc875483ea2addc2d4e6c9148a876bdf65f0adfc75742fe31c47","readerVersion":"GDAL 3.2.2","processedAt":"2026-08-11T13:43:44.753Z"},"sourceProperties":{"RCID":1280474660,"PRIM":2,"GRUP":2,"OBJL":43,"RVER":1,"AGEN":7979,"FIDN":1782750748,"FIDS":30112,"LNAM":"1F2B6A429E1C75A0","VALDCO":5,"SCAMIN":300000,"sourceCellId":"1R7687LI","sourceChecksum":"15df29d0ae5fbc875483ea2addc2d4e6c9148a876bdf65f0adfc75742fe31c47","rawObjectClass":"DEPCNT","sourceStableId":"1F2B6A429E1C75A0"}}},{"type":"Feature","geometry":{"type":"LineString","coordinates":[[3.8374923,51.275],[3.8374794,51.2750293],[3.8374939,51.2750474],[3.8375956,51.2751313],[3.8375992,51.2751366],[3.8376065,51.2751432],[3.8376041,51.2752265],[3.8377423,51.2753142],[3.8377428,51.2753154],[3.837743,51.2753158],[3.8377424,51.2753209],[3.8377145,51.2753872],[3.8377339,51.2754054],[3.8377447,51.2754447],[3.8377731,51.275495],[3.8377714,51.2755111],[3.8378433,51.2755844],[3.8378611,51.2756549],[3.8378753,51.2756741],[3.8378926,51.2756958],[3.8379666,51.2757634],[3.8379947,51.2758257],[3.8380114,51.275853],[3.8380233,51.2759322],[3.8380278,51.2759428],[3.8380409,51.2759684],[3.8380971,51.2760322],[3.8381274,51.2760849],[3.8381624,51.2761217],[3.8381696,51.2761997],[3.8381752,51.2762115],[3.8381899,51.2763011],[3.83819,51.2763013],[3.8381904,51.2763017],[3.8383107,51.2763904],[3.8383183,51.2764687],[3.8383255,51.2764802],[3.8383374,51.2765021],[3.838412,51.2765695],[3.8384162,51.2766176],[3.8384427,51.2766592],[3.8384586,51.2767325],[3.8384645,51.276749],[3.8384857,51.2767737],[3.8385674,51.2768382],[3.8385753,51.276893],[3.8385949,51.2769279],[3.8386184,51.2770083],[3.8386214,51.2770176],[3.8386338,51.2770326],[3.8387161,51.2771069],[3.8387469,51.277176],[3.8387634,51.2771965],[3.8387769,51.2772833],[3.8387773,51.2772863],[3.8387819,51.2772913],[3.8388762,51.2773755],[3.8389081,51.2774526],[3.8389169,51.2774651],[3.838929,51.2774985],[3.8389679,51.2775547],[3.8389842,51.2775882],[3.8390309,51.2776442],[3.8390403,51.2777114],[3.8390518,51.2777339],[3.8390772,51.2777646],[3.8391532,51.2778231],[3.8391499,51.2778675],[3.839175,51.2779129],[3.8391897,51.2779809],[3.8391979,51.2780026],[3.8392256,51.2780372],[3.8392729,51.278092],[3.8392828,51.2781268],[3.839312,51.2781817],[3.8393537,51.2782592],[3.8393594,51.2782713],[3.8393736,51.2782909],[3.8394402,51.2783606],[3.8394737,51.2784217],[3.8394855,51.2784502],[3.8395206,51.2784923],[3.8395483,51.2785397],[3.83955,51.2786125],[3.8395465,51.2786296],[3.8395491,51.2787041],[3.8395477,51.2787195],[3.8395289,51.2788096],[3.8395267,51.2788261],[3.8395169,51.2788996],[3.8395161,51.2789072],[3.8395146,51.2789895],[3.8395183,51.2790713],[3.8395182,51.2790794],[3.8395173,51.2790883],[3.8395133,51.2791694],[3.839509,51.2791846],[3.8395044,51.2792594],[3.8394971,51.2792832],[3.8394662,51.2793496],[3.8394605,51.2793976],[3.8394605,51.2794395],[3.8394486,51.2794963],[3.83944,51.2795296],[3.8394292,51.2795997],[3.8394229,51.2796196],[3.8394112,51.2797021],[3.8394111,51.2797097],[3.8394001,51.2797462],[3.8393844,51.2797998],[3.8393799,51.2798132],[3.8393616,51.2798899],[3.839352,51.2799221],[3.839342,51.2799799],[3.8393362,51.2800232],[3.8393266,51.2800699],[3.8393137,51.2801286],[3.8393063,51.28016],[3.8393058,51.2802499],[3.8392848,51.2803291],[3.8392827,51.28034],[3.8392685,51.2803942],[3.8392601,51.2804301],[3.8392587,51.2804368],[3.8392574,51.2805201],[3.839252,51.280532],[3.8392239,51.2806102],[3.839215,51.2806467],[3.8391949,51.2807004],[3.83919,51.2807538],[3.8391834,51.2807904],[3.8391662,51.28086],[3.8391614,51.2808804],[3.8391351,51.2809416],[3.8391243,51.2809706],[3.8391239,51.2809781],[3.8391064,51.2810607],[3.8390951,51.2810875],[3.8390805,51.2811508],[3.8390585,51.281202],[3.8390444,51.281241],[3.8390255,51.2813141],[3.8390222,51.281331],[3.8389998,51.2813824],[3.8389872,51.2814212],[3.8389864,51.2814302],[3.8389691,51.2815113],[3.8389595,51.2815384],[3.8389583,51.2816013],[3.8389396,51.2816421],[3.8389248,51.2816914],[3.8389083,51.2817531],[3.8388979,51.2817816],[3.8388693,51.2818691],[3.8388688,51.2818717],[3.8388654,51.2818798],[3.8388324,51.2819619],[3.8388061,51.2820007],[3.8387805,51.2820522],[3.8387262,51.2821069],[3.8386878,51.2821427],[3.8386742,51.2821991],[3.8386894,51.2822327],[3.83869,51.2822571],[3.8386896,51.2823226],[3.8386799,51.2823545],[3.8386698,51.2824126],[3.838616,51.2824865],[3.8386095,51.282503],[3.8385902,51.2825156],[3.8385355,51.2825935],[3.8385662,51.2826664],[3.8385667,51.2826832],[3.838566,51.2827005],[3.8385506,51.2827732],[3.838548,51.282803],[3.8385401,51.2828632],[3.8384904,51.2829309],[3.8384841,51.2829535],[3.8384562,51.2830289],[3.8384514,51.2830437],[3.8384514,51.2830469],[3.83843,51.2831337],[3.8384221,51.2831566],[3.8384002,51.2832239],[3.8383944,51.2832654],[3.8383801,51.2833139],[3.8383236,51.2834018],[3.8383228,51.2834043],[3.8383198,51.2834113],[3.8382917,51.2834944],[3.8382854,51.2835172],[3.8382704,51.2835845],[3.8382664,51.2836204],[3.8382531,51.2836745],[3.8382475,51.2837235],[3.838237,51.2837646],[3.8382382,51.2838204],[3.8382314,51.2838545],[3.8381857,51.2839213],[3.8381594,51.283945],[3.8381522,51.2839666],[3.8381404,51.284035],[3.8381336,51.2840694],[3.8381082,51.2841252],[3.8380599,51.2842077],[3.8380567,51.2842155],[3.8380481,51.2842387],[3.8380269,51.2843056],[3.8380175,51.2843258],[3.837991,51.2843958],[3.8379726,51.2844456],[3.837959,51.284486],[3.8379108,51.2845747],[3.83791,51.2845762],[3.83791,51.2845768],[3.8378924,51.2846663],[3.8378856,51.2846833],[3.8378705,51.2847564],[3.8378583,51.2847918],[3.8378457,51.2848465],[3.8377944,51.2849238],[3.8377891,51.2849368],[3.8377746,51.2849732],[3.8377609,51.2850269],[3.8377551,51.28504],[3.8377301,51.2851171],[3.8376988,51.2851671],[3.8376828,51.2852073],[3.8376806,51.2852697],[3.8376744,51.2852973],[3.8376697,51.2853677],[3.8376627,51.2853873],[3.8376397,51.2854383],[3.8376209,51.2854775],[3.8376149,51.2854937],[3.8376036,51.2855676],[3.8375946,51.2855978],[3.8375608,51.2856578],[3.8375483,51.2857184],[3.8375367,51.2857479],[3.8375047,51.2858373],[3.8375047,51.285838],[3.8375036,51.2858418],[3.8374765,51.2859282],[3.8374666,51.2859527],[3.8374377,51.2860184],[3.8374272,51.286069],[3.837411,51.2861085],[3.8373781,51.2861914],[3.8373764,51.2861987],[3.8373671,51.286219],[3.8373379,51.2862889],[3.8373153,51.2863227],[3.8372883,51.2863791],[3.8372306,51.286468],[3.8372295,51.2864695],[3.8372283,51.2864731],[3.8372058,51.2865596],[3.8372047,51.2865756],[3.8372016,51.2866495],[3.837193,51.286674],[3.8371843,51.2867396],[3.8371777,51.2867748],[3.8371574,51.2868297],[3.8370928,51.286907],[3.8370815,51.2869201],[3.8370811,51.2869277],[3.8370675,51.2870102],[3.8370628,51.2870304],[3.837044,51.2871003],[3.8370328,51.2871406],[3.8370173,51.2871904],[3.836956,51.2872679],[3.8369441,51.2872808],[3.8369443,51.2872884],[3.8369375,51.2873708],[3.8369338,51.287386],[3.8369215,51.2874608],[3.8368981,51.2874999],[3.8368779,51.2875511],[3.8368241,51.2876384],[3.8368224,51.2876414],[3.8368195,51.2876513],[3.8368011,51.2877315],[3.8368006,51.2877444],[3.8367836,51.2878215],[3.8367695,51.2878553],[3.8367526,51.2879116],[3.8366939,51.2879947],[3.8366926,51.288002],[3.8366836,51.2880641],[3.8366802,51.288092],[3.8366802,51.2880945],[3.8366517,51.2881821],[3.8366466,51.288207],[3.8366337,51.2882722],[3.8365953,51.2883309],[3.8365845,51.2883625],[3.8365738,51.2884356],[3.8365669,51.2884525],[3.8365477,51.2884752],[3.8364905,51.288543],[3.836491,51.2885797],[3.8364794,51.288633],[3.836467,51.2886861],[3.8364606,51.288723],[3.8364099,51.2887846],[3.8363781,51.2888135],[3.8363793,51.2888333],[3.8363631,51.2889036],[3.8363685,51.2889312],[3.8363588,51.2889935],[3.8363602,51.2890274],[3.8363543,51.2890835],[3.8363268,51.2891399],[3.8363256,51.2891736],[3.8363253,51.2892317],[3.836316,51.2892636],[3.836293,51.2893435],[3.8362912,51.2893537],[3.8362773,51.28938],[3.8362432,51.289444],[3.8362379,51.2894697],[3.8362368,51.2895339],[3.8362341,51.2895632],[3.8362336,51.2896239],[3.8362042,51.2896733],[3.836189,51.2897141],[3.8361853,51.2897764],[3.8361704,51.2898042],[3.8361613,51.2898827],[3.8361599,51.2898942],[3.8361441,51.2899424],[3.8361238,51.2899844],[3.8361153,51.2900032],[3.83607,51.2900747],[3.8360043,51.2901422],[3.8359855,51.2901652],[3.8359529,51.2901983],[3.8359016,51.2902557],[3.8358637,51.2902939],[3.835822,51.2903462],[3.8357794,51.2904006],[3.8357653,51.2904365],[3.8357236,51.290478],[3.835684,51.290527],[3.8355826,51.2906081],[3.8355648,51.2906178],[3.8355044,51.2906679],[3.8354758,51.2907084],[3.8354415,51.2907351],[3.8353664,51.2907565],[3.8353063,51.290774]]},"properties":{"rawObjectClass":"DEPCNT","VALDCO":5,"depthDatum":"Approximate LAT","depthDatumCode":42,"depthDatumStatus":"VERIFIED_FROM_OFFICIAL_DOCUMENTATION","verticalDatum":"Local Datum","verticalDatumCode":24,"napIdentityStatus":"UNVERIFIED","sourceKind":"official","sourceCellId":"1R7687LI","sourceStableId":"1F2B6A429E1C75A1","sourceChecksum":"15df29d0ae5fbc875483ea2addc2d4e6c9148a876bdf65f0adfc75742fe31c47","pipelineFeatureId":"1R7687LI/DEPCNT/1280474661","provenance":{"cellId":"1R7687LI","checksum":"15df29d0ae5fbc875483ea2addc2d4e6c9148a876bdf65f0adfc75742fe31c47","readerVersion":"GDAL 3.2.2","processedAt":"2026-08-11T13:43:44.753Z"},"sourceProperties":{"RCID":1280474661,"PRIM":2,"GRUP":2,"OBJL":43,"RVER":1,"AGEN":7979,"FIDN":1782750748,"FIDS":30113,"LNAM":"1F2B6A429E1C75A1","VALDCO":5,"SCAMIN":300000,"sourceCellId":"1R7687LI","sourceChecksum":"15df29d0ae5fbc875483ea2addc2d4e6c9148a876bdf65f0adfc75742fe31c47","rawObjectClass":"DEPCNT","sourceStableId":"1F2B6A429E1C75A1"}}},{"type":"Feature","geometry":{"type":"LineString","coordinates":[[3.8256098,51.325],[3.8256605,51.3249484],[3.8257286,51.3248985],[3.8258038,51.3248575],[3.8258708,51.3248237],[3.8259358,51.3248556]]},"properties":{"rawObjectClass":"DEPCNT","VALDCO":5,"depthDatum":"Approximate LAT","depthDatumCode":42,"depthDatumStatus":"VERIFIED_FROM_OFFICIAL_DOCUMENTATION","verticalDatum":"Local Datum","verticalDatumCode":24,"napIdentityStatus":"UNVERIFIED","sourceKind":"official","sourceCellId":"1R7687LI","sourceStableId":"1F2B6A429E1C75A2","sourceChecksum":"15df29d0ae5fbc875483ea2addc2d4e6c9148a876bdf65f0adfc75742fe31c47","pipelineFeatureId":"1R7687LI/DEPCNT/1280474662","provenance":{"cellId":"1R7687LI","checksum":"15df29d0ae5fbc875483ea2addc2d4e6c9148a876bdf65f0adfc75742fe31c47","readerVersion":"GDAL 3.2.2","processedAt":"2026-08-11T13:43:44.753Z"},"sourceProperties":{"RCID":1280474662,"PRIM":2,"GRUP":2,"OBJL":43,"RVER":1,"AGEN":7979,"FIDN":1782750748,"FIDS":30114,"LNAM":"1F2B6A429E1C75A2","VALDCO":5,"SCAMIN":300000,"sourceCellId":"1R7687LI","sourceChecksum":"15df29d0ae5fbc875483ea2addc2d4e6c9148a876bdf65f0adfc75742fe31c47","rawObjectClass":"DEPCNT","sourceStableId":"1F2B6A429E1C75A2"}}},{"type":"Feature","geometry":{"type":"LineString","coordinates":[[3.833402,51.2963175],[3.8335,51.2963876],[3.8334922,51.2964493],[3.8334968,51.2964775],[3.8335022,51.2965444],[3.833502,51.2965674],[3.833498,51.2966307],[3.8335072,51.2966573],[3.8335015,51.2966823],[3.8334978,51.2967473],[3.8334913,51.2968045],[3.833504,51.2968371],[3.8335082,51.2969037],[3.8335104,51.296927],[3.8335107,51.2969493],[3.833505,51.297017],[3.8335068,51.2970428],[3.8335039,51.2971069],[3.8335032,51.297136],[3.8335024,51.2971968],[3.8334989,51.2972297],[3.8334976,51.2972868],[3.8334845,51.2973299],[3.8334758,51.2973769],[3.8334389,51.2974501],[3.8334305,51.2974671],[3.8334127,51.297498],[3.8333719,51.2975575],[3.8333701,51.2975852],[3.8333602,51.2976475],[3.8333562,51.2976851],[3.8333516,51.2977375],[3.8333259,51.2977954],[3.833316,51.2978276],[3.8332763,51.2978871],[3.8332514,51.297918],[3.8332555,51.2979316],[3.8332305,51.2980081],[3.8332308,51.2980383],[3.8332278,51.298098],[3.8332134,51.2981404],[3.8332048,51.2981881],[3.8331482,51.2982732],[3.8331456,51.2982785],[3.8331402,51.2982911],[3.8331133,51.2983686],[3.8331141,51.2983861],[3.8330935,51.2984587],[3.8330845,51.298496],[3.8330843,51.2985487],[3.8330635,51.2986004],[3.8330469,51.2986389],[3.8330044,51.2987145],[3.8329944,51.2987291],[3.8329945,51.2987356],[3.8329897,51.2988191],[3.8329892,51.29883],[3.832961,51.2989092],[3.8329328,51.2989571],[3.8329221,51.2989994],[3.8328677,51.2990841],[3.8328641,51.2990898],[3.8328641,51.2990921],[3.8328424,51.2991798],[3.8328433,51.2991964],[3.8328309,51.2992698],[3.832822,51.299301],[3.8328101,51.2993599],[3.8327783,51.2994199],[3.8327702,51.2994501],[3.8327319,51.2995069],[3.8327119,51.2995405],[3.832712,51.2995534],[3.8326995,51.2996305],[3.8326947,51.2996555],[3.8326903,51.2997205],[3.8326757,51.2997587],[3.8326534,51.2998106],[3.8326038,51.2998957],[3.8326031,51.2999009],[3.8325958,51.2999131],[3.8325636,51.2999911],[3.8325725,51.3000647],[3.8325722,51.300081],[3.8325562,51.3001081],[3.8325329,51.3001712],[3.8324679,51.3002557],[3.8324643,51.3002616],[3.8324588,51.3002724],[3.8324326,51.3003517],[3.8324331,51.300369],[3.8324213,51.3004417],[3.8324167,51.3004704],[3.8324163,51.3005317],[3.8323357,51.3006134],[3.8323311,51.3006222],[3.8323224,51.30066],[3.8323136,51.3007123],[3.8323138,51.3007183],[3.832298,51.3008023],[3.832295,51.3008213],[3.832286,51.3008923],[3.8322627,51.300933],[3.8322454,51.3009825],[3.8322093,51.3010582],[3.8322022,51.3010728],[3.8321869,51.3010994],[3.83216,51.301163],[3.8321553,51.3011838],[3.8321378,51.3012531],[3.8320904,51.3013163],[3.8320807,51.3013434],[3.8320489,51.3014013],[3.832036,51.3014336],[3.8320358,51.3014423],[3.8320246,51.3015236],[3.8320205,51.3015431],[3.8320112,51.3016137],[3.8319936,51.3016513],[3.8319794,51.3017038],[3.8319124,51.3017858],[3.8319058,51.3017942],[3.8319058,51.3017986],[3.8318966,51.3018842],[3.831895,51.3018964],[3.8318742,51.3019743],[3.831863,51.3020079],[3.8318541,51.3020644],[3.8317806,51.3021517],[3.8317796,51.3021548],[3.8317758,51.3021652],[3.8317607,51.3022449],[3.8317607,51.3022554],[3.8317473,51.3023349],[3.8317308,51.3023655],[3.8317109,51.3024251],[3.8316547,51.3025053],[3.8316394,51.3025512],[3.8316269,51.3026055],[3.8316272,51.3026138],[3.8316136,51.3026955],[3.8316081,51.3027171],[3.8315934,51.3027856],[3.8315761,51.3028285],[3.8315685,51.3028757],[3.8315053,51.3029649],[3.8315047,51.3029661],[3.8315035,51.3029692],[3.831479,51.3030562],[3.831479,51.3030727],[3.8314652,51.3031462],[3.8314518,51.3031811],[3.8314426,51.3032363],[3.8313665,51.3033263],[3.831366,51.3033268],[3.831366,51.3033271],[3.8313531,51.3034168],[3.8313534,51.3034261],[3.8313316,51.303531],[3.8313314,51.3035968],[3.8312857,51.3036514],[3.8312663,51.3036872],[3.831233,51.3037761],[3.8312326,51.3037773],[3.8312312,51.3037803],[3.8312062,51.3038674],[3.8312035,51.303886],[3.8311858,51.3039575],[3.83117,51.3039985],[3.8311622,51.3040476],[3.8311013,51.3041334],[3.8310946,51.3041567],[3.8310814,51.304228],[3.831081,51.3042374],[3.8310646,51.304318],[3.8310505,51.304348],[3.8310391,51.3044081],[3.8309945,51.3044748],[3.8309862,51.3044984],[3.8309609,51.3045873],[3.830959,51.3045923],[3.8309315,51.3046787],[3.830932,51.3046968],[3.8309178,51.3047687],[3.830887,51.3048166],[3.8308736,51.3048589],[3.8308449,51.3049345],[3.83084,51.3049491],[3.8308228,51.3049983],[3.8308102,51.3050392],[3.8308103,51.3050476],[3.8307907,51.3051293],[3.8307898,51.3051517],[3.8307807,51.3052193],[3.8307558,51.3052645],[3.8307456,51.3053095],[3.8306865,51.3053941],[3.8306827,51.3053998],[3.8306825,51.3054025],[3.8306563,51.3054899],[3.8306531,51.3055123],[3.8306336,51.30558],[3.8306171,51.3056263],[3.8306131,51.3056701],[3.8305657,51.3057502],[3.8305618,51.3057604],[3.8305501,51.3057842],[3.8305198,51.3058506],[3.8305177,51.3058719],[3.8304975,51.3059407],[3.830489,51.3059812],[3.8304765,51.3060307],[3.8304627,51.3060891],[3.8304547,51.3061208],[3.8304234,51.3062053],[3.8304217,51.306211],[3.8304147,51.3062317],[3.8303861,51.3063201],[3.8303584,51.3063913],[3.830346,51.3064367],[3.830333,51.3064814],[3.8302985,51.3065582],[3.830295,51.3065716],[3.8302779,51.3065987],[3.8302414,51.3066619],[3.8302339,51.3066905],[3.8302188,51.3067519],[3.8301986,51.3068041],[3.830186,51.3068421],[3.8301403,51.3069223],[3.830132,51.3069324],[3.830132,51.3069378],[3.8301076,51.3070225],[3.8301038,51.3070468],[3.8300792,51.3071126],[3.8300635,51.3071636],[3.8300505,51.3072028],[3.8300034,51.3072861],[3.8299983,51.307293],[3.8299985,51.3072962],[3.8299788,51.3073831],[3.8299773,51.3074008],[3.829962,51.3074731],[3.8299362,51.307518],[3.8299182,51.3075634],[3.8298707,51.307651],[3.8298701,51.3076536],[3.8298668,51.3076657],[3.8298503,51.3077437],[3.8298505,51.3077549],[3.8298391,51.3078337],[3.8298384,51.3078536],[3.8298194,51.3079238],[3.8298017,51.3079681],[3.829791,51.3080139],[3.8297466,51.3080944],[3.8297434,51.3081042],[3.8297319,51.3081421],[3.8297176,51.3081943],[3.8297179,51.3082037],[3.8296984,51.3082843],[3.8296959,51.3083088],[3.8296807,51.3083744],[3.8295981,51.3084624],[3.8295967,51.3084649],[3.8295944,51.3084741],[3.8295794,51.3085549],[3.829579,51.3085656],[3.8295619,51.308645],[3.8295598,51.3086689],[3.8295447,51.308735],[3.829504,51.3087956],[3.8294959,51.3088253],[3.8294724,51.3089068],[3.8294687,51.3089154],[3.8294594,51.3089414],[3.8294382,51.3090055],[3.8294361,51.309021],[3.8294147,51.3090956],[3.8294076,51.3091302],[3.8293861,51.3091858],[3.8293571,51.3092535],[3.8293376,51.309276],[3.8293231,51.3093421],[3.8293102,51.3093661],[3.8293074,51.3093764],[3.829269,51.3094563],[3.8292427,51.3095088],[3.8292039,51.3095467],[3.8291846,51.3096194],[3.829172,51.3096369],[3.8291711,51.3096456],[3.8291384,51.309727],[3.8291246,51.3097665],[3.8290752,51.3098174],[3.8290537,51.3099028],[3.829054,51.3099075],[3.8290468,51.3099307],[3.8290108,51.3099977],[3.8289994,51.3100286],[3.8289423,51.3100881],[3.8289121,51.3101755],[3.8289122,51.3101783],[3.828908,51.3101924],[3.8288762,51.3102684],[3.8288456,51.3103091],[3.8287934,51.3103589],[3.8287692,51.3104486],[3.8287689,51.310449],[3.828769,51.3104492],[3.828692,51.3105395],[3.8286835,51.3105949],[3.828687,51.3106295],[3.8286296,51.3106668],[3.8285524,51.3107203],[3.8285549,51.3107624],[3.8285557,51.3108102],[3.8284895,51.3108527],[3.8284178,51.3109011],[3.828421,51.3109471],[3.8284212,51.310991],[3.8284166,51.3110388],[3.8284194,51.311081],[3.8283509,51.3111227],[3.8282751,51.3111719],[3.8282873,51.3112208],[3.8282872,51.3112617],[3.8283005,51.3113178],[3.8283029,51.3113516],[3.8282127,51.3114195],[3.8281769,51.3114424],[3.828071,51.3115175]]},"properties":{"rawObjectClass":"DEPCNT","VALDCO":5,"depthDatum":"Approximate LAT","depthDatumCode":42,"depthDatumStatus":"VERIFIED_FROM_OFFICIAL_DOCUMENTATION","verticalDatum":"Local Datum","verticalDatumCode":24,"napIdentityStatus":"UNVERIFIED","sourceKind":"official","sourceCellId":"1R7687LI","sourceStableId":"1F2B6A429E1C75A3","sourceChecksum":"15df29d0ae5fbc875483ea2addc2d4e6c9148a876bdf65f0adfc75742fe31c47","pipelineFeatureId":"1R7687LI/DEPCNT/1280474665","provenance":{"cellId":"1R7687LI","checksum":"15df29d0ae5fbc875483ea2addc2d4e6c9148a876bdf65f0adfc75742fe31c47","readerVersion":"GDAL 3.2.2","processedAt":"2026-08-11T13:43:44.753Z"},"sourceProperties":{"RCID":1280474665,"PRIM":2,"GRUP":2,"OBJL":43,"RVER":1,"AGEN":7979,"FIDN":1782750748,"FIDS":30115,"LNAM":"1F2B6A429E1C75A3","VALDCO":5,"SCAMIN":300000,"sourceCellId":"1R7687LI","sourceChecksum":"15df29d0ae5fbc875483ea2addc2d4e6c9148a876bdf65f0adfc75742fe31c47","rawObjectClass":"DEPCNT","sourceStableId":"1F2B6A429E1C75A3"}}},{"type":"Feature","geometry":{"type":"LineString","coordinates":[[3.8286974,51.3197318],[3.8287071,51.3197115],[3.8287919,51.3196757],[3.8288609,51.3196204],[3.8289339,51.3195926],[3.8290163,51.3195294],[3.8290757,51.3194966],[3.8291837,51.3194383],[3.8292177,51.319414],[3.8292885,51.319393],[3.8293605,51.3193719],[3.8293947,51.3193469],[3.8295025,51.3192893],[3.829557,51.3192558],[3.8296443,51.3191971],[3.8297041,51.3191649],[3.8297857,51.3190802],[3.8298081,51.3190742],[3.829842,51.3190382],[3.8299087,51.3189836],[3.8299272,51.3189668],[3.8299736,51.3189831],[3.8300181,51.3190163],[3.8300711,51.3189955]]},"properties":{"rawObjectClass":"DEPCNT","VALDCO":5,"depthDatum":"Approximate LAT","depthDatumCode":42,"depthDatumStatus":"VERIFIED_FROM_OFFICIAL_DOCUMENTATION","verticalDatum":"Local Datum","verticalDatumCode":24,"napIdentityStatus":"UNVERIFIED","sourceKind":"official","sourceCellId":"1R7687LI","sourceStableId":"1F2B6A429E1C75A4","sourceChecksum":"15df29d0ae5fbc875483ea2addc2d4e6c9148a876bdf65f0adfc75742fe31c47","pipelineFeatureId":"1R7687LI/DEPCNT/1280474666","provenance":{"cellId":"1R7687LI","checksum":"15df29d0ae5fbc875483ea2addc2d4e6c9148a876bdf65f0adfc75742fe31c47","readerVersion":"GDAL 3.2.2","processedAt":"2026-08-11T13:43:44.753Z"},"sourceProperties":{"RCID":1280474666,"PRIM":2,"GRUP":2,"OBJL":43,"RVER":1,"AGEN":7979,"FIDN":1782750748,"FIDS":30116,"LNAM":"1F2B6A429E1C75A4","VALDCO":5,"SCAMIN":300000,"sourceCellId":"1R7687LI","sourceChecksum":"15df29d0ae5fbc875483ea2addc2d4e6c9148a876bdf65f0adfc75742fe31c47","rawObjectClass":"DEPCNT","sourceStableId":"1F2B6A429E1C75A4"}}},{"type":"Feature","geometry":{"type":"LineString","coordinates":[[3.8303477,51.3184192],[3.8302966,51.3184093],[3.8302039,51.3183975],[3.8301633,51.3184166],[3.830114,51.3184054]]},"properties":{"rawObjectClass":"DEPCNT","VALDCO":5,"depthDatum":"Approximate LAT","depthDatumCode":42,"depthDatumStatus":"VERIFIED_FROM_OFFICIAL_DOCUMENTATION","verticalDatum":"Local Datum","verticalDatumCode":24,"napIdentityStatus":"UNVERIFIED","sourceKind":"official","sourceCellId":"1R7687LI","sourceStableId":"1F2B6A429E1C75A5","sourceChecksum":"15df29d0ae5fbc875483ea2addc2d4e6c9148a876bdf65f0adfc75742fe31c47","pipelineFeatureId":"1R7687LI/DEPCNT/1280474667","provenance":{"cellId":"1R7687LI","checksum":"15df29d0ae5fbc875483ea2addc2d4e6c9148a876bdf65f0adfc75742fe31c47","readerVersion":"GDAL 3.2.2","processedAt":"2026-08-11T13:43:44.753Z"},"sourceProperties":{"RCID":1280474667,"PRIM":2,"GRUP":2,"OBJL":43,"RVER":1,"AGEN":7979,"FIDN":1782750748,"FIDS":30117,"LNAM":"1F2B6A429E1C75A5","VALDCO":5,"SCAMIN":300000,"sourceCellId":"1R7687LI","sourceChecksum":"15df29d0ae5fbc875483ea2addc2d4e6c9148a876bdf65f0adfc75742fe31c47","rawObjectClass":"DEPCNT","sourceStableId":"1F2B6A429E1C75A5"}}},{"type":"Feature","geometry":{"type":"LineString","coordinates":[[3.8272691,51.3211409],[3.8272389,51.3210929],[3.8272353,51.3210727],[3.8272359,51.3210707],[3.8272358,51.321069],[3.8272176,51.3209809],[3.8272264,51.3208965],[3.8272273,51.3208909],[3.8272344,51.3208426],[3.8272576,51.3208008],[3.8272501,51.3207904],[3.8273035,51.3207105],[3.8273115,51.3206601],[3.827323,51.3206205],[3.8273654,51.3205346],[3.8273678,51.3205302],[3.827372,51.3205155],[3.8274651,51.3204707],[3.8275142,51.3204436]]},"properties":{"rawObjectClass":"DEPCNT","VALDCO":5,"depthDatum":"Approximate LAT","depthDatumCode":42,"depthDatumStatus":"VERIFIED_FROM_OFFICIAL_DOCUMENTATION","verticalDatum":"Local Datum","verticalDatumCode":24,"napIdentityStatus":"UNVERIFIED","sourceKind":"official","sourceCellId":"1R7687LI","sourceStableId":"1F2B6A429E1C75A6","sourceChecksum":"15df29d0ae5fbc875483ea2addc2d4e6c9148a876bdf65f0adfc75742fe31c47","pipelineFeatureId":"1R7687LI/DEPCNT/1280474668","provenance":{"cellId":"1R7687LI","checksum":"15df29d0ae5fbc875483ea2addc2d4e6c9148a876bdf65f0adfc75742fe31c47","readerVersion":"GDAL 3.2.2","processedAt":"2026-08-11T13:43:44.753Z"},"sourceProperties":{"RCID":1280474668,"PRIM":2,"GRUP":2,"OBJL":43,"RVER":1,"AGEN":7979,"FIDN":1782750748,"FIDS":30118,"LNAM":"1F2B6A429E1C75A6","VALDCO":5,"SCAMIN":300000,"sourceCellId":"1R7687LI","sourceChecksum":"15df29d0ae5fbc875483ea2addc2d4e6c9148a876bdf65f0adfc75742fe31c47","rawObjectClass":"DEPCNT","sourceStableId":"1F2B6A429E1C75A6"}}},{"type":"Feature","geometry":{"type":"LineString","coordinates":[[3.8322392,51.3075664],[3.8322038,51.3075472],[3.8323025,51.3074924]]},"properties":{"rawObjectClass":"DEPCNT","VALDCO":4.5,"depthDatum":"Approximate LAT","depthDatumCode":42,"depthDatumStatus":"VERIFIED_FROM_OFFICIAL_DOCUMENTATION","verticalDatum":"Local Datum","verticalDatumCode":24,"napIdentityStatus":"UNVERIFIED","sourceKind":"official","sourceCellId":"1R7687LI","sourceStableId":"1F2B6A429E1C75A7","sourceChecksum":"15df29d0ae5fbc875483ea2addc2d4e6c9148a876bdf65f0adfc75742fe31c47","pipelineFeatureId":"1R7687LI/DEPCNT/1280474669","provenance":{"cellId":"1R7687LI","checksum":"15df29d0ae5fbc875483ea2addc2d4e6c9148a876bdf65f0adfc75742fe31c47","readerVersion":"GDAL 3.2.2","processedAt":"2026-08-11T13:43:44.753Z"},"sourceProperties":{"RCID":1280474669,"PRIM":2,"GRUP":2,"OBJL":43,"RVER":1,"AGEN":7979,"FIDN":1782750748,"FIDS":30119,"LNAM":"1F2B6A429E1C75A7","VALDCO":4.5,"SCAMIN":15000,"sourceCellId":"1R7687LI","sourceChecksum":"15df29d0ae5fbc875483ea2addc2d4e6c9148a876bdf65f0adfc75742fe31c47","rawObjectClass":"DEPCNT","sourceStableId":"1F2B6A429E1C75A7"}}},{"type":"Feature","geometry":{"type":"LineString","coordinates":[[3.8330529,51.3044138],[3.8330262,51.304394],[3.8329853,51.3043188],[3.8329718,51.3043045],[3.83297,51.3042995],[3.833016,51.3042143],[3.8330203,51.3041624],[3.8330129,51.3041244],[3.8330098,51.3040921],[3.8330242,51.3040344],[3.8330232,51.3039926],[3.8330398,51.3039443],[3.8330605,51.3038777],[3.8330673,51.3038542],[3.8330965,51.3037994],[3.8331327,51.3037638],[3.833129,51.3037428],[3.8331541,51.3036737],[3.8331686,51.3036265],[3.8331863,51.3035836],[3.833192,51.3035205],[3.8331995,51.3034936],[3.8332331,51.3034238],[3.8332509,51.3034033],[3.8332503,51.3033922],[3.8332832,51.3033131],[3.8332826,51.3032805],[3.833291,51.3032232],[3.8332942,51.3031821],[3.8333116,51.3031331],[3.8333698,51.3030496],[3.8333797,51.3030427],[3.8333801,51.3030361],[3.8334064,51.3029526],[3.8334065,51.3029282],[3.8334331,51.3028625],[3.8334339,51.3028196],[3.8334453,51.3027724],[3.8334566,51.3027141],[3.8334599,51.3026824],[3.8335055,51.3026231],[3.8335448,51.3025919],[3.8335428,51.3025679],[3.8335612,51.3025019],[3.8335624,51.3024644],[3.8335742,51.3024118],[3.8335839,51.3023596],[3.8335927,51.3023218],[3.8336423,51.3022567],[3.8336763,51.3022313],[3.8336757,51.3022098],[3.8336947,51.3021412],[3.8336936,51.3021074],[3.8337093,51.3020512],[3.833706,51.3020085],[3.8337109,51.3019613],[3.8337789,51.3018761],[3.8337872,51.3018708],[3.8337873,51.3018654],[3.8338223,51.3017806],[3.8338218,51.3017523],[3.8338362,51.3016906],[3.8338343,51.3016533],[3.8338482,51.3016006],[3.8338551,51.301549],[3.8338651,51.3015105],[3.8339144,51.3014376],[3.8339364,51.3014201],[3.833936,51.3014062],[3.8339726,51.3013299],[3.8339717,51.3012924],[3.8339817,51.3012399],[3.833984,51.3011935],[3.8339898,51.30115],[3.8340512,51.3010703],[3.8340656,51.3010595],[3.8340654,51.3010504],[3.8340902,51.3009694],[3.834091,51.300943],[3.8341191,51.3008793],[3.834121,51.3008328],[3.8341253,51.3007893],[3.834188,51.3007063],[3.834202,51.3006988],[3.8342006,51.3006908],[3.834232,51.3006087],[3.834231,51.3005803],[3.8342572,51.3005186],[3.8342802,51.3004578],[3.8342866,51.3004285],[3.8343251,51.3003548],[3.8343393,51.3003382],[3.8343382,51.3003297],[3.8343649,51.3002481],[3.8343625,51.3002231],[3.8343846,51.300158],[3.8343842,51.3001183],[3.8343957,51.300068],[3.8344097,51.3000109],[3.8344135,51.299978],[3.8344374,51.2999022],[3.8344431,51.2998878],[3.8344596,51.2998636],[3.8345154,51.2997974],[3.8345159,51.299761],[3.8345252,51.2997074],[3.8345246,51.2996644],[3.8345327,51.2996174],[3.8345621,51.2995494],[3.8345688,51.2995272],[3.834596,51.2994718],[3.8346229,51.2994369],[3.8346226,51.2994197],[3.8346551,51.2993468],[3.8346674,51.2993],[3.8346862,51.2992566],[3.8347342,51.2991832],[3.8347595,51.2991662],[3.8347592,51.2991501],[3.834791,51.299076],[3.8347931,51.2990248],[3.8347888,51.2989861],[3.834782,51.2989536],[3.8348041,51.2988961],[3.8348034,51.2988489],[3.8348132,51.2988061],[3.8348696,51.2987428],[3.8349155,51.2987155],[3.8349121,51.2986882],[3.8349318,51.2986254],[3.8349279,51.2985872],[3.8349312,51.2985355],[3.8349289,51.2984955],[3.8349404,51.2984455],[3.834969,51.2983789],[3.8349702,51.2983554],[3.8350053,51.2983141],[3.8350504,51.2982649],[3.8350486,51.2982369],[3.8350539,51.2981749],[3.8350545,51.2981421],[3.8350755,51.2980849],[3.8350793,51.2980353],[3.8350812,51.2979949],[3.8351322,51.2979104],[3.8351342,51.2979046],[3.835141,51.2978892],[3.8351766,51.2978144],[3.8351753,51.2977918],[3.8351937,51.2977243],[3.8352031,51.297683],[3.8352152,51.2976343],[3.8352787,51.2975718],[3.8353153,51.2975436],[3.8353204,51.2975168],[3.8353317,51.2974536],[3.8353298,51.2974198],[3.8353459,51.2973636],[3.8353456,51.2973187],[3.8353484,51.2972736],[3.835373,51.2972102],[3.8353749,51.2971835],[3.8353977,51.2971034],[3.835402,51.2970934],[3.835413,51.2970708],[3.8354536,51.2970031],[3.8354529,51.296977],[3.8354753,51.296913],[3.8355156,51.2968459],[3.8355231,51.2968228],[3.8355512,51.296779],[3.8355834,51.2967324],[3.8355819,51.2967124],[3.8356131,51.2966423],[3.8356116,51.2966024],[3.8356154,51.2965523],[3.835637,51.2964952],[3.8356434,51.2964622],[3.8356721,51.2963817],[3.8356732,51.2963721],[3.8356868,51.2963516],[3.8357297,51.2962818],[3.8357343,51.2962508],[3.8357414,51.2961917],[3.83574,51.2961562],[3.8357585,51.2961017],[3.8358242,51.2960167],[3.8358325,51.2960112],[3.8358323,51.296006],[3.8358377,51.2959213],[3.8358377,51.2959116],[3.8358795,51.2958311],[3.8358792,51.295794],[3.8358957,51.295741],[3.8359613,51.2956687],[3.8359897,51.2956504],[3.8359893,51.2956324],[3.8360043,51.2955604],[3.8360047,51.2955317],[3.8360221,51.2954704],[3.8360218,51.2954297],[3.8360289,51.2953804],[3.8360284,51.2953345],[3.8360308,51.2952905],[3.8360622,51.2952219],[3.8360671,51.2952003],[3.8360956,51.2951685],[3.836152,51.2951097],[3.8361489,51.2950753],[3.8361552,51.2950198],[3.8361592,51.2949777],[3.8361647,51.2949298],[3.8362336,51.2948672],[3.8362766,51.2948391],[3.8362765,51.2948115],[3.8362919,51.2947491],[3.8362901,51.2947118],[3.8362991,51.2946591],[3.8362994,51.2946149],[3.8363054,51.2945691],[3.8363184,51.2945118],[3.8363256,51.294479],[3.836369,51.2944271],[3.8364158,51.2943885],[3.8364159,51.2943583],[3.8364184,51.2942985],[3.8364199,51.2942648],[3.8364434,51.2942084],[3.8364577,51.2941496],[3.8364636,51.2941184],[3.8364962,51.2940339],[3.8364954,51.2940282],[3.8365047,51.2939999],[3.8365546,51.2940278],[3.836621,51.2940439]]},"properties":{"rawObjectClass":"DEPCNT","VALDCO":4.5,"depthDatum":"Approximate LAT","depthDatumCode":42,"depthDatumStatus":"VERIFIED_FROM_OFFICIAL_DOCUMENTATION","verticalDatum":"Local Datum","verticalDatumCode":24,"napIdentityStatus":"UNVERIFIED","sourceKind":"official","sourceCellId":"1R7687LI","sourceStableId":"1F2B6A429E1C75A8","sourceChecksum":"15df29d0ae5fbc875483ea2addc2d4e6c9148a876bdf65f0adfc75742fe31c47","pipelineFeatureId":"1R7687LI/DEPCNT/1280474671","provenance":{"cellId":"1R7687LI","checksum":"15df29d0ae5fbc875483ea2addc2d4e6c9148a876bdf65f0adfc75742fe31c47","readerVersion":"GDAL 3.2.2","processedAt":"2026-08-11T13:43:44.753Z"},"sourceProperties":{"RCID":1280474671,"PRIM":2,"GRUP":2,"OBJL":43,"RVER":1,"AGEN":7979,"FIDN":1782750748,"FIDS":30120,"LNAM":"1F2B6A429E1C75A8","VALDCO":4.5,"SCAMIN":15000,"sourceCellId":"1R7687LI","sourceChecksum":"15df29d0ae5fbc875483ea2addc2d4e6c9148a876bdf65f0adfc75742fe31c47","rawObjectClass":"DEPCNT","sourceStableId":"1F2B6A429E1C75A8"}}},{"type":"Feature","geometry":{"type":"LineString","coordinates":[[3.8344192,51.2932342],[3.8344068,51.2932756],[3.834432,51.2933236],[3.834441,51.2933511],[3.8344277,51.2934135],[3.8344307,51.2934486],[3.8344213,51.2935035],[3.8343601,51.2935849],[3.8343572,51.2935939],[3.8343462,51.2936097],[3.8343072,51.2936841],[3.8343075,51.2937096],[3.8343042,51.2937741],[3.8342956,51.2938082],[3.8342824,51.2938642],[3.8342083,51.293914],[3.8341868,51.2939233]]},"properties":{"rawObjectClass":"DEPCNT","VALDCO":4.5,"depthDatum":"Approximate LAT","depthDatumCode":42,"depthDatumStatus":"VERIFIED_FROM_OFFICIAL_DOCUMENTATION","verticalDatum":"Local Datum","verticalDatumCode":24,"napIdentityStatus":"UNVERIFIED","sourceKind":"official","sourceCellId":"1R7687LI","sourceStableId":"1F2B6A429E1C75A9","sourceChecksum":"15df29d0ae5fbc875483ea2addc2d4e6c9148a876bdf65f0adfc75742fe31c47","pipelineFeatureId":"1R7687LI/DEPCNT/1280474672","provenance":{"cellId":"1R7687LI","checksum":"15df29d0ae5fbc875483ea2addc2d4e6c9148a876bdf65f0adfc75742fe31c47","readerVersion":"GDAL 3.2.2","processedAt":"2026-08-11T13:43:44.753Z"},"sourceProperties":{"RCID":1280474672,"PRIM":2,"GRUP":2,"OBJL":43,"RVER":1,"AGEN":7979,"FIDN":1782750748,"FIDS":30121,"LNAM":"1F2B6A429E1C75A9","VALDCO":4.5,"SCAMIN":15000,"sourceCellId":"1R7687LI","sourceChecksum":"15df29d0ae5fbc875483ea2addc2d4e6c9148a876bdf65f0adfc75742fe31c47","rawObjectClass":"DEPCNT","sourceStableId":"1F2B6A429E1C75A9"}}},{"type":"Feature","geometry":{"type":"LineString","coordinates":[[3.818829,51.3237229],[3.8189064,51.323737],[3.8189628,51.3237552],[3.8190579,51.3238258],[3.819028,51.3238765],[3.8190631,51.3239157],[3.8190194,51.3239729],[3.818979,51.3240062],[3.8189676,51.3240224],[3.8189382,51.324025],[3.8188243,51.3240365],[3.8187106,51.3240081],[3.8186801,51.3239957],[3.8186565,51.3239508]]},"properties":{"rawObjectClass":"DEPCNT","VALDCO":4.5,"depthDatum":"Approximate LAT","depthDatumCode":42,"depthDatumStatus":"VERIFIED_FROM_OFFICIAL_DOCUMENTATION","verticalDatum":"Local Datum","verticalDatumCode":24,"napIdentityStatus":"UNVERIFIED","sourceKind":"official","sourceCellId":"1R7687LI","sourceStableId":"1F2B6A429E1C75AA","sourceChecksum":"15df29d0ae5fbc875483ea2addc2d4e6c9148a876bdf65f0adfc75742fe31c47","pipelineFeatureId":"1R7687LI/DEPCNT/1280474673","provenance":{"cellId":"1R7687LI","checksum":"15df29d0ae5fbc875483ea2addc2d4e6c9148a876bdf65f0adfc75742fe31c47","readerVersion":"GDAL 3.2.2","processedAt":"2026-08-11T13:43:44.753Z"},"sourceProperties":{"RCID":1280474673,"PRIM":2,"GRUP":2,"OBJL":43,"RVER":1,"AGEN":7979,"FIDN":1782750748,"FIDS":30122,"LNAM":"1F2B6A429E1C75AA","VALDCO":4.5,"SCAMIN":15000,"sourceCellId":"1R7687LI","sourceChecksum":"15df29d0ae5fbc875483ea2addc2d4e6c9148a876bdf65f0adfc75742fe31c47","rawObjectClass":"DEPCNT","sourceStableId":"1F2B6A429E1C75AA"}}},{"type":"Feature","geometry":{"type":"LineString","coordinates":[[3.8280576,51.3187429],[3.8280506,51.318727],[3.8280435,51.3186448],[3.8280464,51.3186371],[3.8280549,51.3185946],[3.8281089,51.3185467],[3.8281443,51.3184892],[3.8281833,51.3184562],[3.8281887,51.3183699],[3.8281902,51.3183663],[3.828194,51.3183484],[3.8282162,51.3182762],[3.8282861,51.3182263]]},"properties":{"rawObjectClass":"DEPCNT","VALDCO":4.5,"depthDatum":"Approximate LAT","depthDatumCode":42,"depthDatumStatus":"VERIFIED_FROM_OFFICIAL_DOCUMENTATION","verticalDatum":"Local Datum","verticalDatumCode":24,"napIdentityStatus":"UNVERIFIED","sourceKind":"official","sourceCellId":"1R7687LI","sourceStableId":"1F2B6A429E1C75AB","sourceChecksum":"15df29d0ae5fbc875483ea2addc2d4e6c9148a876bdf65f0adfc75742fe31c47","pipelineFeatureId":"1R7687LI/DEPCNT/1280474674","provenance":{"cellId":"1R7687LI","checksum":"15df29d0ae5fbc875483ea2addc2d4e6c9148a876bdf65f0adfc75742fe31c47","readerVersion":"GDAL 3.2.2","processedAt":"2026-08-11T13:43:44.753Z"},"sourceProperties":{"RCID":1280474674,"PRIM":2,"GRUP":2,"OBJL":43,"RVER":1,"AGEN":7979,"FIDN":1782750748,"FIDS":30123,"LNAM":"1F2B6A429E1C75AB","VALDCO":4.5,"SCAMIN":15000,"sourceCellId":"1R7687LI","sourceChecksum":"15df29d0ae5fbc875483ea2addc2d4e6c9148a876bdf65f0adfc75742fe31c47","rawObjectClass":"DEPCNT","sourceStableId":"1F2B6A429E1C75AB"}}},{"type":"Feature","geometry":{"type":"LineString","coordinates":[[3.8289416,51.3167656],[3.8289123,51.3168147],[3.8289376,51.3168323],[3.8288847,51.3168595],[3.8287455,51.3168366],[3.8287408,51.3168367],[3.8287333,51.3168338],[3.8287325,51.3168287],[3.8286324,51.3167446],[3.8286329,51.3167209],[3.8286297,51.3166546],[3.828628,51.3166331],[3.8286433,51.3165646],[3.8286572,51.3165234],[3.8286732,51.3164745],[3.8286842,51.3164152],[3.828693,51.3163844],[3.8287265,51.3162971],[3.828727,51.3162943],[3.8287306,51.3162712],[3.8287446,51.3162042],[3.8287476,51.3161926],[3.8287964,51.3161139],[3.8288051,51.3160648],[3.8288194,51.3160239],[3.8288343,51.3159552],[3.8288386,51.3159338],[3.8288527,51.3158524],[3.8288538,51.3158438],[3.8288659,51.3158193],[3.8289027,51.3157535],[3.8289175,51.31572],[3.8289501,51.3156632],[3.8289597,51.315602],[3.8289651,51.3155732],[3.8289804,51.3154977],[3.828983,51.3154832],[3.8290026,51.3154392],[3.8290317,51.3153929],[3.8290381,51.3153698],[3.82908,51.3153026],[3.8290915,51.3152446],[3.8290987,51.3152126],[3.8291412,51.3151716],[3.8292364,51.3151217],[3.8292832,51.3150866],[3.8293508,51.3151209],[3.829368,51.3151313]]},"properties":{"rawObjectClass":"DEPCNT","VALDCO":4.5,"depthDatum":"Approximate LAT","depthDatumCode":42,"depthDatumStatus":"VERIFIED_FROM_OFFICIAL_DOCUMENTATION","verticalDatum":"Local Datum","verticalDatumCode":24,"napIdentityStatus":"UNVERIFIED","sourceKind":"official","sourceCellId":"1R7687LI","sourceStableId":"1F2B6A429E1C75AC","sourceChecksum":"15df29d0ae5fbc875483ea2addc2d4e6c9148a876bdf65f0adfc75742fe31c47","pipelineFeatureId":"1R7687LI/DEPCNT/1280474676","provenance":{"cellId":"1R7687LI","checksum":"15df29d0ae5fbc875483ea2addc2d4e6c9148a876bdf65f0adfc75742fe31c47","readerVersion":"GDAL 3.2.2","processedAt":"2026-08-11T13:43:44.753Z"},"sourceProperties":{"RCID":1280474676,"PRIM":2,"GRUP":2,"OBJL":43,"RVER":1,"AGEN":7979,"FIDN":1782750748,"FIDS":30124,"LNAM":"1F2B6A429E1C75AC","VALDCO":4.5,"SCAMIN":15000,"sourceCellId":"1R7687LI","sourceChecksum":"15df29d0ae5fbc875483ea2addc2d4e6c9148a876bdf65f0adfc75742fe31c47","rawObjectClass":"DEPCNT","sourceStableId":"1F2B6A429E1C75AC"}}},{"type":"Feature","geometry":{"type":"LineString","coordinates":[[3.8311295,51.3166668],[3.8311109,51.3166371],[3.8311596,51.3165565],[3.8311641,51.3165468],[3.8311748,51.3165377],[3.8312724,51.3164561],[3.831316,51.3164125],[3.8313851,51.3163654],[3.8314579,51.3163251],[3.8315326,51.3162744],[3.8315999,51.316244],[3.8317064,51.316206],[3.8317424,51.3161894],[3.8317525,51.3161829],[3.8318845,51.316108],[3.8319184,51.3160918],[3.8320264,51.3160228],[3.8320834,51.3160007],[3.8321686,51.3159522],[3.832251,51.3159096],[3.8323107,51.3158751],[3.8324426,51.3158183],[3.8324531,51.3158131],[3.832595,51.3157272],[3.8325961,51.3157266],[3.8327371,51.315651],[3.832768,51.3156362],[3.8328795,51.3155858],[3.8330209,51.3155453],[3.8330222,51.3155448],[3.8330231,51.3155444],[3.8331643,51.3154668],[3.8331944,51.3154533],[3.8333067,51.3154067],[3.8334007,51.3153619],[3.8334489,51.3153376],[3.8335686,51.3152851],[3.8335913,51.3152745],[3.8335999,51.3152705],[3.8337334,51.3151981],[3.8337762,51.3151794],[3.8338758,51.3151378],[3.8339964,51.3150879],[3.8340182,51.3150769],[3.8340784,51.3150492],[3.8341604,51.3150105],[3.8341947,51.3149965],[3.8343029,51.3149549],[3.8344138,51.3149252],[3.8344457,51.3149144],[3.8344635,51.3149047],[3.8345876,51.3148294],[3.8346297,51.3148136],[3.8347301,51.3147741],[3.8348688,51.3147244],[3.8348727,51.3147226],[3.8348742,51.3147219],[3.8350146,51.3146362],[3.8350229,51.314631],[3.8350966,51.3145784],[3.8351474,51.3145401],[3.8351562,51.3145343],[3.835213,51.3145037],[3.8352983,51.3144591],[3.8353219,51.314449],[3.8354409,51.3144063],[3.8355488,51.3143574],[3.8355832,51.3143446],[3.8356153,51.3143368],[3.8357261,51.3143089],[3.8358472,51.314279],[3.8358689,51.3142706],[3.8358787,51.3142652],[3.8360106,51.3141743],[3.8360511,51.3140841],[3.8360084,51.3140543],[3.8359248,51.3139951],[3.835863,51.3139455],[3.8357333,51.3139065],[3.8357173,51.3138168],[3.8357171,51.3138166],[3.8357169,51.3138166],[3.83558,51.3137841]]},"properties":{"rawObjectClass":"DEPCNT","VALDCO":4.5,"depthDatum":"Approximate LAT","depthDatumCode":42,"depthDatumStatus":"VERIFIED_FROM_OFFICIAL_DOCUMENTATION","verticalDatum":"Local Datum","verticalDatumCode":24,"napIdentityStatus":"UNVERIFIED","sourceKind":"official","sourceCellId":"1R7687LI","sourceStableId":"1F2B6A429E1C75AD","sourceChecksum":"15df29d0ae5fbc875483ea2addc2d4e6c9148a876bdf65f0adfc75742fe31c47","pipelineFeatureId":"1R7687LI/DEPCNT/1280474677","provenance":{"cellId":"1R7687LI","checksum":"15df29d0ae5fbc875483ea2addc2d4e6c9148a876bdf65f0adfc75742fe31c47","readerVersion":"GDAL 3.2.2","processedAt":"2026-08-11T13:43:44.753Z"},"sourceProperties":{"RCID":1280474677,"PRIM":2,"GRUP":2,"OBJL":43,"RVER":1,"AGEN":7979,"FIDN":1782750748,"FIDS":30125,"LNAM":"1F2B6A429E1C75AD","VALDCO":4.5,"SCAMIN":15000,"sourceCellId":"1R7687LI","sourceChecksum":"15df29d0ae5fbc875483ea2addc2d4e6c9148a876bdf65f0adfc75742fe31c47","rawObjectClass":"DEPCNT","sourceStableId":"1F2B6A429E1C75AD"}}},{"type":"Feature","geometry":{"type":"LineString","coordinates":[[3.8256558,51.325],[3.8256648,51.3249895],[3.8257054,51.3249481],[3.8257292,51.3249306],[3.8258641,51.3248571],[3.8258713,51.3248535],[3.8258785,51.324857],[3.8259237,51.3248909]]},"properties":{"rawObjectClass":"DEPCNT","VALDCO":4.5,"depthDatum":"Approximate LAT","depthDatumCode":42,"depthDatumStatus":"VERIFIED_FROM_OFFICIAL_DOCUMENTATION","verticalDatum":"Local Datum","verticalDatumCode":24,"napIdentityStatus":"UNVERIFIED","sourceKind":"official","sourceCellId":"1R7687LI","sourceStableId":"1F2B6A429E1C75AE","sourceChecksum":"15df29d0ae5fbc875483ea2addc2d4e6c9148a876bdf65f0adfc75742fe31c47","pipelineFeatureId":"1R7687LI/DEPCNT/1280474679","provenance":{"cellId":"1R7687LI","checksum":"15df29d0ae5fbc875483ea2addc2d4e6c9148a876bdf65f0adfc75742fe31c47","readerVersion":"GDAL 3.2.2","processedAt":"2026-08-11T13:43:44.753Z"},"sourceProperties":{"RCID":1280474679,"PRIM":2,"GRUP":2,"OBJL":43,"RVER":1,"AGEN":7979,"FIDN":1782750748,"FIDS":30126,"LNAM":"1F2B6A429E1C75AE","VALDCO":4.5,"SCAMIN":15000,"sourceCellId":"1R7687LI","sourceChecksum":"15df29d0ae5fbc875483ea2addc2d4e6c9148a876bdf65f0adfc75742fe31c47","rawObjectClass":"DEPCNT","sourceStableId":"1F2B6A429E1C75AE"}}},{"type":"Feature","geometry":{"type":"LineString","coordinates":[[3.8333975,51.2963391],[3.8334656,51.2963878],[3.8334603,51.2964298],[3.8334682,51.2964777],[3.8334721,51.296526],[3.8334717,51.2965676],[3.8334689,51.2966129],[3.8334843,51.2966574],[3.8334748,51.2966995],[3.8334721,51.2967475],[3.8334672,51.2967897],[3.8334856,51.2968373],[3.8334891,51.296892],[3.8334924,51.2969272],[3.8334929,51.2969607],[3.8334882,51.2970171],[3.8334906,51.2970531],[3.8334882,51.297107],[3.8334872,51.2971462],[3.8334865,51.297197],[3.833482,51.2972406],[3.8334809,51.2972869],[3.8334638,51.2973432],[3.8334575,51.297377],[3.8334121,51.297467],[3.8334119,51.2974673],[3.8334118,51.2974675],[3.83335,51.2975576],[3.8333472,51.2975998],[3.8333396,51.2976476],[3.8333342,51.2976992],[3.8333308,51.2977376],[3.833297,51.297814],[3.8332927,51.2978278],[3.8332757,51.2978533],[3.8332234,51.2979182],[3.8332319,51.2979467],[3.8332119,51.2980082],[3.8332123,51.2980502],[3.8332099,51.2980982],[3.8331905,51.2981552],[3.8331845,51.2981883],[3.8331395,51.2982558],[3.8331196,51.2982786],[3.8331205,51.298291],[3.8330935,51.2983688],[3.8330948,51.2983984],[3.8330777,51.2984588],[3.8330658,51.2985079],[3.8330657,51.2985488],[3.8330385,51.2986165],[3.8330287,51.298639],[3.8330038,51.2986833],[3.8329725,51.2987293],[3.8329727,51.2987496],[3.8329687,51.2988193],[3.8329674,51.2988439],[3.8329442,51.2989093],[3.8329058,51.2989744],[3.8328995,51.2989996],[3.832867,51.29905],[3.8328416,51.2990899],[3.832842,51.2991062],[3.8328238,51.29918],[3.8328253,51.299208],[3.8328148,51.29927],[3.8328024,51.2993136],[3.8327929,51.29936],[3.8327525,51.2994365],[3.8327487,51.2994503],[3.8327313,51.2994761],[3.8326929,51.2995406],[3.8326932,51.2995655],[3.8326826,51.2996306],[3.8326755,51.2996678],[3.8326719,51.2997206],[3.8326513,51.2997743],[3.8326356,51.2998108],[3.8325952,51.2998802],[3.8325785,51.2999011],[3.8325785,51.2999119],[3.8325457,51.2999913],[3.8325532,51.3000529],[3.8325528,51.3000811],[3.832525,51.3001282],[3.832509,51.3001714],[3.8324582,51.3002374],[3.8324391,51.3002618],[3.8324392,51.3002741],[3.8324135,51.3003519],[3.8324143,51.300381],[3.8324045,51.3004419],[3.8323979,51.3004825],[3.8323975,51.3005318],[3.8323215,51.3006089],[3.8323012,51.3006224],[3.8323009,51.3006356],[3.8322879,51.3007125],[3.8322887,51.3007344],[3.8322759,51.3008025],[3.8322705,51.3008371],[3.8322634,51.3008925],[3.8322273,51.3009557],[3.8322178,51.3009827],[3.832186,51.3010495],[3.8321745,51.301073],[3.8321747,51.3010804],[3.8321397,51.3011631],[3.8321316,51.301199],[3.8321179,51.3012532],[3.8320523,51.3013408],[3.8320513,51.3013436],[3.832048,51.3013496],[3.8320142,51.3014338],[3.8320138,51.3014565],[3.8320045,51.3015238],[3.8319974,51.3015579],[3.8319899,51.3016138],[3.8319634,51.3016706],[3.8319544,51.301704],[3.8319119,51.3017561],[3.8318817,51.3017944],[3.8318817,51.301814],[3.8318742,51.3018844],[3.8318705,51.3019121],[3.8318539,51.3019745],[3.8318371,51.3020245],[3.8318308,51.3020645],[3.8317752,51.3021306],[3.8317538,51.302155],[3.8317533,51.3021692],[3.8317389,51.302245],[3.8317389,51.3022694],[3.8317278,51.302335],[3.8317011,51.3023845],[3.8316875,51.3024253],[3.8316384,51.3024954],[3.8316217,51.3025156],[3.8316218,51.3025264],[3.8316036,51.3026057],[3.8316046,51.3026284],[3.8315934,51.3026957],[3.8315839,51.3027326],[3.8315725,51.3027858],[3.831548,51.3028466],[3.8315433,51.3028759],[3.8315028,51.302933],[3.8314772,51.3029663],[3.8314766,51.3029833],[3.831456,51.3030564],[3.8314561,51.3030874],[3.831445,51.3031464],[3.8314251,51.3031982],[3.8314188,51.3032365],[3.831366,51.3032989],[3.831339,51.303327],[3.8313393,51.3033442],[3.8313289,51.3034169],[3.8313295,51.3034414],[3.8313077,51.3035463],[3.8313075,51.3035969],[3.8312347,51.3036841],[3.8312329,51.3036874],[3.8312297,51.303696],[3.8312056,51.3037775],[3.8312056,51.3037937],[3.8311844,51.3038676],[3.8311795,51.3039014],[3.8311656,51.3039576],[3.8311431,51.3040157],[3.831138,51.3040478],[3.8310937,51.3041103],[3.8310716,51.3041382],[3.8310719,51.3041523],[3.8310578,51.3042282],[3.8310568,51.304253],[3.8310435,51.3043182],[3.8310203,51.3043673],[3.8310126,51.3044083],[3.8309571,51.304491],[3.830951,51.3044987],[3.8309501,51.3045033],[3.8309295,51.3045888],[3.830926,51.3046096],[3.8309041,51.3046789],[3.8309049,51.3047141],[3.8308941,51.3047689],[3.8308469,51.3048423],[3.8308416,51.3048592],[3.8308213,51.3049126],[3.830805,51.3049493],[3.8308052,51.30496],[3.8307807,51.3050394],[3.8307811,51.3050663],[3.8307659,51.3051295],[3.8307645,51.305168],[3.8307575,51.3052194],[3.8307201,51.3052874],[3.8307151,51.3053097],[3.8306858,51.3053517],[3.8306537,51.3054],[3.8306515,51.3054223],[3.8306312,51.3054901],[3.8306255,51.3055299],[3.8306111,51.3055802],[3.8305879,51.305645],[3.8305856,51.3056703],[3.8305492,51.3057319],[3.8305272,51.3057606],[3.8305219,51.3057783],[3.8304888,51.3058508],[3.8304845,51.3058932],[3.8304706,51.3059409],[3.830458,51.3060012],[3.8304504,51.3060309],[3.830432,51.3061088],[3.8304289,51.306121],[3.8304135,51.3061626],[3.8303897,51.3062112],[3.8303898,51.3062268],[3.8303657,51.3063013],[3.8303527,51.3063415],[3.8303333,51.3063914],[3.8303156,51.3064563],[3.8303082,51.3064815],[3.830277,51.3065508],[3.8302624,51.3065718],[3.8302608,51.3065824],[3.8302147,51.3066621],[3.8302019,51.306711],[3.8301919,51.3067521],[3.8301628,51.3068271],[3.8301577,51.3068423],[3.8301394,51.3068744],[3.8300919,51.3069327],[3.8300919,51.3069635],[3.8300749,51.3070227],[3.8300675,51.3070701],[3.8300515,51.3071128],[3.830029,51.3071857],[3.8300233,51.3072029],[3.8300025,51.3072397],[3.8299635,51.3072933],[3.8299647,51.3073179],[3.8299499,51.3073833],[3.8299467,51.3074204],[3.8299355,51.3074733],[3.8298945,51.3075448],[3.829887,51.3075636],[3.8298656,51.3076031],[3.8298321,51.3076539],[3.8298336,51.3076748],[3.829819,51.3077439],[3.8298195,51.3077748],[3.829811,51.3078339],[3.8298097,51.307872],[3.8297956,51.3079239],[3.82977,51.3079884],[3.829764,51.3080141],[3.8297307,51.3080744],[3.8297073,51.3081044],[3.8297083,51.3081189],[3.8296875,51.3081945],[3.8296886,51.3082225],[3.8296736,51.3082845],[3.8296694,51.3083258],[3.829658,51.3083745],[3.8295938,51.308443],[3.8295653,51.3084651],[3.8295657,51.3084832],[3.8295523,51.3085551],[3.8295513,51.3085834],[3.8295379,51.3086451],[3.8295344,51.3086851],[3.8295231,51.3087352],[3.8294661,51.3088199],[3.8294646,51.3088255],[3.8294577,51.3088493],[3.8294377,51.3089156],[3.8294378,51.308929],[3.8294125,51.3090057],[3.8294081,51.309039],[3.8293918,51.3090958],[3.8293813,51.3091471],[3.8293662,51.3091859],[3.8293299,51.309271],[3.8293255,51.3092761],[3.8293222,51.309291],[3.8292817,51.3093663],[3.829273,51.3093985],[3.8292451,51.3094565],[3.8292076,51.3095313],[3.8291917,51.3095468],[3.8291839,51.3095765],[3.8291403,51.3096371],[3.8291372,51.3096674],[3.8291132,51.3097272],[3.829092,51.3097873],[3.8290628,51.3098175],[3.8290459,51.3098844],[3.8290284,51.3099077],[3.8290264,51.3099204],[3.8289847,51.3099979],[3.8289653,51.3100505],[3.8289291,51.3100882],[3.8289073,51.3101513],[3.8288828,51.3101785],[3.8288831,51.3101941],[3.8288518,51.3102686],[3.828799,51.310339],[3.8287779,51.310359],[3.8287682,51.3103952],[3.8287382,51.3104492],[3.8287397,51.3104679],[3.8286787,51.3105396],[3.8286687,51.3106044],[3.8286712,51.3106296],[3.8286294,51.3106568],[3.8285375,51.3107204],[3.8285395,51.3107529],[3.8285404,51.3108103],[3.8284893,51.3108431],[3.8284033,51.3109012],[3.8284058,51.3109377],[3.8284061,51.3109911],[3.8284005,51.3110492],[3.8284026,51.3110811],[3.8283759,51.3110973]]},"properties":{"rawObjectClass":"DEPCNT","VALDCO":4.5,"depthDatum":"Approximate LAT","depthDatumCode":42,"depthDatumStatus":"VERIFIED_FROM_OFFICIAL_DOCUMENTATION","verticalDatum":"Local Datum","verticalDatumCode":24,"napIdentityStatus":"UNVERIFIED","sourceKind":"official","sourceCellId":"1R7687LI","sourceStableId":"1F2B6A429E1C75AF","sourceChecksum":"15df29d0ae5fbc875483ea2addc2d4e6c9148a876bdf65f0adfc75742fe31c47","pipelineFeatureId":"1R7687LI/DEPCNT/1280474680","provenance":{"cellId":"1R7687LI","checksum":"15df29d0ae5fbc875483ea2addc2d4e6c9148a876bdf65f0adfc75742fe31c47","readerVersion":"GDAL 3.2.2","processedAt":"2026-08-11T13:43:44.753Z"},"sourceProperties":{"RCID":1280474680,"PRIM":2,"GRUP":2,"OBJL":43,"RVER":1,"AGEN":7979,"FIDN":1782750748,"FIDS":30127,"LNAM":"1F2B6A429E1C75AF","VALDCO":4.5,"SCAMIN":15000,"sourceCellId":"1R7687LI","sourceChecksum":"15df29d0ae5fbc875483ea2addc2d4e6c9148a876bdf65f0adfc75742fe31c47","rawObjectClass":"DEPCNT","sourceStableId":"1F2B6A429E1C75AF"}}},{"type":"Feature","geometry":{"type":"LineString","coordinates":[[3.8276672,51.3203081],[3.8276555,51.3202584],[3.827716,51.3202371]]},"properties":{"rawObjectClass":"DEPCNT","VALDCO":4.5,"depthDatum":"Approximate LAT","depthDatumCode":42,"depthDatumStatus":"VERIFIED_FROM_OFFICIAL_DOCUMENTATION","verticalDatum":"Local Datum","verticalDatumCode":24,"napIdentityStatus":"UNVERIFIED","sourceKind":"official","sourceCellId":"1R7687LI","sourceStableId":"1F2B6A429E1C75B0","sourceChecksum":"15df29d0ae5fbc875483ea2addc2d4e6c9148a876bdf65f0adfc75742fe31c47","pipelineFeatureId":"1R7687LI/DEPCNT/1280474683","provenance":{"cellId":"1R7687LI","checksum":"15df29d0ae5fbc875483ea2addc2d4e6c9148a876bdf65f0adfc75742fe31c47","readerVersion":"GDAL 3.2.2","processedAt":"2026-08-11T13:43:44.753Z"},"sourceProperties":{"RCID":1280474683,"PRIM":2,"GRUP":2,"OBJL":43,"RVER":1,"AGEN":7979,"FIDN":1782750748,"FIDS":30128,"LNAM":"1F2B6A429E1C75B0","VALDCO":4.5,"SCAMIN":15000,"sourceCellId":"1R7687LI","sourceChecksum":"15df29d0ae5fbc875483ea2addc2d4e6c9148a876bdf65f0adfc75742fe31c47","rawObjectClass":"DEPCNT","sourceStableId":"1F2B6A429E1C75B0"}}},{"type":"Feature","geometry":{"type":"LineString","coordinates":[[3.8366603,51.2938377],[3.836645,51.2938321],[3.8365579,51.293758],[3.8365572,51.2937219],[3.8365949,51.2936678],[3.8366412,51.2936183],[3.8367523,51.2935968],[3.8367717,51.2935923]]},"properties":{"rawObjectClass":"DEPCNT","VALDCO":4.5,"depthDatum":"Approximate LAT","depthDatumCode":42,"depthDatumStatus":"VERIFIED_FROM_OFFICIAL_DOCUMENTATION","verticalDatum":"Local Datum","verticalDatumCode":24,"napIdentityStatus":"UNVERIFIED","sourceKind":"official","sourceCellId":"1R7687LI","sourceStableId":"1F2B6A429E1C75B1","sourceChecksum":"15df29d0ae5fbc875483ea2addc2d4e6c9148a876bdf65f0adfc75742fe31c47","pipelineFeatureId":"1R7687LI/DEPCNT/1280474684","provenance":{"cellId":"1R7687LI","checksum":"15df29d0ae5fbc875483ea2addc2d4e6c9148a876bdf65f0adfc75742fe31c47","readerVersion":"GDAL 3.2.2","processedAt":"2026-08-11T13:43:44.753Z"},"sourceProperties":{"RCID":1280474684,"PRIM":2,"GRUP":2,"OBJL":43,"RVER":1,"AGEN":7979,"FIDN":1782750748,"FIDS":30129,"LNAM":"1F2B6A429E1C75B1","VALDCO":4.5,"SCAMIN":15000,"sourceCellId":"1R7687LI","sourceChecksum":"15df29d0ae5fbc875483ea2addc2d4e6c9148a876bdf65f0adfc75742fe31c47","rawObjectClass":"DEPCNT","sourceStableId":"1F2B6A429E1C75B1"}}},{"type":"Feature","geometry":{"type":"LineString","coordinates":[[3.8368099,51.2933779],[3.8368104,51.2933066],[3.8367776,51.2932323],[3.836772,51.2932169],[3.8367772,51.2932107],[3.8368407,51.2931265],[3.8368366,51.2930879],[3.8368523,51.2930365],[3.8368464,51.2929925],[3.8368441,51.2929467],[3.8368423,51.2929023],[3.8368443,51.2928567],[3.8368643,51.2927972],[3.8368674,51.2927666],[3.8369118,51.2927266],[3.8369671,51.292676],[3.8369697,51.2926387],[3.8369797,51.292586],[3.8369816,51.2925401],[3.8369931,51.292496],[3.8370134,51.2924059],[3.8370483,51.292344],[3.8370785,51.2923155],[3.8370767,51.2922972],[3.8370881,51.2922255],[3.8370903,51.2921975],[3.8371262,51.2921353],[3.8371411,51.2920739],[3.8371434,51.2920453],[3.8371848,51.2919636],[3.8371926,51.291955],[3.8371921,51.2919502],[3.8372225,51.2918649],[3.837221,51.2918408],[3.8372305,51.2917749],[3.8372449,51.2917345],[3.8372698,51.2916847],[3.8373221,51.2916323],[3.8373668,51.2915941],[3.8373632,51.2915311],[3.8373618,51.2915042],[3.837361,51.2914781],[3.8373802,51.2914141],[3.8373902,51.2913684],[3.8374008,51.2913241],[3.8374215,51.2912574],[3.8374292,51.2912339],[3.8374574,51.2911812],[3.8374854,51.2911436],[3.8374843,51.2911261],[3.8375099,51.2910535],[3.8375091,51.2910193],[3.8375264,51.2909635],[3.8375572,51.2908974],[3.8375632,51.2908733],[3.8375944,51.2908294],[3.8376323,51.2907829],[3.8376311,51.2907591],[3.8376435,51.2906929],[3.837642,51.2906611],[3.8376492,51.2906029],[3.8376977,51.2905344],[3.8377085,51.2905126],[3.8377314,51.2904806],[3.8377748,51.2904222],[3.8377489,51.2903449],[3.83775,51.2903324],[3.8377433,51.2902526],[3.8377429,51.2902426],[3.837753,51.2902261],[3.8377741,51.2901524],[3.8377783,51.2901189],[3.8378065,51.2900623],[3.8378131,51.2900056],[3.8378241,51.2899722],[3.8378644,51.2899087],[3.8378848,51.2898818],[3.8379092,51.289853],[3.837965,51.2897914],[3.8380049,51.289748],[3.8380459,51.2897008],[3.8380467,51.2896738],[3.8380623,51.2896108],[3.8380631,51.2895723],[3.8380759,51.2895208],[3.838123,51.289443],[3.8381261,51.2894305],[3.8381422,51.2894123],[3.8381948,51.2893401],[3.8381938,51.2893066],[3.8382068,51.2892501],[3.8382812,51.2891686],[3.8382959,51.2891595],[3.8382953,51.2891504],[3.8383065,51.2890695],[3.8383069,51.2890521],[3.8383309,51.2889794],[3.8383305,51.288946],[3.8383439,51.2888894],[3.8383617,51.288835],[3.8383657,51.2887993],[3.8384157,51.2887094],[3.8384159,51.2887091],[3.8384162,51.2887086],[3.8384771,51.2886187],[3.8385276,51.2885467],[3.8385339,51.2885284],[3.8385166,51.2884627],[3.8385207,51.2884385],[3.8385534,51.2883653],[3.8385657,51.2883483],[3.838566,51.2883401],[3.8385959,51.2882582],[3.8386085,51.2882219],[3.8386297,51.288168],[3.8386338,51.2881146],[3.8386458,51.2880779],[3.8386904,51.2880157],[3.8387171,51.2879875],[3.8387178,51.2879698],[3.8387452,51.2878974],[3.8387549,51.2878551],[3.8387731,51.2878073],[3.838792,51.2877403],[3.8387991,51.2877172],[3.8388246,51.2876284],[3.8388253,51.287627],[3.8388267,51.2876238],[3.8388759,51.2875368],[3.8388935,51.2874933],[3.8389148,51.2874466],[3.8389416,51.2873714],[3.8389503,51.2873564],[3.8389645,51.2873152],[3.8389966,51.2872661],[3.8390014,51.2872421],[3.8390518,51.2871758],[3.8390638,51.2871111],[3.8390718,51.2870857],[3.8391027,51.2870291],[3.8391274,51.2869954],[3.8391395,51.2869716],[3.8391684,51.2869052],[3.8391759,51.2868573],[3.839193,51.2868151],[3.8392407,51.286734],[3.8392473,51.2867248],[3.8392481,51.28672],[3.8392703,51.2866347],[3.8393059,51.2865919],[3.8393291,51.2865444],[3.8393441,51.2864765],[3.8393617,51.2864542],[3.8393777,51.2863869],[3.8393849,51.2863641],[3.8393871,51.2863579],[3.8394319,51.2862739],[3.839447,51.2862285],[3.8394636,51.2861837],[3.8394954,51.2861065],[3.8395004,51.2860935],[3.8395146,51.2860301],[3.8395217,51.2860034],[3.8395312,51.2859926],[3.8395876,51.2859131],[3.8396046,51.2858545],[3.8396184,51.2858229],[3.839653,51.2857525],[3.8396621,51.2857327],[3.8396696,51.2857218],[3.839714,51.2856424],[3.8396853,51.285575],[3.839676,51.2855527],[3.8396867,51.2855289],[3.8396855,51.2854627],[3.8397896,51.2853817],[3.839798,51.285372],[3.8398143,51.2853561],[3.8398597,51.2852816],[3.8399298,51.2852082],[3.8399396,51.2851911],[3.8399394,51.2851849],[3.839949,51.2851012],[3.839982,51.2850666],[3.8400068,51.2850108],[3.8399969,51.2849661],[3.8400198,51.2849208],[3.8400369,51.2848494],[3.8400425,51.2848307],[3.8400651,51.2847621],[3.8400729,51.2847406],[3.840077,51.2847328],[3.840121,51.2846503],[3.8401246,51.2846113],[3.84013,51.2845603],[3.8401615,51.2844966],[3.8401733,51.2844701],[3.8401873,51.2843891],[3.8401933,51.28438],[3.840201,51.2843515],[3.8402276,51.2842899],[3.8402343,51.284268],[3.8402568,51.2841997],[3.8402956,51.2841377],[3.8403107,51.2841094],[3.8403229,51.2840292],[3.8403291,51.2840194],[3.8403376,51.2839777],[3.8403511,51.2839293],[3.8403544,51.283918],[3.8403982,51.283839],[3.8404059,51.283794],[3.8404093,51.283749],[3.8404351,51.2836843],[3.84045,51.2836588],[3.8404567,51.2835795],[3.8404627,51.2835688],[3.8404727,51.2835272],[3.8404972,51.2834786],[3.8405033,51.2834586],[3.8405256,51.2833885],[3.840537,51.283346],[3.8405624,51.2832983],[3.8405562,51.2832427],[3.8405731,51.2832083],[3.8405879,51.2831315],[3.8406078,51.2830711],[3.8406373,51.283028],[3.8406426,51.2830054],[3.8406718,51.2829378],[3.8406862,51.2828864],[3.8407071,51.2828476],[3.8407218,51.2827727],[3.8407283,51.2827576],[3.8407439,51.2826713],[3.8407456,51.2826675],[3.8407459,51.2826662],[3.8407987,51.2825772],[3.8408156,51.2825305],[3.8408316,51.2824871],[3.8408658,51.2824074],[3.8408727,51.2823968],[3.840882,51.2823809],[3.8409167,51.2823066],[3.8409695,51.2822499],[3.8410048,51.2822161],[3.8410219,51.2821887],[3.8410957,51.2821952]]},"properties":{"rawObjectClass":"DEPCNT","VALDCO":4.5,"depthDatum":"Approximate LAT","depthDatumCode":42,"depthDatumStatus":"VERIFIED_FROM_OFFICIAL_DOCUMENTATION","verticalDatum":"Local Datum","verticalDatumCode":24,"napIdentityStatus":"UNVERIFIED","sourceKind":"official","sourceCellId":"1R7687LI","sourceStableId":"1F2B6A429E1C75B2","sourceChecksum":"15df29d0ae5fbc875483ea2addc2d4e6c9148a876bdf65f0adfc75742fe31c47","pipelineFeatureId":"1R7687LI/DEPCNT/1280474685","provenance":{"cellId":"1R7687LI","checksum":"15df29d0ae5fbc875483ea2addc2d4e6c9148a876bdf65f0adfc75742fe31c47","readerVersion":"GDAL 3.2.2","processedAt":"2026-08-11T13:43:44.753Z"},"sourceProperties":{"RCID":1280474685,"PRIM":2,"GRUP":2,"OBJL":43,"RVER":1,"AGEN":7979,"FIDN":1782750748,"FIDS":30130,"LNAM":"1F2B6A429E1C75B2","VALDCO":4.5,"SCAMIN":15000,"sourceCellId":"1R7687LI","sourceChecksum":"15df29d0ae5fbc875483ea2addc2d4e6c9148a876bdf65f0adfc75742fe31c47","rawObjectClass":"DEPCNT","sourceStableId":"1F2B6A429E1C75B2"}}},{"type":"Feature","geometry":{"type":"LineString","coordinates":[[3.8266703,51.3227383],[3.8266252,51.3226936],[3.8266274,51.3226446],[3.8266338,51.3226036],[3.8266287,51.3225528],[3.8266313,51.3225137],[3.8266575,51.3224434],[3.8266615,51.3224236],[3.8266879,51.3223743],[3.826732,51.3223332],[3.8267413,51.3222988],[3.8267905,51.3222428],[3.8268086,51.3221647],[3.8268087,51.3221528],[3.8267871,51.3220875],[3.8267943,51.3220629],[3.8267988,51.3219891],[3.8268013,51.321973],[3.8268235,51.3219352],[3.8268784,51.3218825],[3.8269651,51.3218314],[3.8270054,51.3218232]]},"properties":{"rawObjectClass":"DEPCNT","VALDCO":4.5,"depthDatum":"Approximate LAT","depthDatumCode":42,"depthDatumStatus":"VERIFIED_FROM_OFFICIAL_DOCUMENTATION","verticalDatum":"Local Datum","verticalDatumCode":24,"napIdentityStatus":"UNVERIFIED","sourceKind":"official","sourceCellId":"1R7687LI","sourceStableId":"1F2B6A429E1C75B3","sourceChecksum":"15df29d0ae5fbc875483ea2addc2d4e6c9148a876bdf65f0adfc75742fe31c47","pipelineFeatureId":"1R7687LI/DEPCNT/1280474686","provenance":{"cellId":"1R7687LI","checksum":"15df29d0ae5fbc875483ea2addc2d4e6c9148a876bdf65f0adfc75742fe31c47","readerVersion":"GDAL 3.2.2","processedAt":"2026-08-11T13:43:44.753Z"},"sourceProperties":{"RCID":1280474686,"PRIM":2,"GRUP":2,"OBJL":43,"RVER":1,"AGEN":7979,"FIDN":1782750748,"FIDS":30131,"LNAM":"1F2B6A429E1C75B3","VALDCO":4.5,"SCAMIN":15000,"sourceCellId":"1R7687LI","sourceChecksum":"15df29d0ae5fbc875483ea2addc2d4e6c9148a876bdf65f0adfc75742fe31c47","rawObjectClass":"DEPCNT","sourceStableId":"1F2B6A429E1C75B3"}}},{"type":"Feature","geometry":{"type":"LineString","coordinates":[[3.8374182,51.275],[3.8373901,51.2750481],[3.837374,51.2750969],[3.8373868,51.2751381],[3.8373579,51.2751982],[3.8373763,51.2752281],[3.8374544,51.2752472],[3.8375494,51.2753168],[3.8375998,51.2753633],[3.8376455,51.275406],[3.8376547,51.2754395],[3.8376982,51.2754955],[3.8377467,51.2755581],[3.837773,51.2755849],[3.8377777,51.2756038],[3.8378299,51.2756745],[3.8378937,51.2757541],[3.8379044,51.2757638],[3.8379084,51.2757729],[3.837958,51.2758534],[3.8379644,51.2758961],[3.8379843,51.2759431],[3.8380249,51.2760221],[3.8380272,51.2760327],[3.8380424,51.2760468],[3.8381139,51.276122],[3.8381181,51.2761682],[3.8381388,51.2762118],[3.8381494,51.2762762],[3.838158,51.2763016],[3.838191,51.2763355],[3.8382659,51.2763907],[3.8382706,51.2764395],[3.8382961,51.2764804],[3.8383384,51.2765583],[3.8383513,51.2765699],[3.838352,51.2765783],[3.8384038,51.2766595],[3.8384136,51.2767049],[3.8384293,51.2767492],[3.8384865,51.2768156],[3.8385155,51.2768385],[3.8385183,51.276858],[3.8385576,51.2769282],[3.8385729,51.2769804],[3.8385848,51.2770179],[3.8386346,51.277078],[3.838667,51.2771072],[3.8386791,51.2771344],[3.8387293,51.2771967],[3.8387391,51.2772601],[3.8387428,51.2772865],[3.8387826,51.2773308],[3.8388331,51.2773758],[3.8388502,51.2774171],[3.8388838,51.2774654],[3.8389126,51.2775443],[3.8389127,51.2775551],[3.8389304,51.2775774],[3.8389864,51.2776445],[3.8389916,51.2776816],[3.8390186,51.2777342],[3.839078,51.2778059],[3.8391009,51.2778235],[3.8390999,51.2778369],[3.8391422,51.2779131],[3.8391518,51.2779576],[3.8391688,51.2780029],[3.8392262,51.2780746],[3.8392415,51.2780923],[3.8392447,51.2781034],[3.8392864,51.2781819],[3.8393153,51.2782357],[3.8393322,51.2782715],[3.8393743,51.2783296],[3.8394042,51.2783609],[3.8394192,51.2783883],[3.839445,51.2784505],[3.8395175,51.2785374],[3.8395197,51.2785399],[3.839522,51.2786291],[3.8395223,51.2786298],[3.8395239,51.2786719],[3.8395255,51.2787192],[3.8395255,51.2787197],[3.8395248,51.2787229],[3.8395037,51.2788098],[3.8395051,51.2788233],[3.8394949,51.2788997],[3.8394926,51.2789223],[3.8394914,51.2789897],[3.8394943,51.2790567],[3.8394943,51.2790796],[3.8394915,51.2791049],[3.8394884,51.2791696],[3.8394784,51.2792042],[3.839475,51.2792596],[3.8394606,51.2793066],[3.8394405,51.2793497],[3.8394327,51.2794155],[3.8394327,51.2794397],[3.8394165,51.2795168],[3.8394132,51.2795298],[3.8393995,51.2796187],[3.8393991,51.2796198],[3.8393979,51.2796283],[3.8393855,51.2797098],[3.8393826,51.2797205],[3.8393593,51.2797999],[3.8393482,51.2798336],[3.8393347,51.27989],[3.8393187,51.2799434],[3.8393124,51.2799801],[3.8393039,51.2800439],[3.8392985,51.2800702],[3.8392811,51.2801495],[3.8392786,51.2801602],[3.8392781,51.2802501],[3.8392667,51.2802929],[3.8392556,51.2803402],[3.8392526,51.2803497],[3.8392338,51.2804303],[3.839228,51.2804565],[3.839227,51.2805203],[3.8392096,51.2805593],[3.8391911,51.2806105],[3.8391763,51.2806716],[3.8391655,51.2807006],[3.8391586,51.2807739],[3.8391556,51.2807906],[3.8391334,51.2808806],[3.8391333,51.2808811],[3.8391,51.2809708],[3.8390985,51.2809944],[3.8390844,51.2810608],[3.8390651,51.2811068],[3.8390549,51.281151],[3.8390233,51.2812246],[3.8390173,51.2812412],[3.8389985,51.2813136],[3.838994,51.2813313],[3.838994,51.2813343],[3.8389658,51.2814214],[3.8389637,51.2814447],[3.8389494,51.2815114],[3.8389342,51.2815546],[3.8389333,51.2816015],[3.8389043,51.2816648],[3.8388963,51.2816916],[3.8388739,51.2817752],[3.8388715,51.2817817],[3.8388641,51.2818046],[3.8388432,51.2818719],[3.8388318,51.2818932],[3.8388041,51.2819621],[3.8387562,51.2820327],[3.8387464,51.2820524],[3.8387256,51.2820734],[3.8386511,51.282143],[3.8386422,51.2821795],[3.8386664,51.2822328],[3.8386673,51.2822716],[3.838667,51.2823227],[3.838652,51.2823724],[3.838645,51.2824128],[3.8385898,51.2824886],[3.8385636,51.2825033],[3.8385772,51.2825114],[3.8385193,51.2825936],[3.8385444,51.282653],[3.8385452,51.2826833],[3.8385439,51.2827147],[3.8385315,51.2827733],[3.8385277,51.282816],[3.8385216,51.2828633],[3.8384555,51.2829533],[3.8384554,51.2829537],[3.8384549,51.2829552],[3.8384262,51.2830439],[3.8384261,51.2830631],[3.8384086,51.2831339],[3.8383949,51.2831741],[3.8383786,51.283224],[3.8383707,51.2832806],[3.8383609,51.2833141],[3.8383192,51.2833788],[3.8382963,51.2834045],[3.8382966,51.2834191],[3.8382711,51.2834946],[3.8382605,51.2835332],[3.838249,51.2835847],[3.8382434,51.2836352],[3.8382337,51.2836747],[3.8382265,51.283737],[3.8382194,51.2837647],[3.8382209,51.2838315],[3.8382163,51.2838547],[3.8381853,51.2838999],[3.838135,51.2839452],[3.8381212,51.2839864],[3.8381128,51.2840352],[3.8381022,51.2840896],[3.8380858,51.2841254],[3.8380472,51.2841914],[3.8380304,51.2842157],[3.8380292,51.2842274],[3.8380044,51.2843058],[3.8379856,51.2843463],[3.8379667,51.284396],[3.8379409,51.284466],[3.8379341,51.2844861],[3.83791,51.2845306],[3.8378858,51.2845764],[3.837886,51.2845921],[3.8378714,51.2846664],[3.8378576,51.2847013],[3.8378462,51.2847565],[3.8378272,51.2848118],[3.8378192,51.2848466],[3.8377736,51.2849154],[3.8377593,51.284937],[3.837759,51.2849465],[3.8377384,51.2850271],[3.8377237,51.2850601],[3.8377052,51.2851172],[3.8376573,51.2851937],[3.8376518,51.2852075],[3.8376488,51.2852901],[3.8376471,51.2852975],[3.8376412,51.2853859],[3.8376406,51.2853875],[3.8376388,51.2853915],[3.8375976,51.2854777],[3.8375844,51.2855133],[3.8375761,51.2855678],[3.8375605,51.2856196],[3.8375389,51.285658],[3.8375232,51.2857345],[3.8375178,51.285748],[3.8375027,51.2857904],[3.8374792,51.2858382],[3.8374717,51.2858585],[3.8374498,51.2859284],[3.8374306,51.2859758],[3.8374118,51.2860186],[3.8373974,51.2860881],[3.837389,51.2861086],[3.8373661,51.2861663],[3.8373501,51.2861988],[3.8373476,51.286211],[3.837315,51.286289],[3.8372755,51.2863482],[3.8372606,51.2863793],[3.8372275,51.2864302],[3.837205,51.2864697],[3.8372052,51.2864843],[3.8371855,51.2865597],[3.8371835,51.2865891],[3.837181,51.2866497],[3.8371664,51.2866911],[3.83716,51.2867397],[3.8371501,51.2867925],[3.8371363,51.2868298],[3.8370924,51.2868825],[3.8370597,51.2869203],[3.8370586,51.2869422],[3.8370473,51.2870103],[3.8370392,51.2870456],[3.8370244,51.2871004],[3.8370091,51.2871559],[3.8369983,51.2871905],[3.8369555,51.2872445],[3.8369219,51.287281],[3.8369226,51.2873023],[3.836917,51.2873709],[3.8369096,51.2874016],[3.8368998,51.287461],[3.836863,51.2875224],[3.8368516,51.2875512],[3.8368187,51.2876047],[3.836797,51.2876416],[3.8367961,51.2876563],[3.8367788,51.2877316],[3.8367778,51.287759],[3.8367639,51.2878216],[3.8367427,51.2878725],[3.836731,51.2879118],[3.8366821,51.287981],[3.8366602,51.2880022],[3.8366592,51.288017],[3.83665,51.2880922],[3.8366502,51.2881137],[3.8366279,51.2881823],[3.8366193,51.2882245],[3.8366098,51.2882724],[3.8365544,51.2883572],[3.8365524,51.2883627],[3.8365464,51.2884044],[3.8365349,51.2884527],[3.8365334,51.2884616],[3.8364645,51.2885432],[3.8364652,51.2885962],[3.8364572,51.2886331],[3.8364409,51.2887028],[3.8364374,51.2887232],[3.8364094,51.2887572],[3.8363472,51.2888138],[3.8363495,51.2888524],[3.8363377,51.2889038],[3.8363458,51.2889457],[3.8363384,51.2889937],[3.8363403,51.2890402],[3.8363357,51.2890836],[3.8362998,51.2891572],[3.8362992,51.2891738],[3.8362989,51.2892487],[3.8362945,51.2892638],[3.8362763,51.2893266],[3.8362629,51.2893539],[3.8362629,51.2893627],[3.8362195,51.2894441],[3.8362107,51.2894872],[3.8362099,51.2895341],[3.8362054,51.2895816],[3.8362051,51.2896241],[3.8361581,51.2897028],[3.8361538,51.2897144],[3.8361488,51.2897998],[3.8361463,51.2898044],[3.8361423,51.2898396],[3.8361328,51.2898944],[3.8361279,51.2899041],[3.8360888,51.2899846],[3.8360664,51.2900345],[3.8360409,51.2900749],[3.8360038,51.290113],[3.8359609,51.2901654],[3.8358867,51.2902408],[3.8358732,51.2902559],[3.8358632,51.290266],[3.835799,51.2903464],[3.8357336,51.2904299],[3.8357309,51.2904368],[3.835723,51.2904447],[3.8356563,51.2905272],[3.8355822,51.2905865],[3.8355243,51.2906181],[3.8354406,51.2906876],[3.8353455,51.2907005]]},"properties":{"rawObjectClass":"DEPCNT","VALDCO":4.5,"depthDatum":"Approximate LAT","depthDatumCode":42,"depthDatumStatus":"VERIFIED_FROM_OFFICIAL_DOCUMENTATION","verticalDatum":"Local Datum","verticalDatumCode":24,"napIdentityStatus":"UNVERIFIED","sourceKind":"official","sourceCellId":"1R7687LI","sourceStableId":"1F2B6A429E1C75B4","sourceChecksum":"15df29d0ae5fbc875483ea2addc2d4e6c9148a876bdf65f0adfc75742fe31c47","pipelineFeatureId":"1R7687LI/DEPCNT/1280474688","provenance":{"cellId":"1R7687LI","checksum":"15df29d0ae5fbc875483ea2addc2d4e6c9148a876bdf65f0adfc75742fe31c47","readerVersion":"GDAL 3.2.2","processedAt":"2026-08-11T13:43:44.753Z"},"sourceProperties":{"RCID":1280474688,"PRIM":2,"GRUP":2,"OBJL":43,"RVER":1,"AGEN":7979,"FIDN":1782750748,"FIDS":30132,"LNAM":"1F2B6A429E1C75B4","VALDCO":4.5,"SCAMIN":15000,"sourceCellId":"1R7687LI","sourceChecksum":"15df29d0ae5fbc875483ea2addc2d4e6c9148a876bdf65f0adfc75742fe31c47","rawObjectClass":"DEPCNT","sourceStableId":"1F2B6A429E1C75B4"}}},{"type":"Feature","geometry":{"type":"LineString","coordinates":[[3.8288841,51.3196457],[3.8289161,51.3196201],[3.8289343,51.3196131],[3.8290437,51.3195292],[3.829076,51.3195114],[3.8292117,51.3194381],[3.8292181,51.3194336],[3.8292314,51.3194296],[3.8293608,51.3193917],[3.8294224,51.3193467],[3.8295027,51.3193038],[3.8295811,51.3192557],[3.8296446,51.3192129],[3.8297341,51.3191646],[3.8297863,51.3191105],[3.8299256,51.3190734],[3.829929,51.3190697],[3.8299317,51.3190717],[3.8300657,51.3190192]]},"properties":{"rawObjectClass":"DEPCNT","VALDCO":4.5,"depthDatum":"Approximate LAT","depthDatumCode":42,"depthDatumStatus":"VERIFIED_FROM_OFFICIAL_DOCUMENTATION","verticalDatum":"Local Datum","verticalDatumCode":24,"napIdentityStatus":"UNVERIFIED","sourceKind":"official","sourceCellId":"1R7687LI","sourceStableId":"1F2B6A429E1C75B5","sourceChecksum":"15df29d0ae5fbc875483ea2addc2d4e6c9148a876bdf65f0adfc75742fe31c47","pipelineFeatureId":"1R7687LI/DEPCNT/1280474689","provenance":{"cellId":"1R7687LI","checksum":"15df29d0ae5fbc875483ea2addc2d4e6c9148a876bdf65f0adfc75742fe31c47","readerVersion":"GDAL 3.2.2","processedAt":"2026-08-11T13:43:44.753Z"},"sourceProperties":{"RCID":1280474689,"PRIM":2,"GRUP":2,"OBJL":43,"RVER":1,"AGEN":7979,"FIDN":1782750748,"FIDS":30133,"LNAM":"1F2B6A429E1C75B5","VALDCO":4.5,"SCAMIN":15000,"sourceCellId":"1R7687LI","sourceChecksum":"15df29d0ae5fbc875483ea2addc2d4e6c9148a876bdf65f0adfc75742fe31c47","rawObjectClass":"DEPCNT","sourceStableId":"1F2B6A429E1C75B5"}}},{"type":"Feature","geometry":{"type":"LineString","coordinates":[[3.8279666,51.3191536],[3.8279277,51.3191774],[3.8279222,51.3191899],[3.8279159,51.3191775],[3.8279168,51.3190898],[3.8279177,51.3190876],[3.827919,51.3190146],[3.8279981,51.3189971],[3.8279459,51.3189802],[3.8280504,51.3189104]]},"properties":{"rawObjectClass":"DEPCNT","VALDCO":4.5,"depthDatum":"Approximate LAT","depthDatumCode":42,"depthDatumStatus":"VERIFIED_FROM_OFFICIAL_DOCUMENTATION","verticalDatum":"Local Datum","verticalDatumCode":24,"napIdentityStatus":"UNVERIFIED","sourceKind":"official","sourceCellId":"1R7687LI","sourceStableId":"1F2B6A429E1C75B6","sourceChecksum":"15df29d0ae5fbc875483ea2addc2d4e6c9148a876bdf65f0adfc75742fe31c47","pipelineFeatureId":"1R7687LI/DEPCNT/1280474690","provenance":{"cellId":"1R7687LI","checksum":"15df29d0ae5fbc875483ea2addc2d4e6c9148a876bdf65f0adfc75742fe31c47","readerVersion":"GDAL 3.2.2","processedAt":"2026-08-11T13:43:44.753Z"},"sourceProperties":{"RCID":1280474690,"PRIM":2,"GRUP":2,"OBJL":43,"RVER":1,"AGEN":7979,"FIDN":1782750748,"FIDS":30134,"LNAM":"1F2B6A429E1C75B6","VALDCO":4.5,"SCAMIN":15000,"sourceCellId":"1R7687LI","sourceChecksum":"15df29d0ae5fbc875483ea2addc2d4e6c9148a876bdf65f0adfc75742fe31c47","rawObjectClass":"DEPCNT","sourceStableId":"1F2B6A429E1C75B6"}}},{"type":"Feature","geometry":{"type":"LineString","coordinates":[[3.8322531,51.307552],[3.8322439,51.3075469],[3.8322743,51.30753]]},"properties":{"rawObjectClass":"DEPCNT","VALDCO":4,"depthDatum":"Approximate LAT","depthDatumCode":42,"depthDatumStatus":"VERIFIED_FROM_OFFICIAL_DOCUMENTATION","verticalDatum":"Local Datum","verticalDatumCode":24,"napIdentityStatus":"UNVERIFIED","sourceKind":"official","sourceCellId":"1R7687LI","sourceStableId":"1F2B6A429E1C75B7","sourceChecksum":"15df29d0ae5fbc875483ea2addc2d4e6c9148a876bdf65f0adfc75742fe31c47","pipelineFeatureId":"1R7687LI/DEPCNT/1280474691","provenance":{"cellId":"1R7687LI","checksum":"15df29d0ae5fbc875483ea2addc2d4e6c9148a876bdf65f0adfc75742fe31c47","readerVersion":"GDAL 3.2.2","processedAt":"2026-08-11T13:43:44.753Z"},"sourceProperties":{"RCID":1280474691,"PRIM":2,"GRUP":2,"OBJL":43,"RVER":1,"AGEN":7979,"FIDN":1782750748,"FIDS":30135,"LNAM":"1F2B6A429E1C75B7","VALDCO":4,"SCAMIN":300000,"sourceCellId":"1R7687LI","sourceChecksum":"15df29d0ae5fbc875483ea2addc2d4e6c9148a876bdf65f0adfc75742fe31c47","rawObjectClass":"DEPCNT","sourceStableId":"1F2B6A429E1C75B7"}}},{"type":"Feature","geometry":{"type":"LineString","coordinates":[[3.8330779,51.3043424],[3.8330414,51.304304],[3.8330272,51.3042628],[3.8330536,51.304214],[3.833056,51.3041843],[3.8330444,51.3041241],[3.8330395,51.3040731],[3.8330491,51.3040342],[3.8330478,51.3039768],[3.833059,51.3039442],[3.8330845,51.3038623],[3.8330869,51.3038541],[3.8330971,51.3038348],[3.8331697,51.3037636],[3.8331624,51.3037214],[3.8331797,51.3036736],[3.8332004,51.3036061],[3.8332097,51.3035834],[3.8332169,51.3035045],[3.83322,51.3034934],[3.8332339,51.3034647],[3.8332873,51.303403],[3.8332854,51.3033697],[3.833309,51.303313],[3.8333081,51.3032641],[3.8333141,51.303223],[3.8333186,51.3031664],[3.8333305,51.303133],[3.8333703,51.3030759],[3.8334185,51.3030424],[3.8334201,51.3030104],[3.8334384,51.3029523],[3.8334386,51.3029076],[3.8334569,51.3028623],[3.833458,51.3028042],[3.8334657,51.3027723],[3.83348,51.3026992],[3.8334817,51.3026823],[3.833506,51.3026506],[3.8335803,51.3025916],[3.8335766,51.3025462],[3.833589,51.3025017],[3.8335907,51.3024462],[3.8335985,51.3024117],[3.8336115,51.3023419],[3.8336162,51.3023216],[3.8336429,51.3022867],[3.8337173,51.302231],[3.833716,51.302184],[3.8337279,51.302141],[3.8337261,51.3020865],[3.8337361,51.302051],[3.8337315,51.3019921],[3.8337347,51.3019611],[3.8337794,51.3019051],[3.8338334,51.3018705],[3.8338343,51.3018353],[3.8338569,51.3017804],[3.833856,51.3017303],[3.8338654,51.3016904],[3.8338626,51.3016352],[3.8338718,51.3016004],[3.8338808,51.3015325],[3.8338866,51.3015104],[3.8339149,51.3014684],[3.833976,51.3014198],[3.8339749,51.3013812],[3.8339996,51.3013297],[3.8339984,51.3012753],[3.8340051,51.3012398],[3.8340082,51.301178],[3.8340119,51.3011498],[3.8340517,51.3010982],[3.8341037,51.3010592],[3.8341031,51.3010262],[3.8341206,51.3009692],[3.8341219,51.3009232],[3.8341413,51.3008791],[3.8341438,51.3008182],[3.8341468,51.3007892],[3.8341885,51.3007338],[3.834255,51.3006985],[3.8342485,51.3006601],[3.8342683,51.3006084],[3.8342665,51.3005576],[3.8342831,51.3005184],[3.8343143,51.300436],[3.834316,51.3004283],[3.8343261,51.3004089],[3.8343867,51.3003378],[3.8343819,51.3003016],[3.8343996,51.3002478],[3.8343952,51.3002022],[3.8344102,51.3001578],[3.8344096,51.300102],[3.8344174,51.3000679],[3.8344355,51.2999944],[3.8344374,51.2999778],[3.8344604,51.2999051],[3.8344743,51.2998876],[3.8344746,51.2998784],[3.834543,51.2997972],[3.8345437,51.2997431],[3.8345499,51.2997072],[3.8345492,51.2996486],[3.8345546,51.2996173],[3.8345923,51.29953],[3.8345932,51.2995271],[3.8345968,51.2995197],[3.8346608,51.2994367],[3.8346601,51.2993956],[3.834682,51.2993466],[3.8346996,51.2992793],[3.8347095,51.2992565],[3.8347348,51.2992178],[3.8348123,51.2991658],[3.8348114,51.2991166],[3.8348289,51.2990758],[3.8348301,51.2990475],[3.8348232,51.2989859],[3.8348124,51.2989341],[3.8348271,51.2988959],[3.8348262,51.2988343],[3.8348327,51.298806],[3.83487,51.2987641],[3.8349521,51.2987152],[3.8349461,51.2986665],[3.834959,51.2986252],[3.8349534,51.2985708],[3.8349557,51.2985353],[3.8349525,51.2984804],[3.8349605,51.2984454],[3.8349968,51.2983611],[3.8349971,51.2983552],[3.8350058,51.2983449],[3.8350793,51.2982647],[3.8350764,51.2982191],[3.8350802,51.2981748],[3.8350811,51.2981251],[3.8350958,51.2980847],[3.8351007,51.2980216],[3.8351019,51.2979948],[3.8351417,51.2979288],[3.8351707,51.2979043],[3.8351708,51.2978856],[3.8352048,51.2978142],[3.8352026,51.2977743],[3.8352162,51.2977242],[3.8352295,51.2976661],[3.8352374,51.2976341],[3.8352791,51.2975931],[3.8353436,51.2975434],[3.8353526,51.2974962],[3.8353602,51.2974534],[3.8353574,51.2974021],[3.8353685,51.2973634],[3.835368,51.2973044],[3.83537,51.2972735],[3.8354016,51.2971919],[3.8354022,51.2971833],[3.8354143,51.2971408],[3.8354396,51.2970931],[3.8354388,51.297077],[3.8354832,51.2970029],[3.8354821,51.2969583],[3.835498,51.2969129],[3.835552,51.2968229],[3.8355525,51.2968225],[3.8355525,51.2968222],[3.8356149,51.2967322],[3.835612,51.2966931],[3.8356346,51.2966421],[3.8356327,51.2965889],[3.8356355,51.2965522],[3.8356633,51.2964783],[3.8356665,51.296462],[3.8356878,51.2964023],[3.8357079,51.2963718],[3.8357078,51.2963588],[3.8357551,51.2962816],[3.8357624,51.2962328],[3.8357674,51.2961916],[3.8357653,51.29614],[3.8357783,51.2961016],[3.8358246,51.2960416],[3.8358717,51.296011],[3.8358709,51.2959813],[3.8358747,51.295921],[3.8358747,51.2958879],[3.8359042,51.2958309],[3.8359039,51.2957782],[3.8359155,51.2957409],[3.8359617,51.29569],[3.8360234,51.2956502],[3.8360226,51.2956111],[3.8360332,51.2955602],[3.8360338,51.295513],[3.836046,51.2954702],[3.8360456,51.2954145],[3.8360505,51.2953802],[3.8360498,51.2953208],[3.8360515,51.2952903],[3.8360914,51.2952032],[3.8360921,51.2952001],[3.8360961,51.2951956],[3.8361787,51.2951096],[3.8361742,51.2950591],[3.8361786,51.2950196],[3.8361841,51.2949617],[3.8361878,51.2949296],[3.836234,51.2948877],[3.8363088,51.2948389],[3.8363086,51.2947909],[3.836319,51.2947489],[3.8363164,51.294695],[3.8363225,51.2946589],[3.836323,51.2945998],[3.836327,51.294569],[3.8363436,51.2944956],[3.8363473,51.2944789],[3.8363695,51.2944524],[3.8364471,51.2943883],[3.8364472,51.2943382],[3.8364489,51.2942983],[3.8364513,51.2942446],[3.8364664,51.2942083],[3.8364849,51.2941321],[3.8364875,51.2941182],[3.836506,51.2940705],[3.8365891,51.2940796],[3.8366062,51.2940837]]},"properties":{"rawObjectClass":"DEPCNT","VALDCO":4,"depthDatum":"Approximate LAT","depthDatumCode":42,"depthDatumStatus":"VERIFIED_FROM_OFFICIAL_DOCUMENTATION","verticalDatum":"Local Datum","verticalDatumCode":24,"napIdentityStatus":"UNVERIFIED","sourceKind":"official","sourceCellId":"1R7687LI","sourceStableId":"1F2B6A429E1C75B8","sourceChecksum":"15df29d0ae5fbc875483ea2addc2d4e6c9148a876bdf65f0adfc75742fe31c47","pipelineFeatureId":"1R7687LI/DEPCNT/1280474692","provenance":{"cellId":"1R7687LI","checksum":"15df29d0ae5fbc875483ea2addc2d4e6c9148a876bdf65f0adfc75742fe31c47","readerVersion":"GDAL 3.2.2","processedAt":"2026-08-11T13:43:44.753Z"},"sourceProperties":{"RCID":1280474692,"PRIM":2,"GRUP":2,"OBJL":43,"RVER":1,"AGEN":7979,"FIDN":1782750748,"FIDS":30136,"LNAM":"1F2B6A429E1C75B8","VALDCO":4,"SCAMIN":300000,"sourceCellId":"1R7687LI","sourceChecksum":"15df29d0ae5fbc875483ea2addc2d4e6c9148a876bdf65f0adfc75742fe31c47","rawObjectClass":"DEPCNT","sourceStableId":"1F2B6A429E1C75B8"}}},{"type":"Feature","geometry":{"type":"LineString","coordinates":[[3.8343623,51.2932588],[3.8343966,51.2933238],[3.8344116,51.2933699],[3.8344023,51.2934137],[3.8344066,51.2934641],[3.8343998,51.2935036],[3.8343456,51.2935757],[3.8343237,51.2935941],[3.8343213,51.2936097],[3.8342822,51.2936843],[3.8342827,51.2937255],[3.8342802,51.2937743],[3.834267,51.2938265],[3.8342581,51.2938643],[3.8342081,51.293898],[3.8341804,51.29391]]},"properties":{"rawObjectClass":"DEPCNT","VALDCO":4,"depthDatum":"Approximate LAT","depthDatumCode":42,"depthDatumStatus":"VERIFIED_FROM_OFFICIAL_DOCUMENTATION","verticalDatum":"Local Datum","verticalDatumCode":24,"napIdentityStatus":"UNVERIFIED","sourceKind":"official","sourceCellId":"1R7687LI","sourceStableId":"1F2B6A429E1C75B9","sourceChecksum":"15df29d0ae5fbc875483ea2addc2d4e6c9148a876bdf65f0adfc75742fe31c47","pipelineFeatureId":"1R7687LI/DEPCNT/1280474693","provenance":{"cellId":"1R7687LI","checksum":"15df29d0ae5fbc875483ea2addc2d4e6c9148a876bdf65f0adfc75742fe31c47","readerVersion":"GDAL 3.2.2","processedAt":"2026-08-11T13:43:44.753Z"},"sourceProperties":{"RCID":1280474693,"PRIM":2,"GRUP":2,"OBJL":43,"RVER":1,"AGEN":7979,"FIDN":1782750748,"FIDS":30137,"LNAM":"1F2B6A429E1C75B9","VALDCO":4,"SCAMIN":300000,"sourceCellId":"1R7687LI","sourceChecksum":"15df29d0ae5fbc875483ea2addc2d4e6c9148a876bdf65f0adfc75742fe31c47","rawObjectClass":"DEPCNT","sourceStableId":"1F2B6A429E1C75B9"}}},{"type":"Feature","geometry":{"type":"LineString","coordinates":[[3.818819,51.3237376],[3.8189634,51.3237842],[3.8190198,51.3238261],[3.8189668,51.3239157],[3.8189674,51.3239164],[3.8189657,51.3239185],[3.8189608,51.3239195],[3.8188234,51.3239846],[3.8186918,51.3239183],[3.8186839,51.3239145]]},"properties":{"rawObjectClass":"DEPCNT","VALDCO":4,"depthDatum":"Approximate LAT","depthDatumCode":42,"depthDatumStatus":"VERIFIED_FROM_OFFICIAL_DOCUMENTATION","verticalDatum":"Local Datum","verticalDatumCode":24,"napIdentityStatus":"UNVERIFIED","sourceKind":"official","sourceCellId":"1R7687LI","sourceStableId":"1F2B6A429E1C75BA","sourceChecksum":"15df29d0ae5fbc875483ea2addc2d4e6c9148a876bdf65f0adfc75742fe31c47","pipelineFeatureId":"1R7687LI/DEPCNT/1280474694","provenance":{"cellId":"1R7687LI","checksum":"15df29d0ae5fbc875483ea2addc2d4e6c9148a876bdf65f0adfc75742fe31c47","readerVersion":"GDAL 3.2.2","processedAt":"2026-08-11T13:43:44.753Z"},"sourceProperties":{"RCID":1280474694,"PRIM":2,"GRUP":2,"OBJL":43,"RVER":1,"AGEN":7979,"FIDN":1782750748,"FIDS":30138,"LNAM":"1F2B6A429E1C75BA","VALDCO":4,"SCAMIN":300000,"sourceCellId":"1R7687LI","sourceChecksum":"15df29d0ae5fbc875483ea2addc2d4e6c9148a876bdf65f0adfc75742fe31c47","rawObjectClass":"DEPCNT","sourceStableId":"1F2B6A429E1C75BA"}}},{"type":"Feature","geometry":{"type":"LineString","coordinates":[[3.8289263,51.3167639],[3.8288859,51.3168316],[3.8288874,51.3168327],[3.8288842,51.3168343],[3.8288747,51.3168328],[3.8287403,51.3168132],[3.8286584,51.3167444],[3.8286593,51.316704],[3.8286569,51.3166545],[3.8286539,51.3166165],[3.8286655,51.3165645],[3.8286855,51.3165053],[3.8286956,51.3164743],[3.8287096,51.3163989],[3.8287138,51.3163843],[3.8287318,51.3163374],[3.8287571,51.3162941],[3.8287619,51.3162744],[3.8287767,51.316204],[3.828786,51.3161681],[3.8288196,51.3161138],[3.8288313,51.3160481],[3.8288397,51.3160237],[3.828858,51.31594],[3.8288592,51.3159336],[3.8288672,51.3158882],[3.8288803,51.3158436],[3.8288818,51.3158338],[3.8289267,51.3157533],[3.8289509,51.3156985],[3.8289713,51.3156631],[3.8289832,51.3155869],[3.8289859,51.3155731],[3.8290034,51.3154863],[3.8290052,51.315483],[3.8290051,51.3154819],[3.8290613,51.3153927],[3.829074,51.3153468],[3.8291016,51.3153025],[3.8291162,51.3152288],[3.8291199,51.3152124],[3.8291416,51.3151915],[3.8292752,51.3151214],[3.8292837,51.315115],[3.829296,51.3151213],[3.8293583,51.3151589]]},"properties":{"rawObjectClass":"DEPCNT","VALDCO":4,"depthDatum":"Approximate LAT","depthDatumCode":42,"depthDatumStatus":"VERIFIED_FROM_OFFICIAL_DOCUMENTATION","verticalDatum":"Local Datum","verticalDatumCode":24,"napIdentityStatus":"UNVERIFIED","sourceKind":"official","sourceCellId":"1R7687LI","sourceStableId":"1F2B6A429E1C75BB","sourceChecksum":"15df29d0ae5fbc875483ea2addc2d4e6c9148a876bdf65f0adfc75742fe31c47","pipelineFeatureId":"1R7687LI/DEPCNT/1280474695","provenance":{"cellId":"1R7687LI","checksum":"15df29d0ae5fbc875483ea2addc2d4e6c9148a876bdf65f0adfc75742fe31c47","readerVersion":"GDAL 3.2.2","processedAt":"2026-08-11T13:43:44.753Z"},"sourceProperties":{"RCID":1280474695,"PRIM":2,"GRUP":2,"OBJL":43,"RVER":1,"AGEN":7979,"FIDN":1782750748,"FIDS":30139,"LNAM":"1F2B6A429E1C75BB","VALDCO":4,"SCAMIN":300000,"sourceCellId":"1R7687LI","sourceChecksum":"15df29d0ae5fbc875483ea2addc2d4e6c9148a876bdf65f0adfc75742fe31c47","rawObjectClass":"DEPCNT","sourceStableId":"1F2B6A429E1C75BB"}}},{"type":"Feature","geometry":{"type":"LineString","coordinates":[[3.8311596,51.3166475],[3.8311528,51.3166368],[3.8311759,51.3165987],[3.8312279,51.3165463],[3.8313169,51.3164619],[3.831322,51.3164557],[3.8314299,51.3163833],[3.8314569,51.3163648],[3.8314586,51.3163639],[3.8315909,51.316274],[3.8316004,51.3162697],[3.8316154,51.3162644],[3.8317427,51.3162058],[3.8317782,51.3161827],[3.8318847,51.3161222],[3.831949,51.3160916],[3.8320268,51.316042],[3.832134,51.3160003],[3.8321691,51.3159803],[3.8323066,51.3159092],[3.8323113,51.3159065],[3.8323241,51.315901],[3.8324535,51.3158358],[3.8324924,51.315818],[3.8325955,51.3157546],[3.8326488,51.3157269],[3.8327377,51.3156793],[3.8328283,51.3156357],[3.8328799,51.3156124],[3.8329454,51.3155936],[3.8330226,51.3155656],[3.8330775,51.315544],[3.8331648,51.315496],[3.8332609,51.3154528],[3.8333072,51.3154336],[3.8334233,51.3153783],[3.8334494,51.3153654],[3.833458,51.3153615],[3.8335917,51.3152992],[3.8336546,51.3152702],[3.8337339,51.3152271],[3.8338439,51.3151789],[3.8338763,51.3151654],[3.8339354,51.3151409],[3.8340186,51.3151039],[3.8340642,51.3150874],[3.834161,51.3150417],[3.8342736,51.314996],[3.8343035,51.3149845],[3.8343341,51.3149763],[3.8344461,51.3149383],[3.8345086,51.3149044],[3.8345881,51.3148561],[3.834703,51.3148131],[3.8347306,51.3148022],[3.8347687,51.3147886],[3.834873,51.3147394],[3.8349141,51.3147217],[3.835015,51.31466],[3.8350615,51.3146307],[3.8351567,51.3145627],[3.8352248,51.3145396],[3.8352991,51.3145007],[3.8354216,51.3144483],[3.8354415,51.3144411],[3.835479,51.3144242],[3.8355837,51.314371],[3.8356483,51.3143567],[3.8357266,51.3143371],[3.8357756,51.3143249],[3.8358692,51.3142883],[3.8359118,51.3142649],[3.836011,51.3141966],[3.8360638,51.3141739],[3.83605,51.314149],[3.8360793,51.3140839],[3.8360081,51.3140342],[3.8359525,51.3139949],[3.8358625,51.3139228],[3.8358067,51.313906],[3.8357998,51.3138673],[3.8357571,51.3138164],[3.8357161,51.3137598],[3.8356337,51.3137656],[3.8356246,51.3137634]]},"properties":{"rawObjectClass":"DEPCNT","VALDCO":4,"depthDatum":"Approximate LAT","depthDatumCode":42,"depthDatumStatus":"VERIFIED_FROM_OFFICIAL_DOCUMENTATION","verticalDatum":"Local Datum","verticalDatumCode":24,"napIdentityStatus":"UNVERIFIED","sourceKind":"official","sourceCellId":"1R7687LI","sourceStableId":"1F2B6A429E1C75BC","sourceChecksum":"15df29d0ae5fbc875483ea2addc2d4e6c9148a876bdf65f0adfc75742fe31c47","pipelineFeatureId":"1R7687LI/DEPCNT/1280474696","provenance":{"cellId":"1R7687LI","checksum":"15df29d0ae5fbc875483ea2addc2d4e6c9148a876bdf65f0adfc75742fe31c47","readerVersion":"GDAL 3.2.2","processedAt":"2026-08-11T13:43:44.753Z"},"sourceProperties":{"RCID":1280474696,"PRIM":2,"GRUP":2,"OBJL":43,"RVER":1,"AGEN":7979,"FIDN":1782750748,"FIDS":30140,"LNAM":"1F2B6A429E1C75BC","VALDCO":4,"SCAMIN":300000,"sourceCellId":"1R7687LI","sourceChecksum":"15df29d0ae5fbc875483ea2addc2d4e6c9148a876bdf65f0adfc75742fe31c47","rawObjectClass":"DEPCNT","sourceStableId":"1F2B6A429E1C75BC"}}},{"type":"Feature","geometry":{"type":"LineString","coordinates":[[3.8333929,51.2963606],[3.8334313,51.2963881],[3.8334285,51.2964103],[3.8334397,51.2964779],[3.833442,51.2965075],[3.8334415,51.2965678],[3.8334398,51.2965951],[3.8334614,51.2966576],[3.833448,51.2967166],[3.8334463,51.2967476],[3.8334432,51.296775],[3.8334673,51.2968374],[3.83347,51.2968803],[3.8334744,51.2969273],[3.8334751,51.2969721],[3.8334713,51.2970172],[3.8334744,51.2970635],[3.8334724,51.2971071],[3.8334713,51.2971565],[3.8334707,51.2971971],[3.833465,51.2972514],[3.8334642,51.297287],[3.8334431,51.2973565],[3.8334392,51.2973771],[3.8334115,51.2974321],[3.8333756,51.2974675],[3.8333729,51.2974924],[3.833328,51.2975578],[3.8333244,51.2976145],[3.8333191,51.2976478],[3.8333121,51.2977133],[3.83331,51.2977378],[3.833275,51.2978168],[3.8332586,51.297828],[3.8332609,51.2978371],[3.8331954,51.2979184],[3.8332084,51.2979618],[3.8331932,51.2980084],[3.8331937,51.2980621],[3.8331919,51.2980983],[3.8331675,51.2981699],[3.8331642,51.2981884],[3.833139,51.2982262],[3.833093,51.2982788],[3.833095,51.2983073],[3.8330737,51.2983689],[3.8330756,51.2984108],[3.8330619,51.2984589],[3.8330472,51.2985199],[3.8330471,51.2985489],[3.8330134,51.2986325],[3.8330106,51.2986391],[3.8330033,51.2986521],[3.8329505,51.2987295],[3.8329509,51.2987636],[3.8329477,51.2988194],[3.8329457,51.2988579],[3.8329273,51.2989095],[3.8328789,51.2989917],[3.8328768,51.2989997],[3.8328664,51.2990159],[3.8328192,51.2990901],[3.8328199,51.2991204],[3.8328052,51.2991801],[3.8328072,51.2992195],[3.8327987,51.2992701],[3.8327827,51.2993262],[3.8327758,51.2993602],[3.8327308,51.2994453],[3.8327258,51.2994504],[3.8327258,51.2994536],[3.832674,51.2995407],[3.8326743,51.2995776],[3.8326657,51.2996307],[3.8326562,51.2996802],[3.8326534,51.2997207],[3.8326269,51.2997899],[3.8326179,51.2998109],[3.8325947,51.2998509],[3.8325542,51.2999013],[3.8325543,51.2999274],[3.8325279,51.2999914],[3.8325339,51.300041],[3.8325333,51.3000813],[3.8324937,51.3001482],[3.8324851,51.3001715],[3.8324577,51.3002072],[3.8324147,51.300262],[3.832415,51.3002896],[3.8323944,51.300352],[3.8323955,51.3003931],[3.8323876,51.300442],[3.8323791,51.3004946],[3.8323788,51.300532],[3.8323211,51.3005904],[3.8322729,51.3006226],[3.8322722,51.300654],[3.8322623,51.3007126],[3.8322637,51.3007505],[3.8322539,51.3008026],[3.8322459,51.3008528],[3.8322408,51.3008926],[3.8321918,51.3009785],[3.8321903,51.3009829],[3.832185,51.3009939],[3.8321461,51.3010732],[3.8321469,51.3010982],[3.8321193,51.3011633],[3.8321079,51.3012142],[3.832098,51.3012533],[3.8320475,51.3013208],[3.832023,51.3013438],[3.8320221,51.3013601],[3.8319925,51.3014339],[3.8319917,51.3014706],[3.8319844,51.3015239],[3.8319742,51.3015728],[3.8319687,51.301614],[3.8319332,51.30169],[3.8319294,51.3017042],[3.8319113,51.3017263],[3.8318577,51.3017946],[3.8318576,51.3018295],[3.8318517,51.3018846],[3.831846,51.3019279],[3.8318335,51.3019746],[3.8318113,51.3020411],[3.8318075,51.3020647],[3.8317747,51.3021037],[3.8317296,51.3021552],[3.8317285,51.3021851],[3.8317171,51.3022452],[3.8317171,51.3022834],[3.8317083,51.3023352],[3.8316715,51.3024036],[3.8316642,51.3024254],[3.8316378,51.3024631],[3.8315944,51.3025158],[3.8315945,51.3025439],[3.8315803,51.3026059],[3.8315819,51.3026429],[3.8315731,51.3026958],[3.8315597,51.3027481],[3.8315516,51.3027859],[3.8315199,51.3028646],[3.831518,51.3028761],[3.8315022,51.3028984],[3.8314498,51.3029665],[3.8314487,51.3030012],[3.8314331,51.3030565],[3.8314332,51.303102],[3.8314249,51.3031465],[3.8313985,51.3032153],[3.8313949,51.3032366],[3.8313655,51.3032715],[3.8313121,51.3033271],[3.8313127,51.3033613],[3.8313047,51.3034171],[3.8313056,51.3034567],[3.8312838,51.3035617],[3.8312837,51.3035971],[3.8312291,51.3036625],[3.8311988,51.3036876],[3.8312,51.3037063],[3.8311789,51.3037777],[3.831179,51.3038108],[3.8311626,51.3038677],[3.8311555,51.3039168],[3.8311453,51.3039578],[3.8311163,51.3040329],[3.8311139,51.3040479],[3.8310931,51.3040772],[3.8310447,51.3041383],[3.8310452,51.3041694],[3.8310343,51.3042283],[3.8310326,51.3042685],[3.8310224,51.3043183],[3.8309901,51.3043866],[3.830986,51.3044085],[3.8309564,51.3044526],[3.8309191,51.3044989],[3.8309137,51.3045266],[3.8308987,51.304589],[3.8308916,51.3046317],[3.8308766,51.3046791],[3.8308778,51.3047315],[3.8308704,51.304769],[3.8308201,51.3048473],[3.8308019,51.3048594],[3.8308029,51.3048705],[3.8307679,51.3049496],[3.8307685,51.3049835],[3.8307511,51.3050396],[3.8307519,51.3050851],[3.8307412,51.3051296],[3.8307392,51.3051842],[3.8307344,51.3052196],[3.830685,51.3053093],[3.8306843,51.3053099],[3.8306843,51.3053103],[3.8306247,51.3054002],[3.8306205,51.3054422],[3.8306061,51.3054903],[3.8305979,51.3055476],[3.8305885,51.3055803],[3.8305587,51.3056637],[3.8305581,51.3056705],[3.8305484,51.305687],[3.8304919,51.3057609],[3.8304781,51.3058063],[3.8304577,51.305851],[3.8304514,51.3059144],[3.8304436,51.3059411],[3.8304269,51.3060211],[3.8304243,51.3060311],[3.830412,51.306083],[3.8303922,51.3061213],[3.8303945,51.3061328],[3.830356,51.3062114],[3.8303564,51.3062482],[3.8303391,51.3063015],[3.8303192,51.306363],[3.8303081,51.3063916],[3.8302851,51.3064758],[3.8302834,51.3064817],[3.8302761,51.306498],[3.8302245,51.3065721],[3.8302186,51.3066094],[3.830188,51.3066622],[3.83017,51.3067315],[3.8301649,51.3067523],[3.8301384,51.3068205],[3.8301112,51.3068426],[3.8301112,51.3068601],[3.8300518,51.306933],[3.8300519,51.3069891],[3.8300421,51.307023],[3.8300311,51.3070934],[3.8300238,51.307113],[3.8300015,51.3071852],[3.8299814,51.3072032],[3.8299881,51.3072119],[3.8299286,51.3072935],[3.8299309,51.3073395],[3.829921,51.3073835],[3.8299161,51.30744],[3.829909,51.3074735],[3.8298647,51.3075508],[3.8298327,51.307564],[3.8298459,51.3075759],[3.8297944,51.3076542],[3.8297974,51.307698],[3.8297876,51.3077441],[3.8297886,51.3077946],[3.8297829,51.3078341],[3.829781,51.3078904],[3.8297719,51.3079241],[3.8297382,51.3080088],[3.8297369,51.3080143],[3.8297298,51.3080271],[3.8296693,51.3081047],[3.8296719,51.3081423],[3.8296575,51.3081947],[3.8296593,51.3082413],[3.8296488,51.3082847],[3.8296428,51.3083428],[3.8296354,51.3083747],[3.8295934,51.3084195],[3.8295343,51.3084653],[3.829535,51.3085029],[3.8295253,51.3085553],[3.8295236,51.3086012],[3.829514,51.3086453],[3.8295091,51.3087014],[3.8295014,51.3087353],[3.8294568,51.3088016],[3.8294251,51.3088258],[3.8294264,51.3088454],[3.8294052,51.3089158],[3.8294053,51.3089498],[3.8293868,51.3090059],[3.8293801,51.3090569],[3.8293689,51.309096],[3.8293549,51.309164],[3.8293464,51.309186],[3.8293213,51.3092446],[3.8292922,51.3092763],[3.8292913,51.3092958],[3.8292533,51.3093665],[3.8292385,51.3094205],[3.8292212,51.3094567],[3.8291831,51.3095327],[3.8291672,51.309547],[3.8291652,51.3095585],[3.8291085,51.3096373],[3.8291033,51.3096891],[3.8290879,51.3097274],[3.8290595,51.3098082],[3.8290504,51.3098176],[3.8290451,51.3098385],[3.8289929,51.3099079],[3.8289867,51.3099458],[3.8289586,51.3099981],[3.8289312,51.3100723],[3.8289158,51.3100883],[3.8289066,51.310115],[3.8288493,51.3101787],[3.8288499,51.3102154],[3.8288275,51.3102688],[3.8287674,51.3103489],[3.8287517,51.3103592],[3.828752,51.3103691],[3.8287074,51.3104495],[3.8287104,51.3104867],[3.8286653,51.3105397],[3.8286538,51.3106139],[3.8286554,51.3106297],[3.8286292,51.3106467],[3.8285227,51.3107205],[3.8285241,51.3107435],[3.8285251,51.3108104],[3.8284891,51.3108335],[3.8283887,51.3109013],[3.8283906,51.3109284],[3.8283909,51.3109912],[3.8283843,51.3110595],[3.8283858,51.3110812],[3.8283637,51.3110946]]},"properties":{"rawObjectClass":"DEPCNT","VALDCO":4,"depthDatum":"Approximate LAT","depthDatumCode":42,"depthDatumStatus":"VERIFIED_FROM_OFFICIAL_DOCUMENTATION","verticalDatum":"Local Datum","verticalDatumCode":24,"napIdentityStatus":"UNVERIFIED","sourceKind":"official","sourceCellId":"1R7687LI","sourceStableId":"1F2B6A429E1C75BD","sourceChecksum":"15df29d0ae5fbc875483ea2addc2d4e6c9148a876bdf65f0adfc75742fe31c47","pipelineFeatureId":"1R7687LI/DEPCNT/1280474698","provenance":{"cellId":"1R7687LI","checksum":"15df29d0ae5fbc875483ea2addc2d4e6c9148a876bdf65f0adfc75742fe31c47","readerVersion":"GDAL 3.2.2","processedAt":"2026-08-11T13:43:44.753Z"},"sourceProperties":{"RCID":1280474698,"PRIM":2,"GRUP":2,"OBJL":43,"RVER":1,"AGEN":7979,"FIDN":1782750748,"FIDS":30141,"LNAM":"1F2B6A429E1C75BD","VALDCO":4,"SCAMIN":300000,"sourceCellId":"1R7687LI","sourceChecksum":"15df29d0ae5fbc875483ea2addc2d4e6c9148a876bdf65f0adfc75742fe31c47","rawObjectClass":"DEPCNT","sourceStableId":"1F2B6A429E1C75BD"}}},{"type":"Feature","geometry":{"type":"LineString","coordinates":[[3.8276983,51.3202808],[3.827693,51.3202582],[3.8277272,51.3202462]]},"properties":{"rawObjectClass":"DEPCNT","VALDCO":4,"depthDatum":"Approximate LAT","depthDatumCode":42,"depthDatumStatus":"VERIFIED_FROM_OFFICIAL_DOCUMENTATION","verticalDatum":"Local Datum","verticalDatumCode":24,"napIdentityStatus":"UNVERIFIED","sourceKind":"official","sourceCellId":"1R7687LI","sourceStableId":"1F2B6A429E1C75BE","sourceChecksum":"15df29d0ae5fbc875483ea2addc2d4e6c9148a876bdf65f0adfc75742fe31c47","pipelineFeatureId":"1R7687LI/DEPCNT/1280474700","provenance":{"cellId":"1R7687LI","checksum":"15df29d0ae5fbc875483ea2addc2d4e6c9148a876bdf65f0adfc75742fe31c47","readerVersion":"GDAL 3.2.2","processedAt":"2026-08-11T13:43:44.753Z"},"sourceProperties":{"RCID":1280474700,"PRIM":2,"GRUP":2,"OBJL":43,"RVER":1,"AGEN":7979,"FIDN":1782750748,"FIDS":30142,"LNAM":"1F2B6A429E1C75BE","VALDCO":4,"SCAMIN":300000,"sourceCellId":"1R7687LI","sourceChecksum":"15df29d0ae5fbc875483ea2addc2d4e6c9148a876bdf65f0adfc75742fe31c47","rawObjectClass":"DEPCNT","sourceStableId":"1F2B6A429E1C75BE"}}},{"type":"Feature","geometry":{"type":"LineString","coordinates":[[3.8367021,51.2938084],[3.8366442,51.2937872],[3.8366095,51.2937576],[3.8366082,51.2936892],[3.8366233,51.2936676],[3.8366417,51.2936479],[3.836686,51.2936393],[3.8367619,51.293622]]},"properties":{"rawObjectClass":"DEPCNT","VALDCO":4,"depthDatum":"Approximate LAT","depthDatumCode":42,"depthDatumStatus":"VERIFIED_FROM_OFFICIAL_DOCUMENTATION","verticalDatum":"Local Datum","verticalDatumCode":24,"napIdentityStatus":"UNVERIFIED","sourceKind":"official","sourceCellId":"1R7687LI","sourceStableId":"1F2B6A429E1C75BF","sourceChecksum":"15df29d0ae5fbc875483ea2addc2d4e6c9148a876bdf65f0adfc75742fe31c47","pipelineFeatureId":"1R7687LI/DEPCNT/1280474701","provenance":{"cellId":"1R7687LI","checksum":"15df29d0ae5fbc875483ea2addc2d4e6c9148a876bdf65f0adfc75742fe31c47","readerVersion":"GDAL 3.2.2","processedAt":"2026-08-11T13:43:44.753Z"},"sourceProperties":{"RCID":1280474701,"PRIM":2,"GRUP":2,"OBJL":43,"RVER":1,"AGEN":7979,"FIDN":1782750748,"FIDS":30143,"LNAM":"1F2B6A429E1C75BF","VALDCO":4,"SCAMIN":300000,"sourceCellId":"1R7687LI","sourceChecksum":"15df29d0ae5fbc875483ea2addc2d4e6c9148a876bdf65f0adfc75742fe31c47","rawObjectClass":"DEPCNT","sourceStableId":"1F2B6A429E1C75BF"}}},{"type":"Feature","geometry":{"type":"LineString","coordinates":[[3.8368506,51.2933518],[3.836851,51.2933063],[3.8368241,51.2932456],[3.8368209,51.2932166],[3.836826,51.2931856],[3.8368708,51.2931263],[3.8368649,51.2930698],[3.8368751,51.2930364],[3.8368712,51.2930077],[3.8368681,51.2929465],[3.8368658,51.2928873],[3.8368671,51.2928566],[3.8368934,51.2927786],[3.8368946,51.2927665],[3.8369122,51.2927506],[3.8369938,51.2926758],[3.8369978,51.2926207],[3.8370043,51.2925858],[3.8370069,51.2925238],[3.8370142,51.2924958],[3.8370346,51.2924058],[3.8370489,51.2923803],[3.8371179,51.2923152],[3.8371138,51.2922734],[3.8371215,51.2922253],[3.8371254,51.292175],[3.8371484,51.2921352],[3.8371674,51.2920571],[3.8371683,51.2920451],[3.8371856,51.292011],[3.8372372,51.2919547],[3.8372339,51.2919235],[3.8372548,51.2918647],[3.8372521,51.2918208],[3.8372587,51.2917747],[3.8372814,51.291711],[3.8372947,51.2916845],[3.8373226,51.2916566],[3.8373958,51.2915939],[3.8373932,51.2915495],[3.837391,51.291504],[3.8373896,51.2914597],[3.8374034,51.291414],[3.837417,51.2913512],[3.8374236,51.2913239],[3.8374499,51.2912392],[3.8374516,51.2912338],[3.8374581,51.2912217],[3.8375166,51.2911434],[3.8375142,51.2911069],[3.8375331,51.2910534],[3.8375319,51.2910046],[3.8375448,51.2909634],[3.8375832,51.2908807],[3.8375851,51.2908731],[3.8375949,51.2908593],[3.8376575,51.2907827],[3.8376555,51.2907434],[3.8376649,51.2906927],[3.8376629,51.2906477],[3.8376684,51.2906028],[3.837732,51.290513],[3.837733,51.2905124],[3.837733,51.2905117],[3.8377997,51.290422],[3.8377803,51.2903642],[3.837783,51.2903322],[3.8377781,51.2902739],[3.8377771,51.2902423],[3.8378088,51.2901903],[3.8378197,51.2901521],[3.8378278,51.2900871],[3.8378403,51.290062],[3.8378496,51.2899821],[3.837853,51.289972],[3.8378652,51.2899527],[3.8379193,51.2898816],[3.8379838,51.2898051],[3.8379965,51.2897911],[3.8380055,51.2897813],[3.8380756,51.2897006],[3.838077,51.2896544],[3.8380878,51.2896106],[3.838089,51.2895557],[3.8380977,51.2895206],[3.8381428,51.289446],[3.8381651,51.2894302],[3.8381631,51.2894172],[3.8382194,51.2893399],[3.838218,51.289291],[3.8382274,51.2892499],[3.8382816,51.2891906],[3.8383323,51.2891593],[3.8383304,51.2891279],[3.8383385,51.2890693],[3.8383394,51.2890312],[3.8383566,51.2889792],[3.838356,51.2889296],[3.8383655,51.2888893],[3.8383891,51.2888174],[3.8383911,51.2887992],[3.838417,51.2887526],[3.8384599,51.2887087],[3.8384599,51.288681],[3.8385023,51.2886185],[3.8385566,51.288541],[3.8385771,51.2885281],[3.8385554,51.2884749],[3.8385471,51.2884432],[3.8385479,51.2884383],[3.8385544,51.2884236],[3.8386094,51.288348],[3.8386109,51.2883113],[3.8386303,51.2882579],[3.8386528,51.2881934],[3.8386629,51.2881677],[3.8386687,51.2880922],[3.8386735,51.2880777],[3.8386911,51.2880532],[3.8387535,51.2879873],[3.8387551,51.2879459],[3.8387736,51.2878972],[3.838788,51.2878338],[3.8387982,51.2878071],[3.8388225,51.2877207],[3.8388237,51.287717],[3.8388281,51.2877015],[3.8388599,51.2876268],[3.8388646,51.2876028],[3.838902,51.2875366],[3.8389286,51.2874707],[3.8389397,51.2874464],[3.8389655,51.287374],[3.838976,51.2873562],[3.8389827,51.2873451],[3.8390345,51.2872659],[3.8390449,51.2872142],[3.8390742,51.2871757],[3.8390893,51.2870948],[3.8390921,51.2870856],[3.8391033,51.2870651],[3.8391546,51.2869952],[3.8391798,51.2869457],[3.8391975,51.286905],[3.8392082,51.2868365],[3.839217,51.2868149],[3.8392414,51.2867734],[3.8392767,51.2867246],[3.8392807,51.286699],[3.8392976,51.2866345],[3.839364,51.2865547],[3.8393691,51.2865441],[3.8393797,51.2864962],[3.8393884,51.286454],[3.8393884,51.286448],[3.8394149,51.2863639],[3.8394259,51.286333],[3.8394575,51.2862737],[3.8394795,51.2862077],[3.8394884,51.2861835],[3.8395162,51.2861161],[3.8395293,51.2860933],[3.8395298,51.2860844],[3.8395513,51.2860032],[3.839598,51.2859497],[3.8396242,51.2859128],[3.8396495,51.2858257],[3.8396508,51.2858227],[3.8396541,51.2858159],[3.8396925,51.2857325],[3.8397242,51.2856868],[3.8397491,51.2856421],[3.839733,51.2856042],[3.8397113,51.2855525],[3.8397363,51.2854971],[3.8397356,51.2854624],[3.8397903,51.2854198],[3.8398318,51.2853718],[3.8399128,51.2852929],[3.83992,51.2852812],[3.839931,51.2852697],[3.8399759,51.2851909],[3.8399754,51.2851618],[3.8399824,51.2851009],[3.8400675,51.2850117],[3.8400681,51.2850104],[3.8400506,51.2849316],[3.8400562,51.2849205],[3.8400672,51.2848748],[3.8400821,51.2848304],[3.8400819,51.2848206],[3.840111,51.2847403],[3.8401342,51.2846961],[3.8401588,51.28465],[3.8401646,51.2845856],[3.8401673,51.2845601],[3.8402035,51.284487],[3.8402155,51.2844698],[3.8402162,51.2844615],[3.8402337,51.2843797],[3.8402388,51.2843561],[3.8402674,51.2842896],[3.8402839,51.2842362],[3.840296,51.2841994],[3.8403403,51.2841284],[3.8403569,51.2841091],[3.8403566,51.2840985],[3.84037,51.2840191],[3.8403699,51.2839991],[3.8403895,51.283929],[3.8404013,51.2838879],[3.8404285,51.2838388],[3.8404399,51.2837722],[3.8404417,51.2837488],[3.8404753,51.2836647],[3.8404797,51.2836586],[3.8404795,51.2836558],[3.8404964,51.283554],[3.8405345,51.2834783],[3.8405496,51.2834289],[3.8405625,51.2833882],[3.8405816,51.2833174],[3.8405919,51.2832981],[3.8405838,51.2832251],[3.8405921,51.2832082],[3.8406087,51.2831215],[3.840611,51.2831166],[3.8406718,51.2830277],[3.8406831,51.2829794],[3.8407012,51.2829376],[3.840722,51.2828635],[3.8407306,51.2828475],[3.8407457,51.2827703],[3.8407501,51.2827574],[3.8407533,51.2827524],[3.8407928,51.2826672],[3.8408,51.2826315],[3.8408324,51.282577],[3.8408593,51.2825025],[3.8408651,51.2824868],[3.8408832,51.2824447],[3.8409043,51.2823966],[3.8409018,51.2823842],[3.8409381,51.2823065],[3.8410224,51.282216],[3.8410869,51.28222]]},"properties":{"rawObjectClass":"DEPCNT","VALDCO":4,"depthDatum":"Approximate LAT","depthDatumCode":42,"depthDatumStatus":"VERIFIED_FROM_OFFICIAL_DOCUMENTATION","verticalDatum":"Local Datum","verticalDatumCode":24,"napIdentityStatus":"UNVERIFIED","sourceKind":"official","sourceCellId":"1R7687LI","sourceStableId":"1F2B6A429E1C75C0","sourceChecksum":"15df29d0ae5fbc875483ea2addc2d4e6c9148a876bdf65f0adfc75742fe31c47","pipelineFeatureId":"1R7687LI/DEPCNT/1280474702","provenance":{"cellId":"1R7687LI","checksum":"15df29d0ae5fbc875483ea2addc2d4e6c9148a876bdf65f0adfc75742fe31c47","readerVersion":"GDAL 3.2.2","processedAt":"2026-08-11T13:43:44.753Z"},"sourceProperties":{"RCID":1280474702,"PRIM":2,"GRUP":2,"OBJL":43,"RVER":1,"AGEN":7979,"FIDN":1782750748,"FIDS":30144,"LNAM":"1F2B6A429E1C75C0","VALDCO":4,"SCAMIN":300000,"sourceCellId":"1R7687LI","sourceChecksum":"15df29d0ae5fbc875483ea2addc2d4e6c9148a876bdf65f0adfc75742fe31c47","rawObjectClass":"DEPCNT","sourceStableId":"1F2B6A429E1C75C0"}}},{"type":"Feature","geometry":{"type":"LineString","coordinates":[[3.8266824,51.3227053],[3.8266703,51.3226933],[3.8266737,51.3226149],[3.8266756,51.3226033],[3.8266679,51.3225277],[3.8266688,51.3225134],[3.8266894,51.3224584],[3.8267424,51.322423],[3.8267881,51.3223597],[3.8268173,51.3223326],[3.8268298,51.3222859]]},"properties":{"rawObjectClass":"DEPCNT","VALDCO":4,"depthDatum":"Approximate LAT","depthDatumCode":42,"depthDatumStatus":"VERIFIED_FROM_OFFICIAL_DOCUMENTATION","verticalDatum":"Local Datum","verticalDatumCode":24,"napIdentityStatus":"UNVERIFIED","sourceKind":"official","sourceCellId":"1R7687LI","sourceStableId":"1F2B6A429E1C75C1","sourceChecksum":"15df29d0ae5fbc875483ea2addc2d4e6c9148a876bdf65f0adfc75742fe31c47","pipelineFeatureId":"1R7687LI/DEPCNT/1280474703","provenance":{"cellId":"1R7687LI","checksum":"15df29d0ae5fbc875483ea2addc2d4e6c9148a876bdf65f0adfc75742fe31c47","readerVersion":"GDAL 3.2.2","processedAt":"2026-08-11T13:43:44.753Z"},"sourceProperties":{"RCID":1280474703,"PRIM":2,"GRUP":2,"OBJL":43,"RVER":1,"AGEN":7979,"FIDN":1782750748,"FIDS":30145,"LNAM":"1F2B6A429E1C75C1","VALDCO":4,"SCAMIN":300000,"sourceCellId":"1R7687LI","sourceChecksum":"15df29d0ae5fbc875483ea2addc2d4e6c9148a876bdf65f0adfc75742fe31c47","rawObjectClass":"DEPCNT","sourceStableId":"1F2B6A429E1C75C1"}}},{"type":"Feature","geometry":{"type":"LineString","coordinates":[[3.8374475,51.2753124],[3.8374556,51.2753144],[3.8374597,51.2753174],[3.8374679,51.275325],[3.8374864,51.2754071],[3.8376013,51.2754426],[3.8376426,51.2754959],[3.8376797,51.2755437],[3.8376584,51.2755858],[3.837748,51.2756252],[3.8377846,51.2756748],[3.8378195,51.2757183],[3.8378425,51.2757643],[3.8378952,51.2758386],[3.8379045,51.2758538],[3.8379054,51.2758599],[3.8379409,51.2759434],[3.8379612,51.275983],[3.837972,51.2760331],[3.8380433,51.2760991],[3.8380654,51.2761224],[3.8380667,51.2761366],[3.8381024,51.276212],[3.8381089,51.2762514],[3.838126,51.2763018],[3.8381916,51.2763693],[3.8382211,51.276391],[3.8382229,51.2764102],[3.8382667,51.2764806],[3.8383036,51.2765486],[3.8382922,51.2765704],[3.8383395,51.2766201],[3.8383648,51.2766598],[3.8383686,51.2766773],[3.8383942,51.2767495],[3.8384533,51.2768181],[3.8384562,51.276839],[3.8384874,51.2768698],[3.8385203,51.2769284],[3.8385273,51.2769524],[3.8385483,51.2770182],[3.8386089,51.2770913],[3.8386134,51.2771076],[3.8386354,51.2771228],[3.8386952,51.2771969],[3.8387014,51.277237],[3.8387084,51.2772868],[3.8387833,51.2773702],[3.8387899,51.2773761],[3.8387922,51.2773815],[3.8388508,51.2774656],[3.8388699,51.2775181],[3.8388703,51.2775554],[3.8389314,51.2776323],[3.8389419,51.2776448],[3.8389429,51.2776517],[3.8389854,51.2777344],[3.8390398,51.2778],[3.8390406,51.2778239],[3.8390789,51.2778586],[3.8391093,51.2779134],[3.8391138,51.2779343],[3.8391396,51.2780031],[3.8391963,51.2780738],[3.8391982,51.2780926],[3.8392271,51.2781187],[3.8392608,51.278182],[3.839277,51.2782122],[3.8393051,51.2782716],[3.8393657,51.2783555],[3.839365,51.2783611],[3.8393752,51.2783801],[3.8394045,51.2784508],[3.8394341,51.2784863],[3.8394832,51.2785401],[3.8394849,51.2786063],[3.8394954,51.27863],[3.8394981,51.2787033],[3.8394986,51.2787199],[3.8394955,51.2787385],[3.8394781,51.2788099],[3.8394811,51.2788387],[3.8394729,51.2788999],[3.839469,51.2789374],[3.8394681,51.2789899],[3.8394704,51.279042],[3.8394703,51.2790798],[3.8394657,51.2791214],[3.8394634,51.2791697],[3.8394479,51.2792238],[3.8394457,51.2792598],[3.8394241,51.2793301],[3.8394148,51.2793499],[3.8394049,51.2794333],[3.8394049,51.2794399],[3.8393953,51.2794856],[3.8393853,51.27953],[3.8393855,51.2795368],[3.8393728,51.27962],[3.8393711,51.2796369],[3.83936,51.27971],[3.8393518,51.2797403],[3.8393343,51.2798001],[3.8393164,51.279854],[3.8393077,51.2798902],[3.8392855,51.2799648],[3.8392828,51.2799803],[3.8392716,51.2800647],[3.8392704,51.2800704],[3.8392632,51.280103],[3.8392505,51.2801604],[3.8392508,51.2801689],[3.8392504,51.2802503],[3.8392496,51.2802607],[3.8392309,51.2803404],[3.8392216,51.2803696],[3.8392074,51.2804305],[3.8391973,51.2804762],[3.8391966,51.2805205],[3.8391671,51.2805865],[3.8391584,51.2806107],[3.8391376,51.2806964],[3.839136,51.2807008],[3.8391316,51.280748],[3.8391272,51.2807908],[3.8391271,51.2807941],[3.8391058,51.2808808],[3.8391013,51.2809016],[3.8390756,51.280971],[3.8390731,51.2810107],[3.8390624,51.281061],[3.8390351,51.281126],[3.8390293,51.2811512],[3.8389969,51.2812265],[3.8389888,51.2812414],[3.8389889,51.2812466],[3.8389674,51.2813314],[3.838967,51.2813516],[3.8389444,51.2814215],[3.8389409,51.2814593],[3.8389298,51.2815116],[3.8389089,51.2815708],[3.8389083,51.2816016],[3.838869,51.2816874],[3.8388677,51.2816918],[3.8388624,51.2817117],[3.8388423,51.281782],[3.8388418,51.2817958],[3.8388182,51.281872],[3.8387937,51.2819176],[3.8387757,51.2819623],[3.8387249,51.2820372],[3.8386966,51.2820528],[3.8386812,51.2820808],[3.8386143,51.2821433],[3.8386103,51.2821599],[3.8386434,51.282233],[3.8386447,51.2822861],[3.8386445,51.2823229],[3.8386241,51.2823903],[3.8386202,51.282413],[3.8385891,51.2824556],[3.8385033,51.2825038],[3.8385479,51.2825302],[3.8385032,51.2825937],[3.8385226,51.2826396],[3.8385238,51.2826835],[3.8385218,51.2827288],[3.8385124,51.2827735],[3.8385075,51.282829],[3.838503,51.2828635],[3.8384544,51.2829297],[3.8384229,51.282954],[3.8384237,51.2829737],[3.838401,51.283044],[3.8384008,51.2830793],[3.8383873,51.2831341],[3.8383676,51.2831916],[3.838357,51.2832242],[3.838347,51.2832958],[3.8383416,51.2833142],[3.8383187,51.2833498],[3.8382698,51.2834047],[3.8382703,51.2834359],[3.8382505,51.2834947],[3.8382355,51.2835492],[3.8382276,51.2835848],[3.8382204,51.2836499],[3.8382143,51.2836748],[3.8382055,51.2837504],[3.8382019,51.2837648],[3.8382036,51.2838426],[3.8382012,51.2838548],[3.8381849,51.2838785],[3.8381106,51.2839453],[3.8380903,51.2840063],[3.8380852,51.2840354],[3.8380707,51.2841098],[3.8380635,51.2841255],[3.8380465,51.2841545],[3.8380042,51.2842159],[3.8380011,51.2842454],[3.837982,51.2843059],[3.8379537,51.2843668],[3.8379425,51.2843962],[3.8379092,51.2844863],[3.8378617,51.2845766],[3.8378621,51.2846075],[3.8378505,51.2846666],[3.8378296,51.2847193],[3.8378218,51.2847567],[3.8377961,51.2848317],[3.8377926,51.2848468],[3.8377729,51.2848766],[3.8377328,51.2849372],[3.8377322,51.2849637],[3.837716,51.2850272],[3.8376924,51.2850802],[3.8376803,51.2851174],[3.8376352,51.2851894],[3.837619,51.2852078],[3.8376194,51.285218],[3.8376162,51.2852977],[3.8376162,51.285311],[3.83761,51.2853877],[3.8376081,51.2854072],[3.8375742,51.2854779],[3.8375539,51.2855329],[3.8375485,51.285568],[3.8375264,51.2856415],[3.837517,51.2856581],[3.8375017,51.285733],[3.8374961,51.2857482],[3.8374962,51.2857519],[3.8374536,51.2858384],[3.8374383,51.28588],[3.837423,51.2859286],[3.8373946,51.2859989],[3.8373859,51.2860187],[3.8373676,51.2861072],[3.837367,51.2861088],[3.8373652,51.2861134],[3.8373229,51.286199],[3.8373164,51.286231],[3.8372921,51.2862892],[3.8372356,51.2863738],[3.8372329,51.2863795],[3.8372268,51.2863889],[3.8371805,51.2864698],[3.8371809,51.2864999],[3.8371652,51.2865599],[3.8371624,51.2866027],[3.8371604,51.2866498],[3.8371399,51.2867081],[3.8371357,51.2867399],[3.8371225,51.2868102],[3.8371152,51.28683],[3.8370919,51.2868579],[3.8370379,51.2869205],[3.8370361,51.2869566],[3.8370272,51.2870105],[3.8370155,51.2870607],[3.8370049,51.2871005],[3.8369853,51.2871711],[3.8369792,51.2871906],[3.8369551,51.2872211],[3.8368998,51.2872811],[3.8369009,51.2873162],[3.8368964,51.2873711],[3.8368853,51.2874172],[3.836878,51.2874611],[3.836828,51.2875449],[3.8368254,51.2875514],[3.8368179,51.2875635],[3.8367718,51.2876417],[3.8367699,51.2876731],[3.8367564,51.2877318],[3.8367549,51.2877737],[3.8367443,51.2878218],[3.836716,51.2878896],[3.8367093,51.287912],[3.8366816,51.2879512],[3.8366287,51.2880025],[3.8366264,51.288038],[3.8366197,51.2880924],[3.8366202,51.288133],[3.8366041,51.2881825],[3.8365919,51.2882421],[3.8365859,51.2882725],[3.8365451,51.2883348],[3.8365099,51.288363],[3.8364991,51.2883926],[3.8364848,51.2884531],[3.8364771,51.2884977],[3.8364385,51.2885433],[3.8364395,51.2886128],[3.836435,51.2886333],[3.8364149,51.2887195],[3.8364142,51.2887234],[3.8364089,51.2887298],[3.8363163,51.288814],[3.8363197,51.2888715],[3.8363123,51.2889039],[3.8363232,51.2889603],[3.836318,51.2889938],[3.8363204,51.289053],[3.8363171,51.2890838],[3.8362736,51.289173],[3.836272,51.289174],[3.8362692,51.2892602],[3.8362701,51.2892639],[3.8362697,51.2892675],[3.8362269,51.2893542],[3.8362269,51.2893858],[3.8361957,51.2894443],[3.8361834,51.2895047],[3.8361829,51.2895343],[3.8361767,51.2896],[3.8361765,51.2896243],[3.8361395,51.2896864],[3.8361182,51.2897146],[3.8361164,51.2897296],[3.8361116,51.2898046],[3.8361105,51.2898244],[3.8360983,51.2898946],[3.8360773,51.2899366],[3.8360538,51.2899849],[3.8360176,51.2900659],[3.8360117,51.2900751],[3.8360033,51.2900838],[3.8359364,51.2901655],[3.8358627,51.2902404],[3.835839,51.2902562],[3.835833,51.2902752],[3.8357761,51.2903465],[3.8357225,51.2904151],[3.835694,51.290437],[3.8356792,51.2904649],[3.8356286,51.2905274],[3.8355818,51.2905649],[3.8354837,51.2906184],[3.83544,51.2906547],[3.835368,51.2906645],[3.8353679,51.2906645]]},"properties":{"rawObjectClass":"DEPCNT","VALDCO":4,"depthDatum":"Approximate LAT","depthDatumCode":42,"depthDatumStatus":"VERIFIED_FROM_OFFICIAL_DOCUMENTATION","verticalDatum":"Local Datum","verticalDatumCode":24,"napIdentityStatus":"UNVERIFIED","sourceKind":"official","sourceCellId":"1R7687LI","sourceStableId":"1F2B6A429E1C75C2","sourceChecksum":"15df29d0ae5fbc875483ea2addc2d4e6c9148a876bdf65f0adfc75742fe31c47","pipelineFeatureId":"1R7687LI/DEPCNT/1280474705","provenance":{"cellId":"1R7687LI","checksum":"15df29d0ae5fbc875483ea2addc2d4e6c9148a876bdf65f0adfc75742fe31c47","readerVersion":"GDAL 3.2.2","processedAt":"2026-08-11T13:43:44.753Z"},"sourceProperties":{"RCID":1280474705,"PRIM":2,"GRUP":2,"OBJL":43,"RVER":1,"AGEN":7979,"FIDN":1782750748,"FIDS":30146,"LNAM":"1F2B6A429E1C75C2","VALDCO":4,"SCAMIN":300000,"sourceCellId":"1R7687LI","sourceChecksum":"15df29d0ae5fbc875483ea2addc2d4e6c9148a876bdf65f0adfc75742fe31c47","rawObjectClass":"DEPCNT","sourceStableId":"1F2B6A429E1C75C2"}}},{"type":"Feature","geometry":{"type":"LineString","coordinates":[[3.8257097,51.325],[3.82573,51.3249763],[3.8257719,51.3249477],[3.8258721,51.324897],[3.8259084,51.3249243]]},"properties":{"rawObjectClass":"DEPCNT","VALDCO":4,"depthDatum":"Approximate LAT","depthDatumCode":42,"depthDatumStatus":"VERIFIED_FROM_OFFICIAL_DOCUMENTATION","verticalDatum":"Local Datum","verticalDatumCode":24,"napIdentityStatus":"UNVERIFIED","sourceKind":"official","sourceCellId":"1R7687LI","sourceStableId":"1F2B6A429E1C75C3","sourceChecksum":"15df29d0ae5fbc875483ea2addc2d4e6c9148a876bdf65f0adfc75742fe31c47","pipelineFeatureId":"1R7687LI/DEPCNT/1280474706","provenance":{"cellId":"1R7687LI","checksum":"15df29d0ae5fbc875483ea2addc2d4e6c9148a876bdf65f0adfc75742fe31c47","readerVersion":"GDAL 3.2.2","processedAt":"2026-08-11T13:43:44.753Z"},"sourceProperties":{"RCID":1280474706,"PRIM":2,"GRUP":2,"OBJL":43,"RVER":1,"AGEN":7979,"FIDN":1782750748,"FIDS":30147,"LNAM":"1F2B6A429E1C75C3","VALDCO":4,"SCAMIN":300000,"sourceCellId":"1R7687LI","sourceChecksum":"15df29d0ae5fbc875483ea2addc2d4e6c9148a876bdf65f0adfc75742fe31c47","rawObjectClass":"DEPCNT","sourceStableId":"1F2B6A429E1C75C3"}}},{"type":"Feature","geometry":{"type":"LineString","coordinates":[[3.829072,51.3195591],[3.8290446,51.3195493],[3.829071,51.319529],[3.8290762,51.3195262],[3.8291046,51.3195108],[3.8292188,51.3194756],[3.8292717,51.3194377],[3.8293612,51.3194115],[3.82945,51.3193465],[3.829503,51.3193182],[3.8296052,51.3192555],[3.8296449,51.3192288],[3.8297641,51.3191644],[3.8297868,51.3191409],[3.82985,51.319124],[3.8299203,51.3191444]]},"properties":{"rawObjectClass":"DEPCNT","VALDCO":4,"depthDatum":"Approximate LAT","depthDatumCode":42,"depthDatumStatus":"VERIFIED_FROM_OFFICIAL_DOCUMENTATION","verticalDatum":"Local Datum","verticalDatumCode":24,"napIdentityStatus":"UNVERIFIED","sourceKind":"official","sourceCellId":"1R7687LI","sourceStableId":"1F2B6A429E1C75C4","sourceChecksum":"15df29d0ae5fbc875483ea2addc2d4e6c9148a876bdf65f0adfc75742fe31c47","pipelineFeatureId":"1R7687LI/DEPCNT/1280474707","provenance":{"cellId":"1R7687LI","checksum":"15df29d0ae5fbc875483ea2addc2d4e6c9148a876bdf65f0adfc75742fe31c47","readerVersion":"GDAL 3.2.2","processedAt":"2026-08-11T13:43:44.753Z"},"sourceProperties":{"RCID":1280474707,"PRIM":2,"GRUP":2,"OBJL":43,"RVER":1,"AGEN":7979,"FIDN":1782750748,"FIDS":30148,"LNAM":"1F2B6A429E1C75C4","VALDCO":4,"SCAMIN":300000,"sourceCellId":"1R7687LI","sourceChecksum":"15df29d0ae5fbc875483ea2addc2d4e6c9148a876bdf65f0adfc75742fe31c47","rawObjectClass":"DEPCNT","sourceStableId":"1F2B6A429E1C75C4"}}},{"type":"Feature","geometry":{"type":"LineString","coordinates":[[3.8331014,51.3042755],[3.8330845,51.3042261],[3.8330911,51.3042137],[3.8330918,51.3042062],[3.8330758,51.3041239],[3.8330692,51.304054],[3.8330741,51.304034],[3.8330724,51.303961],[3.8330783,51.303944],[3.8330979,51.3038807],[3.8331424,51.3038537],[3.8331459,51.3038229],[3.8332066,51.3037633],[3.8331957,51.3037001],[3.8332053,51.3036734],[3.8332322,51.3035857],[3.8332332,51.3035833],[3.8332355,51.3035573],[3.8332608,51.3034931],[3.8332587,51.3034777],[3.8333237,51.3034028],[3.8333205,51.3033472],[3.8333348,51.3033128],[3.8333336,51.3032478],[3.8333372,51.3032228],[3.833343,51.3031508],[3.8333494,51.3031328],[3.8333707,51.3031021],[3.8334573,51.3030421],[3.8334601,51.3029847],[3.8334704,51.3029521],[3.8334707,51.302887],[3.8334808,51.3028621],[3.8334822,51.3027887],[3.8334861,51.3027722],[3.8335033,51.3026842],[3.8335035,51.3026821],[3.8335065,51.3026782],[3.8336157,51.3025914],[3.8336104,51.3025246],[3.8336168,51.3025015],[3.8336191,51.302428],[3.8336228,51.3024115],[3.8336391,51.3023242],[3.8336397,51.3023215],[3.8336434,51.3023166],[3.8337583,51.3022307],[3.8337562,51.3021582],[3.8337611,51.3021407],[3.8337587,51.3020657],[3.8337628,51.3020508],[3.833757,51.3019758],[3.8337586,51.3019609],[3.8337799,51.3019341],[3.8338797,51.3018701],[3.8338812,51.3018051],[3.8338916,51.3017801],[3.8338903,51.3017084],[3.8338946,51.3016902],[3.8338908,51.3016171],[3.8338953,51.3016003],[3.8339065,51.3015161],[3.833908,51.3015102],[3.8339155,51.3014992],[3.8340157,51.3014196],[3.8340139,51.3013563],[3.8340267,51.3013295],[3.834025,51.3012582],[3.8340286,51.3012396],[3.8340323,51.3011625],[3.8340341,51.3011497],[3.8340522,51.3011261],[3.8341419,51.301059],[3.8341408,51.301002],[3.8341509,51.300969],[3.8341529,51.3009033],[3.8341636,51.300879],[3.8341667,51.3008035],[3.8341682,51.300789],[3.834189,51.3007614],[3.8343081,51.3006981],[3.8342964,51.3006293],[3.8343045,51.3006082],[3.834302,51.3005348],[3.834309,51.3005182],[3.8343272,51.3004702],[3.8343964,51.3004277],[3.8343935,51.3003852],[3.8344342,51.3003375],[3.8344257,51.3002736],[3.8344342,51.3002476],[3.8344278,51.3001812],[3.8344358,51.3001576],[3.834435,51.3000857],[3.8344391,51.3000677],[3.8344613,51.2999779],[3.8344613,51.2999776],[3.8344617,51.2999765],[3.8345326,51.2998872],[3.8345342,51.2998401],[3.8345706,51.299797],[3.8345715,51.2997253],[3.8345746,51.299707],[3.8345737,51.2996329],[3.8345764,51.2996171],[3.8345977,51.2995679],[3.8346608,51.2995266],[3.8346601,51.2994865],[3.8346988,51.2994364],[3.8346976,51.2993715],[3.8347088,51.2993464],[3.8347319,51.2992586],[3.8347329,51.2992563],[3.8347354,51.2992524],[3.8348464,51.2991779]]},"properties":{"rawObjectClass":"DEPCNT","VALDCO":3.5,"depthDatum":"Approximate LAT","depthDatumCode":42,"depthDatumStatus":"VERIFIED_FROM_OFFICIAL_DOCUMENTATION","verticalDatum":"Local Datum","verticalDatumCode":24,"napIdentityStatus":"UNVERIFIED","sourceKind":"official","sourceCellId":"1R7687LI","sourceStableId":"1F2B6A429E1C75C5","sourceChecksum":"15df29d0ae5fbc875483ea2addc2d4e6c9148a876bdf65f0adfc75742fe31c47","pipelineFeatureId":"1R7687LI/DEPCNT/1280474709","provenance":{"cellId":"1R7687LI","checksum":"15df29d0ae5fbc875483ea2addc2d4e6c9148a876bdf65f0adfc75742fe31c47","readerVersion":"GDAL 3.2.2","processedAt":"2026-08-11T13:43:44.753Z"},"sourceProperties":{"RCID":1280474709,"PRIM":2,"GRUP":2,"OBJL":43,"RVER":1,"AGEN":7979,"FIDN":1782750748,"FIDS":30149,"LNAM":"1F2B6A429E1C75C5","VALDCO":3.5,"SCAMIN":15000,"sourceCellId":"1R7687LI","sourceChecksum":"15df29d0ae5fbc875483ea2addc2d4e6c9148a876bdf65f0adfc75742fe31c47","rawObjectClass":"DEPCNT","sourceStableId":"1F2B6A429E1C75C5"}}},{"type":"Feature","geometry":{"type":"LineString","coordinates":[[3.8343323,51.2932719],[3.8343404,51.2932847],[3.8343611,51.2933241],[3.8343822,51.2933888],[3.8343768,51.2934139],[3.8343825,51.2934795],[3.8343783,51.2935038],[3.8343451,51.293548],[3.8342899,51.2935943],[3.8342838,51.2936338],[3.8342573,51.2936845],[3.8342579,51.2937414],[3.8342562,51.2937744],[3.8342384,51.2938448],[3.8342338,51.2938645],[3.8342078,51.2938821],[3.8341695,51.2938986]]},"properties":{"rawObjectClass":"DEPCNT","VALDCO":3.5,"depthDatum":"Approximate LAT","depthDatumCode":42,"depthDatumStatus":"VERIFIED_FROM_OFFICIAL_DOCUMENTATION","verticalDatum":"Local Datum","verticalDatumCode":24,"napIdentityStatus":"UNVERIFIED","sourceKind":"official","sourceCellId":"1R7687LI","sourceStableId":"1F2B6A429E1C75C6","sourceChecksum":"15df29d0ae5fbc875483ea2addc2d4e6c9148a876bdf65f0adfc75742fe31c47","pipelineFeatureId":"1R7687LI/DEPCNT/1280474710","provenance":{"cellId":"1R7687LI","checksum":"15df29d0ae5fbc875483ea2addc2d4e6c9148a876bdf65f0adfc75742fe31c47","readerVersion":"GDAL 3.2.2","processedAt":"2026-08-11T13:43:44.753Z"},"sourceProperties":{"RCID":1280474710,"PRIM":2,"GRUP":2,"OBJL":43,"RVER":1,"AGEN":7979,"FIDN":1782750748,"FIDS":30150,"LNAM":"1F2B6A429E1C75C6","VALDCO":3.5,"SCAMIN":15000,"sourceCellId":"1R7687LI","sourceChecksum":"15df29d0ae5fbc875483ea2addc2d4e6c9148a876bdf65f0adfc75742fe31c47","rawObjectClass":"DEPCNT","sourceStableId":"1F2B6A429E1C75C6"}}},{"type":"Feature","geometry":{"type":"LineString","coordinates":[[3.8187852,51.3237807],[3.8188197,51.3237757],[3.8189186,51.3237986],[3.8189639,51.3238132],[3.8189816,51.3238264],[3.8189646,51.323855],[3.818865,51.3239171],[3.8188226,51.3239372],[3.8187838,51.3239177],[3.8187089,51.3238816]]},"properties":{"rawObjectClass":"DEPCNT","VALDCO":3.5,"depthDatum":"Approximate LAT","depthDatumCode":42,"depthDatumStatus":"VERIFIED_FROM_OFFICIAL_DOCUMENTATION","verticalDatum":"Local Datum","verticalDatumCode":24,"napIdentityStatus":"UNVERIFIED","sourceKind":"official","sourceCellId":"1R7687LI","sourceStableId":"1F2B6A429E1C75C7","sourceChecksum":"15df29d0ae5fbc875483ea2addc2d4e6c9148a876bdf65f0adfc75742fe31c47","pipelineFeatureId":"1R7687LI/DEPCNT/1280474711","provenance":{"cellId":"1R7687LI","checksum":"15df29d0ae5fbc875483ea2addc2d4e6c9148a876bdf65f0adfc75742fe31c47","readerVersion":"GDAL 3.2.2","processedAt":"2026-08-11T13:43:44.753Z"},"sourceProperties":{"RCID":1280474711,"PRIM":2,"GRUP":2,"OBJL":43,"RVER":1,"AGEN":7979,"FIDN":1782750748,"FIDS":30151,"LNAM":"1F2B6A429E1C75C7","VALDCO":3.5,"SCAMIN":15000,"sourceCellId":"1R7687LI","sourceChecksum":"15df29d0ae5fbc875483ea2addc2d4e6c9148a876bdf65f0adfc75742fe31c47","rawObjectClass":"DEPCNT","sourceStableId":"1F2B6A429E1C75C7"}}},{"type":"Feature","geometry":{"type":"LineString","coordinates":[[3.8289151,51.3167556],[3.8288837,51.316808],[3.8288396,51.3168054],[3.8287399,51.3167909],[3.8286844,51.3167442],[3.8286856,51.3166871],[3.8286841,51.3166543],[3.8286798,51.3165999],[3.8286877,51.3165643],[3.8287138,51.3164872],[3.828718,51.3164742],[3.8287328,51.3163945],[3.8287374,51.3163841],[3.8287373,51.3163812],[3.8287882,51.3162938],[3.8287988,51.3162508],[3.8288087,51.3162038],[3.8288243,51.3161435],[3.8288428,51.3161136],[3.8288574,51.3160313],[3.8288601,51.3160236],[3.8288689,51.3159834],[3.828894,51.3159334],[3.8288918,51.3159183],[3.8289138,51.3158433],[3.8289192,51.3158098],[3.8289508,51.3157532],[3.8289844,51.3156771],[3.8289925,51.3156629],[3.8290051,51.3155824],[3.8290113,51.3155729],[3.8290116,51.3155687],[3.8290597,51.3154826],[3.8290544,51.3154503],[3.8290908,51.3153925],[3.8291098,51.3153238],[3.8291232,51.3153023],[3.8291409,51.315213],[3.829141,51.3152123],[3.8291419,51.3152114],[3.8291495,51.3152074],[3.8292843,51.3151477],[3.829336,51.3151788],[3.829336,51.3151789]]},"properties":{"rawObjectClass":"DEPCNT","VALDCO":3.5,"depthDatum":"Approximate LAT","depthDatumCode":42,"depthDatumStatus":"VERIFIED_FROM_OFFICIAL_DOCUMENTATION","verticalDatum":"Local Datum","verticalDatumCode":24,"napIdentityStatus":"UNVERIFIED","sourceKind":"official","sourceCellId":"1R7687LI","sourceStableId":"1F2B6A429E1C75C8","sourceChecksum":"15df29d0ae5fbc875483ea2addc2d4e6c9148a876bdf65f0adfc75742fe31c47","pipelineFeatureId":"1R7687LI/DEPCNT/1280474712","provenance":{"cellId":"1R7687LI","checksum":"15df29d0ae5fbc875483ea2addc2d4e6c9148a876bdf65f0adfc75742fe31c47","readerVersion":"GDAL 3.2.2","processedAt":"2026-08-11T13:43:44.753Z"},"sourceProperties":{"RCID":1280474712,"PRIM":2,"GRUP":2,"OBJL":43,"RVER":1,"AGEN":7979,"FIDN":1782750748,"FIDS":30152,"LNAM":"1F2B6A429E1C75C8","VALDCO":3.5,"SCAMIN":15000,"sourceCellId":"1R7687LI","sourceChecksum":"15df29d0ae5fbc875483ea2addc2d4e6c9148a876bdf65f0adfc75742fe31c47","rawObjectClass":"DEPCNT","sourceStableId":"1F2B6A429E1C75C8"}}},{"type":"Feature","geometry":{"type":"LineString","coordinates":[[3.8333926,51.2963851],[3.833397,51.2963883],[3.8333967,51.2963908],[3.8334111,51.2964781],[3.833412,51.2964891],[3.8334112,51.296568],[3.8334106,51.2965772],[3.8334385,51.2966578],[3.8334213,51.2967338],[3.8334205,51.2967478],[3.8334191,51.2967602],[3.833449,51.2968375],[3.8334509,51.2968686],[3.8334564,51.2969274],[3.8334573,51.2969836],[3.8334544,51.2970173],[3.8334582,51.2970739],[3.8334567,51.2971073],[3.8334553,51.2971667],[3.8334549,51.2971972],[3.8334481,51.2972623],[3.8334475,51.2972872],[3.8334223,51.2973698],[3.8334209,51.2973773],[3.8334109,51.2973972],[3.8333394,51.2974678],[3.8333339,51.2975174],[3.8333061,51.2975579],[3.8333015,51.2976292],[3.8332985,51.2976479],[3.8332901,51.2977274],[3.8332892,51.2977379],[3.8332742,51.2977718],[3.8331916,51.2978285],[3.8332033,51.2978741],[3.8331674,51.2979186],[3.8331848,51.2979769],[3.8331745,51.2980085],[3.8331751,51.298074],[3.8331739,51.2980984],[3.8331446,51.2981846],[3.8331439,51.2981885],[3.8331385,51.2981966],[3.8330664,51.298279],[3.8330696,51.2983236],[3.8330539,51.298369],[3.8330563,51.2984231],[3.8330461,51.298459],[3.8330285,51.2985319],[3.8330285,51.2985491],[3.8330026,51.2986133],[3.8329798,51.2986393],[3.8329804,51.2986537],[3.8329286,51.2987296],[3.8329291,51.2987776],[3.8329267,51.2988196],[3.8329239,51.2988718],[3.8329105,51.2989096],[3.8328659,51.2989853],[3.8328464,51.299],[3.8328463,51.2990126],[3.8327968,51.2990902],[3.8327978,51.2991346],[3.8327866,51.2991802],[3.8327892,51.2992311],[3.8327826,51.2992702],[3.832763,51.2993388],[3.8327586,51.2993603],[3.8327302,51.299414],[3.8326947,51.2994507],[3.8326953,51.2994732],[3.832655,51.2995409],[3.8326555,51.2995897],[3.8326488,51.2996308],[3.8326369,51.2996925],[3.832635,51.2997208],[3.8326026,51.2998055],[3.8326002,51.299811],[3.8325941,51.2998215],[3.83253,51.2999014],[3.8325301,51.299943],[3.8325101,51.2999915],[3.8325146,51.3000292],[3.8325138,51.3000814],[3.8324625,51.3001682],[3.8324612,51.3001717],[3.8324571,51.300177],[3.8323903,51.3002621],[3.8323908,51.3003051],[3.8323753,51.3003522],[3.8323767,51.3004051],[3.8323707,51.3004421],[3.8323603,51.3005066],[3.8323601,51.3005321],[3.8323208,51.3005719],[3.8322445,51.3006228],[3.8322435,51.3006724],[3.8322367,51.3007128],[3.8322386,51.3007666],[3.8322318,51.3008028],[3.8322214,51.3008686],[3.8322183,51.3008928],[3.8321842,51.3009524],[3.832151,51.3009832],[3.8321517,51.3010042],[3.8321178,51.3010734],[3.8321191,51.3011161],[3.832099,51.3011634],[3.8320842,51.3012294],[3.8320781,51.3012535],[3.832047,51.301295],[3.8319949,51.301344],[3.831993,51.3013788],[3.8319708,51.3014341],[3.8319697,51.3014847],[3.8319643,51.3015241],[3.831951,51.3015876],[3.8319475,51.3016141],[3.8319107,51.3016929],[3.8318987,51.3017044],[3.8318984,51.3017124],[3.8318336,51.3017948],[3.8318334,51.3018449],[3.8318292,51.3018847],[3.8318214,51.3019436],[3.8318131,51.3019748],[3.8317854,51.3020577],[3.8317842,51.3020649],[3.8317742,51.3020768],[3.8317053,51.3021554],[3.8317037,51.302201],[3.8316953,51.3022454],[3.8316952,51.3022974],[3.8316888,51.3023353],[3.8316418,51.3024226],[3.8316408,51.3024256],[3.8316372,51.3024308],[3.831567,51.302516],[3.8315672,51.3025614],[3.831557,51.302606],[3.8315593,51.3026574],[3.8315528,51.302696],[3.8315355,51.3027636],[3.8315307,51.3027861],[3.8315015,51.3028585],[3.8314826,51.3028763],[3.8314826,51.3028885],[3.8314224,51.3029667],[3.8314208,51.3030191],[3.8314102,51.3030567],[3.8314104,51.3031167],[3.8314047,51.3031466],[3.8313718,51.3032324],[3.8313711,51.3032368],[3.831365,51.303244],[3.8312851,51.3033273],[3.831286,51.3033784],[3.8312804,51.3034173],[3.8312817,51.3034721],[3.83126,51.303577],[3.8312599,51.3035973],[3.8312286,51.3036347],[3.8311647,51.3036879],[3.8311672,51.3037274],[3.8311523,51.3037779],[3.8311523,51.3038279],[3.8311408,51.3038679],[3.8311315,51.3039322],[3.8311251,51.3039579],[3.8310925,51.3040422],[3.8310861,51.3040481],[3.8310862,51.3040522],[3.8310177,51.3041385],[3.8310186,51.3041865],[3.8310108,51.3042285],[3.8310084,51.304284],[3.8310014,51.3043185],[3.8309599,51.304406],[3.8309594,51.3044087],[3.8309558,51.3044142],[3.8308873,51.3044991],[3.8308774,51.3045499],[3.8308679,51.3045892],[3.8308572,51.3046538],[3.8308491,51.3046793],[3.8308507,51.3047489],[3.8308467,51.3047692],[3.8308195,51.3048116],[3.8307472,51.3048598],[3.8307512,51.3049037],[3.8307307,51.3049499],[3.8307317,51.3050071],[3.8307216,51.3050399],[3.8307227,51.3051038],[3.8307165,51.3051298],[3.8307139,51.3052004],[3.8307112,51.3052198],[3.8306843,51.3052688],[3.8306358,51.3053102],[3.830634,51.3053426],[3.8305956,51.3054004],[3.8305895,51.305462],[3.830581,51.3054905],[3.8305703,51.3055653],[3.830566,51.3055805],[3.8305474,51.3056325],[3.8305055,51.3056708],[3.8305044,51.3056985],[3.8304566,51.3057611],[3.8304344,51.3058344],[3.8304267,51.3058513],[3.8304183,51.3059357],[3.8304167,51.3059412],[3.8304101,51.3059728],[3.8303145,51.305972],[3.830368,51.3060315],[3.8303705,51.3060573],[3.830337,51.3061217],[3.8303456,51.3061641],[3.8303224,51.3062117],[3.8303229,51.3062697],[3.8302858,51.3063844],[3.8302829,51.3063918],[3.8302747,51.3064219],[3.8302314,51.3064821],[3.8302285,51.3065121],[3.8301866,51.3065723],[3.8301764,51.3066364],[3.8301614,51.3066624],[3.8301379,51.3067525],[3.8301372,51.3067542],[3.8300276,51.3068432],[3.8300277,51.3069137],[3.8300118,51.3069333],[3.8300118,51.3070148],[3.8300094,51.3070232],[3.8299997,51.3070851],[3.8298661,51.3071141],[3.8299496,51.3071457],[3.8298845,51.3072039],[3.8299231,51.3072536],[3.8298938,51.3072938],[3.8298971,51.3073612],[3.829892,51.3073837],[3.8298856,51.3074596],[3.8298826,51.3074737],[3.8298639,51.3075063],[3.8297223,51.3075648],[3.829781,51.3076176],[3.8297567,51.3076544],[3.8297612,51.3077212],[3.8297563,51.3077444],[3.8297576,51.3078144],[3.8297548,51.3078343],[3.8297523,51.3079088],[3.8297481,51.3079243],[3.8297288,51.3079728],[3.8296778,51.3080147],[3.8296745,51.3080496],[3.8296314,51.3081049],[3.8296355,51.3081656],[3.8296275,51.3081949],[3.82963,51.3082601],[3.829624,51.3082848],[3.8296163,51.3083598],[3.8296128,51.3083748],[3.829593,51.308396],[3.8295033,51.3084655],[3.8295043,51.3085225],[3.8294982,51.3085555],[3.8294959,51.3086189],[3.8294901,51.3086455],[3.8294838,51.3087176],[3.8294797,51.3087355],[3.8294563,51.3087704],[3.8293831,51.3088261],[3.8293861,51.3088712],[3.8293726,51.3089161],[3.8293728,51.3089707],[3.8293611,51.3090061],[3.8293521,51.3090749],[3.829346,51.3090961],[3.8293286,51.3091809],[3.8293265,51.3091862],[3.8293205,51.3092002],[3.8292503,51.3092766],[3.8292481,51.3093235],[3.8292248,51.3093667],[3.8292041,51.3094426],[3.8291973,51.3094569],[3.8291822,51.3094868],[3.8291148,51.3095474],[3.8291067,51.309596],[3.8290768,51.3096376],[3.8290694,51.3097109],[3.8290627,51.3097276],[3.8290441,51.3097804],[3.8290067,51.3098179],[3.8290075,51.3098415],[3.8289573,51.3099082],[3.8289471,51.3099712],[3.8289325,51.3099983],[3.8289058,51.3100706],[3.8288835,51.3100885],[3.8288853,51.3101018],[3.8288157,51.3101789],[3.8288168,51.3102366],[3.8288032,51.3102689],[3.8287668,51.3103175],[3.8287028,51.3103596],[3.8287045,51.3103996],[3.8286766,51.3104497],[3.8286811,51.3105055],[3.8286519,51.3105398],[3.828639,51.3106234],[3.8286396,51.3106298],[3.8286291,51.3106367],[3.8285078,51.3107206],[3.8285087,51.310734],[3.8285098,51.3108106],[3.828489,51.3108239],[3.8283742,51.3109014],[3.8283754,51.3109191],[3.8283757,51.3109913],[3.8283682,51.3110699],[3.8283689,51.3110813],[3.8283503,51.3110926],[3.8283481,51.311094]]},"properties":{"rawObjectClass":"DEPCNT","VALDCO":3.5,"depthDatum":"Approximate LAT","depthDatumCode":42,"depthDatumStatus":"VERIFIED_FROM_OFFICIAL_DOCUMENTATION","verticalDatum":"Local Datum","verticalDatumCode":24,"napIdentityStatus":"UNVERIFIED","sourceKind":"official","sourceCellId":"1R7687LI","sourceStableId":"1F2B6A429E1C75C9","sourceChecksum":"15df29d0ae5fbc875483ea2addc2d4e6c9148a876bdf65f0adfc75742fe31c47","pipelineFeatureId":"1R7687LI/DEPCNT/1280474714","provenance":{"cellId":"1R7687LI","checksum":"15df29d0ae5fbc875483ea2addc2d4e6c9148a876bdf65f0adfc75742fe31c47","readerVersion":"GDAL 3.2.2","processedAt":"2026-08-11T13:43:44.753Z"},"sourceProperties":{"RCID":1280474714,"PRIM":2,"GRUP":2,"OBJL":43,"RVER":1,"AGEN":7979,"FIDN":1782750748,"FIDS":30153,"LNAM":"1F2B6A429E1C75C9","VALDCO":3.5,"SCAMIN":15000,"sourceCellId":"1R7687LI","sourceChecksum":"15df29d0ae5fbc875483ea2addc2d4e6c9148a876bdf65f0adfc75742fe31c47","rawObjectClass":"DEPCNT","sourceStableId":"1F2B6A429E1C75C9"}}},{"type":"Feature","geometry":{"type":"LineString","coordinates":[[3.8367155,51.2937687],[3.8366839,51.2937571],[3.8366849,51.2937309],[3.8366838,51.2936672],[3.8367525,51.2936515]]},"properties":{"rawObjectClass":"DEPCNT","VALDCO":3.5,"depthDatum":"Approximate LAT","depthDatumCode":42,"depthDatumStatus":"VERIFIED_FROM_OFFICIAL_DOCUMENTATION","verticalDatum":"Local Datum","verticalDatumCode":24,"napIdentityStatus":"UNVERIFIED","sourceKind":"official","sourceCellId":"1R7687LI","sourceStableId":"1F2B6A429E1C75CA","sourceChecksum":"15df29d0ae5fbc875483ea2addc2d4e6c9148a876bdf65f0adfc75742fe31c47","pipelineFeatureId":"1R7687LI/DEPCNT/1280474717","provenance":{"cellId":"1R7687LI","checksum":"15df29d0ae5fbc875483ea2addc2d4e6c9148a876bdf65f0adfc75742fe31c47","readerVersion":"GDAL 3.2.2","processedAt":"2026-08-11T13:43:44.753Z"},"sourceProperties":{"RCID":1280474717,"PRIM":2,"GRUP":2,"OBJL":43,"RVER":1,"AGEN":7979,"FIDN":1782750748,"FIDS":30154,"LNAM":"1F2B6A429E1C75CA","VALDCO":3.5,"SCAMIN":15000,"sourceCellId":"1R7687LI","sourceChecksum":"15df29d0ae5fbc875483ea2addc2d4e6c9148a876bdf65f0adfc75742fe31c47","rawObjectClass":"DEPCNT","sourceStableId":"1F2B6A429E1C75CA"}}},{"type":"Feature","geometry":{"type":"LineString","coordinates":[[3.8368791,51.2932723],[3.8368728,51.2932162],[3.8368841,51.2931484],[3.8369009,51.2931261],[3.8368931,51.2930517],[3.8368978,51.2930362],[3.836896,51.2930229],[3.8368922,51.2929463],[3.8368892,51.2928722],[3.8368899,51.2928564],[3.8369129,51.2927882],[3.8369416,51.2927661],[3.8369427,51.292747],[3.8370205,51.2926756],[3.8370258,51.2926027],[3.837029,51.2925856],[3.8370323,51.2925076],[3.8370354,51.2924957],[3.8370498,51.2924316],[3.8370801,51.2924054],[3.8370861,51.2923821],[3.8371573,51.292315],[3.8371509,51.2922495],[3.8371548,51.2922251],[3.8371605,51.2921524],[3.8371706,51.292135],[3.8371867,51.2920688],[3.8372139,51.2920448],[3.8372165,51.2920256],[3.8372818,51.2919544],[3.8372756,51.2918967],[3.8372871,51.2918644],[3.8372832,51.2918009],[3.837287,51.2917745],[3.837318,51.2916876],[3.8373196,51.2916843],[3.837323,51.2916809],[3.8374248,51.2915937],[3.8374233,51.2915679],[3.8374201,51.2915038],[3.8374182,51.2914414],[3.8374265,51.2914138],[3.8374439,51.291334],[3.8374463,51.2913237],[3.8374592,51.2912823],[3.8375013,51.2912334],[3.8375001,51.2912069],[3.8375477,51.2911432],[3.8375441,51.2910878],[3.8375563,51.2910532],[3.8375548,51.2909899],[3.8375631,51.2909632],[3.8375955,51.2908935],[3.8376253,51.2908729],[3.8376236,51.2908548],[3.8376827,51.2907825],[3.8376798,51.2907278],[3.8376864,51.2906926],[3.8376837,51.2906343],[3.8376876,51.2906026],[3.8377325,51.2905393],[3.8377759,51.2905121],[3.8377804,51.2904814],[3.8378246,51.2904218],[3.8378117,51.2903834],[3.8378161,51.290332],[3.837813,51.2902953],[3.8378113,51.2902421],[3.8378646,51.2901544],[3.8378654,51.2901518],[3.8378684,51.2901275],[3.8378826,51.2900712],[3.837879,51.2900617],[3.8378979,51.2899717],[3.8379033,51.2899477],[3.8379537,51.2898814],[3.8380062,51.2898191],[3.8380517,51.2897907],[3.8380529,51.2897608],[3.8381054,51.2897004],[3.8381072,51.289635],[3.8381133,51.2896104],[3.8381148,51.2895391],[3.8381195,51.2895205],[3.8381435,51.2894808],[3.8382156,51.2894299],[3.8382091,51.2893877],[3.838244,51.2893397],[3.8382422,51.2892755],[3.8382481,51.2892498],[3.838282,51.2892127],[3.8383686,51.289159],[3.8383655,51.2891054],[3.8383705,51.2890691],[3.838372,51.2890103],[3.8383823,51.2889791],[3.8383815,51.2889133],[3.8383872,51.2888891],[3.8384165,51.2887999],[3.8384166,51.288799],[3.8384178,51.2887967],[3.8385042,51.2887084],[3.8385042,51.2886526],[3.8385275,51.2886183],[3.8385572,51.2885758],[3.8386336,51.2885276],[3.8386113,51.288473],[3.838609,51.2884379],[3.8386157,51.2883992],[3.8386531,51.2883477],[3.8386557,51.2882825],[3.8386648,51.2882577],[3.8386933,51.2881757],[3.8387064,51.2881757],[3.8386989,51.2881675],[3.8386992,51.2881637],[3.838713,51.2880775],[3.8387236,51.2880571],[3.83879,51.287987],[3.8387924,51.2879219],[3.8388019,51.287897],[3.8388211,51.2878126],[3.8388233,51.2878069],[3.8388296,51.2877844],[3.8388639,51.2877167],[3.8388679,51.2876916],[3.8388956,51.2876265],[3.8389053,51.2875766],[3.8389281,51.2875364],[3.8389637,51.2874482],[3.8389646,51.2874462],[3.8389667,51.2874403],[3.8390163,51.2873559],[3.8390477,51.2873033],[3.8390724,51.2872656],[3.8390883,51.2871863],[3.8390966,51.2871755],[3.8391045,51.2871328],[3.8391261,51.2870854],[3.8391259,51.2870713],[3.8391819,51.286995],[3.8392201,51.2869198],[3.8392267,51.2869048],[3.8392405,51.2868158],[3.839241,51.2868148],[3.8392421,51.2868128],[3.8393061,51.2867244],[3.8393134,51.2866781],[3.8393248,51.2866343],[3.839381,51.2865667],[3.839411,51.2865438],[3.8394114,51.2865242],[3.839426,51.2864537],[3.8394259,51.2864239],[3.8394449,51.2863637],[3.8394646,51.2863082],[3.8394831,51.2862735],[3.8395119,51.2861868],[3.8395132,51.2861834],[3.8395173,51.2861736],[3.8395636,51.2860931],[3.8395654,51.2860616],[3.8395809,51.286003],[3.839656,51.2859169],[3.8396626,51.2859125],[3.8396626,51.2859083],[3.83969,51.2858224],[3.8396926,51.285798],[3.8397229,51.2857322],[3.8397787,51.2856519],[3.8397843,51.2856419],[3.8397807,51.2856334],[3.8397466,51.2855522],[3.8397858,51.2854653],[3.8397858,51.285462],[3.839791,51.2854579],[3.8398656,51.2853715],[3.8399317,51.2853073],[3.8399754,51.2852808],[3.8399777,51.2852513],[3.8400123,51.2851906],[3.8400114,51.2851387],[3.8400157,51.2851007],[3.8400702,51.2850436],[3.8401234,51.28501],[3.8401106,51.2849466],[3.8401116,51.2849201],[3.8401111,51.2848928],[3.8401323,51.2848301],[3.8401315,51.2847888],[3.8401492,51.28474],[3.8401914,51.2846594],[3.8401965,51.2846498],[3.8402046,51.2845598],[3.8402048,51.2845595],[3.8402678,51.2844694],[3.8402711,51.2844263],[3.8402811,51.2843794],[3.8402937,51.2843208],[3.8403073,51.2842893],[3.8403334,51.2842044],[3.8403351,51.2841992],[3.8403414,51.2841891],[3.8404104,51.2841087],[3.8404091,51.2840648],[3.8404169,51.2840187],[3.8404165,51.2839692],[3.8404278,51.2839287],[3.8404483,51.2838578],[3.8404589,51.2838386],[3.840474,51.2837503],[3.8404742,51.2837485],[3.8404767,51.2837422],[3.8405374,51.2836582],[3.8405344,51.2836206],[3.8405514,51.2835187],[3.8405718,51.2834781],[3.8405959,51.2833992],[3.8405995,51.283388],[3.8406127,51.2833388],[3.8406308,51.2832978],[3.8406128,51.2832096],[3.8406127,51.283208],[3.8406126,51.2832066],[3.8406538,51.2831178],[3.8406721,51.2830774],[3.8407062,51.2830275],[3.8407237,51.2829534],[3.8407305,51.2829374],[3.8407476,51.2828766],[3.8407627,51.2828473],[3.8407623,51.2828376],[3.84079,51.2827571],[3.8408202,51.2827095],[3.84084,51.2826668],[3.8408541,51.2825968],[3.840866,51.2825767],[3.8408846,51.2825253],[3.840905,51.2824865],[3.8409048,51.2824733],[3.8409386,51.2823964],[3.8409324,51.2823646],[3.8409596,51.2823063],[3.8410228,51.2822384],[3.8410586,51.2822382],[3.8410802,51.2822395]]},"properties":{"rawObjectClass":"DEPCNT","VALDCO":3.5,"depthDatum":"Approximate LAT","depthDatumCode":42,"depthDatumStatus":"VERIFIED_FROM_OFFICIAL_DOCUMENTATION","verticalDatum":"Local Datum","verticalDatumCode":24,"napIdentityStatus":"UNVERIFIED","sourceKind":"official","sourceCellId":"1R7687LI","sourceStableId":"1F2B6A429E1C75CB","sourceChecksum":"15df29d0ae5fbc875483ea2addc2d4e6c9148a876bdf65f0adfc75742fe31c47","pipelineFeatureId":"1R7687LI/DEPCNT/1280474718","provenance":{"cellId":"1R7687LI","checksum":"15df29d0ae5fbc875483ea2addc2d4e6c9148a876bdf65f0adfc75742fe31c47","readerVersion":"GDAL 3.2.2","processedAt":"2026-08-11T13:43:44.753Z"},"sourceProperties":{"RCID":1280474718,"PRIM":2,"GRUP":2,"OBJL":43,"RVER":1,"AGEN":7979,"FIDN":1782750748,"FIDS":30155,"LNAM":"1F2B6A429E1C75CB","VALDCO":3.5,"SCAMIN":15000,"sourceCellId":"1R7687LI","sourceChecksum":"15df29d0ae5fbc875483ea2addc2d4e6c9148a876bdf65f0adfc75742fe31c47","rawObjectClass":"DEPCNT","sourceStableId":"1F2B6A429E1C75CB"}}},{"type":"Feature","geometry":{"type":"LineString","coordinates":[[3.8257864,51.325],[3.8258639,51.324947],[3.8258729,51.3249425],[3.8258762,51.3249449]]},"properties":{"rawObjectClass":"DEPCNT","VALDCO":3.5,"depthDatum":"Approximate LAT","depthDatumCode":42,"depthDatumStatus":"VERIFIED_FROM_OFFICIAL_DOCUMENTATION","verticalDatum":"Local Datum","verticalDatumCode":24,"napIdentityStatus":"UNVERIFIED","sourceKind":"official","sourceCellId":"1R7687LI","sourceStableId":"1F2B6A429E1C75CC","sourceChecksum":"15df29d0ae5fbc875483ea2addc2d4e6c9148a876bdf65f0adfc75742fe31c47","pipelineFeatureId":"1R7687LI/DEPCNT/1280474719","provenance":{"cellId":"1R7687LI","checksum":"15df29d0ae5fbc875483ea2addc2d4e6c9148a876bdf65f0adfc75742fe31c47","readerVersion":"GDAL 3.2.2","processedAt":"2026-08-11T13:43:44.753Z"},"sourceProperties":{"RCID":1280474719,"PRIM":2,"GRUP":2,"OBJL":43,"RVER":1,"AGEN":7979,"FIDN":1782750748,"FIDS":30156,"LNAM":"1F2B6A429E1C75CC","VALDCO":3.5,"SCAMIN":15000,"sourceCellId":"1R7687LI","sourceChecksum":"15df29d0ae5fbc875483ea2addc2d4e6c9148a876bdf65f0adfc75742fe31c47","rawObjectClass":"DEPCNT","sourceStableId":"1F2B6A429E1C75CC"}}},{"type":"Feature","geometry":{"type":"LineString","coordinates":[[3.8293797,51.319418],[3.8294777,51.3193463],[3.8295033,51.3193327],[3.8296292,51.3192553],[3.8296452,51.3192446],[3.829751,51.3191875],[3.8297874,51.3191732],[3.8298726,51.3191855]]},"properties":{"rawObjectClass":"DEPCNT","VALDCO":3.5,"depthDatum":"Approximate LAT","depthDatumCode":42,"depthDatumStatus":"VERIFIED_FROM_OFFICIAL_DOCUMENTATION","verticalDatum":"Local Datum","verticalDatumCode":24,"napIdentityStatus":"UNVERIFIED","sourceKind":"official","sourceCellId":"1R7687LI","sourceStableId":"1F2B6A429E1C75CD","sourceChecksum":"15df29d0ae5fbc875483ea2addc2d4e6c9148a876bdf65f0adfc75742fe31c47","pipelineFeatureId":"1R7687LI/DEPCNT/1280474720","provenance":{"cellId":"1R7687LI","checksum":"15df29d0ae5fbc875483ea2addc2d4e6c9148a876bdf65f0adfc75742fe31c47","readerVersion":"GDAL 3.2.2","processedAt":"2026-08-11T13:43:44.753Z"},"sourceProperties":{"RCID":1280474720,"PRIM":2,"GRUP":2,"OBJL":43,"RVER":1,"AGEN":7979,"FIDN":1782750748,"FIDS":30157,"LNAM":"1F2B6A429E1C75CD","VALDCO":3.5,"SCAMIN":15000,"sourceCellId":"1R7687LI","sourceChecksum":"15df29d0ae5fbc875483ea2addc2d4e6c9148a876bdf65f0adfc75742fe31c47","rawObjectClass":"DEPCNT","sourceStableId":"1F2B6A429E1C75CD"}}},{"type":"Feature","geometry":{"type":"LineString","coordinates":[[3.8261193,51.3146857],[3.8261283,51.314694],[3.8261776,51.3147477],[3.8261498,51.3147838],[3.8261387,51.3148636],[3.8261337,51.3148738],[3.8261229,51.3148908],[3.8260565,51.3149643],[3.8260295,51.3150245],[3.8260049,51.3150546],[3.8259999,51.3151344],[3.8259954,51.3151446],[3.8259842,51.3151572],[3.8258797,51.3152353],[3.8258431,51.3152906],[3.8258028,51.3153258],[3.8257824,51.3153648],[3.8257464,51.3154161],[3.8257032,51.3154879],[3.8256818,51.3155065],[3.8256766,51.3155236],[3.8255987,51.315597],[3.8255628,51.3156613],[3.8255258,51.3156874],[3.8255177,51.3157163],[3.825467,51.3157778],[3.8254228,51.3158553],[3.8254085,51.3158681],[3.8254093,51.3158768],[3.8253389,51.3159585],[3.8253287,51.3160194],[3.8253073,51.3160487],[3.8252832,51.3160738],[3.8251811,51.3161395],[3.825183,51.3162037],[3.825167,51.3162295],[3.8251429,51.3162528],[3.8250341,51.3163203],[3.8250353,51.3163893],[3.8250244,51.3164103],[3.8250029,51.3164442],[3.8249111,51.3165011],[3.8248613,51.3165495],[3.8247933,51.3165918],[3.8247894,51.3166378],[3.8247556,51.316682],[3.8247211,51.3167363],[3.8246666,51.3167725],[3.8246573,51.3168135],[3.8246031,51.3168629],[3.8245805,51.316897],[3.8244923,51.3169536],[3.8244907,51.3170112],[3.8244626,51.3170437],[3.8244407,51.3171012],[3.8243963,51.3171341],[3.8243932,51.3171646],[3.824328,51.3172245],[3.8243001,51.3172669],[3.824236,51.3173151],[3.8242393,51.3173542],[3.8241932,51.3174053],[3.8241601,51.3174595],[3.8241193,51.3174958],[3.8241203,51.3175214],[3.8240729,51.317586],[3.8240198,51.3176405],[3.8239672,51.3176767],[3.8239415,51.3177269],[3.8239116,51.317767],[3.8238792,51.317798],[3.823814,51.3178576],[3.8237383,51.3179433],[3.8237333,51.3179481],[3.8235964,51.3180336],[3.8235877,51.3180336],[3.8234528,51.3180284],[3.8234136,51.3180159],[3.8233472,51.3179885]]},"properties":{"rawObjectClass":"DEPCNT","VALDCO":3.5,"depthDatum":"Approximate LAT","depthDatumCode":42,"depthDatumStatus":"VERIFIED_FROM_OFFICIAL_DOCUMENTATION","verticalDatum":"Local Datum","verticalDatumCode":24,"napIdentityStatus":"UNVERIFIED","sourceKind":"official","sourceCellId":"1R7687LI","sourceStableId":"1F2B6A429E1C75CE","sourceChecksum":"15df29d0ae5fbc875483ea2addc2d4e6c9148a876bdf65f0adfc75742fe31c47","pipelineFeatureId":"1R7687LI/DEPCNT/1280474721","provenance":{"cellId":"1R7687LI","checksum":"15df29d0ae5fbc875483ea2addc2d4e6c9148a876bdf65f0adfc75742fe31c47","readerVersion":"GDAL 3.2.2","processedAt":"2026-08-11T13:43:44.753Z"},"sourceProperties":{"RCID":1280474721,"PRIM":2,"GRUP":2,"OBJL":43,"RVER":1,"AGEN":7979,"FIDN":1782750748,"FIDS":30158,"LNAM":"1F2B6A429E1C75CE","VALDCO":3.5,"SCAMIN":15000,"sourceCellId":"1R7687LI","sourceChecksum":"15df29d0ae5fbc875483ea2addc2d4e6c9148a876bdf65f0adfc75742fe31c47","rawObjectClass":"DEPCNT","sourceStableId":"1F2B6A429E1C75CE"}}},{"type":"Feature","geometry":{"type":"LineString","coordinates":[[3.837605,51.2756474],[3.837688,51.2756755],[3.8377494,51.2757022],[3.8377806,51.2757647],[3.8378041,51.2757978],[3.8378064,51.2758545],[3.8378971,51.2759431],[3.8378974,51.2759437],[3.8378975,51.275944],[3.8379168,51.2760335],[3.8379526,51.2760667],[3.8379767,51.276123],[3.8380445,51.2761668],[3.8380661,51.2762123],[3.8380684,51.2762266],[3.838094,51.276302],[3.838164,51.2763741],[3.8381445,51.2763916],[3.8381923,51.2764084],[3.8382373,51.2764808],[3.8382594,51.2765215],[3.8382335,51.2765708],[3.8382877,51.2766277],[3.8382825,51.2766604],[3.838341,51.2766987],[3.8383591,51.2767497],[3.8383785,51.2767723],[3.838388,51.2768395],[3.8384615,51.2769121],[3.8384617,51.2769288],[3.8384888,51.2769468],[3.8385117,51.2770184],[3.8385342,51.2770455],[3.8385517,51.277108],[3.8386362,51.2771664],[3.8386611,51.2771972],[3.8386636,51.2772138],[3.8386739,51.277287],[3.8387179,51.277336],[3.8387249,51.2773766],[3.8387842,51.2774176],[3.8388178,51.2774658],[3.8388273,51.277492],[3.8388279,51.2775557],[3.8388676,51.2776056],[3.8388468,51.2776455],[3.8389326,51.2776966],[3.8389522,51.2777346],[3.8389719,51.2777585],[3.8389742,51.2778244],[3.8390577,51.2779],[3.8390654,51.2779137],[3.8390801,51.2779223],[3.8391105,51.2780033],[3.8391387,51.2780385],[3.8391443,51.278093],[3.839228,51.2781687],[3.8392352,51.2781822],[3.8392386,51.2781887],[3.8392779,51.2782718],[3.8393167,51.2783254],[3.8393118,51.2783615],[3.8393519,51.2784359],[3.8393614,51.2784511],[3.8393767,51.2784637],[3.8394466,51.2785404],[3.8394477,51.2785835],[3.8394684,51.2786302],[3.8394705,51.2786864],[3.8394716,51.2787201],[3.8394652,51.2787579],[3.8394525,51.2788101],[3.8394571,51.2788541],[3.839451,51.2789001],[3.8394455,51.2789525],[3.8394448,51.27899],[3.8394465,51.2790273],[3.8394463,51.2790799],[3.83944,51.279138],[3.8394384,51.2791699],[3.8394173,51.2792434],[3.8394163,51.27926],[3.8393926,51.279337],[3.8393871,51.2793501],[3.839387,51.2793538],[3.8393722,51.2794402],[3.8393729,51.2794539],[3.8393557,51.2795302],[3.8393562,51.2795556],[3.8393464,51.2796202],[3.8393429,51.2796551],[3.8393345,51.2797102],[3.839321,51.2797601],[3.8393092,51.2798003],[3.8392846,51.2798744],[3.8392808,51.2798904],[3.8392606,51.2799581],[3.8392511,51.2799806],[3.8392512,51.2799867],[3.8392385,51.2800706],[3.8392388,51.2800857],[3.8392222,51.2801606],[3.8392231,51.2801867],[3.8392228,51.2802505],[3.8392205,51.2802793],[3.8392061,51.2803406],[3.8391907,51.2803895],[3.8391811,51.2804307],[3.8391666,51.2804958],[3.8391662,51.2805207],[3.839129,51.2806041],[3.839125,51.2806109],[3.839125,51.2806136],[3.8391032,51.280701],[3.8391028,51.2807187],[3.8390955,51.280791],[3.8390944,51.2808151],[3.8390782,51.280881],[3.8390694,51.2809221],[3.8390512,51.2809712],[3.8390477,51.281027],[3.8390405,51.2810611],[3.8390051,51.2811453],[3.8390037,51.2811513],[3.8389959,51.2811695],[3.8389565,51.2812416],[3.8389571,51.281267],[3.8389407,51.2813316],[3.83894,51.2813689],[3.838923,51.2814217],[3.8389182,51.2814739],[3.8389101,51.2815117],[3.8388836,51.2815871],[3.8388833,51.2816018],[3.8388612,51.28165],[3.8388321,51.2816921],[3.8388321,51.2817111],[3.8388118,51.2817822],[3.8388105,51.2818159],[3.8387931,51.2818722],[3.8387556,51.2819421],[3.8387474,51.2819625],[3.8387242,51.2819967],[3.8386211,51.2820533],[3.8386091,51.2820751]]},"properties":{"rawObjectClass":"DEPCNT","VALDCO":3.5,"depthDatum":"Approximate LAT","depthDatumCode":42,"depthDatumStatus":"VERIFIED_FROM_OFFICIAL_DOCUMENTATION","verticalDatum":"Local Datum","verticalDatumCode":24,"napIdentityStatus":"UNVERIFIED","sourceKind":"official","sourceCellId":"1R7687LI","sourceStableId":"1F2B6A429E1C75CF","sourceChecksum":"15df29d0ae5fbc875483ea2addc2d4e6c9148a876bdf65f0adfc75742fe31c47","pipelineFeatureId":"1R7687LI/DEPCNT/1280474722","provenance":{"cellId":"1R7687LI","checksum":"15df29d0ae5fbc875483ea2addc2d4e6c9148a876bdf65f0adfc75742fe31c47","readerVersion":"GDAL 3.2.2","processedAt":"2026-08-11T13:43:44.753Z"},"sourceProperties":{"RCID":1280474722,"PRIM":2,"GRUP":2,"OBJL":43,"RVER":1,"AGEN":7979,"FIDN":1782750748,"FIDS":30159,"LNAM":"1F2B6A429E1C75CF","VALDCO":3.5,"SCAMIN":15000,"sourceCellId":"1R7687LI","sourceChecksum":"15df29d0ae5fbc875483ea2addc2d4e6c9148a876bdf65f0adfc75742fe31c47","rawObjectClass":"DEPCNT","sourceStableId":"1F2B6A429E1C75CF"}}},{"type":"Feature","geometry":{"type":"LineString","coordinates":[[3.831338,51.316597],[3.8313191,51.3165864],[3.8312575,51.3165847],[3.8312961,51.3165458],[3.831318,51.3165251],[3.8313754,51.3164553],[3.8314593,51.3163991],[3.8314966,51.3163646],[3.8316009,51.3162951],[3.8316309,51.3162737],[3.831743,51.3162221],[3.8318039,51.3161825],[3.831885,51.3161365],[3.8319797,51.3160914],[3.8320271,51.3160611],[3.8321468,51.3160146],[3.8321696,51.3160068],[3.8321798,51.316],[3.8323117,51.3159264],[3.8323493,51.3159089],[3.8324539,51.3158562],[3.832538,51.3158176],[3.832596,51.315782],[3.8327027,51.3157265],[3.8327382,51.3157075],[3.8328559,51.315651],[3.8328804,51.3156392],[3.8328884,51.3156353],[3.833023,51.3155864],[3.8331319,51.3155436],[3.8331653,51.3155253],[3.8332614,51.315482],[3.8333076,51.3154599],[3.8333227,51.3154524],[3.8334499,51.3153898],[3.8335123,51.3153611],[3.8335922,51.3153239],[3.8337093,51.3152698],[3.8337344,51.3152561],[3.8338016,51.3152267],[3.8338767,51.3151899],[3.8339051,51.3151785],[3.8340191,51.3151278],[3.8341318,51.3150869],[3.8341616,51.3150729],[3.8342211,51.3150487],[3.8343039,51.3150098],[3.8343484,51.3149954],[3.8344465,51.3149622],[3.8345537,51.3149041],[3.8345886,51.3148829],[3.834668,51.3148531],[3.8347311,51.3148263],[3.8347535,51.3148127],[3.8348733,51.3147563],[3.8349539,51.3147214],[3.8350154,51.3146838],[3.8351001,51.3146304],[3.8351572,51.3145896],[3.8352927,51.3145436],[3.8352998,51.3145412],[3.8353029,51.314539],[3.8354419,51.3144645],[3.8354812,51.3144478],[3.8355842,51.3143955],[3.8357082,51.3143682],[3.8357271,51.3143641],[3.8357418,51.3143561],[3.8358695,51.3143061],[3.8359448,51.3142647],[3.8360114,51.3142188],[3.836117,51.3141735],[3.8360894,51.3141238],[3.8361074,51.3140837],[3.8360077,51.3140142],[3.8359802,51.3139947],[3.835891,51.3139232],[3.8358753,51.3139055],[3.835862,51.3138938],[3.8357969,51.3138161],[3.8357457,51.3137453],[3.8357551,51.3137265],[3.8357153,51.3137168],[3.8356854,51.3137178]]},"properties":{"rawObjectClass":"DEPCNT","VALDCO":3.5,"depthDatum":"Approximate LAT","depthDatumCode":42,"depthDatumStatus":"VERIFIED_FROM_OFFICIAL_DOCUMENTATION","verticalDatum":"Local Datum","verticalDatumCode":24,"napIdentityStatus":"UNVERIFIED","sourceKind":"official","sourceCellId":"1R7687LI","sourceStableId":"1F2B6A429E1C75D0","sourceChecksum":"15df29d0ae5fbc875483ea2addc2d4e6c9148a876bdf65f0adfc75742fe31c47","pipelineFeatureId":"1R7687LI/DEPCNT/1280474724","provenance":{"cellId":"1R7687LI","checksum":"15df29d0ae5fbc875483ea2addc2d4e6c9148a876bdf65f0adfc75742fe31c47","readerVersion":"GDAL 3.2.2","processedAt":"2026-08-11T13:43:44.753Z"},"sourceProperties":{"RCID":1280474724,"PRIM":2,"GRUP":2,"OBJL":43,"RVER":1,"AGEN":7979,"FIDN":1782750748,"FIDS":30160,"LNAM":"1F2B6A429E1C75D0","VALDCO":3.5,"SCAMIN":15000,"sourceCellId":"1R7687LI","sourceChecksum":"15df29d0ae5fbc875483ea2addc2d4e6c9148a876bdf65f0adfc75742fe31c47","rawObjectClass":"DEPCNT","sourceStableId":"1F2B6A429E1C75D0"}}},{"type":"Feature","geometry":{"type":"LineString","coordinates":[[3.8276272,51.3122725],[3.8276489,51.3123453],[3.8276305,51.3123613],[3.8276558,51.3123643],[3.8276615,51.3124324],[3.8276606,51.3124352],[3.8276572,51.3124427],[3.8275398,51.3125259],[3.8275339,51.3126051],[3.8275241,51.312616],[3.8275171,51.3126287],[3.8274086,51.3127067],[3.8274173,51.3127708],[3.8273997,51.3127967],[3.8273918,51.3128781],[3.8273871,51.3128867],[3.8273785,51.3129012],[3.8272686,51.3129775],[3.8272633,51.3130514],[3.8272516,51.3130675],[3.8272467,51.313153],[3.8272439,51.3131575],[3.8272397,51.313163],[3.8271658,51.3132165]]},"properties":{"rawObjectClass":"DEPCNT","VALDCO":3.5,"depthDatum":"Approximate LAT","depthDatumCode":42,"depthDatumStatus":"VERIFIED_FROM_OFFICIAL_DOCUMENTATION","verticalDatum":"Local Datum","verticalDatumCode":24,"napIdentityStatus":"UNVERIFIED","sourceKind":"official","sourceCellId":"1R7687LI","sourceStableId":"1F2B6A429E1C75D1","sourceChecksum":"15df29d0ae5fbc875483ea2addc2d4e6c9148a876bdf65f0adfc75742fe31c47","pipelineFeatureId":"1R7687LI/DEPCNT/1280474725","provenance":{"cellId":"1R7687LI","checksum":"15df29d0ae5fbc875483ea2addc2d4e6c9148a876bdf65f0adfc75742fe31c47","readerVersion":"GDAL 3.2.2","processedAt":"2026-08-11T13:43:44.753Z"},"sourceProperties":{"RCID":1280474725,"PRIM":2,"GRUP":2,"OBJL":43,"RVER":1,"AGEN":7979,"FIDN":1782750748,"FIDS":30161,"LNAM":"1F2B6A429E1C75D1","VALDCO":3.5,"SCAMIN":15000,"sourceCellId":"1R7687LI","sourceChecksum":"15df29d0ae5fbc875483ea2addc2d4e6c9148a876bdf65f0adfc75742fe31c47","rawObjectClass":"DEPCNT","sourceStableId":"1F2B6A429E1C75D1"}}},{"type":"Feature","geometry":{"type":"LineString","coordinates":[[3.8342984,51.2932866],[3.8343223,51.2933243],[3.8342828,51.2933616],[3.834342,51.2933746],[3.8343528,51.2934077],[3.8343514,51.2934141],[3.8343584,51.293495],[3.8343569,51.2935039],[3.8343446,51.2935202],[3.8342561,51.2935946],[3.8342464,51.2936578],[3.8342323,51.2936847],[3.8342331,51.2937573],[3.8342323,51.2937746],[3.8342099,51.2938631],[3.8342095,51.2938647],[3.8342075,51.2938661],[3.8342009,51.2938689],[3.8341493,51.2938774]]},"properties":{"rawObjectClass":"DEPCNT","VALDCO":3,"depthDatum":"Approximate LAT","depthDatumCode":42,"depthDatumStatus":"VERIFIED_FROM_OFFICIAL_DOCUMENTATION","verticalDatum":"Local Datum","verticalDatumCode":24,"napIdentityStatus":"UNVERIFIED","sourceKind":"official","sourceCellId":"1R7687LI","sourceStableId":"1F2B6A429E1C75D2","sourceChecksum":"15df29d0ae5fbc875483ea2addc2d4e6c9148a876bdf65f0adfc75742fe31c47","pipelineFeatureId":"1R7687LI/DEPCNT/1280474726","provenance":{"cellId":"1R7687LI","checksum":"15df29d0ae5fbc875483ea2addc2d4e6c9148a876bdf65f0adfc75742fe31c47","readerVersion":"GDAL 3.2.2","processedAt":"2026-08-11T13:43:44.753Z"},"sourceProperties":{"RCID":1280474726,"PRIM":2,"GRUP":2,"OBJL":43,"RVER":1,"AGEN":7979,"FIDN":1782750748,"FIDS":30162,"LNAM":"1F2B6A429E1C75D2","VALDCO":3,"SCAMIN":50000,"sourceCellId":"1R7687LI","sourceChecksum":"15df29d0ae5fbc875483ea2addc2d4e6c9148a876bdf65f0adfc75742fe31c47","rawObjectClass":"DEPCNT","sourceStableId":"1F2B6A429E1C75D2"}}},{"type":"Feature","geometry":{"type":"LineString","coordinates":[[3.8289037,51.3167472],[3.8288833,51.3167815],[3.8287918,51.3167761],[3.8287395,51.3167685],[3.8287104,51.316744],[3.828712,51.3166702],[3.8287112,51.3166541],[3.8287057,51.3165833],[3.82871,51.3165642],[3.8287345,51.3164913],[3.8287545,51.3164739],[3.8287539,51.3164615],[3.8287883,51.3163838],[3.8287869,51.3163494],[3.8288194,51.3162936],[3.8288358,51.3162271],[3.8288407,51.3162035],[3.8288626,51.3161189],[3.828866,51.3161134],[3.8288707,51.3160868],[3.8289142,51.3160232],[3.828905,51.3160008],[3.8289391,51.3159331],[3.828933,51.3158919],[3.8289473,51.3158431],[3.8289565,51.3157859],[3.8289749,51.315753],[3.8290069,51.3156804],[3.8290383,51.3156626],[3.8290533,51.3156329],[3.8290927,51.3155723],[3.829096,51.3155146],[3.8291141,51.3154822],[3.8291037,51.3154187],[3.8291203,51.3153923],[3.8291437,51.3153079],[3.8291504,51.3153021],[3.8291522,51.3152966],[3.8292166,51.3152117],[3.8292849,51.3151815],[3.8293091,51.3151961]]},"properties":{"rawObjectClass":"DEPCNT","VALDCO":3,"depthDatum":"Approximate LAT","depthDatumCode":42,"depthDatumStatus":"VERIFIED_FROM_OFFICIAL_DOCUMENTATION","verticalDatum":"Local Datum","verticalDatumCode":24,"napIdentityStatus":"UNVERIFIED","sourceKind":"official","sourceCellId":"1R7687LI","sourceStableId":"1F2B6A429E1C75D3","sourceChecksum":"15df29d0ae5fbc875483ea2addc2d4e6c9148a876bdf65f0adfc75742fe31c47","pipelineFeatureId":"1R7687LI/DEPCNT/1280474727","provenance":{"cellId":"1R7687LI","checksum":"15df29d0ae5fbc875483ea2addc2d4e6c9148a876bdf65f0adfc75742fe31c47","readerVersion":"GDAL 3.2.2","processedAt":"2026-08-11T13:43:44.753Z"},"sourceProperties":{"RCID":1280474727,"PRIM":2,"GRUP":2,"OBJL":43,"RVER":1,"AGEN":7979,"FIDN":1782750748,"FIDS":30163,"LNAM":"1F2B6A429E1C75D3","VALDCO":3,"SCAMIN":50000,"sourceCellId":"1R7687LI","sourceChecksum":"15df29d0ae5fbc875483ea2addc2d4e6c9148a876bdf65f0adfc75742fe31c47","rawObjectClass":"DEPCNT","sourceStableId":"1F2B6A429E1C75D3"}}},{"type":"Feature","geometry":{"type":"LineString","coordinates":[[3.8260668,51.3147278],[3.826121,51.3147818],[3.8261222,51.3147832],[3.8261216,51.314784],[3.8261211,51.3147881],[3.826088,51.3148742],[3.8260887,51.3148957],[3.8260521,51.3149361]]},"properties":{"rawObjectClass":"DEPCNT","VALDCO":3,"depthDatum":"Approximate LAT","depthDatumCode":42,"depthDatumStatus":"VERIFIED_FROM_OFFICIAL_DOCUMENTATION","verticalDatum":"Local Datum","verticalDatumCode":24,"napIdentityStatus":"UNVERIFIED","sourceKind":"official","sourceCellId":"1R7687LI","sourceStableId":"1F2B6A429E1C75D4","sourceChecksum":"15df29d0ae5fbc875483ea2addc2d4e6c9148a876bdf65f0adfc75742fe31c47","pipelineFeatureId":"1R7687LI/DEPCNT/1280474730","provenance":{"cellId":"1R7687LI","checksum":"15df29d0ae5fbc875483ea2addc2d4e6c9148a876bdf65f0adfc75742fe31c47","readerVersion":"GDAL 3.2.2","processedAt":"2026-08-11T13:43:44.753Z"},"sourceProperties":{"RCID":1280474730,"PRIM":2,"GRUP":2,"OBJL":43,"RVER":1,"AGEN":7979,"FIDN":1782750748,"FIDS":30164,"LNAM":"1F2B6A429E1C75D4","VALDCO":3,"SCAMIN":50000,"sourceCellId":"1R7687LI","sourceChecksum":"15df29d0ae5fbc875483ea2addc2d4e6c9148a876bdf65f0adfc75742fe31c47","rawObjectClass":"DEPCNT","sourceStableId":"1F2B6A429E1C75D4"}}},{"type":"Feature","geometry":{"type":"LineString","coordinates":[[3.8333418,51.2966036],[3.8333965,51.2966027],[3.8334156,51.2966579],[3.8333988,51.2967319],[3.8333804,51.2967481],[3.8333993,51.2967566],[3.8334306,51.2968377],[3.8334319,51.296857],[3.8334385,51.2969275],[3.8334394,51.296995],[3.8334376,51.2970175],[3.833442,51.2970843],[3.833441,51.2971074],[3.8334393,51.297177],[3.833439,51.2971973],[3.8334311,51.2972732],[3.8334308,51.2972873],[3.8334101,51.2973551],[3.8333742,51.2973776],[3.8333664,51.2974056],[3.8333032,51.297468],[3.833295,51.2975424],[3.8332842,51.2975581],[3.8332786,51.2976438],[3.833278,51.2976481],[3.8332729,51.2976965],[3.8331896,51.2977009],[3.83313,51.2977283]]},"properties":{"rawObjectClass":"DEPCNT","VALDCO":3,"depthDatum":"Approximate LAT","depthDatumCode":42,"depthDatumStatus":"VERIFIED_FROM_OFFICIAL_DOCUMENTATION","verticalDatum":"Local Datum","verticalDatumCode":24,"napIdentityStatus":"UNVERIFIED","sourceKind":"official","sourceCellId":"1R7687LI","sourceStableId":"1F2B6A429E1C75D5","sourceChecksum":"15df29d0ae5fbc875483ea2addc2d4e6c9148a876bdf65f0adfc75742fe31c47","pipelineFeatureId":"1R7687LI/DEPCNT/1280474731","provenance":{"cellId":"1R7687LI","checksum":"15df29d0ae5fbc875483ea2addc2d4e6c9148a876bdf65f0adfc75742fe31c47","readerVersion":"GDAL 3.2.2","processedAt":"2026-08-11T13:43:44.753Z"},"sourceProperties":{"RCID":1280474731,"PRIM":2,"GRUP":2,"OBJL":43,"RVER":1,"AGEN":7979,"FIDN":1782750748,"FIDS":30165,"LNAM":"1F2B6A429E1C75D5","VALDCO":3,"SCAMIN":50000,"sourceCellId":"1R7687LI","sourceChecksum":"15df29d0ae5fbc875483ea2addc2d4e6c9148a876bdf65f0adfc75742fe31c47","rawObjectClass":"DEPCNT","sourceStableId":"1F2B6A429E1C75D5"}}},{"type":"Feature","geometry":{"type":"LineString","coordinates":[[3.8385568,51.2772709],[3.8386263,51.2772799],[3.8386383,51.2772789],[3.8386394,51.2772873],[3.8386407,51.2772887],[3.838656,51.2773771],[3.8387793,51.2774625],[3.8387624,51.2774662],[3.8387349,51.2775243],[3.8387754,51.2775561],[3.8387371,51.2775761]]},"properties":{"rawObjectClass":"DEPCNT","VALDCO":3,"depthDatum":"Approximate LAT","depthDatumCode":42,"depthDatumStatus":"VERIFIED_FROM_OFFICIAL_DOCUMENTATION","verticalDatum":"Local Datum","verticalDatumCode":24,"napIdentityStatus":"UNVERIFIED","sourceKind":"official","sourceCellId":"1R7687LI","sourceStableId":"1F2B6A429E1C75D6","sourceChecksum":"15df29d0ae5fbc875483ea2addc2d4e6c9148a876bdf65f0adfc75742fe31c47","pipelineFeatureId":"1R7687LI/DEPCNT/1280474732","provenance":{"cellId":"1R7687LI","checksum":"15df29d0ae5fbc875483ea2addc2d4e6c9148a876bdf65f0adfc75742fe31c47","readerVersion":"GDAL 3.2.2","processedAt":"2026-08-11T13:43:44.753Z"},"sourceProperties":{"RCID":1280474732,"PRIM":2,"GRUP":2,"OBJL":43,"RVER":1,"AGEN":7979,"FIDN":1782750748,"FIDS":30166,"LNAM":"1F2B6A429E1C75D6","VALDCO":3,"SCAMIN":50000,"sourceCellId":"1R7687LI","sourceChecksum":"15df29d0ae5fbc875483ea2addc2d4e6c9148a876bdf65f0adfc75742fe31c47","rawObjectClass":"DEPCNT","sourceStableId":"1F2B6A429E1C75D6"}}},{"type":"Feature","geometry":{"type":"LineString","coordinates":[[3.829716,51.3076592],[3.8297246,51.3077368],[3.8297251,51.3077444],[3.829725,51.3077446],[3.8297267,51.3078343],[3.8297267,51.3078345],[3.8297264,51.307841],[3.829718,51.3078346],[3.8297175,51.3077492],[3.8295828,51.3078279]]},"properties":{"rawObjectClass":"DEPCNT","VALDCO":3,"depthDatum":"Approximate LAT","depthDatumCode":42,"depthDatumStatus":"VERIFIED_FROM_OFFICIAL_DOCUMENTATION","verticalDatum":"Local Datum","verticalDatumCode":24,"napIdentityStatus":"UNVERIFIED","sourceKind":"official","sourceCellId":"1R7687LI","sourceStableId":"1F2B6A429E1C75D7","sourceChecksum":"15df29d0ae5fbc875483ea2addc2d4e6c9148a876bdf65f0adfc75742fe31c47","pipelineFeatureId":"1R7687LI/DEPCNT/1280474733","provenance":{"cellId":"1R7687LI","checksum":"15df29d0ae5fbc875483ea2addc2d4e6c9148a876bdf65f0adfc75742fe31c47","readerVersion":"GDAL 3.2.2","processedAt":"2026-08-11T13:43:44.753Z"},"sourceProperties":{"RCID":1280474733,"PRIM":2,"GRUP":2,"OBJL":43,"RVER":1,"AGEN":7979,"FIDN":1782750748,"FIDS":30167,"LNAM":"1F2B6A429E1C75D7","VALDCO":3,"SCAMIN":50000,"sourceCellId":"1R7687LI","sourceChecksum":"15df29d0ae5fbc875483ea2addc2d4e6c9148a876bdf65f0adfc75742fe31c47","rawObjectClass":"DEPCNT","sourceStableId":"1F2B6A429E1C75D7"}}},{"type":"Feature","geometry":{"type":"LineString","coordinates":[[3.8331156,51.3041152],[3.8331012,51.3040596],[3.8330988,51.304035],[3.8330991,51.3040338],[3.833097,51.3039452],[3.8330975,51.3039439],[3.833099,51.303939],[3.8332406,51.303853],[3.8332408,51.3038505],[3.8332408,51.3038501]]},"properties":{"rawObjectClass":"DEPCNT","VALDCO":3,"depthDatum":"Approximate LAT","depthDatumCode":42,"depthDatumStatus":"VERIFIED_FROM_OFFICIAL_DOCUMENTATION","verticalDatum":"Local Datum","verticalDatumCode":24,"napIdentityStatus":"UNVERIFIED","sourceKind":"official","sourceCellId":"1R7687LI","sourceStableId":"1F2B6A429E1C75D8","sourceChecksum":"15df29d0ae5fbc875483ea2addc2d4e6c9148a876bdf65f0adfc75742fe31c47","pipelineFeatureId":"1R7687LI/DEPCNT/1280474734","provenance":{"cellId":"1R7687LI","checksum":"15df29d0ae5fbc875483ea2addc2d4e6c9148a876bdf65f0adfc75742fe31c47","readerVersion":"GDAL 3.2.2","processedAt":"2026-08-11T13:43:44.753Z"},"sourceProperties":{"RCID":1280474734,"PRIM":2,"GRUP":2,"OBJL":43,"RVER":1,"AGEN":7979,"FIDN":1782750748,"FIDS":30168,"LNAM":"1F2B6A429E1C75D8","VALDCO":3,"SCAMIN":50000,"sourceCellId":"1R7687LI","sourceChecksum":"15df29d0ae5fbc875483ea2addc2d4e6c9148a876bdf65f0adfc75742fe31c47","rawObjectClass":"DEPCNT","sourceStableId":"1F2B6A429E1C75D8"}}},{"type":"Feature","geometry":{"type":"LineString","coordinates":[[3.8295223,51.3193527],[3.829515,51.319346],[3.8296458,51.3192817],[3.8296787,51.319255],[3.8297881,51.3192119],[3.8298341,51.3192186]]},"properties":{"rawObjectClass":"DEPCNT","VALDCO":3,"depthDatum":"Approximate LAT","depthDatumCode":42,"depthDatumStatus":"VERIFIED_FROM_OFFICIAL_DOCUMENTATION","verticalDatum":"Local Datum","verticalDatumCode":24,"napIdentityStatus":"UNVERIFIED","sourceKind":"official","sourceCellId":"1R7687LI","sourceStableId":"1F2B6A429E1C75D9","sourceChecksum":"15df29d0ae5fbc875483ea2addc2d4e6c9148a876bdf65f0adfc75742fe31c47","pipelineFeatureId":"1R7687LI/DEPCNT/1280474735","provenance":{"cellId":"1R7687LI","checksum":"15df29d0ae5fbc875483ea2addc2d4e6c9148a876bdf65f0adfc75742fe31c47","readerVersion":"GDAL 3.2.2","processedAt":"2026-08-11T13:43:44.753Z"},"sourceProperties":{"RCID":1280474735,"PRIM":2,"GRUP":2,"OBJL":43,"RVER":1,"AGEN":7979,"FIDN":1782750748,"FIDS":30169,"LNAM":"1F2B6A429E1C75D9","VALDCO":3,"SCAMIN":50000,"sourceCellId":"1R7687LI","sourceChecksum":"15df29d0ae5fbc875483ea2addc2d4e6c9148a876bdf65f0adfc75742fe31c47","rawObjectClass":"DEPCNT","sourceStableId":"1F2B6A429E1C75D9"}}},{"type":"Feature","geometry":{"type":"LineString","coordinates":[[3.8362542,51.2889136],[3.8362694,51.2889458],[3.8362779,51.2889893],[3.8362771,51.2889941],[3.8362806,51.2890785],[3.83628,51.289084],[3.8362722,51.2890999],[3.8361565,51.2891748],[3.836156,51.2891908],[3.8361732,51.2892646],[3.8361647,51.2893348],[3.8361549,51.2893547],[3.836155,51.2894319],[3.8361483,51.2894446],[3.8361362,51.289504],[3.8361042,51.2895349],[3.8361064,51.2895541],[3.8360829,51.289625],[3.8360922,51.2896542],[3.8360462,51.2897151],[3.8360385,51.2897796],[3.8360369,51.2898051],[3.836033,51.2898741],[3.8360294,51.2898951],[3.8360009,51.289952],[3.8359546,51.2899856],[3.8359533,51.2900161],[3.835912,51.2900758],[3.8359155,51.2901313],[3.8358873,51.2901659],[3.8358618,51.2901917],[3.8357643,51.2902567],[3.8357397,51.2903351],[3.8357303,51.2903469],[3.8357214,51.2903582],[3.8356186,51.2904376],[3.8355808,51.2905085],[3.8355575,51.2905279],[3.8354387,51.290584]]},"properties":{"rawObjectClass":"DEPCNT","VALDCO":3,"depthDatum":"Approximate LAT","depthDatumCode":42,"depthDatumStatus":"VERIFIED_FROM_OFFICIAL_DOCUMENTATION","verticalDatum":"Local Datum","verticalDatumCode":24,"napIdentityStatus":"UNVERIFIED","sourceKind":"official","sourceCellId":"1R7687LI","sourceStableId":"1F2B6A429E1C75DA","sourceChecksum":"15df29d0ae5fbc875483ea2addc2d4e6c9148a876bdf65f0adfc75742fe31c47","pipelineFeatureId":"1R7687LI/DEPCNT/1280474736","provenance":{"cellId":"1R7687LI","checksum":"15df29d0ae5fbc875483ea2addc2d4e6c9148a876bdf65f0adfc75742fe31c47","readerVersion":"GDAL 3.2.2","processedAt":"2026-08-11T13:43:44.753Z"},"sourceProperties":{"RCID":1280474736,"PRIM":2,"GRUP":2,"OBJL":43,"RVER":1,"AGEN":7979,"FIDN":1782750748,"FIDS":30170,"LNAM":"1F2B6A429E1C75DA","VALDCO":3,"SCAMIN":50000,"sourceCellId":"1R7687LI","sourceChecksum":"15df29d0ae5fbc875483ea2addc2d4e6c9148a876bdf65f0adfc75742fe31c47","rawObjectClass":"DEPCNT","sourceStableId":"1F2B6A429E1C75DA"}}},{"type":"Feature","geometry":{"type":"LineString","coordinates":[[3.83897,51.2779637],[3.8390683,51.2780036],[3.8390817,51.2780083],[3.8390903,51.2780933],[3.8391055,51.278107],[3.8391335,51.278183],[3.839229,51.2782259],[3.8392508,51.278272],[3.8392677,51.2782954],[3.8392587,51.2783619],[3.8392723,51.2783871],[3.8393127,51.2784514],[3.8393775,51.278505],[3.83941,51.2785407],[3.8394105,51.2785607],[3.8394415,51.2786304],[3.8394429,51.2786695],[3.8394445,51.2787203],[3.8394349,51.2787773],[3.8394269,51.2788103],[3.8394331,51.2788695],[3.839429,51.2789002],[3.8394219,51.2789676],[3.8394215,51.2789902],[3.8394225,51.2790127],[3.8394223,51.2790801],[3.8394142,51.2791545],[3.8394134,51.2791701],[3.839391,51.2792482],[3.8393833,51.2792602],[3.8393833,51.2792653],[3.8393472,51.2793504],[3.839347,51.2793795],[3.8393366,51.2794404],[3.8393383,51.2794761],[3.8393261,51.2795304],[3.8393269,51.2795744],[3.8393199,51.2796204],[3.8393146,51.2796732],[3.839309,51.2797104],[3.8392902,51.2797798],[3.8392841,51.2798005],[3.8392591,51.279876],[3.8392488,51.2798907],[3.8392489,51.2798973],[3.8392135,51.2799808],[3.8392143,51.2800104],[3.8392051,51.2800708],[3.8392058,51.2801069],[3.8391939,51.2801608],[3.8391955,51.2802045],[3.8391952,51.2802507],[3.8391915,51.280298],[3.8391814,51.2803408],[3.8391597,51.2804093],[3.8391547,51.2804309],[3.839136,51.2805155],[3.8391359,51.2805209],[3.8391278,51.2805391],[3.8390856,51.2806112],[3.8390852,51.2806391],[3.8390697,51.2807012],[3.8390689,51.2807405],[3.8390638,51.2807912],[3.8390617,51.280836],[3.8390506,51.2808812],[3.8390375,51.2809426],[3.8390268,51.2809713],[3.8390223,51.2810433],[3.8390185,51.2810613],[3.8389949,51.2811173],[3.8389604,51.2811516],[3.8389618,51.2811731],[3.8389242,51.2812418],[3.8389253,51.2812874],[3.8389141,51.2813318],[3.8389131,51.2813862],[3.8389016,51.2814218],[3.8388955,51.2814885],[3.8388905,51.2815118],[3.8388603,51.2815977],[3.8388549,51.281602],[3.838855,51.2816055],[3.8387947,51.2816924],[3.8387948,51.281735],[3.8387812,51.2817824],[3.8387793,51.2818359],[3.838768,51.2818724],[3.8387234,51.2819555],[3.8386958,51.2819628],[3.8385811,51.2820157],[3.8384972,51.2820442]]},"properties":{"rawObjectClass":"DEPCNT","VALDCO":3,"depthDatum":"Approximate LAT","depthDatumCode":42,"depthDatumStatus":"VERIFIED_FROM_OFFICIAL_DOCUMENTATION","verticalDatum":"Local Datum","verticalDatumCode":24,"napIdentityStatus":"UNVERIFIED","sourceKind":"official","sourceCellId":"1R7687LI","sourceStableId":"1F2B6A429E1C75DB","sourceChecksum":"15df29d0ae5fbc875483ea2addc2d4e6c9148a876bdf65f0adfc75742fe31c47","pipelineFeatureId":"1R7687LI/DEPCNT/1280474737","provenance":{"cellId":"1R7687LI","checksum":"15df29d0ae5fbc875483ea2addc2d4e6c9148a876bdf65f0adfc75742fe31c47","readerVersion":"GDAL 3.2.2","processedAt":"2026-08-11T13:43:44.753Z"},"sourceProperties":{"RCID":1280474737,"PRIM":2,"GRUP":2,"OBJL":43,"RVER":1,"AGEN":7979,"FIDN":1782750748,"FIDS":30171,"LNAM":"1F2B6A429E1C75DB","VALDCO":3,"SCAMIN":50000,"sourceCellId":"1R7687LI","sourceChecksum":"15df29d0ae5fbc875483ea2addc2d4e6c9148a876bdf65f0adfc75742fe31c47","rawObjectClass":"DEPCNT","sourceStableId":"1F2B6A429E1C75DB"}}},{"type":"Feature","geometry":{"type":"LineString","coordinates":[[3.8370084,51.2928954],[3.8369353,51.2928692],[3.8369154,51.2929262],[3.8369127,51.2928572],[3.8369128,51.2928562],[3.8369141,51.2928523],[3.8370268,51.2927655],[3.8370311,51.2926902],[3.8370473,51.2926754],[3.8370529,51.2925976],[3.8371055,51.2926165]]},"properties":{"rawObjectClass":"DEPCNT","VALDCO":3,"depthDatum":"Approximate LAT","depthDatumCode":42,"depthDatumStatus":"VERIFIED_FROM_OFFICIAL_DOCUMENTATION","verticalDatum":"Local Datum","verticalDatumCode":24,"napIdentityStatus":"UNVERIFIED","sourceKind":"official","sourceCellId":"1R7687LI","sourceStableId":"1F2B6A429E1C75DC","sourceChecksum":"15df29d0ae5fbc875483ea2addc2d4e6c9148a876bdf65f0adfc75742fe31c47","pipelineFeatureId":"1R7687LI/DEPCNT/1280474738","provenance":{"cellId":"1R7687LI","checksum":"15df29d0ae5fbc875483ea2addc2d4e6c9148a876bdf65f0adfc75742fe31c47","readerVersion":"GDAL 3.2.2","processedAt":"2026-08-11T13:43:44.753Z"},"sourceProperties":{"RCID":1280474738,"PRIM":2,"GRUP":2,"OBJL":43,"RVER":1,"AGEN":7979,"FIDN":1782750748,"FIDS":30172,"LNAM":"1F2B6A429E1C75DC","VALDCO":3,"SCAMIN":50000,"sourceCellId":"1R7687LI","sourceChecksum":"15df29d0ae5fbc875483ea2addc2d4e6c9148a876bdf65f0adfc75742fe31c47","rawObjectClass":"DEPCNT","sourceStableId":"1F2B6A429E1C75DC"}}},{"type":"Feature","geometry":{"type":"LineString","coordinates":[[3.8344661,51.3002182],[3.8344605,51.3001603],[3.8344614,51.3001575],[3.8344604,51.3000694],[3.8344609,51.3000675],[3.8344632,51.3000582],[3.8345703,51.2999768],[3.834578,51.299903],[3.8345909,51.2998868],[3.8345938,51.2998019],[3.8345982,51.2997968],[3.8345993,51.2997075],[3.8345994,51.2997069],[3.8345983,51.2996172],[3.8345983,51.299617],[3.8345986,51.2996163],[3.8347239,51.2995341]]},"properties":{"rawObjectClass":"DEPCNT","VALDCO":3,"depthDatum":"Approximate LAT","depthDatumCode":42,"depthDatumStatus":"VERIFIED_FROM_OFFICIAL_DOCUMENTATION","verticalDatum":"Local Datum","verticalDatumCode":24,"napIdentityStatus":"UNVERIFIED","sourceKind":"official","sourceCellId":"1R7687LI","sourceStableId":"1F2B6A429E1C75DD","sourceChecksum":"15df29d0ae5fbc875483ea2addc2d4e6c9148a876bdf65f0adfc75742fe31c47","pipelineFeatureId":"1R7687LI/DEPCNT/1280474739","provenance":{"cellId":"1R7687LI","checksum":"15df29d0ae5fbc875483ea2addc2d4e6c9148a876bdf65f0adfc75742fe31c47","readerVersion":"GDAL 3.2.2","processedAt":"2026-08-11T13:43:44.753Z"},"sourceProperties":{"RCID":1280474739,"PRIM":2,"GRUP":2,"OBJL":43,"RVER":1,"AGEN":7979,"FIDN":1782750748,"FIDS":30173,"LNAM":"1F2B6A429E1C75DD","VALDCO":3,"SCAMIN":50000,"sourceCellId":"1R7687LI","sourceChecksum":"15df29d0ae5fbc875483ea2addc2d4e6c9148a876bdf65f0adfc75742fe31c47","rawObjectClass":"DEPCNT","sourceStableId":"1F2B6A429E1C75DD"}}},{"type":"Feature","geometry":{"type":"LineString","coordinates":[[3.8338191,51.3021179],[3.8338147,51.3020504],[3.8339123,51.3019809]]},"properties":{"rawObjectClass":"DEPCNT","VALDCO":3,"depthDatum":"Approximate LAT","depthDatumCode":42,"depthDatumStatus":"VERIFIED_FROM_OFFICIAL_DOCUMENTATION","verticalDatum":"Local Datum","verticalDatumCode":24,"napIdentityStatus":"UNVERIFIED","sourceKind":"official","sourceCellId":"1R7687LI","sourceStableId":"1F2B6A429E1C75DE","sourceChecksum":"15df29d0ae5fbc875483ea2addc2d4e6c9148a876bdf65f0adfc75742fe31c47","pipelineFeatureId":"1R7687LI/DEPCNT/1280474740","provenance":{"cellId":"1R7687LI","checksum":"15df29d0ae5fbc875483ea2addc2d4e6c9148a876bdf65f0adfc75742fe31c47","readerVersion":"GDAL 3.2.2","processedAt":"2026-08-11T13:43:44.753Z"},"sourceProperties":{"RCID":1280474740,"PRIM":2,"GRUP":2,"OBJL":43,"RVER":1,"AGEN":7979,"FIDN":1782750748,"FIDS":30174,"LNAM":"1F2B6A429E1C75DE","VALDCO":3,"SCAMIN":50000,"sourceCellId":"1R7687LI","sourceChecksum":"15df29d0ae5fbc875483ea2addc2d4e6c9148a876bdf65f0adfc75742fe31c47","rawObjectClass":"DEPCNT","sourceStableId":"1F2B6A429E1C75DE"}}},{"type":"Feature","geometry":{"type":"LineString","coordinates":[[3.8379746,51.2762772],[3.8380462,51.2762555],[3.838062,51.2763023],[3.8380843,51.2763252],[3.838048,51.2763577],[3.8380166,51.2763471]]},"properties":{"rawObjectClass":"DEPCNT","VALDCO":3,"depthDatum":"Approximate LAT","depthDatumCode":42,"depthDatumStatus":"VERIFIED_FROM_OFFICIAL_DOCUMENTATION","verticalDatum":"Local Datum","verticalDatumCode":24,"napIdentityStatus":"UNVERIFIED","sourceKind":"official","sourceCellId":"1R7687LI","sourceStableId":"1F2B6A429E1C75DF","sourceChecksum":"15df29d0ae5fbc875483ea2addc2d4e6c9148a876bdf65f0adfc75742fe31c47","pipelineFeatureId":"1R7687LI/DEPCNT/1280474741","provenance":{"cellId":"1R7687LI","checksum":"15df29d0ae5fbc875483ea2addc2d4e6c9148a876bdf65f0adfc75742fe31c47","readerVersion":"GDAL 3.2.2","processedAt":"2026-08-11T13:43:44.753Z"},"sourceProperties":{"RCID":1280474741,"PRIM":2,"GRUP":2,"OBJL":43,"RVER":1,"AGEN":7979,"FIDN":1782750748,"FIDS":30175,"LNAM":"1F2B6A429E1C75DF","VALDCO":3,"SCAMIN":50000,"sourceCellId":"1R7687LI","sourceChecksum":"15df29d0ae5fbc875483ea2addc2d4e6c9148a876bdf65f0adfc75742fe31c47","rawObjectClass":"DEPCNT","sourceStableId":"1F2B6A429E1C75DF"}}},{"type":"Feature","geometry":{"type":"LineString","coordinates":[[3.8371454,51.2925013],[3.8371361,51.292495],[3.8371528,51.2924302],[3.837177,51.2924093]]},"properties":{"rawObjectClass":"DEPCNT","VALDCO":3,"depthDatum":"Approximate LAT","depthDatumCode":42,"depthDatumStatus":"VERIFIED_FROM_OFFICIAL_DOCUMENTATION","verticalDatum":"Local Datum","verticalDatumCode":24,"napIdentityStatus":"UNVERIFIED","sourceKind":"official","sourceCellId":"1R7687LI","sourceStableId":"1F2B6A429E1C75E0","sourceChecksum":"15df29d0ae5fbc875483ea2addc2d4e6c9148a876bdf65f0adfc75742fe31c47","pipelineFeatureId":"1R7687LI/DEPCNT/1280474743","provenance":{"cellId":"1R7687LI","checksum":"15df29d0ae5fbc875483ea2addc2d4e6c9148a876bdf65f0adfc75742fe31c47","readerVersion":"GDAL 3.2.2","processedAt":"2026-08-11T13:43:44.753Z"},"sourceProperties":{"RCID":1280474743,"PRIM":2,"GRUP":2,"OBJL":43,"RVER":1,"AGEN":7979,"FIDN":1782750748,"FIDS":30176,"LNAM":"1F2B6A429E1C75E0","VALDCO":3,"SCAMIN":50000,"sourceCellId":"1R7687LI","sourceChecksum":"15df29d0ae5fbc875483ea2addc2d4e6c9148a876bdf65f0adfc75742fe31c47","rawObjectClass":"DEPCNT","sourceStableId":"1F2B6A429E1C75E0"}}},{"type":"Feature","geometry":{"type":"LineString","coordinates":[[3.8295836,51.3078766],[3.8296709,51.3079248],[3.8296796,51.3079554],[3.8296068,51.3080152],[3.829599,51.308098],[3.8295934,51.3081052],[3.8295992,51.3081889],[3.8295975,51.3081951],[3.8296006,51.3082789],[3.8295992,51.308285],[3.8295922,51.3083527],[3.8295736,51.3083751],[3.8295734,51.3083873],[3.8294722,51.3084658],[3.8294737,51.3085422],[3.8294712,51.3085557],[3.8294682,51.3086367],[3.8294662,51.3086456],[3.8294585,51.3087338],[3.8294581,51.3087356],[3.8294557,51.3087391],[3.8293412,51.3088264],[3.8293458,51.308897],[3.82934,51.3089163],[3.8293402,51.3089915],[3.8293354,51.3090063],[3.8293241,51.3090928],[3.8293231,51.3090963],[3.829319,51.309116],[3.8292509,51.3091867],[3.8292506,51.3092309],[3.8292083,51.3092769],[3.8292048,51.3093512],[3.8291964,51.3093669],[3.8291811,51.3094229],[3.8291273,51.3094573],[3.8291184,51.3094976],[3.8290625,51.3095477],[3.8290481,51.3096336],[3.8290451,51.3096378],[3.829042,51.3096677],[3.8289968,51.309728],[3.8289998,51.3097555],[3.828937,51.3098184],[3.8289392,51.3098853],[3.8289218,51.3099084],[3.8289074,51.3099966],[3.8289064,51.3099984],[3.8289046,51.3100034],[3.8287979,51.3100891],[3.8288064,51.3101523],[3.8287822,51.3101792],[3.8287836,51.3102578],[3.8287789,51.3102691],[3.8287662,51.310286],[3.828654,51.3103599],[3.8286569,51.3104301],[3.8286459,51.3104499],[3.8286518,51.3105243],[3.8286385,51.3105399],[3.8286285,51.3106048],[3.8285909,51.3106301],[3.8285652,51.3106707],[3.828493,51.3107208],[3.8284932,51.3107245],[3.8284945,51.3108107],[3.8284888,51.3108143],[3.8283596,51.3109015],[3.8283602,51.3109098],[3.8283605,51.3109915],[3.828352,51.3110802],[3.8283521,51.3110814],[3.8283501,51.3110826],[3.8283364,51.3110915]]},"properties":{"rawObjectClass":"DEPCNT","VALDCO":3,"depthDatum":"Approximate LAT","depthDatumCode":42,"depthDatumStatus":"VERIFIED_FROM_OFFICIAL_DOCUMENTATION","verticalDatum":"Local Datum","verticalDatumCode":24,"napIdentityStatus":"UNVERIFIED","sourceKind":"official","sourceCellId":"1R7687LI","sourceStableId":"1F2B6A429E1C75E1","sourceChecksum":"15df29d0ae5fbc875483ea2addc2d4e6c9148a876bdf65f0adfc75742fe31c47","pipelineFeatureId":"1R7687LI/DEPCNT/1280474744","provenance":{"cellId":"1R7687LI","checksum":"15df29d0ae5fbc875483ea2addc2d4e6c9148a876bdf65f0adfc75742fe31c47","readerVersion":"GDAL 3.2.2","processedAt":"2026-08-11T13:43:44.753Z"},"sourceProperties":{"RCID":1280474744,"PRIM":2,"GRUP":2,"OBJL":43,"RVER":1,"AGEN":7979,"FIDN":1782750748,"FIDS":30177,"LNAM":"1F2B6A429E1C75E1","VALDCO":3,"SCAMIN":50000,"sourceCellId":"1R7687LI","sourceChecksum":"15df29d0ae5fbc875483ea2addc2d4e6c9148a876bdf65f0adfc75742fe31c47","rawObjectClass":"DEPCNT","sourceStableId":"1F2B6A429E1C75E1"}}},{"type":"Feature","geometry":{"type":"LineString","coordinates":[[3.8384474,51.2825429],[3.8384893,51.2825678],[3.8384709,51.2825939],[3.8384789,51.2826128],[3.8384808,51.2826838],[3.8384776,51.2827572],[3.8384741,51.2827737],[3.838467,51.282855],[3.8384658,51.2828637],[3.8384535,51.2828805],[3.8383577,51.2829544],[3.8383602,51.2830144],[3.8383505,51.2830444],[3.8383502,51.2831118],[3.8383446,51.2831344],[3.8383162,51.2832175],[3.8383051,51.2832246],[3.8383058,51.2832313],[3.8382683,51.2833147],[3.8382702,51.2833451],[3.8382167,51.283405],[3.8382179,51.2834696],[3.8382093,51.283495],[3.8381856,51.2835813],[3.8381847,51.2835851],[3.8381803,51.2836256],[3.8381582,51.2836752],[3.838158,51.2836899],[3.838129,51.2837654],[3.8381308,51.283822],[3.8381327,51.2838553],[3.8381089,51.2839034],[3.8380618,51.2839457],[3.8380437,51.284],[3.8380107,51.284036],[3.8380119,51.2840565],[3.8379871,51.2841261],[3.837989,51.2841622],[3.8379517,51.2842162],[3.8379448,51.2842815],[3.837937,51.2843063],[3.8379071,51.2843707],[3.8378747,51.2843966],[3.8378753,51.2844171],[3.8378354,51.2844868],[3.8378366,51.2845329],[3.8378134,51.2845769],[3.8378142,51.2846382],[3.8378085,51.2846669],[3.8377736,51.2847552],[3.8377732,51.2847571],[3.8377708,51.284764],[3.8377149,51.2848474],[3.8377159,51.2848832],[3.8376799,51.2849376],[3.8376785,51.2849981],[3.837671,51.2850276],[3.8376337,51.2851113],[3.8376225,51.2851178],[3.8376232,51.2851246],[3.8375494,51.2852083],[3.8375516,51.2852615],[3.8375501,51.2852982],[3.8375499,51.2853535],[3.8375471,51.2853881],[3.8375409,51.2854503],[3.8375275,51.2854782],[3.8374985,51.2855568],[3.8374838,51.2855684],[3.837484,51.2855777],[3.8374393,51.2856587],[3.83744,51.2856969],[3.8374211,51.2857487],[3.8374216,51.2857997],[3.8374024,51.2858388],[3.8373714,51.2859229],[3.8373695,51.2859289],[3.8373622,51.2859471],[3.837305,51.2860193],[3.8373057,51.286056],[3.837288,51.2861094],[3.8372893,51.2861574],[3.8372686,51.2861994],[3.837254,51.2862711],[3.8372463,51.2862895],[3.8372255,51.2863206],[3.8371564,51.2863801],[3.8371583,51.2864234],[3.8371316,51.2864702],[3.8371323,51.286531],[3.8371247,51.2865601],[3.83712,51.2866299],[3.8371192,51.2866501],[3.8370897,51.286734],[3.8370823,51.2867403],[3.8370831,51.2867445],[3.8370519,51.2868304],[3.8370492,51.2868573],[3.8369944,51.2869208],[3.8369911,51.2869855],[3.8369869,51.2870107],[3.8369683,51.2870911],[3.8369657,51.2871008],[3.8369537,51.287144],[3.836918,51.2871911],[3.8369165,51.2872152],[3.8368556,51.2872815],[3.8368576,51.287344],[3.8368553,51.2873714],[3.8368368,51.2874483],[3.8368346,51.2874614],[3.8368166,51.2874915],[3.8367508,51.287552],[3.8367489,51.2875956],[3.8367215,51.2876421],[3.8367176,51.2877067],[3.8367118,51.2877321],[3.8367092,51.287803],[3.836705,51.2878221],[3.8366803,51.2878812],[3.8366242,51.2879126],[3.8366175,51.2879528],[3.8365659,51.2880029],[3.8365608,51.2880801],[3.8365593,51.2880929],[3.8365601,51.2881715],[3.8365565,51.2881828],[3.8365435,51.2882462],[3.8364757,51.2882733],[3.8364871,51.2883093],[3.8364191,51.2883636],[3.8364031,51.2884077],[3.836403,51.2884078]]},"properties":{"rawObjectClass":"DEPCNT","VALDCO":3,"depthDatum":"Approximate LAT","depthDatumCode":42,"depthDatumStatus":"VERIFIED_FROM_OFFICIAL_DOCUMENTATION","verticalDatum":"Local Datum","verticalDatumCode":24,"napIdentityStatus":"UNVERIFIED","sourceKind":"official","sourceCellId":"1R7687LI","sourceStableId":"1F2B6A429E1C75E2","sourceChecksum":"15df29d0ae5fbc875483ea2addc2d4e6c9148a876bdf65f0adfc75742fe31c47","pipelineFeatureId":"1R7687LI/DEPCNT/1280474745","provenance":{"cellId":"1R7687LI","checksum":"15df29d0ae5fbc875483ea2addc2d4e6c9148a876bdf65f0adfc75742fe31c47","readerVersion":"GDAL 3.2.2","processedAt":"2026-08-11T13:43:44.753Z"},"sourceProperties":{"RCID":1280474745,"PRIM":2,"GRUP":2,"OBJL":43,"RVER":1,"AGEN":7979,"FIDN":1782750748,"FIDS":30178,"LNAM":"1F2B6A429E1C75E2","VALDCO":3,"SCAMIN":50000,"sourceCellId":"1R7687LI","sourceChecksum":"15df29d0ae5fbc875483ea2addc2d4e6c9148a876bdf65f0adfc75742fe31c47","rawObjectClass":"DEPCNT","sourceStableId":"1F2B6A429E1C75E2"}}},{"type":"Feature","geometry":{"type":"LineString","coordinates":[[3.8372874,51.2920867],[3.8372663,51.2920846],[3.8372975,51.292057]]},"properties":{"rawObjectClass":"DEPCNT","VALDCO":3,"depthDatum":"Approximate LAT","depthDatumCode":42,"depthDatumStatus":"VERIFIED_FROM_OFFICIAL_DOCUMENTATION","verticalDatum":"Local Datum","verticalDatumCode":24,"napIdentityStatus":"UNVERIFIED","sourceKind":"official","sourceCellId":"1R7687LI","sourceStableId":"1F2B6A429E1C75E3","sourceChecksum":"15df29d0ae5fbc875483ea2addc2d4e6c9148a876bdf65f0adfc75742fe31c47","pipelineFeatureId":"1R7687LI/DEPCNT/1280474746","provenance":{"cellId":"1R7687LI","checksum":"15df29d0ae5fbc875483ea2addc2d4e6c9148a876bdf65f0adfc75742fe31c47","readerVersion":"GDAL 3.2.2","processedAt":"2026-08-11T13:43:44.753Z"},"sourceProperties":{"RCID":1280474746,"PRIM":2,"GRUP":2,"OBJL":43,"RVER":1,"AGEN":7979,"FIDN":1782750748,"FIDS":30179,"LNAM":"1F2B6A429E1C75E3","VALDCO":3,"SCAMIN":50000,"sourceCellId":"1R7687LI","sourceChecksum":"15df29d0ae5fbc875483ea2addc2d4e6c9148a876bdf65f0adfc75742fe31c47","rawObjectClass":"DEPCNT","sourceStableId":"1F2B6A429E1C75E3"}}},{"type":"Feature","geometry":{"type":"LineString","coordinates":[[3.8268586,51.3134927],[3.8268563,51.3135199],[3.8268162,51.3135452],[3.8268161,51.3135453]]},"properties":{"rawObjectClass":"DEPCNT","VALDCO":3,"depthDatum":"Approximate LAT","depthDatumCode":42,"depthDatumStatus":"VERIFIED_FROM_OFFICIAL_DOCUMENTATION","verticalDatum":"Local Datum","verticalDatumCode":24,"napIdentityStatus":"UNVERIFIED","sourceKind":"official","sourceCellId":"1R7687LI","sourceStableId":"1F2B6A429E1C75E4","sourceChecksum":"15df29d0ae5fbc875483ea2addc2d4e6c9148a876bdf65f0adfc75742fe31c47","pipelineFeatureId":"1R7687LI/DEPCNT/1280474747","provenance":{"cellId":"1R7687LI","checksum":"15df29d0ae5fbc875483ea2addc2d4e6c9148a876bdf65f0adfc75742fe31c47","readerVersion":"GDAL 3.2.2","processedAt":"2026-08-11T13:43:44.753Z"},"sourceProperties":{"RCID":1280474747,"PRIM":2,"GRUP":2,"OBJL":43,"RVER":1,"AGEN":7979,"FIDN":1782750748,"FIDS":30180,"LNAM":"1F2B6A429E1C75E4","VALDCO":3,"SCAMIN":50000,"sourceCellId":"1R7687LI","sourceChecksum":"15df29d0ae5fbc875483ea2addc2d4e6c9148a876bdf65f0adfc75742fe31c47","rawObjectClass":"DEPCNT","sourceStableId":"1F2B6A429E1C75E4"}}},{"type":"Feature","geometry":{"type":"LineString","coordinates":[[3.8339441,51.3017648],[3.8339428,51.3016898],[3.8340016,51.301637],[3.8339674,51.3015997],[3.8339616,51.3015717],[3.8340337,51.3015093],[3.8340461,51.3014265],[3.8340553,51.3014193],[3.8340528,51.3013313],[3.8340537,51.3013294],[3.8340517,51.3012411],[3.834052,51.3012394],[3.8340536,51.301206],[3.8341435,51.3012224]]},"properties":{"rawObjectClass":"DEPCNT","VALDCO":3,"depthDatum":"Approximate LAT","depthDatumCode":42,"depthDatumStatus":"VERIFIED_FROM_OFFICIAL_DOCUMENTATION","verticalDatum":"Local Datum","verticalDatumCode":24,"napIdentityStatus":"UNVERIFIED","sourceKind":"official","sourceCellId":"1R7687LI","sourceStableId":"1F2B6A429E1C75E5","sourceChecksum":"15df29d0ae5fbc875483ea2addc2d4e6c9148a876bdf65f0adfc75742fe31c47","pipelineFeatureId":"1R7687LI/DEPCNT/1280474748","provenance":{"cellId":"1R7687LI","checksum":"15df29d0ae5fbc875483ea2addc2d4e6c9148a876bdf65f0adfc75742fe31c47","readerVersion":"GDAL 3.2.2","processedAt":"2026-08-11T13:43:44.753Z"},"sourceProperties":{"RCID":1280474748,"PRIM":2,"GRUP":2,"OBJL":43,"RVER":1,"AGEN":7979,"FIDN":1782750748,"FIDS":30181,"LNAM":"1F2B6A429E1C75E5","VALDCO":3,"SCAMIN":50000,"sourceCellId":"1R7687LI","sourceChecksum":"15df29d0ae5fbc875483ea2addc2d4e6c9148a876bdf65f0adfc75742fe31c47","rawObjectClass":"DEPCNT","sourceStableId":"1F2B6A429E1C75E5"}}},{"type":"Feature","geometry":{"type":"LineString","coordinates":[[3.8264684,51.3141066],[3.8264684,51.3141521],[3.8263974,51.3141944],[3.8263973,51.3141945]]},"properties":{"rawObjectClass":"DEPCNT","VALDCO":3,"depthDatum":"Approximate LAT","depthDatumCode":42,"depthDatumStatus":"VERIFIED_FROM_OFFICIAL_DOCUMENTATION","verticalDatum":"Local Datum","verticalDatumCode":24,"napIdentityStatus":"UNVERIFIED","sourceKind":"official","sourceCellId":"1R7687LI","sourceStableId":"1F2B6A429E1C75E6","sourceChecksum":"15df29d0ae5fbc875483ea2addc2d4e6c9148a876bdf65f0adfc75742fe31c47","pipelineFeatureId":"1R7687LI/DEPCNT/1280474749","provenance":{"cellId":"1R7687LI","checksum":"15df29d0ae5fbc875483ea2addc2d4e6c9148a876bdf65f0adfc75742fe31c47","readerVersion":"GDAL 3.2.2","processedAt":"2026-08-11T13:43:44.753Z"},"sourceProperties":{"RCID":1280474749,"PRIM":2,"GRUP":2,"OBJL":43,"RVER":1,"AGEN":7979,"FIDN":1782750748,"FIDS":30182,"LNAM":"1F2B6A429E1C75E6","VALDCO":3,"SCAMIN":50000,"sourceCellId":"1R7687LI","sourceChecksum":"15df29d0ae5fbc875483ea2addc2d4e6c9148a876bdf65f0adfc75742fe31c47","rawObjectClass":"DEPCNT","sourceStableId":"1F2B6A429E1C75E6"}}},{"type":"Feature","geometry":{"type":"LineString","coordinates":[[3.8388009,51.2882065],[3.8387647,51.288167],[3.8387681,51.2881195],[3.8387749,51.288077],[3.8388158,51.2879979],[3.8388264,51.2879867],[3.8388298,51.287898],[3.8388302,51.2878968],[3.8388316,51.287891],[3.8388946,51.2878064],[3.8388775,51.2877764],[3.8389079,51.2877164],[3.8389169,51.2876602],[3.8389313,51.2876263],[3.8389461,51.2875505],[3.8389541,51.2875362],[3.8389679,51.2875022],[3.8390268,51.2874458],[3.8390255,51.2874086],[3.8390566,51.2873556],[3.8391071,51.2872712],[3.8391172,51.2872653],[3.8391159,51.2872596],[3.8391504,51.2871751],[3.8391499,51.2871469],[3.839178,51.287085],[3.8391772,51.2870384],[3.8392092,51.2869948],[3.8392442,51.286926],[3.8392743,51.2869044],[3.8392722,51.2868865],[3.8392945,51.2868144],[3.839294,51.2867815],[3.8393355,51.2867242],[3.8393461,51.2866571],[3.8393521,51.2866341],[3.8393816,51.2865986],[3.8394537,51.2865435],[3.8394546,51.2864965],[3.8394635,51.2864535],[3.8394635,51.2863999],[3.8394749,51.2863635],[3.8395033,51.2862833],[3.8395087,51.2862733],[3.8395185,51.2862437],[3.839564,51.286183],[3.8395624,51.2861545],[3.8395979,51.2860928],[3.8396011,51.2860387],[3.8396106,51.2860028],[3.8396566,51.28595],[3.8397135,51.2859122],[3.8397128,51.285876],[3.8397301,51.2858221],[3.8397356,51.2857705],[3.8397533,51.285732],[3.8397949,51.285672],[3.8398426,51.2856415],[3.8397932,51.285579],[3.8397819,51.285552],[3.8397923,51.2855289],[3.8398411,51.2854616],[3.8398585,51.2854187],[3.8398995,51.2853713],[3.8399322,51.2853394],[3.8400296,51.2852804],[3.8400349,51.2852146],[3.8400487,51.2851904],[3.8400474,51.2851156],[3.8400491,51.2851004],[3.8400709,51.2850776],[3.8401639,51.2850188]]},"properties":{"rawObjectClass":"DEPCNT","VALDCO":3,"depthDatum":"Approximate LAT","depthDatumCode":42,"depthDatumStatus":"VERIFIED_FROM_OFFICIAL_DOCUMENTATION","verticalDatum":"Local Datum","verticalDatumCode":24,"napIdentityStatus":"UNVERIFIED","sourceKind":"official","sourceCellId":"1R7687LI","sourceStableId":"1F2B6A429E1C75E7","sourceChecksum":"15df29d0ae5fbc875483ea2addc2d4e6c9148a876bdf65f0adfc75742fe31c47","pipelineFeatureId":"1R7687LI/DEPCNT/1280474750","provenance":{"cellId":"1R7687LI","checksum":"15df29d0ae5fbc875483ea2addc2d4e6c9148a876bdf65f0adfc75742fe31c47","readerVersion":"GDAL 3.2.2","processedAt":"2026-08-11T13:43:44.753Z"},"sourceProperties":{"RCID":1280474750,"PRIM":2,"GRUP":2,"OBJL":43,"RVER":1,"AGEN":7979,"FIDN":1782750748,"FIDS":30183,"LNAM":"1F2B6A429E1C75E7","VALDCO":3,"SCAMIN":50000,"sourceCellId":"1R7687LI","sourceChecksum":"15df29d0ae5fbc875483ea2addc2d4e6c9148a876bdf65f0adfc75742fe31c47","rawObjectClass":"DEPCNT","sourceStableId":"1F2B6A429E1C75E7"}}},{"type":"Feature","geometry":{"type":"LineString","coordinates":[[3.8274527,51.3124753],[3.8274526,51.3124754],[3.8274612,51.3125265],[3.8273726,51.3125716]]},"properties":{"rawObjectClass":"DEPCNT","VALDCO":3,"depthDatum":"Approximate LAT","depthDatumCode":42,"depthDatumStatus":"VERIFIED_FROM_OFFICIAL_DOCUMENTATION","verticalDatum":"Local Datum","verticalDatumCode":24,"napIdentityStatus":"UNVERIFIED","sourceKind":"official","sourceCellId":"1R7687LI","sourceStableId":"1F2B6A429E1C75E8","sourceChecksum":"15df29d0ae5fbc875483ea2addc2d4e6c9148a876bdf65f0adfc75742fe31c47","pipelineFeatureId":"1R7687LI/DEPCNT/1280474751","provenance":{"cellId":"1R7687LI","checksum":"15df29d0ae5fbc875483ea2addc2d4e6c9148a876bdf65f0adfc75742fe31c47","readerVersion":"GDAL 3.2.2","processedAt":"2026-08-11T13:43:44.753Z"},"sourceProperties":{"RCID":1280474751,"PRIM":2,"GRUP":2,"OBJL":43,"RVER":1,"AGEN":7979,"FIDN":1782750748,"FIDS":30184,"LNAM":"1F2B6A429E1C75E8","VALDCO":3,"SCAMIN":50000,"sourceCellId":"1R7687LI","sourceChecksum":"15df29d0ae5fbc875483ea2addc2d4e6c9148a876bdf65f0adfc75742fe31c47","rawObjectClass":"DEPCNT","sourceStableId":"1F2B6A429E1C75E8"}}},{"type":"Feature","geometry":{"type":"LineString","coordinates":[[3.8331324,51.2978594],[3.8331456,51.2979111],[3.8331393,51.2979188],[3.8331613,51.297992],[3.8331559,51.2980086],[3.8331566,51.2980859],[3.833156,51.2980985],[3.8331377,51.2981522],[3.8330861,51.298189],[3.8330946,51.2982166],[3.8330399,51.2982792],[3.8330442,51.2983399],[3.8330341,51.2983692],[3.833037,51.2984355],[3.8330303,51.2984591],[3.8330099,51.2985438],[3.8330099,51.2985492],[3.8330018,51.2985692],[3.8329402,51.2986396],[3.8329416,51.2986786],[3.8329067,51.2987298],[3.8329073,51.2987915],[3.8329057,51.2988197],[3.8329022,51.2988857],[3.8328937,51.2989097],[3.8328654,51.2989577],[3.8328088,51.2990002],[3.8328085,51.2990368],[3.8327744,51.2990904],[3.8327758,51.2991487],[3.8327679,51.2991804],[3.8327711,51.2992426],[3.8327665,51.2992703],[3.8327433,51.2993515],[3.8327415,51.2993604],[3.8327296,51.2993828],[3.8326636,51.2994509],[3.8326647,51.2994928],[3.832636,51.299541],[3.8326366,51.2996018],[3.8326319,51.2996309],[3.8326177,51.2997049],[3.8326166,51.299721],[3.8325934,51.2997815],[3.8325623,51.2998113],[3.832562,51.2998315],[3.8325058,51.2999016],[3.8325059,51.2999585],[3.8324922,51.2999916],[3.8324953,51.3000174],[3.8324943,51.3000815],[3.8324565,51.3001454],[3.8324183,51.300172],[3.8324167,51.3001976],[3.8323659,51.3002623],[3.8323666,51.3003206],[3.8323562,51.3003523],[3.8323579,51.3004172],[3.8323539,51.3004422],[3.8323415,51.3005187],[3.8323414,51.3005322],[3.8323205,51.3005534],[3.8322162,51.3006231],[3.8322148,51.3006909],[3.8322111,51.300713],[3.8322136,51.3007826],[3.8322097,51.3008029],[3.8321968,51.3008843],[3.8321957,51.300893],[3.8321836,51.3009143],[3.8321088,51.3009835],[3.8321105,51.3010306],[3.8320894,51.3010736],[3.8320913,51.3011339],[3.8320787,51.3011636],[3.8320605,51.3012446],[3.8320582,51.3012536],[3.8320465,51.3012692],[3.8319668,51.3013442],[3.8319638,51.3013975],[3.8319491,51.3014343],[3.8319477,51.3014988],[3.8319442,51.3015242],[3.8319278,51.3016025],[3.8319263,51.3016143],[3.83191,51.3016493],[3.8318518,51.3017047],[3.8318501,51.3017433],[3.8318095,51.3017949],[3.8318093,51.3018604],[3.8318067,51.3018849],[3.8317969,51.3019593],[3.8317927,51.3019749],[3.8317734,51.3020326],[3.8317357,51.3020652],[3.8317432,51.3020847],[3.8316811,51.3021555],[3.831679,51.3022169],[3.8316735,51.3022455],[3.8316734,51.3023114],[3.8316693,51.3023355],[3.8316366,51.3023963],[3.8315911,51.3024259],[3.8315886,51.3024567],[3.8315396,51.3025162],[3.83154,51.3025788],[3.8315337,51.3026062],[3.8315366,51.3026719],[3.8315326,51.3026961],[3.8315113,51.3027791],[3.8315098,51.3027862],[3.8315006,51.3028091],[3.831429,51.3028767],[3.8314288,51.302923],[3.8313951,51.3029669],[3.8313929,51.303037],[3.8313873,51.3030568],[3.8313875,51.3031314],[3.8313846,51.3031468],[3.8313642,51.3032],[3.8313092,51.3032372],[3.8313136,51.3032697],[3.8312582,51.3033275],[3.8312593,51.3033955],[3.8312562,51.3034175],[3.8312578,51.3034874],[3.8312361,51.3035923],[3.831236,51.3035975],[3.8312281,51.303607],[3.8311305,51.3036881],[3.8311344,51.3037484],[3.8311256,51.3037781],[3.8311256,51.303845],[3.831119,51.303868],[3.8311074,51.3039476],[3.8311048,51.3039581],[3.8310916,51.3039923],[3.8310314,51.3040485],[3.8310316,51.3040872],[3.8309907,51.3041387],[3.8309919,51.3042036],[3.8309873,51.3042287],[3.8309842,51.3042995],[3.8309803,51.3043186],[3.830955,51.3043721],[3.8309008,51.3044091],[3.8308994,51.3044448],[3.8308554,51.3044994],[3.830841,51.3045732],[3.8308371,51.3045894],[3.8308228,51.3046759],[3.8308216,51.3046795],[3.8308237,51.3047662],[3.830823,51.3047694],[3.8308188,51.3047759],[3.8306925,51.3048602],[3.8306994,51.3049368],[3.8306935,51.3049501],[3.830695,51.3050306],[3.8306921,51.3050401],[3.8306935,51.3051225],[3.8306917,51.30513],[3.8306885,51.3052167],[3.8306881,51.3052199],[3.8306835,51.3052282],[3.8305874,51.3053106],[3.8305837,51.3053748],[3.8305666,51.3054006],[3.8305586,51.3054819],[3.830556,51.3054906],[3.8305461,51.3055598],[3.8305027,51.3055809],[3.8305166,51.3055997],[3.8304385,51.3056713],[3.8304356,51.3057427],[3.8304213,51.3057614],[3.8304071,51.3058082],[3.8303799,51.3058516],[3.8302656,51.3059139]]},"properties":{"rawObjectClass":"DEPCNT","VALDCO":3,"depthDatum":"Approximate LAT","depthDatumCode":42,"depthDatumStatus":"VERIFIED_FROM_OFFICIAL_DOCUMENTATION","verticalDatum":"Local Datum","verticalDatumCode":24,"napIdentityStatus":"UNVERIFIED","sourceKind":"official","sourceCellId":"1R7687LI","sourceStableId":"1F2B6A429E1C75E9","sourceChecksum":"15df29d0ae5fbc875483ea2addc2d4e6c9148a876bdf65f0adfc75742fe31c47","pipelineFeatureId":"1R7687LI/DEPCNT/1280474752","provenance":{"cellId":"1R7687LI","checksum":"15df29d0ae5fbc875483ea2addc2d4e6c9148a876bdf65f0adfc75742fe31c47","readerVersion":"GDAL 3.2.2","processedAt":"2026-08-11T13:43:44.753Z"},"sourceProperties":{"RCID":1280474752,"PRIM":2,"GRUP":2,"OBJL":43,"RVER":1,"AGEN":7979,"FIDN":1782750748,"FIDS":30185,"LNAM":"1F2B6A429E1C75E9","VALDCO":3,"SCAMIN":50000,"sourceCellId":"1R7687LI","sourceChecksum":"15df29d0ae5fbc875483ea2addc2d4e6c9148a876bdf65f0adfc75742fe31c47","rawObjectClass":"DEPCNT","sourceStableId":"1F2B6A429E1C75E9"}}},{"type":"Feature","geometry":{"type":"LineString","coordinates":[[3.835047,51.2985945],[3.8350104,51.2985962],[3.8350044,51.2985381],[3.8350046,51.298535],[3.8349998,51.2984501],[3.8350009,51.2984451],[3.8350074,51.2984301],[3.835121,51.2983543],[3.835122,51.2982807],[3.8351371,51.2982643],[3.835132,51.2981834],[3.8351327,51.2981744],[3.8351342,51.298091],[3.8351366,51.2980844],[3.835143,51.2980003],[3.8351481,51.2979944],[3.8351474,51.2979916],[3.8352513,51.2979038],[3.8352518,51.2978337],[3.8352613,51.2978138],[3.8352571,51.2977393],[3.8352613,51.2977239],[3.83528,51.2976421],[3.8352923,51.2976337],[3.8352951,51.297624],[3.8354003,51.297543],[3.835417,51.2974548],[3.8354173,51.297453],[3.8354125,51.2973668],[3.8354136,51.2973631],[3.8354129,51.2972756],[3.835413,51.2972732],[3.8354165,51.2972641],[3.8355309,51.2971848]]},"properties":{"rawObjectClass":"DEPCNT","VALDCO":3,"depthDatum":"Approximate LAT","depthDatumCode":42,"depthDatumStatus":"VERIFIED_FROM_OFFICIAL_DOCUMENTATION","verticalDatum":"Local Datum","verticalDatumCode":24,"napIdentityStatus":"UNVERIFIED","sourceKind":"official","sourceCellId":"1R7687LI","sourceStableId":"1F2B6A429E1C75EA","sourceChecksum":"15df29d0ae5fbc875483ea2addc2d4e6c9148a876bdf65f0adfc75742fe31c47","pipelineFeatureId":"1R7687LI/DEPCNT/1280474753","provenance":{"cellId":"1R7687LI","checksum":"15df29d0ae5fbc875483ea2addc2d4e6c9148a876bdf65f0adfc75742fe31c47","readerVersion":"GDAL 3.2.2","processedAt":"2026-08-11T13:43:44.753Z"},"sourceProperties":{"RCID":1280474753,"PRIM":2,"GRUP":2,"OBJL":43,"RVER":1,"AGEN":7979,"FIDN":1782750748,"FIDS":30186,"LNAM":"1F2B6A429E1C75EA","VALDCO":3,"SCAMIN":50000,"sourceCellId":"1R7687LI","sourceChecksum":"15df29d0ae5fbc875483ea2addc2d4e6c9148a876bdf65f0adfc75742fe31c47","rawObjectClass":"DEPCNT","sourceStableId":"1F2B6A429E1C75EA"}}},{"type":"Feature","geometry":{"type":"LineString","coordinates":[[3.8336558,51.3025865],[3.8336558,51.3025864],[3.8336476,51.3025457],[3.8336441,51.3025029],[3.8336446,51.3025013],[3.833646,51.3024574],[3.8336777,51.3024814],[3.8337552,51.302442]]},"properties":{"rawObjectClass":"DEPCNT","VALDCO":3,"depthDatum":"Approximate LAT","depthDatumCode":42,"depthDatumStatus":"VERIFIED_FROM_OFFICIAL_DOCUMENTATION","verticalDatum":"Local Datum","verticalDatumCode":24,"napIdentityStatus":"UNVERIFIED","sourceKind":"official","sourceCellId":"1R7687LI","sourceStableId":"1F2B6A429E1C75EB","sourceChecksum":"15df29d0ae5fbc875483ea2addc2d4e6c9148a876bdf65f0adfc75742fe31c47","pipelineFeatureId":"1R7687LI/DEPCNT/1280474754","provenance":{"cellId":"1R7687LI","checksum":"15df29d0ae5fbc875483ea2addc2d4e6c9148a876bdf65f0adfc75742fe31c47","readerVersion":"GDAL 3.2.2","processedAt":"2026-08-11T13:43:44.753Z"},"sourceProperties":{"RCID":1280474754,"PRIM":2,"GRUP":2,"OBJL":43,"RVER":1,"AGEN":7979,"FIDN":1782750748,"FIDS":30187,"LNAM":"1F2B6A429E1C75EB","VALDCO":3,"SCAMIN":50000,"sourceCellId":"1R7687LI","sourceChecksum":"15df29d0ae5fbc875483ea2addc2d4e6c9148a876bdf65f0adfc75742fe31c47","rawObjectClass":"DEPCNT","sourceStableId":"1F2B6A429E1C75EB"}}},{"type":"Feature","geometry":{"type":"LineString","coordinates":[[3.834285,51.3008108],[3.8342089,51.3007887],[3.8342934,51.3007863]]},"properties":{"rawObjectClass":"DEPCNT","VALDCO":3,"depthDatum":"Approximate LAT","depthDatumCode":42,"depthDatumStatus":"VERIFIED_FROM_OFFICIAL_DOCUMENTATION","verticalDatum":"Local Datum","verticalDatumCode":24,"napIdentityStatus":"UNVERIFIED","sourceKind":"official","sourceCellId":"1R7687LI","sourceStableId":"1F2B6A429E1C75EC","sourceChecksum":"15df29d0ae5fbc875483ea2addc2d4e6c9148a876bdf65f0adfc75742fe31c47","pipelineFeatureId":"1R7687LI/DEPCNT/1280474755","provenance":{"cellId":"1R7687LI","checksum":"15df29d0ae5fbc875483ea2addc2d4e6c9148a876bdf65f0adfc75742fe31c47","readerVersion":"GDAL 3.2.2","processedAt":"2026-08-11T13:43:44.753Z"},"sourceProperties":{"RCID":1280474755,"PRIM":2,"GRUP":2,"OBJL":43,"RVER":1,"AGEN":7979,"FIDN":1782750748,"FIDS":30188,"LNAM":"1F2B6A429E1C75EC","VALDCO":3,"SCAMIN":50000,"sourceCellId":"1R7687LI","sourceChecksum":"15df29d0ae5fbc875483ea2addc2d4e6c9148a876bdf65f0adfc75742fe31c47","rawObjectClass":"DEPCNT","sourceStableId":"1F2B6A429E1C75EC"}}},{"type":"Feature","geometry":{"type":"LineString","coordinates":[[3.8314595,51.3165411],[3.8313943,51.3164971],[3.8314289,51.316455],[3.8314599,51.3164342],[3.8315356,51.3163643],[3.8316013,51.3163205],[3.8316673,51.3162734],[3.8317433,51.3162385],[3.8318296,51.3161824],[3.8318852,51.3161508],[3.8320104,51.3160911],[3.8320275,51.3160803],[3.8320706,51.3160635],[3.83217,51.3160293],[3.8322142,51.3159998],[3.832312,51.3159452],[3.8323908,51.3159086],[3.8324542,51.3158766],[3.8325837,51.3158173],[3.8325965,51.3158094],[3.8326614,51.3157757],[3.8327387,51.315737],[3.8327582,51.3157261],[3.8328809,51.3156667],[3.8329472,51.3156349],[3.8330233,51.3156072],[3.8331337,51.3155639],[3.8331659,51.3155558],[3.833186,51.3155433],[3.8333081,51.3154849],[3.8333735,51.315452],[3.8334503,51.3154142],[3.8335667,51.3153607],[3.8335926,51.3153486],[3.8336599,51.3153175],[3.8337349,51.3152848],[3.833759,51.3152694],[3.8338771,51.3152116],[3.8339602,51.3151781],[3.8340195,51.3151517],[3.8341137,51.3151176],[3.8341621,51.3151019],[3.8341894,51.3150865],[3.8343043,51.3150325],[3.8344208,51.3149949],[3.834447,51.3149861],[3.8345357,51.314938],[3.8345891,51.3149111],[3.8346003,51.3149037],[3.8347314,51.3148479],[3.8347901,51.3148125],[3.8348736,51.3147731],[3.8349938,51.3147211],[3.8350159,51.3147076],[3.8351387,51.3146301],[3.8351577,51.3146166],[3.8352028,51.3146012],[3.8353003,51.3145686],[3.8353421,51.3145388],[3.8354423,51.3144851],[3.8355307,51.3144475],[3.8355846,51.3144201],[3.8356495,51.3144058],[3.8357275,51.3143889],[3.8357884,51.3143557],[3.8358698,51.3143239],[3.8359779,51.3142645],[3.8360118,51.3142411],[3.8361221,51.3141938],[3.8361544,51.3141904],[3.8362116,51.3142085],[3.8362312,51.3141727],[3.8361535,51.3141432],[3.8361288,51.3140985],[3.8361355,51.3140835],[3.8360118,51.3139972],[3.8360092,51.3139945],[3.8360073,51.3139933],[3.8359292,51.3139051],[3.8358611,51.3138449],[3.8358367,51.3138158],[3.8358175,51.3137893],[3.8358497,51.3137258],[3.8357149,51.313693],[3.8356601,51.3136948]]},"properties":{"rawObjectClass":"DEPCNT","VALDCO":3,"depthDatum":"Approximate LAT","depthDatumCode":42,"depthDatumStatus":"VERIFIED_FROM_OFFICIAL_DOCUMENTATION","verticalDatum":"Local Datum","verticalDatumCode":24,"napIdentityStatus":"UNVERIFIED","sourceKind":"official","sourceCellId":"1R7687LI","sourceStableId":"1F2B6A429E1C75ED","sourceChecksum":"15df29d0ae5fbc875483ea2addc2d4e6c9148a876bdf65f0adfc75742fe31c47","pipelineFeatureId":"1R7687LI/DEPCNT/1280474756","provenance":{"cellId":"1R7687LI","checksum":"15df29d0ae5fbc875483ea2addc2d4e6c9148a876bdf65f0adfc75742fe31c47","readerVersion":"GDAL 3.2.2","processedAt":"2026-08-11T13:43:44.753Z"},"sourceProperties":{"RCID":1280474756,"PRIM":2,"GRUP":2,"OBJL":43,"RVER":1,"AGEN":7979,"FIDN":1782750748,"FIDS":30189,"LNAM":"1F2B6A429E1C75ED","VALDCO":3,"SCAMIN":50000,"sourceCellId":"1R7687LI","sourceChecksum":"15df29d0ae5fbc875483ea2addc2d4e6c9148a876bdf65f0adfc75742fe31c47","rawObjectClass":"DEPCNT","sourceStableId":"1F2B6A429E1C75ED"}}},{"type":"Feature","geometry":{"type":"LineString","coordinates":[[3.8346811,51.2996586],[3.8346149,51.2997068],[3.8346441,51.2997664]]},"properties":{"rawObjectClass":"DEPCNT","VALDCO":3,"depthDatum":"Approximate LAT","depthDatumCode":42,"depthDatumStatus":"VERIFIED_FROM_OFFICIAL_DOCUMENTATION","verticalDatum":"Local Datum","verticalDatumCode":24,"napIdentityStatus":"UNVERIFIED","sourceKind":"official","sourceCellId":"1R7687LI","sourceStableId":"1F2B6A429E1C75EE","sourceChecksum":"15df29d0ae5fbc875483ea2addc2d4e6c9148a876bdf65f0adfc75742fe31c47","pipelineFeatureId":"1R7687LI/DEPCNT/1280474757","provenance":{"cellId":"1R7687LI","checksum":"15df29d0ae5fbc875483ea2addc2d4e6c9148a876bdf65f0adfc75742fe31c47","readerVersion":"GDAL 3.2.2","processedAt":"2026-08-11T13:43:44.753Z"},"sourceProperties":{"RCID":1280474757,"PRIM":2,"GRUP":2,"OBJL":43,"RVER":1,"AGEN":7979,"FIDN":1782750748,"FIDS":30190,"LNAM":"1F2B6A429E1C75EE","VALDCO":3,"SCAMIN":50000,"sourceCellId":"1R7687LI","sourceChecksum":"15df29d0ae5fbc875483ea2addc2d4e6c9148a876bdf65f0adfc75742fe31c47","rawObjectClass":"DEPCNT","sourceStableId":"1F2B6A429E1C75EE"}}},{"type":"Feature","geometry":{"type":"LineString","coordinates":[[3.8342646,51.2933012],[3.8342794,51.2933246],[3.8342173,51.2933831]]},"properties":{"rawObjectClass":"DEPCNT","VALDCO":2.5,"depthDatum":"Approximate LAT","depthDatumCode":42,"depthDatumStatus":"VERIFIED_FROM_OFFICIAL_DOCUMENTATION","verticalDatum":"Local Datum","verticalDatumCode":24,"napIdentityStatus":"UNVERIFIED","sourceKind":"official","sourceCellId":"1R7687LI","sourceStableId":"1F2B6A429E1C75EF","sourceChecksum":"15df29d0ae5fbc875483ea2addc2d4e6c9148a876bdf65f0adfc75742fe31c47","pipelineFeatureId":"1R7687LI/DEPCNT/1280474758","provenance":{"cellId":"1R7687LI","checksum":"15df29d0ae5fbc875483ea2addc2d4e6c9148a876bdf65f0adfc75742fe31c47","readerVersion":"GDAL 3.2.2","processedAt":"2026-08-11T13:43:44.753Z"},"sourceProperties":{"RCID":1280474758,"PRIM":2,"GRUP":2,"OBJL":43,"RVER":1,"AGEN":7979,"FIDN":1782750748,"FIDS":30191,"LNAM":"1F2B6A429E1C75EF","VALDCO":2.5,"SCAMIN":15000,"sourceCellId":"1R7687LI","sourceChecksum":"15df29d0ae5fbc875483ea2addc2d4e6c9148a876bdf65f0adfc75742fe31c47","rawObjectClass":"DEPCNT","sourceStableId":"1F2B6A429E1C75EF"}}},{"type":"Feature","geometry":{"type":"LineString","coordinates":[[3.8288931,51.3167393],[3.8288902,51.3167427],[3.8288828,51.3167551],[3.8287441,51.3167469],[3.8287391,51.3167462],[3.8287364,51.3167438],[3.8287379,51.3166763],[3.8287553,51.3166538],[3.8287372,51.3166383],[3.8287316,51.3165667],[3.8287322,51.316564],[3.8287357,51.3165536],[3.8288275,51.3164734],[3.8288248,51.316416],[3.8288392,51.3163834],[3.8288365,51.3163176],[3.8288506,51.3162934],[3.8288728,51.3162028],[3.8289639,51.3161128],[3.8289857,51.31604],[3.8289976,51.3160226],[3.8289714,51.3159583],[3.8289842,51.3159328],[3.8289742,51.3158655],[3.8289809,51.3158429],[3.8289938,51.315762],[3.8289989,51.3157528],[3.8290079,51.3157326],[3.8291328,51.3156619],[3.8291495,51.3156288],[3.8292008,51.3156091]]},"properties":{"rawObjectClass":"DEPCNT","VALDCO":2.5,"depthDatum":"Approximate LAT","depthDatumCode":42,"depthDatumStatus":"VERIFIED_FROM_OFFICIAL_DOCUMENTATION","verticalDatum":"Local Datum","verticalDatumCode":24,"napIdentityStatus":"UNVERIFIED","sourceKind":"official","sourceCellId":"1R7687LI","sourceStableId":"1F2B6A429E1C75F0","sourceChecksum":"15df29d0ae5fbc875483ea2addc2d4e6c9148a876bdf65f0adfc75742fe31c47","pipelineFeatureId":"1R7687LI/DEPCNT/1280474759","provenance":{"cellId":"1R7687LI","checksum":"15df29d0ae5fbc875483ea2addc2d4e6c9148a876bdf65f0adfc75742fe31c47","readerVersion":"GDAL 3.2.2","processedAt":"2026-08-11T13:43:44.753Z"},"sourceProperties":{"RCID":1280474759,"PRIM":2,"GRUP":2,"OBJL":43,"RVER":1,"AGEN":7979,"FIDN":1782750748,"FIDS":30192,"LNAM":"1F2B6A429E1C75F0","VALDCO":2.5,"SCAMIN":15000,"sourceCellId":"1R7687LI","sourceChecksum":"15df29d0ae5fbc875483ea2addc2d4e6c9148a876bdf65f0adfc75742fe31c47","rawObjectClass":"DEPCNT","sourceStableId":"1F2B6A429E1C75F0"}}},{"type":"Feature","geometry":{"type":"LineString","coordinates":[[3.8260082,51.3147653],[3.8260276,51.3147847],[3.8260274,51.314844],[3.8260156,51.3148747],[3.8260173,51.3149299]]},"properties":{"rawObjectClass":"DEPCNT","VALDCO":2.5,"depthDatum":"Approximate LAT","depthDatumCode":42,"depthDatumStatus":"VERIFIED_FROM_OFFICIAL_DOCUMENTATION","verticalDatum":"Local Datum","verticalDatumCode":24,"napIdentityStatus":"UNVERIFIED","sourceKind":"official","sourceCellId":"1R7687LI","sourceStableId":"1F2B6A429E1C75F1","sourceChecksum":"15df29d0ae5fbc875483ea2addc2d4e6c9148a876bdf65f0adfc75742fe31c47","pipelineFeatureId":"1R7687LI/DEPCNT/1280474761","provenance":{"cellId":"1R7687LI","checksum":"15df29d0ae5fbc875483ea2addc2d4e6c9148a876bdf65f0adfc75742fe31c47","readerVersion":"GDAL 3.2.2","processedAt":"2026-08-11T13:43:44.753Z"},"sourceProperties":{"RCID":1280474761,"PRIM":2,"GRUP":2,"OBJL":43,"RVER":1,"AGEN":7979,"FIDN":1782750748,"FIDS":30193,"LNAM":"1F2B6A429E1C75F1","VALDCO":2.5,"SCAMIN":15000,"sourceCellId":"1R7687LI","sourceChecksum":"15df29d0ae5fbc875483ea2addc2d4e6c9148a876bdf65f0adfc75742fe31c47","rawObjectClass":"DEPCNT","sourceStableId":"1F2B6A429E1C75F1"}}},{"type":"Feature","geometry":{"type":"LineString","coordinates":[[3.8296516,51.3077005],[3.8296564,51.3077451],[3.8295821,51.3077885]]},"properties":{"rawObjectClass":"DEPCNT","VALDCO":2.5,"depthDatum":"Approximate LAT","depthDatumCode":42,"depthDatumStatus":"VERIFIED_FROM_OFFICIAL_DOCUMENTATION","verticalDatum":"Local Datum","verticalDatumCode":24,"napIdentityStatus":"UNVERIFIED","sourceKind":"official","sourceCellId":"1R7687LI","sourceStableId":"1F2B6A429E1C75F2","sourceChecksum":"15df29d0ae5fbc875483ea2addc2d4e6c9148a876bdf65f0adfc75742fe31c47","pipelineFeatureId":"1R7687LI/DEPCNT/1280474762","provenance":{"cellId":"1R7687LI","checksum":"15df29d0ae5fbc875483ea2addc2d4e6c9148a876bdf65f0adfc75742fe31c47","readerVersion":"GDAL 3.2.2","processedAt":"2026-08-11T13:43:44.753Z"},"sourceProperties":{"RCID":1280474762,"PRIM":2,"GRUP":2,"OBJL":43,"RVER":1,"AGEN":7979,"FIDN":1782750748,"FIDS":30194,"LNAM":"1F2B6A429E1C75F2","VALDCO":2.5,"SCAMIN":15000,"sourceCellId":"1R7687LI","sourceChecksum":"15df29d0ae5fbc875483ea2addc2d4e6c9148a876bdf65f0adfc75742fe31c47","rawObjectClass":"DEPCNT","sourceStableId":"1F2B6A429E1C75F2"}}},{"type":"Feature","geometry":{"type":"LineString","coordinates":[[3.8362036,51.288946],[3.8362265,51.2889945],[3.8361279,51.2890523]]},"properties":{"rawObjectClass":"DEPCNT","VALDCO":2.5,"depthDatum":"Approximate LAT","depthDatumCode":42,"depthDatumStatus":"VERIFIED_FROM_OFFICIAL_DOCUMENTATION","verticalDatum":"Local Datum","verticalDatumCode":24,"napIdentityStatus":"UNVERIFIED","sourceKind":"official","sourceCellId":"1R7687LI","sourceStableId":"1F2B6A429E1C75F3","sourceChecksum":"15df29d0ae5fbc875483ea2addc2d4e6c9148a876bdf65f0adfc75742fe31c47","pipelineFeatureId":"1R7687LI/DEPCNT/1280474763","provenance":{"cellId":"1R7687LI","checksum":"15df29d0ae5fbc875483ea2addc2d4e6c9148a876bdf65f0adfc75742fe31c47","readerVersion":"GDAL 3.2.2","processedAt":"2026-08-11T13:43:44.753Z"},"sourceProperties":{"RCID":1280474763,"PRIM":2,"GRUP":2,"OBJL":43,"RVER":1,"AGEN":7979,"FIDN":1782750748,"FIDS":30195,"LNAM":"1F2B6A429E1C75F3","VALDCO":2.5,"SCAMIN":15000,"sourceCellId":"1R7687LI","sourceChecksum":"15df29d0ae5fbc875483ea2addc2d4e6c9148a876bdf65f0adfc75742fe31c47","rawObjectClass":"DEPCNT","sourceStableId":"1F2B6A429E1C75F3"}}},{"type":"Feature","geometry":{"type":"LineString","coordinates":[[3.8295348,51.3080482],[3.8295297,51.3081057],[3.8295359,51.3081624],[3.82954,51.3081955],[3.8294473,51.3082696]]},"properties":{"rawObjectClass":"DEPCNT","VALDCO":2.5,"depthDatum":"Approximate LAT","depthDatumCode":42,"depthDatumStatus":"VERIFIED_FROM_OFFICIAL_DOCUMENTATION","verticalDatum":"Local Datum","verticalDatumCode":24,"napIdentityStatus":"UNVERIFIED","sourceKind":"official","sourceCellId":"1R7687LI","sourceStableId":"1F2B6A429E1C75F4","sourceChecksum":"15df29d0ae5fbc875483ea2addc2d4e6c9148a876bdf65f0adfc75742fe31c47","pipelineFeatureId":"1R7687LI/DEPCNT/1280474764","provenance":{"cellId":"1R7687LI","checksum":"15df29d0ae5fbc875483ea2addc2d4e6c9148a876bdf65f0adfc75742fe31c47","readerVersion":"GDAL 3.2.2","processedAt":"2026-08-11T13:43:44.753Z"},"sourceProperties":{"RCID":1280474764,"PRIM":2,"GRUP":2,"OBJL":43,"RVER":1,"AGEN":7979,"FIDN":1782750748,"FIDS":30196,"LNAM":"1F2B6A429E1C75F4","VALDCO":2.5,"SCAMIN":15000,"sourceCellId":"1R7687LI","sourceChecksum":"15df29d0ae5fbc875483ea2addc2d4e6c9148a876bdf65f0adfc75742fe31c47","rawObjectClass":"DEPCNT","sourceStableId":"1F2B6A429E1C75F4"}}},{"type":"Feature","geometry":{"type":"LineString","coordinates":[[3.838448,51.2825795],[3.83846,51.2825866],[3.8384547,51.282594],[3.838457,51.2825994],[3.8384594,51.2826839],[3.8384555,51.2827713],[3.838455,51.2827739],[3.8384521,51.2828064],[3.8383915,51.2828643],[3.8383921,51.282903],[3.8383252,51.2829547],[3.8383284,51.2830348],[3.8383253,51.2830446],[3.8383249,51.283128],[3.8383233,51.2831345],[3.8383152,51.2831584],[3.8382094,51.2832252],[3.8382161,51.2832888],[3.8382043,51.2833152],[3.8382086,51.2833846],[3.8381902,51.2834052],[3.8381916,51.2834865],[3.8381887,51.2834952],[3.8381786,51.2835319],[3.8380948,51.2835858],[3.8380982,51.2836374],[3.8380811,51.2836758],[3.8380803,51.2837398],[3.8380703,51.2837658],[3.8380709,51.2837853],[3.8380748,51.2838557],[3.8380423,51.2839215],[3.8380075,51.2839461],[3.8380087,51.2839677],[3.8379455,51.2840364],[3.8379492,51.2840968],[3.8379386,51.2841264],[3.837942,51.2841923],[3.8379254,51.2842164],[3.8379167,51.2842995],[3.8379145,51.2843064],[3.8379062,51.2843244],[3.8378154,51.2843971],[3.8378172,51.2844543],[3.8377985,51.2844871],[3.8378003,51.2845562],[3.8377893,51.2845771],[3.8377902,51.2846536],[3.8377876,51.284667],[3.8377699,51.2847118],[3.8376969,51.2847576],[3.8376978,51.2848038],[3.8376684,51.2848477],[3.8376701,51.2849125],[3.8376535,51.2849378],[3.8376517,51.2850154],[3.8376485,51.2850277],[3.8376329,51.2850629],[3.837537,51.2851184],[3.8375435,51.2851757],[3.8375146,51.2852085],[3.8375177,51.2852832],[3.8375171,51.2852984],[3.8375168,51.2853748],[3.8375157,51.2853884],[3.8375073,51.2854718],[3.8375042,51.2854784],[3.8374974,51.2854968],[3.8374067,51.285569],[3.8374077,51.2856267],[3.8373898,51.285659],[3.8373911,51.2857283],[3.8373835,51.285749],[3.8373843,51.2858236],[3.8373767,51.285839],[3.837361,51.2858818],[3.8372866,51.2859295],[3.8372874,51.2859767],[3.8372534,51.2860197],[3.8372547,51.2860887],[3.8372478,51.2861097],[3.8372498,51.2861828],[3.8372415,51.2861996],[3.8372248,51.2862811],[3.837213,51.2862897],[3.8372142,51.2862966],[3.8371169,51.2863804],[3.8371198,51.2864481],[3.8371071,51.2864704],[3.837108,51.2865466],[3.8371045,51.2865603],[3.8370989,51.2866434],[3.8370986,51.2866503],[3.8370887,51.2866785],[3.837016,51.2867408],[3.8370241,51.2867824],[3.8370065,51.2868308],[3.8370006,51.2868884],[3.8369726,51.2869209],[3.8369686,51.2869999],[3.8369668,51.2870109],[3.8369524,51.2870728],[3.8369089,51.2871012],[3.836918,51.2871233],[3.8368664,51.2871915],[3.8368628,51.2872497],[3.8368334,51.2872816],[3.8368359,51.2873579],[3.8368348,51.2873715],[3.8368159,51.2874499],[3.8367987,51.2874617],[3.8367971,51.2874738],[3.8367116,51.2875522],[3.8367086,51.2876215],[3.8366964,51.2876423],[3.8366915,51.2877234],[3.8366894,51.2877323],[3.8366863,51.2878177],[3.8366853,51.2878222],[3.8366795,51.2878362],[3.8365418,51.2879132],[3.836538,51.2879363]]},"properties":{"rawObjectClass":"DEPCNT","VALDCO":2.5,"depthDatum":"Approximate LAT","depthDatumCode":42,"depthDatumStatus":"VERIFIED_FROM_OFFICIAL_DOCUMENTATION","verticalDatum":"Local Datum","verticalDatumCode":24,"napIdentityStatus":"UNVERIFIED","sourceKind":"official","sourceCellId":"1R7687LI","sourceStableId":"1F2B6A429E1C75F5","sourceChecksum":"15df29d0ae5fbc875483ea2addc2d4e6c9148a876bdf65f0adfc75742fe31c47","pipelineFeatureId":"1R7687LI/DEPCNT/1280474765","provenance":{"cellId":"1R7687LI","checksum":"15df29d0ae5fbc875483ea2addc2d4e6c9148a876bdf65f0adfc75742fe31c47","readerVersion":"GDAL 3.2.2","processedAt":"2026-08-11T13:43:44.753Z"},"sourceProperties":{"RCID":1280474765,"PRIM":2,"GRUP":2,"OBJL":43,"RVER":1,"AGEN":7979,"FIDN":1782750748,"FIDS":30197,"LNAM":"1F2B6A429E1C75F5","VALDCO":2.5,"SCAMIN":15000,"sourceCellId":"1R7687LI","sourceChecksum":"15df29d0ae5fbc875483ea2addc2d4e6c9148a876bdf65f0adfc75742fe31c47","rawObjectClass":"DEPCNT","sourceStableId":"1F2B6A429E1C75F5"}}},{"type":"Feature","geometry":{"type":"LineString","coordinates":[[3.8331349,51.2979975],[3.8331377,51.2980071],[3.8331372,51.2980088],[3.833138,51.2980978],[3.833138,51.2980987],[3.8331368,51.2981023],[3.8330145,51.2981895],[3.8330345,51.2982552],[3.8330133,51.2982794],[3.8330188,51.2983562],[3.8330143,51.2983693],[3.8330178,51.2984478],[3.8330145,51.2984592],[3.8330008,51.298516],[3.8329498,51.2985496],[3.8329523,51.2985808],[3.8329006,51.2986399],[3.8329028,51.2987035],[3.8328847,51.2987299],[3.8328855,51.2988055],[3.8328846,51.2988198],[3.8328805,51.2988997],[3.8328769,51.2989098],[3.8328649,51.2989302],[3.8327713,51.2990005],[3.8327708,51.299061],[3.832752,51.2990906],[3.8327537,51.2991629],[3.8327493,51.2991805],[3.8327531,51.2992542],[3.8327504,51.2992704],[3.8327289,51.2993454],[3.8327045,51.2993607],[3.8327059,51.2993755],[3.8326326,51.2994511],[3.8326341,51.2995124],[3.832617,51.2995411],[3.8326177,51.2996139],[3.8326149,51.2996311],[3.8325984,51.2997172],[3.8325981,51.2997211],[3.8325926,51.2997357],[3.8325131,51.2998116],[3.8325124,51.2998633],[3.8324816,51.2999018],[3.8324817,51.299974],[3.8324744,51.2999918],[3.8324761,51.3000056],[3.8324748,51.3000817],[3.832456,51.3001136],[3.8323714,51.3001723],[3.8323678,51.3002289],[3.8323415,51.3002625],[3.8323424,51.3003362],[3.8323371,51.3003524],[3.8323391,51.3004292],[3.8323226,51.3005308],[3.8323226,51.3005324],[3.8323201,51.3005349],[3.8321878,51.3006233],[3.8321861,51.3007093],[3.8321855,51.3007132],[3.8321885,51.3007987],[3.8321877,51.3008031],[3.8321822,51.3008377],[3.8321183,51.3008935],[3.8321228,51.3009318],[3.8320666,51.3009838],[3.8320692,51.3010571],[3.8320611,51.3010738],[3.8320635,51.3011517],[3.8320584,51.3011637],[3.8320456,51.3012203],[3.8319998,51.301254],[3.8320111,51.3012763],[3.8319387,51.3013444],[3.8319346,51.3014162],[3.8319273,51.3014344],[3.8319257,51.3015129],[3.8319241,51.3015243],[3.831909,51.3015966],[3.83188,51.3016146],[3.8318808,51.3016327],[3.8318049,51.301705],[3.8318018,51.3017743],[3.8317854,51.3017951],[3.8317852,51.3018759],[3.8317842,51.301885],[3.8317724,51.3019748],[3.8317719,51.301975],[3.8317719,51.3019753],[3.8316675,51.3020657],[3.8316882,51.30212],[3.8316569,51.3021557],[3.8316542,51.3022327],[3.8316517,51.3022457],[3.8316516,51.3023254],[3.8316499,51.3023356],[3.8316359,51.3023614],[3.8315364,51.3024263],[3.831531,51.3024936],[3.8315123,51.3025164],[3.8315127,51.3025963],[3.8315104,51.3026064],[3.831514,51.3026865],[3.8315123,51.3026963],[3.8314994,51.3027466],[3.8314465,51.3027867],[3.8314112,51.3028433],[3.8313755,51.3028771],[3.8313751,51.3029574],[3.8313677,51.3029671],[3.831365,51.3030549],[3.8313644,51.303057],[3.8313646,51.3031461],[3.8313644,51.3031469],[3.8313633,51.3031499],[3.8312337,51.3032378],[3.8312441,51.3033143],[3.8312312,51.3033277],[3.8312327,51.3034125],[3.8312319,51.3034176],[3.831234,51.3035027],[3.8312268,51.3035371],[3.8311389,51.3035981],[3.8311306,51.3036599],[3.8310964,51.3036884],[3.8311015,51.3037695],[3.8310989,51.3037783],[3.831099,51.3038621],[3.8310972,51.3038682],[3.8310902,51.3039162],[3.8310313,51.3039586],[3.8310364,51.3039931],[3.8309768,51.3040489],[3.830977,51.3041222],[3.8309638,51.3041389],[3.8309653,51.3042207],[3.8309637,51.3042288],[3.83096,51.304315],[3.8309592,51.3043188],[3.8309542,51.3043293],[3.8308368,51.3044096],[3.8308338,51.3044869],[3.8308235,51.3044996],[3.8308147,51.3045452],[3.8307806,51.3045898],[3.8307742,51.304616],[3.8307401,51.30468],[3.8306745,51.3047263]]},"properties":{"rawObjectClass":"DEPCNT","VALDCO":2.5,"depthDatum":"Approximate LAT","depthDatumCode":42,"depthDatumStatus":"VERIFIED_FROM_OFFICIAL_DOCUMENTATION","verticalDatum":"Local Datum","verticalDatumCode":24,"napIdentityStatus":"UNVERIFIED","sourceKind":"official","sourceCellId":"1R7687LI","sourceStableId":"1F2B6A429E1C75F6","sourceChecksum":"15df29d0ae5fbc875483ea2addc2d4e6c9148a876bdf65f0adfc75742fe31c47","pipelineFeatureId":"1R7687LI/DEPCNT/1280474767","provenance":{"cellId":"1R7687LI","checksum":"15df29d0ae5fbc875483ea2addc2d4e6c9148a876bdf65f0adfc75742fe31c47","readerVersion":"GDAL 3.2.2","processedAt":"2026-08-11T13:43:44.753Z"},"sourceProperties":{"RCID":1280474767,"PRIM":2,"GRUP":2,"OBJL":43,"RVER":1,"AGEN":7979,"FIDN":1782750748,"FIDS":30198,"LNAM":"1F2B6A429E1C75F6","VALDCO":2.5,"SCAMIN":15000,"sourceCellId":"1R7687LI","sourceChecksum":"15df29d0ae5fbc875483ea2addc2d4e6c9148a876bdf65f0adfc75742fe31c47","rawObjectClass":"DEPCNT","sourceStableId":"1F2B6A429E1C75F6"}}},{"type":"Feature","geometry":{"type":"LineString","coordinates":[[3.8315465,51.3164904],[3.8315143,51.3164544],[3.8315127,51.3164212],[3.8315746,51.316364],[3.8316018,51.3163459],[3.8317038,51.3162732],[3.8317436,51.3162548],[3.8318554,51.3161822],[3.8318855,51.3161651],[3.8319894,51.3161156],[3.832028,51.3161087],[3.832057,51.3160908],[3.8321704,51.3160517],[3.8322487,51.3159995],[3.8323123,51.315964],[3.8324323,51.3159083],[3.8324546,51.315897],[3.832516,51.3158689],[3.8325972,51.3158445],[3.832643,51.3158169],[3.8327393,51.3157686],[3.8328165,51.3157257],[3.8328814,51.3156943],[3.8330059,51.3156345],[3.8330237,51.315628],[3.8330495,51.3156179],[3.8331665,51.3155886],[3.8332395,51.3155429],[3.8333086,51.3155099],[3.8334243,51.3154516],[3.8334508,51.3154386],[3.8335223,51.3154058],[3.8335932,51.3153821],[3.8336273,51.3153603],[3.8337355,51.3153131],[3.8338044,51.3152691],[3.8338775,51.3152333],[3.8340154,51.3151777],[3.8340199,51.3151756],[3.8340272,51.315173],[3.8341626,51.3151292],[3.8342389,51.3150862],[3.8343047,51.3150552],[3.8344015,51.315024],[3.8344477,51.3150273],[3.8344903,51.3149944],[3.8345897,51.3149444],[3.8346523,51.3149034],[3.8347318,51.3148695],[3.8348266,51.3148122],[3.8348739,51.3147899],[3.8349803,51.3147439],[3.8350165,51.3147426],[3.835055,51.3147206],[3.8351584,51.3146568],[3.8352002,51.3146297],[3.8353008,51.314596],[3.8353813,51.3145385],[3.8354427,51.3145056],[3.8355802,51.3144471],[3.8355851,51.3144447],[3.8355909,51.3144434],[3.835728,51.3144138],[3.8358349,51.3143554],[3.8358702,51.3143416],[3.836011,51.3142642],[3.8360122,51.3142634],[3.8360163,51.3142616],[3.8361554,51.3142472],[3.8362049,51.3142628],[3.8362296,51.3143067]]},"properties":{"rawObjectClass":"DEPCNT","VALDCO":2.5,"depthDatum":"Approximate LAT","depthDatumCode":42,"depthDatumStatus":"VERIFIED_FROM_OFFICIAL_DOCUMENTATION","verticalDatum":"Local Datum","verticalDatumCode":24,"napIdentityStatus":"UNVERIFIED","sourceKind":"official","sourceCellId":"1R7687LI","sourceStableId":"1F2B6A429E1C75F7","sourceChecksum":"15df29d0ae5fbc875483ea2addc2d4e6c9148a876bdf65f0adfc75742fe31c47","pipelineFeatureId":"1R7687LI/DEPCNT/1280474768","provenance":{"cellId":"1R7687LI","checksum":"15df29d0ae5fbc875483ea2addc2d4e6c9148a876bdf65f0adfc75742fe31c47","readerVersion":"GDAL 3.2.2","processedAt":"2026-08-11T13:43:44.753Z"},"sourceProperties":{"RCID":1280474768,"PRIM":2,"GRUP":2,"OBJL":43,"RVER":1,"AGEN":7979,"FIDN":1782750748,"FIDS":30199,"LNAM":"1F2B6A429E1C75F7","VALDCO":2.5,"SCAMIN":15000,"sourceCellId":"1R7687LI","sourceChecksum":"15df29d0ae5fbc875483ea2addc2d4e6c9148a876bdf65f0adfc75742fe31c47","rawObjectClass":"DEPCNT","sourceStableId":"1F2B6A429E1C75F7"}}},{"type":"Feature","geometry":{"type":"LineString","coordinates":[[3.8392322,51.2784012],[3.839264,51.2784518],[3.8393536,51.2785258],[3.8393663,51.278541],[3.8393783,51.2785491],[3.8394146,51.2786306],[3.8394154,51.2786526],[3.8394175,51.2787205],[3.8394047,51.2787967],[3.8394013,51.2788105],[3.839409,51.2788849],[3.839407,51.2789004],[3.8393984,51.2789827],[3.8393983,51.2789904],[3.8393986,51.278998],[3.8393983,51.2790803],[3.8393894,51.2791617],[3.8393854,51.2791703],[3.8393854,51.279173],[3.839329,51.2792606],[3.8393287,51.2793003],[3.8393074,51.2793507],[3.839307,51.2794052],[3.8393009,51.2794407],[3.8393037,51.2794982],[3.8392965,51.2795306],[3.8392976,51.2795931],[3.8392934,51.2796206],[3.8392864,51.2796913],[3.8392835,51.2797106],[3.8392594,51.2797996],[3.8392591,51.2798007],[3.8392578,51.2798046],[3.8391968,51.279891],[3.8391975,51.2799303],[3.839176,51.2799811],[3.8391774,51.2800341],[3.8391718,51.2800711],[3.8391728,51.280128],[3.8391655,51.280161],[3.8391678,51.2802222],[3.8391677,51.2802509],[3.8391624,51.2803166],[3.8391567,51.2803409],[3.8391288,51.2804292],[3.8391283,51.2804311],[3.839126,51.2804416],[3.8390828,51.2805213],[3.8390821,51.2805501],[3.8390462,51.2806115],[3.8390454,51.2806646],[3.8390362,51.2807015],[3.839035,51.2807622],[3.839032,51.2807914],[3.8390291,51.280857],[3.8390231,51.2808814],[3.8390056,51.2809631],[3.8390024,51.2809715],[3.8389969,51.2810596],[3.8389965,51.2810615],[3.838994,51.2810673],[3.8389088,51.281152],[3.8389122,51.2812048],[3.8388919,51.2812421],[3.8388936,51.2813078],[3.8388874,51.281332],[3.8388861,51.2814035],[3.8388801,51.281422],[3.8388728,51.2815031],[3.8388709,51.281512],[3.8388593,51.2815448],[3.8387879,51.2816025],[3.8387881,51.2816484],[3.8387574,51.2816926],[3.8387575,51.2817589],[3.8387507,51.2817826],[3.8387481,51.2818559],[3.838743,51.2818726],[3.8387226,51.2819105],[3.8386211,51.2819374],[3.8385796,51.2819336],[3.8385711,51.2819308]]},"properties":{"rawObjectClass":"DEPCNT","VALDCO":2.5,"depthDatum":"Approximate LAT","depthDatumCode":42,"depthDatumStatus":"VERIFIED_FROM_OFFICIAL_DOCUMENTATION","verticalDatum":"Local Datum","verticalDatumCode":24,"napIdentityStatus":"UNVERIFIED","sourceKind":"official","sourceCellId":"1R7687LI","sourceStableId":"1F2B6A429E1C75F8","sourceChecksum":"15df29d0ae5fbc875483ea2addc2d4e6c9148a876bdf65f0adfc75742fe31c47","pipelineFeatureId":"1R7687LI/DEPCNT/1280474770","provenance":{"cellId":"1R7687LI","checksum":"15df29d0ae5fbc875483ea2addc2d4e6c9148a876bdf65f0adfc75742fe31c47","readerVersion":"GDAL 3.2.2","processedAt":"2026-08-11T13:43:44.753Z"},"sourceProperties":{"RCID":1280474770,"PRIM":2,"GRUP":2,"OBJL":43,"RVER":1,"AGEN":7979,"FIDN":1782750748,"FIDS":30200,"LNAM":"1F2B6A429E1C75F8","VALDCO":2.5,"SCAMIN":15000,"sourceCellId":"1R7687LI","sourceChecksum":"15df29d0ae5fbc875483ea2addc2d4e6c9148a876bdf65f0adfc75742fe31c47","rawObjectClass":"DEPCNT","sourceStableId":"1F2B6A429E1C75F8"}}},{"type":"Feature","geometry":{"type":"LineString","coordinates":[[3.8306173,51.3049895],[3.8306182,51.3050406],[3.8305381,51.3051161]]},"properties":{"rawObjectClass":"DEPCNT","VALDCO":2.5,"depthDatum":"Approximate LAT","depthDatumCode":42,"depthDatumStatus":"VERIFIED_FROM_OFFICIAL_DOCUMENTATION","verticalDatum":"Local Datum","verticalDatumCode":24,"napIdentityStatus":"UNVERIFIED","sourceKind":"official","sourceCellId":"1R7687LI","sourceStableId":"1F2B6A429E1C75F9","sourceChecksum":"15df29d0ae5fbc875483ea2addc2d4e6c9148a876bdf65f0adfc75742fe31c47","pipelineFeatureId":"1R7687LI/DEPCNT/1280474771","provenance":{"cellId":"1R7687LI","checksum":"15df29d0ae5fbc875483ea2addc2d4e6c9148a876bdf65f0adfc75742fe31c47","readerVersion":"GDAL 3.2.2","processedAt":"2026-08-11T13:43:44.753Z"},"sourceProperties":{"RCID":1280474771,"PRIM":2,"GRUP":2,"OBJL":43,"RVER":1,"AGEN":7979,"FIDN":1782750748,"FIDS":30201,"LNAM":"1F2B6A429E1C75F9","VALDCO":2.5,"SCAMIN":15000,"sourceCellId":"1R7687LI","sourceChecksum":"15df29d0ae5fbc875483ea2addc2d4e6c9148a876bdf65f0adfc75742fe31c47","rawObjectClass":"DEPCNT","sourceStableId":"1F2B6A429E1C75F9"}}},{"type":"Feature","geometry":{"type":"LineString","coordinates":[[3.8303608,51.3056997],[3.8303573,51.3057618],[3.8303384,51.3058049],[3.8303089,51.3058521],[3.8302649,51.3058761],[3.8302649,51.3058762]]},"properties":{"rawObjectClass":"DEPCNT","VALDCO":2.5,"depthDatum":"Approximate LAT","depthDatumCode":42,"depthDatumStatus":"VERIFIED_FROM_OFFICIAL_DOCUMENTATION","verticalDatum":"Local Datum","verticalDatumCode":24,"napIdentityStatus":"UNVERIFIED","sourceKind":"official","sourceCellId":"1R7687LI","sourceStableId":"1F2B6A429E1C75FA","sourceChecksum":"15df29d0ae5fbc875483ea2addc2d4e6c9148a876bdf65f0adfc75742fe31c47","pipelineFeatureId":"1R7687LI/DEPCNT/1280474772","provenance":{"cellId":"1R7687LI","checksum":"15df29d0ae5fbc875483ea2addc2d4e6c9148a876bdf65f0adfc75742fe31c47","readerVersion":"GDAL 3.2.2","processedAt":"2026-08-11T13:43:44.753Z"},"sourceProperties":{"RCID":1280474772,"PRIM":2,"GRUP":2,"OBJL":43,"RVER":1,"AGEN":7979,"FIDN":1782750748,"FIDS":30202,"LNAM":"1F2B6A429E1C75FA","VALDCO":2.5,"SCAMIN":15000,"sourceCellId":"1R7687LI","sourceChecksum":"15df29d0ae5fbc875483ea2addc2d4e6c9148a876bdf65f0adfc75742fe31c47","rawObjectClass":"DEPCNT","sourceStableId":"1F2B6A429E1C75FA"}}},{"type":"Feature","geometry":{"type":"LineString","coordinates":[[3.8251603,51.3158545],[3.8252044,51.3158695],[3.8252811,51.3159558],[3.8252814,51.3159588],[3.8252812,51.3159589],[3.8252812,51.3159594],[3.8252801,51.3159589],[3.8251363,51.3158837]]},"properties":{"rawObjectClass":"DEPCNT","VALDCO":2.5,"depthDatum":"Approximate LAT","depthDatumCode":42,"depthDatumStatus":"VERIFIED_FROM_OFFICIAL_DOCUMENTATION","verticalDatum":"Local Datum","verticalDatumCode":24,"napIdentityStatus":"UNVERIFIED","sourceKind":"official","sourceCellId":"1R7687LI","sourceStableId":"1F2B6A429E1C75FB","sourceChecksum":"15df29d0ae5fbc875483ea2addc2d4e6c9148a876bdf65f0adfc75742fe31c47","pipelineFeatureId":"1R7687LI/DEPCNT/1280474773","provenance":{"cellId":"1R7687LI","checksum":"15df29d0ae5fbc875483ea2addc2d4e6c9148a876bdf65f0adfc75742fe31c47","readerVersion":"GDAL 3.2.2","processedAt":"2026-08-11T13:43:44.753Z"},"sourceProperties":{"RCID":1280474773,"PRIM":2,"GRUP":2,"OBJL":43,"RVER":1,"AGEN":7979,"FIDN":1782750748,"FIDS":30203,"LNAM":"1F2B6A429E1C75FB","VALDCO":2.5,"SCAMIN":15000,"sourceCellId":"1R7687LI","sourceChecksum":"15df29d0ae5fbc875483ea2addc2d4e6c9148a876bdf65f0adfc75742fe31c47","rawObjectClass":"DEPCNT","sourceStableId":"1F2B6A429E1C75FB"}}},{"type":"Feature","geometry":{"type":"LineString","coordinates":[[3.8363387,51.3142368],[3.8363471,51.3141719],[3.8363305,51.3141036],[3.8363222,51.3140821],[3.8362953,51.3140515],[3.8362199,51.3140358],[3.8361516,51.3140385],[3.8361104,51.3139937],[3.8360062,51.3139307],[3.8359831,51.3139047],[3.8359316,51.3138592],[3.8359479,51.3138151],[3.8359718,51.3137949]]},"properties":{"rawObjectClass":"DEPCNT","VALDCO":2.5,"depthDatum":"Approximate LAT","depthDatumCode":42,"depthDatumStatus":"VERIFIED_FROM_OFFICIAL_DOCUMENTATION","verticalDatum":"Local Datum","verticalDatumCode":24,"napIdentityStatus":"UNVERIFIED","sourceKind":"official","sourceCellId":"1R7687LI","sourceStableId":"1F2B6A429E1C75FC","sourceChecksum":"15df29d0ae5fbc875483ea2addc2d4e6c9148a876bdf65f0adfc75742fe31c47","pipelineFeatureId":"1R7687LI/DEPCNT/1280474774","provenance":{"cellId":"1R7687LI","checksum":"15df29d0ae5fbc875483ea2addc2d4e6c9148a876bdf65f0adfc75742fe31c47","readerVersion":"GDAL 3.2.2","processedAt":"2026-08-11T13:43:44.753Z"},"sourceProperties":{"RCID":1280474774,"PRIM":2,"GRUP":2,"OBJL":43,"RVER":1,"AGEN":7979,"FIDN":1782750748,"FIDS":30204,"LNAM":"1F2B6A429E1C75FC","VALDCO":2.5,"SCAMIN":15000,"sourceCellId":"1R7687LI","sourceChecksum":"15df29d0ae5fbc875483ea2addc2d4e6c9148a876bdf65f0adfc75742fe31c47","rawObjectClass":"DEPCNT","sourceStableId":"1F2B6A429E1C75FC"}}},{"type":"Feature","geometry":{"type":"LineString","coordinates":[[3.8293035,51.3087423],[3.8292891,51.3088267],[3.8292968,51.308905],[3.829299,51.3089166],[3.8291734,51.3089964]]},"properties":{"rawObjectClass":"DEPCNT","VALDCO":2.5,"depthDatum":"Approximate LAT","depthDatumCode":42,"depthDatumStatus":"VERIFIED_FROM_OFFICIAL_DOCUMENTATION","verticalDatum":"Local Datum","verticalDatumCode":24,"napIdentityStatus":"UNVERIFIED","sourceKind":"official","sourceCellId":"1R7687LI","sourceStableId":"1F2B6A429E1C75FD","sourceChecksum":"15df29d0ae5fbc875483ea2addc2d4e6c9148a876bdf65f0adfc75742fe31c47","pipelineFeatureId":"1R7687LI/DEPCNT/1280474775","provenance":{"cellId":"1R7687LI","checksum":"15df29d0ae5fbc875483ea2addc2d4e6c9148a876bdf65f0adfc75742fe31c47","readerVersion":"GDAL 3.2.2","processedAt":"2026-08-11T13:43:44.753Z"},"sourceProperties":{"RCID":1280474775,"PRIM":2,"GRUP":2,"OBJL":43,"RVER":1,"AGEN":7979,"FIDN":1782750748,"FIDS":30205,"LNAM":"1F2B6A429E1C75FD","VALDCO":2.5,"SCAMIN":15000,"sourceCellId":"1R7687LI","sourceChecksum":"15df29d0ae5fbc875483ea2addc2d4e6c9148a876bdf65f0adfc75742fe31c47","rawObjectClass":"DEPCNT","sourceStableId":"1F2B6A429E1C75FD"}}},{"type":"Feature","geometry":{"type":"LineString","coordinates":[[3.8342004,51.2934755],[3.834245,51.2935047],[3.8342852,51.2935419],[3.8342222,51.2935948],[3.8342089,51.2936819],[3.8342073,51.2936849],[3.8342084,51.2937732],[3.8342083,51.2937748],[3.834206,51.2937838],[3.8341695,51.2937981],[3.8341384,51.2937753],[3.8341305,51.2937322],[3.8341303,51.2937323]]},"properties":{"rawObjectClass":"DEPCNT","VALDCO":2.5,"depthDatum":"Approximate LAT","depthDatumCode":42,"depthDatumStatus":"VERIFIED_FROM_OFFICIAL_DOCUMENTATION","verticalDatum":"Local Datum","verticalDatumCode":24,"napIdentityStatus":"UNVERIFIED","sourceKind":"official","sourceCellId":"1R7687LI","sourceStableId":"1F2B6A429E1C75FE","sourceChecksum":"15df29d0ae5fbc875483ea2addc2d4e6c9148a876bdf65f0adfc75742fe31c47","pipelineFeatureId":"1R7687LI/DEPCNT/1280474777","provenance":{"cellId":"1R7687LI","checksum":"15df29d0ae5fbc875483ea2addc2d4e6c9148a876bdf65f0adfc75742fe31c47","readerVersion":"GDAL 3.2.2","processedAt":"2026-08-11T13:43:44.753Z"},"sourceProperties":{"RCID":1280474777,"PRIM":2,"GRUP":2,"OBJL":43,"RVER":1,"AGEN":7979,"FIDN":1782750748,"FIDS":30206,"LNAM":"1F2B6A429E1C75FE","VALDCO":2.5,"SCAMIN":15000,"sourceCellId":"1R7687LI","sourceChecksum":"15df29d0ae5fbc875483ea2addc2d4e6c9148a876bdf65f0adfc75742fe31c47","rawObjectClass":"DEPCNT","sourceStableId":"1F2B6A429E1C75FE"}}},{"type":"Feature","geometry":{"type":"LineString","coordinates":[[3.8389731,51.2877883],[3.8389425,51.2877347],[3.8389519,51.2877161],[3.8389658,51.2876288],[3.838967,51.287626],[3.8389699,51.2876112],[3.8390605,51.2875354],[3.8390573,51.2874791],[3.8390926,51.2874453],[3.8390899,51.2873672],[3.8390969,51.2873553],[3.8391083,51.2873363],[3.8391923,51.2872871]]},"properties":{"rawObjectClass":"DEPCNT","VALDCO":2.5,"depthDatum":"Approximate LAT","depthDatumCode":42,"depthDatumStatus":"VERIFIED_FROM_OFFICIAL_DOCUMENTATION","verticalDatum":"Local Datum","verticalDatumCode":24,"napIdentityStatus":"UNVERIFIED","sourceKind":"official","sourceCellId":"1R7687LI","sourceStableId":"1F2B6A429E1C75FF","sourceChecksum":"15df29d0ae5fbc875483ea2addc2d4e6c9148a876bdf65f0adfc75742fe31c47","pipelineFeatureId":"1R7687LI/DEPCNT/1280474778","provenance":{"cellId":"1R7687LI","checksum":"15df29d0ae5fbc875483ea2addc2d4e6c9148a876bdf65f0adfc75742fe31c47","readerVersion":"GDAL 3.2.2","processedAt":"2026-08-11T13:43:44.753Z"},"sourceProperties":{"RCID":1280474778,"PRIM":2,"GRUP":2,"OBJL":43,"RVER":1,"AGEN":7979,"FIDN":1782750748,"FIDS":30207,"LNAM":"1F2B6A429E1C75FF","VALDCO":2.5,"SCAMIN":15000,"sourceCellId":"1R7687LI","sourceChecksum":"15df29d0ae5fbc875483ea2addc2d4e6c9148a876bdf65f0adfc75742fe31c47","rawObjectClass":"DEPCNT","sourceStableId":"1F2B6A429E1C75FF"}}},{"type":"Feature","geometry":{"type":"LineString","coordinates":[[3.8333078,51.2967651],[3.8334002,51.2968064],[3.8334123,51.2968378],[3.8334128,51.2968453],[3.8334205,51.2969277],[3.8334216,51.2970064],[3.8334207,51.2970176],[3.8334259,51.2970946],[3.8334253,51.2971075],[3.8334233,51.2971872],[3.8334232,51.2971974],[3.8334141,51.2972841],[3.8334141,51.2972874],[3.8334092,51.2973034],[3.8332899,51.2973782],[3.8332685,51.2974547]]},"properties":{"rawObjectClass":"DEPCNT","VALDCO":2.5,"depthDatum":"Approximate LAT","depthDatumCode":42,"depthDatumStatus":"VERIFIED_FROM_OFFICIAL_DOCUMENTATION","verticalDatum":"Local Datum","verticalDatumCode":24,"napIdentityStatus":"UNVERIFIED","sourceKind":"official","sourceCellId":"1R7687LI","sourceStableId":"1F2B6A429E1C7600","sourceChecksum":"15df29d0ae5fbc875483ea2addc2d4e6c9148a876bdf65f0adfc75742fe31c47","pipelineFeatureId":"1R7687LI/DEPCNT/1280474779","provenance":{"cellId":"1R7687LI","checksum":"15df29d0ae5fbc875483ea2addc2d4e6c9148a876bdf65f0adfc75742fe31c47","readerVersion":"GDAL 3.2.2","processedAt":"2026-08-11T13:43:44.753Z"},"sourceProperties":{"RCID":1280474779,"PRIM":2,"GRUP":2,"OBJL":43,"RVER":1,"AGEN":7979,"FIDN":1782750748,"FIDS":30208,"LNAM":"1F2B6A429E1C7600","VALDCO":2.5,"SCAMIN":15000,"sourceCellId":"1R7687LI","sourceChecksum":"15df29d0ae5fbc875483ea2addc2d4e6c9148a876bdf65f0adfc75742fe31c47","rawObjectClass":"DEPCNT","sourceStableId":"1F2B6A429E1C7600"}}},{"type":"Feature","geometry":{"type":"LineString","coordinates":[[3.8358561,51.2898797],[3.8358562,51.2898797],[3.8359734,51.2898056],[3.8358977,51.2897789]]},"properties":{"rawObjectClass":"DEPCNT","VALDCO":2.5,"depthDatum":"Approximate LAT","depthDatumCode":42,"depthDatumStatus":"VERIFIED_FROM_OFFICIAL_DOCUMENTATION","verticalDatum":"Local Datum","verticalDatumCode":24,"napIdentityStatus":"UNVERIFIED","sourceKind":"official","sourceCellId":"1R7687LI","sourceStableId":"1F2B6A429E1C7601","sourceChecksum":"15df29d0ae5fbc875483ea2addc2d4e6c9148a876bdf65f0adfc75742fe31c47","pipelineFeatureId":"1R7687LI/DEPCNT/1280474780","provenance":{"cellId":"1R7687LI","checksum":"15df29d0ae5fbc875483ea2addc2d4e6c9148a876bdf65f0adfc75742fe31c47","readerVersion":"GDAL 3.2.2","processedAt":"2026-08-11T13:43:44.753Z"},"sourceProperties":{"RCID":1280474780,"PRIM":2,"GRUP":2,"OBJL":43,"RVER":1,"AGEN":7979,"FIDN":1782750748,"FIDS":30209,"LNAM":"1F2B6A429E1C7601","VALDCO":2.5,"SCAMIN":15000,"sourceCellId":"1R7687LI","sourceChecksum":"15df29d0ae5fbc875483ea2addc2d4e6c9148a876bdf65f0adfc75742fe31c47","rawObjectClass":"DEPCNT","sourceStableId":"1F2B6A429E1C7601"}}},{"type":"Feature","geometry":{"type":"LineString","coordinates":[[3.8407517,51.2833536],[3.8407468,51.2833024],[3.8407492,51.283297],[3.8407483,51.2832926],[3.8407397,51.2832071],[3.8407358,51.2831275],[3.8407406,51.2831172],[3.8407516,51.283093],[3.8408532,51.2830264],[3.8408502,51.2829632],[3.8408664,51.2829364],[3.8408562,51.2828683],[3.8408674,51.2828465],[3.8408643,51.2827722],[3.8408696,51.2827566],[3.8408883,51.2827271],[3.8409816,51.2826658],[3.8409804,51.2826067],[3.8409905,51.2825758],[3.8409881,51.2825108],[3.8410012,51.2824858],[3.841,51.2824122],[3.8410072,51.2823959],[3.8409935,51.2823254],[3.8410025,51.282306],[3.8410236,51.2822834],[3.8411311,51.2822826],[3.8411316,51.2822826]]},"properties":{"rawObjectClass":"DEPCNT","VALDCO":2.5,"depthDatum":"Approximate LAT","depthDatumCode":42,"depthDatumStatus":"VERIFIED_FROM_OFFICIAL_DOCUMENTATION","verticalDatum":"Local Datum","verticalDatumCode":24,"napIdentityStatus":"UNVERIFIED","sourceKind":"official","sourceCellId":"1R7687LI","sourceStableId":"1F2B6A429E1C7602","sourceChecksum":"15df29d0ae5fbc875483ea2addc2d4e6c9148a876bdf65f0adfc75742fe31c47","pipelineFeatureId":"1R7687LI/DEPCNT/1280474781","provenance":{"cellId":"1R7687LI","checksum":"15df29d0ae5fbc875483ea2addc2d4e6c9148a876bdf65f0adfc75742fe31c47","readerVersion":"GDAL 3.2.2","processedAt":"2026-08-11T13:43:44.753Z"},"sourceProperties":{"RCID":1280474781,"PRIM":2,"GRUP":2,"OBJL":43,"RVER":1,"AGEN":7979,"FIDN":1782750748,"FIDS":30210,"LNAM":"1F2B6A429E1C7602","VALDCO":2.5,"SCAMIN":15000,"sourceCellId":"1R7687LI","sourceChecksum":"15df29d0ae5fbc875483ea2addc2d4e6c9148a876bdf65f0adfc75742fe31c47","rawObjectClass":"DEPCNT","sourceStableId":"1F2B6A429E1C7602"}}},{"type":"Feature","geometry":{"type":"LineString","coordinates":[[3.8305288,51.3053191],[3.8305063,51.3054011],[3.8304005,51.3054422]]},"properties":{"rawObjectClass":"DEPCNT","VALDCO":2.5,"depthDatum":"Approximate LAT","depthDatumCode":42,"depthDatumStatus":"VERIFIED_FROM_OFFICIAL_DOCUMENTATION","verticalDatum":"Local Datum","verticalDatumCode":24,"napIdentityStatus":"UNVERIFIED","sourceKind":"official","sourceCellId":"1R7687LI","sourceStableId":"1F2B6A429E1C7603","sourceChecksum":"15df29d0ae5fbc875483ea2addc2d4e6c9148a876bdf65f0adfc75742fe31c47","pipelineFeatureId":"1R7687LI/DEPCNT/1280474782","provenance":{"cellId":"1R7687LI","checksum":"15df29d0ae5fbc875483ea2addc2d4e6c9148a876bdf65f0adfc75742fe31c47","readerVersion":"GDAL 3.2.2","processedAt":"2026-08-11T13:43:44.753Z"},"sourceProperties":{"RCID":1280474782,"PRIM":2,"GRUP":2,"OBJL":43,"RVER":1,"AGEN":7979,"FIDN":1782750748,"FIDS":30211,"LNAM":"1F2B6A429E1C7603","VALDCO":2.5,"SCAMIN":15000,"sourceCellId":"1R7687LI","sourceChecksum":"15df29d0ae5fbc875483ea2addc2d4e6c9148a876bdf65f0adfc75742fe31c47","rawObjectClass":"DEPCNT","sourceStableId":"1F2B6A429E1C7603"}}},{"type":"Feature","geometry":{"type":"LineString","coordinates":[[3.8377294,51.2907953],[3.8377287,51.2907874],[3.837733,51.2907822],[3.8377285,51.2906966],[3.8377293,51.2906923],[3.8377254,51.2906076],[3.8377261,51.2906024],[3.8377335,51.2905919],[3.8378211,51.2905371]]},"properties":{"rawObjectClass":"DEPCNT","VALDCO":2.5,"depthDatum":"Approximate LAT","depthDatumCode":42,"depthDatumStatus":"VERIFIED_FROM_OFFICIAL_DOCUMENTATION","verticalDatum":"Local Datum","verticalDatumCode":24,"napIdentityStatus":"UNVERIFIED","sourceKind":"official","sourceCellId":"1R7687LI","sourceStableId":"1F2B6A429E1C7604","sourceChecksum":"15df29d0ae5fbc875483ea2addc2d4e6c9148a876bdf65f0adfc75742fe31c47","pipelineFeatureId":"1R7687LI/DEPCNT/1280474783","provenance":{"cellId":"1R7687LI","checksum":"15df29d0ae5fbc875483ea2addc2d4e6c9148a876bdf65f0adfc75742fe31c47","readerVersion":"GDAL 3.2.2","processedAt":"2026-08-11T13:43:44.753Z"},"sourceProperties":{"RCID":1280474783,"PRIM":2,"GRUP":2,"OBJL":43,"RVER":1,"AGEN":7979,"FIDN":1782750748,"FIDS":30212,"LNAM":"1F2B6A429E1C7604","VALDCO":2.5,"SCAMIN":15000,"sourceCellId":"1R7687LI","sourceChecksum":"15df29d0ae5fbc875483ea2addc2d4e6c9148a876bdf65f0adfc75742fe31c47","rawObjectClass":"DEPCNT","sourceStableId":"1F2B6A429E1C7604"}}},{"type":"Feature","geometry":{"type":"LineString","coordinates":[[3.8294624,51.3080947],[3.8294614,51.3081062],[3.8294626,51.3081175],[3.8294724,51.308196],[3.8294463,51.3082169]]},"properties":{"rawObjectClass":"DEPCNT","VALDCO":2,"depthDatum":"Approximate LAT","depthDatumCode":42,"depthDatumStatus":"VERIFIED_FROM_OFFICIAL_DOCUMENTATION","verticalDatum":"Local Datum","verticalDatumCode":24,"napIdentityStatus":"UNVERIFIED","sourceKind":"official","sourceCellId":"1R7687LI","sourceStableId":"1F2B6A429E1C7605","sourceChecksum":"15df29d0ae5fbc875483ea2addc2d4e6c9148a876bdf65f0adfc75742fe31c47","pipelineFeatureId":"1R7687LI/DEPCNT/1280474785","provenance":{"cellId":"1R7687LI","checksum":"15df29d0ae5fbc875483ea2addc2d4e6c9148a876bdf65f0adfc75742fe31c47","readerVersion":"GDAL 3.2.2","processedAt":"2026-08-11T13:43:44.753Z"},"sourceProperties":{"RCID":1280474785,"PRIM":2,"GRUP":2,"OBJL":43,"RVER":1,"AGEN":7979,"FIDN":1782750748,"FIDS":30213,"LNAM":"1F2B6A429E1C7605","VALDCO":2,"SCAMIN":300000,"sourceCellId":"1R7687LI","sourceChecksum":"15df29d0ae5fbc875483ea2addc2d4e6c9148a876bdf65f0adfc75742fe31c47","rawObjectClass":"DEPCNT","sourceStableId":"1F2B6A429E1C7605"}}},{"type":"Feature","geometry":{"type":"LineString","coordinates":[[3.8392369,51.2784968],[3.8392745,51.2785416],[3.8393794,51.2786124],[3.8393876,51.2786307],[3.8393878,51.2786357],[3.8393904,51.2787206],[3.8393823,51.2787692],[3.8393332,51.278811],[3.8393846,51.2788961],[3.839385,51.2789003],[3.8393847,51.2789032],[3.8393252,51.2789909],[3.8393258,51.2790293],[3.8393213,51.2790808],[3.8393148,51.2791273],[3.8392946,51.279171],[3.8392934,51.279232],[3.8392747,51.279261],[3.8392742,51.2793353],[3.8392676,51.279351],[3.839267,51.2794309],[3.8392652,51.2794409],[3.8392692,51.2795204],[3.8392668,51.2795308],[3.8392683,51.2796119],[3.839267,51.2796208],[3.8392581,51.2797094],[3.8392579,51.2797107],[3.8392562,51.2797173],[3.8391637,51.2798013],[3.8391684,51.279858],[3.8391448,51.2798914],[3.8391461,51.2799632],[3.8391384,51.2799814],[3.8391405,51.2800578],[3.8391384,51.2800713],[3.8391399,51.2801492],[3.8391372,51.2801612],[3.8391401,51.28024],[3.8391401,51.2802511],[3.8391334,51.2803353],[3.839132,51.2803411],[3.8391246,51.2803645],[3.8390416,51.2804317],[3.8390404,51.2804859],[3.8390209,51.2805218],[3.8390194,51.2805903],[3.8390068,51.2806118],[3.8390056,51.2806902],[3.8390027,51.2807017],[3.8390011,51.280784],[3.8390003,51.2807917],[3.8389964,51.280878],[3.8389955,51.2808816],[3.838991,51.2809025],[3.838893,51.2809723],[3.8388779,51.281045],[3.8388701,51.2810624],[3.8388665,51.2811432],[3.8388573,51.2811524],[3.8388627,51.2812366],[3.8388596,51.2812423],[3.8388618,51.2813282],[3.8388608,51.2813322],[3.8388592,51.2814208],[3.8388587,51.2814221],[3.8388574,51.2814371],[3.8387215,51.281513],[3.8387354,51.2815912],[3.8387208,51.281603],[3.8387211,51.2816913],[3.83872,51.2816929],[3.8387202,51.2817771]]},"properties":{"rawObjectClass":"DEPCNT","VALDCO":2,"depthDatum":"Approximate LAT","depthDatumCode":42,"depthDatumStatus":"VERIFIED_FROM_OFFICIAL_DOCUMENTATION","verticalDatum":"Local Datum","verticalDatumCode":24,"napIdentityStatus":"UNVERIFIED","sourceKind":"official","sourceCellId":"1R7687LI","sourceStableId":"1F2B6A429E1C7606","sourceChecksum":"15df29d0ae5fbc875483ea2addc2d4e6c9148a876bdf65f0adfc75742fe31c47","pipelineFeatureId":"1R7687LI/DEPCNT/1280474786","provenance":{"cellId":"1R7687LI","checksum":"15df29d0ae5fbc875483ea2addc2d4e6c9148a876bdf65f0adfc75742fe31c47","readerVersion":"GDAL 3.2.2","processedAt":"2026-08-11T13:43:44.753Z"},"sourceProperties":{"RCID":1280474786,"PRIM":2,"GRUP":2,"OBJL":43,"RVER":1,"AGEN":7979,"FIDN":1782750748,"FIDS":30214,"LNAM":"1F2B6A429E1C7606","VALDCO":2,"SCAMIN":300000,"sourceCellId":"1R7687LI","sourceChecksum":"15df29d0ae5fbc875483ea2addc2d4e6c9148a876bdf65f0adfc75742fe31c47","rawObjectClass":"DEPCNT","sourceStableId":"1F2B6A429E1C7606"}}},{"type":"Feature","geometry":{"type":"LineString","coordinates":[[3.8364117,51.31419],[3.8364141,51.3141714],[3.8364094,51.3141518],[3.8363819,51.3140817],[3.8363506,51.3140459]]},"properties":{"rawObjectClass":"DEPCNT","VALDCO":2,"depthDatum":"Approximate LAT","depthDatumCode":42,"depthDatumStatus":"VERIFIED_FROM_OFFICIAL_DOCUMENTATION","verticalDatum":"Local Datum","verticalDatumCode":24,"napIdentityStatus":"UNVERIFIED","sourceKind":"official","sourceCellId":"1R7687LI","sourceStableId":"1F2B6A429E1C7607","sourceChecksum":"15df29d0ae5fbc875483ea2addc2d4e6c9148a876bdf65f0adfc75742fe31c47","pipelineFeatureId":"1R7687LI/DEPCNT/1280474787","provenance":{"cellId":"1R7687LI","checksum":"15df29d0ae5fbc875483ea2addc2d4e6c9148a876bdf65f0adfc75742fe31c47","readerVersion":"GDAL 3.2.2","processedAt":"2026-08-11T13:43:44.753Z"},"sourceProperties":{"RCID":1280474787,"PRIM":2,"GRUP":2,"OBJL":43,"RVER":1,"AGEN":7979,"FIDN":1782750748,"FIDS":30215,"LNAM":"1F2B6A429E1C7607","VALDCO":2,"SCAMIN":300000,"sourceCellId":"1R7687LI","sourceChecksum":"15df29d0ae5fbc875483ea2addc2d4e6c9148a876bdf65f0adfc75742fe31c47","rawObjectClass":"DEPCNT","sourceStableId":"1F2B6A429E1C7607"}}},{"type":"Feature","geometry":{"type":"LineString","coordinates":[[3.8292239,51.3087933],[3.8292181,51.3088273],[3.8292212,51.3088587],[3.8292326,51.3089171],[3.8291727,51.3089552],[3.8291727,51.3089553]]},"properties":{"rawObjectClass":"DEPCNT","VALDCO":2,"depthDatum":"Approximate LAT","depthDatumCode":42,"depthDatumStatus":"VERIFIED_FROM_OFFICIAL_DOCUMENTATION","verticalDatum":"Local Datum","verticalDatumCode":24,"napIdentityStatus":"UNVERIFIED","sourceKind":"official","sourceCellId":"1R7687LI","sourceStableId":"1F2B6A429E1C7608","sourceChecksum":"15df29d0ae5fbc875483ea2addc2d4e6c9148a876bdf65f0adfc75742fe31c47","pipelineFeatureId":"1R7687LI/DEPCNT/1280474788","provenance":{"cellId":"1R7687LI","checksum":"15df29d0ae5fbc875483ea2addc2d4e6c9148a876bdf65f0adfc75742fe31c47","readerVersion":"GDAL 3.2.2","processedAt":"2026-08-11T13:43:44.753Z"},"sourceProperties":{"RCID":1280474788,"PRIM":2,"GRUP":2,"OBJL":43,"RVER":1,"AGEN":7979,"FIDN":1782750748,"FIDS":30216,"LNAM":"1F2B6A429E1C7608","VALDCO":2,"SCAMIN":300000,"sourceCellId":"1R7687LI","sourceChecksum":"15df29d0ae5fbc875483ea2addc2d4e6c9148a876bdf65f0adfc75742fe31c47","rawObjectClass":"DEPCNT","sourceStableId":"1F2B6A429E1C7608"}}},{"type":"Feature","geometry":{"type":"LineString","coordinates":[[3.8346773,51.3150291],[3.8345912,51.315028],[3.8344679,51.3150845],[3.8345484,51.3151118]]},"properties":{"rawObjectClass":"DEPCNT","VALDCO":2,"depthDatum":"Approximate LAT","depthDatumCode":42,"depthDatumStatus":"VERIFIED_FROM_OFFICIAL_DOCUMENTATION","verticalDatum":"Local Datum","verticalDatumCode":24,"napIdentityStatus":"UNVERIFIED","sourceKind":"official","sourceCellId":"1R7687LI","sourceStableId":"1F2B6A429E1C7609","sourceChecksum":"15df29d0ae5fbc875483ea2addc2d4e6c9148a876bdf65f0adfc75742fe31c47","pipelineFeatureId":"1R7687LI/DEPCNT/1280474789","provenance":{"cellId":"1R7687LI","checksum":"15df29d0ae5fbc875483ea2addc2d4e6c9148a876bdf65f0adfc75742fe31c47","readerVersion":"GDAL 3.2.2","processedAt":"2026-08-11T13:43:44.753Z"},"sourceProperties":{"RCID":1280474789,"PRIM":2,"GRUP":2,"OBJL":43,"RVER":1,"AGEN":7979,"FIDN":1782750748,"FIDS":30217,"LNAM":"1F2B6A429E1C7609","VALDCO":2,"SCAMIN":300000,"sourceCellId":"1R7687LI","sourceChecksum":"15df29d0ae5fbc875483ea2addc2d4e6c9148a876bdf65f0adfc75742fe31c47","rawObjectClass":"DEPCNT","sourceStableId":"1F2B6A429E1C7609"}}},{"type":"Feature","geometry":{"type":"LineString","coordinates":[[3.8358489,51.3136455],[3.8357369,51.313651],[3.835714,51.3136454],[3.8356998,51.3136459]]},"properties":{"rawObjectClass":"DEPCNT","VALDCO":2,"depthDatum":"Approximate LAT","depthDatumCode":42,"depthDatumStatus":"VERIFIED_FROM_OFFICIAL_DOCUMENTATION","verticalDatum":"Local Datum","verticalDatumCode":24,"napIdentityStatus":"UNVERIFIED","sourceKind":"official","sourceCellId":"1R7687LI","sourceStableId":"1F2B6A429E1C760A","sourceChecksum":"15df29d0ae5fbc875483ea2addc2d4e6c9148a876bdf65f0adfc75742fe31c47","pipelineFeatureId":"1R7687LI/DEPCNT/1280474790","provenance":{"cellId":"1R7687LI","checksum":"15df29d0ae5fbc875483ea2addc2d4e6c9148a876bdf65f0adfc75742fe31c47","readerVersion":"GDAL 3.2.2","processedAt":"2026-08-11T13:43:44.753Z"},"sourceProperties":{"RCID":1280474790,"PRIM":2,"GRUP":2,"OBJL":43,"RVER":1,"AGEN":7979,"FIDN":1782750748,"FIDS":30218,"LNAM":"1F2B6A429E1C760A","VALDCO":2,"SCAMIN":300000,"sourceCellId":"1R7687LI","sourceChecksum":"15df29d0ae5fbc875483ea2addc2d4e6c9148a876bdf65f0adfc75742fe31c47","rawObjectClass":"DEPCNT","sourceStableId":"1F2B6A429E1C760A"}}},{"type":"Feature","geometry":{"type":"LineString","coordinates":[[3.8308709,51.3040993],[3.83087,51.3041396],[3.8308084,51.3041775]]},"properties":{"rawObjectClass":"DEPCNT","VALDCO":2,"depthDatum":"Approximate LAT","depthDatumCode":42,"depthDatumStatus":"VERIFIED_FROM_OFFICIAL_DOCUMENTATION","verticalDatum":"Local Datum","verticalDatumCode":24,"napIdentityStatus":"UNVERIFIED","sourceKind":"official","sourceCellId":"1R7687LI","sourceStableId":"1F2B6A429E1C760B","sourceChecksum":"15df29d0ae5fbc875483ea2addc2d4e6c9148a876bdf65f0adfc75742fe31c47","pipelineFeatureId":"1R7687LI/DEPCNT/1280474791","provenance":{"cellId":"1R7687LI","checksum":"15df29d0ae5fbc875483ea2addc2d4e6c9148a876bdf65f0adfc75742fe31c47","readerVersion":"GDAL 3.2.2","processedAt":"2026-08-11T13:43:44.753Z"},"sourceProperties":{"RCID":1280474791,"PRIM":2,"GRUP":2,"OBJL":43,"RVER":1,"AGEN":7979,"FIDN":1782750748,"FIDS":30219,"LNAM":"1F2B6A429E1C760B","VALDCO":2,"SCAMIN":300000,"sourceCellId":"1R7687LI","sourceChecksum":"15df29d0ae5fbc875483ea2addc2d4e6c9148a876bdf65f0adfc75742fe31c47","rawObjectClass":"DEPCNT","sourceStableId":"1F2B6A429E1C760B"}}},{"type":"Feature","geometry":{"type":"LineString","coordinates":[[3.8300349,51.3064543],[3.8300341,51.3064835],[3.8299897,51.3065256]]},"properties":{"rawObjectClass":"DEPCNT","VALDCO":2,"depthDatum":"Approximate LAT","depthDatumCode":42,"depthDatumStatus":"VERIFIED_FROM_OFFICIAL_DOCUMENTATION","verticalDatum":"Local Datum","verticalDatumCode":24,"napIdentityStatus":"UNVERIFIED","sourceKind":"official","sourceCellId":"1R7687LI","sourceStableId":"1F2B6A429E1C760C","sourceChecksum":"15df29d0ae5fbc875483ea2addc2d4e6c9148a876bdf65f0adfc75742fe31c47","pipelineFeatureId":"1R7687LI/DEPCNT/1280474792","provenance":{"cellId":"1R7687LI","checksum":"15df29d0ae5fbc875483ea2addc2d4e6c9148a876bdf65f0adfc75742fe31c47","readerVersion":"GDAL 3.2.2","processedAt":"2026-08-11T13:43:44.753Z"},"sourceProperties":{"RCID":1280474792,"PRIM":2,"GRUP":2,"OBJL":43,"RVER":1,"AGEN":7979,"FIDN":1782750748,"FIDS":30220,"LNAM":"1F2B6A429E1C760C","VALDCO":2,"SCAMIN":300000,"sourceCellId":"1R7687LI","sourceChecksum":"15df29d0ae5fbc875483ea2addc2d4e6c9148a876bdf65f0adfc75742fe31c47","rawObjectClass":"DEPCNT","sourceStableId":"1F2B6A429E1C760C"}}},{"type":"Feature","geometry":{"type":"LineString","coordinates":[[3.8310226,51.3037291],[3.8310301,51.3037788],[3.8309453,51.3038325]]},"properties":{"rawObjectClass":"DEPCNT","VALDCO":2,"depthDatum":"Approximate LAT","depthDatumCode":42,"depthDatumStatus":"VERIFIED_FROM_OFFICIAL_DOCUMENTATION","verticalDatum":"Local Datum","verticalDatumCode":24,"napIdentityStatus":"UNVERIFIED","sourceKind":"official","sourceCellId":"1R7687LI","sourceStableId":"1F2B6A429E1C760D","sourceChecksum":"15df29d0ae5fbc875483ea2addc2d4e6c9148a876bdf65f0adfc75742fe31c47","pipelineFeatureId":"1R7687LI/DEPCNT/1280474793","provenance":{"cellId":"1R7687LI","checksum":"15df29d0ae5fbc875483ea2addc2d4e6c9148a876bdf65f0adfc75742fe31c47","readerVersion":"GDAL 3.2.2","processedAt":"2026-08-11T13:43:44.753Z"},"sourceProperties":{"RCID":1280474793,"PRIM":2,"GRUP":2,"OBJL":43,"RVER":1,"AGEN":7979,"FIDN":1782750748,"FIDS":30221,"LNAM":"1F2B6A429E1C760D","VALDCO":2,"SCAMIN":300000,"sourceCellId":"1R7687LI","sourceChecksum":"15df29d0ae5fbc875483ea2addc2d4e6c9148a876bdf65f0adfc75742fe31c47","rawObjectClass":"DEPCNT","sourceStableId":"1F2B6A429E1C760D"}}},{"type":"Feature","geometry":{"type":"LineString","coordinates":[[3.8301482,51.3061089],[3.8301493,51.306123],[3.8301265,51.3061571]]},"properties":{"rawObjectClass":"DEPCNT","VALDCO":2,"depthDatum":"Approximate LAT","depthDatumCode":42,"depthDatumStatus":"VERIFIED_FROM_OFFICIAL_DOCUMENTATION","verticalDatum":"Local Datum","verticalDatumCode":24,"napIdentityStatus":"UNVERIFIED","sourceKind":"official","sourceCellId":"1R7687LI","sourceStableId":"1F2B6A429E1C760E","sourceChecksum":"15df29d0ae5fbc875483ea2addc2d4e6c9148a876bdf65f0adfc75742fe31c47","pipelineFeatureId":"1R7687LI/DEPCNT/1280474794","provenance":{"cellId":"1R7687LI","checksum":"15df29d0ae5fbc875483ea2addc2d4e6c9148a876bdf65f0adfc75742fe31c47","readerVersion":"GDAL 3.2.2","processedAt":"2026-08-11T13:43:44.753Z"},"sourceProperties":{"RCID":1280474794,"PRIM":2,"GRUP":2,"OBJL":43,"RVER":1,"AGEN":7979,"FIDN":1782750748,"FIDS":30222,"LNAM":"1F2B6A429E1C760E","VALDCO":2,"SCAMIN":300000,"sourceCellId":"1R7687LI","sourceChecksum":"15df29d0ae5fbc875483ea2addc2d4e6c9148a876bdf65f0adfc75742fe31c47","rawObjectClass":"DEPCNT","sourceStableId":"1F2B6A429E1C760E"}}},{"type":"Feature","geometry":{"type":"LineString","coordinates":[[3.8352246,51.3147692],[3.8351602,51.3147513],[3.8350937,51.3148103],[3.8351272,51.3148316]]},"properties":{"rawObjectClass":"DEPCNT","VALDCO":2,"depthDatum":"Approximate LAT","depthDatumCode":42,"depthDatumStatus":"VERIFIED_FROM_OFFICIAL_DOCUMENTATION","verticalDatum":"Local Datum","verticalDatumCode":24,"napIdentityStatus":"UNVERIFIED","sourceKind":"official","sourceCellId":"1R7687LI","sourceStableId":"1F2B6A429E1C760F","sourceChecksum":"15df29d0ae5fbc875483ea2addc2d4e6c9148a876bdf65f0adfc75742fe31c47","pipelineFeatureId":"1R7687LI/DEPCNT/1280474795","provenance":{"cellId":"1R7687LI","checksum":"15df29d0ae5fbc875483ea2addc2d4e6c9148a876bdf65f0adfc75742fe31c47","readerVersion":"GDAL 3.2.2","processedAt":"2026-08-11T13:43:44.753Z"},"sourceProperties":{"RCID":1280474795,"PRIM":2,"GRUP":2,"OBJL":43,"RVER":1,"AGEN":7979,"FIDN":1782750748,"FIDS":30223,"LNAM":"1F2B6A429E1C760F","VALDCO":2,"SCAMIN":300000,"sourceCellId":"1R7687LI","sourceChecksum":"15df29d0ae5fbc875483ea2addc2d4e6c9148a876bdf65f0adfc75742fe31c47","rawObjectClass":"DEPCNT","sourceStableId":"1F2B6A429E1C760F"}}},{"type":"Feature","geometry":{"type":"LineString","coordinates":[[3.8316582,51.3164188],[3.8316549,51.3163634],[3.8317068,51.3162967],[3.8317402,51.3162729],[3.8317439,51.3162712],[3.8318811,51.316182],[3.8318858,51.3161793],[3.8319019,51.3161717],[3.8320287,51.3161492],[3.832124,51.3160903],[3.8321708,51.3160742],[3.8322832,51.3159993],[3.8323127,51.3159828],[3.8324058,51.3159396],[3.8324554,51.3159393],[3.8325144,51.3159077],[3.8325978,51.3158826],[3.8327077,51.3158164],[3.8327399,51.3158003],[3.8328748,51.3157253],[3.8328819,51.3157219],[3.8329034,51.3157116],[3.8330248,51.3156893],[3.8331181,51.3156337],[3.8331671,51.3156214],[3.8332929,51.3155425],[3.833309,51.3155348],[3.8333643,51.315507],[3.8334517,51.3154919],[3.833512,51.315451],[3.833594,51.3154237],[3.8336937,51.3153598],[3.833736,51.3153414],[3.8338498,51.3152688],[3.8338779,51.315255],[3.8339356,51.3152317],[3.834021,51.3152319],[3.8340993,51.3151771],[3.8341631,51.3151564],[3.8342884,51.3150858],[3.8343052,51.3150779],[3.8343297,51.31507],[3.8344487,51.3150785],[3.834558,51.314994],[3.8345903,51.3149777],[3.8347043,51.314903],[3.8347322,51.3148911],[3.8348632,51.3148119],[3.8348742,51.3148068],[3.8348989,51.3147961],[3.8350174,51.314792],[3.8351435,51.31472],[3.8351594,51.3147102],[3.8352844,51.3146291],[3.8353013,51.3146234],[3.8354205,51.3145382],[3.835443,51.3145261],[3.8354988,51.3145024],[3.8355861,51.3145025],[3.8356927,51.3144463],[3.8357284,51.3144386],[3.8358076,51.3143954],[3.8358424,51.3144453],[3.8358165,51.3144807]]},"properties":{"rawObjectClass":"DEPCNT","VALDCO":2,"depthDatum":"Approximate LAT","depthDatumCode":42,"depthDatumStatus":"VERIFIED_FROM_OFFICIAL_DOCUMENTATION","verticalDatum":"Local Datum","verticalDatumCode":24,"napIdentityStatus":"UNVERIFIED","sourceKind":"official","sourceCellId":"1R7687LI","sourceStableId":"1F2B6A429E1C7610","sourceChecksum":"15df29d0ae5fbc875483ea2addc2d4e6c9148a876bdf65f0adfc75742fe31c47","pipelineFeatureId":"1R7687LI/DEPCNT/1280474796","provenance":{"cellId":"1R7687LI","checksum":"15df29d0ae5fbc875483ea2addc2d4e6c9148a876bdf65f0adfc75742fe31c47","readerVersion":"GDAL 3.2.2","processedAt":"2026-08-11T13:43:44.753Z"},"sourceProperties":{"RCID":1280474796,"PRIM":2,"GRUP":2,"OBJL":43,"RVER":1,"AGEN":7979,"FIDN":1782750748,"FIDS":30224,"LNAM":"1F2B6A429E1C7610","VALDCO":2,"SCAMIN":300000,"sourceCellId":"1R7687LI","sourceChecksum":"15df29d0ae5fbc875483ea2addc2d4e6c9148a876bdf65f0adfc75742fe31c47","rawObjectClass":"DEPCNT","sourceStableId":"1F2B6A429E1C7610"}}},{"type":"Feature","geometry":{"type":"LineString","coordinates":[[3.8284817,51.3103981],[3.8285109,51.3104509],[3.8284826,51.3104697],[3.8284826,51.3104698]]},"properties":{"rawObjectClass":"DEPCNT","VALDCO":2,"depthDatum":"Approximate LAT","depthDatumCode":42,"depthDatumStatus":"VERIFIED_FROM_OFFICIAL_DOCUMENTATION","verticalDatum":"Local Datum","verticalDatumCode":24,"napIdentityStatus":"UNVERIFIED","sourceKind":"official","sourceCellId":"1R7687LI","sourceStableId":"1F2B6A429E1C7611","sourceChecksum":"15df29d0ae5fbc875483ea2addc2d4e6c9148a876bdf65f0adfc75742fe31c47","pipelineFeatureId":"1R7687LI/DEPCNT/1280474797","provenance":{"cellId":"1R7687LI","checksum":"15df29d0ae5fbc875483ea2addc2d4e6c9148a876bdf65f0adfc75742fe31c47","readerVersion":"GDAL 3.2.2","processedAt":"2026-08-11T13:43:44.753Z"},"sourceProperties":{"RCID":1280474797,"PRIM":2,"GRUP":2,"OBJL":43,"RVER":1,"AGEN":7979,"FIDN":1782750748,"FIDS":30225,"LNAM":"1F2B6A429E1C7611","VALDCO":2,"SCAMIN":300000,"sourceCellId":"1R7687LI","sourceChecksum":"15df29d0ae5fbc875483ea2addc2d4e6c9148a876bdf65f0adfc75742fe31c47","rawObjectClass":"DEPCNT","sourceStableId":"1F2B6A429E1C7611"}}},{"type":"Feature","geometry":{"type":"LineString","coordinates":[[3.8368108,51.2871695],[3.8368182,51.2871874],[3.8368148,51.2871918],[3.836812,51.2872373]]},"properties":{"rawObjectClass":"DEPCNT","VALDCO":2,"depthDatum":"Approximate LAT","depthDatumCode":42,"depthDatumStatus":"VERIFIED_FROM_OFFICIAL_DOCUMENTATION","verticalDatum":"Local Datum","verticalDatumCode":24,"napIdentityStatus":"UNVERIFIED","sourceKind":"official","sourceCellId":"1R7687LI","sourceStableId":"1F2B6A429E1C7612","sourceChecksum":"15df29d0ae5fbc875483ea2addc2d4e6c9148a876bdf65f0adfc75742fe31c47","pipelineFeatureId":"1R7687LI/DEPCNT/1280474798","provenance":{"cellId":"1R7687LI","checksum":"15df29d0ae5fbc875483ea2addc2d4e6c9148a876bdf65f0adfc75742fe31c47","readerVersion":"GDAL 3.2.2","processedAt":"2026-08-11T13:43:44.753Z"},"sourceProperties":{"RCID":1280474798,"PRIM":2,"GRUP":2,"OBJL":43,"RVER":1,"AGEN":7979,"FIDN":1782750748,"FIDS":30226,"LNAM":"1F2B6A429E1C7612","VALDCO":2,"SCAMIN":300000,"sourceCellId":"1R7687LI","sourceChecksum":"15df29d0ae5fbc875483ea2addc2d4e6c9148a876bdf65f0adfc75742fe31c47","rawObjectClass":"DEPCNT","sourceStableId":"1F2B6A429E1C7612"}}},{"type":"Feature","geometry":{"type":"LineString","coordinates":[[3.8369457,51.2867041],[3.8369595,51.2867328],[3.8369497,51.2867412],[3.8369651,51.2868202],[3.8369611,51.2868311],[3.8369521,51.2869195],[3.8369508,51.2869211],[3.83695,51.2869374],[3.8368136,51.287012],[3.836808,51.2870159]]},"properties":{"rawObjectClass":"DEPCNT","VALDCO":2,"depthDatum":"Approximate LAT","depthDatumCode":42,"depthDatumStatus":"VERIFIED_FROM_OFFICIAL_DOCUMENTATION","verticalDatum":"Local Datum","verticalDatumCode":24,"napIdentityStatus":"UNVERIFIED","sourceKind":"official","sourceCellId":"1R7687LI","sourceStableId":"1F2B6A429E1C7613","sourceChecksum":"15df29d0ae5fbc875483ea2addc2d4e6c9148a876bdf65f0adfc75742fe31c47","pipelineFeatureId":"1R7687LI/DEPCNT/1280474800","provenance":{"cellId":"1R7687LI","checksum":"15df29d0ae5fbc875483ea2addc2d4e6c9148a876bdf65f0adfc75742fe31c47","readerVersion":"GDAL 3.2.2","processedAt":"2026-08-11T13:43:44.753Z"},"sourceProperties":{"RCID":1280474800,"PRIM":2,"GRUP":2,"OBJL":43,"RVER":1,"AGEN":7979,"FIDN":1782750748,"FIDS":30227,"LNAM":"1F2B6A429E1C7613","VALDCO":2,"SCAMIN":300000,"sourceCellId":"1R7687LI","sourceChecksum":"15df29d0ae5fbc875483ea2addc2d4e6c9148a876bdf65f0adfc75742fe31c47","rawObjectClass":"DEPCNT","sourceStableId":"1F2B6A429E1C7613"}}},{"type":"Feature","geometry":{"type":"LineString","coordinates":[[3.8328588,51.2985918],[3.8328625,51.2986383],[3.8328609,51.2986402],[3.832864,51.2987283],[3.8328628,51.2987301],[3.8328636,51.2988195],[3.8328631,51.2988305],[3.8327588,51.2989107],[3.8327971,51.2989532],[3.8327337,51.2990008],[3.8327331,51.2990851],[3.8327295,51.2990907],[3.8327316,51.2991771],[3.8327307,51.2991806],[3.8327351,51.2992658],[3.8327343,51.2992705],[3.832728,51.2992925],[3.8326182,51.2993613],[3.8326244,51.2994277],[3.8326015,51.2994513],[3.8326036,51.299532],[3.8325981,51.2995413],[3.8325989,51.299626],[3.832598,51.2996312],[3.8325913,51.2996662],[3.8324942,51.2997219],[3.8324911,51.299786],[3.832464,51.299812],[3.8324629,51.2998951],[3.8324574,51.299902],[3.8324575,51.2999895],[3.8324565,51.2999919],[3.8324568,51.2999937],[3.8324554,51.3000799],[3.832453,51.3000818],[3.8324534,51.3000831],[3.8323246,51.3001727],[3.8323189,51.3002603],[3.8323171,51.3002626],[3.8323182,51.3003517],[3.8323179,51.3003526],[3.8323203,51.3004413],[3.8323186,51.3004516],[3.8322054,51.3005332],[3.8321771,51.3005555],[3.832177,51.3005556]]},"properties":{"rawObjectClass":"DEPCNT","VALDCO":2,"depthDatum":"Approximate LAT","depthDatumCode":42,"depthDatumStatus":"VERIFIED_FROM_OFFICIAL_DOCUMENTATION","verticalDatum":"Local Datum","verticalDatumCode":24,"napIdentityStatus":"UNVERIFIED","sourceKind":"official","sourceCellId":"1R7687LI","sourceStableId":"1F2B6A429E1C7614","sourceChecksum":"15df29d0ae5fbc875483ea2addc2d4e6c9148a876bdf65f0adfc75742fe31c47","pipelineFeatureId":"1R7687LI/DEPCNT/1280474801","provenance":{"cellId":"1R7687LI","checksum":"15df29d0ae5fbc875483ea2addc2d4e6c9148a876bdf65f0adfc75742fe31c47","readerVersion":"GDAL 3.2.2","processedAt":"2026-08-11T13:43:44.753Z"},"sourceProperties":{"RCID":1280474801,"PRIM":2,"GRUP":2,"OBJL":43,"RVER":1,"AGEN":7979,"FIDN":1782750748,"FIDS":30228,"LNAM":"1F2B6A429E1C7614","VALDCO":2,"SCAMIN":300000,"sourceCellId":"1R7687LI","sourceChecksum":"15df29d0ae5fbc875483ea2addc2d4e6c9148a876bdf65f0adfc75742fe31c47","rawObjectClass":"DEPCNT","sourceStableId":"1F2B6A429E1C7614"}}},{"type":"Feature","geometry":{"type":"LineString","coordinates":[[3.8235923,51.3178022],[3.8236414,51.3178588],[3.8236655,51.3179038],[3.8236195,51.3179489],[3.8235951,51.3179641],[3.8234738,51.3179638],[3.8234516,51.3179629],[3.8234122,51.3179504]]},"properties":{"rawObjectClass":"DEPCNT","VALDCO":2,"depthDatum":"Approximate LAT","depthDatumCode":42,"depthDatumStatus":"VERIFIED_FROM_OFFICIAL_DOCUMENTATION","verticalDatum":"Local Datum","verticalDatumCode":24,"napIdentityStatus":"UNVERIFIED","sourceKind":"official","sourceCellId":"1R7687LI","sourceStableId":"1F2B6A429E1C7615","sourceChecksum":"15df29d0ae5fbc875483ea2addc2d4e6c9148a876bdf65f0adfc75742fe31c47","pipelineFeatureId":"1R7687LI/DEPCNT/1280474802","provenance":{"cellId":"1R7687LI","checksum":"15df29d0ae5fbc875483ea2addc2d4e6c9148a876bdf65f0adfc75742fe31c47","readerVersion":"GDAL 3.2.2","processedAt":"2026-08-11T13:43:44.753Z"},"sourceProperties":{"RCID":1280474802,"PRIM":2,"GRUP":2,"OBJL":43,"RVER":1,"AGEN":7979,"FIDN":1782750748,"FIDS":30229,"LNAM":"1F2B6A429E1C7615","VALDCO":2,"SCAMIN":300000,"sourceCellId":"1R7687LI","sourceChecksum":"15df29d0ae5fbc875483ea2addc2d4e6c9148a876bdf65f0adfc75742fe31c47","rawObjectClass":"DEPCNT","sourceStableId":"1F2B6A429E1C7615"}}},{"type":"Feature","geometry":{"type":"LineString","coordinates":[[3.8343501,51.3151753],[3.8344496,51.3151335],[3.8344887,51.3151467]]},"properties":{"rawObjectClass":"DEPCNT","VALDCO":1.5,"depthDatum":"Approximate LAT","depthDatumCode":42,"depthDatumStatus":"VERIFIED_FROM_OFFICIAL_DOCUMENTATION","verticalDatum":"Local Datum","verticalDatumCode":24,"napIdentityStatus":"UNVERIFIED","sourceKind":"official","sourceCellId":"1R7687LI","sourceStableId":"1F2B6A429E1C7616","sourceChecksum":"15df29d0ae5fbc875483ea2addc2d4e6c9148a876bdf65f0adfc75742fe31c47","pipelineFeatureId":"1R7687LI/DEPCNT/1280474803","provenance":{"cellId":"1R7687LI","checksum":"15df29d0ae5fbc875483ea2addc2d4e6c9148a876bdf65f0adfc75742fe31c47","readerVersion":"GDAL 3.2.2","processedAt":"2026-08-11T13:43:44.753Z"},"sourceProperties":{"RCID":1280474803,"PRIM":2,"GRUP":2,"OBJL":43,"RVER":1,"AGEN":7979,"FIDN":1782750748,"FIDS":30230,"LNAM":"1F2B6A429E1C7616","VALDCO":1.5,"SCAMIN":15000,"sourceCellId":"1R7687LI","sourceChecksum":"15df29d0ae5fbc875483ea2addc2d4e6c9148a876bdf65f0adfc75742fe31c47","rawObjectClass":"DEPCNT","sourceStableId":"1F2B6A429E1C7616"}}},{"type":"Feature","geometry":{"type":"LineString","coordinates":[[3.8389387,51.2807331],[3.8389341,51.2807921],[3.8388465,51.2808435]]},"properties":{"rawObjectClass":"DEPCNT","VALDCO":1.5,"depthDatum":"Approximate LAT","depthDatumCode":42,"depthDatumStatus":"VERIFIED_FROM_OFFICIAL_DOCUMENTATION","verticalDatum":"Local Datum","verticalDatumCode":24,"napIdentityStatus":"UNVERIFIED","sourceKind":"official","sourceCellId":"1R7687LI","sourceStableId":"1F2B6A429E1C7617","sourceChecksum":"15df29d0ae5fbc875483ea2addc2d4e6c9148a876bdf65f0adfc75742fe31c47","pipelineFeatureId":"1R7687LI/DEPCNT/1280474804","provenance":{"cellId":"1R7687LI","checksum":"15df29d0ae5fbc875483ea2addc2d4e6c9148a876bdf65f0adfc75742fe31c47","readerVersion":"GDAL 3.2.2","processedAt":"2026-08-11T13:43:44.753Z"},"sourceProperties":{"RCID":1280474804,"PRIM":2,"GRUP":2,"OBJL":43,"RVER":1,"AGEN":7979,"FIDN":1782750748,"FIDS":30231,"LNAM":"1F2B6A429E1C7617","VALDCO":1.5,"SCAMIN":15000,"sourceCellId":"1R7687LI","sourceChecksum":"15df29d0ae5fbc875483ea2addc2d4e6c9148a876bdf65f0adfc75742fe31c47","rawObjectClass":"DEPCNT","sourceStableId":"1F2B6A429E1C7617"}}},{"type":"Feature","geometry":{"type":"LineString","coordinates":[[3.8321899,51.3161798],[3.8323146,51.3160915],[3.8323191,51.316089],[3.8324566,51.3160045],[3.8325761,51.3160123]]},"properties":{"rawObjectClass":"DEPCNT","VALDCO":1.5,"depthDatum":"Approximate LAT","depthDatumCode":42,"depthDatumStatus":"VERIFIED_FROM_OFFICIAL_DOCUMENTATION","verticalDatum":"Local Datum","verticalDatumCode":24,"napIdentityStatus":"UNVERIFIED","sourceKind":"official","sourceCellId":"1R7687LI","sourceStableId":"1F2B6A429E1C7618","sourceChecksum":"15df29d0ae5fbc875483ea2addc2d4e6c9148a876bdf65f0adfc75742fe31c47","pipelineFeatureId":"1R7687LI/DEPCNT/1280474805","provenance":{"cellId":"1R7687LI","checksum":"15df29d0ae5fbc875483ea2addc2d4e6c9148a876bdf65f0adfc75742fe31c47","readerVersion":"GDAL 3.2.2","processedAt":"2026-08-11T13:43:44.753Z"},"sourceProperties":{"RCID":1280474805,"PRIM":2,"GRUP":2,"OBJL":43,"RVER":1,"AGEN":7979,"FIDN":1782750748,"FIDS":30232,"LNAM":"1F2B6A429E1C7618","VALDCO":1.5,"SCAMIN":15000,"sourceCellId":"1R7687LI","sourceChecksum":"15df29d0ae5fbc875483ea2addc2d4e6c9148a876bdf65f0adfc75742fe31c47","rawObjectClass":"DEPCNT","sourceStableId":"1F2B6A429E1C7618"}}},{"type":"Feature","geometry":{"type":"LineString","coordinates":[[3.8322654,51.3161701],[3.8323154,51.3161347],[3.8323979,51.3160884],[3.8324574,51.3160519],[3.8325092,51.3160552]]},"properties":{"rawObjectClass":"DEPCNT","VALDCO":1,"depthDatum":"Approximate LAT","depthDatumCode":42,"depthDatumStatus":"VERIFIED_FROM_OFFICIAL_DOCUMENTATION","verticalDatum":"Local Datum","verticalDatumCode":24,"napIdentityStatus":"UNVERIFIED","sourceKind":"official","sourceCellId":"1R7687LI","sourceStableId":"1F2B6A429E1C7619","sourceChecksum":"15df29d0ae5fbc875483ea2addc2d4e6c9148a876bdf65f0adfc75742fe31c47","pipelineFeatureId":"1R7687LI/DEPCNT/1280474807","provenance":{"cellId":"1R7687LI","checksum":"15df29d0ae5fbc875483ea2addc2d4e6c9148a876bdf65f0adfc75742fe31c47","readerVersion":"GDAL 3.2.2","processedAt":"2026-08-11T13:43:44.753Z"},"sourceProperties":{"RCID":1280474807,"PRIM":2,"GRUP":2,"OBJL":43,"RVER":1,"AGEN":7979,"FIDN":1782750748,"FIDS":30233,"LNAM":"1F2B6A429E1C7619","VALDCO":1,"SCAMIN":50000,"sourceCellId":"1R7687LI","sourceChecksum":"15df29d0ae5fbc875483ea2addc2d4e6c9148a876bdf65f0adfc75742fe31c47","rawObjectClass":"DEPCNT","sourceStableId":"1F2B6A429E1C7619"}}},{"type":"Feature","geometry":{"type":"LineString","coordinates":[[3.8359874,51.304749],[3.8359881,51.3047326],[3.8360405,51.3046954],[3.8360246,51.3046424],[3.8360156,51.3046204],[3.8360863,51.3045521],[3.8360729,51.3045213],[3.8361211,51.3044644],[3.836159,51.3044851],[3.8362658,51.3045345]]},"properties":{"rawObjectClass":"DEPCNT","VALDCO":10,"depthDatum":"Approximate LAT","depthDatumCode":42,"depthDatumStatus":"VERIFIED_FROM_OFFICIAL_DOCUMENTATION","verticalDatum":"Local Datum","verticalDatumCode":24,"napIdentityStatus":"UNVERIFIED","sourceKind":"official","sourceCellId":"1R7687LI","sourceStableId":"1F2B6A429E1C761A","sourceChecksum":"15df29d0ae5fbc875483ea2addc2d4e6c9148a876bdf65f0adfc75742fe31c47","pipelineFeatureId":"1R7687LI/DEPCNT/1280474809","provenance":{"cellId":"1R7687LI","checksum":"15df29d0ae5fbc875483ea2addc2d4e6c9148a876bdf65f0adfc75742fe31c47","readerVersion":"GDAL 3.2.2","processedAt":"2026-08-11T13:43:44.753Z"},"sourceProperties":{"RCID":1280474809,"PRIM":2,"GRUP":2,"OBJL":43,"RVER":1,"AGEN":7979,"FIDN":1782750748,"FIDS":30234,"LNAM":"1F2B6A429E1C761A","VALDCO":10,"SCAMIN":300000,"sourceCellId":"1R7687LI","sourceChecksum":"15df29d0ae5fbc875483ea2addc2d4e6c9148a876bdf65f0adfc75742fe31c47","rawObjectClass":"DEPCNT","sourceStableId":"1F2B6A429E1C761A"}}},{"type":"Feature","geometry":{"type":"LineString","coordinates":[[3.8363681,51.3041236],[3.8363572,51.3041005],[3.8364009,51.3040719],[3.8364557,51.3040654],[3.8365443,51.3040697],[3.8366336,51.3040985],[3.8366343,51.3041021]]},"properties":{"rawObjectClass":"DEPCNT","VALDCO":10,"depthDatum":"Approximate LAT","depthDatumCode":42,"depthDatumStatus":"VERIFIED_FROM_OFFICIAL_DOCUMENTATION","verticalDatum":"Local Datum","verticalDatumCode":24,"napIdentityStatus":"UNVERIFIED","sourceKind":"official","sourceCellId":"1R7687LI","sourceStableId":"1F2B6A429E1C761B","sourceChecksum":"15df29d0ae5fbc875483ea2addc2d4e6c9148a876bdf65f0adfc75742fe31c47","pipelineFeatureId":"1R7687LI/DEPCNT/1280474810","provenance":{"cellId":"1R7687LI","checksum":"15df29d0ae5fbc875483ea2addc2d4e6c9148a876bdf65f0adfc75742fe31c47","readerVersion":"GDAL 3.2.2","processedAt":"2026-08-11T13:43:44.753Z"},"sourceProperties":{"RCID":1280474810,"PRIM":2,"GRUP":2,"OBJL":43,"RVER":1,"AGEN":7979,"FIDN":1782750748,"FIDS":30235,"LNAM":"1F2B6A429E1C761B","VALDCO":10,"SCAMIN":300000,"sourceCellId":"1R7687LI","sourceChecksum":"15df29d0ae5fbc875483ea2addc2d4e6c9148a876bdf65f0adfc75742fe31c47","rawObjectClass":"DEPCNT","sourceStableId":"1F2B6A429E1C761B"}}},{"type":"Feature","geometry":{"type":"LineString","coordinates":[[3.8353835,51.2928875],[3.8353744,51.2929343],[3.8353735,51.2929572],[3.8353422,51.2930459],[3.8353418,51.2930473],[3.8353402,51.2930569],[3.8353205,51.2931374],[3.8353164,51.2931534],[3.8352801,51.2932276],[3.8352644,51.2932777],[3.8352515,51.2933177],[3.8352248,51.2933941],[3.8352216,51.2934079],[3.8352043,51.2934745],[3.8352002,51.2934979],[3.835195,51.2935042],[3.8351725,51.293588],[3.8351387,51.2936039]]},"properties":{"rawObjectClass":"DEPCNT","VALDCO":10,"depthDatum":"Approximate LAT","depthDatumCode":42,"depthDatumStatus":"VERIFIED_FROM_OFFICIAL_DOCUMENTATION","verticalDatum":"Local Datum","verticalDatumCode":24,"napIdentityStatus":"UNVERIFIED","sourceKind":"official","sourceCellId":"1R7687LI","sourceStableId":"1F2B6A429E1C761C","sourceChecksum":"15df29d0ae5fbc875483ea2addc2d4e6c9148a876bdf65f0adfc75742fe31c47","pipelineFeatureId":"1R7687LI/DEPCNT/1280474811","provenance":{"cellId":"1R7687LI","checksum":"15df29d0ae5fbc875483ea2addc2d4e6c9148a876bdf65f0adfc75742fe31c47","readerVersion":"GDAL 3.2.2","processedAt":"2026-08-11T13:43:44.753Z"},"sourceProperties":{"RCID":1280474811,"PRIM":2,"GRUP":2,"OBJL":43,"RVER":1,"AGEN":7979,"FIDN":1782750748,"FIDS":30236,"LNAM":"1F2B6A429E1C761C","VALDCO":10,"SCAMIN":300000,"sourceCellId":"1R7687LI","sourceChecksum":"15df29d0ae5fbc875483ea2addc2d4e6c9148a876bdf65f0adfc75742fe31c47","rawObjectClass":"DEPCNT","sourceStableId":"1F2B6A429E1C761C"}}},{"type":"Feature","geometry":{"type":"LineString","coordinates":[[3.8350917,51.2937571],[3.8351096,51.2937683],[3.8351074,51.2938332],[3.8350899,51.2938584],[3.8350691,51.293928],[3.8350594,51.2939485],[3.8350572,51.2939564],[3.8350035,51.2940389],[3.8349775,51.2940985],[3.8349618,51.2941291],[3.8349434,51.2942113],[3.8349437,51.2942191],[3.8349316,51.2942509],[3.8349128,51.2943093],[3.834909,51.2943243],[3.8348845,51.2943994],[3.83487,51.2944403],[3.8348693,51.2944894],[3.8348685,51.2944955]]},"properties":{"rawObjectClass":"DEPCNT","VALDCO":10,"depthDatum":"Approximate LAT","depthDatumCode":42,"depthDatumStatus":"VERIFIED_FROM_OFFICIAL_DOCUMENTATION","verticalDatum":"Local Datum","verticalDatumCode":24,"napIdentityStatus":"UNVERIFIED","sourceKind":"official","sourceCellId":"1R7687LI","sourceStableId":"1F2B6A429E1C761D","sourceChecksum":"15df29d0ae5fbc875483ea2addc2d4e6c9148a876bdf65f0adfc75742fe31c47","pipelineFeatureId":"1R7687LI/DEPCNT/1280474812","provenance":{"cellId":"1R7687LI","checksum":"15df29d0ae5fbc875483ea2addc2d4e6c9148a876bdf65f0adfc75742fe31c47","readerVersion":"GDAL 3.2.2","processedAt":"2026-08-11T13:43:44.753Z"},"sourceProperties":{"RCID":1280474812,"PRIM":2,"GRUP":2,"OBJL":43,"RVER":1,"AGEN":7979,"FIDN":1782750748,"FIDS":30237,"LNAM":"1F2B6A429E1C761D","VALDCO":10,"SCAMIN":300000,"sourceCellId":"1R7687LI","sourceChecksum":"15df29d0ae5fbc875483ea2addc2d4e6c9148a876bdf65f0adfc75742fe31c47","rawObjectClass":"DEPCNT","sourceStableId":"1F2B6A429E1C761D"}}},{"type":"Feature","geometry":{"type":"LineString","coordinates":[[3.8347643,51.2946722],[3.8347575,51.2946944],[3.8347555,51.29476],[3.8347486,51.294791],[3.8347385,51.2948501],[3.8347023,51.2949116],[3.8346827,51.2949404],[3.8346735,51.2950211],[3.8346702,51.2950304],[3.8346594,51.295059],[3.8346299,51.2951206],[3.8345194,51.2952108],[3.8345189,51.2952113],[3.8344995,51.2953014],[3.8344842,51.2953244],[3.8344421,51.2953917],[3.8344272,51.2954519],[3.8344217,51.2954818],[3.8343818,51.2955696],[3.8343809,51.295572],[3.8343805,51.2955728],[3.834355,51.2956621],[3.8343509,51.2956828],[3.8343263,51.2957522],[3.8343028,51.2958046],[3.8342836,51.2958424],[3.8342489,51.2959301],[3.8342481,51.2959326],[3.834245,51.295939],[3.8342106,51.2960228],[3.8341998,51.2960526],[3.8341905,51.2961129],[3.8341725,51.296161],[3.8341532,51.2962031],[3.8341249,51.2962825],[3.8341223,51.2962932],[3.8341088,51.2963331],[3.83409,51.2963834],[3.8340865,51.2963981],[3.8340514,51.2964736],[3.8340339,51.2965228],[3.8340207,51.2965637],[3.8339842,51.2966456],[3.833981,51.2966539],[3.8339717,51.2966824],[3.8339513,51.296744],[3.8339453,51.2967615],[3.8339254,51.2968341],[3.8338817,51.2968933],[3.833863,51.2969245],[3.8338341,51.2970093],[3.8338328,51.2970147],[3.8338318,51.2970162],[3.8338078,51.2971048],[3.8337864,51.2971363],[3.8337537,51.2971951],[3.833734,51.2972609],[3.8337183,51.2972852],[3.8337031,51.2973716],[3.8337026,51.2973753],[3.8336977,51.2973959],[3.8336795,51.2974654],[3.8336706,51.2974834],[3.8336454,51.2975555],[3.8336344,51.2975976],[3.8336079,51.2976457],[3.83359,51.297717],[3.8335875,51.2977358],[3.8335661,51.2978233],[3.8335648,51.2978259],[3.8335623,51.2978407],[3.8335489,51.2979159],[3.8335435,51.2979287],[3.8335176,51.298006],[3.8335095,51.2980415],[3.8334864,51.2980962],[3.8334724,51.2981563],[3.8334266,51.2982679],[3.833422,51.2982765],[3.8334206,51.2982804],[3.8333897,51.2983666],[3.8333798,51.2983976],[3.8333513,51.2984568],[3.833331,51.2985198],[3.8333308,51.2985469],[3.8333031,51.2986286],[3.8332988,51.2986371],[3.8332904,51.2986677],[3.8332679,51.2987422],[3.8332381,51.2988173],[3.8332272,51.2988592],[3.8332086,51.2989075],[3.8331816,51.2989794],[3.8331743,51.2989976],[3.8331542,51.2990634],[3.8331448,51.299094],[3.8331148,51.2991779],[3.8331021,51.2992123],[3.8330854,51.299268],[3.8330554,51.2993332],[3.833046,51.2993582],[3.8330173,51.2994282],[3.8330101,51.2994484],[3.8330089,51.299454],[3.832988,51.2995385],[3.8329788,51.2995643],[3.8329609,51.2996286],[3.8329365,51.2996823],[3.8329276,51.2997188],[3.8328881,51.2998044],[3.8328868,51.299809],[3.832881,51.2998236],[3.8328575,51.2999149],[3.8328544,51.2999891],[3.8328503,51.3000105],[3.8328273,51.3000792],[3.8328066,51.3001295],[3.8327925,51.3001693],[3.8327556,51.3002531],[3.8327537,51.3002595],[3.8327458,51.3002765],[3.8327167,51.3003497],[3.8327082,51.3003745],[3.8326864,51.3004399],[3.8326557,51.3004991],[3.8326447,51.3005301],[3.832611,51.3006187],[3.8326105,51.3006202],[3.8326087,51.3006275],[3.8325925,51.3007103],[3.8325884,51.3007241],[3.8325688,51.3008004],[3.8325576,51.3008349],[3.8325337,51.3008906],[3.8324996,51.300963],[3.832494,51.3009808],[3.8324729,51.3010489],[3.832467,51.3010709],[3.8324653,51.301076],[3.8324379,51.301161],[3.8324242,51.3011933],[3.8324136,51.3012511],[3.8323989,51.3013004],[3.8323825,51.3013412],[3.8323691,51.3014105],[3.8323656,51.3014313],[3.8323373,51.3014842],[3.8323178,51.3015216],[3.8323132,51.3015373],[3.8322903,51.3016117],[3.8322797,51.3016498],[3.8322534,51.3017019],[3.8322292,51.3017731],[3.8322293,51.3017919],[3.8322009,51.3018711],[3.832197,51.3018821],[3.8321964,51.3018851],[3.8321793,51.3019721],[3.8321718,51.3019918],[3.8321344,51.3020624],[3.8321131,51.3021204],[3.8321048,51.3021525],[3.8320781,51.3022337],[3.8320775,51.3022426],[3.8320646,51.3022695],[3.8320398,51.3023328],[3.8320348,51.3023525],[3.8320135,51.3024229],[3.8319954,51.3024687],[3.8319836,51.3025131],[3.8319562,51.3025848],[3.8319507,51.3026032],[3.8319278,51.3026354],[3.8318931,51.3026936],[3.8318806,51.3027242],[3.8318742,51.3027836],[3.8318501,51.3028348],[3.8318365,51.3028738],[3.8318259,51.3029412],[3.8318186,51.3029639],[3.8317926,51.303054],[3.8317919,51.3030556],[3.8317599,51.3031441],[3.8317515,51.3031708],[3.8317292,51.3032343],[3.8317146,51.3032854],[3.8317042,51.3033244],[3.8316693,51.3034054],[3.8316665,51.3034145],[3.8316557,51.3034539],[3.8316435,51.3035046],[3.8316401,51.3035151],[3.8316168,51.3035947],[3.8316065,51.3036276],[3.8315831,51.3036849],[3.8315625,51.3037468],[3.8315544,51.303775],[3.8315488,51.3038465],[3.8315446,51.303865],[3.8315205,51.3039094],[3.8314911,51.3039553],[3.8314826,51.3039799],[3.8314606,51.3040455],[3.8314415,51.3040972],[3.8314271,51.3041356],[3.8314075,51.30421],[3.8314037,51.3042257],[3.8313835,51.3042684],[3.8313615,51.3043159],[3.8313572,51.3043332],[3.8313355,51.304406],[3.8313255,51.3044445],[3.8313105,51.3044961],[3.831283,51.3045627],[3.8312758,51.3045863],[3.8312471,51.3046584],[3.8312402,51.3046765],[3.8312388,51.3046819],[3.8312134,51.3047666],[3.8312057,51.3047941],[3.8311838,51.3048567],[3.8311663,51.3049104],[3.8311558,51.3049469],[3.8311308,51.305024],[3.831128,51.305037],[3.8311111,51.3050744],[3.8310893,51.3051272],[3.8310838,51.3051451],[3.8310597,51.3052173],[3.8310458,51.3052605],[3.8310313,51.3053074],[3.8310013,51.30538],[3.8309974,51.3053976],[3.8309745,51.3054503],[3.8309604,51.3054878],[3.8309569,51.3054994],[3.8309392,51.3055778],[3.8309202,51.3056138],[3.8308969,51.3056681],[3.830876,51.3057332],[3.8308668,51.3057582],[3.8308438,51.3058447],[3.8308427,51.3058483],[3.8308384,51.3058603],[3.8308077,51.3059385],[3.8307968,51.3059658],[3.8307696,51.3060287],[3.8307546,51.3060838],[3.8307409,51.3061188],[3.8307225,51.3061953],[3.8307192,51.3062089],[3.8307019,51.3062464],[3.8306765,51.3062991],[3.8306702,51.3063198],[3.830645,51.3063892],[3.8306238,51.3064405],[3.8306127,51.3064794],[3.8305912,51.3065524],[3.8305852,51.3065695],[3.8305653,51.3066233],[3.8305528,51.3066597],[3.8305484,51.3066708],[3.8305165,51.3067498],[3.8305038,51.3067904],[3.8304875,51.30684],[3.8304663,51.3069053],[3.8304582,51.3069301],[3.8304288,51.3070133],[3.8304263,51.3070202],[3.8304256,51.3070224],[3.8303927,51.3071104],[3.8303769,51.3071445],[3.8303553,51.3072006],[3.8303467,51.3072548],[3.8303366,51.3072906],[3.83031,51.3073693],[3.830307,51.3073808],[3.8302926,51.3074141],[3.8302683,51.307471],[3.8302633,51.3074902],[3.8302439,51.3075611],[3.8302236,51.3076067],[3.8302068,51.3076513],[3.8301723,51.3077305],[3.8301685,51.3077415],[3.8301558,51.3077808],[3.8301401,51.3078316],[3.8301344,51.3078458],[3.8300984,51.3079218],[3.8300813,51.3079707],[3.8300682,51.3080119],[3.8300486,51.3080827],[3.8300423,51.308102],[3.8300193,51.3081701],[3.8300123,51.3081922],[3.8300099,51.3081984],[3.8299771,51.3082823],[3.829964,51.3083188],[3.8299439,51.3083725],[3.8299204,51.3084377],[3.8299004,51.3084627],[3.8298822,51.3085237],[3.8298687,51.3085529],[3.8298662,51.3085634],[3.8298004,51.3086433],[3.8297856,51.308706],[3.8297924,51.3087333],[3.8297432,51.3087698],[3.8296932,51.3088239],[3.8296857,51.308861],[3.829699,51.3089138],[3.8296036,51.3089855],[3.829585,51.3090045],[3.8295828,51.3090179],[3.8295903,51.3090944],[3.8295865,51.3091065],[3.8295938,51.3091843],[3.8294652,51.309268],[3.829459,51.3092752],[3.8294579,51.3092799],[3.82946,51.3093651],[3.8294585,51.3093705],[3.8294627,51.309455],[3.8293268,51.3095449],[3.8293257,51.3095459],[3.8293255,51.3095467],[3.8293273,51.3095736],[3.8294144,51.3095806],[3.8293633,51.3096355],[3.8293801,51.3096936],[3.8293467,51.3097256],[3.8293532,51.3098018],[3.8293478,51.3098155],[3.8293346,51.3099046],[3.8293343,51.3099055],[3.8293333,51.3099074],[3.8292587,51.309996],[3.8292619,51.3100422],[3.8292454,51.310086],[3.829232,51.3101523],[3.8292213,51.3101761],[3.8291956,51.3102285],[3.8291621,51.3102664],[3.8291632,51.3102874],[3.8291304,51.3103566],[3.8291062,51.3104149],[3.829092,51.3104467],[3.8290572,51.3105093],[3.8290345,51.3105371],[3.8290293,51.3105551],[3.8289875,51.3106273],[3.8289623,51.310689],[3.8289474,51.3107175],[3.8289184,51.3107701],[3.8288957,51.3108078],[3.8288845,51.3108298],[3.8288625,51.310898],[3.8288421,51.310948],[3.8288178,51.3109882],[3.8287801,51.3110559],[3.8287664,51.3110785],[3.8287618,51.3110904],[3.8287285,51.3111687],[3.8287062,51.311217],[3.8286879,51.3112589],[3.8286416,51.3113326],[3.8286333,51.3113492],[3.8286284,51.3113578],[3.8286067,51.3114393],[3.8285953,51.31147],[3.8285627,51.3115296],[3.8285026,51.3116199],[3.8284645,51.3117101],[3.8284416,51.3117504],[3.8284172,51.3118004],[3.8283646,51.3118871],[3.8283626,51.3118907],[3.8283617,51.3118926],[3.8283225,51.3119809],[3.8283,51.3120231],[3.8282688,51.3120712],[3.8282258,51.3121467],[3.8282163,51.3121615],[3.8282124,51.3121701],[3.8281665,51.3122517],[3.8281312,51.3123132],[3.8281142,51.312342],[3.8280865,51.3123778],[3.8280452,51.3124324],[3.828029,51.3124696],[3.8280136,51.3125226],[3.827975,51.3125952],[3.8279641,51.3126129],[3.8279477,51.3126387],[3.8279033,51.3127032],[3.8278809,51.3127464],[3.8278529,51.3127935],[3.8278085,51.3128737],[3.8278008,51.3128838],[3.8277967,51.3128914],[3.8277371,51.3129742],[3.8277101,51.3130378],[3.8276947,51.3130644],[3.8276693,51.3131134],[3.8276427,51.3131547],[3.8276195,51.3131869],[3.8275728,51.3132451],[3.8275345,51.3133323],[3.8275329,51.3133353],[3.8275299,51.3133404],[3.8274735,51.3134256],[3.8274368,51.3134858],[3.8274151,51.313516],[3.8273905,51.3135688],[3.8273726,51.3136062],[3.8273517,51.3136313],[3.8273002,51.3136966],[3.827253,51.3137856],[3.8272522,51.3137869],[3.827251,51.3137886],[3.8271725,51.3138774],[3.8271226,51.3139601],[3.8271169,51.3139677],[3.8271109,51.313978],[3.8270582,51.314058],[3.8270201,51.3141168],[3.8269984,51.3141484],[3.8269716,51.3142086],[3.8269521,51.3142386],[3.8269389,51.3142598],[3.8268803,51.314329],[3.8268318,51.3144168],[3.8268302,51.3144193],[3.8268286,51.3144214],[3.8267524,51.3145098],[3.8266915,51.3145898],[3.8266848,51.3146002],[3.826681,51.314607],[3.8266371,51.3146904],[3.8266077,51.3147449],[3.8265836,51.3147807],[3.8265524,51.3148345],[3.8265259,51.3148711],[3.8264352,51.3149464],[3.826417,51.3149618],[3.8264114,51.3149732],[3.8263693,51.315052],[3.8263283,51.3151059],[3.8262999,51.3151424],[3.826272,51.3152036],[3.826255,51.3152327],[3.8262048,51.315276],[3.8261475,51.3153234],[3.8261316,51.3153719],[3.8261162,51.3154135],[3.8261027,51.3154323],[3.826036,51.315504],[3.8259916,51.3155683],[3.8259694,51.3155944],[3.8259382,51.3156287],[3.8258858,51.3156849],[3.8258515,51.3157596],[3.8258449,51.3157751],[3.8258326,51.3157874],[3.8257549,51.3158657],[3.8257115,51.3159495],[3.8257088,51.3159559],[3.8257034,51.3159611],[3.8256247,51.3160464],[3.8255707,51.316103],[3.8255465,51.3161369],[3.8254958,51.3161851],[3.8254605,51.3162274],[3.8254303,51.3162731],[3.8254076,51.3163177],[3.8253763,51.3163526],[3.8253349,51.3164081],[3.8252903,51.3164679],[3.8252725,51.3164985],[3.8252516,51.3165235],[3.825202,51.3165889],[3.8251503,51.3166641],[3.8251395,51.3166793],[3.825127,51.3166943],[3.8250612,51.3167698],[3.8250103,51.3168579],[3.825009,51.3168601],[3.8250063,51.3168626],[3.8249166,51.3169506],[3.8248712,51.3170409],[3.8248701,51.317042],[3.8247816,51.3171314],[3.8247294,51.3172004],[3.8247006,51.3172219],[3.8247023,51.3172393],[3.8246463,51.3173122],[3.8245893,51.3173901],[3.8245805,51.3174026],[3.8245707,51.3174146],[3.824506,51.3174931],[3.8244488,51.3175572],[3.8244258,51.3175835],[3.8243994,51.3176154],[3.8243576,51.3176739],[3.8243087,51.3177417],[3.8242944,51.3177643],[3.8242634,51.3177935],[3.8242058,51.3178549],[3.8241681,51.3179053],[3.8241444,51.3179452],[3.824115,51.3179795],[3.8240658,51.3180357],[3.8240279,51.3180876],[3.8239971,51.3181261],[3.8239737,51.318161],[3.8239222,51.3182165],[3.8238876,51.3182676],[3.8238488,51.318307],[3.8237955,51.3183662],[3.8237645,51.3183975],[3.823747,51.3184324],[3.8237151,51.3184878],[3.823685,51.3185279],[3.8236404,51.3185782],[3.8236069,51.3186192],[3.8235553,51.3186687],[3.8235125,51.3187294],[3.8234881,51.3187591],[3.8234663,51.3187839],[3.8233988,51.3188497],[3.8233485,51.3189255],[3.8233369,51.31894],[3.8233258,51.3189522],[3.8232536,51.3190305],[3.8231848,51.3190881],[3.8231361,51.3191213],[3.8231222,51.3191614],[3.8230879,51.3192115],[3.8230442,51.3192516],[3.8229719,51.3193023],[3.8229398,51.3193693],[3.8229242,51.3193925],[3.8229037,51.3194186],[3.8228484,51.319483],[3.8228339,51.3195281],[3.8228061,51.3195732],[3.8227638,51.3196226],[3.8227259,51.3196637],[3.8226529,51.319735],[3.8226345,51.3197543],[3.822623,51.3197724],[3.822554,51.3198448],[3.8225251,51.3199078],[3.8224986,51.3199351],[3.8224829,51.3199639],[3.8224221,51.3200255],[3.8223418,51.3200973],[3.8223247,51.3201161],[3.8223178,51.3201316],[3.8222803,51.3202064],[3.8222389,51.3202731],[3.8222173,51.3202967],[3.8222023,51.320318],[3.8221551,51.3203871],[3.8221091,51.3204472],[3.8220852,51.3204775],[3.8220622,51.3205108],[3.8220201,51.3205679],[3.8219762,51.3206233],[3.8219497,51.3206583],[3.8219219,51.3206896],[3.8218748,51.3207487],[3.8218034,51.320825],[3.8217914,51.3208392],[3.8217813,51.3208542],[3.8217337,51.3209296],[3.8216783,51.3209961],[3.8216587,51.32102],[3.8216412,51.3210411],[3.8215844,51.3211105],[3.821535,51.3211789],[3.8215192,51.3212008],[3.8215008,51.3212197],[3.821439,51.3212913],[3.8214029,51.3213545],[3.821386,51.3213816],[3.8213608,51.3214148],[3.8213103,51.3214721],[3.8212501,51.3215433],[3.8212329,51.3215625],[3.8212202,51.3215792],[3.8211467,51.3216531],[3.8210796,51.3217403],[3.8210776,51.3217435],[3.8210757,51.321746],[3.821008,51.3218339],[3.8209393,51.3219223],[3.8209376,51.3219243],[3.8209354,51.3219268],[3.8208573,51.3220148],[3.8207989,51.3220927],[3.8207898,51.3221052],[3.8207786,51.3221182],[3.8207191,51.3221956],[3.8206586,51.3222754],[3.8206512,51.322286],[3.8206447,51.322295],[3.8205793,51.3223764],[3.8205182,51.3224475],[3.8205002,51.3224669],[3.820471,51.3224972],[3.8204191,51.3225574],[3.8203775,51.3226083],[3.8203532,51.3226478],[3.8203299,51.3226786],[3.8202921,51.3227381],[3.8202376,51.3228093],[3.8202225,51.3228285],[3.8202107,51.3228459],[3.8201523,51.3229189],[3.8200974,51.3229946],[3.8200856,51.3230093],[3.8200719,51.3230257],[3.8200091,51.3230998],[3.8199568,51.3231594],[3.8199316,51.3231903],[3.8199184,51.3232151],[3.819876,51.3232806],[3.8198167,51.3233489],[3.819794,51.3233711],[3.8197771,51.3233965],[3.8197319,51.3234614],[3.8196764,51.3235268],[3.8196545,51.3235519],[3.819632,51.3235804],[3.8195868,51.3236423],[3.819536,51.3237038],[3.819514,51.3237327],[3.8194853,51.3237653],[3.8194331,51.3238232],[3.8193956,51.323878],[3.8193721,51.3239135],[3.8193621,51.3239352],[3.8193442,51.3240037],[3.8192851,51.3240755],[3.819273,51.3240941],[3.8192562,51.3241103],[3.8191848,51.3241846],[3.8191156,51.3242742],[3.8191138,51.324275],[3.8191126,51.324277],[3.8190109,51.3243657],[3.8189746,51.3244175],[3.8189367,51.3244561],[3.81891,51.3244977],[3.8188746,51.3245465],[3.818834,51.3245783],[3.8187581,51.3246372],[3.8186931,51.3247248],[3.8186893,51.3247276],[3.8186895,51.3247299],[3.8186253,51.324818],[3.8185825,51.3248894],[3.8185695,51.3249083],[3.8185532,51.3249272],[3.8184888,51.3249988],[3.8184878,51.325]]},"properties":{"rawObjectClass":"DEPCNT","VALDCO":10,"depthDatum":"Approximate LAT","depthDatumCode":42,"depthDatumStatus":"VERIFIED_FROM_OFFICIAL_DOCUMENTATION","verticalDatum":"Local Datum","verticalDatumCode":24,"napIdentityStatus":"UNVERIFIED","sourceKind":"official","sourceCellId":"1R7687LI","sourceStableId":"1F2B6A429E1C761E","sourceChecksum":"15df29d0ae5fbc875483ea2addc2d4e6c9148a876bdf65f0adfc75742fe31c47","pipelineFeatureId":"1R7687LI/DEPCNT/1280474813","provenance":{"cellId":"1R7687LI","checksum":"15df29d0ae5fbc875483ea2addc2d4e6c9148a876bdf65f0adfc75742fe31c47","readerVersion":"GDAL 3.2.2","processedAt":"2026-08-11T13:43:44.753Z"},"sourceProperties":{"RCID":1280474813,"PRIM":2,"GRUP":2,"OBJL":43,"RVER":1,"AGEN":7979,"FIDN":1782750748,"FIDS":30238,"LNAM":"1F2B6A429E1C761E","VALDCO":10,"SCAMIN":300000,"sourceCellId":"1R7687LI","sourceChecksum":"15df29d0ae5fbc875483ea2addc2d4e6c9148a876bdf65f0adfc75742fe31c47","rawObjectClass":"DEPCNT","sourceStableId":"1F2B6A429E1C761E"}}},{"type":"Feature","geometry":{"type":"LineString","coordinates":[[3.836168,51.293704],[3.8361726,51.2936708],[3.836211,51.2936234],[3.8362577,51.2935803],[3.836271,51.2935416],[3.8362989,51.2934901],[3.8363444,51.2934036],[3.8363452,51.2933998],[3.8363501,51.2933865],[3.8363787,51.2933097],[3.836388,51.2932847],[3.8364132,51.2932195],[3.8364217,51.2931721],[3.8364342,51.2931294],[3.8364697,51.2930503],[3.8364746,51.2930392],[3.8364865,51.2930001],[3.8365028,51.2929491],[3.8365107,51.2929331],[3.8365424,51.2928589],[3.8365527,51.2928152],[3.8365735,51.2927687],[3.8365901,51.2927002],[3.8366229,51.2926158],[3.8366362,51.2925885],[3.8366393,51.2925778],[3.8366777,51.2924982],[3.8366811,51.29246],[3.8366864,51.2924082],[3.8366972,51.2923587],[3.8367124,51.2923181],[3.8367413,51.2922394],[3.8367449,51.292228],[3.8367585,51.292182],[3.8367746,51.2921379],[3.8367802,51.2921235],[3.8368041,51.2920477],[3.8368263,51.292003],[3.8368472,51.2919575],[3.8368833,51.2918755],[3.8368878,51.2918673],[3.8368958,51.2918486],[3.8369205,51.2917771],[3.8369323,51.2917531],[3.8369469,51.291687],[3.8369574,51.291646],[3.8369732,51.2915969],[3.8370024,51.2915262],[3.8370091,51.2915067],[3.8370213,51.2914231],[3.8370234,51.2914167],[3.837031,51.2913976],[3.8370663,51.2913265],[3.8370761,51.291297],[3.8370971,51.2912363],[3.8371046,51.2911878],[3.837122,51.2911462],[3.8371565,51.2910635],[3.837159,51.291056],[3.8371678,51.2910312],[3.8371973,51.2909658],[3.8372035,51.2909424],[3.8372324,51.2908757],[3.8372554,51.2908181],[3.8372658,51.2907855],[3.8373019,51.2906974],[3.8373029,51.2906953],[3.837305,51.2906906],[3.8373441,51.2906051],[3.8373552,51.2905722],[3.8373756,51.2905149],[3.8374226,51.290438],[3.8374286,51.2904246],[3.8374421,51.2903449],[3.8374431,51.2903346],[3.8374433,51.2903338],[3.8374511,51.2902446],[3.8374549,51.2902353],[3.8374787,51.2901545],[3.8374794,51.2901287],[3.8374944,51.2900645],[3.8375032,51.2900225],[3.8375206,51.2899744],[3.8375637,51.2898927],[3.8375664,51.2898841],[3.8375767,51.2898605],[3.8376132,51.2897939],[3.8376354,51.2897557],[3.8376708,51.2897035],[3.8377157,51.2896149],[3.8377165,51.2896133],[3.837736,51.2895232],[3.8377473,51.289502],[3.8377745,51.289433],[3.837792,51.2893824],[3.8378068,51.2893429],[3.8378429,51.2892588],[3.8378452,51.2892527],[3.8378521,51.2892322],[3.8378754,51.2891625],[3.837882,51.2891428],[3.8379187,51.2890723],[3.8379481,51.2890094],[3.8379613,51.2889821],[3.8379901,51.2889314],[3.8380128,51.2888918],[3.8380189,51.288873],[3.8380659,51.2887519],[3.8380805,51.2887115],[3.8381204,51.288626],[3.8381215,51.2886212],[3.8381275,51.2886056],[3.8381541,51.2885311],[3.8381597,51.2885098],[3.8381891,51.2884409],[3.8382214,51.2883792],[3.8382331,51.2883507],[3.8382652,51.2882887],[3.838278,51.2882604],[3.8382823,51.2882492],[3.838315,51.2881702],[3.8383352,51.2881243],[3.8383488,51.2880801],[3.8383929,51.2879963],[3.8383958,51.2879898],[3.8384028,51.2879733],[3.8384316,51.2878996],[3.8384411,51.2878744],[3.838461,51.2878095],[3.8384854,51.2877551],[3.838499,51.2877193],[3.8385361,51.2876316],[3.8385376,51.2876291],[3.8385399,51.2876229],[3.8385777,51.2875389],[3.838607,51.2874952],[3.8386407,51.2874485],[3.8386747,51.2873607],[3.8386755,51.2873584],[3.8386783,51.287351],[3.838707,51.2872682],[3.8387238,51.2872383],[3.8387522,51.287178],[3.8387869,51.2871068],[3.8387961,51.2870877],[3.838816,51.2870389],[3.8388311,51.2869975],[3.8388393,51.2869823],[3.8388681,51.2869074],[3.8388874,51.2868604],[3.8389031,51.2868172],[3.8389323,51.2867407],[3.8389394,51.286727],[3.8389532,51.2866988],[3.8389841,51.2866368],[3.8389986,51.2866072],[3.8390267,51.2865465],[3.8390513,51.2864824],[3.8390641,51.2864563],[3.8390911,51.2863933],[3.8391014,51.2863662],[3.8391098,51.2863539],[3.839143,51.2862759],[3.8391595,51.2862311],[3.8391783,51.2861858],[3.8392063,51.28611],[3.8392141,51.2860956],[3.8392285,51.286066],[3.839256,51.2860054],[3.8392719,51.285977],[3.8393018,51.2859151],[3.8393217,51.2858541],[3.8393309,51.285825],[3.8393664,51.2857648],[3.8393784,51.2857347],[3.8393918,51.2857182],[3.8394086,51.2856446],[3.8394037,51.2855802],[3.8394013,51.2855547],[3.8394091,51.2855251],[3.8393981,51.2854648],[3.8395029,51.2853841],[3.8395093,51.2853741],[3.8395146,51.2853665],[3.8395522,51.2852838],[3.8395753,51.2852366],[3.8395883,51.2851937],[3.839619,51.2851175],[3.8396266,51.2851035],[3.8396406,51.2850749],[3.8396683,51.2850132],[3.8396785,51.2849885],[3.839707,51.284923],[3.8397319,51.2848632],[3.8397414,51.2848329],[3.839778,51.2847456],[3.8397789,51.2847427],[3.8397794,51.2847418],[3.8398026,51.2846526],[3.8398149,51.284628],[3.8398385,51.2845624],[3.8398617,51.2845071],[3.8398756,51.2844722],[3.8399099,51.2843821],[3.8399146,51.2843706],[3.8399392,51.2842919],[3.8399506,51.2842681],[3.8399659,51.2842018],[3.8399993,51.2841116],[3.8400447,51.2840258],[3.8400464,51.2840214],[3.8400511,51.2839964],[3.8400598,51.2839314],[3.8400651,51.2839217],[3.840092,51.2838412],[3.8401053,51.283805],[3.8401215,51.2837511],[3.8401585,51.2836798],[3.8401681,51.2836608],[3.8401874,51.2836083],[3.840199,51.2835707],[3.8402048,51.2835592],[3.8402287,51.2834805],[3.840235,51.2834489],[3.8402551,51.2833904],[3.8402788,51.2833298],[3.8402917,51.2833002],[3.8403237,51.2832151],[3.8403251,51.2832101],[3.8403258,51.2832087],[3.8403518,51.28312],[3.8403604,51.2830955],[3.8403742,51.2830299],[3.8403935,51.2829833],[3.8404111,51.2829397],[3.8404396,51.2828627],[3.8404443,51.2828495],[3.8404595,51.2828032],[3.8404709,51.2827594],[3.8404754,51.2827488],[3.8405034,51.2826693],[3.8405165,51.2826315],[3.8405271,51.2825792],[3.8405505,51.2825187],[3.8405959,51.2824171],[3.8406015,51.2823988],[3.840604,51.2823934],[3.8406429,51.2823086],[3.8406738,51.2822577],[3.8406788,51.2822184],[3.8406896,51.2821566],[3.8406973,51.2821283],[3.8407106,51.2820521],[3.8407128,51.2820383],[3.8407317,51.2820018],[3.8407972,51.2819478],[3.840795,51.281907],[3.8408139,51.2818577],[3.8408111,51.2818057],[3.8408247,51.2817677],[3.8408281,51.2817038],[3.8408364,51.2816777],[3.8408676,51.2815929],[3.8408736,51.2815875],[3.8408761,51.2815821],[3.8409369,51.2814972],[3.8409553,51.2814403],[3.8409711,51.281407],[3.8410042,51.2813179],[3.8410048,51.2813168],[3.8410057,51.2813062],[3.8410471,51.2812266],[3.8410525,51.281196],[3.8410906,51.2811364],[3.8410831,51.2810854],[3.8410907,51.2810464],[3.8410623,51.2810077],[3.8410854,51.2809566],[3.8410843,51.2809027],[3.8411033,51.2808665],[3.8411029,51.2807998],[3.8411081,51.2807765],[3.8411111,51.2807036],[3.8411156,51.2806866],[3.8411135,51.2806111],[3.841116,51.2805966],[3.8411269,51.2805115],[3.8411277,51.2805066],[3.8411342,51.2804872],[3.8411953,51.2804162],[3.8411919,51.2803788],[3.8412196,51.2803261],[3.8412174,51.2802715],[3.8412239,51.2802362],[3.8412229,51.280177],[3.8412337,51.2801462],[3.8412375,51.2800767],[3.8412409,51.2800562],[3.841252,51.2799764],[3.8412537,51.2799662],[3.8412673,51.2799234],[3.8413064,51.2798759],[3.8413082,51.2798494],[3.8413415,51.2797857],[3.841348,51.2797328],[3.8413583,51.2796957],[3.8413625,51.2796326],[3.8413688,51.2796057],[3.8413742,51.2795341],[3.8413777,51.2795157],[3.8413913,51.2794322],[3.8413928,51.2794257],[3.8414003,51.2793595],[3.8414114,51.2793356],[3.8414122,51.2793278],[3.8414539,51.2792454],[3.8414608,51.2792056],[3.8414882,51.2791552],[3.841501,51.2790889],[3.8415108,51.2790651],[3.8415201,51.2789857],[3.841525,51.2789751],[3.8415343,51.2788856],[3.8415343,51.2788851],[3.841535,51.2788812],[3.8415725,51.2787949],[3.8415871,51.2787607],[3.8416306,51.2787046],[3.8416253,51.2786453],[3.8416336,51.2786146],[3.8416353,51.2785479],[3.8416386,51.2785247],[3.8416709,51.2784726],[3.8416935,51.2784343],[3.8416966,51.2784175],[3.8417305,51.2783442],[3.841734,51.2783026],[3.8417394,51.2782542],[3.8417604,51.2781947],[3.8417664,51.2781641],[3.8418075,51.2781015],[3.841829,51.2780737],[3.8418293,51.2780595],[3.8418491,51.2779836],[3.8418769,51.277938],[3.8418967,51.2778933],[3.8419244,51.2778165],[3.8419278,51.2778032],[3.8419449,51.2777765],[3.8419761,51.2777129],[3.8419998,51.2776772],[3.8420393,51.2776226],[3.8420847,51.2775802],[3.8421295,51.277532],[3.8422261,51.2774733],[3.842303,51.2774826],[3.8423695,51.2774738],[3.8423745,51.2774737]]},"properties":{"rawObjectClass":"DEPCNT","VALDCO":10,"depthDatum":"Approximate LAT","depthDatumCode":42,"depthDatumStatus":"VERIFIED_FROM_OFFICIAL_DOCUMENTATION","verticalDatum":"Local Datum","verticalDatumCode":24,"napIdentityStatus":"UNVERIFIED","sourceKind":"official","sourceCellId":"1R7687LI","sourceStableId":"1F2B6A429E1C761F","sourceChecksum":"15df29d0ae5fbc875483ea2addc2d4e6c9148a876bdf65f0adfc75742fe31c47","pipelineFeatureId":"1R7687LI/DEPCNT/1280474814","provenance":{"cellId":"1R7687LI","checksum":"15df29d0ae5fbc875483ea2addc2d4e6c9148a876bdf65f0adfc75742fe31c47","readerVersion":"GDAL 3.2.2","processedAt":"2026-08-11T13:43:44.753Z"},"sourceProperties":{"RCID":1280474814,"PRIM":2,"GRUP":2,"OBJL":43,"RVER":1,"AGEN":7979,"FIDN":1782750748,"FIDS":30239,"LNAM":"1F2B6A429E1C761F","VALDCO":10,"SCAMIN":300000,"sourceCellId":"1R7687LI","sourceChecksum":"15df29d0ae5fbc875483ea2addc2d4e6c9148a876bdf65f0adfc75742fe31c47","rawObjectClass":"DEPCNT","sourceStableId":"1F2B6A429E1C761F"}}},{"type":"Feature","geometry":{"type":"LineString","coordinates":[[3.8353237,51.2928376],[3.8352872,51.2928679],[3.8352781,51.2929051],[3.8352655,51.2929377]]},"properties":{"rawObjectClass":"DEPCNT","VALDCO":8,"depthDatum":"Approximate LAT","depthDatumCode":42,"depthDatumStatus":"VERIFIED_FROM_OFFICIAL_DOCUMENTATION","verticalDatum":"Local Datum","verticalDatumCode":24,"napIdentityStatus":"UNVERIFIED","sourceKind":"official","sourceCellId":"1R7687LI","sourceStableId":"1F2B6A429E1C7620","sourceChecksum":"15df29d0ae5fbc875483ea2addc2d4e6c9148a876bdf65f0adfc75742fe31c47","pipelineFeatureId":"1R7687LI/DEPCNT/1280474815","provenance":{"cellId":"1R7687LI","checksum":"15df29d0ae5fbc875483ea2addc2d4e6c9148a876bdf65f0adfc75742fe31c47","readerVersion":"GDAL 3.2.2","processedAt":"2026-08-11T13:43:44.753Z"},"sourceProperties":{"RCID":1280474815,"PRIM":2,"GRUP":2,"OBJL":43,"RVER":1,"AGEN":7979,"FIDN":1782750748,"FIDS":30240,"LNAM":"1F2B6A429E1C7620","VALDCO":8,"SCAMIN":300000,"sourceCellId":"1R7687LI","sourceChecksum":"15df29d0ae5fbc875483ea2addc2d4e6c9148a876bdf65f0adfc75742fe31c47","rawObjectClass":"DEPCNT","sourceStableId":"1F2B6A429E1C7620"}}},{"type":"Feature","geometry":{"type":"LineString","coordinates":[[3.83526,51.2929518],[3.8352576,51.292958],[3.8352561,51.2930102],[3.8352159,51.293101]]},"properties":{"rawObjectClass":"DEPCNT","VALDCO":8,"depthDatum":"Approximate LAT","depthDatumCode":42,"depthDatumStatus":"VERIFIED_FROM_OFFICIAL_DOCUMENTATION","verticalDatum":"Local Datum","verticalDatumCode":24,"napIdentityStatus":"UNVERIFIED","sourceKind":"official","sourceCellId":"1R7687LI","sourceStableId":"1F2B6A429E1C7621","sourceChecksum":"15df29d0ae5fbc875483ea2addc2d4e6c9148a876bdf65f0adfc75742fe31c47","pipelineFeatureId":"1R7687LI/DEPCNT/1280474816","provenance":{"cellId":"1R7687LI","checksum":"15df29d0ae5fbc875483ea2addc2d4e6c9148a876bdf65f0adfc75742fe31c47","readerVersion":"GDAL 3.2.2","processedAt":"2026-08-11T13:43:44.753Z"},"sourceProperties":{"RCID":1280474816,"PRIM":2,"GRUP":2,"OBJL":43,"RVER":1,"AGEN":7979,"FIDN":1782750748,"FIDS":30241,"LNAM":"1F2B6A429E1C7621","VALDCO":8,"SCAMIN":300000,"sourceCellId":"1R7687LI","sourceChecksum":"15df29d0ae5fbc875483ea2addc2d4e6c9148a876bdf65f0adfc75742fe31c47","rawObjectClass":"DEPCNT","sourceStableId":"1F2B6A429E1C7621"}}},{"type":"Feature","geometry":{"type":"LineString","coordinates":[[3.8352099,51.2931146],[3.8351998,51.2931373],[3.8351983,51.293143],[3.8351637,51.2932284],[3.8351707,51.2932469],[3.8351445,51.2933185],[3.8351488,51.2933519],[3.8351317,51.2934085],[3.8351325,51.2934533],[3.8351246,51.2934985],[3.8350774,51.2935545]]},"properties":{"rawObjectClass":"DEPCNT","VALDCO":8,"depthDatum":"Approximate LAT","depthDatumCode":42,"depthDatumStatus":"VERIFIED_FROM_OFFICIAL_DOCUMENTATION","verticalDatum":"Local Datum","verticalDatumCode":24,"napIdentityStatus":"UNVERIFIED","sourceKind":"official","sourceCellId":"1R7687LI","sourceStableId":"1F2B6A429E1C7622","sourceChecksum":"15df29d0ae5fbc875483ea2addc2d4e6c9148a876bdf65f0adfc75742fe31c47","pipelineFeatureId":"1R7687LI/DEPCNT/1280474817","provenance":{"cellId":"1R7687LI","checksum":"15df29d0ae5fbc875483ea2addc2d4e6c9148a876bdf65f0adfc75742fe31c47","readerVersion":"GDAL 3.2.2","processedAt":"2026-08-11T13:43:44.753Z"},"sourceProperties":{"RCID":1280474817,"PRIM":2,"GRUP":2,"OBJL":43,"RVER":1,"AGEN":7979,"FIDN":1782750748,"FIDS":30242,"LNAM":"1F2B6A429E1C7622","VALDCO":8,"SCAMIN":300000,"sourceCellId":"1R7687LI","sourceChecksum":"15df29d0ae5fbc875483ea2addc2d4e6c9148a876bdf65f0adfc75742fe31c47","rawObjectClass":"DEPCNT","sourceStableId":"1F2B6A429E1C7622"}}},{"type":"Feature","geometry":{"type":"LineString","coordinates":[[3.8349901,51.2937913],[3.8349854,51.2938205],[3.8349846,51.2938592],[3.834926,51.293945],[3.8349204,51.2939495],[3.8349196,51.2939536],[3.8348888,51.2940397],[3.8348807,51.2940696],[3.834845,51.2941299],[3.834846,51.2941828],[3.834836,51.2942199],[3.8348278,51.2942854],[3.8348199,51.2943099],[3.8348074,51.2943599]]},"properties":{"rawObjectClass":"DEPCNT","VALDCO":8,"depthDatum":"Approximate LAT","depthDatumCode":42,"depthDatumStatus":"VERIFIED_FROM_OFFICIAL_DOCUMENTATION","verticalDatum":"Local Datum","verticalDatumCode":24,"napIdentityStatus":"UNVERIFIED","sourceKind":"official","sourceCellId":"1R7687LI","sourceStableId":"1F2B6A429E1C7623","sourceChecksum":"15df29d0ae5fbc875483ea2addc2d4e6c9148a876bdf65f0adfc75742fe31c47","pipelineFeatureId":"1R7687LI/DEPCNT/1280474818","provenance":{"cellId":"1R7687LI","checksum":"15df29d0ae5fbc875483ea2addc2d4e6c9148a876bdf65f0adfc75742fe31c47","readerVersion":"GDAL 3.2.2","processedAt":"2026-08-11T13:43:44.753Z"},"sourceProperties":{"RCID":1280474818,"PRIM":2,"GRUP":2,"OBJL":43,"RVER":1,"AGEN":7979,"FIDN":1782750748,"FIDS":30243,"LNAM":"1F2B6A429E1C7623","VALDCO":8,"SCAMIN":300000,"sourceCellId":"1R7687LI","sourceChecksum":"15df29d0ae5fbc875483ea2addc2d4e6c9148a876bdf65f0adfc75742fe31c47","rawObjectClass":"DEPCNT","sourceStableId":"1F2B6A429E1C7623"}}},{"type":"Feature","geometry":{"type":"LineString","coordinates":[[3.8347943,51.2944079],[3.8347912,51.2944167],[3.8347424,51.2944903],[3.8347376,51.2945173]]},"properties":{"rawObjectClass":"DEPCNT","VALDCO":8,"depthDatum":"Approximate LAT","depthDatumCode":42,"depthDatumStatus":"VERIFIED_FROM_OFFICIAL_DOCUMENTATION","verticalDatum":"Local Datum","verticalDatumCode":24,"napIdentityStatus":"UNVERIFIED","sourceKind":"official","sourceCellId":"1R7687LI","sourceStableId":"1F2B6A429E1C7624","sourceChecksum":"15df29d0ae5fbc875483ea2addc2d4e6c9148a876bdf65f0adfc75742fe31c47","pipelineFeatureId":"1R7687LI/DEPCNT/1280474819","provenance":{"cellId":"1R7687LI","checksum":"15df29d0ae5fbc875483ea2addc2d4e6c9148a876bdf65f0adfc75742fe31c47","readerVersion":"GDAL 3.2.2","processedAt":"2026-08-11T13:43:44.753Z"},"sourceProperties":{"RCID":1280474819,"PRIM":2,"GRUP":2,"OBJL":43,"RVER":1,"AGEN":7979,"FIDN":1782750748,"FIDS":30244,"LNAM":"1F2B6A429E1C7624","VALDCO":8,"SCAMIN":300000,"sourceCellId":"1R7687LI","sourceChecksum":"15df29d0ae5fbc875483ea2addc2d4e6c9148a876bdf65f0adfc75742fe31c47","rawObjectClass":"DEPCNT","sourceStableId":"1F2B6A429E1C7624"}}},{"type":"Feature","geometry":{"type":"LineString","coordinates":[[3.8346706,51.2946947],[3.8346538,51.2947491],[3.8346456,51.2947608],[3.834644,51.2947672],[3.8346126,51.294851],[3.8346033,51.2948842],[3.8345661,51.2949412],[3.8345622,51.2950015],[3.8345581,51.2950312],[3.8345293,51.2951136],[3.8345256,51.2951213],[3.8345172,51.2951282],[3.8344207,51.295212],[3.8343769,51.2953005],[3.8343755,51.2953023],[3.8343751,51.2953034],[3.8343168,51.2953926],[3.8343133,51.295434],[3.8343031,51.2954826],[3.8342861,51.2955424],[3.8342755,51.2955727],[3.8342396,51.2956403],[3.8342212,51.295663],[3.8342212,51.295675],[3.8342047,51.2957531],[3.8341959,51.2957822],[3.8341673,51.2958433],[3.8341424,51.2959074],[3.8341315,51.2959335],[3.8341109,51.2960186],[3.8341089,51.2960235],[3.8341034,51.2960386],[3.8340609,51.2961138],[3.8340578,51.2961436],[3.8340343,51.2962039],[3.8340197,51.296259],[3.8340068,51.296294],[3.833966,51.2963702],[3.8339536,51.2963843],[3.8339533,51.2963925],[3.8339301,51.2964744],[3.8339322,51.296497],[3.8339076,51.2965645],[3.8339001,51.2966086],[3.8338828,51.2966546],[3.8338305,51.2967442],[3.8338294,51.2967474],[3.8337903,51.2968351],[3.833783,51.2968656],[3.8337453,51.2969254],[3.8337254,51.2969935],[3.8337199,51.2970155],[3.8336916,51.2970581],[3.8336539,51.2971058],[3.8336526,51.2971311],[3.8336254,51.297196],[3.8336235,51.2972408],[3.8336169,51.297286],[3.8336024,51.2973453],[3.8335984,51.297376],[3.8335551,51.2974385],[3.8335413,51.2974663],[3.8335331,51.2974806],[3.8335106,51.2975565],[3.8335043,51.2975901],[3.8334964,51.2976465],[3.8334919,51.297689],[3.8334838,51.2977365],[3.8334651,51.2977971],[3.8334601,51.2978266],[3.8334235,51.2979148],[3.8334231,51.2979168],[3.8334204,51.2979232],[3.8333854,51.298007],[3.833383,51.2980317],[3.8333703,51.298097],[3.8333594,51.2981378],[3.8333475,51.2981871],[3.8332968,51.2982689],[3.8332922,51.2982774],[3.8332838,51.2983006],[3.833264,51.2983675],[3.8332544,51.298387],[3.8332326,51.2984577],[3.833232,51.2984924],[3.8332158,51.2985477],[3.8331684,51.2986241],[3.8331639,51.298638],[3.8331475,51.2986943],[3.8331405,51.2987281],[3.8331402,51.2987331],[3.8331235,51.2988182],[3.833112,51.2988422],[3.8330969,51.2989083],[3.8330834,51.2989515],[3.8330667,51.2989984],[3.8330425,51.2990686],[3.8330364,51.2990885],[3.8330126,51.2991663],[3.8330084,51.2991787],[3.8330072,51.2991822],[3.8329722,51.2992688],[3.8329601,51.2993034],[3.8329356,51.299359],[3.8329132,51.2994244],[3.8329043,51.2994492],[3.8328856,51.2995331],[3.832884,51.2995392],[3.8328763,51.2995609],[3.8328489,51.2996294],[3.8328466,51.2996491],[3.8328194,51.2997195],[3.8327845,51.2997798],[3.8327727,51.2998098],[3.8327617,51.2998854],[3.8327402,51.2999687],[3.8327332,51.2999899],[3.832734,51.2999941],[3.8327202,51.3000799],[3.8327125,51.3000989],[3.8326839,51.3001701],[3.8326508,51.3002293],[3.8326368,51.3002604],[3.8326072,51.3003483],[3.8326063,51.3003505],[3.8326038,51.3003579],[3.8325721,51.3004407],[3.8325716,51.300462],[3.8325426,51.3005308],[3.8325246,51.3005832],[3.832514,51.3006209],[3.8324849,51.3006996],[3.8324826,51.3007111],[3.8324562,51.3008012],[3.8324549,51.3008098],[3.8324315,51.3008913],[3.8324218,51.3009219],[3.8323971,51.3009815],[3.8323709,51.3010456],[3.8323638,51.3010716],[3.8323347,51.3011597],[3.832334,51.3011617],[3.8323316,51.3011674],[3.8322904,51.301252],[3.8322775,51.3012873],[3.8322614,51.3013421],[3.8322376,51.3014039],[3.8322308,51.3014322],[3.8322073,51.3015143],[3.8322031,51.3015224],[3.8321951,51.3015497],[3.8321755,51.3016125],[3.8321699,51.3016292],[3.8321474,51.3017026],[3.8321301,51.3017456],[3.8321093,51.3017928],[3.8320869,51.3018643],[3.8320804,51.3018829],[3.8320621,51.301973],[3.8320594,51.3019802],[3.8320244,51.3020632],[3.832017,51.3020911],[3.8319911,51.3021533],[3.831968,51.3022135],[3.8319574,51.3022435],[3.8319319,51.3023275],[3.8319295,51.3023336],[3.8319228,51.3023597],[3.8318989,51.3024238],[3.8318904,51.3024451],[3.8318542,51.302514],[3.83184,51.3025684],[3.8318256,51.3026041],[3.8317872,51.3026932],[3.8317865,51.3026943],[3.8317854,51.302697],[3.8317469,51.3027845],[3.8317415,51.3028134],[3.83172,51.3028746],[3.8316933,51.3029353],[3.8316893,51.3029648],[3.8316616,51.3030466],[3.8316592,51.3030549],[3.8316491,51.303091],[3.8316345,51.303145],[3.8316318,51.3031566],[3.8316076,51.3032351],[3.8315903,51.3032742],[3.8315738,51.3033253],[3.8315597,51.3033848],[3.831547,51.3034154],[3.8315266,51.303497],[3.8315245,51.3035055],[3.8315138,51.3035386],[3.8314958,51.3035956],[3.8314878,51.3036128],[3.8314635,51.3036858],[3.8314504,51.3037277],[3.8314328,51.3037759],[3.8314069,51.3038465],[3.8314048,51.303866],[3.8313773,51.3039286],[3.8313656,51.3039562],[3.8313633,51.3039655],[3.8313333,51.3040464],[3.8313238,51.3040817],[3.8313039,51.3041365],[3.8312867,51.3041965],[3.8312787,51.3042266],[3.8312408,51.3043104],[3.8312379,51.3043168],[3.8312373,51.3043191],[3.8312153,51.3044069],[3.8312089,51.3044283],[3.8311899,51.304497],[3.8311725,51.3045425],[3.8311533,51.3045872],[3.8311247,51.3046642],[3.8311197,51.3046773],[3.831105,51.3047335],[3.8310954,51.3047674],[3.8310928,51.3047756],[3.8310672,51.3048576],[3.8310566,51.3048897],[3.8310351,51.3049477],[3.8310171,51.305006],[3.8310061,51.3050378],[3.8309773,51.3051224],[3.8309751,51.305128],[3.830969,51.3051478],[3.8309465,51.3052181],[3.8309426,51.3052357],[3.8309194,51.3053082],[3.8309019,51.3053527],[3.8308835,51.3053984],[3.83085,51.305477],[3.8308456,51.3054886],[3.8308325,51.3055323],[3.830815,51.3055787],[3.8308134,51.3055914],[3.830777,51.3056689],[3.8307629,51.3057147],[3.830751,51.305759],[3.8307106,51.3058392],[3.8307078,51.3058493],[3.8306953,51.3058815],[3.830675,51.3059394],[3.8306698,51.3059563],[3.830644,51.3060296],[3.8306317,51.3060717],[3.8306195,51.3061197],[3.8305995,51.3061833],[3.8305926,51.3062098],[3.8305592,51.3062851],[3.8305536,51.3063],[3.8305515,51.306305],[3.8305266,51.3063901],[3.8305166,51.3064183],[3.8304917,51.3064802],[3.8304687,51.3065703],[3.8304412,51.3066486],[3.8304371,51.3066605],[3.8304231,51.3066957],[3.8303988,51.3067507],[3.8303909,51.3067718],[3.8303663,51.3068408],[3.830354,51.3068864],[3.8303385,51.3069309],[3.8303157,51.3070019],[3.8303087,51.3070211],[3.8302867,51.3070868],[3.8302766,51.3071112],[3.8302723,51.3071206],[3.8302286,51.3072015],[3.8302178,51.3072466],[3.8302096,51.3072915],[3.830185,51.3073585],[3.8301755,51.3073817],[3.830153,51.30747],[3.8301522,51.3074718],[3.8301503,51.3074792],[3.8301227,51.3075619],[3.8301181,51.3075833],[3.8300859,51.3076521],[3.8300686,51.307706],[3.8300541,51.3077423],[3.8300144,51.3078317],[3.8300142,51.3078325],[3.8300133,51.3078348],[3.8299812,51.3079226],[3.8299748,51.3079481],[3.829954,51.3080127],[3.8299413,51.3080605],[3.8299306,51.3081028],[3.8299095,51.3081718],[3.8299028,51.3081929],[3.8298774,51.3082573],[3.8298666,51.3082831],[3.8298639,51.308292],[3.8298344,51.3083733],[3.8298154,51.3084141],[3.8297959,51.3084635],[3.8297728,51.3085323],[3.8297629,51.3085536],[3.8297413,51.3086435],[3.8297411,51.3086437],[3.8297409,51.3086443],[3.8296989,51.3087339],[3.8296907,51.3087668],[3.8296376,51.3088243],[3.829622,51.3089019],[3.8296251,51.3089143],[3.8296026,51.3089312],[3.8295305,51.3090049],[3.829522,51.3090569],[3.8295256,51.3090948],[3.8295059,51.3091582],[3.8295084,51.3091849],[3.8294643,51.3092136],[3.8294104,51.3092755],[3.8294015,51.309316],[3.8294027,51.3093655],[3.8293888,51.3094152],[3.8293908,51.3094555],[3.8293259,51.3094984],[3.829277,51.3095462],[3.8292669,51.3095842],[3.8292703,51.3096362],[3.8292601,51.3096796],[3.8292622,51.3097262],[3.8291875,51.3097778],[3.8291496,51.3098169],[3.8291423,51.309846],[3.8291461,51.3099068],[3.8291354,51.3099414],[3.8291399,51.3099968],[3.8290491,51.3100588],[3.8290215,51.3100876],[3.8290136,51.3101104],[3.8290161,51.3101775],[3.8290081,51.3102049],[3.8290126,51.3102675],[3.8289106,51.3103347],[3.8288859,51.3103583],[3.8288807,51.3103775],[3.8288838,51.3104482],[3.828781,51.3105324],[3.8287812,51.3105389],[3.8288129,51.3106029],[3.8288045,51.3106286],[3.8288041,51.3106995],[3.8287958,51.3107186],[3.8287747,51.3107584],[3.8287162,51.3108091],[3.8287242,51.3108416],[3.8286885,51.3108992],[3.8286786,51.3109619],[3.8286687,51.3109893],[3.8286364,51.3110414],[3.8285959,51.3110797],[3.8285863,51.3111119],[3.8285557,51.3111699],[3.8285218,51.3112443],[3.8285126,51.3112601],[3.8285171,51.3113382],[3.8285112,51.3113501],[3.8284596,51.3114404],[3.8284428,51.3114768],[3.8284257,51.3115305],[3.8283757,51.3116108],[3.8283691,51.3116208],[3.8283602,51.3116424],[3.8283299,51.311711],[3.8283092,51.3117443],[3.828274,51.3118014],[3.8282335,51.3118838],[3.8282291,51.3118916],[3.8282215,51.3119072],[3.8281695,51.3119819],[3.8281559,51.3120245],[3.8281283,51.3120722],[3.8280824,51.3121509],[3.8280762,51.3121625],[3.8280732,51.3121685],[3.8280347,51.3122527],[3.8279635,51.3123297],[3.8279527,51.3123432],[3.8279163,51.3124334],[3.8278999,51.3124615],[3.8278617,51.3125237],[3.8278092,51.3126105],[3.827807,51.312614],[3.8278039,51.3126199],[3.8277605,51.3127042],[3.8277266,51.3127544],[3.827701,51.3127946],[3.8276644,51.3128412],[3.8276411,51.3128849],[3.827617,51.3129156],[3.8275876,51.3129752],[3.8275607,51.3130427],[3.8275505,51.3130654],[3.8275256,51.3131033],[3.8274932,51.3131557],[3.8274724,51.3131902],[3.8274364,51.313246],[3.8273932,51.3133319],[3.8273912,51.3133363],[3.8273865,51.3133435],[3.8273423,51.3134266],[3.8273123,51.3134747],[3.8272896,51.3135168],[3.8272476,51.3135998],[3.8272432,51.3136071],[3.8272378,51.3136135],[3.8271619,51.3136976],[3.8271072,51.31377],[3.8270929,51.313788],[3.8270731,51.31381],[3.8270143,51.3138785],[3.826967,51.3139521],[3.8269595,51.3139688],[3.8269452,51.3139829],[3.826894,51.3140592],[3.826827,51.3141474],[3.8268259,51.3141496],[3.8268213,51.3141533],[3.8267358,51.3142401],[3.8267144,51.3143127],[3.826705,51.3143303],[3.8266873,51.3143573],[3.826653,51.3144206],[3.8265932,51.3144813],[3.8265691,51.3145111],[3.8265479,51.314588],[3.8265456,51.3146012],[3.8265414,51.3146055],[3.8264777,51.3146916],[3.8264309,51.3147673],[3.8264213,51.3147819],[3.8264083,51.3148027],[3.8263708,51.3148722],[3.8262854,51.3149515],[3.8262729,51.3149628],[3.8262678,51.3149697],[3.8262161,51.3150531],[3.8261397,51.3151358],[3.8261342,51.3151436],[3.8261276,51.3151515],[3.8260878,51.3152339],[3.8260371,51.3152925],[3.8260166,51.3153243],[3.8259878,51.3153571],[3.8259575,51.3154146],[3.8259239,51.315456],[3.8259052,51.3155049],[3.8258479,51.3155552],[3.8258121,51.3155955],[3.8257592,51.3156525],[3.8257384,51.3156859],[3.8257075,51.3157304],[3.8256892,51.3157762],[3.8256533,51.3158114],[3.8256142,51.3158666],[3.8255679,51.3159465],[3.8255636,51.3159569],[3.8255559,51.3159647],[3.8254878,51.3160474],[3.8254275,51.3161205],[3.8254156,51.3161378],[3.8253971,51.3161574],[3.8253583,51.3162023]]},"properties":{"rawObjectClass":"DEPCNT","VALDCO":8,"depthDatum":"Approximate LAT","depthDatumCode":42,"depthDatumStatus":"VERIFIED_FROM_OFFICIAL_DOCUMENTATION","verticalDatum":"Local Datum","verticalDatumCode":24,"napIdentityStatus":"UNVERIFIED","sourceKind":"official","sourceCellId":"1R7687LI","sourceStableId":"1F2B6A429E1C7625","sourceChecksum":"15df29d0ae5fbc875483ea2addc2d4e6c9148a876bdf65f0adfc75742fe31c47","pipelineFeatureId":"1R7687LI/DEPCNT/1280474820","provenance":{"cellId":"1R7687LI","checksum":"15df29d0ae5fbc875483ea2addc2d4e6c9148a876bdf65f0adfc75742fe31c47","readerVersion":"GDAL 3.2.2","processedAt":"2026-08-11T13:43:44.753Z"},"sourceProperties":{"RCID":1280474820,"PRIM":2,"GRUP":2,"OBJL":43,"RVER":1,"AGEN":7979,"FIDN":1782750748,"FIDS":30245,"LNAM":"1F2B6A429E1C7625","VALDCO":8,"SCAMIN":300000,"sourceCellId":"1R7687LI","sourceChecksum":"15df29d0ae5fbc875483ea2addc2d4e6c9148a876bdf65f0adfc75742fe31c47","rawObjectClass":"DEPCNT","sourceStableId":"1F2B6A429E1C7625"}}},{"type":"Feature","geometry":{"type":"LineString","coordinates":[[3.8253264,51.3162405],[3.8252871,51.3162914],[3.8252673,51.3163187],[3.825246,51.3163452],[3.8252008,51.3164091],[3.825147,51.3164806],[3.8251377,51.3164995],[3.8251239,51.3165144],[3.8250749,51.3165898],[3.8250067,51.3166593],[3.824991,51.3166803],[3.8249769,51.3166996],[3.824939,51.3167706],[3.8248538,51.3168611],[3.8248422,51.3168768],[3.8247897,51.3169515],[3.8247263,51.3170263],[3.8247142,51.317042],[3.824703,51.317057],[3.8246535,51.3171323],[3.8245856,51.3171784],[3.8245592,51.3172068]]},"properties":{"rawObjectClass":"DEPCNT","VALDCO":8,"depthDatum":"Approximate LAT","depthDatumCode":42,"depthDatumStatus":"VERIFIED_FROM_OFFICIAL_DOCUMENTATION","verticalDatum":"Local Datum","verticalDatumCode":24,"napIdentityStatus":"UNVERIFIED","sourceKind":"official","sourceCellId":"1R7687LI","sourceStableId":"1F2B6A429E1C7626","sourceChecksum":"15df29d0ae5fbc875483ea2addc2d4e6c9148a876bdf65f0adfc75742fe31c47","pipelineFeatureId":"1R7687LI/DEPCNT/1280474821","provenance":{"cellId":"1R7687LI","checksum":"15df29d0ae5fbc875483ea2addc2d4e6c9148a876bdf65f0adfc75742fe31c47","readerVersion":"GDAL 3.2.2","processedAt":"2026-08-11T13:43:44.753Z"},"sourceProperties":{"RCID":1280474821,"PRIM":2,"GRUP":2,"OBJL":43,"RVER":1,"AGEN":7979,"FIDN":1782750748,"FIDS":30246,"LNAM":"1F2B6A429E1C7626","VALDCO":8,"SCAMIN":300000,"sourceCellId":"1R7687LI","sourceChecksum":"15df29d0ae5fbc875483ea2addc2d4e6c9148a876bdf65f0adfc75742fe31c47","rawObjectClass":"DEPCNT","sourceStableId":"1F2B6A429E1C7626"}}},{"type":"Feature","geometry":{"type":"LineString","coordinates":[[3.8245304,51.3172443],[3.8245145,51.3172688],[3.8245168,51.3173131],[3.8244514,51.3174002],[3.824449,51.3174035],[3.8244462,51.317407],[3.8243807,51.3174939],[3.8243057,51.3175762],[3.8242998,51.3175844],[3.8242922,51.3175931],[3.8241656,51.317764],[3.8241647,51.3177652],[3.8241635,51.3177665],[3.8240845,51.3178557],[3.8240251,51.3179345],[3.824015,51.3179461],[3.8239983,51.3179633],[3.8239318,51.3180366],[3.8238845,51.3180956],[3.823859,51.3181271],[3.8238176,51.3181701],[3.8237784,51.3182175],[3.8237439,51.318257],[3.8236929,51.3183081],[3.8236472,51.3183702],[3.8236209,51.3183985],[3.8236035,51.3184308],[3.8235502,51.3184889],[3.8235033,51.3185534],[3.8234785,51.3185793],[3.823463,51.318596],[3.8233934,51.3186699],[3.8233224,51.3187596],[3.8233214,51.3187603],[3.8233197,51.318762],[3.823214,51.318851],[3.8231815,51.3189072],[3.823104,51.3189417],[3.8230772,51.3190084],[3.8230496,51.319032],[3.8230404,51.3190386],[3.8229424,51.3191226],[3.8228997,51.3191945],[3.8228534,51.3192132],[3.8228595,51.3192388],[3.8227839,51.3193036],[3.8227585,51.3193238],[3.8226688,51.3193943],[3.8226737,51.3194299],[3.8226886,51.3194841],[3.8226643,51.3195458],[3.8226513,51.3195743],[3.8226206,51.3196373],[3.822598,51.3196646],[3.8224787,51.319729],[3.8224426,51.3197556],[3.8224106,51.3197993],[3.822368,51.3198461],[3.8223679,51.3199177],[3.8223616,51.319936],[3.8223393,51.3199561],[3.8222241,51.3200098],[3.8221969,51.3200206],[3.8221874,51.3200272],[3.8221883,51.3200327],[3.8221673,51.3201172],[3.8221687,51.3201362],[3.8221391,51.3202074],[3.8221333,51.3202498],[3.822111,51.3202975],[3.8220614,51.3203869],[3.8220608,51.3203877],[3.82206,51.3203887],[3.8219764,51.3204783],[3.821925,51.3205652],[3.8219225,51.3205686],[3.8219198,51.320572],[3.8218385,51.3206591],[3.8217875,51.3207443],[3.8217834,51.3207494],[3.8217795,51.3207535],[3.8216873,51.32084],[3.821639,51.320923],[3.8216293,51.3209303],[3.821627,51.3209381],[3.8215476,51.3210208],[3.8214985,51.3210899],[3.8214708,51.3211113],[3.821472,51.3211283],[3.821417,51.3212016],[3.8213584,51.3212803],[3.8213389,51.321292],[3.8213352,51.3213069],[3.8212724,51.3213824],[3.8212182,51.3214633],[3.8212076,51.3214728],[3.8212037,51.3214821],[3.8211254,51.3215633],[3.8210773,51.32161],[3.8210164,51.321654],[3.8210101,51.3216971],[3.8209803,51.3217442],[3.8209372,51.3218007],[3.8208941,51.3218347],[3.8208678,51.3218792],[3.8208268,51.3219251],[3.8207965,51.3219606],[3.8207337,51.3220157],[3.8207154,51.3220678],[3.8206877,51.3221059],[3.8206563,51.3221426],[3.8205876,51.3221965],[3.8205682,51.3222531],[3.8205445,51.3222867],[3.820516,51.322326],[3.8204557,51.3223773],[3.8204268,51.3224346],[3.8203963,51.3224676],[3.8203754,51.3224893],[3.820291,51.3225583],[3.8202773,51.3226213],[3.8202606,51.3226484],[3.8202353,51.3226818],[3.8201691,51.322739],[3.8201316,51.3228056],[3.820113,51.3228293],[3.8200949,51.3228559],[3.8200341,51.3229198],[3.8200108,51.322974],[3.8199821,51.3230101],[3.8199547,51.3230428],[3.8198894,51.3231006],[3.8198607,51.3231611],[3.8198362,51.3231909],[3.8198146,51.3232316],[3.8197675,51.3232813],[3.8197328,51.323334],[3.819694,51.3233718],[3.8196741,51.3234018],[3.8196144,51.3234622],[3.8195841,51.3235202],[3.8195559,51.3235526],[3.8195338,51.3235806],[3.8194631,51.3236431],[3.8194384,51.3237045],[3.8194164,51.3237334],[3.8193935,51.3237595],[3.8193243,51.323824],[3.8193021,51.3238828],[3.8192813,51.3239142],[3.8192538,51.3239739],[3.8192338,51.3240044],[3.8191575,51.3240663],[3.8191238,51.3240951],[3.8191127,51.3241088],[3.8190782,51.3241172],[3.8189703,51.3241734],[3.8188474,51.3241741],[3.8188268,51.3241746],[3.8187989,51.3241699],[3.8186831,51.3241663],[3.8186349,51.3241583],[3.8185394,51.3241528],[3.8185044,51.3241516]]},"properties":{"rawObjectClass":"DEPCNT","VALDCO":8,"depthDatum":"Approximate LAT","depthDatumCode":42,"depthDatumStatus":"VERIFIED_FROM_OFFICIAL_DOCUMENTATION","verticalDatum":"Local Datum","verticalDatumCode":24,"napIdentityStatus":"UNVERIFIED","sourceKind":"official","sourceCellId":"1R7687LI","sourceStableId":"1F2B6A429E1C7627","sourceChecksum":"15df29d0ae5fbc875483ea2addc2d4e6c9148a876bdf65f0adfc75742fe31c47","pipelineFeatureId":"1R7687LI/DEPCNT/1280474822","provenance":{"cellId":"1R7687LI","checksum":"15df29d0ae5fbc875483ea2addc2d4e6c9148a876bdf65f0adfc75742fe31c47","readerVersion":"GDAL 3.2.2","processedAt":"2026-08-11T13:43:44.753Z"},"sourceProperties":{"RCID":1280474822,"PRIM":2,"GRUP":2,"OBJL":43,"RVER":1,"AGEN":7979,"FIDN":1782750748,"FIDS":30247,"LNAM":"1F2B6A429E1C7627","VALDCO":8,"SCAMIN":300000,"sourceCellId":"1R7687LI","sourceChecksum":"15df29d0ae5fbc875483ea2addc2d4e6c9148a876bdf65f0adfc75742fe31c47","rawObjectClass":"DEPCNT","sourceStableId":"1F2B6A429E1C7627"}}},{"type":"Feature","geometry":{"type":"LineString","coordinates":[[3.8387542,51.3007475],[3.8387789,51.3007432],[3.8388412,51.3007163],[3.8389214,51.3006905],[3.8389587,51.3006649],[3.8390634,51.3006111],[3.8391464,51.3005736],[3.8392046,51.300489],[3.8392177,51.3004832],[3.8392187,51.3004741],[3.8393137,51.3003926],[3.839346,51.3003743],[3.8394737,51.3003106],[3.8394882,51.3003079],[3.8396085,51.3003904],[3.8396006,51.3004111],[3.8395574,51.3004807],[3.8394922,51.3005267],[3.8394184,51.3005716],[3.8394132,51.3006223],[3.8394106,51.3006616],[3.8393519,51.3007025],[3.8393106,51.3007523],[3.839216,51.3008397],[3.8392127,51.3008429],[3.8392111,51.3008442],[3.8391154,51.3009335],[3.8390699,51.3009695],[3.8389844,51.3010244],[3.838928,51.3010528],[3.8387935,51.3011157],[3.8387858,51.3011197],[3.8387465,51.3011408],[3.8386435,51.3011842],[3.8385895,51.301207],[3.8385015,51.301264],[3.8384419,51.301298],[3.8383593,51.3013338],[3.8382517,51.3013672],[3.8382164,51.3013637],[3.8382012,51.3013897],[3.8381671,51.3014215],[3.838122,51.3014802],[3.8380765,51.3015555],[3.8380712,51.3015704],[3.8380561,51.3015836],[3.8379702,51.3016611],[3.8379713,51.301729],[3.8379495,51.3017512],[3.8379369,51.3017693],[3.8378431,51.3018418],[3.8377957,51.301892],[3.8377124,51.3019327],[3.8376536,51.3019626],[3.8375875,51.3019752],[3.8375109,51.302005],[3.8374664,51.3020244],[3.8373693,51.3021067],[3.8373621,51.302115],[3.8373206,51.3021463],[3.8372588,51.3022057],[3.8372289,51.3022772],[3.8371997,51.3022961],[3.8370861,51.3023123],[3.8370319,51.3023872],[3.8369453,51.3024569],[3.836905,51.302478],[3.8368037,51.3025584],[3.8367967,51.3025687],[3.8366621,51.3026594],[3.8366617,51.3026596],[3.83652,51.3027372],[3.8364928,51.3027507],[3.8363782,51.3028228],[3.8363468,51.3028417],[3.8362366,51.3029297],[3.8362337,51.3029324],[3.8362332,51.3029346],[3.8361578,51.3030229],[3.8361476,51.3030805],[3.8361362,51.303113],[3.8360973,51.3031567],[3.8360276,51.3032037],[3.8359554,51.3032411],[3.8358699,51.3032586],[3.8358128,51.303287],[3.8357995,51.3032952],[3.8357629,51.3033272],[3.8357917,51.3033852],[3.8357915,51.3033998],[3.8357034,51.3034757],[3.8356731,51.3034946],[3.8355635,51.3035667],[3.8355314,51.3035936],[3.8354027,51.3036492],[3.8353891,51.3036541],[3.8353832,51.3036579],[3.8352467,51.3037149],[3.8351946,51.3037491],[3.8351317,51.3038229],[3.8351216,51.3038396],[3.8351059,51.3038576],[3.8350223,51.3039302],[3.8349643,51.3039599],[3.8348883,51.303979],[3.8348214,51.3039919],[3.834729,51.3040222],[3.8346789,51.3040443],[3.834537,51.3041135],[3.8345346,51.3041149],[3.8345351,51.3041135],[3.8345082,51.3040889]]},"properties":{"rawObjectClass":"DEPCNT","VALDCO":8,"depthDatum":"Approximate LAT","depthDatumCode":42,"depthDatumStatus":"VERIFIED_FROM_OFFICIAL_DOCUMENTATION","verticalDatum":"Local Datum","verticalDatumCode":24,"napIdentityStatus":"UNVERIFIED","sourceKind":"official","sourceCellId":"1R7687LI","sourceStableId":"1F2B6A429E1C7628","sourceChecksum":"15df29d0ae5fbc875483ea2addc2d4e6c9148a876bdf65f0adfc75742fe31c47","pipelineFeatureId":"1R7687LI/DEPCNT/1280474823","provenance":{"cellId":"1R7687LI","checksum":"15df29d0ae5fbc875483ea2addc2d4e6c9148a876bdf65f0adfc75742fe31c47","readerVersion":"GDAL 3.2.2","processedAt":"2026-08-11T13:43:44.753Z"},"sourceProperties":{"RCID":1280474823,"PRIM":2,"GRUP":2,"OBJL":43,"RVER":1,"AGEN":7979,"FIDN":1782750748,"FIDS":30248,"LNAM":"1F2B6A429E1C7628","VALDCO":8,"SCAMIN":300000,"sourceCellId":"1R7687LI","sourceChecksum":"15df29d0ae5fbc875483ea2addc2d4e6c9148a876bdf65f0adfc75742fe31c47","rawObjectClass":"DEPCNT","sourceStableId":"1F2B6A429E1C7628"}}},{"type":"Feature","geometry":{"type":"LineString","coordinates":[[3.8426773,51.2778961],[3.8426798,51.2779776],[3.8426661,51.2780153],[3.842605,51.2780681],[3.8426157,51.2781251],[3.8426092,51.278158],[3.8426699,51.2782232]]},"properties":{"rawObjectClass":"DEPCNT","VALDCO":8,"depthDatum":"Approximate LAT","depthDatumCode":42,"depthDatumStatus":"VERIFIED_FROM_OFFICIAL_DOCUMENTATION","verticalDatum":"Local Datum","verticalDatumCode":24,"napIdentityStatus":"UNVERIFIED","sourceKind":"official","sourceCellId":"1R7687LI","sourceStableId":"1F2B6A429E1C7629","sourceChecksum":"15df29d0ae5fbc875483ea2addc2d4e6c9148a876bdf65f0adfc75742fe31c47","pipelineFeatureId":"1R7687LI/DEPCNT/1280474824","provenance":{"cellId":"1R7687LI","checksum":"15df29d0ae5fbc875483ea2addc2d4e6c9148a876bdf65f0adfc75742fe31c47","readerVersion":"GDAL 3.2.2","processedAt":"2026-08-11T13:43:44.753Z"},"sourceProperties":{"RCID":1280474824,"PRIM":2,"GRUP":2,"OBJL":43,"RVER":1,"AGEN":7979,"FIDN":1782750748,"FIDS":30249,"LNAM":"1F2B6A429E1C7629","VALDCO":8,"SCAMIN":300000,"sourceCellId":"1R7687LI","sourceChecksum":"15df29d0ae5fbc875483ea2addc2d4e6c9148a876bdf65f0adfc75742fe31c47","rawObjectClass":"DEPCNT","sourceStableId":"1F2B6A429E1C7629"}}},{"type":"Feature","geometry":{"type":"LineString","coordinates":[[3.8334023,51.3048596],[3.8333617,51.3049312],[3.8332619,51.3050157],[3.8331982,51.3050223],[3.8331188,51.3050316],[3.8331027,51.3050229],[3.833045,51.3050055]]},"properties":{"rawObjectClass":"DEPCNT","VALDCO":8,"depthDatum":"Approximate LAT","depthDatumCode":42,"depthDatumStatus":"VERIFIED_FROM_OFFICIAL_DOCUMENTATION","verticalDatum":"Local Datum","verticalDatumCode":24,"napIdentityStatus":"UNVERIFIED","sourceKind":"official","sourceCellId":"1R7687LI","sourceStableId":"1F2B6A429E1C762A","sourceChecksum":"15df29d0ae5fbc875483ea2addc2d4e6c9148a876bdf65f0adfc75742fe31c47","pipelineFeatureId":"1R7687LI/DEPCNT/1280474825","provenance":{"cellId":"1R7687LI","checksum":"15df29d0ae5fbc875483ea2addc2d4e6c9148a876bdf65f0adfc75742fe31c47","readerVersion":"GDAL 3.2.2","processedAt":"2026-08-11T13:43:44.753Z"},"sourceProperties":{"RCID":1280474825,"PRIM":2,"GRUP":2,"OBJL":43,"RVER":1,"AGEN":7979,"FIDN":1782750748,"FIDS":30250,"LNAM":"1F2B6A429E1C762A","VALDCO":8,"SCAMIN":300000,"sourceCellId":"1R7687LI","sourceChecksum":"15df29d0ae5fbc875483ea2addc2d4e6c9148a876bdf65f0adfc75742fe31c47","rawObjectClass":"DEPCNT","sourceStableId":"1F2B6A429E1C762A"}}},{"type":"Feature","geometry":{"type":"LineString","coordinates":[[3.832967,51.3049804],[3.832879,51.3049346],[3.8328293,51.3048901],[3.8327687,51.3048455],[3.8327462,51.3047946],[3.8327205,51.3047559],[3.8327312,51.3047255],[3.8327238,51.3046659],[3.8326806,51.3046011],[3.832666,51.3045764],[3.8326792,51.3045218],[3.8326856,51.3044864],[3.8326869,51.3044811],[3.8327162,51.3043962],[3.8327322,51.3043611],[3.8327427,51.3043061],[3.8327626,51.3042506],[3.8327781,51.304216],[3.8327899,51.3041421],[3.8327961,51.3041259],[3.8328144,51.3040695],[3.8328248,51.3040358],[3.8328309,51.3040249],[3.832863,51.3039456],[3.8328894,51.3038964],[3.8329089,51.3038553],[3.8329431,51.3037711],[3.8329456,51.3037651],[3.8329521,51.3037492],[3.832973,51.303675],[3.8329822,51.303655],[3.8329891,51.303585],[3.8330066,51.3035484],[3.833035,51.3034947],[3.8330368,51.3034381],[3.8330438,51.3034048],[3.8330621,51.3033309],[3.8330665,51.3033147],[3.8330869,51.3032734],[3.8331102,51.3032244],[3.8331223,51.3032014],[3.83314,51.3031343],[3.8331433,51.303097],[3.8331597,51.3030442],[3.8331868,51.3029781],[3.8331936,51.3029541],[3.8332235,51.3028922],[3.8332365,51.3028639],[3.8332408,51.3028525],[3.8332664,51.3027737],[3.8332715,51.3027419],[3.833284,51.3026837],[3.8333011,51.3026319],[3.8333162,51.3025935],[3.8333599,51.3025055],[3.833361,51.3025033],[3.8333612,51.3025024],[3.8333826,51.3024132],[3.8333883,51.3023941],[3.8334067,51.3023231],[3.8334195,51.3022831],[3.8334393,51.302233],[3.8334877,51.3021484],[3.8334898,51.3021427],[3.8334963,51.3021161],[3.8335094,51.3020526],[3.8335107,51.3020428],[3.833535,51.3019625],[3.8335459,51.3019292],[3.8335591,51.3018724],[3.8336037,51.3018012],[3.8336093,51.3017821],[3.8336326,51.3017223],[3.8336409,51.301692],[3.8336431,51.301685],[3.83367,51.3016019],[3.8336805,51.30157],[3.8336877,51.3015118],[3.8337048,51.3014635],[3.8337181,51.3014217],[3.8337615,51.3013362],[3.833763,51.3013314],[3.8337688,51.3013184],[3.8337944,51.3012413],[3.833798,51.3012219],[3.8338147,51.3011512],[3.8338285,51.3011113],[3.83384,51.3010611],[3.8338726,51.3009921],[3.8338788,51.3009709],[3.8339051,51.3009247],[3.8339272,51.3008806],[3.8339298,51.3008645],[3.8339463,51.3007906],[3.8339538,51.3007581],[3.8339739,51.3007005],[3.8340035,51.3006353],[3.8340086,51.3006103],[3.8340415,51.3005351],[3.8340478,51.3005201],[3.834049,51.3005151],[3.8340778,51.30043],[3.834088,51.3003992],[3.8341027,51.3003399],[3.8341178,51.3002891],[3.8341286,51.3002498],[3.8341744,51.3001619],[3.8341754,51.3001595],[3.8341779,51.3001505],[3.8341999,51.3000694],[3.8342028,51.3000527],[3.8342308,51.2999793],[3.8342576,51.2999266],[3.8342708,51.2998891],[3.8342924,51.2998133],[3.8342967,51.2997989],[3.8343143,51.2997586],[3.8343334,51.2997088],[3.8343369,51.2996938],[3.8343756,51.299578],[3.8343838,51.2995286],[3.8344009,51.2994709],[3.8344061,51.2994385],[3.8344406,51.2993545],[3.834443,51.2993483],[3.83445,51.2993326],[3.834485,51.2992581],[3.8344875,51.2992334],[3.8344987,51.299168],[3.8345244,51.2991188],[3.8345405,51.2990778],[3.8345872,51.2989894],[3.8345879,51.2989876],[3.8345882,51.2989869],[3.8346032,51.2988975],[3.8346094,51.2988823],[3.8346461,51.2988073],[3.8346699,51.2987526],[3.8346856,51.2987171],[3.8347133,51.2986338],[3.8347145,51.298627],[3.8347238,51.2986096],[3.8347525,51.2985368],[3.8347596,51.2985132],[3.8347704,51.2984467],[3.8347724,51.298414],[3.8347854,51.2983567],[3.8348227,51.2982908],[3.834834,51.2982664],[3.83486,51.2982115],[3.8348748,51.2981762],[3.8348812,51.2981623],[3.8348962,51.2980861],[3.8348982,51.2980604],[3.834923,51.297996],[3.8349416,51.2979417],[3.8349463,51.2979059],[3.8349806,51.2978257],[3.8349826,51.2978158],[3.8349958,51.2977926],[3.8350232,51.2977255],[3.8350295,51.2977033],[3.8350444,51.2976355],[3.8350635,51.2975906],[3.8350765,51.2975453],[3.8351094,51.2974702],[3.8351137,51.2974551],[3.8351319,51.2973893],[3.8351389,51.297365],[3.8351395,51.2973599],[3.835179,51.2972748],[3.8351813,51.2972422],[3.8351917,51.2971848],[3.8352164,51.2971287],[3.8352202,51.2970947],[3.8352556,51.2970126],[3.8352579,51.2970045],[3.8352681,51.2969867],[3.8352985,51.2969143],[3.8353059,51.2968894],[3.8353198,51.2968242],[3.8353372,51.2967783],[3.8353499,51.2967341],[3.8353804,51.2966597],[3.8353843,51.2966439],[3.8354046,51.2966043],[3.8354285,51.2965537],[3.8354341,51.2965343],[3.835452,51.2964636],[3.8354572,51.2964286],[3.8354679,51.2963735],[3.835488,51.2963178],[3.8355046,51.2962834],[3.835532,51.2961987],[3.8355328,51.2961932],[3.8355401,51.2961713],[3.8355653,51.2961031],[3.8355697,51.2960835],[3.8355999,51.2960129],[3.8356145,51.2959638],[3.8356237,51.2959228],[3.8356419,51.2958553],[3.8356488,51.2958327],[3.8356766,51.2957891],[3.8357092,51.2957424],[3.835715,51.2957174],[3.8357306,51.2956523],[3.8357363,51.2956128],[3.8357453,51.2955623],[3.8357599,51.2955067],[3.8357655,51.2954722],[3.8357776,51.2954044],[3.8357856,51.2953821],[3.8358071,51.2952946],[3.8358081,51.295292],[3.8358109,51.2952843],[3.8358546,51.2952018],[3.8358628,51.2951678],[3.8358833,51.2951117],[3.8359262,51.2950362],[3.8359366,51.2950214],[3.8359491,51.2949996],[3.8359837,51.2949311],[3.8360129,51.2948897],[3.8360137,51.294841],[3.8360185,51.2947951],[3.8360393,51.2947509],[3.8360634,51.2946754],[3.836067,51.2946607],[3.8360857,51.2946217],[3.8361072,51.2945705],[3.8361142,51.2945518],[3.8361418,51.2944804],[3.8361491,51.2944384],[3.8361512,51.2943904],[3.836163,51.2943386],[3.8361659,51.2943003],[3.8361989,51.2942246],[3.836205,51.2942101],[3.836221,51.2941732],[3.8362436,51.2941199],[3.836237,51.2940416],[3.8362352,51.2940301],[3.8362331,51.2940208],[3.8362455,51.2939401],[3.8362449,51.2939222],[3.8362562,51.2938501],[3.8362789,51.2938095],[3.8362924,51.2937599],[3.836334,51.2936831],[3.8363372,51.2936697],[3.8363549,51.2936516],[3.8364162,51.2935792],[3.8364565,51.2935137],[3.8364672,51.2934889],[3.8364924,51.2933997],[3.8364929,51.2933988],[3.8364937,51.2933973],[3.8365408,51.2933085],[3.8365382,51.2932793],[3.8365529,51.2932185],[3.8365777,51.293163],[3.8365829,51.2931284],[3.8366223,51.2930435],[3.8366245,51.2930381],[3.8366304,51.2930248],[3.8366561,51.292948],[3.8366572,51.2929301],[3.8366779,51.2928579],[3.836681,51.2928239],[3.8366878,51.2927679],[3.8367141,51.2927117],[3.8367207,51.2926778],[3.8367664,51.292618],[3.8367891,51.2925874],[3.8367961,51.2925681],[3.836812,51.2924973],[3.8368259,51.292458],[3.8368311,51.2924072],[3.8368504,51.2923513],[3.8368596,51.2923171],[3.8368797,51.2922416],[3.8368862,51.292227],[3.8369021,51.2921912],[3.8369261,51.2921368],[3.8369282,51.2921195],[3.836951,51.2920467],[3.8369759,51.291998],[3.836993,51.2919564],[3.8370069,51.2918871],[3.8370136,51.2918664],[3.8370382,51.2917936],[3.8370432,51.2917762],[3.8370459,51.2917712],[3.8370839,51.291686],[3.8371044,51.2916427],[3.8371151,51.2915959],[3.8371375,51.2915305],[3.8371468,51.2915057],[3.8371753,51.2914438],[3.837187,51.2914155],[3.8372163,51.2913254],[3.8372339,51.2912868],[3.8372482,51.2912352],[3.8372658,51.2911753],[3.8372703,51.2911452],[3.8373121,51.2910781],[3.8373226,51.2910549],[3.8373276,51.2910447],[3.8373576,51.2909647],[3.8373722,51.2909251],[3.8373827,51.2908746],[3.8373964,51.2908186],[3.837408,51.2907845],[3.837449,51.2907207],[3.8374632,51.2906942],[3.8374651,51.2906836],[3.8374838,51.2906041],[3.837504,51.2905677],[3.8375198,51.2905139],[3.8375347,51.2904571],[3.8375499,51.2904238],[3.8375505,51.290356],[3.8375526,51.2903338],[3.8375688,51.2902532],[3.8375697,51.2902438],[3.8375831,51.2902113],[3.8375999,51.2901537],[3.8376042,51.2901396],[3.8376055,51.2900637],[3.8376112,51.2900441],[3.8376256,51.2899736],[3.8376544,51.2899254],[3.8376793,51.2898833],[3.8377197,51.2898332],[3.8377535,51.2897929],[3.8377753,51.2897569],[3.8378025,51.2897026],[3.8378591,51.2896135],[3.8378598,51.2896123],[3.8378601,51.2896116],[3.8378795,51.2895222],[3.8378845,51.289505],[3.8379168,51.289432],[3.8379479,51.2893734],[3.8379575,51.2893418],[3.8379962,51.2892692],[3.8380054,51.2892515],[3.8380045,51.2892461],[3.8380256,51.2891615],[3.8380396,51.2891326],[3.8380557,51.2890713],[3.8380821,51.2890144],[3.8380969,51.2889811],[3.8381333,51.2889219],[3.8381516,51.2888908],[3.8381535,51.2888776],[3.8381742,51.2888007],[3.8381953,51.2887598],[3.8382143,51.2887105],[3.8382594,51.2886278],[3.838263,51.2886202],[3.8382709,51.288603],[3.8383005,51.28853],[3.838305,51.2885075],[3.8383191,51.28844],[3.8383387,51.2883949],[3.8383599,51.2883498],[3.8384081,51.28826],[3.8384083,51.2882595],[3.8384347,51.2881694],[3.8384412,51.2881473],[3.8384638,51.2880793],[3.8385037,51.2880162],[3.8385155,51.287989],[3.8385456,51.2879378],[3.8385648,51.2878987],[3.8385711,51.287882],[3.8385917,51.2878086],[3.8386049,51.2877694],[3.8386212,51.2877184],[3.8386834,51.2876291],[3.8386839,51.2876281],[3.8386842,51.2876276],[3.8387144,51.2875379],[3.8387255,51.28751],[3.8387479,51.2874478],[3.8387946,51.2873748],[3.8387999,51.2873575],[3.8388211,51.2873193],[3.8388398,51.2872673],[3.838855,51.2872451],[3.838882,51.287177],[3.8389051,51.2871219],[3.838917,51.2870869],[3.8389591,51.28702],[3.8389702,51.2869966],[3.8389732,51.2869873],[3.8389983,51.2869064],[3.839011,51.2868721],[3.8390239,51.2868163],[3.8390565,51.2867519],[3.8390631,51.2867261],[3.8390963,51.2866818],[3.8391194,51.2866358],[3.8391237,51.2866178],[3.8391414,51.2865457],[3.8391795,51.2864911],[3.8391896,51.2864554],[3.8392318,51.2863666],[3.8392324,51.2863652],[3.8392339,51.2863629],[3.8392728,51.286275],[3.8392831,51.2862427],[3.8392944,51.2861849],[3.8393128,51.2861327],[3.8393215,51.2860948],[3.8393711,51.2860226],[3.8393806,51.2860045],[3.8393837,51.2859963],[3.8394118,51.2859143],[3.8394205,51.2858817],[3.8394315,51.2858243],[3.8394642,51.2857627],[3.8394756,51.285734],[3.8395085,51.2856933],[3.8395428,51.2856436],[3.839539,51.2855742],[3.8395342,51.2855537],[3.8395339,51.285536],[3.8395408,51.2854638],[3.8396058,51.2853989],[3.8396222,51.2853733],[3.8396455,51.28534],[3.8396731,51.285283],[3.839684,51.2852578],[3.839703,51.2851928],[3.8397344,51.2851345],[3.8397428,51.2851026],[3.8397834,51.2850405],[3.8397981,51.2850123],[3.8398018,51.2850003],[3.8398229,51.2849222],[3.8398287,51.2848921],[3.8398446,51.2848321],[3.8398803,51.284768],[3.8398884,51.2847419],[3.8399202,51.2846801],[3.8399329,51.2846517],[3.8399335,51.2846429],[3.8399571,51.2845616],[3.8399635,51.2845327],[3.8399765,51.2844715],[3.840006,51.2844145],[3.840014,51.2843813],[3.8400566,51.2842986],[3.84006,51.2842911],[3.8400604,51.2842886],[3.8400874,51.2842009],[3.8400933,51.2841765],[3.8401063,51.2841109],[3.8401278,51.2840634],[3.8401416,51.2840207],[3.8401837,51.2839366],[3.8401845,51.2839305],[3.840193,51.283915],[3.8402227,51.2838403],[3.8402237,51.28382],[3.8402371,51.2837503],[3.8402554,51.2837086],[3.8402698,51.2836601],[3.8403302,51.2835742],[3.8403327,51.2835697],[3.8403332,51.2835678],[3.8403565,51.2834796],[3.8403595,51.28346],[3.8403653,51.2833896],[3.8403758,51.2833585],[3.8403887,51.2832995],[3.8404222,51.2832378],[3.8404302,51.2832093],[3.8404657,51.2831406],[3.8404748,51.2831131],[3.8404916,51.283029],[3.8404974,51.2830076],[3.8405125,51.282939],[3.8405326,51.2828941],[3.8405432,51.2828488],[3.8405847,51.2827697],[3.8405875,51.2827586],[3.8406015,51.2827254],[3.8406162,51.2826685],[3.8406201,51.2826559],[3.8406368,51.2825784],[3.8406427,51.2825505],[3.840656,51.2824883],[3.8406827,51.2824339],[3.8406937,51.2823981],[3.8407354,51.2823079],[3.8407372,51.2823049],[3.8407846,51.2822775],[3.840879,51.2822196],[3.8408818,51.2822169],[3.8408837,51.2822139],[3.8408865,51.282127],[3.8408978,51.2821139],[3.8409558,51.2820366],[3.8410185,51.2820047],[3.8410695,51.2820038],[3.8411618,51.2819996],[3.8412712,51.2820128],[3.8413054,51.2820125],[3.8413908,51.2820334],[3.8414252,51.2820397]]},"properties":{"rawObjectClass":"DEPCNT","VALDCO":8,"depthDatum":"Approximate LAT","depthDatumCode":42,"depthDatumStatus":"VERIFIED_FROM_OFFICIAL_DOCUMENTATION","verticalDatum":"Local Datum","verticalDatumCode":24,"napIdentityStatus":"UNVERIFIED","sourceKind":"official","sourceCellId":"1R7687LI","sourceStableId":"1F2B6A429E1C762B","sourceChecksum":"15df29d0ae5fbc875483ea2addc2d4e6c9148a876bdf65f0adfc75742fe31c47","pipelineFeatureId":"1R7687LI/DEPCNT/1280474826","provenance":{"cellId":"1R7687LI","checksum":"15df29d0ae5fbc875483ea2addc2d4e6c9148a876bdf65f0adfc75742fe31c47","readerVersion":"GDAL 3.2.2","processedAt":"2026-08-11T13:43:44.753Z"},"sourceProperties":{"RCID":1280474826,"PRIM":2,"GRUP":2,"OBJL":43,"RVER":1,"AGEN":7979,"FIDN":1782750748,"FIDS":30251,"LNAM":"1F2B6A429E1C762B","VALDCO":8,"SCAMIN":300000,"sourceCellId":"1R7687LI","sourceChecksum":"15df29d0ae5fbc875483ea2addc2d4e6c9148a876bdf65f0adfc75742fe31c47","rawObjectClass":"DEPCNT","sourceStableId":"1F2B6A429E1C762B"}}},{"type":"Feature","geometry":{"type":"LineString","coordinates":[[3.8319989,51.3075432],[3.8320156,51.3074919],[3.8320252,51.3074585],[3.8320666,51.3074255],[3.832137,51.3073678],[3.8321566,51.3073564],[3.8321808,51.3073523],[3.8322992,51.3073186]]},"properties":{"rawObjectClass":"DEPCNT","VALDCO":7.5,"depthDatum":"Approximate LAT","depthDatumCode":42,"depthDatumStatus":"VERIFIED_FROM_OFFICIAL_DOCUMENTATION","verticalDatum":"Local Datum","verticalDatumCode":24,"napIdentityStatus":"UNVERIFIED","sourceKind":"official","sourceCellId":"1R7687LI","sourceStableId":"1F2B6A429E1C762C","sourceChecksum":"15df29d0ae5fbc875483ea2addc2d4e6c9148a876bdf65f0adfc75742fe31c47","pipelineFeatureId":"1R7687LI/DEPCNT/1280474827","provenance":{"cellId":"1R7687LI","checksum":"15df29d0ae5fbc875483ea2addc2d4e6c9148a876bdf65f0adfc75742fe31c47","readerVersion":"GDAL 3.2.2","processedAt":"2026-08-11T13:43:44.753Z"},"sourceProperties":{"RCID":1280474827,"PRIM":2,"GRUP":2,"OBJL":43,"RVER":1,"AGEN":7979,"FIDN":1782750748,"FIDS":30252,"LNAM":"1F2B6A429E1C762C","VALDCO":7.5,"SCAMIN":15000,"sourceCellId":"1R7687LI","sourceChecksum":"15df29d0ae5fbc875483ea2addc2d4e6c9148a876bdf65f0adfc75742fe31c47","rawObjectClass":"DEPCNT","sourceStableId":"1F2B6A429E1C762C"}}},{"type":"Feature","geometry":{"type":"LineString","coordinates":[[3.8330123,51.3049754],[3.8329741,51.3049639],[3.8329174,51.3049343],[3.8328287,51.304855],[3.8328153,51.3048451],[3.8328103,51.3048339],[3.8327584,51.3047556],[3.8327801,51.3046941],[3.8327766,51.3046656],[3.8327426,51.3046146],[3.8327101,51.3045761],[3.8327088,51.304558],[3.8327219,51.3044861],[3.8327296,51.3044537],[3.8327495,51.304396],[3.8327791,51.304331],[3.832784,51.3043058],[3.8328159,51.3042164],[3.8328163,51.3042157],[3.832817,51.3042111],[3.8328277,51.3041257],[3.8328555,51.3040356],[3.8328785,51.3039944],[3.8328984,51.3039453],[3.8329431,51.303862],[3.8329464,51.3038551],[3.8329537,51.3038371],[3.8329725,51.303765],[3.8329782,51.3037485],[3.832999,51.3036748],[3.833019,51.3036314],[3.8330235,51.3035847],[3.8330561,51.3035167],[3.8330678,51.3034945],[3.8330704,51.3034165],[3.8330729,51.3034046],[3.8330882,51.303343],[3.8330965,51.3033145],[3.8330979,51.303308],[3.8331377,51.3032242],[3.8331635,51.3031749],[3.8331743,51.3031341],[3.8331796,51.3030737],[3.8331889,51.303044],[3.8332247,51.3029566],[3.8332258,51.3029539],[3.8332263,51.3029528],[3.8332675,51.3028636],[3.8332813,51.3028266],[3.8332985,51.3027735],[3.8333073,51.3027189],[3.8333149,51.3026835],[3.8333403,51.3026068],[3.8333456,51.3025933],[3.833361,51.3025624],[3.8333899,51.3025031],[3.8333962,51.30248],[3.8334122,51.302413],[3.8334248,51.3023707],[3.8334373,51.3023229],[3.8334578,51.3022586],[3.833468,51.3022328],[3.8334975,51.3021813],[3.833519,51.3021425],[3.8335241,51.3021251],[3.8335391,51.3020524],[3.8335431,51.302022],[3.8335611,51.3019623],[3.8335791,51.301908],[3.8335874,51.3018722],[3.833634,51.3017977],[3.833644,51.3017819],[3.8336457,51.3017743],[3.8336683,51.3016918],[3.8336772,51.3016631],[3.8336971,51.3016017],[3.8337148,51.3015481],[3.8337192,51.3015116],[3.8337455,51.3014374],[3.8337506,51.3014214],[3.83377,51.3013833],[3.8337952,51.3013312],[3.8338003,51.3013113],[3.8338237,51.3012411],[3.8338311,51.3012006],[3.8338429,51.301151],[3.8338645,51.3010883],[3.8338707,51.3010609],[3.8339062,51.3009859],[3.833913,51.3009707],[3.8339173,51.3009634],[3.8339589,51.3008804],[3.833965,51.3008419],[3.8339766,51.3007904],[3.8339893,51.3007354],[3.8340015,51.3007003],[3.8340422,51.3006104],[3.8340423,51.3006101],[3.8340428,51.3006089],[3.8340804,51.3005199],[3.8340876,51.3004904],[3.8341081,51.3004297],[3.8341263,51.3003746],[3.834135,51.3003396],[3.8341576,51.3002636],[3.8341614,51.3002495],[3.8341791,51.3002156],[3.8342078,51.3001593],[3.8342162,51.300135],[3.834234,51.3000692],[3.8342411,51.3000281],[3.8342598,51.2999791],[3.8343005,51.2998991],[3.8343041,51.2998888],[3.8343159,51.2998476],[3.8343296,51.2997987],[3.8343322,51.2997878],[3.8343625,51.2997086],[3.8343711,51.2996719],[3.8344099,51.2995561],[3.8344145,51.2995283],[3.8344386,51.2994467],[3.83444,51.2994382],[3.8344514,51.2994103],[3.8344754,51.2993481],[3.8344908,51.2993223],[3.834521,51.2992578],[3.834526,51.2992087],[3.834533,51.2991678],[3.8345757,51.2990859],[3.834579,51.2990776],[3.8345885,51.2990596],[3.8346147,51.2989874],[3.8346259,51.2989628],[3.8346369,51.2988973],[3.8346549,51.2988532],[3.8346774,51.2988071],[3.8347131,51.2987249],[3.8347167,51.2987169],[3.8347252,51.2986911],[3.834748,51.2986267],[3.8347495,51.2986106],[3.8347787,51.2985366],[3.834792,51.2984924],[3.8347995,51.2984465],[3.8348025,51.2983947],[3.8348112,51.2983565],[3.834861,51.2982684],[3.8348626,51.2982662],[3.8348627,51.2982651],[3.8349001,51.298176],[3.8349169,51.2981394],[3.8349275,51.2980859],[3.8349312,51.2980393],[3.834948,51.2979959],[3.8349734,51.2979213],[3.8349754,51.2979057],[3.834997,51.2978554],[3.8350128,51.2978155],[3.8350171,51.2978023],[3.8350485,51.2977254],[3.8350605,51.2976835],[3.8350711,51.2976353],[3.8351001,51.2975672],[3.8351064,51.2975451],[3.8351336,51.2974829],[3.8351468,51.2974549],[3.8351516,51.2974431],[3.8351743,51.2973648],[3.8351777,51.2973355],[3.8352059,51.2972746],[3.8352095,51.2972241],[3.8352166,51.2971846],[3.835251,51.2971065],[3.8352523,51.2970945],[3.8352693,51.2970551],[3.8352876,51.2970043],[3.8353255,51.2969141],[3.8353394,51.2968679],[3.8353487,51.296824],[3.8353754,51.2967539],[3.8353811,51.2967338],[3.8354058,51.2966736],[3.8354225,51.2966436],[3.8354247,51.2966313],[3.8354616,51.2965534],[3.8354746,51.2965083],[3.835486,51.2964633],[3.8354947,51.2964045],[3.8355008,51.2963733],[3.8355307,51.2962904],[3.8355342,51.2962831],[3.8355417,51.2962599],[3.8355648,51.296193],[3.8355777,51.2961693],[3.8356022,51.2961028],[3.8356129,51.2960558],[3.8356314,51.2960127],[3.8356532,51.295939],[3.8356569,51.2959226],[3.8356776,51.2958455],[3.8356817,51.2958325],[3.8356845,51.2958279],[3.8357444,51.2957421],[3.8357563,51.295691],[3.8357656,51.295652],[3.8357748,51.2955881],[3.8357795,51.295562],[3.8358009,51.2954804],[3.8358023,51.2954719],[3.8358132,51.2954108],[3.8358206,51.2953819],[3.8358215,51.2953762],[3.8358511,51.2952917],[3.8358657,51.2952569],[3.835895,51.2952015],[3.8359107,51.2951371],[3.8359201,51.2951114],[3.8359502,51.2950585],[3.8359712,51.2950211],[3.8359742,51.2950054],[3.8360118,51.2949309],[3.836064,51.2948569],[3.8360642,51.2948406],[3.8360726,51.2947604],[3.8360772,51.2947506],[3.8360875,51.2947185],[3.8361072,51.2946605],[3.8361112,51.2946447],[3.8361425,51.2945703],[3.8361605,51.2945221],[3.8361767,51.2944801],[3.8361885,51.2944132],[3.8361895,51.2943901],[3.8362078,51.2943098],[3.8362086,51.2943],[3.8362227,51.2942677],[3.8362491,51.2942098],[3.8362574,51.2941871],[3.8362861,51.2941196],[3.8362818,51.294069],[3.8362757,51.2940298],[3.8362685,51.293998],[3.8362775,51.2939399],[3.8362763,51.2939021],[3.8362845,51.2938499],[3.8363226,51.2937814],[3.8363286,51.2937596],[3.836356,51.2937092],[3.8363827,51.2936693],[3.8364099,51.2936345],[3.836457,51.2935789],[3.8364959,51.2935156],[3.8365146,51.2934885],[3.8365219,51.2934717],[3.8365438,51.2933984],[3.8365466,51.2933649],[3.8365767,51.2933083],[3.8365721,51.2932576],[3.8365816,51.2932183],[3.8366177,51.2931373],[3.8366191,51.2931281],[3.8366318,51.2931008],[3.836666,51.2930379],[3.8366614,51.2930184],[3.836685,51.2929478],[3.8366872,51.2929108],[3.8367025,51.2928577],[3.836707,51.2928072],[3.8367118,51.2927678],[3.8367483,51.2926897],[3.8367507,51.2926776],[3.8367671,51.2926561],[3.8368181,51.2925872],[3.8368338,51.292544],[3.8368443,51.292497],[3.8368676,51.2924313],[3.8368701,51.2924069],[3.8369004,51.2923193],[3.8369041,51.2923053],[3.8369173,51.2922268],[3.8369294,51.2922097],[3.8369618,51.2921365],[3.8369669,51.2920947],[3.836982,51.2920464],[3.837022,51.2919684],[3.837027,51.2919562],[3.83704,51.2918913],[3.8370443,51.2918662],[3.8370448,51.2918629],[3.8370695,51.2917761],[3.8370855,51.2917458],[3.8371123,51.2916858],[3.8371449,51.2916167],[3.8371497,51.2915956],[3.8371766,51.2915171],[3.8371801,51.2915055],[3.8371814,51.2915023],[3.8372174,51.2914153],[3.8372467,51.2913252],[3.8372766,51.2912594],[3.8372834,51.291235],[3.837309,51.2911476],[3.8373094,51.2911449],[3.8373132,51.2911389],[3.8373511,51.2910547],[3.8373693,51.291018],[3.8373894,51.2909645],[3.8374137,51.2908985],[3.8374187,51.2908743],[3.8374391,51.2907913],[3.8374415,51.2907842],[3.8374499,51.2907712],[3.8374912,51.290694],[3.8374969,51.2906632],[3.8375108,51.2906039],[3.8375459,51.2905408],[3.8375539,51.2905137],[3.8375756,51.2904308],[3.8375789,51.2904236],[3.8375797,51.2903372],[3.83758,51.2903336],[3.8375849,51.2903093],[3.8375961,51.2902436],[3.8375974,51.2902349],[3.8376211,51.2901535],[3.8376305,51.2901227],[3.8376315,51.2900635],[3.8376432,51.2900236],[3.8376534,51.2899734],[3.8376993,51.2898967],[3.8377073,51.2898831],[3.8377203,51.289867],[3.8377826,51.2897927],[3.8378229,51.2897264],[3.8378349,51.2897024],[3.83786,51.2896629],[3.8378905,51.289612],[3.8378997,51.2895862],[3.8379136,51.289522],[3.8379264,51.2894781],[3.8379469,51.2894318],[3.8379933,51.2893442],[3.8379941,51.2893415],[3.8379974,51.2893353],[3.8380413,51.2892513],[3.8380371,51.2892252],[3.838053,51.2891613],[3.8380793,51.2891072],[3.8380887,51.2890711],[3.838129,51.2889843],[3.8381305,51.2889809],[3.8381343,51.2889748],[3.8381838,51.2888906],[3.838189,51.2888548],[3.8382036,51.2888005],[3.838239,51.2887318],[3.8382473,51.2887103],[3.838272,51.2886649],[3.8382969,51.28862],[3.8383035,51.2885994],[3.8383318,51.2885298],[3.8383408,51.2884846],[3.8383501,51.2884398],[3.8383817,51.2883673],[3.8383901,51.2883495],[3.838409,51.2883142],[3.8384333,51.2882593],[3.8384597,51.2881692],[3.838472,51.2881275],[3.8384881,51.2880791],[3.8385444,51.2879901],[3.838545,51.2879887],[3.8385465,51.2879862],[3.8385896,51.2878985],[3.8386037,51.2878611],[3.8386184,51.2878084],[3.838639,51.2877475],[3.8386483,51.2877182],[3.8386841,51.2876669],[3.8387041,51.2876279],[3.8387121,51.2876097],[3.8387363,51.2875378],[3.8387549,51.2874912],[3.8387706,51.2874476],[3.838822,51.2873672],[3.8388277,51.2873573],[3.8388294,51.2873525],[3.83886,51.2872671],[3.8388907,51.2872221],[3.8389087,51.2871768],[3.8389416,51.2870985],[3.8389456,51.2870867],[3.8389599,51.287064],[3.8389919,51.2869964],[3.8390004,51.2869698],[3.8390202,51.2869063],[3.8390396,51.2868537],[3.8390483,51.2868161],[3.8390925,51.2867289],[3.8390932,51.2867259],[3.839097,51.2867208],[3.8391399,51.2866356],[3.8391478,51.2866024],[3.8391617,51.2865456],[3.8392163,51.2864675],[3.8392197,51.2864552],[3.839235,51.2864231],[3.8392543,51.2863651],[3.8392942,51.2862748],[3.83931,51.2862255],[3.8393179,51.2861848],[3.8393431,51.2861133],[3.8393474,51.2860946],[3.8393718,51.2860591],[3.8394004,51.2860043],[3.8394097,51.2859795],[3.8394321,51.2859142],[3.839445,51.285866],[3.8394531,51.2858241],[3.8394967,51.2857418],[3.8394999,51.2857338],[3.839509,51.2857225],[3.8395636,51.2856435],[3.8395605,51.2855874],[3.8395527,51.2855536],[3.8395521,51.2855243],[3.8395579,51.2854637],[3.8396461,51.2853757],[3.8396498,51.2853731],[3.8396505,51.2853703],[3.8396929,51.2852828],[3.8397113,51.2852403],[3.8397252,51.2851927],[3.8397682,51.2851128],[3.8397709,51.2851024],[3.8397842,51.2850821],[3.8398206,51.2850122],[3.8398298,51.2849823],[3.8398461,51.2849221],[3.8398551,51.2848751],[3.8398666,51.284832],[3.8399144,51.2847461],[3.8399157,51.2847417],[3.8399211,51.2847312],[3.8399568,51.2846515],[3.8399582,51.284627],[3.8399773,51.2845614],[3.8399869,51.2845177],[3.8399968,51.2844714],[3.8400363,51.284395],[3.8400396,51.2843811],[3.8400575,51.2843464],[3.8400822,51.2842909],[3.8400855,51.2842725],[3.8401076,51.2842008],[3.8401171,51.2841612],[3.8401271,51.2841107],[3.840157,51.2840447],[3.8401648,51.2840205],[3.8401939,51.2839624],[3.8402096,51.2839303],[3.8402153,51.2839163],[3.8402455,51.2838401],[3.8402472,51.2838049],[3.8402578,51.2837501],[3.8402841,51.2836902],[3.8402931,51.2836599],[3.8403308,51.2836063],[3.8403513,51.2835696],[3.8403551,51.2835537],[3.8403748,51.2834795],[3.8403796,51.283447],[3.8403844,51.2833895],[3.8404001,51.2833429],[3.8404096,51.2832994],[3.8404542,51.2832173],[3.8404564,51.2832091],[3.8404666,51.2831895],[3.8404964,51.2830992],[3.8405104,51.2830289],[3.8405201,51.282993],[3.8405321,51.2829388],[3.8405599,51.2828765],[3.8405665,51.2828487],[3.8406025,51.2827799],[3.8406118,51.2827584],[3.8406131,51.2827514],[3.8406345,51.2826683],[3.8406431,51.2826412],[3.8406566,51.2825782],[3.8406656,51.2825358],[3.8406758,51.2824882],[3.8407114,51.2824155],[3.8407168,51.282398],[3.8407381,51.2823519],[3.8407624,51.2823077],[3.8408793,51.282236],[3.8408994,51.2822168],[3.8409129,51.2821952],[3.840915,51.2821268],[3.8409617,51.2820729],[3.8409891,51.2820363],[3.8410188,51.2820212],[3.8410429,51.2820208],[3.8411621,51.2820154],[3.8413033,51.2820325],[3.8413058,51.2820325],[3.841312,51.282034],[3.8414206,51.2820537]]},"properties":{"rawObjectClass":"DEPCNT","VALDCO":7.5,"depthDatum":"Approximate LAT","depthDatumCode":42,"depthDatumStatus":"VERIFIED_FROM_OFFICIAL_DOCUMENTATION","verticalDatum":"Local Datum","verticalDatumCode":24,"napIdentityStatus":"UNVERIFIED","sourceKind":"official","sourceCellId":"1R7687LI","sourceStableId":"1F2B6A429E1C762D","sourceChecksum":"15df29d0ae5fbc875483ea2addc2d4e6c9148a876bdf65f0adfc75742fe31c47","pipelineFeatureId":"1R7687LI/DEPCNT/1280474828","provenance":{"cellId":"1R7687LI","checksum":"15df29d0ae5fbc875483ea2addc2d4e6c9148a876bdf65f0adfc75742fe31c47","readerVersion":"GDAL 3.2.2","processedAt":"2026-08-11T13:43:44.753Z"},"sourceProperties":{"RCID":1280474828,"PRIM":2,"GRUP":2,"OBJL":43,"RVER":1,"AGEN":7979,"FIDN":1782750748,"FIDS":30253,"LNAM":"1F2B6A429E1C762D","VALDCO":7.5,"SCAMIN":15000,"sourceCellId":"1R7687LI","sourceChecksum":"15df29d0ae5fbc875483ea2addc2d4e6c9148a876bdf65f0adfc75742fe31c47","rawObjectClass":"DEPCNT","sourceStableId":"1F2B6A429E1C762D"}}},{"type":"Feature","geometry":{"type":"LineString","coordinates":[[3.8353219,51.2928066],[3.8352478,51.2928681],[3.8352319,51.2929331]]},"properties":{"rawObjectClass":"DEPCNT","VALDCO":7.5,"depthDatum":"Approximate LAT","depthDatumCode":42,"depthDatumStatus":"VERIFIED_FROM_OFFICIAL_DOCUMENTATION","verticalDatum":"Local Datum","verticalDatumCode":24,"napIdentityStatus":"UNVERIFIED","sourceKind":"official","sourceCellId":"1R7687LI","sourceStableId":"1F2B6A429E1C762E","sourceChecksum":"15df29d0ae5fbc875483ea2addc2d4e6c9148a876bdf65f0adfc75742fe31c47","pipelineFeatureId":"1R7687LI/DEPCNT/1280474829","provenance":{"cellId":"1R7687LI","checksum":"15df29d0ae5fbc875483ea2addc2d4e6c9148a876bdf65f0adfc75742fe31c47","readerVersion":"GDAL 3.2.2","processedAt":"2026-08-11T13:43:44.753Z"},"sourceProperties":{"RCID":1280474829,"PRIM":2,"GRUP":2,"OBJL":43,"RVER":1,"AGEN":7979,"FIDN":1782750748,"FIDS":30254,"LNAM":"1F2B6A429E1C762E","VALDCO":7.5,"SCAMIN":15000,"sourceCellId":"1R7687LI","sourceChecksum":"15df29d0ae5fbc875483ea2addc2d4e6c9148a876bdf65f0adfc75742fe31c47","rawObjectClass":"DEPCNT","sourceStableId":"1F2B6A429E1C762E"}}},{"type":"Feature","geometry":{"type":"LineString","coordinates":[[3.8352267,51.2929472],[3.8352224,51.2929582],[3.8352203,51.2930331],[3.8351973,51.2930851],[3.8351854,51.293097]]},"properties":{"rawObjectClass":"DEPCNT","VALDCO":7.5,"depthDatum":"Approximate LAT","depthDatumCode":42,"depthDatumStatus":"VERIFIED_FROM_OFFICIAL_DOCUMENTATION","verticalDatum":"Local Datum","verticalDatumCode":24,"napIdentityStatus":"UNVERIFIED","sourceKind":"official","sourceCellId":"1R7687LI","sourceStableId":"1F2B6A429E1C762F","sourceChecksum":"15df29d0ae5fbc875483ea2addc2d4e6c9148a876bdf65f0adfc75742fe31c47","pipelineFeatureId":"1R7687LI/DEPCNT/1280474830","provenance":{"cellId":"1R7687LI","checksum":"15df29d0ae5fbc875483ea2addc2d4e6c9148a876bdf65f0adfc75742fe31c47","readerVersion":"GDAL 3.2.2","processedAt":"2026-08-11T13:43:44.753Z"},"sourceProperties":{"RCID":1280474830,"PRIM":2,"GRUP":2,"OBJL":43,"RVER":1,"AGEN":7979,"FIDN":1782750748,"FIDS":30255,"LNAM":"1F2B6A429E1C762F","VALDCO":7.5,"SCAMIN":15000,"sourceCellId":"1R7687LI","sourceChecksum":"15df29d0ae5fbc875483ea2addc2d4e6c9148a876bdf65f0adfc75742fe31c47","rawObjectClass":"DEPCNT","sourceStableId":"1F2B6A429E1C762F"}}},{"type":"Feature","geometry":{"type":"LineString","coordinates":[[3.8351728,51.2931096],[3.8351438,51.2931386],[3.8351382,51.2931768],[3.8351171,51.2932288],[3.8351332,51.2932709],[3.8351158,51.2933187],[3.8351221,51.293369],[3.8351102,51.2934086],[3.8351112,51.2934669],[3.8351056,51.2934986],[3.8350638,51.2935483]]},"properties":{"rawObjectClass":"DEPCNT","VALDCO":7.5,"depthDatum":"Approximate LAT","depthDatumCode":42,"depthDatumStatus":"VERIFIED_FROM_OFFICIAL_DOCUMENTATION","verticalDatum":"Local Datum","verticalDatumCode":24,"napIdentityStatus":"UNVERIFIED","sourceKind":"official","sourceCellId":"1R7687LI","sourceStableId":"1F2B6A429E1C7630","sourceChecksum":"15df29d0ae5fbc875483ea2addc2d4e6c9148a876bdf65f0adfc75742fe31c47","pipelineFeatureId":"1R7687LI/DEPCNT/1280474831","provenance":{"cellId":"1R7687LI","checksum":"15df29d0ae5fbc875483ea2addc2d4e6c9148a876bdf65f0adfc75742fe31c47","readerVersion":"GDAL 3.2.2","processedAt":"2026-08-11T13:43:44.753Z"},"sourceProperties":{"RCID":1280474831,"PRIM":2,"GRUP":2,"OBJL":43,"RVER":1,"AGEN":7979,"FIDN":1782750748,"FIDS":30256,"LNAM":"1F2B6A429E1C7630","VALDCO":7.5,"SCAMIN":15000,"sourceCellId":"1R7687LI","sourceChecksum":"15df29d0ae5fbc875483ea2addc2d4e6c9148a876bdf65f0adfc75742fe31c47","rawObjectClass":"DEPCNT","sourceStableId":"1F2B6A429E1C7630"}}},{"type":"Feature","geometry":{"type":"LineString","coordinates":[[3.8349644,51.293794],[3.8349572,51.2938386],[3.8349568,51.2938594],[3.8349253,51.2939055],[3.834871,51.2939499],[3.8348634,51.2939897],[3.8348454,51.29404],[3.8348282,51.2941032],[3.8348123,51.2941302],[3.8348136,51.2942036],[3.8348092,51.2942201],[3.8347987,51.2943041],[3.8347967,51.2943101],[3.8347897,51.2943382],[3.834773,51.2943659]]},"properties":{"rawObjectClass":"DEPCNT","VALDCO":7.5,"depthDatum":"Approximate LAT","depthDatumCode":42,"depthDatumStatus":"VERIFIED_FROM_OFFICIAL_DOCUMENTATION","verticalDatum":"Local Datum","verticalDatumCode":24,"napIdentityStatus":"UNVERIFIED","sourceKind":"official","sourceCellId":"1R7687LI","sourceStableId":"1F2B6A429E1C7631","sourceChecksum":"15df29d0ae5fbc875483ea2addc2d4e6c9148a876bdf65f0adfc75742fe31c47","pipelineFeatureId":"1R7687LI/DEPCNT/1280474832","provenance":{"cellId":"1R7687LI","checksum":"15df29d0ae5fbc875483ea2addc2d4e6c9148a876bdf65f0adfc75742fe31c47","readerVersion":"GDAL 3.2.2","processedAt":"2026-08-11T13:43:44.753Z"},"sourceProperties":{"RCID":1280474832,"PRIM":2,"GRUP":2,"OBJL":43,"RVER":1,"AGEN":7979,"FIDN":1782750748,"FIDS":30257,"LNAM":"1F2B6A429E1C7631","VALDCO":7.5,"SCAMIN":15000,"sourceCellId":"1R7687LI","sourceChecksum":"15df29d0ae5fbc875483ea2addc2d4e6c9148a876bdf65f0adfc75742fe31c47","rawObjectClass":"DEPCNT","sourceStableId":"1F2B6A429E1C7631"}}},{"type":"Feature","geometry":{"type":"LineString","coordinates":[[3.8347654,51.2943786],[3.8347523,51.2944003],[3.8347416,51.2944316],[3.8347026,51.2944906],[3.8346912,51.2945549],[3.8346875,51.294575]]},"properties":{"rawObjectClass":"DEPCNT","VALDCO":7.5,"depthDatum":"Approximate LAT","depthDatumCode":42,"depthDatumStatus":"VERIFIED_FROM_OFFICIAL_DOCUMENTATION","verticalDatum":"Local Datum","verticalDatumCode":24,"napIdentityStatus":"UNVERIFIED","sourceKind":"official","sourceCellId":"1R7687LI","sourceStableId":"1F2B6A429E1C7632","sourceChecksum":"15df29d0ae5fbc875483ea2addc2d4e6c9148a876bdf65f0adfc75742fe31c47","pipelineFeatureId":"1R7687LI/DEPCNT/1280474833","provenance":{"cellId":"1R7687LI","checksum":"15df29d0ae5fbc875483ea2addc2d4e6c9148a876bdf65f0adfc75742fe31c47","readerVersion":"GDAL 3.2.2","processedAt":"2026-08-11T13:43:44.753Z"},"sourceProperties":{"RCID":1280474833,"PRIM":2,"GRUP":2,"OBJL":43,"RVER":1,"AGEN":7979,"FIDN":1782750748,"FIDS":30258,"LNAM":"1F2B6A429E1C7632","VALDCO":7.5,"SCAMIN":15000,"sourceCellId":"1R7687LI","sourceChecksum":"15df29d0ae5fbc875483ea2addc2d4e6c9148a876bdf65f0adfc75742fe31c47","rawObjectClass":"DEPCNT","sourceStableId":"1F2B6A429E1C7632"}}},{"type":"Feature","geometry":{"type":"LineString","coordinates":[[3.8346477,51.2946901],[3.8345985,51.2947611],[3.8345873,51.2948035],[3.8345694,51.2948513],[3.8345509,51.2949178],[3.8345354,51.2949414],[3.8345303,51.295022],[3.834529,51.2950314],[3.8345161,51.2950682],[3.8344857,51.2951216],[3.8344543,51.2951617],[3.8343961,51.2952122],[3.834376,51.2952528],[3.8343352,51.2953025],[3.834323,51.2953369],[3.8342864,51.2953928],[3.8342812,51.2954546],[3.8342753,51.2954828],[3.8342522,51.2955642],[3.8342491,51.2955729],[3.8342388,51.2955924],[3.8341814,51.2956633],[3.8341814,51.2957006],[3.8341702,51.2957533],[3.8341532,51.2958096],[3.8341373,51.2958435],[3.8341026,51.295933],[3.8341023,51.2959337],[3.8341016,51.2959367],[3.8340605,51.2960239],[3.8340563,51.2960536],[3.8340221,51.2961141],[3.8340164,51.2961702],[3.8340032,51.2962041],[3.8339822,51.2962831],[3.8339781,51.2962942],[3.8339651,51.2963186],[3.833907,51.2963847],[3.8339058,51.296423],[3.8338911,51.2964747],[3.8338955,51.2965206],[3.8338794,51.2965647],[3.8338685,51.2966289],[3.8338587,51.2966548],[3.8338287,51.2967063],[3.8337823,51.2967452],[3.8337769,51.2967786],[3.8337516,51.2968354],[3.8337372,51.296895],[3.8337179,51.2969255],[3.8336918,51.297015],[3.8336916,51.2970157],[3.8336908,51.2970168],[3.8336204,51.2971061],[3.8336181,51.2971533],[3.8336001,51.2971962],[3.8335974,51.2972575],[3.8335932,51.2972861],[3.8335743,51.2973632],[3.8335727,51.2973762],[3.8335544,51.2974025],[3.8335229,51.2974665],[3.8335039,51.2974994],[3.8334869,51.2975566],[3.8334775,51.2976073],[3.8334719,51.2976467],[3.8334656,51.2977058],[3.8334604,51.2977367],[3.8334359,51.2978159],[3.833434,51.2978268],[3.8334193,51.2978622],[3.8333942,51.297917],[3.8333816,51.2979416],[3.8333543,51.2980072],[3.8333497,51.298053],[3.8333411,51.2980972],[3.8333243,51.2981603],[3.8333178,51.2981873],[3.8332828,51.2982437],[3.8332659,51.2982776],[3.8332594,51.2982929],[3.8332372,51.2983677],[3.8332154,51.298412],[3.8332012,51.2984579],[3.8332003,51.2985127],[3.83319,51.2985479],[3.8331461,51.2986186],[3.8331376,51.2986382],[3.8331327,51.2986469],[3.833116,51.2987283],[3.8331145,51.2987496],[3.833101,51.2988183],[3.8330796,51.2988629],[3.8330692,51.2989085],[3.8330488,51.2989736],[3.8330399,51.2989986],[3.8330111,51.2990823],[3.8330087,51.2990887],[3.8330078,51.2990909],[3.8329778,51.2991789],[3.8329684,51.2992071],[3.8329434,51.299269],[3.8329229,51.2993272],[3.8329089,51.2993592],[3.8328789,51.2994464],[3.8328779,51.2994494],[3.8328745,51.2994643],[3.8328545,51.2995394],[3.8328492,51.2995564],[3.8328199,51.2996296],[3.8328152,51.2996692],[3.8327957,51.2997197],[3.832747,51.2998039],[3.8327446,51.29981],[3.8327382,51.2998542],[3.8327321,51.2999],[3.8327278,51.2999071],[3.8327001,51.2999902],[3.8327049,51.3000128],[3.832694,51.3000801],[3.8326772,51.3001215],[3.8326576,51.3001703],[3.8326101,51.3002555],[3.8326078,51.3002606],[3.8326024,51.3002767],[3.8325746,51.3003507],[3.8325671,51.300374],[3.8325415,51.3004409],[3.8325405,51.300482],[3.8325199,51.300531],[3.8324954,51.3006019],[3.83249,51.3006211],[3.8324663,51.3006852],[3.8324548,51.3007113],[3.8324525,51.3007203],[3.8324288,51.3008014],[3.8324243,51.3008294],[3.8324065,51.3008915],[3.8323906,51.3009419],[3.8323741,51.3009816],[3.8323398,51.3010655],[3.8323381,51.3010718],[3.8323303,51.3010953],[3.8322927,51.3011866],[3.8322607,51.3012522],[3.832239,51.301312],[3.8322301,51.3013423],[3.8321962,51.3014304],[3.8321957,51.3014325],[3.8321931,51.3014415],[3.8321715,51.3015226],[3.8321679,51.3015395],[3.8321451,51.3016127],[3.8321314,51.3016539],[3.8321164,51.3017028],[3.8320884,51.3017724],[3.8320793,51.301793],[3.8320573,51.3018632],[3.8320505,51.3018831],[3.8320478,51.3018894],[3.832019,51.3019988],[3.8319917,51.3020634],[3.8319778,51.3021162],[3.8319623,51.3021535],[3.8319298,51.3022379],[3.8319278,51.3022437],[3.8319211,51.3022657],[3.8318966,51.3023338],[3.8318843,51.302358],[3.8318597,51.302424],[3.8318379,51.3024788],[3.8318192,51.3025142],[3.831798,51.3025953],[3.8317944,51.3026043],[3.8317842,51.302628],[3.8317553,51.3026945],[3.8317472,51.3027188],[3.8317182,51.3027847],[3.831709,51.3028343],[3.8316948,51.3028748],[3.8316582,51.3029578],[3.8316572,51.302965],[3.8316474,51.302994],[3.831627,51.3030551],[3.8316219,51.303072],[3.8316021,51.3031452],[3.8315937,51.3031811],[3.831577,51.3032353],[3.8315476,51.3033016],[3.8315399,51.3033255],[3.8315196,51.3034105],[3.8315175,51.3034156],[3.8315119,51.3034378],[3.8314911,51.3035057],[3.8314909,51.3035198],[3.831467,51.3035958],[3.8314468,51.303639],[3.8314312,51.303686],[3.8314101,51.3037535],[3.8314019,51.3037761],[3.8313759,51.3038471],[3.8313677,51.3038663],[3.8313643,51.3038738],[3.8313292,51.3039565],[3.8313201,51.3039932],[3.8313003,51.3040466],[3.831284,51.3041073],[3.8312733,51.3041367],[3.8312492,51.3042205],[3.8312475,51.3042268],[3.8312396,51.3042443],[3.8312062,51.304317],[3.8312004,51.3043428],[3.8311843,51.3044071],[3.8311706,51.3044528],[3.8311583,51.3044972],[3.8311308,51.3045693],[3.831123,51.3045874],[3.8311033,51.3046405],[3.8310885,51.3046776],[3.8310852,51.3046895],[3.8310631,51.3047677],[3.8310523,51.3048015],[3.8310347,51.3048578],[3.8310156,51.304916],[3.8310038,51.3049479],[3.8309781,51.305031],[3.8309757,51.3050381],[3.8309675,51.3050623],[3.8309432,51.3051282],[3.8309396,51.3051467],[3.8309166,51.3052183],[3.8309079,51.3052579],[3.8308918,51.3053084],[3.830865,51.3053764],[3.8308561,51.3053986],[3.8308311,51.305457],[3.8308143,51.3054888],[3.8308075,51.3055042],[3.8307793,51.305579],[3.8307747,51.3056162],[3.8307498,51.3056691],[3.8307291,51.3057364],[3.830723,51.3057592],[3.8306942,51.3058165],[3.8306756,51.3058495],[3.8306703,51.3058651],[3.830644,51.3059396],[3.8306315,51.3059809],[3.8306143,51.3060298],[3.8305951,51.3060951],[3.8305889,51.3061199],[3.8305611,51.3062079],[3.8305606,51.30621],[3.8305579,51.306216],[3.8305267,51.3063002],[3.8305148,51.3063285],[3.8304967,51.3063903],[3.8304781,51.306443],[3.830463,51.3064804],[3.83044,51.3065705],[3.8304218,51.3066224],[3.8304051,51.3066607],[3.8304006,51.3066746],[3.830367,51.3067509],[3.8303489,51.3067987],[3.8303339,51.3068411],[3.8303148,51.3069115],[3.8303079,51.3069312],[3.8302852,51.3070021],[3.8302782,51.3070213],[3.830275,51.307028],[3.8302404,51.3071115],[3.8302217,51.3071531],[3.8301954,51.3072017],[3.8301786,51.3072717],[3.8301749,51.3072918],[3.8301483,51.3073646],[3.8301421,51.3073819],[3.8301408,51.3073869],[3.8301187,51.307472],[3.8301068,51.3074996],[3.8300859,51.3075622],[3.8300754,51.3076107],[3.8300559,51.3076523],[3.8300308,51.3077302],[3.8300259,51.3077425],[3.8300122,51.3077736],[3.8299847,51.3078327],[3.8299768,51.3078558],[3.8299523,51.3079228],[3.8299405,51.30797],[3.8299267,51.3080129],[3.8299084,51.3080816],[3.829903,51.308103],[3.8298762,51.3081907],[3.8298753,51.3081931],[3.8298751,51.3081939],[3.8298375,51.3082833],[3.8298279,51.3083151],[3.8298067,51.3083735],[3.8297759,51.3084393],[3.8297664,51.3084637],[3.8297391,51.3085448],[3.8297359,51.3085538],[3.8297094,51.3086439],[3.8297006,51.3086695],[3.8296703,51.3087341],[3.8296568,51.3087886],[3.8296237,51.3088244],[3.829606,51.3089121],[3.8296066,51.3089144],[3.8296024,51.3089176],[3.8295168,51.309005],[3.8295067,51.3090667],[3.8295095,51.309095],[3.8294857,51.3091711],[3.829487,51.309185],[3.829464,51.3092],[3.8293983,51.3092756],[3.8293874,51.3093251],[3.8293884,51.3093656],[3.8293714,51.3094263],[3.8293728,51.3094556],[3.8293257,51.3094868],[3.8292648,51.3095463],[3.8292522,51.3095936],[3.8292551,51.3096363],[3.8292421,51.3096911],[3.8292437,51.3097263],[3.8291873,51.3097653],[3.8291372,51.309817],[3.8291275,51.3098555],[3.8291307,51.3099069],[3.8291163,51.3099537],[3.8291198,51.3099969],[3.8290488,51.3100454],[3.8290083,51.3100876],[3.8289967,51.3101213],[3.8289988,51.3101776],[3.8289868,51.3102186],[3.8289903,51.3102676],[3.8289103,51.3103204],[3.8288705,51.3103584],[3.8288621,51.3103894],[3.8288647,51.3104484],[3.8287705,51.3105254],[3.828759,51.310539],[3.8287577,51.3105473],[3.828766,51.3106289],[3.8286305,51.3107171],[3.8286266,51.3107198],[3.8286321,51.3108097],[3.8285963,51.3108327],[3.8286322,51.3108115],[3.8286511,51.3108885],[3.8286443,51.3108995],[3.8286349,51.3109587],[3.8285969,51.3109898],[3.828611,51.3110051],[3.8285318,51.3110802],[3.8285074,51.3111625],[3.8285033,51.3111703],[3.8284955,51.3111874],[3.8283764,51.3111865],[3.828452,51.3112606],[3.8284569,51.3113247],[3.8284714,51.3113504],[3.8284705,51.3113681],[3.8284291,51.3114406],[3.8283995,51.3115045],[3.8283912,51.3115308],[3.8283591,51.3115822],[3.8283358,51.3116211],[3.828324,51.3116439],[3.8282943,51.3117113],[3.8282501,51.3117822],[3.8282381,51.3118016],[3.8282203,51.311838],[3.8281951,51.3118918],[3.828156,51.3119335],[3.828122,51.3119823],[3.8280963,51.3120627],[3.8280813,51.3120886],[3.8280412,51.3121627],[3.8280218,51.3122014],[3.8279982,51.3122529],[3.8279419,51.312314],[3.8279135,51.3123434],[3.8278981,51.3123716],[3.8278731,51.3124337],[3.827831,51.3125056],[3.8278197,51.312524],[3.8278027,51.3125522],[3.8277742,51.3126142],[3.827749,51.3126491],[3.8277205,51.3127045],[3.8276635,51.312789],[3.8276607,51.3127948],[3.8276592,51.3127976],[3.8276126,51.3128851],[3.8275598,51.3129523],[3.8275484,51.3129755],[3.8275244,51.3130356],[3.8275155,51.3130656],[3.8275062,51.3130776],[3.8274577,51.313156],[3.8274147,51.3132272],[3.8274024,51.3132463],[3.8273853,51.3132802],[3.8273618,51.3133365],[3.8273486,51.3133605],[3.8273134,51.3134268],[3.8272644,51.3135054],[3.8272581,51.3135171],[3.8272465,51.31354],[3.8272059,51.3136074],[3.8271553,51.3136663],[3.8271269,51.3136978],[3.8271064,51.313725],[3.8270563,51.3137883],[3.8269865,51.3138655],[3.8269751,51.3138788],[3.8269659,51.313893],[3.8269318,51.313969],[3.8268664,51.3140334],[3.8268489,51.3140595],[3.826826,51.3140897],[3.8267967,51.3141498],[3.8266851,51.3142383],[3.8266835,51.3142405],[3.8266824,51.3142423],[3.8266708,51.3143305],[3.8266523,51.3143525],[3.8266152,51.3144208],[3.8265462,51.314491],[3.8265331,51.3145113],[3.8265268,51.3145239],[3.8265132,51.3146014],[3.8264549,51.3146609],[3.826432,51.3146919],[3.826407,51.3147322],[3.8263863,51.3147821],[3.8263675,51.3148079],[3.8263326,51.3148724],[3.8262672,51.3149332],[3.8262491,51.3149629],[3.8262249,51.3149902],[3.8261859,51.3150533],[3.826127,51.315117],[3.826115,51.3151437],[3.8260988,51.315162],[3.8260641,51.315234],[3.8259872,51.3153229],[3.825986,51.3153245],[3.8259856,51.3153255],[3.8259386,51.3154147],[3.8258848,51.3154811],[3.8258755,51.3155051],[3.8258474,51.3155298],[3.825789,51.3155956],[3.8257067,51.3156843],[3.8257053,51.3156862],[3.8257047,51.3156875],[3.8256692,51.3157763],[3.8255956,51.3158483],[3.8255825,51.3158669],[3.825567,51.3158936],[3.8255405,51.3159571],[3.8254937,51.3160045],[3.8254583,51.3160476],[3.8254269,51.3160857],[3.8253908,51.316138],[3.8253366,51.3161955]]},"properties":{"rawObjectClass":"DEPCNT","VALDCO":7.5,"depthDatum":"Approximate LAT","depthDatumCode":42,"depthDatumStatus":"VERIFIED_FROM_OFFICIAL_DOCUMENTATION","verticalDatum":"Local Datum","verticalDatumCode":24,"napIdentityStatus":"UNVERIFIED","sourceKind":"official","sourceCellId":"1R7687LI","sourceStableId":"1F2B6A429E1C7633","sourceChecksum":"15df29d0ae5fbc875483ea2addc2d4e6c9148a876bdf65f0adfc75742fe31c47","pipelineFeatureId":"1R7687LI/DEPCNT/1280474834","provenance":{"cellId":"1R7687LI","checksum":"15df29d0ae5fbc875483ea2addc2d4e6c9148a876bdf65f0adfc75742fe31c47","readerVersion":"GDAL 3.2.2","processedAt":"2026-08-11T13:43:44.753Z"},"sourceProperties":{"RCID":1280474834,"PRIM":2,"GRUP":2,"OBJL":43,"RVER":1,"AGEN":7979,"FIDN":1782750748,"FIDS":30259,"LNAM":"1F2B6A429E1C7633","VALDCO":7.5,"SCAMIN":15000,"sourceCellId":"1R7687LI","sourceChecksum":"15df29d0ae5fbc875483ea2addc2d4e6c9148a876bdf65f0adfc75742fe31c47","rawObjectClass":"DEPCNT","sourceStableId":"1F2B6A429E1C7633"}}},{"type":"Feature","geometry":{"type":"LineString","coordinates":[[3.825305,51.3162322],[3.8252865,51.3162563],[3.8252411,51.3163189],[3.8251923,51.3163796],[3.8251713,51.3164093],[3.8251463,51.3164425],[3.8251271,51.3164815]]},"properties":{"rawObjectClass":"DEPCNT","VALDCO":7.5,"depthDatum":"Approximate LAT","depthDatumCode":42,"depthDatumStatus":"VERIFIED_FROM_OFFICIAL_DOCUMENTATION","verticalDatum":"Local Datum","verticalDatumCode":24,"napIdentityStatus":"UNVERIFIED","sourceKind":"official","sourceCellId":"1R7687LI","sourceStableId":"1F2B6A429E1C7634","sourceChecksum":"15df29d0ae5fbc875483ea2addc2d4e6c9148a876bdf65f0adfc75742fe31c47","pipelineFeatureId":"1R7687LI/DEPCNT/1280474835","provenance":{"cellId":"1R7687LI","checksum":"15df29d0ae5fbc875483ea2addc2d4e6c9148a876bdf65f0adfc75742fe31c47","readerVersion":"GDAL 3.2.2","processedAt":"2026-08-11T13:43:44.753Z"},"sourceProperties":{"RCID":1280474835,"PRIM":2,"GRUP":2,"OBJL":43,"RVER":1,"AGEN":7979,"FIDN":1782750748,"FIDS":30260,"LNAM":"1F2B6A429E1C7634","VALDCO":7.5,"SCAMIN":15000,"sourceCellId":"1R7687LI","sourceChecksum":"15df29d0ae5fbc875483ea2addc2d4e6c9148a876bdf65f0adfc75742fe31c47","rawObjectClass":"DEPCNT","sourceStableId":"1F2B6A429E1C7634"}}},{"type":"Feature","geometry":{"type":"LineString","coordinates":[[3.8250974,51.316522],[3.8250762,51.316545],[3.8250469,51.31659],[3.8250062,51.3166315],[3.8249698,51.3166805],[3.8249368,51.3167253],[3.8249125,51.3167708],[3.8248273,51.3168613],[3.8248115,51.3168828]]},"properties":{"rawObjectClass":"DEPCNT","VALDCO":7.5,"depthDatum":"Approximate LAT","depthDatumCode":42,"depthDatumStatus":"VERIFIED_FROM_OFFICIAL_DOCUMENTATION","verticalDatum":"Local Datum","verticalDatumCode":24,"napIdentityStatus":"UNVERIFIED","sourceKind":"official","sourceCellId":"1R7687LI","sourceStableId":"1F2B6A429E1C7635","sourceChecksum":"15df29d0ae5fbc875483ea2addc2d4e6c9148a876bdf65f0adfc75742fe31c47","pipelineFeatureId":"1R7687LI/DEPCNT/1280474836","provenance":{"cellId":"1R7687LI","checksum":"15df29d0ae5fbc875483ea2addc2d4e6c9148a876bdf65f0adfc75742fe31c47","readerVersion":"GDAL 3.2.2","processedAt":"2026-08-11T13:43:44.753Z"},"sourceProperties":{"RCID":1280474836,"PRIM":2,"GRUP":2,"OBJL":43,"RVER":1,"AGEN":7979,"FIDN":1782750748,"FIDS":30261,"LNAM":"1F2B6A429E1C7635","VALDCO":7.5,"SCAMIN":15000,"sourceCellId":"1R7687LI","sourceChecksum":"15df29d0ae5fbc875483ea2addc2d4e6c9148a876bdf65f0adfc75742fe31c47","rawObjectClass":"DEPCNT","sourceStableId":"1F2B6A429E1C7635"}}},{"type":"Feature","geometry":{"type":"LineString","coordinates":[[3.8247818,51.3169237],[3.8247621,51.3169517],[3.8247257,51.3169946],[3.8246889,51.3170422],[3.824655,51.3170878],[3.8246256,51.3171325],[3.8245852,51.3171599],[3.8245474,51.3172007]]},"properties":{"rawObjectClass":"DEPCNT","VALDCO":7.5,"depthDatum":"Approximate LAT","depthDatumCode":42,"depthDatumStatus":"VERIFIED_FROM_OFFICIAL_DOCUMENTATION","verticalDatum":"Local Datum","verticalDatumCode":24,"napIdentityStatus":"UNVERIFIED","sourceKind":"official","sourceCellId":"1R7687LI","sourceStableId":"1F2B6A429E1C7636","sourceChecksum":"15df29d0ae5fbc875483ea2addc2d4e6c9148a876bdf65f0adfc75742fe31c47","pipelineFeatureId":"1R7687LI/DEPCNT/1280474837","provenance":{"cellId":"1R7687LI","checksum":"15df29d0ae5fbc875483ea2addc2d4e6c9148a876bdf65f0adfc75742fe31c47","readerVersion":"GDAL 3.2.2","processedAt":"2026-08-11T13:43:44.753Z"},"sourceProperties":{"RCID":1280474837,"PRIM":2,"GRUP":2,"OBJL":43,"RVER":1,"AGEN":7979,"FIDN":1782750748,"FIDS":30262,"LNAM":"1F2B6A429E1C7636","VALDCO":7.5,"SCAMIN":15000,"sourceCellId":"1R7687LI","sourceChecksum":"15df29d0ae5fbc875483ea2addc2d4e6c9148a876bdf65f0adfc75742fe31c47","rawObjectClass":"DEPCNT","sourceStableId":"1F2B6A429E1C7636"}}},{"type":"Feature","geometry":{"type":"LineString","coordinates":[[3.8245153,51.3172405],[3.8244844,51.3172881],[3.8244857,51.3173133],[3.8244454,51.317367],[3.8244204,51.3174037],[3.824393,51.3174375],[3.8243504,51.3174941],[3.8243051,51.3175439],[3.8242757,51.3175846],[3.824238,51.3176279],[3.8241649,51.3177265],[3.8241387,51.3177654],[3.8241013,51.3178064],[3.8240575,51.3178559],[3.8240245,51.3178996],[3.8239836,51.3179463],[3.8239168,51.3180156],[3.8238975,51.3180369],[3.8238838,51.318054],[3.8238243,51.3181273],[3.8237431,51.3182118],[3.8237342,51.3182179],[3.8237204,51.3182324],[3.8236445,51.3183084],[3.8236023,51.3183658],[3.8235695,51.3183989],[3.8235259,51.318448],[3.8234879,51.3184894],[3.8234617,51.3185254],[3.8234268,51.3185797],[3.8233883,51.3186271],[3.8233477,51.3186702],[3.8233214,51.3187034],[3.8232399,51.3187609],[3.82318,51.3188204],[3.8230523,51.3188425],[3.8230369,51.3188434],[3.8230289,51.3188523],[3.8230215,51.3188622],[3.8229689,51.3189426],[3.8229193,51.3190186],[3.8229155,51.3190329],[3.8228973,51.3190624],[3.822818,51.3191235],[3.8227553,51.3191471],[3.8227062,51.3192142],[3.8226398,51.3192887],[3.8226432,51.3193046],[3.8226158,51.3193704],[3.8226085,51.3193948],[3.8226164,51.3194042],[3.8226385,51.3194845],[3.8226188,51.3195345],[3.8225825,51.3195748],[3.8225638,51.3196102],[3.8225183,51.3196652],[3.822478,51.3196869],[3.8223843,51.319756],[3.8223369,51.3198209],[3.8223046,51.3198465],[3.8222991,51.3198708],[3.822297,51.3199365],[3.8221961,51.3199765],[3.8221222,51.3200276],[3.8221292,51.3200706],[3.8221175,51.3201176],[3.8221211,51.3201667],[3.8221041,51.3202076],[3.8220949,51.3202744],[3.8220841,51.3202977],[3.8220592,51.3203425],[3.8219991,51.3203882],[3.8219913,51.3204317],[3.8219477,51.3204785],[3.821919,51.320527],[3.8218672,51.3205689],[3.8218568,51.3206089],[3.8218098,51.3206593],[3.8217788,51.3207111],[3.821724,51.3207498],[3.821712,51.3207927],[3.8216613,51.3208402],[3.8216383,51.3208798],[3.8215705,51.3209307],[3.8215538,51.3209849],[3.8215192,51.321021],[3.8214978,51.3210511],[3.8214191,51.3211116],[3.8214227,51.3211599],[3.8213913,51.3212017],[3.8213578,51.3212467],[3.8212819,51.3212924],[3.8212676,51.3213502],[3.8212406,51.3213826],[3.8212173,51.3214174],[3.8211548,51.3214732],[3.821132,51.3215281],[3.8210978,51.3215635],[3.8210768,51.3215839],[3.8209795,51.3216542],[3.8209694,51.3217232],[3.820956,51.3217443],[3.8209366,51.3217697],[3.8208537,51.321835],[3.8208033,51.3219205],[3.8207991,51.3219253],[3.820796,51.321929],[3.8206967,51.3220159],[3.8206678,51.3220983],[3.8206622,51.3221061],[3.8206557,51.3221136],[3.8205499,51.3221968],[3.8205199,51.322284],[3.8205178,51.3222869],[3.8205154,51.3222903],[3.8204128,51.3223776],[3.8203748,51.3224529],[3.8203552,51.3224679],[3.8203475,51.3224854],[3.8202581,51.3225585],[3.8202392,51.3226458],[3.8202374,51.3226486],[3.8202348,51.322652],[3.8201338,51.3227392],[3.8200941,51.3228097],[3.820068,51.3228296],[3.8200629,51.3228496],[3.819996,51.32292],[3.8199583,51.3230076],[3.8199562,51.3230102],[3.8199542,51.3230126],[3.8198546,51.3231009],[3.8198138,51.3231867],[3.8198074,51.3231911],[3.8198073,51.3231953],[3.8197256,51.3232816],[3.8196734,51.3233607],[3.8196573,51.323372],[3.8196554,51.3233835],[3.8195775,51.3234625],[3.8195332,51.3235471],[3.8195263,51.3235528],[3.8195229,51.3235594],[3.8194279,51.3236434],[3.8193929,51.3237302],[3.8193892,51.3237336],[3.8193892,51.323736],[3.8192945,51.3238242],[3.8192629,51.3239079],[3.8192586,51.3239143],[3.8192529,51.3239267],[3.8192017,51.3240047],[3.8191121,51.3240774],[3.8190939,51.3240953],[3.81897,51.3241599],[3.8188687,51.3241604],[3.8188266,51.3241615],[3.8187697,51.324152],[3.8186828,51.3241493],[3.8185969,51.3241351],[3.818539,51.3241317],[3.81852,51.324131]]},"properties":{"rawObjectClass":"DEPCNT","VALDCO":7.5,"depthDatum":"Approximate LAT","depthDatumCode":42,"depthDatumStatus":"VERIFIED_FROM_OFFICIAL_DOCUMENTATION","verticalDatum":"Local Datum","verticalDatumCode":24,"napIdentityStatus":"UNVERIFIED","sourceKind":"official","sourceCellId":"1R7687LI","sourceStableId":"1F2B6A429E1C7637","sourceChecksum":"15df29d0ae5fbc875483ea2addc2d4e6c9148a876bdf65f0adfc75742fe31c47","pipelineFeatureId":"1R7687LI/DEPCNT/1280474838","provenance":{"cellId":"1R7687LI","checksum":"15df29d0ae5fbc875483ea2addc2d4e6c9148a876bdf65f0adfc75742fe31c47","readerVersion":"GDAL 3.2.2","processedAt":"2026-08-11T13:43:44.753Z"},"sourceProperties":{"RCID":1280474838,"PRIM":2,"GRUP":2,"OBJL":43,"RVER":1,"AGEN":7979,"FIDN":1782750748,"FIDS":30263,"LNAM":"1F2B6A429E1C7637","VALDCO":7.5,"SCAMIN":15000,"sourceCellId":"1R7687LI","sourceChecksum":"15df29d0ae5fbc875483ea2addc2d4e6c9148a876bdf65f0adfc75742fe31c47","rawObjectClass":"DEPCNT","sourceStableId":"1F2B6A429E1C7637"}}},{"type":"Feature","geometry":{"type":"LineString","coordinates":[[3.8321637,51.3076361],[3.8321617,51.3076349],[3.8320382,51.3075544]]},"properties":{"rawObjectClass":"DEPCNT","VALDCO":7,"depthDatum":"Approximate LAT","depthDatumCode":42,"depthDatumStatus":"VERIFIED_FROM_OFFICIAL_DOCUMENTATION","verticalDatum":"Local Datum","verticalDatumCode":24,"napIdentityStatus":"UNVERIFIED","sourceKind":"official","sourceCellId":"1R7687LI","sourceStableId":"1F2B6A429E1C7638","sourceChecksum":"15df29d0ae5fbc875483ea2addc2d4e6c9148a876bdf65f0adfc75742fe31c47","pipelineFeatureId":"1R7687LI/DEPCNT/1280474839","provenance":{"cellId":"1R7687LI","checksum":"15df29d0ae5fbc875483ea2addc2d4e6c9148a876bdf65f0adfc75742fe31c47","readerVersion":"GDAL 3.2.2","processedAt":"2026-08-11T13:43:44.753Z"},"sourceProperties":{"RCID":1280474839,"PRIM":2,"GRUP":2,"OBJL":43,"RVER":1,"AGEN":7979,"FIDN":1782750748,"FIDS":30264,"LNAM":"1F2B6A429E1C7638","VALDCO":7,"SCAMIN":15000,"sourceCellId":"1R7687LI","sourceChecksum":"15df29d0ae5fbc875483ea2addc2d4e6c9148a876bdf65f0adfc75742fe31c47","rawObjectClass":"DEPCNT","sourceStableId":"1F2B6A429E1C7638"}}},{"type":"Feature","geometry":{"type":"LineString","coordinates":[[3.8320318,51.3075503],[3.832029,51.3075484],[3.832029,51.3075406],[3.8320525,51.3074583],[3.832157,51.3073751],[3.8321735,51.3073675],[3.8322996,51.3073317],[3.8323101,51.3073314]]},"properties":{"rawObjectClass":"DEPCNT","VALDCO":7,"depthDatum":"Approximate LAT","depthDatumCode":42,"depthDatumStatus":"VERIFIED_FROM_OFFICIAL_DOCUMENTATION","verticalDatum":"Local Datum","verticalDatumCode":24,"napIdentityStatus":"UNVERIFIED","sourceKind":"official","sourceCellId":"1R7687LI","sourceStableId":"1F2B6A429E1C7639","sourceChecksum":"15df29d0ae5fbc875483ea2addc2d4e6c9148a876bdf65f0adfc75742fe31c47","pipelineFeatureId":"1R7687LI/DEPCNT/1280474840","provenance":{"cellId":"1R7687LI","checksum":"15df29d0ae5fbc875483ea2addc2d4e6c9148a876bdf65f0adfc75742fe31c47","readerVersion":"GDAL 3.2.2","processedAt":"2026-08-11T13:43:44.753Z"},"sourceProperties":{"RCID":1280474840,"PRIM":2,"GRUP":2,"OBJL":43,"RVER":1,"AGEN":7979,"FIDN":1782750748,"FIDS":30265,"LNAM":"1F2B6A429E1C7639","VALDCO":7,"SCAMIN":15000,"sourceCellId":"1R7687LI","sourceChecksum":"15df29d0ae5fbc875483ea2addc2d4e6c9148a876bdf65f0adfc75742fe31c47","rawObjectClass":"DEPCNT","sourceStableId":"1F2B6A429E1C7639"}}},{"type":"Feature","geometry":{"type":"LineString","coordinates":[[3.8231937,51.3181822],[3.8232567,51.3181313],[3.8232454,51.318117]]},"properties":{"rawObjectClass":"DEPCNT","VALDCO":7,"depthDatum":"Approximate LAT","depthDatumCode":42,"depthDatumStatus":"VERIFIED_FROM_OFFICIAL_DOCUMENTATION","verticalDatum":"Local Datum","verticalDatumCode":24,"napIdentityStatus":"UNVERIFIED","sourceKind":"official","sourceCellId":"1R7687LI","sourceStableId":"1F2B6A429E1C763A","sourceChecksum":"15df29d0ae5fbc875483ea2addc2d4e6c9148a876bdf65f0adfc75742fe31c47","pipelineFeatureId":"1R7687LI/DEPCNT/1280474841","provenance":{"cellId":"1R7687LI","checksum":"15df29d0ae5fbc875483ea2addc2d4e6c9148a876bdf65f0adfc75742fe31c47","readerVersion":"GDAL 3.2.2","processedAt":"2026-08-11T13:43:44.753Z"},"sourceProperties":{"RCID":1280474841,"PRIM":2,"GRUP":2,"OBJL":43,"RVER":1,"AGEN":7979,"FIDN":1782750748,"FIDS":30266,"LNAM":"1F2B6A429E1C763A","VALDCO":7,"SCAMIN":15000,"sourceCellId":"1R7687LI","sourceChecksum":"15df29d0ae5fbc875483ea2addc2d4e6c9148a876bdf65f0adfc75742fe31c47","rawObjectClass":"DEPCNT","sourceStableId":"1F2B6A429E1C763A"}}},{"type":"Feature","geometry":{"type":"LineString","coordinates":[[3.8351819,51.2929411],[3.8351679,51.2929586],[3.8351704,51.2929742],[3.8351615,51.2930486],[3.8351435,51.2930824],[3.8351355,51.2930904]]},"properties":{"rawObjectClass":"DEPCNT","VALDCO":7,"depthDatum":"Approximate LAT","depthDatumCode":42,"depthDatumStatus":"VERIFIED_FROM_OFFICIAL_DOCUMENTATION","verticalDatum":"Local Datum","verticalDatumCode":24,"napIdentityStatus":"UNVERIFIED","sourceKind":"official","sourceCellId":"1R7687LI","sourceStableId":"1F2B6A429E1C763B","sourceChecksum":"15df29d0ae5fbc875483ea2addc2d4e6c9148a876bdf65f0adfc75742fe31c47","pipelineFeatureId":"1R7687LI/DEPCNT/1280474842","provenance":{"cellId":"1R7687LI","checksum":"15df29d0ae5fbc875483ea2addc2d4e6c9148a876bdf65f0adfc75742fe31c47","readerVersion":"GDAL 3.2.2","processedAt":"2026-08-11T13:43:44.753Z"},"sourceProperties":{"RCID":1280474842,"PRIM":2,"GRUP":2,"OBJL":43,"RVER":1,"AGEN":7979,"FIDN":1782750748,"FIDS":30267,"LNAM":"1F2B6A429E1C763B","VALDCO":7,"SCAMIN":15000,"sourceCellId":"1R7687LI","sourceChecksum":"15df29d0ae5fbc875483ea2addc2d4e6c9148a876bdf65f0adfc75742fe31c47","rawObjectClass":"DEPCNT","sourceStableId":"1F2B6A429E1C763B"}}},{"type":"Feature","geometry":{"type":"LineString","coordinates":[[3.8351229,51.293103],[3.8350869,51.293139],[3.8350755,51.293217],[3.8350706,51.2932291],[3.8350957,51.293295],[3.835087,51.2933189],[3.8350955,51.2933861],[3.8350886,51.2934088],[3.8350899,51.2934806],[3.8350867,51.2934987],[3.8350619,51.2935282],[3.8350409,51.2935397]]},"properties":{"rawObjectClass":"DEPCNT","VALDCO":7,"depthDatum":"Approximate LAT","depthDatumCode":42,"depthDatumStatus":"VERIFIED_FROM_OFFICIAL_DOCUMENTATION","verticalDatum":"Local Datum","verticalDatumCode":24,"napIdentityStatus":"UNVERIFIED","sourceKind":"official","sourceCellId":"1R7687LI","sourceStableId":"1F2B6A429E1C763C","sourceChecksum":"15df29d0ae5fbc875483ea2addc2d4e6c9148a876bdf65f0adfc75742fe31c47","pipelineFeatureId":"1R7687LI/DEPCNT/1280474843","provenance":{"cellId":"1R7687LI","checksum":"15df29d0ae5fbc875483ea2addc2d4e6c9148a876bdf65f0adfc75742fe31c47","readerVersion":"GDAL 3.2.2","processedAt":"2026-08-11T13:43:44.753Z"},"sourceProperties":{"RCID":1280474843,"PRIM":2,"GRUP":2,"OBJL":43,"RVER":1,"AGEN":7979,"FIDN":1782750748,"FIDS":30268,"LNAM":"1F2B6A429E1C763C","VALDCO":7,"SCAMIN":15000,"sourceCellId":"1R7687LI","sourceChecksum":"15df29d0ae5fbc875483ea2addc2d4e6c9148a876bdf65f0adfc75742fe31c47","rawObjectClass":"DEPCNT","sourceStableId":"1F2B6A429E1C763C"}}},{"type":"Feature","geometry":{"type":"LineString","coordinates":[[3.8349391,51.2937947],[3.8349291,51.2938566],[3.834929,51.2938596],[3.8349246,51.2938661],[3.8348215,51.2939502],[3.8348071,51.2940258],[3.8348019,51.2940403],[3.8347854,51.2941011],[3.8347702,51.2941305],[3.8347616,51.2941459],[3.8347628,51.2942204],[3.8347597,51.2942382],[3.8347237,51.2943106],[3.83473,51.2943481],[3.8347236,51.2943588]]},"properties":{"rawObjectClass":"DEPCNT","VALDCO":7,"depthDatum":"Approximate LAT","depthDatumCode":42,"depthDatumStatus":"VERIFIED_FROM_OFFICIAL_DOCUMENTATION","verticalDatum":"Local Datum","verticalDatumCode":24,"napIdentityStatus":"UNVERIFIED","sourceKind":"official","sourceCellId":"1R7687LI","sourceStableId":"1F2B6A429E1C763D","sourceChecksum":"15df29d0ae5fbc875483ea2addc2d4e6c9148a876bdf65f0adfc75742fe31c47","pipelineFeatureId":"1R7687LI/DEPCNT/1280474844","provenance":{"cellId":"1R7687LI","checksum":"15df29d0ae5fbc875483ea2addc2d4e6c9148a876bdf65f0adfc75742fe31c47","readerVersion":"GDAL 3.2.2","processedAt":"2026-08-11T13:43:44.753Z"},"sourceProperties":{"RCID":1280474844,"PRIM":2,"GRUP":2,"OBJL":43,"RVER":1,"AGEN":7979,"FIDN":1782750748,"FIDS":30269,"LNAM":"1F2B6A429E1C763D","VALDCO":7,"SCAMIN":15000,"sourceCellId":"1R7687LI","sourceChecksum":"15df29d0ae5fbc875483ea2addc2d4e6c9148a876bdf65f0adfc75742fe31c47","rawObjectClass":"DEPCNT","sourceStableId":"1F2B6A429E1C763D"}}},{"type":"Feature","geometry":{"type":"LineString","coordinates":[[3.8347157,51.2943719],[3.8346984,51.2944007],[3.8346727,51.2944758],[3.8346627,51.2944909],[3.8346503,51.2945612],[3.8346394,51.294581],[3.8346165,51.2946029],[3.8345478,51.2946716],[3.8345835,51.294715],[3.8345514,51.2947615],[3.8345306,51.2948398],[3.8345262,51.2948516],[3.834513,51.2948989],[3.8344945,51.2949417],[3.8344945,51.294954],[3.8344835,51.2950317],[3.8344763,51.2950566],[3.8344391,51.295122],[3.8343751,51.2952035],[3.8343668,51.2952124],[3.8343624,51.2952206],[3.8342949,51.2953028],[3.8342709,51.2953703],[3.834256,51.295393],[3.8342491,51.2954752],[3.8342475,51.295483],[3.8342374,51.2955184],[3.8341926,51.2955733],[3.8341895,51.2956044],[3.8341416,51.2956636],[3.8341415,51.2957261],[3.8341357,51.2957536],[3.8341105,51.295837],[3.8341073,51.2958437],[3.8341002,51.295862],[3.834037,51.2959341],[3.8340248,51.2959829],[3.8340053,51.2960243],[3.8339957,51.2960925],[3.8339833,51.2961144],[3.8339749,51.2961968],[3.833972,51.2962044],[3.8339636,51.296236],[3.8339152,51.2962947],[3.8339084,51.2963304],[3.8338605,51.296385],[3.8338582,51.2964535],[3.8338521,51.296475],[3.8338587,51.2965442],[3.8338512,51.2965649],[3.8338368,51.2966492],[3.8338346,51.2966549],[3.8338279,51.2966664],[3.8337338,51.2967456],[3.8337228,51.2968133],[3.8337128,51.2968357],[3.8336914,51.2969243],[3.8336905,51.2969257],[3.8336893,51.29693],[3.8336342,51.2970161],[3.8336252,51.2970577],[3.8335868,51.2971063],[3.8335835,51.2971754],[3.8335747,51.2971963],[3.8335713,51.2972742],[3.8335696,51.2972863],[3.8335535,51.2973519],[3.833549,51.2973764],[3.8335466,51.297381],[3.8335044,51.2974666],[3.8334747,51.2975181],[3.8334632,51.2975568],[3.8334506,51.2976245],[3.8334475,51.2976469],[3.8334393,51.2977227],[3.833437,51.2977369],[3.8334181,51.2977976],[3.8334091,51.297827],[3.833402,51.2978376],[3.8333655,51.2979172],[3.8333392,51.2979688],[3.8333231,51.2980074],[3.8333164,51.2980744],[3.8333119,51.2980974],[3.8332892,51.2981828],[3.833288,51.2981875],[3.8332819,51.2981974],[3.8332418,51.2982778],[3.8332264,51.298314],[3.8332104,51.2983679],[3.8331764,51.298437],[3.8331699,51.2984581],[3.8331686,51.298533],[3.8331642,51.2985481],[3.8331454,51.2985784],[3.8331195,51.2986383],[3.8331045,51.2986651],[3.8330914,51.2987285],[3.8330888,51.2987661],[3.8330785,51.2988185],[3.8330472,51.2988837],[3.8330415,51.2989087],[3.8330142,51.2989958],[3.8330131,51.2989988],[3.8330097,51.2990087],[3.8329795,51.2990889],[3.8329689,51.2991159],[3.8329473,51.2991791],[3.8329297,51.299232],[3.8329146,51.2992692],[3.8328858,51.299351],[3.8328821,51.2993594],[3.8328731,51.2993856],[3.8328558,51.2994495],[3.8328419,51.2994702],[3.8328233,51.2995397],[3.8328102,51.2995814],[3.8327908,51.2996298],[3.8327838,51.2996893],[3.832772,51.2997199],[3.8327368,51.2997807],[3.8327242,51.2998101],[3.8327164,51.2998235],[3.8327063,51.2999002],[3.8326859,51.299934],[3.8326671,51.2999904],[3.8326757,51.3000315],[3.8326678,51.3000803],[3.8326419,51.3001441],[3.8326313,51.3001705],[3.8326014,51.3002241],[3.832579,51.3002608],[3.8325681,51.3002824],[3.8325424,51.300351],[3.8325266,51.3004],[3.8325108,51.3004411],[3.8325094,51.3005019],[3.8324971,51.3005311],[3.8324663,51.3006206],[3.8324661,51.3006213],[3.8324652,51.3006236],[3.8324263,51.3007115],[3.8324188,51.300742],[3.8324013,51.3008016],[3.8323938,51.300849],[3.8323815,51.3008916],[3.8323593,51.300962],[3.8323511,51.3009818],[3.8323292,51.3010353],[3.8323113,51.301072],[3.8323006,51.3010906],[3.8322497,51.3012142],[3.8322311,51.3012524],[3.8322005,51.3013367],[3.8321988,51.3013426],[3.8321916,51.301361],[3.8321622,51.3014327],[3.8321566,51.3014558],[3.8321388,51.3015228],[3.83213,51.3015638],[3.8321147,51.3016129],[3.8320928,51.3016786],[3.8320853,51.301703],[3.8320557,51.3017767],[3.8320479,51.3017932],[3.8320468,51.3017991],[3.8320182,51.3018834],[3.8320032,51.301918],[3.8319744,51.3020274],[3.8319591,51.3020636],[3.8319386,51.3021413],[3.8319334,51.3021537],[3.8319197,51.3021894],[3.8318934,51.3022439],[3.8318863,51.3022658],[3.8318617,51.3023341],[3.8318329,51.302391],[3.8318205,51.3024243],[3.8317853,51.3025125],[3.8317843,51.3025145],[3.8317606,51.3026046],[3.8317551,51.3026228],[3.8317238,51.3026948],[3.8317074,51.3027444],[3.8316895,51.3027849],[3.8316765,51.3028551],[3.8316695,51.302875],[3.8316462,51.3029279],[3.8316263,51.3029652],[3.8316197,51.3029825],[3.8315954,51.3030554],[3.8315827,51.3030972],[3.8315696,51.3031455],[3.8315556,51.3032055],[3.8315464,51.3032356],[3.8315098,51.3033179],[3.8315058,51.3033258],[3.8315051,51.3033288],[3.8314842,51.3034158],[3.8314762,51.3034383],[3.8314555,51.303506],[3.8314549,51.3035429],[3.8314382,51.303596],[3.8314059,51.3036653],[3.8313989,51.3036862],[3.8313744,51.3037649],[3.8313706,51.3037763],[3.8313689,51.30378],[3.8313321,51.3038665],[3.8313144,51.3039059],[3.8312927,51.3039567],[3.8312768,51.3040209],[3.8312672,51.3040468],[3.8312441,51.3041328],[3.8312426,51.3041369],[3.831238,51.3041532],[3.8312137,51.3042271],[3.8312064,51.304248],[3.8311746,51.3043173],[3.8311635,51.3043665],[3.8311532,51.3044073],[3.8311322,51.3044774],[3.8311267,51.3044975],[3.8311019,51.3045625],[3.8310919,51.3045876],[3.8310886,51.3045964],[3.831056,51.3046778],[3.8310458,51.3047147],[3.8310308,51.3047679],[3.8310118,51.3048275],[3.8310023,51.304858],[3.8309746,51.3049423],[3.8309724,51.3049482],[3.8309658,51.3049697],[3.830943,51.3050383],[3.8309365,51.3050577],[3.8309105,51.3051284],[3.8309021,51.3051707],[3.8308868,51.3052185],[3.8308731,51.3052802],[3.8308641,51.3053086],[3.83083,51.3053952],[3.8308281,51.3053988],[3.8308273,51.3054005],[3.8307804,51.3054891],[3.8307605,51.3055343],[3.8307436,51.3055792],[3.8307359,51.305641],[3.8307227,51.3056693],[3.8306954,51.305758],[3.830695,51.3057594],[3.8306932,51.305763],[3.8306444,51.3058497],[3.8306304,51.3058906],[3.8306131,51.3059399],[3.8305931,51.3060055],[3.8305845,51.30603],[3.8305586,51.3061186],[3.8305582,51.3061201],[3.8305563,51.3061262],[3.8305325,51.3062102],[3.8305256,51.3062307],[3.8304997,51.3063003],[3.8304781,51.306352],[3.8304669,51.3063905],[3.8304395,51.3064677],[3.8304343,51.3064807],[3.8304202,51.3065359],[3.8304112,51.3065707],[3.8304047,51.306581],[3.83037,51.306661],[3.8303563,51.306703],[3.8303351,51.3067511],[3.830307,51.3068256],[3.8303014,51.3068413],[3.8302835,51.3069075],[3.8302763,51.3069314],[3.8302744,51.3069374],[3.8302437,51.3070215],[3.8302258,51.3070595],[3.8302042,51.3071117],[3.830171,51.3071856],[3.8301622,51.307202],[3.8301465,51.3072673],[3.8301401,51.307292],[3.8301386,51.3072973],[3.8301086,51.3073822],[3.8301003,51.3074129],[3.8300849,51.3074723],[3.8300601,51.3075296],[3.8300491,51.3075625],[3.8300327,51.3076381],[3.8300259,51.3076525],[3.8300108,51.3076994],[3.8299937,51.3077427],[3.8299911,51.3077557],[3.8299553,51.3078329],[3.8299393,51.3078799],[3.8299235,51.307923],[3.8299063,51.307992],[3.8298995,51.3080131],[3.8298755,51.3081032],[3.8298747,51.3081057],[3.8298436,51.3081934],[3.8298355,51.3082193],[3.8298085,51.3082835],[3.8297919,51.3083382],[3.829779,51.3083737],[3.8297377,51.3084622],[3.8297367,51.3084639],[3.8297365,51.3084646],[3.829704,51.308554],[3.8296775,51.3086442],[3.8296599,51.3086957],[3.8296417,51.3087343],[3.8296228,51.3088104],[3.8296098,51.3088245],[3.8296015,51.3088658],[3.8295808,51.3089146],[3.8295744,51.3089324],[3.8295032,51.3090051],[3.8294915,51.3090764],[3.8294933,51.3090951],[3.8294656,51.309184],[3.8294657,51.3091852],[3.8294638,51.3091864],[3.8293861,51.3092757],[3.8293733,51.3093341],[3.8293741,51.3093657],[3.8293539,51.3094375],[3.8293548,51.3094557],[3.8293255,51.3094751],[3.8292526,51.3095464],[3.8292376,51.309603],[3.8292398,51.3096364],[3.8292242,51.3097026],[3.8292253,51.3097264],[3.829187,51.3097528],[3.8291248,51.3098171],[3.8291128,51.309865],[3.8291154,51.309907],[3.8290972,51.3099659],[3.8290997,51.3099971],[3.8290486,51.310032],[3.8289951,51.3100877],[3.8289798,51.3101321],[3.8289815,51.3101778],[3.8289655,51.3102322],[3.828968,51.3102678],[3.8289101,51.310306],[3.8288551,51.3103585],[3.8288435,51.3104014],[3.8288456,51.3104485],[3.8287703,51.3105101],[3.8287456,51.3105391],[3.8287428,51.3105569],[3.8287502,51.310629],[3.8286303,51.310707],[3.8286118,51.3107199],[3.8286167,51.3108002],[3.8286168,51.3108098],[3.8284902,51.3108911],[3.828476,51.3109007],[3.8284819,51.3109843],[3.8284819,51.3109906],[3.8284813,51.3109974],[3.8284868,51.3110805],[3.8283516,51.3111627],[3.8283381,51.3111715],[3.8283528,51.3112303],[3.8283842,51.3112611],[3.8283857,51.3112811],[3.8284251,51.3113507],[3.8284226,51.3113988],[3.8283986,51.3114408],[3.8283582,51.3115282],[3.8283561,51.311531],[3.8283558,51.3115325],[3.8283026,51.3116213],[3.8282744,51.3116757],[3.8282586,51.3117116],[3.8282191,51.3117749],[3.8282053,51.3118019],[3.8281961,51.3118168],[3.828161,51.3118921],[3.8280793,51.311979],[3.828077,51.3119826],[3.8280762,51.3119846],[3.8280604,51.3120726],[3.8280414,51.3120979],[3.8280063,51.3121629],[3.8279705,51.3122343],[3.8279618,51.3122532],[3.8279412,51.3122756],[3.8278755,51.3123437],[3.82784,51.3124089],[3.8278299,51.312434],[3.8278014,51.3124826],[3.8277879,51.3125242],[3.8277757,51.312541],[3.827742,51.3126144],[3.8276894,51.3126873],[3.8276804,51.3127048],[3.8276624,51.3127314],[3.8276325,51.312795],[3.827616,51.3128253],[3.827584,51.3128853],[3.8275231,51.3129629],[3.8275142,51.3129757],[3.8275102,51.3129841],[3.827486,51.3130658],[3.8274476,51.3131152],[3.8274222,51.3131562],[3.8273842,51.3132191],[3.82737,51.3132465],[3.8273661,51.3132584],[3.8273333,51.3133367],[3.8273049,51.3133885],[3.8272844,51.313427],[3.8272456,51.3134893],[3.8272269,51.3135173],[3.8272086,51.3135412],[3.8271686,51.3136076],[3.8271056,51.313681],[3.8270948,51.3136981],[3.8270763,51.3137169],[3.8270197,51.3137885],[3.8269651,51.3138489],[3.8269472,51.313879],[3.8269362,51.3138977],[3.8269041,51.3139692],[3.8268252,51.3140469],[3.8268163,51.3140597],[3.8268052,51.3140726],[3.8267676,51.31415],[3.8266847,51.3142157],[3.8266665,51.3142406],[3.8266533,51.3142609],[3.8266442,51.3143307],[3.8265946,51.3143895],[3.8265775,51.3144211],[3.8265455,51.3144536],[3.8265081,51.3145115],[3.8264903,51.3145473],[3.8264807,51.3146016],[3.8264061,51.3146779],[3.8263957,51.3146921],[3.8263878,51.3147039],[3.8263553,51.3147824],[3.8263093,51.3148452],[3.8262944,51.3148727],[3.8262665,51.3148986],[3.8262274,51.3149631],[3.826175,51.3150222],[3.8261556,51.3150535],[3.8261264,51.3150851],[3.8261,51.3151438],[3.8260646,51.315184],[3.8260403,51.3152342],[3.8259867,51.3152962],[3.8259655,51.3153246],[3.8259571,51.3153438],[3.8259196,51.3154149],[3.825847,51.3155045],[3.8258451,51.3155065],[3.8257658,51.3155958],[3.8257063,51.31566],[3.825686,51.3156863],[3.8256778,51.3157047],[3.8256491,51.3157765],[3.8255663,51.3158575],[3.8255567,51.3158671],[3.8255509,51.3158769],[3.8255174,51.3159572],[3.8254316,51.3160444],[3.8254263,51.3160508],[3.8253659,51.3161382],[3.8252859,51.3162232],[3.8252825,51.3162287],[3.8252756,51.3162353],[3.825215,51.3163191],[3.8251457,51.3164053],[3.8251435,51.3164095],[3.8251419,51.3164119],[3.825109,51.3164785]]},"properties":{"rawObjectClass":"DEPCNT","VALDCO":7,"depthDatum":"Approximate LAT","depthDatumCode":42,"depthDatumStatus":"VERIFIED_FROM_OFFICIAL_DOCUMENTATION","verticalDatum":"Local Datum","verticalDatumCode":24,"napIdentityStatus":"UNVERIFIED","sourceKind":"official","sourceCellId":"1R7687LI","sourceStableId":"1F2B6A429E1C763E","sourceChecksum":"15df29d0ae5fbc875483ea2addc2d4e6c9148a876bdf65f0adfc75742fe31c47","pipelineFeatureId":"1R7687LI/DEPCNT/1280474845","provenance":{"cellId":"1R7687LI","checksum":"15df29d0ae5fbc875483ea2addc2d4e6c9148a876bdf65f0adfc75742fe31c47","readerVersion":"GDAL 3.2.2","processedAt":"2026-08-11T13:43:44.753Z"},"sourceProperties":{"RCID":1280474845,"PRIM":2,"GRUP":2,"OBJL":43,"RVER":1,"AGEN":7979,"FIDN":1782750748,"FIDS":30270,"LNAM":"1F2B6A429E1C763E","VALDCO":7,"SCAMIN":15000,"sourceCellId":"1R7687LI","sourceChecksum":"15df29d0ae5fbc875483ea2addc2d4e6c9148a876bdf65f0adfc75742fe31c47","rawObjectClass":"DEPCNT","sourceStableId":"1F2B6A429E1C763E"}}},{"type":"Feature","geometry":{"type":"LineString","coordinates":[[3.8250824,51.3165172],[3.8250286,51.3165755],[3.825019,51.3165902],[3.8250057,51.3166038],[3.8249485,51.3166806],[3.8248967,51.316751],[3.824886,51.316771],[3.8248009,51.3168615],[3.8247869,51.3168805]]},"properties":{"rawObjectClass":"DEPCNT","VALDCO":7,"depthDatum":"Approximate LAT","depthDatumCode":42,"depthDatumStatus":"VERIFIED_FROM_OFFICIAL_DOCUMENTATION","verticalDatum":"Local Datum","verticalDatumCode":24,"napIdentityStatus":"UNVERIFIED","sourceKind":"official","sourceCellId":"1R7687LI","sourceStableId":"1F2B6A429E1C763F","sourceChecksum":"15df29d0ae5fbc875483ea2addc2d4e6c9148a876bdf65f0adfc75742fe31c47","pipelineFeatureId":"1R7687LI/DEPCNT/1280474846","provenance":{"cellId":"1R7687LI","checksum":"15df29d0ae5fbc875483ea2addc2d4e6c9148a876bdf65f0adfc75742fe31c47","readerVersion":"GDAL 3.2.2","processedAt":"2026-08-11T13:43:44.753Z"},"sourceProperties":{"RCID":1280474846,"PRIM":2,"GRUP":2,"OBJL":43,"RVER":1,"AGEN":7979,"FIDN":1782750748,"FIDS":30271,"LNAM":"1F2B6A429E1C763F","VALDCO":7,"SCAMIN":15000,"sourceCellId":"1R7687LI","sourceChecksum":"15df29d0ae5fbc875483ea2addc2d4e6c9148a876bdf65f0adfc75742fe31c47","rawObjectClass":"DEPCNT","sourceStableId":"1F2B6A429E1C763F"}}},{"type":"Feature","geometry":{"type":"LineString","coordinates":[[3.824762,51.3169142],[3.8247423,51.3169409],[3.8247345,51.3169519],[3.8247252,51.3169629],[3.8246636,51.3170423],[3.824607,51.3171185],[3.8245977,51.3171327],[3.8245849,51.3171414],[3.8245296,51.317201]]},"properties":{"rawObjectClass":"DEPCNT","VALDCO":7,"depthDatum":"Approximate LAT","depthDatumCode":42,"depthDatumStatus":"VERIFIED_FROM_OFFICIAL_DOCUMENTATION","verticalDatum":"Local Datum","verticalDatumCode":24,"napIdentityStatus":"UNVERIFIED","sourceKind":"official","sourceCellId":"1R7687LI","sourceStableId":"1F2B6A429E1C7640","sourceChecksum":"15df29d0ae5fbc875483ea2addc2d4e6c9148a876bdf65f0adfc75742fe31c47","pipelineFeatureId":"1R7687LI/DEPCNT/1280474847","provenance":{"cellId":"1R7687LI","checksum":"15df29d0ae5fbc875483ea2addc2d4e6c9148a876bdf65f0adfc75742fe31c47","readerVersion":"GDAL 3.2.2","processedAt":"2026-08-11T13:43:44.753Z"},"sourceProperties":{"RCID":1280474847,"PRIM":2,"GRUP":2,"OBJL":43,"RVER":1,"AGEN":7979,"FIDN":1782750748,"FIDS":30272,"LNAM":"1F2B6A429E1C7640","VALDCO":7,"SCAMIN":15000,"sourceCellId":"1R7687LI","sourceChecksum":"15df29d0ae5fbc875483ea2addc2d4e6c9148a876bdf65f0adfc75742fe31c47","rawObjectClass":"DEPCNT","sourceStableId":"1F2B6A429E1C7640"}}},{"type":"Feature","geometry":{"type":"LineString","coordinates":[[3.8245041,51.3172307],[3.8244543,51.3173073],[3.8244547,51.3173136],[3.8244447,51.3173268],[3.8243923,51.3174039],[3.8243348,51.3174749],[3.8243201,51.3174944],[3.8243045,51.3175115],[3.8242516,51.3175848],[3.8241838,51.3176626],[3.8241642,51.317689],[3.8241127,51.3177656],[3.8240391,51.3178463],[3.8240304,51.3178561],[3.8240239,51.3178647],[3.8239523,51.3179466],[3.8238831,51.3180182],[3.8238626,51.3180371],[3.8238411,51.3180641],[3.8237897,51.3181275],[3.8237425,51.3181767],[3.8236815,51.3182182],[3.8236012,51.3183028],[3.8235932,51.3183088],[3.8235819,51.3183211],[3.8235044,51.3183993],[3.8234603,51.3184489],[3.8234211,51.3184898],[3.823408,51.3185236],[3.8233717,51.3185801],[3.8233203,51.3186432],[3.8232613,51.3186339],[3.8231771,51.3186593],[3.8231475,51.3186716],[3.8230349,51.3187327],[3.8230159,51.3187624],[3.8229985,51.318786],[3.822938,51.3188529],[3.8228946,51.3189112],[3.8228713,51.3189433],[3.8228122,51.3189963],[3.8227792,51.3190339],[3.8227536,51.3190516],[3.8226605,51.3191246],[3.8226331,51.319202],[3.8226238,51.3192148],[3.8226132,51.3192266],[3.8225187,51.3193055],[3.8224724,51.3193728],[3.8224395,51.3193959],[3.8224365,51.319419],[3.822434,51.3194859],[3.8223888,51.3195404],[3.8224327,51.3195758],[3.8223329,51.3195982],[3.8223002,51.3196667],[3.8221922,51.3197568],[3.8221905,51.3197574],[3.8221923,51.3197631],[3.8222504,51.319811],[3.8222049,51.3198472],[3.8221946,51.3198926],[3.8221497,51.3199375],[3.8221001,51.3199983],[3.822057,51.3200281],[3.8220701,51.3201084],[3.8220678,51.3201179],[3.8220735,51.3201972],[3.8220691,51.3202078],[3.8220582,51.3202871],[3.8220448,51.3202979],[3.8220397,51.3203098],[3.8219362,51.3203886],[3.8219204,51.3204772],[3.821919,51.3204787],[3.8219181,51.3204802],[3.8218078,51.3205694],[3.8217858,51.3206544],[3.8217811,51.3206595],[3.8217779,51.3206647],[3.8216569,51.3207503],[3.8216372,51.3208205],[3.8216134,51.3208405],[3.8216028,51.3208626],[3.8215117,51.3209311],[3.8214966,51.3209802],[3.8214158,51.3210217],[3.8214275,51.3210659],[3.8213675,51.321112],[3.8213734,51.3211915],[3.8213656,51.3212019],[3.8213572,51.3212131],[3.821225,51.3212928],[3.8212158,51.32133],[3.8211433,51.3213833],[3.8211708,51.3214122],[3.821102,51.3214735],[3.821076,51.3215362],[3.8210116,51.3215641],[3.8210035,51.3216104],[3.8209425,51.3216545],[3.8209354,51.3217028],[3.8208869,51.3217448],[3.8208963,51.32177],[3.8208134,51.3218352],[3.8207948,51.3218668],[3.8206761,51.3219261],[3.8206753,51.3220025],[3.8206598,51.3220162],[3.8206543,51.3220318],[3.820534,51.322107],[3.8205133,51.3221752],[3.8204823,51.3221973],[3.8204902,51.3222121],[3.8203995,51.3222878],[3.820373,51.3223529],[3.8203334,51.3223781],[3.8203199,51.3224121],[3.8202465,51.3224687],[3.8202321,51.3225013],[3.8201309,51.3225594],[3.8201179,51.3226325],[3.8200998,51.3226495],[3.8201143,51.3227258],[3.8200984,51.3227395],[3.820093,51.3227491],[3.8199866,51.3228302],[3.8199658,51.3229118],[3.8199578,51.3229203],[3.8199528,51.322932],[3.8198292,51.3230111],[3.8198392,51.3230839],[3.8198198,51.3231011],[3.8198125,51.3231163],[3.8197033,51.3231919],[3.8197013,51.3232632],[3.8196836,51.3232819],[3.8196723,51.323299],[3.8195676,51.3233726],[3.8195555,51.3234475],[3.8195405,51.3234628],[3.819532,51.3234791],[3.8194409,51.3235534],[3.8193962,51.3236405],[3.8193927,51.3236436],[3.8193915,51.3236468],[3.8192934,51.3237343],[3.8192946,51.3237966],[3.8192648,51.3238244],[3.8192517,51.3238589],[3.8192325,51.3239145],[3.819212,51.3239404],[3.8191697,51.3240049],[3.8191116,51.324052],[3.8190674,51.3240955],[3.8189698,51.3241464],[3.8188899,51.3241468],[3.8188263,51.3241484],[3.8187404,51.3241341],[3.8186825,51.3241323],[3.8185589,51.3241118],[3.8185386,51.3241106],[3.8185355,51.3241105]]},"properties":{"rawObjectClass":"DEPCNT","VALDCO":7,"depthDatum":"Approximate LAT","depthDatumCode":42,"depthDatumStatus":"VERIFIED_FROM_OFFICIAL_DOCUMENTATION","verticalDatum":"Local Datum","verticalDatumCode":24,"napIdentityStatus":"UNVERIFIED","sourceKind":"official","sourceCellId":"1R7687LI","sourceStableId":"1F2B6A429E1C7641","sourceChecksum":"15df29d0ae5fbc875483ea2addc2d4e6c9148a876bdf65f0adfc75742fe31c47","pipelineFeatureId":"1R7687LI/DEPCNT/1280474850","provenance":{"cellId":"1R7687LI","checksum":"15df29d0ae5fbc875483ea2addc2d4e6c9148a876bdf65f0adfc75742fe31c47","readerVersion":"GDAL 3.2.2","processedAt":"2026-08-11T13:43:44.753Z"},"sourceProperties":{"RCID":1280474850,"PRIM":2,"GRUP":2,"OBJL":43,"RVER":1,"AGEN":7979,"FIDN":1782750748,"FIDS":30273,"LNAM":"1F2B6A429E1C7641","VALDCO":7,"SCAMIN":15000,"sourceCellId":"1R7687LI","sourceChecksum":"15df29d0ae5fbc875483ea2addc2d4e6c9148a876bdf65f0adfc75742fe31c47","rawObjectClass":"DEPCNT","sourceStableId":"1F2B6A429E1C7641"}}},{"type":"Feature","geometry":{"type":"LineString","coordinates":[[3.8357827,51.3031276],[3.8357961,51.303124],[3.83581,51.3031321],[3.835827,51.3031524]]},"properties":{"rawObjectClass":"DEPCNT","VALDCO":6.5,"depthDatum":"Approximate LAT","depthDatumCode":42,"depthDatumStatus":"VERIFIED_FROM_OFFICIAL_DOCUMENTATION","verticalDatum":"Local Datum","verticalDatumCode":24,"napIdentityStatus":"UNVERIFIED","sourceKind":"official","sourceCellId":"1R7687LI","sourceStableId":"1F2B6A429E1C7642","sourceChecksum":"15df29d0ae5fbc875483ea2addc2d4e6c9148a876bdf65f0adfc75742fe31c47","pipelineFeatureId":"1R7687LI/DEPCNT/1280474851","provenance":{"cellId":"1R7687LI","checksum":"15df29d0ae5fbc875483ea2addc2d4e6c9148a876bdf65f0adfc75742fe31c47","readerVersion":"GDAL 3.2.2","processedAt":"2026-08-11T13:43:44.753Z"},"sourceProperties":{"RCID":1280474851,"PRIM":2,"GRUP":2,"OBJL":43,"RVER":1,"AGEN":7979,"FIDN":1782750748,"FIDS":30274,"LNAM":"1F2B6A429E1C7642","VALDCO":6.5,"SCAMIN":15000,"sourceCellId":"1R7687LI","sourceChecksum":"15df29d0ae5fbc875483ea2addc2d4e6c9148a876bdf65f0adfc75742fe31c47","rawObjectClass":"DEPCNT","sourceStableId":"1F2B6A429E1C7642"}}},{"type":"Feature","geometry":{"type":"LineString","coordinates":[[3.8358362,51.3031634],[3.8358707,51.3032048],[3.8358118,51.3032341],[3.8357116,51.3032958],[3.8356701,51.3033321],[3.8355471,51.3033869],[3.835528,51.303404],[3.8354204,51.3034778],[3.8353865,51.3035126],[3.8352835,51.3035687],[3.8352445,51.3035927],[3.8352195,51.3035932]]},"properties":{"rawObjectClass":"DEPCNT","VALDCO":6.5,"depthDatum":"Approximate LAT","depthDatumCode":42,"depthDatumStatus":"VERIFIED_FROM_OFFICIAL_DOCUMENTATION","verticalDatum":"Local Datum","verticalDatumCode":24,"napIdentityStatus":"UNVERIFIED","sourceKind":"official","sourceCellId":"1R7687LI","sourceStableId":"1F2B6A429E1C7643","sourceChecksum":"15df29d0ae5fbc875483ea2addc2d4e6c9148a876bdf65f0adfc75742fe31c47","pipelineFeatureId":"1R7687LI/DEPCNT/1280474852","provenance":{"cellId":"1R7687LI","checksum":"15df29d0ae5fbc875483ea2addc2d4e6c9148a876bdf65f0adfc75742fe31c47","readerVersion":"GDAL 3.2.2","processedAt":"2026-08-11T13:43:44.753Z"},"sourceProperties":{"RCID":1280474852,"PRIM":2,"GRUP":2,"OBJL":43,"RVER":1,"AGEN":7979,"FIDN":1782750748,"FIDS":30275,"LNAM":"1F2B6A429E1C7643","VALDCO":6.5,"SCAMIN":15000,"sourceCellId":"1R7687LI","sourceChecksum":"15df29d0ae5fbc875483ea2addc2d4e6c9148a876bdf65f0adfc75742fe31c47","rawObjectClass":"DEPCNT","sourceStableId":"1F2B6A429E1C7643"}}},{"type":"Feature","geometry":{"type":"LineString","coordinates":[[3.8350511,51.2929299],[3.835051,51.29293],[3.8350419,51.2929595],[3.8350525,51.2930119],[3.8350579,51.2930463],[3.8350576,51.2930493],[3.8350533,51.2930573],[3.8350476,51.2930673]]},"properties":{"rawObjectClass":"DEPCNT","VALDCO":6.5,"depthDatum":"Approximate LAT","depthDatumCode":42,"depthDatumStatus":"VERIFIED_FROM_OFFICIAL_DOCUMENTATION","verticalDatum":"Local Datum","verticalDatumCode":24,"napIdentityStatus":"UNVERIFIED","sourceKind":"official","sourceCellId":"1R7687LI","sourceStableId":"1F2B6A429E1C7644","sourceChecksum":"15df29d0ae5fbc875483ea2addc2d4e6c9148a876bdf65f0adfc75742fe31c47","pipelineFeatureId":"1R7687LI/DEPCNT/1280474853","provenance":{"cellId":"1R7687LI","checksum":"15df29d0ae5fbc875483ea2addc2d4e6c9148a876bdf65f0adfc75742fe31c47","readerVersion":"GDAL 3.2.2","processedAt":"2026-08-11T13:43:44.753Z"},"sourceProperties":{"RCID":1280474853,"PRIM":2,"GRUP":2,"OBJL":43,"RVER":1,"AGEN":7979,"FIDN":1782750748,"FIDS":30276,"LNAM":"1F2B6A429E1C7644","VALDCO":6.5,"SCAMIN":15000,"sourceCellId":"1R7687LI","sourceChecksum":"15df29d0ae5fbc875483ea2addc2d4e6c9148a876bdf65f0adfc75742fe31c47","rawObjectClass":"DEPCNT","sourceStableId":"1F2B6A429E1C7644"}}},{"type":"Feature","geometry":{"type":"LineString","coordinates":[[3.8350282,51.2931016],[3.8350066,51.2931396],[3.8349916,51.2931894],[3.8350038,51.2932296],[3.8350581,51.2933187],[3.8350582,51.293319],[3.8350582,51.2933191],[3.8350688,51.2934032],[3.8350671,51.293409],[3.8350686,51.2934943],[3.8350678,51.2934989],[3.8350615,51.2935064],[3.8350139,51.2935325]]},"properties":{"rawObjectClass":"DEPCNT","VALDCO":6.5,"depthDatum":"Approximate LAT","depthDatumCode":42,"depthDatumStatus":"VERIFIED_FROM_OFFICIAL_DOCUMENTATION","verticalDatum":"Local Datum","verticalDatumCode":24,"napIdentityStatus":"UNVERIFIED","sourceKind":"official","sourceCellId":"1R7687LI","sourceStableId":"1F2B6A429E1C7645","sourceChecksum":"15df29d0ae5fbc875483ea2addc2d4e6c9148a876bdf65f0adfc75742fe31c47","pipelineFeatureId":"1R7687LI/DEPCNT/1280474854","provenance":{"cellId":"1R7687LI","checksum":"15df29d0ae5fbc875483ea2addc2d4e6c9148a876bdf65f0adfc75742fe31c47","readerVersion":"GDAL 3.2.2","processedAt":"2026-08-11T13:43:44.753Z"},"sourceProperties":{"RCID":1280474854,"PRIM":2,"GRUP":2,"OBJL":43,"RVER":1,"AGEN":7979,"FIDN":1782750748,"FIDS":30277,"LNAM":"1F2B6A429E1C7645","VALDCO":6.5,"SCAMIN":15000,"sourceCellId":"1R7687LI","sourceChecksum":"15df29d0ae5fbc875483ea2addc2d4e6c9148a876bdf65f0adfc75742fe31c47","rawObjectClass":"DEPCNT","sourceStableId":"1F2B6A429E1C7645"}}},{"type":"Feature","geometry":{"type":"LineString","coordinates":[[3.8348897,51.2937908],[3.8348889,51.2937915],[3.8348424,51.2938602],[3.8347823,51.2939275],[3.8347724,51.2939506],[3.8347698,51.2939588],[3.8347532,51.2940407],[3.8347127,51.2940864],[3.8346896,51.294131],[3.834644,51.2942132],[3.8346383,51.2942213],[3.8346338,51.2942279],[3.8346153,51.2943114],[3.8345991,51.2943314]]},"properties":{"rawObjectClass":"DEPCNT","VALDCO":6.5,"depthDatum":"Approximate LAT","depthDatumCode":42,"depthDatumStatus":"VERIFIED_FROM_OFFICIAL_DOCUMENTATION","verticalDatum":"Local Datum","verticalDatumCode":24,"napIdentityStatus":"UNVERIFIED","sourceKind":"official","sourceCellId":"1R7687LI","sourceStableId":"1F2B6A429E1C7646","sourceChecksum":"15df29d0ae5fbc875483ea2addc2d4e6c9148a876bdf65f0adfc75742fe31c47","pipelineFeatureId":"1R7687LI/DEPCNT/1280474855","provenance":{"cellId":"1R7687LI","checksum":"15df29d0ae5fbc875483ea2addc2d4e6c9148a876bdf65f0adfc75742fe31c47","readerVersion":"GDAL 3.2.2","processedAt":"2026-08-11T13:43:44.753Z"},"sourceProperties":{"RCID":1280474855,"PRIM":2,"GRUP":2,"OBJL":43,"RVER":1,"AGEN":7979,"FIDN":1782750748,"FIDS":30278,"LNAM":"1F2B6A429E1C7646","VALDCO":6.5,"SCAMIN":15000,"sourceCellId":"1R7687LI","sourceChecksum":"15df29d0ae5fbc875483ea2addc2d4e6c9148a876bdf65f0adfc75742fe31c47","rawObjectClass":"DEPCNT","sourceStableId":"1F2B6A429E1C7646"}}},{"type":"Feature","geometry":{"type":"LineString","coordinates":[[3.8345993,51.2943731],[3.8346208,51.2944013],[3.8345054,51.294475],[3.8344988,51.2944921],[3.8345062,51.2945203],[3.83453,51.2945674],[3.834522,51.2945818],[3.8345075,51.2945956],[3.834468,51.2946721],[3.8345002,51.2947554],[3.8345014,51.2947618],[3.8344833,51.2947792],[3.8344342,51.2948522],[3.8344509,51.294891],[3.8344287,51.2949422],[3.8344288,51.2949961],[3.8344237,51.2950321],[3.8344033,51.2951035],[3.8343925,51.2951223],[3.8343741,51.2951458],[3.8343107,51.2952128],[3.8342779,51.2952748],[3.8342546,51.2953031],[3.8342345,51.2953594],[3.8341963,51.2953935],[3.8341931,51.2954202],[3.834172,51.2954836],[3.8341378,51.2955466],[3.8341155,51.2955739],[3.8341072,51.2956572],[3.8341017,51.2956639],[3.8341017,51.2957517],[3.8341012,51.2957538],[3.8340984,51.295763],[3.8340229,51.2958443],[3.8339865,51.2959165],[3.8339706,51.2959346],[3.833959,51.2959814],[3.83393,51.2960248],[3.8339304,51.2960434],[3.833905,51.2961149],[3.8338865,51.2961625],[3.8338701,51.2962051],[3.8338228,51.2962943],[3.833822,51.2962953],[3.8338213,51.2962991],[3.8337999,51.2963854],[3.833788,51.2964076],[3.8337771,51.2964755],[3.8338029,51.2965509],[3.8338025,51.2965653],[3.8337793,51.2965951],[3.833719,51.2966558],[3.8336859,51.2967411],[3.8336845,51.2967459],[3.8336837,51.2967473],[3.8336443,51.2968361],[3.8336517,51.2968589],[3.8336203,51.2969262],[3.8335955,51.2969859],[3.8335759,51.2970165],[3.8335577,51.297101],[3.8335533,51.2971066],[3.8335502,51.2971712],[3.8335499,51.2971965],[3.8335498,51.2971971],[3.8335478,51.2972864],[3.8335467,51.29729],[3.8335307,51.2973765],[3.8335197,51.2973983],[3.8334859,51.2974667],[3.8334456,51.2975368],[3.8334396,51.297557],[3.8334238,51.2976417],[3.833423,51.297647],[3.8334165,51.2977078],[3.8334139,51.297737],[3.8334127,51.2977398],[3.8333858,51.2978271],[3.8333615,51.2978635],[3.8333368,51.2979174],[3.8332967,51.297996],[3.8332919,51.2980076],[3.8332832,51.2980957],[3.8332828,51.2980976],[3.8332803,51.298107],[3.8332657,51.2981877],[3.8332539,51.2982054],[3.8332177,51.2982779],[3.8331934,51.2983352],[3.8331837,51.2983681],[3.8331431,51.2984506],[3.8331409,51.2984583],[3.8331405,51.2984601],[3.8331402,51.2985483],[3.8331386,51.2985522],[3.8331013,51.2986385],[3.8330762,51.2986832],[3.8330668,51.2987286],[3.8330631,51.2987826],[3.8330561,51.2988186],[3.8330148,51.2989045],[3.8330138,51.2989089],[3.8330082,51.2989265],[3.83299,51.2989989],[3.8329764,51.2990201],[3.8329504,51.2990891],[3.8329299,51.2991409],[3.8329168,51.2991793],[3.8328909,51.2992568],[3.8328858,51.2992695],[3.8328717,51.2993094],[3.8328616,51.2993595],[3.8328559,51.2993702],[3.8328344,51.2994497],[3.8328044,51.2994942],[3.8327922,51.2995399],[3.8327713,51.2996064],[3.8327618,51.29963],[3.8327525,51.2997094],[3.8327484,51.29972],[3.8327361,51.2997412],[3.8327065,51.2998103],[3.8326883,51.2998415],[3.8326805,51.2999004],[3.832644,51.2999609],[3.8326341,51.2999906],[3.8326465,51.3000502],[3.8326417,51.3000805],[3.8326066,51.3001667],[3.832605,51.3001707],[3.8326006,51.3001787],[3.8325503,51.300261],[3.8325259,51.3003095],[3.8325103,51.3003512],[3.8324861,51.300426],[3.8324802,51.3004413],[3.8324783,51.3005219],[3.8324743,51.3005313],[3.8324641,51.3005611],[3.8324326,51.3006215],[3.8324271,51.3006457],[3.8323979,51.3007117],[3.832385,51.3007636],[3.8323738,51.3008018],[3.8323632,51.3008686],[3.8323565,51.3008918],[3.8323281,51.3009819],[3.832284,51.3010722],[3.8322576,51.3011182],[3.8322068,51.3012417],[3.8322015,51.3012526],[3.8321902,51.3012835],[3.8321689,51.3013428],[3.8321569,51.3013647],[3.8321288,51.301433],[3.8321173,51.301481],[3.8321061,51.3015231],[3.8320921,51.3015881],[3.8320843,51.3016131],[3.8320544,51.301703],[3.8320543,51.3017033],[3.8320542,51.3017034],[3.8320115,51.3017935],[3.8320056,51.3018255],[3.8319859,51.3018836],[3.8319586,51.3019466],[3.8319299,51.302056],[3.8319265,51.3020639],[3.831918,51.302096],[3.8318991,51.302154],[3.8318932,51.3021705],[3.8318576,51.3022442],[3.8318412,51.3022948],[3.8318269,51.3023343],[3.8317815,51.302424],[3.8317806,51.3024264],[3.8317425,51.3025399],[3.8317255,51.3026048],[3.8317116,51.3026507],[3.8316923,51.302695],[3.8316675,51.3027699],[3.8316608,51.3027851],[3.8316451,51.3028698],[3.8316442,51.3028752],[3.8316435,51.3028763],[3.8315959,51.3029654],[3.8315797,51.3030082],[3.8315639,51.3030556],[3.8315435,51.3031223],[3.8315372,51.3031457],[3.8315175,51.3032299],[3.8315157,51.3032358],[3.8315086,51.3032518],[3.8314708,51.303326],[3.8314646,51.3033548],[3.8314499,51.3034161],[3.8314319,51.3034667],[3.8314198,51.3035062],[3.8314189,51.303566],[3.8314094,51.3035962],[3.8313728,51.3036748],[3.8313664,51.3036864],[3.8313644,51.3036919],[3.8313361,51.3037766],[3.83132,51.3038113],[3.8312964,51.3038668],[3.8312644,51.3039379],[3.8312563,51.303957],[3.8312359,51.3040393],[3.8312347,51.3040471],[3.8312335,51.3040487],[3.8312076,51.3041372],[3.8312008,51.3041606],[3.8311788,51.3042273],[3.8311618,51.3042766],[3.831143,51.3043175],[3.8311265,51.3043901],[3.8311221,51.3044076],[3.8311004,51.3044802],[3.8310943,51.3044977],[3.8310929,51.3045027],[3.831059,51.3045879],[3.8310451,51.3046243],[3.8310236,51.304678],[3.8310065,51.30474],[3.8309985,51.3047681],[3.8309713,51.3048535],[3.8309698,51.3048583],[3.8309641,51.3048757],[3.8309397,51.3049484],[3.8309323,51.3049694],[3.8309093,51.3050385],[3.8308937,51.3050851],[3.8308777,51.3051287],[3.8308646,51.3051948],[3.8308569,51.3052187],[3.8308384,51.3053025],[3.8308364,51.3053088],[3.8308288,51.3053281],[3.8307915,51.3053991],[3.8307763,51.3054333],[3.8307466,51.3054893],[3.8307136,51.3055644],[3.8307079,51.3055795],[3.8306972,51.3056659],[3.8306955,51.3056695],[3.8306917,51.3056818],[3.830662,51.3057597],[3.8306478,51.3057885],[3.8306132,51.3058499],[3.8305906,51.3059161],[3.8305822,51.3059401],[3.8305546,51.3060308],[3.8305321,51.3061203],[3.8305246,51.3061403],[3.8305048,51.3062104],[3.8304903,51.3062533],[3.8304728,51.3063005],[3.8304414,51.3063756],[3.830437,51.3063907],[3.8304185,51.3064428],[3.8304075,51.3064808],[3.8304028,51.3064913],[3.8303822,51.3065709],[3.8303562,51.3066121],[3.8303348,51.3066612],[3.830312,51.3067314],[3.8303032,51.3067514],[3.8302817,51.3068084],[3.8302707,51.3068415],[3.8302641,51.3068531],[3.8302404,51.3069316],[3.8302295,51.3069662],[3.8302092,51.3070218],[3.8301767,51.307091],[3.830168,51.307112],[3.8301446,51.307164],[3.8301319,51.3072022],[3.8301244,51.3072155],[3.8301046,51.3072923],[3.8300954,51.307325],[3.8300751,51.3073824],[3.8300598,51.3074388],[3.8300511,51.3074725],[3.8300134,51.3075595],[3.8300123,51.3075627],[3.8300087,51.3075796],[3.8299911,51.3076528],[3.829987,51.3076674],[3.8299571,51.3077429],[3.8299494,51.3077824],[3.8299259,51.3078331],[3.8299018,51.3079039],[3.8298947,51.3079232],[3.829873,51.3080102],[3.8298722,51.3080133],[3.8298718,51.3080141],[3.8298426,51.3081034],[3.8298349,51.3081287],[3.8298119,51.3081936],[3.8297958,51.3082447],[3.8297794,51.3082837],[3.8297559,51.3083612],[3.8297513,51.3083739],[3.8297366,51.3084054],[3.8297017,51.3084641],[3.829695,51.3084912],[3.8296721,51.3085543],[3.8296456,51.3086444],[3.8296191,51.3087218],[3.8296131,51.3087345],[3.8296,51.3087873],[3.8295898,51.3088246],[3.8295874,51.3088331],[3.8295528,51.3089148],[3.829538,51.3089557],[3.8294896,51.3090052],[3.8294763,51.3090862],[3.8294772,51.3090952],[3.8294629,51.3091408],[3.8294457,51.3091853],[3.829439,51.3092011],[3.829374,51.3092758],[3.8293592,51.3093432],[3.8293598,51.3093658],[3.8293365,51.3094487],[3.8293369,51.3094559],[3.8293253,51.3094635],[3.8292405,51.3095465],[3.8292229,51.3096124],[3.8292245,51.3096365],[3.8292062,51.3097141],[3.8292068,51.3097266],[3.8291868,51.3097404],[3.8291124,51.3098171],[3.829098,51.3098744],[3.8291,51.3099072],[3.8290781,51.3099782],[3.8290796,51.3099972],[3.8290484,51.3100186],[3.8289819,51.3100878],[3.8289628,51.310143],[3.8289642,51.3101779],[3.8289442,51.3102459],[3.8289458,51.3102679],[3.8289098,51.3102917],[3.8288396,51.3103586],[3.8288249,51.3104133],[3.8288264,51.3104486],[3.82877,51.3104948],[3.8287322,51.3105392],[3.828728,51.3105664],[3.8287344,51.3106291],[3.8286302,51.310697],[3.8285969,51.31072],[3.8286012,51.3107907],[3.8286015,51.3108099],[3.82849,51.3108815],[3.8284615,51.3109008],[3.8284667,51.310975],[3.8284667,51.3109907],[3.8284651,51.3110077],[3.8284699,51.3110806],[3.8283514,51.3111527],[3.8283224,51.3111716],[3.8283432,51.311255],[3.8283432,51.3112613],[3.8283542,51.3113075],[3.8283788,51.311351],[3.8283747,51.3114295],[3.8283681,51.311441],[3.828357,51.311465],[3.8283083,51.3115314],[3.8283022,51.3115669],[3.8282694,51.3116216],[3.8282248,51.3117075],[3.8282229,51.3117118],[3.8282181,51.3117195],[3.8281756,51.3118021],[3.8281475,51.311848],[3.8281268,51.3118923],[3.8280787,51.3119436],[3.828054,51.3119828],[3.8280448,51.3120048],[3.8280325,51.3120728],[3.8279882,51.312132],[3.8279713,51.3121632],[3.8279403,51.3122251],[3.8279294,51.3122534],[3.8278993,51.31228],[3.8278376,51.312344],[3.8278002,51.3124126],[3.8277934,51.3124342],[3.8277906,51.3124406],[3.8277633,51.3125244],[3.8277302,51.3125702],[3.8277098,51.3126147],[3.8276615,51.3126816],[3.8276468,51.312705],[3.8276402,51.3127188],[3.8276042,51.3127952],[3.8275727,51.312853],[3.8275554,51.3128855],[3.8275225,51.3129275],[3.8274891,51.3129759],[3.8274738,51.3130074],[3.8274565,51.3130661],[3.827389,51.3131527],[3.8273867,51.3131565],[3.8273832,51.3131622],[3.8273395,51.3132467],[3.8273273,51.3132832],[3.8273049,51.3133369],[3.8272611,51.3134166],[3.8272555,51.3134272],[3.8272448,51.3134443],[3.8271958,51.3135175],[3.827148,51.31358],[3.8271312,51.3136079],[3.8271048,51.3136387],[3.8270671,51.3136983],[3.8270026,51.3137642],[3.8269831,51.3137888],[3.8269644,51.3138095],[3.826923,51.3138791],[3.8268975,51.3139225],[3.8268764,51.3139694],[3.8268247,51.3140203],[3.8267974,51.3140599],[3.8267629,51.3140997],[3.8267384,51.3141502],[3.8266843,51.3141931],[3.8266495,51.3142407],[3.8266242,51.3142796],[3.8266175,51.3143309],[3.8265449,51.3144171],[3.8265411,51.3144214],[3.8265391,51.3144251],[3.8264831,51.3145117],[3.8264537,51.3145707],[3.8264482,51.3146019],[3.8264055,51.3146455],[3.8263713,51.3146923],[3.8263456,51.314731],[3.8263242,51.3147826],[3.8262659,51.3148623],[3.8262606,51.3148729],[3.826257,51.3148787],[3.8262056,51.3149633],[3.8261258,51.3150533],[3.8261255,51.3150537],[3.8261255,51.315054],[3.8260851,51.3151439],[3.8260303,51.3152059],[3.8260166,51.3152344],[3.8259862,51.3152694],[3.825945,51.3153248],[3.8259286,51.315362],[3.8259007,51.315415],[3.8258465,51.3154818],[3.8258247,51.3155055],[3.8257917,51.3155407],[3.8257427,51.315596],[3.8257058,51.3156357],[3.8256668,51.3156864],[3.825651,51.3157219],[3.8256291,51.3157766],[3.825566,51.3158384],[3.825537,51.3158672],[3.8255196,51.3158971],[3.8254944,51.3159574],[3.8254259,51.316027],[3.8254105,51.3160479],[3.8253857,51.3160738],[3.8253411,51.3161383],[3.8252854,51.3161975],[3.825266,51.3162288],[3.825227,51.3162664],[3.8251888,51.3163193],[3.8251451,51.3163736],[3.8251265,51.3164096],[3.8251133,51.3164303],[3.8250845,51.3164886]]},"properties":{"rawObjectClass":"DEPCNT","VALDCO":6.5,"depthDatum":"Approximate LAT","depthDatumCode":42,"depthDatumStatus":"VERIFIED_FROM_OFFICIAL_DOCUMENTATION","verticalDatum":"Local Datum","verticalDatumCode":24,"napIdentityStatus":"UNVERIFIED","sourceKind":"official","sourceCellId":"1R7687LI","sourceStableId":"1F2B6A429E1C7647","sourceChecksum":"15df29d0ae5fbc875483ea2addc2d4e6c9148a876bdf65f0adfc75742fe31c47","pipelineFeatureId":"1R7687LI/DEPCNT/1280474856","provenance":{"cellId":"1R7687LI","checksum":"15df29d0ae5fbc875483ea2addc2d4e6c9148a876bdf65f0adfc75742fe31c47","readerVersion":"GDAL 3.2.2","processedAt":"2026-08-11T13:43:44.753Z"},"sourceProperties":{"RCID":1280474856,"PRIM":2,"GRUP":2,"OBJL":43,"RVER":1,"AGEN":7979,"FIDN":1782750748,"FIDS":30279,"LNAM":"1F2B6A429E1C7647","VALDCO":6.5,"SCAMIN":15000,"sourceCellId":"1R7687LI","sourceChecksum":"15df29d0ae5fbc875483ea2addc2d4e6c9148a876bdf65f0adfc75742fe31c47","rawObjectClass":"DEPCNT","sourceStableId":"1F2B6A429E1C7647"}}},{"type":"Feature","geometry":{"type":"LineString","coordinates":[[3.8250803,51.316497],[3.8250789,51.3164999],[3.8250053,51.3165796],[3.824992,51.3165904],[3.8249846,51.3166037],[3.8249272,51.3166808],[3.8248651,51.3167651],[3.8248597,51.3167712],[3.824851,51.3167803],[3.8247744,51.3168617],[3.8247246,51.3169292],[3.8247075,51.3169521],[3.8246923,51.3169729],[3.8246384,51.3170425],[3.8245844,51.3171151],[3.8245722,51.3171329],[3.8245616,51.3171476],[3.8244913,51.3172234],[3.8244442,51.317296],[3.8244277,51.3173138],[3.8244111,51.317335],[3.8243641,51.3174041],[3.8243039,51.3174784],[3.8242922,51.3174946],[3.8242831,51.317508],[3.8242275,51.3175849],[3.8241637,51.3176583],[3.8241469,51.3176754],[3.8241352,51.3176938],[3.8240868,51.3177658],[3.8240233,51.3178352],[3.8240009,51.3178563],[3.8239704,51.3178903],[3.823921,51.3179468],[3.8238825,51.3179866],[3.8238272,51.3180374],[3.8237694,51.3181101],[3.823755,51.3181278],[3.8237418,51.3181415],[3.8236287,51.3182186],[3.8236002,51.3182486],[3.8235192,51.3183093],[3.823459,51.3183751],[3.8233355,51.3184005],[3.8234031,51.3184358],[3.8233507,51.3184903],[3.823319,51.318572],[3.8232284,51.3185248],[3.8231742,51.3184975],[3.823165,51.3184916],[3.8231739,51.3184786],[3.8232842,51.3184009],[3.8232714,51.3183733],[3.8231809,51.3183117],[3.8232498,51.3182612],[3.8232917,51.318221],[3.8232943,51.3181417],[3.8233076,51.3181309],[3.823271,51.3180847]]},"properties":{"rawObjectClass":"DEPCNT","VALDCO":6.5,"depthDatum":"Approximate LAT","depthDatumCode":42,"depthDatumStatus":"VERIFIED_FROM_OFFICIAL_DOCUMENTATION","verticalDatum":"Local Datum","verticalDatumCode":24,"napIdentityStatus":"UNVERIFIED","sourceKind":"official","sourceCellId":"1R7687LI","sourceStableId":"1F2B6A429E1C7648","sourceChecksum":"15df29d0ae5fbc875483ea2addc2d4e6c9148a876bdf65f0adfc75742fe31c47","pipelineFeatureId":"1R7687LI/DEPCNT/1280474857","provenance":{"cellId":"1R7687LI","checksum":"15df29d0ae5fbc875483ea2addc2d4e6c9148a876bdf65f0adfc75742fe31c47","readerVersion":"GDAL 3.2.2","processedAt":"2026-08-11T13:43:44.753Z"},"sourceProperties":{"RCID":1280474857,"PRIM":2,"GRUP":2,"OBJL":43,"RVER":1,"AGEN":7979,"FIDN":1782750748,"FIDS":30280,"LNAM":"1F2B6A429E1C7648","VALDCO":6.5,"SCAMIN":15000,"sourceCellId":"1R7687LI","sourceChecksum":"15df29d0ae5fbc875483ea2addc2d4e6c9148a876bdf65f0adfc75742fe31c47","rawObjectClass":"DEPCNT","sourceStableId":"1F2B6A429E1C7648"}}},{"type":"Feature","geometry":{"type":"LineString","coordinates":[[3.8261276,51.3242961],[3.8261286,51.3242258],[3.8261248,51.324212],[3.8260983,51.3241361],[3.8260916,51.3241027],[3.8260781,51.3240463],[3.826122,51.3239689],[3.8261179,51.3239561],[3.8261047,51.3239329],[3.8261095,51.3238662],[3.8261091,51.3238467],[3.8260895,51.3237764],[3.825994,51.3236899],[3.8259908,51.3236892],[3.825851,51.3237214],[3.8257907,51.3236886],[3.8258497,51.3236508],[3.8259901,51.3236848],[3.8259939,51.3236849],[3.8260916,51.3235966],[3.8260891,51.3235677],[3.8260876,51.3235067],[3.8261326,51.3234172],[3.8261333,51.3234164],[3.8261361,51.3234141],[3.8262337,51.3233258],[3.8262729,51.3232386],[3.8262731,51.3232356],[3.8262732,51.3232353],[3.8262851,51.3231456],[3.8262866,51.3231358],[3.8263152,51.3230555],[3.8263317,51.323016],[3.8263437,51.3229653],[3.8263342,51.3229175],[3.8263208,51.3228756],[3.8263393,51.3228292],[3.826348,51.3227855],[3.8264069,51.3227082],[3.8264116,51.3226951],[3.8264125,51.3226914],[3.8264198,51.3226051],[3.8264211,51.3225949],[3.8264129,51.3225152],[3.8264159,51.3225073],[3.8264453,51.3224251],[3.8265437,51.3223375],[3.8265455,51.3223345],[3.8265474,51.3223321],[3.8265474,51.3222445],[3.8265475,51.3222411],[3.8265657,51.3221545],[3.8265826,51.3221276],[3.8266195,51.3220642],[3.8266463,51.3219959],[3.8266537,51.321974],[3.8266801,51.3219424],[3.8267036,51.3218837],[3.826736,51.3218475],[3.8267617,51.3217934],[3.8268197,51.3217263],[3.826884,51.3217026],[3.8269117,51.3216708],[3.8268731,51.3216128],[3.8268821,51.3215637],[3.8268659,51.3215229],[3.8269028,51.3214677],[3.8269062,51.3214327],[3.8269566,51.3213537],[3.8269635,51.3213424],[3.8269633,51.3212578],[3.8269618,51.3212525],[3.8269758,51.321239],[3.8270416,51.321162],[3.8270934,51.3210727],[3.8270941,51.3210717],[3.8270863,51.3209863],[3.8270871,51.3209818],[3.827093,51.3209601],[3.8271037,51.3208918],[3.8271049,51.3208834],[3.8271133,51.3208018],[3.8271241,51.3207802],[3.8271491,51.3207116],[3.8271616,51.3206652],[3.8271694,51.3206215],[3.8272152,51.3205399],[3.8272134,51.3205313],[3.8272285,51.3205167],[3.8272645,51.320441],[3.8272745,51.3204109],[3.8272937,51.3203509],[3.8273682,51.3203021],[3.8274191,51.3202601],[3.8275097,51.3201932],[3.8275586,51.3201692],[3.8276522,51.3201347],[3.8277853,51.3200836],[3.8277949,51.3200901],[3.8278059,51.3200775],[3.8279369,51.3200084],[3.8279636,51.3199865],[3.8280788,51.319919],[3.8281104,51.3198955],[3.8282208,51.3198364],[3.8283184,51.3198041],[3.8283632,51.3197768],[3.8284277,51.3197628],[3.8285059,51.3197323],[3.8285398,51.3197126],[3.8286481,51.3196581],[3.8287174,51.3196215],[3.8287902,51.3195795],[3.8289288,51.3195326],[3.8289328,51.319531],[3.8289342,51.31953],[3.8290749,51.3194522],[3.8290996,51.3194389],[3.8292167,51.3193554],[3.8292415,51.319348],[3.8293585,51.3192606],[3.8293709,51.3192571],[3.8295004,51.3191724],[3.8295074,51.3191663],[3.8295186,51.3191546],[3.8295796,51.3190758],[3.8296172,51.3190004],[3.8296278,51.3189856],[3.8296403,51.3189726],[3.829689,51.3188952],[3.8297813,51.3188352],[3.8298128,51.3188044],[3.8297798,51.3187513],[3.829729,51.3187151],[3.8297319,51.318654],[3.8297373,51.3186251],[3.8297769,51.3185933],[3.8298684,51.3185666],[3.8299197,51.3185519],[3.8299333,51.3185338],[3.8299433,51.3185185],[3.8299193,51.3185315],[3.8298453,51.3185293]]},"properties":{"rawObjectClass":"DEPCNT","VALDCO":6.5,"depthDatum":"Approximate LAT","depthDatumCode":42,"depthDatumStatus":"VERIFIED_FROM_OFFICIAL_DOCUMENTATION","verticalDatum":"Local Datum","verticalDatumCode":24,"napIdentityStatus":"UNVERIFIED","sourceKind":"official","sourceCellId":"1R7687LI","sourceStableId":"1F2B6A429E1C7649","sourceChecksum":"15df29d0ae5fbc875483ea2addc2d4e6c9148a876bdf65f0adfc75742fe31c47","pipelineFeatureId":"1R7687LI/DEPCNT/1280474858","provenance":{"cellId":"1R7687LI","checksum":"15df29d0ae5fbc875483ea2addc2d4e6c9148a876bdf65f0adfc75742fe31c47","readerVersion":"GDAL 3.2.2","processedAt":"2026-08-11T13:43:44.753Z"},"sourceProperties":{"RCID":1280474858,"PRIM":2,"GRUP":2,"OBJL":43,"RVER":1,"AGEN":7979,"FIDN":1782750748,"FIDS":30281,"LNAM":"1F2B6A429E1C7649","VALDCO":6.5,"SCAMIN":15000,"sourceCellId":"1R7687LI","sourceChecksum":"15df29d0ae5fbc875483ea2addc2d4e6c9148a876bdf65f0adfc75742fe31c47","rawObjectClass":"DEPCNT","sourceStableId":"1F2B6A429E1C7649"}}},{"type":"Feature","geometry":{"type":"LineString","coordinates":[[3.8295679,51.3186571],[3.829492,51.3187111],[3.8294476,51.3187126]]},"properties":{"rawObjectClass":"DEPCNT","VALDCO":6.5,"depthDatum":"Approximate LAT","depthDatumCode":42,"depthDatumStatus":"VERIFIED_FROM_OFFICIAL_DOCUMENTATION","verticalDatum":"Local Datum","verticalDatumCode":24,"napIdentityStatus":"UNVERIFIED","sourceKind":"official","sourceCellId":"1R7687LI","sourceStableId":"1F2B6A429E1C764A","sourceChecksum":"15df29d0ae5fbc875483ea2addc2d4e6c9148a876bdf65f0adfc75742fe31c47","pipelineFeatureId":"1R7687LI/DEPCNT/1280474859","provenance":{"cellId":"1R7687LI","checksum":"15df29d0ae5fbc875483ea2addc2d4e6c9148a876bdf65f0adfc75742fe31c47","readerVersion":"GDAL 3.2.2","processedAt":"2026-08-11T13:43:44.753Z"},"sourceProperties":{"RCID":1280474859,"PRIM":2,"GRUP":2,"OBJL":43,"RVER":1,"AGEN":7979,"FIDN":1782750748,"FIDS":30282,"LNAM":"1F2B6A429E1C764A","VALDCO":6.5,"SCAMIN":15000,"sourceCellId":"1R7687LI","sourceChecksum":"15df29d0ae5fbc875483ea2addc2d4e6c9148a876bdf65f0adfc75742fe31c47","rawObjectClass":"DEPCNT","sourceStableId":"1F2B6A429E1C764A"}}},{"type":"Feature","geometry":{"type":"LineString","coordinates":[[3.8281975,51.3192889],[3.8282111,51.3193547],[3.8282117,51.3193553],[3.8280697,51.3194139],[3.8279553,51.3194289],[3.8279264,51.3194263],[3.8278092,51.3193581],[3.8277812,51.3193321],[3.8277153,51.3192689],[3.8277159,51.3192291],[3.8277104,51.319179],[3.8277259,51.3191212],[3.8277279,51.3190889],[3.827734,51.3190251],[3.8277325,51.318999],[3.8277739,51.3189258],[3.8277855,51.3189087],[3.8277878,51.3188996],[3.8278003,51.3188186],[3.8277987,51.3188017],[3.8278266,51.3187285],[3.827838,51.3186856],[3.8278414,51.3186385],[3.827862,51.3185792],[3.827873,51.3185484],[3.8279099,51.3185085],[3.8279474,51.3184579],[3.8279518,51.3184308],[3.8279624,51.3183679],[3.8279744,51.3183253],[3.8279852,51.3182778],[3.8280089,51.3182123],[3.8280136,51.3181877],[3.8280468,51.3181448],[3.8280744,51.3180973],[3.8280835,51.3180735],[3.8281061,51.3180072],[3.8281866,51.3179392],[3.8282317,51.3179164],[3.8283282,51.3178339],[3.8283516,51.3178256],[3.8284703,51.3177521],[3.8285362,51.3177344],[3.8285355,51.3176928],[3.8285598,51.3176443],[3.8286115,51.3176261],[3.8286877,51.3175953],[3.828754,51.3175718],[3.8288267,51.3175525],[3.8288967,51.3175283],[3.8289701,51.3175052],[3.8290393,51.3174745],[3.8290655,51.3174773],[3.829183,51.317487],[3.8292564,51.3175494],[3.8292512,51.3175582]]},"properties":{"rawObjectClass":"DEPCNT","VALDCO":6.5,"depthDatum":"Approximate LAT","depthDatumCode":42,"depthDatumStatus":"VERIFIED_FROM_OFFICIAL_DOCUMENTATION","verticalDatum":"Local Datum","verticalDatumCode":24,"napIdentityStatus":"UNVERIFIED","sourceKind":"official","sourceCellId":"1R7687LI","sourceStableId":"1F2B6A429E1C764B","sourceChecksum":"15df29d0ae5fbc875483ea2addc2d4e6c9148a876bdf65f0adfc75742fe31c47","pipelineFeatureId":"1R7687LI/DEPCNT/1280474860","provenance":{"cellId":"1R7687LI","checksum":"15df29d0ae5fbc875483ea2addc2d4e6c9148a876bdf65f0adfc75742fe31c47","readerVersion":"GDAL 3.2.2","processedAt":"2026-08-11T13:43:44.753Z"},"sourceProperties":{"RCID":1280474860,"PRIM":2,"GRUP":2,"OBJL":43,"RVER":1,"AGEN":7979,"FIDN":1782750748,"FIDS":30283,"LNAM":"1F2B6A429E1C764B","VALDCO":6.5,"SCAMIN":15000,"sourceCellId":"1R7687LI","sourceChecksum":"15df29d0ae5fbc875483ea2addc2d4e6c9148a876bdf65f0adfc75742fe31c47","rawObjectClass":"DEPCNT","sourceStableId":"1F2B6A429E1C764B"}}},{"type":"Feature","geometry":{"type":"LineString","coordinates":[[3.8290901,51.3167971],[3.8291391,51.3168309],[3.8290287,51.3168903],[3.828966,51.316922],[3.8288866,51.3169639],[3.8288082,51.3169723],[3.8287432,51.3169728],[3.8286487,51.3169552],[3.8285994,51.3169539],[3.8285444,51.316925],[3.8285404,51.3168888],[3.828494,51.3168355],[3.828492,51.3168112],[3.828501,51.3167455],[3.8284992,51.3167156],[3.8285187,51.3166554],[3.8285339,51.3166025],[3.8285431,51.3165653],[3.8285779,51.3164833],[3.8285788,51.3164752],[3.8285904,51.316453],[3.8286098,51.316385],[3.8286165,51.3163676],[3.8286294,51.316295],[3.828634,51.3162655],[3.8286445,51.3162049],[3.8286852,51.3161417],[3.8286916,51.3161147],[3.8287267,51.3160564],[3.8287378,51.3160244],[3.8287397,51.3160158],[3.8287559,51.3159344],[3.8287598,51.315912],[3.8287679,51.3158444],[3.8287887,51.3158025],[3.8287996,51.3157542],[3.8288632,51.3156673],[3.8288652,51.3156638],[3.8288654,51.3156624],[3.8288821,51.3155738],[3.8288852,51.3155588],[3.8288986,51.3154838],[3.8289139,51.3154494],[3.8289301,51.3153936],[3.8289871,51.3153116],[3.8289899,51.3153033],[3.8289996,51.315277],[3.8290141,51.3152132],[3.8290448,51.3151836],[3.8290984,51.3151227],[3.8291399,51.315095],[3.8292288,51.3150318],[3.8292814,51.3149881],[3.8293567,51.314941],[3.8294236,51.3149156],[3.82954,51.3148661],[3.8295661,51.314862],[3.8295964,51.3148494],[3.8297087,51.314811],[3.8297983,51.314758],[3.8298507,51.3147267],[3.8299751,51.3146668],[3.8299929,51.3146588],[3.8300296,51.3146433],[3.8301355,51.3146061],[3.8301901,51.3145754],[3.830401,51.314484],[3.83042,51.3144736],[3.8305186,51.3144208],[3.8305623,51.3144037],[3.8305733,51.3143928],[3.830705,51.314362],[3.8307598,51.3143596]]},"properties":{"rawObjectClass":"DEPCNT","VALDCO":6.5,"depthDatum":"Approximate LAT","depthDatumCode":42,"depthDatumStatus":"VERIFIED_FROM_OFFICIAL_DOCUMENTATION","verticalDatum":"Local Datum","verticalDatumCode":24,"napIdentityStatus":"UNVERIFIED","sourceKind":"official","sourceCellId":"1R7687LI","sourceStableId":"1F2B6A429E1C764C","sourceChecksum":"15df29d0ae5fbc875483ea2addc2d4e6c9148a876bdf65f0adfc75742fe31c47","pipelineFeatureId":"1R7687LI/DEPCNT/1280474861","provenance":{"cellId":"1R7687LI","checksum":"15df29d0ae5fbc875483ea2addc2d4e6c9148a876bdf65f0adfc75742fe31c47","readerVersion":"GDAL 3.2.2","processedAt":"2026-08-11T13:43:44.753Z"},"sourceProperties":{"RCID":1280474861,"PRIM":2,"GRUP":2,"OBJL":43,"RVER":1,"AGEN":7979,"FIDN":1782750748,"FIDS":30284,"LNAM":"1F2B6A429E1C764C","VALDCO":6.5,"SCAMIN":15000,"sourceCellId":"1R7687LI","sourceChecksum":"15df29d0ae5fbc875483ea2addc2d4e6c9148a876bdf65f0adfc75742fe31c47","rawObjectClass":"DEPCNT","sourceStableId":"1F2B6A429E1C764C"}}},{"type":"Feature","geometry":{"type":"LineString","coordinates":[[3.8358131,51.3031795],[3.8358345,51.303205],[3.8358115,51.3032165],[3.8356823,51.303296],[3.8356697,51.3033071],[3.8356129,51.3033324],[3.8356082,51.3033223]]},"properties":{"rawObjectClass":"DEPCNT","VALDCO":6,"depthDatum":"Approximate LAT","depthDatumCode":42,"depthDatumStatus":"VERIFIED_FROM_OFFICIAL_DOCUMENTATION","verticalDatum":"Local Datum","verticalDatumCode":24,"napIdentityStatus":"UNVERIFIED","sourceKind":"official","sourceCellId":"1R7687LI","sourceStableId":"1F2B6A429E1C764D","sourceChecksum":"15df29d0ae5fbc875483ea2addc2d4e6c9148a876bdf65f0adfc75742fe31c47","pipelineFeatureId":"1R7687LI/DEPCNT/1280474862","provenance":{"cellId":"1R7687LI","checksum":"15df29d0ae5fbc875483ea2addc2d4e6c9148a876bdf65f0adfc75742fe31c47","readerVersion":"GDAL 3.2.2","processedAt":"2026-08-11T13:43:44.753Z"},"sourceProperties":{"RCID":1280474862,"PRIM":2,"GRUP":2,"OBJL":43,"RVER":1,"AGEN":7979,"FIDN":1782750748,"FIDS":30285,"LNAM":"1F2B6A429E1C764D","VALDCO":6,"SCAMIN":15000,"sourceCellId":"1R7687LI","sourceChecksum":"15df29d0ae5fbc875483ea2addc2d4e6c9148a876bdf65f0adfc75742fe31c47","rawObjectClass":"DEPCNT","sourceStableId":"1F2B6A429E1C764D"}}},{"type":"Feature","geometry":{"type":"LineString","coordinates":[[3.8329926,51.304633],[3.8329678,51.304615],[3.8328636,51.304575],[3.8328518,51.3045037],[3.8328337,51.3044853],[3.8328346,51.3044773],[3.8328582,51.3043952],[3.8328536,51.3043742],[3.8328804,51.3043051],[3.8329018,51.3042523],[3.832912,51.304215],[3.8329162,51.3041521],[3.8329196,51.304125],[3.8329474,51.3040349],[3.832957,51.3040178],[3.8329821,51.3039447],[3.8329887,51.3039237],[3.8330087,51.3038546],[3.8330367,51.303802],[3.8330465,51.3037644],[3.8330733,51.3036876],[3.833077,51.3036743],[3.8330935,51.3036383],[3.833116,51.3035841],[3.8331174,51.3035683],[3.833138,51.303494],[3.8331589,51.3034508],[3.8331601,51.3034039],[3.8331904,51.3033396],[3.8331979,51.3033137],[3.833216,51.3032322],[3.8332201,51.3032237],[3.8332292,51.3032063],[3.833255,51.3031335],[3.8332767,51.3031024],[3.8332815,51.3030434],[3.8332955,51.3029994],[3.8333147,51.3029532],[3.8333576,51.3028686],[3.8333602,51.302863],[3.8333661,51.302847],[3.833384,51.3027729],[3.8333867,51.302759],[3.8333945,51.3026829],[3.8334247,51.3026437],[3.8334428,51.3025926],[3.8334648,51.302527],[3.8334768,51.3025025],[3.8335011,51.3024124],[3.8335017,51.3024104],[3.8335222,51.3023223],[3.8335431,51.3022948],[3.8335663,51.3022321],[3.8335818,51.3021791],[3.8336024,51.3021419],[3.8336264,51.3020595],[3.833628,51.3020518],[3.8336373,51.3019816],[3.8336394,51.3019618],[3.8336419,51.3019586],[3.8336806,51.3018715],[3.8336969,51.3018324],[3.833729,51.3017813],[3.8337451,51.3017106],[3.8337504,51.3016912],[3.8337741,51.3016145],[3.8337777,51.3016011],[3.833778,51.3015985],[3.8338006,51.301511],[3.8338221,51.3014792],[3.8338416,51.3014208],[3.8338776,51.3013527],[3.8338883,51.3013305],[3.8339109,51.3012431],[3.8339114,51.3012404],[3.8339114,51.3012401],[3.8339234,51.3011504],[3.8339372,51.3011326],[3.8339661,51.3010602],[3.8339815,51.3010132],[3.8340009,51.30097],[3.8340479,51.3008896],[3.8340522,51.3008798],[3.8340523,51.3008768],[3.8340611,51.3007898],[3.834075,51.3007713],[3.834094,51.3006996],[3.8341088,51.3006587],[3.8341759,51.3005247],[3.8341783,51.3005192],[3.8341842,51.3004948],[3.8341984,51.3004291],[3.8342061,51.3004144],[3.834234,51.3003389],[3.8342474,51.300297],[3.8342624,51.3002488],[3.834296,51.3001748],[3.8343043,51.3001586],[3.8343207,51.3001113],[3.8343305,51.3000685],[3.8343324,51.3000605],[3.8343418,51.2999785],[3.8343478,51.2999597],[3.8343756,51.2998883],[3.8344212,51.2998217],[3.8344278,51.299798],[3.8344477,51.2997137],[3.8344499,51.2997079],[3.8344563,51.2996807],[3.8344671,51.2996179],[3.8344717,51.2996074],[3.8344956,51.2995278],[3.8345147,51.2994888],[3.8345291,51.2994376],[3.8345636,51.2993666],[3.8345709,51.2993474],[3.834593,51.2993103],[3.8346161,51.2992571],[3.8346332,51.2992309],[3.83464,51.299167],[3.8346581,51.299124],[3.8346826,51.2990768],[3.8346847,51.299016],[3.8346953,51.2989868],[3.8347292,51.2989118],[3.8347351,51.2988966],[3.8347351,51.2988927],[3.8347547,51.2988065],[3.8347908,51.298766],[3.8348131,51.2987162],[3.8348406,51.2986431],[3.8348466,51.298626],[3.8348543,51.2985434],[3.8348572,51.298536],[3.8348654,51.2985088],[3.8348798,51.298446],[3.8348856,51.2984324],[3.8348897,51.298356],[3.8349217,51.2983183],[3.834959,51.2982655],[3.8349664,51.2981986],[3.8349761,51.2981755],[3.8350018,51.2981197],[3.8350143,51.2980853],[3.835015,51.2980765],[3.8350188,51.2979953],[3.8350309,51.2979753],[3.835056,51.2979052],[3.8350785,51.2978539],[3.8350939,51.297815],[3.8351198,51.2977364],[3.8351246,51.2977248],[3.8351372,51.2976805],[3.8351486,51.2976347],[3.8351712,51.2976125],[3.8352134,51.2975443],[3.835228,51.2974851],[3.8352425,51.2974542],[3.8352751,51.2973751],[3.8352783,51.297364],[3.8352783,51.2973619],[3.8352839,51.2972741],[3.8352873,51.2972651],[3.8352932,51.2971841],[3.8352979,51.2971674],[3.8353294,51.2970939],[3.835356,51.2970392],[3.8353688,51.2970037],[3.8354067,51.2969135],[3.83541,51.2969027],[3.8354357,51.2968234],[3.8354545,51.2967941],[3.8354825,51.2967331],[3.8355481,51.2966431],[3.8355483,51.2966427],[3.8355487,51.2966409],[3.8355553,51.2965528],[3.8355579,51.2965458],[3.8355743,51.2964627],[3.8355827,51.296439],[3.8355904,51.2963727],[3.8356249,51.296321],[3.8356402,51.2962824],[3.8356522,51.2962125],[3.8356592,51.2961923],[3.8356831,51.2961485],[3.8356989,51.2961021],[3.835715,51.2960813],[3.8357294,51.296012],[3.8357312,51.2959799],[3.8357471,51.2959219],[3.8357908,51.2958507],[3.8357968,51.2958317],[3.8358201,51.2957939],[3.8358364,51.2957415],[3.8358602,51.2957153],[3.8358769,51.2956512],[3.8358901,51.2956051],[3.835898,51.2955612],[3.8359384,51.2954832],[3.835943,51.2954709],[3.835957,51.2954305],[3.8359642,51.2953809],[3.8359641,51.2953758],[3.8359688,51.2952909],[3.8359747,51.295278],[3.8359921,51.2952008],[3.836045,51.2951419],[3.8360542,51.2951104],[3.8360734,51.2950328],[3.8360804,51.2950203],[3.8360919,51.2949605],[3.8360953,51.2949303],[3.8361049,51.2949216],[3.8361761,51.2948398],[3.8361982,51.2947708],[3.8361999,51.2947497],[3.8362275,51.294661],[3.836228,51.2946596],[3.8362297,51.2946532],[3.8362406,51.2945696],[3.8362427,51.2945604],[3.8362607,51.2944795],[3.8362996,51.2944329],[3.8363086,51.2943892],[3.836312,51.294334],[3.8363195,51.2942992],[3.8363654,51.2942301],[3.8363742,51.2942089],[3.8363759,51.294202],[3.8363917,51.2941189],[3.8364008,51.2940951],[3.836392,51.294029],[3.8363999,51.2940047],[3.8363815,51.2939391],[3.836386,51.2939227],[3.8363826,51.2938492],[3.8363821,51.2938342],[3.8364344,51.2937589],[3.8364989,51.2936842],[3.8365099,51.2936684],[3.8365266,51.2936506],[3.8365765,51.293578],[3.836639,51.2935016],[3.8366566,51.2934875],[3.8366552,51.2934771],[3.8366859,51.2933974],[3.8366862,51.2933663],[3.8366899,51.2933074],[3.8366841,51.2932487],[3.8366728,51.2932176],[3.8367165,51.2931649],[3.836741,51.2931272],[3.8367746,51.293068],[3.836784,51.293037],[3.8367725,51.292951],[3.8367717,51.2929476],[3.8367718,51.2929472],[3.8367722,51.2929398],[3.8367758,51.2928572],[3.8367772,51.2928531],[3.8367859,51.2927672],[3.8368268,51.2927303],[3.8368723,51.2926767],[3.8369014,51.2925915],[3.8369051,51.2925865],[3.8369091,51.2925757],[3.8369296,51.2924964],[3.83695,51.2924064],[3.8369745,51.2923627],[3.8369858,51.2923162],[3.8369932,51.2922598],[3.8369988,51.2922262],[3.8370449,51.2921612],[3.8370596,51.2921358],[3.8370624,51.2921244],[3.8370687,51.2920458],[3.837081,51.2920215],[3.8371097,51.2919556],[3.8371252,51.2919022],[3.8371314,51.2918655],[3.8371409,51.2918012],[3.8371482,51.2917755],[3.8371802,51.2917151],[3.8371952,51.2916852],[3.8372225,51.2916579],[3.8372645,51.2915948],[3.8372607,51.2915424],[3.837272,51.2915048],[3.8373051,51.291423],[3.8373085,51.2914147],[3.8373177,51.2913866],[3.8373325,51.2913246],[3.8373364,51.2913119],[3.837362,51.2912344],[3.8373862,51.291189],[3.8373968,51.2911443],[3.8374295,51.2910703],[3.8374368,51.291054],[3.8374544,51.2910185],[3.8374714,51.2909639],[3.837479,51.2909476],[3.8374974,51.2908738],[3.8375352,51.2908206],[3.8375438,51.2907835],[3.8375665,51.2907095],[3.8375752,51.2906934],[3.8375904,51.2906122],[3.8375915,51.2906033],[3.8375925,51.2906019],[3.8376363,51.2905131],[3.8376765,51.2904571],[3.8376861,51.2904228],[3.8376865,51.2903956],[3.8376633,51.290333],[3.8376598,51.2902858],[3.8376671,51.2902431],[3.8376752,51.290185],[3.8376845,51.290153],[3.8377093,51.2900722],[3.8377094,51.2900629],[3.837723,51.2900166],[3.8377373,51.2899728],[3.8377476,51.2899566],[3.8377942,51.2898825],[3.8378625,51.2898011],[3.8378707,51.289792],[3.8378826,51.289779],[3.8379439,51.2897016],[3.83797,51.289632],[3.8379824,51.2896114],[3.8380015,51.2895578],[3.8380105,51.2895213],[3.8380166,51.2895112],[3.8380368,51.2894311],[3.8380854,51.2893761],[3.8381095,51.2893407],[3.8381397,51.2892728],[3.8381448,51.2892505],[3.8381525,51.2892421],[3.8381381,51.2891837],[3.8381347,51.2891626],[3.8381351,51.2891607],[3.8381376,51.2891557],[3.8381964,51.2890703],[3.8382249,51.2890137],[3.8382428,51.2889801],[3.8382763,51.2889008],[3.8382789,51.2888899],[3.8382796,51.2888876],[3.8382894,51.2887999],[3.8382976,51.2887851],[3.8383338,51.2887096],[3.838388,51.2886362],[3.8383974,51.2886193],[3.8384137,51.2885689],[3.8384274,51.2885291],[3.8384253,51.2885213],[3.8384393,51.2884391],[3.8384503,51.2884143],[3.8384763,51.2883489],[3.8384917,51.2882968],[3.8385086,51.2882588],[3.8385349,51.2881687],[3.8385489,51.2881211],[3.8385628,51.2880785],[3.8385752,51.2880613],[3.8386278,51.2879882],[3.8386526,51.2879207],[3.8386638,51.287898],[3.8386871,51.287836],[3.8386979,51.2878078],[3.8387004,51.2877991],[3.8387255,51.2877177],[3.8387345,51.2876862],[3.8387647,51.2876275],[3.8387957,51.287556],[3.838802,51.2875373],[3.8388241,51.2874822],[3.8388401,51.2874471],[3.838845,51.2874334],[3.838889,51.2873568],[3.8389079,51.2873021],[3.8389206,51.2872667],[3.8389625,51.2872054],[3.8389845,51.2871763],[3.8389876,51.28716],[3.8390109,51.2870862],[3.8390377,51.2870369],[3.8390571,51.2869959],[3.8390822,51.2869174],[3.8390858,51.2869058],[3.8390997,51.2868681],[3.8391211,51.2868156],[3.8391344,51.2867929],[3.8391701,51.2867254],[3.8391834,51.2866705],[3.8392011,51.2866352],[3.8392201,51.286556],[3.8392228,51.2865451],[3.8392369,51.286525],[3.8392926,51.2864547],[3.8393028,51.286412],[3.8393185,51.2863646],[3.8393584,51.2862744],[3.8393748,51.2862231],[3.8393892,51.2861842],[3.8393946,51.2861712],[3.8394241,51.2860941],[3.8394327,51.2860558],[3.8394598,51.2860039],[3.8394879,51.2859294],[3.8394933,51.2859137],[3.8395113,51.2858461],[3.8395211,51.2858236],[3.8395257,51.2858141],[3.8395799,51.2857333],[3.8396062,51.2856716],[3.8396259,51.285643],[3.839625,51.2856269],[3.839608,51.2855532],[3.8396068,51.2854893],[3.8396093,51.2854633],[3.839647,51.2854256],[3.8397227,51.2853725],[3.8397362,51.2853153],[3.8397521,51.2852824],[3.8397864,51.2852033],[3.8397984,51.2851922],[3.8397999,51.2851834],[3.8398584,51.2851018],[3.8398694,51.2850479],[3.8398883,51.2850117],[3.8399139,51.2849284],[3.8399157,51.2849216],[3.8399238,51.2848793],[3.8399381,51.2848315],[3.8399421,51.2848193],[3.8399932,51.2847412],[3.8400144,51.284682],[3.8400282,51.284651],[3.8400326,51.2845793],[3.8400379,51.284561],[3.8400577,51.2844709],[3.8400597,51.2844669],[3.8401165,51.2843806],[3.8401286,51.2843358],[3.8401487,51.2842904],[3.8401606,51.2842243],[3.840168,51.2842004],[3.8401885,51.2841155],[3.8401895,51.2841103],[3.8401963,51.2840951],[3.8402434,51.28402],[3.8402507,51.2839846],[3.8402774,51.2839298],[3.8403069,51.2838575],[3.840314,51.2838396],[3.8403178,51.2837596],[3.8403197,51.2837497],[3.8403329,51.2837198],[3.8403683,51.2836594],[3.8403703,51.2836349],[3.840407,51.2835692],[3.8404209,51.2835115],[3.8404295,51.2834791],[3.84044,51.2834083],[3.8404416,51.2833891],[3.8404688,51.2833086],[3.8404739,51.2832989],[3.8404735,51.2832958],[3.8405162,51.2832087],[3.8405231,51.283173],[3.8405612,51.2830576],[3.840567,51.2830285],[3.8405885,51.2829491],[3.8405909,51.2829384],[3.8406048,51.2829071],[3.8406366,51.2828482],[3.8406413,51.2828243],[3.8406701,51.282758],[3.8406789,51.2827092],[3.8406895,51.2826679],[3.8407119,51.2825971],[3.840716,51.2825778],[3.840735,51.2824878],[3.8407404,51.2824769],[3.8407931,51.2823974],[3.8408249,51.2823426],[3.8408445,51.2823071],[3.8408802,51.2822852],[3.8409521,51.2822164],[3.8410003,51.2821391],[3.8410007,51.2821262],[3.8410203,51.2821035],[3.8410611,51.2821001],[3.8411635,51.282095],[3.8412643,51.2821243],[3.8413076,51.2821307],[3.8413402,51.2821237],[3.8414067,51.2820959]]},"properties":{"rawObjectClass":"DEPCNT","VALDCO":6,"depthDatum":"Approximate LAT","depthDatumCode":42,"depthDatumStatus":"VERIFIED_FROM_OFFICIAL_DOCUMENTATION","verticalDatum":"Local Datum","verticalDatumCode":24,"napIdentityStatus":"UNVERIFIED","sourceKind":"official","sourceCellId":"1R7687LI","sourceStableId":"1F2B6A429E1C764E","sourceChecksum":"15df29d0ae5fbc875483ea2addc2d4e6c9148a876bdf65f0adfc75742fe31c47","pipelineFeatureId":"1R7687LI/DEPCNT/1280474863","provenance":{"cellId":"1R7687LI","checksum":"15df29d0ae5fbc875483ea2addc2d4e6c9148a876bdf65f0adfc75742fe31c47","readerVersion":"GDAL 3.2.2","processedAt":"2026-08-11T13:43:44.753Z"},"sourceProperties":{"RCID":1280474863,"PRIM":2,"GRUP":2,"OBJL":43,"RVER":1,"AGEN":7979,"FIDN":1782750748,"FIDS":30286,"LNAM":"1F2B6A429E1C764E","VALDCO":6,"SCAMIN":15000,"sourceCellId":"1R7687LI","sourceChecksum":"15df29d0ae5fbc875483ea2addc2d4e6c9148a876bdf65f0adfc75742fe31c47","rawObjectClass":"DEPCNT","sourceStableId":"1F2B6A429E1C764E"}}},{"type":"Feature","geometry":{"type":"LineString","coordinates":[[3.8348481,51.2937816],[3.8347808,51.2938432],[3.8346684,51.2937715],[3.834742,51.2937095]]},"properties":{"rawObjectClass":"DEPCNT","VALDCO":6,"depthDatum":"Approximate LAT","depthDatumCode":42,"depthDatumStatus":"VERIFIED_FROM_OFFICIAL_DOCUMENTATION","verticalDatum":"Local Datum","verticalDatumCode":24,"napIdentityStatus":"UNVERIFIED","sourceKind":"official","sourceCellId":"1R7687LI","sourceStableId":"1F2B6A429E1C764F","sourceChecksum":"15df29d0ae5fbc875483ea2addc2d4e6c9148a876bdf65f0adfc75742fe31c47","pipelineFeatureId":"1R7687LI/DEPCNT/1280474864","provenance":{"cellId":"1R7687LI","checksum":"15df29d0ae5fbc875483ea2addc2d4e6c9148a876bdf65f0adfc75742fe31c47","readerVersion":"GDAL 3.2.2","processedAt":"2026-08-11T13:43:44.753Z"},"sourceProperties":{"RCID":1280474864,"PRIM":2,"GRUP":2,"OBJL":43,"RVER":1,"AGEN":7979,"FIDN":1782750748,"FIDS":30287,"LNAM":"1F2B6A429E1C764F","VALDCO":6,"SCAMIN":15000,"sourceCellId":"1R7687LI","sourceChecksum":"15df29d0ae5fbc875483ea2addc2d4e6c9148a876bdf65f0adfc75742fe31c47","rawObjectClass":"DEPCNT","sourceStableId":"1F2B6A429E1C764F"}}},{"type":"Feature","geometry":{"type":"LineString","coordinates":[[3.8347354,51.2936964],[3.8346352,51.2937281],[3.8345767,51.2936822],[3.8346286,51.2935946],[3.8346298,51.2935919],[3.834606,51.2935755],[3.8346327,51.2935853],[3.8346939,51.2935404],[3.8347757,51.2935668],[3.83489,51.2935001],[3.8347729,51.2934113],[3.8347716,51.2934119],[3.8347528,51.2934112],[3.8346293,51.2934015],[3.8346263,51.2934121],[3.8344875,51.2934921],[3.8344856,51.293503],[3.8344837,51.2935056],[3.8344554,51.2935932],[3.8344286,51.2936319],[3.834442,51.2936832],[3.8344686,51.293758],[3.8344644,51.2937729],[3.8344929,51.2937897],[3.8345197,51.2937893],[3.8346365,51.2937965],[3.834747,51.2938609],[3.8347565,51.2938764],[3.8347246,51.2939509],[3.8347097,51.2939973],[3.8347008,51.294041],[3.8346421,51.2941074],[3.8346047,51.2941316],[3.834565,51.2941811],[3.834536,51.294222],[3.8345017,51.2942721],[3.8344084,51.2943129],[3.8343599,51.2943601],[3.8342723,51.2943138],[3.8342531,51.2942902],[3.834303,51.2942237],[3.8343157,51.2941978],[3.8342882,51.2941339],[3.8342969,51.2940802],[3.8343116,51.2940438],[3.8342096,51.2939821],[3.8341574,51.2940449],[3.8341433,51.2940553]]},"properties":{"rawObjectClass":"DEPCNT","VALDCO":6,"depthDatum":"Approximate LAT","depthDatumCode":42,"depthDatumStatus":"VERIFIED_FROM_OFFICIAL_DOCUMENTATION","verticalDatum":"Local Datum","verticalDatumCode":24,"napIdentityStatus":"UNVERIFIED","sourceKind":"official","sourceCellId":"1R7687LI","sourceStableId":"1F2B6A429E1C7650","sourceChecksum":"15df29d0ae5fbc875483ea2addc2d4e6c9148a876bdf65f0adfc75742fe31c47","pipelineFeatureId":"1R7687LI/DEPCNT/1280474865","provenance":{"cellId":"1R7687LI","checksum":"15df29d0ae5fbc875483ea2addc2d4e6c9148a876bdf65f0adfc75742fe31c47","readerVersion":"GDAL 3.2.2","processedAt":"2026-08-11T13:43:44.753Z"},"sourceProperties":{"RCID":1280474865,"PRIM":2,"GRUP":2,"OBJL":43,"RVER":1,"AGEN":7979,"FIDN":1782750748,"FIDS":30288,"LNAM":"1F2B6A429E1C7650","VALDCO":6,"SCAMIN":15000,"sourceCellId":"1R7687LI","sourceChecksum":"15df29d0ae5fbc875483ea2addc2d4e6c9148a876bdf65f0adfc75742fe31c47","rawObjectClass":"DEPCNT","sourceStableId":"1F2B6A429E1C7650"}}},{"type":"Feature","geometry":{"type":"LineString","coordinates":[[3.8290596,51.3168112],[3.8290886,51.3168312],[3.8290282,51.3168637],[3.8289121,51.3169224],[3.8288861,51.3169361],[3.8288604,51.3169389],[3.8287426,51.3169397],[3.8286594,51.3169242],[3.8285985,51.3169069],[3.8285362,51.3168352],[3.8285321,51.3167856],[3.8285376,51.3167452],[3.8285345,51.316693],[3.8285468,51.3166552],[3.8285682,51.3165805],[3.828572,51.3165651],[3.8285915,51.3165191],[3.8286059,51.316475],[3.8286079,51.3164641],[3.8286306,51.3163849],[3.828644,51.31635],[3.8286538,51.3162948],[3.8286611,51.3162481],[3.8286686,51.3162048],[3.828726,51.3161156],[3.8287262,51.3161144],[3.8287277,51.316112],[3.8287582,51.3160243],[3.8287634,51.3160006],[3.8287765,51.3159342],[3.828783,51.3158971],[3.8287894,51.3158442],[3.8288201,51.3157824],[3.8288265,51.315754],[3.8288638,51.315703],[3.8288864,51.3156637],[3.828889,51.3156473],[3.8289029,51.3155736],[3.828909,51.3155435],[3.8289197,51.3154836],[3.8289433,51.3154305],[3.8289541,51.3153934],[3.8290005,51.3153265],[3.8290152,51.3153031],[3.8290173,51.3152922],[3.8290353,51.315213],[3.8291075,51.3151434],[3.8291259,51.3151225],[3.8291402,51.3151129],[3.8292547,51.3150316],[3.8292818,51.3150091],[3.829391,51.3149407],[3.8294238,51.3149283],[3.829481,51.314904],[3.8295666,51.3148902],[3.829666,51.3148489],[3.8297091,51.3148342],[3.8298384,51.3147577],[3.8298511,51.3147501],[3.8298985,51.3147273],[3.8299934,51.3146854],[3.8300477,51.3146663],[3.830136,51.3146353],[3.8302432,51.314575],[3.8303505,51.3145285],[3.8304207,51.3145097],[3.8305469,51.3145675]]},"properties":{"rawObjectClass":"DEPCNT","VALDCO":6,"depthDatum":"Approximate LAT","depthDatumCode":42,"depthDatumStatus":"VERIFIED_FROM_OFFICIAL_DOCUMENTATION","verticalDatum":"Local Datum","verticalDatumCode":24,"napIdentityStatus":"UNVERIFIED","sourceKind":"official","sourceCellId":"1R7687LI","sourceStableId":"1F2B6A429E1C7651","sourceChecksum":"15df29d0ae5fbc875483ea2addc2d4e6c9148a876bdf65f0adfc75742fe31c47","pipelineFeatureId":"1R7687LI/DEPCNT/1280474866","provenance":{"cellId":"1R7687LI","checksum":"15df29d0ae5fbc875483ea2addc2d4e6c9148a876bdf65f0adfc75742fe31c47","readerVersion":"GDAL 3.2.2","processedAt":"2026-08-11T13:43:44.753Z"},"sourceProperties":{"RCID":1280474866,"PRIM":2,"GRUP":2,"OBJL":43,"RVER":1,"AGEN":7979,"FIDN":1782750748,"FIDS":30289,"LNAM":"1F2B6A429E1C7651","VALDCO":6,"SCAMIN":15000,"sourceCellId":"1R7687LI","sourceChecksum":"15df29d0ae5fbc875483ea2addc2d4e6c9148a876bdf65f0adfc75742fe31c47","rawObjectClass":"DEPCNT","sourceStableId":"1F2B6A429E1C7651"}}},{"type":"Feature","geometry":{"type":"LineString","coordinates":[[3.826179,51.3241466],[3.8261737,51.3241355],[3.8261885,51.3241188]]},"properties":{"rawObjectClass":"DEPCNT","VALDCO":6,"depthDatum":"Approximate LAT","depthDatumCode":42,"depthDatumStatus":"VERIFIED_FROM_OFFICIAL_DOCUMENTATION","verticalDatum":"Local Datum","verticalDatumCode":24,"napIdentityStatus":"UNVERIFIED","sourceKind":"official","sourceCellId":"1R7687LI","sourceStableId":"1F2B6A429E1C7652","sourceChecksum":"15df29d0ae5fbc875483ea2addc2d4e6c9148a876bdf65f0adfc75742fe31c47","pipelineFeatureId":"1R7687LI/DEPCNT/1280474867","provenance":{"cellId":"1R7687LI","checksum":"15df29d0ae5fbc875483ea2addc2d4e6c9148a876bdf65f0adfc75742fe31c47","readerVersion":"GDAL 3.2.2","processedAt":"2026-08-11T13:43:44.753Z"},"sourceProperties":{"RCID":1280474867,"PRIM":2,"GRUP":2,"OBJL":43,"RVER":1,"AGEN":7979,"FIDN":1782750748,"FIDS":30290,"LNAM":"1F2B6A429E1C7652","VALDCO":6,"SCAMIN":15000,"sourceCellId":"1R7687LI","sourceChecksum":"15df29d0ae5fbc875483ea2addc2d4e6c9148a876bdf65f0adfc75742fe31c47","rawObjectClass":"DEPCNT","sourceStableId":"1F2B6A429E1C7652"}}},{"type":"Feature","geometry":{"type":"LineString","coordinates":[[3.8261997,51.3240863],[3.8261439,51.3240458],[3.8262191,51.3239554],[3.8262201,51.3239147],[3.8261927,51.3238656],[3.8261858,51.3238047],[3.8261794,51.3237758],[3.826181,51.3237492],[3.8261789,51.3236859],[3.826213,51.3236378],[3.8262134,51.3235957],[3.8262607,51.3235163],[3.8262604,51.3235055],[3.8262774,51.3234918],[3.8263273,51.3234151],[3.8263236,51.3233849],[3.82634,51.3233251],[3.8263426,51.3232819],[3.8263455,51.3232351],[3.8263978,51.3231555],[3.8263992,51.3231448],[3.8264131,51.3230562],[3.8264136,51.3230548],[3.8264658,51.3229981],[3.8264441,51.3229646],[3.8264236,51.3228834],[3.8264223,51.3228749],[3.8264238,51.322866],[3.8264481,51.3227848],[3.8264473,51.32276],[3.826471,51.3226947],[3.8264821,51.3226468],[3.8264857,51.3226047],[3.8264928,51.322549],[3.8264893,51.3225147],[3.8265159,51.3224432],[3.8265226,51.3224246],[3.8265449,51.3224047],[3.8265863,51.3223342],[3.82663,51.3222792],[3.82663,51.322244],[3.8266319,51.322187],[3.8266389,51.322154],[3.8266827,51.3220845],[3.8266888,51.3220637],[3.826689,51.3220594],[3.8267026,51.3219737],[3.8267156,51.3219515],[3.8267428,51.3218835],[3.826821,51.3217958],[3.826826,51.321793],[3.8269632,51.3217246],[3.8270462,51.3217015],[3.8269615,51.3216305],[3.8269493,51.3216122],[3.8269506,51.3216056],[3.8269175,51.3215225],[3.8269585,51.3214612],[3.8270288,51.3214318],[3.8270086,51.3213999],[3.827044,51.3213418],[3.8270439,51.3213072],[3.8270282,51.321252],[3.827097,51.3211857],[3.8271216,51.3211614],[3.8271191,51.3211472],[3.8271416,51.3210714],[3.8271379,51.321009],[3.8271322,51.3209815],[3.8271349,51.3209551],[3.8271449,51.3208915],[3.8271503,51.3208543],[3.8271558,51.3208015],[3.8271863,51.3207403],[3.8271969,51.3207113],[3.8272194,51.3206282],[3.8272206,51.3206212],[3.8272301,51.3206043],[3.8272695,51.3205309],[3.8272786,51.3204993],[3.8273064,51.3204407],[3.8273278,51.3203768],[3.8273362,51.3203506],[3.8273687,51.3203293],[3.827453,51.3202599],[3.8275101,51.3202176],[3.8276095,51.3201688],[3.8276525,51.320153],[3.8277137,51.3201295],[3.827763,51.3201628]]},"properties":{"rawObjectClass":"DEPCNT","VALDCO":6,"depthDatum":"Approximate LAT","depthDatumCode":42,"depthDatumStatus":"VERIFIED_FROM_OFFICIAL_DOCUMENTATION","verticalDatum":"Local Datum","verticalDatumCode":24,"napIdentityStatus":"UNVERIFIED","sourceKind":"official","sourceCellId":"1R7687LI","sourceStableId":"1F2B6A429E1C7653","sourceChecksum":"15df29d0ae5fbc875483ea2addc2d4e6c9148a876bdf65f0adfc75742fe31c47","pipelineFeatureId":"1R7687LI/DEPCNT/1280474868","provenance":{"cellId":"1R7687LI","checksum":"15df29d0ae5fbc875483ea2addc2d4e6c9148a876bdf65f0adfc75742fe31c47","readerVersion":"GDAL 3.2.2","processedAt":"2026-08-11T13:43:44.753Z"},"sourceProperties":{"RCID":1280474868,"PRIM":2,"GRUP":2,"OBJL":43,"RVER":1,"AGEN":7979,"FIDN":1782750748,"FIDS":30291,"LNAM":"1F2B6A429E1C7653","VALDCO":6,"SCAMIN":15000,"sourceCellId":"1R7687LI","sourceChecksum":"15df29d0ae5fbc875483ea2addc2d4e6c9148a876bdf65f0adfc75742fe31c47","rawObjectClass":"DEPCNT","sourceStableId":"1F2B6A429E1C7653"}}},{"type":"Feature","geometry":{"type":"LineString","coordinates":[[3.8278531,51.3201212],[3.8278922,51.3200769],[3.8279377,51.3200529],[3.8280193,51.3199861],[3.8280794,51.3199509],[3.8281544,51.3198952],[3.8282212,51.3198594],[3.8283362,51.3198215],[3.828364,51.3198209],[3.8283882,51.3198036],[3.8285064,51.3197575],[3.8285845,51.3197123],[3.8286485,51.3196801],[3.8287599,51.3196212],[3.8287906,51.3196034],[3.8288492,51.3195836],[3.8289332,51.3195516],[3.8289615,51.3195298],[3.8290752,51.319467],[3.8291276,51.3194387],[3.829217,51.3193749],[3.8293093,51.3193475],[3.8293593,51.3193101],[3.8294623,51.3192816],[3.829502,51.3192604],[3.8295088,51.3192562],[3.8296437,51.3191654],[3.829644,51.3191653],[3.8296445,51.3191648],[3.8296801,51.3190751],[3.8297701,51.3189934],[3.8297736,51.3189845],[3.8297825,51.3189045],[3.8297841,51.3188945],[3.829784,51.3188935],[3.8298757,51.318804],[3.8298455,51.3187554],[3.8298641,51.3187141],[3.8299617,51.3186235],[3.8299691,51.3185929],[3.8300139,51.3185332],[3.8300615,51.3184609],[3.830076,51.3184428],[3.8300611,51.3184395],[3.8300573,51.318443],[3.8299191,51.3185179],[3.8298731,51.3185165]]},"properties":{"rawObjectClass":"DEPCNT","VALDCO":6,"depthDatum":"Approximate LAT","depthDatumCode":42,"depthDatumStatus":"VERIFIED_FROM_OFFICIAL_DOCUMENTATION","verticalDatum":"Local Datum","verticalDatumCode":24,"napIdentityStatus":"UNVERIFIED","sourceKind":"official","sourceCellId":"1R7687LI","sourceStableId":"1F2B6A429E1C7654","sourceChecksum":"15df29d0ae5fbc875483ea2addc2d4e6c9148a876bdf65f0adfc75742fe31c47","pipelineFeatureId":"1R7687LI/DEPCNT/1280474869","provenance":{"cellId":"1R7687LI","checksum":"15df29d0ae5fbc875483ea2addc2d4e6c9148a876bdf65f0adfc75742fe31c47","readerVersion":"GDAL 3.2.2","processedAt":"2026-08-11T13:43:44.753Z"},"sourceProperties":{"RCID":1280474869,"PRIM":2,"GRUP":2,"OBJL":43,"RVER":1,"AGEN":7979,"FIDN":1782750748,"FIDS":30292,"LNAM":"1F2B6A429E1C7654","VALDCO":6,"SCAMIN":15000,"sourceCellId":"1R7687LI","sourceChecksum":"15df29d0ae5fbc875483ea2addc2d4e6c9148a876bdf65f0adfc75742fe31c47","rawObjectClass":"DEPCNT","sourceStableId":"1F2B6A429E1C7654"}}},{"type":"Feature","geometry":{"type":"LineString","coordinates":[[3.83578,51.3032026],[3.8357847,51.3032054],[3.8357319,51.3032361]]},"properties":{"rawObjectClass":"DEPCNT","VALDCO":5.5,"depthDatum":"Approximate LAT","depthDatumCode":42,"depthDatumStatus":"VERIFIED_FROM_OFFICIAL_DOCUMENTATION","verticalDatum":"Local Datum","verticalDatumCode":24,"napIdentityStatus":"UNVERIFIED","sourceKind":"official","sourceCellId":"1R7687LI","sourceStableId":"1F2B6A429E1C7655","sourceChecksum":"15df29d0ae5fbc875483ea2addc2d4e6c9148a876bdf65f0adfc75742fe31c47","pipelineFeatureId":"1R7687LI/DEPCNT/1280474870","provenance":{"cellId":"1R7687LI","checksum":"15df29d0ae5fbc875483ea2addc2d4e6c9148a876bdf65f0adfc75742fe31c47","readerVersion":"GDAL 3.2.2","processedAt":"2026-08-11T13:43:44.753Z"},"sourceProperties":{"RCID":1280474870,"PRIM":2,"GRUP":2,"OBJL":43,"RVER":1,"AGEN":7979,"FIDN":1782750748,"FIDS":30293,"LNAM":"1F2B6A429E1C7655","VALDCO":5.5,"SCAMIN":15000,"sourceCellId":"1R7687LI","sourceChecksum":"15df29d0ae5fbc875483ea2addc2d4e6c9148a876bdf65f0adfc75742fe31c47","rawObjectClass":"DEPCNT","sourceStableId":"1F2B6A429E1C7655"}}},{"type":"Feature","geometry":{"type":"LineString","coordinates":[[3.8271618,51.3214186],[3.8271426,51.3213676],[3.8271447,51.3213411],[3.8270985,51.3212652],[3.8270946,51.3212515],[3.8270982,51.3212481],[3.8271862,51.321161],[3.8271772,51.3211099],[3.8271888,51.321071],[3.8271868,51.321039],[3.8271749,51.3209812],[3.8271807,51.3209258],[3.8271861,51.3208912],[3.8271958,51.3208252],[3.8271983,51.3208012],[3.8272324,51.3207328],[3.827247,51.3207109],[3.8272487,51.3207003],[3.8272718,51.3206208],[3.8272908,51.3205824],[3.8273186,51.3205306],[3.8273387,51.3204607],[3.8273484,51.3204404],[3.8273695,51.3203773],[3.8273902,51.3203502],[3.8274033,51.3203284],[3.8274868,51.3202596],[3.8275106,51.3202421],[3.8276281,51.3201844],[3.8276529,51.3201749],[3.8277038,51.3201901]]},"properties":{"rawObjectClass":"DEPCNT","VALDCO":5.5,"depthDatum":"Approximate LAT","depthDatumCode":42,"depthDatumStatus":"VERIFIED_FROM_OFFICIAL_DOCUMENTATION","verticalDatum":"Local Datum","verticalDatumCode":24,"napIdentityStatus":"UNVERIFIED","sourceKind":"official","sourceCellId":"1R7687LI","sourceStableId":"1F2B6A429E1C7656","sourceChecksum":"15df29d0ae5fbc875483ea2addc2d4e6c9148a876bdf65f0adfc75742fe31c47","pipelineFeatureId":"1R7687LI/DEPCNT/1280474871","provenance":{"cellId":"1R7687LI","checksum":"15df29d0ae5fbc875483ea2addc2d4e6c9148a876bdf65f0adfc75742fe31c47","readerVersion":"GDAL 3.2.2","processedAt":"2026-08-11T13:43:44.753Z"},"sourceProperties":{"RCID":1280474871,"PRIM":2,"GRUP":2,"OBJL":43,"RVER":1,"AGEN":7979,"FIDN":1782750748,"FIDS":30294,"LNAM":"1F2B6A429E1C7656","VALDCO":5.5,"SCAMIN":15000,"sourceCellId":"1R7687LI","sourceChecksum":"15df29d0ae5fbc875483ea2addc2d4e6c9148a876bdf65f0adfc75742fe31c47","rawObjectClass":"DEPCNT","sourceStableId":"1F2B6A429E1C7656"}}},{"type":"Feature","geometry":{"type":"LineString","coordinates":[[3.8280562,51.3200276],[3.8280573,51.3200002],[3.828075,51.3199857],[3.8280799,51.3199828],[3.8281985,51.3198949],[3.8282216,51.3198825],[3.8282615,51.3198693],[3.8283649,51.3198672],[3.8284546,51.3198032],[3.8285068,51.3197828],[3.8286291,51.319712],[3.8286489,51.319702],[3.8287379,51.3196549],[3.8287911,51.3196325],[3.8288057,51.3196208],[3.8289336,51.3195721],[3.8289889,51.3195296],[3.8290754,51.3194818],[3.8291556,51.3194385],[3.8292174,51.3193945],[3.8293456,51.3193564],[3.8293601,51.3193521],[3.829367,51.3193471],[3.8295022,51.3192749],[3.8295329,51.319256],[3.829644,51.3191813],[3.829674,51.3191651],[3.8297225,51.3191148],[3.8297384,51.3190747],[3.8297848,51.3190325],[3.8298441,51.318984],[3.8299261,51.3189092],[3.8299855,51.3189301],[3.8299868,51.3188931],[3.8300678,51.3188099],[3.8301241,51.3188022],[3.8300674,51.3187865],[3.83001,51.3187486],[3.8300355,51.3187129],[3.8300654,51.3186755],[3.8301187,51.3186224],[3.83011,51.3185936],[3.8301298,51.3185324],[3.8301423,51.318482],[3.8301743,51.3184422],[3.8300805,51.3184208]]},"properties":{"rawObjectClass":"DEPCNT","VALDCO":5.5,"depthDatum":"Approximate LAT","depthDatumCode":42,"depthDatumStatus":"VERIFIED_FROM_OFFICIAL_DOCUMENTATION","verticalDatum":"Local Datum","verticalDatumCode":24,"napIdentityStatus":"UNVERIFIED","sourceKind":"official","sourceCellId":"1R7687LI","sourceStableId":"1F2B6A429E1C7657","sourceChecksum":"15df29d0ae5fbc875483ea2addc2d4e6c9148a876bdf65f0adfc75742fe31c47","pipelineFeatureId":"1R7687LI/DEPCNT/1280474872","provenance":{"cellId":"1R7687LI","checksum":"15df29d0ae5fbc875483ea2addc2d4e6c9148a876bdf65f0adfc75742fe31c47","readerVersion":"GDAL 3.2.2","processedAt":"2026-08-11T13:43:44.753Z"},"sourceProperties":{"RCID":1280474872,"PRIM":2,"GRUP":2,"OBJL":43,"RVER":1,"AGEN":7979,"FIDN":1782750748,"FIDS":30295,"LNAM":"1F2B6A429E1C7657","VALDCO":5.5,"SCAMIN":15000,"sourceCellId":"1R7687LI","sourceChecksum":"15df29d0ae5fbc875483ea2addc2d4e6c9148a876bdf65f0adfc75742fe31c47","rawObjectClass":"DEPCNT","sourceStableId":"1F2B6A429E1C7657"}}},{"type":"Feature","geometry":{"type":"LineString","coordinates":[[3.8300288,51.3184447],[3.8299188,51.3185042],[3.8299009,51.3185036]]},"properties":{"rawObjectClass":"DEPCNT","VALDCO":5.5,"depthDatum":"Approximate LAT","depthDatumCode":42,"depthDatumStatus":"VERIFIED_FROM_OFFICIAL_DOCUMENTATION","verticalDatum":"Local Datum","verticalDatumCode":24,"napIdentityStatus":"UNVERIFIED","sourceKind":"official","sourceCellId":"1R7687LI","sourceStableId":"1F2B6A429E1C7658","sourceChecksum":"15df29d0ae5fbc875483ea2addc2d4e6c9148a876bdf65f0adfc75742fe31c47","pipelineFeatureId":"1R7687LI/DEPCNT/1280474873","provenance":{"cellId":"1R7687LI","checksum":"15df29d0ae5fbc875483ea2addc2d4e6c9148a876bdf65f0adfc75742fe31c47","readerVersion":"GDAL 3.2.2","processedAt":"2026-08-11T13:43:44.753Z"},"sourceProperties":{"RCID":1280474873,"PRIM":2,"GRUP":2,"OBJL":43,"RVER":1,"AGEN":7979,"FIDN":1782750748,"FIDS":30296,"LNAM":"1F2B6A429E1C7658","VALDCO":5.5,"SCAMIN":15000,"sourceCellId":"1R7687LI","sourceChecksum":"15df29d0ae5fbc875483ea2addc2d4e6c9148a876bdf65f0adfc75742fe31c47","rawObjectClass":"DEPCNT","sourceStableId":"1F2B6A429E1C7658"}}},{"type":"Feature","geometry":{"type":"LineString","coordinates":[[3.8264208,51.3234136],[3.8264192,51.3233927],[3.8264114,51.3233287],[3.8264125,51.3233245],[3.8264167,51.3232552],[3.8264745,51.3232847]]},"properties":{"rawObjectClass":"DEPCNT","VALDCO":5.5,"depthDatum":"Approximate LAT","depthDatumCode":42,"depthDatumStatus":"VERIFIED_FROM_OFFICIAL_DOCUMENTATION","verticalDatum":"Local Datum","verticalDatumCode":24,"napIdentityStatus":"UNVERIFIED","sourceKind":"official","sourceCellId":"1R7687LI","sourceStableId":"1F2B6A429E1C7659","sourceChecksum":"15df29d0ae5fbc875483ea2addc2d4e6c9148a876bdf65f0adfc75742fe31c47","pipelineFeatureId":"1R7687LI/DEPCNT/1280474874","provenance":{"cellId":"1R7687LI","checksum":"15df29d0ae5fbc875483ea2addc2d4e6c9148a876bdf65f0adfc75742fe31c47","readerVersion":"GDAL 3.2.2","processedAt":"2026-08-11T13:43:44.753Z"},"sourceProperties":{"RCID":1280474874,"PRIM":2,"GRUP":2,"OBJL":43,"RVER":1,"AGEN":7979,"FIDN":1782750748,"FIDS":30297,"LNAM":"1F2B6A429E1C7659","VALDCO":5.5,"SCAMIN":15000,"sourceCellId":"1R7687LI","sourceChecksum":"15df29d0ae5fbc875483ea2addc2d4e6c9148a876bdf65f0adfc75742fe31c47","rawObjectClass":"DEPCNT","sourceStableId":"1F2B6A429E1C7659"}}},{"type":"Feature","geometry":{"type":"LineString","coordinates":[[3.8411373,51.2821648],[3.8411648,51.2821634],[3.8412072,51.2821514],[3.8412399,51.2821563]]},"properties":{"rawObjectClass":"DEPCNT","VALDCO":5,"depthDatum":"Approximate LAT","depthDatumCode":42,"depthDatumStatus":"VERIFIED_FROM_OFFICIAL_DOCUMENTATION","verticalDatum":"Local Datum","verticalDatumCode":24,"napIdentityStatus":"UNVERIFIED","sourceKind":"official","sourceCellId":"1R7687LI","sourceStableId":"1F2B6A429E1C765A","sourceChecksum":"15df29d0ae5fbc875483ea2addc2d4e6c9148a876bdf65f0adfc75742fe31c47","pipelineFeatureId":"1R7687LI/DEPCNT/1280474875","provenance":{"cellId":"1R7687LI","checksum":"15df29d0ae5fbc875483ea2addc2d4e6c9148a876bdf65f0adfc75742fe31c47","readerVersion":"GDAL 3.2.2","processedAt":"2026-08-11T13:43:44.753Z"},"sourceProperties":{"RCID":1280474875,"PRIM":2,"GRUP":2,"OBJL":43,"RVER":1,"AGEN":7979,"FIDN":1782750748,"FIDS":30298,"LNAM":"1F2B6A429E1C765A","VALDCO":5,"SCAMIN":300000,"sourceCellId":"1R7687LI","sourceChecksum":"15df29d0ae5fbc875483ea2addc2d4e6c9148a876bdf65f0adfc75742fe31c47","rawObjectClass":"DEPCNT","sourceStableId":"1F2B6A429E1C765A"}}},{"type":"Feature","geometry":{"type":"LineString","coordinates":[[3.8280453,51.3115497],[3.8280727,51.3116081],[3.8280891,51.3116228],[3.8281207,51.3116833],[3.828102,51.3117127],[3.8280919,51.3117926],[3.8280868,51.3118027],[3.8280765,51.3118195],[3.8280162,51.3118931],[3.8280175,51.3119313],[3.8279847,51.3119833],[3.8279506,51.3120651],[3.8279491,51.3120734],[3.8279378,51.3120885],[3.8278787,51.3121639],[3.827865,51.312211],[3.8278485,51.312254],[3.8277981,51.3122983],[3.8277414,51.3123447],[3.8277443,51.3123793],[3.827727,51.3124347],[3.8276977,51.3125001],[3.8276896,51.3125249],[3.8276595,51.3125667],[3.8276157,51.3126153],[3.8275917,51.312659],[3.8275624,51.3127056],[3.8275201,51.3127947],[3.8275193,51.3127958],[3.8275193,51.3127964],[3.8274709,51.3128861],[3.8274401,51.3129381],[3.8274136,51.3129764],[3.8273811,51.3130436],[3.8273642,51.3130667],[3.8273636,51.3130781],[3.8273147,51.313157],[3.8272512,51.313241],[3.827248,51.3132474],[3.8272416,51.3132664],[3.8272156,51.3133375],[3.8272127,51.3133567],[3.8271781,51.3134277],[3.8271026,51.3135182],[3.8270446,51.3136085],[3.8269986,51.3136758],[3.826984,51.3136988],[3.8269628,51.3137206],[3.8269017,51.3137894],[3.8268674,51.3138508],[3.8268503,51.3138796],[3.826823,51.313926],[3.8267836,51.31397],[3.8267867,51.3139935],[3.8267406,51.3140603],[3.8266831,51.3141267],[3.8266453,51.3141509],[3.8266479,51.3141734],[3.8265985,51.3142411],[3.8265432,51.3143259],[3.8265321,51.3143315],[3.8265298,51.3143401],[3.8264584,51.3144219],[3.8264117,51.3145067],[3.8264082,51.3145122],[3.8264033,51.314522],[3.8263481,51.3146026],[3.8263293,51.3146505],[3.8262984,51.3146928],[3.8262638,51.3147448],[3.8262341,51.3147832],[3.8262312,51.3148043],[3.8261972,51.3148734],[3.8261506,51.3149469],[3.8261404,51.3149637],[3.8261245,51.3149816],[3.8260652,51.3150542],[3.8260627,51.3150942],[3.8260402,51.3151443],[3.8259851,51.3152066],[3.8259473,51.3152348],[3.8259195,51.315277],[3.8258836,51.3153252],[3.8258453,51.315412],[3.8258429,51.3154154],[3.8258414,51.315418],[3.8257603,51.3155059],[3.8257046,51.3155654],[3.8256716,51.3155965],[3.8256532,51.3156295],[3.8256091,51.3156868],[3.8255704,51.3157735],[3.825569,51.315777],[3.8255649,51.315781],[3.8254779,51.3158676],[3.8254254,51.3159574],[3.8254252,51.3159579],[3.8254246,51.3159585],[3.8253589,51.3160483],[3.8252841,51.3161262],[3.8252645,51.3161389],[3.8252649,51.3161512],[3.8252165,51.3162291],[3.8251438,51.3162994],[3.825111,51.3163198],[3.8251113,51.3163406],[3.8250754,51.31641],[3.8250275,51.3164853],[3.8250201,51.3165003],[3.8250042,51.3165175],[3.8249135,51.316591],[3.8248636,51.3166807],[3.8248632,51.3166812],[3.8248629,51.3166817],[3.8247823,51.3167717],[3.8247229,51.3168338],[3.8246917,51.3168623],[3.8246686,51.3168972],[3.8246272,51.3169527],[3.8245826,51.3170139],[3.8245574,51.3170431],[3.8245492,51.3170646],[3.8245019,51.3171334],[3.8244427,51.3172158],[3.824434,51.3172238],[3.8244276,51.3172335],[3.824353,51.3173143],[3.8243022,51.3173793],[3.8242793,51.3174047],[3.8242644,51.317429],[3.8242165,51.3174951],[3.8241622,51.3175749],[3.8241544,51.3175854],[3.8241414,51.3175988],[3.824066,51.317676],[3.8240217,51.3177453],[3.824006,51.3177663],[3.8239738,51.3177972],[3.8239102,51.3178569],[3.8238808,51.3178896],[3.8238275,51.3179474],[3.8237397,51.3180239],[3.8237168,51.3180381],[3.8235976,51.3181009],[3.8235493,51.318099],[3.823454,51.3180939],[3.8233654,51.3180406],[3.8233205,51.3180222]]},"properties":{"rawObjectClass":"DEPCNT","VALDCO":5,"depthDatum":"Approximate LAT","depthDatumCode":42,"depthDatumStatus":"VERIFIED_FROM_OFFICIAL_DOCUMENTATION","verticalDatum":"Local Datum","verticalDatumCode":24,"napIdentityStatus":"UNVERIFIED","sourceKind":"official","sourceCellId":"1R7687LI","sourceStableId":"1F2B6A429E1C765B","sourceChecksum":"15df29d0ae5fbc875483ea2addc2d4e6c9148a876bdf65f0adfc75742fe31c47","pipelineFeatureId":"1R7687LI/DEPCNT/1280474876","provenance":{"cellId":"1R7687LI","checksum":"15df29d0ae5fbc875483ea2addc2d4e6c9148a876bdf65f0adfc75742fe31c47","readerVersion":"GDAL 3.2.2","processedAt":"2026-08-11T13:43:44.753Z"},"sourceProperties":{"RCID":1280474876,"PRIM":2,"GRUP":2,"OBJL":43,"RVER":1,"AGEN":7979,"FIDN":1782750748,"FIDS":30299,"LNAM":"1F2B6A429E1C765B","VALDCO":5,"SCAMIN":300000,"sourceCellId":"1R7687LI","sourceChecksum":"15df29d0ae5fbc875483ea2addc2d4e6c9148a876bdf65f0adfc75742fe31c47","rawObjectClass":"DEPCNT","sourceStableId":"1F2B6A429E1C765B"}}},{"type":"Feature","geometry":{"type":"LineString","coordinates":[[3.8275278,51.3204305],[3.8275139,51.3204272],[3.8274559,51.3203857],[3.8274834,51.3203496],[3.8275117,51.3203027],[3.8275438,51.3202592],[3.8276536,51.3202173],[3.827698,51.3202305],[3.8277049,51.3202281]]},"properties":{"rawObjectClass":"DEPCNT","VALDCO":5,"depthDatum":"Approximate LAT","depthDatumCode":42,"depthDatumStatus":"VERIFIED_FROM_OFFICIAL_DOCUMENTATION","verticalDatum":"Local Datum","verticalDatumCode":24,"napIdentityStatus":"UNVERIFIED","sourceKind":"official","sourceCellId":"1R7687LI","sourceStableId":"1F2B6A429E1C765C","sourceChecksum":"15df29d0ae5fbc875483ea2addc2d4e6c9148a876bdf65f0adfc75742fe31c47","pipelineFeatureId":"1R7687LI/DEPCNT/1280474877","provenance":{"cellId":"1R7687LI","checksum":"15df29d0ae5fbc875483ea2addc2d4e6c9148a876bdf65f0adfc75742fe31c47","readerVersion":"GDAL 3.2.2","processedAt":"2026-08-11T13:43:44.753Z"},"sourceProperties":{"RCID":1280474877,"PRIM":2,"GRUP":2,"OBJL":43,"RVER":1,"AGEN":7979,"FIDN":1782750748,"FIDS":30300,"LNAM":"1F2B6A429E1C765C","VALDCO":5,"SCAMIN":300000,"sourceCellId":"1R7687LI","sourceChecksum":"15df29d0ae5fbc875483ea2addc2d4e6c9148a876bdf65f0adfc75742fe31c47","rawObjectClass":"DEPCNT","sourceStableId":"1F2B6A429E1C765C"}}},{"type":"Feature","geometry":{"type":"LineString","coordinates":[[3.8283575,51.3111084],[3.8283507,51.3111126],[3.8282593,51.311172],[3.8282686,51.3112094],[3.8282685,51.3112619],[3.8282786,51.3113044],[3.8282819,51.3113517],[3.8282125,51.311404],[3.8281522,51.3114425],[3.8280707,51.3115004]]},"properties":{"rawObjectClass":"DEPCNT","VALDCO":4.5,"depthDatum":"Approximate LAT","depthDatumCode":42,"depthDatumStatus":"VERIFIED_FROM_OFFICIAL_DOCUMENTATION","verticalDatum":"Local Datum","verticalDatumCode":24,"napIdentityStatus":"UNVERIFIED","sourceKind":"official","sourceCellId":"1R7687LI","sourceStableId":"1F2B6A429E1C765D","sourceChecksum":"15df29d0ae5fbc875483ea2addc2d4e6c9148a876bdf65f0adfc75742fe31c47","pipelineFeatureId":"1R7687LI/DEPCNT/1280474878","provenance":{"cellId":"1R7687LI","checksum":"15df29d0ae5fbc875483ea2addc2d4e6c9148a876bdf65f0adfc75742fe31c47","readerVersion":"GDAL 3.2.2","processedAt":"2026-08-11T13:43:44.753Z"},"sourceProperties":{"RCID":1280474878,"PRIM":2,"GRUP":2,"OBJL":43,"RVER":1,"AGEN":7979,"FIDN":1782750748,"FIDS":30301,"LNAM":"1F2B6A429E1C765D","VALDCO":4.5,"SCAMIN":15000,"sourceCellId":"1R7687LI","sourceChecksum":"15df29d0ae5fbc875483ea2addc2d4e6c9148a876bdf65f0adfc75742fe31c47","rawObjectClass":"DEPCNT","sourceStableId":"1F2B6A429E1C765D"}}},{"type":"Feature","geometry":{"type":"LineString","coordinates":[[3.8280164,51.3115682],[3.8280422,51.3116232],[3.8280605,51.3117042],[3.8280608,51.311713],[3.827983,51.3117716],[3.8279638,51.3118036],[3.8280232,51.3118367],[3.8279768,51.3118934],[3.8279789,51.311956],[3.8279617,51.3119834],[3.827937,51.3120426],[3.8279011,51.3120738],[3.8279036,51.3120953],[3.8278497,51.3121641],[3.8278293,51.3122338],[3.8278215,51.3122542],[3.8277977,51.3122751],[3.8277123,51.3123449],[3.8277167,51.312397],[3.8277049,51.3124348],[3.8276667,51.31252],[3.827665,51.312525],[3.8276589,51.3125336],[3.8275852,51.3126155],[3.8275447,51.3126891],[3.8275342,51.3127058],[3.8275191,51.3127378],[3.8274795,51.3127961],[3.8274768,51.3128236],[3.827443,51.3128863],[3.8273952,51.3129669],[3.8273885,51.3129766],[3.8273802,51.3129937],[3.8273267,51.313067],[3.8273246,51.3131031],[3.8272911,51.3131571],[3.8272408,51.3132237],[3.8272078,51.3132477],[3.8272075,51.3132691],[3.8271824,51.3133378],[3.827176,51.3133802],[3.8271528,51.3134279],[3.8271021,51.3134886],[3.827057,51.3135185],[3.8270584,51.3135465],[3.8270185,51.3136087],[3.8269623,51.3136909],[3.8269499,51.3136991],[3.8269497,51.3137071],[3.8268765,51.3137895],[3.8268285,51.3138758],[3.8268223,51.3138863],[3.826747,51.3139703],[3.8267529,51.3140152],[3.8267217,51.3140604],[3.8266828,51.3141054],[3.8266112,51.3141511],[3.8266161,51.3141938],[3.8265815,51.3142412],[3.8265428,51.3143006],[3.8264805,51.3143319],[3.8264676,51.3143799],[3.8264308,51.3144221],[3.8264024,51.3144737],[3.8263458,51.3145127],[3.8263548,51.3145432],[3.8263139,51.3146028],[3.8262838,51.3146796],[3.8262741,51.314693],[3.8262631,51.3147094],[3.826206,51.3147834],[3.8262004,51.3148241],[3.826176,51.3148735],[3.8261241,51.3149555],[3.8261165,51.3149639],[3.8261135,51.3149707],[3.8260451,51.3150543],[3.8260418,51.3151076],[3.8260253,51.3151444],[3.8259848,51.3151902],[3.8259248,51.315235],[3.8258805,51.3153019],[3.8258631,51.3153254],[3.8258445,51.3153675],[3.8258107,51.3154156],[3.8257892,51.3154514],[3.8257388,51.3155061],[3.8257042,51.3155431],[3.8256473,51.3155966],[3.8256155,51.3156537],[3.8255899,51.315687],[3.8255643,51.3157443],[3.825537,51.3157773],[3.8255212,51.3158051],[3.8254582,51.3158677],[3.825424,51.3159262],[3.8253965,51.3159581],[3.8253932,51.315978],[3.8253417,51.3160484],[3.8252838,51.3161087],[3.8252367,51.3161391],[3.8252376,51.3161687],[3.8252,51.3162293],[3.8251435,51.3162839],[3.8250853,51.31632],[3.825086,51.3163568],[3.8250584,51.3164101],[3.8250038,51.3164959],[3.8249964,51.3165005],[3.8249821,51.3165143],[3.8248873,51.3165911],[3.8248628,51.3166353],[3.8248273,51.3166815],[3.8248027,51.3167203],[3.8247565,51.3167719],[3.8247224,51.3168075],[3.8246621,51.3168625],[3.8246176,51.3169299],[3.8246004,51.3169529],[3.824582,51.3169782],[3.8245258,51.3170433],[3.8245075,51.3170914],[3.8244784,51.3171336],[3.8244422,51.3171841],[3.8243986,51.317224],[3.8243669,51.3172724],[3.8243281,51.3173145],[3.8243016,51.3173483],[3.8242506,51.3174049],[3.8242175,51.3174591],[3.8241913,51.3174953],[3.8241615,51.3175389],[3.8241272,51.3175856],[3.8240697,51.3176448],[3.824039,51.3176762],[3.824021,51.3177044],[3.8239745,51.3177666],[3.8238799,51.3178571],[3.8238795,51.3178576],[3.8237964,51.3179477],[3.8237392,51.3179975],[3.8236734,51.3180384],[3.8235972,51.3180785],[3.8235103,51.3180751],[3.8234536,51.318072],[3.8234009,51.3180404],[3.8233294,51.318011]]},"properties":{"rawObjectClass":"DEPCNT","VALDCO":4.5,"depthDatum":"Approximate LAT","depthDatumCode":42,"depthDatumStatus":"VERIFIED_FROM_OFFICIAL_DOCUMENTATION","verticalDatum":"Local Datum","verticalDatumCode":24,"napIdentityStatus":"UNVERIFIED","sourceKind":"official","sourceCellId":"1R7687LI","sourceStableId":"1F2B6A429E1C765E","sourceChecksum":"15df29d0ae5fbc875483ea2addc2d4e6c9148a876bdf65f0adfc75742fe31c47","pipelineFeatureId":"1R7687LI/DEPCNT/1280474879","provenance":{"cellId":"1R7687LI","checksum":"15df29d0ae5fbc875483ea2addc2d4e6c9148a876bdf65f0adfc75742fe31c47","readerVersion":"GDAL 3.2.2","processedAt":"2026-08-11T13:43:44.753Z"},"sourceProperties":{"RCID":1280474879,"PRIM":2,"GRUP":2,"OBJL":43,"RVER":1,"AGEN":7979,"FIDN":1782750748,"FIDS":30302,"LNAM":"1F2B6A429E1C765E","VALDCO":4.5,"SCAMIN":15000,"sourceCellId":"1R7687LI","sourceChecksum":"15df29d0ae5fbc875483ea2addc2d4e6c9148a876bdf65f0adfc75742fe31c47","rawObjectClass":"DEPCNT","sourceStableId":"1F2B6A429E1C765E"}}},{"type":"Feature","geometry":{"type":"LineString","coordinates":[[3.8283486,51.3111038],[3.8282435,51.3111721],[3.82825,51.3111979],[3.8282498,51.311262],[3.8282567,51.311291],[3.8282609,51.3113518],[3.8282122,51.3113886],[3.8281275,51.3114427],[3.8280704,51.3114832]]},"properties":{"rawObjectClass":"DEPCNT","VALDCO":4,"depthDatum":"Approximate LAT","depthDatumCode":42,"depthDatumStatus":"VERIFIED_FROM_OFFICIAL_DOCUMENTATION","verticalDatum":"Local Datum","verticalDatumCode":24,"napIdentityStatus":"UNVERIFIED","sourceKind":"official","sourceCellId":"1R7687LI","sourceStableId":"1F2B6A429E1C765F","sourceChecksum":"15df29d0ae5fbc875483ea2addc2d4e6c9148a876bdf65f0adfc75742fe31c47","pipelineFeatureId":"1R7687LI/DEPCNT/1280474880","provenance":{"cellId":"1R7687LI","checksum":"15df29d0ae5fbc875483ea2addc2d4e6c9148a876bdf65f0adfc75742fe31c47","readerVersion":"GDAL 3.2.2","processedAt":"2026-08-11T13:43:44.753Z"},"sourceProperties":{"RCID":1280474880,"PRIM":2,"GRUP":2,"OBJL":43,"RVER":1,"AGEN":7979,"FIDN":1782750748,"FIDS":30303,"LNAM":"1F2B6A429E1C765F","VALDCO":4,"SCAMIN":300000,"sourceCellId":"1R7687LI","sourceChecksum":"15df29d0ae5fbc875483ea2addc2d4e6c9148a876bdf65f0adfc75742fe31c47","rawObjectClass":"DEPCNT","sourceStableId":"1F2B6A429E1C765F"}}},{"type":"Feature","geometry":{"type":"LineString","coordinates":[[3.8279876,51.3115867],[3.8280048,51.3116234],[3.828017,51.3116776],[3.8280184,51.3117133],[3.8279322,51.3117781]]},"properties":{"rawObjectClass":"DEPCNT","VALDCO":4,"depthDatum":"Approximate LAT","depthDatumCode":42,"depthDatumStatus":"VERIFIED_FROM_OFFICIAL_DOCUMENTATION","verticalDatum":"Local Datum","verticalDatumCode":24,"napIdentityStatus":"UNVERIFIED","sourceKind":"official","sourceCellId":"1R7687LI","sourceStableId":"1F2B6A429E1C7660","sourceChecksum":"15df29d0ae5fbc875483ea2addc2d4e6c9148a876bdf65f0adfc75742fe31c47","pipelineFeatureId":"1R7687LI/DEPCNT/1280474881","provenance":{"cellId":"1R7687LI","checksum":"15df29d0ae5fbc875483ea2addc2d4e6c9148a876bdf65f0adfc75742fe31c47","readerVersion":"GDAL 3.2.2","processedAt":"2026-08-11T13:43:44.753Z"},"sourceProperties":{"RCID":1280474881,"PRIM":2,"GRUP":2,"OBJL":43,"RVER":1,"AGEN":7979,"FIDN":1782750748,"FIDS":30304,"LNAM":"1F2B6A429E1C7660","VALDCO":4,"SCAMIN":300000,"sourceCellId":"1R7687LI","sourceChecksum":"15df29d0ae5fbc875483ea2addc2d4e6c9148a876bdf65f0adfc75742fe31c47","rawObjectClass":"DEPCNT","sourceStableId":"1F2B6A429E1C7660"}}},{"type":"Feature","geometry":{"type":"LineString","coordinates":[[3.8278919,51.3118299],[3.82791,51.3118539]]},"properties":{"rawObjectClass":"DEPCNT","VALDCO":4,"depthDatum":"Approximate LAT","depthDatumCode":42,"depthDatumStatus":"VERIFIED_FROM_OFFICIAL_DOCUMENTATION","verticalDatum":"Local Datum","verticalDatumCode":24,"napIdentityStatus":"UNVERIFIED","sourceKind":"official","sourceCellId":"1R7687LI","sourceStableId":"1F2B6A429E1C7661","sourceChecksum":"15df29d0ae5fbc875483ea2addc2d4e6c9148a876bdf65f0adfc75742fe31c47","pipelineFeatureId":"1R7687LI/DEPCNT/1280474882","provenance":{"cellId":"1R7687LI","checksum":"15df29d0ae5fbc875483ea2addc2d4e6c9148a876bdf65f0adfc75742fe31c47","readerVersion":"GDAL 3.2.2","processedAt":"2026-08-11T13:43:44.753Z"},"sourceProperties":{"RCID":1280474882,"PRIM":2,"GRUP":2,"OBJL":43,"RVER":1,"AGEN":7979,"FIDN":1782750748,"FIDS":30305,"LNAM":"1F2B6A429E1C7661","VALDCO":4,"SCAMIN":300000,"sourceCellId":"1R7687LI","sourceChecksum":"15df29d0ae5fbc875483ea2addc2d4e6c9148a876bdf65f0adfc75742fe31c47","rawObjectClass":"DEPCNT","sourceStableId":"1F2B6A429E1C7661"}}},{"type":"Feature","geometry":{"type":"LineString","coordinates":[[3.8279189,51.3118657],[3.8279342,51.311886],[3.8279407,51.3118896],[3.8279374,51.3118937],[3.8279404,51.3119807],[3.8279386,51.3119836],[3.827936,51.3119897],[3.8278388,51.3120742],[3.8278455,51.3121325],[3.8278206,51.3121643],[3.8277972,51.3122447],[3.827781,51.3122545],[3.8277836,51.3122631],[3.8276833,51.3123451],[3.8276891,51.3124147],[3.8276828,51.312435],[3.8276581,51.31249],[3.8276081,51.3125255],[3.8276055,51.3125592],[3.8275546,51.3126158],[3.8275181,51.3126823],[3.8274849,51.3127062],[3.8274875,51.3127258],[3.8274396,51.3127964],[3.8274343,51.3128509],[3.8274151,51.3128865],[3.8273793,51.3129467],[3.8273357,51.312977],[3.8273336,51.3130063],[3.8272891,51.3130672],[3.8272856,51.313128],[3.8272675,51.3131573],[3.8272403,51.3131934],[3.8271648,51.313248],[3.8271643,51.3132968],[3.8271492,51.313338],[3.8271393,51.3134038],[3.8271274,51.3134281],[3.8271016,51.313459],[3.8270113,51.3135188],[3.8270141,51.3135749],[3.8269923,51.3136089],[3.8269616,51.3136537],[3.8268925,51.3136995],[3.8268916,51.3137444],[3.8268513,51.3137897],[3.8268215,51.3138432],[3.8267234,51.3138805],[3.8267505,51.3139258],[3.8267104,51.3139705],[3.8267191,51.3140368],[3.8267028,51.3140605],[3.8266824,51.3140841],[3.826577,51.3141513],[3.8265843,51.3142142],[3.8265645,51.3142413],[3.8265423,51.3142754],[3.8264289,51.3143322],[3.8264055,51.3144198],[3.8264032,51.3144223],[3.8264015,51.3144254],[3.8263785,51.3144412]]},"properties":{"rawObjectClass":"DEPCNT","VALDCO":4,"depthDatum":"Approximate LAT","depthDatumCode":42,"depthDatumStatus":"VERIFIED_FROM_OFFICIAL_DOCUMENTATION","verticalDatum":"Local Datum","verticalDatumCode":24,"napIdentityStatus":"UNVERIFIED","sourceKind":"official","sourceCellId":"1R7687LI","sourceStableId":"1F2B6A429E1C7662","sourceChecksum":"15df29d0ae5fbc875483ea2addc2d4e6c9148a876bdf65f0adfc75742fe31c47","pipelineFeatureId":"1R7687LI/DEPCNT/1280474883","provenance":{"cellId":"1R7687LI","checksum":"15df29d0ae5fbc875483ea2addc2d4e6c9148a876bdf65f0adfc75742fe31c47","readerVersion":"GDAL 3.2.2","processedAt":"2026-08-11T13:43:44.753Z"},"sourceProperties":{"RCID":1280474883,"PRIM":2,"GRUP":2,"OBJL":43,"RVER":1,"AGEN":7979,"FIDN":1782750748,"FIDS":30306,"LNAM":"1F2B6A429E1C7662","VALDCO":4,"SCAMIN":300000,"sourceCellId":"1R7687LI","sourceChecksum":"15df29d0ae5fbc875483ea2addc2d4e6c9148a876bdf65f0adfc75742fe31c47","rawObjectClass":"DEPCNT","sourceStableId":"1F2B6A429E1C7662"}}},{"type":"Feature","geometry":{"type":"LineString","coordinates":[[3.8263633,51.3144517],[3.826274,51.3145132],[3.8262942,51.314582],[3.8262798,51.314603],[3.826262,51.3146484],[3.8261185,51.3146046],[3.8262158,51.3146934],[3.826233,51.3147122],[3.8261779,51.3147836],[3.8261695,51.3148438],[3.8261548,51.3148737],[3.8261235,51.3149232],[3.8260865,51.3149641],[3.8260715,51.3149976],[3.826025,51.3150544],[3.8260209,51.315121],[3.8260103,51.3151445],[3.8259845,51.3151737],[3.8259022,51.3152352],[3.8258437,51.3153236],[3.8258415,51.3153255],[3.8258405,51.3153276],[3.8257786,51.3154159],[3.825737,51.3154848],[3.8257173,51.3155062],[3.8257038,51.3155207],[3.825623,51.3155968],[3.8255777,51.3156779],[3.8255706,51.3156871],[3.8255635,51.315703],[3.825502,51.3157775],[3.8254662,51.3158403],[3.8254385,51.3158679],[3.8254235,51.3158936],[3.8253677,51.3159583],[3.8253609,51.3159987],[3.8253245,51.3160485],[3.8252835,51.3160912],[3.8252089,51.3161393],[3.8252103,51.3161862],[3.8251835,51.3162294],[3.8251432,51.3162683],[3.8250597,51.3163202],[3.8250606,51.3163731],[3.8250414,51.3164102],[3.8250033,51.31647],[3.8249537,51.3165008],[3.824862,51.31659],[3.8248598,51.3165913],[3.8248597,51.3165928],[3.8247914,51.3166817],[3.8247426,51.3167588],[3.8247307,51.3167721],[3.8247219,51.3167813],[3.8246326,51.3168627],[3.8245813,51.3169403],[3.8245613,51.3169531],[3.8245609,51.3169662],[3.8244942,51.3170435],[3.8244657,51.3171181],[3.824455,51.3171337],[3.8244416,51.3171524],[3.8243633,51.3172243],[3.8243062,51.3173113],[3.8243031,51.3173146],[3.824301,51.3173173],[3.8242219,51.3174051],[3.8241705,51.3174892],[3.824166,51.3174954],[3.8241609,51.317503],[3.8241001,51.3175858],[3.8240203,51.3176678],[3.8240078,51.3176764],[3.8240016,51.3176884],[3.823943,51.3177668],[3.8238797,51.3178274],[3.823847,51.3178574],[3.8238039,51.317906],[3.8237653,51.3179479],[3.8237388,51.317971],[3.8236299,51.3180387],[3.8235968,51.3180562],[3.8234712,51.3180512],[3.8234532,51.3180502],[3.8234364,51.3180401],[3.8233383,51.3179997]]},"properties":{"rawObjectClass":"DEPCNT","VALDCO":4,"depthDatum":"Approximate LAT","depthDatumCode":42,"depthDatumStatus":"VERIFIED_FROM_OFFICIAL_DOCUMENTATION","verticalDatum":"Local Datum","verticalDatumCode":24,"napIdentityStatus":"UNVERIFIED","sourceKind":"official","sourceCellId":"1R7687LI","sourceStableId":"1F2B6A429E1C7663","sourceChecksum":"15df29d0ae5fbc875483ea2addc2d4e6c9148a876bdf65f0adfc75742fe31c47","pipelineFeatureId":"1R7687LI/DEPCNT/1280474884","provenance":{"cellId":"1R7687LI","checksum":"15df29d0ae5fbc875483ea2addc2d4e6c9148a876bdf65f0adfc75742fe31c47","readerVersion":"GDAL 3.2.2","processedAt":"2026-08-11T13:43:44.753Z"},"sourceProperties":{"RCID":1280474884,"PRIM":2,"GRUP":2,"OBJL":43,"RVER":1,"AGEN":7979,"FIDN":1782750748,"FIDS":30307,"LNAM":"1F2B6A429E1C7663","VALDCO":4,"SCAMIN":300000,"sourceCellId":"1R7687LI","sourceChecksum":"15df29d0ae5fbc875483ea2addc2d4e6c9148a876bdf65f0adfc75742fe31c47","rawObjectClass":"DEPCNT","sourceStableId":"1F2B6A429E1C7663"}}},{"type":"Feature","geometry":{"type":"LineString","coordinates":[[3.8268936,51.3221299],[3.8268531,51.3220795],[3.8268603,51.3220625],[3.8268935,51.3220153],[3.8268718,51.3219725],[3.826877,51.321939],[3.8269362,51.3218821],[3.8269657,51.3218647],[3.8269914,51.3218595]]},"properties":{"rawObjectClass":"DEPCNT","VALDCO":4,"depthDatum":"Approximate LAT","depthDatumCode":42,"depthDatumStatus":"VERIFIED_FROM_OFFICIAL_DOCUMENTATION","verticalDatum":"Local Datum","verticalDatumCode":24,"napIdentityStatus":"UNVERIFIED","sourceKind":"official","sourceCellId":"1R7687LI","sourceStableId":"1F2B6A429E1C7664","sourceChecksum":"15df29d0ae5fbc875483ea2addc2d4e6c9148a876bdf65f0adfc75742fe31c47","pipelineFeatureId":"1R7687LI/DEPCNT/1280474885","provenance":{"cellId":"1R7687LI","checksum":"15df29d0ae5fbc875483ea2addc2d4e6c9148a876bdf65f0adfc75742fe31c47","readerVersion":"GDAL 3.2.2","processedAt":"2026-08-11T13:43:44.753Z"},"sourceProperties":{"RCID":1280474885,"PRIM":2,"GRUP":2,"OBJL":43,"RVER":1,"AGEN":7979,"FIDN":1782750748,"FIDS":30308,"LNAM":"1F2B6A429E1C7664","VALDCO":4,"SCAMIN":300000,"sourceCellId":"1R7687LI","sourceChecksum":"15df29d0ae5fbc875483ea2addc2d4e6c9148a876bdf65f0adfc75742fe31c47","rawObjectClass":"DEPCNT","sourceStableId":"1F2B6A429E1C7664"}}},{"type":"Feature","geometry":{"type":"LineString","coordinates":[[3.8299519,51.3191172],[3.8299834,51.319073],[3.8300198,51.3190588]]},"properties":{"rawObjectClass":"DEPCNT","VALDCO":4,"depthDatum":"Approximate LAT","depthDatumCode":42,"depthDatumStatus":"VERIFIED_FROM_OFFICIAL_DOCUMENTATION","verticalDatum":"Local Datum","verticalDatumCode":24,"napIdentityStatus":"UNVERIFIED","sourceKind":"official","sourceCellId":"1R7687LI","sourceStableId":"1F2B6A429E1C7665","sourceChecksum":"15df29d0ae5fbc875483ea2addc2d4e6c9148a876bdf65f0adfc75742fe31c47","pipelineFeatureId":"1R7687LI/DEPCNT/1280474886","provenance":{"cellId":"1R7687LI","checksum":"15df29d0ae5fbc875483ea2addc2d4e6c9148a876bdf65f0adfc75742fe31c47","readerVersion":"GDAL 3.2.2","processedAt":"2026-08-11T13:43:44.753Z"},"sourceProperties":{"RCID":1280474886,"PRIM":2,"GRUP":2,"OBJL":43,"RVER":1,"AGEN":7979,"FIDN":1782750748,"FIDS":30309,"LNAM":"1F2B6A429E1C7665","VALDCO":4,"SCAMIN":300000,"sourceCellId":"1R7687LI","sourceChecksum":"15df29d0ae5fbc875483ea2addc2d4e6c9148a876bdf65f0adfc75742fe31c47","rawObjectClass":"DEPCNT","sourceStableId":"1F2B6A429E1C7665"}}},{"type":"Feature","geometry":{"type":"LineString","coordinates":[[3.8348643,51.2991258],[3.8348636,51.2990832],[3.8348669,51.2990755],[3.8348671,51.2990702],[3.8348577,51.2989856],[3.8348428,51.2989146],[3.8348501,51.2988958],[3.834849,51.2988197],[3.8348522,51.2988058],[3.8348704,51.2987854],[3.8349887,51.2987149],[3.83498,51.2986447],[3.8349862,51.298625],[3.8349789,51.2985544],[3.8349801,51.2985352],[3.8349762,51.2984652],[3.8349807,51.2984452],[3.8350066,51.2983851],[3.835052,51.2983548],[3.8350524,51.2983254],[3.8351082,51.2982645],[3.8351042,51.2982012],[3.8351065,51.2981746],[3.8351076,51.2981081],[3.8351162,51.2980846],[3.8351221,51.2980078],[3.8351227,51.2979946],[3.8351423,51.2979621],[3.835211,51.2979041],[3.8352113,51.2978596],[3.835233,51.297814],[3.8352299,51.2977568],[3.8352388,51.297724],[3.8352558,51.2976492],[3.8352596,51.2976339],[3.8352795,51.2976144],[3.835372,51.2975432],[3.8353848,51.2974755],[3.8353888,51.2974532],[3.835385,51.2973844],[3.835391,51.2973632],[3.8353904,51.29729],[3.8353915,51.2972733],[3.8354156,51.2972112],[3.8354563,51.2971829],[3.8354545,51.2971579],[3.8354891,51.2970928],[3.8354867,51.2970463],[3.8355129,51.2970027],[3.8355113,51.2969396],[3.8355207,51.2969127],[3.8355526,51.2968595],[3.8356086,51.2968221],[3.8356088,51.2967861],[3.8356463,51.296732],[3.835642,51.2966738],[3.8356562,51.296642],[3.8356537,51.2965754],[3.8356555,51.296552],[3.8356889,51.2964635],[3.8356913,51.2964619],[3.8356911,51.2964604],[3.8357498,51.2963715],[3.8357495,51.296332],[3.8357805,51.2962814],[3.8357906,51.2962147],[3.8357934,51.2961914],[3.8357906,51.2961237],[3.8357982,51.2961014],[3.8358251,51.2960666],[3.8359108,51.2960107],[3.8359094,51.2959566],[3.8359117,51.2959208],[3.8359116,51.2958642],[3.835929,51.2958307],[3.8359285,51.2957624],[3.8359352,51.2957407],[3.8359621,51.2957112],[3.836057,51.29565],[3.8360559,51.2955898],[3.836062,51.29556],[3.836063,51.2954943],[3.8360699,51.29547],[3.8360694,51.2953992],[3.8360721,51.2953801],[3.8360712,51.2953071],[3.8360721,51.2952902],[3.8360969,51.2952362],[3.8361538,51.2951997],[3.8361537,51.2951632],[3.8362053,51.2951094],[3.8361994,51.2950429],[3.836202,51.2950195],[3.8362091,51.2949457],[3.836211,51.2949295],[3.8362343,51.2949082],[3.8363402,51.2948391]]},"properties":{"rawObjectClass":"DEPCNT","VALDCO":3.5,"depthDatum":"Approximate LAT","depthDatumCode":42,"depthDatumStatus":"VERIFIED_FROM_OFFICIAL_DOCUMENTATION","verticalDatum":"Local Datum","verticalDatumCode":24,"napIdentityStatus":"UNVERIFIED","sourceKind":"official","sourceCellId":"1R7687LI","sourceStableId":"1F2B6A429E1C7666","sourceChecksum":"15df29d0ae5fbc875483ea2addc2d4e6c9148a876bdf65f0adfc75742fe31c47","pipelineFeatureId":"1R7687LI/DEPCNT/1280474887","provenance":{"cellId":"1R7687LI","checksum":"15df29d0ae5fbc875483ea2addc2d4e6c9148a876bdf65f0adfc75742fe31c47","readerVersion":"GDAL 3.2.2","processedAt":"2026-08-11T13:43:44.753Z"},"sourceProperties":{"RCID":1280474887,"PRIM":2,"GRUP":2,"OBJL":43,"RVER":1,"AGEN":7979,"FIDN":1782750748,"FIDS":30310,"LNAM":"1F2B6A429E1C7666","VALDCO":3.5,"SCAMIN":15000,"sourceCellId":"1R7687LI","sourceChecksum":"15df29d0ae5fbc875483ea2addc2d4e6c9148a876bdf65f0adfc75742fe31c47","rawObjectClass":"DEPCNT","sourceStableId":"1F2B6A429E1C7666"}}},{"type":"Feature","geometry":{"type":"LineString","coordinates":[[3.836341,51.2948369],[3.8363407,51.2947704],[3.8363461,51.2947487],[3.8363426,51.2946782],[3.8363459,51.2946587],[3.8363465,51.2945847],[3.8363486,51.2945688],[3.836369,51.2944787],[3.8363699,51.2944776],[3.8364784,51.294388],[3.8364786,51.2943181],[3.8364794,51.2942981],[3.8364826,51.2942245],[3.8364895,51.2942081],[3.8365071,51.2941354],[3.8365825,51.2941478]]},"properties":{"rawObjectClass":"DEPCNT","VALDCO":3.5,"depthDatum":"Approximate LAT","depthDatumCode":42,"depthDatumStatus":"VERIFIED_FROM_OFFICIAL_DOCUMENTATION","verticalDatum":"Local Datum","verticalDatumCode":24,"napIdentityStatus":"UNVERIFIED","sourceKind":"official","sourceCellId":"1R7687LI","sourceStableId":"1F2B6A429E1C7667","sourceChecksum":"15df29d0ae5fbc875483ea2addc2d4e6c9148a876bdf65f0adfc75742fe31c47","pipelineFeatureId":"1R7687LI/DEPCNT/1280474888","provenance":{"cellId":"1R7687LI","checksum":"15df29d0ae5fbc875483ea2addc2d4e6c9148a876bdf65f0adfc75742fe31c47","readerVersion":"GDAL 3.2.2","processedAt":"2026-08-11T13:43:44.753Z"},"sourceProperties":{"RCID":1280474888,"PRIM":2,"GRUP":2,"OBJL":43,"RVER":1,"AGEN":7979,"FIDN":1782750748,"FIDS":30311,"LNAM":"1F2B6A429E1C7667","VALDCO":3.5,"SCAMIN":15000,"sourceCellId":"1R7687LI","sourceChecksum":"15df29d0ae5fbc875483ea2addc2d4e6c9148a876bdf65f0adfc75742fe31c47","rawObjectClass":"DEPCNT","sourceStableId":"1F2B6A429E1C7667"}}},{"type":"Feature","geometry":{"type":"LineString","coordinates":[[3.8283373,51.311101],[3.8282278,51.3111722],[3.8282313,51.3111865],[3.8282311,51.3112621],[3.8282348,51.3112775],[3.82824,51.311352],[3.8282119,51.3113731],[3.8281027,51.3114429],[3.8280701,51.3114661]]},"properties":{"rawObjectClass":"DEPCNT","VALDCO":3.5,"depthDatum":"Approximate LAT","depthDatumCode":42,"depthDatumStatus":"VERIFIED_FROM_OFFICIAL_DOCUMENTATION","verticalDatum":"Local Datum","verticalDatumCode":24,"napIdentityStatus":"UNVERIFIED","sourceKind":"official","sourceCellId":"1R7687LI","sourceStableId":"1F2B6A429E1C7668","sourceChecksum":"15df29d0ae5fbc875483ea2addc2d4e6c9148a876bdf65f0adfc75742fe31c47","pipelineFeatureId":"1R7687LI/DEPCNT/1280474889","provenance":{"cellId":"1R7687LI","checksum":"15df29d0ae5fbc875483ea2addc2d4e6c9148a876bdf65f0adfc75742fe31c47","readerVersion":"GDAL 3.2.2","processedAt":"2026-08-11T13:43:44.753Z"},"sourceProperties":{"RCID":1280474889,"PRIM":2,"GRUP":2,"OBJL":43,"RVER":1,"AGEN":7979,"FIDN":1782750748,"FIDS":30312,"LNAM":"1F2B6A429E1C7668","VALDCO":3.5,"SCAMIN":15000,"sourceCellId":"1R7687LI","sourceChecksum":"15df29d0ae5fbc875483ea2addc2d4e6c9148a876bdf65f0adfc75742fe31c47","rawObjectClass":"DEPCNT","sourceStableId":"1F2B6A429E1C7668"}}},{"type":"Feature","geometry":{"type":"LineString","coordinates":[[3.8279588,51.3116052],[3.8279674,51.3116237],[3.8279736,51.311651],[3.827976,51.3117136],[3.8279317,51.3117469]]},"properties":{"rawObjectClass":"DEPCNT","VALDCO":3.5,"depthDatum":"Approximate LAT","depthDatumCode":42,"depthDatumStatus":"VERIFIED_FROM_OFFICIAL_DOCUMENTATION","verticalDatum":"Local Datum","verticalDatumCode":24,"napIdentityStatus":"UNVERIFIED","sourceKind":"official","sourceCellId":"1R7687LI","sourceStableId":"1F2B6A429E1C7669","sourceChecksum":"15df29d0ae5fbc875483ea2addc2d4e6c9148a876bdf65f0adfc75742fe31c47","pipelineFeatureId":"1R7687LI/DEPCNT/1280474890","provenance":{"cellId":"1R7687LI","checksum":"15df29d0ae5fbc875483ea2addc2d4e6c9148a876bdf65f0adfc75742fe31c47","readerVersion":"GDAL 3.2.2","processedAt":"2026-08-11T13:43:44.753Z"},"sourceProperties":{"RCID":1280474890,"PRIM":2,"GRUP":2,"OBJL":43,"RVER":1,"AGEN":7979,"FIDN":1782750748,"FIDS":30313,"LNAM":"1F2B6A429E1C7669","VALDCO":3.5,"SCAMIN":15000,"sourceCellId":"1R7687LI","sourceChecksum":"15df29d0ae5fbc875483ea2addc2d4e6c9148a876bdf65f0adfc75742fe31c47","rawObjectClass":"DEPCNT","sourceStableId":"1F2B6A429E1C7669"}}},{"type":"Feature","geometry":{"type":"LineString","coordinates":[[3.8278423,51.3118617],[3.8278668,51.3118942],[3.8277919,51.3119509]]},"properties":{"rawObjectClass":"DEPCNT","VALDCO":3.5,"depthDatum":"Approximate LAT","depthDatumCode":42,"depthDatumStatus":"VERIFIED_FROM_OFFICIAL_DOCUMENTATION","verticalDatum":"Local Datum","verticalDatumCode":24,"napIdentityStatus":"UNVERIFIED","sourceKind":"official","sourceCellId":"1R7687LI","sourceStableId":"1F2B6A429E1C766A","sourceChecksum":"15df29d0ae5fbc875483ea2addc2d4e6c9148a876bdf65f0adfc75742fe31c47","pipelineFeatureId":"1R7687LI/DEPCNT/1280474891","provenance":{"cellId":"1R7687LI","checksum":"15df29d0ae5fbc875483ea2addc2d4e6c9148a876bdf65f0adfc75742fe31c47","readerVersion":"GDAL 3.2.2","processedAt":"2026-08-11T13:43:44.753Z"},"sourceProperties":{"RCID":1280474891,"PRIM":2,"GRUP":2,"OBJL":43,"RVER":1,"AGEN":7979,"FIDN":1782750748,"FIDS":30314,"LNAM":"1F2B6A429E1C766A","VALDCO":3.5,"SCAMIN":15000,"sourceCellId":"1R7687LI","sourceChecksum":"15df29d0ae5fbc875483ea2addc2d4e6c9148a876bdf65f0adfc75742fe31c47","rawObjectClass":"DEPCNT","sourceStableId":"1F2B6A429E1C766A"}}},{"type":"Feature","geometry":{"type":"LineString","coordinates":[[3.8385956,51.2821785],[3.8386205,51.2822332],[3.838622,51.2823007],[3.8386219,51.2823231],[3.8385962,51.2824082],[3.8385954,51.2824132],[3.8385885,51.2824225],[3.8384712,51.2824884],[3.8384465,51.2824982]]},"properties":{"rawObjectClass":"DEPCNT","VALDCO":3.5,"depthDatum":"Approximate LAT","depthDatumCode":42,"depthDatumStatus":"VERIFIED_FROM_OFFICIAL_DOCUMENTATION","verticalDatum":"Local Datum","verticalDatumCode":24,"napIdentityStatus":"UNVERIFIED","sourceKind":"official","sourceCellId":"1R7687LI","sourceStableId":"1F2B6A429E1C766B","sourceChecksum":"15df29d0ae5fbc875483ea2addc2d4e6c9148a876bdf65f0adfc75742fe31c47","pipelineFeatureId":"1R7687LI/DEPCNT/1280474892","provenance":{"cellId":"1R7687LI","checksum":"15df29d0ae5fbc875483ea2addc2d4e6c9148a876bdf65f0adfc75742fe31c47","readerVersion":"GDAL 3.2.2","processedAt":"2026-08-11T13:43:44.753Z"},"sourceProperties":{"RCID":1280474892,"PRIM":2,"GRUP":2,"OBJL":43,"RVER":1,"AGEN":7979,"FIDN":1782750748,"FIDS":30315,"LNAM":"1F2B6A429E1C766B","VALDCO":3.5,"SCAMIN":15000,"sourceCellId":"1R7687LI","sourceChecksum":"15df29d0ae5fbc875483ea2addc2d4e6c9148a876bdf65f0adfc75742fe31c47","rawObjectClass":"DEPCNT","sourceStableId":"1F2B6A429E1C766B"}}},{"type":"Feature","geometry":{"type":"LineString","coordinates":[[3.8384467,51.2825063],[3.8385186,51.282549],[3.838487,51.2825938],[3.8385007,51.2826262],[3.8385023,51.2826836],[3.8384997,51.282743],[3.8384932,51.2827736],[3.8384872,51.282842],[3.8384844,51.2828636],[3.8384539,51.2829051],[3.8383903,51.2829542],[3.8383919,51.2829941],[3.8383757,51.2830442],[3.8383755,51.2830956],[3.838366,51.2831342],[3.8383404,51.2832091],[3.8383354,51.2832243],[3.8383233,51.283311],[3.8383223,51.2833144],[3.8383181,51.2833209],[3.8382433,51.2834049],[3.8382441,51.2834528],[3.8382299,51.2834949],[3.8382106,51.2835652],[3.8382062,51.283585],[3.8381974,51.2836647],[3.8381948,51.283675],[3.8381846,51.2837639],[3.8381843,51.283765],[3.8381863,51.2838537],[3.838186,51.2838549],[3.8381845,51.2838571],[3.8380862,51.2839455],[3.8380593,51.2840261],[3.8380577,51.2840356],[3.8380455,51.2840979],[3.8380355,51.2841257],[3.8380359,51.2841321],[3.8379779,51.2842161],[3.837973,51.2842635],[3.8379595,51.2843061],[3.8379218,51.2843873],[3.8379183,51.2843963],[3.837908,51.2844242],[3.8378723,51.2844866],[3.8378729,51.2845096],[3.8378375,51.2845767],[3.8378381,51.2846229],[3.8378295,51.2846667],[3.8378016,51.2847372],[3.8377975,51.2847569],[3.837772,51.2848312],[3.8377614,51.2848471],[3.8377616,51.2848539],[3.8377064,51.2849374],[3.8377054,51.2849809],[3.8376935,51.2850274],[3.837661,51.2851003],[3.8376554,51.2851176],[3.8376345,51.285151],[3.8375842,51.285208],[3.8375855,51.2852397],[3.8375832,51.285298],[3.837583,51.2853323],[3.8375786,51.2853879],[3.8375745,51.2854287],[3.8375509,51.285478],[3.8375233,51.2855525],[3.8375209,51.2855682],[3.8374999,51.2856381],[3.8374887,51.2856583],[3.8374889,51.2856656],[3.8374586,51.2857485],[3.8374589,51.2857758],[3.837428,51.2858386],[3.8374048,51.2859014],[3.8373962,51.2859287],[3.8373633,51.2860104],[3.8373566,51.286019],[3.8373566,51.2860233],[3.8373283,51.2861091],[3.8373289,51.286132],[3.8372958,51.2861992],[3.8372852,51.286251],[3.8372692,51.2862893],[3.8372262,51.2863538],[3.837196,51.2863798],[3.8371968,51.2863987],[3.837156,51.28647],[3.8371566,51.2865154],[3.837145,51.28656],[3.8371412,51.2866163],[3.8371398,51.28665],[3.8371133,51.2867251],[3.8371113,51.2867401],[3.837095,51.2868279],[3.8370941,51.2868301],[3.8370915,51.2868333],[3.8370161,51.2869206],[3.8370136,51.286971],[3.8370071,51.2870106],[3.8369919,51.2870759],[3.8369853,51.2871007],[3.8369615,51.2871864],[3.8369601,51.2871908],[3.8369547,51.2871977],[3.8368777,51.2872813],[3.8368793,51.2873301],[3.8368759,51.2873712],[3.836861,51.2874327],[3.8368563,51.2874613],[3.8368173,51.2875266],[3.83679,51.2875517],[3.8367892,51.2875698],[3.8367467,51.2876419],[3.8367438,51.2876899],[3.8367341,51.2877319],[3.8367321,51.2877884],[3.8367246,51.2878219],[3.8366892,51.2879068],[3.8366877,51.2879121],[3.836681,51.2879215],[3.8365973,51.2880027],[3.8365936,51.2880591],[3.8365895,51.2880927],[3.8365902,51.2881523],[3.8365803,51.2881826],[3.8365646,51.2882596],[3.836562,51.2882727],[3.8365445,51.2882994],[3.8364645,51.2883633],[3.83644,51.2884305],[3.8364346,51.2884535],[3.8364208,51.2885338],[3.8364126,51.2885435],[3.8364137,51.2886293],[3.8364128,51.2886335],[3.8364076,51.2886559],[3.8363122,51.2887241],[3.836329,51.2887746],[3.8362854,51.2888142],[3.8362899,51.2888906],[3.8362868,51.2889041],[3.8363005,51.2889748],[3.8362975,51.288994],[3.8363005,51.2890658],[3.8362986,51.2890839],[3.8362729,51.2891364],[3.8362143,51.2891744],[3.8362126,51.2892255],[3.8362217,51.2892643],[3.8362172,51.2893011],[3.8361909,51.2893544],[3.836191,51.2894089],[3.836172,51.2894445],[3.8361562,51.2895222],[3.8361559,51.2895345],[3.836148,51.2896184],[3.836148,51.2896245],[3.8361386,51.2896401],[3.8360822,51.2897149],[3.8360774,51.2897546],[3.8360742,51.2898049],[3.8360717,51.2898492],[3.8360639,51.2898949],[3.8360267,51.2899691],[3.8360189,51.2899851],[3.8360022,51.2900224],[3.8359654,51.2900754],[3.8359669,51.2900984],[3.8359118,51.2901657],[3.8358623,51.290216],[3.8358016,51.2902564],[3.8357864,51.2903051],[3.8357532,51.2903467],[3.835722,51.2903866],[3.8356563,51.2904373],[3.8356221,51.2905015],[3.8356009,51.2905276],[3.8355814,51.2905433],[3.8354432,51.2906187],[3.8354394,51.2906218],[3.8354331,51.2906227]]},"properties":{"rawObjectClass":"DEPCNT","VALDCO":3.5,"depthDatum":"Approximate LAT","depthDatumCode":42,"depthDatumStatus":"VERIFIED_FROM_OFFICIAL_DOCUMENTATION","verticalDatum":"Local Datum","verticalDatumCode":24,"napIdentityStatus":"UNVERIFIED","sourceKind":"official","sourceCellId":"1R7687LI","sourceStableId":"1F2B6A429E1C766C","sourceChecksum":"15df29d0ae5fbc875483ea2addc2d4e6c9148a876bdf65f0adfc75742fe31c47","pipelineFeatureId":"1R7687LI/DEPCNT/1280474893","provenance":{"cellId":"1R7687LI","checksum":"15df29d0ae5fbc875483ea2addc2d4e6c9148a876bdf65f0adfc75742fe31c47","readerVersion":"GDAL 3.2.2","processedAt":"2026-08-11T13:43:44.753Z"},"sourceProperties":{"RCID":1280474893,"PRIM":2,"GRUP":2,"OBJL":43,"RVER":1,"AGEN":7979,"FIDN":1782750748,"FIDS":30316,"LNAM":"1F2B6A429E1C766C","VALDCO":3.5,"SCAMIN":15000,"sourceCellId":"1R7687LI","sourceChecksum":"15df29d0ae5fbc875483ea2addc2d4e6c9148a876bdf65f0adfc75742fe31c47","rawObjectClass":"DEPCNT","sourceStableId":"1F2B6A429E1C766C"}}},{"type":"Feature","geometry":{"type":"LineString","coordinates":[[3.8271554,51.3132241],[3.8271219,51.3132483],[3.827121,51.3133245],[3.827116,51.3133382],[3.8271025,51.3134273],[3.8271021,51.3134282],[3.8271011,51.3134295],[3.8269656,51.3135191],[3.8269698,51.3136033],[3.8269661,51.3136091],[3.8269609,51.3136166],[3.8268351,51.3136999],[3.8268335,51.3137817],[3.8268262,51.3137899],[3.8268207,51.3137996],[3.8267832,51.3138139],[3.8267809,51.3137902],[3.8267726,51.3137297],[3.8266768,51.3137713]]},"properties":{"rawObjectClass":"DEPCNT","VALDCO":3.5,"depthDatum":"Approximate LAT","depthDatumCode":42,"depthDatumStatus":"VERIFIED_FROM_OFFICIAL_DOCUMENTATION","verticalDatum":"Local Datum","verticalDatumCode":24,"napIdentityStatus":"UNVERIFIED","sourceKind":"official","sourceCellId":"1R7687LI","sourceStableId":"1F2B6A429E1C766D","sourceChecksum":"15df29d0ae5fbc875483ea2addc2d4e6c9148a876bdf65f0adfc75742fe31c47","pipelineFeatureId":"1R7687LI/DEPCNT/1280474894","provenance":{"cellId":"1R7687LI","checksum":"15df29d0ae5fbc875483ea2addc2d4e6c9148a876bdf65f0adfc75742fe31c47","readerVersion":"GDAL 3.2.2","processedAt":"2026-08-11T13:43:44.753Z"},"sourceProperties":{"RCID":1280474894,"PRIM":2,"GRUP":2,"OBJL":43,"RVER":1,"AGEN":7979,"FIDN":1782750748,"FIDS":30317,"LNAM":"1F2B6A429E1C766D","VALDCO":3.5,"SCAMIN":15000,"sourceCellId":"1R7687LI","sourceChecksum":"15df29d0ae5fbc875483ea2addc2d4e6c9148a876bdf65f0adfc75742fe31c47","rawObjectClass":"DEPCNT","sourceStableId":"1F2B6A429E1C766D"}}},{"type":"Feature","geometry":{"type":"LineString","coordinates":[[3.8266193,51.3139189],[3.8266558,51.3139709],[3.82659,51.3140286],[3.8266814,51.3140281],[3.8266854,51.3140585],[3.8266839,51.3140607],[3.826682,51.3140628],[3.8265428,51.3141516],[3.8265526,51.3142346],[3.8265475,51.3142415],[3.8265419,51.3142501],[3.8264796,51.3142813],[3.8264191,51.3142424],[3.8264576,51.3142045],[3.8263982,51.3142399],[3.8263982,51.31424]]},"properties":{"rawObjectClass":"DEPCNT","VALDCO":3.5,"depthDatum":"Approximate LAT","depthDatumCode":42,"depthDatumStatus":"VERIFIED_FROM_OFFICIAL_DOCUMENTATION","verticalDatum":"Local Datum","verticalDatumCode":24,"napIdentityStatus":"UNVERIFIED","sourceKind":"official","sourceCellId":"1R7687LI","sourceStableId":"1F2B6A429E1C766E","sourceChecksum":"15df29d0ae5fbc875483ea2addc2d4e6c9148a876bdf65f0adfc75742fe31c47","pipelineFeatureId":"1R7687LI/DEPCNT/1280474895","provenance":{"cellId":"1R7687LI","checksum":"15df29d0ae5fbc875483ea2addc2d4e6c9148a876bdf65f0adfc75742fe31c47","readerVersion":"GDAL 3.2.2","processedAt":"2026-08-11T13:43:44.753Z"},"sourceProperties":{"RCID":1280474895,"PRIM":2,"GRUP":2,"OBJL":43,"RVER":1,"AGEN":7979,"FIDN":1782750748,"FIDS":30318,"LNAM":"1F2B6A429E1C766E","VALDCO":3.5,"SCAMIN":15000,"sourceCellId":"1R7687LI","sourceChecksum":"15df29d0ae5fbc875483ea2addc2d4e6c9148a876bdf65f0adfc75742fe31c47","rawObjectClass":"DEPCNT","sourceStableId":"1F2B6A429E1C766E"}}},{"type":"Feature","geometry":{"type":"LineString","coordinates":[[3.8263929,51.3142459],[3.8263928,51.314246],[3.8263668,51.3143327],[3.8262574,51.3143892]]},"properties":{"rawObjectClass":"DEPCNT","VALDCO":3.5,"depthDatum":"Approximate LAT","depthDatumCode":42,"depthDatumStatus":"VERIFIED_FROM_OFFICIAL_DOCUMENTATION","verticalDatum":"Local Datum","verticalDatumCode":24,"napIdentityStatus":"UNVERIFIED","sourceKind":"official","sourceCellId":"1R7687LI","sourceStableId":"1F2B6A429E1C766F","sourceChecksum":"15df29d0ae5fbc875483ea2addc2d4e6c9148a876bdf65f0adfc75742fe31c47","pipelineFeatureId":"1R7687LI/DEPCNT/1280474896","provenance":{"cellId":"1R7687LI","checksum":"15df29d0ae5fbc875483ea2addc2d4e6c9148a876bdf65f0adfc75742fe31c47","readerVersion":"GDAL 3.2.2","processedAt":"2026-08-11T13:43:44.753Z"},"sourceProperties":{"RCID":1280474896,"PRIM":2,"GRUP":2,"OBJL":43,"RVER":1,"AGEN":7979,"FIDN":1782750748,"FIDS":30319,"LNAM":"1F2B6A429E1C766F","VALDCO":3.5,"SCAMIN":15000,"sourceCellId":"1R7687LI","sourceChecksum":"15df29d0ae5fbc875483ea2addc2d4e6c9148a876bdf65f0adfc75742fe31c47","rawObjectClass":"DEPCNT","sourceStableId":"1F2B6A429E1C766F"}}},{"type":"Feature","geometry":{"type":"LineString","coordinates":[[3.8260385,51.3149512],[3.8260264,51.3149645],[3.8259875,51.3150514],[3.8259848,51.3150547],[3.8259829,51.3150855],[3.8259651,51.3151448],[3.8259466,51.3151686],[3.8258571,51.3152355],[3.8258425,51.3152575],[3.825764,51.3153261],[3.8257243,51.3154021],[3.8257143,51.3154163],[3.8257022,51.3154363],[3.825621,51.3155069],[3.8256011,51.315572],[3.8255744,51.3155972],[3.825562,51.3156192],[3.825465,51.3156879],[3.8254438,51.3157637],[3.825432,51.315778],[3.8254217,51.3157961],[3.8253408,51.3158686],[3.8253453,51.3159178],[3.8253101,51.3159587],[3.8252965,51.31604],[3.8252901,51.3160488],[3.8252829,51.3160563],[3.8251533,51.3161397],[3.8251557,51.3162212],[3.8251505,51.3162296],[3.8251426,51.3162372],[3.8250085,51.3163205],[3.82501,51.3164056],[3.8250074,51.3164105],[3.8250024,51.3164183],[3.8248684,51.3165014],[3.8248605,51.316509],[3.8247268,51.3165923],[3.82472,51.3166736],[3.8246194,51.316683],[3.8246884,51.3167026],[3.8245822,51.3167731],[3.8245786,51.316789],[3.8245549,51.3167881],[3.8244361,51.3168489]]},"properties":{"rawObjectClass":"DEPCNT","VALDCO":3,"depthDatum":"Approximate LAT","depthDatumCode":42,"depthDatumStatus":"VERIFIED_FROM_OFFICIAL_DOCUMENTATION","verticalDatum":"Local Datum","verticalDatumCode":24,"napIdentityStatus":"UNVERIFIED","sourceKind":"official","sourceCellId":"1R7687LI","sourceStableId":"1F2B6A429E1C7670","sourceChecksum":"15df29d0ae5fbc875483ea2addc2d4e6c9148a876bdf65f0adfc75742fe31c47","pipelineFeatureId":"1R7687LI/DEPCNT/1280474897","provenance":{"cellId":"1R7687LI","checksum":"15df29d0ae5fbc875483ea2addc2d4e6c9148a876bdf65f0adfc75742fe31c47","readerVersion":"GDAL 3.2.2","processedAt":"2026-08-11T13:43:44.753Z"},"sourceProperties":{"RCID":1280474897,"PRIM":2,"GRUP":2,"OBJL":43,"RVER":1,"AGEN":7979,"FIDN":1782750748,"FIDS":30320,"LNAM":"1F2B6A429E1C7670","VALDCO":3,"SCAMIN":50000,"sourceCellId":"1R7687LI","sourceChecksum":"15df29d0ae5fbc875483ea2addc2d4e6c9148a876bdf65f0adfc75742fe31c47","rawObjectClass":"DEPCNT","sourceStableId":"1F2B6A429E1C7670"}}},{"type":"Feature","geometry":{"type":"LineString","coordinates":[[3.8244125,51.3168794],[3.8244156,51.3169542],[3.824296,51.317032]]},"properties":{"rawObjectClass":"DEPCNT","VALDCO":3,"depthDatum":"Approximate LAT","depthDatumCode":42,"depthDatumStatus":"VERIFIED_FROM_OFFICIAL_DOCUMENTATION","verticalDatum":"Local Datum","verticalDatumCode":24,"napIdentityStatus":"UNVERIFIED","sourceKind":"official","sourceCellId":"1R7687LI","sourceStableId":"1F2B6A429E1C7671","sourceChecksum":"15df29d0ae5fbc875483ea2addc2d4e6c9148a876bdf65f0adfc75742fe31c47","pipelineFeatureId":"1R7687LI/DEPCNT/1280474898","provenance":{"cellId":"1R7687LI","checksum":"15df29d0ae5fbc875483ea2addc2d4e6c9148a876bdf65f0adfc75742fe31c47","readerVersion":"GDAL 3.2.2","processedAt":"2026-08-11T13:43:44.753Z"},"sourceProperties":{"RCID":1280474898,"PRIM":2,"GRUP":2,"OBJL":43,"RVER":1,"AGEN":7979,"FIDN":1782750748,"FIDS":30321,"LNAM":"1F2B6A429E1C7671","VALDCO":3,"SCAMIN":50000,"sourceCellId":"1R7687LI","sourceChecksum":"15df29d0ae5fbc875483ea2addc2d4e6c9148a876bdf65f0adfc75742fe31c47","rawObjectClass":"DEPCNT","sourceStableId":"1F2B6A429E1C7671"}}},{"type":"Feature","geometry":{"type":"LineString","coordinates":[[3.8242775,51.3170569],[3.824288,51.3171349],[3.8241558,51.3172223]]},"properties":{"rawObjectClass":"DEPCNT","VALDCO":3,"depthDatum":"Approximate LAT","depthDatumCode":42,"depthDatumStatus":"VERIFIED_FROM_OFFICIAL_DOCUMENTATION","verticalDatum":"Local Datum","verticalDatumCode":24,"napIdentityStatus":"UNVERIFIED","sourceKind":"official","sourceCellId":"1R7687LI","sourceStableId":"1F2B6A429E1C7672","sourceChecksum":"15df29d0ae5fbc875483ea2addc2d4e6c9148a876bdf65f0adfc75742fe31c47","pipelineFeatureId":"1R7687LI/DEPCNT/1280474899","provenance":{"cellId":"1R7687LI","checksum":"15df29d0ae5fbc875483ea2addc2d4e6c9148a876bdf65f0adfc75742fe31c47","readerVersion":"GDAL 3.2.2","processedAt":"2026-08-11T13:43:44.753Z"},"sourceProperties":{"RCID":1280474899,"PRIM":2,"GRUP":2,"OBJL":43,"RVER":1,"AGEN":7979,"FIDN":1782750748,"FIDS":30322,"LNAM":"1F2B6A429E1C7672","VALDCO":3,"SCAMIN":50000,"sourceCellId":"1R7687LI","sourceChecksum":"15df29d0ae5fbc875483ea2addc2d4e6c9148a876bdf65f0adfc75742fe31c47","rawObjectClass":"DEPCNT","sourceStableId":"1F2B6A429E1C7672"}}},{"type":"Feature","geometry":{"type":"LineString","coordinates":[[3.8241514,51.3172286],[3.8241513,51.3172287],[3.8241564,51.3172551],[3.8242079,51.3172834],[3.824165,51.3173156],[3.8241718,51.3173975],[3.8241645,51.3174055],[3.8241593,51.3174141],[3.8240669,51.3174961],[3.8240693,51.3175541],[3.8240457,51.3175862],[3.8240194,51.3176133],[3.8239267,51.317677],[3.8238814,51.3177655],[3.8238801,51.3177672],[3.8238786,51.3177686],[3.8237811,51.3178578],[3.8237376,51.317907],[3.8236954,51.3179484],[3.823596,51.3180104],[3.8235497,51.3180103],[3.8234524,51.3180066],[3.8233571,51.3179761]]},"properties":{"rawObjectClass":"DEPCNT","VALDCO":3,"depthDatum":"Approximate LAT","depthDatumCode":42,"depthDatumStatus":"VERIFIED_FROM_OFFICIAL_DOCUMENTATION","verticalDatum":"Local Datum","verticalDatumCode":24,"napIdentityStatus":"UNVERIFIED","sourceKind":"official","sourceCellId":"1R7687LI","sourceStableId":"1F2B6A429E1C7673","sourceChecksum":"15df29d0ae5fbc875483ea2addc2d4e6c9148a876bdf65f0adfc75742fe31c47","pipelineFeatureId":"1R7687LI/DEPCNT/1280474900","provenance":{"cellId":"1R7687LI","checksum":"15df29d0ae5fbc875483ea2addc2d4e6c9148a876bdf65f0adfc75742fe31c47","readerVersion":"GDAL 3.2.2","processedAt":"2026-08-11T13:43:44.753Z"},"sourceProperties":{"RCID":1280474900,"PRIM":2,"GRUP":2,"OBJL":43,"RVER":1,"AGEN":7979,"FIDN":1782750748,"FIDS":30323,"LNAM":"1F2B6A429E1C7673","VALDCO":3,"SCAMIN":50000,"sourceCellId":"1R7687LI","sourceChecksum":"15df29d0ae5fbc875483ea2addc2d4e6c9148a876bdf65f0adfc75742fe31c47","rawObjectClass":"DEPCNT","sourceStableId":"1F2B6A429E1C7673"}}},{"type":"Feature","geometry":{"type":"LineString","coordinates":[[3.8332524,51.3037547],[3.8332524,51.3037546],[3.8332388,51.3037352],[3.833229,51.3036787],[3.833231,51.3036732],[3.8332373,51.3036526],[3.8333619,51.3035823],[3.8333398,51.3035167],[3.8333493,51.3034925],[3.8333403,51.3034254],[3.8333602,51.3034025],[3.8333556,51.3033247],[3.8333606,51.3033126],[3.8333591,51.3032314],[3.8333604,51.3032227],[3.8333674,51.3031352],[3.8333682,51.3031327],[3.8333712,51.3031284],[3.833496,51.3030419],[3.8335002,51.3029591],[3.8335025,51.3029519],[3.8335028,51.3028665],[3.8335046,51.3028619],[3.8335063,51.3027732],[3.8335066,51.302772],[3.8335081,51.3027643],[3.833603,51.3027112],[3.8336051,51.3027713],[3.8336306,51.3027845],[3.8336392,51.3027822]]},"properties":{"rawObjectClass":"DEPCNT","VALDCO":3,"depthDatum":"Approximate LAT","depthDatumCode":42,"depthDatumStatus":"VERIFIED_FROM_OFFICIAL_DOCUMENTATION","verticalDatum":"Local Datum","verticalDatumCode":24,"napIdentityStatus":"UNVERIFIED","sourceKind":"official","sourceCellId":"1R7687LI","sourceStableId":"1F2B6A429E1C7674","sourceChecksum":"15df29d0ae5fbc875483ea2addc2d4e6c9148a876bdf65f0adfc75742fe31c47","pipelineFeatureId":"1R7687LI/DEPCNT/1280474901","provenance":{"cellId":"1R7687LI","checksum":"15df29d0ae5fbc875483ea2addc2d4e6c9148a876bdf65f0adfc75742fe31c47","readerVersion":"GDAL 3.2.2","processedAt":"2026-08-11T13:43:44.753Z"},"sourceProperties":{"RCID":1280474901,"PRIM":2,"GRUP":2,"OBJL":43,"RVER":1,"AGEN":7979,"FIDN":1782750748,"FIDS":30324,"LNAM":"1F2B6A429E1C7674","VALDCO":3,"SCAMIN":50000,"sourceCellId":"1R7687LI","sourceChecksum":"15df29d0ae5fbc875483ea2addc2d4e6c9148a876bdf65f0adfc75742fe31c47","rawObjectClass":"DEPCNT","sourceStableId":"1F2B6A429E1C7674"}}},{"type":"Feature","geometry":{"type":"LineString","coordinates":[[3.8385855,51.2822069],[3.8385975,51.2822333],[3.8385994,51.2823152],[3.8385994,51.2823232],[3.8385875,51.2823627],[3.8384478,51.2823243],[3.8384426,51.2822804]]},"properties":{"rawObjectClass":"DEPCNT","VALDCO":3,"depthDatum":"Approximate LAT","depthDatumCode":42,"depthDatumStatus":"VERIFIED_FROM_OFFICIAL_DOCUMENTATION","verticalDatum":"Local Datum","verticalDatumCode":24,"napIdentityStatus":"UNVERIFIED","sourceKind":"official","sourceCellId":"1R7687LI","sourceStableId":"1F2B6A429E1C7675","sourceChecksum":"15df29d0ae5fbc875483ea2addc2d4e6c9148a876bdf65f0adfc75742fe31c47","pipelineFeatureId":"1R7687LI/DEPCNT/1280474902","provenance":{"cellId":"1R7687LI","checksum":"15df29d0ae5fbc875483ea2addc2d4e6c9148a876bdf65f0adfc75742fe31c47","readerVersion":"GDAL 3.2.2","processedAt":"2026-08-11T13:43:44.753Z"},"sourceProperties":{"RCID":1280474902,"PRIM":2,"GRUP":2,"OBJL":43,"RVER":1,"AGEN":7979,"FIDN":1782750748,"FIDS":30325,"LNAM":"1F2B6A429E1C7675","VALDCO":3,"SCAMIN":50000,"sourceCellId":"1R7687LI","sourceChecksum":"15df29d0ae5fbc875483ea2addc2d4e6c9148a876bdf65f0adfc75742fe31c47","rawObjectClass":"DEPCNT","sourceStableId":"1F2B6A429E1C7675"}}},{"type":"Feature","geometry":{"type":"LineString","coordinates":[[3.8347358,51.2994995],[3.8347348,51.2994387],[3.8347367,51.2994361],[3.8347351,51.2993475],[3.8347357,51.2993462],[3.834737,51.2993411],[3.8347461,51.2993404],[3.8347981,51.2993184]]},"properties":{"rawObjectClass":"DEPCNT","VALDCO":3,"depthDatum":"Approximate LAT","depthDatumCode":42,"depthDatumStatus":"VERIFIED_FROM_OFFICIAL_DOCUMENTATION","verticalDatum":"Local Datum","verticalDatumCode":24,"napIdentityStatus":"UNVERIFIED","sourceKind":"official","sourceCellId":"1R7687LI","sourceStableId":"1F2B6A429E1C7676","sourceChecksum":"15df29d0ae5fbc875483ea2addc2d4e6c9148a876bdf65f0adfc75742fe31c47","pipelineFeatureId":"1R7687LI/DEPCNT/1280474903","provenance":{"cellId":"1R7687LI","checksum":"15df29d0ae5fbc875483ea2addc2d4e6c9148a876bdf65f0adfc75742fe31c47","readerVersion":"GDAL 3.2.2","processedAt":"2026-08-11T13:43:44.753Z"},"sourceProperties":{"RCID":1280474903,"PRIM":2,"GRUP":2,"OBJL":43,"RVER":1,"AGEN":7979,"FIDN":1782750748,"FIDS":30326,"LNAM":"1F2B6A429E1C7676","VALDCO":3,"SCAMIN":50000,"sourceCellId":"1R7687LI","sourceChecksum":"15df29d0ae5fbc875483ea2addc2d4e6c9148a876bdf65f0adfc75742fe31c47","rawObjectClass":"DEPCNT","sourceStableId":"1F2B6A429E1C7676"}}},{"type":"Feature","geometry":{"type":"LineString","coordinates":[[3.8283255,51.3110986],[3.828212,51.3111723],[3.8282127,51.3111751],[3.8282125,51.3112623],[3.8282129,51.3112641],[3.828219,51.3113521],[3.8282116,51.3113577],[3.828078,51.3114431],[3.8280698,51.3114489]]},"properties":{"rawObjectClass":"DEPCNT","VALDCO":3,"depthDatum":"Approximate LAT","depthDatumCode":42,"depthDatumStatus":"VERIFIED_FROM_OFFICIAL_DOCUMENTATION","verticalDatum":"Local Datum","verticalDatumCode":24,"napIdentityStatus":"UNVERIFIED","sourceKind":"official","sourceCellId":"1R7687LI","sourceStableId":"1F2B6A429E1C7677","sourceChecksum":"15df29d0ae5fbc875483ea2addc2d4e6c9148a876bdf65f0adfc75742fe31c47","pipelineFeatureId":"1R7687LI/DEPCNT/1280474904","provenance":{"cellId":"1R7687LI","checksum":"15df29d0ae5fbc875483ea2addc2d4e6c9148a876bdf65f0adfc75742fe31c47","readerVersion":"GDAL 3.2.2","processedAt":"2026-08-11T13:43:44.753Z"},"sourceProperties":{"RCID":1280474904,"PRIM":2,"GRUP":2,"OBJL":43,"RVER":1,"AGEN":7979,"FIDN":1782750748,"FIDS":30327,"LNAM":"1F2B6A429E1C7677","VALDCO":3,"SCAMIN":50000,"sourceCellId":"1R7687LI","sourceChecksum":"15df29d0ae5fbc875483ea2addc2d4e6c9148a876bdf65f0adfc75742fe31c47","rawObjectClass":"DEPCNT","sourceStableId":"1F2B6A429E1C7677"}}},{"type":"Feature","geometry":{"type":"LineString","coordinates":[[3.8279299,51.3116237],[3.8279301,51.311624],[3.8279302,51.3116244],[3.8279336,51.3117139],[3.8279311,51.3117157]]},"properties":{"rawObjectClass":"DEPCNT","VALDCO":3,"depthDatum":"Approximate LAT","depthDatumCode":42,"depthDatumStatus":"VERIFIED_FROM_OFFICIAL_DOCUMENTATION","verticalDatum":"Local Datum","verticalDatumCode":24,"napIdentityStatus":"UNVERIFIED","sourceKind":"official","sourceCellId":"1R7687LI","sourceStableId":"1F2B6A429E1C7678","sourceChecksum":"15df29d0ae5fbc875483ea2addc2d4e6c9148a876bdf65f0adfc75742fe31c47","pipelineFeatureId":"1R7687LI/DEPCNT/1280474905","provenance":{"cellId":"1R7687LI","checksum":"15df29d0ae5fbc875483ea2addc2d4e6c9148a876bdf65f0adfc75742fe31c47","readerVersion":"GDAL 3.2.2","processedAt":"2026-08-11T13:43:44.753Z"},"sourceProperties":{"RCID":1280474905,"PRIM":2,"GRUP":2,"OBJL":43,"RVER":1,"AGEN":7979,"FIDN":1782750748,"FIDS":30328,"LNAM":"1F2B6A429E1C7678","VALDCO":3,"SCAMIN":50000,"sourceCellId":"1R7687LI","sourceChecksum":"15df29d0ae5fbc875483ea2addc2d4e6c9148a876bdf65f0adfc75742fe31c47","rawObjectClass":"DEPCNT","sourceStableId":"1F2B6A429E1C7678"}}},{"type":"Feature","geometry":{"type":"LineString","coordinates":[[3.8373188,51.2919949],[3.8373239,51.2919566],[3.8373263,51.2919541],[3.8373173,51.2918699],[3.8373194,51.2918642],[3.8373142,51.291781],[3.8373152,51.2917743],[3.8373243,51.2917489],[3.8374251,51.2916863]]},"properties":{"rawObjectClass":"DEPCNT","VALDCO":3,"depthDatum":"Approximate LAT","depthDatumCode":42,"depthDatumStatus":"VERIFIED_FROM_OFFICIAL_DOCUMENTATION","verticalDatum":"Local Datum","verticalDatumCode":24,"napIdentityStatus":"UNVERIFIED","sourceKind":"official","sourceCellId":"1R7687LI","sourceStableId":"1F2B6A429E1C7679","sourceChecksum":"15df29d0ae5fbc875483ea2addc2d4e6c9148a876bdf65f0adfc75742fe31c47","pipelineFeatureId":"1R7687LI/DEPCNT/1280474907","provenance":{"cellId":"1R7687LI","checksum":"15df29d0ae5fbc875483ea2addc2d4e6c9148a876bdf65f0adfc75742fe31c47","readerVersion":"GDAL 3.2.2","processedAt":"2026-08-11T13:43:44.753Z"},"sourceProperties":{"RCID":1280474907,"PRIM":2,"GRUP":2,"OBJL":43,"RVER":1,"AGEN":7979,"FIDN":1782750748,"FIDS":30329,"LNAM":"1F2B6A429E1C7679","VALDCO":3,"SCAMIN":50000,"sourceCellId":"1R7687LI","sourceChecksum":"15df29d0ae5fbc875483ea2addc2d4e6c9148a876bdf65f0adfc75742fe31c47","rawObjectClass":"DEPCNT","sourceStableId":"1F2B6A429E1C7679"}}},{"type":"Feature","geometry":{"type":"LineString","coordinates":[[3.8374285,51.2916766],[3.8374214,51.2916213],[3.8374538,51.2915935],[3.8374534,51.2915864],[3.8374493,51.2915036],[3.8374468,51.291423],[3.8374496,51.2914136],[3.8374607,51.291363],[3.8375187,51.2913232],[3.8375147,51.2912885],[3.8375626,51.291233],[3.8375596,51.2911687],[3.8375789,51.291143],[3.837574,51.2910686],[3.8375795,51.291053],[3.8375776,51.2909753],[3.8375814,51.2909631],[3.8375962,51.2909313],[3.8376809,51.2908725],[3.8376762,51.2908211],[3.8377078,51.2907823],[3.8377042,51.2907122],[3.8377078,51.2906924],[3.8377046,51.290621],[3.8377068,51.2906025],[3.837733,51.2905656],[3.8378189,51.2905118],[3.8378277,51.290451],[3.8378495,51.2904216],[3.8378432,51.2904027],[3.8378492,51.2903317],[3.8378479,51.2903167],[3.8378454,51.2902418],[3.8378698,51.2902018],[3.8379487,51.2901512],[3.8379573,51.290117],[3.8379364,51.2900613],[3.8379471,51.2900106],[3.8379553,51.2899713],[3.8379701,51.2899049],[3.8379882,51.2898811],[3.8380069,51.2898588],[3.838115,51.2897915]]},"properties":{"rawObjectClass":"DEPCNT","VALDCO":3,"depthDatum":"Approximate LAT","depthDatumCode":42,"depthDatumStatus":"VERIFIED_FROM_OFFICIAL_DOCUMENTATION","verticalDatum":"Local Datum","verticalDatumCode":24,"napIdentityStatus":"UNVERIFIED","sourceKind":"official","sourceCellId":"1R7687LI","sourceStableId":"1F2B6A429E1C767A","sourceChecksum":"15df29d0ae5fbc875483ea2addc2d4e6c9148a876bdf65f0adfc75742fe31c47","pipelineFeatureId":"1R7687LI/DEPCNT/1280474908","provenance":{"cellId":"1R7687LI","checksum":"15df29d0ae5fbc875483ea2addc2d4e6c9148a876bdf65f0adfc75742fe31c47","readerVersion":"GDAL 3.2.2","processedAt":"2026-08-11T13:43:44.753Z"},"sourceProperties":{"RCID":1280474908,"PRIM":2,"GRUP":2,"OBJL":43,"RVER":1,"AGEN":7979,"FIDN":1782750748,"FIDS":30330,"LNAM":"1F2B6A429E1C767A","VALDCO":3,"SCAMIN":50000,"sourceCellId":"1R7687LI","sourceChecksum":"15df29d0ae5fbc875483ea2addc2d4e6c9148a876bdf65f0adfc75742fe31c47","rawObjectClass":"DEPCNT","sourceStableId":"1F2B6A429E1C767A"}}},{"type":"Feature","geometry":{"type":"LineString","coordinates":[[3.838117,51.2897868],[3.8381197,51.2897179],[3.8381351,51.2897002],[3.8381375,51.2896155],[3.8381388,51.2896103],[3.8381407,51.2895225],[3.8381412,51.2895203],[3.8381441,51.2895156],[3.8382661,51.2894295],[3.8382551,51.2893582],[3.8382687,51.2893396],[3.8382664,51.28926],[3.8382687,51.2892496],[3.8382824,51.2892347],[3.8383818,51.2891731]]},"properties":{"rawObjectClass":"DEPCNT","VALDCO":3,"depthDatum":"Approximate LAT","depthDatumCode":42,"depthDatumStatus":"VERIFIED_FROM_OFFICIAL_DOCUMENTATION","verticalDatum":"Local Datum","verticalDatumCode":24,"napIdentityStatus":"UNVERIFIED","sourceKind":"official","sourceCellId":"1R7687LI","sourceStableId":"1F2B6A429E1C767B","sourceChecksum":"15df29d0ae5fbc875483ea2addc2d4e6c9148a876bdf65f0adfc75742fe31c47","pipelineFeatureId":"1R7687LI/DEPCNT/1280474909","provenance":{"cellId":"1R7687LI","checksum":"15df29d0ae5fbc875483ea2addc2d4e6c9148a876bdf65f0adfc75742fe31c47","readerVersion":"GDAL 3.2.2","processedAt":"2026-08-11T13:43:44.753Z"},"sourceProperties":{"RCID":1280474909,"PRIM":2,"GRUP":2,"OBJL":43,"RVER":1,"AGEN":7979,"FIDN":1782750748,"FIDS":30331,"LNAM":"1F2B6A429E1C767B","VALDCO":3,"SCAMIN":50000,"sourceCellId":"1R7687LI","sourceChecksum":"15df29d0ae5fbc875483ea2addc2d4e6c9148a876bdf65f0adfc75742fe31c47","rawObjectClass":"DEPCNT","sourceStableId":"1F2B6A429E1C767B"}}},{"type":"Feature","geometry":{"type":"LineString","coordinates":[[3.838403,51.289124],[3.8384006,51.2890829],[3.8384025,51.2890688],[3.8384045,51.2889895],[3.838408,51.2889789],[3.8384069,51.2888969],[3.8384088,51.2888889],[3.838419,51.2888581],[3.8385209,51.2887982],[3.8385298,51.2887271],[3.8385484,51.2887081],[3.8385485,51.2886242],[3.8385526,51.2886182],[3.8385579,51.2886107],[3.8386477,51.288554]]},"properties":{"rawObjectClass":"DEPCNT","VALDCO":3,"depthDatum":"Approximate LAT","depthDatumCode":42,"depthDatumStatus":"VERIFIED_FROM_OFFICIAL_DOCUMENTATION","verticalDatum":"Local Datum","verticalDatumCode":24,"napIdentityStatus":"UNVERIFIED","sourceKind":"official","sourceCellId":"1R7687LI","sourceStableId":"1F2B6A429E1C767C","sourceChecksum":"15df29d0ae5fbc875483ea2addc2d4e6c9148a876bdf65f0adfc75742fe31c47","pipelineFeatureId":"1R7687LI/DEPCNT/1280474910","provenance":{"cellId":"1R7687LI","checksum":"15df29d0ae5fbc875483ea2addc2d4e6c9148a876bdf65f0adfc75742fe31c47","readerVersion":"GDAL 3.2.2","processedAt":"2026-08-11T13:43:44.753Z"},"sourceProperties":{"RCID":1280474910,"PRIM":2,"GRUP":2,"OBJL":43,"RVER":1,"AGEN":7979,"FIDN":1782750748,"FIDS":30332,"LNAM":"1F2B6A429E1C767C","VALDCO":3,"SCAMIN":50000,"sourceCellId":"1R7687LI","sourceChecksum":"15df29d0ae5fbc875483ea2addc2d4e6c9148a876bdf65f0adfc75742fe31c47","rawObjectClass":"DEPCNT","sourceStableId":"1F2B6A429E1C767C"}}},{"type":"Feature","geometry":{"type":"LineString","coordinates":[[3.8386839,51.2884759],[3.8386814,51.2884374],[3.8386965,51.2883501]]},"properties":{"rawObjectClass":"DEPCNT","VALDCO":3,"depthDatum":"Approximate LAT","depthDatumCode":42,"depthDatumStatus":"VERIFIED_FROM_OFFICIAL_DOCUMENTATION","verticalDatum":"Local Datum","verticalDatumCode":24,"napIdentityStatus":"UNVERIFIED","sourceKind":"official","sourceCellId":"1R7687LI","sourceStableId":"1F2B6A429E1C767D","sourceChecksum":"15df29d0ae5fbc875483ea2addc2d4e6c9148a876bdf65f0adfc75742fe31c47","pipelineFeatureId":"1R7687LI/DEPCNT/1280474911","provenance":{"cellId":"1R7687LI","checksum":"15df29d0ae5fbc875483ea2addc2d4e6c9148a876bdf65f0adfc75742fe31c47","readerVersion":"GDAL 3.2.2","processedAt":"2026-08-11T13:43:44.753Z"},"sourceProperties":{"RCID":1280474911,"PRIM":2,"GRUP":2,"OBJL":43,"RVER":1,"AGEN":7979,"FIDN":1782750748,"FIDS":30333,"LNAM":"1F2B6A429E1C767D","VALDCO":3,"SCAMIN":50000,"sourceCellId":"1R7687LI","sourceChecksum":"15df29d0ae5fbc875483ea2addc2d4e6c9148a876bdf65f0adfc75742fe31c47","rawObjectClass":"DEPCNT","sourceStableId":"1F2B6A429E1C767D"}}},{"type":"Feature","geometry":{"type":"LineString","coordinates":[[3.8267537,51.3136509],[3.8267617,51.3137004],[3.8266762,51.3137376]]},"properties":{"rawObjectClass":"DEPCNT","VALDCO":3,"depthDatum":"Approximate LAT","depthDatumCode":42,"depthDatumStatus":"VERIFIED_FROM_OFFICIAL_DOCUMENTATION","verticalDatum":"Local Datum","verticalDatumCode":24,"napIdentityStatus":"UNVERIFIED","sourceKind":"official","sourceCellId":"1R7687LI","sourceStableId":"1F2B6A429E1C767E","sourceChecksum":"15df29d0ae5fbc875483ea2addc2d4e6c9148a876bdf65f0adfc75742fe31c47","pipelineFeatureId":"1R7687LI/DEPCNT/1280474912","provenance":{"cellId":"1R7687LI","checksum":"15df29d0ae5fbc875483ea2addc2d4e6c9148a876bdf65f0adfc75742fe31c47","readerVersion":"GDAL 3.2.2","processedAt":"2026-08-11T13:43:44.753Z"},"sourceProperties":{"RCID":1280474912,"PRIM":2,"GRUP":2,"OBJL":43,"RVER":1,"AGEN":7979,"FIDN":1782750748,"FIDS":30334,"LNAM":"1F2B6A429E1C767E","VALDCO":3,"SCAMIN":50000,"sourceCellId":"1R7687LI","sourceChecksum":"15df29d0ae5fbc875483ea2addc2d4e6c9148a876bdf65f0adfc75742fe31c47","rawObjectClass":"DEPCNT","sourceStableId":"1F2B6A429E1C767E"}}},{"type":"Feature","geometry":{"type":"LineString","coordinates":[[3.8341521,51.3011972],[3.8341057,51.3011491],[3.8340953,51.3011222],[3.83418,51.3010587],[3.8341786,51.3009778],[3.8341813,51.3009688],[3.8341839,51.3008834],[3.8341859,51.3008788],[3.8341895,51.3007899],[3.834273,51.3008456]]},"properties":{"rawObjectClass":"DEPCNT","VALDCO":3,"depthDatum":"Approximate LAT","depthDatumCode":42,"depthDatumStatus":"VERIFIED_FROM_OFFICIAL_DOCUMENTATION","verticalDatum":"Local Datum","verticalDatumCode":24,"napIdentityStatus":"UNVERIFIED","sourceKind":"official","sourceCellId":"1R7687LI","sourceStableId":"1F2B6A429E1C767F","sourceChecksum":"15df29d0ae5fbc875483ea2addc2d4e6c9148a876bdf65f0adfc75742fe31c47","pipelineFeatureId":"1R7687LI/DEPCNT/1280474913","provenance":{"cellId":"1R7687LI","checksum":"15df29d0ae5fbc875483ea2addc2d4e6c9148a876bdf65f0adfc75742fe31c47","readerVersion":"GDAL 3.2.2","processedAt":"2026-08-11T13:43:44.753Z"},"sourceProperties":{"RCID":1280474913,"PRIM":2,"GRUP":2,"OBJL":43,"RVER":1,"AGEN":7979,"FIDN":1782750748,"FIDS":30335,"LNAM":"1F2B6A429E1C767F","VALDCO":3,"SCAMIN":50000,"sourceCellId":"1R7687LI","sourceChecksum":"15df29d0ae5fbc875483ea2addc2d4e6c9148a876bdf65f0adfc75742fe31c47","rawObjectClass":"DEPCNT","sourceStableId":"1F2B6A429E1C767F"}}},{"type":"Feature","geometry":{"type":"LineString","coordinates":[[3.8262996,51.3143057],[3.8262995,51.3143058],[3.8262913,51.3143332],[3.8262567,51.314351]]},"properties":{"rawObjectClass":"DEPCNT","VALDCO":3,"depthDatum":"Approximate LAT","depthDatumCode":42,"depthDatumStatus":"VERIFIED_FROM_OFFICIAL_DOCUMENTATION","verticalDatum":"Local Datum","verticalDatumCode":24,"napIdentityStatus":"UNVERIFIED","sourceKind":"official","sourceCellId":"1R7687LI","sourceStableId":"1F2B6A429E1C7680","sourceChecksum":"15df29d0ae5fbc875483ea2addc2d4e6c9148a876bdf65f0adfc75742fe31c47","pipelineFeatureId":"1R7687LI/DEPCNT/1280474914","provenance":{"cellId":"1R7687LI","checksum":"15df29d0ae5fbc875483ea2addc2d4e6c9148a876bdf65f0adfc75742fe31c47","readerVersion":"GDAL 3.2.2","processedAt":"2026-08-11T13:43:44.753Z"},"sourceProperties":{"RCID":1280474914,"PRIM":2,"GRUP":2,"OBJL":43,"RVER":1,"AGEN":7979,"FIDN":1782750748,"FIDS":30336,"LNAM":"1F2B6A429E1C7680","VALDCO":3,"SCAMIN":50000,"sourceCellId":"1R7687LI","sourceChecksum":"15df29d0ae5fbc875483ea2addc2d4e6c9148a876bdf65f0adfc75742fe31c47","rawObjectClass":"DEPCNT","sourceStableId":"1F2B6A429E1C7680"}}},{"type":"Feature","geometry":{"type":"LineString","coordinates":[[3.8401748,51.284991],[3.8401736,51.2849852],[3.8401762,51.2849197],[3.840175,51.2848518],[3.8401824,51.2848297],[3.8401811,51.2847569],[3.8401873,51.2847398],[3.8402074,51.2847014],[3.8402889,51.2846491],[3.8402879,51.2845975],[3.8402974,51.2845591],[3.8402988,51.2844995],[3.8403201,51.284469],[3.840326,51.2843911],[3.8403436,51.2843089],[3.8403898,51.2842887],[3.8404054,51.2842492],[3.8404596,51.2842037]]},"properties":{"rawObjectClass":"DEPCNT","VALDCO":3,"depthDatum":"Approximate LAT","depthDatumCode":42,"depthDatumStatus":"VERIFIED_FROM_OFFICIAL_DOCUMENTATION","verticalDatum":"Local Datum","verticalDatumCode":24,"napIdentityStatus":"UNVERIFIED","sourceKind":"official","sourceCellId":"1R7687LI","sourceStableId":"1F2B6A429E1C7681","sourceChecksum":"15df29d0ae5fbc875483ea2addc2d4e6c9148a876bdf65f0adfc75742fe31c47","pipelineFeatureId":"1R7687LI/DEPCNT/1280474915","provenance":{"cellId":"1R7687LI","checksum":"15df29d0ae5fbc875483ea2addc2d4e6c9148a876bdf65f0adfc75742fe31c47","readerVersion":"GDAL 3.2.2","processedAt":"2026-08-11T13:43:44.753Z"},"sourceProperties":{"RCID":1280474915,"PRIM":2,"GRUP":2,"OBJL":43,"RVER":1,"AGEN":7979,"FIDN":1782750748,"FIDS":30337,"LNAM":"1F2B6A429E1C7681","VALDCO":3,"SCAMIN":50000,"sourceCellId":"1R7687LI","sourceChecksum":"15df29d0ae5fbc875483ea2addc2d4e6c9148a876bdf65f0adfc75742fe31c47","rawObjectClass":"DEPCNT","sourceStableId":"1F2B6A429E1C7681"}}},{"type":"Feature","geometry":{"type":"LineString","coordinates":[[3.8404637,51.2841921],[3.8404402,51.2841358],[3.8404638,51.2841083],[3.8404617,51.2840311],[3.8404638,51.2840184],[3.8404631,51.2839392],[3.8404661,51.2839285],[3.8404792,51.283883],[3.8405495,51.2838379],[3.840553,51.2837906],[3.840583,51.2837478],[3.8405752,51.2836854],[3.8405952,51.2836578],[3.8405893,51.2835854],[3.8406063,51.2834835],[3.8406092,51.2834778],[3.8406149,51.2834591],[3.8406676,51.2833875],[3.8406644,51.2833552],[3.84069,51.2832974],[3.8406806,51.2832511],[3.8406762,51.2832076],[3.8406742,51.283167],[3.8406972,51.2831175],[3.8407332,51.2830382],[3.8407407,51.2830273],[3.8407497,51.2829889],[3.8407812,51.282937],[3.8407784,51.2829183],[3.8408151,51.2828469],[3.8408133,51.2828049],[3.8408298,51.2827568],[3.8408872,51.2826665],[3.8408872,51.2826664],[3.8409166,51.2825764],[3.8409159,51.2825571],[3.8409531,51.2824862],[3.8409524,51.2824428],[3.8409729,51.2823961],[3.8409629,51.282345],[3.8409811,51.2823061],[3.8410232,51.2822609],[3.8410864,51.2822605]]},"properties":{"rawObjectClass":"DEPCNT","VALDCO":3,"depthDatum":"Approximate LAT","depthDatumCode":42,"depthDatumStatus":"VERIFIED_FROM_OFFICIAL_DOCUMENTATION","verticalDatum":"Local Datum","verticalDatumCode":24,"napIdentityStatus":"UNVERIFIED","sourceKind":"official","sourceCellId":"1R7687LI","sourceStableId":"1F2B6A429E1C7682","sourceChecksum":"15df29d0ae5fbc875483ea2addc2d4e6c9148a876bdf65f0adfc75742fe31c47","pipelineFeatureId":"1R7687LI/DEPCNT/1280474916","provenance":{"cellId":"1R7687LI","checksum":"15df29d0ae5fbc875483ea2addc2d4e6c9148a876bdf65f0adfc75742fe31c47","readerVersion":"GDAL 3.2.2","processedAt":"2026-08-11T13:43:44.753Z"},"sourceProperties":{"RCID":1280474916,"PRIM":2,"GRUP":2,"OBJL":43,"RVER":1,"AGEN":7979,"FIDN":1782750748,"FIDS":30338,"LNAM":"1F2B6A429E1C7682","VALDCO":3,"SCAMIN":50000,"sourceCellId":"1R7687LI","sourceChecksum":"15df29d0ae5fbc875483ea2addc2d4e6c9148a876bdf65f0adfc75742fe31c47","rawObjectClass":"DEPCNT","sourceStableId":"1F2B6A429E1C7682"}}},{"type":"Feature","geometry":{"type":"LineString","coordinates":[[3.8273328,51.312734],[3.8273419,51.3127971],[3.8272343,51.3128623]]},"properties":{"rawObjectClass":"DEPCNT","VALDCO":3,"depthDatum":"Approximate LAT","depthDatumCode":42,"depthDatumStatus":"VERIFIED_FROM_OFFICIAL_DOCUMENTATION","verticalDatum":"Local Datum","verticalDatumCode":24,"napIdentityStatus":"UNVERIFIED","sourceKind":"official","sourceCellId":"1R7687LI","sourceStableId":"1F2B6A429E1C7683","sourceChecksum":"15df29d0ae5fbc875483ea2addc2d4e6c9148a876bdf65f0adfc75742fe31c47","pipelineFeatureId":"1R7687LI/DEPCNT/1280474917","provenance":{"cellId":"1R7687LI","checksum":"15df29d0ae5fbc875483ea2addc2d4e6c9148a876bdf65f0adfc75742fe31c47","readerVersion":"GDAL 3.2.2","processedAt":"2026-08-11T13:43:44.753Z"},"sourceProperties":{"RCID":1280474917,"PRIM":2,"GRUP":2,"OBJL":43,"RVER":1,"AGEN":7979,"FIDN":1782750748,"FIDS":30339,"LNAM":"1F2B6A429E1C7683","VALDCO":3,"SCAMIN":50000,"sourceCellId":"1R7687LI","sourceChecksum":"15df29d0ae5fbc875483ea2addc2d4e6c9148a876bdf65f0adfc75742fe31c47","rawObjectClass":"DEPCNT","sourceStableId":"1F2B6A429E1C7683"}}},{"type":"Feature","geometry":{"type":"LineString","coordinates":[[3.8302674,51.3060176],[3.8302805,51.3060321],[3.8302881,51.3061101],[3.8302819,51.306122],[3.8302967,51.3061955],[3.8302887,51.3062119],[3.8302895,51.3062911],[3.8302732,51.3063412],[3.8301999,51.3063924],[3.830197,51.3064413],[3.8301674,51.3064825],[3.8301603,51.3065558],[3.8301486,51.3065726],[3.8301355,51.3066557],[3.8301316,51.3066626],[3.8299933,51.306729]]},"properties":{"rawObjectClass":"DEPCNT","VALDCO":3,"depthDatum":"Approximate LAT","depthDatumCode":42,"depthDatumStatus":"VERIFIED_FROM_OFFICIAL_DOCUMENTATION","verticalDatum":"Local Datum","verticalDatumCode":24,"napIdentityStatus":"UNVERIFIED","sourceKind":"official","sourceCellId":"1R7687LI","sourceStableId":"1F2B6A429E1C7684","sourceChecksum":"15df29d0ae5fbc875483ea2addc2d4e6c9148a876bdf65f0adfc75742fe31c47","pipelineFeatureId":"1R7687LI/DEPCNT/1280474918","provenance":{"cellId":"1R7687LI","checksum":"15df29d0ae5fbc875483ea2addc2d4e6c9148a876bdf65f0adfc75742fe31c47","readerVersion":"GDAL 3.2.2","processedAt":"2026-08-11T13:43:44.753Z"},"sourceProperties":{"RCID":1280474918,"PRIM":2,"GRUP":2,"OBJL":43,"RVER":1,"AGEN":7979,"FIDN":1782750748,"FIDS":30340,"LNAM":"1F2B6A429E1C7684","VALDCO":3,"SCAMIN":50000,"sourceCellId":"1R7687LI","sourceChecksum":"15df29d0ae5fbc875483ea2addc2d4e6c9148a876bdf65f0adfc75742fe31c47","rawObjectClass":"DEPCNT","sourceStableId":"1F2B6A429E1C7684"}}},{"type":"Feature","geometry":{"type":"LineString","coordinates":[[3.82996,51.3068662],[3.8299605,51.3069336],[3.82996,51.3069996],[3.8299627,51.3070235],[3.8298563,51.3070845],[3.8298563,51.3070846]]},"properties":{"rawObjectClass":"DEPCNT","VALDCO":3,"depthDatum":"Approximate LAT","depthDatumCode":42,"depthDatumStatus":"VERIFIED_FROM_OFFICIAL_DOCUMENTATION","verticalDatum":"Local Datum","verticalDatumCode":24,"napIdentityStatus":"UNVERIFIED","sourceKind":"official","sourceCellId":"1R7687LI","sourceStableId":"1F2B6A429E1C7685","sourceChecksum":"15df29d0ae5fbc875483ea2addc2d4e6c9148a876bdf65f0adfc75742fe31c47","pipelineFeatureId":"1R7687LI/DEPCNT/1280474919","provenance":{"cellId":"1R7687LI","checksum":"15df29d0ae5fbc875483ea2addc2d4e6c9148a876bdf65f0adfc75742fe31c47","readerVersion":"GDAL 3.2.2","processedAt":"2026-08-11T13:43:44.753Z"},"sourceProperties":{"RCID":1280474919,"PRIM":2,"GRUP":2,"OBJL":43,"RVER":1,"AGEN":7979,"FIDN":1782750748,"FIDS":30341,"LNAM":"1F2B6A429E1C7685","VALDCO":3,"SCAMIN":50000,"sourceCellId":"1R7687LI","sourceChecksum":"15df29d0ae5fbc875483ea2addc2d4e6c9148a876bdf65f0adfc75742fe31c47","rawObjectClass":"DEPCNT","sourceStableId":"1F2B6A429E1C7685"}}},{"type":"Feature","geometry":{"type":"LineString","coordinates":[[3.8298246,51.3072258],[3.8298582,51.307294],[3.8298581,51.3072953],[3.8298607,51.3073277],[3.8298634,51.3073829],[3.8298631,51.3073839],[3.8298619,51.3073979],[3.8298518,51.3073902],[3.8297195,51.3074532]]},"properties":{"rawObjectClass":"DEPCNT","VALDCO":3,"depthDatum":"Approximate LAT","depthDatumCode":42,"depthDatumStatus":"VERIFIED_FROM_OFFICIAL_DOCUMENTATION","verticalDatum":"Local Datum","verticalDatumCode":24,"napIdentityStatus":"UNVERIFIED","sourceKind":"official","sourceCellId":"1R7687LI","sourceStableId":"1F2B6A429E1C7686","sourceChecksum":"15df29d0ae5fbc875483ea2addc2d4e6c9148a876bdf65f0adfc75742fe31c47","pipelineFeatureId":"1R7687LI/DEPCNT/1280474920","provenance":{"cellId":"1R7687LI","checksum":"15df29d0ae5fbc875483ea2addc2d4e6c9148a876bdf65f0adfc75742fe31c47","readerVersion":"GDAL 3.2.2","processedAt":"2026-08-11T13:43:44.753Z"},"sourceProperties":{"RCID":1280474920,"PRIM":2,"GRUP":2,"OBJL":43,"RVER":1,"AGEN":7979,"FIDN":1782750748,"FIDS":30342,"LNAM":"1F2B6A429E1C7686","VALDCO":3,"SCAMIN":50000,"sourceCellId":"1R7687LI","sourceChecksum":"15df29d0ae5fbc875483ea2addc2d4e6c9148a876bdf65f0adfc75742fe31c47","rawObjectClass":"DEPCNT","sourceStableId":"1F2B6A429E1C7686"}}},{"type":"Feature","geometry":{"type":"LineString","coordinates":[[3.8355339,51.2971761],[3.8355292,51.29711],[3.8355385,51.2970924],[3.8355347,51.2970155],[3.8355425,51.2970025],[3.8355404,51.2969209],[3.8355434,51.2969125],[3.8355533,51.296896],[3.8356528,51.2968296]]},"properties":{"rawObjectClass":"DEPCNT","VALDCO":3,"depthDatum":"Approximate LAT","depthDatumCode":42,"depthDatumStatus":"VERIFIED_FROM_OFFICIAL_DOCUMENTATION","verticalDatum":"Local Datum","verticalDatumCode":24,"napIdentityStatus":"UNVERIFIED","sourceKind":"official","sourceCellId":"1R7687LI","sourceStableId":"1F2B6A429E1C7687","sourceChecksum":"15df29d0ae5fbc875483ea2addc2d4e6c9148a876bdf65f0adfc75742fe31c47","pipelineFeatureId":"1R7687LI/DEPCNT/1280474921","provenance":{"cellId":"1R7687LI","checksum":"15df29d0ae5fbc875483ea2addc2d4e6c9148a876bdf65f0adfc75742fe31c47","readerVersion":"GDAL 3.2.2","processedAt":"2026-08-11T13:43:44.753Z"},"sourceProperties":{"RCID":1280474921,"PRIM":2,"GRUP":2,"OBJL":43,"RVER":1,"AGEN":7979,"FIDN":1782750748,"FIDS":30343,"LNAM":"1F2B6A429E1C7687","VALDCO":3,"SCAMIN":50000,"sourceCellId":"1R7687LI","sourceChecksum":"15df29d0ae5fbc875483ea2addc2d4e6c9148a876bdf65f0adfc75742fe31c47","rawObjectClass":"DEPCNT","sourceStableId":"1F2B6A429E1C7687"}}},{"type":"Feature","geometry":{"type":"LineString","coordinates":[[3.8356648,51.2967946],[3.8356651,51.29675],[3.8356778,51.2967317],[3.835672,51.2966546],[3.8356777,51.2966418],[3.8356748,51.2965619],[3.8356755,51.2965519],[3.8356898,51.296514],[3.8357702,51.2964613],[3.8357635,51.296414],[3.8357917,51.2963712],[3.8357912,51.2963053],[3.8358059,51.2962812],[3.8358187,51.2961967],[3.8358193,51.2961912],[3.8358159,51.2961075],[3.835818,51.2961013],[3.8358255,51.2960916],[3.8359319,51.2960222]]},"properties":{"rawObjectClass":"DEPCNT","VALDCO":3,"depthDatum":"Approximate LAT","depthDatumCode":42,"depthDatumStatus":"VERIFIED_FROM_OFFICIAL_DOCUMENTATION","verticalDatum":"Local Datum","verticalDatumCode":24,"napIdentityStatus":"UNVERIFIED","sourceKind":"official","sourceCellId":"1R7687LI","sourceStableId":"1F2B6A429E1C7688","sourceChecksum":"15df29d0ae5fbc875483ea2addc2d4e6c9148a876bdf65f0adfc75742fe31c47","pipelineFeatureId":"1R7687LI/DEPCNT/1280474922","provenance":{"cellId":"1R7687LI","checksum":"15df29d0ae5fbc875483ea2addc2d4e6c9148a876bdf65f0adfc75742fe31c47","readerVersion":"GDAL 3.2.2","processedAt":"2026-08-11T13:43:44.753Z"},"sourceProperties":{"RCID":1280474922,"PRIM":2,"GRUP":2,"OBJL":43,"RVER":1,"AGEN":7979,"FIDN":1782750748,"FIDS":30344,"LNAM":"1F2B6A429E1C7688","VALDCO":3,"SCAMIN":50000,"sourceCellId":"1R7687LI","sourceChecksum":"15df29d0ae5fbc875483ea2addc2d4e6c9148a876bdf65f0adfc75742fe31c47","rawObjectClass":"DEPCNT","sourceStableId":"1F2B6A429E1C7688"}}},{"type":"Feature","geometry":{"type":"LineString","coordinates":[[3.835949,51.2959729],[3.8359479,51.2959319],[3.8359486,51.2959205],[3.8359485,51.2958405],[3.8359537,51.2958305],[3.8359531,51.2957466],[3.835955,51.2957406],[3.8359624,51.2957324],[3.8360524,51.2956744]]},"properties":{"rawObjectClass":"DEPCNT","VALDCO":3,"depthDatum":"Approximate LAT","depthDatumCode":42,"depthDatumStatus":"VERIFIED_FROM_OFFICIAL_DOCUMENTATION","verticalDatum":"Local Datum","verticalDatumCode":24,"napIdentityStatus":"UNVERIFIED","sourceKind":"official","sourceCellId":"1R7687LI","sourceStableId":"1F2B6A429E1C7689","sourceChecksum":"15df29d0ae5fbc875483ea2addc2d4e6c9148a876bdf65f0adfc75742fe31c47","pipelineFeatureId":"1R7687LI/DEPCNT/1280474923","provenance":{"cellId":"1R7687LI","checksum":"15df29d0ae5fbc875483ea2addc2d4e6c9148a876bdf65f0adfc75742fe31c47","readerVersion":"GDAL 3.2.2","processedAt":"2026-08-11T13:43:44.753Z"},"sourceProperties":{"RCID":1280474923,"PRIM":2,"GRUP":2,"OBJL":43,"RVER":1,"AGEN":7979,"FIDN":1782750748,"FIDS":30345,"LNAM":"1F2B6A429E1C7689","VALDCO":3,"SCAMIN":50000,"sourceCellId":"1R7687LI","sourceChecksum":"15df29d0ae5fbc875483ea2addc2d4e6c9148a876bdf65f0adfc75742fe31c47","rawObjectClass":"DEPCNT","sourceStableId":"1F2B6A429E1C7689"}}},{"type":"Feature","geometry":{"type":"LineString","coordinates":[[3.8360894,51.2955676],[3.8360909,51.2955598],[3.8360921,51.2954756],[3.8360937,51.2954698],[3.8360931,51.2953839],[3.8360937,51.2953799],[3.8360926,51.2952933],[3.8360928,51.29529],[3.8360976,51.2952794],[3.8362149,51.2952042]]},"properties":{"rawObjectClass":"DEPCNT","VALDCO":3,"depthDatum":"Approximate LAT","depthDatumCode":42,"depthDatumStatus":"VERIFIED_FROM_OFFICIAL_DOCUMENTATION","verticalDatum":"Local Datum","verticalDatumCode":24,"napIdentityStatus":"UNVERIFIED","sourceKind":"official","sourceCellId":"1R7687LI","sourceStableId":"1F2B6A429E1C768A","sourceChecksum":"15df29d0ae5fbc875483ea2addc2d4e6c9148a876bdf65f0adfc75742fe31c47","pipelineFeatureId":"1R7687LI/DEPCNT/1280474924","provenance":{"cellId":"1R7687LI","checksum":"15df29d0ae5fbc875483ea2addc2d4e6c9148a876bdf65f0adfc75742fe31c47","readerVersion":"GDAL 3.2.2","processedAt":"2026-08-11T13:43:44.753Z"},"sourceProperties":{"RCID":1280474924,"PRIM":2,"GRUP":2,"OBJL":43,"RVER":1,"AGEN":7979,"FIDN":1782750748,"FIDS":30346,"LNAM":"1F2B6A429E1C768A","VALDCO":3,"SCAMIN":50000,"sourceCellId":"1R7687LI","sourceChecksum":"15df29d0ae5fbc875483ea2addc2d4e6c9148a876bdf65f0adfc75742fe31c47","rawObjectClass":"DEPCNT","sourceStableId":"1F2B6A429E1C768A"}}},{"type":"Feature","geometry":{"type":"LineString","coordinates":[[3.8362227,51.2951818],[3.8362225,51.295119],[3.836232,51.2951092],[3.8362246,51.2950267],[3.8362255,51.2950193],[3.8362341,51.2949293],[3.8362347,51.2949288],[3.8363311,51.2948659]]},"properties":{"rawObjectClass":"DEPCNT","VALDCO":3,"depthDatum":"Approximate LAT","depthDatumCode":42,"depthDatumStatus":"VERIFIED_FROM_OFFICIAL_DOCUMENTATION","verticalDatum":"Local Datum","verticalDatumCode":24,"napIdentityStatus":"UNVERIFIED","sourceKind":"official","sourceCellId":"1R7687LI","sourceStableId":"1F2B6A429E1C768B","sourceChecksum":"15df29d0ae5fbc875483ea2addc2d4e6c9148a876bdf65f0adfc75742fe31c47","pipelineFeatureId":"1R7687LI/DEPCNT/1280474925","provenance":{"cellId":"1R7687LI","checksum":"15df29d0ae5fbc875483ea2addc2d4e6c9148a876bdf65f0adfc75742fe31c47","readerVersion":"GDAL 3.2.2","processedAt":"2026-08-11T13:43:44.753Z"},"sourceProperties":{"RCID":1280474925,"PRIM":2,"GRUP":2,"OBJL":43,"RVER":1,"AGEN":7979,"FIDN":1782750748,"FIDS":30347,"LNAM":"1F2B6A429E1C768B","VALDCO":3,"SCAMIN":50000,"sourceCellId":"1R7687LI","sourceChecksum":"15df29d0ae5fbc875483ea2addc2d4e6c9148a876bdf65f0adfc75742fe31c47","rawObjectClass":"DEPCNT","sourceStableId":"1F2B6A429E1C768B"}}},{"type":"Feature","geometry":{"type":"LineString","coordinates":[[3.8363729,51.2947434],[3.8363689,51.2946613],[3.8363694,51.2946586],[3.8363701,51.2945696],[3.8363702,51.2945686],[3.8363715,51.294563],[3.8364536,51.2945093]]},"properties":{"rawObjectClass":"DEPCNT","VALDCO":3,"depthDatum":"Approximate LAT","depthDatumCode":42,"depthDatumStatus":"VERIFIED_FROM_OFFICIAL_DOCUMENTATION","verticalDatum":"Local Datum","verticalDatumCode":24,"napIdentityStatus":"UNVERIFIED","sourceKind":"official","sourceCellId":"1R7687LI","sourceStableId":"1F2B6A429E1C768C","sourceChecksum":"15df29d0ae5fbc875483ea2addc2d4e6c9148a876bdf65f0adfc75742fe31c47","pipelineFeatureId":"1R7687LI/DEPCNT/1280474926","provenance":{"cellId":"1R7687LI","checksum":"15df29d0ae5fbc875483ea2addc2d4e6c9148a876bdf65f0adfc75742fe31c47","readerVersion":"GDAL 3.2.2","processedAt":"2026-08-11T13:43:44.753Z"},"sourceProperties":{"RCID":1280474926,"PRIM":2,"GRUP":2,"OBJL":43,"RVER":1,"AGEN":7979,"FIDN":1782750748,"FIDS":30348,"LNAM":"1F2B6A429E1C768C","VALDCO":3,"SCAMIN":50000,"sourceCellId":"1R7687LI","sourceChecksum":"15df29d0ae5fbc875483ea2addc2d4e6c9148a876bdf65f0adfc75742fe31c47","rawObjectClass":"DEPCNT","sourceStableId":"1F2B6A429E1C768C"}}},{"type":"Feature","geometry":{"type":"LineString","coordinates":[[3.8365098,51.2943484],[3.8365099,51.2942979],[3.83651,51.2942952],[3.8365283,51.2942078],[3.8365647,51.2941962]]},"properties":{"rawObjectClass":"DEPCNT","VALDCO":3,"depthDatum":"Approximate LAT","depthDatumCode":42,"depthDatumStatus":"VERIFIED_FROM_OFFICIAL_DOCUMENTATION","verticalDatum":"Local Datum","verticalDatumCode":24,"napIdentityStatus":"UNVERIFIED","sourceKind":"official","sourceCellId":"1R7687LI","sourceStableId":"1F2B6A429E1C768D","sourceChecksum":"15df29d0ae5fbc875483ea2addc2d4e6c9148a876bdf65f0adfc75742fe31c47","pipelineFeatureId":"1R7687LI/DEPCNT/1280474927","provenance":{"cellId":"1R7687LI","checksum":"15df29d0ae5fbc875483ea2addc2d4e6c9148a876bdf65f0adfc75742fe31c47","readerVersion":"GDAL 3.2.2","processedAt":"2026-08-11T13:43:44.753Z"},"sourceProperties":{"RCID":1280474927,"PRIM":2,"GRUP":2,"OBJL":43,"RVER":1,"AGEN":7979,"FIDN":1782750748,"FIDS":30349,"LNAM":"1F2B6A429E1C768D","VALDCO":3,"SCAMIN":50000,"sourceCellId":"1R7687LI","sourceChecksum":"15df29d0ae5fbc875483ea2addc2d4e6c9148a876bdf65f0adfc75742fe31c47","rawObjectClass":"DEPCNT","sourceStableId":"1F2B6A429E1C768D"}}},{"type":"Feature","geometry":{"type":"LineString","coordinates":[[3.8260147,51.3149444],[3.8259964,51.3149647],[3.8259814,51.3149984],[3.8258997,51.3150553],[3.8258961,51.31511],[3.8258855,51.3151454],[3.8258415,51.3152021],[3.8257898,51.315236],[3.8257935,51.3152668],[3.8257252,51.3153263],[3.8257011,51.3153725],[3.8255857,51.3154172],[3.8255607,51.3155069],[3.8255602,51.3155073],[3.82556,51.3155079],[3.8255575,51.3155089],[3.8255581,51.3155074],[3.8255045,51.315452]]},"properties":{"rawObjectClass":"DEPCNT","VALDCO":2.5,"depthDatum":"Approximate LAT","depthDatumCode":42,"depthDatumStatus":"VERIFIED_FROM_OFFICIAL_DOCUMENTATION","verticalDatum":"Local Datum","verticalDatumCode":24,"napIdentityStatus":"UNVERIFIED","sourceKind":"official","sourceCellId":"1R7687LI","sourceStableId":"1F2B6A429E1C768E","sourceChecksum":"15df29d0ae5fbc875483ea2addc2d4e6c9148a876bdf65f0adfc75742fe31c47","pipelineFeatureId":"1R7687LI/DEPCNT/1280474928","provenance":{"cellId":"1R7687LI","checksum":"15df29d0ae5fbc875483ea2addc2d4e6c9148a876bdf65f0adfc75742fe31c47","readerVersion":"GDAL 3.2.2","processedAt":"2026-08-11T13:43:44.753Z"},"sourceProperties":{"RCID":1280474928,"PRIM":2,"GRUP":2,"OBJL":43,"RVER":1,"AGEN":7979,"FIDN":1782750748,"FIDS":30350,"LNAM":"1F2B6A429E1C768E","VALDCO":2.5,"SCAMIN":15000,"sourceCellId":"1R7687LI","sourceChecksum":"15df29d0ae5fbc875483ea2addc2d4e6c9148a876bdf65f0adfc75742fe31c47","rawObjectClass":"DEPCNT","sourceStableId":"1F2B6A429E1C768E"}}},{"type":"Feature","geometry":{"type":"LineString","coordinates":[[3.8294224,51.3083932],[3.8294223,51.3084661],[3.8293085,51.3085316]]},"properties":{"rawObjectClass":"DEPCNT","VALDCO":2.5,"depthDatum":"Approximate LAT","depthDatumCode":42,"depthDatumStatus":"VERIFIED_FROM_OFFICIAL_DOCUMENTATION","verticalDatum":"Local Datum","verticalDatumCode":24,"napIdentityStatus":"UNVERIFIED","sourceKind":"official","sourceCellId":"1R7687LI","sourceStableId":"1F2B6A429E1C768F","sourceChecksum":"15df29d0ae5fbc875483ea2addc2d4e6c9148a876bdf65f0adfc75742fe31c47","pipelineFeatureId":"1R7687LI/DEPCNT/1280474929","provenance":{"cellId":"1R7687LI","checksum":"15df29d0ae5fbc875483ea2addc2d4e6c9148a876bdf65f0adfc75742fe31c47","readerVersion":"GDAL 3.2.2","processedAt":"2026-08-11T13:43:44.753Z"},"sourceProperties":{"RCID":1280474929,"PRIM":2,"GRUP":2,"OBJL":43,"RVER":1,"AGEN":7979,"FIDN":1782750748,"FIDS":30351,"LNAM":"1F2B6A429E1C768F","VALDCO":2.5,"SCAMIN":15000,"sourceCellId":"1R7687LI","sourceChecksum":"15df29d0ae5fbc875483ea2addc2d4e6c9148a876bdf65f0adfc75742fe31c47","rawObjectClass":"DEPCNT","sourceStableId":"1F2B6A429E1C768F"}}},{"type":"Feature","geometry":{"type":"LineString","coordinates":[[3.8272574,51.3127824],[3.8272596,51.3127977],[3.8272335,51.3128135]]},"properties":{"rawObjectClass":"DEPCNT","VALDCO":2.5,"depthDatum":"Approximate LAT","depthDatumCode":42,"depthDatumStatus":"VERIFIED_FROM_OFFICIAL_DOCUMENTATION","verticalDatum":"Local Datum","verticalDatumCode":24,"napIdentityStatus":"UNVERIFIED","sourceKind":"official","sourceCellId":"1R7687LI","sourceStableId":"1F2B6A429E1C7690","sourceChecksum":"15df29d0ae5fbc875483ea2addc2d4e6c9148a876bdf65f0adfc75742fe31c47","pipelineFeatureId":"1R7687LI/DEPCNT/1280474930","provenance":{"cellId":"1R7687LI","checksum":"15df29d0ae5fbc875483ea2addc2d4e6c9148a876bdf65f0adfc75742fe31c47","readerVersion":"GDAL 3.2.2","processedAt":"2026-08-11T13:43:44.753Z"},"sourceProperties":{"RCID":1280474930,"PRIM":2,"GRUP":2,"OBJL":43,"RVER":1,"AGEN":7979,"FIDN":1782750748,"FIDS":30352,"LNAM":"1F2B6A429E1C7690","VALDCO":2.5,"SCAMIN":15000,"sourceCellId":"1R7687LI","sourceChecksum":"15df29d0ae5fbc875483ea2addc2d4e6c9148a876bdf65f0adfc75742fe31c47","rawObjectClass":"DEPCNT","sourceStableId":"1F2B6A429E1C7690"}}},{"type":"Feature","geometry":{"type":"LineString","coordinates":[[3.8302126,51.3060676],[3.830217,51.3061225],[3.8301781,51.3061806],[3.8301958,51.3062126],[3.8301283,51.3062558]]},"properties":{"rawObjectClass":"DEPCNT","VALDCO":2.5,"depthDatum":"Approximate LAT","depthDatumCode":42,"depthDatumStatus":"VERIFIED_FROM_OFFICIAL_DOCUMENTATION","verticalDatum":"Local Datum","verticalDatumCode":24,"napIdentityStatus":"UNVERIFIED","sourceKind":"official","sourceCellId":"1R7687LI","sourceStableId":"1F2B6A429E1C7691","sourceChecksum":"15df29d0ae5fbc875483ea2addc2d4e6c9148a876bdf65f0adfc75742fe31c47","pipelineFeatureId":"1R7687LI/DEPCNT/1280474931","provenance":{"cellId":"1R7687LI","checksum":"15df29d0ae5fbc875483ea2addc2d4e6c9148a876bdf65f0adfc75742fe31c47","readerVersion":"GDAL 3.2.2","processedAt":"2026-08-11T13:43:44.753Z"},"sourceProperties":{"RCID":1280474931,"PRIM":2,"GRUP":2,"OBJL":43,"RVER":1,"AGEN":7979,"FIDN":1782750748,"FIDS":30353,"LNAM":"1F2B6A429E1C7691","VALDCO":2.5,"SCAMIN":15000,"sourceCellId":"1R7687LI","sourceChecksum":"15df29d0ae5fbc875483ea2addc2d4e6c9148a876bdf65f0adfc75742fe31c47","rawObjectClass":"DEPCNT","sourceStableId":"1F2B6A429E1C7691"}}},{"type":"Feature","geometry":{"type":"LineString","coordinates":[[3.8301037,51.3064102],[3.8301017,51.306483],[3.8300382,51.3065432],[3.8300296,51.3065734],[3.8300195,51.3066461],[3.83001,51.3066635],[3.8299923,51.306672]]},"properties":{"rawObjectClass":"DEPCNT","VALDCO":2.5,"depthDatum":"Approximate LAT","depthDatumCode":42,"depthDatumStatus":"VERIFIED_FROM_OFFICIAL_DOCUMENTATION","verticalDatum":"Local Datum","verticalDatumCode":24,"napIdentityStatus":"UNVERIFIED","sourceKind":"official","sourceCellId":"1R7687LI","sourceStableId":"1F2B6A429E1C7692","sourceChecksum":"15df29d0ae5fbc875483ea2addc2d4e6c9148a876bdf65f0adfc75742fe31c47","pipelineFeatureId":"1R7687LI/DEPCNT/1280474932","provenance":{"cellId":"1R7687LI","checksum":"15df29d0ae5fbc875483ea2addc2d4e6c9148a876bdf65f0adfc75742fe31c47","readerVersion":"GDAL 3.2.2","processedAt":"2026-08-11T13:43:44.753Z"},"sourceProperties":{"RCID":1280474932,"PRIM":2,"GRUP":2,"OBJL":43,"RVER":1,"AGEN":7979,"FIDN":1782750748,"FIDS":30354,"LNAM":"1F2B6A429E1C7692","VALDCO":2.5,"SCAMIN":15000,"sourceCellId":"1R7687LI","sourceChecksum":"15df29d0ae5fbc875483ea2addc2d4e6c9148a876bdf65f0adfc75742fe31c47","rawObjectClass":"DEPCNT","sourceStableId":"1F2B6A429E1C7692"}}},{"type":"Feature","geometry":{"type":"LineString","coordinates":[[3.8299025,51.3069031],[3.8299027,51.306934],[3.8299025,51.3069643],[3.8299092,51.3070239],[3.8298557,51.3070546]]},"properties":{"rawObjectClass":"DEPCNT","VALDCO":2.5,"depthDatum":"Approximate LAT","depthDatumCode":42,"depthDatumStatus":"VERIFIED_FROM_OFFICIAL_DOCUMENTATION","verticalDatum":"Local Datum","verticalDatumCode":24,"napIdentityStatus":"UNVERIFIED","sourceKind":"official","sourceCellId":"1R7687LI","sourceStableId":"1F2B6A429E1C7693","sourceChecksum":"15df29d0ae5fbc875483ea2addc2d4e6c9148a876bdf65f0adfc75742fe31c47","pipelineFeatureId":"1R7687LI/DEPCNT/1280474933","provenance":{"cellId":"1R7687LI","checksum":"15df29d0ae5fbc875483ea2addc2d4e6c9148a876bdf65f0adfc75742fe31c47","readerVersion":"GDAL 3.2.2","processedAt":"2026-08-11T13:43:44.753Z"},"sourceProperties":{"RCID":1280474933,"PRIM":2,"GRUP":2,"OBJL":43,"RVER":1,"AGEN":7979,"FIDN":1782750748,"FIDS":30355,"LNAM":"1F2B6A429E1C7693","VALDCO":2.5,"SCAMIN":15000,"sourceCellId":"1R7687LI","sourceChecksum":"15df29d0ae5fbc875483ea2addc2d4e6c9148a876bdf65f0adfc75742fe31c47","rawObjectClass":"DEPCNT","sourceStableId":"1F2B6A429E1C7693"}}},{"type":"Feature","geometry":{"type":"LineString","coordinates":[[3.8297782,51.3072555],[3.8297974,51.3072945],[3.8297918,51.3073378],[3.8297955,51.3073844],[3.8297189,51.3074209]]},"properties":{"rawObjectClass":"DEPCNT","VALDCO":2.5,"depthDatum":"Approximate LAT","depthDatumCode":42,"depthDatumStatus":"VERIFIED_FROM_OFFICIAL_DOCUMENTATION","verticalDatum":"Local Datum","verticalDatumCode":24,"napIdentityStatus":"UNVERIFIED","sourceKind":"official","sourceCellId":"1R7687LI","sourceStableId":"1F2B6A429E1C7694","sourceChecksum":"15df29d0ae5fbc875483ea2addc2d4e6c9148a876bdf65f0adfc75742fe31c47","pipelineFeatureId":"1R7687LI/DEPCNT/1280474934","provenance":{"cellId":"1R7687LI","checksum":"15df29d0ae5fbc875483ea2addc2d4e6c9148a876bdf65f0adfc75742fe31c47","readerVersion":"GDAL 3.2.2","processedAt":"2026-08-11T13:43:44.753Z"},"sourceProperties":{"RCID":1280474934,"PRIM":2,"GRUP":2,"OBJL":43,"RVER":1,"AGEN":7979,"FIDN":1782750748,"FIDS":30356,"LNAM":"1F2B6A429E1C7694","VALDCO":2.5,"SCAMIN":15000,"sourceCellId":"1R7687LI","sourceChecksum":"15df29d0ae5fbc875483ea2addc2d4e6c9148a876bdf65f0adfc75742fe31c47","rawObjectClass":"DEPCNT","sourceStableId":"1F2B6A429E1C7694"}}},{"type":"Feature","geometry":{"type":"LineString","coordinates":[[3.8250644,51.3160069],[3.8250643,51.316007],[3.8250684,51.3160503],[3.8249969,51.3161116]]},"properties":{"rawObjectClass":"DEPCNT","VALDCO":2.5,"depthDatum":"Approximate LAT","depthDatumCode":42,"depthDatumStatus":"VERIFIED_FROM_OFFICIAL_DOCUMENTATION","verticalDatum":"Local Datum","verticalDatumCode":24,"napIdentityStatus":"UNVERIFIED","sourceKind":"official","sourceCellId":"1R7687LI","sourceStableId":"1F2B6A429E1C7695","sourceChecksum":"15df29d0ae5fbc875483ea2addc2d4e6c9148a876bdf65f0adfc75742fe31c47","pipelineFeatureId":"1R7687LI/DEPCNT/1280474935","provenance":{"cellId":"1R7687LI","checksum":"15df29d0ae5fbc875483ea2addc2d4e6c9148a876bdf65f0adfc75742fe31c47","readerVersion":"GDAL 3.2.2","processedAt":"2026-08-11T13:43:44.753Z"},"sourceProperties":{"RCID":1280474935,"PRIM":2,"GRUP":2,"OBJL":43,"RVER":1,"AGEN":7979,"FIDN":1782750748,"FIDS":30357,"LNAM":"1F2B6A429E1C7695","VALDCO":2.5,"SCAMIN":15000,"sourceCellId":"1R7687LI","sourceChecksum":"15df29d0ae5fbc875483ea2addc2d4e6c9148a876bdf65f0adfc75742fe31c47","rawObjectClass":"DEPCNT","sourceStableId":"1F2B6A429E1C7695"}}},{"type":"Feature","geometry":{"type":"LineString","coordinates":[[3.8249253,51.316187],[3.8248935,51.3162314],[3.824856,51.3162523]]},"properties":{"rawObjectClass":"DEPCNT","VALDCO":2.5,"depthDatum":"Approximate LAT","depthDatumCode":42,"depthDatumStatus":"VERIFIED_FROM_OFFICIAL_DOCUMENTATION","verticalDatum":"Local Datum","verticalDatumCode":24,"napIdentityStatus":"UNVERIFIED","sourceKind":"official","sourceCellId":"1R7687LI","sourceStableId":"1F2B6A429E1C7696","sourceChecksum":"15df29d0ae5fbc875483ea2addc2d4e6c9148a876bdf65f0adfc75742fe31c47","pipelineFeatureId":"1R7687LI/DEPCNT/1280474936","provenance":{"cellId":"1R7687LI","checksum":"15df29d0ae5fbc875483ea2addc2d4e6c9148a876bdf65f0adfc75742fe31c47","readerVersion":"GDAL 3.2.2","processedAt":"2026-08-11T13:43:44.753Z"},"sourceProperties":{"RCID":1280474936,"PRIM":2,"GRUP":2,"OBJL":43,"RVER":1,"AGEN":7979,"FIDN":1782750748,"FIDS":30358,"LNAM":"1F2B6A429E1C7696","VALDCO":2.5,"SCAMIN":15000,"sourceCellId":"1R7687LI","sourceChecksum":"15df29d0ae5fbc875483ea2addc2d4e6c9148a876bdf65f0adfc75742fe31c47","rawObjectClass":"DEPCNT","sourceStableId":"1F2B6A429E1C7696"}}},{"type":"Feature","geometry":{"type":"LineString","coordinates":[[3.8247339,51.3164006],[3.8247338,51.3164007],[3.824736,51.3164124],[3.8247155,51.3164215],[3.8247155,51.3164216]]},"properties":{"rawObjectClass":"DEPCNT","VALDCO":2.5,"depthDatum":"Approximate LAT","depthDatumCode":42,"depthDatumStatus":"VERIFIED_FROM_OFFICIAL_DOCUMENTATION","verticalDatum":"Local Datum","verticalDatumCode":24,"napIdentityStatus":"UNVERIFIED","sourceKind":"official","sourceCellId":"1R7687LI","sourceStableId":"1F2B6A429E1C7697","sourceChecksum":"15df29d0ae5fbc875483ea2addc2d4e6c9148a876bdf65f0adfc75742fe31c47","pipelineFeatureId":"1R7687LI/DEPCNT/1280474937","provenance":{"cellId":"1R7687LI","checksum":"15df29d0ae5fbc875483ea2addc2d4e6c9148a876bdf65f0adfc75742fe31c47","readerVersion":"GDAL 3.2.2","processedAt":"2026-08-11T13:43:44.753Z"},"sourceProperties":{"RCID":1280474937,"PRIM":2,"GRUP":2,"OBJL":43,"RVER":1,"AGEN":7979,"FIDN":1782750748,"FIDS":30359,"LNAM":"1F2B6A429E1C7697","VALDCO":2.5,"SCAMIN":15000,"sourceCellId":"1R7687LI","sourceChecksum":"15df29d0ae5fbc875483ea2addc2d4e6c9148a876bdf65f0adfc75742fe31c47","rawObjectClass":"DEPCNT","sourceStableId":"1F2B6A429E1C7697"}}},{"type":"Feature","geometry":{"type":"LineString","coordinates":[[3.8246063,51.3165733],[3.8246083,51.3165931],[3.8245754,51.3166122]]},"properties":{"rawObjectClass":"DEPCNT","VALDCO":2.5,"depthDatum":"Approximate LAT","depthDatumCode":42,"depthDatumStatus":"VERIFIED_FROM_OFFICIAL_DOCUMENTATION","verticalDatum":"Local Datum","verticalDatumCode":24,"napIdentityStatus":"UNVERIFIED","sourceKind":"official","sourceCellId":"1R7687LI","sourceStableId":"1F2B6A429E1C7698","sourceChecksum":"15df29d0ae5fbc875483ea2addc2d4e6c9148a876bdf65f0adfc75742fe31c47","pipelineFeatureId":"1R7687LI/DEPCNT/1280474938","provenance":{"cellId":"1R7687LI","checksum":"15df29d0ae5fbc875483ea2addc2d4e6c9148a876bdf65f0adfc75742fe31c47","readerVersion":"GDAL 3.2.2","processedAt":"2026-08-11T13:43:44.753Z"},"sourceProperties":{"RCID":1280474938,"PRIM":2,"GRUP":2,"OBJL":43,"RVER":1,"AGEN":7979,"FIDN":1782750748,"FIDS":30360,"LNAM":"1F2B6A429E1C7698","VALDCO":2.5,"SCAMIN":15000,"sourceCellId":"1R7687LI","sourceChecksum":"15df29d0ae5fbc875483ea2addc2d4e6c9148a876bdf65f0adfc75742fe31c47","rawObjectClass":"DEPCNT","sourceStableId":"1F2B6A429E1C7698"}}},{"type":"Feature","geometry":{"type":"LineString","coordinates":[[3.8244529,51.3167626],[3.8244538,51.316774],[3.824435,51.3167836]]},"properties":{"rawObjectClass":"DEPCNT","VALDCO":2.5,"depthDatum":"Approximate LAT","depthDatumCode":42,"depthDatumStatus":"VERIFIED_FROM_OFFICIAL_DOCUMENTATION","verticalDatum":"Local Datum","verticalDatumCode":24,"napIdentityStatus":"UNVERIFIED","sourceKind":"official","sourceCellId":"1R7687LI","sourceStableId":"1F2B6A429E1C7699","sourceChecksum":"15df29d0ae5fbc875483ea2addc2d4e6c9148a876bdf65f0adfc75742fe31c47","pipelineFeatureId":"1R7687LI/DEPCNT/1280474939","provenance":{"cellId":"1R7687LI","checksum":"15df29d0ae5fbc875483ea2addc2d4e6c9148a876bdf65f0adfc75742fe31c47","readerVersion":"GDAL 3.2.2","processedAt":"2026-08-11T13:43:44.753Z"},"sourceProperties":{"RCID":1280474939,"PRIM":2,"GRUP":2,"OBJL":43,"RVER":1,"AGEN":7979,"FIDN":1782750748,"FIDS":30361,"LNAM":"1F2B6A429E1C7699","VALDCO":2.5,"SCAMIN":15000,"sourceCellId":"1R7687LI","sourceChecksum":"15df29d0ae5fbc875483ea2addc2d4e6c9148a876bdf65f0adfc75742fe31c47","rawObjectClass":"DEPCNT","sourceStableId":"1F2B6A429E1C7699"}}},{"type":"Feature","geometry":{"type":"LineString","coordinates":[[3.8243098,51.3169453],[3.8243102,51.3169549],[3.8242948,51.3169649]]},"properties":{"rawObjectClass":"DEPCNT","VALDCO":2.5,"depthDatum":"Approximate LAT","depthDatumCode":42,"depthDatumStatus":"VERIFIED_FROM_OFFICIAL_DOCUMENTATION","verticalDatum":"Local Datum","verticalDatumCode":24,"napIdentityStatus":"UNVERIFIED","sourceKind":"official","sourceCellId":"1R7687LI","sourceStableId":"1F2B6A429E1C769A","sourceChecksum":"15df29d0ae5fbc875483ea2addc2d4e6c9148a876bdf65f0adfc75742fe31c47","pipelineFeatureId":"1R7687LI/DEPCNT/1280474940","provenance":{"cellId":"1R7687LI","checksum":"15df29d0ae5fbc875483ea2addc2d4e6c9148a876bdf65f0adfc75742fe31c47","readerVersion":"GDAL 3.2.2","processedAt":"2026-08-11T13:43:44.753Z"},"sourceProperties":{"RCID":1280474940,"PRIM":2,"GRUP":2,"OBJL":43,"RVER":1,"AGEN":7979,"FIDN":1782750748,"FIDS":30362,"LNAM":"1F2B6A429E1C769A","VALDCO":2.5,"SCAMIN":15000,"sourceCellId":"1R7687LI","sourceChecksum":"15df29d0ae5fbc875483ea2addc2d4e6c9148a876bdf65f0adfc75742fe31c47","rawObjectClass":"DEPCNT","sourceStableId":"1F2B6A429E1C769A"}}},{"type":"Feature","geometry":{"type":"LineString","coordinates":[[3.8241804,51.3171191],[3.8241826,51.3171356],[3.8241546,51.3171541]]},"properties":{"rawObjectClass":"DEPCNT","VALDCO":2.5,"depthDatum":"Approximate LAT","depthDatumCode":42,"depthDatumStatus":"VERIFIED_FROM_OFFICIAL_DOCUMENTATION","verticalDatum":"Local Datum","verticalDatumCode":24,"napIdentityStatus":"UNVERIFIED","sourceKind":"official","sourceCellId":"1R7687LI","sourceStableId":"1F2B6A429E1C769B","sourceChecksum":"15df29d0ae5fbc875483ea2addc2d4e6c9148a876bdf65f0adfc75742fe31c47","pipelineFeatureId":"1R7687LI/DEPCNT/1280474941","provenance":{"cellId":"1R7687LI","checksum":"15df29d0ae5fbc875483ea2addc2d4e6c9148a876bdf65f0adfc75742fe31c47","readerVersion":"GDAL 3.2.2","processedAt":"2026-08-11T13:43:44.753Z"},"sourceProperties":{"RCID":1280474941,"PRIM":2,"GRUP":2,"OBJL":43,"RVER":1,"AGEN":7979,"FIDN":1782750748,"FIDS":30363,"LNAM":"1F2B6A429E1C769B","VALDCO":2.5,"SCAMIN":15000,"sourceCellId":"1R7687LI","sourceChecksum":"15df29d0ae5fbc875483ea2addc2d4e6c9148a876bdf65f0adfc75742fe31c47","rawObjectClass":"DEPCNT","sourceStableId":"1F2B6A429E1C769B"}}},{"type":"Feature","geometry":{"type":"LineString","coordinates":[[3.8240616,51.3172862],[3.8240615,51.3172863],[3.8240673,51.3173163],[3.8240149,51.3173632]]},"properties":{"rawObjectClass":"DEPCNT","VALDCO":2.5,"depthDatum":"Approximate LAT","depthDatumCode":42,"depthDatumStatus":"VERIFIED_FROM_OFFICIAL_DOCUMENTATION","verticalDatum":"Local Datum","verticalDatumCode":24,"napIdentityStatus":"UNVERIFIED","sourceKind":"official","sourceCellId":"1R7687LI","sourceStableId":"1F2B6A429E1C769C","sourceChecksum":"15df29d0ae5fbc875483ea2addc2d4e6c9148a876bdf65f0adfc75742fe31c47","pipelineFeatureId":"1R7687LI/DEPCNT/1280474942","provenance":{"cellId":"1R7687LI","checksum":"15df29d0ae5fbc875483ea2addc2d4e6c9148a876bdf65f0adfc75742fe31c47","readerVersion":"GDAL 3.2.2","processedAt":"2026-08-11T13:43:44.753Z"},"sourceProperties":{"RCID":1280474942,"PRIM":2,"GRUP":2,"OBJL":43,"RVER":1,"AGEN":7979,"FIDN":1782750748,"FIDS":30364,"LNAM":"1F2B6A429E1C769C","VALDCO":2.5,"SCAMIN":15000,"sourceCellId":"1R7687LI","sourceChecksum":"15df29d0ae5fbc875483ea2addc2d4e6c9148a876bdf65f0adfc75742fe31c47","rawObjectClass":"DEPCNT","sourceStableId":"1F2B6A429E1C769C"}}},{"type":"Feature","geometry":{"type":"LineString","coordinates":[[3.8239627,51.3174405],[3.8240088,51.3174966],[3.8239648,51.3175301],[3.8240009,51.3175865],[3.8240114,51.3175912],[3.8238862,51.3176773],[3.8238773,51.3176945],[3.8237983,51.3177678],[3.8237746,51.3178339],[3.8237482,51.3178581],[3.823737,51.3178707],[3.8236574,51.3179486],[3.8235956,51.3179873],[3.8235117,51.3179871],[3.823452,51.3179848],[3.8233708,51.3179588]]},"properties":{"rawObjectClass":"DEPCNT","VALDCO":2.5,"depthDatum":"Approximate LAT","depthDatumCode":42,"depthDatumStatus":"VERIFIED_FROM_OFFICIAL_DOCUMENTATION","verticalDatum":"Local Datum","verticalDatumCode":24,"napIdentityStatus":"UNVERIFIED","sourceKind":"official","sourceCellId":"1R7687LI","sourceStableId":"1F2B6A429E1C769D","sourceChecksum":"15df29d0ae5fbc875483ea2addc2d4e6c9148a876bdf65f0adfc75742fe31c47","pipelineFeatureId":"1R7687LI/DEPCNT/1280474943","provenance":{"cellId":"1R7687LI","checksum":"15df29d0ae5fbc875483ea2addc2d4e6c9148a876bdf65f0adfc75742fe31c47","readerVersion":"GDAL 3.2.2","processedAt":"2026-08-11T13:43:44.753Z"},"sourceProperties":{"RCID":1280474943,"PRIM":2,"GRUP":2,"OBJL":43,"RVER":1,"AGEN":7979,"FIDN":1782750748,"FIDS":30365,"LNAM":"1F2B6A429E1C769D","VALDCO":2.5,"SCAMIN":15000,"sourceCellId":"1R7687LI","sourceChecksum":"15df29d0ae5fbc875483ea2addc2d4e6c9148a876bdf65f0adfc75742fe31c47","rawObjectClass":"DEPCNT","sourceStableId":"1F2B6A429E1C769D"}}},{"type":"Feature","geometry":{"type":"LineString","coordinates":[[3.8358583,51.3136875],[3.8358011,51.3136903],[3.8357144,51.3136692],[3.8356606,51.313671]]},"properties":{"rawObjectClass":"DEPCNT","VALDCO":2.5,"depthDatum":"Approximate LAT","depthDatumCode":42,"depthDatumStatus":"VERIFIED_FROM_OFFICIAL_DOCUMENTATION","verticalDatum":"Local Datum","verticalDatumCode":24,"napIdentityStatus":"UNVERIFIED","sourceKind":"official","sourceCellId":"1R7687LI","sourceStableId":"1F2B6A429E1C769E","sourceChecksum":"15df29d0ae5fbc875483ea2addc2d4e6c9148a876bdf65f0adfc75742fe31c47","pipelineFeatureId":"1R7687LI/DEPCNT/1280474944","provenance":{"cellId":"1R7687LI","checksum":"15df29d0ae5fbc875483ea2addc2d4e6c9148a876bdf65f0adfc75742fe31c47","readerVersion":"GDAL 3.2.2","processedAt":"2026-08-11T13:43:44.753Z"},"sourceProperties":{"RCID":1280474944,"PRIM":2,"GRUP":2,"OBJL":43,"RVER":1,"AGEN":7979,"FIDN":1782750748,"FIDS":30366,"LNAM":"1F2B6A429E1C769E","VALDCO":2.5,"SCAMIN":15000,"sourceCellId":"1R7687LI","sourceChecksum":"15df29d0ae5fbc875483ea2addc2d4e6c9148a876bdf65f0adfc75742fe31c47","rawObjectClass":"DEPCNT","sourceStableId":"1F2B6A429E1C769E"}}},{"type":"Feature","geometry":{"type":"LineString","coordinates":[[3.8291518,51.3091123],[3.8291532,51.3091874],[3.8290347,51.3092633]]},"properties":{"rawObjectClass":"DEPCNT","VALDCO":2.5,"depthDatum":"Approximate LAT","depthDatumCode":42,"depthDatumStatus":"VERIFIED_FROM_OFFICIAL_DOCUMENTATION","verticalDatum":"Local Datum","verticalDatumCode":24,"napIdentityStatus":"UNVERIFIED","sourceKind":"official","sourceCellId":"1R7687LI","sourceStableId":"1F2B6A429E1C769F","sourceChecksum":"15df29d0ae5fbc875483ea2addc2d4e6c9148a876bdf65f0adfc75742fe31c47","pipelineFeatureId":"1R7687LI/DEPCNT/1280474945","provenance":{"cellId":"1R7687LI","checksum":"15df29d0ae5fbc875483ea2addc2d4e6c9148a876bdf65f0adfc75742fe31c47","readerVersion":"GDAL 3.2.2","processedAt":"2026-08-11T13:43:44.753Z"},"sourceProperties":{"RCID":1280474945,"PRIM":2,"GRUP":2,"OBJL":43,"RVER":1,"AGEN":7979,"FIDN":1782750748,"FIDS":30367,"LNAM":"1F2B6A429E1C769F","VALDCO":2.5,"SCAMIN":15000,"sourceCellId":"1R7687LI","sourceChecksum":"15df29d0ae5fbc875483ea2addc2d4e6c9148a876bdf65f0adfc75742fe31c47","rawObjectClass":"DEPCNT","sourceStableId":"1F2B6A429E1C769F"}}},{"type":"Feature","geometry":{"type":"LineString","coordinates":[[3.8290091,51.3093857],[3.8290037,51.3094582],[3.8290053,51.3094791],[3.8289988,51.3095482],[3.8288976,51.3096125]]},"properties":{"rawObjectClass":"DEPCNT","VALDCO":2.5,"depthDatum":"Approximate LAT","depthDatumCode":42,"depthDatumStatus":"VERIFIED_FROM_OFFICIAL_DOCUMENTATION","verticalDatum":"Local Datum","verticalDatumCode":24,"napIdentityStatus":"UNVERIFIED","sourceKind":"official","sourceCellId":"1R7687LI","sourceStableId":"1F2B6A429E1C76A0","sourceChecksum":"15df29d0ae5fbc875483ea2addc2d4e6c9148a876bdf65f0adfc75742fe31c47","pipelineFeatureId":"1R7687LI/DEPCNT/1280474946","provenance":{"cellId":"1R7687LI","checksum":"15df29d0ae5fbc875483ea2addc2d4e6c9148a876bdf65f0adfc75742fe31c47","readerVersion":"GDAL 3.2.2","processedAt":"2026-08-11T13:43:44.753Z"},"sourceProperties":{"RCID":1280474946,"PRIM":2,"GRUP":2,"OBJL":43,"RVER":1,"AGEN":7979,"FIDN":1782750748,"FIDS":30368,"LNAM":"1F2B6A429E1C76A0","VALDCO":2.5,"SCAMIN":15000,"sourceCellId":"1R7687LI","sourceChecksum":"15df29d0ae5fbc875483ea2addc2d4e6c9148a876bdf65f0adfc75742fe31c47","rawObjectClass":"DEPCNT","sourceStableId":"1F2B6A429E1C76A0"}}},{"type":"Feature","geometry":{"type":"LineString","coordinates":[[3.8288623,51.3097527],[3.8288656,51.3098189],[3.828759,51.3098858]]},"properties":{"rawObjectClass":"DEPCNT","VALDCO":2.5,"depthDatum":"Approximate LAT","depthDatumCode":42,"depthDatumStatus":"VERIFIED_FROM_OFFICIAL_DOCUMENTATION","verticalDatum":"Local Datum","verticalDatumCode":24,"napIdentityStatus":"UNVERIFIED","sourceKind":"official","sourceCellId":"1R7687LI","sourceStableId":"1F2B6A429E1C76A1","sourceChecksum":"15df29d0ae5fbc875483ea2addc2d4e6c9148a876bdf65f0adfc75742fe31c47","pipelineFeatureId":"1R7687LI/DEPCNT/1280474947","provenance":{"cellId":"1R7687LI","checksum":"15df29d0ae5fbc875483ea2addc2d4e6c9148a876bdf65f0adfc75742fe31c47","readerVersion":"GDAL 3.2.2","processedAt":"2026-08-11T13:43:44.753Z"},"sourceProperties":{"RCID":1280474947,"PRIM":2,"GRUP":2,"OBJL":43,"RVER":1,"AGEN":7979,"FIDN":1782750748,"FIDS":30369,"LNAM":"1F2B6A429E1C76A1","VALDCO":2.5,"SCAMIN":15000,"sourceCellId":"1R7687LI","sourceChecksum":"15df29d0ae5fbc875483ea2addc2d4e6c9148a876bdf65f0adfc75742fe31c47","rawObjectClass":"DEPCNT","sourceStableId":"1F2B6A429E1C76A1"}}},{"type":"Feature","geometry":{"type":"LineString","coordinates":[[3.8287291,51.31002],[3.8287254,51.3100897],[3.8286207,51.3101713]]},"properties":{"rawObjectClass":"DEPCNT","VALDCO":2.5,"depthDatum":"Approximate LAT","depthDatumCode":42,"depthDatumStatus":"VERIFIED_FROM_OFFICIAL_DOCUMENTATION","verticalDatum":"Local Datum","verticalDatumCode":24,"napIdentityStatus":"UNVERIFIED","sourceKind":"official","sourceCellId":"1R7687LI","sourceStableId":"1F2B6A429E1C76A2","sourceChecksum":"15df29d0ae5fbc875483ea2addc2d4e6c9148a876bdf65f0adfc75742fe31c47","pipelineFeatureId":"1R7687LI/DEPCNT/1280474948","provenance":{"cellId":"1R7687LI","checksum":"15df29d0ae5fbc875483ea2addc2d4e6c9148a876bdf65f0adfc75742fe31c47","readerVersion":"GDAL 3.2.2","processedAt":"2026-08-11T13:43:44.753Z"},"sourceProperties":{"RCID":1280474948,"PRIM":2,"GRUP":2,"OBJL":43,"RVER":1,"AGEN":7979,"FIDN":1782750748,"FIDS":30370,"LNAM":"1F2B6A429E1C76A2","VALDCO":2.5,"SCAMIN":15000,"sourceCellId":"1R7687LI","sourceChecksum":"15df29d0ae5fbc875483ea2addc2d4e6c9148a876bdf65f0adfc75742fe31c47","rawObjectClass":"DEPCNT","sourceStableId":"1F2B6A429E1C76A2"}}},{"type":"Feature","geometry":{"type":"LineString","coordinates":[[3.8285706,51.3103034],[3.8285706,51.3103035],[3.8285763,51.3103605],[3.828581,51.3104227],[3.8285963,51.3104503],[3.8284836,51.3105252]]},"properties":{"rawObjectClass":"DEPCNT","VALDCO":2.5,"depthDatum":"Approximate LAT","depthDatumCode":42,"depthDatumStatus":"VERIFIED_FROM_OFFICIAL_DOCUMENTATION","verticalDatum":"Local Datum","verticalDatumCode":24,"napIdentityStatus":"UNVERIFIED","sourceKind":"official","sourceCellId":"1R7687LI","sourceStableId":"1F2B6A429E1C76A3","sourceChecksum":"15df29d0ae5fbc875483ea2addc2d4e6c9148a876bdf65f0adfc75742fe31c47","pipelineFeatureId":"1R7687LI/DEPCNT/1280474949","provenance":{"cellId":"1R7687LI","checksum":"15df29d0ae5fbc875483ea2addc2d4e6c9148a876bdf65f0adfc75742fe31c47","readerVersion":"GDAL 3.2.2","processedAt":"2026-08-11T13:43:44.753Z"},"sourceProperties":{"RCID":1280474949,"PRIM":2,"GRUP":2,"OBJL":43,"RVER":1,"AGEN":7979,"FIDN":1782750748,"FIDS":30371,"LNAM":"1F2B6A429E1C76A3","VALDCO":2.5,"SCAMIN":15000,"sourceCellId":"1R7687LI","sourceChecksum":"15df29d0ae5fbc875483ea2addc2d4e6c9148a876bdf65f0adfc75742fe31c47","rawObjectClass":"DEPCNT","sourceStableId":"1F2B6A429E1C76A3"}}},{"type":"Feature","geometry":{"type":"LineString","coordinates":[[3.8284759,51.3106371],[3.8284446,51.3107211],[3.8283448,51.3107826]]},"properties":{"rawObjectClass":"DEPCNT","VALDCO":2.5,"depthDatum":"Approximate LAT","depthDatumCode":42,"depthDatumStatus":"VERIFIED_FROM_OFFICIAL_DOCUMENTATION","verticalDatum":"Local Datum","verticalDatumCode":24,"napIdentityStatus":"UNVERIFIED","sourceKind":"official","sourceCellId":"1R7687LI","sourceStableId":"1F2B6A429E1C76A4","sourceChecksum":"15df29d0ae5fbc875483ea2addc2d4e6c9148a876bdf65f0adfc75742fe31c47","pipelineFeatureId":"1R7687LI/DEPCNT/1280474950","provenance":{"cellId":"1R7687LI","checksum":"15df29d0ae5fbc875483ea2addc2d4e6c9148a876bdf65f0adfc75742fe31c47","readerVersion":"GDAL 3.2.2","processedAt":"2026-08-11T13:43:44.753Z"},"sourceProperties":{"RCID":1280474950,"PRIM":2,"GRUP":2,"OBJL":43,"RVER":1,"AGEN":7979,"FIDN":1782750748,"FIDS":30372,"LNAM":"1F2B6A429E1C76A4","VALDCO":2.5,"SCAMIN":15000,"sourceCellId":"1R7687LI","sourceChecksum":"15df29d0ae5fbc875483ea2addc2d4e6c9148a876bdf65f0adfc75742fe31c47","rawObjectClass":"DEPCNT","sourceStableId":"1F2B6A429E1C76A4"}}},{"type":"Feature","geometry":{"type":"LineString","coordinates":[[3.8392212,51.2872192],[3.8392159,51.2871954],[3.8392244,51.2871746],[3.8392229,51.2871],[3.8392299,51.2870846],[3.8392285,51.2870055],[3.8392364,51.2869946],[3.8392451,51.2869775],[3.8393481,51.2869039],[3.8393409,51.2868424],[3.8393497,51.286814],[3.8393486,51.2867465],[3.8393649,51.286724],[3.8393788,51.2866361],[3.8393793,51.2866339],[3.8393822,51.2866305],[3.8394963,51.2865432],[3.8394978,51.2864688],[3.839501,51.2864532],[3.839501,51.2863758],[3.8395049,51.2863633],[3.8395199,51.2863209],[3.8395899,51.2862727],[3.8395828,51.2862323],[3.8396201,51.2861826],[3.8396165,51.2861198],[3.8396322,51.2860926],[3.8396367,51.2860159],[3.8396402,51.2860026],[3.8396572,51.2859831],[3.8397643,51.2859118],[3.8397631,51.2858438],[3.8397701,51.2858218],[3.8397786,51.2857429],[3.8397837,51.2857318],[3.8397957,51.2857145],[3.8399057,51.2856439]]},"properties":{"rawObjectClass":"DEPCNT","VALDCO":2.5,"depthDatum":"Approximate LAT","depthDatumCode":42,"depthDatumStatus":"VERIFIED_FROM_OFFICIAL_DOCUMENTATION","verticalDatum":"Local Datum","verticalDatumCode":24,"napIdentityStatus":"UNVERIFIED","sourceKind":"official","sourceCellId":"1R7687LI","sourceStableId":"1F2B6A429E1C76A5","sourceChecksum":"15df29d0ae5fbc875483ea2addc2d4e6c9148a876bdf65f0adfc75742fe31c47","pipelineFeatureId":"1R7687LI/DEPCNT/1280474951","provenance":{"cellId":"1R7687LI","checksum":"15df29d0ae5fbc875483ea2addc2d4e6c9148a876bdf65f0adfc75742fe31c47","readerVersion":"GDAL 3.2.2","processedAt":"2026-08-11T13:43:44.753Z"},"sourceProperties":{"RCID":1280474951,"PRIM":2,"GRUP":2,"OBJL":43,"RVER":1,"AGEN":7979,"FIDN":1782750748,"FIDS":30373,"LNAM":"1F2B6A429E1C76A5","VALDCO":2.5,"SCAMIN":15000,"sourceCellId":"1R7687LI","sourceChecksum":"15df29d0ae5fbc875483ea2addc2d4e6c9148a876bdf65f0adfc75742fe31c47","rawObjectClass":"DEPCNT","sourceStableId":"1F2B6A429E1C76A5"}}},{"type":"Feature","geometry":{"type":"LineString","coordinates":[[3.8399084,51.2856386],[3.8398842,51.2856079],[3.8398681,51.2855514],[3.839865,51.2855055],[3.8398971,51.2854612],[3.8399328,51.2853729],[3.8400206,51.2853705]]},"properties":{"rawObjectClass":"DEPCNT","VALDCO":2.5,"depthDatum":"Approximate LAT","depthDatumCode":42,"depthDatumStatus":"VERIFIED_FROM_OFFICIAL_DOCUMENTATION","verticalDatum":"Local Datum","verticalDatumCode":24,"napIdentityStatus":"UNVERIFIED","sourceKind":"official","sourceCellId":"1R7687LI","sourceStableId":"1F2B6A429E1C76A6","sourceChecksum":"15df29d0ae5fbc875483ea2addc2d4e6c9148a876bdf65f0adfc75742fe31c47","pipelineFeatureId":"1R7687LI/DEPCNT/1280474952","provenance":{"cellId":"1R7687LI","checksum":"15df29d0ae5fbc875483ea2addc2d4e6c9148a876bdf65f0adfc75742fe31c47","readerVersion":"GDAL 3.2.2","processedAt":"2026-08-11T13:43:44.753Z"},"sourceProperties":{"RCID":1280474952,"PRIM":2,"GRUP":2,"OBJL":43,"RVER":1,"AGEN":7979,"FIDN":1782750748,"FIDS":30374,"LNAM":"1F2B6A429E1C76A6","VALDCO":2.5,"SCAMIN":15000,"sourceCellId":"1R7687LI","sourceChecksum":"15df29d0ae5fbc875483ea2addc2d4e6c9148a876bdf65f0adfc75742fe31c47","rawObjectClass":"DEPCNT","sourceStableId":"1F2B6A429E1C76A6"}}},{"type":"Feature","geometry":{"type":"LineString","coordinates":[[3.8332137,51.2975946],[3.8331914,51.2976487],[3.8331291,51.2976773]]},"properties":{"rawObjectClass":"DEPCNT","VALDCO":2.5,"depthDatum":"Approximate LAT","depthDatumCode":42,"depthDatumStatus":"VERIFIED_FROM_OFFICIAL_DOCUMENTATION","verticalDatum":"Local Datum","verticalDatumCode":24,"napIdentityStatus":"UNVERIFIED","sourceKind":"official","sourceCellId":"1R7687LI","sourceStableId":"1F2B6A429E1C76A7","sourceChecksum":"15df29d0ae5fbc875483ea2addc2d4e6c9148a876bdf65f0adfc75742fe31c47","pipelineFeatureId":"1R7687LI/DEPCNT/1280474953","provenance":{"cellId":"1R7687LI","checksum":"15df29d0ae5fbc875483ea2addc2d4e6c9148a876bdf65f0adfc75742fe31c47","readerVersion":"GDAL 3.2.2","processedAt":"2026-08-11T13:43:44.753Z"},"sourceProperties":{"RCID":1280474953,"PRIM":2,"GRUP":2,"OBJL":43,"RVER":1,"AGEN":7979,"FIDN":1782750748,"FIDS":30375,"LNAM":"1F2B6A429E1C76A7","VALDCO":2.5,"SCAMIN":15000,"sourceCellId":"1R7687LI","sourceChecksum":"15df29d0ae5fbc875483ea2addc2d4e6c9148a876bdf65f0adfc75742fe31c47","rawObjectClass":"DEPCNT","sourceStableId":"1F2B6A429E1C76A7"}}},{"type":"Feature","geometry":{"type":"LineString","coordinates":[[3.8359938,51.2895638],[3.8360006,51.289622],[3.8359994,51.2896256],[3.8360227,51.2896987],[3.8360101,51.2897154],[3.8359996,51.2898046],[3.8359985,51.2898226],[3.8358859,51.2898961],[3.8358857,51.2899686],[3.8358613,51.2899862],[3.8358591,51.2900402],[3.835859,51.2900404]]},"properties":{"rawObjectClass":"DEPCNT","VALDCO":2.5,"depthDatum":"Approximate LAT","depthDatumCode":42,"depthDatumStatus":"VERIFIED_FROM_OFFICIAL_DOCUMENTATION","verticalDatum":"Local Datum","verticalDatumCode":24,"napIdentityStatus":"UNVERIFIED","sourceKind":"official","sourceCellId":"1R7687LI","sourceStableId":"1F2B6A429E1C76A8","sourceChecksum":"15df29d0ae5fbc875483ea2addc2d4e6c9148a876bdf65f0adfc75742fe31c47","pipelineFeatureId":"1R7687LI/DEPCNT/1280474954","provenance":{"cellId":"1R7687LI","checksum":"15df29d0ae5fbc875483ea2addc2d4e6c9148a876bdf65f0adfc75742fe31c47","readerVersion":"GDAL 3.2.2","processedAt":"2026-08-11T13:43:44.753Z"},"sourceProperties":{"RCID":1280474954,"PRIM":2,"GRUP":2,"OBJL":43,"RVER":1,"AGEN":7979,"FIDN":1782750748,"FIDS":30376,"LNAM":"1F2B6A429E1C76A8","VALDCO":2.5,"SCAMIN":15000,"sourceCellId":"1R7687LI","sourceChecksum":"15df29d0ae5fbc875483ea2addc2d4e6c9148a876bdf65f0adfc75742fe31c47","rawObjectClass":"DEPCNT","sourceStableId":"1F2B6A429E1C76A8"}}},{"type":"Feature","geometry":{"type":"LineString","coordinates":[[3.8358469,51.2900844],[3.8358602,51.2901031],[3.8358642,51.2901643],[3.8358627,51.2901661],[3.8358614,51.2901674],[3.8357269,51.290257],[3.83572,51.290279],[3.8356203,51.2903207],[3.8355777,51.290342]]},"properties":{"rawObjectClass":"DEPCNT","VALDCO":2.5,"depthDatum":"Approximate LAT","depthDatumCode":42,"depthDatumStatus":"VERIFIED_FROM_OFFICIAL_DOCUMENTATION","verticalDatum":"Local Datum","verticalDatumCode":24,"napIdentityStatus":"UNVERIFIED","sourceKind":"official","sourceCellId":"1R7687LI","sourceStableId":"1F2B6A429E1C76A9","sourceChecksum":"15df29d0ae5fbc875483ea2addc2d4e6c9148a876bdf65f0adfc75742fe31c47","pipelineFeatureId":"1R7687LI/DEPCNT/1280474955","provenance":{"cellId":"1R7687LI","checksum":"15df29d0ae5fbc875483ea2addc2d4e6c9148a876bdf65f0adfc75742fe31c47","readerVersion":"GDAL 3.2.2","processedAt":"2026-08-11T13:43:44.753Z"},"sourceProperties":{"RCID":1280474955,"PRIM":2,"GRUP":2,"OBJL":43,"RVER":1,"AGEN":7979,"FIDN":1782750748,"FIDS":30377,"LNAM":"1F2B6A429E1C76A9","VALDCO":2.5,"SCAMIN":15000,"sourceCellId":"1R7687LI","sourceChecksum":"15df29d0ae5fbc875483ea2addc2d4e6c9148a876bdf65f0adfc75742fe31c47","rawObjectClass":"DEPCNT","sourceStableId":"1F2B6A429E1C76A9"}}},{"type":"Feature","geometry":{"type":"LineString","coordinates":[[3.8355449,51.290369],[3.8355447,51.2903692],[3.835579,51.2904105],[3.8355876,51.2904327],[3.8355809,51.2904378],[3.8355795,51.2904403],[3.8354742,51.2905285],[3.835438,51.2905456]]},"properties":{"rawObjectClass":"DEPCNT","VALDCO":2.5,"depthDatum":"Approximate LAT","depthDatumCode":42,"depthDatumStatus":"VERIFIED_FROM_OFFICIAL_DOCUMENTATION","verticalDatum":"Local Datum","verticalDatumCode":24,"napIdentityStatus":"UNVERIFIED","sourceKind":"official","sourceCellId":"1R7687LI","sourceStableId":"1F2B6A429E1C76AA","sourceChecksum":"15df29d0ae5fbc875483ea2addc2d4e6c9148a876bdf65f0adfc75742fe31c47","pipelineFeatureId":"1R7687LI/DEPCNT/1280474956","provenance":{"cellId":"1R7687LI","checksum":"15df29d0ae5fbc875483ea2addc2d4e6c9148a876bdf65f0adfc75742fe31c47","readerVersion":"GDAL 3.2.2","processedAt":"2026-08-11T13:43:44.753Z"},"sourceProperties":{"RCID":1280474956,"PRIM":2,"GRUP":2,"OBJL":43,"RVER":1,"AGEN":7979,"FIDN":1782750748,"FIDS":30378,"LNAM":"1F2B6A429E1C76AA","VALDCO":2.5,"SCAMIN":15000,"sourceCellId":"1R7687LI","sourceChecksum":"15df29d0ae5fbc875483ea2addc2d4e6c9148a876bdf65f0adfc75742fe31c47","rawObjectClass":"DEPCNT","sourceStableId":"1F2B6A429E1C76AA"}}},{"type":"Feature","geometry":{"type":"LineString","coordinates":[[3.8293303,51.3084522],[3.8293303,51.3084668],[3.8293075,51.3084799]]},"properties":{"rawObjectClass":"DEPCNT","VALDCO":2,"depthDatum":"Approximate LAT","depthDatumCode":42,"depthDatumStatus":"VERIFIED_FROM_OFFICIAL_DOCUMENTATION","verticalDatum":"Local Datum","verticalDatumCode":24,"napIdentityStatus":"UNVERIFIED","sourceKind":"official","sourceCellId":"1R7687LI","sourceStableId":"1F2B6A429E1C76AB","sourceChecksum":"15df29d0ae5fbc875483ea2addc2d4e6c9148a876bdf65f0adfc75742fe31c47","pipelineFeatureId":"1R7687LI/DEPCNT/1280474957","provenance":{"cellId":"1R7687LI","checksum":"15df29d0ae5fbc875483ea2addc2d4e6c9148a876bdf65f0adfc75742fe31c47","readerVersion":"GDAL 3.2.2","processedAt":"2026-08-11T13:43:44.753Z"},"sourceProperties":{"RCID":1280474957,"PRIM":2,"GRUP":2,"OBJL":43,"RVER":1,"AGEN":7979,"FIDN":1782750748,"FIDS":30379,"LNAM":"1F2B6A429E1C76AB","VALDCO":2,"SCAMIN":300000,"sourceCellId":"1R7687LI","sourceChecksum":"15df29d0ae5fbc875483ea2addc2d4e6c9148a876bdf65f0adfc75742fe31c47","rawObjectClass":"DEPCNT","sourceStableId":"1F2B6A429E1C76AB"}}},{"type":"Feature","geometry":{"type":"LineString","coordinates":[[3.8290644,51.3091683],[3.8290644,51.3091684],[3.8290647,51.309188],[3.8290337,51.3092079]]},"properties":{"rawObjectClass":"DEPCNT","VALDCO":2,"depthDatum":"Approximate LAT","depthDatumCode":42,"depthDatumStatus":"VERIFIED_FROM_OFFICIAL_DOCUMENTATION","verticalDatum":"Local Datum","verticalDatumCode":24,"napIdentityStatus":"UNVERIFIED","sourceKind":"official","sourceCellId":"1R7687LI","sourceStableId":"1F2B6A429E1C76AC","sourceChecksum":"15df29d0ae5fbc875483ea2addc2d4e6c9148a876bdf65f0adfc75742fe31c47","pipelineFeatureId":"1R7687LI/DEPCNT/1280474958","provenance":{"cellId":"1R7687LI","checksum":"15df29d0ae5fbc875483ea2addc2d4e6c9148a876bdf65f0adfc75742fe31c47","readerVersion":"GDAL 3.2.2","processedAt":"2026-08-11T13:43:44.753Z"},"sourceProperties":{"RCID":1280474958,"PRIM":2,"GRUP":2,"OBJL":43,"RVER":1,"AGEN":7979,"FIDN":1782750748,"FIDS":30380,"LNAM":"1F2B6A429E1C76AC","VALDCO":2,"SCAMIN":300000,"sourceCellId":"1R7687LI","sourceChecksum":"15df29d0ae5fbc875483ea2addc2d4e6c9148a876bdf65f0adfc75742fe31c47","rawObjectClass":"DEPCNT","sourceStableId":"1F2B6A429E1C76AC"}}},{"type":"Feature","geometry":{"type":"LineString","coordinates":[[3.8289246,51.3094399],[3.8289232,51.3094588],[3.8289283,51.3095285],[3.8289264,51.3095487],[3.8288968,51.3095675],[3.8288968,51.3095676]]},"properties":{"rawObjectClass":"DEPCNT","VALDCO":2,"depthDatum":"Approximate LAT","depthDatumCode":42,"depthDatumStatus":"VERIFIED_FROM_OFFICIAL_DOCUMENTATION","verticalDatum":"Local Datum","verticalDatumCode":24,"napIdentityStatus":"UNVERIFIED","sourceKind":"official","sourceCellId":"1R7687LI","sourceStableId":"1F2B6A429E1C76AD","sourceChecksum":"15df29d0ae5fbc875483ea2addc2d4e6c9148a876bdf65f0adfc75742fe31c47","pipelineFeatureId":"1R7687LI/DEPCNT/1280474959","provenance":{"cellId":"1R7687LI","checksum":"15df29d0ae5fbc875483ea2addc2d4e6c9148a876bdf65f0adfc75742fe31c47","readerVersion":"GDAL 3.2.2","processedAt":"2026-08-11T13:43:44.753Z"},"sourceProperties":{"RCID":1280474959,"PRIM":2,"GRUP":2,"OBJL":43,"RVER":1,"AGEN":7979,"FIDN":1782750748,"FIDS":30381,"LNAM":"1F2B6A429E1C76AD","VALDCO":2,"SCAMIN":300000,"sourceCellId":"1R7687LI","sourceChecksum":"15df29d0ae5fbc875483ea2addc2d4e6c9148a876bdf65f0adfc75742fe31c47","rawObjectClass":"DEPCNT","sourceStableId":"1F2B6A429E1C76AD"}}},{"type":"Feature","geometry":{"type":"LineString","coordinates":[[3.8287913,51.3097982],[3.8287924,51.3098194],[3.8287582,51.3098409]]},"properties":{"rawObjectClass":"DEPCNT","VALDCO":2,"depthDatum":"Approximate LAT","depthDatumCode":42,"depthDatumStatus":"VERIFIED_FROM_OFFICIAL_DOCUMENTATION","verticalDatum":"Local Datum","verticalDatumCode":24,"napIdentityStatus":"UNVERIFIED","sourceKind":"official","sourceCellId":"1R7687LI","sourceStableId":"1F2B6A429E1C76AE","sourceChecksum":"15df29d0ae5fbc875483ea2addc2d4e6c9148a876bdf65f0adfc75742fe31c47","pipelineFeatureId":"1R7687LI/DEPCNT/1280474960","provenance":{"cellId":"1R7687LI","checksum":"15df29d0ae5fbc875483ea2addc2d4e6c9148a876bdf65f0adfc75742fe31c47","readerVersion":"GDAL 3.2.2","processedAt":"2026-08-11T13:43:44.753Z"},"sourceProperties":{"RCID":1280474960,"PRIM":2,"GRUP":2,"OBJL":43,"RVER":1,"AGEN":7979,"FIDN":1782750748,"FIDS":30382,"LNAM":"1F2B6A429E1C76AE","VALDCO":2,"SCAMIN":300000,"sourceCellId":"1R7687LI","sourceChecksum":"15df29d0ae5fbc875483ea2addc2d4e6c9148a876bdf65f0adfc75742fe31c47","rawObjectClass":"DEPCNT","sourceStableId":"1F2B6A429E1C76AE"}}},{"type":"Feature","geometry":{"type":"LineString","coordinates":[[3.8286635,51.310062],[3.8286621,51.3100901],[3.8286198,51.310123]]},"properties":{"rawObjectClass":"DEPCNT","VALDCO":2,"depthDatum":"Approximate LAT","depthDatumCode":42,"depthDatumStatus":"VERIFIED_FROM_OFFICIAL_DOCUMENTATION","verticalDatum":"Local Datum","verticalDatumCode":24,"napIdentityStatus":"UNVERIFIED","sourceKind":"official","sourceCellId":"1R7687LI","sourceStableId":"1F2B6A429E1C76AF","sourceChecksum":"15df29d0ae5fbc875483ea2addc2d4e6c9148a876bdf65f0adfc75742fe31c47","pipelineFeatureId":"1R7687LI/DEPCNT/1280474961","provenance":{"cellId":"1R7687LI","checksum":"15df29d0ae5fbc875483ea2addc2d4e6c9148a876bdf65f0adfc75742fe31c47","readerVersion":"GDAL 3.2.2","processedAt":"2026-08-11T13:43:44.753Z"},"sourceProperties":{"RCID":1280474961,"PRIM":2,"GRUP":2,"OBJL":43,"RVER":1,"AGEN":7979,"FIDN":1782750748,"FIDS":30383,"LNAM":"1F2B6A429E1C76AF","VALDCO":2,"SCAMIN":300000,"sourceCellId":"1R7687LI","sourceChecksum":"15df29d0ae5fbc875483ea2addc2d4e6c9148a876bdf65f0adfc75742fe31c47","rawObjectClass":"DEPCNT","sourceStableId":"1F2B6A429E1C76AF"}}},{"type":"Feature","geometry":{"type":"LineString","coordinates":[[3.8358854,51.314445],[3.8360142,51.3143743],[3.8361053,51.3143864]]},"properties":{"rawObjectClass":"DEPCNT","VALDCO":2,"depthDatum":"Approximate LAT","depthDatumCode":42,"depthDatumStatus":"VERIFIED_FROM_OFFICIAL_DOCUMENTATION","verticalDatum":"Local Datum","verticalDatumCode":24,"napIdentityStatus":"UNVERIFIED","sourceKind":"official","sourceCellId":"1R7687LI","sourceStableId":"1F2B6A429E1C76B0","sourceChecksum":"15df29d0ae5fbc875483ea2addc2d4e6c9148a876bdf65f0adfc75742fe31c47","pipelineFeatureId":"1R7687LI/DEPCNT/1280474962","provenance":{"cellId":"1R7687LI","checksum":"15df29d0ae5fbc875483ea2addc2d4e6c9148a876bdf65f0adfc75742fe31c47","readerVersion":"GDAL 3.2.2","processedAt":"2026-08-11T13:43:44.753Z"},"sourceProperties":{"RCID":1280474962,"PRIM":2,"GRUP":2,"OBJL":43,"RVER":1,"AGEN":7979,"FIDN":1782750748,"FIDS":30384,"LNAM":"1F2B6A429E1C76B0","VALDCO":2,"SCAMIN":300000,"sourceCellId":"1R7687LI","sourceChecksum":"15df29d0ae5fbc875483ea2addc2d4e6c9148a876bdf65f0adfc75742fe31c47","rawObjectClass":"DEPCNT","sourceStableId":"1F2B6A429E1C76B0"}}},{"type":"Feature","geometry":{"type":"LineString","coordinates":[[3.8283838,51.3106961],[3.8283743,51.3107216],[3.828344,51.3107402]]},"properties":{"rawObjectClass":"DEPCNT","VALDCO":2,"depthDatum":"Approximate LAT","depthDatumCode":42,"depthDatumStatus":"VERIFIED_FROM_OFFICIAL_DOCUMENTATION","verticalDatum":"Local Datum","verticalDatumCode":24,"napIdentityStatus":"UNVERIFIED","sourceKind":"official","sourceCellId":"1R7687LI","sourceStableId":"1F2B6A429E1C76B1","sourceChecksum":"15df29d0ae5fbc875483ea2addc2d4e6c9148a876bdf65f0adfc75742fe31c47","pipelineFeatureId":"1R7687LI/DEPCNT/1280474963","provenance":{"cellId":"1R7687LI","checksum":"15df29d0ae5fbc875483ea2addc2d4e6c9148a876bdf65f0adfc75742fe31c47","readerVersion":"GDAL 3.2.2","processedAt":"2026-08-11T13:43:44.753Z"},"sourceProperties":{"RCID":1280474963,"PRIM":2,"GRUP":2,"OBJL":43,"RVER":1,"AGEN":7979,"FIDN":1782750748,"FIDS":30385,"LNAM":"1F2B6A429E1C76B1","VALDCO":2,"SCAMIN":300000,"sourceCellId":"1R7687LI","sourceChecksum":"15df29d0ae5fbc875483ea2addc2d4e6c9148a876bdf65f0adfc75742fe31c47","rawObjectClass":"DEPCNT","sourceStableId":"1F2B6A429E1C76B1"}}},{"type":"Feature","geometry":{"type":"LineString","coordinates":[[3.8367427,51.2873267],[3.8367971,51.2873718],[3.8367975,51.2873826],[3.836681,51.2874625],[3.8366737,51.2875161]]},"properties":{"rawObjectClass":"DEPCNT","VALDCO":2,"depthDatum":"Approximate LAT","depthDatumCode":42,"depthDatumStatus":"VERIFIED_FROM_OFFICIAL_DOCUMENTATION","verticalDatum":"Local Datum","verticalDatumCode":24,"napIdentityStatus":"UNVERIFIED","sourceKind":"official","sourceCellId":"1R7687LI","sourceStableId":"1F2B6A429E1C76B2","sourceChecksum":"15df29d0ae5fbc875483ea2addc2d4e6c9148a876bdf65f0adfc75742fe31c47","pipelineFeatureId":"1R7687LI/DEPCNT/1280474964","provenance":{"cellId":"1R7687LI","checksum":"15df29d0ae5fbc875483ea2addc2d4e6c9148a876bdf65f0adfc75742fe31c47","readerVersion":"GDAL 3.2.2","processedAt":"2026-08-11T13:43:44.753Z"},"sourceProperties":{"RCID":1280474964,"PRIM":2,"GRUP":2,"OBJL":43,"RVER":1,"AGEN":7979,"FIDN":1782750748,"FIDS":30386,"LNAM":"1F2B6A429E1C76B2","VALDCO":2,"SCAMIN":300000,"sourceCellId":"1R7687LI","sourceChecksum":"15df29d0ae5fbc875483ea2addc2d4e6c9148a876bdf65f0adfc75742fe31c47","rawObjectClass":"DEPCNT","sourceStableId":"1F2B6A429E1C76B2"}}},{"type":"Feature","geometry":{"type":"LineString","coordinates":[[3.8297319,51.3072852],[3.8297367,51.3072949],[3.8297255,51.3073803],[3.8297259,51.3073849],[3.8297183,51.3073885]]},"properties":{"rawObjectClass":"DEPCNT","VALDCO":2,"depthDatum":"Approximate LAT","depthDatumCode":42,"depthDatumStatus":"VERIFIED_FROM_OFFICIAL_DOCUMENTATION","verticalDatum":"Local Datum","verticalDatumCode":24,"napIdentityStatus":"UNVERIFIED","sourceKind":"official","sourceCellId":"1R7687LI","sourceStableId":"1F2B6A429E1C76B3","sourceChecksum":"15df29d0ae5fbc875483ea2addc2d4e6c9148a876bdf65f0adfc75742fe31c47","pipelineFeatureId":"1R7687LI/DEPCNT/1280474965","provenance":{"cellId":"1R7687LI","checksum":"15df29d0ae5fbc875483ea2addc2d4e6c9148a876bdf65f0adfc75742fe31c47","readerVersion":"GDAL 3.2.2","processedAt":"2026-08-11T13:43:44.753Z"},"sourceProperties":{"RCID":1280474965,"PRIM":2,"GRUP":2,"OBJL":43,"RVER":1,"AGEN":7979,"FIDN":1782750748,"FIDS":30387,"LNAM":"1F2B6A429E1C76B3","VALDCO":2,"SCAMIN":300000,"sourceCellId":"1R7687LI","sourceChecksum":"15df29d0ae5fbc875483ea2addc2d4e6c9148a876bdf65f0adfc75742fe31c47","rawObjectClass":"DEPCNT","sourceStableId":"1F2B6A429E1C76B3"}}}]}