{"type":"FeatureCollection","features":[{"type":"Feature","geometry":{"type":"LineString","coordinates":[[3.2578701,51.586449],[3.2580069,51.5865285],[3.258022,51.5865386],[3.2581518,51.5866161],[3.2582966,51.5867134],[3.2583041,51.5867178],[3.2583756,51.5867666],[3.2584237,51.5868074],[3.2584416,51.5868216],[3.2585294,51.5868971],[3.2585866,51.5869408],[3.2586434,51.5869868],[3.2587315,51.587031],[3.2587935,51.5870764],[3.2588764,51.5871311],[3.2589248,51.587166],[3.2590213,51.5872294],[3.2590581,51.5872556],[3.2590554,51.5873246],[3.2590529,51.5873455],[3.2591666,51.587408],[3.2592135,51.5874351],[3.2593115,51.5875004],[3.2593554,51.5875247],[3.2594564,51.5875932],[3.259493,51.5876143],[3.2594567,51.5876416],[3.2593731,51.5877045],[3.2594573,51.5877622],[3.2595152,51.5877941],[3.2596022,51.5878587],[3.2596472,51.5878837],[3.2596647,51.5879224],[3.2596836,51.5879736],[3.2597475,51.5880289],[3.259814,51.5880632],[3.2598799,51.5881451],[3.2598909,51.5881529],[3.2598926,51.588154],[3.2598944,51.588154],[3.2600371,51.5881745],[3.2601594,51.5882423],[3.2601819,51.5882555],[3.2603248,51.5883318],[3.2603267,51.5883329],[3.2603408,51.5883405],[3.2603948,51.5883317],[3.2604709,51.5883157],[3.2605927,51.5883171],[3.2606153,51.5883281],[3.2606216,51.5883312],[3.2607601,51.5883985],[3.2608102,51.5884206],[3.2609048,51.5884699],[3.2610037,51.5885101],[3.2610495,51.5885307],[3.2610771,51.5885272],[3.261194,51.5885472],[3.2613106,51.5885994],[3.2613387,51.5886145],[3.2614111,51.5886442],[3.2614586,51.588599],[3.2614829,51.5885898],[3.2615067,51.5885841],[3.2616272,51.5885857],[3.2616429,51.5885889],[3.2617714,51.5885627],[3.26189,51.5885241],[3.2619156,51.5885239],[3.2619247,51.5885081],[3.2620593,51.5884249],[3.2620819,51.5884319],[3.2620819,51.5884178],[3.2620591,51.588392],[3.26203,51.5884179],[3.2619154,51.5884928],[3.2618753,51.5884183],[3.2619148,51.5883906],[3.2620273,51.588328],[3.2619862,51.5882831],[3.2620584,51.5882625],[3.2620971,51.5882379],[3.2622023,51.5881922],[3.262313,51.5882164],[3.2623469,51.5882331],[3.2623582,51.5882374],[3.2624916,51.5882922],[3.2625935,51.5883268],[3.2626363,51.5883456],[3.2627092,51.5883718],[3.2627809,51.5883998],[3.2628157,51.5884162],[3.2629256,51.5884574],[3.2630555,51.5884964],[3.2630702,51.5885024],[3.2630755,51.5885055],[3.263215,51.5885769],[3.2632461,51.588595],[3.2633598,51.5886615],[3.2634086,51.5886846],[3.2635046,51.5887439],[3.2635686,51.5887742],[3.2636494,51.58882],[3.2637476,51.5888637],[3.2637942,51.5888889],[3.2639188,51.5889407],[3.2639389,51.5889491],[3.2639534,51.5889531],[3.2640835,51.5889993],[3.2641703,51.5890067],[3.264228,51.5890208],[3.2642713,51.5890423],[3.2643727,51.589081],[3.264408,51.589042],[3.2643723,51.5890105],[3.2642885,51.5889524],[3.2643716,51.5888897],[3.2644671,51.5889214],[3.264516,51.5888981],[3.2645921,51.5888618],[3.26466,51.5888405],[3.2646802,51.5888616],[3.2647575,51.5889219],[3.2647926,51.5889512],[3.264805,51.5889553],[3.2648246,51.5889512],[3.2649491,51.5889181],[3.2650737,51.5889506],[3.2650937,51.5889562],[3.2651103,51.5889608],[3.2651186,51.5889505],[3.2652376,51.5888889],[3.2652759,51.5888602],[3.2653114,51.5888139],[3.2653288,51.5887702],[3.2653605,51.5886929],[3.2653659,51.5886802],[3.2653807,51.5886679],[3.2654013,51.5886673],[3.2655248,51.5886278],[3.2655973,51.5885897],[3.2656503,51.588511],[3.2656425,51.5884997],[3.2656682,51.5884665],[3.265679,51.5884166],[3.2656768,51.5884097],[3.2656789,51.5884028],[3.2656676,51.5883531],[3.2656597,51.5883199],[3.2656673,51.588303],[3.2656994,51.5882299],[3.2656979,51.5881595],[3.2656882,51.58814],[3.2656976,51.5881204],[3.2656659,51.5880694],[3.2656591,51.5880501],[3.2656657,51.5880375],[3.265702,51.5879601],[3.2656587,51.5878703],[3.2656544,51.5878638],[3.2655726,51.5877806],[3.2655196,51.587726],[3.2654177,51.587691],[3.2654472,51.5876462],[3.2654138,51.5876011],[3.2653743,51.5875615],[3.2653277,51.5875114],[3.2652291,51.5874275],[3.2652213,51.5874217],[3.2651987,51.5874029],[3.2651285,51.587332],[3.265084,51.5872957],[3.2650189,51.5872423],[3.2649389,51.5871645],[3.2649265,51.5871526],[3.2648432,51.5870934],[3.2647986,51.587063],[3.264794,51.5870595],[3.2646894,51.5869733],[3.2646489,51.5869432],[3.2645753,51.5868836],[3.264504,51.5868313],[3.2644564,51.586794],[3.264359,51.5867295],[3.2643239,51.5867044],[3.2642141,51.5866258],[3.2641994,51.5866147],[3.2640892,51.5865375],[3.2640739,51.5865251],[3.2640691,51.5865193],[3.2639791,51.5864354],[3.2639239,51.5863648],[3.2639137,51.5863456],[3.2639011,51.5863316],[3.2638572,51.5862559],[3.2637879,51.586172],[3.2637784,51.58616],[3.2637123,51.5860763],[3.2636421,51.5859922],[3.2637774,51.5859921],[3.2637842,51.5859905],[3.2637812,51.5859863],[3.2637773,51.5859821],[3.2636395,51.5859826],[3.2637161,51.5858965],[3.263632,51.5858182],[3.2636136,51.5858068],[3.2635068,51.5857293],[3.2634888,51.5857172],[3.2634871,51.5857158],[3.2633612,51.5856276],[3.2633422,51.5856102],[3.2632412,51.5855379],[3.2631973,51.585522],[3.2630793,51.5854484],[3.2630525,51.5854301],[3.2629451,51.5853587],[3.2629076,51.5853359],[3.2628079,51.5852691],[3.2627627,51.5852385],[3.2626587,51.5851795],[3.2626177,51.5851247],[3.2625705,51.5850898],[3.2624728,51.5850288],[3.2624334,51.5850002],[3.262328,51.5849432],[3.2622816,51.5849106],[3.2621831,51.5848498],[3.2621483,51.584821],[3.2620382,51.584753],[3.2620027,51.5847314],[3.2618934,51.5846694],[3.2618453,51.5846419],[3.2617486,51.5845824],[3.2616996,51.5845523],[3.2616038,51.5845013],[3.2615319,51.5844627],[3.261459,51.5844209],[3.2613666,51.5843732],[3.2613142,51.5843496],[3.2611812,51.5842837],[3.2611695,51.5842775],[3.2611022,51.584242],[3.2610247,51.5842013],[3.2610114,51.5841941],[3.2608799,51.5841182],[3.260854,51.5841046],[3.2607351,51.5840427],[3.2606697,51.5840151],[3.2605904,51.5839785],[3.2605266,51.5839255],[3.2604456,51.5838854],[3.2603227,51.583836],[3.2603009,51.5838257],[3.2601639,51.5837464],[3.2601561,51.5837426],[3.2601311,51.583731],[3.2600114,51.5836783],[3.2599661,51.583657],[3.2598667,51.5836072],[3.2597931,51.5835674],[3.2597219,51.5835333],[3.2596274,51.5834779],[3.2595771,51.5834539],[3.2594546,51.5834021],[3.2594325,51.5833944],[3.2594194,51.5833884],[3.2592878,51.5833349],[3.2592077,51.583299],[3.2591431,51.5832727],[3.259024,51.5832253],[3.2589985,51.5832158],[3.2589834,51.5832096],[3.2588538,51.5831588],[3.258775,51.5831201],[3.258709,51.5830794],[3.2585859,51.5830439],[3.2585645,51.5830389],[3.2585217,51.5830307],[3.2584199,51.5829993],[3.2583437,51.5829412],[3.258275,51.5828936],[3.2581397,51.5828575],[3.2581304,51.5828538],[3.2581262,51.5828518],[3.2581077,51.5828377],[3.2580065,51.5827621],[3.2579855,51.5827529],[3.2579499,51.5827401],[3.257841,51.582712],[3.2577771,51.5826727],[3.2576962,51.5826326],[3.2575568,51.5825865],[3.2575516,51.5825871],[3.2575485,51.5825833],[3.2574069,51.5825136],[3.2573389,51.5824938],[3.2572623,51.5824701],[3.2571271,51.5824044],[3.2571176,51.5824012],[3.2570919,51.5823885],[3.2569729,51.5823424],[3.2568623,51.5823361],[3.2568285,51.5823238],[3.2568088,51.5823274],[3.2567801,51.5823152],[3.256684,51.5822909],[3.256642,51.5822894],[3.2565396,51.5822742],[3.2564394,51.5822536],[3.2563953,51.5822812],[3.2563194,51.582269],[3.2562509,51.5822799],[3.256217,51.5823165],[3.2562513,51.5823468],[3.2563045,51.5824062],[3.2563963,51.5824571],[3.2564478,51.5824958],[3.2565411,51.5825491],[3.2565919,51.5825854],[3.2566861,51.5826733],[3.256696,51.5826751],[3.256692,51.5826787],[3.2566862,51.5826773],[3.256683,51.5826771],[3.256542,51.5826998],[3.256464,51.5826756],[3.2563974,51.5826531],[3.2562777,51.5826607],[3.2562531,51.5826593],[3.2562182,51.5826544],[3.2561087,51.5826545],[3.2560731,51.5826543],[3.2559643,51.5826463],[3.2558555,51.5826549],[3.2558201,51.5826554],[3.2556913,51.5826676],[3.2556758,51.5826689],[3.2555474,51.5826676],[3.2555315,51.5826689],[3.2555158,51.5826777],[3.2555319,51.5827393],[3.2555832,51.5827354],[3.2555385,51.5827675],[3.2555321,51.5827827],[3.255471,51.5828576],[3.2555328,51.5828977],[3.2555862,51.5829473],[3.2555678,51.5830158],[3.2555582,51.5830372],[3.2555337,51.5830591],[3.255399,51.5831275],[3.2553988,51.5831331],[3.2553897,51.5831298],[3.2553774,51.5831352],[3.2553717,51.5831276],[3.2552453,51.5831011],[3.2551954,51.5831279],[3.2551619,51.5831802],[3.2551479,51.583218],[3.2551467,51.583246],[3.2551784,51.5833078],[3.2552468,51.5833699],[3.2552728,51.5833975],[3.2552919,51.5834254],[3.2553113,51.5834873],[3.2553,51.58352],[3.2553496,51.5835772],[3.2553926,51.5836355],[3.2554205,51.5836669],[3.2554366,51.5836941],[3.2553931,51.583732],[3.2553702,51.583757],[3.2553332,51.5837946],[3.2552824,51.5838471],[3.2552762,51.5838637],[3.2553155,51.5839369],[3.2553356,51.58399],[3.2553256,51.5840268],[3.2552896,51.5840926],[3.2552809,51.5841168],[3.2553147,51.5841671],[3.2552965,51.5842067],[3.2553073,51.5842413],[3.2552939,51.5842966],[3.2552894,51.5843199],[3.2553265,51.5843865],[3.2553504,51.5844473],[3.2553673,51.5844763],[3.255369,51.584494],[3.2553624,51.5845662],[3.2553543,51.5845934],[3.2553624,51.5846561],[3.2554229,51.5847459],[3.25544,51.5847715],[3.2554238,51.5848358],[3.255424,51.5848512],[3.2554926,51.5849256],[3.2555445,51.5849892],[3.2555673,51.5850154],[3.2555821,51.5850386],[3.2556283,51.5851052],[3.2556899,51.5851728],[3.2557087,51.5851949],[3.2557362,51.5852235],[3.2557954,51.5852846],[3.2558351,51.5853256],[3.25588,51.5853744],[3.2559556,51.5854489],[3.2559711,51.5854641],[3.2559803,51.5854793],[3.2560988,51.5855537],[3.2561251,51.585566],[3.256237,51.5856433],[3.2562699,51.5856584],[3.2563192,51.5856737],[3.2564146,51.585711],[3.2564614,51.5857327],[3.2565594,51.5857892],[3.2566369,51.5858223],[3.2567041,51.5858558],[3.2568029,51.5859118],[3.2568489,51.5859378],[3.2569913,51.5860013],[3.2569936,51.5860025],[3.2569981,51.5860041],[3.2571382,51.5860621],[3.2571938,51.5860908],[3.257283,51.5861275],[3.2573808,51.5861803],[3.2574278,51.586212],[3.2575413,51.5862699],[3.2575725,51.5862819],[3.2576777,51.5863349],[3.2577173,51.5863575],[3.25772,51.5863594],[3.2578621,51.5864435],[3.2578701,51.586449]]},"properties":{"rawObjectClass":"DEPCNT","VALDCO":30,"depthDatum":"Approximate LAT","depthDatumCode":42,"depthDatumStatus":"VERIFIED_FROM_OFFICIAL_DOCUMENTATION","verticalDatum":"Local Datum","verticalDatumCode":24,"napIdentityStatus":"UNVERIFIED","sourceKind":"official","sourceCellId":"1R7588LI","sourceStableId":"1F2B69F1AB1B7537","sourceChecksum":"fcefec7e07170c4b859138c34376143c7aa4e9f8e653fc723d6bbe65dbf3c0a2","pipelineFeatureId":"1R7588LI/DEPCNT/1271588009","provenance":{"cellId":"1R7588LI","checksum":"fcefec7e07170c4b859138c34376143c7aa4e9f8e653fc723d6bbe65dbf3c0a2","readerVersion":"GDAL 3.2.2","processedAt":"2026-08-11T18:29:20.995Z"},"sourceProperties":{"RCID":1271588009,"PRIM":2,"GRUP":2,"OBJL":43,"RVER":1,"AGEN":7979,"FIDN":1777445659,"FIDS":30007,"LNAM":"1F2B69F1AB1B7537","VALDCO":30,"SCAMIN":50000,"sourceCellId":"1R7588LI","sourceChecksum":"fcefec7e07170c4b859138c34376143c7aa4e9f8e653fc723d6bbe65dbf3c0a2","rawObjectClass":"DEPCNT","sourceStableId":"1F2B69F1AB1B7537"}}},{"type":"Feature","geometry":{"type":"LineString","coordinates":[[3.2625027,51.5867984],[3.2625728,51.5868539],[3.2625668,51.5868882],[3.2626282,51.5869491],[3.2626452,51.5869779],[3.2626285,51.5869925],[3.2625273,51.587005],[3.2624841,51.5869944],[3.2624516,51.5869783],[3.2623394,51.5869258],[3.2622659,51.5868888],[3.2621947,51.5868564],[3.2621022,51.5867993],[3.2620498,51.58676],[3.261968,51.5867097],[3.2619048,51.5866599],[3.2618411,51.58662],[3.2617599,51.5865524],[3.2617242,51.5865304],[3.2616807,51.5864814],[3.2616953,51.5864405],[3.2617588,51.58636],[3.2617667,51.5863554],[3.2619035,51.5864315],[3.2619176,51.58644],[3.2620483,51.5865148],[3.2620728,51.5865296],[3.2621932,51.5865973],[3.2622294,51.5866192],[3.262338,51.5866807],[3.2623824,51.5867087],[3.2624829,51.5867855],[3.2625027,51.5867984]]},"properties":{"rawObjectClass":"DEPCNT","VALDCO":30,"depthDatum":"Approximate LAT","depthDatumCode":42,"depthDatumStatus":"VERIFIED_FROM_OFFICIAL_DOCUMENTATION","verticalDatum":"Local Datum","verticalDatumCode":24,"napIdentityStatus":"UNVERIFIED","sourceKind":"official","sourceCellId":"1R7588LI","sourceStableId":"1F2B69F1AB1B7538","sourceChecksum":"fcefec7e07170c4b859138c34376143c7aa4e9f8e653fc723d6bbe65dbf3c0a2","pipelineFeatureId":"1R7588LI/DEPCNT/1271588010","provenance":{"cellId":"1R7588LI","checksum":"fcefec7e07170c4b859138c34376143c7aa4e9f8e653fc723d6bbe65dbf3c0a2","readerVersion":"GDAL 3.2.2","processedAt":"2026-08-11T18:29:20.995Z"},"sourceProperties":{"RCID":1271588010,"PRIM":2,"GRUP":2,"OBJL":43,"RVER":1,"AGEN":7979,"FIDN":1777445659,"FIDS":30008,"LNAM":"1F2B69F1AB1B7538","VALDCO":30,"SCAMIN":50000,"sourceCellId":"1R7588LI","sourceChecksum":"fcefec7e07170c4b859138c34376143c7aa4e9f8e653fc723d6bbe65dbf3c0a2","rawObjectClass":"DEPCNT","sourceStableId":"1F2B69F1AB1B7538"}}},{"type":"Feature","geometry":{"type":"LineString","coordinates":[[3.2616029,51.5871601],[3.2615617,51.5871245],[3.2616187,51.587095],[3.2616587,51.58707],[3.2616278,51.5869863],[3.2617626,51.5870337],[3.2618377,51.5870696],[3.2618967,51.5871525],[3.2618851,51.5871594],[3.2618633,51.5871872],[3.2618101,51.5872495],[3.2617948,51.5872687],[3.2617639,51.5872519],[3.2617605,51.5872496],[3.2616191,51.5871704],[3.2616029,51.5871601]]},"properties":{"rawObjectClass":"DEPCNT","VALDCO":30,"depthDatum":"Approximate LAT","depthDatumCode":42,"depthDatumStatus":"VERIFIED_FROM_OFFICIAL_DOCUMENTATION","verticalDatum":"Local Datum","verticalDatumCode":24,"napIdentityStatus":"UNVERIFIED","sourceKind":"official","sourceCellId":"1R7588LI","sourceStableId":"1F2B69F1AB1B7539","sourceChecksum":"fcefec7e07170c4b859138c34376143c7aa4e9f8e653fc723d6bbe65dbf3c0a2","pipelineFeatureId":"1R7588LI/DEPCNT/1271588011","provenance":{"cellId":"1R7588LI","checksum":"fcefec7e07170c4b859138c34376143c7aa4e9f8e653fc723d6bbe65dbf3c0a2","readerVersion":"GDAL 3.2.2","processedAt":"2026-08-11T18:29:20.995Z"},"sourceProperties":{"RCID":1271588011,"PRIM":2,"GRUP":2,"OBJL":43,"RVER":1,"AGEN":7979,"FIDN":1777445659,"FIDS":30009,"LNAM":"1F2B69F1AB1B7539","VALDCO":30,"SCAMIN":50000,"sourceCellId":"1R7588LI","sourceChecksum":"fcefec7e07170c4b859138c34376143c7aa4e9f8e653fc723d6bbe65dbf3c0a2","rawObjectClass":"DEPCNT","sourceStableId":"1F2B69F1AB1B7539"}}},{"type":"Feature","geometry":{"type":"LineString","coordinates":[[3.2731918,51.5914077],[3.2732798,51.5914494],[3.2733366,51.5914796],[3.2733852,51.5914795],[3.273481,51.5914878],[3.2735928,51.5915386],[3.2736257,51.5915482],[3.2736918,51.5915794],[3.2737704,51.5915929],[3.273889,51.5916278],[3.273915,51.591631],[3.2739323,51.5916385],[3.2740595,51.5916604],[3.2741479,51.5916822],[3.274204,51.5916881],[3.2743304,51.5917055],[3.2743485,51.5917091],[3.2743765,51.5917166],[3.2744931,51.5917548],[3.2745547,51.5917545],[3.2746376,51.5917755],[3.2747664,51.5918056],[3.2747822,51.5918112],[3.2747918,51.5918116],[3.2749267,51.5918349],[3.275012,51.5918581],[3.2750711,51.591852],[3.2751829,51.5918742],[3.2752156,51.5918667],[3.2752656,51.5918045],[3.2753008,51.5917509],[3.2752926,51.5917145],[3.2753587,51.5916648],[3.2754404,51.5916242],[3.2754166,51.5915707],[3.275386,51.5915344],[3.2753577,51.5914997],[3.275303,51.5914447],[3.2752914,51.5914038],[3.2752314,51.591355],[3.2752124,51.5913424],[3.2751669,51.5913268],[3.2750679,51.5913093],[3.2750035,51.5912656],[3.274923,51.5912313],[3.2748039,51.5911761],[3.2747782,51.5911589],[3.2746861,51.5910865],[3.2746332,51.5910514],[3.2745069,51.590997],[3.2744885,51.5909801],[3.2744558,51.5909768],[3.2743438,51.5909327],[3.2742999,51.5909076],[3.2741989,51.5908398],[3.274151,51.590818],[3.2740574,51.5907305],[3.2740539,51.590727],[3.2740505,51.5907262],[3.2739092,51.590678],[3.2738462,51.5906389],[3.2737979,51.59057],[3.2738095,51.590549],[3.273764,51.5905407],[3.2736548,51.5904595],[3.2736188,51.5903935],[3.2735969,51.5903697],[3.2734741,51.5903418],[3.2733745,51.5902803],[3.2733293,51.590259],[3.2732633,51.5902395],[3.2731848,51.590226],[3.2731362,51.5901909],[3.27304,51.5901554],[3.2729655,51.590145],[3.2728956,51.5901549],[3.2727777,51.5901019],[3.2727509,51.5900924],[3.2727304,51.5900892],[3.2726642,51.5901021],[3.2726067,51.5901201],[3.2725481,51.590139],[3.2724624,51.590126],[3.2724134,51.5901332],[3.2723182,51.59015],[3.2722783,51.590168],[3.2721738,51.5901389],[3.2720786,51.5901341],[3.2720294,51.5901297],[3.271944,51.5901038],[3.2718847,51.5900825],[3.2718434,51.5900783],[3.2717404,51.5900844],[3.2716267,51.5900854],[3.2715961,51.5900951],[3.2715688,51.5900877],[3.2714516,51.5900639],[3.2713512,51.5900427],[3.2713071,51.5900426],[3.2711958,51.5901055],[3.2711633,51.5901283],[3.2710891,51.590152],[3.2710191,51.5901621],[3.2709632,51.5901612],[3.2708746,51.5901337],[3.2707852,51.5901623],[3.2707304,51.590169],[3.2706923,51.5901728],[3.2705861,51.590164],[3.2705257,51.5901594],[3.2704416,51.5901482],[3.2703215,51.5901825],[3.2702974,51.5901785],[3.2701845,51.5901782],[3.2701531,51.5901868],[3.270093,51.590198],[3.2700901,51.5902375],[3.2700481,51.590288],[3.2700681,51.5903415],[3.2700469,51.5903779],[3.2700838,51.5904237],[3.2700834,51.5904677],[3.2701549,51.5904822],[3.2702463,51.5905573],[3.2703001,51.5906245],[3.2703287,51.590647],[3.2703729,51.590692],[3.2703971,51.5907368],[3.2703735,51.590782],[3.2704022,51.5908267],[3.270446,51.5908865],[3.2705892,51.5908262],[3.2705885,51.5908253],[3.2705396,51.5907364],[3.2705894,51.5907232],[3.2706059,51.5907363],[3.2706274,51.5907598],[3.270591,51.5908262],[3.27059,51.5908272],[3.2705183,51.5909163],[3.2705907,51.5909383],[3.2706853,51.5909747],[3.2706852,51.5909159],[3.2707347,51.5908924],[3.2707724,51.5909157],[3.2707842,51.5909463],[3.2707849,51.5910056],[3.2708799,51.5910313],[3.2709747,51.5910641],[3.2710246,51.5910818],[3.2710459,51.5910949],[3.2711693,51.5911442],[3.2712591,51.5911844],[3.271314,51.5912089],[3.2713867,51.591274],[3.2714589,51.5912987],[3.2715635,51.5912736],[3.2714959,51.5912072],[3.271603,51.5912565],[3.2716505,51.5912438],[3.271708,51.5912732],[3.2717475,51.5912788],[3.2717657,51.5912731],[3.2718916,51.5912391],[3.2719486,51.5912372],[3.272036,51.5912369],[3.2720904,51.5912385],[3.2721803,51.591231],[3.2722476,51.591224],[3.2723247,51.5912375],[3.2724077,51.5912716],[3.2724694,51.5912984],[3.2725083,51.5912957],[3.2726138,51.5913049],[3.2727342,51.5913608],[3.2727586,51.5913723],[3.2727757,51.5913714],[3.272903,51.5913796],[3.2729361,51.5913809],[3.2730474,51.5913887],[3.2731147,51.5914018],[3.2731918,51.5914077]]},"properties":{"rawObjectClass":"DEPCNT","VALDCO":30,"depthDatum":"Approximate LAT","depthDatumCode":42,"depthDatumStatus":"VERIFIED_FROM_OFFICIAL_DOCUMENTATION","verticalDatum":"Local Datum","verticalDatumCode":24,"napIdentityStatus":"UNVERIFIED","sourceKind":"official","sourceCellId":"1R7588LI","sourceStableId":"1F2B69F1AB1B753A","sourceChecksum":"fcefec7e07170c4b859138c34376143c7aa4e9f8e653fc723d6bbe65dbf3c0a2","pipelineFeatureId":"1R7588LI/DEPCNT/1271588012","provenance":{"cellId":"1R7588LI","checksum":"fcefec7e07170c4b859138c34376143c7aa4e9f8e653fc723d6bbe65dbf3c0a2","readerVersion":"GDAL 3.2.2","processedAt":"2026-08-11T18:29:20.995Z"},"sourceProperties":{"RCID":1271588012,"PRIM":2,"GRUP":2,"OBJL":43,"RVER":1,"AGEN":7979,"FIDN":1777445659,"FIDS":30010,"LNAM":"1F2B69F1AB1B753A","VALDCO":30,"SCAMIN":50000,"sourceCellId":"1R7588LI","sourceChecksum":"fcefec7e07170c4b859138c34376143c7aa4e9f8e653fc723d6bbe65dbf3c0a2","rawObjectClass":"DEPCNT","sourceStableId":"1F2B69F1AB1B753A"}}},{"type":"Feature","geometry":{"type":"LineString","coordinates":[[3.2904208,51.6000402],[3.2904094,51.6000305],[3.2903394,51.5999505],[3.2903527,51.5999059],[3.2903291,51.5998606],[3.2903967,51.5997872],[3.2902792,51.5998022],[3.2901742,51.5997956],[3.2901348,51.5997882],[3.2899958,51.599775],[3.2899903,51.5997739],[3.2899778,51.5997716],[3.2898457,51.5997433],[3.2897919,51.5997385],[3.2897013,51.5997388],[3.2896093,51.5997153],[3.2895567,51.5997035],[3.2895158,51.5997083],[3.2894123,51.5997012],[3.2892794,51.5996906],[3.2892678,51.5996872],[3.2892606,51.599688],[3.2891236,51.5997069],[3.289072,51.5996839],[3.2889788,51.5996476],[3.288863,51.5995945],[3.2888341,51.5995848],[3.2888124,51.5995811],[3.2886897,51.5995925],[3.2886757,51.5995862],[3.2886716,51.5995949],[3.288624,51.5996362],[3.2886898,51.5996124],[3.2888064,51.5996845],[3.2886905,51.5997083],[3.2885638,51.599775],[3.2886101,51.5998254],[3.2885888,51.5998649],[3.2886918,51.5999189],[3.2887724,51.5999544],[3.2888368,51.6000118],[3.2889279,51.6000439],[3.2889092,51.600089],[3.2889456,51.6001338],[3.2889122,51.6001775],[3.2888628,51.6002239],[3.288983,51.6003011],[3.2890451,51.6003134],[3.2889831,51.6003226],[3.2888788,51.6004037],[3.2889838,51.6004265],[3.289079,51.6004931],[3.2891288,51.6005205],[3.289195,51.600534],[3.2892732,51.6005301],[3.2893829,51.6005605],[3.2894175,51.6005156],[3.2894301,51.6004922],[3.2894297,51.6004845],[3.2894477,51.6004023],[3.2894167,51.6003852],[3.2893383,51.6003126],[3.2894159,51.6002678],[3.2895343,51.6002958],[3.2895605,51.600304],[3.2895957,51.600312],[3.2897052,51.6003485],[3.289777,51.6003562],[3.2898498,51.6003801],[3.2899313,51.6004011],[3.2899944,51.600422],[3.2900457,51.6004327],[3.2901387,51.6004085],[3.2901603,51.6004139],[3.2902835,51.6004675],[3.2904105,51.600479],[3.2904279,51.6004789],[3.2904694,51.6004638],[3.2905722,51.6004639],[3.2906569,51.600452],[3.2906114,51.6003994],[3.2906454,51.6003533],[3.2905713,51.6003202],[3.2905627,51.6003096],[3.2905712,51.6002954],[3.290662,51.6002194],[3.2905705,51.6001988],[3.2904891,51.60013],[3.2904252,51.600047],[3.2904208,51.6000402]]},"properties":{"rawObjectClass":"DEPCNT","VALDCO":30,"depthDatum":"Approximate LAT","depthDatumCode":42,"depthDatumStatus":"VERIFIED_FROM_OFFICIAL_DOCUMENTATION","verticalDatum":"Local Datum","verticalDatumCode":24,"napIdentityStatus":"UNVERIFIED","sourceKind":"official","sourceCellId":"1R7588LI","sourceStableId":"1F2B69F1AB1B753B","sourceChecksum":"fcefec7e07170c4b859138c34376143c7aa4e9f8e653fc723d6bbe65dbf3c0a2","pipelineFeatureId":"1R7588LI/DEPCNT/1271588013","provenance":{"cellId":"1R7588LI","checksum":"fcefec7e07170c4b859138c34376143c7aa4e9f8e653fc723d6bbe65dbf3c0a2","readerVersion":"GDAL 3.2.2","processedAt":"2026-08-11T18:29:20.995Z"},"sourceProperties":{"RCID":1271588013,"PRIM":2,"GRUP":2,"OBJL":43,"RVER":1,"AGEN":7979,"FIDN":1777445659,"FIDS":30011,"LNAM":"1F2B69F1AB1B753B","VALDCO":30,"SCAMIN":50000,"sourceCellId":"1R7588LI","sourceChecksum":"fcefec7e07170c4b859138c34376143c7aa4e9f8e653fc723d6bbe65dbf3c0a2","rawObjectClass":"DEPCNT","sourceStableId":"1F2B69F1AB1B753B"}}},{"type":"Feature","geometry":{"type":"LineString","coordinates":[[3.261172,51.5847204],[3.2612084,51.5847332],[3.2613166,51.5847715],[3.2614127,51.5848227],[3.2614615,51.5848591],[3.2615692,51.5849122],[3.2616063,51.5849386],[3.261746,51.5850018],[3.2617286,51.5850158],[3.261751,51.5850067],[3.2617897,51.5850916],[3.2618963,51.5851723],[3.2619094,51.5851812],[3.2618964,51.5851947],[3.2618644,51.5851813],[3.2617517,51.5851349],[3.2616403,51.5851125],[3.2616072,51.5851039],[3.2615728,51.5850921],[3.2614626,51.585046],[3.261356,51.5850026],[3.2613179,51.5849897],[3.2612672,51.5849713],[3.2611733,51.5849467],[3.2610333,51.5849134],[3.2611176,51.5848788],[3.2610682,51.5848234],[3.2611147,51.5847693],[3.2610279,51.5847542],[3.2610132,51.5847336],[3.2610277,51.58472],[3.2611308,51.5847077],[3.261172,51.5847204]]},"properties":{"rawObjectClass":"DEPCNT","VALDCO":30,"depthDatum":"Approximate LAT","depthDatumCode":42,"depthDatumStatus":"VERIFIED_FROM_OFFICIAL_DOCUMENTATION","verticalDatum":"Local Datum","verticalDatumCode":24,"napIdentityStatus":"UNVERIFIED","sourceKind":"official","sourceCellId":"1R7588LI","sourceStableId":"1F2B69F1AB1B753C","sourceChecksum":"fcefec7e07170c4b859138c34376143c7aa4e9f8e653fc723d6bbe65dbf3c0a2","pipelineFeatureId":"1R7588LI/DEPCNT/1271588014","provenance":{"cellId":"1R7588LI","checksum":"fcefec7e07170c4b859138c34376143c7aa4e9f8e653fc723d6bbe65dbf3c0a2","readerVersion":"GDAL 3.2.2","processedAt":"2026-08-11T18:29:20.995Z"},"sourceProperties":{"RCID":1271588014,"PRIM":2,"GRUP":2,"OBJL":43,"RVER":1,"AGEN":7979,"FIDN":1777445659,"FIDS":30012,"LNAM":"1F2B69F1AB1B753C","VALDCO":30,"SCAMIN":50000,"sourceCellId":"1R7588LI","sourceChecksum":"fcefec7e07170c4b859138c34376143c7aa4e9f8e653fc723d6bbe65dbf3c0a2","rawObjectClass":"DEPCNT","sourceStableId":"1F2B69F1AB1B753C"}}},{"type":"Feature","geometry":{"type":"LineString","coordinates":[[3.2677059,51.5913275],[3.2678277,51.5912961],[3.2678501,51.5912985],[3.2678823,51.591282],[3.2678497,51.5912379],[3.2678125,51.5911923],[3.2678493,51.5911753],[3.2678864,51.591169],[3.2679935,51.5911437],[3.2680899,51.5911017],[3.2679928,51.5910259],[3.2679729,51.5910121],[3.2679174,51.5909655],[3.2678658,51.5909224],[3.2678478,51.5909077],[3.2677234,51.5908328],[3.2677029,51.59082],[3.267685,51.5908218],[3.2675584,51.5908038],[3.267471,51.5907979],[3.2674141,51.5908015],[3.26732,51.5907438],[3.2672996,51.590673],[3.2672871,51.590654],[3.2672688,51.590637],[3.2671777,51.5905977],[3.2672129,51.5906542],[3.2671248,51.5907006],[3.2670203,51.5907445],[3.2669809,51.5907779],[3.2669139,51.5908347],[3.2669269,51.5908686],[3.2669006,51.5909246],[3.266887,51.5909839],[3.2668951,51.5910145],[3.2668756,51.5910813],[3.2668684,51.5911045],[3.2668639,51.5911203],[3.2669114,51.5911943],[3.2669045,51.591235],[3.2669355,51.5912842],[3.2669183,51.5913331],[3.2669344,51.5913741],[3.2669846,51.5914213],[3.2671161,51.5914554],[3.2671291,51.5914415],[3.2672364,51.5913734],[3.267273,51.5913615],[3.2672897,51.5913629],[3.2674172,51.5913314],[3.2674801,51.5913337],[3.2675615,51.5913195],[3.2676264,51.5913231],[3.2677059,51.5913275]]},"properties":{"rawObjectClass":"DEPCNT","VALDCO":30,"depthDatum":"Approximate LAT","depthDatumCode":42,"depthDatumStatus":"VERIFIED_FROM_OFFICIAL_DOCUMENTATION","verticalDatum":"Local Datum","verticalDatumCode":24,"napIdentityStatus":"UNVERIFIED","sourceKind":"official","sourceCellId":"1R7588LI","sourceStableId":"1F2B69F1AB1B753D","sourceChecksum":"fcefec7e07170c4b859138c34376143c7aa4e9f8e653fc723d6bbe65dbf3c0a2","pipelineFeatureId":"1R7588LI/DEPCNT/1271588015","provenance":{"cellId":"1R7588LI","checksum":"fcefec7e07170c4b859138c34376143c7aa4e9f8e653fc723d6bbe65dbf3c0a2","readerVersion":"GDAL 3.2.2","processedAt":"2026-08-11T18:29:20.995Z"},"sourceProperties":{"RCID":1271588015,"PRIM":2,"GRUP":2,"OBJL":43,"RVER":1,"AGEN":7979,"FIDN":1777445659,"FIDS":30013,"LNAM":"1F2B69F1AB1B753D","VALDCO":30,"SCAMIN":50000,"sourceCellId":"1R7588LI","sourceChecksum":"fcefec7e07170c4b859138c34376143c7aa4e9f8e653fc723d6bbe65dbf3c0a2","rawObjectClass":"DEPCNT","sourceStableId":"1F2B69F1AB1B753D"}}},{"type":"Feature","geometry":{"type":"LineString","coordinates":[[3.289271,51.6001896],[3.2893297,51.6002227],[3.2892715,51.6002631],[3.2891432,51.6003033],[3.2891273,51.6002975],[3.2890544,51.6002234],[3.2891265,51.6001655],[3.2891618,51.6001553],[3.289271,51.6001896]]},"properties":{"rawObjectClass":"DEPCNT","VALDCO":30,"depthDatum":"Approximate LAT","depthDatumCode":42,"depthDatumStatus":"VERIFIED_FROM_OFFICIAL_DOCUMENTATION","verticalDatum":"Local Datum","verticalDatumCode":24,"napIdentityStatus":"UNVERIFIED","sourceKind":"official","sourceCellId":"1R7588LI","sourceStableId":"1F2B69F1AB1B753E","sourceChecksum":"fcefec7e07170c4b859138c34376143c7aa4e9f8e653fc723d6bbe65dbf3c0a2","pipelineFeatureId":"1R7588LI/DEPCNT/1271588016","provenance":{"cellId":"1R7588LI","checksum":"fcefec7e07170c4b859138c34376143c7aa4e9f8e653fc723d6bbe65dbf3c0a2","readerVersion":"GDAL 3.2.2","processedAt":"2026-08-11T18:29:20.995Z"},"sourceProperties":{"RCID":1271588016,"PRIM":2,"GRUP":2,"OBJL":43,"RVER":1,"AGEN":7979,"FIDN":1777445659,"FIDS":30014,"LNAM":"1F2B69F1AB1B753E","VALDCO":30,"SCAMIN":50000,"sourceCellId":"1R7588LI","sourceChecksum":"fcefec7e07170c4b859138c34376143c7aa4e9f8e653fc723d6bbe65dbf3c0a2","rawObjectClass":"DEPCNT","sourceStableId":"1F2B69F1AB1B753E"}}},{"type":"Feature","geometry":{"type":"LineString","coordinates":[[3.2823212,51.5970554],[3.2822489,51.5970929],[3.2822284,51.5971512],[3.2822396,51.5971829],[3.2823222,51.5972131],[3.2824147,51.5972399],[3.2824451,51.5971824],[3.2824659,51.5970977],[3.2824666,51.5970929],[3.2824664,51.5970924],[3.2824678,51.5970911],[3.2824658,51.5970914],[3.282465,51.5970919],[3.2823212,51.5970554]]},"properties":{"rawObjectClass":"DEPCNT","VALDCO":30,"depthDatum":"Approximate LAT","depthDatumCode":42,"depthDatumStatus":"VERIFIED_FROM_OFFICIAL_DOCUMENTATION","verticalDatum":"Local Datum","verticalDatumCode":24,"napIdentityStatus":"UNVERIFIED","sourceKind":"official","sourceCellId":"1R7588LI","sourceStableId":"1F2B69F1AB1B753F","sourceChecksum":"fcefec7e07170c4b859138c34376143c7aa4e9f8e653fc723d6bbe65dbf3c0a2","pipelineFeatureId":"1R7588LI/DEPCNT/1271588017","provenance":{"cellId":"1R7588LI","checksum":"fcefec7e07170c4b859138c34376143c7aa4e9f8e653fc723d6bbe65dbf3c0a2","readerVersion":"GDAL 3.2.2","processedAt":"2026-08-11T18:29:20.995Z"},"sourceProperties":{"RCID":1271588017,"PRIM":2,"GRUP":2,"OBJL":43,"RVER":1,"AGEN":7979,"FIDN":1777445659,"FIDS":30015,"LNAM":"1F2B69F1AB1B753F","VALDCO":30,"SCAMIN":50000,"sourceCellId":"1R7588LI","sourceChecksum":"fcefec7e07170c4b859138c34376143c7aa4e9f8e653fc723d6bbe65dbf3c0a2","rawObjectClass":"DEPCNT","sourceStableId":"1F2B69F1AB1B753F"}}},{"type":"Feature","geometry":{"type":"LineString","coordinates":[[3.1420236,51.575],[3.1419509,51.5750472],[3.1419223,51.5750698],[3.1418246,51.5751373],[3.1417784,51.5752195],[3.1417643,51.5752273],[3.1416343,51.5752681],[3.1415908,51.5753174],[3.1414903,51.575382],[3.14146,51.5754075],[3.1413464,51.575483],[3.1413253,51.5754976],[3.1412908,51.5755323],[3.1412497,51.5755876],[3.1412025,51.5756219],[3.1411265,51.5756776],[3.1410586,51.5757565],[3.141042,51.5757677],[3.1409146,51.5758516],[3.1409058,51.5758577],[3.1408723,51.5758842],[3.14079,51.5759478],[3.1407706,51.5759643],[3.1407155,51.5759823],[3.1406265,51.5760242],[3.1405976,51.5760379],[3.1404825,51.5761211],[3.1404676,51.576128],[3.1403384,51.576204],[3.14032,51.5762181],[3.140263,51.5762653],[3.1402354,51.5763081],[3.1401945,51.5763347],[3.1400682,51.5763872],[3.1400504,51.5763968],[3.140047,51.5763983],[3.1399788,51.5764883],[3.1399065,51.5765345],[3.1398266,51.5765784],[3.1397625,51.576625],[3.1397007,51.5766684],[3.1396185,51.5767135],[3.139561,51.5767585],[3.1394745,51.5768227],[3.1394261,51.5768486],[3.1394148,51.5768859],[3.139385,51.5769385],[3.1393307,51.5769865],[3.1392327,51.5769998],[3.1391864,51.5770081],[3.1391524,51.5770287],[3.1390425,51.5771154],[3.1390404,51.5771188],[3.139024,51.5771303],[3.1390425,51.5771339],[3.1390926,51.5771499],[3.139187,51.5771941],[3.139218,51.5771892],[3.1393314,51.5772079],[3.1393327,51.5772075],[3.1394755,51.5771399],[3.1396002,51.5771303],[3.1396197,51.5771219],[3.1396359,51.5771181],[3.1397638,51.5770528],[3.1397828,51.577028],[3.1397974,51.577007],[3.1398254,51.576938],[3.1399076,51.5768836],[3.139943,51.576848],[3.1400248,51.5767747],[3.139998,51.576758],[3.1400515,51.5767438],[3.1401234,51.5766679],[3.1401954,51.5766025],[3.14032,51.5765778],[3.1403396,51.5765752],[3.1404712,51.5764877],[3.1404836,51.5764787],[3.1405731,51.5764317],[3.1406277,51.5764219],[3.1406937,51.5764463],[3.140772,51.5764089],[3.1407954,51.5763974],[3.1409161,51.5763389],[3.140963,51.5763072],[3.1410601,51.5762527],[3.1411545,51.5762171],[3.1411821,51.5761408],[3.1411949,51.5761271],[3.141204,51.5761209],[3.141226,51.5761134],[3.1412881,51.576127],[3.1413201,51.5761446],[3.1413484,51.5761311],[3.1413598,51.5761269],[3.1414924,51.5760538],[3.1415292,51.5760368],[3.1416365,51.5759882],[3.1416833,51.5759467],[3.1417805,51.5758878],[3.1418611,51.5758566],[3.1419246,51.5758125],[3.1419772,51.5757665],[3.1420686,51.5757205],[3.1422008,51.5756838],[3.1422128,51.575681],[3.142229,51.5756763],[3.1423135,51.5756133],[3.142354,51.5755862],[3.1423568,51.5755843],[3.1423613,51.5755834],[3.142501,51.5755352],[3.1425736,51.5754961],[3.142645,51.5754597],[3.1427337,51.5754059],[3.1427891,51.5753727],[3.1429036,51.5753158],[3.1429331,51.5752914],[3.1429768,51.5752885],[3.1430773,51.5752583],[3.1431624,51.5752256],[3.1432214,51.575198],[3.1433238,51.5751355],[3.1433655,51.5751144],[3.1434546,51.5750797],[3.1435096,51.5750571],[3.1435391,51.5750453],[3.1436429,51.575]]},"properties":{"rawObjectClass":"DEPCNT","VALDCO":20,"depthDatum":"Approximate LAT","depthDatumCode":42,"depthDatumStatus":"VERIFIED_FROM_OFFICIAL_DOCUMENTATION","verticalDatum":"Local Datum","verticalDatumCode":24,"napIdentityStatus":"UNVERIFIED","sourceKind":"official","sourceCellId":"1R7588LI","sourceStableId":"1F2B69F1AB1B7540","sourceChecksum":"fcefec7e07170c4b859138c34376143c7aa4e9f8e653fc723d6bbe65dbf3c0a2","pipelineFeatureId":"1R7588LI/DEPCNT/1271588018","provenance":{"cellId":"1R7588LI","checksum":"fcefec7e07170c4b859138c34376143c7aa4e9f8e653fc723d6bbe65dbf3c0a2","readerVersion":"GDAL 3.2.2","processedAt":"2026-08-11T18:29:20.995Z"},"sourceProperties":{"RCID":1271588018,"PRIM":2,"GRUP":2,"OBJL":43,"RVER":1,"AGEN":7979,"FIDN":1777445659,"FIDS":30016,"LNAM":"1F2B69F1AB1B7540","VALDCO":20,"SCAMIN":50000,"sourceCellId":"1R7588LI","sourceChecksum":"fcefec7e07170c4b859138c34376143c7aa4e9f8e653fc723d6bbe65dbf3c0a2","rawObjectClass":"DEPCNT","sourceStableId":"1F2B69F1AB1B7540"}}},{"type":"Feature","geometry":{"type":"LineString","coordinates":[[3.1443918,51.575],[3.1443752,51.5750103],[3.1443407,51.5750443],[3.1442312,51.5750792],[3.1441242,51.5751345],[3.1440871,51.5751509],[3.1439667,51.5752246],[3.1439431,51.5752388],[3.1438894,51.5752582],[3.143799,51.5753016],[3.1437747,51.5753148],[3.1436549,51.5753954],[3.1436382,51.5754048],[3.143511,51.5754935],[3.1435062,51.5754949],[3.1434779,51.5755156],[3.1433801,51.575585],[3.143367,51.5755925],[3.1432274,51.5756751],[3.1432229,51.5756775],[3.1430893,51.5757652],[3.1430789,51.5757717],[3.1429581,51.5758553],[3.1429349,51.5758686],[3.1428476,51.5759099],[3.1427908,51.5759371],[3.1427706,51.5759454],[3.1426468,51.5760216],[3.1426166,51.5760355],[3.1425027,51.5760876],[3.1424271,51.5761256],[3.1423587,51.5761933],[3.1423305,51.5762157],[3.1422146,51.5762704],[3.1421736,51.5763058],[3.1420706,51.5763645],[3.1420206,51.5763959],[3.1419266,51.5764596],[3.1418729,51.576486],[3.1418413,51.5765393],[3.1418244,51.576576],[3.1417827,51.5765933],[3.1417009,51.5766272],[3.1416386,51.5766528],[3.1416195,51.5766661],[3.1414946,51.5767383],[3.141458,51.5767562],[3.14139,51.5768216],[3.1413772,51.5768462],[3.1413506,51.5768612],[3.1413081,51.5768728],[3.1412065,51.5769142],[3.1411805,51.5769364],[3.1411347,51.5769813],[3.1411054,51.5770264],[3.1410626,51.5770545],[3.140946,51.5771165],[3.1409187,51.5771854],[3.1409042,51.5772065],[3.1407747,51.5772847],[3.1407545,51.5772966],[3.1406307,51.5773765],[3.1406219,51.5773867],[3.1404866,51.5774506],[3.1404398,51.5774768],[3.1403426,51.5775668],[3.1402503,51.5776568],[3.1401987,51.5776886],[3.1401098,51.5777469],[3.1400547,51.5778027],[3.1400038,51.577837],[3.1399176,51.5779228],[3.1399143,51.577927],[3.1399108,51.5779295],[3.1397849,51.5780171],[3.1397668,51.5780341],[3.139704,51.5781071],[3.1396229,51.5781488],[3.1395358,51.5781972],[3.1394789,51.5782565],[3.1394516,51.5782872],[3.1394055,51.5783331],[3.1393752,51.5783772],[3.139335,51.5784077],[3.1392408,51.5784362],[3.1391909,51.5784619],[3.1391806,51.5784674],[3.139123,51.5785098],[3.139191,51.5785093],[3.139237,51.5785572],[3.1393357,51.5786183],[3.139442,51.5786232],[3.13948,51.5786295],[3.1396024,51.5785568],[3.1396241,51.5785439],[3.1397618,51.5784667],[3.1397681,51.5784636],[3.1398049,51.5784437],[3.1399123,51.5783962],[3.1399384,51.5783765],[3.1400564,51.5783448],[3.1401534,51.5782864],[3.1401572,51.5782233],[3.1401653,51.5781964],[3.1402001,51.578155],[3.1402746,51.5781499],[3.1403444,51.5781304],[3.1403781,51.5781063],[3.1404884,51.5780297],[3.1406261,51.5780201],[3.1406327,51.5780198],[3.1406397,51.578016],[3.1406599,51.577999],[3.1407588,51.577926],[3.1407766,51.5779123],[3.1408266,51.5778947],[3.1409208,51.5778632],[3.1409521,51.5778358],[3.1410648,51.5777686],[3.1411151,51.5777457],[3.1412088,51.5776558],[3.141209,51.5776557],[3.1412094,51.5776553],[3.1413162,51.5775656],[3.1413527,51.5775184],[3.1414078,51.5774756],[3.1414508,51.5774142],[3.1414446,51.5773857],[3.1414965,51.5773489],[3.1415667,51.5773418],[3.1416406,51.577306],[3.1416717,51.5772955],[3.1417848,51.57727],[3.1419039,51.5772053],[3.1419289,51.5771892],[3.1419644,51.5771831],[3.1420732,51.577183],[3.1421471,51.5771151],[3.1422171,51.5770456],[3.1422903,51.577025],[3.1422896,51.5769796],[3.1423443,51.576935],[3.142361,51.5769218],[3.1423875,51.5769184],[3.1424821,51.5769348],[3.1424819,51.5769494],[3.1425053,51.5769365],[3.1425104,51.5769348],[3.1426494,51.5768512],[3.1426591,51.5768447],[3.1427935,51.576796],[3.1429128,51.5767545],[3.1429376,51.5767413],[3.1429982,51.5767166],[3.1430818,51.576694],[3.1431533,51.5766643],[3.1432259,51.5766328],[3.1432649,51.5766399],[3.1433701,51.5765949],[3.1434171,51.576574],[3.1435141,51.5764958],[3.1435335,51.576484],[3.1436582,51.5764217],[3.1437396,51.5763938],[3.1438022,51.5763427],[3.1439217,51.5763037],[3.1439464,51.5763003],[3.1439535,51.5762992],[3.1440906,51.5762641],[3.1441777,51.5762134],[3.1442347,51.5761844],[3.1443098,51.5761664],[3.1443789,51.5761489],[3.1444464,51.5761232],[3.144523,51.5760882],[3.1446061,51.5760712],[3.1446671,51.5760483],[3.1447001,51.576033],[3.1448112,51.5759775],[3.1449209,51.5759428],[3.1449554,51.5759279],[3.1450146,51.5759057],[3.1450995,51.5758784],[3.1451379,51.5758526],[3.1452436,51.5758117],[3.145338,51.5757624],[3.1453877,51.5757331],[3.145444,51.5757272],[3.1455319,51.5757089],[3.1456082,51.5756722],[3.145676,51.5756369],[3.145797,51.5755965],[3.1458201,51.5755907],[3.1459487,51.5755818],[3.1459644,51.5755783],[3.1460662,51.5754918],[3.1461084,51.5754826],[3.1461232,51.5754824],[3.1462526,51.5754497],[3.1463432,51.5754015],[3.1462717,51.5753238],[3.1463965,51.575327],[3.1464364,51.5753363],[3.1465409,51.5753402],[3.1466368,51.5754011],[3.1466856,51.5754898],[3.1466863,51.575491],[3.1466866,51.5754916],[3.1467571,51.5755808],[3.1467894,51.5756451],[3.146809,51.5756707],[3.1468307,51.5757172],[3.1468556,51.5757605],[3.1468863,51.575795],[3.1469217,51.5758504],[3.1469168,51.575887],[3.1469171,51.5759403],[3.1468316,51.5760057],[3.1467978,51.5760303],[3.1468159,51.5761102],[3.1468159,51.5761202],[3.1467745,51.5761562],[3.1467973,51.5762102],[3.1466881,51.5762467],[3.1466835,51.5762131],[3.1466842,51.5762103],[3.1465434,51.5761296],[3.1465286,51.5761206],[3.1465294,51.5761119],[3.1465104,51.5760307],[3.1465067,51.5760081],[3.1465044,51.5759408],[3.1464985,51.5759133],[3.1464921,51.5758509],[3.1464863,51.575816],[3.1464858,51.575761],[3.1463977,51.575714],[3.1462586,51.5757613],[3.1462536,51.5757653],[3.1462436,51.5757675],[3.1461095,51.5758155],[3.1460181,51.5758515],[3.1459654,51.5758836],[3.145868,51.5759124],[3.1458212,51.5759308],[3.1457888,51.5759417],[3.1456772,51.5760099],[3.1456458,51.5760318],[3.1456118,51.5760727],[3.1455774,51.5761218],[3.1455333,51.5761408],[3.1454809,51.5761546],[3.1453891,51.5761863],[3.1453304,51.576212],[3.1452483,51.5763001],[3.1452471,51.576302],[3.1452452,51.576303],[3.1452426,51.5763037],[3.145101,51.5763281],[3.1449761,51.5763923],[3.1449569,51.5764118],[3.1448992,51.5764284],[3.1448128,51.5764735],[3.1447782,51.5764824],[3.1446688,51.5765537],[3.1446502,51.5765725],[3.1445247,51.5766454],[3.1444999,51.5766626],[3.1443807,51.576719],[3.1443225,51.5767527],[3.1442366,51.5768055],[3.1441588,51.5768429],[3.1440927,51.5769167],[3.1440699,51.5769329],[3.1439486,51.5769993],[3.1439197,51.577023],[3.1438046,51.5770792],[3.143709,51.5771132],[3.1436605,51.5771441],[3.1435971,51.5772032],[3.1435165,51.5772636],[3.1434736,51.5772933],[3.1433725,51.577355],[3.1433152,51.5773834],[3.1432285,51.5774669],[3.1432122,51.5774734],[3.1430845,51.5775594],[3.1430808,51.5775635],[3.1429405,51.5776443],[3.1429291,51.5776536],[3.1427965,51.5777392],[3.1427823,51.5777437],[3.1427759,51.5777566],[3.1427171,51.5778337],[3.1426526,51.5778691],[3.1425291,51.5779109],[3.1425084,51.5779209],[3.1425027,51.5779239],[3.1424317,51.5779719],[3.1423737,51.578014],[3.1423644,51.578024],[3.1422966,51.578104],[3.1422205,51.5781373],[3.1421017,51.5781783],[3.1420763,51.5781886],[3.1420673,51.5781942],[3.142,51.5782419],[3.1419517,51.5782842],[3.1419323,51.5783012],[3.1418765,51.5783742],[3.1417884,51.5784184],[3.1416887,51.5784644],[3.1416443,51.5784914],[3.1415659,51.5785544],[3.1415004,51.578612],[3.1414615,51.5786445],[3.1413564,51.5787175],[3.1413237,51.5787346],[3.1412123,51.578801],[3.1411795,51.5788246],[3.1410683,51.5788982],[3.141045,51.5789147],[3.1409243,51.5790006],[3.1409186,51.5790048],[3.1409029,51.5790182],[3.1408437,51.5790948],[3.1407804,51.5791387],[3.1407314,51.5791848],[3.1406365,51.5792681],[3.1406131,51.5792749],[3.1406147,51.5792885],[3.1405791,51.5793649],[3.1405039,51.5794479],[3.140637,51.5794404],[3.1406937,51.5794546],[3.1407815,51.5794748],[3.1408012,51.5794545],[3.1408514,51.5794107],[3.1409004,51.5793645],[3.1409254,51.5793571],[3.1410222,51.5793039],[3.1410222,51.5793643],[3.1410588,51.5793711],[3.1410698,51.5793693],[3.1410756,51.5793643],[3.1411179,51.5793341],[3.1411176,51.5792743],[3.1412138,51.5792631],[3.1412478,51.5792529],[3.1413581,51.5792585],[3.1414212,51.579184],[3.141502,51.5791203],[3.1415588,51.5790939],[3.1416461,51.5790676],[3.1417441,51.5790038],[3.14179,51.5789405],[3.1418423,51.5789138],[3.1419341,51.5788744],[3.1420156,51.5788236],[3.1420782,51.5787918],[3.1421155,51.5788003],[3.1422225,51.5787841],[3.1423095,51.5787334],[3.1423665,51.5787001],[3.1424402,51.5786873],[3.1425108,51.5786703],[3.1425306,51.5786432],[3.1426547,51.5785534],[3.1426562,51.5785531],[3.1426585,51.5785507],[3.1427691,51.5784631],[3.1427987,51.5784445],[3.1428497,51.5784311],[3.1429429,51.5784134],[3.1429845,51.5783729],[3.1430868,51.5782967],[3.1431734,51.5782827],[3.143231,51.5782621],[3.1432907,51.5781927],[3.143375,51.5781412],[3.1434932,51.5781025],[3.1435191,51.5780782],[3.1435755,51.5780125],[3.1436631,51.5779793],[3.1437542,51.5779555],[3.1438073,51.5779446],[3.1438432,51.5779222],[3.1438735,51.5778808],[3.1439199,51.5778322],[3.1439512,51.5778027],[3.1439946,51.5778051],[3.1440954,51.5777764],[3.1441479,51.577742],[3.1442394,51.5776914],[3.1443525,51.5776713],[3.1443837,51.5776727],[3.1444078,51.5776518],[3.1445277,51.5775937],[3.1446047,51.5775616],[3.1446718,51.5775126],[3.144749,51.5774716],[3.1448158,51.5774277],[3.1449412,51.5773932],[3.14496,51.5773861],[3.1449742,51.5773814],[3.1451041,51.5773269],[3.1451624,51.5772912],[3.1452482,51.5772409],[3.1453741,51.5772124],[3.1453924,51.5772079],[3.1454,51.577201],[3.1455364,51.5771133],[3.1455409,51.5771109],[3.1455951,51.5770742],[3.1456652,51.5770208],[3.1456804,51.5770152],[3.1457673,51.5769664],[3.1458244,51.5769346],[3.14583,51.5769307],[3.1459685,51.5768622],[3.1460256,51.5768406],[3.1461126,51.5767954],[3.1462272,51.5767689],[3.1462568,51.5767564],[3.1462724,51.5767503],[3.1463424,51.5766968],[3.1463907,51.5766603],[3.1464008,51.5766509],[3.1464373,51.5766374],[3.1465448,51.5765795],[3.1466619,51.576587],[3.1466892,51.5765849],[3.1468113,51.5766597],[3.1467884,51.5766881],[3.1468179,51.5767497],[3.1466898,51.5767972],[3.1466478,51.5768398],[3.1465899,51.5769023],[3.1465695,51.5769298],[3.146546,51.5769444],[3.1464234,51.5770199],[3.146402,51.5770304],[3.1462734,51.5771003],[3.1462579,51.5771087],[3.1462554,51.57711],[3.1461138,51.577174],[3.1460771,51.5772002],[3.1459699,51.5772901],[3.1459697,51.5772902],[3.1459666,51.5772922],[3.1458334,51.5773803],[3.1458259,51.5773861],[3.1456819,51.5774803],[3.1456132,51.5775133],[3.1455378,51.5775523],[3.1455189,51.5775605],[3.1453937,51.5776134],[3.1453106,51.5776507],[3.1452496,51.5776972],[3.1451878,51.5777408],[3.1451056,51.577787],[3.1450354,51.5778309],[3.1449616,51.5778822],[3.1449032,51.5779209],[3.1448176,51.577967],[3.1447095,51.5780111],[3.1446735,51.5780556],[3.1446354,51.5781011],[3.1445295,51.5781505],[3.1444256,51.5781913],[3.1443856,51.5782716],[3.1443822,51.5782812],[3.1442415,51.5783474],[3.1441997,51.5783714],[3.1440975,51.5784359],[3.1440565,51.5784615],[3.1439535,51.5785346],[3.1439303,51.5785516],[3.1438659,51.5786063],[3.1438355,51.5786416],[3.1438095,51.5786581],[3.1437142,51.5787316],[3.1436656,51.5787675],[3.1435777,51.5788217],[3.1435216,51.5788681],[3.1434828,51.5789118],[3.1433776,51.5789896],[3.1433606,51.5790018],[3.1432713,51.5790684],[3.1432423,51.5790919],[3.1432337,51.5790969],[3.1431474,51.5791458],[3.1430896,51.5791793],[3.1430857,51.579182],[3.1430829,51.5791862],[3.1430375,51.579272],[3.1429457,51.5793207],[3.1428456,51.5793621],[3.1428017,51.5793943],[3.142731,51.5794522],[3.1426577,51.5795026],[3.1425886,51.5795423],[3.1425384,51.5796168],[3.1425315,51.5796323],[3.1425138,51.5796449],[3.1423719,51.5797224],[3.1423697,51.5797244],[3.1422828,51.5798124],[3.1422258,51.5798576],[3.1421905,51.5799024],[3.142131,51.5799618],[3.1421129,51.5799924],[3.142082,51.5800118],[3.1420076,51.5800825],[3.1419381,51.5801335],[3.141884,51.5801725],[3.1417941,51.580256],[3.1417787,51.5802626],[3.1416501,51.5803398],[3.1416394,51.5803527],[3.1416257,51.5803679],[3.141621,51.5804426],[3.1416505,51.5804939],[3.1417008,51.5804739],[3.1417948,51.5804903],[3.1418546,51.5804423],[3.1419389,51.5803917],[3.1420233,51.5803895],[3.1420831,51.5803807],[3.1421247,51.5803521],[3.1422272,51.5803004],[3.1423085,51.5802619],[3.1423713,51.5802272],[3.1424449,51.5801719],[3.1425153,51.580112],[3.1425906,51.5800818],[3.1426594,51.58005],[3.1427523,51.5799916],[3.1428034,51.5799556],[3.142895,51.5799344],[3.1429476,51.5799098],[3.142978,51.5799015],[3.1430917,51.5798373],[3.1431306,51.5798114],[3.1432358,51.5797661],[3.1432967,51.5797212],[3.1433798,51.5796672],[3.1434351,51.5796312],[3.1435238,51.5795758],[3.1436467,51.579541],[3.1436678,51.5794876],[3.1436798,51.579451],[3.1438119,51.5794117],[3.1439442,51.5793682],[3.1439561,51.5793659],[3.1439613,51.5793608],[3.1440662,51.5792919],[3.1440969,51.5792707],[3.1441001,51.5792694],[3.1442295,51.5791806],[3.1442441,51.5791672],[3.1442924,51.5791504],[3.1443882,51.5791121],[3.1444237,51.5790904],[3.1444694,51.5790397],[3.1445105,51.5790004],[3.1445322,51.578983],[3.1445824,51.578969],[3.1446763,51.5789336],[3.1447398,51.5789102],[3.1448204,51.5788729],[3.144876,51.5788201],[3.1449644,51.5787694],[3.1450621,51.578759],[3.1451087,51.5787502],[3.1451411,51.5787299],[3.1452527,51.5786548],[3.1452789,51.5786398],[3.1453967,51.5785678],[3.145464,51.5785497],[3.1454745,51.578501],[3.1455035,51.5784597],[3.1455406,51.5784337],[3.1455997,51.5784227],[3.1456848,51.5784008],[3.145725,51.5783695],[3.1458288,51.5783046],[3.1459426,51.5782793],[3.1459729,51.5782368],[3.1460655,51.5782215],[3.1461171,51.5781923],[3.1461239,51.5781892],[3.1461456,51.5781714],[3.1462148,51.5780991],[3.146261,51.5780661],[3.1463491,51.578044],[3.1464051,51.5780169],[3.1464302,51.578009],[3.1464671,51.5779702],[3.1465262,51.5779189],[3.1465491,51.5779048],[3.1465838,51.5778972],[3.1466933,51.5778629],[3.1467958,51.5778287],[3.1468374,51.5777908],[3.1469436,51.5777386],[3.1469815,51.5777313],[3.1469968,51.5777385],[3.1471259,51.5777686],[3.1472319,51.5778281],[3.1472313,51.5778936],[3.147243,51.577918],[3.1471966,51.5779643],[3.1471985,51.578008],[3.1471268,51.5780528],[3.1470658,51.5780981],[3.1469828,51.5781414],[3.1469099,51.5781882],[3.1468388,51.5782436],[3.1467621,51.5782783],[3.1466947,51.5783113],[3.1466336,51.5783684],[3.1465508,51.5784219],[3.1464842,51.5784585],[3.1464067,51.5784958],[3.1463126,51.5785486],[3.1462627,51.578591],[3.1461902,51.5786387],[3.1461187,51.578683],[3.1460571,51.5787288],[3.1459747,51.578783],[3.1458814,51.5788189],[3.1458306,51.5788672],[3.1457977,51.5789089],[3.1456866,51.5789666],[3.1456122,51.5789991],[3.1455425,51.5790415],[3.1454099,51.5790892],[3.1453984,51.5790965],[3.1453134,51.5791793],[3.1452545,51.5792184],[3.1451871,51.5792693],[3.1451104,51.5793077],[3.145031,51.5793594],[3.1449664,51.5793998],[3.144883,51.5794495],[3.1448224,51.5794996],[3.1447567,51.5795396],[3.1446784,51.5795849],[3.1446244,51.5796297],[3.1445344,51.5796907],[3.1444937,51.5797198],[3.1443904,51.5797832],[3.1443496,51.5798099],[3.1442464,51.5798974],[3.144242,51.5798999],[3.1442339,51.5799077],[3.1441591,51.5799899],[3.1441025,51.5800206],[3.1439873,51.5800801],[3.1438575,51.5801701],[3.1438145,51.5802165],[3.1437427,51.5802602],[3.1436704,51.5803067],[3.14362,51.5803503],[3.1435264,51.5804113],[3.1434966,51.5804403],[3.1433824,51.5805128],[3.1433338,51.5805304],[3.1432384,51.5806155],[3.1432346,51.5806205],[3.1430944,51.5806884],[3.1430618,51.5807106],[3.1429503,51.580782],[3.1429234,51.5808007],[3.142855,51.5808603],[3.1428595,51.5808907],[3.1428064,51.5809126],[3.1427084,51.5809808],[3.1427818,51.581055],[3.1427325,51.5810707],[3.1426626,51.581089],[3.1426094,51.5811607],[3.1425188,51.5812427],[3.1423794,51.5812479],[3.1423745,51.5812492],[3.1423695,51.5812509],[3.1423745,51.581264],[3.1424724,51.5812798],[3.1424037,51.5813408],[3.1425192,51.5813747],[3.1425872,51.5813406],[3.1426632,51.5812751],[3.1426926,51.5812505],[3.1428073,51.5811975],[3.1428608,51.5811604],[3.1429513,51.5810814],[3.1429742,51.5810704],[3.1430954,51.5810367],[3.1431738,51.5809802],[3.1432395,51.5809377],[3.14331,51.5809361],[3.1433838,51.5809376],[3.1434586,51.5808899],[3.1435278,51.5808482],[3.1435977,51.5807999],[3.1436718,51.580752],[3.1437896,51.5807097],[3.1438159,51.5806794],[3.1438649,51.5806197],[3.1439599,51.5805727],[3.1440799,51.5805295],[3.144104,51.5805119],[3.1441783,51.5804395],[3.144248,51.5803852],[3.1443117,51.5803494],[3.1443921,51.5803272],[3.1445027,51.5802593],[3.1445361,51.5802422],[3.1446482,51.5801692],[3.1446802,51.5801489],[3.1447985,51.5800951],[3.1448243,51.5800885],[3.1448408,51.580079],[3.1449684,51.5800238],[3.1450313,51.5799889],[3.1451125,51.5799519],[3.1451902,51.5798987],[3.1452565,51.5798527],[3.1453769,51.5798235],[3.1454007,51.5798151],[3.1455448,51.579749],[3.1455986,51.5797184],[3.1456888,51.5796533],[3.1458141,51.5796401],[3.1458331,51.5796336],[3.1458434,51.5796282],[3.1458773,51.5796005],[3.1458892,51.5795382],[3.145977,51.5795191],[3.1461016,51.579448],[3.1461211,51.5794374],[3.1461798,51.5794113],[3.1462652,51.5793827],[3.1462857,51.5793579],[3.1464092,51.5792839],[3.1464545,51.5792678],[3.1464726,51.5792281],[3.1465193,51.5791778],[3.1465531,51.5791556],[3.1466643,51.5790877],[3.1466972,51.5790697],[3.14684,51.5789975],[3.1468412,51.5789968],[3.1468529,51.5789902],[3.1469854,51.5789584],[3.1470535,51.5789549],[3.1471393,51.5789072],[3.1471708,51.5788814],[3.1471796,51.5788173],[3.1472735,51.5787971],[3.1473299,51.5787819],[3.1474178,51.5787768],[3.1474924,51.5788169],[3.147487,51.5788598],[3.147546,51.5789067],[3.1475443,51.5789851],[3.1475456,51.5789966],[3.1475382,51.579012],[3.1475211,51.5790866],[3.147419,51.5791567],[3.1473955,51.5791767],[3.1473522,51.5792185],[3.1473291,51.5792667],[3.1472751,51.579293],[3.1472065,51.5793096],[3.147131,51.579337],[3.1470958,51.5793569],[3.1470547,51.5794046],[3.147036,51.5794469],[3.1469872,51.5794989],[3.1469509,51.5795369],[3.1468431,51.5795869],[3.146746,51.5796271],[3.1466992,51.579702],[3.1466918,51.579717],[3.1466481,51.579749],[3.1465751,51.5798071],[3.1465553,51.579821],[3.1464348,51.5798972],[3.1464112,51.5799128],[3.1463116,51.5799873],[3.1462673,51.5800171],[3.1461798,51.5800773],[3.1461232,51.580114],[3.1460223,51.5801675],[3.1459793,51.5802171],[3.1459462,51.5802575],[3.1458353,51.580321],[3.1457952,51.5803476],[3.1456912,51.5804065],[3.145637,51.5804377],[3.1455472,51.580509],[3.1455149,51.5805278],[3.1454032,51.5805965],[3.1453771,51.5806178],[3.1453498,51.5806513],[3.1453107,51.5807078],[3.1452593,51.5807343],[3.1451476,51.580798],[3.1451153,51.5808256],[3.1450516,51.580888],[3.1449713,51.5809321],[3.1448501,51.5809782],[3.1448336,51.5810642],[3.1448328,51.5810681],[3.1448274,51.5810714],[3.1446985,51.5811582],[3.1446835,51.5811997],[3.1446391,51.5812482],[3.144648,51.5812704],[3.1446052,51.5813381],[3.1445398,51.5813864],[3.1444744,51.5814282],[3.1443958,51.581483],[3.1443351,51.5815183],[3.1442518,51.5815966],[3.1442166,51.5816083],[3.1441076,51.5816412],[3.1439826,51.5816866],[3.1439635,51.5816965],[3.143959,51.5816986],[3.1439562,51.5817031],[3.1439635,51.5817181],[3.1439738,51.581705],[3.1441079,51.5817405],[3.1441845,51.5817405],[3.1442522,51.5817273],[3.1443437,51.581731],[3.1443965,51.5817196],[3.1445339,51.5817022],[3.1445408,51.5817004],[3.1445654,51.5816978],[3.1446849,51.5816429],[3.1447846,51.5816076],[3.1448291,51.5815907],[3.1448542,51.5815919],[3.1449733,51.5815658],[3.1450561,51.5815174],[3.1451174,51.5814873],[3.1451789,51.5814789],[3.1452617,51.5814717],[3.1453424,51.5814271],[3.1454058,51.5813985],[3.1455259,51.581337],[3.1455499,51.5813281],[3.145577,51.58132],[3.1456942,51.5813231],[3.1457204,51.5813204],[3.1458383,51.581266],[3.1458935,51.5812466],[3.1459824,51.5812103],[3.1461163,51.5811564],[3.1461266,51.5811493],[3.1461479,51.5811431],[3.1462707,51.581103],[3.1463912,51.581081],[3.146415,51.5810748],[3.1464442,51.5810661],[3.1465591,51.5810198],[3.146653,51.5809759],[3.146703,51.5808939],[3.1467174,51.5808859],[3.1467841,51.5808465],[3.1467492,51.580796],[3.1467734,51.5807518],[3.1467132,51.5807061],[3.1468465,51.5806294],[3.1468671,51.580616],[3.1469907,51.5805773],[3.1470821,51.5805258],[3.1471346,51.5804518],[3.1471631,51.5804358],[3.1471912,51.5804004],[3.1472493,51.5803458],[3.1472785,51.5803299],[3.14732,51.5803198],[3.1474227,51.5802936],[3.1474568,51.5802556],[3.1475667,51.5801954],[3.1476161,51.5801655],[3.1477107,51.5800987],[3.1478549,51.5800487],[3.1478762,51.5800752],[3.1478756,51.580088],[3.1479125,51.5801651],[3.1479069,51.5801972],[3.1479344,51.580255],[3.148,51.580289],[3.1480854,51.5803447],[3.1480858,51.5803979],[3.1481003,51.5804346],[3.1480998,51.5804964],[3.1481008,51.5805245],[3.1480874,51.5805605],[3.1480871,51.5806145],[3.1480453,51.580677],[3.1480684,51.5807044],[3.1480015,51.5807691],[3.1479584,51.5807944],[3.1479418,51.5808318],[3.1479116,51.5808844],[3.1478577,51.580916],[3.1477818,51.5809745],[3.1477138,51.5810635],[3.1477115,51.581066],[3.1476263,51.5811545],[3.14757,51.5812084],[3.1475297,51.5812446],[3.147426,51.5813191],[3.1474129,51.5813346],[3.1473753,51.5813664],[3.1473201,51.5814247],[3.1472821,51.5814576],[3.147245,51.5815147],[3.1471947,51.5815694],[3.1471803,51.5816047],[3.1471385,51.5816565],[3.1471198,51.5816947],[3.1470657,51.5817402],[3.1470219,51.5817847],[3.1469947,51.5818192],[3.1469678,51.5818747],[3.146874,51.5819502],[3.1468612,51.5819647],[3.1468509,51.5819882],[3.1468328,51.5820547],[3.14679,51.5820929],[3.146742,51.5821447],[3.1467073,51.5822053],[3.1466933,51.5822347],[3.1466776,51.5822533],[3.1466305,51.5823247],[3.1465635,51.5823845],[3.1465377,51.5824147],[3.1464887,51.5824615],[3.1464541,51.5825047],[3.1464201,51.5825946],[3.1464201,51.5825947],[3.1464199,51.5825949],[3.1463455,51.5826847],[3.1462946,51.5827632],[3.1462895,51.5827747],[3.1462762,51.5827889],[3.1462023,51.5828647],[3.1461322,51.5829106],[3.1460796,51.5829548],[3.1459883,51.5830369],[3.1459771,51.5830448],[3.1459329,51.5830795],[3.1458694,51.5831349],[3.1458443,51.583152],[3.145793,51.5832249],[3.1457005,51.5833045],[3.1456928,51.5833149],[3.1456854,51.5833244],[3.1456807,51.5834049],[3.145671,51.5834235],[3.1456387,51.5834948],[3.1456653,51.5835623],[3.1456584,51.5835847],[3.1456209,51.583635],[3.1457016,51.5836509],[3.1457464,51.5836466],[3.1458459,51.5836277],[3.1458848,51.5835844],[3.1459898,51.5835117],[3.1461169,51.583505],[3.1461341,51.583502],[3.1461705,51.5834942],[3.1462784,51.5834733],[3.1463631,51.583404],[3.1464223,51.5833582],[3.146497,51.5833139],[3.1464531,51.5832435],[3.1464889,51.583224],[3.146566,51.5831635],[3.1465939,51.583134],[3.1465828,51.5831234],[3.1466433,51.583044],[3.1465899,51.5829694],[3.1465983,51.5829541],[3.1467096,51.5829186],[3.1468372,51.5828639],[3.1468537,51.5828549],[3.1468801,51.5828474],[3.1469978,51.582802],[3.1470761,51.5827737],[3.1471419,51.5827298],[3.1472333,51.5826836],[3.1472694,51.5826039],[3.1472763,51.5825936],[3.1472858,51.5825903],[3.1474151,51.5825035],[3.1474298,51.5824915],[3.1475662,51.5824134],[3.1475739,51.5824071],[3.147684,51.5823234],[3.1477178,51.582286],[3.1477864,51.5822333],[3.1478618,51.5821802],[3.1478999,51.5821433],[3.1479447,51.5820913],[3.1479188,51.5820533],[3.1480056,51.5820324],[3.1480834,51.5819632],[3.1481485,51.5818738],[3.1481482,51.5818732],[3.1481494,51.5818728],[3.1482796,51.5817831],[3.1482934,51.5817742],[3.1483115,51.5817718],[3.1484378,51.5817819],[3.1484874,51.5816929],[3.1484903,51.5816599],[3.148513,51.581603],[3.148437,51.5815476],[3.1483969,51.5815132],[3.1484273,51.5814291],[3.1484292,51.5814233],[3.1484365,51.5813823],[3.1484942,51.5813333],[3.1485805,51.5812907],[3.1486766,51.5812431],[3.1487245,51.5812023],[3.1487627,51.5811531],[3.1488685,51.581076],[3.1488832,51.581063],[3.1489156,51.5810335],[3.1489683,51.580973],[3.1490123,51.5809441],[3.1490444,51.5809529],[3.1491566,51.5809213],[3.1492746,51.5808991],[3.1493008,51.5808932],[3.1493624,51.5808826],[3.1493005,51.5807978],[3.1492974,51.5807927],[3.1493005,51.5807911],[3.1493046,51.5807902],[3.1494447,51.5807467],[3.1495209,51.580745],[3.1495889,51.5807263],[3.1496731,51.5807024],[3.149733,51.5806597],[3.1497867,51.5806123],[3.149877,51.580565],[3.1499647,51.5805222],[3.1500211,51.5804945],[3.1500759,51.5804879],[3.1501655,51.5805014],[3.1502031,51.5804984],[3.1503097,51.5804799],[3.1503844,51.580475],[3.150454,51.5804767],[3.1505498,51.5804315],[3.1505981,51.5804015],[3.1506985,51.5803414],[3.1507421,51.5803125],[3.1508605,51.5802513],[3.1508862,51.5802393],[3.151027,51.5801611],[3.1510302,51.5801592],[3.1510353,51.580158],[3.1511744,51.5801121],[3.1513125,51.5801608],[3.151312,51.5801651],[3.1512359,51.5802508],[3.1511751,51.5803191],[3.1511552,51.5803408],[3.1511105,51.5803812],[3.1510588,51.5804308],[3.1510312,51.5804529],[3.1509599,51.5804754],[3.1508871,51.5805024],[3.1508637,51.580521],[3.1508364,51.5805527],[3.1508004,51.580611],[3.1507433,51.5806611],[3.1506836,51.5807011],[3.1505992,51.5807433],[3.1505556,51.5807911],[3.1505621,51.5808144],[3.1505447,51.5808811],[3.1505498,51.5809122],[3.1505295,51.580971],[3.1505046,51.5810306],[3.1505029,51.581061],[3.1504777,51.5811375],[3.1504807,51.5811509],[3.1504564,51.5811912],[3.1503768,51.581241],[3.150371,51.5812943],[3.1503272,51.5813309],[3.1503126,51.5813525],[3.1502523,51.5813833],[3.1502745,51.5814209],[3.1502419,51.5814652],[3.1502939,51.5815108],[3.1501689,51.5815489],[3.1500649,51.581576],[3.1500247,51.5815871],[3.1499785,51.5816011],[3.1498805,51.5816323],[3.1498293,51.5816333],[3.1497363,51.5816522],[3.1496238,51.5816915],[3.1495921,51.5817071],[3.149566,51.5817078],[3.1494479,51.5817453],[3.1493088,51.5817787],[3.1493037,51.5817787],[3.1492956,51.5817818],[3.1492391,51.5818223],[3.1491753,51.5818719],[3.1491477,51.5818794],[3.1490155,51.5819155],[3.1488874,51.5819522],[3.1488713,51.5819567],[3.1488512,51.5819622],[3.1488715,51.5819938],[3.1488981,51.5820521],[3.1489342,51.5820909],[3.148959,51.5821419],[3.1488721,51.5821775],[3.1487739,51.5822034],[3.1487279,51.5822187],[3.1487246,51.58223],[3.1487257,51.5822321],[3.1487171,51.5823152],[3.148719,51.5823221],[3.1487282,51.5823319],[3.1488337,51.5824118],[3.1488109,51.5824505],[3.1488028,51.5825018],[3.148745,51.5825819],[3.1487449,51.5825918],[3.1487293,51.5826494],[3.1487185,51.5826817],[3.1485853,51.582747],[3.1485514,51.5827719],[3.1484413,51.5828494],[3.148417,51.5828619],[3.1484117,51.5828804],[3.1484104,51.5829519],[3.1482975,51.5830184],[3.1482637,51.583042],[3.1482509,51.5830711],[3.1482401,51.5831319],[3.1481537,51.5831761],[3.1480825,51.583222],[3.1480551,51.5832837],[3.1480558,51.583312],[3.1480099,51.5834019],[3.1480096,51.5834022],[3.1479342,51.583492],[3.1478663,51.5835754],[3.1478631,51.583582],[3.1478554,51.5835888],[3.1477888,51.583672],[3.1477224,51.5837197],[3.1476914,51.583762],[3.1476534,51.5838052],[3.147672,51.583852],[3.1475787,51.5838978],[3.147532,51.583942],[3.1475463,51.5840115],[3.1475435,51.5840319],[3.147435,51.584081],[3.147342,51.5841221],[3.1473216,51.5842121],[3.1472911,51.5842408],[3.1472346,51.5843021],[3.1472592,51.5843718],[3.1472572,51.584392],[3.1472411,51.5844235],[3.1472919,51.5844689],[3.1473089,51.5844713],[3.1474361,51.5844472],[3.1475524,51.584409],[3.1475803,51.5843984],[3.1475965,51.5843915],[3.1477245,51.5843425],[3.1478092,51.5843014],[3.1478686,51.5842752],[3.1479677,51.5842112],[3.1480022,51.5841276],[3.1480004,51.5841213],[3.1480124,51.5841141],[3.1480943,51.5840313],[3.1481563,51.5839714],[3.1481883,51.5839412],[3.1483003,51.5838853],[3.1483435,51.5838511],[3.1484125,51.5837809],[3.1484161,51.5837611],[3.1484442,51.5837465],[3.148573,51.583671],[3.1485882,51.5836593],[3.1487083,51.5835809],[3.1487322,51.583562],[3.1488183,51.5834908],[3.1488762,51.5834499],[3.1489231,51.5834008],[3.1490202,51.5833345],[3.149054,51.5834006],[3.1490719,51.5834326],[3.1490928,51.5834905],[3.1490964,51.5835376],[3.1491247,51.5835804],[3.1491654,51.5836007],[3.1492858,51.5836701],[3.1493081,51.5837586],[3.1493089,51.58376],[3.1493102,51.5837666],[3.1493203,51.5837662],[3.1494546,51.5837781],[3.1495528,51.5837884],[3.149599,51.5837831],[3.1497342,51.5838436],[3.1497435,51.5838451],[3.1497866,51.5838224],[3.1498876,51.5837697],[3.1500022,51.5837776],[3.1500319,51.5837703],[3.1500618,51.5837776],[3.1501763,51.5837868],[3.1502807,51.5837836],[3.1503206,51.5837814],[3.1504077,51.5837586],[3.1504648,51.5837376],[3.1505696,51.5837337],[3.1506091,51.583737],[3.1507262,51.5836851],[3.1507266,51.5837582],[3.1507535,51.5837626],[3.1507631,51.5837641],[3.150898,51.5838173],[3.1509726,51.5838478],[3.1510426,51.5838752],[3.1511466,51.5839123],[3.1511871,51.5839232],[3.1512173,51.5839374],[3.1513317,51.5840106],[3.1513463,51.5840271],[3.15142,51.5841169],[3.1514766,51.5841762],[3.1515051,51.5842067],[3.1515478,51.5842509],[3.1515894,51.5842965],[3.1516214,51.5843423],[3.1516829,51.5843863],[3.1516217,51.5844191],[3.1515033,51.5844765],[3.1515226,51.5845384],[3.1514974,51.5845664],[3.1514781,51.5846305],[3.1514686,51.5846504],[3.1514741,51.5846564],[3.1514738,51.5846591],[3.1514784,51.5847268],[3.1514808,51.5847463],[3.1514834,51.5847494],[3.1515878,51.584836],[3.1516232,51.5848654],[3.1516967,51.5849258],[3.1517679,51.5849843],[3.1518118,51.5850156],[3.1518526,51.5850681],[3.1518511,51.5851054],[3.1517976,51.5851773],[3.1518083,51.5851954],[3.1517687,51.5852217],[3.1516726,51.5852256],[3.1516243,51.5852115],[3.1516003,51.5851957],[3.1514797,51.5851306],[3.151377,51.5851061],[3.1513353,51.5850962],[3.1513081,51.5850892],[3.1512838,51.5851062],[3.1511911,51.5851342],[3.151053,51.5851926],[3.1510469,51.5851942],[3.1509478,51.5851683],[3.1509026,51.5851868],[3.150878,51.5851966],[3.1507584,51.5852489],[3.1506554,51.5852611],[3.1506142,51.5852664],[3.1505404,51.585287],[3.15047,51.5853246],[3.15042,51.585377],[3.150326,51.5854293],[3.1501879,51.5854635],[3.1501818,51.5854622],[3.1501746,51.5854673],[3.1501429,51.5854916],[3.1500588,51.5855573],[3.1500379,51.5855767],[3.1499334,51.5856227],[3.1498937,51.585642],[3.1498929,51.5856475],[3.1498938,51.5856486],[3.1499947,51.5857372],[3.1499702,51.5857798],[3.1499667,51.5858272],[3.149899,51.5859145],[3.149897,51.5859172],[3.1498947,51.5859247],[3.149861,51.5860072],[3.1497508,51.5860725],[3.1497217,51.5860973],[3.1496807,51.5861411],[3.1496927,51.5861872],[3.149607,51.5862409],[3.149583,51.5862773],[3.1495629,51.5863049],[3.1495437,51.5863672],[3.1495005,51.5864341],[3.1494862,51.5864572],[3.1494635,51.5864747],[3.1493822,51.5865473],[3.1493196,51.5866083],[3.1493042,51.5866373],[3.1493021,51.5866482],[3.1492882,51.5867272],[3.1492294,51.5867838],[3.1492085,51.5868172],[3.149176,51.5868507],[3.1491424,51.5869072],[3.1491285,51.586937],[3.1491139,51.5869972],[3.1490866,51.5870534],[3.1490819,51.5870871],[3.1490326,51.5871505],[3.1490192,51.5871771],[3.1490175,51.5871867],[3.1489843,51.5872671],[3.148889,51.5873506],[3.1488811,51.5873572],[3.1488769,51.5873647],[3.1488554,51.5874471],[3.1488123,51.5874952],[3.1487822,51.5875371],[3.1487454,51.5875862],[3.1487222,51.5876271],[3.1486748,51.5876713],[3.1486302,51.5877171],[3.1486016,51.5877653],[3.1485852,51.5878071],[3.1485053,51.5878674],[3.1484693,51.5878972],[3.1484578,51.5879346],[3.1484465,51.5879871],[3.1484409,51.5879978],[3.1483993,51.5880771],[3.1483842,51.5881234],[3.1483793,51.588167],[3.1484047,51.5882232],[3.1483913,51.5882569],[3.1483706,51.5883121],[3.1483678,51.5883469],[3.1484287,51.5884176],[3.1483835,51.5884368],[3.1484596,51.5884638],[3.1485395,51.5884767],[3.1486039,51.5884626],[3.1486415,51.5884364],[3.1487438,51.5883489],[3.1487464,51.5883464],[3.1487479,51.5883461],[3.1487504,51.5883448],[3.1488922,51.5883407],[3.1489256,51.5883462],[3.1490188,51.5883571],[3.1489436,51.5884361],[3.1489211,51.5885083],[3.1489091,51.588526],[3.1489232,51.5885971],[3.148911,51.5886159],[3.1488932,51.5886526],[3.148833,51.5886684],[3.1488598,51.5887059],[3.1488631,51.5887248],[3.1488376,51.5887959],[3.1488141,51.5888456],[3.148819,51.5888858],[3.1488942,51.5889642],[3.1489302,51.5889531],[3.1490385,51.5889296],[3.1491182,51.5888854],[3.1491826,51.5888635],[3.1492957,51.5887953],[3.1493267,51.588778],[3.1494225,51.5887353],[3.1494708,51.5887171],[3.1494968,51.5887051],[3.149615,51.5886633],[3.1497007,51.5886149],[3.1497591,51.5885906],[3.1498487,51.5885589],[3.1499033,51.5885456],[3.1499458,51.5885247],[3.1500474,51.5884886],[3.1501812,51.588441],[3.1501916,51.5884405],[3.1502027,51.5884345],[3.1503358,51.5883875],[3.1504387,51.5883442],[3.1504799,51.5883267],[3.1505263,51.5883153],[3.1506242,51.5883085],[3.1507322,51.5882766],[3.1507685,51.5882791],[3.1508074,51.5883438],[3.1507688,51.5883792],[3.1506945,51.5884338],[3.1506247,51.588465],[3.1505067,51.588524],[3.1504807,51.5885423],[3.1503653,51.5885961],[3.1503365,51.588609],[3.1503262,51.5886141],[3.1501924,51.5886624],[3.1500635,51.5886948],[3.1500481,51.5886967],[3.1500366,51.5887044],[3.149904,51.5887757],[3.1498183,51.5887946],[3.1497598,51.5888112],[3.1496187,51.5888848],[3.1496157,51.5888859],[3.1495927,51.5888992],[3.1494716,51.5889689],[3.1494617,51.5889749],[3.149448,51.5889897],[3.1493624,51.5890649],[3.1493277,51.5890894],[3.1492337,51.589155],[3.1491837,51.5892001],[3.1491248,51.5892451],[3.1490397,51.5893108],[3.1490088,51.5893351],[3.1490038,51.5893576],[3.1489864,51.5894251],[3.148896,51.5894905],[3.1488291,51.5895152],[3.1487628,51.5895985],[3.1487564,51.5896052],[3.148752,51.5896083],[3.1486532,51.5896953],[3.1486081,51.5897506],[3.1485889,51.5897853],[3.1485778,51.5898043],[3.1485485,51.5898752],[3.1485417,51.5899169],[3.1485468,51.5899651],[3.1485418,51.590007],[3.1485402,51.5900551],[3.1484804,51.5901354],[3.1484802,51.5901451],[3.1484652,51.590182],[3.1484551,51.590235],[3.1484518,51.5902434],[3.1484577,51.5903249],[3.1484471,51.5903365],[3.148369,51.5904149],[3.1483338,51.5904975],[3.148334,51.5905049],[3.1483219,51.5905283],[3.1482931,51.5905949],[3.1482883,51.590616],[3.1482526,51.5906848],[3.1481784,51.5907727],[3.1481761,51.5907748],[3.1481757,51.5907765],[3.1481267,51.5908648],[3.1480747,51.5909298],[3.1481118,51.5909548],[3.1480348,51.5910225],[3.1480271,51.5910448],[3.1479602,51.5910915],[3.1479164,51.5911348],[3.1479107,51.5912125],[3.1478981,51.5912248],[3.1480356,51.591266],[3.1481087,51.5912689],[3.14818,51.5912554],[3.148302,51.5912381],[3.1483243,51.5912392],[3.1484216,51.5912846],[3.1484687,51.5912679],[3.1484881,51.5913019],[3.1484797,51.591314],[3.1484689,51.5913292],[3.1484186,51.591404],[3.1483893,51.5914538],[3.1484187,51.5914939],[3.1484696,51.5915504],[3.1485935,51.5915708],[3.1486141,51.591581],[3.1486432,51.5915835],[3.1486142,51.5916326],[3.148587,51.5916565],[3.1485979,51.5916735],[3.1485757,51.5916977],[3.1486145,51.5916997],[3.1486591,51.5917633],[3.1486147,51.5917767],[3.1485664,51.5917936],[3.1484704,51.5917961],[3.148414,51.5918535],[3.1484708,51.5919224],[3.1484877,51.5919434],[3.1484709,51.5919502],[3.1484451,51.5919595],[3.1483267,51.592002],[3.1482828,51.5920335],[3.1482517,51.5920805],[3.1482553,51.5921235],[3.1481831,51.592208],[3.14818,51.5922135],[3.14818,51.5922154],[3.1481578,51.5923034],[3.1481462,51.5923266],[3.1481162,51.5923934],[3.1481564,51.5924661],[3.148165,51.5924833],[3.1481564,51.5925004],[3.1481154,51.5925732],[3.1481845,51.5926478],[3.148202,51.5926631],[3.1482087,51.5927381],[3.1482068,51.592753],[3.1482131,51.5927705],[3.1481851,51.5928386],[3.1481824,51.5928429],[3.1481851,51.5928483],[3.1482257,51.5929328],[3.1482457,51.5929702],[3.1482216,51.5930227],[3.1482098,51.5930377],[3.1482623,51.5931126],[3.148314,51.5931921],[3.1482974,51.5932024],[3.1483307,51.5932276],[3.1483684,51.5932689],[3.1484751,51.5932218],[3.148598,51.5932154],[3.1486194,51.5932089],[3.1486555,51.593202],[3.1487636,51.5931657],[3.1488197,51.5931668],[3.1489079,51.5931525],[3.1490512,51.5931121],[3.1490522,51.5931127],[3.1491122,51.5932014],[3.1490526,51.5932424],[3.1490079,51.5932914],[3.1489544,51.5933529],[3.1489329,51.5933815],[3.1489088,51.5934064],[3.1488359,51.5934715],[3.1487664,51.5935606],[3.1487659,51.5935615],[3.1487649,51.5935624],[3.1486779,51.5936515],[3.1486619,51.593716],[3.1486491,51.5937415],[3.1486213,51.5938079],[3.1486129,51.5938314],[3.1485715,51.5938627],[3.1485007,51.5939215],[3.148501,51.5939362],[3.148513,51.5940114],[3.1484777,51.5940419],[3.1484081,51.5941014],[3.1483873,51.5941581],[3.1483827,51.5941914],[3.1483341,51.5942663],[3.148327,51.5942814],[3.1483227,51.5942885],[3.1482989,51.5943713],[3.1482933,51.594397],[3.1482599,51.5944613],[3.1482025,51.5945439],[3.1481999,51.5945513],[3.1481908,51.5945938],[3.1481823,51.5946412],[3.1481734,51.5946522],[3.1481187,51.5947312],[3.1481157,51.594774],[3.1481242,51.5948211],[3.1480619,51.5949021],[3.1480592,51.5949111],[3.148081,51.5949803],[3.1480745,51.595001],[3.1480479,51.5950453],[3.1480215,51.595091],[3.148008,51.595116],[3.1480291,51.5951809],[3.1480484,51.5952029],[3.1481333,51.5952707],[3.1481931,51.5952825],[3.1482801,51.5953604],[3.1482739,51.5954003],[3.1482801,51.5954503],[3.1481999,51.5955366],[3.1481982,51.5955404],[3.1481995,51.5955438],[3.1482162,51.5956303],[3.1483388,51.595715],[3.1483551,51.59572],[3.1484834,51.5957751],[3.1485421,51.5958097],[3.1485742,51.595866],[3.1485974,51.5958995],[3.1485419,51.5959534],[3.1485187,51.5959895],[3.1485082,51.5960046],[3.148544,51.5960794],[3.1484846,51.5961368],[3.1484208,51.5961695],[3.1484205,51.5962095],[3.1483975,51.5962594],[3.1483779,51.5963263],[3.1483768,51.5963494],[3.1483411,51.5964088],[3.1483228,51.5964394],[3.1483008,51.596504],[3.1483091,51.5965293],[3.1483347,51.5966148],[3.1483358,51.5966192],[3.148333,51.5966247],[3.1483113,51.5967091],[3.1483113,51.5967283],[3.1482752,51.5967991],[3.1482351,51.5968661],[3.1482442,51.596889],[3.1482737,51.596932],[3.1482514,51.596979],[3.1481988,51.5970511],[3.1481831,51.597069],[3.1481798,51.5970808],[3.1481905,51.5971589],[3.148185,51.5971677],[3.1481266,51.5972489],[3.1481371,51.5972998],[3.1481375,51.5973388],[3.1481295,51.5973826],[3.1481006,51.5974287],[3.1481253,51.597472],[3.1481499,51.5975186],[3.1480924,51.597586],[3.1480924,51.5976086],[3.1481208,51.5976584],[3.1481063,51.5976985],[3.1482011,51.5977558],[3.1482576,51.597753],[3.1483454,51.5977266],[3.1484332,51.5977333],[3.1484897,51.5977154],[3.1485634,51.5976979],[3.1486339,51.5976692],[3.1486992,51.597657],[3.1487782,51.5976393],[3.1488429,51.5976076],[3.1489224,51.5975797],[3.1489871,51.5975671],[3.1490667,51.5975606],[3.1492103,51.5975176],[3.149211,51.597518],[3.1493458,51.597523],[3.1492726,51.5976071],[3.1492114,51.5976694],[3.1491697,51.5976971],[3.1490978,51.5977682],[3.1490827,51.5977871],[3.1490675,51.5977953],[3.1489815,51.5978772],[3.1489677,51.5979396],[3.1489548,51.5979671],[3.1489238,51.597992],[3.148812,51.5980572],[3.1487799,51.5981396],[3.1487778,51.5981472],[3.1487774,51.5981488],[3.1487661,51.5982371],[3.1487554,51.5982526],[3.1487144,51.5983271],[3.1486776,51.5983913],[3.1486645,51.5984171],[3.1486541,51.5984961],[3.148653,51.598507],[3.1486368,51.5985468],[3.148622,51.598597],[3.1486154,51.5986104],[3.1485988,51.5986869],[3.1485892,51.5987169],[3.1485738,51.5987769],[3.148557,51.5988272],[3.1485597,51.5988668],[3.1485335,51.598932],[3.1485417,51.5989567],[3.1485571,51.5989961],[3.1485912,51.5990466],[3.1486214,51.5991257],[3.1486177,51.5991365],[3.1486388,51.5991573],[3.1486882,51.5992263],[3.1487152,51.5992736],[3.1486679,51.5993162],[3.1486656,51.5993326],[3.1487146,51.5994061],[3.1487842,51.5994797],[3.1488302,51.5994959],[3.1488104,51.5995121],[3.1488648,51.5995857],[3.1489147,51.5996666],[3.1489204,51.5996756],[3.1489293,51.5996846],[3.1489875,51.5997654],[3.149045,51.5998371],[3.1489719,51.5998553],[3.14893,51.599899],[3.1489124,51.5999453],[3.1489302,51.5999498],[3.1489556,51.5999453],[3.1490743,51.5998848],[3.1491213,51.5999451],[3.149219,51.5999827],[3.1492583,51.6000348],[3.1492227,51.6001228],[3.1492221,51.6001248],[3.1492195,51.6001397],[3.1492046,51.6002053],[3.1492083,51.6002147],[3.1492056,51.6002236],[3.1491905,51.6003046],[3.1491768,51.6003317],[3.1492071,51.6003945],[3.1492206,51.6004614],[3.1492275,51.6004844],[3.1492287,51.6004894],[3.14924,51.6005743],[3.1492808,51.6006115],[3.1493335,51.6006641],[3.1493336,51.6006841],[3.1493332,51.600754],[3.1493172,51.6007845],[3.1492832,51.600844],[3.1493437,51.6009197],[3.1493581,51.6009338],[3.1493587,51.6009388],[3.1493437,51.6010238],[3.1493669,51.601051],[3.1494152,51.6011136],[3.1493673,51.6011734],[3.1493449,51.6012036],[3.149334,51.6012245],[3.1493622,51.6012935],[3.1493604,51.6012981],[3.1492747,51.6013835],[3.1492238,51.601434],[3.1491941,51.6014735],[3.1491898,51.6014949],[3.1492062,51.6015634],[3.1492021,51.6015773],[3.1491965,51.6016534],[3.1492245,51.6016654],[3.1492475,51.6016676],[3.149369,51.6016957],[3.1494497,51.6017032],[3.1495135,51.6017134],[3.14962,51.6017192],[3.1496579,51.6017189],[3.1497712,51.6017232],[3.1498023,51.6017223],[3.1498635,51.6017043],[3.1499087,51.6017424],[3.1498773,51.6017857],[3.1499014,51.6018323],[3.1498418,51.6018567],[3.1498834,51.6019222],[3.1498774,51.6019685],[3.1498864,51.6020122],[3.149899,51.6020716],[3.1499079,51.602102],[3.1498532,51.602192],[3.1498788,51.6022386],[3.1498393,51.602282],[3.1498288,51.6022973],[3.1498809,51.6023718],[3.1498247,51.6024493],[3.1498466,51.6024618],[3.1498301,51.6024776],[3.1498842,51.6025517],[3.1499497,51.6026415],[3.1498621,51.6027315],[3.1498988,51.6027894],[3.1498902,51.6028214],[3.1499504,51.6028511],[3.1500465,51.602881],[3.1500949,51.6029027],[3.1501096,51.602911],[3.1501453,51.6030009],[3.1501148,51.6030788],[3.1501093,51.6030909],[3.1501015,51.6031773],[3.1501017,51.6031808],[3.1500959,51.603194],[3.1500756,51.6032707],[3.1500629,51.6032915],[3.1500889,51.6033606],[3.1500875,51.6033662],[3.1500474,51.6034506],[3.1500767,51.6035278],[3.1500735,51.6035405],[3.1500743,51.6035547],[3.1500454,51.6036304],[3.1500222,51.6036773],[3.1500336,51.6037204],[3.1500308,51.6037621],[3.1500173,51.6038103],[3.1500563,51.6038741],[3.1500655,51.6039002],[3.1500984,51.6039426],[3.1501201,51.60399],[3.1501063,51.6040753],[3.150107,51.6040799],[3.1501126,51.6040885],[3.1501305,51.6041698],[3.1501426,51.6041968],[3.1501864,51.6042597],[3.1502211,51.6043353],[3.1502293,51.6043495],[3.1502442,51.6043853],[3.1502668,51.6044394],[3.1502675,51.6044537],[3.1502849,51.6045293],[3.1502675,51.6046052],[3.1502701,51.6046192],[3.1502701,51.6046348],[3.1502857,51.6047091],[3.1502885,51.604736],[3.1503083,51.604799],[3.1503363,51.6048553],[3.1503364,51.6048889],[3.1503422,51.6049189],[3.1503232,51.6049788],[3.1503744,51.6050584],[3.1503786,51.6050687],[3.1503909,51.6050865],[3.1504469,51.6051585],[3.1504412,51.6051896],[3.1504532,51.6052484],[3.1504904,51.6053098],[3.1505046,51.6053383],[3.1505227,51.6054196],[3.150525,51.6054281],[3.1505366,51.605481],[3.1505445,51.605518],[3.1505468,51.6055243],[3.1505408,51.605608],[3.1505416,51.6056107],[3.1505372,51.605663],[3.150536,51.6056971],[3.1505362,51.6056979],[3.1505374,51.6057064],[3.1505621,51.6057878],[3.1506823,51.6058705],[3.1506942,51.6058775],[3.150827,51.6059479],[3.1508496,51.6059672],[3.1508597,51.6059875],[3.150897,51.6060571],[3.150893,51.6060979],[3.150904,51.606147],[3.1509132,51.6062001],[3.150921,51.6062369],[3.150959,51.6063183],[3.1509615,51.6063267],[3.1509577,51.6064072],[3.1509597,51.6064167],[3.1509731,51.6064627],[3.1510087,51.6065065],[3.1510226,51.6065371],[3.1510726,51.6065963],[3.1511181,51.6066416],[3.1511411,51.6066862],[3.1511458,51.6067033],[3.1511607,51.6067761],[3.1511187,51.6068249],[3.1510859,51.6068661],[3.1511045,51.6069469],[3.1511045,51.606956],[3.1510996,51.6069682],[3.1510686,51.6070459],[3.1510606,51.6070826],[3.1510511,51.6071359],[3.1510558,51.6071859],[3.1510539,51.6072258],[3.1510417,51.6072747],[3.1510498,51.6073157],[3.1511205,51.6073577],[3.1511772,51.6074054],[3.1512341,51.6074759],[3.1512247,51.6074953],[3.1512654,51.6075254],[3.1512997,51.6075851],[3.1513137,51.607615],[3.1513217,51.607675],[3.1513216,51.6077096],[3.151329,51.6077649],[3.1513376,51.6078093],[3.1513461,51.6078548],[3.1513879,51.6079302],[3.1513914,51.6079447],[3.1514113,51.6079559],[3.1515269,51.6080344],[3.151556,51.6080585],[3.151605,51.6081242],[3.1516197,51.6081636],[3.1516352,51.6082141],[3.1516538,51.6082745],[3.1516466,51.608304],[3.1517015,51.6083714],[3.1517168,51.6083938],[3.1517203,51.6084722],[3.1517171,51.6084837],[3.151702,51.6085178],[3.1516751,51.6085737],[3.1517024,51.6086503],[3.1517095,51.6086636],[3.1517155,51.6086717],[3.1517025,51.6086896],[3.1516861,51.6087432],[3.1516912,51.6087535],[3.1517028,51.6087721],[3.1518182,51.6088433],[3.1518476,51.6088715],[3.1518864,51.6089331],[3.151888,51.6089581],[3.1519134,51.609023],[3.1519116,51.6090625],[3.1519188,51.6091129],[3.1519234,51.6091595],[3.1519349,51.6092028],[3.1519628,51.6092736],[3.1519709,51.6092927],[3.1519935,51.6093304],[3.1520316,51.6093825],[3.1520371,51.6094095],[3.1520442,51.6094724],[3.1520461,51.6095048],[3.1520489,51.6095623],[3.1520663,51.609607],[3.1520842,51.6096522],[3.1520947,51.6097144],[3.1520963,51.6097421],[3.1521395,51.6098144],[3.1521552,51.6098319],[3.1521961,51.609867],[3.1522612,51.6099217],[3.1522844,51.6099673],[3.1523023,51.6100116],[3.1523095,51.610027],[3.1523412,51.6101014],[3.1523511,51.6101502],[3.1523389,51.6101913],[3.152349,51.610231],[3.1523596,51.6102812],[3.1524215,51.6103657],[3.1524235,51.6103711],[3.1524302,51.6103795],[3.1525059,51.6104609],[3.1525601,51.6105413],[3.1525691,51.6105507],[3.1525753,51.6105681],[3.1526192,51.6106405],[3.1526451,51.6106837],[3.1526945,51.6107304],[3.1527204,51.6107886],[3.1527356,51.6108202],[3.1527207,51.6108619],[3.1527081,51.6109102],[3.152721,51.6109671],[3.1527336,51.6110001],[3.1527459,51.6110154],[3.1527925,51.6110899],[3.1527888,51.6111318],[3.1528171,51.6111798],[3.1528579,51.6112643],[3.1528592,51.6112696],[3.1528583,51.6112748],[3.1528529,51.6113596],[3.1528669,51.6113882],[3.1528956,51.6114494],[3.1529125,51.6114777],[3.1529637,51.6115393],[3.1529711,51.6116037],[3.1529683,51.6116292],[3.1530033,51.6117134],[3.1530065,51.611719],[3.1530124,51.6117261],[3.153079,51.6118089],[3.1531573,51.6118574],[3.1532387,51.6118986],[3.1532754,51.6119718],[3.1532829,51.6119884],[3.1532937,51.6120729],[3.1532953,51.6120783],[3.1532944,51.6120833],[3.1533027,51.6121393],[3.1533064,51.6121659],[3.1533061,51.6121682],[3.1533028,51.6121767],[3.1532692,51.6122582],[3.1533033,51.6123214],[3.1533188,51.612348],[3.1533194,51.612358],[3.1533249,51.6124379],[3.1534079,51.6125026],[3.1534398,51.6125277],[3.1534485,51.6125489],[3.1534792,51.6126176],[3.1534859,51.6126407],[3.1535011,51.6127075],[3.1535064,51.6127431],[3.1535064,51.6127974],[3.1535013,51.6128297],[3.1535334,51.6128872],[3.1535614,51.6129567],[3.1535711,51.6129771],[3.1535945,51.613015],[3.1536584,51.6130669],[3.1536929,51.6131279],[3.1537198,51.6131568],[3.1537395,51.6132097],[3.1537534,51.6132466],[3.1537575,51.6132577],[3.1537908,51.6133365],[3.1538931,51.6134263],[3.1539163,51.6134459],[3.1539563,51.6135161],[3.1539508,51.613557],[3.1539946,51.613606],[3.1540256,51.6136931],[3.1540254,51.6136958],[3.1540301,51.6137075],[3.1540556,51.6137857],[3.1540698,51.6138102],[3.1541079,51.6138756],[3.1541329,51.6139391],[3.1541511,51.6139654],[3.1541755,51.6139933],[3.1542421,51.6140552],[3.1542569,51.6141056],[3.1542755,51.6141451],[3.1542902,51.6142161],[3.1542972,51.614235],[3.1543208,51.614269],[3.1543857,51.6143248],[3.1544346,51.6143953],[3.1544513,51.6144146],[3.1544659,51.6144481],[3.1545029,51.6145045],[3.1545232,51.6145399],[3.1545808,51.6145943],[3.1546109,51.6146402],[3.1546648,51.6146841],[3.154687,51.6147312],[3.154704,51.6147739],[3.154756,51.6148309],[3.154777,51.6148638],[3.1547962,51.6148886],[3.1548272,51.6149536],[3.154877,51.6150285],[3.1548916,51.6150434],[3.1549012,51.6150624],[3.1549616,51.6151333],[3.1550461,51.6152041],[3.1550595,51.615223],[3.1550834,51.6152461],[3.1551211,51.6153129],[3.1551414,51.6153718],[3.1551654,51.6154027],[3.1551914,51.6154449],[3.1552275,51.6154926],[3.1553362,51.6155567],[3.1553596,51.6155823],[3.155362,51.6155983],[3.1553586,51.6156722],[3.155373,51.6156948],[3.1554012,51.6157621],[3.1554346,51.6158227],[3.1554462,51.6158519],[3.1554819,51.6159148],[3.1555261,51.6159418],[3.1555265,51.6159694],[3.1555858,51.6160316],[3.1555859,51.6160959],[3.1555993,51.6161215],[3.1556271,51.6161546],[3.1556969,51.6162113],[3.155772,51.6162777],[3.1557916,51.6163011],[3.1558096,51.6163244],[3.1558257,51.6163909],[3.155917,51.6164442],[3.155966,51.6164807],[3.1559797,51.6165195],[3.1559983,51.6165705],[3.1560291,51.6166399],[3.1560353,51.6166604],[3.1560623,51.6167055],[3.156083,51.6167503],[3.1562072,51.6168312],[3.156222,51.61684],[3.1562657,51.6168763],[3.1563321,51.6169298],[3.1563521,51.6169821],[3.1563769,51.6170196],[3.1563853,51.6170402],[3.1564253,51.6171095],[3.1564972,51.6171619],[3.1565271,51.6171992],[3.156642,51.6172802],[3.1566569,51.617289],[3.1566838,51.6173149],[3.1567196,51.6173788],[3.1567669,51.6174561],[3.1567716,51.6174687],[3.1567872,51.6174907],[3.1568111,51.6175585],[3.15682,51.6175788],[3.1568275,51.6176484],[3.156868,51.6176982],[3.1569028,51.6177382],[3.1569327,51.6177947],[3.1569533,51.6178281],[3.156933,51.6178832],[3.1569164,51.617918],[3.1569331,51.6179309],[3.1570049,51.6180078],[3.157078,51.6180606],[3.1571177,51.6180976],[3.1571327,51.6181315],[3.1571155,51.6181875],[3.1570935,51.6182683],[3.1570883,51.6182775],[3.1570898,51.6182843],[3.1571222,51.6183673],[3.1571321,51.6184003],[3.1571333,51.6184573],[3.1571382,51.6184938],[3.1571443,51.6185472],[3.1571564,51.6185948],[3.1571808,51.618637],[3.1571409,51.6186892],[3.1571143,51.618727],[3.157149,51.6187696],[3.1571852,51.6188168],[3.1571826,51.6188434],[3.157164,51.6189068],[3.1571503,51.6189537],[3.1571461,51.6189967],[3.1571896,51.619064],[3.1571933,51.6190866],[3.1572261,51.6191201],[3.1572682,51.6191764],[3.1572718,51.6192047],[3.1572969,51.6192663],[3.1573013,51.6193126],[3.1573057,51.6193562],[3.1573715,51.619397],[3.1574348,51.6194459],[3.1573801,51.6195309],[3.1573915,51.6195359],[3.1573967,51.6195512],[3.1574992,51.6196257],[3.1574871,51.6196442],[3.1574947,51.6197156],[3.1575518,51.6198054],[3.1576051,51.6198598],[3.1576198,51.6198952],[3.1576539,51.6199798],[3.1576599,51.6199851],[3.1576596,51.6199869],[3.1576605,51.620075],[3.1576628,51.6200776],[3.1577707,51.6201648],[3.1577783,51.6202364],[3.1577869,51.6202547],[3.157808,51.620291],[3.1578345,51.6203445],[3.1578521,51.6203718],[3.1578717,51.6204344],[3.1579042,51.6204938],[3.1579228,51.6205242],[3.1579533,51.6205544],[3.1580405,51.620614],[3.1580981,51.6206581],[3.1581485,51.6207038],[3.1582429,51.6207626],[3.1582836,51.6207935],[3.158315,51.6208382],[3.1583063,51.6208834],[3.1583164,51.6209287],[3.1583388,51.6209733],[3.158343,51.6210014],[3.1583346,51.6210632],[3.1583282,51.6211155],[3.1583327,51.6211531],[3.1583229,51.6211942],[3.158316,51.621243],[3.1583796,51.6213268],[3.1583754,51.6213329],[3.1583719,51.6213438],[3.1583449,51.6214228],[3.1583132,51.6214706],[3.1582951,51.6215128],[3.1582457,51.6215433],[3.1582037,51.6216029],[3.158246,51.6216494],[3.1583359,51.6216926],[3.1583907,51.6217123],[3.158468,51.6217823],[3.1585356,51.6218515],[3.1585512,51.6218721],[3.1586804,51.6219522],[3.1586889,51.6219619],[3.1586912,51.6219685],[3.1586978,51.6220518],[3.1586996,51.6220634],[3.1587223,51.6221416],[3.1588258,51.6222196],[3.1588571,51.6222314],[3.1589706,51.6223181],[3.1589736,51.6223211],[3.1589738,51.6223231],[3.158983,51.622411],[3.158971,51.622425],[3.158927,51.622501],[3.1589714,51.6225365],[3.1590714,51.6225908],[3.1591163,51.6226736],[3.1591214,51.6226806],[3.1591164,51.6227113],[3.159103,51.6227705],[3.1591169,51.6228328],[3.1591207,51.6228604],[3.159117,51.6228664],[3.159075,51.6229504],[3.159061,51.6229855],[3.1590607,51.6230403],[3.1590888,51.6231121],[3.1590853,51.6231302],[3.1590298,51.6231853],[3.1590319,51.6232202],[3.1590598,51.6232736],[3.1590896,51.6233101],[3.1590894,51.6233282],[3.1590499,51.6234],[3.1589747,51.6234712],[3.1589613,51.6234901],[3.1589597,51.6234994],[3.15896,51.62358],[3.1589456,51.6235984],[3.1588666,51.62367],[3.1588311,51.6237406],[3.1588194,51.6237527],[3.1588236,51.62376],[3.1588312,51.623768],[3.1588865,51.6238498],[3.1588317,51.6239084],[3.1588045,51.6239398],[3.1587847,51.6239693],[3.1588321,51.6240138],[3.1588402,51.6240297],[3.1588322,51.6240489],[3.1587949,51.6241197],[3.1587949,51.6241431],[3.1587884,51.6242096],[3.1587825,51.624241],[3.1587615,51.6242996],[3.1588333,51.6243728],[3.1588753,51.6243893],[3.1589779,51.6244012],[3.1590077,51.6244077],[3.1591225,51.6244381],[3.1592144,51.624446],[3.159267,51.6244419],[3.1594017,51.6243945],[3.1594112,51.6243919],[3.1594191,51.6243935],[3.1595557,51.6243937],[3.1595647,51.624394],[3.1597003,51.6244215],[3.1598361,51.6244779],[3.1598449,51.6244821],[3.1599715,51.6244889],[3.1599894,51.6244872],[3.1601269,51.6244775],[3.1601338,51.6244759],[3.1601361,51.6244775],[3.1602785,51.6245308],[3.1603967,51.6245507],[3.160423,51.624555],[3.1604393,51.624567],[3.1604825,51.6246039],[3.1605417,51.6246568],[3.1605263,51.6246828],[3.1604802,51.6247468],[3.1604916,51.624789],[3.1605006,51.6248367],[3.160518,51.624895],[3.1605314,51.6249266],[3.1604902,51.6249756],[3.1604803,51.625]]},"properties":{"rawObjectClass":"DEPCNT","VALDCO":20,"depthDatum":"Approximate LAT","depthDatumCode":42,"depthDatumStatus":"VERIFIED_FROM_OFFICIAL_DOCUMENTATION","verticalDatum":"Local Datum","verticalDatumCode":24,"napIdentityStatus":"UNVERIFIED","sourceKind":"official","sourceCellId":"1R7588LI","sourceStableId":"1F2B69F1AB1B7541","sourceChecksum":"fcefec7e07170c4b859138c34376143c7aa4e9f8e653fc723d6bbe65dbf3c0a2","pipelineFeatureId":"1R7588LI/DEPCNT/1271588019","provenance":{"cellId":"1R7588LI","checksum":"fcefec7e07170c4b859138c34376143c7aa4e9f8e653fc723d6bbe65dbf3c0a2","readerVersion":"GDAL 3.2.2","processedAt":"2026-08-11T18:29:20.995Z"},"sourceProperties":{"RCID":1271588019,"PRIM":2,"GRUP":2,"OBJL":43,"RVER":1,"AGEN":7979,"FIDN":1777445659,"FIDS":30017,"LNAM":"1F2B69F1AB1B7541","VALDCO":20,"SCAMIN":50000,"sourceCellId":"1R7588LI","sourceChecksum":"fcefec7e07170c4b859138c34376143c7aa4e9f8e653fc723d6bbe65dbf3c0a2","rawObjectClass":"DEPCNT","sourceStableId":"1F2B69F1AB1B7541"}}},{"type":"Feature","geometry":{"type":"LineString","coordinates":[[3.1375242,51.575],[3.1375541,51.5750282],[3.1374487,51.5750044],[3.1373083,51.5750528],[3.1373045,51.5750545],[3.1372433,51.5751427],[3.137305,51.5752175],[3.137413,51.5751425],[3.137449,51.5751147],[3.1375332,51.5750899],[3.1375932,51.5750623],[3.1376606,51.5750523],[3.1377138,51.575]]},"properties":{"rawObjectClass":"DEPCNT","VALDCO":20,"depthDatum":"Approximate LAT","depthDatumCode":42,"depthDatumStatus":"VERIFIED_FROM_OFFICIAL_DOCUMENTATION","verticalDatum":"Local Datum","verticalDatumCode":24,"napIdentityStatus":"UNVERIFIED","sourceKind":"official","sourceCellId":"1R7588LI","sourceStableId":"1F2B69F1AB1B7542","sourceChecksum":"fcefec7e07170c4b859138c34376143c7aa4e9f8e653fc723d6bbe65dbf3c0a2","pipelineFeatureId":"1R7588LI/DEPCNT/1271588020","provenance":{"cellId":"1R7588LI","checksum":"fcefec7e07170c4b859138c34376143c7aa4e9f8e653fc723d6bbe65dbf3c0a2","readerVersion":"GDAL 3.2.2","processedAt":"2026-08-11T18:29:20.995Z"},"sourceProperties":{"RCID":1271588020,"PRIM":2,"GRUP":2,"OBJL":43,"RVER":1,"AGEN":7979,"FIDN":1777445659,"FIDS":30018,"LNAM":"1F2B69F1AB1B7542","VALDCO":20,"SCAMIN":50000,"sourceCellId":"1R7588LI","sourceChecksum":"fcefec7e07170c4b859138c34376143c7aa4e9f8e653fc723d6bbe65dbf3c0a2","rawObjectClass":"DEPCNT","sourceStableId":"1F2B69F1AB1B7542"}}},{"type":"Feature","geometry":{"type":"LineString","coordinates":[[3.2084893,51.625],[3.2085302,51.624978],[3.2085962,51.6249409],[3.2086742,51.6248894],[3.2087165,51.6248508],[3.2087752,51.6247876],[3.2087985,51.6247607],[3.208818,51.624746],[3.2088849,51.6247189],[3.2089622,51.6246851],[3.2089867,51.6246705],[3.2091063,51.624609],[3.2091841,51.6245802],[3.2092505,51.6245515],[3.2093483,51.62449],[3.2093946,51.6244581],[3.2094521,51.6243999],[3.2095384,51.6243265],[3.2095779,51.6243098],[3.2096826,51.6242671],[3.2097764,51.6242195],[3.2098267,51.6241958],[3.2099452,51.6241293],[3.2099708,51.6241043],[3.2100822,51.6240391],[3.2101146,51.6239772],[3.2101234,51.6239491],[3.2102587,51.623885],[3.2102939,51.6238589],[3.2103651,51.6237923],[3.2103739,51.6237689],[3.2104025,51.6237576],[3.2104725,51.623725],[3.2105467,51.6236915],[3.2105622,51.6236786],[3.210631,51.6236258],[3.2106756,51.6235885],[3.2106906,51.6235745],[3.210726,51.6234985],[3.2107513,51.6234603],[3.2107659,51.6234085],[3.2108339,51.623321],[3.2108364,51.6233185],[3.2108592,51.6233026],[3.2109615,51.6232283],[3.2109779,51.6232197],[3.2110513,51.6231382],[3.2109772,51.6230681],[3.2108351,51.6230502],[3.2108326,51.6230506],[3.2108277,51.6230518],[3.2108016,51.6230488],[3.2106881,51.6230407],[3.2106578,51.623049],[3.2105439,51.6230872],[3.2104658,51.6230906],[3.2103994,51.6230838],[3.2103159,51.6231396],[3.2102553,51.6231631],[3.2101829,51.6231849],[3.210111,51.6231817],[3.210051,51.6232299],[3.2099669,51.6232604],[3.2098777,51.6232858],[3.2098224,51.6232623],[3.2097446,51.6233204],[3.2096784,51.6233558],[3.2095908,51.6233561],[3.2095339,51.6233444],[3.2094733,51.6233587],[3.2093895,51.6233543],[3.2093115,51.6234111],[3.209306,51.6234634],[3.2092899,51.6235011],[3.2092819,51.6235235],[3.209341,51.6235909],[3.2093025,51.6236459],[3.2093731,51.6236807],[3.2093188,51.6237259],[3.2092536,51.6237709],[3.209247,51.6237749],[3.2092169,51.6237897],[3.2091028,51.6238315],[3.2090718,51.6238611],[3.2090523,51.6238927],[3.2090466,51.6239511],[3.2089854,51.6240248],[3.2089694,51.6240411],[3.2089593,51.6240494],[3.2088429,51.6241313],[3.208849,51.6242003],[3.2088361,51.6242212],[3.2088157,51.6242477],[3.2087465,51.6243113],[3.2086718,51.6243601],[3.2086114,51.6244014],[3.2085278,51.624468],[3.2084792,51.6244916],[3.2083837,51.6245336],[3.2083165,51.6244919],[3.2082389,51.6244706],[3.2080969,51.6244023],[3.2080942,51.6244006],[3.2080881,51.6243986],[3.2079495,51.6243588],[3.2078523,51.6243128],[3.2078047,51.6242867],[3.2076654,51.6242233],[3.20766,51.6242208],[3.2076456,51.6242144],[3.2075153,51.6241864],[3.2074417,51.6241779],[3.2073707,51.6241559],[3.2072642,51.6241341],[3.2072261,51.6241105],[3.2071886,51.6241108],[3.2070815,51.624075],[3.2069981,51.6241345],[3.2070705,51.6242171],[3.207076,51.6242243],[3.2070822,51.6242328],[3.2071206,51.6243141],[3.2071372,51.624348],[3.207158,51.624404],[3.2071954,51.6244737],[3.2072148,51.6244938],[3.207228,51.6245287],[3.2072591,51.6245836],[3.2072593,51.6246029],[3.2073151,51.6246735],[3.2073735,51.6247616],[3.2073752,51.6247633],[3.2073736,51.6247767],[3.2073687,51.6247663],[3.2072292,51.624807],[3.2071941,51.6247636],[3.2070844,51.6247265],[3.2070172,51.6247639],[3.2069966,51.6248189],[3.206982,51.6248539],[3.206952,51.6249369],[3.2069498,51.6249438],[3.2069578,51.6249543],[3.2069411,51.6249671],[3.2069062,51.6249656],[3.2067967,51.6249808],[3.2067502,51.6249442],[3.2066517,51.6248659],[3.2066215,51.6248545],[3.2066096,51.6248285],[3.2065378,51.6247647],[3.2065067,51.6247429],[3.2064393,51.6247649],[3.2064526,51.6247987],[3.2064375,51.6248548],[3.2063631,51.6249381],[3.2063363,51.6249449],[3.2063103,51.624978],[3.2062855,51.625]]},"properties":{"rawObjectClass":"DEPCNT","VALDCO":20,"depthDatum":"Approximate LAT","depthDatumCode":42,"depthDatumStatus":"VERIFIED_FROM_OFFICIAL_DOCUMENTATION","verticalDatum":"Local Datum","verticalDatumCode":24,"napIdentityStatus":"UNVERIFIED","sourceKind":"official","sourceCellId":"1R7588LI","sourceStableId":"1F2B69F1AB1B7543","sourceChecksum":"fcefec7e07170c4b859138c34376143c7aa4e9f8e653fc723d6bbe65dbf3c0a2","pipelineFeatureId":"1R7588LI/DEPCNT/1271588021","provenance":{"cellId":"1R7588LI","checksum":"fcefec7e07170c4b859138c34376143c7aa4e9f8e653fc723d6bbe65dbf3c0a2","readerVersion":"GDAL 3.2.2","processedAt":"2026-08-11T18:29:20.995Z"},"sourceProperties":{"RCID":1271588021,"PRIM":2,"GRUP":2,"OBJL":43,"RVER":1,"AGEN":7979,"FIDN":1777445659,"FIDS":30019,"LNAM":"1F2B69F1AB1B7543","VALDCO":20,"SCAMIN":50000,"sourceCellId":"1R7588LI","sourceChecksum":"fcefec7e07170c4b859138c34376143c7aa4e9f8e653fc723d6bbe65dbf3c0a2","rawObjectClass":"DEPCNT","sourceStableId":"1F2B69F1AB1B7543"}}},{"type":"Feature","geometry":{"type":"LineString","coordinates":[[3.1333946,51.625],[3.1334103,51.6249822],[3.1334295,51.6249605],[3.1334245,51.6248796],[3.133422,51.6248706],[3.1334098,51.6248155],[3.1333987,51.6247875],[3.1334014,51.6247807],[3.1334097,51.6247706],[3.1334773,51.6246907],[3.1335129,51.6246261],[3.1335063,51.6246007],[3.1335535,51.6245673],[3.1335905,51.6245107],[3.1336113,51.6244746],[3.1336113,51.6244208],[3.1336736,51.6243456],[3.1336823,51.6243308],[3.1336614,51.6243085],[3.1336313,51.6242409],[3.1336968,51.6241758],[3.1337087,51.6241509],[3.1336967,51.6241262],[3.133631,51.6240611],[3.1336358,51.6240234],[3.1336238,51.6239712],[3.1335516,51.6239148],[3.1334598,51.6239143],[3.1334071,51.6239026],[3.1333333,51.6239461]]},"properties":{"rawObjectClass":"DEPCNT","VALDCO":20,"depthDatum":"Approximate LAT","depthDatumCode":42,"depthDatumStatus":"VERIFIED_FROM_OFFICIAL_DOCUMENTATION","verticalDatum":"Local Datum","verticalDatumCode":24,"napIdentityStatus":"UNVERIFIED","sourceKind":"official","sourceCellId":"1R7588LI","sourceStableId":"1F2B69F1AB1B7544","sourceChecksum":"fcefec7e07170c4b859138c34376143c7aa4e9f8e653fc723d6bbe65dbf3c0a2","pipelineFeatureId":"1R7588LI/DEPCNT/1271588023","provenance":{"cellId":"1R7588LI","checksum":"fcefec7e07170c4b859138c34376143c7aa4e9f8e653fc723d6bbe65dbf3c0a2","readerVersion":"GDAL 3.2.2","processedAt":"2026-08-11T18:29:20.995Z"},"sourceProperties":{"RCID":1271588023,"PRIM":2,"GRUP":2,"OBJL":43,"RVER":1,"AGEN":7979,"FIDN":1777445659,"FIDS":30020,"LNAM":"1F2B69F1AB1B7544","VALDCO":20,"SCAMIN":50000,"sourceCellId":"1R7588LI","sourceChecksum":"fcefec7e07170c4b859138c34376143c7aa4e9f8e653fc723d6bbe65dbf3c0a2","rawObjectClass":"DEPCNT","sourceStableId":"1F2B69F1AB1B7544"}}},{"type":"Feature","geometry":{"type":"LineString","coordinates":[[3.3333333,51.6079179],[3.3332645,51.6078669],[3.3332335,51.6078391],[3.3333333,51.607772]]},"properties":{"rawObjectClass":"DEPCNT","VALDCO":20,"depthDatum":"Approximate LAT","depthDatumCode":42,"depthDatumStatus":"VERIFIED_FROM_OFFICIAL_DOCUMENTATION","verticalDatum":"Local Datum","verticalDatumCode":24,"napIdentityStatus":"UNVERIFIED","sourceKind":"official","sourceCellId":"1R7588LI","sourceStableId":"1F2B69F1AB1B7545","sourceChecksum":"fcefec7e07170c4b859138c34376143c7aa4e9f8e653fc723d6bbe65dbf3c0a2","pipelineFeatureId":"1R7588LI/DEPCNT/1271588024","provenance":{"cellId":"1R7588LI","checksum":"fcefec7e07170c4b859138c34376143c7aa4e9f8e653fc723d6bbe65dbf3c0a2","readerVersion":"GDAL 3.2.2","processedAt":"2026-08-11T18:29:20.995Z"},"sourceProperties":{"RCID":1271588024,"PRIM":2,"GRUP":2,"OBJL":43,"RVER":1,"AGEN":7979,"FIDN":1777445659,"FIDS":30021,"LNAM":"1F2B69F1AB1B7545","VALDCO":20,"SCAMIN":50000,"sourceCellId":"1R7588LI","sourceChecksum":"fcefec7e07170c4b859138c34376143c7aa4e9f8e653fc723d6bbe65dbf3c0a2","rawObjectClass":"DEPCNT","sourceStableId":"1F2B69F1AB1B7545"}}},{"type":"Feature","geometry":{"type":"LineString","coordinates":[[3.1333333,51.5751969],[3.1334087,51.5751826],[3.1335288,51.5751621],[3.1335529,51.5751503],[3.1335567,51.575147],[3.133697,51.5750664],[3.1337197,51.5750569],[3.133807,51.575]]},"properties":{"rawObjectClass":"DEPCNT","VALDCO":20,"depthDatum":"Approximate LAT","depthDatumCode":42,"depthDatumStatus":"VERIFIED_FROM_OFFICIAL_DOCUMENTATION","verticalDatum":"Local Datum","verticalDatumCode":24,"napIdentityStatus":"UNVERIFIED","sourceKind":"official","sourceCellId":"1R7588LI","sourceStableId":"1F2B69F1AB1B7546","sourceChecksum":"fcefec7e07170c4b859138c34376143c7aa4e9f8e653fc723d6bbe65dbf3c0a2","pipelineFeatureId":"1R7588LI/DEPCNT/1271588026","provenance":{"cellId":"1R7588LI","checksum":"fcefec7e07170c4b859138c34376143c7aa4e9f8e653fc723d6bbe65dbf3c0a2","readerVersion":"GDAL 3.2.2","processedAt":"2026-08-11T18:29:20.995Z"},"sourceProperties":{"RCID":1271588026,"PRIM":2,"GRUP":2,"OBJL":43,"RVER":1,"AGEN":7979,"FIDN":1777445659,"FIDS":30022,"LNAM":"1F2B69F1AB1B7546","VALDCO":20,"SCAMIN":50000,"sourceCellId":"1R7588LI","sourceChecksum":"fcefec7e07170c4b859138c34376143c7aa4e9f8e653fc723d6bbe65dbf3c0a2","rawObjectClass":"DEPCNT","sourceStableId":"1F2B69F1AB1B7546"}}},{"type":"Feature","geometry":{"type":"LineString","coordinates":[[3.1393573,51.575],[3.1393247,51.5750149],[3.1392787,51.5750504],[3.1391807,51.5751291],[3.1391484,51.5751405],[3.1391156,51.5751812],[3.1390725,51.5752305],[3.1390368,51.5752576],[3.1388927,51.5753111],[3.138871,51.5753207],[3.1387486,51.5753815],[3.1387134,51.5754108],[3.1386045,51.5754747],[3.1385555,51.5755009],[3.1384604,51.5755324],[3.1383711,51.5755568],[3.1383162,51.5755773],[3.1382926,51.5755911],[3.1381722,51.5756684],[3.1381411,51.5756812],[3.138115,51.575717],[3.1380788,51.5757712],[3.1380283,51.5757979],[3.1379328,51.5758613],[3.1378843,51.5758985],[3.1378192,51.5759513],[3.1377403,51.5760087],[3.1376845,51.5760414],[3.1375904,51.5761314],[3.1375689,51.5761486],[3.1375032,51.5762214],[3.1374524,51.5762429],[3.1373911,51.5762598],[3.1373083,51.5763004],[3.1372861,51.5763116],[3.1372667,51.5763376],[3.1372315,51.5764016],[3.1371644,51.5764451],[3.1370546,51.5764917],[3.1370203,51.576518],[3.1369739,51.5765817],[3.1368764,51.5766556],[3.1368511,51.5766718],[3.1367324,51.576758],[3.1367228,51.5767679],[3.1367325,51.5767825],[3.1367807,51.5768517],[3.1368771,51.5768887],[3.1369384,51.5768897],[3.1370215,51.5768897],[3.1370964,51.5768513],[3.1371655,51.5768006],[3.1372595,51.5767926],[3.1373098,51.5767981],[3.1374406,51.5767694],[3.137454,51.5767634],[3.1374597,51.576761],[3.1375981,51.576683],[3.1376141,51.5766709],[3.1377422,51.5766139],[3.1378346,51.5765807],[3.1378863,51.5765515],[3.1379586,51.5765355],[3.1380306,51.5765551],[3.1381268,51.5764905],[3.1381746,51.5764689],[3.1382888,51.5764003],[3.1382526,51.5763592],[3.1382026,51.5763105],[3.1382003,51.5762942],[3.1382242,51.5762206],[3.1383162,51.5761316],[3.1383179,51.5761299],[3.1384225,51.5760405],[3.1384618,51.5759949],[3.1385261,51.5760004],[3.1386061,51.5759902],[3.138677,51.5759503],[3.1387501,51.5758818],[3.1387744,51.5758603],[3.1388942,51.5758147],[3.1390014,51.5757932],[3.1390385,51.575804],[3.1391162,51.5758184],[3.1391829,51.5758378],[3.1392571,51.5758134],[3.139327,51.5757845],[3.1393903,51.5757696],[3.1394712,51.5757496],[3.1395878,51.5756795],[3.1396153,51.5756631],[3.1396614,51.5756506],[3.1397594,51.5756275],[3.1398069,51.5756189],[3.1399038,51.575631],[3.1399821,51.5755891],[3.1400478,51.5755299],[3.1401567,51.575499],[3.140192,51.5754934],[3.1403081,51.5754089],[3.1403359,51.5753905],[3.1404549,51.5753345],[3.14048,51.5753274],[3.1405009,51.5753187],[3.1405623,51.5752673],[3.1406176,51.5752287],[3.140624,51.5752236],[3.1406702,51.5751998],[3.1407681,51.5751509],[3.1407787,51.5751386],[3.1409122,51.57507],[3.1410096,51.5750484],[3.1410564,51.5750364],[3.1411099,51.5750148],[3.141154,51.575]]},"properties":{"rawObjectClass":"DEPCNT","VALDCO":20,"depthDatum":"Approximate LAT","depthDatumCode":42,"depthDatumStatus":"VERIFIED_FROM_OFFICIAL_DOCUMENTATION","verticalDatum":"Local Datum","verticalDatumCode":24,"napIdentityStatus":"UNVERIFIED","sourceKind":"official","sourceCellId":"1R7588LI","sourceStableId":"1F2B69F1AB1B7547","sourceChecksum":"fcefec7e07170c4b859138c34376143c7aa4e9f8e653fc723d6bbe65dbf3c0a2","pipelineFeatureId":"1R7588LI/DEPCNT/1271588028","provenance":{"cellId":"1R7588LI","checksum":"fcefec7e07170c4b859138c34376143c7aa4e9f8e653fc723d6bbe65dbf3c0a2","readerVersion":"GDAL 3.2.2","processedAt":"2026-08-11T18:29:20.995Z"},"sourceProperties":{"RCID":1271588028,"PRIM":2,"GRUP":2,"OBJL":43,"RVER":1,"AGEN":7979,"FIDN":1777445659,"FIDS":30023,"LNAM":"1F2B69F1AB1B7547","VALDCO":20,"SCAMIN":50000,"sourceCellId":"1R7588LI","sourceChecksum":"fcefec7e07170c4b859138c34376143c7aa4e9f8e653fc723d6bbe65dbf3c0a2","rawObjectClass":"DEPCNT","sourceStableId":"1F2B69F1AB1B7547"}}},{"type":"Feature","geometry":{"type":"LineString","coordinates":[[3.2771048,51.625],[3.2771035,51.6249791],[3.2770044,51.6248905],[3.2770033,51.6248894],[3.2770044,51.6248878],[3.2770078,51.6248873],[3.2770163,51.6248894],[3.277149,51.6249091],[3.2771974,51.624919],[3.2771587,51.624889],[3.2771573,51.6248838],[3.2771755,51.6247991],[3.2771482,51.6247804],[3.2770674,51.6247094],[3.2770029,51.6246393],[3.2769818,51.6246197],[3.2769693,51.624599],[3.2769202,51.6245299],[3.2768575,51.624484],[3.2768149,51.6244403],[3.2767123,51.6243724],[3.276674,51.6243507],[3.2765673,51.6242781],[3.2765371,51.6242611],[3.2764223,51.6241828],[3.2764015,51.6241715],[3.27639,51.6241516],[3.2763398,51.6240817],[3.2762769,51.6240385],[3.2761989,51.6239921],[3.2761319,51.6239463],[3.2760562,51.6239026],[3.2759869,51.6238539],[3.2759168,51.623813],[3.2758419,51.6237594],[3.2757817,51.6237234],[3.2756968,51.6236651],[3.2756439,51.6236338],[3.2755518,51.6235692],[3.2755097,51.6235442],[3.2754067,51.6234705],[3.2753886,51.6234658],[3.2752624,51.6234956],[3.2751898,51.623455],[3.2751174,51.6233949],[3.2750642,51.6233654],[3.274992,51.6232879],[3.274979,51.6232757],[3.2749722,51.6232731],[3.2748539,51.6231861],[3.2748271,51.6231734],[3.2747041,51.6230965],[3.2746821,51.6230835],[3.2745581,51.6230069],[3.2745371,51.6229947],[3.2744132,51.6229173],[3.2743921,51.6229048],[3.2743556,51.6228948],[3.2742476,51.6228861],[3.274155,51.622828],[3.2741025,51.6227823],[3.2740297,51.6227384],[3.2739575,51.6226959],[3.273878,51.6226488],[3.2738692,51.6225943],[3.2738368,51.622559],[3.2738122,51.6225461],[3.2736978,51.6224694],[3.2736671,51.6224479],[3.2735632,51.6224052],[3.2735224,51.6224004],[3.273498,51.62238],[3.27344,51.6223291],[3.2733921,51.6222903],[3.2733772,51.6222739],[3.2732877,51.6222006],[3.2732321,51.6221713],[3.2731534,51.622111],[3.273087,51.6220623],[3.2730255,51.6220214],[3.2729419,51.6219581],[3.2729161,51.6219318],[3.2727968,51.6218473],[3.2727806,51.6218422],[3.272652,51.6217875],[3.2725512,51.6218156],[3.2725077,51.6218214],[3.272464,51.6218157],[3.2723632,51.6218028],[3.2722733,51.6217875],[3.2722186,51.6217812],[3.2721059,51.6217538],[3.2720739,51.6217472],[3.2719296,51.6217636],[3.2718772,51.6217543],[3.2717849,51.6217333],[3.2716884,51.6217249],[3.2716405,51.621729],[3.2715666,51.6217091],[3.2714957,51.621685],[3.2713724,51.6216656],[3.2713512,51.6216629],[3.2713154,51.6216436],[3.2712064,51.6216034],[3.2711623,51.6216036],[3.2710621,51.6216282],[3.2709992,51.6215765],[3.2709413,51.621502],[3.2709779,51.6214867],[3.2709167,51.6214727],[3.2708412,51.6213971],[3.2708056,51.6213285],[3.2707927,51.6213073],[3.2707711,51.6212806],[3.2707142,51.6212175],[3.2706422,51.621138],[3.2706331,51.6211278],[3.2706257,51.6211171],[3.2705744,51.621038],[3.2705293,51.6209786],[3.2705041,51.6209483],[3.27048,51.6209191],[3.2704301,51.6208585],[3.2703982,51.620808],[3.2703691,51.6207687],[3.2703343,51.6207033],[3.2703198,51.6206789],[3.2703113,51.6206648],[3.2702644,51.6205892],[3.2702254,51.6205221],[3.2702113,51.6204994],[3.2701884,51.620461],[3.2701565,51.6204096],[3.270122,51.6203687],[3.270085,51.6203198],[3.2700473,51.6202329],[3.2700466,51.62023],[3.2700425,51.6202142],[3.270023,51.6201401],[3.2698971,51.6200579],[3.2698909,51.6200505],[3.2698823,51.6200414],[3.269866,51.6199607],[3.2698964,51.6199332],[3.2699706,51.6198705],[3.2699535,51.6198166],[3.2699529,51.6197806],[3.2699115,51.619701],[3.2699022,51.6196908],[3.2698949,51.6196812],[3.269824,51.6196011],[3.2697722,51.6195254],[3.2697682,51.6195113],[3.2697858,51.6194442],[3.2697788,51.6194214],[3.2697485,51.6193525],[3.269734,51.6193316],[3.2697353,51.6193234],[3.2696976,51.6192417],[3.269729,51.6191632],[3.2697212,51.6191518],[3.2697471,51.619117],[3.2697786,51.6190617],[3.2697932,51.6190327],[3.269834,51.6189717],[3.2698471,51.6189446],[3.2698158,51.6188818],[3.2697453,51.6188108],[3.2697311,51.6187921],[3.2696975,51.6187626],[3.2697447,51.6187112],[3.2698461,51.6187019],[3.2698891,51.6187006],[3.2700323,51.6187007],[3.269957,51.6186117],[3.2698882,51.6185442],[3.2698464,51.6185221],[3.2697432,51.6184611],[3.2696579,51.6184326],[3.2695984,51.6183983],[3.2695019,51.618343],[3.2694535,51.618315],[3.2693464,51.6182535],[3.2693085,51.6182329],[3.2692005,51.6181867],[3.2691765,51.6182538],[3.2692004,51.6183215],[3.2691866,51.6183437],[3.2691649,51.6183592],[3.269149,51.6183438],[3.2690722,51.6182866],[3.2691162,51.618254],[3.2690706,51.6182223],[3.2690197,51.6182439],[3.2689952,51.618239],[3.268875,51.6181943],[3.2688213,51.6181647],[3.2687302,51.6181259],[3.2686487,51.6181145],[3.2685856,51.6181081],[3.2684951,51.6180756],[3.2684408,51.6180458],[3.2684138,51.6180589],[3.2682962,51.6180254],[3.2681721,51.6179991],[3.2681516,51.6179991],[3.2680816,51.6180765],[3.268008,51.618132],[3.267926,51.6181668],[3.2678641,51.6182174],[3.2678327,51.6182569],[3.2677203,51.6183272],[3.2676654,51.6183472],[3.2675762,51.6183855],[3.2674848,51.6184375],[3.2674323,51.6184919],[3.2674077,51.6185276],[3.2672885,51.6185974],[3.2672628,51.6186179],[3.2672238,51.6186585],[3.267186,51.618708],[3.2671645,51.6187859],[3.2671585,51.6187979],[3.2672381,51.6188554],[3.2671456,51.6188546],[3.2671009,51.6188602],[3.2671251,51.6188879],[3.2671355,51.6189711],[3.2671362,51.6189778],[3.2671191,51.6190506],[3.2671226,51.6190678],[3.2671469,51.6190849],[3.2672721,51.6191574],[3.2672808,51.6191642],[3.2672257,51.6192474],[3.2672004,51.6193049],[3.2672127,51.6193373],[3.2671487,51.6193761],[3.2670057,51.6194277],[3.2670045,51.619428],[3.2670041,51.619428],[3.2668602,51.6194458],[3.2668057,51.6194622],[3.2667282,51.6194283],[3.266719,51.6194263],[3.2667156,51.6194268],[3.2667113,51.6194284],[3.2665714,51.6194664],[3.2664495,51.6195189],[3.2664274,51.6195357],[3.2663001,51.6195299],[3.2662829,51.6195303],[3.2662555,51.6195193],[3.2662826,51.6194852],[3.2663819,51.6194571],[3.2664269,51.619448],[3.2664358,51.619429],[3.2664267,51.6194149],[3.2663655,51.6193392],[3.2663033,51.6192631],[3.2662957,51.6192495],[3.2662957,51.6191688],[3.266293,51.6191596],[3.2662805,51.6191178],[3.2662667,51.6190697],[3.2661354,51.6190115],[3.2660985,51.6189802],[3.2660752,51.618943],[3.2660939,51.6188903],[3.2659899,51.6188288],[3.2659684,51.6188006],[3.2658951,51.6187421],[3.2658627,51.618711],[3.2658447,51.6186918],[3.2657708,51.6186213],[3.265762,51.6185703],[3.2657147,51.6185315],[3.2656991,51.6184969],[3.2656655,51.6184417],[3.2656645,51.6184204],[3.2656545,51.6183518],[3.2656425,51.6183172],[3.2656025,51.6182029],[3.2655918,51.6181721],[3.265561,51.6180877],[3.2655643,51.6180822],[3.2655677,51.6180726],[3.2655978,51.6179922],[3.2656957,51.6179197],[3.2657177,51.6179021],[3.2657378,51.6178757],[3.2657819,51.617812],[3.2658153,51.6177368],[3.2658252,51.617722],[3.2658389,51.6177045],[3.2659474,51.6176318],[3.2659825,51.6175658],[3.2660008,51.6175418],[3.2660097,51.6175246],[3.2660888,51.6174516],[3.266126,51.6174002],[3.2661658,51.6173616],[3.2662699,51.6173037],[3.2663563,51.6172712],[3.2664139,51.6172367],[3.2664602,51.6171811],[3.2664133,51.6171258],[3.2663831,51.6170913],[3.2663542,51.6170549],[3.2664128,51.6170465],[3.2664848,51.6170012],[3.2665565,51.6169248],[3.2665723,51.6169111],[3.2665934,51.6168879],[3.2665562,51.6168669],[3.2665445,51.6168212],[3.2664111,51.6167639],[3.2663222,51.6168217],[3.2662672,51.6168484],[3.2661572,51.616912],[3.2661232,51.6169286],[3.2660107,51.6169123],[3.2660005,51.6168987],[3.2659787,51.6169056],[3.2659348,51.6169125],[3.2658344,51.6169277],[3.2658061,51.6169304],[3.26569,51.6169436],[3.2655926,51.616974],[3.2655458,51.6169795],[3.2655076,51.6170034],[3.2654126,51.6170869],[3.2654044,51.6170935],[3.265402,51.617095],[3.2653991,51.6170953],[3.2652577,51.6171171],[3.2651972,51.6171317],[3.2651135,51.6171538],[3.2650479,51.6171842],[3.2649697,51.6172701],[3.2649661,51.6172743],[3.2648257,51.6173368],[3.2647767,51.6173647],[3.2647176,51.6174324],[3.2646981,51.6174548],[3.2646821,51.6174806],[3.2646306,51.6175449],[3.2645382,51.6175817],[3.2644321,51.6176115],[3.2643939,51.6176076],[3.2643644,51.6176354],[3.2642499,51.6176719],[3.2641933,51.6177257],[3.2642487,51.6178142],[3.2642485,51.6178155],[3.2642312,51.6178277],[3.2641167,51.6179057],[3.2641068,51.6179126],[3.2640891,51.6179168],[3.2639624,51.6179174],[3.2639485,51.6179147],[3.2638183,51.6179726],[3.2637698,51.6179662],[3.263674,51.617988],[3.263652,51.617983],[3.2635295,51.6179761],[3.2634925,51.617974],[3.263385,51.6179679],[3.2633328,51.6179649],[3.2632405,51.6179588],[3.2631467,51.6179662],[3.2630961,51.6179618],[3.2629927,51.6179726],[3.2629517,51.6179683],[3.2628526,51.6179369],[3.2628072,51.6179622],[3.2627792,51.6179087],[3.2627355,51.6178645],[3.262681,51.617819],[3.2626618,51.617803],[3.2625759,51.6177293],[3.2625167,51.6176786],[3.2624701,51.6176396],[3.2624489,51.6175978],[3.2624212,51.6175498],[3.2623712,51.6175002],[3.2623259,51.6174601],[3.262264,51.6173939],[3.2622392,51.6173704],[3.2622259,51.6173582],[3.2621415,51.6172807],[3.2620807,51.6172232],[3.2620466,51.617191],[3.2620549,51.617175],[3.2620152,51.6171011],[3.2619352,51.6170345],[3.2618018,51.6170117],[3.2617906,51.6170092],[3.2617371,51.6170118],[3.2616462,51.6170178],[3.2615218,51.6170123],[3.2615018,51.6170116],[3.2615002,51.6170114],[3.2614438,51.6170125],[3.2613573,51.6170141],[3.2613545,51.6170145],[3.2612129,51.61702],[3.2611097,51.6170388],[3.2610686,51.6170328],[3.2610017,51.6170552],[3.2609241,51.6170269],[3.2608293,51.6170447],[3.2607797,51.6170366],[3.260643,51.6170996],[3.2606356,51.6170968],[3.2605917,51.6170415],[3.260491,51.6170711],[3.2604019,51.6170493],[3.2603465,51.6170541],[3.2602741,51.6170151],[3.2602016,51.6169788],[3.2601701,51.6169254],[3.2601501,51.6168937],[3.2601326,51.6168356],[3.2601326,51.616788],[3.2601396,51.6167456],[3.2601744,51.6166715],[3.2601711,51.6166557],[3.2601996,51.6166281],[3.2602359,51.6165656],[3.2602325,51.6164966],[3.2602208,51.6164757],[3.2601986,51.6164377],[3.2601662,51.6163859],[3.2601523,51.6163574],[3.2601122,51.6162961],[3.2600541,51.6162072],[3.2600536,51.6162063],[3.2600528,51.6162052],[3.2599796,51.6161166],[3.2599821,51.6160731],[3.2599632,51.6160267],[3.259907,51.6159683],[3.2598621,51.615937],[3.2598072,51.6158753],[3.259802,51.6158472],[3.2597614,51.6157659],[3.2597576,51.6157597],[3.2597587,51.6157574],[3.2597556,51.6157539],[3.2596642,51.6156677],[3.2596162,51.6156315],[3.2595546,51.615578],[3.2595478,51.6155358],[3.2595299,51.6154882],[3.2594706,51.6154305],[3.2594331,51.6153985],[3.2593943,51.6153513],[3.2594014,51.6153086],[3.2594697,51.6152643],[3.259577,51.6152183],[3.2595833,51.6151994],[3.2595595,51.6151284],[3.2596128,51.6150391],[3.2596135,51.6150388],[3.2596132,51.6150384],[3.2596128,51.6150381],[3.2594747,51.6149488],[3.2594679,51.6149429],[3.2593806,51.6148949],[3.259323,51.6148611],[3.2593196,51.6148592],[3.2592996,51.6148448],[3.2591976,51.6147696],[3.259178,51.6147595],[3.259059,51.6146961],[3.2590331,51.6146828],[3.2588882,51.6146054],[3.2588601,51.6145905],[3.2587434,51.6145363],[3.2586882,51.614501],[3.2585985,51.6144561],[3.2585117,51.6144114],[3.2584537,51.6143877],[3.2583307,51.6143219],[3.2583088,51.614311],[3.2581989,51.6142323],[3.2581638,51.6142106],[3.2581013,51.6141936],[3.2580193,51.6141965],[3.2579325,51.614143],[3.2578744,51.6141162],[3.2577488,51.6140534],[3.2577296,51.6140361],[3.2576867,51.6140269],[3.2575848,51.6139842],[3.2575455,51.613964],[3.2574398,51.6138819],[3.2574232,51.6138743],[3.2574063,51.6138536],[3.2573603,51.6137846],[3.2572945,51.6137162],[3.257268,51.6137113],[3.2572804,51.6136948],[3.2572066,51.6136405],[3.2571575,51.6136052],[3.2571494,51.6135979],[3.2571377,51.6136052],[3.2570766,51.6136508],[3.2570147,51.6136954],[3.2570236,51.6137066],[3.2570056,51.6137133],[3.256934,51.6137855],[3.2569903,51.6138652],[3.2568617,51.6137993],[3.2568347,51.6138025],[3.2567173,51.6138076],[3.2565999,51.6138031],[3.2565728,51.6138002],[3.2564951,51.6137864],[3.2564281,51.6137476],[3.2563512,51.6137389],[3.2562836,51.6137311],[3.2561587,51.6137752],[3.2561394,51.6137807],[3.2561323,51.6137828],[3.2561371,51.6137872],[3.2561375,51.6137885],[3.2561122,51.6138772],[3.2560682,51.6139222],[3.2561403,51.6139423],[3.2562024,51.6139282],[3.2561613,51.613967],[3.2561406,51.6139822],[3.2560891,51.6139993],[3.2559964,51.6140208],[3.255852,51.6139679],[3.2558516,51.6139679],[3.2557886,51.6140577],[3.255764,51.6141129],[3.2557716,51.6141477],[3.2557083,51.6141658],[3.2555813,51.6141481],[3.2555638,51.6141442],[3.2555568,51.6141438],[3.2554192,51.6141175],[3.2553756,51.6141214],[3.2552747,51.614107],[3.2551681,51.6140827],[3.2551301,51.6140791],[3.2550289,51.6140594],[3.2549856,51.614054],[3.2549692,51.6140494],[3.254841,51.6140316],[3.2547882,51.6140271],[3.2546966,51.6140336],[3.2546014,51.6140603],[3.2545975,51.6140883],[3.2545524,51.6140706],[3.2545321,51.6140731],[3.254408,51.6140844],[3.2542916,51.6140785],[3.2542636,51.6140798],[3.254145,51.6140774],[3.2541191,51.6140742],[3.2539791,51.6140645],[3.2539746,51.6140649],[3.2539688,51.6140653],[3.2538303,51.6140873],[3.2537541,51.6141097],[3.2537212,51.6140622],[3.2536857,51.6140535],[3.2536325,51.6140624],[3.253597,51.614097],[3.2535414,51.6140831],[3.2534757,51.6141037],[3.2533973,51.6141285],[3.2532608,51.6141482],[3.253253,51.6141494],[3.2531182,51.6141534],[3.2531086,51.6141538],[3.2531067,51.6141535],[3.252964,51.6141387],[3.2529041,51.6141539],[3.25282,51.6141997],[3.2527559,51.6141941],[3.2526756,51.6142208],[3.2525832,51.6141871],[3.2525688,51.6142445],[3.2525314,51.6142526],[3.2525134,51.6142447],[3.2523866,51.6141869],[3.2522933,51.6141871],[3.2522422,51.6141872],[3.2521391,51.6141555],[3.2520975,51.6141374],[3.2520638,51.6141348],[3.2519528,51.6140988],[3.2518801,51.6140662],[3.251808,51.6140331],[3.251757,51.6140347],[3.2516636,51.6140225],[3.251529,51.6139833],[3.2515189,51.613982],[3.2514974,51.6139771],[3.2513743,51.6139549],[3.2512918,51.6139263],[3.2512296,51.6139005],[3.251179,51.6138879],[3.251085,51.6138628],[3.2509911,51.6138299],[3.2509403,51.6138091],[3.2509064,51.6137985],[3.2507955,51.613758],[3.250665,51.6137091],[3.2506508,51.6137035],[3.2506337,51.6136986],[3.2505062,51.6136655],[3.2503673,51.6136234],[3.2503615,51.6136214],[3.2503572,51.6136199],[3.2502168,51.6135625],[3.2501036,51.6135305],[3.2500721,51.6135209],[3.2500295,51.6135042],[3.2499274,51.6134706],[3.2497832,51.6134415],[3.2497825,51.6134413],[3.249638,51.6133716],[3.2496024,51.6133517],[3.2496375,51.6132835],[3.2496928,51.6133172],[3.249782,51.6132964],[3.2498398,51.6133153],[3.2499264,51.6132879],[3.2500131,51.6133148],[3.250071,51.6133176],[3.2501798,51.6133283],[3.2502155,51.6133264],[3.2502855,51.6133066],[3.2503598,51.6133141],[3.2504807,51.6132745],[3.2505041,51.6132917],[3.2505191,51.6132599],[3.2505039,51.6132529],[3.2504134,51.6131702],[3.2503589,51.6131486],[3.2502348,51.6130806],[3.2502141,51.6130707],[3.250093,51.612991],[3.2500691,51.6129725],[3.2500114,51.6129553],[3.2499244,51.6129265],[3.2498803,51.6129016],[3.2498544,51.612855],[3.2498803,51.6128116],[3.2499236,51.612781],[3.2499943,51.6127674],[3.250068,51.6127759],[3.2501879,51.6127362],[3.2502123,51.6127491],[3.2503511,51.6128069],[3.2503571,51.6128103],[3.2504919,51.6128044],[3.2505015,51.6128062],[3.2505091,51.6128103],[3.2506462,51.612861],[3.2507236,51.6128998],[3.2506666,51.6129775],[3.2507909,51.6129224],[3.2508842,51.6128994],[3.2509351,51.612881],[3.2509715,51.6128765],[3.2510796,51.6128867],[3.2511073,51.6128817],[3.251224,51.6128848],[3.2512637,51.6128986],[3.2513686,51.6129155],[3.2514033,51.6129199],[3.2515065,51.6128981],[3.2515129,51.6128957],[3.2515168,51.6128981],[3.2516576,51.6129406],[3.2517532,51.6128976],[3.2518015,51.6128477],[3.2519262,51.6128972],[3.2519462,51.6129076],[3.2519662,51.6129095],[3.2520857,51.6128968],[3.2520906,51.6128953],[3.2520934,51.6128951],[3.2522348,51.6128576],[3.2523189,51.6128439],[3.2523791,51.6128368],[3.252474,51.6128369],[3.2525235,51.6128285],[3.2526321,51.6128281],[3.2526679,51.6128196],[3.2527654,51.6128347],[3.2528123,51.6128292],[3.2528475,51.6128272],[3.2529568,51.6128331],[3.2530935,51.6128947],[3.2531016,51.6128974],[3.253134,51.6129147],[3.2532462,51.6129331],[3.2533101,51.6129841],[3.2533753,51.6129937],[3.2533909,51.6129919],[3.2534152,51.612999],[3.2535354,51.6129934],[3.2535571,51.6129971],[3.25368,51.6130333],[3.2537656,51.6130731],[3.2538248,51.6130997],[3.2539128,51.6131274],[3.2539695,51.6131434],[3.2540113,51.6131624],[3.2541142,51.6131905],[3.2541758,51.6132004],[3.2542586,51.613197],[3.2543519,51.6132197],[3.2544032,51.6132238],[3.2544585,51.6132169],[3.2545476,51.6132199],[3.2546243,51.6132089],[3.254692,51.6132217],[3.2547752,51.6132507],[3.2548367,51.6132687],[3.2548934,51.6132856],[3.2549812,51.6132749],[3.2550609,51.6132501],[3.2551252,51.6131968],[3.2551479,51.61316],[3.2551247,51.6131166],[3.2551001,51.6130702],[3.2551244,51.6130592],[3.2551546,51.6130512],[3.2552686,51.6130135],[3.255316,51.6129798],[3.2554125,51.6129173],[3.2555444,51.6129793],[3.2555573,51.6129864],[3.2555695,51.6129869],[3.2557019,51.6130221],[3.255797,51.6130379],[3.2558464,51.6130383],[3.2559472,51.6130683],[3.2559911,51.6130834],[3.2560151,51.6130831],[3.2561356,51.6130958],[3.2561966,51.6131577],[3.2562806,51.6132111],[3.2564252,51.613247],[3.2564253,51.613247],[3.25657,51.6133051],[3.2566429,51.6133365],[3.2566046,51.6134054],[3.2565903,51.6134266],[3.2567153,51.6134614],[3.25684,51.6134382],[3.2568596,51.6134375],[3.2569957,51.6135156],[3.256974,51.6135347],[3.2570046,51.6135313],[3.2570296,51.6135155],[3.2570044,51.6134948],[3.256918,51.6134259],[3.2569718,51.6133556],[3.2569874,51.6133358],[3.2569734,51.6133171],[3.2569598,51.6132459],[3.2570027,51.6132],[3.2570492,51.6131558],[3.2571466,51.6131141],[3.2572438,51.6131554],[3.2572914,51.6131676],[3.2573332,51.6131552],[3.2572909,51.613092],[3.2572691,51.6130654],[3.2572907,51.6130444],[3.2573402,51.6130063],[3.2573133,51.6129754],[3.2572902,51.6129562],[3.2571604,51.6128858],[3.2571453,51.6128793],[3.2570435,51.6127962],[3.2570003,51.6127741],[3.2569088,51.6127396],[3.2568556,51.6127239],[3.2568334,51.6127067],[3.2567108,51.6126599],[3.2565977,51.6126369],[3.2565663,51.6126518],[3.2564635,51.6126176],[3.2564217,51.6126092],[3.2564003,51.6126045],[3.2562832,51.612618],[3.2562773,51.6126186],[3.2562758,51.612619],[3.2562738,51.612618],[3.2561328,51.6126004],[3.2560933,51.6125939],[3.2559927,51.6126186],[3.2559904,51.6126198],[3.2559885,51.6126193],[3.2559875,51.6126187],[3.2558436,51.6125417],[3.2557487,51.6125885],[3.2556992,51.6125512],[3.2556724,51.6126024],[3.2555549,51.6125704],[3.2554527,51.6125299],[3.2554101,51.612498],[3.2553637,51.6125012],[3.2552656,51.6124761],[3.2551918,51.6124406],[3.2551208,51.6124126],[3.2550412,51.6123914],[3.2549763,51.6124042],[3.254908,51.6123513],[3.2548314,51.6123168],[3.2547298,51.6122885],[3.2546867,51.6122752],[3.2546384,51.6122619],[3.2545421,51.6122398],[3.2544557,51.6122086],[3.2543974,51.6121906],[3.2543425,51.6121726],[3.2542527,51.6121426],[3.2541633,51.6121174],[3.2541081,51.6121014],[3.2540496,51.6120834],[3.2539634,51.6120582],[3.2538819,51.612033],[3.2538188,51.6120136],[3.2537823,51.611994],[3.2536738,51.6119124],[3.2536569,51.6119044],[3.2535288,51.6118162],[3.2535272,51.6118147],[3.2535176,51.6118078],[3.2535287,51.611801],[3.2535375,51.6117305],[3.2535331,51.6117248],[3.2535283,51.6117218],[3.2534209,51.6116351],[3.2533831,51.6115871],[3.2532995,51.6115455],[3.2533075,51.6115023],[3.2533212,51.6114555],[3.253279,51.6113915],[3.253263,51.6113657],[3.2532844,51.6113363],[3.2533372,51.6112757],[3.2533809,51.6111906],[3.2533827,51.6111868],[3.2533823,51.6111857],[3.2533809,51.6111842],[3.2533793,51.6111847],[3.2532362,51.611146],[3.2531328,51.6111862],[3.2530923,51.611224],[3.2530012,51.6112764],[3.2529482,51.6112899],[3.2528922,51.6113116],[3.252804,51.6113203],[3.2527412,51.6113277],[3.2526595,51.6113172],[3.2525481,51.6113469],[3.2525153,51.6113577],[3.2524738,51.6113416],[3.2524246,51.6113675],[3.252371,51.6113809],[3.2523497,51.611381],[3.2522268,51.6114045],[3.2520903,51.6114582],[3.2520827,51.6114612],[3.252074,51.6114582],[3.2519379,51.6114065],[3.2518295,51.6114587],[3.2517939,51.6114709],[3.2517305,51.611459],[3.251649,51.6113929],[3.2516307,51.6113806],[3.2515047,51.6114172],[3.2514101,51.6114008],[3.2513602,51.6113977],[3.2512598,51.61137],[3.2512722,51.6113347],[3.2512156,51.6113581],[3.2511942,51.6113569],[3.251071,51.6113302],[3.2509872,51.6113185],[3.2509265,51.6113162],[3.2508084,51.6112976],[3.250782,51.6112981],[3.2506577,51.6112939],[3.2506375,51.611293],[3.2505078,51.6112909],[3.2504931,51.6112887],[3.2503598,51.6112889],[3.2503487,51.611289],[3.2503248,51.6112821],[3.2502041,51.6112543],[3.250144,51.6112451],[3.2500596,51.6112406],[3.249959,51.6112204],[3.249915,51.6112173],[3.2498066,51.6112157],[3.2497706,51.611214],[3.2496483,51.6111936],[3.2496261,51.611191],[3.24962,51.61119],[3.2494816,51.6111819],[3.249452,51.6111757],[3.2493371,51.6111689],[3.2492143,51.6111183],[3.2491924,51.6111151],[3.2491726,51.6111047],[3.2490478,51.6110753],[3.2489563,51.6110484],[3.2489031,51.6110347],[3.2487885,51.6110156],[3.2487586,51.6110121],[3.248752,51.6110116],[3.2486141,51.6109965],[3.2485531,51.6109783],[3.2484695,51.6109649],[3.2483375,51.6109345],[3.2483249,51.6109315],[3.2482502,51.6109269],[3.2481804,51.610923],[3.2481713,51.6109214],[3.2480358,51.6108932],[3.2479666,51.6108844],[3.2478913,51.6108716],[3.2477564,51.610844],[3.2477467,51.6108421],[3.2477399,51.6108423],[3.2476024,51.6108515],[3.2475772,51.610854],[3.247458,51.6108643],[3.2473852,51.6108842],[3.2473137,51.6108912],[3.2472653,51.6109289],[3.2471697,51.610958],[3.2471039,51.6109703],[3.2470254,51.6109827],[3.2469006,51.6110075],[3.2468811,51.6110081],[3.2468392,51.6110198],[3.2467369,51.6110387],[3.2466935,51.6110471],[3.2465926,51.6110658],[3.2464864,51.6110867],[3.2464483,51.6110857],[3.2464095,51.6111106],[3.2463042,51.6111485],[3.2461708,51.611201],[3.2461602,51.6112235],[3.246065,51.6112911],[3.2460162,51.6113059],[3.2458838,51.6113814],[3.2458722,51.6113838],[3.245867,51.6113847],[3.245728,51.6114096],[3.2456426,51.6114352],[3.2455837,51.6114479],[3.2455196,51.6114721],[3.2454396,51.6114987],[3.2453861,51.6115057],[3.2452953,51.611517],[3.2452026,51.6115305],[3.245151,51.6115374],[3.245015,51.6115579],[3.2450067,51.6115574],[3.24498,51.6115631],[3.2448624,51.6115855],[3.2448052,51.6115992],[3.2447181,51.6116171],[3.2445842,51.6116475],[3.2445739,51.611646],[3.2445579,51.611644],[3.2444294,51.6116265],[3.2443324,51.6116249],[3.2442849,51.6116275],[3.2441589,51.6116434],[3.2441406,51.6116429],[3.2439996,51.611653],[3.2439962,51.6116528],[3.2439697,51.6116552],[3.2438519,51.6116618],[3.2438398,51.6116629],[3.2437075,51.6116704],[3.2436806,51.6116725],[3.2435631,51.6116818],[3.2435143,51.6116865],[3.2434188,51.6116972],[3.2433259,51.6117144],[3.2432745,51.6117217],[3.2431501,51.6117468],[3.2431302,51.6117511],[3.2431208,51.6117527],[3.242986,51.6117821],[3.2428582,51.6118271],[3.2428418,51.6118324],[3.2427144,51.611827],[3.2426974,51.6118292],[3.2426397,51.6118378],[3.2425532,51.6118705],[3.2424284,51.6119281],[3.2424091,51.6119294],[3.2424069,51.6119295],[3.2422647,51.6119379],[3.2422326,51.6119285],[3.2421199,51.6118559],[3.2419841,51.6118391],[3.2419753,51.6118346],[3.2418856,51.6117836],[3.2418305,51.6117532],[3.2418256,51.6117495],[3.2418198,51.6117429],[3.2417591,51.6116597],[3.2416855,51.6116469],[3.2416617,51.6116451],[3.241541,51.6116287],[3.2414877,51.6116603],[3.2414587,51.6117119],[3.2414425,51.6117503],[3.2413973,51.6117643],[3.2413003,51.6117506],[3.2412527,51.611732],[3.2412176,51.611729],[3.2411081,51.6117014],[3.2410173,51.6116946],[3.2409636,51.6116837],[3.240837,51.6116728],[3.2408191,51.6116697],[3.2406822,51.6116666],[3.2406747,51.6116659],[3.2405312,51.6116628],[3.2405302,51.6116627],[3.240529,51.6116623],[3.2405291,51.6116616],[3.2405068,51.6115724],[3.2405297,51.6115534],[3.2406559,51.6114822],[3.2406736,51.6114722],[3.2408033,51.6114009],[3.2408003,51.6114819],[3.2408181,51.6114887],[3.2409074,51.6114817],[3.2408988,51.6114421],[3.2409625,51.6114795],[3.2410886,51.6114699],[3.2411069,51.6114745],[3.2412162,51.6114592],[3.2412513,51.611465],[3.2412862,51.6114591],[3.2413956,51.6114539],[3.2415154,51.6114057],[3.2415398,51.6114019],[3.2416303,51.6113903],[3.2416841,51.6113882],[3.2416885,51.6113874],[3.2418285,51.6113823],[3.241848,51.6113776],[3.2419729,51.6113689],[3.2420449,51.6113444],[3.2421171,51.6113339],[3.2422202,51.6113248],[3.2422614,51.6113194],[3.2423949,51.6113055],[3.2424058,51.6113042],[3.2424786,51.6112986],[3.2425501,51.6112961],[3.2425548,51.6112955],[3.2426945,51.6112883],[3.2427557,51.611298],[3.2428391,51.6113119],[3.2429295,51.6112977],[3.2429833,51.6112854],[3.2430171,51.6112764],[3.2431276,51.6112497],[3.2432019,51.6112971],[3.2432724,51.6113288],[3.243397,51.611309],[3.2434167,51.6113085],[3.2434817,51.6112965],[3.2435607,51.6112345],[3.2436787,51.6112062],[3.243705,51.6112054],[3.2437064,51.6112052],[3.2438494,51.611202],[3.2438575,51.6112008],[3.2439938,51.6111949],[3.2440173,51.6111908],[3.2441382,51.6111865],[3.2442157,51.6111635],[3.2441807,51.6111152],[3.2442291,51.6110581],[3.2441998,51.6110253],[3.2442816,51.6109971],[3.2443948,51.6109542],[3.2444257,51.6109431],[3.2444459,51.6109348],[3.2445698,51.6108933],[3.2447072,51.6108486],[3.244714,51.6108464],[3.2447203,51.6108444],[3.2448581,51.6107887],[3.2449764,51.6107701],[3.2450024,51.6107626],[3.2450336,51.6107538],[3.2451464,51.6106872],[3.2451896,51.6106636],[3.2452905,51.6106224],[3.2454106,51.6105732],[3.2454343,51.6105206],[3.2454512,51.6104832],[3.2455781,51.6103981],[3.2455849,51.610393],[3.2455899,51.6103856],[3.2456496,51.6103029],[3.2456649,51.6102483],[3.2456749,51.610213],[3.2456809,51.6101481],[3.2456853,51.610123],[3.2457207,51.610067],[3.245743,51.610033],[3.2458645,51.6099571],[3.2458895,51.6099428],[3.2460086,51.6098963],[3.2461339,51.6098523],[3.2461528,51.6098458],[3.2462969,51.6098032],[3.2464412,51.609771],[3.2465106,51.6097616],[3.2465855,51.6097511],[3.2466059,51.6097487],[3.2467298,51.6097319],[3.2467885,51.6097245],[3.2468741,51.6097121],[3.2469682,51.6097021],[3.2470184,51.6096957],[3.247124,51.6096704],[3.2471626,51.6096484],[3.2472367,51.609624],[3.2473068,51.609612],[3.2473762,51.60958],[3.2474508,51.609533],[3.2475345,51.6094897],[3.2475262,51.6094425],[3.247542,51.6093998],[3.247525,51.6093567],[3.2475333,51.6093099],[3.2475937,51.609268],[3.2476446,51.6092197],[3.2475932,51.6091654],[3.2475718,51.60913],[3.2475563,51.6091072],[3.2475048,51.6090402],[3.2474477,51.6089732],[3.2474205,51.6089505],[3.2474476,51.608943],[3.2474882,51.608925],[3.2475917,51.6088883],[3.2476781,51.60886],[3.2476898,51.6088314],[3.2476497,51.6087702],[3.247724,51.6086869],[3.2477239,51.6086801],[3.2476823,51.6086228],[3.2477091,51.6085902],[3.2477083,51.608574],[3.2476652,51.6085004],[3.247675,51.608447],[3.2476784,51.6084104],[3.2477333,51.6083753],[3.2477858,51.6083203],[3.2478771,51.6082629],[3.2479357,51.6082301],[3.2480209,51.6081534],[3.2480333,51.6081399],[3.248072,51.6081079],[3.2480207,51.6081079],[3.2479663,51.6081401],[3.2478766,51.608167],[3.2477912,51.6081937],[3.2477437,51.6081405],[3.2477427,51.6081339],[3.247732,51.6081378],[3.247722,51.6081406],[3.2475878,51.6081825],[3.2474626,51.6082193],[3.2474437,51.6082236],[3.2474164,51.6082312],[3.2472995,51.608276],[3.2471899,51.6083215],[3.2471554,51.6083345],[3.247118,51.6083451],[3.2470112,51.6083599],[3.2468896,51.608398],[3.246867,51.6084059],[3.2468597,51.6084076],[3.2467225,51.6083895],[3.2465858,51.608408],[3.2465782,51.6084082],[3.2465706,51.608408],[3.2464337,51.6083981],[3.2463362,51.608384],[3.2462893,51.6083889],[3.2462374,51.6083812],[3.2461448,51.6083699],[3.2460569,51.6083591],[3.2460003,51.608362],[3.2458634,51.6083291],[3.2458557,51.6083283],[3.2458435,51.6083244],[3.2457111,51.6082944],[3.2456177,51.6082667],[3.2455665,51.6082544],[3.2455011,51.6082352],[3.2453419,51.6081858],[3.2452773,51.6081859],[3.245227,51.6081771],[3.245133,51.6082004],[3.2450451,51.6081814],[3.2449884,51.6081727],[3.2449274,51.6081845],[3.244844,51.6081762],[3.2447473,51.6081765],[3.2446996,51.6081638],[3.2446519,51.6081768],[3.2445552,51.6081768],[3.2445041,51.6081792],[3.244411,51.6082107],[3.2443619,51.608207],[3.2442665,51.6081895],[3.2441602,51.6081481],[3.2441218,51.6081383],[3.2440615,51.6081108],[3.2440617,51.6081483],[3.2439776,51.6081687],[3.2439271,51.6081485],[3.2438327,51.6080869],[3.2437668,51.608059],[3.2436878,51.6079891],[3.2436142,51.6079694],[3.2435909,51.6079397],[3.2435432,51.6079607],[3.2434133,51.6078799],[3.2434727,51.6078333],[3.2435141,51.6077897],[3.2433975,51.6077105],[3.2433257,51.607745],[3.2433726,51.6077001],[3.2433206,51.6076525],[3.243397,51.6076169],[3.2434028,51.6076138],[3.2433976,51.6076101],[3.2433969,51.6076095],[3.2432729,51.6075205],[3.2432519,51.6074864],[3.2431823,51.6074774],[3.2431074,51.6074775],[3.243017,51.607521],[3.2430149,51.6075531],[3.2430669,51.6076108],[3.2429641,51.6076856],[3.2428209,51.6076113],[3.242826,51.6076071],[3.2428188,51.607611],[3.2426747,51.6075718],[3.2425591,51.60754],[3.2425301,51.6075308],[3.2424812,51.6075221],[3.2423855,51.6075011],[3.2423282,51.6074868],[3.2422409,51.6074651],[3.242111,51.607433],[3.2420963,51.6074294],[3.2420872,51.6074274],[3.2419519,51.6074182],[3.2419226,51.6074151],[3.2418073,51.6073853],[3.2416956,51.6073643],[3.2416627,51.6073558],[3.2415443,51.6073442],[3.2415182,51.6073408],[3.2414493,51.6073016],[3.2413734,51.6072596],[3.2413443,51.6072547],[3.2412288,51.6072299],[3.2410888,51.6071682],[3.2410841,51.6071658],[3.2410747,51.6071712],[3.2410817,51.6071653],[3.2409393,51.6070951],[3.2408768,51.6071658],[3.2409176,51.6072416],[3.2409344,51.6072556],[3.2409377,51.6073437],[3.2409393,51.6073455],[3.2409406,51.6073463],[3.2410637,51.6074351],[3.2410856,51.6074537],[3.2411524,51.6074765],[3.2412302,51.607487],[3.2413523,51.6075244],[3.241375,51.6075596],[3.2414913,51.6075965],[3.2415197,51.607612],[3.2415222,51.607614],[3.2415295,51.6076201],[3.2416095,51.6077038],[3.2415205,51.607767],[3.2413899,51.6077941],[3.2413762,51.6077967],[3.2413721,51.6077967],[3.2412319,51.6078126],[3.241192,51.6078194],[3.2410876,51.6078336],[3.2409986,51.6078504],[3.2409433,51.6078585],[3.2408121,51.6078852],[3.2409221,51.6078984],[3.2409435,51.6078958],[3.2410381,51.6079747],[3.2409823,51.608041],[3.241014,51.6080646],[3.241089,51.6081001],[3.2411613,51.6081093],[3.2412336,51.6081261],[3.2413081,51.6081075],[3.2413778,51.6080954],[3.2414593,51.6081144],[3.2415224,51.6081351],[3.2416639,51.6081513],[3.2416669,51.6081521],[3.2416742,51.6081532],[3.2416771,51.6081595],[3.2417923,51.6082429],[3.2416678,51.6083217],[3.2416437,51.6083331],[3.2415239,51.6084081],[3.2414983,51.6084074],[3.2413795,51.6084043],[3.2413466,51.6084031],[3.241235,51.6084033],[3.2412005,51.6084024],[3.2410906,51.6084015],[3.2410316,51.6083876],[3.2409461,51.6083877],[3.2408856,51.6083869],[3.2408017,51.6083873],[3.2407377,51.608385],[3.2406573,51.6083837],[3.2405791,51.608384],[3.2405129,51.6083909],[3.240455,51.6083894],[3.2403685,51.6083894],[3.2403058,51.6083867],[3.2402241,51.608387],[3.240158,51.6083849],[3.2400797,51.6083863],[3.2399578,51.6083507],[3.2399351,51.6083477],[3.2399155,51.6083488],[3.2397907,51.6083453],[3.2397737,51.6083475],[3.2396464,51.6083766],[3.2395832,51.6083767],[3.239502,51.6083804],[3.2393952,51.6084276],[3.2394087,51.6084592],[3.2394092,51.6085175],[3.2393585,51.6085438],[3.2392706,51.6085726],[3.2392142,51.6085609],[3.2391718,51.608518],[3.2391432,51.6084741],[3.2391818,51.608428],[3.239213,51.6083396],[3.2392134,51.6083383],[3.239213,51.6083368],[3.2391496,51.6082989],[3.2390681,51.6082489],[3.2390672,51.6082485],[3.2390672,51.6082479],[3.2389786,51.6081587],[3.2389229,51.6081034],[3.2388919,51.6080882],[3.2389148,51.6080689],[3.2389227,51.6080587],[3.2389577,51.608047],[3.2390669,51.608024],[3.2391463,51.6079785],[3.2390664,51.6079299],[3.2389444,51.607889],[3.2389218,51.6078796],[3.238899,51.607875],[3.2387771,51.6078372],[3.2386735,51.6077997],[3.2386324,51.6077847],[3.2385962,51.6077773],[3.2384878,51.607746],[3.238421,51.6077103],[3.2384535,51.6076413],[3.2384595,51.6076203],[3.238487,51.6075933],[3.2385422,51.6075302],[3.2385573,51.607486],[3.238578,51.6074402],[3.2386031,51.6073671],[3.2386115,51.6073502],[3.2386298,51.6072887],[3.2386451,51.6072602],[3.2386987,51.607217],[3.2387545,51.6071701],[3.2387735,51.6071465],[3.2388153,51.6070801],[3.2388417,51.6070372],[3.2388705,51.60699],[3.2389167,51.6069175],[3.2389393,51.6069],[3.2390485,51.6068174],[3.2390571,51.6068098],[3.2390605,51.6068087],[3.2390627,51.6068085],[3.2392049,51.6068081],[3.2392087,51.6068071],[3.2393491,51.6067556],[3.2394487,51.6067191],[3.2394752,51.6067078],[3.2394122,51.6066293],[3.2394191,51.6065851],[3.2394396,51.6065393],[3.2394509,51.6064749],[3.2394626,51.6064493],[3.2394917,51.6064116],[3.239561,51.6064059],[3.2396361,51.6064104],[3.2397736,51.6063588],[3.2397801,51.606333],[3.2398093,51.6062872],[3.2399244,51.6063302],[3.2399788,51.6062684],[3.2399524,51.6061965],[3.2399602,51.6061786],[3.2399235,51.6061577],[3.2398999,51.606164],[3.239779,51.6061237],[3.2397217,51.6060891],[3.2397076,51.606045],[3.2396946,51.6059993],[3.2396731,51.605934],[3.239666,51.6059094],[3.239633,51.6058228],[3.2396307,51.6058196],[3.2395842,51.6057894],[3.2394984,51.6057299],[3.2394997,51.6057226],[3.2395901,51.6056398],[3.2395879,51.6056125],[3.2395495,51.60555],[3.239544,51.6054957],[3.2395281,51.6054601],[3.2395253,51.6053945],[3.2395161,51.6053702],[3.2394966,51.6052871],[3.2394955,51.6052804],[3.2394856,51.6052553],[3.2394514,51.6051905],[3.2393406,51.605145],[3.2392489,51.6051909],[3.2391966,51.6052201],[3.2390917,51.6051913],[3.2391192,51.6051493],[3.2391526,51.6051012],[3.2391957,51.6050591],[3.2392472,51.6050111],[3.2393395,51.6049337],[3.2393521,51.604921],[3.2393553,51.6049111],[3.2393876,51.604831],[3.2393991,51.6047934],[3.2394155,51.604741],[3.2394511,51.6046706],[3.2394588,51.604651],[3.2394822,51.6046134],[3.2395225,51.604561],[3.2395668,51.6045079],[3.2395965,51.6044709],[3.2396257,51.6044371],[3.2396765,51.6043808],[3.2397431,51.6043071],[3.2397431,51.6042908],[3.2396246,51.6042397],[3.2395358,51.6042567],[3.2394803,51.604252],[3.2394456,51.6042015],[3.2393354,51.604157],[3.2392712,51.6041119],[3.2392431,51.6040548],[3.2392306,51.6040221],[3.2391901,51.603992],[3.2390682,51.6039466],[3.2390455,51.6039443],[3.2390266,51.6039326],[3.2389007,51.6038742],[3.2388601,51.603843],[3.238833,51.6038011],[3.2387955,51.6037532],[3.2387556,51.6037295],[3.2386634,51.6037535],[3.2386404,51.6037716],[3.2386114,51.6037623],[3.2385824,51.6037536],[3.2384667,51.603711],[3.2383512,51.6036823],[3.2383221,51.6036791],[3.2381828,51.6036677],[3.2382649,51.6037543],[3.2382075,51.6038263],[3.2382104,51.6038443],[3.2381787,51.6038616],[3.2381276,51.6038764],[3.2380345,51.6039068],[3.237999,51.6039347],[3.2378906,51.6040025],[3.2378516,51.6040249],[3.2377466,51.6040693],[3.2376579,51.6041152],[3.2376026,51.6041392],[3.2374783,51.6041931],[3.2374585,51.6042004],[3.2374503,51.6042055],[3.2374165,51.6042319],[3.2373339,51.6042957],[3.2373146,51.604304],[3.237281,51.6043168],[3.2371705,51.604354],[3.2370818,51.6043861],[3.2370264,51.604407],[3.2368948,51.6044764],[3.2368824,51.6044899],[3.2368187,51.6045665],[3.2367387,51.6046146],[3.2366331,51.6046326],[3.2365944,51.6046406],[3.2365605,51.6046569],[3.2364503,51.6047045],[3.2363489,51.6047472],[3.2363063,51.6047655],[3.2362543,51.6047798],[3.236162,51.6047949],[3.2360802,51.6048377],[3.2360179,51.604859],[3.2358776,51.6048407],[3.2358735,51.6048407],[3.2357504,51.6049283],[3.2357296,51.604944],[3.2356885,51.604954],[3.2355853,51.6049581],[3.2355378,51.6049582],[3.2354409,51.604968],[3.2353558,51.6049821],[3.2352966,51.6049896],[3.2352047,51.6049866],[3.2351523,51.6049925],[3.2350147,51.6050155],[3.235008,51.6050166],[3.2349377,51.6050198],[3.2348636,51.6050244],[3.23485,51.6050285],[3.2347194,51.6050545],[3.2346534,51.6050204],[3.2346209,51.6049594],[3.2346068,51.6049306],[3.2345743,51.6049162],[3.2345031,51.6048866],[3.2344296,51.6048554],[3.2344139,51.604841],[3.2342847,51.6047736],[3.234184,51.6047516],[3.2341402,51.6047394],[3.234042,51.6046909],[3.2339954,51.6046666],[3.2339852,51.6046621],[3.2338507,51.604614],[3.2337234,51.6045834],[3.2337061,51.6045782],[3.2336851,51.6045727],[3.2335616,51.604547],[3.2334868,51.6045266],[3.233417,51.6045099],[3.2333288,51.6044835],[3.2332722,51.6044389],[3.2332052,51.6043939],[3.2332717,51.6043315],[3.2333426,51.6043037],[3.2334159,51.6042915],[3.2334394,51.6042888],[3.2335603,51.6042886],[3.2335901,51.6042846],[3.2337046,51.6042845],[3.233849,51.6042843],[3.2338856,51.6043026],[3.2339938,51.6043471],[3.2340974,51.6043022],[3.234117,51.604225],[3.2341176,51.6042122],[3.2341374,51.6042034],[3.2342712,51.604122],[3.2342813,51.6041097],[3.2343372,51.6040319],[3.2342807,51.6039912],[3.2341823,51.6039423],[3.2341852,51.6038832],[3.2341834,51.6038524],[3.2342796,51.6037775],[3.2343098,51.6037623],[3.2344237,51.6037149],[3.2344777,51.603672],[3.2345676,51.6036307],[3.234678,51.6036028],[3.2347119,51.603602],[3.2347644,51.6035815],[3.2348559,51.6035355],[3.2349238,51.6034913],[3.2349999,51.6034435],[3.2350728,51.6034011],[3.2351438,51.6033601],[3.2352418,51.6033108],[3.2353719,51.6032206],[3.2354316,51.6031644],[3.2354674,51.6031305],[3.2354942,51.6030912],[3.2355286,51.6030405],[3.2355673,51.6029552],[3.2355699,51.6029505],[3.2355748,51.6029386],[3.2356117,51.6028605],[3.2356057,51.6027903],[3.235607,51.6027706],[3.2356064,51.6027011],[3.2356031,51.6026807],[3.2356158,51.6026542],[3.2356423,51.6025907],[3.2355871,51.6025099],[3.235604,51.6025008],[3.2355882,51.6024911],[3.2356521,51.6024108],[3.2356447,51.6023663],[3.2356448,51.6023209],[3.2356536,51.6022697],[3.2356602,51.602231],[3.2357152,51.602168],[3.235739,51.6021409],[3.2357455,51.6021219],[3.2357658,51.6020509],[3.2358586,51.6019741],[3.235884,51.6019608],[3.2360027,51.6019269],[3.236137,51.6018704],[3.2361468,51.6018642],[3.2362731,51.6017802],[3.2362907,51.6017633],[3.2363588,51.6016901],[3.2364343,51.6016203],[3.2364533,51.6016],[3.2364509,51.6015895],[3.2364919,51.60151],[3.2365778,51.6014513],[3.2366783,51.6014197],[3.2367219,51.6013965],[3.2368482,51.6013294],[3.2368659,51.601317],[3.2369433,51.6012393],[3.2369687,51.6011748],[3.2369821,51.6011493],[3.2370092,51.6011165],[3.2370735,51.6010592],[3.2371351,51.6009803],[3.237145,51.6009692],[3.2371232,51.6009508],[3.2371528,51.6009506],[3.2371857,51.6008792],[3.2371522,51.6008483],[3.2370367,51.6008077],[3.2370076,51.6008076],[3.2369493,51.6007897],[3.2369485,51.6007531],[3.2368988,51.6006999],[3.2368626,51.6006854],[3.2367275,51.6007003],[3.2367274,51.6007059],[3.2367183,51.6007015],[3.2367153,51.6007003],[3.2365736,51.6006436],[3.2364803,51.600669],[3.2365418,51.6006107],[3.2364288,51.6005552],[3.2363238,51.6005867],[3.2362846,51.6005926],[3.2362067,51.600563],[3.2361402,51.600589],[3.2361245,51.6006018],[3.2361324,51.6006115],[3.2361404,51.6006253],[3.2362292,51.6006461],[3.236188,51.6007013],[3.2362855,51.6007621],[3.2363259,51.600791],[3.2362858,51.6008255],[3.2362093,51.6007912],[3.236141,51.6007495],[3.2360965,51.6007914],[3.2360048,51.6008769],[3.2360246,51.6008815],[3.2360264,51.6009536],[3.2359978,51.6009732],[3.2358865,51.6010616],[3.235854,51.6010805],[3.2357478,51.6011518],[3.2357102,51.6011935],[3.2356877,51.6012418],[3.2356633,51.6012714],[3.2357109,51.6013302],[3.2357118,51.6013311],[3.2357114,51.6013317],[3.2357109,51.6013321],[3.2356417,51.6014218],[3.2355673,51.6014937],[3.2355416,51.6015119],[3.2354233,51.6015595],[3.2353606,51.6015513],[3.235279,51.601569],[3.2352043,51.601556],[3.2351346,51.6015694],[3.2350579,51.6015606],[3.2349902,51.6015798],[3.2349327,51.6015672],[3.2348459,51.6015946],[3.2348291,51.6015928],[3.2347016,51.6016006],[3.2346908,51.6015968],[3.234557,51.6015614],[3.2344443,51.6015339],[3.2344124,51.6015314],[3.2342883,51.601527],[3.234268,51.6015271],[3.2341439,51.6015273],[3.2341236,51.6015265],[3.2341076,51.6015148],[3.2341067,51.6015043],[3.2340668,51.6014249],[3.2341227,51.601349],[3.2341421,51.6013349],[3.2341867,51.6012849],[3.2341694,51.6012449],[3.2341658,51.6011823],[3.23415,51.601155],[3.2341215,51.6011193],[3.2340845,51.6010652],[3.2340345,51.6010115],[3.234019,51.6009754],[3.2340005,51.6009604],[3.2340493,51.6008855],[3.2339924,51.6008062],[3.234001,51.6007956],[3.2340196,51.600768],[3.2340631,51.6007056],[3.2341192,51.600663],[3.2341875,51.6006628],[3.2342635,51.6006398],[3.2343486,51.6006681],[3.2343606,51.6006151],[3.2344077,51.6006013],[3.234446,51.600591],[3.2344594,51.6006149],[3.2345522,51.6006428],[3.2346938,51.6006144],[3.2346965,51.6006134],[3.2348382,51.6005242],[3.2348404,51.6005225],[3.2348518,51.6005171],[3.2349845,51.6004596],[3.2351175,51.6004337],[3.2351287,51.6004318],[3.2351351,51.6004297],[3.2352728,51.6003839],[3.2353927,51.6003585],[3.2354171,51.6003517],[3.2355403,51.600343],[3.2355614,51.6003417],[3.2355642,51.6003412],[3.2357057,51.6003353],[3.2357264,51.6003297],[3.23585,51.6003154],[3.2359887,51.6002522],[3.2359941,51.6002507],[3.2359969,51.6002522],[3.2360388,51.6002799],[3.2361229,51.6003418],[3.236139,51.6003493],[3.236163,51.6003567],[3.2362836,51.6004084],[3.2364007,51.6004141],[3.2364281,51.6004182],[3.2364938,51.600431],[3.2365729,51.6004932],[3.236595,51.600507],[3.2367171,51.6004712],[3.2368386,51.6005058],[3.2368617,51.6005057],[3.2369701,51.6004976],[3.237006,51.6004998],[3.2371114,51.6005197],[3.2371506,51.6005316],[3.2372061,51.6005195],[3.2372948,51.6004995],[3.2373256,51.6005],[3.2374391,51.6004898],[3.2375263,51.6004832],[3.2375835,51.6004866],[3.2376758,51.6005185],[3.2376996,51.6005362],[3.2377281,51.6005261],[3.2377467,51.6005184],[3.2378722,51.6004758],[3.2379712,51.600428],[3.2380162,51.6003984],[3.2381032,51.6003378],[3.23816,51.6002846],[3.2381958,51.6002477],[3.2381595,51.6002012],[3.2380742,51.600158],[3.2380742,51.6001052],[3.2380506,51.6000682],[3.2380142,51.600012],[3.2379905,51.5999784],[3.2379723,51.5999526],[3.237987,51.5998885],[3.2379589,51.5998324],[3.2379785,51.5997986],[3.2380083,51.5997113],[3.2380092,51.5997086],[3.2380089,51.5997063],[3.2379642,51.5996188],[3.2380119,51.5995782],[3.2380767,51.5995286],[3.2380586,51.5994682],[3.2380459,51.5994388],[3.238011,51.5994133],[3.2379238,51.5993491],[3.2378661,51.5993065],[3.2378018,51.5992594],[3.2377212,51.5992006],[3.2376681,51.5991698],[3.2375764,51.5991342],[3.2375137,51.599131],[3.237432,51.5991188],[3.2373282,51.5991059],[3.2371397,51.5990789],[3.2369986,51.599079],[3.2369709,51.5990813],[3.2368544,51.5990993],[3.2367846,51.5991252],[3.2367103,51.5991591],[3.2366584,51.5991718],[3.2365661,51.5991913],[3.2364851,51.5992227],[3.2364219,51.5992336],[3.2363857,51.5992397],[3.2362775,51.5992251],[3.2361996,51.5992142],[3.236133,51.5992089],[3.2359957,51.5991776],[3.2359819,51.5991732],[3.2358439,51.5991428],[3.2357747,51.5991305],[3.2356994,51.5991173],[3.2355714,51.5990944],[3.2355549,51.5990916],[3.2355146,51.5990842],[3.2354104,51.5990657],[3.2353698,51.5990593],[3.2352659,51.5990442],[3.2351731,51.5990272],[3.2351214,51.5990259],[3.234986,51.5989954],[3.2349914,51.5989863],[3.2349696,51.5989954],[3.2348328,51.5990488],[3.2347185,51.5990671],[3.2346885,51.599071],[3.2346378,51.599086],[3.2345444,51.5991118],[3.2344977,51.5991153],[3.2344001,51.5991287],[3.2343231,51.5991346],[3.2342557,51.599137],[3.2341702,51.5991402],[3.2341114,51.5991446],[3.2339829,51.5991674],[3.2339671,51.5991711],[3.2339467,51.5991773],[3.233823,51.5992254],[3.2337215,51.599241],[3.2336788,51.5992432],[3.2335799,51.599178],[3.233678,51.5990994],[3.2336899,51.5990879],[3.2337044,51.5990146],[3.2336935,51.5989979],[3.2337487,51.5989533],[3.2338027,51.5989078],[3.2338213,51.5988827],[3.2338648,51.5988178],[3.2339176,51.5987573],[3.2339413,51.5987277],[3.2339647,51.5987001],[3.2340296,51.5986376],[3.2340712,51.5985708],[3.2340823,51.5985476],[3.2341082,51.5985205],[3.2341526,51.5984575],[3.234168,51.5984199],[3.2341918,51.5983675],[3.2341657,51.5982777],[3.2341101,51.5981901],[3.2341655,51.5981509],[3.2342375,51.5980977],[3.2342503,51.5980897],[3.2343641,51.5980075],[3.2343454,51.5979772],[3.2343094,51.5979177],[3.2342492,51.5978681],[3.2341227,51.5979071],[3.2341051,51.5979161],[3.2341013,51.5979158],[3.2339605,51.5978779],[3.2338447,51.5978466],[3.2338161,51.5978705],[3.2337497,51.5978775],[3.2336717,51.5978716],[3.233583,51.5979192],[3.2335277,51.5979375],[3.2334854,51.5979457],[3.2333833,51.5979393],[3.2333467,51.5979196],[3.2332788,51.5978948],[3.2332388,51.5979035],[3.2331884,51.59792],[3.2330947,51.5979687],[3.2330362,51.5979567],[3.2329504,51.5979735],[3.232868,51.5980105],[3.2328065,51.5980643],[3.2327538,51.5981006],[3.2326626,51.5981577],[3.2326122,51.5981908],[3.2325185,51.598225],[3.232434,51.5982811],[3.2323747,51.5983267],[3.2322925,51.5983713],[3.2322307,51.5984114],[3.2321682,51.5984615],[3.2320869,51.5985196],[3.2320358,51.5985516],[3.2319429,51.5985972],[3.2318513,51.5986419],[3.2317989,51.5986641],[3.2317145,51.5986948],[3.2316548,51.5987211],[3.231632,51.5987323],[3.2315107,51.5987826],[3.2314251,51.5988226],[3.2313667,51.5988516],[3.231243,51.5989129],[3.2312227,51.5989241],[3.2311235,51.598975],[3.2310787,51.5989987],[3.2310697,51.5990031],[3.2309347,51.5990675],[3.2308812,51.5990934],[3.2307906,51.5991361],[3.2306933,51.5991837],[3.2306466,51.5992075],[3.2305093,51.599274],[3.2305026,51.5992769],[3.2304297,51.5993197],[3.2303586,51.5993619],[3.2303543,51.5993642],[3.2302147,51.5994495],[3.2302066,51.5994544],[3.2300707,51.5995337],[3.2300528,51.5995446],[3.2299268,51.5996184],[3.2297828,51.5997047],[3.2297464,51.5997251],[3.2296388,51.5997831],[3.2295808,51.5998153],[3.2294949,51.5998655],[3.2294189,51.5999055],[3.2293509,51.5999455],[3.2292591,51.5999958],[3.2292069,51.6000212],[3.2290962,51.600086],[3.2290629,51.600105],[3.2289272,51.6001762],[3.2289189,51.6001808],[3.2288936,51.6001921],[3.2287749,51.6002491],[3.2287368,51.6002665],[3.2286309,51.6003183],[3.2285392,51.6003568],[3.2284868,51.6003813],[3.2283805,51.6004235],[3.2283427,51.6004409],[3.2283278,51.6004472],[3.2281987,51.6005074],[3.2281291,51.6005375],[3.2280546,51.600577],[3.2279952,51.6006276],[3.2279349,51.6007027],[3.2279221,51.6007177],[3.227911,51.6007258],[3.2278034,51.6008078],[3.2277671,51.6008343],[3.22765,51.600898],[3.2276232,51.6009287],[3.2275103,51.6009882],[3.2274806,51.6010776],[3.2274799,51.6010782],[3.2274796,51.6010784],[3.227336,51.6011684],[3.2273357,51.6011688],[3.2273251,51.601175],[3.2273254,51.6011684],[3.2273274,51.6010834],[3.2273349,51.6010785],[3.2273352,51.6010781],[3.2274529,51.6009883],[3.2274488,51.6009171],[3.2274595,51.6008984],[3.2274786,51.6008829],[3.2275734,51.6008083],[3.2276121,51.6007246],[3.2276114,51.6007183],[3.2275968,51.6007026],[3.227622,51.6006856],[3.2276391,51.6006283],[3.2276458,51.6006133],[3.2276215,51.6005852],[3.2275799,51.6005644],[3.2274773,51.6006116],[3.2273522,51.6006168],[3.2273329,51.6006189],[3.2273108,51.600629],[3.2271889,51.6006852],[3.2270768,51.6006992],[3.2270446,51.6007044],[3.2270194,51.6007194],[3.2269006,51.6007768],[3.2268066,51.6008098],[3.2267565,51.6008348],[3.226654,51.600874],[3.2266124,51.600892],[3.2266001,51.6009001],[3.2264684,51.6009705],[3.2264339,51.6009903],[3.2263244,51.6010585],[3.2262921,51.6010805],[3.2261803,51.6011121],[3.2261318,51.6010808],[3.2260354,51.6010163],[3.2259965,51.6009912],[3.2259637,51.6009468],[3.226035,51.6009247],[3.2260818,51.6009011],[3.226179,51.6008502],[3.2262614,51.6008108],[3.226323,51.6007781],[3.2264593,51.6007254],[3.2264671,51.6007221],[3.2264703,51.6007205],[3.2266112,51.6006568],[3.226671,51.6006302],[3.2267552,51.6005928],[3.2268727,51.6005566],[3.2268994,51.6005503],[3.2269212,51.6005398],[3.2270435,51.6004931],[3.2271513,51.6004721],[3.2271878,51.6004692],[3.2272272,51.6004493],[3.2273319,51.6004144],[3.2274044,51.6004038],[3.2274762,51.6003962],[3.2275813,51.6003831],[3.2276205,51.6003815],[3.227703,51.6003584],[3.2277646,51.6003347],[3.2278713,51.6002916],[3.2279087,51.6002756],[3.2279251,51.6002681],[3.2280528,51.6002053],[3.22811,51.6001778],[3.2281968,51.6001279],[3.2282913,51.6000876],[3.2283408,51.600057],[3.2284482,51.5999973],[3.2284847,51.5999728],[3.2285861,51.5999072],[3.2286287,51.5998847],[3.2287727,51.5998125],[3.2289116,51.5997267],[3.2289166,51.5997224],[3.2290207,51.5996366],[3.2290604,51.5996038],[3.2291487,51.5995464],[3.2292043,51.5995054],[3.2292747,51.5994562],[3.2293482,51.599404],[3.2294037,51.5993661],[3.2294921,51.599307],[3.2295377,51.5992759],[3.2296359,51.5991944],[3.2296505,51.5991857],[3.2297798,51.5991087],[3.2297997,51.5990955],[3.2299238,51.5990234],[3.2299532,51.5990053],[3.2300242,51.5989424],[3.2300546,51.5989152],[3.2300675,51.5989028],[3.2301652,51.5988251],[3.2302113,51.5987719],[3.2302506,51.598735],[3.2303551,51.5986718],[3.2303838,51.5986448],[3.2304765,51.5985687],[3.2304929,51.5985547],[3.2304989,51.5985495],[3.2305857,51.5984646],[3.2306425,51.5983929],[3.2306611,51.5983745],[3.2307864,51.5982938],[3.2308002,51.5982843],[3.2309303,51.5982112],[3.2309583,51.5981941],[3.2310009,51.5981498],[3.2310426,51.598104],[3.2310739,51.5980658],[3.2311177,51.598014],[3.2311558,51.5979626],[3.2311835,51.5979239],[3.2312131,51.5978365],[3.2312142,51.5978339],[3.2312171,51.5978295],[3.2312828,51.5977439],[3.2313606,51.5976548],[3.2313619,51.5976538],[3.2315046,51.5975844],[3.2315452,51.5975635],[3.2316485,51.597492],[3.231686,51.5974733],[3.2316482,51.5974202],[3.2315904,51.5973836],[3.2316477,51.5973335],[3.2316692,51.5972935],[3.2316931,51.597265],[3.2317409,51.5972035],[3.2318496,51.5971669],[3.2319355,51.5971489],[3.2319964,51.5971131],[3.2320796,51.5970789],[3.2321687,51.5970228],[3.2322233,51.596963],[3.2322717,51.5969327],[3.2323674,51.5968938],[3.2324928,51.5968423],[3.2325114,51.5968339],[3.2325672,51.5968074],[3.2326554,51.5967606],[3.2326767,51.5967521],[3.2327686,51.5966811],[3.2327937,51.5966619],[3.2327992,51.5966464],[3.232919,51.5965869],[3.2329432,51.5965723],[3.2329448,51.5965717],[3.2329547,51.5965645],[3.2330517,51.5964816],[3.2330871,51.5964754],[3.2331018,51.5964723],[3.2331438,51.5964814],[3.2332315,51.5964941],[3.233265,51.5964811],[3.2333756,51.5964337],[3.2334601,51.5964281],[3.2335199,51.5964241],[3.233633,51.5963905],[3.2336641,51.5963779],[3.233735,51.596346],[3.2338081,51.5963183],[3.2339063,51.5963],[3.2339524,51.5962963],[3.2339717,51.5962999],[3.2340969,51.5963184],[3.2341645,51.5962995],[3.234241,51.5962666],[3.234318,51.5962512],[3.2343851,51.5962299],[3.2345087,51.5962089],[3.2345294,51.5962032],[3.2345648,51.5961867],[3.2346734,51.5961302],[3.2346897,51.5961186],[3.2347799,51.5960285],[3.2348171,51.5960082],[3.2349366,51.5960127],[3.2349615,51.5960137],[3.234996,51.5960066],[3.2351057,51.5959843],[3.2351833,51.5959794],[3.2352501,51.5959793],[3.2353444,51.5959687],[3.2353943,51.5959585],[3.2355196,51.595949],[3.2355387,51.5959508],[3.2355703,51.595937],[3.2356826,51.5958665],[3.2358167,51.595853],[3.2358269,51.5958508],[3.2358364,51.5958466],[3.235971,51.5957979],[3.2360648,51.5957876],[3.2361153,51.5957862],[3.2361831,51.595756],[3.2362591,51.5956823],[3.2362717,51.5956659],[3.2362589,51.5956434],[3.2362099,51.5955761],[3.2362094,51.5955166],[3.2362256,51.5954861],[3.2362579,51.5954518],[3.2363169,51.595396],[3.236401,51.5953063],[3.2364011,51.595306],[3.2364012,51.5953058],[3.2363458,51.5952162],[3.2362566,51.5951881],[3.2361793,51.5951747],[3.2361122,51.5951848],[3.2360468,51.595176],[3.2359678,51.5951821],[3.2358735,51.5951859],[3.2358235,51.5951914],[3.2356932,51.5952087],[3.2356792,51.5952091],[3.2356369,51.5952176],[3.235535,51.5952382],[3.2354832,51.5952502],[3.2353907,51.5952581],[3.2353031,51.5952536],[3.2352463,51.5952486],[3.2351661,51.5952685],[3.2351021,51.5952735],[3.2350257,51.5952664],[3.2349577,51.5952841],[3.2348895,51.5952666],[3.2348134,51.5952836],[3.2347918,51.5953092],[3.2346694,51.5953595],[3.234566,51.5953741],[3.2345251,51.5953798],[3.2344514,51.5953998],[3.234381,51.5954332],[3.2343179,51.5954394],[3.2342368,51.5954499],[3.2340926,51.5954942],[3.2340678,51.595506],[3.2339485,51.5955499],[3.2338626,51.5955444],[3.2338042,51.595551],[3.2336901,51.5955623],[3.2336599,51.5955591],[3.2335687,51.5955247],[3.2335185,51.5955815],[3.2335156,51.5955822],[3.2335136,51.5955815],[3.2335137,51.5955803],[3.2334759,51.5954916],[3.233515,51.5954582],[3.2335764,51.5954015],[3.2336588,51.5953558],[3.2337863,51.5953112],[3.2338029,51.5953037],[3.2338736,51.5952211],[3.2338023,51.5951814],[3.2337295,51.5951768],[3.233658,51.5951899],[3.2335145,51.5952218],[3.2335138,51.5952222],[3.2335125,51.5952226],[3.2333697,51.5952897],[3.2332628,51.5953122],[3.2332256,51.5953264],[3.2331957,51.595331],[3.2330815,51.5953867],[3.2330178,51.5954026],[3.2329374,51.5954377],[3.2328596,51.5954514],[3.2327932,51.5954806],[3.2327519,51.5954931],[3.2326492,51.5955431],[3.2325288,51.5955834],[3.2325051,51.5955988],[3.2324683,51.5956065],[3.232361,51.595654],[3.232303,51.5956738],[3.2322169,51.5957087],[3.2320989,51.5957479],[3.2320728,51.5957597],[3.2320642,51.5957642],[3.2319289,51.5958478],[3.2319161,51.5958544],[3.2318944,51.595876],[3.2318766,51.5959444],[3.2317854,51.5960226],[3.2317644,51.5960345],[3.2316414,51.5960858],[3.2315373,51.5961249],[3.2314973,51.5961404],[3.2314492,51.5961551],[3.2313532,51.596201],[3.2313221,51.5962152],[3.2312093,51.596286],[3.2311781,51.5963054],[3.2310653,51.5963678],[3.231001,51.5963957],[3.2309213,51.5964268],[3.2307771,51.5964861],[3.2306332,51.5965568],[3.2305861,51.5965764],[3.2304891,51.5966146],[3.230349,51.5966667],[3.230345,51.5966682],[3.2303387,51.5966707],[3.230201,51.5967416],[3.2301595,51.596757],[3.230057,51.5968064],[3.2299643,51.5968473],[3.229913,51.5968821],[3.2298018,51.596917],[3.2297688,51.5969317],[3.2297499,51.5969377],[3.2296248,51.5969927],[3.2294865,51.5970244],[3.2294806,51.5970265],[3.2294738,51.5970281],[3.2293365,51.5970817],[3.2292083,51.5971086],[3.2291923,51.5971138],[3.2291602,51.5971186],[3.2290481,51.5971524],[3.2290012,51.5971481],[3.2289039,51.5971807],[3.2287798,51.5971967],[3.2287596,51.597196],[3.2286891,51.5972095],[3.2286153,51.597225],[3.2285847,51.5972288],[3.2284711,51.5972529],[3.2283637,51.5972771],[3.2283268,51.5972728],[3.2282563,51.5972564],[3.2281823,51.5972515],[3.2281229,51.5972106],[3.2281819,51.5971717],[3.2282618,51.5971204],[3.228326,51.5970992],[3.2283712,51.597092],[3.2284702,51.5970666],[3.2286094,51.5970329],[3.2286144,51.5970323],[3.2286205,51.5970298],[3.2287584,51.5969689],[3.2288422,51.5969394],[3.2289025,51.5969016],[3.2290349,51.5968491],[3.2290586,51.5968416],[3.2291907,51.5967962],[3.2292685,51.5967588],[3.2293346,51.596708],[3.2293906,51.5966686],[3.2294785,51.5966066],[3.2295473,51.5965784],[3.2296225,51.5965334],[3.2296789,51.5964882],[3.2297663,51.5964354],[3.2298356,51.596398],[3.2299103,51.5963471],[3.2299599,51.5963078],[3.2300541,51.5962445],[3.2300861,51.5962177],[3.2301421,51.5961625],[3.2301685,51.5961276],[3.2301978,51.5961048],[3.2303002,51.5960374],[3.2303415,51.59597],[3.2303559,51.5959474],[3.2303704,51.5959292],[3.2304346,51.5958573],[3.2304851,51.5958258],[3.2305709,51.5957671],[3.230629,51.5957259],[3.2307008,51.595677],[3.2307728,51.5956225],[3.2308997,51.5955867],[3.230917,51.5955818],[3.2309557,51.5955623],[3.231061,51.5955129],[3.231083,51.5954964],[3.2312049,51.5954303],[3.2313466,51.5954059],[3.2313492,51.5954056],[3.2313502,51.5954053],[3.2314933,51.5953577],[3.2316017,51.5953155],[3.2316374,51.5952981],[3.2316904,51.5952823],[3.2317815,51.595247],[3.2318455,51.5952251],[3.2319255,51.5951847],[3.2320428,51.5951348],[3.2320696,51.5951171],[3.2321865,51.5950615],[3.2322136,51.595047],[3.2322207,51.5950446],[3.2323576,51.5949862],[3.2324276,51.5949542],[3.2325015,51.5948977],[3.2325994,51.5948929],[3.2326458,51.5948797],[3.2326804,51.5948638],[3.2327898,51.5947987],[3.232876,51.5947735],[3.2329338,51.5947415],[3.2330162,51.5946833],[3.2330777,51.5946404],[3.2331304,51.594626],[3.2332221,51.5946476],[3.2333188,51.5945928],[3.233366,51.5945529],[3.2334407,51.594546],[3.2335102,51.5945233],[3.2336035,51.5945023],[3.2336284,51.5944283],[3.2336375,51.5944123],[3.2336539,51.5943998],[3.2337936,51.5943221],[3.2337979,51.5943198],[3.233912,51.594232],[3.2339417,51.5942116],[3.233975,51.5942318],[3.2339419,51.5942661],[3.2338064,51.5943221],[3.2338355,51.5943454],[3.2338454,51.5944119],[3.2339306,51.5944193],[3.2339427,51.5944157],[3.2339589,51.5944117],[3.2340869,51.5943751],[3.2342098,51.5943213],[3.2342308,51.594282],[3.2342692,51.5942973],[3.2343751,51.5942781],[3.2344521,51.5942309],[3.2343744,51.5941494],[3.2343487,51.5941572],[3.2342304,51.594212],[3.2340856,51.5941334],[3.2340514,51.5941205],[3.233941,51.5940731],[3.2339096,51.5940521],[3.2339408,51.5940408],[3.2339636,51.5940378],[3.234085,51.594019],[3.2341376,51.5940189],[3.2342294,51.5940185],[3.2342967,51.5939614],[3.2343733,51.593921],[3.2344597,51.5939073],[3.2345176,51.5939071],[3.2346471,51.59388],[3.2346618,51.5938831],[3.2346774,51.5938708],[3.2348059,51.5938317],[3.2349127,51.5938037],[3.2349501,51.5938104],[3.234984,51.5938013],[3.2350946,51.5938188],[3.2352047,51.5938011],[3.2352388,51.5938063],[3.2353247,51.593816],[3.2353832,51.5938033],[3.2354417,51.5938157],[3.235523,51.5937792],[3.2355274,51.5937747],[3.2355665,51.5936892],[3.2355875,51.5936513],[3.2355565,51.5935993],[3.2356706,51.5935417],[3.2356954,51.5935091],[3.2358146,51.5934788],[3.2358729,51.5934724],[3.2359588,51.5934498],[3.2360746,51.5934184],[3.236103,51.5934095],[3.2361231,51.5934057],[3.2362472,51.5933778],[3.2363434,51.5933578],[3.2363914,51.5933445],[3.236516,51.5933276],[3.2365356,51.5933242],[3.2366798,51.5932921],[3.2367532,51.5932814],[3.236824,51.5932622],[3.2369645,51.5932391],[3.2369682,51.5932387],[3.2369835,51.5932367],[3.2371125,51.5932177],[3.2371503,51.5932128],[3.2372568,51.5932042],[3.2373187,51.5931975],[3.2374011,51.5931883],[3.2374887,51.5931811],[3.2375454,51.5931742],[3.2376569,51.5931659],[3.2376897,51.5931645],[3.237832,51.5931463],[3.2378339,51.5931464],[3.2378365,51.5931467],[3.2378578,51.593145],[3.2379782,51.5931376],[3.2379944,51.5931347],[3.2381225,51.5931145],[3.2381889,51.5931029],[3.2382668,51.5931062],[3.2383798,51.5930541],[3.2384108,51.5930456],[3.2384271,51.5930438],[3.2385551,51.5930169],[3.2386284,51.5930079],[3.2386994,51.593006],[3.2387982,51.5929916],[3.2388436,51.5929908],[3.2389035,51.5929631],[3.2389877,51.5929416],[3.2390379,51.5929315],[3.239132,51.5929228],[3.239222,51.5929063],[3.2392763,51.5929148],[3.2393941,51.5928886],[3.2394205,51.5928865],[3.2394961,51.592872],[3.2395648,51.5928665],[3.2395755,51.5928651],[3.239709,51.5928359],[3.2398291,51.5928561],[3.2398534,51.5928496],[3.2399342,51.5928711],[3.2398536,51.5928781],[3.2397155,51.5929614],[3.2397097,51.592966],[3.2397013,51.5929667],[3.2395654,51.5929829],[3.2394721,51.5930201],[3.2394212,51.5930182],[3.239293,51.5930522],[3.2392771,51.5930546],[3.2392611,51.5930622],[3.2391327,51.5930558],[3.2391126,51.5930651],[3.2389887,51.5931338],[3.2389754,51.5931344],[3.2388443,51.5931208],[3.2387306,51.5931433],[3.2387003,51.5931951],[3.2386389,51.5932334],[3.2386675,51.5933024],[3.238692,51.5933232],[3.238701,51.5933251],[3.2387044,51.5933253],[3.2387895,51.593323],[3.238816,51.5933047],[3.2388454,51.5933173],[3.2388603,51.5933228],[3.2389898,51.593332],[3.2391341,51.5933262],[3.2391418,51.593327],[3.2392785,51.5933296],[3.2392942,51.5933317],[3.2394229,51.5933405],[3.2395403,51.5933214],[3.2395608,51.5933174],[3.2395879,51.5933213],[3.2397117,51.5933449],[3.2398341,51.5933345],[3.239856,51.5933356],[3.2398977,51.5933466],[3.2400006,51.5933781],[3.2400864,51.5933738],[3.2401449,51.5933833],[3.2402816,51.5934098],[3.2402895,51.5934118],[3.2402928,51.5934119],[3.2404339,51.593425],[3.2404596,51.5934255],[3.2405784,51.5934444],[3.2406477,51.5934523],[3.2407228,51.5934519],[3.2408329,51.5934772],[3.2408673,51.5934852],[3.2409144,51.5934985],[3.2410119,51.5935245],[3.2410942,51.5935493],[3.2411564,51.5935642],[3.2412998,51.5935869],[3.2413009,51.593587],[3.2413039,51.5935876],[3.2414454,51.5936036],[3.2414753,51.5936059],[3.2415897,51.593604],[3.2416248,51.5936088],[3.2417341,51.5936087],[3.2417693,51.5936085],[3.2418786,51.5936266],[3.2420147,51.5935861],[3.2420227,51.5935841],[3.2420435,51.5935861],[3.2421382,51.5936039],[3.2421672,51.5935998],[3.2421947,51.5936029],[3.2422912,51.5935855],[3.2423114,51.5935834],[3.2423231,51.5935855],[3.242456,51.5936133],[3.2425687,51.5936046],[3.2426002,51.5936007],[3.2426458,51.5936132],[3.2427447,51.5936151],[3.2428825,51.5936742],[3.2428894,51.5936755],[3.2428963,51.5936785],[3.2430338,51.5936936],[3.2431327,51.5937352],[3.2430831,51.5936738],[3.2431779,51.593643],[3.2432724,51.5936734],[3.2432235,51.5937354],[3.2431889,51.5937635],[3.2431786,51.5937675],[3.2431718,51.5937678],[3.2430343,51.5937887],[3.2429434,51.5938539],[3.2428906,51.5939145],[3.2427512,51.5939413],[3.2427464,51.5939429],[3.2427401,51.5939443],[3.2427465,51.5939473],[3.242752,51.5939477],[3.242891,51.5939769],[3.2429468,51.5939786],[3.2430354,51.5939893],[3.2431102,51.5939868],[3.2431797,51.5939819],[3.2432927,51.5939626],[3.243324,51.5939599],[3.2434596,51.5939482],[3.2434683,51.5939479],[3.2434856,51.5939427],[3.2436124,51.5939061],[3.2436782,51.5939013],[3.2437567,51.5938933],[3.243873,51.5938694],[3.243901,51.5938726],[3.2440117,51.5938727],[3.2440453,51.5938674],[3.2440726,51.5938516],[3.2441893,51.5938051],[3.2443112,51.5937751],[3.2443335,51.5937736],[3.2443803,51.5937611],[3.2444776,51.5937204],[3.2445661,51.5936707],[3.2446216,51.5936508],[3.2447643,51.5935804],[3.2447656,51.5935796],[3.2447672,51.5935794],[3.2447937,51.5935804],[3.2447889,51.593656],[3.24491,51.5935844],[3.2449165,51.5935801],[3.245054,51.5935248],[3.2451774,51.5935026],[3.2451983,51.5935057],[3.2453341,51.5934893],[3.2453425,51.5934886],[3.2453453,51.5934893],[3.2454491,51.5935127],[3.245487,51.5935061],[3.2456142,51.5934887],[3.2456234,51.5934838],[3.2456312,51.5934861],[3.2456525,51.5934754],[3.2457754,51.5934429],[3.2458357,51.5934507],[3.2459196,51.5934166],[3.2460477,51.5933979],[3.2460638,51.5933949],[3.2460687,51.5933948],[3.246208,51.5933663],[3.2462917,51.5933452],[3.2463524,51.5933591],[3.2464014,51.5933667],[3.2464967,51.5933554],[3.2465781,51.5933069],[3.2466407,51.5932869],[3.2466773,51.5932839],[3.246785,51.5932873],[3.2468159,51.5933064],[3.2467852,51.5933182],[3.2466629,51.5933966],[3.2466413,51.5934038],[3.2466048,51.5934195],[3.2464971,51.593423],[3.2463737,51.5934742],[3.2463529,51.5934675],[3.2463342,51.5934755],[3.2463427,51.5934872],[3.246209,51.5935494],[3.2461673,51.5935775],[3.2460649,51.593601],[3.2459387,51.5936568],[3.2459209,51.5936595],[3.2459093,51.5936679],[3.2457768,51.5937011],[3.2456591,51.5937419],[3.2456326,51.5937417],[3.2456059,51.5937585],[3.2454885,51.5937928],[3.2453867,51.5938489],[3.2453446,51.5938674],[3.245263,51.5939],[3.2452004,51.5939068],[3.245148,51.5939393],[3.2450564,51.5939727],[3.2449382,51.5940296],[3.2449124,51.5940426],[3.2447707,51.5941199],[3.2447685,51.5941211],[3.2447656,51.5941217],[3.2446243,51.5941473],[3.2445529,51.5941648],[3.24448,51.5941743],[3.2444147,51.5942106],[3.244336,51.5942382],[3.2442819,51.5942446],[3.2441917,51.5942488],[3.2441071,51.5942639],[3.2440474,51.5942683],[3.2439687,51.5943014],[3.2439034,51.5943273],[3.2438624,51.5943272],[3.2437591,51.5943361],[3.2436977,51.5943402],[3.2436147,51.5943385],[3.2435418,51.5943478],[3.2434705,51.5943616],[3.2433342,51.5943877],[3.2433263,51.5943876],[3.2433003,51.5943927],[3.2431821,51.5944164],[3.2431299,51.5944256],[3.2430378,51.5944461],[3.2429425,51.5944528],[3.2428935,51.5944572],[3.2427616,51.5944761],[3.2427493,51.5944796],[3.2426682,51.5944839],[3.242605,51.5944929],[3.2425885,51.5944944],[3.2424608,51.5945324],[3.2423753,51.5945378],[3.2423165,51.5945442],[3.2421877,51.5945653],[3.2421723,51.5945687],[3.2420434,51.5945751],[3.242028,51.5945786],[3.24202,51.5945802],[3.241884,51.5946472],[3.2418386,51.5946655],[3.2418843,51.5947128],[3.2420021,51.5947384],[3.2420289,51.5947432],[3.2421133,51.5947548],[3.2421733,51.5947603],[3.2421833,51.5947609],[3.2423177,51.5947678],[3.2423398,51.5947681],[3.2424621,51.5947695],[3.2424899,51.5947714],[3.2426065,51.5947728],[3.2426422,51.594776],[3.2427508,51.5947651],[3.2427701,51.5947655],[3.2428952,51.5947741],[3.2430294,51.5947593],[3.2430395,51.594759],[3.2431695,51.5947616],[3.2431839,51.5947608],[3.2433241,51.5947549],[3.2433282,51.5947546],[3.2433329,51.5947552],[3.2434726,51.5947584],[3.2434822,51.594758],[3.243617,51.5947631],[3.2437477,51.5947599],[3.2437613,51.5947592],[3.2438475,51.5947512],[3.2439056,51.594745],[3.2439143,51.5947457],[3.2440499,51.5947306],[3.2440882,51.5947269],[3.2441943,51.5947249],[3.2442378,51.5947233],[3.2443386,51.5947162],[3.2444334,51.5947191],[3.244483,51.5947181],[3.2445449,51.5947112],[3.2446273,51.5947075],[3.2447239,51.5946891],[3.2447715,51.5946843],[3.2448153,51.5946866],[3.2449158,51.5946807],[3.2450043,51.5946938],[3.2450602,51.5946855],[3.2451937,51.5946653],[3.2452045,51.5946645],[3.2452127,51.5946636],[3.2453489,51.5946796],[3.2453892,51.5946832],[3.2454933,51.5946864],[3.2455972,51.5946829],[3.2456377,51.5946808],[3.2457537,51.594675],[3.245782,51.5946721],[3.2459154,51.5946638],[3.2459263,51.5946638],[3.2459362,51.5946631],[3.2460707,51.5946732],[3.2460984,51.5946739],[3.2462151,51.5946766],[3.2463424,51.5946667],[3.2463594,51.5946667],[3.2463768,51.5946669],[3.2465038,51.5946703],[3.2466248,51.5946701],[3.2466482,51.5946697],[3.2467608,51.5946552],[3.2467924,51.5946511],[3.2468653,51.594655],[3.2469368,51.5946587],[3.2469436,51.5946591],[3.2470812,51.5946648],[3.247187,51.5946543],[3.2472255,51.5946504],[3.2472321,51.5946501],[3.2473698,51.5946403],[3.2474821,51.5946537],[3.2475143,51.5946578],[3.2475556,51.5946536],[3.2476586,51.5946438],[3.2478002,51.5946513],[3.247803,51.5946514],[3.2478456,51.5946529],[3.2479474,51.5946568],[3.2479538,51.5946567],[3.2480918,51.5946584],[3.2481037,51.5946598],[3.2482362,51.5946656],[3.2482757,51.5946766],[3.2483807,51.5946923],[3.248433,51.5946843],[3.2485251,51.5946936],[3.2486079,51.5946897],[3.2486694,51.5946915],[3.2488127,51.5947408],[3.248814,51.5947411],[3.2488144,51.594741],[3.2489585,51.5947542],[3.2490856,51.5947402],[3.2491028,51.5947368],[3.2491159,51.5947402],[3.2492473,51.5947622],[3.2492957,51.5947699],[3.2493918,51.5947859],[3.2494811,51.594795],[3.2495362,51.5947954],[3.2496307,51.594829],[3.2495365,51.5948551],[3.2494769,51.5948665],[3.2493922,51.5948761],[3.2492714,51.5949197],[3.2492482,51.5949266],[3.2492334,51.594929],[3.249104,51.594969],[3.2490085,51.5949798],[3.2489598,51.594987],[3.2488479,51.5949903],[3.2488154,51.5949905],[3.2487121,51.5950108],[3.2486712,51.5950266],[3.2486435,51.5950282],[3.2485269,51.5950283],[3.2484974,51.5950296],[3.2483826,51.5950461],[3.2483278,51.5950457],[3.2482383,51.5950584],[3.2481716,51.5950603],[3.2480939,51.595057],[3.248017,51.5950602],[3.2479496,51.5950695],[3.2478453,51.5950776],[3.2478054,51.5950883],[3.2476637,51.5951013],[3.2476611,51.5951015],[3.2476448,51.5951029],[3.2475169,51.5951289],[3.2474656,51.5951353],[3.2473726,51.5951544],[3.2472738,51.5951653],[3.2472284,51.5951738],[3.2471151,51.5951746],[3.247084,51.5951803],[3.2469397,51.5951933],[3.2469239,51.5951944],[3.2467955,51.5952159],[3.2467587,51.5952177],[3.2466512,51.5952283],[3.2465648,51.5952312],[3.2465068,51.5952296],[3.2464536,51.5952285],[3.2463625,51.5952318],[3.246303,51.5952328],[3.2462182,51.5952403],[3.246137,51.5952466],[3.2460739,51.5952574],[3.2459654,51.595264],[3.2459296,51.5952698],[3.2457959,51.59528],[3.2457853,51.5952819],[3.2457156,51.5952868],[3.245641,51.5953012],[3.2456129,51.5953045],[3.2454968,51.5953336],[3.2454183,51.5953364],[3.2453525,51.5953487],[3.245238,51.5953592],[3.2452083,51.5953651],[3.2450939,51.5953781],[3.245064,51.5953915],[3.2450441,51.5953906],[3.2449199,51.5954256],[3.2448204,51.5954406],[3.2447756,51.5954523],[3.2446552,51.595454],[3.2446313,51.5954583],[3.2445649,51.5954691],[3.2445204,51.5955385],[3.2445459,51.595559],[3.2446319,51.5955775],[3.2446594,51.5955759],[3.2447763,51.595583],[3.2448359,51.5955955],[3.2449208,51.5956105],[3.2450124,51.595615],[3.2450653,51.5956168],[3.2451151,51.5956167],[3.2452096,51.5956134],[3.2453225,51.5956277],[3.2453541,51.5956288],[3.2454845,51.5956383],[3.2454985,51.5956382],[3.245512,51.5956385],[3.2456428,51.5956356],[3.2457833,51.5956464],[3.2457873,51.5956467],[3.2457894,51.5956463],[3.2459315,51.5956255],[3.2460553,51.5956329],[3.2460759,51.5956333],[3.2460973,51.5956324],[3.2462202,51.5956201],[3.2463541,51.5956386],[3.2463647,51.5956395],[3.2463818,51.5956345],[3.2465089,51.5956024],[3.2466142,51.5956202],[3.2466533,51.5956226],[3.2467528,51.5956443],[3.2467979,51.5956507],[3.2468299,51.5956442],[3.246942,51.5956121],[3.2470167,51.5955972],[3.2470863,51.5955879],[3.2471668,51.5956037],[3.2472308,51.5956186],[3.2472668,51.5956209],[3.247375,51.5955973],[3.2475131,51.5955528],[3.2475192,51.5955501],[3.2475376,51.5955528],[3.2476165,51.595582],[3.2476636,51.5955687],[3.2477262,51.5955524],[3.2478078,51.5955278],[3.2478621,51.5955182],[3.2479493,51.5955519],[3.2479523,51.5955524],[3.2479543,51.5955519],[3.2480964,51.5955072],[3.2482385,51.5954626],[3.2482405,51.5954622],[3.2483847,51.5954259],[3.2484344,51.59543],[3.2485289,51.5954033],[3.248648,51.5953863],[3.2486732,51.5953785],[3.2486939,51.5953705],[3.2488172,51.5953194],[3.2489223,51.5953045],[3.2489615,51.5953044],[3.2490491,51.5953152],[3.2491058,51.5952953],[3.2491722,51.5952795],[3.2492499,51.5952512],[3.2493622,51.5952592],[3.2493944,51.5952628],[3.2494416,51.5952495],[3.2495385,51.5952171],[3.2496058,51.5952306],[3.2496829,51.5952253],[3.2497683,51.5952251],[3.2498272,51.5952083],[3.2498815,51.5952219],[3.2499716,51.5952259],[3.2500623,51.5951877],[3.2501157,51.5951772],[3.2501342,51.5951761],[3.2502601,51.5951804],[3.2502965,51.5951872],[3.2502602,51.5951999],[3.2501613,51.5952774],[3.2501164,51.5952908],[3.2500828,51.5952985],[3.2499721,51.5953054],[3.2498958,51.5953679],[3.2498282,51.5953972],[3.2497523,51.5954156],[3.2496839,51.5954161],[3.2495923,51.5954585],[3.2495399,51.5954761],[3.2494953,51.5954865],[3.2493957,51.5955127],[3.2493158,51.595549],[3.2492517,51.5955766],[3.2491787,51.5955948],[3.2491074,51.5955922],[3.2490267,51.5956395],[3.2489635,51.5956672],[3.2488763,51.5956942],[3.2488194,51.5957147],[3.2487862,51.5957299],[3.2486754,51.5957828],[3.2485915,51.5958203],[3.2485314,51.5958514],[3.2484517,51.5958702],[3.2483872,51.5958834],[3.2483442,51.5959107],[3.2482432,51.5959628],[3.2481298,51.5960011],[3.2480992,51.5960205],[3.2480333,51.5960424],[3.2479551,51.5960751],[3.2479297,51.5960914],[3.2478112,51.5961573],[3.2477448,51.5961817],[3.2476673,51.5962428],[3.2475992,51.596272],[3.2475236,51.5963605],[3.2475197,51.596362],[3.2475236,51.596363],[3.2475503,51.596362],[3.2476679,51.5963548],[3.247796,51.5963514],[3.2478261,51.5963527],[3.2479566,51.5963425],[3.2480023,51.5963325],[3.2480926,51.5963608],[3.248101,51.5963619],[3.2481032,51.5963621],[3.2482454,51.5963647],[3.2482701,51.5963605],[3.2483896,51.5963341],[3.248485,51.59636],[3.2485342,51.5963692],[3.2486161,51.5963597],[3.2486785,51.5963512],[3.2487204,51.5963595],[3.2488549,51.5963791],[3.2489674,51.5963788],[3.2490058,51.5963828],[3.2491118,51.5963973],[3.2491784,51.5964],[3.2492563,51.5964123],[3.2493857,51.5964386],[3.2494008,51.596441],[3.2494306,51.5964479],[3.2495454,51.5964753],[3.2496084,51.5964868],[3.2496899,51.5965034],[3.2497653,51.5965371],[3.2498346,51.5965618],[3.2498966,51.5965754],[3.2499792,51.5965995],[3.2500787,51.5966264],[3.2501238,51.5966444],[3.2502617,51.5967159],[3.2502686,51.5967195],[3.250299,51.5967347],[3.2504134,51.5967944],[3.2504297,51.5968054],[3.2505582,51.5968713],[3.2506227,51.5968949],[3.2507028,51.5969127],[3.2507473,51.5969224],[3.2508473,51.5969409],[3.2509763,51.5969744],[3.2509918,51.5969727],[3.2511009,51.5969619],[3.2511362,51.5969678],[3.2511745,51.5969837],[3.2512809,51.5970271],[3.2513749,51.5970146],[3.2514252,51.597024],[3.251476,51.597073],[3.2514256,51.5970924],[3.2513683,51.597109],[3.2512814,51.597119],[3.2512062,51.5971635],[3.2511374,51.5971889],[3.2510724,51.5972043],[3.2509932,51.5972196],[3.2508501,51.5972534],[3.250849,51.5972538],[3.2508467,51.5972541],[3.2507049,51.5973024],[3.2505686,51.5973446],[3.2505608,51.5973532],[3.2504453,51.5974348],[3.2505615,51.597478],[3.2506489,51.5974888],[3.2507059,51.5974888],[3.2508171,51.5975032],[3.2508504,51.597514],[3.250908,51.5975238],[3.2509949,51.5975359],[3.2510256,51.5975426],[3.2511395,51.5975663],[3.2512151,51.5975702],[3.2512839,51.5975702],[3.2513632,51.5975722],[3.2514283,51.5975818],[3.25154,51.5975919],[3.2515728,51.5975945],[3.2517095,51.5976072],[3.2517172,51.5976081],[3.2517417,51.5976119],[3.2518617,51.5976303],[3.2518947,51.5976321],[3.2520062,51.5976449],[3.2520801,51.5976572],[3.2521507,51.5976703],[3.2522877,51.5976959],[3.2522952,51.5976972],[3.2523167,51.5977006],[3.2524397,51.5977164],[3.25247,51.5977191],[3.2525841,51.5977248],[3.2526407,51.5977351],[3.2527287,51.5977567],[3.2528532,51.5977769],[3.2529371,51.5977891],[3.2530177,51.5978028],[3.2530402,51.597803],[3.2531622,51.5978285],[3.2532623,51.5978507],[3.2533067,51.5978593],[3.2534159,51.597878],[3.2534512,51.597883],[3.2534613,51.5978842],[3.2535957,51.5979072],[3.2536606,51.5979178],[3.2537402,51.5979307],[3.2538557,51.5979489],[3.2538847,51.5979522],[3.2539416,51.5979668],[3.2540293,51.5979859],[3.2540766,51.5979959],[3.2541738,51.5980011],[3.254256,51.5980173],[3.2543183,51.5980352],[3.2544582,51.5980527],[3.2544628,51.5980532],[3.2544722,51.5980556],[3.2546073,51.5980794],[3.2546503,51.5980819],[3.2547517,51.5980805],[3.2548057,51.5980884],[3.2548962,51.5981029],[3.2549934,51.5981149],[3.2550407,51.5981157],[3.2551824,51.598144],[3.255186,51.5981445],[3.2553296,51.598157],[3.2553514,51.5981571],[3.2554741,51.5981724],[3.255545,51.5981873],[3.2556186,51.5981942],[3.2556999,51.5981934],[3.255763,51.5982004],[3.2558958,51.598225],[3.2559075,51.5982265],[3.2559445,51.5982322],[3.256052,51.5982462],[3.2560782,51.5982482],[3.2561964,51.5982427],[3.2562176,51.5982448],[3.2563408,51.5982456],[3.2563761,51.5982532],[3.2564852,51.5982602],[3.2565651,51.5982805],[3.2566298,51.598284],[3.2567337,51.5983204],[3.2566301,51.5983411],[3.2565914,51.5983448],[3.2564858,51.5983645],[3.2563544,51.5984111],[3.2563417,51.598417],[3.2563258,51.5984212],[3.2561976,51.5984602],[3.2560869,51.5984807],[3.2560534,51.5984855],[3.2559912,51.5985019],[3.2559093,51.5985375],[3.255848,51.5985404],[3.255765,51.5985498],[3.2556687,51.5985925],[3.255621,51.5986253],[3.2555239,51.5986534],[3.2554768,51.5986573],[3.2553708,51.598683],[3.2553327,51.5987023],[3.2552999,51.5987036],[3.2551885,51.5987291],[3.255093,51.5987431],[3.2550443,51.5987597],[3.2550148,51.5987737],[3.254993,51.5988058],[3.2549994,51.5988637],[3.2550449,51.59888],[3.2550939,51.5988939],[3.2551895,51.5989139],[3.255268,51.5989041],[3.2553338,51.5988996],[3.2554239,51.5989527],[3.2554787,51.5989908],[3.2555525,51.5989964],[3.2555138,51.5990424],[3.2555816,51.5991059],[3.2555781,51.5991322],[3.255624,51.5991452],[3.2556583,51.5991533],[3.2557686,51.5991886],[3.2558235,51.5991873],[3.2559129,51.5991784],[3.256027,51.5992211],[3.2560576,51.5992322],[3.2560747,51.5992317],[3.256202,51.599247],[3.2562739,51.5992653],[3.2563465,51.5992652],[3.2564728,51.5992987],[3.2564911,51.5993036],[3.2564991,51.599305],[3.2566354,51.599278],[3.2567591,51.5992965],[3.2567799,51.5992987],[3.2568168,51.5993093],[3.2568657,51.5993458],[3.2569244,51.5993324],[3.2570236,51.5993088],[3.2570686,51.5992941],[3.2571748,51.5993085],[3.2572131,51.5993145],[3.2572341,51.5993084],[3.2573573,51.59928],[3.2574948,51.5993078],[3.257497,51.5993108],[3.2573884,51.599398],[3.2573581,51.5994195],[3.2572516,51.5994647],[3.257214,51.599472],[3.2571927,51.5994883],[3.25707,51.5995414],[3.2569408,51.5995788],[3.2569259,51.5995917],[3.2568986,51.5995959],[3.2567818,51.5996512],[3.2566551,51.5996584],[3.2566375,51.5996607],[3.2566147,51.5996694],[3.2564937,51.5997563],[3.25637,51.5997469],[3.2563493,51.5997533],[3.2563326,51.5997599],[3.2562906,51.5997967],[3.2563496,51.5998175],[3.2564521,51.5997857],[3.2564938,51.5997854],[3.2565418,51.5997893],[3.2566385,51.5998308],[3.2566654,51.5998324],[3.2567828,51.5998168],[3.2568382,51.5998142],[3.2569271,51.5998099],[3.2570105,51.5998484],[3.2570718,51.5998683],[3.2572002,51.5999379],[3.2572167,51.5999502],[3.2572335,51.5999483],[3.2573611,51.5999631],[3.2574004,51.5999619],[3.2575055,51.599966],[3.2575921,51.5999908],[3.25765,51.5999905],[3.2577039,51.5999932],[3.2577943,51.5999729],[3.2578589,51.5999766],[3.2579387,51.5999789],[3.2580434,51.5999607],[3.258083,51.5999582],[3.2582162,51.5999425],[3.2582273,51.599939],[3.258234,51.5999398],[3.2582753,51.5999355],[3.2583716,51.599925],[3.2583851,51.5999269],[3.2585158,51.5999016],[3.2586104,51.5998758],[3.25866,51.5998677],[3.2587014,51.5998704],[3.2588045,51.5998769],[3.258948,51.5998441],[3.2589487,51.599844],[3.2589493,51.5998437],[3.2589501,51.5998441],[3.2590769,51.5998539],[3.2590931,51.5998515],[3.2591241,51.5998437],[3.2592371,51.5997866],[3.259288,51.5997852],[3.2593815,51.5997884],[3.2594638,51.5998043],[3.259526,51.5998133],[3.2596301,51.5998175],[3.2596704,51.5998196],[3.2597136,51.5998155],[3.2598148,51.5998242],[3.2599047,51.5998081],[3.2599592,51.599818],[3.2600873,51.5998314],[3.2601036,51.5998305],[3.2601758,51.5998414],[3.2602481,51.5998464],[3.2602813,51.5998412],[3.2603923,51.5998092],[3.2605301,51.5998406],[3.2605368,51.599842],[3.2606546,51.599857],[3.2606813,51.5998539],[3.2607826,51.59984],[3.2608255,51.5998275],[3.2608447,51.599828],[3.2609699,51.5998199],[3.261087,51.5998224],[3.2611143,51.5998234],[3.2611433,51.5998212],[3.2612587,51.5998263],[3.2612755,51.5998285],[3.2614029,51.599802],[3.2614885,51.5998019],[3.2615473,51.5998071],[3.261612,51.5997979],[3.2616917,51.5997998],[3.2617652,51.599792],[3.261836,51.5998019],[3.2619506,51.5998188],[3.2619805,51.5998192],[3.2620043,51.5998225],[3.2621248,51.5997934],[3.2622156,51.5997802],[3.2622691,51.5997906],[3.2623489,51.5997869],[3.2624135,51.5997856],[3.2624928,51.5997957],[3.262558,51.5998022],[3.262623,51.5997954],[3.2627023,51.5997953],[3.2628092,51.5997456],[3.2628463,51.5997312],[3.2628653,51.5997337],[3.2629906,51.5997192],[3.2630564,51.599704],[3.263135,51.5997159],[3.2632071,51.5996997],[3.2632791,51.5996778],[3.2633806,51.5996812],[3.2634235,51.5996689],[3.2635584,51.5996599],[3.2635678,51.5996583],[3.2635918,51.5996539],[3.263712,51.5996335],[3.2637608,51.5996232],[3.2638562,51.5995953],[3.2639905,51.5995631],[3.2640004,51.5995602],[3.2640107,51.5995566],[3.2641446,51.5995294],[3.2642133,51.5995198],[3.2642888,51.5994977],[3.264422,51.5994722],[3.264433,51.5994697],[3.2644391,51.5994684],[3.2645771,51.5994166],[3.2646864,51.5994035],[3.2647214,51.5994034],[3.2647732,51.5993815],[3.2648653,51.5993347],[3.2649958,51.5992911],[3.2650095,51.5992877],[3.2650171,51.5992863],[3.2651537,51.5992563],[3.2652275,51.5992446],[3.265298,51.5992471],[3.2654164,51.5992003],[3.265442,51.5991933],[3.2654632,51.599187],[3.2655862,51.5991624],[3.2657231,51.5991141],[3.2657303,51.5991154],[3.2658255,51.5991685],[3.2657455,51.5991096],[3.2658746,51.599096],[3.2659123,51.5990857],[3.2659917,51.599109],[3.2659051,51.5991805],[3.2658764,51.5991992],[3.2658752,51.5991997],[3.2658741,51.5991999],[3.2657309,51.5992156],[3.265634,51.5992603],[3.2655868,51.5992654],[3.2655337,51.5992899],[3.2654427,51.5993046],[3.2653736,51.5993334],[3.2652985,51.5993443],[3.2652518,51.5993805],[3.2651546,51.5994118],[3.2650289,51.5994709],[3.2650106,51.599478],[3.2649932,51.5994818],[3.2648663,51.5995035],[3.2647261,51.5995615],[3.2647223,51.5995629],[3.2647182,51.599564],[3.2645781,51.5996005],[3.2644633,51.599652],[3.2644341,51.5996631],[3.2644043,51.5996707],[3.2642899,51.5996902],[3.2641773,51.5997229],[3.2641457,51.5997254],[3.2641214,51.5997427],[3.2640017,51.599783],[3.2638998,51.5998067],[3.2638574,51.5998068],[3.2638032,51.5998333],[3.2637134,51.5998636],[3.2635968,51.5999065],[3.2635692,51.5999057],[3.2635142,51.5999239],[3.263425,51.5999372],[3.2633887,51.5999468],[3.2632809,51.5999725],[3.2632111,51.6000145],[3.2631369,51.6000466],[3.2630223,51.6000864],[3.2629928,51.6000887],[3.2629696,51.6001049],[3.2628489,51.6001729],[3.2628174,51.6001952],[3.2627049,51.6002509],[3.2626452,51.6002855],[3.262561,51.6003367],[3.2624522,51.6003758],[3.262417,51.6003949],[3.2623277,51.6004319],[3.262273,51.6004584],[3.2622468,51.6004662],[3.2621289,51.6005197],[3.2619968,51.6005491],[3.2619848,51.6005533],[3.2619706,51.6005567],[3.2618407,51.6006053],[3.2617368,51.600622],[3.2616964,51.6006339],[3.2616224,51.6006474],[3.2615522,51.600666],[3.2615015,51.6006793],[3.2614081,51.6007004],[3.2613005,51.6007152],[3.2612638,51.6007261],[3.2611549,51.6007384],[3.2611196,51.6007464],[3.2610994,51.6007511],[3.2609754,51.6007919],[3.2608446,51.6008206],[3.2608312,51.6008245],[3.2607788,51.6008291],[3.260687,51.6008437],[3.260655,51.6008493],[3.2605429,51.6008917],[3.260435,51.6009198],[3.2603987,51.6009332],[3.2603631,51.6009422],[3.2602076,51.6009495],[3.2601102,51.6009857],[3.2600243,51.6010106],[3.2599662,51.6010393],[3.2599058,51.6010485],[3.2598218,51.6010537],[3.2597084,51.6010821],[3.2596777,51.6010942],[3.2596326,51.6011014],[3.2595335,51.6011319],[3.2594533,51.6011519],[3.2593894,51.6011713],[3.2592565,51.601185],[3.2592451,51.6011893],[3.2592324,51.6011922],[3.2591011,51.6012639],[3.2589888,51.6012627],[3.2589568,51.6012724],[3.258915,51.6012828],[3.2588128,51.6013501],[3.2586696,51.6013727],[3.2586686,51.601373],[3.2586676,51.6013733],[3.2586671,51.6013742],[3.2586686,51.601376],[3.258671,51.6013748],[3.2588132,51.6014131],[3.2589059,51.6014304],[3.2589577,51.6014283],[3.2590134,51.6014278],[3.2591019,51.6013946],[3.25922,51.6013884],[3.2592462,51.6013893],[3.2592768,51.601391],[3.2593907,51.6014029],[3.2595039,51.6013908],[3.259535,51.6013896],[3.2595764,51.601397],[3.2596795,51.6014103],[3.2597448,51.6014116],[3.2598239,51.6014149],[3.259881,51.6014062],[3.2599683,51.6014159],[3.2600793,51.6014392],[3.2601128,51.6014359],[3.2602572,51.6014427],[3.2602898,51.6014393],[3.2604015,51.6014304],[3.2605193,51.6014425],[3.260546,51.6014433],[3.2605795,51.6014381],[3.2606903,51.6014211],[3.2608057,51.6014585],[3.2608216,51.6014667],[3.2608349,51.6014635],[3.2608468,51.6014658],[3.2608879,51.6014583],[3.2609792,51.6014432],[3.2610402,51.601458],[3.2611237,51.6014712],[3.2611473,51.6014724],[3.2612682,51.6014806],[3.2614023,51.6014572],[3.2614124,51.6014543],[3.2614196,51.6014526],[3.2615566,51.6014299],[3.2616763,51.6014411],[3.2617011,51.6014457],[3.2617191,51.6014452],[3.2618453,51.6014171],[3.2619525,51.6014327],[3.2619898,51.601437],[3.2621113,51.6014413],[3.2621342,51.6014408],[3.2622513,51.6014382],[3.2622786,51.601441],[3.2623541,51.601455],[3.2624106,51.6014627],[3.2624231,51.6014606],[3.2624363,51.601463],[3.2625675,51.6014628],[3.2626776,51.6014758],[3.262712,51.6014708],[3.2628397,51.6014643],[3.2628563,51.6014643],[3.2628768,51.6014666],[3.2630008,51.6014821],[3.2630482,51.601483],[3.2631452,51.601487],[3.2632544,51.6014749],[3.2632895,51.6014749],[3.2634286,51.6014526],[3.2634338,51.6014517],[3.2634352,51.6014517],[3.2635781,51.6014464],[3.2636207,51.6014522],[3.2637002,51.601466],[3.2637226,51.6014633],[3.2637398,51.6014626],[3.2638671,51.6014693],[3.2638957,51.6014694],[3.2640114,51.6014692],[3.2641438,51.6014585],[3.2641558,51.6014596],[3.2641697,51.6014597],[3.2643002,51.6014679],[3.2644362,51.6014556],[3.2644445,51.6014563],[3.2644555,51.6014571],[3.264589,51.6014771],[3.2646465,51.6014856],[3.2647334,51.6014722],[3.2648438,51.6014706],[3.2648777,51.6014657],[3.2649102,51.6014695],[3.2650222,51.6014706],[3.2650541,51.6014689],[3.2651667,51.601494],[3.2652936,51.6014592],[3.2653109,51.6014599],[3.2653303,51.6014604],[3.2654554,51.6014843],[3.2655097,51.6014818],[3.2655998,51.6014864],[3.2656833,51.6014855],[3.2657442,51.6014853],[3.2658124,51.6014897],[3.2658886,51.6014834],[3.2659694,51.6014469],[3.2660326,51.6014313],[3.2660617,51.6014286],[3.266177,51.601431],[3.2662533,51.6014463],[3.2661772,51.601466],[3.2660712,51.6015366],[3.2660333,51.6015469],[3.2660138,51.6015489],[3.265889,51.6015567],[3.265836,51.6015702],[3.2657447,51.6015747],[3.2656206,51.601615],[3.2656006,51.6016151],[3.2655814,51.6016276],[3.2654564,51.6016497],[3.2654138,51.6016545],[3.265312,51.6016606],[3.2652527,51.6016653],[3.2651677,51.6016696],[3.2650861,51.6016796],[3.2650234,51.6016857],[3.2649127,51.6016981],[3.2648791,51.6017006],[3.2647559,51.6017062],[3.2647348,51.6017066],[3.2645965,51.6017197],[3.2645905,51.6017205],[3.2645892,51.6017205],[3.2644461,51.6017295],[3.2644262,51.6017325],[3.2643019,51.6017565],[3.2642031,51.601749],[3.2641574,51.6017478],[3.2641118,51.6017493],[3.2640131,51.6017629],[3.2639461,51.601763],[3.2638688,51.6017696],[3.2637803,51.6017767],[3.2637245,51.6017824],[3.2636102,51.6017932],[3.2635802,51.6017984],[3.2634539,51.601801],[3.2634358,51.6018026],[3.2632987,51.6018081],[3.2632915,51.6018084],[3.263257,51.6018127],[3.2631473,51.6018396],[3.2630938,51.6018464],[3.263003,51.6018624],[3.2628975,51.6018792],[3.2628587,51.6018838],[3.2627561,51.6018777],[3.2627144,51.6018855],[3.262581,51.6019041],[3.2625701,51.6019076],[3.2625632,51.6019085],[3.262426,51.6019512],[3.2622963,51.6019856],[3.2622818,51.6019903],[3.2622639,51.6019947],[3.2621378,51.6020516],[3.262007,51.6020852],[3.2619936,51.6020924],[3.2618608,51.6021755],[3.2619256,51.6022224],[3.2618501,51.602253],[3.2618462,51.6022654],[3.2618502,51.6022685],[3.2619702,51.6022804],[3.2619947,51.6022744],[3.262051,51.602265],[3.2621389,51.602252],[3.2622428,51.6022394],[3.2622833,51.6022439],[3.2623237,51.6022392],[3.2624277,51.6022547],[3.2625499,51.6022638],[3.26257,51.6022652],[3.2625722,51.602265],[3.2625752,51.6022656],[3.2627167,51.6022831],[3.2628374,51.6022779],[3.262861,51.6022748],[3.2629831,51.6022768],[3.2630054,51.602275],[3.2630828,51.6022626],[3.2631496,51.6022391],[3.2632703,51.6022474],[3.263294,51.6022531],[3.2633098,51.6022523],[3.2634383,51.6022302],[3.2634982,51.6022244],[3.2635826,51.6022207],[3.2636442,51.6022231],[3.263727,51.6022184],[3.2638074,51.6022211],[3.2638715,51.6022365],[3.2640138,51.6022591],[3.264016,51.6022592],[3.2640187,51.6022589],[3.2640602,51.6022605],[3.2641604,51.6022633],[3.2641678,51.6022648],[3.2643049,51.6022699],[3.2643223,51.6022707],[3.2644492,51.6022647],[3.2645856,51.6022643],[3.2645936,51.6022632],[3.2646193,51.6022592],[3.2647378,51.6022259],[3.2648295,51.6022259],[3.2648822,51.6022401],[3.2649109,51.6022407],[3.2650265,51.6022223],[3.2650936,51.6022164],[3.2651709,51.6022117],[3.2652467,51.6022105],[3.2653152,51.6022103],[3.2653955,51.6022175],[3.2654597,51.6022262],[3.2655716,51.6022368],[3.2656042,51.6022328],[3.2657064,51.6022305],[3.2657486,51.602234],[3.2658538,51.6022321],[3.2658929,51.6022347],[3.2659311,51.6022325],[3.2660374,51.6022376],[3.2661552,51.6022392],[3.2661818,51.6022408],[3.2663088,51.6022445],[3.2663262,51.6022445],[3.2663416,51.6022457],[3.2664705,51.6022304],[3.2665999,51.6022453],[3.2666149,51.6022434],[3.2666316,51.6022443],[3.2667592,51.6022265],[3.2668936,51.6022478],[3.2669038,51.6022491],[3.2669302,51.602254],[3.2670483,51.6022706],[3.2670829,51.6022752],[3.2671926,51.6022631],[3.2672148,51.6022671],[3.2673372,51.6022904],[3.2674573,51.6022528],[3.2674813,51.602247],[3.2675032,51.6022527],[3.2676261,51.6023147],[3.2677112,51.6023052],[3.2677705,51.6023194],[3.2678924,51.6023277],[3.2679149,51.6023279],[3.2679509,51.6023191],[3.267975,51.6023415],[3.2680596,51.6023709],[3.2681043,51.6023691],[3.2682041,51.6023984],[3.2683058,51.602404],[3.2683486,51.6024034],[3.2684583,51.6024303],[3.2684931,51.6024362],[3.2685033,51.6024365],[3.2686376,51.6024544],[3.26868,51.6024562],[3.2687821,51.6024705],[3.2688657,51.6024814],[3.26901,51.6024669],[3.2690709,51.6024731],[3.2691926,51.6025043],[3.2692155,51.6025033],[3.2692356,51.6025184],[3.2692156,51.6025293],[3.2691983,51.6025293],[3.2690714,51.6025573],[3.2689868,51.6026089],[3.2689275,51.6026309],[3.2688887,51.6026333],[3.2687831,51.6026382],[3.2687282,51.6026437],[3.2686388,51.6026471],[3.2685684,51.6026538],[3.2684945,51.6026611],[3.2684355,51.6026634],[3.26835,51.6026553],[3.2682521,51.6026717],[3.2682058,51.6026761],[3.268106,51.602673],[3.2680614,51.6026773],[3.2679361,51.6026894],[3.2679171,51.6026894],[3.2677814,51.6026962],[3.2677727,51.6026971],[3.2676868,51.6027018],[3.2676362,51.6027068],[3.2676284,51.602706],[3.2676197,51.6027074],[3.2674841,51.6027235],[3.2674427,51.6027281],[3.2673399,51.6027496],[3.2672733,51.6027512],[3.2671954,51.6027439],[3.2671135,51.6027542],[3.2670511,51.6027613],[3.2669357,51.6027755],[3.2669069,51.6027794],[3.2667745,51.6027863],[3.2667625,51.6027876],[3.2667529,51.6027879],[3.2666181,51.6027814],[3.2664752,51.6027936],[3.2664738,51.6027937],[3.2664612,51.6027945],[3.2663295,51.6028104],[3.266301,51.6028126],[3.2661851,51.602809],[3.2661593,51.6028113],[3.2660408,51.6028351],[3.2659537,51.6028313],[3.2658964,51.6028288],[3.2658379,51.6028324],[3.2657521,51.602844],[3.2656737,51.6028451],[3.2656078,51.6028515],[3.265494,51.6028676],[3.2654635,51.602873],[3.2653487,51.6028685],[3.2653191,51.6028719],[3.2651973,51.6028873],[3.2651749,51.6028964],[3.2651517,51.6029018],[3.2650307,51.6029388],[3.2649498,51.6029383],[3.2648863,51.6029439],[3.2647717,51.6029597],[3.2647421,51.6029656],[3.2647198,51.6029644],[3.2645976,51.6029542],[3.2644642,51.6029721],[3.2644533,51.6029744],[3.2643137,51.6029763],[3.2642766,51.6029793],[3.2641648,51.6030124],[3.2640793,51.603033],[3.2640205,51.6030295],[3.2639601,51.6030176],[3.2638762,51.6030423],[3.2637588,51.6030536],[3.2637319,51.6030618],[3.2636491,51.6030706],[3.2637321,51.6030984],[3.2637705,51.6030943],[3.2638766,51.6031074],[3.2639786,51.6030962],[3.2640208,51.6030905],[3.2640682,51.6030991],[3.2641654,51.6031191],[3.2642728,51.603136],[3.2643099,51.6031323],[3.2643772,51.6031169],[3.2644542,51.6031169],[3.2645214,51.6031167],[3.2645985,51.6031049],[3.2647209,51.6031443],[3.2647432,51.6031523],[3.2647652,51.603158],[3.2648878,51.6031964],[3.2649915,51.6031828],[3.2650321,51.6031757],[3.265059,51.6031741],[3.2651765,51.6031795],[3.2652233,51.6031861],[3.265321,51.6031919],[3.2653985,51.6031982],[3.2654654,51.6031924],[3.2655589,51.6032144],[3.2656098,51.6032015],[3.2657023,51.6032458],[3.2657545,51.6032558],[3.2657804,51.6032617],[3.2658991,51.6032805],[3.2659687,51.6032886],[3.2660435,51.6032924],[3.2661445,51.6033077],[3.2661881,51.6033188],[3.2663158,51.603324],[3.2663325,51.6033247],[3.2664769,51.6033328],[3.2664818,51.603334],[3.2666216,51.6033859],[3.266732,51.6034233],[3.2667663,51.6034313],[3.2668616,51.603423],[3.2669106,51.6034154],[3.2670139,51.6034227],[3.2670551,51.6034274],[3.267061,51.6034263],[3.2671996,51.6034538],[3.2672498,51.6034534],[3.2673441,51.6034703],[3.2674763,51.6035038],[3.2674887,51.6035039],[3.267522,51.6035114],[3.2676333,51.6035386],[3.2676936,51.6035486],[3.2677779,51.6035706],[3.2678922,51.6036005],[3.2679225,51.6036088],[3.2680253,51.6036261],[3.2680669,51.6036207],[3.2682076,51.6036897],[3.2682118,51.6036914],[3.2682192,51.6036943],[3.2683563,51.6037207],[3.2684504,51.6037205],[3.2685007,51.6037149],[3.2686314,51.6037787],[3.2686455,51.6037858],[3.2686649,51.6037786],[3.2687897,51.6037492],[3.2688529,51.6037781],[3.2689348,51.6038663],[3.268938,51.6038658],[3.2689762,51.6038678],[3.2690718,51.6038722],[3.2690792,51.6038713],[3.2690899,51.6038742],[3.2692237,51.6038946],[3.2692987,51.6039136],[3.2693684,51.6039353],[3.2695103,51.6039549],[3.2695129,51.6039548],[3.2695224,51.6039564],[3.2695129,51.603961],[3.269438,51.6039998],[3.2694779,51.6040465],[3.2695135,51.6040629],[3.2695516,51.60407],[3.2696579,51.6040697],[3.2697024,51.6040736],[3.2698025,51.6040922],[3.2698879,51.6040822],[3.2699468,51.6040755],[3.269998,51.6040772],[3.2700913,51.6040931],[3.2701977,51.604111],[3.2702358,51.6041136],[3.2703527,51.6041173],[3.2703802,51.6041226],[3.270523,51.6041329],[3.2705247,51.6041331],[3.2705284,51.604134],[3.2706695,51.6041965],[3.2707447,51.6042234],[3.2708141,51.6042414],[3.2709521,51.6043128],[3.270959,51.604315],[3.2709712,51.6043128],[3.2711031,51.6042755],[3.2712241,51.6042975],[3.2712476,51.6042963],[3.2712937,51.604312],[3.2713922,51.604328],[3.2715111,51.6043274],[3.2715366,51.6043257],[3.2715581,51.6043248],[3.271681,51.604331],[3.2717275,51.6043399],[3.2718254,51.6043242],[3.2718625,51.6043338],[3.2719699,51.6043438],[3.2720705,51.6043727],[3.2721146,51.6043894],[3.2721535,51.6043999],[3.2722591,51.6044124],[3.272281,51.6044133],[3.2724036,51.6044304],[3.2725328,51.604489],[3.2725484,51.6044941],[3.2725614,51.604497],[3.2726928,51.6045002],[3.2728214,51.6044982],[3.2728372,51.604497],[3.272952,51.604488],[3.2729652,51.6044778],[3.2729815,51.6044848],[3.2729889,51.6044833],[3.2730651,51.6044877],[3.2731235,51.6044891],[3.2731259,51.6044886],[3.2731332,51.6044876],[3.27327,51.6044323],[3.2733382,51.6044396],[3.2734145,51.6044478],[3.2735069,51.6044867],[3.2735593,51.6045161],[3.2736445,51.6045233],[3.2737036,51.6045078],[3.2737748,51.6044861],[3.2738476,51.6044425],[3.2739001,51.6044858],[3.273923,51.604529],[3.2738987,51.6045757],[3.2738487,51.6046189],[3.2737736,51.6046659],[3.2738437,51.6047521],[3.2738431,51.6047557],[3.2738474,51.604757],[3.2738495,51.6047566],[3.2738898,51.6047556],[3.2739808,51.6047472],[3.2739939,51.6047504],[3.2740027,51.6047498],[3.2741382,51.6047426],[3.2742696,51.6047466],[3.2742827,51.6047474],[3.2742984,51.6047448],[3.2744268,51.6047109],[3.2744952,51.6047116],[3.2745711,51.6046875],[3.2746917,51.6046786],[3.2747154,51.604679],[3.2747477,51.6046837],[3.2748424,51.6046634],[3.2748597,51.60466],[3.2748763,51.604653],[3.2749021,51.6046633],[3.2750042,51.6046731],[3.2750351,51.604663],[3.2751483,51.6046281],[3.2752354,51.6046268],[3.2752928,51.6046389],[3.2753912,51.6046007],[3.2754369,51.6045963],[3.2754652,51.6045721],[3.275581,51.6045409],[3.2756611,51.6045216],[3.2757253,51.6045233],[3.2758544,51.6044906],[3.2758695,51.6044909],[3.2758909,51.6044811],[3.2760137,51.6044585],[3.2760976,51.6044283],[3.2761579,51.6044203],[3.2762458,51.6043904],[3.276302,51.6043797],[3.2763213,51.6043782],[3.2764464,51.6043823],[3.276473,51.6043733],[3.2765453,51.6043897],[3.2764465,51.6044043],[3.2763692,51.60448],[3.2763027,51.6044984],[3.2761628,51.6045704],[3.2761588,51.6045723],[3.2761521,51.6045746],[3.2760146,51.6046047],[3.2759214,51.6046609],[3.2758706,51.6046801],[3.2757615,51.6047294],[3.2757265,51.6047284],[3.2756958,51.6047513],[3.2755825,51.60479],[3.2755057,51.6048417],[3.2754386,51.6048774],[3.2753137,51.6049321],[3.2752946,51.6049446],[3.275193,51.6050223],[3.2751509,51.6050504],[3.2750395,51.6051126],[3.275007,51.6051291],[3.2748682,51.6052029],[3.274863,51.6052051],[3.274839,51.6052179],[3.2747187,51.6052225],[3.2746517,51.6052933],[3.2745749,51.6053179],[3.2744793,51.6053836],[3.274431,51.6054031],[3.2743387,51.6054416],[3.2742868,51.6054376],[3.2741537,51.6054743],[3.2741427,51.6054812],[3.2740494,51.6055644],[3.2739989,51.6055795],[3.273932,51.6056064],[3.2738548,51.6056248],[3.2737393,51.6056371],[3.2737105,51.6056448],[3.2736466,51.6056553],[3.2735663,51.6056808],[3.273528,51.6056794],[3.2734221,51.605721],[3.2732953,51.6057352],[3.2732779,51.6057429],[3.2732575,51.6057461],[3.2731338,51.6058057],[3.2730323,51.6058099],[3.2729896,51.6058256],[3.2728999,51.6058369],[3.2728457,51.6059092],[3.272749,51.6058974],[3.2727013,51.6059194],[3.2726607,51.6059273],[3.2727016,51.6059671],[3.2728051,51.6059524],[3.2728459,51.6059465],[3.2729235,51.6060166],[3.2729908,51.6060402],[3.2730493,51.6060164],[3.2731349,51.6059827],[3.2732386,51.6059905],[3.2732794,51.6059953],[3.2733365,51.6059801],[3.2733748,51.6060156],[3.2734241,51.6060549],[3.273479,51.6060154],[3.2735681,51.605989],[3.2736159,51.606015],[3.273713,51.6060652],[3.2738352,51.6060905],[3.2738575,51.6060876],[3.2738726,51.6061044],[3.2739023,51.606132],[3.2738578,51.6061256],[3.2737499,51.6061946],[3.2738584,51.606228],[3.2739383,51.6062438],[3.2740028,51.6062355],[3.2740769,51.6062399],[3.2741474,51.6062658],[3.2742186,51.6062834],[3.2742921,51.606306],[3.2744097,51.6062829],[3.2744363,51.6062769],[3.2745719,51.6062771],[3.2745807,51.6062771],[3.2745909,51.6062825],[3.2747254,51.6063321],[3.2748486,51.6063585],[3.27487,51.6063586],[3.2749843,51.6063528],[3.2750144,51.6063595],[3.2750674,51.6063713],[3.2751591,51.6064093],[3.2752329,51.6063709],[3.2753031,51.6063436],[3.2753969,51.6062806],[3.275447,51.6062643],[3.2755699,51.6062802],[3.2754477,51.6063685],[3.2754439,51.6063704],[3.2754477,51.6063727],[3.2755912,51.6063706],[3.2755921,51.6063705],[3.2755932,51.6063701],[3.2756218,51.6062989],[3.2757364,51.6063543],[3.2758165,51.6063195],[3.2758805,51.6063074],[3.2759719,51.6063361],[3.2760249,51.6063142],[3.2761127,51.6063142],[3.2760386,51.606369],[3.2760254,51.6063896],[3.2759577,51.6064169],[3.27599,51.6064591],[3.276026,51.6064882],[3.2761066,51.6065089],[3.2761707,51.6065362],[3.2762211,51.6065484],[3.2763154,51.606584],[3.2764112,51.6066379],[3.2764602,51.6066523],[3.276507,51.6066668],[3.2766047,51.6066603],[3.2767176,51.6067271],[3.2767496,51.6067523],[3.2767876,51.6067506],[3.2768941,51.6067682],[3.277016,51.6068021],[3.2770388,51.6068078],[3.2770597,51.6068162],[3.2771268,51.6068706],[3.2770389,51.6068373],[3.2769398,51.6069064],[3.2770396,51.6069527],[3.2771325,51.6069959],[3.2771844,51.6070139],[3.2772814,51.6070854],[3.2773295,51.6071205],[3.2774591,51.6071749],[3.2774742,51.6071814],[3.2775079,51.6071957],[3.2776191,51.6072483],[3.2776439,51.6072489],[3.2777634,51.6072348],[3.2778478,51.6072639],[3.2779081,51.6072883],[3.2779649,51.607299],[3.2780527,51.6073098],[3.2781306,51.6073118],[3.2781971,51.6073156],[3.2782876,51.6072963],[3.2783413,51.6072875],[3.2784107,51.6073057],[3.2784859,51.6073205],[3.2785451,51.6073522],[3.2784867,51.6074387],[3.2784843,51.6074408],[3.2784853,51.6074422],[3.2784867,51.6074452],[3.2785623,51.607532],[3.2784877,51.607607],[3.2784059,51.6075832],[3.2783433,51.6076067],[3.2783172,51.6076225],[3.2783435,51.6076449],[3.2783939,51.6076536],[3.2784878,51.6076331],[3.2785881,51.6076494],[3.2786323,51.6076401],[3.2787361,51.6076859],[3.2787771,51.6076985],[3.2787925,51.6077016],[3.2789213,51.6076702],[3.2789779,51.6076756],[3.2790656,51.6076608],[3.2791255,51.6076579],[3.2792101,51.6076666],[3.2793017,51.6076772],[3.2793545,51.6076755],[3.279404,51.6076791],[3.2794988,51.6076585],[3.2796132,51.6076381],[3.2796431,51.6076315],[3.2797769,51.6076256],[3.2797874,51.6076238],[3.2798055,51.6076189],[3.2799316,51.6075769],[3.2800439,51.6075483],[3.2800758,51.607543],[3.2801196,51.6075283],[3.2802199,51.607506],[3.2802726,51.607495],[3.2803643,51.6075018],[3.2804689,51.6075274],[3.2803646,51.6075488],[3.2802842,51.6076178],[3.2802208,51.6076528],[3.2801388,51.6077081],[3.280077,51.6077363],[3.2799755,51.6077717],[3.2799328,51.6077795],[3.2799071,51.6077985],[3.2797889,51.6078602],[3.2796851,51.607889],[3.2796448,51.607907],[3.2795724,51.6079344],[3.2795007,51.6079646],[3.279456,51.6079794],[3.2793567,51.6080221],[3.2792543,51.6080698],[3.2792127,51.6080879],[3.2791218,51.6081269],[3.2790687,51.6081528],[3.2790534,51.6081602],[3.2789248,51.6082392],[3.2788878,51.6082505],[3.2787808,51.6083041],[3.2787042,51.6083409],[3.2786368,51.6083745],[3.2785298,51.6084312],[3.278493,51.6084786],[3.2783541,51.6085183],[3.2783489,51.6085209],[3.2783469,51.6085216],[3.2783426,51.6085255],[3.278274,51.6086116],[3.2783443,51.6086979],[3.2783375,51.6087014],[3.2783625,51.6087091],[3.2784947,51.608757],[3.2785834,51.6087008],[3.2786386,51.6086747],[3.2787498,51.6086311],[3.2787828,51.6086355],[3.2788477,51.6086599],[3.2788104,51.6087003],[3.2789281,51.6087733],[3.2789618,51.6087688],[3.2790724,51.6087568],[3.2791669,51.6087894],[3.2792172,51.6088204],[3.2793421,51.6087889],[3.2793558,51.6087855],[3.2793614,51.6087864],[3.2793724,51.6087889],[3.279506,51.6088229],[3.2796002,51.6088469],[3.2796506,51.6088555],[3.2797011,51.608878],[3.2797955,51.6089265],[3.2798749,51.6089675],[3.2799404,51.6090188],[3.280012,51.6090571],[3.2800854,51.6091089],[3.2801417,51.6090919],[3.2802299,51.6091242],[3.2803424,51.6091462],[3.2803745,51.6091562],[3.2803992,51.6091614],[3.2805191,51.6091795],[3.2806121,51.6092034],[3.2806637,51.6092148],[3.2807754,51.6092148],[3.2808082,51.6092212],[3.2808532,51.6092349],[3.2809528,51.609253],[3.2810597,51.6092578],[3.2810971,51.6092493],[3.2811243,51.6092512],[3.2812416,51.6092605],[3.2813319,51.6092675],[3.281386,51.6092602],[3.2814257,51.6092582],[3.2815305,51.609264],[3.2816158,51.6092861],[3.2816748,51.6092536],[3.2817435,51.60928],[3.2817119,51.6093228],[3.2816754,51.6093411],[3.281572,51.609413],[3.2815316,51.6094392],[3.2813924,51.6095034],[3.2813876,51.6095066],[3.2813658,51.609517],[3.2812436,51.6095821],[3.2812293,51.6095937],[3.2810998,51.6096806],[3.2810924,51.6096839],[3.2810266,51.6097298],[3.2809706,51.6097741],[3.280956,51.6097853],[3.2808366,51.6098644],[3.2808893,51.6099121],[3.2808124,51.6099166],[3.280795,51.6099544],[3.2808128,51.6099822],[3.2808647,51.6099865],[3.2809573,51.6099904],[3.2810791,51.6099677],[3.2811016,51.6099637],[3.2812397,51.6100432],[3.2812465,51.6100459],[3.2812898,51.6100431],[3.2813653,51.6100271],[3.2813908,51.6100366],[3.2815353,51.6100411],[3.2815429,51.6100425],[3.2816798,51.6100598],[3.2817191,51.6100665],[3.2818242,51.6100595],[3.2818731,51.6100721],[3.2819689,51.610106],[3.2821113,51.6101297],[3.2821135,51.6101299],[3.2821167,51.610129],[3.2821606,51.6101309],[3.2822579,51.6101339],[3.282383,51.6102203],[3.2824029,51.610231],[3.2824302,51.6102372],[3.2825475,51.6102468],[3.2826434,51.6102499],[3.2826919,51.6102465],[3.2828299,51.6102231],[3.2828361,51.6102231],[3.2828428,51.6102234],[3.2829808,51.6102605],[3.2830696,51.6103086],[3.2831259,51.6103713],[3.2831582,51.6103983],[3.2831796,51.6104314],[3.2832224,51.610488],[3.2832712,51.6105221],[3.2833461,51.6105343],[3.2835048,51.6105428],[3.2835603,51.610563],[3.283587,51.6105771],[3.2837051,51.610617],[3.2838487,51.6106657],[3.2838498,51.6106659],[3.2838513,51.6106664],[3.2838549,51.6106695],[3.2839622,51.610756],[3.283995,51.6107904],[3.2840698,51.6108457],[3.2841399,51.6108717],[3.2842679,51.6109351],[3.2842848,51.6109408],[3.2842976,51.610943],[3.2844294,51.6109724],[3.2845346,51.6109999],[3.284574,51.6110064],[3.2846134,51.6110242],[3.284719,51.6110895],[3.2847812,51.6111137],[3.2848637,51.6111477],[3.2849647,51.6112032],[3.2850086,51.6112272],[3.2851482,51.6112894],[3.2851535,51.6112916],[3.2851551,51.6112926],[3.2851561,51.6112942],[3.2851973,51.6113824],[3.2852987,51.6114191],[3.2854275,51.6114619],[3.2854434,51.611468],[3.2854865,51.6114716],[3.2855879,51.6114844],[3.2856341,51.6114999],[3.2857327,51.6115418],[3.2857963,51.6115608],[3.2858774,51.6115851],[3.285958,51.6116503],[3.2860224,51.6116831],[3.2861037,51.6117399],[3.2860453,51.6118162],[3.2860481,51.6118299],[3.2861682,51.6119041],[3.2861993,51.6119001],[3.2863126,51.6118933],[3.2863921,51.611919],[3.2864002,51.6119732],[3.2864291,51.6120088],[3.2864578,51.6120197],[3.2864916,51.6120297],[3.2866024,51.6120448],[3.28671,51.612075],[3.2867471,51.6120855],[3.2867625,51.6120979],[3.2868921,51.6121755],[3.2869108,51.6121875],[3.2870369,51.6122463],[3.2871123,51.6122769],[3.2871818,51.6123169],[3.287286,51.6123412],[3.2873265,51.6123569],[3.2873545,51.6123662],[3.2874713,51.6124143],[3.287602,51.6124555],[3.287616,51.6124615],[3.2877556,51.6125451],[3.2877609,51.6125482],[3.2877703,51.6125509],[3.2879057,51.6126018],[3.2879832,51.6126344],[3.2880506,51.6126733],[3.2881327,51.612724],[3.2881958,51.6128025],[3.2882102,51.6128137],[3.2883408,51.6128939],[3.2883529,51.6129033],[3.2884858,51.6129827],[3.2885153,51.6129928],[3.2886305,51.6130268],[3.288739,51.6130822],[3.2887754,51.6130947],[3.288819,51.6131091],[3.28892,51.6131325],[3.2890583,51.6131673],[3.2890647,51.6131677],[3.2890847,51.6131712],[3.2892092,51.6131865],[3.2892342,51.6131864],[3.2893538,51.6132109],[3.2894463,51.6132603],[3.2894987,51.6132849],[3.2895714,51.6133051],[3.2896434,51.6133273],[3.2897235,51.6133495],[3.2897883,51.6133973],[3.2898344,51.6134391],[3.2898452,51.6134743],[3.2898648,51.613529],[3.2897896,51.6136051],[3.2897752,51.6136191],[3.2897897,51.6136262],[3.2899262,51.6137087],[3.2899347,51.6137139],[3.2899509,51.6137186],[3.2900793,51.6137411],[3.2901909,51.6137979],[3.2902242,51.6138184],[3.2902882,51.6138374],[3.2903688,51.6138494],[3.2904573,51.6138523],[3.2905134,51.6138696],[3.2905578,51.6138869],[3.2906582,51.6139276],[3.2907713,51.6139567],[3.2908029,51.6139662],[3.2908259,51.6139762],[3.2909094,51.614042],[3.2909352,51.6140658],[3.290948,51.6140715],[3.290969,51.6140788],[3.2910927,51.6141263],[3.2911491,51.6141552],[3.2912377,51.6142011],[3.2913427,51.6142201],[3.2913823,51.614233],[3.2913983,51.6142445],[3.2915272,51.6143126],[3.2916553,51.6143236],[3.2916717,51.614324],[3.2916895,51.6143337],[3.2918166,51.6143976],[3.2919326,51.614423],[3.2919613,51.6144351],[3.2920601,51.614484],[3.2921062,51.6145088],[3.292115,51.6145125],[3.2922511,51.614583],[3.2922987,51.6146019],[3.2923959,51.6146393],[3.2924702,51.6146477],[3.2925405,51.6146705],[3.2926109,51.6146911],[3.2926854,51.614739],[3.292805,51.6147805],[3.2928301,51.6147876],[3.292944,51.6148508],[3.2929751,51.6148681],[3.2929788,51.61487],[3.29312,51.6149433],[3.2931823,51.6149594],[3.2932646,51.6149763],[3.2933832,51.6150324],[3.2934095,51.6150444],[3.293419,51.6150487],[3.2935543,51.6151012],[3.2936249,51.6151381],[3.2936994,51.6152033],[3.2937669,51.6152277],[3.2937725,51.6152729],[3.2938073,51.6153175],[3.2938448,51.6153561],[3.2939231,51.6153659],[3.2939895,51.615391],[3.2940143,51.6154069],[3.2941344,51.6154728],[3.2941817,51.6154964],[3.2942795,51.6155665],[3.2943233,51.6155859],[3.2944242,51.6156145],[3.2945452,51.6156605],[3.294569,51.6156676],[3.2945805,51.6156752],[3.294714,51.6157579],[3.2948014,51.6157646],[3.2948585,51.6157707],[3.2949929,51.615854],[3.2950035,51.6158574],[3.2950164,51.615862],[3.2951483,51.615909],[3.2952368,51.6159433],[3.2952931,51.6159651],[3.295438,51.6160341],[3.2954444,51.6160367],[3.2955828,51.6160915],[3.2957137,51.6161219],[3.2957274,51.616127],[3.2958502,51.6162115],[3.2958724,51.6162176],[3.2959042,51.6162311],[3.2960171,51.6162534],[3.296136,51.6163007],[3.2961619,51.6163111],[3.2962937,51.6163821],[3.2963069,51.6163894],[3.2963096,51.6163902],[3.2964516,51.6164405],[3.2965614,51.6164795],[3.2965964,51.6164967],[3.2966926,51.6165691],[3.2967415,51.6165865],[3.2968589,51.6166415],[3.2968863,51.6166526],[3.296899,51.6166584],[3.2969514,51.6166987],[3.2970195,51.6167481],[3.2970314,51.6167536],[3.2970516,51.6167605],[3.2971762,51.6168052],[3.2972499,51.6168374],[3.2973211,51.6168748],[3.2974217,51.6168995],[3.2974657,51.6169107],[3.2974929,51.6169267],[3.2976107,51.6169899],[3.2976637,51.6170162],[3.2977555,51.6170519],[3.2978893,51.6171055],[3.2979004,51.6171118],[3.2979342,51.6171264],[3.2980452,51.6171641],[3.2980988,51.6171949],[3.29819,51.6172249],[3.2982591,51.6172375],[3.2983346,51.617257],[3.2984535,51.6172839],[3.2984793,51.6172923],[3.2985065,51.6173007],[3.2986241,51.6173488],[3.2986994,51.6173732],[3.2987688,51.6173933],[3.2988821,51.6174431],[3.2989137,51.6174563],[3.2989262,51.6174625],[3.2990585,51.6175185],[3.2991879,51.6175423],[3.2992031,51.6175431],[3.2992191,51.6175517],[3.2993481,51.6176237],[3.2993823,51.6176412],[3.2994929,51.617682],[3.2996038,51.6177306],[3.2996378,51.6177473],[3.2996993,51.6177686],[3.2997826,51.6177986],[3.2998632,51.6178198],[3.2999273,51.6178448],[3.3000683,51.6179092],[3.3000722,51.6179107],[3.3000771,51.6179122],[3.300217,51.617961],[3.3003112,51.6179985],[3.3003618,51.6180221],[3.3004683,51.6180642],[3.3005066,51.618081],[3.3005337,51.6180879],[3.3006514,51.6181367],[3.3007485,51.6181772],[3.3007963,51.6181994],[3.3009081,51.6182667],[3.3009413,51.6182847],[3.3009861,51.6182944],[3.301086,51.6183297],[3.3011529,51.618356],[3.3012309,51.6183986],[3.3013164,51.6184455],[3.3013758,51.6184698],[3.3014386,51.6184842],[3.3015205,51.6185035],[3.3015928,51.6185347],[3.3016654,51.6185702],[3.301784,51.6186241],[3.3018103,51.6186349],[3.3018789,51.6186665],[3.3019552,51.6187032],[3.3019755,51.6187136],[3.3021,51.6187659],[3.3021946,51.6188029],[3.3022449,51.6188271],[3.3023715,51.6188924],[3.3023898,51.6189031],[3.3025318,51.6189819],[3.3025348,51.6189837],[3.3025394,51.6189847],[3.3026794,51.6190128],[3.3027909,51.6190711],[3.3028244,51.6190905],[3.3029335,51.6191607],[3.3029695,51.6191909],[3.3030459,51.6192079],[3.3031142,51.6192257],[3.3031618,51.61925],[3.3032591,51.6192949],[3.3033526,51.6193394],[3.303404,51.6193672],[3.3035299,51.6194172],[3.3035488,51.6194252],[3.3035589,51.6194288],[3.3036937,51.6194906],[3.3038056,51.6195181],[3.3038384,51.6195238],[3.3039032,51.619558],[3.3039833,51.619599],[3.3040186,51.6196074],[3.3041281,51.6196462],[3.3042384,51.6196754],[3.3042728,51.6196906],[3.3042979,51.6196966],[3.3044176,51.6197431],[3.3044962,51.619786],[3.3045625,51.619813],[3.3046601,51.6198462],[3.3047073,51.6198636],[3.3047484,51.6198753],[3.3048522,51.6199208],[3.304968,51.6199646],[3.304997,51.6199791],[3.3050523,51.6199988],[3.3051419,51.6200428],[3.3051664,51.620054],[3.3052867,51.6201052],[3.3054102,51.6201433],[3.3054315,51.6201566],[3.305464,51.6201634],[3.3055762,51.6201949],[3.3056475,51.6202326],[3.3057211,51.620261],[3.3058369,51.6203221],[3.3058661,51.6203397],[3.3059002,51.6203431],[3.3060107,51.6203693],[3.3061279,51.6204112],[3.3061556,51.6204261],[3.3061936,51.6204347],[3.3063003,51.6204737],[3.3064347,51.6205003],[3.306445,51.6205045],[3.3064772,51.6205202],[3.30659,51.6205836],[3.3066025,51.6205898],[3.306735,51.6206702],[3.3067563,51.6206793],[3.3068798,51.6207273],[3.3070065,51.6207574],[3.3070245,51.6207628],[3.3070374,51.6207685],[3.3071695,51.6208371],[3.307236,51.6208579],[3.3073143,51.6208888],[3.307417,51.6209473],[3.3074592,51.6209663],[3.3075398,51.620997],[3.307604,51.6210183],[3.307749,51.6210942],[3.3078358,51.6211261],[3.3078938,51.6211428],[3.3079535,51.6211629],[3.3080385,51.6211777],[3.3081008,51.6212153],[3.3081835,51.6212619],[3.3082727,51.6213048],[3.3083284,51.6213303],[3.308381,51.6213372],[3.308473,51.6213461],[3.3085561,51.6213939],[3.308618,51.6214265],[3.3087083,51.6214497],[3.3087627,51.621464],[3.3088528,51.6214831],[3.3089073,51.6214993],[3.3089996,51.6215726],[3.3090525,51.6215998],[3.3091478,51.6216314],[3.3091972,51.6216454],[3.3092346,51.6216619],[3.3093421,51.6217023],[3.3094678,51.6217512],[3.3094869,51.6217576],[3.3095179,51.6217703],[3.3096318,51.6218192],[3.3097317,51.6218404],[3.3097765,51.6218547],[3.309844,51.621882],[3.3099213,51.6219167],[3.3099705,51.6219297],[3.3100661,51.6219558],[3.310158,51.6219863],[3.3102109,51.6220091],[3.31024,51.6220189],[3.3103558,51.6220847],[3.3104102,51.6221084],[3.3105007,51.6221393],[3.3105764,51.622155],[3.3106453,51.6221629],[3.3106956,51.6221975],[3.3107903,51.6222461],[3.310923,51.6222794],[3.310935,51.6222815],[3.3109471,51.6222868],[3.3110799,51.6223505],[3.311144,51.6223762],[3.3112247,51.6224031],[3.3113058,51.6224261],[3.3113695,51.622442],[3.3114349,51.6224653],[3.3115144,51.6225058],[3.3116312,51.6225374],[3.3116591,51.6225489],[3.3116781,51.6225546],[3.311804,51.622616],[3.3118887,51.6226439],[3.3119488,51.6226621],[3.3120563,51.6227102],[3.3120937,51.6227268],[3.3121138,51.6227333],[3.3122384,51.62277],[3.312324,51.6228226],[3.3123834,51.6228474],[3.312451,51.6228642],[3.3125281,51.6228806],[3.3125921,51.6229118],[3.3126732,51.6229749],[3.3127398,51.6230013],[3.3128181,51.623035],[3.3128913,51.6230465],[3.3129627,51.6230659],[3.3130158,51.6230905],[3.3131077,51.6231408],[3.3132239,51.6231799],[3.3132525,51.6231873],[3.3132739,51.623193],[3.3133973,51.6232352],[3.3134916,51.6232691],[3.3135421,51.6232948],[3.3135902,51.6232987],[3.3136868,51.6233219],[3.3137832,51.6233582],[3.3138317,51.6233882],[3.3139438,51.6234274],[3.3139765,51.6234427],[3.314011,51.6234475],[3.3141214,51.623501],[3.3141959,51.6235369],[3.3142663,51.6235637],[3.3143817,51.6236081],[3.3144111,51.6236226],[3.3144281,51.6236262],[3.3145559,51.6236618],[3.3147007,51.6237191],[3.3147094,51.6237208],[3.3148456,51.6237744],[3.314973,51.6238046],[3.3149903,51.6238147],[3.3151319,51.6238941],[3.3151353,51.6238962],[3.3151448,51.6238999],[3.3152803,51.6239659],[3.3153373,51.6239835],[3.3154251,51.6240249],[3.3155162,51.6240729],[3.3155701,51.6240914],[3.3156409,51.6241165],[3.3157149,51.6241403],[3.3157749,51.6241621],[3.3158597,51.6241888],[3.315985,51.6242515],[3.3160295,51.6242668],[3.3161492,51.6242808],[3.3162514,51.6243407],[3.3162942,51.6243547],[3.3163298,51.6243626],[3.3164387,51.6243652],[3.3165603,51.6244298],[3.3165837,51.6244396],[3.3166172,51.6244504],[3.3167284,51.6244784],[3.3167844,51.6245191],[3.3168735,51.6245625],[3.3170072,51.6246015],[3.3170182,51.6246027],[3.3170415,51.6246083],[3.3171629,51.6246354],[3.3172847,51.6246832],[3.3173078,51.6246926],[3.317319,51.6246975],[3.3174527,51.6247547],[3.3175383,51.6247868],[3.3175975,51.6248074],[3.3177335,51.6248762],[3.3177424,51.6248793],[3.3177529,51.6248826],[3.3178871,51.6249029],[3.3179814,51.624934],[3.3180319,51.6249487],[3.3181503,51.6249649],[3.3181765,51.6249711],[3.3182083,51.6249846],[3.318239,51.625]]},"properties":{"rawObjectClass":"DEPCNT","VALDCO":20,"depthDatum":"Approximate LAT","depthDatumCode":42,"depthDatumStatus":"VERIFIED_FROM_OFFICIAL_DOCUMENTATION","verticalDatum":"Local Datum","verticalDatumCode":24,"napIdentityStatus":"UNVERIFIED","sourceKind":"official","sourceCellId":"1R7588LI","sourceStableId":"1F2B69F1AB1B7548","sourceChecksum":"fcefec7e07170c4b859138c34376143c7aa4e9f8e653fc723d6bbe65dbf3c0a2","pipelineFeatureId":"1R7588LI/DEPCNT/1271588030","provenance":{"cellId":"1R7588LI","checksum":"fcefec7e07170c4b859138c34376143c7aa4e9f8e653fc723d6bbe65dbf3c0a2","readerVersion":"GDAL 3.2.2","processedAt":"2026-08-11T18:29:20.995Z"},"sourceProperties":{"RCID":1271588030,"PRIM":2,"GRUP":2,"OBJL":43,"RVER":1,"AGEN":7979,"FIDN":1777445659,"FIDS":30024,"LNAM":"1F2B69F1AB1B7548","VALDCO":20,"SCAMIN":50000,"sourceCellId":"1R7588LI","sourceChecksum":"fcefec7e07170c4b859138c34376143c7aa4e9f8e653fc723d6bbe65dbf3c0a2","rawObjectClass":"DEPCNT","sourceStableId":"1F2B69F1AB1B7548"}}},{"type":"Feature","geometry":{"type":"LineString","coordinates":[[3.1356445,51.575],[3.1355729,51.5750447],[3.1355503,51.5750548],[3.1354288,51.5751287],[3.1353923,51.5751449],[3.1352848,51.57521],[3.1352604,51.575235],[3.1351408,51.5753098],[3.1350749,51.5753251],[3.1349966,51.5753737],[3.1349652,51.5754151],[3.1349261,51.5754593],[3.1349087,51.5755051],[3.1349314,51.575554],[3.1348985,51.575595],[3.1349974,51.5756216],[3.1350403,51.5755949],[3.1351414,51.5755389],[3.1351921,51.5755048],[3.1352854,51.5754303],[3.1353036,51.5754147],[3.1353455,51.5753772],[3.135385,51.5753247],[3.1354293,51.5752884],[3.1354982,51.5752817],[3.1355735,51.5752671],[3.1356012,51.5752346],[3.1357176,51.5751738],[3.1357659,51.5751746],[3.1358619,51.5751728],[3.1358942,51.5751443],[3.1359325,51.5751001],[3.1358616,51.5750839],[3.1358075,51.5750545],[3.1358614,51.5750205],[3.1358999,51.575]]},"properties":{"rawObjectClass":"DEPCNT","VALDCO":20,"depthDatum":"Approximate LAT","depthDatumCode":42,"depthDatumStatus":"VERIFIED_FROM_OFFICIAL_DOCUMENTATION","verticalDatum":"Local Datum","verticalDatumCode":24,"napIdentityStatus":"UNVERIFIED","sourceKind":"official","sourceCellId":"1R7588LI","sourceStableId":"1F2B69F1AB1B7549","sourceChecksum":"fcefec7e07170c4b859138c34376143c7aa4e9f8e653fc723d6bbe65dbf3c0a2","pipelineFeatureId":"1R7588LI/DEPCNT/1271588031","provenance":{"cellId":"1R7588LI","checksum":"fcefec7e07170c4b859138c34376143c7aa4e9f8e653fc723d6bbe65dbf3c0a2","readerVersion":"GDAL 3.2.2","processedAt":"2026-08-11T18:29:20.995Z"},"sourceProperties":{"RCID":1271588031,"PRIM":2,"GRUP":2,"OBJL":43,"RVER":1,"AGEN":7979,"FIDN":1777445659,"FIDS":30025,"LNAM":"1F2B69F1AB1B7549","VALDCO":20,"SCAMIN":50000,"sourceCellId":"1R7588LI","sourceChecksum":"fcefec7e07170c4b859138c34376143c7aa4e9f8e653fc723d6bbe65dbf3c0a2","rawObjectClass":"DEPCNT","sourceStableId":"1F2B69F1AB1B7549"}}},{"type":"Feature","geometry":{"type":"LineString","coordinates":[[3.1333333,51.5807982],[3.1334251,51.5807776],[3.1335555,51.5807218],[3.1335692,51.5807119],[3.133681,51.5807014],[3.1336264,51.5806318],[3.1337077,51.5805452],[3.1337072,51.5805418],[3.133713,51.5805319],[3.133753,51.5804518],[3.133857,51.5804132],[3.1339326,51.5803617],[3.134001,51.5802882],[3.1341208,51.5802716],[3.1341452,51.58026],[3.1341708,51.5802555],[3.1342893,51.580193],[3.1343046,51.5801814],[3.1343193,51.5801103],[3.1343142,51.5800915],[3.1343608,51.5800467],[3.1342889,51.5800377],[3.1341864,51.5800657],[3.1341447,51.5800874],[3.1341209,51.5800917],[3.1340981,51.5801526],[3.1341085,51.5801817],[3.1340009,51.5802541],[3.1339477,51.5802387],[3.1338564,51.5802217],[3.1338136,51.5802087],[3.1337122,51.5802327],[3.1335962,51.5802722],[3.133568,51.5802822],[3.1335277,51.5802974],[3.1335272,51.5802723],[3.1334958,51.5802272],[3.1334236,51.580263],[3.1333811,51.5802724],[3.1333333,51.5802884]]},"properties":{"rawObjectClass":"DEPCNT","VALDCO":20,"depthDatum":"Approximate LAT","depthDatumCode":42,"depthDatumStatus":"VERIFIED_FROM_OFFICIAL_DOCUMENTATION","verticalDatum":"Local Datum","verticalDatumCode":24,"napIdentityStatus":"UNVERIFIED","sourceKind":"official","sourceCellId":"1R7588LI","sourceStableId":"1F2B69F1AB1B754A","sourceChecksum":"fcefec7e07170c4b859138c34376143c7aa4e9f8e653fc723d6bbe65dbf3c0a2","pipelineFeatureId":"1R7588LI/DEPCNT/1271588032","provenance":{"cellId":"1R7588LI","checksum":"fcefec7e07170c4b859138c34376143c7aa4e9f8e653fc723d6bbe65dbf3c0a2","readerVersion":"GDAL 3.2.2","processedAt":"2026-08-11T18:29:20.995Z"},"sourceProperties":{"RCID":1271588032,"PRIM":2,"GRUP":2,"OBJL":43,"RVER":1,"AGEN":7979,"FIDN":1777445659,"FIDS":30026,"LNAM":"1F2B69F1AB1B754A","VALDCO":20,"SCAMIN":50000,"sourceCellId":"1R7588LI","sourceChecksum":"fcefec7e07170c4b859138c34376143c7aa4e9f8e653fc723d6bbe65dbf3c0a2","rawObjectClass":"DEPCNT","sourceStableId":"1F2B69F1AB1B754A"}}},{"type":"Feature","geometry":{"type":"LineString","coordinates":[[3.2780028,51.6176938],[3.2779715,51.6176741],[3.2778398,51.6176043],[3.2778266,51.6175926],[3.2777464,51.6175547],[3.2777445,51.6176045],[3.2777528,51.6176482],[3.2777615,51.6176944],[3.2777939,51.6177632],[3.2777905,51.6177842],[3.2777701,51.6178381],[3.2778019,51.6178741],[3.2778284,51.6178872],[3.2778997,51.6179181],[3.2779732,51.617942],[3.2780274,51.6179296],[3.2780983,51.6179633],[3.2781178,51.6179667],[3.2781253,51.6179679],[3.2781435,51.6179632],[3.2782185,51.6179359],[3.2781496,51.6178733],[3.2781654,51.6178431],[3.27818,51.6177833],[3.2781166,51.617772],[3.2780028,51.6176938]]},"properties":{"rawObjectClass":"DEPCNT","VALDCO":20,"depthDatum":"Approximate LAT","depthDatumCode":42,"depthDatumStatus":"VERIFIED_FROM_OFFICIAL_DOCUMENTATION","verticalDatum":"Local Datum","verticalDatumCode":24,"napIdentityStatus":"UNVERIFIED","sourceKind":"official","sourceCellId":"1R7588LI","sourceStableId":"1F2B69F1AB1B754B","sourceChecksum":"fcefec7e07170c4b859138c34376143c7aa4e9f8e653fc723d6bbe65dbf3c0a2","pipelineFeatureId":"1R7588LI/DEPCNT/1271588033","provenance":{"cellId":"1R7588LI","checksum":"fcefec7e07170c4b859138c34376143c7aa4e9f8e653fc723d6bbe65dbf3c0a2","readerVersion":"GDAL 3.2.2","processedAt":"2026-08-11T18:29:20.995Z"},"sourceProperties":{"RCID":1271588033,"PRIM":2,"GRUP":2,"OBJL":43,"RVER":1,"AGEN":7979,"FIDN":1777445659,"FIDS":30027,"LNAM":"1F2B69F1AB1B754B","VALDCO":20,"SCAMIN":50000,"sourceCellId":"1R7588LI","sourceChecksum":"fcefec7e07170c4b859138c34376143c7aa4e9f8e653fc723d6bbe65dbf3c0a2","rawObjectClass":"DEPCNT","sourceStableId":"1F2B69F1AB1B754B"}}},{"type":"Feature","geometry":{"type":"LineString","coordinates":[[3.1803,51.6097997],[3.1802767,51.6098067],[3.1801973,51.6097922],[3.1801554,51.6097347],[3.1801391,51.6097125],[3.1800111,51.6097625],[3.1799006,51.6097716],[3.1798667,51.6097773],[3.1798431,51.609778],[3.1797222,51.6097525],[3.1795842,51.6097032],[3.1795776,51.6096965],[3.1795635,51.6096945],[3.1794329,51.6096429],[3.1793402,51.6096137],[3.1794017,51.6095429],[3.1792881,51.6095429],[3.1791921,51.609524],[3.179288,51.6095143],[3.179417,51.609514],[3.1794325,51.6095163],[3.1795089,51.6095235],[3.1795597,51.6095342],[3.1795769,51.6095317],[3.1795905,51.6095318],[3.1797213,51.6095348],[3.1797354,51.6095319],[3.1798659,51.6095607],[3.1799967,51.6096127],[3.1800105,51.609623],[3.1801078,51.6096729],[3.1801552,51.6096949],[3.1801683,51.6097023],[3.1802999,51.6097648],[3.1803556,51.609792],[3.1803203,51.6098046],[3.1803,51.6097997]]},"properties":{"rawObjectClass":"DEPCNT","VALDCO":20,"depthDatum":"Approximate LAT","depthDatumCode":42,"depthDatumStatus":"VERIFIED_FROM_OFFICIAL_DOCUMENTATION","verticalDatum":"Local Datum","verticalDatumCode":24,"napIdentityStatus":"UNVERIFIED","sourceKind":"official","sourceCellId":"1R7588LI","sourceStableId":"1F2B69F1AB1B754C","sourceChecksum":"fcefec7e07170c4b859138c34376143c7aa4e9f8e653fc723d6bbe65dbf3c0a2","pipelineFeatureId":"1R7588LI/DEPCNT/1271588034","provenance":{"cellId":"1R7588LI","checksum":"fcefec7e07170c4b859138c34376143c7aa4e9f8e653fc723d6bbe65dbf3c0a2","readerVersion":"GDAL 3.2.2","processedAt":"2026-08-11T18:29:20.995Z"},"sourceProperties":{"RCID":1271588034,"PRIM":2,"GRUP":2,"OBJL":43,"RVER":1,"AGEN":7979,"FIDN":1777445659,"FIDS":30028,"LNAM":"1F2B69F1AB1B754C","VALDCO":20,"SCAMIN":50000,"sourceCellId":"1R7588LI","sourceChecksum":"fcefec7e07170c4b859138c34376143c7aa4e9f8e653fc723d6bbe65dbf3c0a2","rawObjectClass":"DEPCNT","sourceStableId":"1F2B69F1AB1B754C"}}},{"type":"Feature","geometry":{"type":"LineString","coordinates":[[3.2177341,51.5860892],[3.2177178,51.5860909],[3.2175898,51.5860961],[3.2175462,51.5861083],[3.2174455,51.5861187],[3.21735,51.586141],[3.2173013,51.5861411],[3.217199,51.5861455],[3.217157,51.5861469],[3.2171041,51.5861718],[3.2170129,51.5861914],[3.2169826,51.5861909],[3.2168686,51.5862021],[3.2168127,51.5862071],[3.2167243,51.5862117],[3.2166369,51.5862271],[3.21658,51.5862266],[3.2164771,51.5862371],[3.2164357,51.5862363],[3.2163015,51.586257],[3.2162915,51.5862579],[3.2162799,51.5862632],[3.2161473,51.5862933],[3.2160894,51.5862997],[3.2160031,51.5863065],[3.2159299,51.5863095],[3.2158587,51.586312],[3.2157573,51.5863275],[3.2157145,51.5863285],[3.2156124,51.5863281],[3.2155702,51.5863308],[3.21546,51.5863547],[3.215426,51.5863613],[3.2154117,51.5863636],[3.2152817,51.5863829],[3.2152366,51.5863832],[3.2151374,51.5863887],[3.2150763,51.5863934],[3.2149931,51.5863982],[3.2149147,51.5864045],[3.2148488,51.5864096],[3.2147601,51.5864113],[3.2147045,51.586413],[3.2146057,51.5864178],[3.2145602,51.5864164],[3.2145103,51.5864153],[3.2144158,51.5864149],[3.2143062,51.5864251],[3.2142716,51.586427],[3.2142393,51.5864267],[3.2141272,51.5864139],[3.2140152,51.5864271],[3.2139829,51.5864275],[3.2139524,51.5864284],[3.2138385,51.5864198],[3.2137283,51.5864265],[3.2136942,51.5864262],[3.2135728,51.5864338],[3.2135499,51.5864342],[3.2135274,51.5864341],[3.2134056,51.5864344],[3.2133115,51.5864485],[3.2132613,51.5864561],[3.2132496,51.5864559],[3.2131171,51.5864778],[3.2130658,51.5864809],[3.2129728,51.5864945],[3.2128751,51.5865102],[3.2128286,51.5865105],[3.2127012,51.586529],[3.2126843,51.586528],[3.2126368,51.5865396],[3.2125401,51.5865548],[3.2125085,51.5865596],[3.2123958,51.5865771],[3.2123071,51.5865956],[3.2122516,51.5865953],[3.2121248,51.5866305],[3.2121074,51.5866345],[3.2120991,51.5866357],[3.2119632,51.5866483],[3.211907,51.5866659],[3.2118634,51.586631],[3.2118741,51.5865964],[3.2119208,51.5865409],[3.2119626,51.5865205],[3.2120061,51.5865136],[3.2121068,51.5864939],[3.2122259,51.5864505],[3.2122509,51.5864407],[3.2122738,51.5864361],[3.212395,51.5863951],[3.2125168,51.586374],[3.2125392,51.5863717],[3.2126834,51.5863388],[3.2127228,51.5863351],[3.2128276,51.5863104],[3.2129221,51.5863004],[3.2129719,51.5862932],[3.2130905,51.5862851],[3.2131162,51.5862846],[3.2132299,51.5862688],[3.2132604,51.586264],[3.2132684,51.5862638],[3.2134047,51.5862501],[3.2134348,51.5862497],[3.213549,51.5862428],[3.2135928,51.5862408],[3.2136933,51.5862314],[3.2137509,51.586232],[3.2138376,51.5862304],[3.2138984,51.5862298],[3.2139819,51.5862228],[3.2140638,51.5862284],[3.2141263,51.5862258],[3.2141952,51.5862201],[3.2142706,51.5862264],[3.2143419,51.5862224],[3.2144149,51.5862228],[3.2144979,51.5862283],[3.2145593,51.5862317],[3.2146179,51.5862298],[3.2147036,51.5862238],[3.2147794,51.5862187],[3.2148479,51.5862158],[3.2149323,51.5862131],[3.2149922,51.5862119],[3.2150541,51.5862141],[3.2151366,51.5862132],[3.2152367,51.5862028],[3.2152809,51.5862025],[3.2154059,51.5861869],[3.2154251,51.5861869],[3.2154845,51.5861748],[3.2155694,51.5861636],[3.215589,51.5861624],[3.2157136,51.5861518],[3.215751,51.586151],[3.215858,51.5861469],[3.2159065,51.5861438],[3.2160023,51.5861386],[3.2160712,51.5861307],[3.2161465,51.5861256],[3.2162187,51.5861285],[3.2162909,51.5861268],[3.2163754,51.5861205],[3.2164352,51.586124],[3.2165442,51.5861049],[3.2165794,51.5861041],[3.2166406,51.5860827],[3.2167236,51.5860678],[3.2167522,51.5860647],[3.2168679,51.5860521],[3.2169249,51.5860467],[3.2170122,51.5860469],[3.2170739,51.5860435],[3.2171565,51.5860478],[3.217224,51.5860396],[3.2173008,51.5860411],[3.2173758,51.5860347],[3.2174451,51.5860346],[3.2175295,51.5859912],[3.2175892,51.5859751],[3.2176252,51.5859686],[3.2177335,51.5859636],[3.2178532,51.5859752],[3.2178779,51.5859745],[3.217933,51.5859561],[3.2180221,51.5859512],[3.2181034,51.5859002],[3.2181661,51.5858899],[3.2181875,51.5858867],[3.2183105,51.5858911],[3.2183299,51.5858877],[3.2184549,51.5858979],[3.2184685,51.5858995],[3.2184549,51.5859012],[3.2184507,51.5859021],[3.2183106,51.5859174],[3.2181984,51.5859899],[3.2181667,51.5859989],[3.21815,51.5860004],[3.2180224,51.5860042],[3.2179868,51.5860125],[3.217878,51.5860093],[3.2177627,51.5860807],[3.2177341,51.5860892]]},"properties":{"rawObjectClass":"DEPCNT","VALDCO":20,"depthDatum":"Approximate LAT","depthDatumCode":42,"depthDatumStatus":"VERIFIED_FROM_OFFICIAL_DOCUMENTATION","verticalDatum":"Local Datum","verticalDatumCode":24,"napIdentityStatus":"UNVERIFIED","sourceKind":"official","sourceCellId":"1R7588LI","sourceStableId":"1F2B69F1AB1B754D","sourceChecksum":"fcefec7e07170c4b859138c34376143c7aa4e9f8e653fc723d6bbe65dbf3c0a2","pipelineFeatureId":"1R7588LI/DEPCNT/1271588035","provenance":{"cellId":"1R7588LI","checksum":"fcefec7e07170c4b859138c34376143c7aa4e9f8e653fc723d6bbe65dbf3c0a2","readerVersion":"GDAL 3.2.2","processedAt":"2026-08-11T18:29:20.995Z"},"sourceProperties":{"RCID":1271588035,"PRIM":2,"GRUP":2,"OBJL":43,"RVER":1,"AGEN":7979,"FIDN":1777445659,"FIDS":30029,"LNAM":"1F2B69F1AB1B754D","VALDCO":20,"SCAMIN":50000,"sourceCellId":"1R7588LI","sourceChecksum":"fcefec7e07170c4b859138c34376143c7aa4e9f8e653fc723d6bbe65dbf3c0a2","rawObjectClass":"DEPCNT","sourceStableId":"1F2B69F1AB1B754D"}}},{"type":"Feature","geometry":{"type":"LineString","coordinates":[[3.2269855,51.5888629],[3.2269484,51.5888738],[3.2268412,51.5888648],[3.2267156,51.588941],[3.2266973,51.5889479],[3.2266838,51.5889495],[3.226553,51.5889703],[3.2264258,51.589021],[3.2264089,51.589022],[3.2263899,51.5890316],[3.2262648,51.5890646],[3.2262048,51.5890693],[3.2261205,51.5890681],[3.2260445,51.5890796],[3.2259762,51.589086],[3.2258683,51.5891225],[3.2258321,51.5891316],[3.2257753,51.5891227],[3.2256875,51.5890811],[3.2256158,51.589123],[3.2255434,51.5891378],[3.2255151,51.5891232],[3.2254072,51.5890388],[3.2254067,51.5890335],[3.2255429,51.5890223],[3.2255609,51.5890219],[3.2256872,51.589021],[3.2257073,51.5890204],[3.2258315,51.5890093],[3.2258948,51.5889931],[3.2259757,51.58899],[3.2260548,51.588983],[3.2261201,51.5889892],[3.2261859,51.5889421],[3.2262641,51.5889153],[3.2263234,51.5889048],[3.2264084,51.5889036],[3.2264988,51.5888515],[3.2265523,51.5888297],[3.2266135,51.5888131],[3.2266966,51.5888117],[3.2268146,51.5888345],[3.2268411,51.5888378],[3.2269385,51.5887608],[3.2269849,51.5887427],[3.2270354,51.5887291],[3.2271292,51.5887219],[3.2272013,51.5887153],[3.2272735,51.5887176],[3.2273515,51.5886701],[3.2274175,51.5886441],[3.2274613,51.5886426],[3.2275618,51.5886385],[3.2276822,51.5885943],[3.2277059,51.5885882],[3.2277224,51.5885794],[3.22785,51.5885283],[3.2279777,51.5884993],[3.2279941,51.5884968],[3.228008,51.5884976],[3.2281386,51.588517],[3.2282175,51.5884885],[3.2282827,51.5884657],[3.2283706,51.5884334],[3.2284267,51.5884108],[3.2284914,51.5883981],[3.2285709,51.5883707],[3.2286215,51.5883663],[3.2287151,51.5883421],[3.2288435,51.5883075],[3.2288592,51.5883029],[3.2288677,51.5883022],[3.2290034,51.588272],[3.2290699,51.5882656],[3.2291477,51.588251],[3.2292446,51.5882463],[3.229292,51.5882474],[3.2293768,51.5882165],[3.2294361,51.5881964],[3.22947,51.5881952],[3.2295804,51.588186],[3.229635,51.588182],[3.2297247,51.5881858],[3.2297748,51.5881846],[3.2298691,51.588184],[3.2299508,51.5881644],[3.2300133,51.5881643],[3.2301041,51.5881252],[3.2301574,51.5881099],[3.2302657,51.5880572],[3.2303792,51.5880763],[3.2303218,51.5881248],[3.2303019,51.5881381],[3.2302079,51.5882149],[3.2301581,51.5882464],[3.230019,51.5883052],[3.230014,51.5883107],[3.2299243,51.5883614],[3.2298701,51.5883866],[3.2298574,51.5883954],[3.229851,51.5884074],[3.2297421,51.5884856],[3.2297263,51.5884932],[3.2296893,51.5885088],[3.2295821,51.5885251],[3.229501,51.588576],[3.2294381,51.5885924],[3.2293868,51.5886082],[3.2292938,51.5886091],[3.2292058,51.5886664],[3.2291499,51.5886871],[3.229026,51.5887567],[3.2290059,51.5887649],[3.228984,51.5887705],[3.2288616,51.5887797],[3.2287593,51.5888211],[3.2287175,51.58882],[3.2286858,51.5888473],[3.2285734,51.5888716],[3.228486,51.5889022],[3.2284292,51.5889064],[3.2283686,51.5889378],[3.2282851,51.5889567],[3.2282332,51.5889705],[3.2281409,51.5889817],[3.2280426,51.5890284],[3.2279969,51.5890437],[3.2279474,51.5890595],[3.2278527,51.5890775],[3.2277727,51.5891188],[3.2277087,51.589145],[3.2276161,51.5891769],[3.2275645,51.5891823],[3.2274602,51.5891844],[3.2274202,51.5891845],[3.227286,51.5892034],[3.2272759,51.5892026],[3.2271449,51.5892016],[3.2271316,51.5892026],[3.2271136,51.58921],[3.2269874,51.5892412],[3.2269318,51.589245],[3.2268431,51.5892485],[3.2267619,51.5892613],[3.2266988,51.5892609],[3.226609,51.5893009],[3.2265548,51.5893151],[3.2265251,51.5893195],[3.2264105,51.5893364],[3.2263079,51.5893655],[3.2262663,51.5893665],[3.226222,51.5893916],[3.2261223,51.5894291],[3.2260171,51.5894819],[3.2259783,51.5894999],[3.2259426,51.5895043],[3.225834,51.5895132],[3.2257381,51.5895723],[3.22569,51.5895914],[3.22564,51.5896037],[3.2255458,51.5896121],[3.2254476,51.5896628],[3.2254018,51.5896791],[3.2253631,51.5896871],[3.2252575,51.5896887],[3.2252029,51.5896973],[3.2251132,51.5896991],[3.2250033,51.5897322],[3.224969,51.589731],[3.2249306,51.5897537],[3.2248248,51.5897757],[3.224774,51.5897857],[3.2246805,51.5897829],[3.2245553,51.5898443],[3.2245365,51.5898501],[3.2245211,51.589854],[3.2243922,51.5898568],[3.2243466,51.5898732],[3.224248,51.5898928],[3.2241705,51.589935],[3.224104,51.5899549],[3.2240707,51.5899559],[3.2239597,51.5899621],[3.2238619,51.5899966],[3.2238155,51.5899993],[3.2237592,51.5900257],[3.2236714,51.5900421],[3.2236335,51.5900496],[3.2235271,51.5900588],[3.2234184,51.5900941],[3.2233829,51.590089],[3.2233321,51.5901164],[3.2232387,51.5901317],[3.2231831,51.5901514],[3.2230945,51.5901573],[3.2230062,51.590207],[3.2229505,51.5902286],[3.2228274,51.5902972],[3.2228065,51.5903068],[3.2227804,51.5903136],[3.2226623,51.590323],[3.2225475,51.5903877],[3.2225183,51.5904003],[3.2224444,51.590434],[3.2223741,51.5904271],[3.2223158,51.5903881],[3.2223738,51.5903703],[3.2224655,51.5902979],[3.2225176,51.5902662],[3.2225819,51.5902576],[3.222662,51.5902594],[3.2227616,51.5902074],[3.2228059,51.5901829],[3.2228978,51.5901173],[3.2229498,51.5900873],[3.2230541,51.5900519],[3.223094,51.5900454],[3.223125,51.5900269],[3.2232381,51.590004],[3.2232862,51.5899966],[3.2233824,51.5899959],[3.2235151,51.5899362],[3.2235265,51.5899324],[3.223534,51.5899315],[3.2236707,51.5899149],[3.2237187,51.5899059],[3.223815,51.5898988],[3.2239553,51.5898479],[3.2239591,51.5898482],[3.2239639,51.5898455],[3.2241033,51.5898244],[3.2241577,51.5898112],[3.2242476,51.5898104],[3.2243628,51.5898265],[3.224392,51.5898198],[3.224488,51.5897546],[3.224536,51.5897393],[3.2245749,51.5897301],[3.2246802,51.589718],[3.2247591,51.5896641],[3.2248242,51.5896391],[3.2248784,51.5896301],[3.2249685,51.5896294],[3.2250454,51.5896156],[3.2251127,51.5896138],[3.2252003,51.5895734],[3.2252568,51.5895497],[3.2253228,51.5895319],[3.225401,51.589519],[3.2254603,51.5894829],[3.225545,51.5894508],[3.2256152,51.5894389],[3.2256892,51.5894281],[3.2257785,51.5893924],[3.2258332,51.5893616],[3.2258848,51.5893601],[3.2259775,51.5893409],[3.2260414,51.589302],[3.2261214,51.5892565],[3.2262377,51.5892291],[3.2262656,51.5892276],[3.2262973,51.5892116],[3.2264097,51.5891796],[3.2264937,51.5891588],[3.226554,51.5891568],[3.2266755,51.5891209],[3.2266981,51.5891156],[3.226709,51.5891141],[3.2268423,51.5890869],[3.2268978,51.5890859],[3.2269866,51.5890776],[3.2270823,51.5890605],[3.2271309,51.5890598],[3.2272632,51.5890299],[3.2272751,51.5890275],[3.2272805,51.5890265],[3.2274192,51.5889939],[3.2274936,51.5889831],[3.2275635,51.5889853],[3.2276816,51.5889554],[3.2277077,51.5889506],[3.2277347,51.5889391],[3.2278518,51.588906],[3.2279187,51.5888971],[3.2279961,51.5888854],[3.2281102,51.5888672],[3.2281403,51.588868],[3.22818,51.5888483],[3.2282844,51.5888137],[3.2283723,51.5887931],[3.2284286,51.5887906],[3.228511,51.5887577],[3.2285727,51.5887339],[3.2286134,51.5887322],[3.228717,51.5887277],[3.2288541,51.5886671],[3.228861,51.5886612],[3.2288788,51.588656],[3.2290051,51.5886142],[3.2290616,51.5885768],[3.2291491,51.5885296],[3.2292399,51.5885198],[3.2292934,51.5885239],[3.2293571,51.5884863],[3.2294373,51.5884284],[3.2294864,51.5884268],[3.2295816,51.588433],[3.2296534,51.5883958],[3.2295813,51.5883754],[3.2294629,51.5883801],[3.229437,51.5883842],[3.2294035,51.5883963],[3.2292931,51.5884593],[3.2292067,51.5884505],[3.2291488,51.5884664],[3.2290263,51.5884733],[3.2290044,51.5884738],[3.2289794,51.5884871],[3.2288605,51.5885478],[3.2287656,51.5885466],[3.2287161,51.5885513],[3.2286305,51.5885777],[3.2285721,51.5886069],[3.2285304,51.5886038],[3.2284278,51.5886294],[3.2283324,51.5886377],[3.2282835,51.588635],[3.2281962,51.5886684],[3.2281395,51.5886915],[3.2281039,51.5886908],[3.2279952,51.5887075],[3.2279235,51.5887136],[3.2278509,51.5887156],[3.227715,51.5887593],[3.2277068,51.5887634],[3.2277008,51.588763],[3.2275625,51.5887843],[3.2275198,51.5887863],[3.2274182,51.5887838],[3.2273753,51.5887867],[3.2272739,51.5887854],[3.2272027,51.5888046],[3.2271296,51.5888071],[3.2270354,51.5888505],[3.2269855,51.5888629]]},"properties":{"rawObjectClass":"DEPCNT","VALDCO":20,"depthDatum":"Approximate LAT","depthDatumCode":42,"depthDatumStatus":"VERIFIED_FROM_OFFICIAL_DOCUMENTATION","verticalDatum":"Local Datum","verticalDatumCode":24,"napIdentityStatus":"UNVERIFIED","sourceKind":"official","sourceCellId":"1R7588LI","sourceStableId":"1F2B69F1AB1B754E","sourceChecksum":"fcefec7e07170c4b859138c34376143c7aa4e9f8e653fc723d6bbe65dbf3c0a2","pipelineFeatureId":"1R7588LI/DEPCNT/1271588036","provenance":{"cellId":"1R7588LI","checksum":"fcefec7e07170c4b859138c34376143c7aa4e9f8e653fc723d6bbe65dbf3c0a2","readerVersion":"GDAL 3.2.2","processedAt":"2026-08-11T18:29:20.995Z"},"sourceProperties":{"RCID":1271588036,"PRIM":2,"GRUP":2,"OBJL":43,"RVER":1,"AGEN":7979,"FIDN":1777445659,"FIDS":30030,"LNAM":"1F2B69F1AB1B754E","VALDCO":20,"SCAMIN":50000,"sourceCellId":"1R7588LI","sourceChecksum":"fcefec7e07170c4b859138c34376143c7aa4e9f8e653fc723d6bbe65dbf3c0a2","rawObjectClass":"DEPCNT","sourceStableId":"1F2B69F1AB1B754E"}}},{"type":"Feature","geometry":{"type":"LineString","coordinates":[[3.2233741,51.5883017],[3.2234092,51.5882961],[3.2235183,51.5882663],[3.2236082,51.5882616],[3.2236626,51.5882614],[3.2237904,51.5882376],[3.2238068,51.5882377],[3.2238264,51.5882272],[3.2239509,51.5881807],[3.2240296,51.588186],[3.2240953,51.5881828],[3.2241921,51.5881661],[3.2242396,51.5881737],[3.224352,51.5882262],[3.22424,51.5882675],[3.2241463,51.5883166],[3.224096,51.58834],[3.2240363,51.588354],[3.2239519,51.5883785],[3.2238338,51.5884071],[3.2238077,51.5884159],[3.2237911,51.5884175],[3.2236636,51.5884557],[3.2235601,51.5884721],[3.2235193,51.5884778],[3.2233877,51.58849],[3.223375,51.5884899],[3.2233307,51.5884979],[3.2232309,51.5885226],[3.2231938,51.5885213],[3.2230867,51.5885515],[3.222986,51.5885613],[3.2229424,51.5885616],[3.2228144,51.5885787],[3.2227981,51.5885782],[3.222773,51.5885889],[3.222654,51.5886232],[3.2225783,51.5886364],[3.2225097,51.5886449],[3.2224126,51.5886501],[3.2223654,51.5886542],[3.222248,51.5886798],[3.2222212,51.5886869],[3.2222079,51.5886882],[3.222077,51.5887108],[3.2220181,51.5887169],[3.2219328,51.5887305],[3.2218203,51.5887507],[3.2217885,51.5887515],[3.2217168,51.5887707],[3.2216443,51.5887865],[3.2216151,51.5887891],[3.2215001,51.588806],[3.2214213,51.5888204],[3.2213558,51.5888194],[3.2212578,51.5888327],[3.2212115,51.5888227],[3.2211339,51.5888618],[3.2210674,51.5888759],[3.2210399,51.5888791],[3.220923,51.5888762],[3.2208975,51.5888781],[3.2207787,51.5888686],[3.2207638,51.5888717],[3.220651,51.5888627],[3.2207786,51.5888549],[3.2208155,51.5888393],[3.2209228,51.588817],[3.22098,51.5887721],[3.2210668,51.5887533],[3.221107,51.5887468],[3.2212111,51.5887416],[3.2213259,51.5886998],[3.2213552,51.5886937],[3.2213724,51.5886815],[3.2214993,51.5886385],[3.2215937,51.5886222],[3.2216435,51.5886221],[3.2217366,51.5885909],[3.2217877,51.5885764],[3.2218179,51.5885719],[3.2219318,51.5885415],[3.2220328,51.5885274],[3.2220761,51.5885255],[3.2221916,51.5885001],[3.2222203,51.5884927],[3.2222365,51.5884899],[3.2223646,51.588476],[3.2224079,51.5884727],[3.2225087,51.5884447],[3.2226406,51.588417],[3.222653,51.5884165],[3.2227066,51.5884092],[3.2227972,51.5883965],[3.2228208,51.5883943],[3.2229415,51.588379],[3.2230062,51.5883683],[3.2230856,51.5883461],[3.2232035,51.5883348],[3.2232299,51.5883349],[3.2233047,51.5883182],[3.2233741,51.5883017]]},"properties":{"rawObjectClass":"DEPCNT","VALDCO":20,"depthDatum":"Approximate LAT","depthDatumCode":42,"depthDatumStatus":"VERIFIED_FROM_OFFICIAL_DOCUMENTATION","verticalDatum":"Local Datum","verticalDatumCode":24,"napIdentityStatus":"UNVERIFIED","sourceKind":"official","sourceCellId":"1R7588LI","sourceStableId":"1F2B69F1AB1B754F","sourceChecksum":"fcefec7e07170c4b859138c34376143c7aa4e9f8e653fc723d6bbe65dbf3c0a2","pipelineFeatureId":"1R7588LI/DEPCNT/1271588037","provenance":{"cellId":"1R7588LI","checksum":"fcefec7e07170c4b859138c34376143c7aa4e9f8e653fc723d6bbe65dbf3c0a2","readerVersion":"GDAL 3.2.2","processedAt":"2026-08-11T18:29:20.995Z"},"sourceProperties":{"RCID":1271588037,"PRIM":2,"GRUP":2,"OBJL":43,"RVER":1,"AGEN":7979,"FIDN":1777445659,"FIDS":30031,"LNAM":"1F2B69F1AB1B754F","VALDCO":20,"SCAMIN":50000,"sourceCellId":"1R7588LI","sourceChecksum":"fcefec7e07170c4b859138c34376143c7aa4e9f8e653fc723d6bbe65dbf3c0a2","rawObjectClass":"DEPCNT","sourceStableId":"1F2B69F1AB1B754F"}}},{"type":"Feature","geometry":{"type":"LineString","coordinates":[[3.2121134,51.5879108],[3.2120314,51.5879406],[3.2119692,51.5879368],[3.2118949,51.5879796],[3.2118251,51.5879973],[3.2116916,51.5880699],[3.2116811,51.5880746],[3.2116672,51.5880786],[3.2115369,51.5880938],[3.2114248,51.5881603],[3.2113929,51.5881708],[3.2113667,51.5881768],[3.2112486,51.5881855],[3.2111445,51.5882258],[3.2111044,51.5882246],[3.2110605,51.5882509],[3.2109603,51.5882687],[3.2109156,51.588279],[3.210816,51.5882765],[3.2107122,51.5883163],[3.2106718,51.5883232],[3.210639,51.5883416],[3.2105277,51.5883625],[3.2104861,51.5883678],[3.2103834,51.588368],[3.2103307,51.588375],[3.210239,51.5883711],[3.2101026,51.5884324],[3.210095,51.5884343],[3.210091,51.588435],[3.2099507,51.5884506],[3.2099018,51.5884633],[3.2098064,51.5884629],[3.2097012,51.5885231],[3.2096624,51.5885399],[3.2096265,51.5885456],[3.2095181,51.5885394],[3.2094639,51.5885573],[3.2094501,51.5885235],[3.2095179,51.5884964],[3.2095955,51.5884334],[3.2096618,51.5884034],[3.2097636,51.5883695],[3.209806,51.5883687],[3.2098535,51.588343],[3.2099501,51.5883197],[3.2099906,51.5883175],[3.2100944,51.5883113],[3.2101657,51.588298],[3.2102387,51.5883001],[3.2103477,51.5882741],[3.2103829,51.5882709],[3.210413,51.5882521],[3.210527,51.5882217],[3.2105901,51.5882124],[3.2106713,51.5882092],[3.2107752,51.5881866],[3.2108156,51.5881948],[3.2108702,51.5881613],[3.2109597,51.5881325],[3.211028,51.5881184],[3.2111039,51.5881126],[3.2112211,51.5880708],[3.211248,51.5880619],[3.2112669,51.5880589],[3.2113922,51.5880361],[3.2115198,51.5879803],[3.2115363,51.587972],[3.2115593,51.5879659],[3.2116805,51.5879381],[3.2117573,51.58789],[3.2118245,51.5878616],[3.2119022,51.5878412],[3.2119687,51.5878394],[3.212026,51.5877996],[3.2121812,51.5877094],[3.2122566,51.5876621],[3.2123643,51.5876191],[3.2124006,51.5876052],[3.2124349,51.5875977],[3.2125448,51.5875623],[3.2126581,51.5875287],[3.2126889,51.5875179],[3.2127139,51.587513],[3.2128331,51.5874728],[3.2129615,51.5874382],[3.2129772,51.5874338],[3.2129871,51.587432],[3.2131214,51.5873979],[3.2132037,51.5873864],[3.2132656,51.5873787],[3.213381,51.5873656],[3.2134099,51.5873639],[3.2134785,51.5873474],[3.2135541,51.5873311],[3.2135823,51.5873296],[3.2136984,51.5873151],[3.2137611,51.5873077],[3.2138426,51.5872931],[3.2139548,51.5872766],[3.2139869,51.5872761],[3.2140705,51.5872564],[3.214131,51.5872406],[3.214161,51.5872375],[3.2142753,51.5872168],[3.2143583,51.5872041],[3.2144195,51.5871935],[3.2145441,51.5871778],[3.2145638,51.587177],[3.2146268,51.5871654],[3.214708,51.5871515],[3.2147347,51.5871486],[3.2148522,51.5871208],[3.2149303,51.5871162],[3.2149965,51.587112],[3.2151001,51.5871],[3.2151408,51.5870999],[3.2152622,51.5870886],[3.2152851,51.587089],[3.2154263,51.5870759],[3.2154293,51.5870761],[3.2154388,51.587074],[3.2155736,51.5870579],[3.2155996,51.5870575],[3.2157179,51.5870425],[3.2157695,51.5870412],[3.2158622,51.5870432],[3.2159101,51.5870433],[3.2160065,51.5870396],[3.2160694,51.5870337],[3.2161509,51.5870381],[3.2162064,51.587038],[3.2162952,51.5870351],[3.2163862,51.5870155],[3.2164394,51.5870151],[3.2165042,51.5870225],[3.2165838,51.5870254],[3.2167133,51.5869909],[3.216728,51.5869891],[3.2167836,51.5869816],[3.2168723,51.586977],[3.2168807,51.5869762],[3.2170165,51.5869565],[3.2170587,51.5869548],[3.2171609,51.5869546],[3.2172709,51.5869593],[3.2173052,51.5869577],[3.2173461,51.5869551],[3.2174495,51.5869544],[3.2175632,51.586961],[3.2175939,51.5869618],[3.2177023,51.5869575],[3.2177382,51.586959],[3.217783,51.5869519],[3.2178825,51.5869517],[3.2179366,51.5869458],[3.2180269,51.5869493],[3.2181244,51.58695],[3.2181712,51.586951],[3.2182269,51.5869443],[3.2183155,51.5869424],[3.2183885,51.5869332],[3.2184598,51.5869338],[3.2185616,51.5869149],[3.2186041,51.5869156],[3.2187435,51.5868881],[3.2187483,51.5868879],[3.2187487,51.5868878],[3.2189072,51.5868787],[3.219037,51.5868853],[3.2190413,51.5868848],[3.2191813,51.5868821],[3.2191908,51.5868813],[3.2193114,51.586887],[3.2191813,51.5868952],[3.2191612,51.5868999],[3.219037,51.5868945],[3.218898,51.5869777],[3.2188931,51.5869787],[3.2188912,51.5869789],[3.2187488,51.5869921],[3.2187252,51.5869927],[3.2186045,51.5869961],[3.2185739,51.5869974],[3.2184601,51.5869982],[3.2184265,51.5869995],[3.2183158,51.5870003],[3.2182039,51.5869992],[3.2181715,51.5869982],[3.2181345,51.5870022],[3.2180271,51.5870031],[3.2179856,51.5870053],[3.2178828,51.5870089],[3.2178062,51.5870276],[3.2177386,51.5870278],[3.2176617,51.5870221],[3.2175942,51.587024],[3.2174858,51.5870479],[3.21745,51.5870542],[3.2174234,51.5870538],[3.2173056,51.5870451],[3.2172379,51.5870707],[3.2171615,51.5870823],[3.2171396,51.5870845],[3.2170172,51.587104],[3.2169548,51.5871102],[3.2168729,51.5871065],[3.2168051,51.5871138],[3.2167286,51.5871192],[3.2166407,51.5871266],[3.2165843,51.5871215],[3.2165123,51.5871169],[3.21644,51.5871247],[3.2163022,51.5871584],[3.2162958,51.5871583],[3.2162602,51.5871624],[3.2161515,51.5871686],[3.2161401,51.5871697],[3.2160072,51.5871889],[3.2159538,51.5871963],[3.215863,51.5872059],[3.2157917,51.5872088],[3.2157186,51.5872055],[3.2156477,51.5872077],[3.2155743,51.5872089],[3.215492,51.5872152],[3.21543,51.5872159],[3.2153292,51.587227],[3.2152857,51.5872287],[3.2152028,51.5872543],[3.2151416,51.5872688],[3.2151152,51.5872709],[3.2149973,51.5872917],[3.2149148,51.5873063],[3.2148531,51.5873104],[3.214733,51.58733],[3.2147088,51.5873297],[3.2146695,51.5873452],[3.2145647,51.5873727],[3.2145106,51.5873792],[3.2144205,51.5873949],[3.2143178,51.5874098],[3.2142762,51.5874089],[3.2141365,51.5874361],[3.214132,51.5874369],[3.2141303,51.5874371],[3.2139878,51.5874652],[3.2139315,51.5874715],[3.2138435,51.587482],[3.2137577,51.5874903],[3.2136992,51.5874889],[3.2135813,51.5875106],[3.2135549,51.5875113],[3.2134498,51.5875272],[3.2134107,51.5875319],[3.2134024,51.5875325],[3.2132665,51.5875619],[3.2131871,51.5875772],[3.2131222,51.5875793],[3.2130059,51.587618],[3.2129781,51.5876259],[3.2129608,51.5876288],[3.2128339,51.5876535],[3.2127105,51.5876955],[3.2126897,51.5876953],[3.2126616,51.5877085],[3.2125456,51.5877379],[3.2124131,51.5877989],[3.2124016,51.5878036],[3.2123807,51.587812],[3.2122574,51.5878421],[3.2121742,51.5878892],[3.2121134,51.5879108]]},"properties":{"rawObjectClass":"DEPCNT","VALDCO":20,"depthDatum":"Approximate LAT","depthDatumCode":42,"depthDatumStatus":"VERIFIED_FROM_OFFICIAL_DOCUMENTATION","verticalDatum":"Local Datum","verticalDatumCode":24,"napIdentityStatus":"UNVERIFIED","sourceKind":"official","sourceCellId":"1R7588LI","sourceStableId":"1F2B69F1AB1B7550","sourceChecksum":"fcefec7e07170c4b859138c34376143c7aa4e9f8e653fc723d6bbe65dbf3c0a2","pipelineFeatureId":"1R7588LI/DEPCNT/1271588038","provenance":{"cellId":"1R7588LI","checksum":"fcefec7e07170c4b859138c34376143c7aa4e9f8e653fc723d6bbe65dbf3c0a2","readerVersion":"GDAL 3.2.2","processedAt":"2026-08-11T18:29:20.995Z"},"sourceProperties":{"RCID":1271588038,"PRIM":2,"GRUP":2,"OBJL":43,"RVER":1,"AGEN":7979,"FIDN":1777445659,"FIDS":30032,"LNAM":"1F2B69F1AB1B7550","VALDCO":20,"SCAMIN":50000,"sourceCellId":"1R7588LI","sourceChecksum":"fcefec7e07170c4b859138c34376143c7aa4e9f8e653fc723d6bbe65dbf3c0a2","rawObjectClass":"DEPCNT","sourceStableId":"1F2B69F1AB1B7550"}}},{"type":"Feature","geometry":{"type":"LineString","coordinates":[[3.2436069,51.5928748],[3.2434663,51.5929537],[3.243463,51.592955],[3.2434477,51.5929633],[3.2434431,51.5929538],[3.2434356,51.5928807],[3.243449,51.5928638],[3.2434624,51.592858],[3.2434894,51.5928469],[3.2436066,51.592819],[3.2436879,51.5927734],[3.2437506,51.5927473],[3.2438249,51.5927731],[3.2437512,51.5928581],[3.2437446,51.5928632],[3.2436069,51.5928748]]},"properties":{"rawObjectClass":"DEPCNT","VALDCO":20,"depthDatum":"Approximate LAT","depthDatumCode":42,"depthDatumStatus":"VERIFIED_FROM_OFFICIAL_DOCUMENTATION","verticalDatum":"Local Datum","verticalDatumCode":24,"napIdentityStatus":"UNVERIFIED","sourceKind":"official","sourceCellId":"1R7588LI","sourceStableId":"1F2B69F1AB1B7551","sourceChecksum":"fcefec7e07170c4b859138c34376143c7aa4e9f8e653fc723d6bbe65dbf3c0a2","pipelineFeatureId":"1R7588LI/DEPCNT/1271588039","provenance":{"cellId":"1R7588LI","checksum":"fcefec7e07170c4b859138c34376143c7aa4e9f8e653fc723d6bbe65dbf3c0a2","readerVersion":"GDAL 3.2.2","processedAt":"2026-08-11T18:29:20.995Z"},"sourceProperties":{"RCID":1271588039,"PRIM":2,"GRUP":2,"OBJL":43,"RVER":1,"AGEN":7979,"FIDN":1777445659,"FIDS":30033,"LNAM":"1F2B69F1AB1B7551","VALDCO":20,"SCAMIN":50000,"sourceCellId":"1R7588LI","sourceChecksum":"fcefec7e07170c4b859138c34376143c7aa4e9f8e653fc723d6bbe65dbf3c0a2","rawObjectClass":"DEPCNT","sourceStableId":"1F2B69F1AB1B7551"}}},{"type":"Feature","geometry":{"type":"LineString","coordinates":[[3.2252457,51.5876862],[3.2251033,51.5876979],[3.225069,51.5877068],[3.224959,51.5877117],[3.2248319,51.5877652],[3.2248149,51.5877661],[3.2247417,51.587686],[3.2248144,51.5876609],[3.2249214,51.5876624],[3.2249588,51.5876623],[3.225074,51.5875954],[3.2251027,51.5875868],[3.2251215,51.5875836],[3.225247,51.5875789],[3.2253759,51.5875852],[3.2253914,51.5875842],[3.2254107,51.5875828],[3.2255358,51.587588],[3.2255526,51.587584],[3.2256801,51.5875838],[3.2257946,51.5875755],[3.2258244,51.5875828],[3.225847,51.5875799],[3.2259686,51.5875561],[3.2260583,51.5875377],[3.2261128,51.5875204],[3.226183,51.5875034],[3.2262569,51.5874815],[3.2263175,51.5874654],[3.2264011,51.5874386],[3.2265245,51.5874258],[3.2265454,51.5874257],[3.2265848,51.5874127],[3.2266895,51.587383],[3.2267458,51.5873773],[3.2268338,51.5873729],[3.2269411,51.5873451],[3.2269779,51.5873387],[3.2271221,51.5873003],[3.2271568,51.5873001],[3.2272664,51.5872871],[3.2273772,51.5872521],[3.2274105,51.5872481],[3.2274356,51.5872312],[3.2275546,51.5871922],[3.227645,51.5871972],[3.2276989,51.5871936],[3.2278309,51.5871405],[3.227843,51.5871361],[3.2278525,51.5871346],[3.2279872,51.5871121],[3.228075,51.5870853],[3.2281315,51.5870925],[3.2282411,51.5870498],[3.2282756,51.5870447],[3.2282855,51.5870435],[3.2284199,51.5870465],[3.228431,51.5870426],[3.2284562,51.5870494],[3.2284199,51.5870541],[3.2282866,51.5871397],[3.228276,51.5871428],[3.228269,51.5871441],[3.2281318,51.5871592],[3.228003,51.5872301],[3.2279878,51.5872369],[3.2279723,51.5872399],[3.2278436,51.5872586],[3.2277321,51.5873002],[3.2276995,51.5873006],[3.2276724,51.5873207],[3.2275554,51.5873515],[3.2274766,51.5873702],[3.2274111,51.587369],[3.2273474,51.5874112],[3.2272671,51.5874401],[3.2272013,51.5874526],[3.2271229,51.587458],[3.2270381,51.5875017],[3.2269789,51.5875277],[3.2268667,51.5875721],[3.2268348,51.5875789],[3.2267192,51.5875923],[3.2266905,51.5875953],[3.2266827,51.5875972],[3.2265464,51.5876325],[3.226409,51.5876786],[3.2264023,51.5876807],[3.2263945,51.5876828],[3.2262582,51.5877291],[3.2261898,51.5877258],[3.2261139,51.5877451],[3.2260407,51.5877734],[3.2259699,51.5878069],[3.2258292,51.5878637],[3.2258258,51.5878674],[3.2257151,51.5879539],[3.2257286,51.5880149],[3.2257152,51.5880438],[3.2256824,51.588056],[3.2255483,51.588134],[3.2255385,51.5881397],[3.2255158,51.5881483],[3.2253942,51.5881561],[3.2252778,51.5882245],[3.2252503,51.5882322],[3.2252198,51.5882436],[3.225106,51.5882458],[3.2249955,51.588294],[3.2249619,51.5883012],[3.2249429,51.588315],[3.2248177,51.5883367],[3.2246859,51.5883978],[3.2246737,51.5883939],[3.2246267,51.5884056],[3.2245294,51.5884129],[3.2244801,51.5884366],[3.2244851,51.5884058],[3.2245293,51.5883853],[3.2246025,51.5883157],[3.2246732,51.5882932],[3.2247825,51.5882254],[3.2248171,51.5882134],[3.2248518,51.5882037],[3.2249614,51.5881973],[3.2250167,51.5881905],[3.2251058,51.5882005],[3.225209,51.5881347],[3.2252497,51.5881122],[3.2252974,51.5881047],[3.225394,51.5881024],[3.225471,51.5880443],[3.2255378,51.587991],[3.225621,51.5879541],[3.2256739,51.5878688],[3.225675,51.587864],[3.225673,51.5878588],[3.225612,51.5877742],[3.2255922,51.5877191],[3.2255941,51.5876844],[3.225536,51.5876272],[3.2254678,51.5876421],[3.2253915,51.5876125],[3.2252512,51.587685],[3.2252476,51.5876861],[3.2252457,51.5876862]]},"properties":{"rawObjectClass":"DEPCNT","VALDCO":20,"depthDatum":"Approximate LAT","depthDatumCode":42,"depthDatumStatus":"VERIFIED_FROM_OFFICIAL_DOCUMENTATION","verticalDatum":"Local Datum","verticalDatumCode":24,"napIdentityStatus":"UNVERIFIED","sourceKind":"official","sourceCellId":"1R7588LI","sourceStableId":"1F2B69F1AB1B7552","sourceChecksum":"fcefec7e07170c4b859138c34376143c7aa4e9f8e653fc723d6bbe65dbf3c0a2","pipelineFeatureId":"1R7588LI/DEPCNT/1271588040","provenance":{"cellId":"1R7588LI","checksum":"fcefec7e07170c4b859138c34376143c7aa4e9f8e653fc723d6bbe65dbf3c0a2","readerVersion":"GDAL 3.2.2","processedAt":"2026-08-11T18:29:20.995Z"},"sourceProperties":{"RCID":1271588040,"PRIM":2,"GRUP":2,"OBJL":43,"RVER":1,"AGEN":7979,"FIDN":1777445659,"FIDS":30034,"LNAM":"1F2B69F1AB1B7552","VALDCO":20,"SCAMIN":50000,"sourceCellId":"1R7588LI","sourceChecksum":"fcefec7e07170c4b859138c34376143c7aa4e9f8e653fc723d6bbe65dbf3c0a2","rawObjectClass":"DEPCNT","sourceStableId":"1F2B69F1AB1B7552"}}},{"type":"Feature","geometry":{"type":"LineString","coordinates":[[3.2171428,51.6063129],[3.2171091,51.6063715],[3.2170727,51.6064029],[3.2170354,51.6064491],[3.2169938,51.606493],[3.2169654,51.60652],[3.2168585,51.6065832],[3.2168217,51.6066708],[3.2167909,51.6065833],[3.2167675,51.60655],[3.2167519,51.6064935],[3.216744,51.6064457],[3.2167371,51.6064036],[3.2167223,51.6063747],[3.216741,51.6063136],[3.2168196,51.6062243],[3.2168201,51.6062236],[3.2168206,51.6062229],[3.2168788,51.6061336],[3.2169054,51.6060796],[3.2169074,51.6060436],[3.2169629,51.6060003],[3.2170011,51.6059535],[3.2170098,51.605924],[3.2170324,51.6058635],[3.2170461,51.6058112],[3.2170475,51.6057736],[3.217106,51.6057324],[3.2171865,51.6056834],[3.2172237,51.6056097],[3.2172304,51.6055934],[3.2172497,51.605574],[3.2173263,51.6055033],[3.2173654,51.6054307],[3.2173682,51.6054133],[3.2173929,51.6053261],[3.2174399,51.6053841],[3.2174089,51.6054133],[3.2174082,51.6054225],[3.2174363,51.6055031],[3.2174429,51.6055336],[3.2174576,51.605593],[3.2173943,51.605627],[3.2172947,51.6056832],[3.2172975,51.6057126],[3.2173154,51.6057731],[3.2173737,51.6058494],[3.2173657,51.6058629],[3.2173624,51.6058836],[3.2173764,51.6059528],[3.2173858,51.6059591],[3.2173368,51.6060428],[3.2172641,51.6061255],[3.2172587,51.6061329],[3.2172524,51.6061382],[3.217192,51.6062229],[3.2171595,51.6062812],[3.2171428,51.6063129]]},"properties":{"rawObjectClass":"DEPCNT","VALDCO":20,"depthDatum":"Approximate LAT","depthDatumCode":42,"depthDatumStatus":"VERIFIED_FROM_OFFICIAL_DOCUMENTATION","verticalDatum":"Local Datum","verticalDatumCode":24,"napIdentityStatus":"UNVERIFIED","sourceKind":"official","sourceCellId":"1R7588LI","sourceStableId":"1F2B69F1AB1B7553","sourceChecksum":"fcefec7e07170c4b859138c34376143c7aa4e9f8e653fc723d6bbe65dbf3c0a2","pipelineFeatureId":"1R7588LI/DEPCNT/1271588041","provenance":{"cellId":"1R7588LI","checksum":"fcefec7e07170c4b859138c34376143c7aa4e9f8e653fc723d6bbe65dbf3c0a2","readerVersion":"GDAL 3.2.2","processedAt":"2026-08-11T18:29:20.995Z"},"sourceProperties":{"RCID":1271588041,"PRIM":2,"GRUP":2,"OBJL":43,"RVER":1,"AGEN":7979,"FIDN":1777445659,"FIDS":30035,"LNAM":"1F2B69F1AB1B7553","VALDCO":20,"SCAMIN":50000,"sourceCellId":"1R7588LI","sourceChecksum":"fcefec7e07170c4b859138c34376143c7aa4e9f8e653fc723d6bbe65dbf3c0a2","rawObjectClass":"DEPCNT","sourceStableId":"1F2B69F1AB1B7553"}}},{"type":"Feature","geometry":{"type":"LineString","coordinates":[[3.2649804,51.6230289],[3.2649651,51.6230053],[3.2649414,51.6229391],[3.2650023,51.6228619],[3.2650213,51.6228608],[3.2651469,51.6228912],[3.265244,51.6228485],[3.2652447,51.6228197],[3.2652911,51.622836],[3.2653216,51.6228483],[3.2653285,51.6228715],[3.2653531,51.6229382],[3.2652922,51.6230274],[3.265291,51.6230275],[3.2651476,51.6230084],[3.2650903,51.6230287],[3.2650034,51.6230493],[3.2649804,51.6230289]]},"properties":{"rawObjectClass":"DEPCNT","VALDCO":20,"depthDatum":"Approximate LAT","depthDatumCode":42,"depthDatumStatus":"VERIFIED_FROM_OFFICIAL_DOCUMENTATION","verticalDatum":"Local Datum","verticalDatumCode":24,"napIdentityStatus":"UNVERIFIED","sourceKind":"official","sourceCellId":"1R7588LI","sourceStableId":"1F2B69F1AB1B7554","sourceChecksum":"fcefec7e07170c4b859138c34376143c7aa4e9f8e653fc723d6bbe65dbf3c0a2","pipelineFeatureId":"1R7588LI/DEPCNT/1271588042","provenance":{"cellId":"1R7588LI","checksum":"fcefec7e07170c4b859138c34376143c7aa4e9f8e653fc723d6bbe65dbf3c0a2","readerVersion":"GDAL 3.2.2","processedAt":"2026-08-11T18:29:20.995Z"},"sourceProperties":{"RCID":1271588042,"PRIM":2,"GRUP":2,"OBJL":43,"RVER":1,"AGEN":7979,"FIDN":1777445659,"FIDS":30036,"LNAM":"1F2B69F1AB1B7554","VALDCO":20,"SCAMIN":50000,"sourceCellId":"1R7588LI","sourceChecksum":"fcefec7e07170c4b859138c34376143c7aa4e9f8e653fc723d6bbe65dbf3c0a2","rawObjectClass":"DEPCNT","sourceStableId":"1F2B69F1AB1B7554"}}},{"type":"Feature","geometry":{"type":"LineString","coordinates":[[3.2316148,51.5908574],[3.2315162,51.5909098],[3.2314708,51.5909381],[3.2313754,51.5909696],[3.2313267,51.5909752],[3.2312862,51.5910002],[3.2311827,51.5910557],[3.231066,51.5910905],[3.2310386,51.5911039],[3.2310079,51.5911098],[3.2308944,51.5911339],[3.230797,51.5911518],[3.2307501,51.5911434],[3.2306876,51.5911423],[3.2306057,51.5911408],[3.2304767,51.5911816],[3.2304616,51.5911847],[3.2304555,51.5911855],[3.2303173,51.5911978],[3.2302882,51.5912001],[3.2301729,51.5911889],[3.2301613,51.5911895],[3.2300287,51.5912114],[3.2299278,51.5912457],[3.2298867,51.5911828],[3.2298842,51.5911822],[3.2297827,51.5911562],[3.2297398,51.5911708],[3.229651,51.5911832],[3.2295956,51.5911983],[3.2295733,51.5911973],[3.2294514,51.5912441],[3.229352,51.5912737],[3.2293073,51.591294],[3.229229,51.5913228],[3.2291633,51.591352],[3.2291297,51.5913641],[3.2290192,51.591406],[3.2289107,51.5914322],[3.228875,51.5914417],[3.2288228,51.5914546],[3.2287309,51.5914826],[3.2286661,51.5914953],[3.2285867,51.5915188],[3.2284588,51.591535],[3.2284424,51.5915361],[3.2284196,51.5915453],[3.2282984,51.5915965],[3.2281831,51.5916357],[3.2281543,51.5916499],[3.2281214,51.5916563],[3.2280102,51.5916972],[3.2279298,51.5917261],[3.2278661,51.5917543],[3.227722,51.5918105],[3.2277118,51.5918164],[3.227578,51.5918808],[3.2275128,51.5919067],[3.227434,51.5919488],[3.227293,51.5919951],[3.2272899,51.5919963],[3.2272878,51.5919971],[3.2271458,51.592062],[3.22706,51.5920874],[3.2270018,51.592116],[3.2269292,51.5921329],[3.2268576,51.5921607],[3.2267959,51.5921779],[3.2267135,51.5922079],[3.2266377,51.5922255],[3.2265693,51.5922476],[3.2264684,51.5922684],[3.2264252,51.5922846],[3.2263928,51.5922887],[3.226281,51.5923225],[3.22616,51.5923444],[3.2261368,51.5923503],[3.226092,51.592359],[3.2259926,51.5923884],[3.2259415,51.5923912],[3.2258484,51.5924107],[3.2257112,51.5924453],[3.2257042,51.5924477],[3.2256949,51.5924497],[3.22556,51.5924894],[3.2254565,51.5925147],[3.2254159,51.5925277],[3.2253598,51.5925403],[3.2252717,51.5925682],[3.2251944,51.5925888],[3.2251276,51.5926138],[3.2250496,51.5926308],[3.2249834,51.5926516],[3.2249284,51.5926653],[3.2248393,51.5927019],[3.2247683,51.5927212],[3.2246952,51.5927513],[3.2245949,51.5927841],[3.2245511,51.5928023],[3.2245276,51.5928116],[3.224407,51.5928639],[3.2243063,51.592902],[3.2242629,51.5929241],[3.2241749,51.5929921],[3.2241191,51.5930266],[3.2240287,51.5930823],[3.2239752,51.5931183],[3.2238518,51.5931726],[3.2238311,51.593184],[3.2237871,51.5932002],[3.2236871,51.5932406],[3.2236515,51.5932629],[3.2235431,51.5933167],[3.2234112,51.5933533],[3.2233989,51.5933588],[3.2233685,51.5933723],[3.2232549,51.5934289],[3.2232284,51.5934435],[3.2231109,51.593501],[3.2230421,51.5935338],[3.2229669,51.5935773],[3.2228711,51.593624],[3.2228229,51.593656],[3.2227102,51.5937142],[3.2226789,51.5937283],[3.2225861,51.5937725],[3.2225349,51.5937975],[3.2225228,51.5938045],[3.2223909,51.5938663],[3.2223234,51.5938948],[3.2222468,51.5939309],[3.2221422,51.5939851],[3.2221028,51.5940075],[3.2219709,51.5940677],[3.2219588,51.5940725],[3.2219518,51.5940753],[3.2217187,51.5941657],[3.2216706,51.594185],[3.2215897,51.5942164],[3.2215264,51.5942089],[3.2214227,51.5941917],[3.2213819,51.5941809],[3.2212439,51.5941706],[3.2212374,51.59417],[3.2212269,51.5941666],[3.2212021,51.5940986],[3.2212074,51.5940768],[3.221202,51.594055],[3.2212065,51.5939868],[3.2212362,51.5939076],[3.2212447,51.5938969],[3.2212358,51.5938409],[3.2212317,51.593807],[3.2212207,51.5937262],[3.2212259,51.5937171],[3.2212352,51.5937064],[3.2213145,51.593627],[3.2213789,51.5935635],[3.2213972,51.5935369],[3.2214089,51.593518],[3.2214381,51.5934469],[3.2214508,51.5934016],[3.2214696,51.5933569],[3.2215096,51.5932745],[3.2215102,51.5932669],[3.2215096,51.5932594],[3.22148,51.5931771],[3.2213768,51.5931421],[3.2212983,51.5931364],[3.2212325,51.5931437],[3.2211407,51.5931449],[3.2210882,51.5931637],[3.2210356,51.5931779],[3.2209441,51.5932148],[3.220873,51.5932225],[3.2207999,51.5932458],[3.2207122,51.5932684],[3.2206557,51.5932868],[3.2206162,51.5932932],[3.2205115,51.5933227],[3.2203818,51.59335],[3.2203673,51.5933502],[3.2203186,51.5933591],[3.2202231,51.5933784],[3.2201662,51.5933948],[3.2200789,51.5934249],[3.2200046,51.5934496],[3.2199348,51.5934757],[3.2198703,51.5934901],[3.2197906,51.5934984],[3.2196853,51.5935401],[3.2196465,51.5935545],[3.2195387,51.5936077],[3.2195023,51.59359],[3.2194093,51.5936305],[3.2193581,51.5936352],[3.2193425,51.5936307],[3.2193581,51.5936209],[3.2194713,51.5935405],[3.2195019,51.5935048],[3.2195452,51.5934505],[3.2196456,51.5933737],[3.2196572,51.5933603],[3.2197896,51.5932878],[3.219821,51.5932701],[3.2199335,51.5931946],[3.2199805,51.5931799],[3.2200775,51.593133],[3.2202161,51.593093],[3.2202217,51.593091],[3.2202265,51.5930895],[3.2203657,51.5930283],[3.2204475,51.5929992],[3.2205098,51.5929676],[3.2205934,51.592909],[3.2206537,51.5928712],[3.2207439,51.5928525],[3.2207979,51.5928456],[3.2208705,51.5928633],[3.2209423,51.5928444],[3.22107,51.5928285],[3.2210866,51.5928262],[3.2212291,51.592819],[3.2212309,51.5928184],[3.2212364,51.5928179],[3.2213751,51.5927932],[3.22142,51.5927896],[3.2215194,51.5927815],[3.2215876,51.5927747],[3.2216637,51.5927572],[3.2217773,51.5927461],[3.2218079,51.5927383],[3.2219307,51.5927401],[3.2219523,51.5927392],[3.222089,51.5927263],[3.2220966,51.5927248],[3.222099,51.5927248],[3.2222408,51.5927003],[3.2222866,51.5926975],[3.2223851,51.5926902],[3.2224527,51.5926836],[3.2225295,51.5926871],[3.2225944,51.5926849],[3.2226738,51.5926812],[3.2227411,51.5926771],[3.2228182,51.5926861],[3.2229323,51.5927059],[3.2229626,51.5927058],[3.2229922,51.5927062],[3.2231069,51.5926912],[3.2231726,51.5926834],[3.2232512,51.5926772],[3.2233097,51.5926705],[3.2233956,51.5926782],[3.2234973,51.5926603],[3.2235398,51.5926557],[3.2236588,51.5926492],[3.2236841,51.5926469],[3.2237201,51.5926557],[3.2237749,51.5926332],[3.2238284,51.5926199],[3.2238595,51.5926137],[3.2239726,51.5926021],[3.2241121,51.5925427],[3.2241167,51.5925404],[3.2241274,51.592536],[3.2242608,51.5924795],[3.2242998,51.5924524],[3.2244047,51.5924025],[3.2245134,51.5923843],[3.224549,51.5923765],[3.2245872,51.5923619],[3.224693,51.5923102],[3.2247887,51.5922716],[3.224837,51.5922414],[3.2249593,51.5921814],[3.224981,51.5921753],[3.2249996,51.5921697],[3.2251252,51.5921382],[3.2252258,51.5921182],[3.2252694,51.5921072],[3.2253172,51.5920908],[3.2254135,51.5920518],[3.2255448,51.5920084],[3.2255576,51.5920043],[3.2255684,51.5920004],[3.2257017,51.5919368],[3.2258344,51.59191],[3.2258459,51.5919069],[3.2258643,51.5918984],[3.2259899,51.5918404],[3.2260673,51.5918196],[3.2261341,51.5918069],[3.2261577,51.5918047],[3.2262784,51.5917986],[3.2263296,51.5917872],[3.2264226,51.591778],[3.2265274,51.5917534],[3.2265668,51.5917421],[3.2266143,51.5917286],[3.226711,51.5917063],[3.2268323,51.5916525],[3.2268551,51.5916449],[3.2268752,51.5916382],[3.2269993,51.5916158],[3.2271434,51.5915748],[3.2272777,51.5915475],[3.2272876,51.5915456],[3.2272924,51.5915445],[3.2274318,51.5915109],[3.2275221,51.5914907],[3.227576,51.5914731],[3.2276168,51.5914569],[3.22772,51.5914162],[3.2278265,51.5913901],[3.2278642,51.5913772],[3.2279391,51.5913664],[3.2280084,51.5913452],[3.2281056,51.5913054],[3.2281524,51.5912814],[3.2281694,51.591276],[3.2281803,51.5912586],[3.2282203,51.591186],[3.228296,51.5911176],[3.2283256,51.5910959],[3.2284399,51.5910242],[3.2284838,51.5910057],[3.2285427,51.5909412],[3.228568,51.5909156],[3.2285836,51.5909082],[3.2286014,51.5909045],[3.2287277,51.590862],[3.22882,51.5908252],[3.2288718,51.5908092],[3.2289049,51.5908044],[3.2290162,51.5908046],[3.2290604,51.5907971],[3.2291604,51.5907873],[3.2292159,51.5907899],[3.2293047,51.590773],[3.2293735,51.5907342],[3.2294486,51.5906896],[3.2295665,51.5906603],[3.2295928,51.5906519],[3.2296117,51.5906438],[3.2297367,51.5905603],[3.2297612,51.5905536],[3.2298809,51.590527],[3.2299367,51.5905185],[3.2300251,51.5904961],[3.2301203,51.590463],[3.2301692,51.5904463],[3.230201,51.590443],[3.2303135,51.590438],[3.2303608,51.590433],[3.2304577,51.5904111],[3.2305786,51.5903867],[3.2306019,51.5903818],[3.230676,51.590372],[3.2307702,51.5903568],[3.2308904,51.5903386],[3.230986,51.590341],[3.2310348,51.5903402],[3.2310815,51.590342],[3.2311791,51.590337],[3.2312346,51.5903363],[3.2313234,51.590335],[3.231413,51.5903147],[3.2314677,51.5903195],[3.2315192,51.5903125],[3.2316121,51.5903316],[3.2316853,51.5903244],[3.2317564,51.5903112],[3.2318028,51.5903088],[3.2319008,51.5903186],[3.2319816,51.5903191],[3.2320451,51.5903153],[3.2321056,51.5903169],[3.2321895,51.5903186],[3.2322713,51.5903178],[3.2323338,51.5903113],[3.2324405,51.590302],[3.2324781,51.5903014],[3.2325832,51.5903027],[3.2326224,51.5902968],[3.2327543,51.5902857],[3.2327667,51.5902861],[3.2327852,51.5902894],[3.2328174,51.5902778],[3.2329109,51.5902547],[3.2329746,51.5902378],[3.2330551,51.5902192],[3.2331519,51.5902772],[3.2331571,51.5903038],[3.233103,51.5903672],[3.233056,51.5903944],[3.2329182,51.5904575],[3.2329119,51.590461],[3.232902,51.5904637],[3.2327678,51.5904984],[3.2326252,51.590548],[3.2326237,51.5905485],[3.2326224,51.5905487],[3.2324794,51.5905645],[3.2324452,51.5905696],[3.2323352,51.590593],[3.2322393,51.5906085],[3.232191,51.5906236],[3.2321025,51.5906389],[3.2320468,51.590653],[3.2320174,51.5906574],[3.2319026,51.5906877],[3.2318181,51.5907294],[3.2317587,51.5907657],[3.2316865,51.5908196],[3.2316148,51.5908574]]},"properties":{"rawObjectClass":"DEPCNT","VALDCO":20,"depthDatum":"Approximate LAT","depthDatumCode":42,"depthDatumStatus":"VERIFIED_FROM_OFFICIAL_DOCUMENTATION","verticalDatum":"Local Datum","verticalDatumCode":24,"napIdentityStatus":"UNVERIFIED","sourceKind":"official","sourceCellId":"1R7588LI","sourceStableId":"1F2B69F1AB1B7555","sourceChecksum":"fcefec7e07170c4b859138c34376143c7aa4e9f8e653fc723d6bbe65dbf3c0a2","pipelineFeatureId":"1R7588LI/DEPCNT/1271588043","provenance":{"cellId":"1R7588LI","checksum":"fcefec7e07170c4b859138c34376143c7aa4e9f8e653fc723d6bbe65dbf3c0a2","readerVersion":"GDAL 3.2.2","processedAt":"2026-08-11T18:29:20.995Z"},"sourceProperties":{"RCID":1271588043,"PRIM":2,"GRUP":2,"OBJL":43,"RVER":1,"AGEN":7979,"FIDN":1777445659,"FIDS":30037,"LNAM":"1F2B69F1AB1B7555","VALDCO":20,"SCAMIN":50000,"sourceCellId":"1R7588LI","sourceChecksum":"fcefec7e07170c4b859138c34376143c7aa4e9f8e653fc723d6bbe65dbf3c0a2","rawObjectClass":"DEPCNT","sourceStableId":"1F2B69F1AB1B7555"}}},{"type":"Feature","geometry":{"type":"LineString","coordinates":[[3.2198808,51.6132313],[3.2198818,51.6131437],[3.219882,51.6131414],[3.2198816,51.613139],[3.2198715,51.6130515],[3.2198848,51.6130206],[3.2199908,51.6129614],[3.2200289,51.6129509],[3.2200547,51.6129452],[3.2201733,51.6129361],[3.2202722,51.6128991],[3.2203174,51.6128828],[3.2203541,51.6128708],[3.2203688,51.6128386],[3.2204379,51.6127807],[3.2204612,51.6127474],[3.2205595,51.6127517],[3.2206057,51.6127573],[3.2206299,51.6127803],[3.2206614,51.6128148],[3.2207143,51.6128701],[3.2206831,51.6129179],[3.2207008,51.61296],[3.2206664,51.613013],[3.2206581,51.61305],[3.2206074,51.6131024],[3.2205668,51.6131401],[3.2205171,51.6131967],[3.2204868,51.6132302],[3.2204637,51.6132623],[3.2204156,51.6133202],[3.2203199,51.6133837],[3.2202663,51.6134104],[3.2201758,51.6134515],[3.2200789,51.6134404],[3.2200312,51.6134266],[3.2200071,51.6134109],[3.2199505,51.6133609],[3.2199015,51.6133212],[3.219886,51.6132528],[3.2198808,51.6132313]]},"properties":{"rawObjectClass":"DEPCNT","VALDCO":20,"depthDatum":"Approximate LAT","depthDatumCode":42,"depthDatumStatus":"VERIFIED_FROM_OFFICIAL_DOCUMENTATION","verticalDatum":"Local Datum","verticalDatumCode":24,"napIdentityStatus":"UNVERIFIED","sourceKind":"official","sourceCellId":"1R7588LI","sourceStableId":"1F2B69F1AB1B7556","sourceChecksum":"fcefec7e07170c4b859138c34376143c7aa4e9f8e653fc723d6bbe65dbf3c0a2","pipelineFeatureId":"1R7588LI/DEPCNT/1271588044","provenance":{"cellId":"1R7588LI","checksum":"fcefec7e07170c4b859138c34376143c7aa4e9f8e653fc723d6bbe65dbf3c0a2","readerVersion":"GDAL 3.2.2","processedAt":"2026-08-11T18:29:20.995Z"},"sourceProperties":{"RCID":1271588044,"PRIM":2,"GRUP":2,"OBJL":43,"RVER":1,"AGEN":7979,"FIDN":1777445659,"FIDS":30038,"LNAM":"1F2B69F1AB1B7556","VALDCO":20,"SCAMIN":50000,"sourceCellId":"1R7588LI","sourceChecksum":"fcefec7e07170c4b859138c34376143c7aa4e9f8e653fc723d6bbe65dbf3c0a2","rawObjectClass":"DEPCNT","sourceStableId":"1F2B69F1AB1B7556"}}},{"type":"Feature","geometry":{"type":"LineString","coordinates":[[3.2259186,51.598114],[3.2258768,51.5981511],[3.225841,51.5982041],[3.2257397,51.5982901],[3.2257363,51.5982942],[3.2257332,51.5982971],[3.2256813,51.5983842],[3.2256445,51.59844],[3.2256439,51.5984742],[3.2257209,51.5985555],[3.2257209,51.598564],[3.2257345,51.5985724],[3.2258456,51.5985845],[3.2258789,51.5985737],[3.2260017,51.5985769],[3.2260233,51.5985734],[3.2261677,51.598568],[3.2261902,51.5985631],[3.2263118,51.5985249],[3.2264203,51.598495],[3.226456,51.5984835],[3.2264943,51.5984726],[3.2266,51.598418],[3.2266889,51.5983823],[3.2267441,51.5983442],[3.2268388,51.5982921],[3.226888,51.598268],[3.2270259,51.5982018],[3.2270321,51.5981983],[3.2271143,51.5981502],[3.227176,51.5981148],[3.2271823,51.5981116],[3.2273202,51.5980635],[3.22746,51.5980211],[3.2274643,51.5980196],[3.2274749,51.5980145],[3.2276083,51.5979469],[3.2276386,51.5979308],[3.2277523,51.5978594],[3.2278013,51.5978406],[3.2278964,51.5978035],[3.2280128,51.5977503],[3.2280404,51.5977362],[3.2281147,51.5977037],[3.2281844,51.5976705],[3.2282238,51.59766],[3.2283286,51.597627],[3.2283939,51.5976189],[3.2284728,51.5975893],[3.2285475,51.5975694],[3.2286169,51.5975451],[3.2286759,51.5975324],[3.2287611,51.5975093],[3.2289013,51.5974788],[3.2289053,51.5974769],[3.2289095,51.5974762],[3.2290495,51.5974242],[3.2291828,51.5973951],[3.2291937,51.5973913],[3.2292082,51.5973883],[3.2293378,51.5973392],[3.2294122,51.5973415],[3.2294821,51.5973312],[3.2296083,51.5972976],[3.2296263,51.5972903],[3.2296406,51.5972886],[3.2297705,51.5972659],[3.2298218,51.5972653],[3.2299148,51.5972498],[3.2299866,51.5972522],[3.2300591,51.5972383],[3.2301656,51.5972302],[3.2302035,51.5972275],[3.230328,51.5972186],[3.2303478,51.5972188],[3.2304034,51.5972061],[3.230492,51.597185],[3.2305252,51.5971852],[3.2306363,51.5971788],[3.2306929,51.5971703],[3.2307806,51.5971637],[3.2308509,51.5971615],[3.230925,51.5971609],[3.2310107,51.5971684],[3.2310694,51.5971655],[3.231169,51.5971767],[3.2312138,51.5971744],[3.2313484,51.5972043],[3.2312142,51.5972489],[3.2311383,51.5972519],[3.2310699,51.5972638],[3.230966,51.5972949],[3.2309257,51.597307],[3.2309029,51.5973093],[3.2307816,51.5973484],[3.2306975,51.5973478],[3.2306372,51.5973536],[3.2305126,51.5973735],[3.2304929,51.5973748],[3.2304498,51.5973859],[3.2303488,51.5974244],[3.2302847,51.5974261],[3.2302046,51.5974559],[3.230086,51.5974765],[3.2300604,51.597488],[3.2300382,51.5974904],[3.2299163,51.5975349],[3.2298131,51.5975669],[3.2297721,51.5975826],[3.2297145,51.5976031],[3.229628,51.5976329],[3.2295255,51.5976574],[3.2294838,51.5976716],[3.2294507,51.5976782],[3.2293397,51.597717],[3.2292425,51.5977479],[3.2291956,51.597774],[3.229116,51.5977978],[3.2290515,51.597826],[3.2290161,51.5978382],[3.2289075,51.5978992],[3.2287837,51.5979159],[3.2287632,51.5979227],[3.228746,51.5979287],[3.2286191,51.5979801],[3.2284915,51.5980191],[3.228475,51.5980281],[3.2284069,51.5980618],[3.228331,51.5981051],[3.228322,51.5981093],[3.228187,51.5981813],[3.2281578,51.5981996],[3.2281872,51.5982187],[3.2282198,51.5982198],[3.2283316,51.5982175],[3.2283657,51.5981992],[3.2284756,51.5981476],[3.2285784,51.5981088],[3.2286196,51.59808],[3.2286578,51.5980849],[3.2287639,51.5980596],[3.2288591,51.5980184],[3.2289078,51.5979676],[3.2289527,51.5979563],[3.2290522,51.5979721],[3.2291468,51.5979279],[3.2291962,51.5978964],[3.2292618,51.5978868],[3.2293406,51.5979077],[3.2293563,51.5979275],[3.2293408,51.5979418],[3.2292645,51.5980176],[3.229197,51.5980526],[3.2290956,51.5981078],[3.229053,51.5981333],[3.2289892,51.5981479],[3.2289088,51.5981678],[3.2288615,51.5981982],[3.2287649,51.5982597],[3.2286626,51.5982885],[3.2286208,51.5983042],[3.228531,51.5983448],[3.2284767,51.5983705],[3.2284505,51.5983788],[3.2283326,51.5984178],[3.2282376,51.5984385],[3.2281884,51.5984545],[3.2281451,51.5984694],[3.2280444,51.598531],[3.2279864,51.5985596],[3.2279006,51.5986479],[3.2278866,51.5986497],[3.2277563,51.5986671],[3.2276809,51.5986971],[3.2276122,51.5987237],[3.2275323,51.5987403],[3.227468,51.5987562],[3.2273905,51.5987822],[3.2273237,51.5987689],[3.2272739,51.5987718],[3.2271795,51.5988083],[3.2271489,51.598831],[3.2270462,51.5989145],[3.2270485,51.5989211],[3.2270357,51.5989247],[3.226991,51.5990111],[3.226892,51.5990685],[3.226843,51.5991013],[3.2267482,51.5991787],[3.2267315,51.5991914],[3.2266043,51.5992693],[3.2265871,51.5992816],[3.2264604,51.5993714],[3.226387,51.5994178],[3.2263177,51.599462],[3.2263165,51.5994625],[3.2263049,51.5994693],[3.2261725,51.599548],[3.2261653,51.5995522],[3.2260285,51.5996213],[3.2259817,51.5996424],[3.2258845,51.5996939],[3.2257656,51.5997328],[3.2257404,51.5997436],[3.2256799,51.5997706],[3.2255963,51.5998143],[3.2255747,51.5998231],[3.2254524,51.5999076],[3.2254412,51.5999132],[3.2254335,51.5999251],[3.2253507,51.6000033],[3.2253086,51.6000325],[3.2252084,51.6000935],[3.2251647,51.6001171],[3.2250241,51.6001838],[3.2250206,51.6001861],[3.2249635,51.6002196],[3.2249057,51.600184],[3.2248792,51.6001822],[3.2249681,51.600094],[3.2250199,51.6000298],[3.2250438,51.6000039],[3.2250437,51.5999889],[3.2250896,51.5999139],[3.2251633,51.5998377],[3.2251815,51.5998238],[3.2251632,51.5998108],[3.2251279,51.599802],[3.2250186,51.5997759],[3.2249183,51.5997619],[3.2248741,51.5997593],[3.2248095,51.5997346],[3.224874,51.5997222],[3.2248986,51.5997191],[3.2250183,51.5997084],[3.2250926,51.5996877],[3.2251625,51.5996738],[3.2252383,51.5996439],[3.2253066,51.5996153],[3.2254273,51.5995536],[3.2254506,51.5995379],[3.2255606,51.5994847],[3.2255946,51.599469],[3.2256246,51.5994633],[3.2257388,51.5994262],[3.2258008,51.599373],[3.2258827,51.5993345],[3.226013,51.5992827],[3.2260268,51.5992743],[3.2260543,51.5992655],[3.2261708,51.5992043],[3.2261958,51.5991925],[3.2263148,51.599117],[3.2263493,51.5991022],[3.2264588,51.5990408],[3.2265147,51.599012],[3.2264584,51.5989587],[3.2263238,51.5990124],[3.2263143,51.599021],[3.2263052,51.5990181],[3.2261702,51.5990729],[3.2261133,51.5991027],[3.2260262,51.5991472],[3.2259101,51.599193],[3.2258821,51.599211],[3.2258091,51.5991932],[3.2258253,51.599158],[3.2257894,51.5991033],[3.2258334,51.5990431],[3.2257938,51.5990134],[3.2257366,51.5989876],[3.2256947,51.5989875],[3.2255921,51.5989672],[3.2255099,51.5989628],[3.2254477,51.5989507],[3.225415,51.5989445],[3.2253033,51.5989581],[3.2251625,51.5990146],[3.2251592,51.5990164],[3.2251558,51.5990167],[3.2251349,51.5990147],[3.2250452,51.5989959],[3.2250148,51.5990069],[3.2249961,51.5990149],[3.2248708,51.5990787],[3.2248145,51.5991052],[3.2247267,51.5991419],[3.2246167,51.5991955],[3.2245827,51.5992112],[3.2245145,51.5992382],[3.2244386,51.5992732],[3.2244168,51.5992858],[3.2242946,51.5993594],[3.2242731,51.599376],[3.2241576,51.5994618],[3.2241523,51.5994661],[3.2241508,51.5994672],[3.2240519,51.5995562],[3.224007,51.5995905],[3.2239696,51.5996463],[3.2238866,51.5997219],[3.2238752,51.5997364],[3.2238634,51.5997494],[3.2238123,51.5998264],[3.2237197,51.5998787],[3.2236126,51.5998268],[3.223575,51.5998203],[3.2234902,51.5997744],[3.2234305,51.5997876],[3.2233434,51.5998273],[3.2233201,51.5998965],[3.2233005,51.5999173],[3.2232868,51.5999394],[3.2231607,51.5999963],[3.2231428,51.6000054],[3.2231349,51.6000076],[3.2229985,51.6000284],[3.2229497,51.6000383],[3.2228542,51.6000386],[3.2227135,51.6000983],[3.2227101,51.6001005],[3.2227028,51.6001029],[3.222566,51.6001527],[3.2225311,51.6001885],[3.2224221,51.6002667],[3.2223988,51.6002787],[3.222278,51.6003265],[3.2221957,51.600369],[3.2221341,51.6004119],[3.2220397,51.6004281],[3.2219898,51.6004247],[3.2219337,51.6003695],[3.2219892,51.6003021],[3.2220122,51.6002794],[3.2220133,51.6002643],[3.2220565,51.6001894],[3.2221327,51.6001237],[3.2221648,51.6000993],[3.2222766,51.600027],[3.2223015,51.6000091],[3.2223144,51.5999855],[3.2223309,51.5999192],[3.2223819,51.5998529],[3.2223984,51.5998291],[3.2224199,51.5998119],[3.2225108,51.599739],[3.2225635,51.5996532],[3.2225656,51.599649],[3.2225933,51.5996303],[3.2226961,51.5995588],[3.2227073,51.5995353],[3.2227391,51.5994688],[3.2227469,51.5994439],[3.222803,51.5993788],[3.2228231,51.5993059],[3.222824,51.5992888],[3.2228504,51.5992594],[3.2229214,51.5991987],[3.2229941,51.599124],[3.2230097,51.5991086],[3.2230369,51.5990818],[3.2231217,51.5990185],[3.2231379,51.5990055],[3.2232551,51.5989283],[3.2232818,51.5989117],[3.2233741,51.5988382],[3.2234256,51.5988008],[3.2234971,51.598748],[3.2235695,51.5987066],[3.2236422,51.5986579],[3.2237135,51.5986209],[3.2238556,51.5985675],[3.2238576,51.5985663],[3.223869,51.5985604],[3.2240016,51.5984908],[3.2240407,51.5984773],[3.2241457,51.5984337],[3.2242594,51.5983869],[3.2242898,51.5983714],[3.2244295,51.5982994],[3.2244338,51.5982971],[3.2244343,51.5982967],[3.2244354,51.5982957],[3.2244961,51.5982066],[3.2245773,51.5981282],[3.2245881,51.5981166],[3.2246433,51.5980265],[3.2247208,51.5979423],[3.224727,51.5979365],[3.2247348,51.5979277],[3.2247969,51.5978464],[3.2248644,51.597789],[3.2249049,51.5977563],[3.2250084,51.5977037],[3.2250706,51.597666],[3.2251522,51.5975915],[3.2251733,51.5975759],[3.2252083,51.5975408],[3.2251517,51.5975039],[3.2251238,51.5974861],[3.2250578,51.5974547],[3.2250944,51.5973963],[3.2251509,51.597337],[3.2252006,51.5973061],[3.2252949,51.597248],[3.225417,51.5972296],[3.2254391,51.5972244],[3.2254581,51.5972157],[3.2255831,51.5971378],[3.2256938,51.5972153],[3.2257279,51.5972326],[3.2257536,51.5972152],[3.2258719,51.5971562],[3.2259542,51.5971249],[3.2258713,51.5970352],[3.2257273,51.5971062],[3.2256148,51.5971056],[3.2256871,51.5970355],[3.2257268,51.5970087],[3.2258712,51.5970351],[3.2258713,51.597035],[3.2258713,51.5970351],[3.226016,51.5971053],[3.2260534,51.5971014],[3.2261602,51.5970658],[3.2262841,51.5970343],[3.2263044,51.5970282],[3.2264137,51.5970123],[3.2264487,51.5970161],[3.2264817,51.5970134],[3.2265929,51.5969872],[3.2267057,51.5969632],[3.2267371,51.596956],[3.2268096,51.5969434],[3.2268813,51.5969222],[3.2269952,51.596872],[3.2270254,51.5968594],[3.2270532,51.596853],[3.2271693,51.5967639],[3.2271699,51.5967628],[3.2271717,51.5967614],[3.2272517,51.5966728],[3.2273131,51.5966534],[3.2273638,51.596641],[3.2274573,51.5966074],[3.2275015,51.5965824],[3.2276012,51.5965196],[3.2276521,51.5964922],[3.2277451,51.596434],[3.2277869,51.596402],[3.2278039,51.5963651],[3.2278145,51.596312],[3.2278799,51.5962273],[3.2278834,51.596222],[3.2278884,51.5962169],[3.2279624,51.5961319],[3.2280322,51.5960919],[3.2281146,51.5960417],[3.2281761,51.5960073],[3.2282394,51.596002],[3.2283204,51.595982],[3.2284129,51.5959512],[3.2284644,51.5959118],[3.2285161,51.5959188],[3.2286086,51.5958909],[3.2287082,51.5958607],[3.2286082,51.595799],[3.2284716,51.5957761],[3.2284637,51.5957779],[3.2284486,51.5957807],[3.2283193,51.5957724],[3.2283169,51.5957715],[3.2281747,51.5957319],[3.2280356,51.5956856],[3.2280301,51.5956843],[3.2280283,51.5956822],[3.2278853,51.5955933],[3.2278841,51.5955933],[3.2277413,51.5956655],[3.2277149,51.5956828],[3.2275974,51.5957549],[3.227553,51.595773],[3.2274535,51.5958469],[3.227395,51.5958632],[3.2273096,51.5959468],[3.2272935,51.5959534],[3.2271654,51.5959917],[3.2270601,51.5960437],[3.2270214,51.596062],[3.2269632,51.5960802],[3.2268773,51.5961172],[3.2268504,51.5961341],[3.2267334,51.596205],[3.2266854,51.5962243],[3.2265894,51.5962751],[3.2264774,51.5962945],[3.2264452,51.5963054],[3.2264251,51.5963147],[3.2263012,51.5963831],[3.2262533,51.596405],[3.2261572,51.5964546],[3.2260717,51.5964952],[3.2260131,51.5965242],[3.2259077,51.5965854],[3.2258692,51.5966033],[3.2257351,51.5966757],[3.2257252,51.5966819],[3.2256983,51.5966925],[3.2255811,51.5967466],[3.2255393,51.596766],[3.2254371,51.5968111],[3.2253195,51.5968563],[3.225293,51.5968673],[3.2252481,51.5968845],[3.2251489,51.596923],[3.2250941,51.5969467],[3.2250049,51.5970045],[3.2249328,51.5970369],[3.2248609,51.5970744],[3.2247513,51.5971056],[3.2247167,51.5971193],[3.2246899,51.5971273],[3.2245726,51.5971754],[3.2244675,51.5971932],[3.2244284,51.5972018],[3.2243221,51.5972179],[3.2242936,51.5972239],[3.2242841,51.5972225],[3.2242743,51.5972241],[3.2242157,51.5972181],[3.2241397,51.5972114],[3.2241283,51.5972112],[3.2239953,51.5972053],[3.2239716,51.5972038],[3.2238508,51.5971915],[3.2238001,51.5971873],[3.2237064,51.5971799],[3.2236476,51.5971826],[3.223562,51.597178],[3.2234976,51.5971794],[3.2234176,51.5971734],[3.2233394,51.597171],[3.2232732,51.5971657],[3.2232117,51.5971684],[3.2231289,51.5971847],[3.2230108,51.5972041],[3.2229847,51.5972136],[3.2229155,51.5972206],[3.2228404,51.5972344],[3.222812,51.5972385],[3.2226962,51.597252],[3.2226464,51.5972521],[3.2225519,51.597268],[3.2224279,51.5972343],[3.2224073,51.5972333],[3.2223764,51.5972216],[3.2223565,51.5971901],[3.2223095,51.5971318],[3.2224064,51.5970457],[3.2224145,51.5970417],[3.2224439,51.5970182],[3.2225261,51.5969516],[3.2225405,51.5968675],[3.2225433,51.5968616],[3.2225498,51.5968459],[3.2225916,51.5967716],[3.2226934,51.5966882],[3.2227033,51.5966815],[3.2227413,51.5966515],[3.2228257,51.5965913],[3.2228373,51.5965831],[3.2229813,51.5965011],[3.2231253,51.5964388],[3.2231934,51.5964108],[3.2232694,51.5963837],[3.2233626,51.5963523],[3.2234135,51.5963331],[3.2234371,51.5963204],[3.2234922,51.5962711],[3.2235185,51.5962304],[3.2235573,51.596212],[3.2236852,51.5961401],[3.2237013,51.5961315],[3.2238305,51.5960499],[3.2238452,51.5960385],[3.2238885,51.5960228],[3.2239893,51.5959859],[3.2240314,51.5959596],[3.2241333,51.5959049],[3.2242035,51.5958694],[3.2242772,51.5958168],[3.224347,51.5957792],[3.2243822,51.5957134],[3.2243819,51.5956892],[3.2244208,51.5956568],[3.2244668,51.5955991],[3.2244984,51.5955504],[3.2245177,51.5955091],[3.2245604,51.5954213],[3.2245598,51.5954191],[3.2244194,51.5953847],[3.2243592,51.595367],[3.2242751,51.5953846],[3.2241745,51.5953926],[3.2241308,51.5954016],[3.2239899,51.5954181],[3.2239865,51.5954191],[3.2239829,51.5954202],[3.2238424,51.5954712],[3.2237458,51.5954808],[3.2236981,51.5954966],[3.223629,51.5955108],[3.223554,51.5955386],[3.2234933,51.5955489],[3.2234098,51.5955751],[3.2232991,51.5956014],[3.2232656,51.5956128],[3.223244,51.595615],[3.2231214,51.5956546],[3.2230178,51.5956665],[3.2229772,51.5956696],[3.2228926,51.5956921],[3.222833,51.5957108],[3.2227824,51.5957238],[3.2226888,51.5957529],[3.2225696,51.595767],[3.2225445,51.5957702],[3.2225177,51.5957827],[3.2224005,51.5958383],[3.2223243,51.595873],[3.2222565,51.5959052],[3.2221747,51.5959242],[3.2221122,51.5959343],[3.2220611,51.5959634],[3.2219682,51.5960082],[3.2218245,51.5960537],[3.2218241,51.5960539],[3.2218231,51.5960543],[3.22168,51.5961181],[3.2216204,51.596144],[3.2215368,51.5962337],[3.2215363,51.5962341],[3.2215362,51.5962342],[3.221536,51.5962342],[3.221392,51.5962592],[3.2212966,51.5963245],[3.221248,51.5963474],[3.2211457,51.5964147],[3.2211041,51.5964378],[3.2209946,51.5964833],[3.22096,51.5964857],[3.2209321,51.596505],[3.2208159,51.5965532],[3.2207528,51.5965953],[3.220672,51.5966381],[3.2206011,51.5966855],[3.220528,51.5967248],[3.2204317,51.5967757],[3.220384,51.596802],[3.2202399,51.596866],[3.2200959,51.5969327],[3.2200583,51.5969562],[3.2199519,51.5970164],[3.2199032,51.5970464],[3.2198079,51.5970969],[3.2197454,51.5971366],[3.2195765,51.5972269],[3.21952,51.5972635],[3.2194327,51.5973171],[3.219376,51.5973431],[3.2193272,51.5973173],[3.2192312,51.5972473],[3.2191918,51.5972276],[3.2191324,51.5971665],[3.2192307,51.5971459],[3.2192406,51.5971376],[3.2193746,51.5970515],[3.21938,51.5970474],[3.2195178,51.5969577],[3.2195185,51.5969572],[3.2195188,51.5969571],[3.2196625,51.5968797],[3.2196889,51.596867],[3.2198065,51.5967993],[3.2198497,51.5967768],[3.2199505,51.5967294],[3.220069,51.5966865],[3.2200946,51.5966722],[3.2201537,51.5966494],[3.2202387,51.5966036],[3.2202654,51.5965962],[3.2203827,51.5965428],[3.2204865,51.5965058],[3.2205269,51.5964896],[3.2205942,51.5964636],[3.2206709,51.5964273],[3.2206934,51.5964155],[3.2208149,51.5963507],[3.220879,51.5963253],[3.220959,51.5962848],[3.2210757,51.596235],[3.221103,51.5962209],[3.2211656,51.5961958],[3.2212471,51.5961626],[3.2212724,51.5961447],[3.2212944,51.596115],[3.2213312,51.5960547],[3.2213908,51.5960201],[3.2215236,51.5959644],[3.2215349,51.5959565],[3.2215662,51.5959448],[3.2216789,51.5958893],[3.2217331,51.5958741],[3.2218228,51.5957996],[3.2218439,51.595784],[3.2218627,51.595759],[3.2219213,51.5956939],[3.2219664,51.5956442],[3.2220312,51.5956038],[3.2221104,51.5955678],[3.2222147,51.5955384],[3.2222546,51.5955281],[3.2223123,51.5955133],[3.2223988,51.5954936],[3.2224385,51.5954884],[3.2225431,51.5954716],[3.2226453,51.5954489],[3.2226873,51.5954334],[3.2227565,51.5954226],[3.2228314,51.5953812],[3.2229462,51.5953323],[3.2229755,51.5953236],[3.2231059,51.5952421],[3.2231193,51.5952264],[3.2232013,51.595152],[3.223159,51.5950872],[3.223199,51.5950621],[3.2232626,51.5950025],[3.2232695,51.594972],[3.2232695,51.5949676],[3.2232872,51.5948821],[3.2233192,51.5948463],[3.2233831,51.594792],[3.2234059,51.5947795],[3.2234751,51.5947486],[3.22355,51.5947216],[3.2235757,51.5947017],[3.223694,51.5946523],[3.2237921,51.5946113],[3.223838,51.5945879],[3.223974,51.5945211],[3.2239821,51.5945168],[3.224007,51.5945055],[3.2241261,51.594448],[3.2241678,51.5944308],[3.2242702,51.5943875],[3.2244093,51.5943435],[3.2244143,51.5943416],[3.2244174,51.5943404],[3.2245584,51.5942808],[3.2246178,51.5942501],[3.2247024,51.5942084],[3.2248183,51.5941774],[3.2248465,51.5941706],[3.2248787,51.5941597],[3.2249906,51.5941147],[3.2251215,51.5940776],[3.2251348,51.5940737],[3.2251749,51.5940692],[3.2252791,51.5940601],[3.2253015,51.594055],[3.2254233,51.594024],[3.2255436,51.5939935],[3.2255675,51.5939874],[3.2256232,51.5939784],[3.2257117,51.5939621],[3.2257524,51.5939528],[3.225856,51.5939501],[3.2259198,51.5939381],[3.2260002,51.5939232],[3.226067,51.5939292],[3.2261446,51.5939245],[3.2262443,51.5939151],[3.2262889,51.5939207],[3.2263465,51.593923],[3.2264333,51.5939297],[3.2265338,51.5939141],[3.2265776,51.5939071],[3.2266968,51.5939021],[3.2267219,51.5938962],[3.2267633,51.5938863],[3.2268661,51.5938539],[3.2269776,51.593796],[3.22701,51.5937685],[3.2271092,51.5937676],[3.2271544,51.5937807],[3.2271857,51.5937761],[3.2272987,51.593762],[3.2274277,51.5937052],[3.2274427,51.5936989],[3.2274569,51.5936963],[3.2274844,51.5937051],[3.2275872,51.5937241],[3.2276198,51.5937048],[3.2277313,51.5936581],[3.2278361,51.5936391],[3.2278755,51.5936444],[3.2279269,51.5936463],[3.22802,51.593662],[3.2281068,51.5936498],[3.2281643,51.5936597],[3.2282642,51.5936758],[3.2283087,51.5936661],[3.2284126,51.5936134],[3.2284036,51.5935828],[3.2284021,51.5935235],[3.2284523,51.5935054],[3.2285846,51.5934332],[3.2285962,51.5934104],[3.2286389,51.5933432],[3.2287018,51.5932769],[3.2287347,51.5932531],[3.2287397,51.5932512],[3.2287447,51.5932499],[3.2288101,51.5932529],[3.2288642,51.5932652],[3.2288841,51.5932551],[3.2288898,51.5932563],[3.2289689,51.5932526],[3.2290284,51.5932435],[3.2291587,51.5932435],[3.229091,51.5931625],[3.2290669,51.5931383],[3.2291071,51.5930725],[3.2291717,51.5930371],[3.2292391,51.5929824],[3.2293157,51.5929574],[3.2293858,51.5929383],[3.2294599,51.5929196],[3.2295298,51.5928919],[3.229604,51.5928695],[3.2296608,51.5928562],[3.2297482,51.5928335],[3.2298896,51.5928012],[3.2298924,51.5928006],[3.2298939,51.5928003],[3.2300365,51.5927613],[3.2301331,51.5927406],[3.2301808,51.5927382],[3.2302828,51.5927106],[3.2303249,51.5927019],[3.2303467,51.5926969],[3.2304691,51.5926687],[3.2305539,51.5926572],[3.2306134,51.5926482],[3.2307352,51.5926338],[3.2307577,51.5926341],[3.2308149,51.5926196],[3.2309018,51.5925979],[3.2309619,51.5925819],[3.231046,51.5925617],[3.2311719,51.592529],[3.2311902,51.5925241],[3.2312041,51.5925203],[3.2313344,51.5924873],[3.2314398,51.5924627],[3.2314785,51.5924525],[3.2315257,51.5924384],[3.2316227,51.5924075],[3.2317023,51.5923884],[3.2317668,51.5923692],[3.2318535,51.5923478],[3.231911,51.5923321],[3.2319474,51.5923249],[3.2320552,51.5923004],[3.2321903,51.5922629],[3.2321994,51.5922605],[3.232211,51.5922572],[3.2323435,51.5922174],[3.232461,51.5921834],[3.2324876,51.5921748],[3.2325135,51.5921667],[3.2326318,51.5921285],[3.232744,51.5920962],[3.2327759,51.5920867],[3.2328242,51.5920761],[3.2329201,51.5920533],[3.2329814,51.5920376],[3.2330642,51.5920138],[3.2331625,51.5919855],[3.2332084,51.5919711],[3.2332382,51.5919668],[3.2333526,51.59194],[3.233477,51.5919073],[3.2334967,51.5919026],[3.2335277,51.5918949],[3.2336409,51.5918691],[3.2337016,51.5918567],[3.2337851,51.5918392],[3.233902,51.5918042],[3.2339293,51.5917954],[3.2339474,51.5917928],[3.2340735,51.5917721],[3.2341486,51.5917569],[3.2342177,51.5917481],[3.2343184,51.5917407],[3.234362,51.5917352],[3.2344884,51.5917132],[3.2345062,51.5917101],[3.2345125,51.5917092],[3.2346505,51.5916976],[3.2346806,51.591694],[3.2347948,51.5916719],[3.2348724,51.591664],[3.234939,51.5916541],[3.2350707,51.5916299],[3.2350832,51.5916284],[3.2351489,51.5916219],[3.2352275,51.5916138],[3.2352411,51.5916133],[3.2353719,51.5916119],[3.2355163,51.5916167],[3.2356572,51.5916187],[3.2356606,51.5916189],[3.2356639,51.5916188],[3.2358049,51.5916118],[3.235819,51.5916118],[3.2359493,51.5916106],[3.2360906,51.5916181],[3.2360937,51.5916183],[3.2362071,51.5916198],[3.236238,51.5916202],[3.2362387,51.5916202],[3.2363825,51.5916328],[3.2365268,51.5916359],[3.2365549,51.5916366],[3.2366712,51.5916398],[3.2367076,51.5916415],[3.2368156,51.5916527],[3.2368797,51.5916583],[3.2369601,51.5916679],[3.2370475,51.5916725],[3.2371045,51.5916788],[3.2372066,51.5916814],[3.2372489,51.5916851],[3.2373585,51.5916858],[3.2373932,51.5916877],[3.2374722,51.5917072],[3.237538,51.5917597],[3.2376795,51.5917967],[3.2375384,51.5918356],[3.2374874,51.5918288],[3.2373941,51.5918434],[3.2373227,51.5918418],[3.2372498,51.5918557],[3.2371431,51.5918642],[3.2371055,51.5918704],[3.2369678,51.5918839],[3.2369612,51.5918842],[3.2369349,51.5918881],[3.236817,51.591914],[3.2367598,51.5919241],[3.2366728,51.5919495],[3.2365471,51.5919788],[3.2365287,51.59199],[3.2365013,51.5919959],[3.2363846,51.592035],[3.2362678,51.5920693],[3.2362405,51.5921001],[3.2361568,51.5921594],[3.2362411,51.5922044],[3.2363258,51.5922118],[3.2363855,51.5922184],[3.2364452,51.5922115],[3.2365297,51.5921892],[3.2365771,51.5921881],[3.2366741,51.592196],[3.2367811,51.5921814],[3.2368184,51.5921798],[3.2369103,51.5921906],[3.2369627,51.5921753],[3.2370273,51.5921576],[3.2371068,51.5921277],[3.237184,51.5921092],[3.237251,51.5920938],[3.2373936,51.592068],[3.2373952,51.5920677],[3.2373963,51.592067],[3.2375392,51.5919931],[3.2376835,51.5919827],[3.2378155,51.5919839],[3.2378279,51.5919823],[3.237838,51.5919825],[3.2379722,51.59199],[3.2380026,51.5919947],[3.2381166,51.5919844],[3.2381346,51.5919868],[3.2382611,51.5920158],[3.2383397,51.5920241],[3.2384055,51.5920153],[3.2385461,51.5920622],[3.2385501,51.5920619],[3.2385579,51.5920646],[3.2385501,51.5920654],[3.2385487,51.5920655],[3.2384058,51.5920911],[3.2383536,51.5920976],[3.2382616,51.5921059],[3.2381775,51.5921178],[3.2381173,51.5921237],[3.2380464,51.5921556],[3.2379732,51.5921728],[3.2379409,51.5921759],[3.237829,51.5921932],[3.2377036,51.5922345],[3.2376848,51.592232],[3.237661,51.5922463],[3.2375407,51.5922785],[3.2374327,51.5923141],[3.2373965,51.5923199],[3.237372,51.5923368],[3.2372525,51.5923904],[3.2371171,51.5924218],[3.2371084,51.592421],[3.2370925,51.5924273],[3.2369643,51.5924745],[3.236893,51.5924721],[3.23682,51.5924839],[3.2366769,51.5925173],[3.2366758,51.5925174],[3.2366745,51.592518],[3.2365318,51.5925822],[3.2364284,51.5926084],[3.2363878,51.5926533],[3.2362868,51.5926717],[3.2362436,51.5926897],[3.236211,51.5926988],[3.2362438,51.5927356],[3.2363525,51.5927661],[3.2363884,51.5927773],[3.2364315,51.5927883],[3.2365141,51.5927998],[3.2365329,51.5927971],[3.2366347,51.5927878],[3.2366771,51.5927777],[3.2367069,51.5927877],[3.2368216,51.5928033],[3.2368836,51.5928259],[3.236966,51.5928095],[3.2370267,51.5927871],[3.2371101,51.5927633],[3.2372254,51.5927685],[3.2372545,51.592771],[3.2373662,51.592766],[3.2373989,51.5927723],[3.2374248,51.5927701],[3.2375432,51.5927518],[3.2375938,51.5927544],[3.2376874,51.5927354],[3.2378027,51.5927136],[3.2378317,51.592715],[3.2378766,51.5927234],[3.2379762,51.5927437],[3.238082,51.5927609],[3.2381206,51.5927618],[3.2382527,51.5927846],[3.2381208,51.5927914],[3.2380912,51.5928034],[3.2379766,51.592819],[3.2378665,51.5928753],[3.2378325,51.5928814],[3.2378211,51.5928825],[3.2376882,51.5928838],[3.2375992,51.5929314],[3.2375442,51.5929495],[3.2374779,51.592966],[3.2373999,51.5929718],[3.2373902,51.5929722],[3.2372557,51.5929993],[3.2371753,51.5930168],[3.2371115,51.5930175],[3.2370126,51.5930568],[3.2369674,51.5930738],[3.2369362,51.5930764],[3.2368232,51.5930971],[3.2367519,51.5931018],[3.2366788,51.5931064],[3.2365543,51.5931354],[3.2365346,51.5931381],[3.2365121,51.5931478],[3.2363905,51.5931846],[3.2363222,51.5931907],[3.2362463,51.5932051],[3.2361176,51.5932287],[3.236102,51.5932292],[3.2360784,51.5932385],[3.2359579,51.5932795],[3.2358809,51.5932869],[3.2358136,51.5932883],[3.2357127,51.5933292],[3.2356697,51.5933682],[3.2356131,51.5933646],[3.2355253,51.5933757],[3.2354329,51.5933874],[3.2353811,51.5933881],[3.2353183,51.5933808],[3.2352367,51.5933823],[3.2351601,51.593378],[3.2350923,51.5933815],[3.2350261,51.5933793],[3.2349479,51.5933715],[3.2348538,51.5933896],[3.2348036,51.5933925],[3.2346623,51.5934212],[3.2346602,51.5934217],[3.2346594,51.5934216],[3.2346587,51.5934217],[3.2345151,51.5934389],[3.2344555,51.5934588],[3.2343708,51.5934459],[3.2343127,51.5934581],[3.2342546,51.593422],[3.2343384,51.5933518],[3.2343597,51.5933319],[3.2343702,51.5933274],[3.2343808,51.5933252],[3.2345143,51.5932698],[3.2345493,51.5932416],[3.2345647,51.59321],[3.2345503,51.5931517],[3.2345502,51.5930847],[3.2345474,51.5930618],[3.234513,51.5930262],[3.2344572,51.592972],[3.2343681,51.5929169],[3.2342897,51.5928825],[3.2342235,51.5928697],[3.2342041,51.5928705],[3.2340791,51.5928663],[3.2340316,51.5928534],[3.2339346,51.5928301],[3.2338538,51.592833],[3.2337902,51.59283],[3.2337006,51.5927937],[3.2336455,51.592761],[3.2335796,51.592745],[3.2335011,51.5927609],[3.2333805,51.5927796],[3.2333569,51.5927816],[3.2332474,51.5927729],[3.2332125,51.5927838],[3.2331222,51.5927949],[3.2330683,51.5928161],[3.2330252,51.592822],[3.2329242,51.5928629],[3.2328334,51.5928854],[3.2327801,51.5929155],[3.232698,51.5929755],[3.2326363,51.5930235],[3.2325187,51.5930492],[3.2324921,51.5930596],[3.2324747,51.5930659],[3.2323481,51.5931298],[3.2322719,51.5931562],[3.232204,51.5931764],[3.2321425,51.5931949],[3.2320599,51.59323],[3.2320136,51.5932466],[3.2319159,51.5932996],[3.2318416,51.5933369],[3.2317719,51.5933704],[3.2316323,51.5934245],[3.2316279,51.5934268],[3.2316267,51.5934272],[3.2314839,51.5935142],[3.2314776,51.5935175],[3.2313399,51.5935853],[3.2312885,51.5936077],[3.231196,51.593668],[3.2311312,51.593698],[3.231052,51.5937389],[3.2309536,51.5937882],[3.230908,51.5938175],[3.2308106,51.5938784],[3.2307641,51.5939084],[3.2306228,51.5939687],[3.2306201,51.5939736],[3.2305514,51.5940588],[3.2306209,51.5941356],[3.2306342,51.5941485],[3.2305831,51.5942385],[3.2306217,51.5942867],[3.2306992,51.5943282],[3.2306221,51.5943769],[3.2305861,51.5944184],[3.230556,51.5944599],[3.2305207,51.5945084],[3.2304785,51.5945237],[3.2304473,51.594528],[3.2303344,51.5945636],[3.2302742,51.5945988],[3.2301905,51.5946598],[3.2300525,51.5946852],[3.2300462,51.5946858],[3.2300406,51.5946892],[3.2299946,51.5947215],[3.2300463,51.5946974],[3.2301348,51.5947789],[3.2301786,51.5948607],[3.2301821,51.5948687],[3.2301551,51.5948915],[3.2300996,51.5949588],[3.2301264,51.5950077],[3.2301277,51.5950487],[3.2300483,51.5950873],[3.2299894,51.5951389],[3.2299044,51.5951768],[3.2298757,51.595229],[3.2298287,51.5952765],[3.2297875,51.5953191],[3.2297608,51.5953395],[3.2296171,51.5954093],[3.2296168,51.5954101],[3.2296161,51.5954098],[3.2294728,51.5954826],[3.2294347,51.5954996],[3.2293289,51.5955734],[3.229228,51.5955899],[3.2291847,51.5956169],[3.2291686,51.5956],[3.2290405,51.5956472],[3.2289131,51.59567],[3.2288963,51.5956714],[3.2288538,51.5956806],[3.2287521,51.595705],[3.2286437,51.5957709],[3.2287527,51.5958386],[3.2288082,51.5958259],[3.228897,51.5958258],[3.2289868,51.5958042],[3.2290413,51.5957934],[3.2291302,51.5958252],[3.2291857,51.5958037],[3.2292017,51.5958499],[3.2291976,51.5958597],[3.229186,51.5958652],[3.2290847,51.5959499],[3.2290422,51.5959734],[3.2289115,51.5960318],[3.2288981,51.5960364],[3.2288928,51.5960402],[3.2288848,51.5960485],[3.2287892,51.5961303],[3.2287543,51.5961529],[3.2286193,51.5962205],[3.2286103,51.5962256],[3.2285228,51.5963106],[3.2284665,51.5963444],[3.2283779,51.5964008],[3.2283227,51.5964435],[3.228267,51.596491],[3.2281788,51.5965484],[3.2281253,51.5965812],[3.228035,51.5966627],[3.228012,51.5966713],[3.2278911,51.5967614],[3.2278294,51.5968515],[3.2277475,51.5969069],[3.2277209,51.5969416],[3.2276037,51.5970179],[3.2275852,51.5970318],[3.2274598,51.5971171],[3.2274436,51.597122],[3.2273158,51.5971878],[3.2272635,51.5972122],[3.2271718,51.5972618],[3.227058,51.5973026],[3.2270277,51.5973162],[3.2269655,51.5973415],[3.2268836,51.5973827],[3.226863,51.5973929],[3.2267397,51.5974635],[3.2267061,51.5974831],[3.2265957,51.5975415],[3.2265527,51.5975733],[3.2264518,51.5976339],[3.2264159,51.5976635],[3.2263079,51.5977397],[3.2262947,51.5977536],[3.2262503,51.5977897],[3.2262012,51.5978437],[3.2261642,51.5978698],[3.2261049,51.5979338],[3.2260205,51.5980002],[3.2260014,51.5980239],[3.225957,51.5980637],[3.2259186,51.598114]]},"properties":{"rawObjectClass":"DEPCNT","VALDCO":20,"depthDatum":"Approximate LAT","depthDatumCode":42,"depthDatumStatus":"VERIFIED_FROM_OFFICIAL_DOCUMENTATION","verticalDatum":"Local Datum","verticalDatumCode":24,"napIdentityStatus":"UNVERIFIED","sourceKind":"official","sourceCellId":"1R7588LI","sourceStableId":"1F2B69F1AB1B7557","sourceChecksum":"fcefec7e07170c4b859138c34376143c7aa4e9f8e653fc723d6bbe65dbf3c0a2","pipelineFeatureId":"1R7588LI/DEPCNT/1271588045","provenance":{"cellId":"1R7588LI","checksum":"fcefec7e07170c4b859138c34376143c7aa4e9f8e653fc723d6bbe65dbf3c0a2","readerVersion":"GDAL 3.2.2","processedAt":"2026-08-11T18:29:20.995Z"},"sourceProperties":{"RCID":1271588045,"PRIM":2,"GRUP":2,"OBJL":43,"RVER":1,"AGEN":7979,"FIDN":1777445659,"FIDS":30039,"LNAM":"1F2B69F1AB1B7557","VALDCO":20,"SCAMIN":50000,"sourceCellId":"1R7588LI","sourceChecksum":"fcefec7e07170c4b859138c34376143c7aa4e9f8e653fc723d6bbe65dbf3c0a2","rawObjectClass":"DEPCNT","sourceStableId":"1F2B69F1AB1B7557"}}},{"type":"Feature","geometry":{"type":"LineString","coordinates":[[3.1754488,51.5876799],[3.1754492,51.5876787],[3.1754502,51.5876795],[3.1755933,51.5876291],[3.1757195,51.5876683],[3.1757378,51.5876754],[3.1757432,51.5876797],[3.1757542,51.5876898],[3.175738,51.5877223],[3.1757228,51.5877696],[3.1757185,51.5878471],[3.1755939,51.5877913],[3.1755552,51.5877699],[3.1754492,51.5876803],[3.1754489,51.5876801],[3.1754488,51.5876799]]},"properties":{"rawObjectClass":"DEPCNT","VALDCO":20,"depthDatum":"Approximate LAT","depthDatumCode":42,"depthDatumStatus":"VERIFIED_FROM_OFFICIAL_DOCUMENTATION","verticalDatum":"Local Datum","verticalDatumCode":24,"napIdentityStatus":"UNVERIFIED","sourceKind":"official","sourceCellId":"1R7588LI","sourceStableId":"1F2B69F1AB1B7558","sourceChecksum":"fcefec7e07170c4b859138c34376143c7aa4e9f8e653fc723d6bbe65dbf3c0a2","pipelineFeatureId":"1R7588LI/DEPCNT/1271588046","provenance":{"cellId":"1R7588LI","checksum":"fcefec7e07170c4b859138c34376143c7aa4e9f8e653fc723d6bbe65dbf3c0a2","readerVersion":"GDAL 3.2.2","processedAt":"2026-08-11T18:29:20.995Z"},"sourceProperties":{"RCID":1271588046,"PRIM":2,"GRUP":2,"OBJL":43,"RVER":1,"AGEN":7979,"FIDN":1777445659,"FIDS":30040,"LNAM":"1F2B69F1AB1B7558","VALDCO":20,"SCAMIN":50000,"sourceCellId":"1R7588LI","sourceChecksum":"fcefec7e07170c4b859138c34376143c7aa4e9f8e653fc723d6bbe65dbf3c0a2","rawObjectClass":"DEPCNT","sourceStableId":"1F2B69F1AB1B7558"}}},{"type":"Feature","geometry":{"type":"LineString","coordinates":[[3.1888395,51.6143902],[3.188751,51.6143645],[3.1886949,51.6143443],[3.1885507,51.6142749],[3.1884141,51.6141852],[3.1884053,51.6141793],[3.1882779,51.6140955],[3.1882605,51.6140839],[3.1881156,51.6139806],[3.1879891,51.6139161],[3.1879709,51.6139035],[3.1878662,51.6138264],[3.187826,51.6137982],[3.1877407,51.6137367],[3.1876812,51.6136977],[3.1875674,51.6137179],[3.1875368,51.6137141],[3.1874909,51.6137371],[3.1875371,51.613788],[3.187564,51.6138269],[3.1875612,51.6138417],[3.1875751,51.6139168],[3.1875767,51.613941],[3.1875881,51.6140067],[3.1875382,51.6140562],[3.1874917,51.6140967],[3.1874989,51.6141214],[3.1874746,51.6141867],[3.1874853,51.6142431],[3.1874923,51.6142766],[3.1875087,51.6143473],[3.1875052,51.6143665],[3.1873953,51.6144134],[3.187321,51.6144567],[3.1872514,51.6145327],[3.1872035,51.6145468],[3.1871071,51.6145757],[3.1870452,51.6145984],[3.1869627,51.6145823],[3.1868297,51.6145546],[3.1868182,51.6145555],[3.1867667,51.6145475],[3.1866737,51.614537],[3.1866415,51.6145277],[3.1865291,51.6144972],[3.1864797,51.614458],[3.1864295,51.6143964],[3.1864235,51.6143682],[3.186384,51.6143453],[3.1862852,51.6142785],[3.1862392,51.6142511],[3.1861462,51.6141888],[3.1860944,51.6141583],[3.1860271,51.6140991],[3.1860939,51.6140315],[3.1861119,51.614009],[3.1860937,51.6139891],[3.1859985,51.6139193],[3.1859487,51.61385],[3.1859245,51.6138295],[3.1859485,51.6138018],[3.1860195,51.6137394],[3.1860326,51.6136868],[3.1860449,51.6136495],[3.1860921,51.61359],[3.1861254,51.6135594],[3.1861483,51.6135047],[3.1861368,51.6134695],[3.1860915,51.6134461],[3.1859736,51.6133965],[3.1859468,51.6133896],[3.1859267,51.6133924],[3.1858025,51.6134129],[3.1856899,51.6134001],[3.185658,51.613406],[3.185603,51.6134147],[3.1855137,51.6134305],[3.1853986,51.6134707],[3.1853695,51.6134855],[3.1853094,51.6135232],[3.1852252,51.6135029],[3.1851599,51.613471],[3.1850805,51.6134432],[3.1850159,51.6134713],[3.1849363,51.6135096],[3.1848424,51.6134715],[3.1847916,51.6134387],[3.1846911,51.6133819],[3.1846469,51.6133531],[3.1845369,51.6132922],[3.1845021,51.6132693],[3.1844457,51.6132572],[3.1843575,51.6132256],[3.184215,51.6132028],[3.184213,51.613202],[3.1842122,51.6132023],[3.1840684,51.6131542],[3.1839531,51.6131315],[3.1839238,51.6131255],[3.1838957,51.6131134],[3.1837792,51.6130742],[3.1836671,51.613044],[3.1836346,51.6130406],[3.1836092,51.6130239],[3.18349,51.6129806],[3.1833477,51.6129359],[3.1833454,51.6129359],[3.1833438,51.6129344],[3.1833305,51.6129252],[3.1832262,51.6128447],[3.1832005,51.6128402],[3.1831164,51.6127925],[3.1830559,51.612788],[3.1829953,51.6127551],[3.1829113,51.6127494],[3.18278,51.6126655],[3.1827838,51.6126548],[3.1827664,51.6126252],[3.1827168,51.6126347],[3.1826219,51.6126013],[3.1825591,51.612576],[3.1825659,51.6125207],[3.1825847,51.612486],[3.1824907,51.6124049],[3.1825012,51.6123962],[3.1825919,51.612378],[3.182621,51.6123837],[3.1827591,51.6123918],[3.1827655,51.6123914],[3.1827836,51.6123958],[3.1829101,51.6124385],[3.1829822,51.6124405],[3.1830545,51.6124302],[3.1831324,51.6124437],[3.1831989,51.6124378],[3.1832707,51.6124402],[3.1833434,51.6124378],[3.183455,51.6124151],[3.1834877,51.6124118],[3.1835424,51.6123946],[3.183632,51.6123775],[3.1836852,51.6123612],[3.1837764,51.612374],[3.1838143,51.6123942],[3.183921,51.6124333],[3.1840344,51.6124643],[3.1840654,51.612434],[3.1841589,51.6124254],[3.1842098,51.6124105],[3.1842372,51.6124106],[3.1843543,51.6124326],[3.1844174,51.6123932],[3.1844984,51.6123564],[3.1845875,51.6123585],[3.1846428,51.6123569],[3.184722,51.6123522],[3.1847872,51.6123583],[3.1848528,51.6123517],[3.1849316,51.6123538],[3.1850401,51.6123698],[3.1850762,51.6123767],[3.1851121,51.6123697],[3.1852206,51.6123791],[3.1852367,51.6123819],[3.185365,51.6123644],[3.1854067,51.6123657],[3.1855093,51.6123494],[3.1856296,51.6123913],[3.1856539,51.612397],[3.1856665,51.6123991],[3.1857984,51.6124012],[3.1859232,51.612403],[3.1859428,51.6124027],[3.1860829,51.6124805],[3.1860875,51.6124822],[3.1861007,51.6124886],[3.186232,51.6124946],[3.1863079,51.6125229],[3.1863765,51.612498],[3.1865096,51.6125626],[3.1865211,51.6125632],[3.1865423,51.6125697],[3.1866657,51.6125852],[3.1867395,51.6126153],[3.1867566,51.6125694],[3.1866655,51.6125428],[3.1865899,51.6124797],[3.1865928,51.6124347],[3.1866035,51.6123898],[3.1865203,51.6123535],[3.1864527,51.6123001],[3.1865197,51.6122211],[3.1866076,51.6122099],[3.1866641,51.6122005],[3.1866819,51.6121987],[3.1868084,51.6121768],[3.1868692,51.6121716],[3.1869527,51.6121549],[3.1870219,51.6121194],[3.1870059,51.6120628],[3.1869783,51.6120295],[3.1869521,51.6120129],[3.1868545,51.6119398],[3.1868073,51.6119105],[3.1866975,51.6118501],[3.1866625,51.6118268],[3.1865462,51.6117604],[3.1865178,51.6117481],[3.1864941,51.6117458],[3.1863733,51.6117208],[3.1862506,51.6116846],[3.1862287,51.6116906],[3.1861729,51.6117059],[3.1860845,51.611739],[3.1860245,51.6117613],[3.1859404,51.6118087],[3.185865,51.6118514],[3.1857963,51.6118996],[3.1857441,51.6119416],[3.1856522,51.6119626],[3.1856244,51.6119417],[3.1855074,51.6118879],[3.185372,51.6118579],[3.1853629,51.6118582],[3.1853552,51.6118522],[3.1852182,51.6117988],[3.1851409,51.6117627],[3.1850735,51.6117132],[3.1849563,51.611673],[3.1849289,51.6116681],[3.1848984,51.6116542],[3.1847842,51.6116061],[3.1846899,51.6115836],[3.1846396,51.6115549],[3.1846137,51.6115675],[3.1844951,51.611543],[3.1843744,51.611509],[3.1843505,51.6115068],[3.1843047,51.6115228],[3.1843118,51.6114942],[3.184206,51.6114745],[3.1841008,51.6114046],[3.1841632,51.6113409],[3.1840611,51.6113528],[3.183952,51.6114049],[3.1839896,51.61145],[3.1839171,51.611468],[3.1838793,51.6114284],[3.1837727,51.6114606],[3.1836948,51.6114952],[3.1836475,51.6115735],[3.183648,51.6115852],[3.1836288,51.6115904],[3.1836188,51.6115852],[3.1836081,51.6115724],[3.1835582,51.6114954],[3.1834838,51.6114575],[3.1834181,51.6114547],[3.1833393,51.6114401],[3.1832605,51.611406],[3.1831947,51.6113856],[3.1831109,51.6113541],[3.18305,51.6113282],[3.1830141,51.6113164],[3.1829053,51.6112435],[3.1828346,51.6112268],[3.1827607,51.6111915],[3.1827239,51.611137],[3.1826725,51.6110825],[3.1826935,51.6110472],[3.18276,51.6110261],[3.1827987,51.6110229],[3.1829043,51.6110013],[3.1830068,51.6110205],[3.1831175,51.6110037],[3.1831931,51.611001],[3.1832799,51.6110103],[3.1833376,51.6110113],[3.1834031,51.610997],[3.1834821,51.61102],[3.1835558,51.6109999],[3.1836265,51.6110276],[3.1836425,51.6110457],[3.1837712,51.6110882],[3.1838629,51.6111024],[3.1839156,51.6110931],[3.1840436,51.6111247],[3.1840601,51.6111172],[3.1841062,51.6111062],[3.1842044,51.6110867],[3.1842679,51.6110952],[3.1843488,51.6110809],[3.1844594,51.6110655],[3.1844931,51.6110585],[3.1845691,51.6110442],[3.1846374,51.6110165],[3.1847816,51.6109638],[3.1847993,51.610965],[3.1849261,51.6109981],[3.1849965,51.6109998],[3.1850705,51.6109914],[3.1851505,51.6109534],[3.1851655,51.610894],[3.1851674,51.6108635],[3.1852144,51.6108488],[3.1853303,51.6108632],[3.1853392,51.6108755],[3.1853589,51.610868],[3.1854888,51.610863],[3.1855033,51.6108623],[3.1855073,51.6108629],[3.1856477,51.6108809],[3.1856873,51.6108873],[3.1857922,51.6108941],[3.1858667,51.6108624],[3.1859364,51.6108305],[3.1860676,51.6107802],[3.1860255,51.6108621],[3.1860255,51.6109174],[3.1860392,51.610952],[3.1860814,51.6109781],[3.1861336,51.6109843],[3.1862258,51.6109808],[3.186324,51.6110415],[3.1863706,51.6110779],[3.1864858,51.6110594],[3.186515,51.6110617],[3.1865312,51.6110513],[3.1865204,51.6110412],[3.1865149,51.6110363],[3.186503,51.6110338],[3.1863704,51.611024],[3.1862539,51.6109517],[3.1862256,51.6109205],[3.1861365,51.6108619],[3.1861742,51.6108036],[3.1861132,51.6107721],[3.1862249,51.6107462],[3.1862573,51.6107718],[3.1863695,51.6108031],[3.1864859,51.6107889],[3.1865139,51.610787],[3.1866541,51.6108611],[3.1866586,51.6108627],[3.186661,51.6108626],[3.186803,51.6108698],[3.1868253,51.6108747],[3.1869475,51.6108833],[3.187005,51.6108606],[3.1870917,51.610834],[3.1871534,51.6108603],[3.1872364,51.6108993],[3.1873294,51.61095],[3.1873812,51.6109884],[3.1874801,51.6110396],[3.1875259,51.6110535],[3.1875828,51.6110748],[3.1876705,51.6110979],[3.187815,51.6111312],[3.1878273,51.6111366],[3.1879597,51.6111827],[3.1880232,51.6112186],[3.1881044,51.6112578],[3.1882469,51.6113068],[3.188249,51.6113055],[3.1883254,51.6112658],[3.1883933,51.6112845],[3.1884402,51.6112787],[3.1885377,51.6112668],[3.1886592,51.6112932],[3.1886822,51.611292],[3.188705,51.6112932],[3.1888265,51.6112716],[3.1889139,51.6112716],[3.188971,51.6112733],[3.1890285,51.6112711],[3.1891154,51.6112744],[3.1892204,51.611282],[3.1892598,51.6112822],[3.189325,51.6112658],[3.1893596,51.6113064],[3.1894044,51.6113134],[3.1894306,51.6113063],[3.1895486,51.6112599],[3.1896389,51.6112497],[3.1896929,51.6112402],[3.1897371,51.6112434],[3.1898373,51.6112343],[3.1899716,51.6112217],[3.1899817,51.6112212],[3.1899949,51.6112154],[3.1901258,51.6111489],[3.19023,51.6111251],[3.1902699,51.6110723],[3.1903111,51.6110994],[3.1904142,51.611058],[3.1904595,51.6110348],[3.190414,51.6109989],[3.1902924,51.6110209],[3.1903903,51.610945],[3.190269,51.6108671],[3.1902582,51.6108553],[3.1901242,51.6107724],[3.190057,51.6107657],[3.1899797,51.610762],[3.1899653,51.6107569],[3.1899188,51.610766],[3.1898356,51.6108325],[3.1898152,51.6108433],[3.1898279,51.610856],[3.1898029,51.6108765],[3.1897293,51.6109461],[3.1896918,51.6109643],[3.1895764,51.6110363],[3.1895477,51.6110554],[3.1894925,51.6110708],[3.1894035,51.6110987],[3.1893118,51.6110367],[3.1892587,51.6110198],[3.1891337,51.6109471],[3.189114,51.6109395],[3.1889737,51.6109448],[3.1889696,51.6109452],[3.1889587,51.6109406],[3.1889254,51.6109474],[3.1888252,51.610962],[3.1888008,51.6109476],[3.1887859,51.6109232],[3.1887281,51.6108578],[3.1886803,51.6108457],[3.1886179,51.6108191],[3.1885358,51.610822],[3.1884677,51.6107683],[3.1883911,51.6107477],[3.1883057,51.6107155],[3.1882465,51.6107064],[3.1881884,51.6106788],[3.1881019,51.6106576],[3.1880343,51.6106371],[3.1879573,51.6106222],[3.187883,51.6105894],[3.1878127,51.6105672],[3.1877396,51.6105442],[3.1876681,51.6105324],[3.1875992,51.6105],[3.1876428,51.6104255],[3.1875235,51.6104733],[3.1874041,51.6104261],[3.1873789,51.6104261],[3.1873554,51.6104104],[3.1872343,51.6103772],[3.1871063,51.6103313],[3.1870897,51.6103316],[3.1870738,51.610321],[3.186945,51.6102796],[3.1868615,51.6102693],[3.1868006,51.610266],[3.1867117,51.610287],[3.1866562,51.610269],[3.1865688,51.6103218],[3.186512,51.6103406],[3.1864908,51.6103219],[3.1863673,51.6102566],[3.1863311,51.6102547],[3.1862229,51.6102657],[3.1861714,51.6102646],[3.1860785,51.6102751],[3.1859953,51.6102328],[3.1859338,51.6102017],[3.1858641,51.6101896],[3.1857893,51.6101779],[3.1856586,51.6102333],[3.1856451,51.6102409],[3.1856326,51.6102333],[3.185645,51.6102058],[3.1856839,51.6101433],[3.1856447,51.6101323],[3.1855326,51.6100537],[3.1854999,51.6100368],[3.1854739,51.6100376],[3.1853555,51.6100345],[3.1852374,51.6099642],[3.1852107,51.6099454],[3.1851468,51.6099246],[3.1850662,51.6099277],[3.1849944,51.6099199],[3.1849218,51.6099236],[3.1847939,51.609875],[3.1848019,51.6098595],[3.1848647,51.609785],[3.1847766,51.6097274],[3.1847194,51.6096953],[3.1846319,51.6096562],[3.1845089,51.6096823],[3.1844876,51.6096883],[3.1843497,51.6096059],[3.18437,51.6095889],[3.1843554,51.609516],[3.1844867,51.6094633],[3.1845742,51.6094612],[3.184631,51.6094508],[3.1847472,51.6094431],[3.1847754,51.6094393],[3.184802,51.609442],[3.1849198,51.6094458],[3.1850287,51.6094472],[3.1850642,51.6094446],[3.1851007,51.6094476],[3.1852087,51.6094509],[3.1852529,51.6094522],[3.1853531,51.609458],[3.1854083,51.6094588],[3.1854975,51.6094625],[3.1856054,51.6094912],[3.1856421,51.6095007],[3.1856691,51.6094971],[3.1857864,51.6094804],[3.1859042,51.6094969],[3.1859309,51.6094987],[3.1860624,51.6094313],[3.1860751,51.6094276],[3.1861139,51.6095132],[3.18622,51.6095691],[3.1862934,51.6095572],[3.1863645,51.6095717],[3.1864323,51.6095604],[3.1865089,51.6095826],[3.186541,51.6095825],[3.1866532,51.6095485],[3.1867624,51.6095341],[3.1867975,51.6095283],[3.1868453,51.6095418],[3.1869419,51.6095171],[3.1869668,51.6095119],[3.1870862,51.6094943],[3.187123,51.6094887],[3.1872306,51.6094793],[3.1873157,51.6094583],[3.1873748,51.6094435],[3.1874713,51.609451],[3.1875193,51.6094478],[3.1875517,51.6094413],[3.1876637,51.6094579],[3.1877713,51.6094435],[3.187808,51.6094393],[3.1878412,51.6094412],[3.1879525,51.6094408],[3.1880119,51.6094573],[3.1880969,51.6094539],[3.1881514,51.609454],[3.1882414,51.6094764],[3.1883089,51.6094677],[3.1883858,51.6094755],[3.1884623,51.6094618],[3.1885303,51.609476],[3.1886207,51.6094756],[3.1886747,51.6094856],[3.1887522,51.6094674],[3.1888191,51.6094765],[3.1889393,51.6095087],[3.1889637,51.6095187],[3.188988,51.6095238],[3.1891081,51.6095147],[3.1892084,51.6095083],[3.18925,51.6095067],[3.1892524,51.6095069],[3.1892593,51.6095082],[3.189397,51.6095496],[3.1894548,51.6095439],[3.1895415,51.609551],[3.1896268,51.6095608],[3.1896859,51.609554],[3.1897344,51.6095377],[3.1898303,51.6095547],[3.1899165,51.6095971],[3.189975,51.6096208],[3.1900964,51.6095968],[3.1901193,51.6095882],[3.19014,51.6095838],[3.1902636,51.6095766],[3.190303,51.6095719],[3.1904079,51.6095431],[3.1905209,51.6095257],[3.1905522,51.6095218],[3.1906762,51.6095059],[3.1906964,51.6094655],[3.1907343,51.6094159],[3.1908406,51.6094063],[3.1908669,51.6093993],[3.1909848,51.6093748],[3.1910723,51.6093608],[3.1911291,51.6093481],[3.1912028,51.6093252],[3.1912734,51.6093072],[3.1913219,51.6092948],[3.1913704,51.609325],[3.191403,51.6093342],[3.1914179,51.6093313],[3.1914517,51.6093248],[3.1915621,51.6092921],[3.1916482,51.6092709],[3.1917064,51.609258],[3.1917947,51.6092344],[3.1918506,51.609211],[3.1919572,51.6091442],[3.1919947,51.6091205],[3.1921128,51.609054],[3.1921387,51.6090325],[3.1922215,51.6089639],[3.1922827,51.6089362],[3.1924194,51.6088737],[3.1924268,51.6088713],[3.1924391,51.608866],[3.1925711,51.6088285],[3.1926637,51.6087834],[3.1927152,51.6087735],[3.1927332,51.6087721],[3.1928596,51.6087536],[3.1929384,51.6087421],[3.193004,51.6087517],[3.193054,51.6087515],[3.1931483,51.6087452],[3.1932083,51.6087451],[3.1932927,51.6087391],[3.1933825,51.6087822],[3.1934375,51.6088153],[3.1935435,51.6088057],[3.1935818,51.6088063],[3.1937129,51.6087899],[3.1937262,51.6087899],[3.1937868,51.6087815],[3.1938705,51.6087614],[3.1939166,51.6087526],[3.1940147,51.608731],[3.1941289,51.6087098],[3.194159,51.6087036],[3.1942104,51.6086909],[3.1943033,51.6086635],[3.1943757,51.6086455],[3.1944476,51.6086376],[3.1944944,51.6086297],[3.1945921,51.6086534],[3.1946605,51.6086475],[3.1947364,51.6086431],[3.1948232,51.6086358],[3.1948808,51.6086322],[3.1949829,51.608626],[3.1951505,51.6086113],[3.1951695,51.6086102],[3.1952145,51.6086273],[3.1952915,51.6085992],[3.1953139,51.6085957],[3.1953234,51.6085991],[3.1954586,51.6086641],[3.1955933,51.6086825],[3.1956031,51.6086855],[3.1956263,51.6086885],[3.1957476,51.6087087],[3.1958921,51.6087329],[3.195971,51.6087371],[3.1960366,51.6087638],[3.1961018,51.6087777],[3.1961812,51.6088066],[3.1962426,51.6088156],[3.1963257,51.6088319],[3.1964445,51.608851],[3.1964703,51.6088563],[3.1965575,51.6088668],[3.1966148,51.6088759],[3.1966344,51.6088789],[3.1967593,51.6089013],[3.1968327,51.608912],[3.1969038,51.608924],[3.1970022,51.6089274],[3.1970482,51.6089339],[3.1971614,51.6089557],[3.1971928,51.608962],[3.1972014,51.608961],[3.1973372,51.6089771],[3.1973732,51.6089778],[3.1974817,51.6089903],[3.1976067,51.608967],[3.197626,51.6089699],[3.1976599,51.6089759],[3.1977705,51.6089904],[3.1978984,51.6089647],[3.1979148,51.6089655],[3.1979281,51.6089627],[3.1980593,51.6089819],[3.1981221,51.6089541],[3.1982035,51.6089212],[3.1982539,51.6089225],[3.1983478,51.6089105],[3.1984705,51.6088771],[3.1984921,51.608874],[3.1985104,51.6088749],[3.1986366,51.6088951],[3.1987462,51.6088848],[3.1987809,51.6088823],[3.1988609,51.6088629],[3.1989252,51.6088391],[3.1989744,51.608832],[3.1990694,51.6088064],[3.1991733,51.6088371],[3.1992139,51.6088239],[3.1993222,51.6088396],[3.1993584,51.6088354],[3.1994627,51.6088619],[3.1995029,51.6088704],[3.1995308,51.6088791],[3.1996475,51.6089084],[3.1997622,51.6089513],[3.1997921,51.6089575],[3.1998074,51.6089607],[3.1999366,51.6089803],[3.2000102,51.6089966],[3.2000811,51.6089839],[3.2001895,51.609018],[3.2002256,51.6090186],[3.2002596,51.6090404],[3.2003703,51.6090688],[3.200481,51.6091089],[3.2005149,51.6091192],[3.2005327,51.6091298],[3.2006595,51.6091507],[3.2006985,51.6091538],[3.200804,51.6091839],[3.2009441,51.6092163],[3.2009486,51.6092137],[3.201032,51.609129],[3.2010924,51.6090916],[3.2012137,51.6091142],[3.201237,51.6091177],[3.2013397,51.6091285],[3.2013814,51.6091333],[3.201391,51.6091344],[3.2015259,51.6091496],[3.2016607,51.6091339],[3.2016703,51.6091338],[3.2016809,51.6091279],[3.2017569,51.6090736],[3.2017957,51.6090378],[3.2018142,51.6090306],[3.2018429,51.6090198],[3.2019583,51.6089654],[3.202075,51.6089646],[3.2021027,51.6089643],[3.2021304,51.6089473],[3.2022467,51.6088644],[3.2023908,51.6087858],[3.2024117,51.6087669],[3.202421,51.608748],[3.2023905,51.6087214],[3.2023477,51.6087671],[3.2022466,51.6088446],[3.2022269,51.6088572],[3.2021025,51.6089202],[3.2020029,51.6089196],[3.2020633,51.6088575],[3.202102,51.6087947],[3.2021462,51.6087674],[3.2022461,51.6087364],[3.2023648,51.6086771],[3.202361,51.6086589],[3.2023601,51.6085872],[3.2023898,51.6085685],[3.2024429,51.608554],[3.202534,51.6085159],[3.2025864,51.6085295],[3.2026251,51.6084968],[3.2025336,51.6084414],[3.202509,51.6084071],[3.2024769,51.608372],[3.2024382,51.6083173],[3.2023885,51.6082728],[3.2023172,51.6082276],[3.2022436,51.6081553],[3.2022338,51.6081378],[3.2022434,51.6081201],[3.2023643,51.608123],[3.2023878,51.6081224],[3.2025052,51.6080475],[3.2024726,51.6079944],[3.202486,51.6079576],[3.2025109,51.6078802],[3.2025228,51.6078676],[3.202531,51.6078589],[3.2025959,51.6077776],[3.2026088,51.6077288],[3.202631,51.6076876],[3.2026674,51.6076019],[3.2026673,51.6075976],[3.2026743,51.6075933],[3.2026818,51.6075929],[3.2028185,51.6075639],[3.2029545,51.6075072],[3.2029627,51.6075025],[3.2030618,51.6074171],[3.203077,51.6073454],[3.2030809,51.6073271],[3.203106,51.6072487],[3.203111,51.6072372],[3.2032499,51.6071503],[3.2032547,51.607147],[3.203394,51.6070767],[3.2034178,51.6070568],[3.2034548,51.6070049],[3.2035382,51.6070387],[3.2035779,51.6070565],[3.2036829,51.6071011],[3.2038266,51.607146],[3.2039724,51.6072451],[3.2040902,51.6073254],[3.2041172,51.6073438],[3.204222,51.6074151],[3.2042621,51.6074423],[3.2044001,51.6074187],[3.2044064,51.6074182],[3.2044253,51.6074265],[3.2044254,51.6074147],[3.2045507,51.6073953],[3.2046239,51.6074144],[3.2046953,51.6074419],[3.2047759,51.6074141],[3.2048394,51.6073845],[3.2049196,51.6073239],[3.2049833,51.6072678],[3.2050121,51.6072339],[3.2050374,51.6071999],[3.2050503,51.6071439],[3.2051269,51.6070931],[3.2052063,51.6070537],[3.2052709,51.6069984],[3.2053119,51.6069636],[3.2054148,51.6068764],[3.2054173,51.6068735],[3.2054184,51.6068712],[3.205497,51.6067834],[3.2055584,51.6067066],[3.205569,51.6066934],[3.2056225,51.6066034],[3.2056204,51.6065644],[3.2056391,51.6065134],[3.2056743,51.6064405],[3.205682,51.6064235],[3.2056836,51.6064123],[3.2057015,51.6064194],[3.2057116,51.6064234],[3.2058461,51.6064737],[3.2059642,51.6065129],[3.2059908,51.6065231],[3.2060453,51.6065127],[3.2060254,51.6064911],[3.2060853,51.6064227],[3.2061346,51.6063903],[3.2062073,51.6064225],[3.2062793,51.6064539],[3.2064097,51.6065121],[3.206424,51.6065217],[3.2064605,51.6065347],[3.2065686,51.6065799],[3.2066122,51.6066017],[3.2066481,51.6066509],[3.2066934,51.6066914],[3.2067137,51.6067224],[3.2067681,51.6067812],[3.2067791,51.6068216],[3.2067931,51.6068711],[3.2068316,51.6069438],[3.2068109,51.606961],[3.206715,51.6070183],[3.2066334,51.6070512],[3.2065709,51.6070715],[3.206501,51.607095],[3.2064267,51.607116],[3.2063322,51.6071416],[3.2062824,51.6071538],[3.2062528,51.6071603],[3.2061382,51.6071862],[3.2060272,51.6072321],[3.2059941,51.607248],[3.20585,51.6073151],[3.2058293,51.6073224],[3.2057057,51.6073596],[3.2055702,51.6074073],[3.2055616,51.6074109],[3.2055582,51.6074127],[3.2054963,51.6074536],[3.2054225,51.6075029],[3.2054414,51.6075782],[3.2054375,51.6075928],[3.2054547,51.6076156],[3.2054181,51.6076264],[3.2053063,51.6076627],[3.2052739,51.6076732],[3.2052342,51.6076831],[3.2051298,51.6077252],[3.2050236,51.6077496],[3.2049856,51.6077661],[3.2049655,51.6077734],[3.2048457,51.6078636],[3.2048416,51.6078665],[3.2047788,51.6079144],[3.2048012,51.6079536],[3.2048421,51.6079684],[3.2049304,51.6080433],[3.2049869,51.6080701],[3.2050781,51.6080762],[3.2051313,51.6080731],[3.2052646,51.6081255],[3.205276,51.6081268],[3.2053418,51.6081325],[3.2054205,51.6081512],[3.2055189,51.6082221],[3.2055653,51.6082412],[3.2056812,51.6083117],[3.2057101,51.6083251],[3.2057742,51.6084014],[3.2058088,51.6084624],[3.2058156,51.6084913],[3.2058828,51.6085811],[3.2059052,51.6086118],[3.205923,51.6086709],[3.2059096,51.6087042],[3.2059401,51.6087608],[3.205909,51.6088182],[3.2059622,51.6088507],[3.2058571,51.6088938],[3.2057324,51.608941],[3.205713,51.6089549],[3.2055873,51.6090312],[3.2055689,51.6090417],[3.2054545,51.6091213],[3.205425,51.6091443],[3.2053267,51.6092115],[3.205281,51.6092334],[3.2051859,51.6093016],[3.2051371,51.609341],[3.2050451,51.6093918],[3.204993,51.6094262],[3.2049109,51.6094819],[3.204849,51.609512],[3.2047467,51.6095721],[3.204705,51.6096086],[3.2046282,51.6096623],[3.204614,51.6096953],[3.2046557,51.6097521],[3.2046306,51.6097991],[3.2046711,51.609842],[3.2046323,51.6098881],[3.2046019,51.6099321],[3.2045955,51.6099528],[3.2046328,51.6100219],[3.2046682,51.6100875],[3.2046659,51.6101118],[3.2047076,51.6101913],[3.2047115,51.6102016],[3.2047115,51.610204],[3.2047587,51.6102914],[3.2048065,51.6103525],[3.2048281,51.6103812],[3.2048318,51.6103944],[3.2048162,51.6104712],[3.2048536,51.6105403],[3.2048672,51.610561],[3.2048693,51.6105706],[3.2048981,51.6106509],[3.2049098,51.6106854],[3.2049295,51.6107407],[3.2049494,51.6107996],[3.2049611,51.6108306],[3.2049997,51.6108976],[3.2050187,51.6109204],[3.2050272,51.6109374],[3.2050672,51.6110102],[3.2050279,51.6110832],[3.2050341,51.6111002],[3.2050642,51.6111506],[3.2050444,51.6111901],[3.2050012,51.6112443],[3.2049387,51.6112802],[3.2048572,51.6113269],[3.2047755,51.6113314],[3.2047129,51.6113529],[3.2045707,51.6113694],[3.2045685,51.6113695],[3.2045544,51.6113708],[3.2045686,51.6113909],[3.2045947,51.6114446],[3.2045826,51.6114607],[3.2045689,51.6114635],[3.204562,51.611465],[3.2044247,51.6114935],[3.20433,51.6114611],[3.20428,51.6114348],[3.2042039,51.6114613],[3.2041358,51.6114903],[3.2040699,51.6115515],[3.203992,51.6116183],[3.2039044,51.6116417],[3.2038478,51.6116744],[3.2037857,51.6117318],[3.2037038,51.6117644],[3.2036355,51.611822],[3.2035598,51.6118726],[3.203471,51.6119122],[3.2033606,51.6120023],[3.2032718,51.61206],[3.203221,51.6120924],[3.2030316,51.6121827],[3.2029837,51.6122052],[3.2028395,51.6122689],[3.2028295,51.6122729],[3.2026954,51.6123317],[3.202618,51.6123632],[3.2025512,51.6123928],[3.2024274,51.6124408],[3.2024071,51.6124487],[3.2023921,51.6124535],[3.2022628,51.6124899],[3.202168,51.612513],[3.2021186,51.6125264],[3.2020434,51.612544],[3.2019743,51.6125601],[3.2019354,51.6125684],[3.20183,51.6125917],[3.2017153,51.6126161],[3.2016857,51.6126225],[3.2016276,51.6126347],[3.2015414,51.612647],[3.2015205,51.6126479],[3.2013971,51.6126649],[3.2013429,51.6126689],[3.2012527,51.6126777],[3.2011538,51.6126355],[3.201108,51.6126071],[3.2010607,51.6126062],[3.2009635,51.6126058],[3.2009142,51.6126052],[3.2008191,51.6126047],[3.2007677,51.6126041],[3.2006747,51.6126037],[3.2006205,51.6126026],[3.2005302,51.6126022],[3.2004738,51.6126015],[3.2003276,51.6126006],[3.2002414,51.6126002],[3.2001815,51.6125999],[3.200097,51.6125983],[3.2000336,51.612598],[3.1999525,51.612597],[3.1998081,51.6125952],[3.199739,51.6125949],[3.1996637,51.612594],[3.19958,51.6126004],[3.1995193,51.6125999],[3.1993899,51.6125581],[3.1993747,51.6125553],[3.1992928,51.6125487],[3.1992302,51.6125453],[3.1992232,51.6125445],[3.1990857,51.6125364],[3.1990599,51.6125331],[3.1989413,51.612525],[3.1988946,51.6125204],[3.1987968,51.6125136],[3.1987313,51.6125089],[3.1986523,51.6125041],[3.1985561,51.61255],[3.1985083,51.6125964],[3.1984117,51.6126402],[3.1983642,51.6126634],[3.1982867,51.6126887],[3.19822,51.6127162],[3.1982004,51.6127304],[3.198076,51.6128158],[3.1980676,51.6128206],[3.1980761,51.6128475],[3.1980974,51.6129104],[3.1980765,51.6129383],[3.19803,51.6130005],[3.1980155,51.6130387],[3.1979838,51.6130905],[3.1979328,51.6131074],[3.1978916,51.6131163],[3.1977886,51.6131449],[3.1976663,51.6131672],[3.1976443,51.6131721],[3.1975922,51.613181],[3.1975,51.6132023],[3.1974506,51.6132121],[3.1973557,51.6132334],[3.197235,51.6132568],[3.1972114,51.6132554],[3.197182,51.6132533],[3.1970669,51.6132478],[3.1969673,51.6132441],[3.1969225,51.6132552],[3.1967851,51.6132723],[3.1967782,51.6132732],[3.196765,51.6132723],[3.1966337,51.6132615],[3.1966071,51.6132561],[3.1964892,51.6132428],[3.196452,51.6132497],[3.1963447,51.6132284],[3.1962541,51.6131833],[3.1961999,51.6131485],[3.1961264,51.6131377],[3.1960555,51.6131464],[3.1959528,51.6131578],[3.1959112,51.613164],[3.1958349,51.613184],[3.1957672,51.6132658],[3.1957623,51.613274],[3.195758,51.6132798],[3.1956821,51.6133641],[3.1956233,51.6133897],[3.1954795,51.6134541],[3.1954791,51.6134542],[3.1953345,51.6133646],[3.1953343,51.6133645],[3.1953342,51.6133646],[3.1953341,51.6133648],[3.1952918,51.6134546],[3.1952918,51.6134814],[3.1952391,51.6135446],[3.1951908,51.613581],[3.1950798,51.6136141],[3.1950463,51.6135634],[3.1949977,51.6136349],[3.1949024,51.613687],[3.1948568,51.6137251],[3.1947582,51.6137402],[3.1947037,51.6137253],[3.1946135,51.6136664],[3.1944798,51.6136426],[3.194469,51.6136414],[3.1944606,51.6136358],[3.1944208,51.6135758],[3.1943244,51.613604],[3.1941835,51.6136342],[3.1941801,51.6136339],[3.194176,51.6136338],[3.1940356,51.6136107],[3.1939736,51.6135981],[3.1938911,51.613599],[3.1938438,51.6135469],[3.1937462,51.6134981],[3.1936174,51.6134672],[3.1936017,51.6134712],[3.1934816,51.6134727],[3.1934573,51.6134721],[3.1934237,51.6134786],[3.1933128,51.6134599],[3.1933091,51.6134602],[3.1931684,51.6134604],[3.1931292,51.6134826],[3.1930243,51.6135355],[3.1930167,51.6135483],[3.1929936,51.6135675],[3.192926,51.6136384],[3.1928805,51.6136926],[3.1928175,51.6137285],[3.1927937,51.6137642],[3.1928138,51.6138184],[3.1927945,51.6138724],[3.1927628,51.6139084],[3.1927371,51.6139288],[3.1926994,51.613932],[3.1925928,51.6139564],[3.1925101,51.6139603],[3.1924484,51.613964],[3.1923834,51.6139989],[3.1923042,51.6140283],[3.1921749,51.6140799],[3.19216,51.6140852],[3.1921299,51.6140893],[3.1920157,51.6141009],[3.1919285,51.6141252],[3.1918713,51.6141151],[3.191738,51.6140899],[3.1917268,51.6140883],[3.1917223,51.6140871],[3.1917019,51.6140899],[3.1915824,51.6141063],[3.1915039,51.6140903],[3.1914378,51.6140749],[3.1914123,51.6140745],[3.1912933,51.6140451],[3.191198,51.6140315],[3.1911488,51.6140392],[3.1910626,51.6140011],[3.1910042,51.6139797],[3.1908934,51.6139325],[3.1908595,51.6139306],[3.1908267,51.6139115],[3.1907149,51.6138815],[3.1906173,51.613822],[3.19057,51.613771],[3.1905121,51.6137322],[3.1905697,51.6136913],[3.1905945,51.6136577],[3.1905823,51.6136422],[3.1905694,51.613632],[3.1905486,51.6136293],[3.190425,51.613633],[3.1902936,51.6135527],[3.1902802,51.6135373],[3.1901568,51.6134631],[3.1901862,51.6134313],[3.1901552,51.6133731],[3.1902794,51.6133428],[3.1904068,51.6132828],[3.1904235,51.6132712],[3.190565,51.6131943],[3.190568,51.6131926],[3.1905682,51.6131922],[3.1906247,51.6131026],[3.1906086,51.6130387],[3.1905742,51.6130128],[3.1905668,51.6130081],[3.1905572,51.6130068],[3.1904891,51.6130129],[3.1904724,51.613044],[3.1904225,51.6130272],[3.1903968,51.6130291],[3.1902781,51.6130418],[3.1901988,51.6130629],[3.1901337,51.6130397],[3.1900612,51.6131035],[3.1899897,51.6131395],[3.189932,51.6131038],[3.189845,51.6130753],[3.1897476,51.6130141],[3.1897002,51.6129941],[3.189643,51.6130143],[3.1896118,51.6130696],[3.1896346,51.6131042],[3.1897009,51.6131608],[3.1897509,51.613194],[3.1898414,51.613281],[3.1897013,51.6132466],[3.189655,51.613284],[3.1895572,51.6133239],[3.1894845,51.6133742],[3.1894344,51.6134511],[3.1894265,51.6134642],[3.1894135,51.6134985],[3.1893941,51.6135542],[3.1894138,51.6135797],[3.1894455,51.613644],[3.1895088,51.6137028],[3.1894143,51.6137083],[3.1894003,51.613734],[3.1894145,51.6137463],[3.1895396,51.6138237],[3.189545,51.6139045],[3.1895504,51.6139136],[3.1895468,51.6139216],[3.1895378,51.6140035],[3.1895246,51.6140257],[3.1894895,51.6140935],[3.1895036,51.614129],[3.1894609,51.6141835],[3.1894666,51.6142147],[3.1894789,51.6142734],[3.1894169,51.6143171],[3.1893639,51.6143635],[3.1893266,51.61442],[3.1893196,51.6144535],[3.1892731,51.6144696],[3.1891519,51.6144682],[3.1891286,51.6144626],[3.1890962,51.6144538],[3.188984,51.6144247],[3.1889027,51.6144036],[3.1888395,51.6143902]]},"properties":{"rawObjectClass":"DEPCNT","VALDCO":20,"depthDatum":"Approximate LAT","depthDatumCode":42,"depthDatumStatus":"VERIFIED_FROM_OFFICIAL_DOCUMENTATION","verticalDatum":"Local Datum","verticalDatumCode":24,"napIdentityStatus":"UNVERIFIED","sourceKind":"official","sourceCellId":"1R7588LI","sourceStableId":"1F2B69F1AB1B7559","sourceChecksum":"fcefec7e07170c4b859138c34376143c7aa4e9f8e653fc723d6bbe65dbf3c0a2","pipelineFeatureId":"1R7588LI/DEPCNT/1271588047","provenance":{"cellId":"1R7588LI","checksum":"fcefec7e07170c4b859138c34376143c7aa4e9f8e653fc723d6bbe65dbf3c0a2","readerVersion":"GDAL 3.2.2","processedAt":"2026-08-11T18:29:20.995Z"},"sourceProperties":{"RCID":1271588047,"PRIM":2,"GRUP":2,"OBJL":43,"RVER":1,"AGEN":7979,"FIDN":1777445659,"FIDS":30041,"LNAM":"1F2B69F1AB1B7559","VALDCO":20,"SCAMIN":50000,"sourceCellId":"1R7588LI","sourceChecksum":"fcefec7e07170c4b859138c34376143c7aa4e9f8e653fc723d6bbe65dbf3c0a2","rawObjectClass":"DEPCNT","sourceStableId":"1F2B69F1AB1B7559"}}},{"type":"Feature","geometry":{"type":"LineString","coordinates":[[3.2226994,51.5894882],[3.2226583,51.589507],[3.2225198,51.5895785],[3.2225143,51.5895829],[3.2224423,51.5896236],[3.2223701,51.5896201],[3.2223101,51.5896163],[3.2223504,51.5895788],[3.2223698,51.5895549],[3.2224711,51.5895518],[3.2224099,51.5894888],[3.2225134,51.5894035],[3.2225194,51.5893986],[3.2226574,51.5893291],[3.2226953,51.5893084],[3.2228014,51.5892534],[3.2229163,51.5892363],[3.2229457,51.5892367],[3.2229807,51.5892179],[3.2230896,51.589163],[3.2231367,51.5891277],[3.2232337,51.5890973],[3.2233194,51.5890739],[3.2233779,51.5890743],[3.2234583,51.5890372],[3.223522,51.5890168],[3.2236645,51.5890356],[3.2236664,51.5890355],[3.2236874,51.5890237],[3.2236828,51.5890368],[3.2236664,51.5890387],[3.2235748,51.5891269],[3.2235226,51.5891471],[3.2234578,51.5891675],[3.2233784,51.5891772],[3.2233153,51.5892173],[3.2232344,51.5892452],[3.223126,51.5893076],[3.2230904,51.5893237],[3.2230311,51.5893448],[3.2229462,51.5893501],[3.2228811,51.589398],[3.2228023,51.5894293],[3.2226994,51.5894882]]},"properties":{"rawObjectClass":"DEPCNT","VALDCO":20,"depthDatum":"Approximate LAT","depthDatumCode":42,"depthDatumStatus":"VERIFIED_FROM_OFFICIAL_DOCUMENTATION","verticalDatum":"Local Datum","verticalDatumCode":24,"napIdentityStatus":"UNVERIFIED","sourceKind":"official","sourceCellId":"1R7588LI","sourceStableId":"1F2B69F1AB1B755A","sourceChecksum":"fcefec7e07170c4b859138c34376143c7aa4e9f8e653fc723d6bbe65dbf3c0a2","pipelineFeatureId":"1R7588LI/DEPCNT/1271588048","provenance":{"cellId":"1R7588LI","checksum":"fcefec7e07170c4b859138c34376143c7aa4e9f8e653fc723d6bbe65dbf3c0a2","readerVersion":"GDAL 3.2.2","processedAt":"2026-08-11T18:29:20.995Z"},"sourceProperties":{"RCID":1271588048,"PRIM":2,"GRUP":2,"OBJL":43,"RVER":1,"AGEN":7979,"FIDN":1777445659,"FIDS":30042,"LNAM":"1F2B69F1AB1B755A","VALDCO":20,"SCAMIN":50000,"sourceCellId":"1R7588LI","sourceChecksum":"fcefec7e07170c4b859138c34376143c7aa4e9f8e653fc723d6bbe65dbf3c0a2","rawObjectClass":"DEPCNT","sourceStableId":"1F2B69F1AB1B755A"}}},{"type":"Feature","geometry":{"type":"LineString","coordinates":[[3.2207826,51.5896882],[3.2207435,51.5896961],[3.2206383,51.5897001],[3.2205621,51.5897196],[3.2204941,51.5897243],[3.2204251,51.5897623],[3.22035,51.5897791],[3.2203165,51.5897834],[3.2202057,51.5897859],[3.2201511,51.5897968],[3.2200614,51.5897956],[3.2199511,51.5898531],[3.2199174,51.5898626],[3.219899,51.5898646],[3.2197731,51.5898752],[3.2197331,51.5898784],[3.2196288,51.5898792],[3.2195759,51.5898867],[3.2194844,51.5898861],[3.2193429,51.5899441],[3.2193404,51.5899448],[3.2191961,51.5899658],[3.2191518,51.5899721],[3.2190518,51.5899722],[3.218995,51.5899802],[3.2189075,51.5899727],[3.2188067,51.590035],[3.2187635,51.590048],[3.2187368,51.5900518],[3.2186191,51.5900512],[3.2185669,51.5900681],[3.2184748,51.5900599],[3.2183758,51.5901258],[3.2183308,51.5901368],[3.2182986,51.590146],[3.2181865,51.5901444],[3.2180781,51.5902162],[3.2180426,51.5902275],[3.2180044,51.5902402],[3.2178983,51.5902456],[3.2177997,51.5902782],[3.217754,51.5902594],[3.2177086,51.5903068],[3.21761,51.5903257],[3.2175772,51.5903275],[3.2174657,51.5903297],[3.2173963,51.5903506],[3.2173214,51.5903508],[3.2172507,51.5903976],[3.2171774,51.5904167],[3.2171341,51.5904247],[3.2170331,51.5904273],[3.2168983,51.5904882],[3.216889,51.5904914],[3.2168813,51.590493],[3.2167448,51.5905149],[3.2166748,51.5905322],[3.2166005,51.5905298],[3.2165134,51.5905788],[3.2164565,51.5905965],[3.216417,51.5906036],[3.2163121,51.5906016],[3.2162586,51.5906126],[3.2161678,51.5906012],[3.2160663,51.5905796],[3.2161676,51.5905675],[3.2162075,51.5905545],[3.2163118,51.5905419],[3.2163864,51.5904891],[3.2164559,51.5904688],[3.2165067,51.5904572],[3.2166001,51.5904549],[3.2167062,51.5903986],[3.2167442,51.5903854],[3.2167715,51.5903814],[3.2168884,51.5903681],[3.2169661,51.5903497],[3.2170327,51.5903537],[3.2171128,51.5903079],[3.2171768,51.5902897],[3.2172171,51.5902826],[3.2173211,51.5902831],[3.2173879,51.5902658],[3.2174653,51.5902656],[3.2175568,51.5902172],[3.2176094,51.5902046],[3.217636,51.5902005],[3.2177538,51.5902068],[3.2177842,51.5901978],[3.217898,51.5901814],[3.2179968,51.5901265],[3.218042,51.5901125],[3.218078,51.5901039],[3.2181863,51.5901067],[3.2182914,51.590036],[3.2183303,51.5900222],[3.2183624,51.5900158],[3.2184746,51.5900209],[3.2185681,51.5899771],[3.2186187,51.5899688],[3.2186576,51.5899454],[3.2187629,51.5899288],[3.2187929,51.5899265],[3.2189072,51.5899239],[3.2189618,51.5899108],[3.2190515,51.5899024],[3.2191781,51.5898545],[3.2191956,51.5898505],[3.2192035,51.5898495],[3.2193398,51.5898302],[3.2193912,51.5898221],[3.2194841,51.5898206],[3.2195674,51.5898019],[3.2196284,51.589801],[3.2197245,51.5897636],[3.2197725,51.5897535],[3.2197926,51.5897509],[3.2199168,51.5897355],[3.219969,51.5897305],[3.2200611,51.5897337],[3.2201527,51.5897056],[3.2202053,51.5897041],[3.2202534,51.5896727],[3.2203494,51.5896446],[3.2204005,51.5896405],[3.2204937,51.5896396],[3.2205539,51.5896346],[3.220638,51.5896388],[3.2207584,51.5895818],[3.2207821,51.5895748],[3.2207948,51.5895738],[3.2209264,51.5895698],[3.2209529,51.5895649],[3.2210708,51.5895746],[3.2210833,51.5895734],[3.2212152,51.5895808],[3.2212155,51.5895807],[3.2212158,51.5895809],[3.2212152,51.589581],[3.221215,51.589581],[3.2210708,51.5895873],[3.2210291,51.5896073],[3.2209267,51.5896297],[3.2208757,51.5896715],[3.2207826,51.5896882]]},"properties":{"rawObjectClass":"DEPCNT","VALDCO":20,"depthDatum":"Approximate LAT","depthDatumCode":42,"depthDatumStatus":"VERIFIED_FROM_OFFICIAL_DOCUMENTATION","verticalDatum":"Local Datum","verticalDatumCode":24,"napIdentityStatus":"UNVERIFIED","sourceKind":"official","sourceCellId":"1R7588LI","sourceStableId":"1F2B69F1AB1B755B","sourceChecksum":"fcefec7e07170c4b859138c34376143c7aa4e9f8e653fc723d6bbe65dbf3c0a2","pipelineFeatureId":"1R7588LI/DEPCNT/1271588049","provenance":{"cellId":"1R7588LI","checksum":"fcefec7e07170c4b859138c34376143c7aa4e9f8e653fc723d6bbe65dbf3c0a2","readerVersion":"GDAL 3.2.2","processedAt":"2026-08-11T18:29:20.995Z"},"sourceProperties":{"RCID":1271588049,"PRIM":2,"GRUP":2,"OBJL":43,"RVER":1,"AGEN":7979,"FIDN":1777445659,"FIDS":30043,"LNAM":"1F2B69F1AB1B755B","VALDCO":20,"SCAMIN":50000,"sourceCellId":"1R7588LI","sourceChecksum":"fcefec7e07170c4b859138c34376143c7aa4e9f8e653fc723d6bbe65dbf3c0a2","rawObjectClass":"DEPCNT","sourceStableId":"1F2B69F1AB1B755B"}}},{"type":"Feature","geometry":{"type":"LineString","coordinates":[[3.2098946,51.6108219],[3.2099093,51.6107747],[3.2099331,51.6107319],[3.2099479,51.6107076],[3.2099858,51.6106419],[3.2100326,51.6105644],[3.2100399,51.6105519],[3.2100526,51.6105322],[3.2101956,51.6104617],[3.2101966,51.6104612],[3.2101979,51.6104609],[3.2103409,51.6104364],[3.210378,51.6104613],[3.2103727,51.610481],[3.2104212,51.6105512],[3.2104266,51.610604],[3.2104305,51.6106411],[3.2104214,51.6106816],[3.2104278,51.610731],[3.2104149,51.6107759],[3.2103872,51.610821],[3.2103771,51.6108897],[3.210374,51.6109109],[3.2103567,51.6109927],[3.2103554,51.6110009],[3.2103438,51.6110612],[3.2103363,51.6110908],[3.2103351,51.6110964],[3.210312,51.6111808],[3.2103065,51.6112045],[3.2102885,51.6112707],[3.2102808,51.6113107],[3.2102663,51.6113607],[3.2102586,51.6114148],[3.2102492,51.6114506],[3.2102429,51.6115148],[3.2102354,51.6115406],[3.2102017,51.6115629],[3.2101434,51.6115408],[3.2101323,51.6114977],[3.2101243,51.6114509],[3.2101009,51.6113886],[3.2100941,51.611361],[3.2100746,51.6112827],[3.2100712,51.6112711],[3.2100556,51.6112025],[3.2100388,51.6111917],[3.2100467,51.6111813],[3.2100115,51.6111187],[3.2100314,51.6110914],[3.2100284,51.6110748],[3.2099761,51.6110016],[3.20991,51.6109363],[3.2098867,51.6109118],[3.2098846,51.6108374],[3.2098946,51.6108219]]},"properties":{"rawObjectClass":"DEPCNT","VALDCO":20,"depthDatum":"Approximate LAT","depthDatumCode":42,"depthDatumStatus":"VERIFIED_FROM_OFFICIAL_DOCUMENTATION","verticalDatum":"Local Datum","verticalDatumCode":24,"napIdentityStatus":"UNVERIFIED","sourceKind":"official","sourceCellId":"1R7588LI","sourceStableId":"1F2B69F1AB1B755C","sourceChecksum":"fcefec7e07170c4b859138c34376143c7aa4e9f8e653fc723d6bbe65dbf3c0a2","pipelineFeatureId":"1R7588LI/DEPCNT/1271588050","provenance":{"cellId":"1R7588LI","checksum":"fcefec7e07170c4b859138c34376143c7aa4e9f8e653fc723d6bbe65dbf3c0a2","readerVersion":"GDAL 3.2.2","processedAt":"2026-08-11T18:29:20.995Z"},"sourceProperties":{"RCID":1271588050,"PRIM":2,"GRUP":2,"OBJL":43,"RVER":1,"AGEN":7979,"FIDN":1777445659,"FIDS":30044,"LNAM":"1F2B69F1AB1B755C","VALDCO":20,"SCAMIN":50000,"sourceCellId":"1R7588LI","sourceChecksum":"fcefec7e07170c4b859138c34376143c7aa4e9f8e653fc723d6bbe65dbf3c0a2","rawObjectClass":"DEPCNT","sourceStableId":"1F2B69F1AB1B755C"}}},{"type":"Feature","geometry":{"type":"LineString","coordinates":[[3.1582443,51.579621],[3.1582226,51.5796121],[3.1582084,51.5795899],[3.1581618,51.5795223],[3.1582438,51.5794738],[3.1583354,51.5794892],[3.1583882,51.5795],[3.1584044,51.579522],[3.1584307,51.5795483],[3.1583885,51.5795681],[3.1582944,51.5796121],[3.1582655,51.5796252],[3.1582443,51.579621]]},"properties":{"rawObjectClass":"DEPCNT","VALDCO":20,"depthDatum":"Approximate LAT","depthDatumCode":42,"depthDatumStatus":"VERIFIED_FROM_OFFICIAL_DOCUMENTATION","verticalDatum":"Local Datum","verticalDatumCode":24,"napIdentityStatus":"UNVERIFIED","sourceKind":"official","sourceCellId":"1R7588LI","sourceStableId":"1F2B69F1AB1B755D","sourceChecksum":"fcefec7e07170c4b859138c34376143c7aa4e9f8e653fc723d6bbe65dbf3c0a2","pipelineFeatureId":"1R7588LI/DEPCNT/1271588051","provenance":{"cellId":"1R7588LI","checksum":"fcefec7e07170c4b859138c34376143c7aa4e9f8e653fc723d6bbe65dbf3c0a2","readerVersion":"GDAL 3.2.2","processedAt":"2026-08-11T18:29:20.995Z"},"sourceProperties":{"RCID":1271588051,"PRIM":2,"GRUP":2,"OBJL":43,"RVER":1,"AGEN":7979,"FIDN":1777445659,"FIDS":30045,"LNAM":"1F2B69F1AB1B755D","VALDCO":20,"SCAMIN":50000,"sourceCellId":"1R7588LI","sourceChecksum":"fcefec7e07170c4b859138c34376143c7aa4e9f8e653fc723d6bbe65dbf3c0a2","rawObjectClass":"DEPCNT","sourceStableId":"1F2B69F1AB1B755D"}}},{"type":"Feature","geometry":{"type":"LineString","coordinates":[[3.1650888,51.5932774],[3.1650939,51.5933598],[3.1651145,51.5933831],[3.1650772,51.5933997],[3.1649713,51.593426],[3.164933,51.5934374],[3.164879,51.5933601],[3.1649325,51.5933086],[3.1650344,51.59327],[3.1650505,51.5932537],[3.1650767,51.5932654],[3.1650833,51.5932699],[3.1650888,51.5932774]]},"properties":{"rawObjectClass":"DEPCNT","VALDCO":20,"depthDatum":"Approximate LAT","depthDatumCode":42,"depthDatumStatus":"VERIFIED_FROM_OFFICIAL_DOCUMENTATION","verticalDatum":"Local Datum","verticalDatumCode":24,"napIdentityStatus":"UNVERIFIED","sourceKind":"official","sourceCellId":"1R7588LI","sourceStableId":"1F2B69F1AB1B755E","sourceChecksum":"fcefec7e07170c4b859138c34376143c7aa4e9f8e653fc723d6bbe65dbf3c0a2","pipelineFeatureId":"1R7588LI/DEPCNT/1271588052","provenance":{"cellId":"1R7588LI","checksum":"fcefec7e07170c4b859138c34376143c7aa4e9f8e653fc723d6bbe65dbf3c0a2","readerVersion":"GDAL 3.2.2","processedAt":"2026-08-11T18:29:20.995Z"},"sourceProperties":{"RCID":1271588052,"PRIM":2,"GRUP":2,"OBJL":43,"RVER":1,"AGEN":7979,"FIDN":1777445659,"FIDS":30046,"LNAM":"1F2B69F1AB1B755E","VALDCO":20,"SCAMIN":50000,"sourceCellId":"1R7588LI","sourceChecksum":"fcefec7e07170c4b859138c34376143c7aa4e9f8e653fc723d6bbe65dbf3c0a2","rawObjectClass":"DEPCNT","sourceStableId":"1F2B69F1AB1B755E"}}},{"type":"Feature","geometry":{"type":"LineString","coordinates":[[3.1819032,51.6126669],[3.1819103,51.6126733],[3.1819001,51.6126747],[3.1818914,51.6126723],[3.1817558,51.6127165],[3.1816377,51.6127572],[3.1816116,51.6127658],[3.1816012,51.6127573],[3.1814669,51.6127026],[3.1813356,51.612676],[3.1813224,51.6126736],[3.1813088,51.6126678],[3.1811778,51.6126279],[3.1810557,51.6125923],[3.1810332,51.6125855],[3.1810088,51.6125784],[3.1809288,51.6125137],[3.1808993,51.6124886],[3.1808883,51.6124773],[3.1807532,51.6123989],[3.1808878,51.6123385],[3.1809912,51.6123342],[3.1810322,51.6123275],[3.181139,51.6123084],[3.1811765,51.6123013],[3.1811961,51.6123083],[3.1813211,51.6123404],[3.1813766,51.6123426],[3.1814655,51.612343],[3.1816011,51.6123976],[3.1816102,51.6124061],[3.1816298,51.6124098],[3.1817547,51.6124434],[3.1818205,51.6124872],[3.1818995,51.6125203],[3.1820209,51.6125768],[3.1819236,51.6126521],[3.1819032,51.6126669]]},"properties":{"rawObjectClass":"DEPCNT","VALDCO":20,"depthDatum":"Approximate LAT","depthDatumCode":42,"depthDatumStatus":"VERIFIED_FROM_OFFICIAL_DOCUMENTATION","verticalDatum":"Local Datum","verticalDatumCode":24,"napIdentityStatus":"UNVERIFIED","sourceKind":"official","sourceCellId":"1R7588LI","sourceStableId":"1F2B69F1AB1B755F","sourceChecksum":"fcefec7e07170c4b859138c34376143c7aa4e9f8e653fc723d6bbe65dbf3c0a2","pipelineFeatureId":"1R7588LI/DEPCNT/1271588053","provenance":{"cellId":"1R7588LI","checksum":"fcefec7e07170c4b859138c34376143c7aa4e9f8e653fc723d6bbe65dbf3c0a2","readerVersion":"GDAL 3.2.2","processedAt":"2026-08-11T18:29:20.995Z"},"sourceProperties":{"RCID":1271588053,"PRIM":2,"GRUP":2,"OBJL":43,"RVER":1,"AGEN":7979,"FIDN":1777445659,"FIDS":30047,"LNAM":"1F2B69F1AB1B755F","VALDCO":20,"SCAMIN":50000,"sourceCellId":"1R7588LI","sourceChecksum":"fcefec7e07170c4b859138c34376143c7aa4e9f8e653fc723d6bbe65dbf3c0a2","rawObjectClass":"DEPCNT","sourceStableId":"1F2B69F1AB1B755F"}}},{"type":"Feature","geometry":{"type":"LineString","coordinates":[[3.2605379,51.6000316],[3.2605136,51.6000356],[3.2603936,51.6000451],[3.2603609,51.6000412],[3.2602493,51.600061],[3.2601765,51.6000666],[3.260105,51.6000773],[3.2600021,51.6000857],[3.2599607,51.6000871],[3.2598487,51.6000917],[3.2598164,51.6000907],[3.259688,51.6001023],[3.259672,51.6001029],[3.2596453,51.6001123],[3.259528,51.6001588],[3.2594262,51.6001762],[3.2593837,51.6001847],[3.2592443,51.6002001],[3.2592395,51.6002012],[3.2592311,51.6002031],[3.2590954,51.6002508],[3.2589914,51.6002685],[3.2589511,51.6002776],[3.2588828,51.6002938],[3.258807,51.600324],[3.2587398,51.600336],[3.2586628,51.6003638],[3.2585574,51.6003845],[3.2585187,51.6004096],[3.2583999,51.6004747],[3.2584296,51.6005087],[3.2583749,51.6005041],[3.2582627,51.6005649],[3.2583755,51.6006122],[3.2584518,51.6006069],[3.2585198,51.6005933],[3.2586213,51.6005908],[3.2586641,51.6005771],[3.2588019,51.6005678],[3.2588084,51.6005672],[3.2588168,51.6005637],[3.2589524,51.6004996],[3.2590706,51.6004895],[3.2590967,51.6004887],[3.2591505,51.6004731],[3.2592408,51.600436],[3.25929,51.6004421],[3.2593851,51.6004286],[3.2594708,51.600419],[3.2595294,51.6004131],[3.2596489,51.6003975],[3.2596737,51.6003915],[3.259693,51.600394],[3.2597529,51.6003818],[3.2598179,51.600369],[3.259852,51.6003603],[3.2599621,51.6003234],[3.2600722,51.6003125],[3.2601064,51.6003165],[3.2602129,51.6003145],[3.2602507,51.600306],[3.2602816,51.60031],[3.2603952,51.6003132],[3.2604261,51.6003097],[3.2605396,51.6003229],[3.2606463,51.6003133],[3.2606839,51.6003081],[3.2608103,51.6002896],[3.2608281,51.6002849],[3.2609647,51.6002843],[3.2609725,51.6002847],[3.2609811,51.6002838],[3.2611169,51.6002787],[3.2612326,51.6002163],[3.2612608,51.6002012],[3.261386,51.6002103],[3.2614052,51.6002084],[3.2615082,51.600224],[3.2615497,51.6002135],[3.2616062,51.6001979],[3.2616937,51.6001528],[3.2617558,51.6001589],[3.2618381,51.6001512],[3.2619299,51.6001644],[3.2619825,51.6001554],[3.2620604,51.6001483],[3.2621267,51.6001281],[3.2621761,51.6001067],[3.2622707,51.6000662],[3.2623724,51.6000429],[3.262415,51.6000411],[3.2625347,51.6000313],[3.2625592,51.6000231],[3.2625757,51.6000159],[3.2626708,51.5999459],[3.2626308,51.5999258],[3.2625586,51.5999147],[3.2624666,51.5998935],[3.2624142,51.5999025],[3.2623744,51.5999017],[3.2622697,51.5998937],[3.2622335,51.5999267],[3.2621258,51.5999808],[3.2620591,51.5999755],[3.2619815,51.5999798],[3.2619053,51.59997],[3.261837,51.5999619],[3.2617529,51.5999654],[3.2616926,51.5999615],[3.2616356,51.5999636],[3.2615482,51.5999617],[3.2614347,51.5999994],[3.261404,51.6000009],[3.2613228,51.6000187],[3.2612598,51.6000271],[3.2611152,51.5999918],[3.2610487,51.5999708],[3.2609708,51.5999856],[3.2608578,51.6000002],[3.2608265,51.6000028],[3.2606957,51.6000117],[3.2606822,51.6000127],[3.2606285,51.6000202],[3.2605379,51.6000316]]},"properties":{"rawObjectClass":"DEPCNT","VALDCO":20,"depthDatum":"Approximate LAT","depthDatumCode":42,"depthDatumStatus":"VERIFIED_FROM_OFFICIAL_DOCUMENTATION","verticalDatum":"Local Datum","verticalDatumCode":24,"napIdentityStatus":"UNVERIFIED","sourceKind":"official","sourceCellId":"1R7588LI","sourceStableId":"1F2B69F1AB1B7560","sourceChecksum":"fcefec7e07170c4b859138c34376143c7aa4e9f8e653fc723d6bbe65dbf3c0a2","pipelineFeatureId":"1R7588LI/DEPCNT/1271588054","provenance":{"cellId":"1R7588LI","checksum":"fcefec7e07170c4b859138c34376143c7aa4e9f8e653fc723d6bbe65dbf3c0a2","readerVersion":"GDAL 3.2.2","processedAt":"2026-08-11T18:29:20.995Z"},"sourceProperties":{"RCID":1271588054,"PRIM":2,"GRUP":2,"OBJL":43,"RVER":1,"AGEN":7979,"FIDN":1777445659,"FIDS":30048,"LNAM":"1F2B69F1AB1B7560","VALDCO":20,"SCAMIN":50000,"sourceCellId":"1R7588LI","sourceChecksum":"fcefec7e07170c4b859138c34376143c7aa4e9f8e653fc723d6bbe65dbf3c0a2","rawObjectClass":"DEPCNT","sourceStableId":"1F2B69F1AB1B7560"}}},{"type":"Feature","geometry":{"type":"LineString","coordinates":[[3.1917189,51.6122131],[3.1915743,51.6121744],[3.1915255,51.6121717],[3.1914298,51.6121705],[3.1912939,51.6121179],[3.1912852,51.612122],[3.191209,51.6122025],[3.1912858,51.6122633],[3.1913362,51.6122922],[3.1913543,51.6123347],[3.191338,51.6123821],[3.1914309,51.6124269],[3.1915128,51.6124718],[3.1915756,51.6124967],[3.1916312,51.6125062],[3.1917201,51.6125063],[3.1918194,51.6124993],[3.1918644,51.6124834],[3.1919068,51.6124711],[3.1919542,51.612415],[3.1919952,51.6123811],[3.1920009,51.6123764],[3.1919321,51.6122913],[3.1918635,51.6122586],[3.1917448,51.6122178],[3.1917189,51.6122131]]},"properties":{"rawObjectClass":"DEPCNT","VALDCO":20,"depthDatum":"Approximate LAT","depthDatumCode":42,"depthDatumStatus":"VERIFIED_FROM_OFFICIAL_DOCUMENTATION","verticalDatum":"Local Datum","verticalDatumCode":24,"napIdentityStatus":"UNVERIFIED","sourceKind":"official","sourceCellId":"1R7588LI","sourceStableId":"1F2B69F1AB1B7561","sourceChecksum":"fcefec7e07170c4b859138c34376143c7aa4e9f8e653fc723d6bbe65dbf3c0a2","pipelineFeatureId":"1R7588LI/DEPCNT/1271588055","provenance":{"cellId":"1R7588LI","checksum":"fcefec7e07170c4b859138c34376143c7aa4e9f8e653fc723d6bbe65dbf3c0a2","readerVersion":"GDAL 3.2.2","processedAt":"2026-08-11T18:29:20.995Z"},"sourceProperties":{"RCID":1271588055,"PRIM":2,"GRUP":2,"OBJL":43,"RVER":1,"AGEN":7979,"FIDN":1777445659,"FIDS":30049,"LNAM":"1F2B69F1AB1B7561","VALDCO":20,"SCAMIN":50000,"sourceCellId":"1R7588LI","sourceChecksum":"fcefec7e07170c4b859138c34376143c7aa4e9f8e653fc723d6bbe65dbf3c0a2","rawObjectClass":"DEPCNT","sourceStableId":"1F2B69F1AB1B7561"}}},{"type":"Feature","geometry":{"type":"LineString","coordinates":[[3.2244715,51.60531],[3.2244737,51.6053134],[3.2244684,51.6053181],[3.2243908,51.6054001],[3.2243246,51.6054332],[3.224213,51.60547],[3.2241804,51.605475],[3.2240364,51.6055613],[3.2240028,51.6055807],[3.2238923,51.6056275],[3.2237587,51.6056645],[3.2237481,51.6056622],[3.2236747,51.6056269],[3.2237255,51.6055812],[3.2237477,51.6055756],[3.2238789,51.605491],[3.2238916,51.6054834],[3.2240258,51.6054008],[3.2240356,51.6053934],[3.2240483,51.6053928],[3.22418,51.6053897],[3.2243136,51.6053103],[3.2243239,51.6053043],[3.2243765,51.6052774],[3.2244683,51.6053031],[3.2244715,51.60531]]},"properties":{"rawObjectClass":"DEPCNT","VALDCO":20,"depthDatum":"Approximate LAT","depthDatumCode":42,"depthDatumStatus":"VERIFIED_FROM_OFFICIAL_DOCUMENTATION","verticalDatum":"Local Datum","verticalDatumCode":24,"napIdentityStatus":"UNVERIFIED","sourceKind":"official","sourceCellId":"1R7588LI","sourceStableId":"1F2B69F1AB1B7562","sourceChecksum":"fcefec7e07170c4b859138c34376143c7aa4e9f8e653fc723d6bbe65dbf3c0a2","pipelineFeatureId":"1R7588LI/DEPCNT/1271588056","provenance":{"cellId":"1R7588LI","checksum":"fcefec7e07170c4b859138c34376143c7aa4e9f8e653fc723d6bbe65dbf3c0a2","readerVersion":"GDAL 3.2.2","processedAt":"2026-08-11T18:29:20.995Z"},"sourceProperties":{"RCID":1271588056,"PRIM":2,"GRUP":2,"OBJL":43,"RVER":1,"AGEN":7979,"FIDN":1777445659,"FIDS":30050,"LNAM":"1F2B69F1AB1B7562","VALDCO":20,"SCAMIN":50000,"sourceCellId":"1R7588LI","sourceChecksum":"fcefec7e07170c4b859138c34376143c7aa4e9f8e653fc723d6bbe65dbf3c0a2","rawObjectClass":"DEPCNT","sourceStableId":"1F2B69F1AB1B7562"}}},{"type":"Feature","geometry":{"type":"LineString","coordinates":[[3.2276334,51.6029573],[3.2276511,51.6029661],[3.2276552,51.6030427],[3.227778,51.603003],[3.2279083,51.6030555],[3.2280112,51.6031452],[3.2280677,51.6031944],[3.2282175,51.6033247],[3.228266,51.6033576],[3.2282128,51.6033322],[3.2281082,51.6033902],[3.2280687,51.6033948],[3.2280529,51.6034149],[3.2279246,51.6034435],[3.2278789,51.6034437],[3.2277803,51.6034635],[3.2276845,51.6034753],[3.227636,51.6034763],[3.2275028,51.6035059],[3.2274917,51.6035092],[3.2274589,51.6035265],[3.2273477,51.6035839],[3.2273273,51.6035961],[3.2272037,51.6036672],[3.2271651,51.6036864],[3.2270597,51.6037387],[3.2269551,51.6037767],[3.2269905,51.60382],[3.2269477,51.6038666],[3.2269195,51.6039546],[3.2269194,51.6039566],[3.2269164,51.6039585],[3.2269013,51.6039661],[3.2267722,51.6040038],[3.226734,51.6039807],[3.2266279,51.6040182],[3.2264834,51.6039574],[3.2264842,51.6039568],[3.2264832,51.6039574],[3.2264829,51.6039573],[3.2263388,51.6039527],[3.2262603,51.6039167],[3.2262929,51.6038679],[3.2263382,51.6038415],[3.2264046,51.6037778],[3.2264821,51.6037361],[3.2265836,51.6036875],[3.2266261,51.603661],[3.2266741,51.6036574],[3.2267705,51.6036592],[3.2268727,51.603597],[3.2269145,51.6035713],[3.2270174,51.6035068],[3.2270584,51.6034786],[3.2271653,51.6034166],[3.2272024,51.6033886],[3.2272594,51.6033265],[3.227312,51.6032577],[3.2273116,51.6032365],[3.2273457,51.6031871],[3.2274222,51.6031464],[3.2274895,51.6030667],[3.2275145,51.6030563],[3.2275193,51.6030376],[3.2276168,51.6029662],[3.2276334,51.6029573]]},"properties":{"rawObjectClass":"DEPCNT","VALDCO":20,"depthDatum":"Approximate LAT","depthDatumCode":42,"depthDatumStatus":"VERIFIED_FROM_OFFICIAL_DOCUMENTATION","verticalDatum":"Local Datum","verticalDatumCode":24,"napIdentityStatus":"UNVERIFIED","sourceKind":"official","sourceCellId":"1R7588LI","sourceStableId":"1F2B69F1AB1B7563","sourceChecksum":"fcefec7e07170c4b859138c34376143c7aa4e9f8e653fc723d6bbe65dbf3c0a2","pipelineFeatureId":"1R7588LI/DEPCNT/1271588057","provenance":{"cellId":"1R7588LI","checksum":"fcefec7e07170c4b859138c34376143c7aa4e9f8e653fc723d6bbe65dbf3c0a2","readerVersion":"GDAL 3.2.2","processedAt":"2026-08-11T18:29:20.995Z"},"sourceProperties":{"RCID":1271588057,"PRIM":2,"GRUP":2,"OBJL":43,"RVER":1,"AGEN":7979,"FIDN":1777445659,"FIDS":30051,"LNAM":"1F2B69F1AB1B7563","VALDCO":20,"SCAMIN":50000,"sourceCellId":"1R7588LI","sourceChecksum":"fcefec7e07170c4b859138c34376143c7aa4e9f8e653fc723d6bbe65dbf3c0a2","rawObjectClass":"DEPCNT","sourceStableId":"1F2B69F1AB1B7563"}}},{"type":"Feature","geometry":{"type":"LineString","coordinates":[[3.2104755,51.6118099],[3.2104737,51.6117987],[3.2104595,51.61172],[3.210456,51.6116981],[3.2104606,51.6116301],[3.2104567,51.6116089],[3.2104629,51.6115402],[3.2104561,51.6115189],[3.2104644,51.6114503],[3.2104578,51.6114302],[3.2104696,51.6113603],[3.2104613,51.6113428],[3.2104812,51.6112704],[3.2104755,51.6112619],[3.2104891,51.6112427],[3.210492,51.6112704],[3.2105006,51.6113534],[3.2104998,51.6113603],[3.2105002,51.6113669],[3.2105079,51.6114502],[3.2105082,51.6114615],[3.2105152,51.6115401],[3.2105158,51.6115558],[3.2105222,51.61163],[3.2105535,51.6116688],[3.2105608,51.6117198],[3.2105376,51.6117811],[3.2105138,51.6118098],[3.2104918,51.6118346],[3.2104638,51.6118274],[3.2104755,51.6118099]]},"properties":{"rawObjectClass":"DEPCNT","VALDCO":20,"depthDatum":"Approximate LAT","depthDatumCode":42,"depthDatumStatus":"VERIFIED_FROM_OFFICIAL_DOCUMENTATION","verticalDatum":"Local Datum","verticalDatumCode":24,"napIdentityStatus":"UNVERIFIED","sourceKind":"official","sourceCellId":"1R7588LI","sourceStableId":"1F2B69F1AB1B7564","sourceChecksum":"fcefec7e07170c4b859138c34376143c7aa4e9f8e653fc723d6bbe65dbf3c0a2","pipelineFeatureId":"1R7588LI/DEPCNT/1271588058","provenance":{"cellId":"1R7588LI","checksum":"fcefec7e07170c4b859138c34376143c7aa4e9f8e653fc723d6bbe65dbf3c0a2","readerVersion":"GDAL 3.2.2","processedAt":"2026-08-11T18:29:20.995Z"},"sourceProperties":{"RCID":1271588058,"PRIM":2,"GRUP":2,"OBJL":43,"RVER":1,"AGEN":7979,"FIDN":1777445659,"FIDS":30052,"LNAM":"1F2B69F1AB1B7564","VALDCO":20,"SCAMIN":50000,"sourceCellId":"1R7588LI","sourceChecksum":"fcefec7e07170c4b859138c34376143c7aa4e9f8e653fc723d6bbe65dbf3c0a2","rawObjectClass":"DEPCNT","sourceStableId":"1F2B69F1AB1B7564"}}},{"type":"Feature","geometry":{"type":"LineString","coordinates":[[3.1981416,51.6081448],[3.1980553,51.6080599],[3.198041,51.608064],[3.1980297,51.6080551],[3.1979107,51.60802],[3.1978499,51.6080175],[3.1977662,51.6080001],[3.1976885,51.6080142],[3.1976218,51.6079933],[3.1975599,51.607966],[3.1974771,51.607933],[3.1974257,51.6079342],[3.1973327,51.6079195],[3.1972477,51.6079295],[3.1971883,51.6079296],[3.1970892,51.6079386],[3.1970439,51.6079386],[3.1969199,51.6079544],[3.1968996,51.6079545],[3.1968012,51.6079672],[3.1967601,51.6079703],[3.1967552,51.6079697],[3.1966276,51.607978],[3.1966109,51.6079764],[3.19649,51.6079824],[3.1964665,51.6079806],[3.1963501,51.6079854],[3.1963221,51.6079836],[3.1962965,51.6079681],[3.1962409,51.6079178],[3.1963219,51.6079381],[3.1964179,51.607878],[3.1963213,51.6078045],[3.1962692,51.6078208],[3.1961769,51.6078094],[3.1960384,51.6077924],[3.1960324,51.6077905],[3.19603,51.6077887],[3.1960217,51.6077821],[3.1960324,51.6077833],[3.1960559,51.607774],[3.1961766,51.6077365],[3.1962473,51.6076984],[3.1963207,51.6076631],[3.1964539,51.607615],[3.1964649,51.6076108],[3.1964758,51.6076081],[3.1966091,51.6075758],[3.1967149,51.6075418],[3.1967533,51.6075293],[3.196801,51.6075177],[3.1968975,51.6074703],[3.1969544,51.6074275],[3.1970415,51.6073863],[3.1971765,51.607343],[3.1971857,51.6073392],[3.1971947,51.6073372],[3.197229,51.6073101],[3.1973158,51.6072471],[3.1973297,51.6072444],[3.197335,51.6072438],[3.197474,51.6072193],[3.1976124,51.6072427],[3.1976185,51.6072422],[3.1976274,51.607241],[3.1977629,51.6072411],[3.1977732,51.6072399],[3.1979073,51.6072241],[3.1979508,51.6072188],[3.1980516,51.607212],[3.1981111,51.6072087],[3.198196,51.6072097],[3.1983403,51.6071879],[3.1984225,51.607194],[3.1984847,51.6071853],[3.1985297,51.6071831],[3.1986292,51.6071941],[3.1987109,51.6071938],[3.1987736,51.6071936],[3.1988396,51.6071957],[3.198918,51.6072054],[3.1990148,51.6072145],[3.1990625,51.6072159],[3.1991742,51.6072236],[3.1992069,51.6072207],[3.1993322,51.6072317],[3.1993513,51.6072293],[3.1994647,51.6072434],[3.1994959,51.6072613],[3.1995373,51.6073075],[3.1995236,51.6073332],[3.199641,51.6074148],[3.1996506,51.6074229],[3.1996411,51.6074359],[3.1995888,51.607513],[3.1995523,51.6075686],[3.1995608,51.6076029],[3.1994975,51.6076299],[3.1994052,51.6076931],[3.1994109,51.6077288],[3.1994005,51.607783],[3.1993538,51.6077996],[3.1993125,51.6078089],[3.1992096,51.6078323],[3.1990789,51.6078735],[3.1990656,51.6079299],[3.1990586,51.6079634],[3.1990575,51.6079686],[3.1990659,51.6079992],[3.1990783,51.6080457],[3.1990748,51.6080533],[3.1990949,51.6080712],[3.199141,51.6081431],[3.1991406,51.608187],[3.1991194,51.6082331],[3.199067,51.6082452],[3.1989796,51.6083232],[3.1989231,51.6083586],[3.1987844,51.6083236],[3.1987784,51.6083025],[3.1987692,51.6083178],[3.1986338,51.6082549],[3.1986012,51.6082542],[3.1984895,51.6082769],[3.1983912,51.6082631],[3.1983449,51.6082453],[3.1982062,51.6082346],[3.1982005,51.6082337],[3.1980927,51.6082119],[3.1981416,51.6081448]]},"properties":{"rawObjectClass":"DEPCNT","VALDCO":20,"depthDatum":"Approximate LAT","depthDatumCode":42,"depthDatumStatus":"VERIFIED_FROM_OFFICIAL_DOCUMENTATION","verticalDatum":"Local Datum","verticalDatumCode":24,"napIdentityStatus":"UNVERIFIED","sourceKind":"official","sourceCellId":"1R7588LI","sourceStableId":"1F2B69F1AB1B7565","sourceChecksum":"fcefec7e07170c4b859138c34376143c7aa4e9f8e653fc723d6bbe65dbf3c0a2","pipelineFeatureId":"1R7588LI/DEPCNT/1271588059","provenance":{"cellId":"1R7588LI","checksum":"fcefec7e07170c4b859138c34376143c7aa4e9f8e653fc723d6bbe65dbf3c0a2","readerVersion":"GDAL 3.2.2","processedAt":"2026-08-11T18:29:20.995Z"},"sourceProperties":{"RCID":1271588059,"PRIM":2,"GRUP":2,"OBJL":43,"RVER":1,"AGEN":7979,"FIDN":1777445659,"FIDS":30053,"LNAM":"1F2B69F1AB1B7565","VALDCO":20,"SCAMIN":50000,"sourceCellId":"1R7588LI","sourceChecksum":"fcefec7e07170c4b859138c34376143c7aa4e9f8e653fc723d6bbe65dbf3c0a2","rawObjectClass":"DEPCNT","sourceStableId":"1F2B69F1AB1B7565"}}},{"type":"Feature","geometry":{"type":"LineString","coordinates":[[3.2152646,51.6132883],[3.2153965,51.6132396],[3.2153659,51.6132131],[3.2154087,51.6132284],[3.2155533,51.6132739],[3.2155995,51.6132393],[3.2156091,51.6131843],[3.2155996,51.6131493],[3.215616,51.6131098],[3.2156174,51.6130594],[3.2155519,51.6129719],[3.2155508,51.6129696],[3.2155519,51.6129681],[3.215554,51.6129683],[3.2156962,51.6129355],[3.2158029,51.6129457],[3.2158406,51.6129447],[3.2158858,51.6129408],[3.215985,51.6129382],[3.2160839,51.6128787],[3.216129,51.6128433],[3.2162321,51.6128527],[3.2162735,51.6128541],[3.2163189,51.61285],[3.2164179,51.6128479],[3.2164879,51.6128343],[3.2165622,51.6128272],[3.2166882,51.6127877],[3.2167064,51.6127812],[3.216736,51.6127691],[3.2167303,51.6127876],[3.2167757,51.6128344],[3.216707,51.6129011],[3.2166386,51.6129676],[3.2165844,51.6130444],[3.216573,51.6130576],[3.2165634,51.6130742],[3.2165299,51.6131476],[3.2165124,51.6131797],[3.2164936,51.6132376],[3.2164671,51.6132982],[3.2164455,51.6133276],[3.2164206,51.6134153],[3.2164197,51.6134176],[3.2163433,51.6135076],[3.2162769,51.6135861],[3.216263,51.6135977],[3.2161327,51.613632],[3.2160244,51.6136657],[3.2159883,51.6136277],[3.2159489,51.6136882],[3.2159142,51.6137347],[3.2158809,51.6137782],[3.2158469,51.613867],[3.215846,51.6138682],[3.215845,51.613869],[3.2158435,51.6138691],[3.2157007,51.6138941],[3.2156502,51.6139],[3.2155563,51.6139075],[3.2154812,51.6139157],[3.215412,51.6139243],[3.2153142,51.6139301],[3.2152676,51.6139353],[3.2151499,51.6138695],[3.2151228,51.6138464],[3.2149973,51.6137799],[3.214978,51.6137696],[3.2148669,51.6137111],[3.2148332,51.613697],[3.2148034,51.6136903],[3.2146886,51.613652],[3.2146388,51.6136007],[3.2145437,51.6135549],[3.2144181,51.6135112],[3.214399,51.6135026],[3.2143745,51.613496],[3.2142546,51.613509],[3.2142512,51.6135094],[3.21411,51.6134674],[3.2139963,51.6135119],[3.2139662,51.6135919],[3.2139649,51.6136011],[3.2139651,51.6136019],[3.2139662,51.6136086],[3.2139863,51.6136918],[3.2140091,51.6137554],[3.2140022,51.6137817],[3.2140078,51.6138069],[3.2140326,51.6138715],[3.2141121,51.6139124],[3.2141882,51.6139186],[3.2142565,51.6139185],[3.2143016,51.613961],[3.2142569,51.6139909],[3.2141813,51.6140083],[3.2141126,51.6140147],[3.213997,51.6140514],[3.2139684,51.6140638],[3.2138862,51.6141415],[3.2138245,51.6141893],[3.2137431,51.6141925],[3.2136802,51.614199],[3.2135942,51.614232],[3.213536,51.6142508],[3.2134813,51.6142663],[3.2133917,51.614275],[3.2132872,51.6142976],[3.2132474,51.6143089],[3.2132015,51.6143226],[3.2131032,51.6143539],[3.2129786,51.6144007],[3.212959,51.6144058],[3.2129202,51.6144131],[3.2128147,51.614442],[3.2127384,51.6144609],[3.2126705,51.6144867],[3.2126343,51.6145035],[3.2125265,51.6145658],[3.2124291,51.6145938],[3.2123822,51.6146104],[3.2123259,51.6146291],[3.2122378,51.6146145],[3.2121018,51.6145996],[3.2120933,51.6145969],[3.2120885,51.6145944],[3.2120896,51.6145921],[3.212058,51.6145045],[3.2120576,51.6144364],[3.2120629,51.6144146],[3.2120628,51.6143962],[3.2120524,51.6143247],[3.2120919,51.6142853],[3.2121298,51.6142346],[3.2121322,51.6142093],[3.2121364,51.6141447],[3.2121395,51.6141145],[3.2121456,51.6140548],[3.2121745,51.6140024],[3.2121798,51.6139648],[3.2121954,51.6138992],[3.2122159,51.6138748],[3.2122343,51.6138521],[3.2122872,51.6137848],[3.212335,51.6137216],[3.2123426,51.6136948],[3.2123577,51.6136172],[3.2123647,51.6136048],[3.2123775,51.613592],[3.2124266,51.6135148],[3.2124543,51.6134665],[3.2124564,51.6134248],[3.2125208,51.6133613],[3.2125384,51.6133457],[3.2126653,51.6133791],[3.2127511,51.6133708],[3.2128097,51.6133606],[3.2128679,51.6133704],[3.2129541,51.6133588],[3.2130782,51.6133338],[3.2130983,51.6133106],[3.2131543,51.6132988],[3.2132425,51.6132732],[3.213304,51.6132435],[3.2133867,51.6132175],[3.2134696,51.6131915],[3.2135129,51.6132431],[3.213522,51.6132488],[3.2135313,51.6132468],[3.2135401,51.6132485],[3.2135974,51.6132429],[3.2135951,51.6132031],[3.2136467,51.6131529],[3.2136496,51.613137],[3.2136301,51.613063],[3.2136153,51.6130261],[3.2135607,51.6129732],[3.2135649,51.6129514],[3.213581,51.6128833],[3.2136737,51.6128178],[3.2137644,51.6128494],[3.2138184,51.6128765],[3.2138545,51.6128828],[3.2138544,51.6129051],[3.2139254,51.6129726],[3.2139633,51.6129897],[3.2140718,51.6130397],[3.214108,51.6130505],[3.2141207,51.6130621],[3.2142527,51.6131097],[3.2143488,51.6130918],[3.2144805,51.6131134],[3.2145416,51.6131203],[3.2146861,51.6131348],[3.2147661,51.6131509],[3.2148307,51.6131631],[3.2148644,51.6131716],[3.2149753,51.613195],[3.2150392,51.6132005],[3.2151197,51.6131912],[3.2151642,51.6132401],[3.2152646,51.6132883]]},"properties":{"rawObjectClass":"DEPCNT","VALDCO":20,"depthDatum":"Approximate LAT","depthDatumCode":42,"depthDatumStatus":"VERIFIED_FROM_OFFICIAL_DOCUMENTATION","verticalDatum":"Local Datum","verticalDatumCode":24,"napIdentityStatus":"UNVERIFIED","sourceKind":"official","sourceCellId":"1R7588LI","sourceStableId":"1F2B69F1AB1B7566","sourceChecksum":"fcefec7e07170c4b859138c34376143c7aa4e9f8e653fc723d6bbe65dbf3c0a2","pipelineFeatureId":"1R7588LI/DEPCNT/1271588060","provenance":{"cellId":"1R7588LI","checksum":"fcefec7e07170c4b859138c34376143c7aa4e9f8e653fc723d6bbe65dbf3c0a2","readerVersion":"GDAL 3.2.2","processedAt":"2026-08-11T18:29:20.995Z"},"sourceProperties":{"RCID":1271588060,"PRIM":2,"GRUP":2,"OBJL":43,"RVER":1,"AGEN":7979,"FIDN":1777445659,"FIDS":30054,"LNAM":"1F2B69F1AB1B7566","VALDCO":20,"SCAMIN":50000,"sourceCellId":"1R7588LI","sourceChecksum":"fcefec7e07170c4b859138c34376143c7aa4e9f8e653fc723d6bbe65dbf3c0a2","rawObjectClass":"DEPCNT","sourceStableId":"1F2B69F1AB1B7566"}}},{"type":"Feature","geometry":{"type":"LineString","coordinates":[[3.1439671,51.5828615],[3.14399,51.5828532],[3.1441115,51.582863],[3.1441228,51.5828602],[3.1442556,51.5828026],[3.144312,51.5827771],[3.1443585,51.5827128],[3.1443528,51.5826872],[3.1443622,51.5826639],[3.144306,51.5825973],[3.1442548,51.582537],[3.1441679,51.5825076],[3.1441103,51.5824879],[3.144088,51.5825077],[3.1439662,51.5825531],[3.143893,51.5825978],[3.1438499,51.5826705],[3.1438477,51.5826878],[3.1438223,51.5827024],[3.1437741,51.5827778],[3.1437518,51.582822],[3.1437498,51.5828677],[3.143823,51.5829048],[3.1439515,51.5828675],[3.1439671,51.5828615]]},"properties":{"rawObjectClass":"DEPCNT","VALDCO":20,"depthDatum":"Approximate LAT","depthDatumCode":42,"depthDatumStatus":"VERIFIED_FROM_OFFICIAL_DOCUMENTATION","verticalDatum":"Local Datum","verticalDatumCode":24,"napIdentityStatus":"UNVERIFIED","sourceKind":"official","sourceCellId":"1R7588LI","sourceStableId":"1F2B69F1AB1B7567","sourceChecksum":"fcefec7e07170c4b859138c34376143c7aa4e9f8e653fc723d6bbe65dbf3c0a2","pipelineFeatureId":"1R7588LI/DEPCNT/1271588061","provenance":{"cellId":"1R7588LI","checksum":"fcefec7e07170c4b859138c34376143c7aa4e9f8e653fc723d6bbe65dbf3c0a2","readerVersion":"GDAL 3.2.2","processedAt":"2026-08-11T18:29:20.995Z"},"sourceProperties":{"RCID":1271588061,"PRIM":2,"GRUP":2,"OBJL":43,"RVER":1,"AGEN":7979,"FIDN":1777445659,"FIDS":30055,"LNAM":"1F2B69F1AB1B7567","VALDCO":20,"SCAMIN":50000,"sourceCellId":"1R7588LI","sourceChecksum":"fcefec7e07170c4b859138c34376143c7aa4e9f8e653fc723d6bbe65dbf3c0a2","rawObjectClass":"DEPCNT","sourceStableId":"1F2B69F1AB1B7567"}}},{"type":"Feature","geometry":{"type":"LineString","coordinates":[[3.2192898,51.6094299],[3.2193853,51.6093962],[3.2194342,51.6094265],[3.2195166,51.6094169],[3.2196008,51.6094554],[3.2197235,51.6095113],[3.2197989,51.6095449],[3.2198683,51.6096052],[3.2198891,51.6096347],[3.2198998,51.6096541],[3.2199059,51.6097246],[3.2199054,51.6097472],[3.2199338,51.6098144],[3.21987,51.6099043],[3.2198701,51.6099045],[3.2198698,51.6099046],[3.2197258,51.6099865],[3.2197099,51.6099947],[3.2195817,51.6100648],[3.2195402,51.6100849],[3.2194376,51.6101243],[3.219332,51.6101752],[3.2192937,51.6102304],[3.2192686,51.6102652],[3.2191498,51.6103327],[3.2191275,51.6103554],[3.2191014,51.6103858],[3.2190583,51.6104455],[3.2190061,51.6104877],[3.2189273,51.6105356],[3.2188621,51.6105656],[3.2187484,51.6106068],[3.2187179,51.6106183],[3.2186029,51.6106078],[3.2185735,51.6106138],[3.2185493,51.6106112],[3.218429,51.6106025],[3.2183765,51.6105939],[3.2182847,51.610622],[3.2182738,51.6106268],[3.2181407,51.6107039],[3.218026,51.6106459],[3.2181151,51.610717],[3.21811,51.6107362],[3.2180448,51.610807],[3.2179971,51.6108779],[3.2179001,51.6108972],[3.2178528,51.6109015],[3.2177174,51.6108975],[3.2177083,51.6108974],[3.2176168,51.6108078],[3.2176651,51.6107443],[3.2175919,51.6107179],[3.2177073,51.6106885],[3.217779,51.6106729],[3.2178516,51.6106665],[3.2179869,51.6106273],[3.2179958,51.6106204],[3.2180521,51.6105373],[3.217995,51.6104543],[3.2179918,51.6104495],[3.2179925,51.6104475],[3.2179873,51.6104427],[3.2179647,51.6103576],[3.2179137,51.610318],[3.21794,51.6102677],[3.2179245,51.6102245],[3.2179431,51.6101778],[3.2179824,51.6100946],[3.2179854,51.6100878],[3.2179932,51.6100669],[3.2180317,51.6099978],[3.2180598,51.6099559],[3.2181014,51.6099078],[3.2181367,51.6098797],[3.2182653,51.6098175],[3.2182808,51.6098135],[3.2182918,51.6098106],[3.2183793,51.6098173],[3.2184134,51.6098246],[3.2184252,51.6098198],[3.2184492,51.6098172],[3.2185695,51.6097932],[3.2186282,51.6097269],[3.2186868,51.6096534],[3.2186951,51.6096369],[3.2186719,51.6096113],[3.2185982,51.6095472],[3.2185681,51.6094965],[3.2185475,51.6094573],[3.2185312,51.6094346],[3.2185676,51.609396],[3.2185881,51.6093674],[3.2185889,51.609354],[3.2186056,51.6092774],[3.2187112,51.6092288],[3.2187946,51.609239],[3.2188557,51.6092442],[3.2189605,51.6092767],[3.2190003,51.6092856],[3.2190702,51.6093665],[3.2191454,51.609415],[3.2192381,51.6094239],[3.2192898,51.6094299]]},"properties":{"rawObjectClass":"DEPCNT","VALDCO":20,"depthDatum":"Approximate LAT","depthDatumCode":42,"depthDatumStatus":"VERIFIED_FROM_OFFICIAL_DOCUMENTATION","verticalDatum":"Local Datum","verticalDatumCode":24,"napIdentityStatus":"UNVERIFIED","sourceKind":"official","sourceCellId":"1R7588LI","sourceStableId":"1F2B69F1AB1B7568","sourceChecksum":"fcefec7e07170c4b859138c34376143c7aa4e9f8e653fc723d6bbe65dbf3c0a2","pipelineFeatureId":"1R7588LI/DEPCNT/1271588062","provenance":{"cellId":"1R7588LI","checksum":"fcefec7e07170c4b859138c34376143c7aa4e9f8e653fc723d6bbe65dbf3c0a2","readerVersion":"GDAL 3.2.2","processedAt":"2026-08-11T18:29:20.995Z"},"sourceProperties":{"RCID":1271588062,"PRIM":2,"GRUP":2,"OBJL":43,"RVER":1,"AGEN":7979,"FIDN":1777445659,"FIDS":30056,"LNAM":"1F2B69F1AB1B7568","VALDCO":20,"SCAMIN":50000,"sourceCellId":"1R7588LI","sourceChecksum":"fcefec7e07170c4b859138c34376143c7aa4e9f8e653fc723d6bbe65dbf3c0a2","rawObjectClass":"DEPCNT","sourceStableId":"1F2B69F1AB1B7568"}}},{"type":"Feature","geometry":{"type":"LineString","coordinates":[[3.1791534,51.6120087],[3.1792927,51.6119546],[3.1792446,51.6120416],[3.1792531,51.6121034],[3.1791537,51.6120706],[3.1790094,51.6120419],[3.1790091,51.6120418],[3.1790088,51.6120419],[3.1788649,51.6120751],[3.1788008,51.6120422],[3.178738,51.6119637],[3.1787306,51.6119524],[3.1787199,51.611949],[3.1787077,51.6119449],[3.1785754,51.6119187],[3.1784534,51.6118629],[3.1784307,51.6118557],[3.1783015,51.6117733],[3.1782859,51.6117612],[3.1781559,51.6116836],[3.1781605,51.6116715],[3.1781623,51.6115936],[3.1781781,51.6115704],[3.1781406,51.61152],[3.1781235,51.6115144],[3.1781358,51.6115038],[3.1781405,51.6114996],[3.1781471,51.6114997],[3.1782848,51.6114691],[3.1783722,51.6114489],[3.1784291,51.6114488],[3.1785661,51.6114983],[3.1785738,51.6115008],[3.1785844,51.6115031],[3.1787182,51.6115132],[3.1787568,51.6115268],[3.1788627,51.6115344],[3.1789362,51.6115925],[3.1790077,51.6116679],[3.1790246,51.6116822],[3.1790428,51.611704],[3.1791132,51.611772],[3.1791527,51.6118237],[3.1791878,51.6118618],[3.1791529,51.6118816],[3.1790838,51.6119519],[3.1791534,51.6120087]]},"properties":{"rawObjectClass":"DEPCNT","VALDCO":20,"depthDatum":"Approximate LAT","depthDatumCode":42,"depthDatumStatus":"VERIFIED_FROM_OFFICIAL_DOCUMENTATION","verticalDatum":"Local Datum","verticalDatumCode":24,"napIdentityStatus":"UNVERIFIED","sourceKind":"official","sourceCellId":"1R7588LI","sourceStableId":"1F2B69F1AB1B7569","sourceChecksum":"fcefec7e07170c4b859138c34376143c7aa4e9f8e653fc723d6bbe65dbf3c0a2","pipelineFeatureId":"1R7588LI/DEPCNT/1271588063","provenance":{"cellId":"1R7588LI","checksum":"fcefec7e07170c4b859138c34376143c7aa4e9f8e653fc723d6bbe65dbf3c0a2","readerVersion":"GDAL 3.2.2","processedAt":"2026-08-11T18:29:20.995Z"},"sourceProperties":{"RCID":1271588063,"PRIM":2,"GRUP":2,"OBJL":43,"RVER":1,"AGEN":7979,"FIDN":1777445659,"FIDS":30057,"LNAM":"1F2B69F1AB1B7569","VALDCO":20,"SCAMIN":50000,"sourceCellId":"1R7588LI","sourceChecksum":"fcefec7e07170c4b859138c34376143c7aa4e9f8e653fc723d6bbe65dbf3c0a2","rawObjectClass":"DEPCNT","sourceStableId":"1F2B69F1AB1B7569"}}},{"type":"Feature","geometry":{"type":"LineString","coordinates":[[3.2555911,51.6147775],[3.2557121,51.6148416],[3.2557674,51.614867],[3.255857,51.6149194],[3.2559491,51.6149565],[3.2559409,51.6149945],[3.2559316,51.6150465],[3.2560024,51.6150891],[3.2561143,51.6150461],[3.2561069,51.6150215],[3.2561015,51.6149562],[3.2561459,51.6149351],[3.2562689,51.6149558],[3.2562658,51.6149713],[3.2561969,51.6150459],[3.2561466,51.6150551],[3.256046,51.6151362],[3.2561475,51.6152108],[3.25617,51.6152258],[3.2561969,51.6152563],[3.256189,51.6153157],[3.2561484,51.6153766],[3.2561252,51.6153912],[3.2560038,51.6153452],[3.2559616,51.6153162],[3.25586,51.6152273],[3.2558598,51.6152265],[3.2558587,51.6152261],[3.255858,51.6152261],[3.255851,51.6152265],[3.2557235,51.6152325],[3.2557143,51.6152317],[3.2557065,51.6152268],[3.2557003,51.6152181],[3.2556333,51.6151371],[3.2555692,51.6151114],[3.2554512,51.6150642],[3.2554245,51.6150566],[3.2554096,51.6150476],[3.2552797,51.6149959],[3.255215,51.6149581],[3.2551348,51.6149053],[3.2550566,51.6148686],[3.2549897,51.6147985],[3.2549612,51.6147789],[3.2549895,51.6147515],[3.2550203,51.6147596],[3.2551337,51.6147254],[3.2552651,51.6146883],[3.2552779,51.6146829],[3.2552869,51.6146882],[3.2554227,51.6147376],[3.2555403,51.6147608],[3.2555672,51.6147627],[3.2555911,51.6147775]]},"properties":{"rawObjectClass":"DEPCNT","VALDCO":20,"depthDatum":"Approximate LAT","depthDatumCode":42,"depthDatumStatus":"VERIFIED_FROM_OFFICIAL_DOCUMENTATION","verticalDatum":"Local Datum","verticalDatumCode":24,"napIdentityStatus":"UNVERIFIED","sourceKind":"official","sourceCellId":"1R7588LI","sourceStableId":"1F2B69F1AB1B756A","sourceChecksum":"fcefec7e07170c4b859138c34376143c7aa4e9f8e653fc723d6bbe65dbf3c0a2","pipelineFeatureId":"1R7588LI/DEPCNT/1271588064","provenance":{"cellId":"1R7588LI","checksum":"fcefec7e07170c4b859138c34376143c7aa4e9f8e653fc723d6bbe65dbf3c0a2","readerVersion":"GDAL 3.2.2","processedAt":"2026-08-11T18:29:20.995Z"},"sourceProperties":{"RCID":1271588064,"PRIM":2,"GRUP":2,"OBJL":43,"RVER":1,"AGEN":7979,"FIDN":1777445659,"FIDS":30058,"LNAM":"1F2B69F1AB1B756A","VALDCO":20,"SCAMIN":50000,"sourceCellId":"1R7588LI","sourceChecksum":"fcefec7e07170c4b859138c34376143c7aa4e9f8e653fc723d6bbe65dbf3c0a2","rawObjectClass":"DEPCNT","sourceStableId":"1F2B69F1AB1B756A"}}},{"type":"Feature","geometry":{"type":"LineString","coordinates":[[3.2656615,51.6198803],[3.2655622,51.6197925],[3.26556,51.6197906],[3.2655551,51.6197863],[3.2654909,51.6197009],[3.2655613,51.6196311],[3.2656085,51.6196107],[3.2657054,51.6195786],[3.2657552,51.6195794],[3.2658498,51.6195718],[3.2659826,51.6196025],[3.2659944,51.6196057],[3.266005,51.6196098],[3.2660054,51.6196166],[3.266095,51.6196995],[3.2661282,51.619782],[3.2661297,51.6197894],[3.266128,51.6197968],[3.2661381,51.6198793],[3.2659963,51.6199246],[3.2658719,51.6198799],[3.2658516,51.6198735],[3.2658322,51.6198679],[3.265811,51.61988],[3.2657714,51.6199199],[3.2657073,51.6198998],[3.2656615,51.6198803]]},"properties":{"rawObjectClass":"DEPCNT","VALDCO":20,"depthDatum":"Approximate LAT","depthDatumCode":42,"depthDatumStatus":"VERIFIED_FROM_OFFICIAL_DOCUMENTATION","verticalDatum":"Local Datum","verticalDatumCode":24,"napIdentityStatus":"UNVERIFIED","sourceKind":"official","sourceCellId":"1R7588LI","sourceStableId":"1F2B69F1AB1B756B","sourceChecksum":"fcefec7e07170c4b859138c34376143c7aa4e9f8e653fc723d6bbe65dbf3c0a2","pipelineFeatureId":"1R7588LI/DEPCNT/1271588065","provenance":{"cellId":"1R7588LI","checksum":"fcefec7e07170c4b859138c34376143c7aa4e9f8e653fc723d6bbe65dbf3c0a2","readerVersion":"GDAL 3.2.2","processedAt":"2026-08-11T18:29:20.995Z"},"sourceProperties":{"RCID":1271588065,"PRIM":2,"GRUP":2,"OBJL":43,"RVER":1,"AGEN":7979,"FIDN":1777445659,"FIDS":30059,"LNAM":"1F2B69F1AB1B756B","VALDCO":20,"SCAMIN":50000,"sourceCellId":"1R7588LI","sourceChecksum":"fcefec7e07170c4b859138c34376143c7aa4e9f8e653fc723d6bbe65dbf3c0a2","rawObjectClass":"DEPCNT","sourceStableId":"1F2B69F1AB1B756B"}}},{"type":"Feature","geometry":{"type":"LineString","coordinates":[[3.2127484,51.595878],[3.2127718,51.5958907],[3.2128727,51.5959531],[3.2129472,51.5959803],[3.2130172,51.5959912],[3.2130396,51.595994],[3.2131617,51.5960132],[3.2132414,51.5960293],[3.2133062,51.5960398],[3.2134264,51.5960542],[3.2134506,51.5960553],[3.2135883,51.5960648],[3.2135951,51.5960658],[3.2135985,51.5960668],[3.2135967,51.596069],[3.2135951,51.59607],[3.2134995,51.5961591],[3.2134513,51.596196],[3.2133807,51.5961593],[3.2133064,51.5960845],[3.2132696,51.5960926],[3.2131621,51.5961074],[3.2130357,51.5961489],[3.213018,51.5961513],[3.2129977,51.59616],[3.2129927,51.5962339],[3.2128738,51.5961975],[3.2127951,51.5962503],[3.2127927,51.5963011],[3.2127815,51.5963402],[3.2127346,51.5964277],[3.2127339,51.5964302],[3.2127306,51.5964379],[3.2126988,51.5965202],[3.2126679,51.5965596],[3.212677,51.5966102],[3.2125873,51.5966735],[3.2125567,51.5967003],[3.2125385,51.5967309],[3.2125718,51.5967902],[3.2124438,51.5968573],[3.2124056,51.5968804],[3.2122997,51.5969142],[3.2122048,51.5969707],[3.2121558,51.5970244],[3.2121253,51.5970607],[3.2120916,51.597101],[3.2120593,51.5971508],[3.2120122,51.597191],[3.2119644,51.5972409],[3.2118685,51.5973266],[3.2118598,51.597331],[3.2117245,51.5974183],[3.2117209,51.5974211],[3.2115806,51.5975032],[3.2115627,51.5975113],[3.2114363,51.5975353],[3.2113943,51.5975379],[3.211292,51.5975498],[3.2112082,51.5975642],[3.2111478,51.597572],[3.2110336,51.5975834],[3.2110034,51.5975822],[3.2109331,51.5976024],[3.2108593,51.597633],[3.2107955,51.5976925],[3.2107156,51.5977741],[3.2106984,51.597772],[3.2105711,51.5977597],[3.210438,51.5977762],[3.2104268,51.5977771],[3.2102826,51.5978081],[3.2102278,51.5978177],[3.2101384,51.5978348],[3.2100267,51.5978534],[3.2099941,51.5978529],[3.2098593,51.5977841],[3.2098493,51.5977618],[3.2098211,51.5976943],[3.2098078,51.5976688],[3.209795,51.5976044],[3.209787,51.5975662],[3.2097704,51.5975146],[3.2097563,51.5974576],[3.2097502,51.5974247],[3.2097907,51.5973892],[3.2097487,51.5973348],[3.2098364,51.5972512],[3.2098389,51.5972447],[3.2098469,51.5972394],[3.2099455,51.5971546],[3.2099907,51.5971237],[3.2100363,51.5970645],[3.2100388,51.5970343],[3.2100504,51.5969746],[3.2099896,51.5968871],[3.2099874,51.5968848],[3.2099896,51.5968812],[3.2101232,51.5967946],[3.2101335,51.5967736],[3.2101591,51.5967046],[3.2102772,51.5966361],[3.2103191,51.5966144],[3.2104207,51.5965243],[3.210421,51.5965241],[3.2104222,51.5965236],[3.2105651,51.5964531],[3.2106165,51.596434],[3.210709,51.5963483],[3.2107131,51.596344],[3.2108531,51.596287],[3.2109345,51.5962536],[3.2109971,51.5962261],[3.2110951,51.5961634],[3.211141,51.5961242],[3.2112409,51.5961009],[3.2112852,51.5960856],[3.2113098,51.5960731],[3.2113613,51.5960255],[3.2114095,51.595983],[3.211429,51.5959618],[3.2114685,51.5959177],[3.2115733,51.5959438],[3.2116599,51.5959826],[3.2117181,51.5960257],[3.2118623,51.5960023],[3.2119873,51.595982],[3.2119955,51.5959751],[3.2120066,51.5959803],[3.2121509,51.5959672],[3.2122952,51.595954],[3.2123467,51.5959493],[3.2124395,51.5959408],[3.212515,51.595934],[3.2125838,51.5959278],[3.2127061,51.5958908],[3.212728,51.5958845],[3.2127484,51.595878]]},"properties":{"rawObjectClass":"DEPCNT","VALDCO":20,"depthDatum":"Approximate LAT","depthDatumCode":42,"depthDatumStatus":"VERIFIED_FROM_OFFICIAL_DOCUMENTATION","verticalDatum":"Local Datum","verticalDatumCode":24,"napIdentityStatus":"UNVERIFIED","sourceKind":"official","sourceCellId":"1R7588LI","sourceStableId":"1F2B69F1AB1B756C","sourceChecksum":"fcefec7e07170c4b859138c34376143c7aa4e9f8e653fc723d6bbe65dbf3c0a2","pipelineFeatureId":"1R7588LI/DEPCNT/1271588066","provenance":{"cellId":"1R7588LI","checksum":"fcefec7e07170c4b859138c34376143c7aa4e9f8e653fc723d6bbe65dbf3c0a2","readerVersion":"GDAL 3.2.2","processedAt":"2026-08-11T18:29:20.995Z"},"sourceProperties":{"RCID":1271588066,"PRIM":2,"GRUP":2,"OBJL":43,"RVER":1,"AGEN":7979,"FIDN":1777445659,"FIDS":30060,"LNAM":"1F2B69F1AB1B756C","VALDCO":20,"SCAMIN":50000,"sourceCellId":"1R7588LI","sourceChecksum":"fcefec7e07170c4b859138c34376143c7aa4e9f8e653fc723d6bbe65dbf3c0a2","rawObjectClass":"DEPCNT","sourceStableId":"1F2B69F1AB1B756C"}}},{"type":"Feature","geometry":{"type":"LineString","coordinates":[[3.1575788,51.588155],[3.1575615,51.5882394],[3.1575606,51.588245],[3.1575527,51.5882715],[3.1574989,51.588335],[3.1574087,51.5883866],[3.1573446,51.5883852],[3.1572643,51.5883791],[3.1571871,51.5884253],[3.1571227,51.5885139],[3.1571215,51.5885153],[3.1571205,51.5885164],[3.1570939,51.5885154],[3.156987,51.5885087],[3.1569761,51.5885107],[3.1569503,51.5884995],[3.1568317,51.5884801],[3.1568069,51.5885157],[3.1566877,51.5885817],[3.1565688,51.5885161],[3.1565815,51.5884502],[3.1565622,51.5884261],[3.1565694,51.5884095],[3.156585,51.5883362],[3.1566061,51.5882964],[3.156619,51.5882462],[3.1566835,51.5881579],[3.1566841,51.5881562],[3.1566862,51.588154],[3.1567737,51.5880662],[3.1568037,51.5879926],[3.1568157,51.5879762],[3.1568298,51.5879358],[3.1568424,51.5878863],[3.1568456,51.5878763],[3.1568678,51.5877963],[3.1568759,51.5877673],[3.1568501,51.5877064],[3.1568731,51.5876789],[3.1568979,51.5876165],[3.1569641,51.5875319],[3.1569686,51.5875264],[3.1569727,51.5875231],[3.1570879,51.5874364],[3.1571167,51.5874236],[3.1571325,51.5874363],[3.1572614,51.5875169],[3.157302,51.5875006],[3.1574056,51.5874923],[3.1574404,51.5875042],[3.1574181,51.5875258],[3.1574204,51.587535],[3.157453,51.5876157],[3.1574209,51.5876966],[3.1574241,51.5877057],[3.1574291,51.5877198],[3.1574898,51.5877955],[3.1575511,51.5878267],[3.1576053,51.5878853],[3.1575939,51.5879488],[3.1575989,51.5879752],[3.1575831,51.5880457],[3.1575885,51.5880651],[3.1575847,51.5881348],[3.1575788,51.588155]]},"properties":{"rawObjectClass":"DEPCNT","VALDCO":20,"depthDatum":"Approximate LAT","depthDatumCode":42,"depthDatumStatus":"VERIFIED_FROM_OFFICIAL_DOCUMENTATION","verticalDatum":"Local Datum","verticalDatumCode":24,"napIdentityStatus":"UNVERIFIED","sourceKind":"official","sourceCellId":"1R7588LI","sourceStableId":"1F2B69F1AB1B756D","sourceChecksum":"fcefec7e07170c4b859138c34376143c7aa4e9f8e653fc723d6bbe65dbf3c0a2","pipelineFeatureId":"1R7588LI/DEPCNT/1271588067","provenance":{"cellId":"1R7588LI","checksum":"fcefec7e07170c4b859138c34376143c7aa4e9f8e653fc723d6bbe65dbf3c0a2","readerVersion":"GDAL 3.2.2","processedAt":"2026-08-11T18:29:20.995Z"},"sourceProperties":{"RCID":1271588067,"PRIM":2,"GRUP":2,"OBJL":43,"RVER":1,"AGEN":7979,"FIDN":1777445659,"FIDS":30061,"LNAM":"1F2B69F1AB1B756D","VALDCO":20,"SCAMIN":50000,"sourceCellId":"1R7588LI","sourceChecksum":"fcefec7e07170c4b859138c34376143c7aa4e9f8e653fc723d6bbe65dbf3c0a2","rawObjectClass":"DEPCNT","sourceStableId":"1F2B69F1AB1B756D"}}},{"type":"Feature","geometry":{"type":"LineString","coordinates":[[3.2154403,51.5894008],[3.2154752,51.5893901],[3.2155845,51.5893589],[3.2156935,51.5893215],[3.2157286,51.5893096],[3.2157678,51.5892969],[3.2158727,51.5892582],[3.2159671,51.589231],[3.2160169,51.5892173],[3.2160548,51.5892072],[3.216161,51.5891834],[3.2162524,51.5891736],[3.2163053,51.5891604],[3.2164128,51.5891403],[3.2164495,51.58913],[3.2164672,51.5891292],[3.2165937,51.589102],[3.2166923,51.5890783],[3.2167379,51.5890606],[3.2167834,51.5890497],[3.216882,51.5890151],[3.2169648,51.5889977],[3.2170261,51.5889753],[3.2171044,51.5889592],[3.2171703,51.5889325],[3.2172608,51.5889024],[3.2173144,51.5888891],[3.2173661,51.5888688],[3.2174585,51.5888393],[3.2176019,51.5887784],[3.2176026,51.5887782],[3.2176034,51.5887779],[3.2177468,51.5887408],[3.2178504,51.5886881],[3.2178908,51.5886704],[3.2179905,51.5886255],[3.2180348,51.588612],[3.2180539,51.5885978],[3.2181788,51.588533],[3.2182086,51.5885076],[3.2183228,51.5884544],[3.2184504,51.5884172],[3.2184669,51.5884113],[3.2184894,51.5884031],[3.218611,51.5883582],[3.218745,51.5883267],[3.2187552,51.588323],[3.2187683,51.5883185],[3.2188992,51.5882521],[3.2189354,51.5882365],[3.2190433,51.5881977],[3.2191488,51.5881703],[3.2191874,51.5881577],[3.2192123,51.588146],[3.2193315,51.5880955],[3.2194595,51.5880657],[3.2194757,51.5880633],[3.2194915,51.5880556],[3.2196197,51.5880066],[3.2197326,51.5879848],[3.2197639,51.5879819],[3.2197992,51.5879651],[3.219908,51.587921],[3.2200519,51.5878747],[3.2200521,51.5878746],[3.2200524,51.5878746],[3.2201963,51.5878359],[3.2202866,51.5878179],[3.2203406,51.5878275],[3.2204411,51.5878114],[3.2204848,51.5878062],[3.2205156,51.5877839],[3.2206289,51.5877448],[3.2207136,51.5877308],[3.2207731,51.5877284],[3.2208384,51.5876934],[3.2209172,51.5876665],[3.2209645,51.5876637],[3.2210615,51.5876663],[3.2211172,51.5876582],[3.2212059,51.5876658],[3.2212667,51.5876547],[3.2213501,51.5876486],[3.2214223,51.5876024],[3.2214941,51.5875775],[3.2215412,51.5875728],[3.2216384,51.5875696],[3.2217116,51.5875562],[3.2217827,51.587561],[3.2218631,51.5875515],[3.221927,51.5875524],[3.2220072,51.5875114],[3.2220711,51.5874964],[3.2220965,51.5874954],[3.2222154,51.5874938],[3.2223596,51.5875106],[3.2223598,51.5875106],[3.2223601,51.5875105],[3.2223627,51.5875107],[3.2223598,51.5875112],[3.2222539,51.5876008],[3.222216,51.5876093],[3.2221968,51.5876129],[3.2220717,51.5876284],[3.2220157,51.5876362],[3.2219274,51.58764],[3.2218515,51.5876489],[3.2217831,51.58765],[3.2216937,51.5876918],[3.2216391,51.5877078],[3.2216136,51.5877079],[3.2214948,51.5877221],[3.221417,51.5877409],[3.2213505,51.5877371],[3.2212587,51.5877825],[3.2212065,51.5877978],[3.2211801,51.5877991],[3.2210621,51.5877973],[3.2210328,51.5878012],[3.2209179,51.5878236],[3.2207818,51.5878733],[3.2207738,51.5878762],[3.2207679,51.5878771],[3.2206296,51.587904],[3.2204937,51.5879587],[3.2204856,51.5879586],[3.2204698,51.5879639],[3.2203413,51.5879837],[3.2202994,51.5879903],[3.2201971,51.5880091],[3.2201184,51.5880544],[3.2200531,51.5880803],[3.2199648,51.5881098],[3.219909,51.5881228],[3.2198716,51.5881448],[3.2197649,51.5881888],[3.2196222,51.5882352],[3.2196208,51.5882357],[3.2196195,51.588236],[3.2194767,51.5882803],[3.2193657,51.5883256],[3.2193326,51.5883402],[3.2192759,51.5883611],[3.2191885,51.5883919],[3.2191462,51.5884159],[3.2190446,51.5884656],[3.2189682,51.5885062],[3.2189006,51.5885436],[3.2187886,51.5885964],[3.2187566,51.5886118],[3.2186761,51.5886468],[3.2186124,51.5886564],[3.2185449,51.5886868],[3.2184683,51.5887094],[3.2183747,51.588777],[3.2183244,51.588798],[3.218254,51.5888212],[3.2181802,51.58883],[3.218121,51.5888674],[3.2180362,51.5889038],[3.217897,51.5889547],[3.2178921,51.5889555],[3.2178892,51.5889577],[3.2177481,51.5890161],[3.2176923,51.589048],[3.2176041,51.5890947],[3.2175165,51.5891383],[3.2174601,51.5891713],[3.217341,51.5892285],[3.2173161,51.5892423],[3.2172438,51.5892738],[3.2171721,51.5893043],[3.2171508,51.5893188],[3.2170281,51.5893788],[3.2169341,51.5894091],[3.216884,51.589438],[3.2167729,51.5894787],[3.2167399,51.5894941],[3.2167264,51.5894994],[3.2165959,51.589573],[3.2165515,51.5895896],[3.2164519,51.5896426],[3.216371,51.5896799],[3.2163079,51.5897074],[3.2161833,51.589758],[3.2161638,51.5897671],[3.216159,51.5897702],[3.2160199,51.5898519],[3.2160047,51.5898604],[3.2158759,51.5899343],[3.2158388,51.5899506],[3.2157319,51.5900051],[3.2156562,51.5900409],[3.2155879,51.5900757],[3.2154713,51.5901311],[3.2154439,51.5901444],[3.2153603,51.5901835],[3.2152998,51.5902126],[3.2152827,51.5902214],[3.2151558,51.5902917],[3.2150119,51.5903725],[3.2149565,51.5904018],[3.214868,51.5904712],[3.2148381,51.5904919],[3.2147241,51.5905732],[3.2147081,51.5905821],[3.2145801,51.5906375],[3.2144938,51.5906724],[3.214436,51.5907056],[3.2143235,51.5907626],[3.214292,51.5907778],[3.2142114,51.5908132],[3.214148,51.5908437],[3.214128,51.5908529],[3.2140039,51.5909115],[3.2139394,51.5909432],[3.2138599,51.5909792],[3.2137175,51.5910335],[3.2137158,51.5910343],[3.2137119,51.591036],[3.2135718,51.5911022],[3.2135233,51.5911238],[3.2134277,51.59117],[3.213344,51.591214],[3.2132837,51.5912447],[3.2131644,51.5913042],[3.2131397,51.5913163],[3.2130163,51.5913944],[3.2129958,51.5914064],[3.212887,51.5914626],[3.2128518,51.5914814],[3.2128443,51.5914847],[3.2127078,51.5915609],[3.2126664,51.5915749],[3.2125637,51.5916257],[3.2124879,51.5916651],[3.2124785,51.5917185],[3.2124387,51.5917551],[3.2124339,51.5917638],[3.2124633,51.591845],[3.2124777,51.5918806],[3.2124999,51.5919349],[3.2125037,51.5919863],[3.2125073,51.5920248],[3.2124217,51.5921105],[3.2124166,51.5921148],[3.2124063,51.5921245],[3.2123243,51.5922049],[3.2122779,51.5922479],[3.212226,51.592295],[3.21216,51.592369],[3.2121478,51.5923851],[3.2121343,51.5924039],[3.2120841,51.5924751],[3.2119907,51.592565],[3.2119903,51.5925654],[3.2119259,51.5926552],[3.2118472,51.5927423],[3.2118443,51.5927453],[3.2118472,51.5927483],[3.2118999,51.5928351],[3.2119923,51.5929103],[3.2120095,51.5929248],[3.2120661,51.5929705],[3.2120285,51.5930147],[3.2119929,51.5930343],[3.2118641,51.5931049],[3.2118897,51.5931302],[3.2118489,51.5931115],[3.2118204,51.5931227],[3.2117047,51.5931478],[3.2115942,51.5931953],[3.2115606,51.5932079],[3.2115158,51.5932234],[3.2114165,51.5932576],[3.2113385,51.5932857],[3.211417,51.5933659],[3.2114348,51.5933754],[3.211417,51.5933796],[3.2114018,51.593385],[3.2112729,51.5934241],[3.2111288,51.593484],[3.2110874,51.5934918],[3.2109846,51.5935128],[3.2109042,51.5935164],[3.2108403,51.5935238],[3.2107847,51.5935218],[3.2106959,51.5935128],[3.2106087,51.5935025],[3.2105515,51.593512],[3.210459,51.5934994],[3.2104071,51.593506],[3.2103746,51.5934673],[3.2103976,51.5933829],[3.2103983,51.5933773],[3.2104063,51.5933437],[3.2104199,51.5932873],[3.210421,51.593278],[3.2104636,51.5931973],[3.2104704,51.5931569],[3.2104749,51.5931074],[3.2105034,51.593046],[3.2105084,51.5930174],[3.2105168,51.5929475],[3.2105211,51.5929275],[3.2105486,51.5928815],[3.2105741,51.5928375],[3.2106579,51.5927689],[3.2106752,51.5927474],[3.2106922,51.5927307],[3.2107242,51.5926574],[3.2107213,51.592639],[3.2107437,51.5925674],[3.2107857,51.5925085],[3.2107858,51.5924774],[3.2108291,51.5923911],[3.2108325,51.5923874],[3.210835,51.592385],[3.2109418,51.5922973],[3.2109788,51.5922582],[3.211015,51.5922073],[3.2110495,51.5921629],[3.2110821,51.5921172],[3.2111221,51.592047],[3.2111309,51.5920272],[3.2111219,51.5919906],[3.2110969,51.5919374],[3.2111212,51.5918514],[3.2111225,51.5918474],[3.2111225,51.5918466],[3.2111487,51.5917575],[3.2111526,51.5917376],[3.2111863,51.5916675],[3.2112591,51.5915807],[3.2112623,51.5915774],[3.2112643,51.591574],[3.2113177,51.5914874],[3.2113628,51.5914256],[3.2113789,51.5913974],[3.2114076,51.5913389],[3.2114207,51.5913074],[3.2114835,51.5912598],[3.2115338,51.5912173],[3.2115513,51.5912088],[3.211617,51.5911272],[3.2116951,51.5910882],[3.2118036,51.5910592],[3.2118393,51.5910534],[3.2118743,51.5910368],[3.2119029,51.590997],[3.2119286,51.5909468],[3.211983,51.5909085],[3.2120767,51.5908566],[3.2121269,51.5908233],[3.2122699,51.590767],[3.2122714,51.5907664],[3.2124152,51.5906762],[3.212559,51.5906156],[3.2126431,51.5905859],[3.2127031,51.5905482],[3.2127781,51.5904957],[3.212847,51.5904493],[3.212941,51.5904055],[3.212991,51.5903823],[3.2130983,51.5903153],[3.2131349,51.5902964],[3.2132262,51.5902581],[3.2132933,51.590225],[3.213423,51.5901659],[3.2135062,51.5901347],[3.2135672,51.5901148],[3.2137112,51.5900573],[3.2137445,51.5900444],[3.2138553,51.5900027],[3.213979,51.5899668],[3.2139995,51.5899601],[3.2140132,51.589954],[3.2141435,51.5898876],[3.2141955,51.5898637],[3.2142875,51.5898145],[3.2144317,51.5897766],[3.21444,51.5897733],[3.2145758,51.5897244],[3.2146764,51.589683],[3.2147198,51.5896481],[3.2148173,51.5895928],[3.2148638,51.5895757],[3.2149121,51.5895625],[3.2150079,51.5895342],[3.2151162,51.5895024],[3.2151521,51.5894911],[3.2151799,51.5894849],[3.2152962,51.5894522],[3.2154088,51.5894119],[3.2154403,51.5894008]]},"properties":{"rawObjectClass":"DEPCNT","VALDCO":20,"depthDatum":"Approximate LAT","depthDatumCode":42,"depthDatumStatus":"VERIFIED_FROM_OFFICIAL_DOCUMENTATION","verticalDatum":"Local Datum","verticalDatumCode":24,"napIdentityStatus":"UNVERIFIED","sourceKind":"official","sourceCellId":"1R7588LI","sourceStableId":"1F2B69F1AB1B756E","sourceChecksum":"fcefec7e07170c4b859138c34376143c7aa4e9f8e653fc723d6bbe65dbf3c0a2","pipelineFeatureId":"1R7588LI/DEPCNT/1271588068","provenance":{"cellId":"1R7588LI","checksum":"fcefec7e07170c4b859138c34376143c7aa4e9f8e653fc723d6bbe65dbf3c0a2","readerVersion":"GDAL 3.2.2","processedAt":"2026-08-11T18:29:20.995Z"},"sourceProperties":{"RCID":1271588068,"PRIM":2,"GRUP":2,"OBJL":43,"RVER":1,"AGEN":7979,"FIDN":1777445659,"FIDS":30062,"LNAM":"1F2B69F1AB1B756E","VALDCO":20,"SCAMIN":50000,"sourceCellId":"1R7588LI","sourceChecksum":"fcefec7e07170c4b859138c34376143c7aa4e9f8e653fc723d6bbe65dbf3c0a2","rawObjectClass":"DEPCNT","sourceStableId":"1F2B69F1AB1B756E"}}},{"type":"Feature","geometry":{"type":"LineString","coordinates":[[3.1814562,51.6100086],[3.1813505,51.6099944],[3.1813117,51.6099876],[3.1812911,51.6099704],[3.181167,51.6099173],[3.1810403,51.6098808],[3.1810224,51.6098645],[3.1810039,51.6098694],[3.1808778,51.6098329],[3.1807448,51.6097985],[3.1807333,51.6098031],[3.1807172,51.6097914],[3.1807234,51.6097853],[3.1806697,51.6097016],[3.1805981,51.609618],[3.1806438,51.6096117],[3.1807325,51.609595],[3.180823,51.6095779],[3.1808768,51.6095844],[3.1809939,51.6095941],[3.1810213,51.6095938],[3.1811626,51.6096089],[3.1811658,51.609609],[3.181307,51.6096087],[3.1813102,51.6096088],[3.1813164,51.6096107],[3.1814547,51.6096386],[3.181577,51.609624],[3.1815991,51.6096251],[3.1816293,51.609629],[3.1817436,51.6096475],[3.1818771,51.6096997],[3.1818882,51.6097082],[3.1819719,51.6097895],[3.1820331,51.6098339],[3.1821108,51.6098792],[3.182108,51.6099227],[3.1821098,51.6099691],[3.1820338,51.6100096],[3.1819858,51.6099992],[3.1818895,51.6100202],[3.1817829,51.6100595],[3.1817453,51.6100742],[3.1816762,51.6100597],[3.1816007,51.6100373],[3.1815523,51.6100298],[3.1814562,51.6100086]]},"properties":{"rawObjectClass":"DEPCNT","VALDCO":20,"depthDatum":"Approximate LAT","depthDatumCode":42,"depthDatumStatus":"VERIFIED_FROM_OFFICIAL_DOCUMENTATION","verticalDatum":"Local Datum","verticalDatumCode":24,"napIdentityStatus":"UNVERIFIED","sourceKind":"official","sourceCellId":"1R7588LI","sourceStableId":"1F2B69F1AB1B756F","sourceChecksum":"fcefec7e07170c4b859138c34376143c7aa4e9f8e653fc723d6bbe65dbf3c0a2","pipelineFeatureId":"1R7588LI/DEPCNT/1271588069","provenance":{"cellId":"1R7588LI","checksum":"fcefec7e07170c4b859138c34376143c7aa4e9f8e653fc723d6bbe65dbf3c0a2","readerVersion":"GDAL 3.2.2","processedAt":"2026-08-11T18:29:20.995Z"},"sourceProperties":{"RCID":1271588069,"PRIM":2,"GRUP":2,"OBJL":43,"RVER":1,"AGEN":7979,"FIDN":1777445659,"FIDS":30063,"LNAM":"1F2B69F1AB1B756F","VALDCO":20,"SCAMIN":50000,"sourceCellId":"1R7588LI","sourceChecksum":"fcefec7e07170c4b859138c34376143c7aa4e9f8e653fc723d6bbe65dbf3c0a2","rawObjectClass":"DEPCNT","sourceStableId":"1F2B69F1AB1B756F"}}},{"type":"Feature","geometry":{"type":"LineString","coordinates":[[3.2195273,51.5872115],[3.2196158,51.587195],[3.2197447,51.5871655],[3.21976,51.5871668],[3.2197827,51.5871559],[3.2199042,51.587129],[3.2199603,51.5871205],[3.2200485,51.5871179],[3.2201353,51.5871011],[3.2201928,51.5871075],[3.2202662,51.5870651],[3.2203368,51.5870476],[3.220368,51.5870455],[3.2204812,51.5870528],[3.2205021,51.5870516],[3.2206255,51.5870581],[3.2206449,51.5870523],[3.2207698,51.5870504],[3.220907,51.586974],[3.2209138,51.5869728],[3.2209164,51.5869723],[3.2210581,51.5869713],[3.2211061,51.5869736],[3.2210582,51.5869815],[3.2209396,51.5870638],[3.2209143,51.5870691],[3.220901,51.5870722],[3.22077,51.5870734],[3.2207548,51.5870736],[3.2206256,51.5870727],[3.2205939,51.5870842],[3.2204814,51.5870995],[3.2204155,51.5871547],[3.2203374,51.5871723],[3.2202853,51.5871874],[3.2201932,51.5871902],[3.2200686,51.5872453],[3.2200491,51.5872512],[3.2200376,51.5872525],[3.2199049,51.5872747],[3.2198235,51.5872965],[3.2197607,51.5873008],[3.2197066,51.5873359],[3.2196166,51.5873662],[3.2195459,51.5873803],[3.2194724,51.5873825],[3.2193951,51.5874264],[3.2193284,51.5874519],[3.2192299,51.5874881],[3.2191842,51.5874953],[3.2191531,51.5875167],[3.2190402,51.587561],[3.2189635,51.587607],[3.2188963,51.5876446],[3.2187551,51.5876955],[3.2187522,51.587696],[3.2187501,51.5876973],[3.2186081,51.5877534],[3.2184666,51.5877878],[3.2184639,51.5877893],[3.2184527,51.5877948],[3.2183198,51.5878405],[3.2182199,51.5878505],[3.2181756,51.5878561],[3.2181011,51.5878321],[3.2180311,51.5878283],[3.2179904,51.587814],[3.2178868,51.5878407],[3.2177853,51.587789],[3.2177421,51.5877678],[3.2177068,51.5877672],[3.2175977,51.5877598],[3.2175443,51.5877562],[3.2174534,51.5877543],[3.2173924,51.5877518],[3.217309,51.5877426],[3.2172065,51.5877641],[3.2171647,51.5877658],[3.21712,51.5877903],[3.2170206,51.5878106],[3.2169854,51.5878124],[3.2168763,51.5878159],[3.2168314,51.5878188],[3.2167319,51.5878184],[3.2166705,51.5878294],[3.2165877,51.5878344],[3.2165128,51.5878813],[3.2164437,51.5879036],[3.2163842,51.5879186],[3.2162994,51.5879166],[3.2161986,51.5879718],[3.2161554,51.5879848],[3.216127,51.5879896],[3.216011,51.5879921],[3.2159499,51.5880104],[3.2158668,51.5880152],[3.2157758,51.5880625],[3.2157228,51.5880751],[3.2156847,51.5880864],[3.2155785,51.5880915],[3.2154771,51.588153],[3.2154345,51.5881672],[3.2153998,51.5881747],[3.2152902,51.588173],[3.2151828,51.5882434],[3.2151462,51.5882579],[3.2151011,51.5882717],[3.2150019,51.5882669],[3.2148963,51.5883339],[3.214858,51.5883475],[3.2148004,51.5883699],[3.2147137,51.588372],[3.2146366,51.5884242],[3.2145697,51.5884446],[3.2144828,51.5884788],[3.2144256,51.5884797],[3.2143727,51.5885146],[3.2142815,51.5885393],[3.2141706,51.5886049],[3.2141375,51.5886217],[3.2140638,51.5886511],[3.2139933,51.5886496],[3.2138869,51.5886954],[3.2138492,51.5887053],[3.2138105,51.5887197],[3.2137051,51.5887418],[3.2136239,51.5887858],[3.2135611,51.5888178],[3.2135036,51.5888218],[3.2134168,51.5888423],[3.2133706,51.5888761],[3.2132729,51.5889302],[3.2131391,51.5889665],[3.2131287,51.5889698],[3.2131193,51.5889724],[3.2129846,51.5890196],[3.2128444,51.5890545],[3.2128404,51.5890549],[3.2128368,51.5890569],[3.2126963,51.5891049],[3.2126018,51.5891163],[3.212552,51.5891164],[3.2124281,51.5891476],[3.2124079,51.5891531],[3.2123975,51.5891541],[3.2122636,51.5891769],[3.212128,51.5891536],[3.2121192,51.5891566],[3.2120969,51.5891621],[3.2119751,51.589207],[3.2119229,51.5892059],[3.2118306,51.5891858],[3.2117422,51.589204],[3.2116863,51.589199],[3.2115525,51.5892327],[3.2115421,51.5892328],[3.211524,51.5892279],[3.2113977,51.5892224],[3.2113536,51.589212],[3.2112532,51.5891754],[3.2111459,51.5892168],[3.211109,51.589213],[3.2110868,51.5892261],[3.2109646,51.5891932],[3.2108803,51.5892029],[3.2108203,51.5892009],[3.2106893,51.5891507],[3.2108199,51.5891236],[3.2108637,51.5891231],[3.2109642,51.5891211],[3.2110841,51.5891347],[3.2111086,51.589136],[3.2112261,51.589133],[3.211253,51.5891354],[3.2112817,51.5891318],[3.2113973,51.5891208],[3.2114714,51.5891031],[3.2115415,51.5890891],[3.2116611,51.5890591],[3.2116856,51.5890511],[3.2117024,51.5890485],[3.2118298,51.5890184],[3.2119071,51.5890105],[3.2119741,51.5889948],[3.2120869,51.588988],[3.2121184,51.5889899],[3.2122614,51.5889681],[3.2122626,51.5889677],[3.2122632,51.5889677],[3.2124068,51.5889355],[3.2125226,51.5888953],[3.212551,51.5888854],[3.2125925,51.5888775],[3.2126952,51.5888556],[3.2127578,51.5888382],[3.2128393,51.5888069],[3.2129429,51.588787],[3.2129835,51.5887754],[3.2130153,51.588767],[3.2131276,51.5887325],[3.2132388,51.5887172],[3.2132719,51.588709],[3.2133083,51.5886964],[3.213416,51.5886565],[3.2135038,51.5886413],[3.2135602,51.5886333],[3.2136737,51.5886058],[3.2137044,51.5885951],[3.2137968,51.5886056],[3.2138489,51.5886269],[3.2138635,51.5886055],[3.2138781,51.5885871],[3.2139605,51.5885154],[3.2139926,51.5884994],[3.2140443,51.588483],[3.2141368,51.5884554],[3.2141918,51.5884251],[3.2142808,51.5883938],[3.2143637,51.5883731],[3.2144251,51.5883736],[3.2144963,51.5883346],[3.2145691,51.5883102],[3.2146451,51.5882869],[3.2147133,51.5882859],[3.2147801,51.5882441],[3.2148573,51.5882097],[3.2149742,51.5881709],[3.2150015,51.5881726],[3.2150296,51.5881538],[3.2151456,51.5881173],[3.2152427,51.5880928],[3.2152898,51.5880927],[3.215332,51.5880633],[3.2154338,51.5880292],[3.2155207,51.5880088],[3.2155781,51.5880073],[3.2156342,51.5879728],[3.2157221,51.5879357],[3.2157924,51.5879287],[3.2158664,51.5879238],[3.2159853,51.587898],[3.2160106,51.5879009],[3.2160347,51.5878822],[3.2161546,51.5878336],[3.2162962,51.5877934],[3.2162988,51.5877934],[3.2163009,51.5877918],[3.2164429,51.5877444],[3.2165313,51.5877363],[3.2165872,51.587739],[3.2166934,51.5877249],[3.2167315,51.5877288],[3.2168237,51.5877009],[3.2168757,51.5876929],[3.2168868,51.5876938],[3.21702,51.5876765],[3.2170639,51.587673],[3.2171643,51.5876739],[3.2172691,51.5876754],[3.2173086,51.5876751],[3.2173496,51.5876744],[3.217453,51.5876719],[3.2175108,51.5876636],[3.2175972,51.5876594],[3.2176755,51.5876505],[3.2177415,51.5876494],[3.2178028,51.5876474],[3.2178859,51.5876512],[3.2179651,51.5876494],[3.2180302,51.5876418],[3.2181435,51.5876278],[3.2181744,51.5876235],[3.2182672,51.5876083],[3.2183187,51.5875973],[3.218342,51.5875936],[3.2184628,51.5875564],[3.2185988,51.5875178],[3.2186069,51.5875127],[3.2186175,51.5875112],[3.218751,51.5874591],[3.2188615,51.5874274],[3.2188951,51.5874055],[3.2189634,51.5873845],[3.2190392,51.5873496],[3.2190648,51.5873371],[3.2191832,51.5872894],[3.2193004,51.5872635],[3.2193274,51.5872606],[3.2193733,51.5872466],[3.2194716,51.5872246],[3.2195273,51.5872115]]},"properties":{"rawObjectClass":"DEPCNT","VALDCO":20,"depthDatum":"Approximate LAT","depthDatumCode":42,"depthDatumStatus":"VERIFIED_FROM_OFFICIAL_DOCUMENTATION","verticalDatum":"Local Datum","verticalDatumCode":24,"napIdentityStatus":"UNVERIFIED","sourceKind":"official","sourceCellId":"1R7588LI","sourceStableId":"1F2B69F1AB1B7570","sourceChecksum":"fcefec7e07170c4b859138c34376143c7aa4e9f8e653fc723d6bbe65dbf3c0a2","pipelineFeatureId":"1R7588LI/DEPCNT/1271588070","provenance":{"cellId":"1R7588LI","checksum":"fcefec7e07170c4b859138c34376143c7aa4e9f8e653fc723d6bbe65dbf3c0a2","readerVersion":"GDAL 3.2.2","processedAt":"2026-08-11T18:29:20.995Z"},"sourceProperties":{"RCID":1271588070,"PRIM":2,"GRUP":2,"OBJL":43,"RVER":1,"AGEN":7979,"FIDN":1777445659,"FIDS":30064,"LNAM":"1F2B69F1AB1B7570","VALDCO":20,"SCAMIN":50000,"sourceCellId":"1R7588LI","sourceChecksum":"fcefec7e07170c4b859138c34376143c7aa4e9f8e653fc723d6bbe65dbf3c0a2","rawObjectClass":"DEPCNT","sourceStableId":"1F2B69F1AB1B7570"}}},{"type":"Feature","geometry":{"type":"LineString","coordinates":[[3.2404262,51.5919649],[3.2404387,51.5919631],[3.2405705,51.5919509],[3.2406955,51.5918923],[3.2407145,51.5918899],[3.2407739,51.5919702],[3.240715,51.5919855],[3.2406068,51.5920381],[3.2405709,51.5920337],[3.2405275,51.5920606],[3.2404267,51.5920665],[3.2404169,51.5920669],[3.2402823,51.5920614],[3.2402816,51.5920616],[3.2402798,51.5920611],[3.240245,51.592038],[3.2402823,51.5920585],[3.2404007,51.5919709],[3.2404262,51.5919649]]},"properties":{"rawObjectClass":"DEPCNT","VALDCO":20,"depthDatum":"Approximate LAT","depthDatumCode":42,"depthDatumStatus":"VERIFIED_FROM_OFFICIAL_DOCUMENTATION","verticalDatum":"Local Datum","verticalDatumCode":24,"napIdentityStatus":"UNVERIFIED","sourceKind":"official","sourceCellId":"1R7588LI","sourceStableId":"1F2B69F1AB1B7571","sourceChecksum":"fcefec7e07170c4b859138c34376143c7aa4e9f8e653fc723d6bbe65dbf3c0a2","pipelineFeatureId":"1R7588LI/DEPCNT/1271588071","provenance":{"cellId":"1R7588LI","checksum":"fcefec7e07170c4b859138c34376143c7aa4e9f8e653fc723d6bbe65dbf3c0a2","readerVersion":"GDAL 3.2.2","processedAt":"2026-08-11T18:29:20.995Z"},"sourceProperties":{"RCID":1271588071,"PRIM":2,"GRUP":2,"OBJL":43,"RVER":1,"AGEN":7979,"FIDN":1777445659,"FIDS":30065,"LNAM":"1F2B69F1AB1B7571","VALDCO":20,"SCAMIN":50000,"sourceCellId":"1R7588LI","sourceChecksum":"fcefec7e07170c4b859138c34376143c7aa4e9f8e653fc723d6bbe65dbf3c0a2","rawObjectClass":"DEPCNT","sourceStableId":"1F2B69F1AB1B7571"}}},{"type":"Feature","geometry":{"type":"LineString","coordinates":[[3.2581798,51.6170171],[3.2581855,51.6170197],[3.2581968,51.6170302],[3.2581978,51.6171096],[3.2581978,51.6171204],[3.2583072,51.6171993],[3.2582973,51.6172168],[3.2583255,51.6172533],[3.258359,51.6172891],[3.2583902,51.617329],[3.2584346,51.6173788],[3.2583265,51.6174151],[3.2582566,51.6173792],[3.2581816,51.6173442],[3.2580774,51.6172897],[3.2580368,51.6172702],[3.2579046,51.6172002],[3.2578918,51.6171838],[3.2578404,51.6171104],[3.2577733,51.6170372],[3.2577668,51.6170206],[3.2578906,51.616968],[3.2579816,51.6170202],[3.2579706,51.6170606],[3.2580354,51.6170361],[3.2581712,51.617104],[3.258171,51.6170197],[3.2581713,51.6170145],[3.2581798,51.6170171]]},"properties":{"rawObjectClass":"DEPCNT","VALDCO":20,"depthDatum":"Approximate LAT","depthDatumCode":42,"depthDatumStatus":"VERIFIED_FROM_OFFICIAL_DOCUMENTATION","verticalDatum":"Local Datum","verticalDatumCode":24,"napIdentityStatus":"UNVERIFIED","sourceKind":"official","sourceCellId":"1R7588LI","sourceStableId":"1F2B69F1AB1B7572","sourceChecksum":"fcefec7e07170c4b859138c34376143c7aa4e9f8e653fc723d6bbe65dbf3c0a2","pipelineFeatureId":"1R7588LI/DEPCNT/1271588072","provenance":{"cellId":"1R7588LI","checksum":"fcefec7e07170c4b859138c34376143c7aa4e9f8e653fc723d6bbe65dbf3c0a2","readerVersion":"GDAL 3.2.2","processedAt":"2026-08-11T18:29:20.995Z"},"sourceProperties":{"RCID":1271588072,"PRIM":2,"GRUP":2,"OBJL":43,"RVER":1,"AGEN":7979,"FIDN":1777445659,"FIDS":30066,"LNAM":"1F2B69F1AB1B7572","VALDCO":20,"SCAMIN":50000,"sourceCellId":"1R7588LI","sourceChecksum":"fcefec7e07170c4b859138c34376143c7aa4e9f8e653fc723d6bbe65dbf3c0a2","rawObjectClass":"DEPCNT","sourceStableId":"1F2B69F1AB1B7572"}}},{"type":"Feature","geometry":{"type":"LineString","coordinates":[[3.2361791,51.6100526],[3.2361801,51.6100469],[3.2361601,51.6099627],[3.2361885,51.609894],[3.2361983,51.6098727],[3.236256,51.6097827],[3.2363319,51.6096959],[3.2363355,51.6096926],[3.2363393,51.609688],[3.2364114,51.6096026],[3.2364755,51.6095524],[3.2365899,51.6095123],[3.2366197,51.6095016],[3.2366493,51.6094937],[3.2367639,51.6094676],[3.2368435,51.6094714],[3.2369084,51.6094735],[3.2370337,51.6094332],[3.2370526,51.6094349],[3.2371212,51.6094686],[3.237197,51.609444],[3.2372437,51.6094501],[3.2373416,51.609472],[3.2374706,51.6095008],[3.2374861,51.6095019],[3.2375126,51.6095104],[3.2376308,51.6095414],[3.2377639,51.6095926],[3.2377754,51.6095926],[3.2377847,51.6095998],[3.2377921,51.6096101],[3.2378746,51.6096895],[3.2378997,51.6097663],[3.2379067,51.6097794],[3.2379209,51.6097983],[3.237982,51.6098691],[3.2379986,51.6099171],[3.2380095,51.609959],[3.2380651,51.6100478],[3.2380657,51.6100488],[3.2380667,51.6100513],[3.2380997,51.6101386],[3.2381111,51.6101659],[3.2381321,51.6102285],[3.2380677,51.6102478],[3.2379307,51.6103188],[3.2379479,51.6103339],[3.2379237,51.6103303],[3.2378994,51.610334],[3.2377795,51.6103774],[3.2376818,51.6104092],[3.2376354,51.6104284],[3.2375761,51.6104465],[3.2374912,51.610473],[3.237353,51.6104998],[3.2373457,51.6105006],[3.2372027,51.6105288],[3.2371148,51.6105551],[3.2370101,51.6105305],[3.2369139,51.6105452],[3.2368178,51.610531],[3.2367695,51.6105392],[3.2367082,51.6105393],[3.2366251,51.6105495],[3.2365443,51.6105518],[3.2364807,51.610551],[3.236411,51.6105482],[3.2363363,51.6105462],[3.2361936,51.6105022],[3.2361916,51.6104989],[3.236171,51.6104123],[3.2361681,51.610398],[3.2361542,51.6103224],[3.2361494,51.6102968],[3.2361634,51.6102325],[3.2361757,51.6101513],[3.2361796,51.6101425],[3.2361791,51.610059],[3.2361791,51.6100526]]},"properties":{"rawObjectClass":"DEPCNT","VALDCO":20,"depthDatum":"Approximate LAT","depthDatumCode":42,"depthDatumStatus":"VERIFIED_FROM_OFFICIAL_DOCUMENTATION","verticalDatum":"Local Datum","verticalDatumCode":24,"napIdentityStatus":"UNVERIFIED","sourceKind":"official","sourceCellId":"1R7588LI","sourceStableId":"1F2B69F1AB1B7573","sourceChecksum":"fcefec7e07170c4b859138c34376143c7aa4e9f8e653fc723d6bbe65dbf3c0a2","pipelineFeatureId":"1R7588LI/DEPCNT/1271588073","provenance":{"cellId":"1R7588LI","checksum":"fcefec7e07170c4b859138c34376143c7aa4e9f8e653fc723d6bbe65dbf3c0a2","readerVersion":"GDAL 3.2.2","processedAt":"2026-08-11T18:29:20.995Z"},"sourceProperties":{"RCID":1271588073,"PRIM":2,"GRUP":2,"OBJL":43,"RVER":1,"AGEN":7979,"FIDN":1777445659,"FIDS":30067,"LNAM":"1F2B69F1AB1B7573","VALDCO":20,"SCAMIN":50000,"sourceCellId":"1R7588LI","sourceChecksum":"fcefec7e07170c4b859138c34376143c7aa4e9f8e653fc723d6bbe65dbf3c0a2","rawObjectClass":"DEPCNT","sourceStableId":"1F2B69F1AB1B7573"}}},{"type":"Feature","geometry":{"type":"LineString","coordinates":[[3.1655017,51.5839342],[3.165476,51.5839667],[3.165453,51.5840081],[3.1653319,51.5840437],[3.1652568,51.5840083],[3.1652346,51.5839479],[3.1652331,51.5839185],[3.1653312,51.5838483],[3.1654134,51.5838794],[3.1654758,51.5839069],[3.1654876,51.5839181],[3.1655017,51.5839342]]},"properties":{"rawObjectClass":"DEPCNT","VALDCO":20,"depthDatum":"Approximate LAT","depthDatumCode":42,"depthDatumStatus":"VERIFIED_FROM_OFFICIAL_DOCUMENTATION","verticalDatum":"Local Datum","verticalDatumCode":24,"napIdentityStatus":"UNVERIFIED","sourceKind":"official","sourceCellId":"1R7588LI","sourceStableId":"1F2B69F1AB1B7574","sourceChecksum":"fcefec7e07170c4b859138c34376143c7aa4e9f8e653fc723d6bbe65dbf3c0a2","pipelineFeatureId":"1R7588LI/DEPCNT/1271588074","provenance":{"cellId":"1R7588LI","checksum":"fcefec7e07170c4b859138c34376143c7aa4e9f8e653fc723d6bbe65dbf3c0a2","readerVersion":"GDAL 3.2.2","processedAt":"2026-08-11T18:29:20.995Z"},"sourceProperties":{"RCID":1271588074,"PRIM":2,"GRUP":2,"OBJL":43,"RVER":1,"AGEN":7979,"FIDN":1777445659,"FIDS":30068,"LNAM":"1F2B69F1AB1B7574","VALDCO":20,"SCAMIN":50000,"sourceCellId":"1R7588LI","sourceChecksum":"fcefec7e07170c4b859138c34376143c7aa4e9f8e653fc723d6bbe65dbf3c0a2","rawObjectClass":"DEPCNT","sourceStableId":"1F2B69F1AB1B7574"}}},{"type":"Feature","geometry":{"type":"LineString","coordinates":[[3.2379184,51.6093202],[3.2379346,51.6093197],[3.2380629,51.6093211],[3.2380786,51.6093294],[3.238063,51.6093417],[3.2379514,51.6094196],[3.2379191,51.6094451],[3.2377852,51.6094266],[3.2377746,51.6094269],[3.2377638,51.60942],[3.2377745,51.6094077],[3.2378692,51.6093299],[3.2379184,51.6093202]]},"properties":{"rawObjectClass":"DEPCNT","VALDCO":20,"depthDatum":"Approximate LAT","depthDatumCode":42,"depthDatumStatus":"VERIFIED_FROM_OFFICIAL_DOCUMENTATION","verticalDatum":"Local Datum","verticalDatumCode":24,"napIdentityStatus":"UNVERIFIED","sourceKind":"official","sourceCellId":"1R7588LI","sourceStableId":"1F2B69F1AB1B7575","sourceChecksum":"fcefec7e07170c4b859138c34376143c7aa4e9f8e653fc723d6bbe65dbf3c0a2","pipelineFeatureId":"1R7588LI/DEPCNT/1271588075","provenance":{"cellId":"1R7588LI","checksum":"fcefec7e07170c4b859138c34376143c7aa4e9f8e653fc723d6bbe65dbf3c0a2","readerVersion":"GDAL 3.2.2","processedAt":"2026-08-11T18:29:20.995Z"},"sourceProperties":{"RCID":1271588075,"PRIM":2,"GRUP":2,"OBJL":43,"RVER":1,"AGEN":7979,"FIDN":1777445659,"FIDS":30069,"LNAM":"1F2B69F1AB1B7575","VALDCO":20,"SCAMIN":50000,"sourceCellId":"1R7588LI","sourceChecksum":"fcefec7e07170c4b859138c34376143c7aa4e9f8e653fc723d6bbe65dbf3c0a2","rawObjectClass":"DEPCNT","sourceStableId":"1F2B69F1AB1B7575"}}},{"type":"Feature","geometry":{"type":"LineString","coordinates":[[3.2241082,51.5908169],[3.2242417,51.5907441],[3.2242522,51.5907412],[3.2242592,51.5907397],[3.2243966,51.5907417],[3.2244006,51.5907413],[3.2244615,51.5907437],[3.2243966,51.5907484],[3.2242905,51.5908339],[3.2242527,51.5908423],[3.22422,51.5908545],[3.2241084,51.5908547],[3.2239927,51.5909244],[3.2239644,51.5909338],[3.2239472,51.5909353],[3.2238201,51.5909434],[3.2237468,51.5909706],[3.2236759,51.5909668],[3.2235376,51.5910152],[3.2235318,51.591016],[3.2235306,51.5910159],[3.2233875,51.5910278],[3.2233527,51.5910373],[3.2232431,51.5910272],[3.2231026,51.5911038],[3.2230991,51.5911022],[3.2230932,51.591106],[3.2229548,51.5911096],[3.2229255,51.5911246],[3.2228766,51.5911064],[3.2229547,51.5910929],[3.2230776,51.5910161],[3.2230987,51.5910119],[3.2231101,51.5910089],[3.223243,51.5910038],[3.2233247,51.5909646],[3.2233871,51.5909489],[3.2234312,51.5909255],[3.2235313,51.5909141],[3.2235578,51.5909087],[3.2236756,51.5909041],[3.2237286,51.5908918],[3.2238199,51.5908879],[3.2239288,51.5908346],[3.2239639,51.5908252],[3.2239857,51.5908209],[3.2241082,51.5908169]]},"properties":{"rawObjectClass":"DEPCNT","VALDCO":20,"depthDatum":"Approximate LAT","depthDatumCode":42,"depthDatumStatus":"VERIFIED_FROM_OFFICIAL_DOCUMENTATION","verticalDatum":"Local Datum","verticalDatumCode":24,"napIdentityStatus":"UNVERIFIED","sourceKind":"official","sourceCellId":"1R7588LI","sourceStableId":"1F2B69F1AB1B7576","sourceChecksum":"fcefec7e07170c4b859138c34376143c7aa4e9f8e653fc723d6bbe65dbf3c0a2","pipelineFeatureId":"1R7588LI/DEPCNT/1271588076","provenance":{"cellId":"1R7588LI","checksum":"fcefec7e07170c4b859138c34376143c7aa4e9f8e653fc723d6bbe65dbf3c0a2","readerVersion":"GDAL 3.2.2","processedAt":"2026-08-11T18:29:20.995Z"},"sourceProperties":{"RCID":1271588076,"PRIM":2,"GRUP":2,"OBJL":43,"RVER":1,"AGEN":7979,"FIDN":1777445659,"FIDS":30070,"LNAM":"1F2B69F1AB1B7576","VALDCO":20,"SCAMIN":50000,"sourceCellId":"1R7588LI","sourceChecksum":"fcefec7e07170c4b859138c34376143c7aa4e9f8e653fc723d6bbe65dbf3c0a2","rawObjectClass":"DEPCNT","sourceStableId":"1F2B69F1AB1B7576"}}},{"type":"Feature","geometry":{"type":"LineString","coordinates":[[3.1808834,51.6112229],[3.180942,51.6112297],[3.1810278,51.6112388],[3.1810532,51.6112453],[3.1811723,51.6112381],[3.1813117,51.6112322],[3.1813166,51.6112313],[3.1814152,51.6113189],[3.181398,51.6113585],[3.1813946,51.6114089],[3.1814619,51.6114396],[3.1815498,51.6114985],[3.1816068,51.6115713],[3.1816202,51.6115883],[3.1816313,51.6116035],[3.1816436,51.6116782],[3.1816073,51.611691],[3.181567,51.6117035],[3.181463,51.6117084],[3.181396,51.6117268],[3.1813185,51.6117074],[3.1812381,51.6116788],[3.1811739,51.6116592],[3.1811342,51.6116543],[3.1810294,51.611631],[3.1809399,51.6115894],[3.1808847,51.6115574],[3.1807832,51.6114997],[3.1806298,51.61141],[3.1805951,51.6113723],[3.1804977,51.6113203],[3.1805947,51.6112641],[3.1807054,51.611251],[3.180739,51.6112439],[3.1808416,51.6112299],[3.1808834,51.6112229]]},"properties":{"rawObjectClass":"DEPCNT","VALDCO":20,"depthDatum":"Approximate LAT","depthDatumCode":42,"depthDatumStatus":"VERIFIED_FROM_OFFICIAL_DOCUMENTATION","verticalDatum":"Local Datum","verticalDatumCode":24,"napIdentityStatus":"UNVERIFIED","sourceKind":"official","sourceCellId":"1R7588LI","sourceStableId":"1F2B69F1AB1B7577","sourceChecksum":"fcefec7e07170c4b859138c34376143c7aa4e9f8e653fc723d6bbe65dbf3c0a2","pipelineFeatureId":"1R7588LI/DEPCNT/1271588077","provenance":{"cellId":"1R7588LI","checksum":"fcefec7e07170c4b859138c34376143c7aa4e9f8e653fc723d6bbe65dbf3c0a2","readerVersion":"GDAL 3.2.2","processedAt":"2026-08-11T18:29:20.995Z"},"sourceProperties":{"RCID":1271588077,"PRIM":2,"GRUP":2,"OBJL":43,"RVER":1,"AGEN":7979,"FIDN":1777445659,"FIDS":30071,"LNAM":"1F2B69F1AB1B7577","VALDCO":20,"SCAMIN":50000,"sourceCellId":"1R7588LI","sourceChecksum":"fcefec7e07170c4b859138c34376143c7aa4e9f8e653fc723d6bbe65dbf3c0a2","rawObjectClass":"DEPCNT","sourceStableId":"1F2B69F1AB1B7577"}}},{"type":"Feature","geometry":{"type":"LineString","coordinates":[[3.2630941,51.6182676],[3.2630819,51.6182578],[3.2630096,51.6181779],[3.2629525,51.6181221],[3.2629192,51.6180882],[3.2629522,51.618056],[3.262988,51.6180658],[3.2630965,51.618038],[3.2631372,51.6180877],[3.2632415,51.6181378],[3.2633512,51.6181771],[3.2633324,51.6182108],[3.26334,51.6182671],[3.2632427,51.618349],[3.2631455,51.6182971],[3.2630978,51.61827],[3.2630941,51.6182676]]},"properties":{"rawObjectClass":"DEPCNT","VALDCO":20,"depthDatum":"Approximate LAT","depthDatumCode":42,"depthDatumStatus":"VERIFIED_FROM_OFFICIAL_DOCUMENTATION","verticalDatum":"Local Datum","verticalDatumCode":24,"napIdentityStatus":"UNVERIFIED","sourceKind":"official","sourceCellId":"1R7588LI","sourceStableId":"1F2B69F1AB1B7578","sourceChecksum":"fcefec7e07170c4b859138c34376143c7aa4e9f8e653fc723d6bbe65dbf3c0a2","pipelineFeatureId":"1R7588LI/DEPCNT/1271588078","provenance":{"cellId":"1R7588LI","checksum":"fcefec7e07170c4b859138c34376143c7aa4e9f8e653fc723d6bbe65dbf3c0a2","readerVersion":"GDAL 3.2.2","processedAt":"2026-08-11T18:29:20.995Z"},"sourceProperties":{"RCID":1271588078,"PRIM":2,"GRUP":2,"OBJL":43,"RVER":1,"AGEN":7979,"FIDN":1777445659,"FIDS":30072,"LNAM":"1F2B69F1AB1B7578","VALDCO":20,"SCAMIN":50000,"sourceCellId":"1R7588LI","sourceChecksum":"fcefec7e07170c4b859138c34376143c7aa4e9f8e653fc723d6bbe65dbf3c0a2","rawObjectClass":"DEPCNT","sourceStableId":"1F2B69F1AB1B7578"}}},{"type":"Feature","geometry":{"type":"LineString","coordinates":[[3.2336498,51.5936088],[3.233628,51.5936167],[3.2335055,51.5936097],[3.2333982,51.5936935],[3.2333616,51.5937094],[3.2333219,51.5937184],[3.2332703,51.5936937],[3.2332917,51.5936471],[3.2332619,51.5936038],[3.233361,51.5935883],[3.2334941,51.5935135],[3.233505,51.5935087],[3.2335144,51.5935075],[3.2336494,51.5935118],[3.2336515,51.5935118],[3.2337936,51.5934926],[3.2339282,51.5935065],[3.233938,51.5935049],[3.2340324,51.5934535],[3.2340363,51.5935124],[3.2339381,51.5935168],[3.233828,51.5936027],[3.2337943,51.5936212],[3.2336632,51.5936114],[3.2336498,51.5936088]]},"properties":{"rawObjectClass":"DEPCNT","VALDCO":20,"depthDatum":"Approximate LAT","depthDatumCode":42,"depthDatumStatus":"VERIFIED_FROM_OFFICIAL_DOCUMENTATION","verticalDatum":"Local Datum","verticalDatumCode":24,"napIdentityStatus":"UNVERIFIED","sourceKind":"official","sourceCellId":"1R7588LI","sourceStableId":"1F2B69F1AB1B7579","sourceChecksum":"fcefec7e07170c4b859138c34376143c7aa4e9f8e653fc723d6bbe65dbf3c0a2","pipelineFeatureId":"1R7588LI/DEPCNT/1271588079","provenance":{"cellId":"1R7588LI","checksum":"fcefec7e07170c4b859138c34376143c7aa4e9f8e653fc723d6bbe65dbf3c0a2","readerVersion":"GDAL 3.2.2","processedAt":"2026-08-11T18:29:20.995Z"},"sourceProperties":{"RCID":1271588079,"PRIM":2,"GRUP":2,"OBJL":43,"RVER":1,"AGEN":7979,"FIDN":1777445659,"FIDS":30073,"LNAM":"1F2B69F1AB1B7579","VALDCO":20,"SCAMIN":50000,"sourceCellId":"1R7588LI","sourceChecksum":"fcefec7e07170c4b859138c34376143c7aa4e9f8e653fc723d6bbe65dbf3c0a2","rawObjectClass":"DEPCNT","sourceStableId":"1F2B69F1AB1B7579"}}},{"type":"Feature","geometry":{"type":"LineString","coordinates":[[3.2343527,51.6130393],[3.2343703,51.6131134],[3.234328,51.6131688],[3.2342898,51.6132034],[3.2341841,51.6132811],[3.2341631,51.6132936],[3.23404,51.6133399],[3.2339279,51.6132941],[3.2339286,51.6132733],[3.2339543,51.6132041],[3.234039,51.6131433],[3.234129,51.6131139],[3.2341831,51.6130882],[3.234283,51.6130236],[3.2343271,51.6130065],[3.2343551,51.6130235],[3.2343527,51.6130393]]},"properties":{"rawObjectClass":"DEPCNT","VALDCO":20,"depthDatum":"Approximate LAT","depthDatumCode":42,"depthDatumStatus":"VERIFIED_FROM_OFFICIAL_DOCUMENTATION","verticalDatum":"Local Datum","verticalDatumCode":24,"napIdentityStatus":"UNVERIFIED","sourceKind":"official","sourceCellId":"1R7588LI","sourceStableId":"1F2B69F1AB1B757A","sourceChecksum":"fcefec7e07170c4b859138c34376143c7aa4e9f8e653fc723d6bbe65dbf3c0a2","pipelineFeatureId":"1R7588LI/DEPCNT/1271588080","provenance":{"cellId":"1R7588LI","checksum":"fcefec7e07170c4b859138c34376143c7aa4e9f8e653fc723d6bbe65dbf3c0a2","readerVersion":"GDAL 3.2.2","processedAt":"2026-08-11T18:29:20.995Z"},"sourceProperties":{"RCID":1271588080,"PRIM":2,"GRUP":2,"OBJL":43,"RVER":1,"AGEN":7979,"FIDN":1777445659,"FIDS":30074,"LNAM":"1F2B69F1AB1B757A","VALDCO":20,"SCAMIN":50000,"sourceCellId":"1R7588LI","sourceChecksum":"fcefec7e07170c4b859138c34376143c7aa4e9f8e653fc723d6bbe65dbf3c0a2","rawObjectClass":"DEPCNT","sourceStableId":"1F2B69F1AB1B757A"}}},{"type":"Feature","geometry":{"type":"LineString","coordinates":[[3.18362,51.6094116],[3.1836612,51.6094272],[3.1837646,51.609462],[3.1838742,51.6094485],[3.1839089,51.6094444],[3.1839517,51.6094534],[3.1840533,51.6094428],[3.1841396,51.6095164],[3.1841982,51.6095541],[3.1843258,51.609606],[3.1843429,51.6096195],[3.1844531,51.6096957],[3.1844877,51.6097178],[3.1845888,51.6097854],[3.1846327,51.6098733],[3.1846386,51.6098752],[3.1846335,51.6098757],[3.1846328,51.6098756],[3.1846325,51.6098752],[3.184488,51.6098007],[3.1844305,51.6098215],[3.1843437,51.6098305],[3.1842522,51.6097859],[3.184199,51.6097604],[3.1841641,51.6097643],[3.1840545,51.6097374],[3.1839821,51.6097412],[3.1839101,51.6097305],[3.183811,51.6097249],[3.1837656,51.6097177],[3.1837026,51.6096969],[3.1836209,51.6096361],[3.1834964,51.6096197],[3.1834764,51.6096148],[3.1834583,51.6096073],[3.1833937,51.6095561],[3.1833934,51.6095175],[3.1834757,51.6094397],[3.1834953,51.6094274],[3.18362,51.6094116]]},"properties":{"rawObjectClass":"DEPCNT","VALDCO":20,"depthDatum":"Approximate LAT","depthDatumCode":42,"depthDatumStatus":"VERIFIED_FROM_OFFICIAL_DOCUMENTATION","verticalDatum":"Local Datum","verticalDatumCode":24,"napIdentityStatus":"UNVERIFIED","sourceKind":"official","sourceCellId":"1R7588LI","sourceStableId":"1F2B69F1AB1B757B","sourceChecksum":"fcefec7e07170c4b859138c34376143c7aa4e9f8e653fc723d6bbe65dbf3c0a2","pipelineFeatureId":"1R7588LI/DEPCNT/1271588081","provenance":{"cellId":"1R7588LI","checksum":"fcefec7e07170c4b859138c34376143c7aa4e9f8e653fc723d6bbe65dbf3c0a2","readerVersion":"GDAL 3.2.2","processedAt":"2026-08-11T18:29:20.995Z"},"sourceProperties":{"RCID":1271588081,"PRIM":2,"GRUP":2,"OBJL":43,"RVER":1,"AGEN":7979,"FIDN":1777445659,"FIDS":30075,"LNAM":"1F2B69F1AB1B757B","VALDCO":20,"SCAMIN":50000,"sourceCellId":"1R7588LI","sourceChecksum":"fcefec7e07170c4b859138c34376143c7aa4e9f8e653fc723d6bbe65dbf3c0a2","rawObjectClass":"DEPCNT","sourceStableId":"1F2B69F1AB1B757B"}}},{"type":"Feature","geometry":{"type":"LineString","coordinates":[[3.1690947,51.5867665],[3.1691279,51.5867902],[3.1692204,51.5868682],[3.1692046,51.58688],[3.1690953,51.5869336],[3.1689752,51.5868804],[3.1689635,51.5868724],[3.1690482,51.5867903],[3.1690947,51.5867665]]},"properties":{"rawObjectClass":"DEPCNT","VALDCO":20,"depthDatum":"Approximate LAT","depthDatumCode":42,"depthDatumStatus":"VERIFIED_FROM_OFFICIAL_DOCUMENTATION","verticalDatum":"Local Datum","verticalDatumCode":24,"napIdentityStatus":"UNVERIFIED","sourceKind":"official","sourceCellId":"1R7588LI","sourceStableId":"1F2B69F1AB1B757C","sourceChecksum":"fcefec7e07170c4b859138c34376143c7aa4e9f8e653fc723d6bbe65dbf3c0a2","pipelineFeatureId":"1R7588LI/DEPCNT/1271588082","provenance":{"cellId":"1R7588LI","checksum":"fcefec7e07170c4b859138c34376143c7aa4e9f8e653fc723d6bbe65dbf3c0a2","readerVersion":"GDAL 3.2.2","processedAt":"2026-08-11T18:29:20.995Z"},"sourceProperties":{"RCID":1271588082,"PRIM":2,"GRUP":2,"OBJL":43,"RVER":1,"AGEN":7979,"FIDN":1777445659,"FIDS":30076,"LNAM":"1F2B69F1AB1B757C","VALDCO":20,"SCAMIN":50000,"sourceCellId":"1R7588LI","sourceChecksum":"fcefec7e07170c4b859138c34376143c7aa4e9f8e653fc723d6bbe65dbf3c0a2","rawObjectClass":"DEPCNT","sourceStableId":"1F2B69F1AB1B757C"}}},{"type":"Feature","geometry":{"type":"LineString","coordinates":[[3.209612,51.6074056],[3.2096049,51.6074123],[3.2095124,51.6074635],[3.2094609,51.6074923],[3.2094267,51.6074958],[3.2093166,51.607504],[3.209304,51.6075039],[3.2091722,51.6075072],[3.2091568,51.6074963],[3.2091464,51.6074804],[3.2091031,51.6074065],[3.2090868,51.6073538],[3.2090841,51.6073166],[3.2090936,51.6072749],[3.2090895,51.6072267],[3.2091706,51.6071631],[3.2092297,51.6071365],[3.2093148,51.607119],[3.2094,51.6071362],[3.2094351,51.6071513],[3.2094593,51.6071467],[3.209583,51.6072127],[3.2096041,51.6072215],[3.2096069,51.6072258],[3.2096078,51.6072281],[3.2096244,51.6073156],[3.2096285,51.6073305],[3.209612,51.6074056]]},"properties":{"rawObjectClass":"DEPCNT","VALDCO":20,"depthDatum":"Approximate LAT","depthDatumCode":42,"depthDatumStatus":"VERIFIED_FROM_OFFICIAL_DOCUMENTATION","verticalDatum":"Local Datum","verticalDatumCode":24,"napIdentityStatus":"UNVERIFIED","sourceKind":"official","sourceCellId":"1R7588LI","sourceStableId":"1F2B69F1AB1B757D","sourceChecksum":"fcefec7e07170c4b859138c34376143c7aa4e9f8e653fc723d6bbe65dbf3c0a2","pipelineFeatureId":"1R7588LI/DEPCNT/1271588083","provenance":{"cellId":"1R7588LI","checksum":"fcefec7e07170c4b859138c34376143c7aa4e9f8e653fc723d6bbe65dbf3c0a2","readerVersion":"GDAL 3.2.2","processedAt":"2026-08-11T18:29:20.995Z"},"sourceProperties":{"RCID":1271588083,"PRIM":2,"GRUP":2,"OBJL":43,"RVER":1,"AGEN":7979,"FIDN":1777445659,"FIDS":30077,"LNAM":"1F2B69F1AB1B757D","VALDCO":20,"SCAMIN":50000,"sourceCellId":"1R7588LI","sourceChecksum":"fcefec7e07170c4b859138c34376143c7aa4e9f8e653fc723d6bbe65dbf3c0a2","rawObjectClass":"DEPCNT","sourceStableId":"1F2B69F1AB1B757D"}}},{"type":"Feature","geometry":{"type":"LineString","coordinates":[[3.2576061,51.6180101],[3.2574628,51.6179337],[3.2574434,51.6179205],[3.2573178,51.6178403],[3.2572889,51.6178309],[3.2571729,51.6177549],[3.2571509,51.6177413],[3.257028,51.6176869],[3.2569559,51.6176518],[3.2568832,51.6176188],[3.2567686,51.6175623],[3.2567384,51.6175483],[3.2566614,51.6175147],[3.2565936,51.6174824],[3.256581,51.6174728],[3.2564487,51.6174013],[3.2564096,51.6173833],[3.2563037,51.6172982],[3.25629,51.6172936],[3.2561588,51.6172253],[3.2560374,51.6172042],[3.2560142,51.6171956],[3.2559485,51.6171145],[3.2558973,51.6170424],[3.2558757,51.6170248],[3.2558688,51.6170181],[3.2557715,51.6169351],[3.2557235,51.616874],[3.2556939,51.6168453],[3.2556797,51.6168183],[3.2556441,51.6167555],[3.255578,51.6166837],[3.25556,51.6166658],[3.2555778,51.6166464],[3.2557114,51.6166586],[3.2557223,51.6166614],[3.2557261,51.6166654],[3.255726,51.6166677],[3.2557653,51.6167553],[3.2558676,51.6168067],[3.2559549,51.6168448],[3.2560124,51.6168725],[3.2561545,51.6169342],[3.2561572,51.6169355],[3.2561639,51.6169384],[3.256302,51.6170029],[3.2563354,51.6170238],[3.256447,51.6171026],[3.2564653,51.6171134],[3.2565773,51.617194],[3.2565894,51.617203],[3.256592,51.6172054],[3.2567029,51.6172927],[3.2567371,51.6173145],[3.2568395,51.6173823],[3.2568321,51.6174134],[3.256828,51.6174723],[3.2568826,51.6175137],[3.2570194,51.6175568],[3.2570273,51.6175547],[3.2570851,51.6175079],[3.2571716,51.6175377],[3.2572121,51.6175613],[3.2573165,51.6176144],[3.2573709,51.6176509],[3.2574616,51.6177366],[3.2574733,51.6177406],[3.257462,51.6178016],[3.2574331,51.6178306],[3.2574623,51.617845],[3.2575062,51.6179204],[3.2576076,51.6180077],[3.2576134,51.61801],[3.2576077,51.6180152],[3.2576061,51.6180101]]},"properties":{"rawObjectClass":"DEPCNT","VALDCO":20,"depthDatum":"Approximate LAT","depthDatumCode":42,"depthDatumStatus":"VERIFIED_FROM_OFFICIAL_DOCUMENTATION","verticalDatum":"Local Datum","verticalDatumCode":24,"napIdentityStatus":"UNVERIFIED","sourceKind":"official","sourceCellId":"1R7588LI","sourceStableId":"1F2B69F1AB1B757E","sourceChecksum":"fcefec7e07170c4b859138c34376143c7aa4e9f8e653fc723d6bbe65dbf3c0a2","pipelineFeatureId":"1R7588LI/DEPCNT/1271588084","provenance":{"cellId":"1R7588LI","checksum":"fcefec7e07170c4b859138c34376143c7aa4e9f8e653fc723d6bbe65dbf3c0a2","readerVersion":"GDAL 3.2.2","processedAt":"2026-08-11T18:29:20.995Z"},"sourceProperties":{"RCID":1271588084,"PRIM":2,"GRUP":2,"OBJL":43,"RVER":1,"AGEN":7979,"FIDN":1777445659,"FIDS":30078,"LNAM":"1F2B69F1AB1B757E","VALDCO":20,"SCAMIN":50000,"sourceCellId":"1R7588LI","sourceChecksum":"fcefec7e07170c4b859138c34376143c7aa4e9f8e653fc723d6bbe65dbf3c0a2","rawObjectClass":"DEPCNT","sourceStableId":"1F2B69F1AB1B757E"}}},{"type":"Feature","geometry":{"type":"LineString","coordinates":[[3.1730273,51.5908432],[3.1730073,51.5908383],[3.1729978,51.5908368],[3.172863,51.5908546],[3.1728034,51.5908311],[3.1727183,51.590747],[3.1727104,51.5907413],[3.1727182,51.590734],[3.1727247,51.5907372],[3.1728625,51.5907039],[3.1729673,51.5907409],[3.1730072,51.5908067],[3.1730393,51.5908307],[3.1730273,51.5908432]]},"properties":{"rawObjectClass":"DEPCNT","VALDCO":20,"depthDatum":"Approximate LAT","depthDatumCode":42,"depthDatumStatus":"VERIFIED_FROM_OFFICIAL_DOCUMENTATION","verticalDatum":"Local Datum","verticalDatumCode":24,"napIdentityStatus":"UNVERIFIED","sourceKind":"official","sourceCellId":"1R7588LI","sourceStableId":"1F2B69F1AB1B757F","sourceChecksum":"fcefec7e07170c4b859138c34376143c7aa4e9f8e653fc723d6bbe65dbf3c0a2","pipelineFeatureId":"1R7588LI/DEPCNT/1271588085","provenance":{"cellId":"1R7588LI","checksum":"fcefec7e07170c4b859138c34376143c7aa4e9f8e653fc723d6bbe65dbf3c0a2","readerVersion":"GDAL 3.2.2","processedAt":"2026-08-11T18:29:20.995Z"},"sourceProperties":{"RCID":1271588085,"PRIM":2,"GRUP":2,"OBJL":43,"RVER":1,"AGEN":7979,"FIDN":1777445659,"FIDS":30079,"LNAM":"1F2B69F1AB1B757F","VALDCO":20,"SCAMIN":50000,"sourceCellId":"1R7588LI","sourceChecksum":"fcefec7e07170c4b859138c34376143c7aa4e9f8e653fc723d6bbe65dbf3c0a2","rawObjectClass":"DEPCNT","sourceStableId":"1F2B69F1AB1B757F"}}},{"type":"Feature","geometry":{"type":"LineString","coordinates":[[3.2118247,51.5897835],[3.2116892,51.5898232],[3.2115845,51.5898438],[3.211545,51.5898385],[3.2114684,51.5898686],[3.2114008,51.5898833],[3.2113637,51.589892],[3.2112565,51.5898808],[3.211235,51.5898824],[3.2111122,51.5899047],[3.2109838,51.5898795],[3.2109677,51.5898797],[3.2109122,51.5898696],[3.2109674,51.5898132],[3.2109838,51.5897796],[3.2111113,51.5897166],[3.21123,51.5897052],[3.2112557,51.5897086],[3.2112795,51.589704],[3.2114001,51.5897196],[3.2115255,51.5896887],[3.2115442,51.5896847],[3.2115546,51.5896822],[3.2116883,51.5896298],[3.2118013,51.5896178],[3.2118326,51.5896188],[3.2118822,51.589629],[3.2119769,51.5896011],[3.2119932,51.5896081],[3.2121215,51.5896601],[3.2121678,51.5896876],[3.2121217,51.5897],[3.2120293,51.5897455],[3.2119777,51.5897656],[3.2118966,51.589778],[3.2118334,51.589782],[3.2118247,51.5897835]]},"properties":{"rawObjectClass":"DEPCNT","VALDCO":20,"depthDatum":"Approximate LAT","depthDatumCode":42,"depthDatumStatus":"VERIFIED_FROM_OFFICIAL_DOCUMENTATION","verticalDatum":"Local Datum","verticalDatumCode":24,"napIdentityStatus":"UNVERIFIED","sourceKind":"official","sourceCellId":"1R7588LI","sourceStableId":"1F2B69F1AB1B7580","sourceChecksum":"fcefec7e07170c4b859138c34376143c7aa4e9f8e653fc723d6bbe65dbf3c0a2","pipelineFeatureId":"1R7588LI/DEPCNT/1271588086","provenance":{"cellId":"1R7588LI","checksum":"fcefec7e07170c4b859138c34376143c7aa4e9f8e653fc723d6bbe65dbf3c0a2","readerVersion":"GDAL 3.2.2","processedAt":"2026-08-11T18:29:20.995Z"},"sourceProperties":{"RCID":1271588086,"PRIM":2,"GRUP":2,"OBJL":43,"RVER":1,"AGEN":7979,"FIDN":1777445659,"FIDS":30080,"LNAM":"1F2B69F1AB1B7580","VALDCO":20,"SCAMIN":50000,"sourceCellId":"1R7588LI","sourceChecksum":"fcefec7e07170c4b859138c34376143c7aa4e9f8e653fc723d6bbe65dbf3c0a2","rawObjectClass":"DEPCNT","sourceStableId":"1F2B69F1AB1B7580"}}},{"type":"Feature","geometry":{"type":"LineString","coordinates":[[3.2186867,51.604132],[3.2186545,51.6041521],[3.218664,51.6041664],[3.2186137,51.6042421],[3.2185582,51.6043228],[3.218552,51.6043321],[3.2185434,51.6043479],[3.2184046,51.6044191],[3.2183993,51.6044219],[3.2182551,51.6044225],[3.2183338,51.6043325],[3.2183221,51.6042849],[3.2183008,51.6042427],[3.2182868,51.6041734],[3.2182894,51.6041528],[3.2182535,51.6041175],[3.218194,51.6040631],[3.2182316,51.6039863],[3.2182374,51.6039731],[3.2182527,51.6039447],[3.2182825,51.6038831],[3.2183053,51.6038499],[3.2183501,51.603793],[3.218396,51.6037263],[3.2184082,51.603703],[3.2184131,51.6036923],[3.2184369,51.603613],[3.2184779,51.6035614],[3.2185018,51.603523],[3.2185392,51.603473],[3.2185776,51.6034329],[3.2185967,51.6033968],[3.2186374,51.6033429],[3.2186827,51.6032996],[3.2187098,51.6033428],[3.218718,51.6033645],[3.2187367,51.6034326],[3.218765,51.6034833],[3.218778,51.6035225],[3.2188074,51.6035992],[3.2188119,51.6036123],[3.2188288,51.6036555],[3.2188609,51.6037022],[3.2188548,51.6037182],[3.2188836,51.603792],[3.2188442,51.6038731],[3.2188415,51.603882],[3.21883,51.6039021],[3.2187864,51.603972],[3.2187583,51.6040171],[3.2186867,51.604132]]},"properties":{"rawObjectClass":"DEPCNT","VALDCO":20,"depthDatum":"Approximate LAT","depthDatumCode":42,"depthDatumStatus":"VERIFIED_FROM_OFFICIAL_DOCUMENTATION","verticalDatum":"Local Datum","verticalDatumCode":24,"napIdentityStatus":"UNVERIFIED","sourceKind":"official","sourceCellId":"1R7588LI","sourceStableId":"1F2B69F1AB1B7581","sourceChecksum":"fcefec7e07170c4b859138c34376143c7aa4e9f8e653fc723d6bbe65dbf3c0a2","pipelineFeatureId":"1R7588LI/DEPCNT/1271588087","provenance":{"cellId":"1R7588LI","checksum":"fcefec7e07170c4b859138c34376143c7aa4e9f8e653fc723d6bbe65dbf3c0a2","readerVersion":"GDAL 3.2.2","processedAt":"2026-08-11T18:29:20.995Z"},"sourceProperties":{"RCID":1271588087,"PRIM":2,"GRUP":2,"OBJL":43,"RVER":1,"AGEN":7979,"FIDN":1777445659,"FIDS":30081,"LNAM":"1F2B69F1AB1B7581","VALDCO":20,"SCAMIN":50000,"sourceCellId":"1R7588LI","sourceChecksum":"fcefec7e07170c4b859138c34376143c7aa4e9f8e653fc723d6bbe65dbf3c0a2","rawObjectClass":"DEPCNT","sourceStableId":"1F2B69F1AB1B7581"}}},{"type":"Feature","geometry":{"type":"LineString","coordinates":[[3.2615652,51.6187206],[3.2615119,51.6187725],[3.2614849,51.6188107],[3.2614015,51.61888],[3.2614044,51.6189008],[3.2613682,51.6189134],[3.2613254,51.6189277],[3.2612238,51.6189086],[3.2612186,51.6189012],[3.2610789,51.618825],[3.2610577,51.6188117],[3.2610439,51.6187901],[3.2610631,51.6187217],[3.2609678,51.6186535],[3.2610781,51.6186986],[3.2610977,51.6186318],[3.2610777,51.6186173],[3.2609753,51.6185421],[3.2609326,51.6185123],[3.2608565,51.6184525],[3.2607876,51.6184037],[3.2607287,51.6183628],[3.2606425,51.6183031],[3.2605909,51.6182732],[3.2604975,51.618205],[3.2604652,51.6181836],[3.2604072,51.6181278],[3.2603608,51.6180939],[3.2603878,51.6180718],[3.2603524,51.6180837],[3.260218,51.6180108],[3.2602075,51.6180051],[3.2602067,51.6180043],[3.2602041,51.6180022],[3.2602075,51.618003],[3.2602203,51.6179963],[3.2603515,51.6179224],[3.2603814,51.6179326],[3.2604961,51.6179625],[3.260586,51.6180035],[3.2606409,51.6180251],[3.2607435,51.6180668],[3.2607139,51.6180032],[3.2606995,51.6179665],[3.2607173,51.6179133],[3.2606401,51.6178738],[3.2604949,51.6177507],[3.2604752,51.617734],[3.2604231,51.6176896],[3.2604418,51.6176441],[3.2604772,51.6176334],[3.2604943,51.6176375],[3.2606256,51.6176356],[3.2606387,51.6176366],[3.2606786,51.6176187],[3.2606854,51.6176436],[3.2607833,51.6176631],[3.2609103,51.6176539],[3.2609277,51.6176536],[3.2610254,51.6177328],[3.2610727,51.6177603],[3.2611674,51.6178224],[3.2612179,51.6178762],[3.2612707,51.617912],[3.2612998,51.6179627],[3.2613439,51.6180018],[3.2614438,51.6180915],[3.2615083,51.6181486],[3.2616127,51.6181561],[3.2616528,51.6181537],[3.2616936,51.6181808],[3.2617344,51.6182313],[3.2616533,51.6182475],[3.2616257,51.6182537],[3.2615087,51.6182171],[3.2614481,51.6182191],[3.2613643,51.6182283],[3.2612718,51.6181818],[3.2610966,51.6180923],[3.2610746,51.618081],[3.2610582,51.6180923],[3.2610747,51.6180999],[3.2611937,51.618182],[3.2612107,51.618266],[3.2612097,51.6182718],[3.2611957,51.6182871],[3.2611696,51.6183618],[3.2611098,51.6184313],[3.2611193,51.6184519],[3.2612214,51.6184973],[3.2612955,51.6185414],[3.2613663,51.6185763],[3.2614863,51.6186309],[3.2615111,51.6186415],[3.2615652,51.6187206]]},"properties":{"rawObjectClass":"DEPCNT","VALDCO":20,"depthDatum":"Approximate LAT","depthDatumCode":42,"depthDatumStatus":"VERIFIED_FROM_OFFICIAL_DOCUMENTATION","verticalDatum":"Local Datum","verticalDatumCode":24,"napIdentityStatus":"UNVERIFIED","sourceKind":"official","sourceCellId":"1R7588LI","sourceStableId":"1F2B69F1AB1B7582","sourceChecksum":"fcefec7e07170c4b859138c34376143c7aa4e9f8e653fc723d6bbe65dbf3c0a2","pipelineFeatureId":"1R7588LI/DEPCNT/1271588088","provenance":{"cellId":"1R7588LI","checksum":"fcefec7e07170c4b859138c34376143c7aa4e9f8e653fc723d6bbe65dbf3c0a2","readerVersion":"GDAL 3.2.2","processedAt":"2026-08-11T18:29:20.995Z"},"sourceProperties":{"RCID":1271588088,"PRIM":2,"GRUP":2,"OBJL":43,"RVER":1,"AGEN":7979,"FIDN":1777445659,"FIDS":30082,"LNAM":"1F2B69F1AB1B7582","VALDCO":20,"SCAMIN":50000,"sourceCellId":"1R7588LI","sourceChecksum":"fcefec7e07170c4b859138c34376143c7aa4e9f8e653fc723d6bbe65dbf3c0a2","rawObjectClass":"DEPCNT","sourceStableId":"1F2B69F1AB1B7582"}}},{"type":"Feature","geometry":{"type":"LineString","coordinates":[[3.2522299,51.6119802],[3.2522592,51.6119973],[3.2523748,51.6120536],[3.2524406,51.6120868],[3.2524869,51.6121562],[3.2524266,51.6121768],[3.2523758,51.612232],[3.2522968,51.6122178],[3.2522311,51.6121844],[3.252208,51.6121773],[3.2520865,51.6121555],[3.2520518,51.612156],[3.2519419,51.6121298],[3.2518658,51.6120881],[3.2517971,51.6120479],[3.2516691,51.612009],[3.2516524,51.6120066],[3.2516402,51.6119986],[3.2515075,51.6119197],[3.2514848,51.6119091],[3.251376,51.6118277],[3.2513699,51.6118194],[3.2515069,51.6118],[3.2516057,51.6118189],[3.2516515,51.611837],[3.2517708,51.6118342],[3.2517958,51.6118268],[3.2518185,51.6118325],[3.2519405,51.611874],[3.2520713,51.6119078],[3.2520851,51.6119108],[3.2521131,51.6119251],[3.2522299,51.6119802]]},"properties":{"rawObjectClass":"DEPCNT","VALDCO":20,"depthDatum":"Approximate LAT","depthDatumCode":42,"depthDatumStatus":"VERIFIED_FROM_OFFICIAL_DOCUMENTATION","verticalDatum":"Local Datum","verticalDatumCode":24,"napIdentityStatus":"UNVERIFIED","sourceKind":"official","sourceCellId":"1R7588LI","sourceStableId":"1F2B69F1AB1B7583","sourceChecksum":"fcefec7e07170c4b859138c34376143c7aa4e9f8e653fc723d6bbe65dbf3c0a2","pipelineFeatureId":"1R7588LI/DEPCNT/1271588089","provenance":{"cellId":"1R7588LI","checksum":"fcefec7e07170c4b859138c34376143c7aa4e9f8e653fc723d6bbe65dbf3c0a2","readerVersion":"GDAL 3.2.2","processedAt":"2026-08-11T18:29:20.995Z"},"sourceProperties":{"RCID":1271588089,"PRIM":2,"GRUP":2,"OBJL":43,"RVER":1,"AGEN":7979,"FIDN":1777445659,"FIDS":30083,"LNAM":"1F2B69F1AB1B7583","VALDCO":20,"SCAMIN":50000,"sourceCellId":"1R7588LI","sourceChecksum":"fcefec7e07170c4b859138c34376143c7aa4e9f8e653fc723d6bbe65dbf3c0a2","rawObjectClass":"DEPCNT","sourceStableId":"1F2B69F1AB1B7583"}}},{"type":"Feature","geometry":{"type":"LineString","coordinates":[[3.1814769,51.6151961],[3.181444,51.6151852],[3.1813322,51.6151351],[3.1812822,51.6150956],[3.1811873,51.6150074],[3.1811833,51.6150058],[3.1811836,51.6150035],[3.1811628,51.6149159],[3.1811193,51.614874],[3.1810807,51.6148261],[3.1810421,51.6148155],[3.1809832,51.6147364],[3.1809428,51.614675],[3.1809727,51.6146465],[3.1810411,51.6145783],[3.1810608,51.6145564],[3.1811853,51.6145065],[3.1813278,51.6144671],[3.1813295,51.6144666],[3.1813438,51.6144661],[3.1814739,51.6144608],[3.1814958,51.6144522],[3.181603,51.6144657],[3.1816184,51.6144663],[3.1816195,51.6144663],[3.1817628,51.6144692],[3.1817779,51.6144654],[3.1819071,51.6144247],[3.1820147,51.6143751],[3.1820512,51.6143529],[3.1821207,51.6143316],[3.182135,51.6143749],[3.1821958,51.6143861],[3.1822489,51.6143748],[3.18234,51.614324],[3.1824136,51.6143286],[3.1824843,51.614305],[3.1825205,51.614307],[3.1826288,51.61431],[3.182718,51.6143396],[3.1827733,51.6143464],[3.1828288,51.6143738],[3.1828586,51.6144267],[3.1828627,51.6144637],[3.1828418,51.6145114],[3.1828355,51.6145537],[3.1827745,51.6146367],[3.1827731,51.6146437],[3.1827745,51.614645],[3.1827774,51.6146437],[3.1829187,51.6145758],[3.1830048,51.6146433],[3.1829191,51.6146864],[3.182855,51.6147335],[3.1829078,51.6148159],[3.182904,51.6148233],[3.1829197,51.61483],[3.1830195,51.614913],[3.1830646,51.6149495],[3.1831293,51.6150028],[3.1832095,51.6150603],[3.1833494,51.6150924],[3.1832099,51.6151739],[3.1831685,51.6151826],[3.1830891,51.6151973],[3.1830656,51.6151885],[3.1830465,51.6151828],[3.1829209,51.6151399],[3.1827908,51.6151831],[3.1827767,51.6151869],[3.1827583,51.6151947],[3.1827237,51.6151833],[3.1827026,51.6151394],[3.1826322,51.6151772],[3.1826221,51.6151834],[3.1824881,51.6152544],[3.1824322,51.6152389],[3.1823436,51.6152392],[3.1822837,51.6152739],[3.1821994,51.6152918],[3.182059,51.6152768],[3.1820549,51.615277],[3.1820481,51.6152785],[3.1820394,51.6152742],[3.1819104,51.6152521],[3.1818581,51.615242],[3.1817659,51.6152473],[3.1817133,51.615242],[3.1816214,51.6152228],[3.1814976,51.615198],[3.1814769,51.6151961]]},"properties":{"rawObjectClass":"DEPCNT","VALDCO":20,"depthDatum":"Approximate LAT","depthDatumCode":42,"depthDatumStatus":"VERIFIED_FROM_OFFICIAL_DOCUMENTATION","verticalDatum":"Local Datum","verticalDatumCode":24,"napIdentityStatus":"UNVERIFIED","sourceKind":"official","sourceCellId":"1R7588LI","sourceStableId":"1F2B69F1AB1B7584","sourceChecksum":"fcefec7e07170c4b859138c34376143c7aa4e9f8e653fc723d6bbe65dbf3c0a2","pipelineFeatureId":"1R7588LI/DEPCNT/1271588090","provenance":{"cellId":"1R7588LI","checksum":"fcefec7e07170c4b859138c34376143c7aa4e9f8e653fc723d6bbe65dbf3c0a2","readerVersion":"GDAL 3.2.2","processedAt":"2026-08-11T18:29:20.995Z"},"sourceProperties":{"RCID":1271588090,"PRIM":2,"GRUP":2,"OBJL":43,"RVER":1,"AGEN":7979,"FIDN":1777445659,"FIDS":30084,"LNAM":"1F2B69F1AB1B7584","VALDCO":20,"SCAMIN":50000,"sourceCellId":"1R7588LI","sourceChecksum":"fcefec7e07170c4b859138c34376143c7aa4e9f8e653fc723d6bbe65dbf3c0a2","rawObjectClass":"DEPCNT","sourceStableId":"1F2B69F1AB1B7584"}}},{"type":"Feature","geometry":{"type":"LineString","coordinates":[[3.2479097,51.6115478],[3.2480393,51.6115223],[3.2481019,51.6115176],[3.2481836,51.6115002],[3.2483202,51.611471],[3.2483278,51.6114699],[3.2484601,51.6114735],[3.2484722,51.6114721],[3.2484857,51.6114742],[3.2486167,51.6114786],[3.2486471,51.6114844],[3.2487611,51.6114804],[3.2488072,51.6114939],[3.2489057,51.6115158],[3.2490191,51.6115546],[3.2490506,51.6116046],[3.2490786,51.611572],[3.2491951,51.6116066],[3.2493304,51.6116439],[3.2493205,51.611656],[3.2492558,51.611734],[3.2493405,51.6117939],[3.2493889,51.6118236],[3.2493616,51.6119008],[3.2493615,51.6119136],[3.2493412,51.6119214],[3.2493283,51.6119217],[3.249197,51.6119525],[3.2490913,51.61198],[3.2490527,51.6119878],[3.2490089,51.6120042],[3.2489086,51.6120338],[3.2488199,51.6120599],[3.2487779,51.6120047],[3.248764,51.6120011],[3.2487342,51.6120048],[3.248677,51.6120406],[3.2486197,51.6120228],[3.2485815,51.612029],[3.2484754,51.6120459],[3.2483531,51.6120819],[3.2483312,51.6120867],[3.248278,51.6120957],[3.2481869,51.6121091],[3.2481498,51.6121191],[3.2480426,51.6121292],[3.2479102,51.6121791],[3.2478984,51.6121832],[3.2478912,51.6121864],[3.2478679,51.6122056],[3.247789,51.6122766],[3.2477546,51.6122901],[3.2476604,51.6123668],[3.2476108,51.6123964],[3.247478,51.6124571],[3.2474667,51.6124637],[3.2473332,51.6125473],[3.2473228,51.6125503],[3.2473117,51.6125543],[3.2471786,51.6125975],[3.247037,51.6125498],[3.2470542,51.6126378],[3.2470344,51.6126423],[3.2470258,51.6126432],[3.2469687,51.612638],[3.2470193,51.6125571],[3.2470324,51.6125479],[3.2470339,51.6125453],[3.2470772,51.6124579],[3.2471519,51.6123838],[3.2471673,51.6123678],[3.2471773,51.6123612],[3.2472923,51.6122957],[3.2473213,51.612279],[3.2473242,51.6122776],[3.2474653,51.6122001],[3.2474885,51.6121873],[3.2474893,51.6121723],[3.2475129,51.6120973],[3.2476088,51.6120352],[3.2476564,51.6120071],[3.2476651,51.6119718],[3.247681,51.6119171],[3.2477222,51.6118458],[3.2477318,51.6118271],[3.2477314,51.6117498],[3.2477336,51.6117372],[3.2477451,51.611651],[3.2477462,51.6116473],[3.2477511,51.6116413],[3.2478626,51.6115571],[3.247895,51.6115491],[3.2479097,51.6115478]]},"properties":{"rawObjectClass":"DEPCNT","VALDCO":20,"depthDatum":"Approximate LAT","depthDatumCode":42,"depthDatumStatus":"VERIFIED_FROM_OFFICIAL_DOCUMENTATION","verticalDatum":"Local Datum","verticalDatumCode":24,"napIdentityStatus":"UNVERIFIED","sourceKind":"official","sourceCellId":"1R7588LI","sourceStableId":"1F2B69F1AB1B7585","sourceChecksum":"fcefec7e07170c4b859138c34376143c7aa4e9f8e653fc723d6bbe65dbf3c0a2","pipelineFeatureId":"1R7588LI/DEPCNT/1271588091","provenance":{"cellId":"1R7588LI","checksum":"fcefec7e07170c4b859138c34376143c7aa4e9f8e653fc723d6bbe65dbf3c0a2","readerVersion":"GDAL 3.2.2","processedAt":"2026-08-11T18:29:20.995Z"},"sourceProperties":{"RCID":1271588091,"PRIM":2,"GRUP":2,"OBJL":43,"RVER":1,"AGEN":7979,"FIDN":1777445659,"FIDS":30085,"LNAM":"1F2B69F1AB1B7585","VALDCO":20,"SCAMIN":50000,"sourceCellId":"1R7588LI","sourceChecksum":"fcefec7e07170c4b859138c34376143c7aa4e9f8e653fc723d6bbe65dbf3c0a2","rawObjectClass":"DEPCNT","sourceStableId":"1F2B69F1AB1B7585"}}},{"type":"Feature","geometry":{"type":"LineString","coordinates":[[3.2099368,51.5991327],[3.2099683,51.5992027],[3.2099761,51.5992226],[3.2099534,51.5992519],[3.2100006,51.5992727],[3.21002,51.5993124],[3.2100009,51.5993418],[3.2099276,51.5993583],[3.2098567,51.5993783],[3.2097311,51.5993912],[3.2097124,51.5993944],[3.2096017,51.5993343],[3.2095677,51.599328],[3.2095564,51.5993133],[3.20956,51.5993085],[3.209497,51.5992234],[3.2094374,51.5991429],[3.209433,51.5991336],[3.2094737,51.5991016],[3.2094839,51.5990436],[3.2095663,51.5990281],[3.2096568,51.5990098],[3.2097374,51.5990432],[3.2098554,51.5990924],[3.2099368,51.5991327]]},"properties":{"rawObjectClass":"DEPCNT","VALDCO":20,"depthDatum":"Approximate LAT","depthDatumCode":42,"depthDatumStatus":"VERIFIED_FROM_OFFICIAL_DOCUMENTATION","verticalDatum":"Local Datum","verticalDatumCode":24,"napIdentityStatus":"UNVERIFIED","sourceKind":"official","sourceCellId":"1R7588LI","sourceStableId":"1F2B69F1AB1B7586","sourceChecksum":"fcefec7e07170c4b859138c34376143c7aa4e9f8e653fc723d6bbe65dbf3c0a2","pipelineFeatureId":"1R7588LI/DEPCNT/1271588092","provenance":{"cellId":"1R7588LI","checksum":"fcefec7e07170c4b859138c34376143c7aa4e9f8e653fc723d6bbe65dbf3c0a2","readerVersion":"GDAL 3.2.2","processedAt":"2026-08-11T18:29:20.995Z"},"sourceProperties":{"RCID":1271588092,"PRIM":2,"GRUP":2,"OBJL":43,"RVER":1,"AGEN":7979,"FIDN":1777445659,"FIDS":30086,"LNAM":"1F2B69F1AB1B7586","VALDCO":20,"SCAMIN":50000,"sourceCellId":"1R7588LI","sourceChecksum":"fcefec7e07170c4b859138c34376143c7aa4e9f8e653fc723d6bbe65dbf3c0a2","rawObjectClass":"DEPCNT","sourceStableId":"1F2B69F1AB1B7586"}}},{"type":"Feature","geometry":{"type":"LineString","coordinates":[[3.1581434,51.5850072],[3.1581487,51.5850258],[3.1581791,51.5850971],[3.1581994,51.585147],[3.1582056,51.585187],[3.1581968,51.5852287],[3.1582109,51.5852769],[3.1581199,51.5853352],[3.1579769,51.5852772],[3.1579753,51.5852766],[3.1579726,51.5852755],[3.1578308,51.5852362],[3.1577551,51.5851876],[3.1576862,51.5851561],[3.1576132,51.5850978],[3.1576028,51.5850461],[3.157566,51.585008],[3.1575415,51.5849184],[3.1575416,51.5849181],[3.1575411,51.5849169],[3.157495,51.5848283],[3.1574633,51.5847802],[3.157452,51.5847384],[3.1574741,51.5846897],[3.157493,51.5846484],[3.1574758,51.5846085],[3.1574534,51.5845586],[3.1574574,51.5845199],[3.1574808,51.5844686],[3.1575393,51.5844148],[3.1576418,51.5844046],[3.1576836,51.584401],[3.1577374,51.5844683],[3.1578173,51.5845511],[3.1578008,51.5845581],[3.1578287,51.5846088],[3.1578388,51.584648],[3.1579733,51.5847037],[3.1579949,51.5847377],[3.158066,51.5847951],[3.158096,51.5848275],[3.1581117,51.5849132],[3.1581146,51.5849173],[3.1581185,51.584934],[3.1581434,51.5850072]]},"properties":{"rawObjectClass":"DEPCNT","VALDCO":20,"depthDatum":"Approximate LAT","depthDatumCode":42,"depthDatumStatus":"VERIFIED_FROM_OFFICIAL_DOCUMENTATION","verticalDatum":"Local Datum","verticalDatumCode":24,"napIdentityStatus":"UNVERIFIED","sourceKind":"official","sourceCellId":"1R7588LI","sourceStableId":"1F2B69F1AB1B7587","sourceChecksum":"fcefec7e07170c4b859138c34376143c7aa4e9f8e653fc723d6bbe65dbf3c0a2","pipelineFeatureId":"1R7588LI/DEPCNT/1271588093","provenance":{"cellId":"1R7588LI","checksum":"fcefec7e07170c4b859138c34376143c7aa4e9f8e653fc723d6bbe65dbf3c0a2","readerVersion":"GDAL 3.2.2","processedAt":"2026-08-11T18:29:20.995Z"},"sourceProperties":{"RCID":1271588093,"PRIM":2,"GRUP":2,"OBJL":43,"RVER":1,"AGEN":7979,"FIDN":1777445659,"FIDS":30087,"LNAM":"1F2B69F1AB1B7587","VALDCO":20,"SCAMIN":50000,"sourceCellId":"1R7588LI","sourceChecksum":"fcefec7e07170c4b859138c34376143c7aa4e9f8e653fc723d6bbe65dbf3c0a2","rawObjectClass":"DEPCNT","sourceStableId":"1F2B69F1AB1B7587"}}},{"type":"Feature","geometry":{"type":"LineString","coordinates":[[3.1671169,51.5984807],[3.1671187,51.5984822],[3.1671169,51.5984862],[3.1670534,51.5985722],[3.1669731,51.5986496],[3.166952,51.5986622],[3.166829,51.5987196],[3.166724,51.5986626],[3.1667223,51.5986389],[3.1667621,51.5985726],[3.1668282,51.5985084],[3.1669036,51.5984825],[3.1669724,51.5984638],[3.1671132,51.5984799],[3.1671169,51.5984807]]},"properties":{"rawObjectClass":"DEPCNT","VALDCO":20,"depthDatum":"Approximate LAT","depthDatumCode":42,"depthDatumStatus":"VERIFIED_FROM_OFFICIAL_DOCUMENTATION","verticalDatum":"Local Datum","verticalDatumCode":24,"napIdentityStatus":"UNVERIFIED","sourceKind":"official","sourceCellId":"1R7588LI","sourceStableId":"1F2B69F1AB1B7588","sourceChecksum":"fcefec7e07170c4b859138c34376143c7aa4e9f8e653fc723d6bbe65dbf3c0a2","pipelineFeatureId":"1R7588LI/DEPCNT/1271588094","provenance":{"cellId":"1R7588LI","checksum":"fcefec7e07170c4b859138c34376143c7aa4e9f8e653fc723d6bbe65dbf3c0a2","readerVersion":"GDAL 3.2.2","processedAt":"2026-08-11T18:29:20.995Z"},"sourceProperties":{"RCID":1271588094,"PRIM":2,"GRUP":2,"OBJL":43,"RVER":1,"AGEN":7979,"FIDN":1777445659,"FIDS":30088,"LNAM":"1F2B69F1AB1B7588","VALDCO":20,"SCAMIN":50000,"sourceCellId":"1R7588LI","sourceChecksum":"fcefec7e07170c4b859138c34376143c7aa4e9f8e653fc723d6bbe65dbf3c0a2","rawObjectClass":"DEPCNT","sourceStableId":"1F2B69F1AB1B7588"}}},{"type":"Feature","geometry":{"type":"LineString","coordinates":[[3.257449,51.6154976],[3.257393,51.6154929],[3.2573149,51.6154865],[3.2573045,51.6154875],[3.2572898,51.615484],[3.2571598,51.6154412],[3.2570604,51.6154037],[3.257015,51.6153679],[3.2569418,51.6153585],[3.2568704,51.6153457],[3.2567266,51.6153145],[3.2567258,51.6153133],[3.2566424,51.6152248],[3.2565807,51.6151944],[3.2565124,51.6151351],[3.2564697,51.6150666],[3.256445,51.6150454],[3.2564354,51.6150382],[3.2562946,51.6149558],[3.2562905,51.6149536],[3.2561915,51.6148661],[3.2562407,51.6148066],[3.2561707,51.6147762],[3.2562894,51.6147626],[3.2563197,51.6147759],[3.2564341,51.6148136],[3.2565165,51.6148267],[3.2565786,51.6148288],[3.256655,51.6148651],[3.2567234,51.6148864],[3.2568024,51.6149139],[3.256868,51.6149171],[3.2569655,51.6149543],[3.2570127,51.6149663],[3.2570734,51.6149918],[3.2571574,51.615014],[3.2572318,51.6150437],[3.2573022,51.615083],[3.257351,51.6151333],[3.2574472,51.6151804],[3.2574994,51.6152229],[3.2575922,51.6152909],[3.2576276,51.6153125],[3.2576454,51.6153454],[3.2575929,51.6154013],[3.257592,51.615402],[3.2575923,51.6154025],[3.2575817,51.6154096],[3.2575929,51.6154037],[3.2576394,51.6154923],[3.2575936,51.6155357],[3.2574668,51.6155038],[3.257449,51.6154976]]},"properties":{"rawObjectClass":"DEPCNT","VALDCO":20,"depthDatum":"Approximate LAT","depthDatumCode":42,"depthDatumStatus":"VERIFIED_FROM_OFFICIAL_DOCUMENTATION","verticalDatum":"Local Datum","verticalDatumCode":24,"napIdentityStatus":"UNVERIFIED","sourceKind":"official","sourceCellId":"1R7588LI","sourceStableId":"1F2B69F1AB1B7589","sourceChecksum":"fcefec7e07170c4b859138c34376143c7aa4e9f8e653fc723d6bbe65dbf3c0a2","pipelineFeatureId":"1R7588LI/DEPCNT/1271588095","provenance":{"cellId":"1R7588LI","checksum":"fcefec7e07170c4b859138c34376143c7aa4e9f8e653fc723d6bbe65dbf3c0a2","readerVersion":"GDAL 3.2.2","processedAt":"2026-08-11T18:29:20.995Z"},"sourceProperties":{"RCID":1271588095,"PRIM":2,"GRUP":2,"OBJL":43,"RVER":1,"AGEN":7979,"FIDN":1777445659,"FIDS":30089,"LNAM":"1F2B69F1AB1B7589","VALDCO":20,"SCAMIN":50000,"sourceCellId":"1R7588LI","sourceChecksum":"fcefec7e07170c4b859138c34376143c7aa4e9f8e653fc723d6bbe65dbf3c0a2","rawObjectClass":"DEPCNT","sourceStableId":"1F2B69F1AB1B7589"}}},{"type":"Feature","geometry":{"type":"LineString","coordinates":[[3.2101049,51.590592],[3.2100984,51.5905904],[3.2101049,51.5905883],[3.2102414,51.5905003],[3.2102488,51.5904967],[3.2102594,51.5904937],[3.210393,51.5904583],[3.2105087,51.5904276],[3.2105372,51.5904282],[3.2106629,51.5904995],[3.2105378,51.5905468],[3.2104479,51.5905898],[3.2103937,51.5906104],[3.21026,51.5905968],[3.2102493,51.5905966],[3.2101081,51.5905924],[3.2101049,51.590592]]},"properties":{"rawObjectClass":"DEPCNT","VALDCO":20,"depthDatum":"Approximate LAT","depthDatumCode":42,"depthDatumStatus":"VERIFIED_FROM_OFFICIAL_DOCUMENTATION","verticalDatum":"Local Datum","verticalDatumCode":24,"napIdentityStatus":"UNVERIFIED","sourceKind":"official","sourceCellId":"1R7588LI","sourceStableId":"1F2B69F1AB1B758A","sourceChecksum":"fcefec7e07170c4b859138c34376143c7aa4e9f8e653fc723d6bbe65dbf3c0a2","pipelineFeatureId":"1R7588LI/DEPCNT/1271588096","provenance":{"cellId":"1R7588LI","checksum":"fcefec7e07170c4b859138c34376143c7aa4e9f8e653fc723d6bbe65dbf3c0a2","readerVersion":"GDAL 3.2.2","processedAt":"2026-08-11T18:29:20.995Z"},"sourceProperties":{"RCID":1271588096,"PRIM":2,"GRUP":2,"OBJL":43,"RVER":1,"AGEN":7979,"FIDN":1777445659,"FIDS":30090,"LNAM":"1F2B69F1AB1B758A","VALDCO":20,"SCAMIN":50000,"sourceCellId":"1R7588LI","sourceChecksum":"fcefec7e07170c4b859138c34376143c7aa4e9f8e653fc723d6bbe65dbf3c0a2","rawObjectClass":"DEPCNT","sourceStableId":"1F2B69F1AB1B758A"}}},{"type":"Feature","geometry":{"type":"LineString","coordinates":[[3.2142705,51.619266],[3.2142605,51.6192529],[3.2141996,51.6191763],[3.2142809,51.6190918],[3.2142896,51.6190808],[3.2142808,51.6190749],[3.214247,51.6189963],[3.2142403,51.6189714],[3.2142321,51.6189064],[3.2142797,51.6188254],[3.2142895,51.6188164],[3.2142894,51.6188103],[3.2143181,51.6187265],[3.2143227,51.6186993],[3.2143333,51.6186365],[3.2143482,51.6185931],[3.214357,51.6185466],[3.2144224,51.6184714],[3.2144389,51.6184565],[3.2144372,51.6184472],[3.2144866,51.6183665],[3.2144217,51.618317],[3.2143491,51.6182768],[3.2143486,51.6182316],[3.2143445,51.6181869],[3.2143871,51.6181179],[3.2143885,51.6180969],[3.2144205,51.6180589],[3.2144642,51.6180069],[3.2144797,51.6179697],[3.2145013,51.6179169],[3.2145128,51.6178588],[3.2145246,51.6178269],[3.2145635,51.6177626],[3.2145948,51.6177369],[3.2147077,51.6176988],[3.214789,51.6176859],[3.214852,51.6176821],[3.2149091,51.617682],[3.2149965,51.6176909],[3.2151127,51.6176635],[3.2151409,51.6176747],[3.2152102,51.6176458],[3.2152613,51.6176309],[3.2152851,51.6176386],[3.2153101,51.6176457],[3.2154298,51.6176904],[3.2155209,51.6177352],[3.2155746,51.6177571],[3.2156605,51.6177883],[3.2157193,51.6178105],[3.2157466,51.6178247],[3.215864,51.6178742],[3.2159016,51.6179143],[3.216009,51.6179996],[3.2160256,51.618004],[3.2161538,51.618062],[3.2162236,51.6180936],[3.2162985,51.6181201],[3.2164393,51.6181831],[3.2164432,51.6181844],[3.2165525,51.6182728],[3.2165439,51.6183004],[3.2165473,51.6183627],[3.2165332,51.6183972],[3.2165043,51.6184527],[3.2164449,51.6185274],[3.2164328,51.6185427],[3.216425,51.6185552],[3.2163807,51.6186328],[3.2163696,51.6186801],[3.2163403,51.6187227],[3.2163017,51.6187964],[3.2162889,51.6188128],[3.2162536,51.6188429],[3.2161875,51.6189029],[3.2161579,51.6189231],[3.2160442,51.618993],[3.2160139,51.6190145],[3.215899,51.6190832],[3.2158698,51.6190969],[3.2158203,51.6191142],[3.2157256,51.6191509],[3.2156683,51.6191736],[3.2155815,51.6192146],[3.2154535,51.6192639],[3.2154373,51.6192693],[3.2154074,51.6192826],[3.2152931,51.619324],[3.2152696,51.6193541],[3.2152405,51.6193871],[3.2152935,51.6193979],[3.2153232,51.6194255],[3.2153118,51.619444],[3.2152938,51.6194805],[3.2152124,51.6194949],[3.2151495,51.6195054],[3.2150867,51.6195343],[3.2150053,51.6195544],[3.2148846,51.6195347],[3.2148608,51.6195311],[3.2148519,51.6195292],[3.2147162,51.6195093],[3.2146322,51.6194829],[3.2145717,51.6194932],[3.2144553,51.6195354],[3.2144275,51.6195527],[3.2143353,51.6196256],[3.2142835,51.6196503],[3.2141592,51.6196259],[3.2141513,51.6196182],[3.2142168,51.6195359],[3.2142827,51.619469],[3.2143368,51.6194457],[3.2143901,51.6194228],[3.214339,51.6193558],[3.2142818,51.6192809],[3.2142705,51.619266]]},"properties":{"rawObjectClass":"DEPCNT","VALDCO":20,"depthDatum":"Approximate LAT","depthDatumCode":42,"depthDatumStatus":"VERIFIED_FROM_OFFICIAL_DOCUMENTATION","verticalDatum":"Local Datum","verticalDatumCode":24,"napIdentityStatus":"UNVERIFIED","sourceKind":"official","sourceCellId":"1R7588LI","sourceStableId":"1F2B69F1AB1B758B","sourceChecksum":"fcefec7e07170c4b859138c34376143c7aa4e9f8e653fc723d6bbe65dbf3c0a2","pipelineFeatureId":"1R7588LI/DEPCNT/1271588097","provenance":{"cellId":"1R7588LI","checksum":"fcefec7e07170c4b859138c34376143c7aa4e9f8e653fc723d6bbe65dbf3c0a2","readerVersion":"GDAL 3.2.2","processedAt":"2026-08-11T18:29:20.995Z"},"sourceProperties":{"RCID":1271588097,"PRIM":2,"GRUP":2,"OBJL":43,"RVER":1,"AGEN":7979,"FIDN":1777445659,"FIDS":30091,"LNAM":"1F2B69F1AB1B758B","VALDCO":20,"SCAMIN":50000,"sourceCellId":"1R7588LI","sourceChecksum":"fcefec7e07170c4b859138c34376143c7aa4e9f8e653fc723d6bbe65dbf3c0a2","rawObjectClass":"DEPCNT","sourceStableId":"1F2B69F1AB1B758B"}}},{"type":"Feature","geometry":{"type":"LineString","coordinates":[[3.2147169,51.5890461],[3.2147504,51.5890325],[3.214861,51.5889937],[3.2149232,51.5889632],[3.2150051,51.5889404],[3.2150473,51.5889367],[3.2151494,51.5889172],[3.2152424,51.5889046],[3.2152936,51.588905],[3.215416,51.588886],[3.2154379,51.5888844],[3.2155008,51.5888722],[3.2155821,51.5888521],[3.2156294,51.5888425],[3.2157262,51.5888132],[3.2158577,51.5887896],[3.2158705,51.5887858],[3.2158875,51.5887816],[3.2160146,51.5887391],[3.2161416,51.5887019],[3.2161587,51.5886959],[3.2161954,51.5886911],[3.2163029,51.5886637],[3.2163586,51.5886561],[3.2164471,51.5886237],[3.216536,51.5886006],[3.2165912,51.5885683],[3.2166715,51.5885502],[3.2167353,51.5885245],[3.2167807,51.5885102],[3.2168794,51.5884669],[3.2169858,51.5884435],[3.2170235,51.5884308],[3.2170524,51.5884198],[3.2171676,51.5883676],[3.2172973,51.5883294],[3.2173117,51.588323],[3.217338,51.588313],[3.2174557,51.5882554],[3.2175152,51.5882391],[3.2175998,51.5881992],[3.2176983,51.5881489],[3.2177439,51.5881327],[3.2177846,51.5881233],[3.217888,51.5880915],[3.2180184,51.588067],[3.2180322,51.5880688],[3.2181432,51.5880789],[3.2180794,51.5881481],[3.2180328,51.5881852],[3.2179761,51.5882383],[3.217889,51.5882955],[3.2178399,51.5883284],[3.2177451,51.5883907],[3.2177069,51.5884186],[3.2176011,51.5884738],[3.2175457,51.5885088],[3.2174572,51.5885556],[3.2173496,51.5885991],[3.2173131,51.5886179],[3.2172552,51.5886354],[3.217169,51.5886649],[3.2171076,51.5886894],[3.217025,51.5887252],[3.2169142,51.5887589],[3.2168808,51.5887682],[3.2168507,51.5887798],[3.2167367,51.5888237],[3.2166486,51.5888351],[3.2165925,51.5888462],[3.2165057,51.5888704],[3.2164484,51.5888922],[3.2164068,51.5888965],[3.2163041,51.5889214],[3.2162178,51.5889247],[3.2161598,51.5889261],[3.2160201,51.5889584],[3.2160156,51.5889581],[3.2160099,51.5889612],[3.2158715,51.5889988],[3.215807,51.5890018],[3.2157271,51.5890019],[3.2156443,51.5890135],[3.2155828,51.589012],[3.2154786,51.5890272],[3.2154385,51.5890227],[3.2153094,51.589043],[3.2152943,51.5890418],[3.2152739,51.5890525],[3.2151501,51.5890764],[3.2151062,51.5890801],[3.2150058,51.5890828],[3.2149257,51.589103],[3.2148615,51.5890938],[3.2147301,51.5891434],[3.2147174,51.5891466],[3.2147094,51.5891484],[3.2146273,51.5891436],[3.2146182,51.5891154],[3.2146414,51.5890536],[3.2147169,51.5890461]]},"properties":{"rawObjectClass":"DEPCNT","VALDCO":20,"depthDatum":"Approximate LAT","depthDatumCode":42,"depthDatumStatus":"VERIFIED_FROM_OFFICIAL_DOCUMENTATION","verticalDatum":"Local Datum","verticalDatumCode":24,"napIdentityStatus":"UNVERIFIED","sourceKind":"official","sourceCellId":"1R7588LI","sourceStableId":"1F2B69F1AB1B758C","sourceChecksum":"fcefec7e07170c4b859138c34376143c7aa4e9f8e653fc723d6bbe65dbf3c0a2","pipelineFeatureId":"1R7588LI/DEPCNT/1271588098","provenance":{"cellId":"1R7588LI","checksum":"fcefec7e07170c4b859138c34376143c7aa4e9f8e653fc723d6bbe65dbf3c0a2","readerVersion":"GDAL 3.2.2","processedAt":"2026-08-11T18:29:20.995Z"},"sourceProperties":{"RCID":1271588098,"PRIM":2,"GRUP":2,"OBJL":43,"RVER":1,"AGEN":7979,"FIDN":1777445659,"FIDS":30092,"LNAM":"1F2B69F1AB1B758C","VALDCO":20,"SCAMIN":50000,"sourceCellId":"1R7588LI","sourceChecksum":"fcefec7e07170c4b859138c34376143c7aa4e9f8e653fc723d6bbe65dbf3c0a2","rawObjectClass":"DEPCNT","sourceStableId":"1F2B69F1AB1B758C"}}},{"type":"Feature","geometry":{"type":"LineString","coordinates":[[3.2324332,51.6080819],[3.2324245,51.6080963],[3.2323428,51.608172],[3.2322808,51.6082195],[3.2322021,51.6082622],[3.2321368,51.608303],[3.2320738,51.6083524],[3.2320051,51.6084349],[3.2320404,51.6084424],[3.2319931,51.6084494],[3.2319785,51.6084425],[3.2318485,51.6084026],[3.2317537,51.608353],[3.2317037,51.6083337],[3.2316458,51.6082633],[3.231703,51.6081875],[3.2317161,51.6081733],[3.2317362,51.6081524],[3.2318017,51.6080832],[3.2318466,51.6080377],[3.2318814,51.6079931],[3.2319701,51.6079156],[3.2319829,51.607903],[3.2319903,51.6078948],[3.2320669,51.6078129],[3.232134,51.6077583],[3.2322155,51.6077227],[3.2322781,51.6077063],[3.2323598,51.6076715],[3.2324223,51.6076538],[3.2325334,51.6076322],[3.2325665,51.6076261],[3.2325824,51.6076321],[3.2325757,51.6076377],[3.2326185,51.6077219],[3.2325846,51.6078012],[3.23258,51.6078119],[3.2325676,51.6078406],[3.2325418,51.6079019],[3.2325252,51.6079286],[3.2324849,51.6079919],[3.2324332,51.6080819]]},"properties":{"rawObjectClass":"DEPCNT","VALDCO":20,"depthDatum":"Approximate LAT","depthDatumCode":42,"depthDatumStatus":"VERIFIED_FROM_OFFICIAL_DOCUMENTATION","verticalDatum":"Local Datum","verticalDatumCode":24,"napIdentityStatus":"UNVERIFIED","sourceKind":"official","sourceCellId":"1R7588LI","sourceStableId":"1F2B69F1AB1B758D","sourceChecksum":"fcefec7e07170c4b859138c34376143c7aa4e9f8e653fc723d6bbe65dbf3c0a2","pipelineFeatureId":"1R7588LI/DEPCNT/1271588099","provenance":{"cellId":"1R7588LI","checksum":"fcefec7e07170c4b859138c34376143c7aa4e9f8e653fc723d6bbe65dbf3c0a2","readerVersion":"GDAL 3.2.2","processedAt":"2026-08-11T18:29:20.995Z"},"sourceProperties":{"RCID":1271588099,"PRIM":2,"GRUP":2,"OBJL":43,"RVER":1,"AGEN":7979,"FIDN":1777445659,"FIDS":30093,"LNAM":"1F2B69F1AB1B758D","VALDCO":20,"SCAMIN":50000,"sourceCellId":"1R7588LI","sourceChecksum":"fcefec7e07170c4b859138c34376143c7aa4e9f8e653fc723d6bbe65dbf3c0a2","rawObjectClass":"DEPCNT","sourceStableId":"1F2B69F1AB1B758D"}}},{"type":"Feature","geometry":{"type":"LineString","coordinates":[[3.2249406,51.5891401],[3.2248217,51.5891346],[3.2247883,51.5891246],[3.2248216,51.5891169],[3.2248503,51.5891065],[3.2249658,51.5890977],[3.2250807,51.5890341],[3.2251099,51.5890302],[3.225156,51.5890339],[3.225156,51.5890953],[3.2251293,51.5891239],[3.2251103,51.5891285],[3.2251025,51.5891289],[3.224966,51.5891321],[3.2249406,51.5891401]]},"properties":{"rawObjectClass":"DEPCNT","VALDCO":20,"depthDatum":"Approximate LAT","depthDatumCode":42,"depthDatumStatus":"VERIFIED_FROM_OFFICIAL_DOCUMENTATION","verticalDatum":"Local Datum","verticalDatumCode":24,"napIdentityStatus":"UNVERIFIED","sourceKind":"official","sourceCellId":"1R7588LI","sourceStableId":"1F2B69F1AB1B758E","sourceChecksum":"fcefec7e07170c4b859138c34376143c7aa4e9f8e653fc723d6bbe65dbf3c0a2","pipelineFeatureId":"1R7588LI/DEPCNT/1271588100","provenance":{"cellId":"1R7588LI","checksum":"fcefec7e07170c4b859138c34376143c7aa4e9f8e653fc723d6bbe65dbf3c0a2","readerVersion":"GDAL 3.2.2","processedAt":"2026-08-11T18:29:20.995Z"},"sourceProperties":{"RCID":1271588100,"PRIM":2,"GRUP":2,"OBJL":43,"RVER":1,"AGEN":7979,"FIDN":1777445659,"FIDS":30094,"LNAM":"1F2B69F1AB1B758E","VALDCO":20,"SCAMIN":50000,"sourceCellId":"1R7588LI","sourceChecksum":"fcefec7e07170c4b859138c34376143c7aa4e9f8e653fc723d6bbe65dbf3c0a2","rawObjectClass":"DEPCNT","sourceStableId":"1F2B69F1AB1B758E"}}},{"type":"Feature","geometry":{"type":"LineString","coordinates":[[3.2639657,51.6184837],[3.2640613,51.6185352],[3.2640792,51.6186054],[3.2640811,51.6186251],[3.2641112,51.6186582],[3.2641624,51.6187148],[3.264224,51.6187845],[3.264112,51.6188027],[3.2641088,51.6188029],[3.2639673,51.6187636],[3.2638523,51.6187339],[3.2638227,51.6187317],[3.2637855,51.6187157],[3.263678,51.6186885],[3.2635641,51.6186262],[3.2635331,51.6186013],[3.2634418,51.6185366],[3.263388,51.6184925],[3.263324,51.6184469],[3.2632596,51.6183676],[3.2632669,51.6183572],[3.263387,51.6183107],[3.263479,51.6183567],[3.2634923,51.6183813],[3.2635317,51.6183695],[3.2636655,51.6184462],[3.2636767,51.618452],[3.2636856,51.6184461],[3.2636766,51.6184401],[3.2635501,51.6183565],[3.2636758,51.6183046],[3.2637563,51.6183561],[3.2638208,51.6183939],[3.2639006,51.6184457],[3.2639657,51.6184837]]},"properties":{"rawObjectClass":"DEPCNT","VALDCO":20,"depthDatum":"Approximate LAT","depthDatumCode":42,"depthDatumStatus":"VERIFIED_FROM_OFFICIAL_DOCUMENTATION","verticalDatum":"Local Datum","verticalDatumCode":24,"napIdentityStatus":"UNVERIFIED","sourceKind":"official","sourceCellId":"1R7588LI","sourceStableId":"1F2B69F1AB1B758F","sourceChecksum":"fcefec7e07170c4b859138c34376143c7aa4e9f8e653fc723d6bbe65dbf3c0a2","pipelineFeatureId":"1R7588LI/DEPCNT/1271588101","provenance":{"cellId":"1R7588LI","checksum":"fcefec7e07170c4b859138c34376143c7aa4e9f8e653fc723d6bbe65dbf3c0a2","readerVersion":"GDAL 3.2.2","processedAt":"2026-08-11T18:29:20.995Z"},"sourceProperties":{"RCID":1271588101,"PRIM":2,"GRUP":2,"OBJL":43,"RVER":1,"AGEN":7979,"FIDN":1777445659,"FIDS":30095,"LNAM":"1F2B69F1AB1B758F","VALDCO":20,"SCAMIN":50000,"sourceCellId":"1R7588LI","sourceChecksum":"fcefec7e07170c4b859138c34376143c7aa4e9f8e653fc723d6bbe65dbf3c0a2","rawObjectClass":"DEPCNT","sourceStableId":"1F2B69F1AB1B758F"}}},{"type":"Feature","geometry":{"type":"LineString","coordinates":[[3.2220649,51.6158243],[3.2221036,51.6158105],[3.2221776,51.6158345],[3.2221674,51.6158607],[3.2220857,51.6159246],[3.2220654,51.6159352],[3.2220332,51.6159448],[3.2219211,51.6159514],[3.2219054,51.615925],[3.2219209,51.61591],[3.2220408,51.6158348],[3.2220649,51.6158243]]},"properties":{"rawObjectClass":"DEPCNT","VALDCO":20,"depthDatum":"Approximate LAT","depthDatumCode":42,"depthDatumStatus":"VERIFIED_FROM_OFFICIAL_DOCUMENTATION","verticalDatum":"Local Datum","verticalDatumCode":24,"napIdentityStatus":"UNVERIFIED","sourceKind":"official","sourceCellId":"1R7588LI","sourceStableId":"1F2B69F1AB1B7590","sourceChecksum":"fcefec7e07170c4b859138c34376143c7aa4e9f8e653fc723d6bbe65dbf3c0a2","pipelineFeatureId":"1R7588LI/DEPCNT/1271588102","provenance":{"cellId":"1R7588LI","checksum":"fcefec7e07170c4b859138c34376143c7aa4e9f8e653fc723d6bbe65dbf3c0a2","readerVersion":"GDAL 3.2.2","processedAt":"2026-08-11T18:29:20.995Z"},"sourceProperties":{"RCID":1271588102,"PRIM":2,"GRUP":2,"OBJL":43,"RVER":1,"AGEN":7979,"FIDN":1777445659,"FIDS":30096,"LNAM":"1F2B69F1AB1B7590","VALDCO":20,"SCAMIN":50000,"sourceCellId":"1R7588LI","sourceChecksum":"fcefec7e07170c4b859138c34376143c7aa4e9f8e653fc723d6bbe65dbf3c0a2","rawObjectClass":"DEPCNT","sourceStableId":"1F2B69F1AB1B7590"}}},{"type":"Feature","geometry":{"type":"LineString","coordinates":[[3.221853,51.6236336],[3.2219584,51.6236106],[3.2220671,51.6235897],[3.2221028,51.623593],[3.2221839,51.6236177],[3.2222475,51.6236415],[3.2223155,51.6236569],[3.2223594,51.6237263],[3.2223682,51.6237468],[3.2222484,51.6238222],[3.2222226,51.6238369],[3.2221042,51.6238906],[3.2220144,51.6239273],[3.22196,51.6239382],[3.2219361,51.6239423],[3.2218157,51.6239696],[3.2217254,51.623984],[3.2216714,51.6239951],[3.2215402,51.6239282],[3.2215265,51.6239056],[3.2214638,51.6238384],[3.2215258,51.6237739],[3.2215532,51.6237483],[3.2216699,51.6236921],[3.221743,51.623658],[3.2218141,51.6236415],[3.221853,51.6236336]]},"properties":{"rawObjectClass":"DEPCNT","VALDCO":20,"depthDatum":"Approximate LAT","depthDatumCode":42,"depthDatumStatus":"VERIFIED_FROM_OFFICIAL_DOCUMENTATION","verticalDatum":"Local Datum","verticalDatumCode":24,"napIdentityStatus":"UNVERIFIED","sourceKind":"official","sourceCellId":"1R7588LI","sourceStableId":"1F2B69F1AB1B7591","sourceChecksum":"fcefec7e07170c4b859138c34376143c7aa4e9f8e653fc723d6bbe65dbf3c0a2","pipelineFeatureId":"1R7588LI/DEPCNT/1271588103","provenance":{"cellId":"1R7588LI","checksum":"fcefec7e07170c4b859138c34376143c7aa4e9f8e653fc723d6bbe65dbf3c0a2","readerVersion":"GDAL 3.2.2","processedAt":"2026-08-11T18:29:20.995Z"},"sourceProperties":{"RCID":1271588103,"PRIM":2,"GRUP":2,"OBJL":43,"RVER":1,"AGEN":7979,"FIDN":1777445659,"FIDS":30097,"LNAM":"1F2B69F1AB1B7591","VALDCO":20,"SCAMIN":50000,"sourceCellId":"1R7588LI","sourceChecksum":"fcefec7e07170c4b859138c34376143c7aa4e9f8e653fc723d6bbe65dbf3c0a2","rawObjectClass":"DEPCNT","sourceStableId":"1F2B69F1AB1B7591"}}},{"type":"Feature","geometry":{"type":"LineString","coordinates":[[3.1575893,51.587076],[3.1575985,51.5871071],[3.1575794,51.587166],[3.1575898,51.5871914],[3.1575572,51.5872559],[3.1575492,51.5872697],[3.1575385,51.5872559],[3.1574046,51.5871901],[3.1572777,51.5871772],[3.1572602,51.5871762],[3.157245,51.5871664],[3.1572312,51.5871484],[3.1571621,51.5870766],[3.1571709,51.587042],[3.1571976,51.5869866],[3.1571149,51.5869024],[3.1571119,51.5868968],[3.1570984,51.5868866],[3.157015,51.5868071],[3.1570056,51.5867393],[3.1569817,51.5867172],[3.1569854,51.5867075],[3.1569795,51.5866273],[3.1569844,51.586618],[3.1569749,51.5865374],[3.1569816,51.5865297],[3.1570638,51.5864473],[3.1571132,51.586408],[3.1572103,51.5863866],[3.1572574,51.5863796],[3.1573603,51.586357],[3.1574017,51.5863473],[3.157412,51.5863569],[3.1575463,51.5864259],[3.1575694,51.5864466],[3.1575793,51.5864671],[3.1576078,51.5865365],[3.1576316,51.5865893],[3.1576219,51.5866264],[3.157652,51.5866916],[3.1576497,51.5867163],[3.1576422,51.5867472],[3.157646,51.5868062],[3.1576192,51.5868517],[3.1575815,51.5868962],[3.1575721,51.5869113],[3.1576042,51.5869861],[3.1575925,51.5870486],[3.1575893,51.587076]]},"properties":{"rawObjectClass":"DEPCNT","VALDCO":20,"depthDatum":"Approximate LAT","depthDatumCode":42,"depthDatumStatus":"VERIFIED_FROM_OFFICIAL_DOCUMENTATION","verticalDatum":"Local Datum","verticalDatumCode":24,"napIdentityStatus":"UNVERIFIED","sourceKind":"official","sourceCellId":"1R7588LI","sourceStableId":"1F2B69F1AB1B7592","sourceChecksum":"fcefec7e07170c4b859138c34376143c7aa4e9f8e653fc723d6bbe65dbf3c0a2","pipelineFeatureId":"1R7588LI/DEPCNT/1271588104","provenance":{"cellId":"1R7588LI","checksum":"fcefec7e07170c4b859138c34376143c7aa4e9f8e653fc723d6bbe65dbf3c0a2","readerVersion":"GDAL 3.2.2","processedAt":"2026-08-11T18:29:20.995Z"},"sourceProperties":{"RCID":1271588104,"PRIM":2,"GRUP":2,"OBJL":43,"RVER":1,"AGEN":7979,"FIDN":1777445659,"FIDS":30098,"LNAM":"1F2B69F1AB1B7592","VALDCO":20,"SCAMIN":50000,"sourceCellId":"1R7588LI","sourceChecksum":"fcefec7e07170c4b859138c34376143c7aa4e9f8e653fc723d6bbe65dbf3c0a2","rawObjectClass":"DEPCNT","sourceStableId":"1F2B69F1AB1B7592"}}},{"type":"Feature","geometry":{"type":"LineString","coordinates":[[3.2164318,51.5928268],[3.216323,51.5928894],[3.2162817,51.592917],[3.2161791,51.5929834],[3.216142,51.5930072],[3.2160352,51.5930905],[3.2160233,51.5930973],[3.2159857,51.5931283],[3.2159111,51.5931875],[3.2158914,51.593202],[3.2158146,51.5932775],[3.2157477,51.5933374],[3.2156919,51.5933677],[3.215662,51.5934214],[3.215628,51.5934577],[3.215604,51.5934895],[3.2154917,51.5935479],[3.2154739,51.5936294],[3.2154654,51.5936379],[3.2154604,51.5936446],[3.2153501,51.593728],[3.2153302,51.5938096],[3.2153231,51.5938179],[3.2153169,51.5938249],[3.2151871,51.5939081],[3.215173,51.593921],[3.215141,51.5939281],[3.215067,51.5939083],[3.2150664,51.5938422],[3.2150443,51.5938185],[3.2150563,51.5938009],[3.2150699,51.5937285],[3.2151181,51.593672],[3.2151513,51.5936384],[3.2151215,51.5935796],[3.215131,51.5935486],[3.2151709,51.5934715],[3.2151765,51.5934586],[3.2151808,51.5934523],[3.2152128,51.5933686],[3.2152168,51.5933396],[3.2152205,51.5932786],[3.215259,51.593223],[3.2152516,51.5931887],[3.2152813,51.5931188],[3.2152962,51.5930987],[3.2153133,51.5930694],[3.2153502,51.5930087],[3.2154107,51.5929475],[3.2154394,51.5929186],[3.2154569,51.5929027],[3.2155512,51.5928285],[3.2156007,51.5927931],[3.2156672,51.5927383],[3.2157444,51.5926556],[3.2157513,51.5926483],[3.2158884,51.592559],[3.2158909,51.5925581],[3.2160325,51.5925057],[3.21614,51.5924906],[3.2161767,51.5924797],[3.2162102,51.5924676],[3.2163162,51.5923775],[3.2163206,51.5923754],[3.2163282,51.5923726],[3.2164646,51.5923143],[3.2165186,51.5922872],[3.2166086,51.5922382],[3.2166555,51.592197],[3.2167524,51.592124],[3.2167718,51.5921069],[3.2168963,51.5920249],[3.2169096,51.5920167],[3.2170403,51.5919388],[3.2171005,51.5919264],[3.2171844,51.5918859],[3.2173143,51.591845],[3.2173285,51.5918415],[3.2173469,51.5918361],[3.2174725,51.5917707],[3.217567,51.5917457],[3.2175652,51.5917137],[3.2174974,51.591656],[3.2175369,51.5916065],[3.2175066,51.591566],[3.2176156,51.5915061],[3.2176529,51.5914758],[3.2177595,51.5913986],[3.2177785,51.5913857],[3.2179035,51.5913282],[3.2179963,51.5912954],[3.2180476,51.5912726],[3.2181522,51.5912298],[3.2181917,51.5912163],[3.2182117,51.591205],[3.2183358,51.5911669],[3.21843,51.5911459],[3.21848,51.5911425],[3.2185497,51.5911145],[3.2186241,51.5910924],[3.2186707,51.5910853],[3.2187684,51.5910814],[3.2188984,51.5910327],[3.2189126,51.5910446],[3.2189383,51.5910239],[3.2190568,51.5910063],[3.2191215,51.5909832],[3.2191834,51.5910234],[3.219057,51.5910554],[3.218954,51.5911137],[3.218913,51.5911221],[3.218848,51.5911545],[3.2187689,51.5911764],[3.2187293,51.5912041],[3.2186248,51.5912287],[3.218492,51.5912944],[3.2184808,51.5912989],[3.2184674,51.5913028],[3.2183366,51.5913316],[3.2182462,51.5913848],[3.2181926,51.5914082],[3.218097,51.5914448],[3.2180484,51.5914516],[3.2180071,51.5914752],[3.2179044,51.5915221],[3.2178292,51.5915654],[3.2177606,51.5916329],[3.217685,51.5916556],[3.2176307,51.5917369],[3.2176185,51.5917456],[3.2176168,51.5917483],[3.2174916,51.5918358],[3.217473,51.5918638],[3.2174018,51.5919259],[3.2173291,51.5919646],[3.2172736,51.592016],[3.2171852,51.5920544],[3.2171033,51.5921063],[3.2170412,51.5921423],[3.2169642,51.5921964],[3.2168973,51.5922412],[3.2168145,51.5922866],[3.2167987,51.5923484],[3.216773,51.5923766],[3.2168237,51.59242],[3.216754,51.5924536],[3.2166921,51.5924667],[3.2167541,51.5924711],[3.2167631,51.5924722],[3.2168985,51.5924931],[3.2170001,51.5925292],[3.2170081,51.5924661],[3.2170428,51.592461],[3.2170546,51.5924587],[3.2171871,51.5924555],[3.217225,51.592442],[3.2173313,51.5924179],[3.2174029,51.5923755],[3.2174753,51.5923467],[3.2175922,51.5922852],[3.2176193,51.5922706],[3.2176692,51.5922539],[3.2177635,51.5922366],[3.21783,51.5921948],[3.2179074,51.5921572],[3.2179993,51.5921046],[3.2180514,51.5920741],[3.2181682,51.5920314],[3.2181956,51.5920298],[3.2182237,51.5920143],[3.2183397,51.591979],[3.2184783,51.5919239],[3.2184837,51.5919214],[3.2184884,51.591921],[3.218628,51.5919025],[3.2187544,51.5919121],[3.2187724,51.5919113],[3.2188422,51.5918797],[3.2189166,51.591883],[3.2189975,51.5919229],[3.2189169,51.5919298],[3.2187849,51.591931],[3.2187725,51.5919298],[3.2187377,51.5919451],[3.2186283,51.5919601],[3.2185584,51.5920136],[3.2184843,51.592031],[3.2183669,51.5921039],[3.2183403,51.5921169],[3.2182953,51.5921322],[3.2181961,51.5921393],[3.2181073,51.5921943],[3.2180521,51.5922169],[3.217944,51.5922845],[3.2179081,51.5923015],[3.2178051,51.5923491],[3.217764,51.5923517],[3.2177277,51.5923749],[3.2176199,51.5924005],[3.2175168,51.5924652],[3.2174759,51.5924828],[3.2174045,51.59251],[3.2173317,51.5925101],[3.2172297,51.5925556],[3.2171876,51.5925659],[3.2171658,51.5925693],[3.2170433,51.5925659],[3.2170143,51.5925741],[3.2168991,51.5926087],[3.2168486,51.5926462],[3.2167551,51.5926838],[3.2166329,51.5927229],[3.2166109,51.5927266],[3.2165973,51.5927366],[3.216467,51.5928051],[3.2164318,51.5928268]]},"properties":{"rawObjectClass":"DEPCNT","VALDCO":20,"depthDatum":"Approximate LAT","depthDatumCode":42,"depthDatumStatus":"VERIFIED_FROM_OFFICIAL_DOCUMENTATION","verticalDatum":"Local Datum","verticalDatumCode":24,"napIdentityStatus":"UNVERIFIED","sourceKind":"official","sourceCellId":"1R7588LI","sourceStableId":"1F2B69F1AB1B7593","sourceChecksum":"fcefec7e07170c4b859138c34376143c7aa4e9f8e653fc723d6bbe65dbf3c0a2","pipelineFeatureId":"1R7588LI/DEPCNT/1271588105","provenance":{"cellId":"1R7588LI","checksum":"fcefec7e07170c4b859138c34376143c7aa4e9f8e653fc723d6bbe65dbf3c0a2","readerVersion":"GDAL 3.2.2","processedAt":"2026-08-11T18:29:20.995Z"},"sourceProperties":{"RCID":1271588105,"PRIM":2,"GRUP":2,"OBJL":43,"RVER":1,"AGEN":7979,"FIDN":1777445659,"FIDS":30099,"LNAM":"1F2B69F1AB1B7593","VALDCO":20,"SCAMIN":50000,"sourceCellId":"1R7588LI","sourceChecksum":"fcefec7e07170c4b859138c34376143c7aa4e9f8e653fc723d6bbe65dbf3c0a2","rawObjectClass":"DEPCNT","sourceStableId":"1F2B69F1AB1B7593"}}},{"type":"Feature","geometry":{"type":"LineString","coordinates":[[3.1830615,51.6141836],[3.1830853,51.6141788],[3.1832059,51.6141574],[3.1832826,51.6141455],[3.1833503,51.6141505],[3.1834913,51.614105],[3.1834945,51.6141037],[3.1834967,51.6141031],[3.1836387,51.6140563],[3.1837173,51.6140128],[3.1837827,51.6139325],[3.1837968,51.6139228],[3.1839269,51.6138848],[3.1840496,51.6139088],[3.1840714,51.6139007],[3.1840954,51.6139074],[3.1842157,51.6138842],[3.1843011,51.613922],[3.1843604,51.6139488],[3.1844286,51.6139641],[3.1845048,51.6139343],[3.184522,51.6139324],[3.1846493,51.6139535],[3.1847237,51.6139676],[3.1847938,51.6139622],[3.1848637,51.6139646],[3.1849382,51.6139741],[3.1850391,51.6139836],[3.1850827,51.6139909],[3.1851107,51.6140106],[3.1851162,51.6140313],[3.185169,51.6141004],[3.1851378,51.6141566],[3.1851337,51.6141904],[3.1850899,51.6142766],[3.1850877,51.6142804],[3.1850874,51.6142826],[3.1851496,51.6143702],[3.1851947,51.6144387],[3.1852072,51.61446],[3.1852291,51.6144813],[3.1852692,51.6145499],[3.1852295,51.6145792],[3.1851106,51.61464],[3.1852301,51.6147028],[3.1852999,51.6147296],[3.1852303,51.6147732],[3.1851524,51.6147299],[3.1850855,51.614673],[3.1850591,51.61473],[3.1850859,51.6147637],[3.1851686,51.6148198],[3.1851048,51.6148983],[3.1850955,51.6149098],[3.1850866,51.6149375],[3.1850721,51.6149997],[3.1850634,51.6150144],[3.1850611,51.6150897],[3.1850191,51.6151322],[3.1849831,51.6151797],[3.1849432,51.6151914],[3.1849193,51.6151798],[3.1847985,51.6151417],[3.1847025,51.6150902],[3.1846537,51.6150495],[3.1845518,51.6150006],[3.184509,51.6149798],[3.1843531,51.614904],[3.1842197,51.6148539],[3.1841617,51.6148213],[3.1840749,51.6147839],[3.1839571,51.6147317],[3.1839302,51.6147155],[3.1837914,51.6146421],[3.1837855,51.6146364],[3.1837523,51.6146215],[3.1836408,51.6145615],[3.183496,51.6144831],[3.1834646,51.6144824],[3.1833517,51.6145082],[3.1832456,51.614553],[3.1832076,51.6145873],[3.1831415,51.6145532],[3.1830628,51.6144924],[3.1829773,51.6144635],[3.1830625,51.6144319],[3.1831282,51.6144633],[3.1832072,51.6144996],[3.1832352,51.6144631],[3.1832069,51.6144295],[3.1831315,51.6143734],[3.183062,51.6143122],[3.1829737,51.6142837],[3.1829787,51.6142455],[3.1830217,51.6141937],[3.1830615,51.6141836]]},"properties":{"rawObjectClass":"DEPCNT","VALDCO":20,"depthDatum":"Approximate LAT","depthDatumCode":42,"depthDatumStatus":"VERIFIED_FROM_OFFICIAL_DOCUMENTATION","verticalDatum":"Local Datum","verticalDatumCode":24,"napIdentityStatus":"UNVERIFIED","sourceKind":"official","sourceCellId":"1R7588LI","sourceStableId":"1F2B69F1AB1B7594","sourceChecksum":"fcefec7e07170c4b859138c34376143c7aa4e9f8e653fc723d6bbe65dbf3c0a2","pipelineFeatureId":"1R7588LI/DEPCNT/1271588106","provenance":{"cellId":"1R7588LI","checksum":"fcefec7e07170c4b859138c34376143c7aa4e9f8e653fc723d6bbe65dbf3c0a2","readerVersion":"GDAL 3.2.2","processedAt":"2026-08-11T18:29:20.995Z"},"sourceProperties":{"RCID":1271588106,"PRIM":2,"GRUP":2,"OBJL":43,"RVER":1,"AGEN":7979,"FIDN":1777445659,"FIDS":30100,"LNAM":"1F2B69F1AB1B7594","VALDCO":20,"SCAMIN":50000,"sourceCellId":"1R7588LI","sourceChecksum":"fcefec7e07170c4b859138c34376143c7aa4e9f8e653fc723d6bbe65dbf3c0a2","rawObjectClass":"DEPCNT","sourceStableId":"1F2B69F1AB1B7594"}}},{"type":"Feature","geometry":{"type":"LineString","coordinates":[[3.2100594,51.6120113],[3.2100361,51.6119905],[3.2100433,51.6119103],[3.2100425,51.6119006],[3.2100413,51.6118897],[3.2100481,51.6118107],[3.2100584,51.6117967],[3.2100957,51.6118106],[3.2101602,51.6118736],[3.2101757,51.6119004],[3.2102033,51.6119079],[3.2102624,51.6119535],[3.2102434,51.6119902],[3.210204,51.6120564],[3.2101507,51.6120471],[3.2100594,51.6120113]]},"properties":{"rawObjectClass":"DEPCNT","VALDCO":20,"depthDatum":"Approximate LAT","depthDatumCode":42,"depthDatumStatus":"VERIFIED_FROM_OFFICIAL_DOCUMENTATION","verticalDatum":"Local Datum","verticalDatumCode":24,"napIdentityStatus":"UNVERIFIED","sourceKind":"official","sourceCellId":"1R7588LI","sourceStableId":"1F2B69F1AB1B7595","sourceChecksum":"fcefec7e07170c4b859138c34376143c7aa4e9f8e653fc723d6bbe65dbf3c0a2","pipelineFeatureId":"1R7588LI/DEPCNT/1271588107","provenance":{"cellId":"1R7588LI","checksum":"fcefec7e07170c4b859138c34376143c7aa4e9f8e653fc723d6bbe65dbf3c0a2","readerVersion":"GDAL 3.2.2","processedAt":"2026-08-11T18:29:20.995Z"},"sourceProperties":{"RCID":1271588107,"PRIM":2,"GRUP":2,"OBJL":43,"RVER":1,"AGEN":7979,"FIDN":1777445659,"FIDS":30101,"LNAM":"1F2B69F1AB1B7595","VALDCO":20,"SCAMIN":50000,"sourceCellId":"1R7588LI","sourceChecksum":"fcefec7e07170c4b859138c34376143c7aa4e9f8e653fc723d6bbe65dbf3c0a2","rawObjectClass":"DEPCNT","sourceStableId":"1F2B69F1AB1B7595"}}},{"type":"Feature","geometry":{"type":"LineString","coordinates":[[3.2588839,51.6138404],[3.2589296,51.613871],[3.2590287,51.6139042],[3.2591095,51.6139209],[3.2591731,51.6139084],[3.2592871,51.6139411],[3.2593177,51.6139359],[3.2593482,51.613941],[3.2594621,51.613925],[3.2595321,51.613916],[3.2596063,51.6139023],[3.2597468,51.6138716],[3.2597506,51.6138736],[3.2597643,51.6138692],[3.2598946,51.6137884],[3.259906,51.6137861],[3.2600392,51.6138253],[3.2601643,51.6137784],[3.2601832,51.6137559],[3.2603074,51.6136881],[3.2603272,51.6136803],[3.2604582,51.6135979],[3.2604608,51.6135915],[3.2604147,51.6135081],[3.2603923,51.6134595],[3.2603711,51.6134183],[3.2603256,51.6133901],[3.2602041,51.6133287],[3.2601807,51.613315],[3.2600939,51.613239],[3.2600356,51.6132029],[3.2599773,51.6131856],[3.2598912,51.6132101],[3.259768,51.6132398],[3.259747,51.6132458],[3.2596886,51.6132764],[3.259603,51.6133134],[3.2595175,51.6133302],[3.2594588,51.6133463],[3.259424,51.6133521],[3.2593145,51.6133743],[3.2592505,51.6133809],[3.2591701,51.6133735],[3.2590996,51.613375],[3.2590257,51.6133858],[3.2588863,51.6134185],[3.2588815,51.6134197],[3.2588746,51.6134216],[3.2587373,51.6134635],[3.2586327,51.6134873],[3.258593,51.6134939],[3.2585404,51.6134795],[3.258503,51.6135123],[3.2584489,51.6135388],[3.2583836,51.6135618],[3.25842,51.6136024],[3.2584493,51.6136189],[3.2585812,51.6136839],[3.2585941,51.6136832],[3.2586036,51.6136919],[3.2586635,51.6137348],[3.2587365,51.6137815],[3.2587391,51.6137828],[3.2587453,51.6137853],[3.2588839,51.6138404]]},"properties":{"rawObjectClass":"DEPCNT","VALDCO":20,"depthDatum":"Approximate LAT","depthDatumCode":42,"depthDatumStatus":"VERIFIED_FROM_OFFICIAL_DOCUMENTATION","verticalDatum":"Local Datum","verticalDatumCode":24,"napIdentityStatus":"UNVERIFIED","sourceKind":"official","sourceCellId":"1R7588LI","sourceStableId":"1F2B69F1AB1B7596","sourceChecksum":"fcefec7e07170c4b859138c34376143c7aa4e9f8e653fc723d6bbe65dbf3c0a2","pipelineFeatureId":"1R7588LI/DEPCNT/1271588108","provenance":{"cellId":"1R7588LI","checksum":"fcefec7e07170c4b859138c34376143c7aa4e9f8e653fc723d6bbe65dbf3c0a2","readerVersion":"GDAL 3.2.2","processedAt":"2026-08-11T18:29:20.995Z"},"sourceProperties":{"RCID":1271588108,"PRIM":2,"GRUP":2,"OBJL":43,"RVER":1,"AGEN":7979,"FIDN":1777445659,"FIDS":30102,"LNAM":"1F2B69F1AB1B7596","VALDCO":20,"SCAMIN":50000,"sourceCellId":"1R7588LI","sourceChecksum":"fcefec7e07170c4b859138c34376143c7aa4e9f8e653fc723d6bbe65dbf3c0a2","rawObjectClass":"DEPCNT","sourceStableId":"1F2B69F1AB1B7596"}}},{"type":"Feature","geometry":{"type":"LineString","coordinates":[[3.214019,51.6104548],[3.2140445,51.6103966],[3.2140518,51.6103648],[3.214095,51.610284],[3.2141117,51.6102748],[3.2142391,51.6102013],[3.2143045,51.6102744],[3.2143461,51.6103406],[3.2143646,51.6103642],[3.2143844,51.6104016],[3.2144396,51.610454],[3.2144419,51.6104895],[3.2144684,51.6105439],[3.2144653,51.610584],[3.2144614,51.6106338],[3.2144521,51.6106824],[3.2144502,51.6107237],[3.2144403,51.61078],[3.2144344,51.6108137],[3.2144225,51.6108813],[3.2144262,51.6109036],[3.2144149,51.6109763],[3.2144139,51.6109935],[3.2143937,51.6110797],[3.214394,51.6110835],[3.2143947,51.6110879],[3.2143878,51.6111268],[3.2143857,51.6111734],[3.2143843,51.6111757],[3.214385,51.6112633],[3.2143846,51.6112658],[3.2143886,51.6113532],[3.2143766,51.6114432],[3.2143754,51.6114519],[3.2143844,51.6115331],[3.2143835,51.611537],[3.2142986,51.6116232],[3.2143904,51.6116767],[3.2144539,51.6117128],[3.2145009,51.6117812],[3.2144335,51.6118027],[3.2143911,51.6118159],[3.2143247,51.6118929],[3.2142473,51.6119635],[3.2141088,51.6119796],[3.214103,51.6119802],[3.2139587,51.6118935],[3.2139639,51.6118899],[3.2139582,51.6118932],[3.2139573,51.611893],[3.2139571,51.6118935],[3.2139566,51.6119822],[3.213814,51.6119372],[3.2137809,51.6118938],[3.2137748,51.611828],[3.2137808,51.6118039],[3.2137817,51.6117335],[3.2137845,51.611714],[3.2137919,51.6116369],[3.2137956,51.6116241],[3.2138124,51.6116076],[3.2139092,51.611534],[3.21391,51.6114728],[3.2139168,51.611444],[3.2139463,51.6113599],[3.2139472,51.6113541],[3.213949,51.6113499],[3.2139165,51.6112642],[3.2139399,51.6111835],[3.213942,51.6111742],[3.2139547,51.6111638],[3.214036,51.6110841],[3.2140389,51.6110314],[3.2140426,51.6109942],[3.2140784,51.6109165],[3.2140814,51.6108939],[3.2140686,51.6108143],[3.2139905,51.610748],[3.21398,51.6107246],[3.2139997,51.6106641],[3.2139777,51.6106347],[3.2139843,51.6106146],[3.2139948,51.6105447],[3.2140086,51.6105092],[3.214019,51.6104548]]},"properties":{"rawObjectClass":"DEPCNT","VALDCO":20,"depthDatum":"Approximate LAT","depthDatumCode":42,"depthDatumStatus":"VERIFIED_FROM_OFFICIAL_DOCUMENTATION","verticalDatum":"Local Datum","verticalDatumCode":24,"napIdentityStatus":"UNVERIFIED","sourceKind":"official","sourceCellId":"1R7588LI","sourceStableId":"1F2B69F1AB1B7597","sourceChecksum":"fcefec7e07170c4b859138c34376143c7aa4e9f8e653fc723d6bbe65dbf3c0a2","pipelineFeatureId":"1R7588LI/DEPCNT/1271588109","provenance":{"cellId":"1R7588LI","checksum":"fcefec7e07170c4b859138c34376143c7aa4e9f8e653fc723d6bbe65dbf3c0a2","readerVersion":"GDAL 3.2.2","processedAt":"2026-08-11T18:29:20.995Z"},"sourceProperties":{"RCID":1271588109,"PRIM":2,"GRUP":2,"OBJL":43,"RVER":1,"AGEN":7979,"FIDN":1777445659,"FIDS":30103,"LNAM":"1F2B69F1AB1B7597","VALDCO":20,"SCAMIN":50000,"sourceCellId":"1R7588LI","sourceChecksum":"fcefec7e07170c4b859138c34376143c7aa4e9f8e653fc723d6bbe65dbf3c0a2","rawObjectClass":"DEPCNT","sourceStableId":"1F2B69F1AB1B7597"}}},{"type":"Feature","geometry":{"type":"LineString","coordinates":[[3.1540625,51.5816858],[3.1540619,51.5816831],[3.1540516,51.5815959],[3.1540657,51.581561],[3.1540849,51.5815059],[3.1540932,51.5814886],[3.1540654,51.5814627],[3.1540402,51.581416],[3.154065,51.5813569],[3.1540859,51.5813261],[3.15411,51.5812979],[3.1541592,51.581236],[3.1542087,51.5811825],[3.1542301,51.581146],[3.1542378,51.5811278],[3.1542084,51.5810827],[3.1541996,51.5810562],[3.154197,51.5810491],[3.1541974,51.5809662],[3.1541986,51.5809604],[3.1541672,51.5808764],[3.154139,51.5808337],[3.1540883,51.5807866],[3.1540525,51.5806903],[3.1540458,51.5806068],[3.1540449,51.5805958],[3.1540423,51.5805169],[3.1540621,51.5805026],[3.1541813,51.5804268],[3.1542061,51.5803946],[3.1542746,51.5803367],[3.1543501,51.5803048],[3.1544212,51.580291],[3.1544944,51.5803067],[3.1546249,51.5803276],[3.1546388,51.5803286],[3.154662,51.5803362],[3.1547832,51.5803616],[3.1548883,51.5804258],[3.1549279,51.580462],[3.1549934,51.5805156],[3.1550727,51.5805922],[3.1550882,51.5806054],[3.1550943,51.5806188],[3.1550729,51.5806496],[3.1550362,51.5806725],[3.1550562,51.5806954],[3.1550731,51.5807246],[3.1551167,51.5807852],[3.1551943,51.5808603],[3.1552023,51.580875],[3.1550739,51.5809553],[3.1550667,51.5809651],[3.1550169,51.5810008],[3.155074,51.5809809],[3.1551814,51.5809879],[3.1551262,51.5810549],[3.155182,51.5811219],[3.1551397,51.5811448],[3.155219,51.5811978],[3.155237,51.5812346],[3.1553638,51.5813151],[3.1553839,51.5813243],[3.1553983,51.5813458],[3.1554709,51.5814141],[3.1554588,51.5814452],[3.1554564,51.5815041],[3.1553647,51.5815883],[3.1553609,51.5815941],[3.155361,51.5815965],[3.1553297,51.5816841],[3.1553214,51.5817113],[3.1553246,51.581774],[3.155294,51.5818186],[3.1552875,51.581864],[3.1552215,51.5819158],[3.1551239,51.5819541],[3.1550773,51.581964],[3.155056,51.5819675],[3.1549331,51.5819887],[3.1548587,51.5820444],[3.1549203,51.5821259],[3.1548907,51.5821342],[3.1547893,51.582156],[3.1547494,51.5821593],[3.154645,51.5821505],[3.1545298,51.5821528],[3.1545006,51.5821457],[3.1544625,51.5821348],[3.1543562,51.5821068],[3.1543007,51.5820451],[3.1542545,51.5819821],[3.1542481,51.5819553],[3.1542112,51.5819096],[3.1541672,51.5818654],[3.1541377,51.5818199],[3.1541333,51.5817756],[3.1540661,51.5816923],[3.1540625,51.5816858]]},"properties":{"rawObjectClass":"DEPCNT","VALDCO":20,"depthDatum":"Approximate LAT","depthDatumCode":42,"depthDatumStatus":"VERIFIED_FROM_OFFICIAL_DOCUMENTATION","verticalDatum":"Local Datum","verticalDatumCode":24,"napIdentityStatus":"UNVERIFIED","sourceKind":"official","sourceCellId":"1R7588LI","sourceStableId":"1F2B69F1AB1B7598","sourceChecksum":"fcefec7e07170c4b859138c34376143c7aa4e9f8e653fc723d6bbe65dbf3c0a2","pipelineFeatureId":"1R7588LI/DEPCNT/1271588110","provenance":{"cellId":"1R7588LI","checksum":"fcefec7e07170c4b859138c34376143c7aa4e9f8e653fc723d6bbe65dbf3c0a2","readerVersion":"GDAL 3.2.2","processedAt":"2026-08-11T18:29:20.995Z"},"sourceProperties":{"RCID":1271588110,"PRIM":2,"GRUP":2,"OBJL":43,"RVER":1,"AGEN":7979,"FIDN":1777445659,"FIDS":30104,"LNAM":"1F2B69F1AB1B7598","VALDCO":20,"SCAMIN":50000,"sourceCellId":"1R7588LI","sourceChecksum":"fcefec7e07170c4b859138c34376143c7aa4e9f8e653fc723d6bbe65dbf3c0a2","rawObjectClass":"DEPCNT","sourceStableId":"1F2B69F1AB1B7598"}}},{"type":"Feature","geometry":{"type":"LineString","coordinates":[[3.2135775,51.6157606],[3.2135432,51.6157965],[3.2134078,51.6158508],[3.2133991,51.6158574],[3.2133858,51.6158591],[3.2132549,51.6159154],[3.2131866,51.6159411],[3.2131691,51.6159948],[3.2131783,51.6160311],[3.2131114,51.6161013],[3.2131028,51.6161211],[3.2131257,51.616211],[3.2131284,51.6162212],[3.2131028,51.616211],[3.2129672,51.6161571],[3.2128779,51.6161215],[3.2128225,51.6160994],[3.2127496,51.6160765],[3.2126781,51.6161008],[3.2126434,51.6161219],[3.212534,51.6161885],[3.2124859,51.6162122],[3.2123898,51.6162411],[3.2122816,51.61628],[3.2122457,51.616292],[3.2122181,51.6163026],[3.2121015,51.6163523],[3.2120338,51.6163928],[3.2119574,51.6164323],[3.2118713,51.616483],[3.2118134,51.6165265],[3.2117457,51.6165731],[3.2116695,51.616643],[3.2116233,51.6166345],[3.2115251,51.6166346],[3.2114598,51.616623],[3.2113805,51.6166003],[3.2112889,51.616574],[3.2112359,51.6165587],[3.2111472,51.6164843],[3.2111392,51.6164246],[3.2111329,51.6163944],[3.211121,51.6163236],[3.211121,51.6163045],[3.2111208,51.6162854],[3.2111525,51.6162146],[3.2111578,51.6161721],[3.2111573,51.6161246],[3.2111654,51.6160772],[3.2111699,51.6160347],[3.2111964,51.6159676],[3.2112011,51.6159447],[3.2112328,51.6158943],[3.2112553,51.6158547],[3.2112739,51.6158289],[3.2112324,51.6158126],[3.2112151,51.6157649],[3.2112319,51.6157137],[3.211269,51.615698],[3.2112522,51.6156749],[3.2112997,51.6156324],[3.2113567,51.6155848],[3.2113289,51.6154949],[3.2113541,51.6154179],[3.2113523,51.615405],[3.2113748,51.6153721],[3.2114152,51.6153149],[3.2114468,51.6152697],[3.2114771,51.6152249],[3.2115184,51.6151945],[3.2115778,51.6151877],[3.2116627,51.6151768],[3.2117717,51.6151345],[3.2118069,51.615125],[3.2118555,51.615104],[3.2119511,51.6150793],[3.2119952,51.6150441],[3.212063,51.6149741],[3.2120845,51.6149541],[3.212095,51.6149483],[3.2122389,51.6148513],[3.2122557,51.6148638],[3.2123836,51.6149127],[3.2124614,51.6149049],[3.2124175,51.6149535],[3.2124387,51.6149875],[3.2124254,51.6150434],[3.2125289,51.6150903],[3.212623,51.6151329],[3.2126736,51.6151556],[3.2128066,51.6152152],[3.2128184,51.6152201],[3.2128229,51.6152225],[3.212963,51.6152661],[3.2130967,51.6153119],[3.2131077,51.6153234],[3.2132069,51.6154016],[3.2132528,51.6154654],[3.213281,51.6154914],[3.2132867,51.6155123],[3.2133545,51.6155812],[3.2133979,51.6156099],[3.2135048,51.6156708],[3.2135429,51.6157239],[3.2135775,51.6157606]]},"properties":{"rawObjectClass":"DEPCNT","VALDCO":20,"depthDatum":"Approximate LAT","depthDatumCode":42,"depthDatumStatus":"VERIFIED_FROM_OFFICIAL_DOCUMENTATION","verticalDatum":"Local Datum","verticalDatumCode":24,"napIdentityStatus":"UNVERIFIED","sourceKind":"official","sourceCellId":"1R7588LI","sourceStableId":"1F2B69F1AB1B7599","sourceChecksum":"fcefec7e07170c4b859138c34376143c7aa4e9f8e653fc723d6bbe65dbf3c0a2","pipelineFeatureId":"1R7588LI/DEPCNT/1271588111","provenance":{"cellId":"1R7588LI","checksum":"fcefec7e07170c4b859138c34376143c7aa4e9f8e653fc723d6bbe65dbf3c0a2","readerVersion":"GDAL 3.2.2","processedAt":"2026-08-11T18:29:20.995Z"},"sourceProperties":{"RCID":1271588111,"PRIM":2,"GRUP":2,"OBJL":43,"RVER":1,"AGEN":7979,"FIDN":1777445659,"FIDS":30105,"LNAM":"1F2B69F1AB1B7599","VALDCO":20,"SCAMIN":50000,"sourceCellId":"1R7588LI","sourceChecksum":"fcefec7e07170c4b859138c34376143c7aa4e9f8e653fc723d6bbe65dbf3c0a2","rawObjectClass":"DEPCNT","sourceStableId":"1F2B69F1AB1B7599"}}},{"type":"Feature","geometry":{"type":"LineString","coordinates":[[3.2313433,51.5942463],[3.2313238,51.5942492],[3.231248,51.5942372],[3.2311986,51.5941772],[3.2311707,51.5941475],[3.2311984,51.5941417],[3.2312068,51.5941421],[3.2313427,51.5941324],[3.2313769,51.5941258],[3.2314871,51.5941292],[3.2315308,51.5941468],[3.2314872,51.5941589],[3.2313714,51.594237],[3.2313433,51.5942463]]},"properties":{"rawObjectClass":"DEPCNT","VALDCO":20,"depthDatum":"Approximate LAT","depthDatumCode":42,"depthDatumStatus":"VERIFIED_FROM_OFFICIAL_DOCUMENTATION","verticalDatum":"Local Datum","verticalDatumCode":24,"napIdentityStatus":"UNVERIFIED","sourceKind":"official","sourceCellId":"1R7588LI","sourceStableId":"1F2B69F1AB1B759A","sourceChecksum":"fcefec7e07170c4b859138c34376143c7aa4e9f8e653fc723d6bbe65dbf3c0a2","pipelineFeatureId":"1R7588LI/DEPCNT/1271588112","provenance":{"cellId":"1R7588LI","checksum":"fcefec7e07170c4b859138c34376143c7aa4e9f8e653fc723d6bbe65dbf3c0a2","readerVersion":"GDAL 3.2.2","processedAt":"2026-08-11T18:29:20.995Z"},"sourceProperties":{"RCID":1271588112,"PRIM":2,"GRUP":2,"OBJL":43,"RVER":1,"AGEN":7979,"FIDN":1777445659,"FIDS":30106,"LNAM":"1F2B69F1AB1B759A","VALDCO":20,"SCAMIN":50000,"sourceCellId":"1R7588LI","sourceChecksum":"fcefec7e07170c4b859138c34376143c7aa4e9f8e653fc723d6bbe65dbf3c0a2","rawObjectClass":"DEPCNT","sourceStableId":"1F2B69F1AB1B759A"}}},{"type":"Feature","geometry":{"type":"LineString","coordinates":[[3.1333333,51.5797526],[3.1334162,51.5797329],[3.1334221,51.5797315],[3.1335421,51.5796428],[3.1335661,51.5796239],[3.1336665,51.5795528],[3.1337101,51.5795256],[3.1337958,51.5794627],[3.133854,51.5793843],[3.1338686,51.5793727],[3.1339981,51.5793186],[3.1340748,51.5792826],[3.1339978,51.5791971],[3.1339925,51.5791927],[3.1339977,51.5791881],[3.1340924,51.5791335],[3.1341418,51.5791075],[3.1341601,51.5791026],[3.1342226,51.579063],[3.1341853,51.5790127],[3.1342012,51.5789754],[3.1342332,51.5789227],[3.1342855,51.5788991],[3.1343727,51.5788326],[3.1344295,51.5787987],[3.1345273,51.5787425],[3.1345196,51.5787089],[3.1345371,51.5786526],[3.1345734,51.5786346],[3.1346613,51.5786174],[3.1347176,51.5786279],[3.134812,51.5785935],[3.1348618,51.5785705],[3.1348852,51.5785623],[3.1350059,51.5785151],[3.1350934,51.5784721],[3.13515,51.5784264],[3.135213,51.5784213],[3.1352943,51.5784316],[3.1353923,51.5784107],[3.1354385,51.5783949],[3.1354669,51.5783818],[3.1355273,51.5783263],[3.1355272,51.5782918],[3.1354777,51.5782267],[3.1354669,51.578202],[3.1354378,51.5781363],[3.1354148,51.5781121],[3.1354229,51.5781029],[3.1353876,51.5780222],[3.1353011,51.5779375],[3.1354374,51.5780024],[3.1355242,51.5779321],[3.1355814,51.5779029],[3.1357189,51.577842],[3.1357255,51.5778368],[3.1357339,51.5778368],[3.1358697,51.5778028],[3.1359717,51.5777518],[3.1360138,51.5777226],[3.1361378,51.5776617],[3.1360135,51.5776145],[3.1359672,51.577572],[3.1358688,51.5774858],[3.135851,51.5774933],[3.1357247,51.5775582],[3.1357072,51.5775723],[3.1355806,51.5776526],[3.1355578,51.5776624],[3.1355559,51.5776778],[3.1355246,51.5777523],[3.1354369,51.5778364],[3.1354216,51.5778423],[3.1352928,51.5779313],[3.135292,51.5779324],[3.1351487,51.5780044],[3.1351146,51.5780225],[3.1350047,51.5780952],[3.1349469,51.5781126],[3.1348607,51.5782011],[3.1348589,51.5782027],[3.1347166,51.5782692],[3.1347031,51.5782928],[3.1346914,51.5783085],[3.1346284,51.5783828],[3.1345728,51.5784415],[3.1345241,51.5784728],[3.1344288,51.5785584],[3.1344245,51.5785628],[3.1344187,51.5785691],[3.1343727,51.5786528],[3.1342849,51.5787097],[3.1342548,51.5787428],[3.134141,51.578824],[3.1341183,51.5788329],[3.1340529,51.578888],[3.1340324,51.5789229],[3.1340615,51.578963],[3.134023,51.5790129],[3.134092,51.5790718],[3.1339972,51.5790175],[3.13398,51.5790237],[3.133853,51.5790339],[3.1337758,51.5791031],[3.1337089,51.5791381],[3.1336531,51.579138],[3.1335648,51.5791817],[3.1335499,51.5791932],[3.1334207,51.5792788],[3.1334047,51.5792833],[3.1333509,51.579327],[3.1333333,51.5793442]]},"properties":{"rawObjectClass":"DEPCNT","VALDCO":20,"depthDatum":"Approximate LAT","depthDatumCode":42,"depthDatumStatus":"VERIFIED_FROM_OFFICIAL_DOCUMENTATION","verticalDatum":"Local Datum","verticalDatumCode":24,"napIdentityStatus":"UNVERIFIED","sourceKind":"official","sourceCellId":"1R7588LI","sourceStableId":"1F2B69F1AB1B759B","sourceChecksum":"fcefec7e07170c4b859138c34376143c7aa4e9f8e653fc723d6bbe65dbf3c0a2","pipelineFeatureId":"1R7588LI/DEPCNT/1271588113","provenance":{"cellId":"1R7588LI","checksum":"fcefec7e07170c4b859138c34376143c7aa4e9f8e653fc723d6bbe65dbf3c0a2","readerVersion":"GDAL 3.2.2","processedAt":"2026-08-11T18:29:20.995Z"},"sourceProperties":{"RCID":1271588113,"PRIM":2,"GRUP":2,"OBJL":43,"RVER":1,"AGEN":7979,"FIDN":1777445659,"FIDS":30107,"LNAM":"1F2B69F1AB1B759B","VALDCO":20,"SCAMIN":50000,"sourceCellId":"1R7588LI","sourceChecksum":"fcefec7e07170c4b859138c34376143c7aa4e9f8e653fc723d6bbe65dbf3c0a2","rawObjectClass":"DEPCNT","sourceStableId":"1F2B69F1AB1B759B"}}},{"type":"Feature","geometry":{"type":"LineString","coordinates":[[3.2320825,51.5918794],[3.2321974,51.5918684],[3.2322698,51.5918522],[3.2323416,51.5918502],[3.2324821,51.5918071],[3.2324858,51.5918063],[3.2324876,51.5918059],[3.23263,51.5917933],[3.2326623,51.5917866],[3.2327744,51.5917983],[3.2328091,51.5917848],[3.2328286,51.5918064],[3.2327745,51.5918094],[3.232752,51.5918205],[3.2326303,51.5918378],[3.2325677,51.5918968],[3.2324863,51.5919096],[3.2324522,51.5919183],[3.232342,51.5919225],[3.2322157,51.5919764],[3.2321979,51.5919755],[3.2321607,51.5919875],[3.2320536,51.5919963],[3.2320334,51.5919878],[3.2319843,51.5919448],[3.2319769,51.591898],[3.2320531,51.5918854],[3.2320825,51.5918794]]},"properties":{"rawObjectClass":"DEPCNT","VALDCO":20,"depthDatum":"Approximate LAT","depthDatumCode":42,"depthDatumStatus":"VERIFIED_FROM_OFFICIAL_DOCUMENTATION","verticalDatum":"Local Datum","verticalDatumCode":24,"napIdentityStatus":"UNVERIFIED","sourceKind":"official","sourceCellId":"1R7588LI","sourceStableId":"1F2B69F1AB1B759C","sourceChecksum":"fcefec7e07170c4b859138c34376143c7aa4e9f8e653fc723d6bbe65dbf3c0a2","pipelineFeatureId":"1R7588LI/DEPCNT/1271588114","provenance":{"cellId":"1R7588LI","checksum":"fcefec7e07170c4b859138c34376143c7aa4e9f8e653fc723d6bbe65dbf3c0a2","readerVersion":"GDAL 3.2.2","processedAt":"2026-08-11T18:29:20.995Z"},"sourceProperties":{"RCID":1271588114,"PRIM":2,"GRUP":2,"OBJL":43,"RVER":1,"AGEN":7979,"FIDN":1777445659,"FIDS":30108,"LNAM":"1F2B69F1AB1B759C","VALDCO":20,"SCAMIN":50000,"sourceCellId":"1R7588LI","sourceChecksum":"fcefec7e07170c4b859138c34376143c7aa4e9f8e653fc723d6bbe65dbf3c0a2","rawObjectClass":"DEPCNT","sourceStableId":"1F2B69F1AB1B759C"}}},{"type":"Feature","geometry":{"type":"LineString","coordinates":[[3.2219456,51.5913663],[3.2219769,51.5913583],[3.2220898,51.591335],[3.2221867,51.5912875],[3.2222338,51.5912654],[3.2223043,51.5912433],[3.2223781,51.5912471],[3.2224618,51.5911971],[3.2225221,51.5911793],[3.2225827,51.591159],[3.2226489,51.5911967],[3.2225225,51.5912629],[3.2224871,51.5912869],[3.2223783,51.5912969],[3.2222579,51.5913773],[3.2222344,51.5913883],[3.2221018,51.5914675],[3.2220905,51.5914737],[3.222065,51.5914835],[3.2219462,51.591498],[3.2218545,51.5915579],[3.2218023,51.5915784],[3.2216958,51.5916481],[3.2216584,51.5916668],[3.2216086,51.5916793],[3.2215141,51.5916838],[3.2214238,51.5917385],[3.2213701,51.5917621],[3.2213191,51.5917705],[3.2212258,51.5917776],[3.2211199,51.5918052],[3.2210816,51.5918066],[3.2210287,51.5918292],[3.2209375,51.5918556],[3.2208772,51.5918671],[3.2207932,51.5918758],[3.2206827,51.5918988],[3.220649,51.5918949],[3.2205055,51.5918302],[3.2206483,51.5917479],[3.2206595,51.59174],[3.2207923,51.5916864],[3.2208913,51.5916779],[3.2209366,51.5916726],[3.2210801,51.5916498],[3.2210808,51.5916498],[3.2210823,51.5916493],[3.221225,51.5916112],[3.2212991,51.5916027],[3.2213693,51.5915921],[3.2214572,51.5915586],[3.2215134,51.5915361],[3.2216096,51.5914983],[3.2216575,51.5914849],[3.2216928,51.5914903],[3.2218018,51.5914754],[3.2218149,51.591468],[3.2218385,51.5914451],[3.2219231,51.5913779],[3.2219456,51.5913663]]},"properties":{"rawObjectClass":"DEPCNT","VALDCO":20,"depthDatum":"Approximate LAT","depthDatumCode":42,"depthDatumStatus":"VERIFIED_FROM_OFFICIAL_DOCUMENTATION","verticalDatum":"Local Datum","verticalDatumCode":24,"napIdentityStatus":"UNVERIFIED","sourceKind":"official","sourceCellId":"1R7588LI","sourceStableId":"1F2B69F1AB1B759D","sourceChecksum":"fcefec7e07170c4b859138c34376143c7aa4e9f8e653fc723d6bbe65dbf3c0a2","pipelineFeatureId":"1R7588LI/DEPCNT/1271588115","provenance":{"cellId":"1R7588LI","checksum":"fcefec7e07170c4b859138c34376143c7aa4e9f8e653fc723d6bbe65dbf3c0a2","readerVersion":"GDAL 3.2.2","processedAt":"2026-08-11T18:29:20.995Z"},"sourceProperties":{"RCID":1271588115,"PRIM":2,"GRUP":2,"OBJL":43,"RVER":1,"AGEN":7979,"FIDN":1777445659,"FIDS":30109,"LNAM":"1F2B69F1AB1B759D","VALDCO":20,"SCAMIN":50000,"sourceCellId":"1R7588LI","sourceChecksum":"fcefec7e07170c4b859138c34376143c7aa4e9f8e653fc723d6bbe65dbf3c0a2","rawObjectClass":"DEPCNT","sourceStableId":"1F2B69F1AB1B759D"}}},{"type":"Feature","geometry":{"type":"LineString","coordinates":[[3.2223741,51.6195207],[3.2223823,51.6195272],[3.222405,51.6196106],[3.2223723,51.6196129],[3.2223665,51.6196142],[3.2222278,51.6196158],[3.2222237,51.6196109],[3.2221178,51.6195429],[3.2222274,51.6195274],[3.2222413,51.6195296],[3.2222687,51.6195209],[3.22237,51.6195196],[3.2223718,51.6195198],[3.2223741,51.6195207]]},"properties":{"rawObjectClass":"DEPCNT","VALDCO":20,"depthDatum":"Approximate LAT","depthDatumCode":42,"depthDatumStatus":"VERIFIED_FROM_OFFICIAL_DOCUMENTATION","verticalDatum":"Local Datum","verticalDatumCode":24,"napIdentityStatus":"UNVERIFIED","sourceKind":"official","sourceCellId":"1R7588LI","sourceStableId":"1F2B69F1AB1B759E","sourceChecksum":"fcefec7e07170c4b859138c34376143c7aa4e9f8e653fc723d6bbe65dbf3c0a2","pipelineFeatureId":"1R7588LI/DEPCNT/1271588116","provenance":{"cellId":"1R7588LI","checksum":"fcefec7e07170c4b859138c34376143c7aa4e9f8e653fc723d6bbe65dbf3c0a2","readerVersion":"GDAL 3.2.2","processedAt":"2026-08-11T18:29:20.995Z"},"sourceProperties":{"RCID":1271588116,"PRIM":2,"GRUP":2,"OBJL":43,"RVER":1,"AGEN":7979,"FIDN":1777445659,"FIDS":30110,"LNAM":"1F2B69F1AB1B759E","VALDCO":20,"SCAMIN":50000,"sourceCellId":"1R7588LI","sourceChecksum":"fcefec7e07170c4b859138c34376143c7aa4e9f8e653fc723d6bbe65dbf3c0a2","rawObjectClass":"DEPCNT","sourceStableId":"1F2B69F1AB1B759E"}}},{"type":"Feature","geometry":{"type":"LineString","coordinates":[[3.2254453,51.625],[3.2254457,51.6249997],[3.2254548,51.6249856],[3.2254739,51.6249097],[3.2255188,51.624874],[3.2255762,51.6248877],[3.2256671,51.6249094],[3.2256855,51.6249314],[3.2257208,51.6249223],[3.2257482,51.6249263],[3.2258653,51.6249173],[3.2258858,51.6249217],[3.22601,51.6249724],[3.2260579,51.6249985],[3.2260583,51.625]]},"properties":{"rawObjectClass":"DEPCNT","VALDCO":20,"depthDatum":"Approximate LAT","depthDatumCode":42,"depthDatumStatus":"VERIFIED_FROM_OFFICIAL_DOCUMENTATION","verticalDatum":"Local Datum","verticalDatumCode":24,"napIdentityStatus":"UNVERIFIED","sourceKind":"official","sourceCellId":"1R7588LI","sourceStableId":"1F2B69F1AB1B759F","sourceChecksum":"fcefec7e07170c4b859138c34376143c7aa4e9f8e653fc723d6bbe65dbf3c0a2","pipelineFeatureId":"1R7588LI/DEPCNT/1271588117","provenance":{"cellId":"1R7588LI","checksum":"fcefec7e07170c4b859138c34376143c7aa4e9f8e653fc723d6bbe65dbf3c0a2","readerVersion":"GDAL 3.2.2","processedAt":"2026-08-11T18:29:20.995Z"},"sourceProperties":{"RCID":1271588117,"PRIM":2,"GRUP":2,"OBJL":43,"RVER":1,"AGEN":7979,"FIDN":1777445659,"FIDS":30111,"LNAM":"1F2B69F1AB1B759F","VALDCO":20,"SCAMIN":50000,"sourceCellId":"1R7588LI","sourceChecksum":"fcefec7e07170c4b859138c34376143c7aa4e9f8e653fc723d6bbe65dbf3c0a2","rawObjectClass":"DEPCNT","sourceStableId":"1F2B69F1AB1B759F"}}},{"type":"Feature","geometry":{"type":"LineString","coordinates":[[3.1715702,51.5893119],[3.171558,51.5893076],[3.1715507,51.5893044],[3.1714135,51.5892509],[3.1713249,51.5892148],[3.1712686,51.5891276],[3.1712669,51.5891249],[3.1712661,51.5891234],[3.1712686,51.58911],[3.1712791,51.5890417],[3.1714129,51.5890947],[3.1714775,51.5891246],[3.1715576,51.5891974],[3.1715786,51.5892144],[3.1715929,51.5892363],[3.171568,51.5893043],[3.1715702,51.5893119]]},"properties":{"rawObjectClass":"DEPCNT","VALDCO":20,"depthDatum":"Approximate LAT","depthDatumCode":42,"depthDatumStatus":"VERIFIED_FROM_OFFICIAL_DOCUMENTATION","verticalDatum":"Local Datum","verticalDatumCode":24,"napIdentityStatus":"UNVERIFIED","sourceKind":"official","sourceCellId":"1R7588LI","sourceStableId":"1F2B69F1AB1B75A0","sourceChecksum":"fcefec7e07170c4b859138c34376143c7aa4e9f8e653fc723d6bbe65dbf3c0a2","pipelineFeatureId":"1R7588LI/DEPCNT/1271588118","provenance":{"cellId":"1R7588LI","checksum":"fcefec7e07170c4b859138c34376143c7aa4e9f8e653fc723d6bbe65dbf3c0a2","readerVersion":"GDAL 3.2.2","processedAt":"2026-08-11T18:29:20.995Z"},"sourceProperties":{"RCID":1271588118,"PRIM":2,"GRUP":2,"OBJL":43,"RVER":1,"AGEN":7979,"FIDN":1777445659,"FIDS":30112,"LNAM":"1F2B69F1AB1B75A0","VALDCO":20,"SCAMIN":50000,"sourceCellId":"1R7588LI","sourceChecksum":"fcefec7e07170c4b859138c34376143c7aa4e9f8e653fc723d6bbe65dbf3c0a2","rawObjectClass":"DEPCNT","sourceStableId":"1F2B69F1AB1B75A0"}}},{"type":"Feature","geometry":{"type":"LineString","coordinates":[[3.1737175,51.5877956],[3.173644,51.5877727],[3.173573,51.5877568],[3.1734722,51.587683],[3.1734282,51.5876297],[3.1733914,51.5875933],[3.1734279,51.5875682],[3.1735293,51.5875663],[3.1735723,51.5875697],[3.1736342,51.5875929],[3.1737168,51.5876173],[3.1737928,51.5876826],[3.1738569,51.5877694],[3.17384,51.5877724],[3.1737175,51.5877956]]},"properties":{"rawObjectClass":"DEPCNT","VALDCO":20,"depthDatum":"Approximate LAT","depthDatumCode":42,"depthDatumStatus":"VERIFIED_FROM_OFFICIAL_DOCUMENTATION","verticalDatum":"Local Datum","verticalDatumCode":24,"napIdentityStatus":"UNVERIFIED","sourceKind":"official","sourceCellId":"1R7588LI","sourceStableId":"1F2B69F1AB1B75A1","sourceChecksum":"fcefec7e07170c4b859138c34376143c7aa4e9f8e653fc723d6bbe65dbf3c0a2","pipelineFeatureId":"1R7588LI/DEPCNT/1271588119","provenance":{"cellId":"1R7588LI","checksum":"fcefec7e07170c4b859138c34376143c7aa4e9f8e653fc723d6bbe65dbf3c0a2","readerVersion":"GDAL 3.2.2","processedAt":"2026-08-11T18:29:20.995Z"},"sourceProperties":{"RCID":1271588119,"PRIM":2,"GRUP":2,"OBJL":43,"RVER":1,"AGEN":7979,"FIDN":1777445659,"FIDS":30113,"LNAM":"1F2B69F1AB1B75A1","VALDCO":20,"SCAMIN":50000,"sourceCellId":"1R7588LI","sourceChecksum":"fcefec7e07170c4b859138c34376143c7aa4e9f8e653fc723d6bbe65dbf3c0a2","rawObjectClass":"DEPCNT","sourceStableId":"1F2B69F1AB1B75A1"}}},{"type":"Feature","geometry":{"type":"LineString","coordinates":[[3.1523815,51.5781812],[3.1523672,51.5782434],[3.1523746,51.5782711],[3.1523231,51.5783595],[3.1522968,51.5783612],[3.1521826,51.5783637],[3.1521788,51.5783636],[3.1521719,51.5783656],[3.152145,51.5783614],[3.1520345,51.5783523],[3.1519405,51.5782717],[3.1519584,51.5782289],[3.151947,51.5781818],[3.1520337,51.5781161],[3.1521401,51.5780916],[3.1521779,51.5780868],[3.1522265,51.5780915],[3.1523223,51.5781085],[3.1523815,51.5781812]]},"properties":{"rawObjectClass":"DEPCNT","VALDCO":20,"depthDatum":"Approximate LAT","depthDatumCode":42,"depthDatumStatus":"VERIFIED_FROM_OFFICIAL_DOCUMENTATION","verticalDatum":"Local Datum","verticalDatumCode":24,"napIdentityStatus":"UNVERIFIED","sourceKind":"official","sourceCellId":"1R7588LI","sourceStableId":"1F2B69F1AB1B75A2","sourceChecksum":"fcefec7e07170c4b859138c34376143c7aa4e9f8e653fc723d6bbe65dbf3c0a2","pipelineFeatureId":"1R7588LI/DEPCNT/1271588120","provenance":{"cellId":"1R7588LI","checksum":"fcefec7e07170c4b859138c34376143c7aa4e9f8e653fc723d6bbe65dbf3c0a2","readerVersion":"GDAL 3.2.2","processedAt":"2026-08-11T18:29:20.995Z"},"sourceProperties":{"RCID":1271588120,"PRIM":2,"GRUP":2,"OBJL":43,"RVER":1,"AGEN":7979,"FIDN":1777445659,"FIDS":30114,"LNAM":"1F2B69F1AB1B75A2","VALDCO":20,"SCAMIN":50000,"sourceCellId":"1R7588LI","sourceChecksum":"fcefec7e07170c4b859138c34376143c7aa4e9f8e653fc723d6bbe65dbf3c0a2","rawObjectClass":"DEPCNT","sourceStableId":"1F2B69F1AB1B75A2"}}},{"type":"Feature","geometry":{"type":"LineString","coordinates":[[3.1534982,51.5844794],[3.1534816,51.5844843],[3.1534753,51.5844739],[3.1533536,51.5843979],[3.1533315,51.5843842],[3.153209,51.5843129],[3.1531793,51.5842945],[3.1530644,51.5842226],[3.1530382,51.5842047],[3.1530095,51.5841707],[3.1529505,51.5841149],[3.1529195,51.5840595],[3.1528995,51.5840251],[3.1528899,51.5840068],[3.1529192,51.5839679],[3.15293,51.5839351],[3.152919,51.5839105],[3.1528785,51.5838704],[3.1528932,51.5838453],[3.1528801,51.5838213],[3.1529185,51.5837783],[3.1529265,51.5837603],[3.152925,51.5837553],[3.1529679,51.5837244],[3.1529183,51.5836923],[3.1529108,51.58367],[3.1529163,51.5836654],[3.1529182,51.5836637],[3.1529229,51.5836624],[3.1530625,51.5836533],[3.1531566,51.5836063],[3.1532065,51.5835819],[3.1532429,51.5835751],[3.1533508,51.5835614],[3.1533742,51.5835603],[3.1534951,51.583543],[3.153589,51.583516],[3.1536393,51.5835118],[3.1537476,51.5835069],[3.1537836,51.5835009],[3.1538124,51.5834844],[3.1539276,51.5833979],[3.1539457,51.5833943],[3.154037,51.5833725],[3.1540718,51.5833782],[3.1541267,51.5833599],[3.1541294,51.5833941],[3.1542165,51.5834659],[3.1542285,51.5834764],[3.1542245,51.5834839],[3.1542166,51.5835105],[3.1541875,51.5835738],[3.1541433,51.5836198],[3.1541123,51.5836638],[3.1540729,51.5836933],[3.1540223,51.5837539],[3.1539977,51.583801],[3.1539869,51.5838438],[3.1539293,51.5839046],[3.1539126,51.5839339],[3.1539061,51.5839484],[3.1539133,51.5840238],[3.1539041,51.5840397],[3.1538414,51.5841138],[3.1537858,51.5841623],[3.1536565,51.5842039],[3.1536416,51.5842078],[3.1535099,51.5842864],[3.1535549,51.5842041],[3.1535027,51.5842008],[3.1534973,51.5842016],[3.1534874,51.5842042],[3.1533532,51.5842628],[3.1532524,51.5842944],[3.1533535,51.5843633],[3.153489,51.5842994],[3.1533664,51.5843841],[3.1534982,51.5844656],[3.1535179,51.5844616],[3.1535034,51.5844739],[3.1534982,51.5844794]]},"properties":{"rawObjectClass":"DEPCNT","VALDCO":20,"depthDatum":"Approximate LAT","depthDatumCode":42,"depthDatumStatus":"VERIFIED_FROM_OFFICIAL_DOCUMENTATION","verticalDatum":"Local Datum","verticalDatumCode":24,"napIdentityStatus":"UNVERIFIED","sourceKind":"official","sourceCellId":"1R7588LI","sourceStableId":"1F2B69F1AB1B75A3","sourceChecksum":"fcefec7e07170c4b859138c34376143c7aa4e9f8e653fc723d6bbe65dbf3c0a2","pipelineFeatureId":"1R7588LI/DEPCNT/1271588121","provenance":{"cellId":"1R7588LI","checksum":"fcefec7e07170c4b859138c34376143c7aa4e9f8e653fc723d6bbe65dbf3c0a2","readerVersion":"GDAL 3.2.2","processedAt":"2026-08-11T18:29:20.995Z"},"sourceProperties":{"RCID":1271588121,"PRIM":2,"GRUP":2,"OBJL":43,"RVER":1,"AGEN":7979,"FIDN":1777445659,"FIDS":30115,"LNAM":"1F2B69F1AB1B75A3","VALDCO":20,"SCAMIN":50000,"sourceCellId":"1R7588LI","sourceChecksum":"fcefec7e07170c4b859138c34376143c7aa4e9f8e653fc723d6bbe65dbf3c0a2","rawObjectClass":"DEPCNT","sourceStableId":"1F2B69F1AB1B75A3"}}},{"type":"Feature","geometry":{"type":"LineString","coordinates":[[3.1665841,51.5908852],[3.1666561,51.5909118],[3.1666906,51.5909299],[3.1667634,51.5909964],[3.1667659,51.5910197],[3.1666567,51.5910891],[3.1666231,51.5910888],[3.1665122,51.5910583],[3.1664617,51.5910201],[3.1663674,51.5909311],[3.166366,51.5909303],[3.166365,51.5909288],[3.1663674,51.5909284],[3.1664054,51.5909303],[3.1665118,51.590934],[3.1665184,51.5909301],[3.1665841,51.5908852]]},"properties":{"rawObjectClass":"DEPCNT","VALDCO":20,"depthDatum":"Approximate LAT","depthDatumCode":42,"depthDatumStatus":"VERIFIED_FROM_OFFICIAL_DOCUMENTATION","verticalDatum":"Local Datum","verticalDatumCode":24,"napIdentityStatus":"UNVERIFIED","sourceKind":"official","sourceCellId":"1R7588LI","sourceStableId":"1F2B69F1AB1B75A4","sourceChecksum":"fcefec7e07170c4b859138c34376143c7aa4e9f8e653fc723d6bbe65dbf3c0a2","pipelineFeatureId":"1R7588LI/DEPCNT/1271588122","provenance":{"cellId":"1R7588LI","checksum":"fcefec7e07170c4b859138c34376143c7aa4e9f8e653fc723d6bbe65dbf3c0a2","readerVersion":"GDAL 3.2.2","processedAt":"2026-08-11T18:29:20.995Z"},"sourceProperties":{"RCID":1271588122,"PRIM":2,"GRUP":2,"OBJL":43,"RVER":1,"AGEN":7979,"FIDN":1777445659,"FIDS":30116,"LNAM":"1F2B69F1AB1B75A4","VALDCO":20,"SCAMIN":50000,"sourceCellId":"1R7588LI","sourceChecksum":"fcefec7e07170c4b859138c34376143c7aa4e9f8e653fc723d6bbe65dbf3c0a2","rawObjectClass":"DEPCNT","sourceStableId":"1F2B69F1AB1B75A4"}}},{"type":"Feature","geometry":{"type":"LineString","coordinates":[[3.1493344,51.5843893],[3.1493396,51.5843723],[3.1493307,51.5842994],[3.1493118,51.5842345],[3.1492747,51.5842995],[3.1491679,51.5843778],[3.1491539,51.5843896],[3.1491377,51.5844085],[3.1491198,51.5844795],[3.1491098,51.584516],[3.1491085,51.5845695],[3.1490245,51.5846455],[3.1490087,51.5846595],[3.1488804,51.5847346],[3.1488543,51.5847496],[3.1488448,51.5847719],[3.1488157,51.5848396],[3.1487366,51.5848999],[3.1487079,51.5849296],[3.1486741,51.5849687],[3.1486656,51.5850196],[3.1486381,51.5850814],[3.1486283,51.5851096],[3.148707,51.5851804],[3.1485931,51.5851619],[3.1485746,51.5851996],[3.1485554,51.5852232],[3.1485934,51.58524],[3.1487039,51.5852204],[3.1487376,51.5852118],[3.1487748,51.5851993],[3.1488818,51.5851555],[3.1489164,51.5851092],[3.1490258,51.5850491],[3.1491071,51.585019],[3.1490839,51.5849827],[3.1491122,51.5849291],[3.1491695,51.5848711],[3.1492358,51.5848391],[3.1493135,51.5847647],[3.1493388,51.584749],[3.1493539,51.5847237],[3.1494048,51.584659],[3.1494574,51.5846434],[3.149472,51.584569],[3.1494731,51.5845591],[3.1494831,51.5844791],[3.1494569,51.5844638],[3.1493344,51.5843893]]},"properties":{"rawObjectClass":"DEPCNT","VALDCO":20,"depthDatum":"Approximate LAT","depthDatumCode":42,"depthDatumStatus":"VERIFIED_FROM_OFFICIAL_DOCUMENTATION","verticalDatum":"Local Datum","verticalDatumCode":24,"napIdentityStatus":"UNVERIFIED","sourceKind":"official","sourceCellId":"1R7588LI","sourceStableId":"1F2B69F1AB1B75A5","sourceChecksum":"fcefec7e07170c4b859138c34376143c7aa4e9f8e653fc723d6bbe65dbf3c0a2","pipelineFeatureId":"1R7588LI/DEPCNT/1271588123","provenance":{"cellId":"1R7588LI","checksum":"fcefec7e07170c4b859138c34376143c7aa4e9f8e653fc723d6bbe65dbf3c0a2","readerVersion":"GDAL 3.2.2","processedAt":"2026-08-11T18:29:20.995Z"},"sourceProperties":{"RCID":1271588123,"PRIM":2,"GRUP":2,"OBJL":43,"RVER":1,"AGEN":7979,"FIDN":1777445659,"FIDS":30117,"LNAM":"1F2B69F1AB1B75A5","VALDCO":20,"SCAMIN":50000,"sourceCellId":"1R7588LI","sourceChecksum":"fcefec7e07170c4b859138c34376143c7aa4e9f8e653fc723d6bbe65dbf3c0a2","rawObjectClass":"DEPCNT","sourceStableId":"1F2B69F1AB1B75A5"}}},{"type":"Feature","geometry":{"type":"LineString","coordinates":[[3.1642273,51.5961484],[3.1642478,51.5961651],[3.1643318,51.5962382],[3.1643657,51.5962517],[3.1644737,51.5963279],[3.1645105,51.5963756],[3.1645588,51.5964177],[3.1646013,51.596474],[3.1646318,51.5965075],[3.1646555,51.5965479],[3.1646918,51.5965974],[3.1647125,51.5966327],[3.1647593,51.5966872],[3.1646563,51.5967644],[3.164623,51.5967566],[3.1645119,51.5967739],[3.1643676,51.5966877],[3.1643672,51.5966876],[3.1643665,51.5966873],[3.1642226,51.5966249],[3.1641964,51.5965981],[3.1640779,51.5965307],[3.1640488,51.5965084],[3.1640345,51.5964814],[3.1640497,51.5964184],[3.1640292,51.5963884],[3.1639916,51.5963286],[3.1639667,51.59626],[3.1639602,51.5962387],[3.1640128,51.5961885],[3.1640254,51.5961487],[3.1640765,51.5961309],[3.1642114,51.5961426],[3.1642209,51.596144],[3.1642273,51.5961484]]},"properties":{"rawObjectClass":"DEPCNT","VALDCO":20,"depthDatum":"Approximate LAT","depthDatumCode":42,"depthDatumStatus":"VERIFIED_FROM_OFFICIAL_DOCUMENTATION","verticalDatum":"Local Datum","verticalDatumCode":24,"napIdentityStatus":"UNVERIFIED","sourceKind":"official","sourceCellId":"1R7588LI","sourceStableId":"1F2B69F1AB1B75A6","sourceChecksum":"fcefec7e07170c4b859138c34376143c7aa4e9f8e653fc723d6bbe65dbf3c0a2","pipelineFeatureId":"1R7588LI/DEPCNT/1271588124","provenance":{"cellId":"1R7588LI","checksum":"fcefec7e07170c4b859138c34376143c7aa4e9f8e653fc723d6bbe65dbf3c0a2","readerVersion":"GDAL 3.2.2","processedAt":"2026-08-11T18:29:20.995Z"},"sourceProperties":{"RCID":1271588124,"PRIM":2,"GRUP":2,"OBJL":43,"RVER":1,"AGEN":7979,"FIDN":1777445659,"FIDS":30118,"LNAM":"1F2B69F1AB1B75A6","VALDCO":20,"SCAMIN":50000,"sourceCellId":"1R7588LI","sourceChecksum":"fcefec7e07170c4b859138c34376143c7aa4e9f8e653fc723d6bbe65dbf3c0a2","rawObjectClass":"DEPCNT","sourceStableId":"1F2B69F1AB1B75A6"}}},{"type":"Feature","geometry":{"type":"LineString","coordinates":[[3.1672968,51.5891741],[3.1673362,51.5891306],[3.1673055,51.5890898],[3.1673204,51.5890407],[3.1673422,51.5890228],[3.1673709,51.5890314],[3.167385,51.5890406],[3.1675155,51.5890954],[3.1675865,51.5891303],[3.1676274,51.5891997],[3.1676275,51.5892201],[3.1675163,51.5893027],[3.1675027,51.5893018],[3.1673717,51.5892563],[3.1673231,51.5892205],[3.1672968,51.5891741]]},"properties":{"rawObjectClass":"DEPCNT","VALDCO":20,"depthDatum":"Approximate LAT","depthDatumCode":42,"depthDatumStatus":"VERIFIED_FROM_OFFICIAL_DOCUMENTATION","verticalDatum":"Local Datum","verticalDatumCode":24,"napIdentityStatus":"UNVERIFIED","sourceKind":"official","sourceCellId":"1R7588LI","sourceStableId":"1F2B69F1AB1B75A7","sourceChecksum":"fcefec7e07170c4b859138c34376143c7aa4e9f8e653fc723d6bbe65dbf3c0a2","pipelineFeatureId":"1R7588LI/DEPCNT/1271588125","provenance":{"cellId":"1R7588LI","checksum":"fcefec7e07170c4b859138c34376143c7aa4e9f8e653fc723d6bbe65dbf3c0a2","readerVersion":"GDAL 3.2.2","processedAt":"2026-08-11T18:29:20.995Z"},"sourceProperties":{"RCID":1271588125,"PRIM":2,"GRUP":2,"OBJL":43,"RVER":1,"AGEN":7979,"FIDN":1777445659,"FIDS":30119,"LNAM":"1F2B69F1AB1B75A7","VALDCO":20,"SCAMIN":50000,"sourceCellId":"1R7588LI","sourceChecksum":"fcefec7e07170c4b859138c34376143c7aa4e9f8e653fc723d6bbe65dbf3c0a2","rawObjectClass":"DEPCNT","sourceStableId":"1F2B69F1AB1B75A7"}}},{"type":"Feature","geometry":{"type":"LineString","coordinates":[[3.2436816,51.6068354],[3.2436006,51.6068904],[3.2435379,51.6069636],[3.2435301,51.6069805],[3.243538,51.6069865],[3.2436805,51.6070701],[3.2436829,51.607072],[3.2436955,51.6070779],[3.2438275,51.6071145],[3.2439658,51.6071594],[3.2439722,51.6071709],[3.2439806,51.6071594],[3.2439879,51.6071495],[3.2440554,51.6070693],[3.2440665,51.60701],[3.2440724,51.6069793],[3.2441152,51.6069017],[3.244123,51.6068893],[3.2441283,51.6068811],[3.2441289,51.6067994],[3.2441527,51.6067334],[3.2441363,51.6067095],[3.2441413,51.6066367],[3.2441289,51.6066196],[3.2441136,51.606612],[3.2440941,51.6066196],[3.2439695,51.606673],[3.2439192,51.6067099],[3.2438256,51.6067532],[3.2437468,51.6068002],[3.2436816,51.6068354]]},"properties":{"rawObjectClass":"DEPCNT","VALDCO":20,"depthDatum":"Approximate LAT","depthDatumCode":42,"depthDatumStatus":"VERIFIED_FROM_OFFICIAL_DOCUMENTATION","verticalDatum":"Local Datum","verticalDatumCode":24,"napIdentityStatus":"UNVERIFIED","sourceKind":"official","sourceCellId":"1R7588LI","sourceStableId":"1F2B69F1AB1B75A8","sourceChecksum":"fcefec7e07170c4b859138c34376143c7aa4e9f8e653fc723d6bbe65dbf3c0a2","pipelineFeatureId":"1R7588LI/DEPCNT/1271588126","provenance":{"cellId":"1R7588LI","checksum":"fcefec7e07170c4b859138c34376143c7aa4e9f8e653fc723d6bbe65dbf3c0a2","readerVersion":"GDAL 3.2.2","processedAt":"2026-08-11T18:29:20.995Z"},"sourceProperties":{"RCID":1271588126,"PRIM":2,"GRUP":2,"OBJL":43,"RVER":1,"AGEN":7979,"FIDN":1777445659,"FIDS":30120,"LNAM":"1F2B69F1AB1B75A8","VALDCO":20,"SCAMIN":50000,"sourceCellId":"1R7588LI","sourceChecksum":"fcefec7e07170c4b859138c34376143c7aa4e9f8e653fc723d6bbe65dbf3c0a2","rawObjectClass":"DEPCNT","sourceStableId":"1F2B69F1AB1B75A8"}}},{"type":"Feature","geometry":{"type":"LineString","coordinates":[[3.2234419,51.602111],[3.2234051,51.6020751],[3.2233746,51.6020335],[3.2233573,51.6019853],[3.2232965,51.6019114],[3.2232817,51.6018955],[3.2232964,51.6018816],[3.2233546,51.6018591],[3.2234405,51.6018321],[3.2234698,51.6018235],[3.223585,51.601862],[3.2236612,51.6018948],[3.22373,51.6019758],[3.2237369,51.6019846],[3.2237458,51.6019943],[3.2237495,51.6020745],[3.2237306,51.6020937],[3.2236638,51.6021163],[3.2235864,51.6021442],[3.2235621,51.6021496],[3.2234419,51.602111]]},"properties":{"rawObjectClass":"DEPCNT","VALDCO":20,"depthDatum":"Approximate LAT","depthDatumCode":42,"depthDatumStatus":"VERIFIED_FROM_OFFICIAL_DOCUMENTATION","verticalDatum":"Local Datum","verticalDatumCode":24,"napIdentityStatus":"UNVERIFIED","sourceKind":"official","sourceCellId":"1R7588LI","sourceStableId":"1F2B69F1AB1B75A9","sourceChecksum":"fcefec7e07170c4b859138c34376143c7aa4e9f8e653fc723d6bbe65dbf3c0a2","pipelineFeatureId":"1R7588LI/DEPCNT/1271588127","provenance":{"cellId":"1R7588LI","checksum":"fcefec7e07170c4b859138c34376143c7aa4e9f8e653fc723d6bbe65dbf3c0a2","readerVersion":"GDAL 3.2.2","processedAt":"2026-08-11T18:29:20.995Z"},"sourceProperties":{"RCID":1271588127,"PRIM":2,"GRUP":2,"OBJL":43,"RVER":1,"AGEN":7979,"FIDN":1777445659,"FIDS":30121,"LNAM":"1F2B69F1AB1B75A9","VALDCO":20,"SCAMIN":50000,"sourceCellId":"1R7588LI","sourceChecksum":"fcefec7e07170c4b859138c34376143c7aa4e9f8e653fc723d6bbe65dbf3c0a2","rawObjectClass":"DEPCNT","sourceStableId":"1F2B69F1AB1B75A9"}}},{"type":"Feature","geometry":{"type":"LineString","coordinates":[[3.2327855,51.5939672],[3.2327802,51.5939678],[3.2326413,51.5939904],[3.2325434,51.594026],[3.2324971,51.5940308],[3.2324532,51.5940277],[3.2323528,51.5940344],[3.2322856,51.5940554],[3.2322086,51.5940688],[3.2320744,51.5940622],[3.2320642,51.5940618],[3.2320533,51.5940626],[3.2319198,51.5940677],[3.2318787,51.5940818],[3.2318833,51.5940561],[3.2319197,51.5940368],[3.2320173,51.593966],[3.2320636,51.593952],[3.2320854,51.5939523],[3.2322079,51.5939415],[3.232296,51.5939105],[3.2323521,51.5939102],[3.232402,51.5939064],[3.2324965,51.5939149],[3.2325667,51.593875],[3.2326405,51.5938403],[3.2327794,51.5938745],[3.2327852,51.5939027],[3.2328071,51.5939509],[3.2327954,51.5939644],[3.2327855,51.5939672]]},"properties":{"rawObjectClass":"DEPCNT","VALDCO":20,"depthDatum":"Approximate LAT","depthDatumCode":42,"depthDatumStatus":"VERIFIED_FROM_OFFICIAL_DOCUMENTATION","verticalDatum":"Local Datum","verticalDatumCode":24,"napIdentityStatus":"UNVERIFIED","sourceKind":"official","sourceCellId":"1R7588LI","sourceStableId":"1F2B69F1AB1B75AA","sourceChecksum":"fcefec7e07170c4b859138c34376143c7aa4e9f8e653fc723d6bbe65dbf3c0a2","pipelineFeatureId":"1R7588LI/DEPCNT/1271588128","provenance":{"cellId":"1R7588LI","checksum":"fcefec7e07170c4b859138c34376143c7aa4e9f8e653fc723d6bbe65dbf3c0a2","readerVersion":"GDAL 3.2.2","processedAt":"2026-08-11T18:29:20.995Z"},"sourceProperties":{"RCID":1271588128,"PRIM":2,"GRUP":2,"OBJL":43,"RVER":1,"AGEN":7979,"FIDN":1777445659,"FIDS":30122,"LNAM":"1F2B69F1AB1B75AA","VALDCO":20,"SCAMIN":50000,"sourceCellId":"1R7588LI","sourceChecksum":"fcefec7e07170c4b859138c34376143c7aa4e9f8e653fc723d6bbe65dbf3c0a2","rawObjectClass":"DEPCNT","sourceStableId":"1F2B69F1AB1B75AA"}}},{"type":"Feature","geometry":{"type":"LineString","coordinates":[[3.2748066,51.6243551],[3.2748341,51.624324],[3.274957,51.6242648],[3.2749781,51.624257],[3.275005,51.6242479],[3.275032,51.6242646],[3.2750088,51.6242837],[3.2750665,51.6243545],[3.2750159,51.6244216],[3.2751237,51.6244415],[3.2751257,51.6244442],[3.2751267,51.6244461],[3.2751238,51.6244611],[3.2750832,51.6245088],[3.2749794,51.6244614],[3.2749445,51.6244447],[3.2748345,51.6243938],[3.2748066,51.6243551]]},"properties":{"rawObjectClass":"DEPCNT","VALDCO":20,"depthDatum":"Approximate LAT","depthDatumCode":42,"depthDatumStatus":"VERIFIED_FROM_OFFICIAL_DOCUMENTATION","verticalDatum":"Local Datum","verticalDatumCode":24,"napIdentityStatus":"UNVERIFIED","sourceKind":"official","sourceCellId":"1R7588LI","sourceStableId":"1F2B69F1AB1B75AB","sourceChecksum":"fcefec7e07170c4b859138c34376143c7aa4e9f8e653fc723d6bbe65dbf3c0a2","pipelineFeatureId":"1R7588LI/DEPCNT/1271588129","provenance":{"cellId":"1R7588LI","checksum":"fcefec7e07170c4b859138c34376143c7aa4e9f8e653fc723d6bbe65dbf3c0a2","readerVersion":"GDAL 3.2.2","processedAt":"2026-08-11T18:29:20.995Z"},"sourceProperties":{"RCID":1271588129,"PRIM":2,"GRUP":2,"OBJL":43,"RVER":1,"AGEN":7979,"FIDN":1777445659,"FIDS":30123,"LNAM":"1F2B69F1AB1B75AB","VALDCO":20,"SCAMIN":50000,"sourceCellId":"1R7588LI","sourceChecksum":"fcefec7e07170c4b859138c34376143c7aa4e9f8e653fc723d6bbe65dbf3c0a2","rawObjectClass":"DEPCNT","sourceStableId":"1F2B69F1AB1B75AB"}}},{"type":"Feature","geometry":{"type":"LineString","coordinates":[[3.1530783,51.5883581],[3.1530365,51.5883669],[3.1529804,51.588341],[3.1529338,51.5883256],[3.1527973,51.5882563],[3.1527893,51.5882752],[3.1527867,51.5882513],[3.1527706,51.5881728],[3.1527756,51.5881614],[3.1527723,51.5881511],[3.1527388,51.5880715],[3.1527425,51.5880102],[3.1527424,51.5879816],[3.1527882,51.5879559],[3.1528281,51.5879566],[3.1529326,51.5879543],[3.1530583,51.5879696],[3.1530769,51.5879659],[3.1532021,51.5878911],[3.153221,51.5878778],[3.1532453,51.5878759],[3.1533653,51.5878566],[3.1534496,51.5878534],[3.1535096,51.5878629],[3.1535423,51.5878906],[3.1535099,51.5879344],[3.1534107,51.5879526],[3.1533656,51.5879498],[3.1532767,51.5879256],[3.1532211,51.5879216],[3.1531362,51.5879811],[3.153077,51.5879956],[3.1529843,51.5880134],[3.1530355,51.5880711],[3.1530774,51.5880877],[3.1531267,51.588071],[3.1532214,51.5879922],[3.1533625,51.5880707],[3.1533512,51.5881512],[3.153353,51.5881606],[3.1533469,51.5881727],[3.1533391,51.5882506],[3.1533178,51.5882811],[3.1532649,51.5883406],[3.1532226,51.5883664],[3.1531169,51.5883648],[3.1530783,51.5883581]]},"properties":{"rawObjectClass":"DEPCNT","VALDCO":20,"depthDatum":"Approximate LAT","depthDatumCode":42,"depthDatumStatus":"VERIFIED_FROM_OFFICIAL_DOCUMENTATION","verticalDatum":"Local Datum","verticalDatumCode":24,"napIdentityStatus":"UNVERIFIED","sourceKind":"official","sourceCellId":"1R7588LI","sourceStableId":"1F2B69F1AB1B75AC","sourceChecksum":"fcefec7e07170c4b859138c34376143c7aa4e9f8e653fc723d6bbe65dbf3c0a2","pipelineFeatureId":"1R7588LI/DEPCNT/1271588130","provenance":{"cellId":"1R7588LI","checksum":"fcefec7e07170c4b859138c34376143c7aa4e9f8e653fc723d6bbe65dbf3c0a2","readerVersion":"GDAL 3.2.2","processedAt":"2026-08-11T18:29:20.995Z"},"sourceProperties":{"RCID":1271588130,"PRIM":2,"GRUP":2,"OBJL":43,"RVER":1,"AGEN":7979,"FIDN":1777445659,"FIDS":30124,"LNAM":"1F2B69F1AB1B75AC","VALDCO":20,"SCAMIN":50000,"sourceCellId":"1R7588LI","sourceChecksum":"fcefec7e07170c4b859138c34376143c7aa4e9f8e653fc723d6bbe65dbf3c0a2","rawObjectClass":"DEPCNT","sourceStableId":"1F2B69F1AB1B75AC"}}},{"type":"Feature","geometry":{"type":"LineString","coordinates":[[3.1551343,51.5868995],[3.1550944,51.5869695],[3.1549996,51.5868997],[3.1549497,51.5868817],[3.1549108,51.5868998],[3.1549462,51.5869872],[3.1549478,51.5869896],[3.1549457,51.5869924],[3.1549501,51.5869968],[3.1550386,51.5870244],[3.1549817,51.5870795],[3.1549505,51.5870946],[3.1548118,51.5871696],[3.1548064,51.5871777],[3.1547368,51.5871697],[3.154662,51.5871621],[3.154647,51.5871606],[3.1545176,51.5871377],[3.1544778,51.5870802],[3.1545081,51.5869958],[3.1545093,51.5869902],[3.154517,51.5869707],[3.1545623,51.5869002],[3.1546609,51.586828],[3.1547207,51.5868101],[3.154805,51.5867777],[3.1548601,51.58672],[3.1549241,51.5866455],[3.1549377,51.58663],[3.1549488,51.5866156],[3.1549989,51.5865987],[3.155093,51.5865613],[3.1551357,51.5866297],[3.1551703,51.5866716],[3.1551444,51.5867196],[3.1551523,51.5867562],[3.1551507,51.5868095],[3.1551261,51.5868795],[3.1551343,51.5868995]]},"properties":{"rawObjectClass":"DEPCNT","VALDCO":20,"depthDatum":"Approximate LAT","depthDatumCode":42,"depthDatumStatus":"VERIFIED_FROM_OFFICIAL_DOCUMENTATION","verticalDatum":"Local Datum","verticalDatumCode":24,"napIdentityStatus":"UNVERIFIED","sourceKind":"official","sourceCellId":"1R7588LI","sourceStableId":"1F2B69F1AB1B75AD","sourceChecksum":"fcefec7e07170c4b859138c34376143c7aa4e9f8e653fc723d6bbe65dbf3c0a2","pipelineFeatureId":"1R7588LI/DEPCNT/1271588131","provenance":{"cellId":"1R7588LI","checksum":"fcefec7e07170c4b859138c34376143c7aa4e9f8e653fc723d6bbe65dbf3c0a2","readerVersion":"GDAL 3.2.2","processedAt":"2026-08-11T18:29:20.995Z"},"sourceProperties":{"RCID":1271588131,"PRIM":2,"GRUP":2,"OBJL":43,"RVER":1,"AGEN":7979,"FIDN":1777445659,"FIDS":30125,"LNAM":"1F2B69F1AB1B75AD","VALDCO":20,"SCAMIN":50000,"sourceCellId":"1R7588LI","sourceChecksum":"fcefec7e07170c4b859138c34376143c7aa4e9f8e653fc723d6bbe65dbf3c0a2","rawObjectClass":"DEPCNT","sourceStableId":"1F2B69F1AB1B75AD"}}},{"type":"Feature","geometry":{"type":"LineString","coordinates":[[3.2096718,51.5905755],[3.2097018,51.5905911],[3.2096719,51.5906041],[3.209644,51.5906087],[3.2095277,51.5906323],[3.2094649,51.5906815],[3.2093837,51.5907138],[3.2093214,51.5907206],[3.2092394,51.5907229],[3.2091145,51.5907601],[3.2090952,51.5907613],[3.2090775,51.5907721],[3.2089511,51.5908074],[3.2088302,51.590848],[3.2088069,51.5908467],[3.2087798,51.5908456],[3.2086624,51.5908135],[3.2085312,51.5907814],[3.2085179,51.5907815],[3.2085059,51.5907731],[3.2084611,51.5907379],[3.2085178,51.5907601],[3.208588,51.5907291],[3.2086619,51.5906932],[3.2087172,51.5906828],[3.2088061,51.5906564],[3.2088557,51.5906516],[3.2089502,51.5906138],[3.2090754,51.5905923],[3.2090944,51.5905748],[3.2092105,51.5905021],[3.2092384,51.5904913],[3.2092729,51.5904805],[3.2093825,51.5904422],[3.2094146,51.5904118],[3.2095264,51.5903519],[3.2095719,51.5903216],[3.2096703,51.5902587],[3.2097507,51.5902314],[3.2098144,51.5901975],[3.2099101,51.5901412],[3.2099582,51.5900852],[3.2099856,51.5900511],[3.2100377,51.5900013],[3.2100363,51.5899611],[3.2100438,51.5899073],[3.2100378,51.5898712],[3.2101012,51.589782],[3.2101537,51.5898385],[3.2102457,51.5898108],[3.2102772,51.5897809],[3.2103896,51.5897167],[3.2104258,51.5896907],[3.2105336,51.5896405],[3.210653,51.5896004],[3.2106777,51.5895955],[3.2107427,51.5896002],[3.2107766,51.5896286],[3.2107278,51.5896901],[3.2106783,51.5897124],[3.2105972,51.5897803],[3.210572,51.5898469],[3.2105817,51.5898702],[3.2105348,51.5898928],[3.2104621,51.5899604],[3.210391,51.5900241],[3.2103449,51.5900505],[3.2102471,51.5901225],[3.2101905,51.5901407],[3.2101032,51.5902069],[3.2100752,51.5902308],[3.2100548,51.5902611],[3.2099765,51.5903209],[3.2099594,51.5903311],[3.209916,51.5903481],[3.2098152,51.5903781],[3.2097588,51.5904112],[3.2096712,51.5904528],[3.2095846,51.5905014],[3.2096718,51.5905755]]},"properties":{"rawObjectClass":"DEPCNT","VALDCO":20,"depthDatum":"Approximate LAT","depthDatumCode":42,"depthDatumStatus":"VERIFIED_FROM_OFFICIAL_DOCUMENTATION","verticalDatum":"Local Datum","verticalDatumCode":24,"napIdentityStatus":"UNVERIFIED","sourceKind":"official","sourceCellId":"1R7588LI","sourceStableId":"1F2B69F1AB1B75AE","sourceChecksum":"fcefec7e07170c4b859138c34376143c7aa4e9f8e653fc723d6bbe65dbf3c0a2","pipelineFeatureId":"1R7588LI/DEPCNT/1271588132","provenance":{"cellId":"1R7588LI","checksum":"fcefec7e07170c4b859138c34376143c7aa4e9f8e653fc723d6bbe65dbf3c0a2","readerVersion":"GDAL 3.2.2","processedAt":"2026-08-11T18:29:20.995Z"},"sourceProperties":{"RCID":1271588132,"PRIM":2,"GRUP":2,"OBJL":43,"RVER":1,"AGEN":7979,"FIDN":1777445659,"FIDS":30126,"LNAM":"1F2B69F1AB1B75AE","VALDCO":20,"SCAMIN":50000,"sourceCellId":"1R7588LI","sourceChecksum":"fcefec7e07170c4b859138c34376143c7aa4e9f8e653fc723d6bbe65dbf3c0a2","rawObjectClass":"DEPCNT","sourceStableId":"1F2B69F1AB1B75AE"}}},{"type":"Feature","geometry":{"type":"LineString","coordinates":[[3.1695187,51.5892174],[3.1693923,51.5891836],[3.1693282,51.5891278],[3.1692532,51.5890415],[3.1692889,51.5890379],[3.1693067,51.5890009],[3.1693736,51.5889479],[3.1693854,51.5889441],[3.1693915,51.5889458],[3.1693954,51.5889478],[3.169536,51.5890094],[3.1695761,51.5890375],[3.1696808,51.5891247],[3.169686,51.5891272],[3.1696928,51.5891347],[3.169681,51.5891688],[3.1696099,51.5892173],[3.1695368,51.5892243],[3.1695187,51.5892174]]},"properties":{"rawObjectClass":"DEPCNT","VALDCO":20,"depthDatum":"Approximate LAT","depthDatumCode":42,"depthDatumStatus":"VERIFIED_FROM_OFFICIAL_DOCUMENTATION","verticalDatum":"Local Datum","verticalDatumCode":24,"napIdentityStatus":"UNVERIFIED","sourceKind":"official","sourceCellId":"1R7588LI","sourceStableId":"1F2B69F1AB1B75AF","sourceChecksum":"fcefec7e07170c4b859138c34376143c7aa4e9f8e653fc723d6bbe65dbf3c0a2","pipelineFeatureId":"1R7588LI/DEPCNT/1271588133","provenance":{"cellId":"1R7588LI","checksum":"fcefec7e07170c4b859138c34376143c7aa4e9f8e653fc723d6bbe65dbf3c0a2","readerVersion":"GDAL 3.2.2","processedAt":"2026-08-11T18:29:20.995Z"},"sourceProperties":{"RCID":1271588133,"PRIM":2,"GRUP":2,"OBJL":43,"RVER":1,"AGEN":7979,"FIDN":1777445659,"FIDS":30127,"LNAM":"1F2B69F1AB1B75AF","VALDCO":20,"SCAMIN":50000,"sourceCellId":"1R7588LI","sourceChecksum":"fcefec7e07170c4b859138c34376143c7aa4e9f8e653fc723d6bbe65dbf3c0a2","rawObjectClass":"DEPCNT","sourceStableId":"1F2B69F1AB1B75AF"}}},{"type":"Feature","geometry":{"type":"LineString","coordinates":[[3.2208893,51.6023496],[3.2208963,51.6023821],[3.2209113,51.6024395],[3.2208807,51.6025071],[3.2208779,51.6025295],[3.2208452,51.6025852],[3.2207603,51.6025297],[3.2207004,51.6025106],[3.2206668,51.6025299],[3.2205565,51.6026109],[3.220542,51.60262],[3.220474,51.6026717],[3.2204292,51.6027101],[3.2204127,51.6027217],[3.220361,51.6027425],[3.2203334,51.6027103],[3.2203915,51.6026971],[3.2203153,51.6026204],[3.2203484,51.60257],[3.2203675,51.6025304],[3.2204115,51.6024731],[3.2204606,51.6024403],[3.2205554,51.6023775],[3.2205961,51.6023502],[3.2206993,51.6022855],[3.2207283,51.6022781],[3.2208438,51.6023087],[3.2208893,51.6023496]]},"properties":{"rawObjectClass":"DEPCNT","VALDCO":20,"depthDatum":"Approximate LAT","depthDatumCode":42,"depthDatumStatus":"VERIFIED_FROM_OFFICIAL_DOCUMENTATION","verticalDatum":"Local Datum","verticalDatumCode":24,"napIdentityStatus":"UNVERIFIED","sourceKind":"official","sourceCellId":"1R7588LI","sourceStableId":"1F2B69F1AB1B75B0","sourceChecksum":"fcefec7e07170c4b859138c34376143c7aa4e9f8e653fc723d6bbe65dbf3c0a2","pipelineFeatureId":"1R7588LI/DEPCNT/1271588134","provenance":{"cellId":"1R7588LI","checksum":"fcefec7e07170c4b859138c34376143c7aa4e9f8e653fc723d6bbe65dbf3c0a2","readerVersion":"GDAL 3.2.2","processedAt":"2026-08-11T18:29:20.995Z"},"sourceProperties":{"RCID":1271588134,"PRIM":2,"GRUP":2,"OBJL":43,"RVER":1,"AGEN":7979,"FIDN":1777445659,"FIDS":30128,"LNAM":"1F2B69F1AB1B75B0","VALDCO":20,"SCAMIN":50000,"sourceCellId":"1R7588LI","sourceChecksum":"fcefec7e07170c4b859138c34376143c7aa4e9f8e653fc723d6bbe65dbf3c0a2","rawObjectClass":"DEPCNT","sourceStableId":"1F2B69F1AB1B75B0"}}},{"type":"Feature","geometry":{"type":"LineString","coordinates":[[3.223072,51.6217879],[3.2229608,51.6218123],[3.2228497,51.6217677],[3.2228582,51.6217414],[3.2228601,51.6216778],[3.2229601,51.6216614],[3.2230909,51.6216688],[3.2231046,51.6216679],[3.2231557,51.6216772],[3.2231701,51.6217178],[3.2231648,51.6217671],[3.2231051,51.6217825],[3.223072,51.6217879]]},"properties":{"rawObjectClass":"DEPCNT","VALDCO":20,"depthDatum":"Approximate LAT","depthDatumCode":42,"depthDatumStatus":"VERIFIED_FROM_OFFICIAL_DOCUMENTATION","verticalDatum":"Local Datum","verticalDatumCode":24,"napIdentityStatus":"UNVERIFIED","sourceKind":"official","sourceCellId":"1R7588LI","sourceStableId":"1F2B69F1AB1B75B1","sourceChecksum":"fcefec7e07170c4b859138c34376143c7aa4e9f8e653fc723d6bbe65dbf3c0a2","pipelineFeatureId":"1R7588LI/DEPCNT/1271588135","provenance":{"cellId":"1R7588LI","checksum":"fcefec7e07170c4b859138c34376143c7aa4e9f8e653fc723d6bbe65dbf3c0a2","readerVersion":"GDAL 3.2.2","processedAt":"2026-08-11T18:29:20.995Z"},"sourceProperties":{"RCID":1271588135,"PRIM":2,"GRUP":2,"OBJL":43,"RVER":1,"AGEN":7979,"FIDN":1777445659,"FIDS":30129,"LNAM":"1F2B69F1AB1B75B1","VALDCO":20,"SCAMIN":50000,"sourceCellId":"1R7588LI","sourceChecksum":"fcefec7e07170c4b859138c34376143c7aa4e9f8e653fc723d6bbe65dbf3c0a2","rawObjectClass":"DEPCNT","sourceStableId":"1F2B69F1AB1B75B1"}}},{"type":"Feature","geometry":{"type":"LineString","coordinates":[[3.2609253,51.6204304],[3.2609434,51.6203888],[3.2609909,51.6203404],[3.2610873,51.6202915],[3.2612064,51.6202657],[3.2612315,51.6202607],[3.2612866,51.6203397],[3.2612324,51.6204103],[3.2611784,51.6204299],[3.2610882,51.6204502],[3.2609647,51.6204434],[3.2609437,51.6204446],[3.2609253,51.6204304]]},"properties":{"rawObjectClass":"DEPCNT","VALDCO":20,"depthDatum":"Approximate LAT","depthDatumCode":42,"depthDatumStatus":"VERIFIED_FROM_OFFICIAL_DOCUMENTATION","verticalDatum":"Local Datum","verticalDatumCode":24,"napIdentityStatus":"UNVERIFIED","sourceKind":"official","sourceCellId":"1R7588LI","sourceStableId":"1F2B69F1AB1B75B2","sourceChecksum":"fcefec7e07170c4b859138c34376143c7aa4e9f8e653fc723d6bbe65dbf3c0a2","pipelineFeatureId":"1R7588LI/DEPCNT/1271588136","provenance":{"cellId":"1R7588LI","checksum":"fcefec7e07170c4b859138c34376143c7aa4e9f8e653fc723d6bbe65dbf3c0a2","readerVersion":"GDAL 3.2.2","processedAt":"2026-08-11T18:29:20.995Z"},"sourceProperties":{"RCID":1271588136,"PRIM":2,"GRUP":2,"OBJL":43,"RVER":1,"AGEN":7979,"FIDN":1777445659,"FIDS":30130,"LNAM":"1F2B69F1AB1B75B2","VALDCO":20,"SCAMIN":50000,"sourceCellId":"1R7588LI","sourceChecksum":"fcefec7e07170c4b859138c34376143c7aa4e9f8e653fc723d6bbe65dbf3c0a2","rawObjectClass":"DEPCNT","sourceStableId":"1F2B69F1AB1B75B2"}}},{"type":"Feature","geometry":{"type":"LineString","coordinates":[[3.2732741,51.605123],[3.2732555,51.6051283],[3.2731301,51.6051904],[3.2730528,51.6052071],[3.2729862,51.6052615],[3.2728932,51.6052654],[3.2728419,51.605275],[3.272741,51.6052706],[3.2726975,51.6052838],[3.272666,51.6052979],[3.2725537,51.605375],[3.27251,51.6053882],[3.2725538,51.6054026],[3.2725895,51.6054102],[3.2726983,51.6054123],[3.2728067,51.6054099],[3.2728426,51.605403],[3.2729702,51.6053976],[3.272987,51.6053981],[3.2731171,51.6053957],[3.2731314,51.6053956],[3.2731754,51.6053867],[3.2732755,51.6053563],[3.2733744,51.6052963],[3.2734195,51.6052799],[3.2734573,51.6052725],[3.2735639,51.6052825],[3.2736619,51.6052956],[3.2737006,51.6053004],[3.2737084,51.6052995],[3.2737202,51.6052955],[3.2738525,51.605252],[3.2739855,51.6052876],[3.2739971,51.6052852],[3.2740104,51.6052865],[3.2741414,51.6052645],[3.2742664,51.6052821],[3.2742859,51.6052821],[3.2743306,51.6052662],[3.27443,51.6052286],[3.274554,51.6052036],[3.2745742,51.6051992],[3.2746138,51.6051787],[3.2747183,51.6051509],[3.2747899,51.6051577],[3.2747431,51.6051132],[3.2748622,51.6050757],[3.2749246,51.6050229],[3.275006,51.6049777],[3.2750856,51.6049326],[3.2750172,51.6048503],[3.2750177,51.6048429],[3.2750052,51.6048388],[3.2749804,51.6048429],[3.274861,51.6048659],[3.2747881,51.6048888],[3.2747168,51.6049092],[3.2746429,51.6048897],[3.2745725,51.6049136],[3.2745064,51.604934],[3.2744284,51.6049717],[3.2743064,51.6050106],[3.2742843,51.6050172],[3.2742646,51.6050122],[3.2741399,51.6050169],[3.2740924,51.6050248],[3.2739957,51.6050477],[3.2738728,51.6050388],[3.2738512,51.6050349],[3.2738102,51.6050255],[3.2737232,51.6050155],[3.2737067,51.6050172],[3.2736245,51.6050259],[3.2735624,51.60504],[3.2734375,51.6051044],[3.2734185,51.6051139],[3.2733855,51.6051164],[3.2732741,51.605123]]},"properties":{"rawObjectClass":"DEPCNT","VALDCO":20,"depthDatum":"Approximate LAT","depthDatumCode":42,"depthDatumStatus":"VERIFIED_FROM_OFFICIAL_DOCUMENTATION","verticalDatum":"Local Datum","verticalDatumCode":24,"napIdentityStatus":"UNVERIFIED","sourceKind":"official","sourceCellId":"1R7588LI","sourceStableId":"1F2B69F1AB1B75B3","sourceChecksum":"fcefec7e07170c4b859138c34376143c7aa4e9f8e653fc723d6bbe65dbf3c0a2","pipelineFeatureId":"1R7588LI/DEPCNT/1271588137","provenance":{"cellId":"1R7588LI","checksum":"fcefec7e07170c4b859138c34376143c7aa4e9f8e653fc723d6bbe65dbf3c0a2","readerVersion":"GDAL 3.2.2","processedAt":"2026-08-11T18:29:20.995Z"},"sourceProperties":{"RCID":1271588137,"PRIM":2,"GRUP":2,"OBJL":43,"RVER":1,"AGEN":7979,"FIDN":1777445659,"FIDS":30131,"LNAM":"1F2B69F1AB1B75B3","VALDCO":20,"SCAMIN":50000,"sourceCellId":"1R7588LI","sourceChecksum":"fcefec7e07170c4b859138c34376143c7aa4e9f8e653fc723d6bbe65dbf3c0a2","rawObjectClass":"DEPCNT","sourceStableId":"1F2B69F1AB1B75B3"}}},{"type":"Feature","geometry":{"type":"LineString","coordinates":[[3.2210311,51.6165397],[3.2210217,51.6164661],[3.2210569,51.6164428],[3.2211968,51.6163759],[3.221201,51.6163743],[3.2212069,51.6163721],[3.2212156,51.6163759],[3.2212944,51.6164075],[3.2212594,51.6164657],[3.2212016,51.6165109],[3.2211059,51.6165559],[3.2210743,51.6165664],[3.2210574,51.6165633],[3.2210386,51.616556],[3.2210311,51.6165397]]},"properties":{"rawObjectClass":"DEPCNT","VALDCO":20,"depthDatum":"Approximate LAT","depthDatumCode":42,"depthDatumStatus":"VERIFIED_FROM_OFFICIAL_DOCUMENTATION","verticalDatum":"Local Datum","verticalDatumCode":24,"napIdentityStatus":"UNVERIFIED","sourceKind":"official","sourceCellId":"1R7588LI","sourceStableId":"1F2B69F1AB1B75B4","sourceChecksum":"fcefec7e07170c4b859138c34376143c7aa4e9f8e653fc723d6bbe65dbf3c0a2","pipelineFeatureId":"1R7588LI/DEPCNT/1271588138","provenance":{"cellId":"1R7588LI","checksum":"fcefec7e07170c4b859138c34376143c7aa4e9f8e653fc723d6bbe65dbf3c0a2","readerVersion":"GDAL 3.2.2","processedAt":"2026-08-11T18:29:20.995Z"},"sourceProperties":{"RCID":1271588138,"PRIM":2,"GRUP":2,"OBJL":43,"RVER":1,"AGEN":7979,"FIDN":1777445659,"FIDS":30132,"LNAM":"1F2B69F1AB1B75B4","VALDCO":20,"SCAMIN":50000,"sourceCellId":"1R7588LI","sourceChecksum":"fcefec7e07170c4b859138c34376143c7aa4e9f8e653fc723d6bbe65dbf3c0a2","rawObjectClass":"DEPCNT","sourceStableId":"1F2B69F1AB1B75B4"}}},{"type":"Feature","geometry":{"type":"LineString","coordinates":[[3.2302448,51.605398],[3.2302171,51.6054061],[3.230113,51.605389],[3.230111,51.6053824],[3.2302166,51.6052989],[3.2302441,51.6052725],[3.2303007,51.6052088],[3.2303879,51.6051468],[3.2304419,51.6051186],[3.230532,51.6050834],[3.2306097,51.6051183],[3.2306212,51.6051529],[3.2305925,51.6052083],[3.2305328,51.6052546],[3.2304409,51.6052985],[3.2303888,51.6053252],[3.2302656,51.6053887],[3.2302448,51.605398]]},"properties":{"rawObjectClass":"DEPCNT","VALDCO":20,"depthDatum":"Approximate LAT","depthDatumCode":42,"depthDatumStatus":"VERIFIED_FROM_OFFICIAL_DOCUMENTATION","verticalDatum":"Local Datum","verticalDatumCode":24,"napIdentityStatus":"UNVERIFIED","sourceKind":"official","sourceCellId":"1R7588LI","sourceStableId":"1F2B69F1AB1B75B5","sourceChecksum":"fcefec7e07170c4b859138c34376143c7aa4e9f8e653fc723d6bbe65dbf3c0a2","pipelineFeatureId":"1R7588LI/DEPCNT/1271588139","provenance":{"cellId":"1R7588LI","checksum":"fcefec7e07170c4b859138c34376143c7aa4e9f8e653fc723d6bbe65dbf3c0a2","readerVersion":"GDAL 3.2.2","processedAt":"2026-08-11T18:29:20.995Z"},"sourceProperties":{"RCID":1271588139,"PRIM":2,"GRUP":2,"OBJL":43,"RVER":1,"AGEN":7979,"FIDN":1777445659,"FIDS":30133,"LNAM":"1F2B69F1AB1B75B5","VALDCO":20,"SCAMIN":50000,"sourceCellId":"1R7588LI","sourceChecksum":"fcefec7e07170c4b859138c34376143c7aa4e9f8e653fc723d6bbe65dbf3c0a2","rawObjectClass":"DEPCNT","sourceStableId":"1F2B69F1AB1B75B5"}}},{"type":"Feature","geometry":{"type":"LineString","coordinates":[[3.1548608,51.5789872],[3.154908,51.5789064],[3.1549069,51.5788972],[3.1549225,51.5788855],[3.1549438,51.578884],[3.1550667,51.578838],[3.1551669,51.5788694],[3.1552111,51.5788741],[3.1552436,51.5788968],[3.1552134,51.5789856],[3.155213,51.5789868],[3.1552115,51.578989],[3.155089,51.5790768],[3.1550675,51.5790853],[3.1550442,51.5790914],[3.1549234,51.5791264],[3.1548437,51.5790772],[3.154833,51.5790434],[3.1548608,51.5789872]]},"properties":{"rawObjectClass":"DEPCNT","VALDCO":20,"depthDatum":"Approximate LAT","depthDatumCode":42,"depthDatumStatus":"VERIFIED_FROM_OFFICIAL_DOCUMENTATION","verticalDatum":"Local Datum","verticalDatumCode":24,"napIdentityStatus":"UNVERIFIED","sourceKind":"official","sourceCellId":"1R7588LI","sourceStableId":"1F2B69F1AB1B75B6","sourceChecksum":"fcefec7e07170c4b859138c34376143c7aa4e9f8e653fc723d6bbe65dbf3c0a2","pipelineFeatureId":"1R7588LI/DEPCNT/1271588140","provenance":{"cellId":"1R7588LI","checksum":"fcefec7e07170c4b859138c34376143c7aa4e9f8e653fc723d6bbe65dbf3c0a2","readerVersion":"GDAL 3.2.2","processedAt":"2026-08-11T18:29:20.995Z"},"sourceProperties":{"RCID":1271588140,"PRIM":2,"GRUP":2,"OBJL":43,"RVER":1,"AGEN":7979,"FIDN":1777445659,"FIDS":30134,"LNAM":"1F2B69F1AB1B75B6","VALDCO":20,"SCAMIN":50000,"sourceCellId":"1R7588LI","sourceChecksum":"fcefec7e07170c4b859138c34376143c7aa4e9f8e653fc723d6bbe65dbf3c0a2","rawObjectClass":"DEPCNT","sourceStableId":"1F2B69F1AB1B75B6"}}},{"type":"Feature","geometry":{"type":"LineString","coordinates":[[3.1559656,51.5884959],[3.1560259,51.5884792],[3.15611,51.5884956],[3.1561493,51.5885166],[3.156235,51.5885942],[3.1562503,51.5886064],[3.1561917,51.5886458],[3.1562548,51.5886251],[3.1563725,51.5886062],[3.156399,51.5886007],[3.1564077,51.5886008],[3.1564009,51.5886062],[3.1563991,51.5886074],[3.1562814,51.5886963],[3.1562813,51.58877],[3.1562711,51.5887862],[3.1562568,51.5888754],[3.1562564,51.5888761],[3.1562557,51.5888818],[3.1562484,51.5889661],[3.1562452,51.5889728],[3.1562365,51.589056],[3.1562236,51.5890764],[3.1562124,51.5891459],[3.1561811,51.5891931],[3.156139,51.589236],[3.1561127,51.5892812],[3.156041,51.5892813],[3.1559683,51.5892813],[3.1559045,51.5893262],[3.1558242,51.5893585],[3.1557681,51.5893264],[3.1556796,51.5892736],[3.1556447,51.5892366],[3.1555349,51.5891701],[3.1554997,51.5891469],[3.1554996,51.5890787],[3.1555089,51.589057],[3.1555338,51.5889673],[3.1555338,51.588967],[3.1555342,51.5889657],[3.1555877,51.588877],[3.155678,51.5888028],[3.1557486,51.5888308],[3.1557903,51.5887868],[3.1558221,51.5887351],[3.1558613,51.5887213],[3.1558248,51.5886969],[3.1558263,51.5886942],[3.1558402,51.5886069],[3.1558563,51.5885853],[3.155923,51.5885169],[3.1559656,51.5884959]]},"properties":{"rawObjectClass":"DEPCNT","VALDCO":20,"depthDatum":"Approximate LAT","depthDatumCode":42,"depthDatumStatus":"VERIFIED_FROM_OFFICIAL_DOCUMENTATION","verticalDatum":"Local Datum","verticalDatumCode":24,"napIdentityStatus":"UNVERIFIED","sourceKind":"official","sourceCellId":"1R7588LI","sourceStableId":"1F2B69F1AB1B75B7","sourceChecksum":"fcefec7e07170c4b859138c34376143c7aa4e9f8e653fc723d6bbe65dbf3c0a2","pipelineFeatureId":"1R7588LI/DEPCNT/1271588141","provenance":{"cellId":"1R7588LI","checksum":"fcefec7e07170c4b859138c34376143c7aa4e9f8e653fc723d6bbe65dbf3c0a2","readerVersion":"GDAL 3.2.2","processedAt":"2026-08-11T18:29:20.995Z"},"sourceProperties":{"RCID":1271588141,"PRIM":2,"GRUP":2,"OBJL":43,"RVER":1,"AGEN":7979,"FIDN":1777445659,"FIDS":30135,"LNAM":"1F2B69F1AB1B75B7","VALDCO":20,"SCAMIN":50000,"sourceCellId":"1R7588LI","sourceChecksum":"fcefec7e07170c4b859138c34376143c7aa4e9f8e653fc723d6bbe65dbf3c0a2","rawObjectClass":"DEPCNT","sourceStableId":"1F2B69F1AB1B75B7"}}},{"type":"Feature","geometry":{"type":"LineString","coordinates":[[3.1610107,51.5865079],[3.1610942,51.5865318],[3.1611552,51.5865447],[3.1612077,51.5865643],[3.1612997,51.5865923],[3.1613697,51.5866213],[3.1613634,51.5866609],[3.1614164,51.5867112],[3.1613914,51.5867443],[3.1614446,51.5867628],[3.1614951,51.586801],[3.161445,51.5868758],[3.161413,51.586891],[3.1613008,51.5869056],[3.1612805,51.5868912],[3.1611562,51.586846],[3.1610575,51.5868016],[3.1610116,51.5867539],[3.1609641,51.5867118],[3.1609328,51.586663],[3.1609102,51.5866219],[3.1608666,51.586572],[3.1608316,51.5865321],[3.1607884,51.5864837],[3.1608663,51.5864795],[3.1609386,51.5864871],[3.1610107,51.5865079]]},"properties":{"rawObjectClass":"DEPCNT","VALDCO":20,"depthDatum":"Approximate LAT","depthDatumCode":42,"depthDatumStatus":"VERIFIED_FROM_OFFICIAL_DOCUMENTATION","verticalDatum":"Local Datum","verticalDatumCode":24,"napIdentityStatus":"UNVERIFIED","sourceKind":"official","sourceCellId":"1R7588LI","sourceStableId":"1F2B69F1AB1B75B8","sourceChecksum":"fcefec7e07170c4b859138c34376143c7aa4e9f8e653fc723d6bbe65dbf3c0a2","pipelineFeatureId":"1R7588LI/DEPCNT/1271588142","provenance":{"cellId":"1R7588LI","checksum":"fcefec7e07170c4b859138c34376143c7aa4e9f8e653fc723d6bbe65dbf3c0a2","readerVersion":"GDAL 3.2.2","processedAt":"2026-08-11T18:29:20.995Z"},"sourceProperties":{"RCID":1271588142,"PRIM":2,"GRUP":2,"OBJL":43,"RVER":1,"AGEN":7979,"FIDN":1777445659,"FIDS":30136,"LNAM":"1F2B69F1AB1B75B8","VALDCO":20,"SCAMIN":50000,"sourceCellId":"1R7588LI","sourceChecksum":"fcefec7e07170c4b859138c34376143c7aa4e9f8e653fc723d6bbe65dbf3c0a2","rawObjectClass":"DEPCNT","sourceStableId":"1F2B69F1AB1B75B8"}}},{"type":"Feature","geometry":{"type":"LineString","coordinates":[[3.2097309,51.5862258],[3.2096518,51.5862303],[3.2095825,51.5862754],[3.2095078,51.5862964],[3.209464,51.5863029],[3.2093635,51.586303],[3.2093003,51.5863152],[3.2092192,51.5863149],[3.2091268,51.5863661],[3.2090751,51.5863828],[3.2090247,51.5863978],[3.2089309,51.5863928],[3.2088208,51.5864566],[3.2087869,51.5864672],[3.2086465,51.5865468],[3.2086429,51.5865486],[3.2086169,51.5865631],[3.2084986,51.5865542],[3.2084932,51.5865471],[3.2084985,51.5865361],[3.2086049,51.5865233],[3.2085558,51.586457],[3.2086423,51.5864162],[3.2087105,51.5863669],[3.2087863,51.5863418],[3.2088861,51.5863043],[3.2089304,51.5863007],[3.2089566,51.5862765],[3.2090745,51.5862383],[3.2091654,51.5862195],[3.2092187,51.5862178],[3.2093089,51.586186],[3.2093629,51.5861725],[3.2093888,51.5861696],[3.2095071,51.5861494],[3.2095828,51.5861383],[3.2096514,51.5861393],[3.2097866,51.5861008],[3.2097955,51.5861019],[3.2098133,51.5860951],[3.2099398,51.5860779],[3.2099686,51.5860769],[3.2100841,51.5860775],[3.210217,51.5860873],[3.2102285,51.5860873],[3.2102407,51.5860868],[3.2103728,51.5860876],[3.2104442,51.586094],[3.2103729,51.5860991],[3.2103629,51.5861004],[3.2102286,51.5861016],[3.2102041,51.5861097],[3.2100843,51.5861269],[3.2100076,51.5861847],[3.2099403,51.5861999],[3.2099067,51.5862059],[3.209796,51.5862088],[3.2097309,51.5862258]]},"properties":{"rawObjectClass":"DEPCNT","VALDCO":20,"depthDatum":"Approximate LAT","depthDatumCode":42,"depthDatumStatus":"VERIFIED_FROM_OFFICIAL_DOCUMENTATION","verticalDatum":"Local Datum","verticalDatumCode":24,"napIdentityStatus":"UNVERIFIED","sourceKind":"official","sourceCellId":"1R7588LI","sourceStableId":"1F2B69F1AB1B75B9","sourceChecksum":"fcefec7e07170c4b859138c34376143c7aa4e9f8e653fc723d6bbe65dbf3c0a2","pipelineFeatureId":"1R7588LI/DEPCNT/1271588143","provenance":{"cellId":"1R7588LI","checksum":"fcefec7e07170c4b859138c34376143c7aa4e9f8e653fc723d6bbe65dbf3c0a2","readerVersion":"GDAL 3.2.2","processedAt":"2026-08-11T18:29:20.995Z"},"sourceProperties":{"RCID":1271588143,"PRIM":2,"GRUP":2,"OBJL":43,"RVER":1,"AGEN":7979,"FIDN":1777445659,"FIDS":30137,"LNAM":"1F2B69F1AB1B75B9","VALDCO":20,"SCAMIN":50000,"sourceCellId":"1R7588LI","sourceChecksum":"fcefec7e07170c4b859138c34376143c7aa4e9f8e653fc723d6bbe65dbf3c0a2","rawObjectClass":"DEPCNT","sourceStableId":"1F2B69F1AB1B75B9"}}},{"type":"Feature","geometry":{"type":"LineString","coordinates":[[3.2182744,51.6045125],[3.2182658,51.6045962],[3.2182601,51.6046024],[3.2182558,51.604609],[3.2182417,51.6046025],[3.2182294,51.6045288],[3.2182422,51.6045125],[3.218255,51.6044232],[3.2183959,51.6044245],[3.2182744,51.6045125]]},"properties":{"rawObjectClass":"DEPCNT","VALDCO":20,"depthDatum":"Approximate LAT","depthDatumCode":42,"depthDatumStatus":"VERIFIED_FROM_OFFICIAL_DOCUMENTATION","verticalDatum":"Local Datum","verticalDatumCode":24,"napIdentityStatus":"UNVERIFIED","sourceKind":"official","sourceCellId":"1R7588LI","sourceStableId":"1F2B69F1AB1B75BA","sourceChecksum":"fcefec7e07170c4b859138c34376143c7aa4e9f8e653fc723d6bbe65dbf3c0a2","pipelineFeatureId":"1R7588LI/DEPCNT/1271588144","provenance":{"cellId":"1R7588LI","checksum":"fcefec7e07170c4b859138c34376143c7aa4e9f8e653fc723d6bbe65dbf3c0a2","readerVersion":"GDAL 3.2.2","processedAt":"2026-08-11T18:29:20.995Z"},"sourceProperties":{"RCID":1271588144,"PRIM":2,"GRUP":2,"OBJL":43,"RVER":1,"AGEN":7979,"FIDN":1777445659,"FIDS":30138,"LNAM":"1F2B69F1AB1B75BA","VALDCO":20,"SCAMIN":50000,"sourceCellId":"1R7588LI","sourceChecksum":"fcefec7e07170c4b859138c34376143c7aa4e9f8e653fc723d6bbe65dbf3c0a2","rawObjectClass":"DEPCNT","sourceStableId":"1F2B69F1AB1B75BA"}}},{"type":"Feature","geometry":{"type":"LineString","coordinates":[[3.1794547,51.6151675],[3.1793309,51.6150986],[3.1793099,51.6150751],[3.1792423,51.6150088],[3.1791958,51.6149382],[3.179256,51.6149189],[3.1793092,51.614889],[3.179344,51.6148971],[3.1794535,51.6148594],[3.1795869,51.6149114],[3.1795982,51.6149144],[3.1796129,51.6149183],[3.1796033,51.6149215],[3.1796943,51.6150081],[3.1795988,51.6150729],[3.1795562,51.6150982],[3.1794547,51.6151675]]},"properties":{"rawObjectClass":"DEPCNT","VALDCO":20,"depthDatum":"Approximate LAT","depthDatumCode":42,"depthDatumStatus":"VERIFIED_FROM_OFFICIAL_DOCUMENTATION","verticalDatum":"Local Datum","verticalDatumCode":24,"napIdentityStatus":"UNVERIFIED","sourceKind":"official","sourceCellId":"1R7588LI","sourceStableId":"1F2B69F1AB1B75BB","sourceChecksum":"fcefec7e07170c4b859138c34376143c7aa4e9f8e653fc723d6bbe65dbf3c0a2","pipelineFeatureId":"1R7588LI/DEPCNT/1271588145","provenance":{"cellId":"1R7588LI","checksum":"fcefec7e07170c4b859138c34376143c7aa4e9f8e653fc723d6bbe65dbf3c0a2","readerVersion":"GDAL 3.2.2","processedAt":"2026-08-11T18:29:20.995Z"},"sourceProperties":{"RCID":1271588145,"PRIM":2,"GRUP":2,"OBJL":43,"RVER":1,"AGEN":7979,"FIDN":1777445659,"FIDS":30139,"LNAM":"1F2B69F1AB1B75BB","VALDCO":20,"SCAMIN":50000,"sourceCellId":"1R7588LI","sourceChecksum":"fcefec7e07170c4b859138c34376143c7aa4e9f8e653fc723d6bbe65dbf3c0a2","rawObjectClass":"DEPCNT","sourceStableId":"1F2B69F1AB1B75BB"}}},{"type":"Feature","geometry":{"type":"LineString","coordinates":[[3.2372722,51.5961577],[3.2371697,51.5961775],[3.237128,51.5961893],[3.2370581,51.5962038],[3.2369839,51.5962381],[3.2368921,51.5962613],[3.2368397,51.596284],[3.2368021,51.5962942],[3.2366957,51.596345],[3.2365944,51.5963578],[3.2365514,51.5963721],[3.236458,51.5963848],[3.2364072,51.5964028],[3.2363661,51.5964106],[3.2362631,51.5964444],[3.2361825,51.5964753],[3.2362636,51.596555],[3.2363504,51.5965291],[3.2364079,51.5965386],[3.2364514,51.5965376],[3.2365522,51.5965161],[3.2366568,51.5964991],[3.2366965,51.5964983],[3.236828,51.596474],[3.2368407,51.5964698],[3.2368481,51.5964693],[3.236985,51.5964547],[3.237012,51.5964568],[3.2371292,51.5964309],[3.2372114,51.5964345],[3.2372736,51.596432],[3.2373654,51.5964157],[3.2374179,51.596417],[3.2375444,51.5963937],[3.2375621,51.5963896],[3.2375999,51.5963825],[3.2377063,51.5963581],[3.237812,51.5963162],[3.2378504,51.5962988],[3.237953,51.5963556],[3.2379951,51.5963551],[3.2380708,51.5962917],[3.2381388,51.5962356],[3.2381736,51.5962915],[3.2382836,51.5963159],[3.2383463,51.5963301],[3.2384281,51.5963456],[3.2385309,51.5963165],[3.2385724,51.596326],[3.2386615,51.5962905],[3.2387165,51.5962685],[3.2387956,51.5962003],[3.2388055,51.5961661],[3.2387806,51.5961104],[3.2387394,51.5960356],[3.2387321,51.5960206],[3.238715,51.5959952],[3.2386417,51.5959752],[3.2385704,51.5959382],[3.2385596,51.5959377],[3.2384262,51.5959733],[3.2383142,51.5960214],[3.2382821,51.596037],[3.2382108,51.5960661],[3.2381379,51.5960589],[3.2380447,51.5960539],[3.2379934,51.5960454],[3.2379368,51.5960222],[3.2378609,51.5960149],[3.2378489,51.5960172],[3.2378128,51.5960224],[3.2377047,51.5960525],[3.237656,51.5960531],[3.2375605,51.5960778],[3.2374402,51.5960982],[3.2374163,51.5961032],[3.2373832,51.5961132],[3.2372722,51.5961577]]},"properties":{"rawObjectClass":"DEPCNT","VALDCO":20,"depthDatum":"Approximate LAT","depthDatumCode":42,"depthDatumStatus":"VERIFIED_FROM_OFFICIAL_DOCUMENTATION","verticalDatum":"Local Datum","verticalDatumCode":24,"napIdentityStatus":"UNVERIFIED","sourceKind":"official","sourceCellId":"1R7588LI","sourceStableId":"1F2B69F1AB1B75BC","sourceChecksum":"fcefec7e07170c4b859138c34376143c7aa4e9f8e653fc723d6bbe65dbf3c0a2","pipelineFeatureId":"1R7588LI/DEPCNT/1271588146","provenance":{"cellId":"1R7588LI","checksum":"fcefec7e07170c4b859138c34376143c7aa4e9f8e653fc723d6bbe65dbf3c0a2","readerVersion":"GDAL 3.2.2","processedAt":"2026-08-11T18:29:20.995Z"},"sourceProperties":{"RCID":1271588146,"PRIM":2,"GRUP":2,"OBJL":43,"RVER":1,"AGEN":7979,"FIDN":1777445659,"FIDS":30140,"LNAM":"1F2B69F1AB1B75BC","VALDCO":20,"SCAMIN":50000,"sourceCellId":"1R7588LI","sourceChecksum":"fcefec7e07170c4b859138c34376143c7aa4e9f8e653fc723d6bbe65dbf3c0a2","rawObjectClass":"DEPCNT","sourceStableId":"1F2B69F1AB1B75BC"}}},{"type":"Feature","geometry":{"type":"LineString","coordinates":[[3.2312789,51.6099884],[3.2312338,51.6099725],[3.2312291,51.6099134],[3.2312341,51.6098826],[3.2312653,51.6098005],[3.2312671,51.6097926],[3.2312778,51.6097708],[3.231301,51.6097926],[3.2314225,51.609836],[3.2314787,51.6098821],[3.2314229,51.6099085],[3.2313119,51.6099724],[3.2312789,51.6099884]]},"properties":{"rawObjectClass":"DEPCNT","VALDCO":20,"depthDatum":"Approximate LAT","depthDatumCode":42,"depthDatumStatus":"VERIFIED_FROM_OFFICIAL_DOCUMENTATION","verticalDatum":"Local Datum","verticalDatumCode":24,"napIdentityStatus":"UNVERIFIED","sourceKind":"official","sourceCellId":"1R7588LI","sourceStableId":"1F2B69F1AB1B75BD","sourceChecksum":"fcefec7e07170c4b859138c34376143c7aa4e9f8e653fc723d6bbe65dbf3c0a2","pipelineFeatureId":"1R7588LI/DEPCNT/1271588147","provenance":{"cellId":"1R7588LI","checksum":"fcefec7e07170c4b859138c34376143c7aa4e9f8e653fc723d6bbe65dbf3c0a2","readerVersion":"GDAL 3.2.2","processedAt":"2026-08-11T18:29:20.995Z"},"sourceProperties":{"RCID":1271588147,"PRIM":2,"GRUP":2,"OBJL":43,"RVER":1,"AGEN":7979,"FIDN":1777445659,"FIDS":30141,"LNAM":"1F2B69F1AB1B75BD","VALDCO":20,"SCAMIN":50000,"sourceCellId":"1R7588LI","sourceChecksum":"fcefec7e07170c4b859138c34376143c7aa4e9f8e653fc723d6bbe65dbf3c0a2","rawObjectClass":"DEPCNT","sourceStableId":"1F2B69F1AB1B75BD"}}},{"type":"Feature","geometry":{"type":"LineString","coordinates":[[3.2548478,51.6152537],[3.2547964,51.6152288],[3.2548474,51.6151785],[3.2549143,51.6151802],[3.254992,51.6152036],[3.2550409,51.6152283],[3.255137,51.6153115],[3.25515,51.6153179],[3.2551371,51.615323],[3.2551047,51.615318],[3.2549925,51.6152873],[3.2549453,51.615289],[3.2548478,51.6152537]]},"properties":{"rawObjectClass":"DEPCNT","VALDCO":20,"depthDatum":"Approximate LAT","depthDatumCode":42,"depthDatumStatus":"VERIFIED_FROM_OFFICIAL_DOCUMENTATION","verticalDatum":"Local Datum","verticalDatumCode":24,"napIdentityStatus":"UNVERIFIED","sourceKind":"official","sourceCellId":"1R7588LI","sourceStableId":"1F2B69F1AB1B75BE","sourceChecksum":"fcefec7e07170c4b859138c34376143c7aa4e9f8e653fc723d6bbe65dbf3c0a2","pipelineFeatureId":"1R7588LI/DEPCNT/1271588148","provenance":{"cellId":"1R7588LI","checksum":"fcefec7e07170c4b859138c34376143c7aa4e9f8e653fc723d6bbe65dbf3c0a2","readerVersion":"GDAL 3.2.2","processedAt":"2026-08-11T18:29:20.995Z"},"sourceProperties":{"RCID":1271588148,"PRIM":2,"GRUP":2,"OBJL":43,"RVER":1,"AGEN":7979,"FIDN":1777445659,"FIDS":30142,"LNAM":"1F2B69F1AB1B75BE","VALDCO":20,"SCAMIN":50000,"sourceCellId":"1R7588LI","sourceChecksum":"fcefec7e07170c4b859138c34376143c7aa4e9f8e653fc723d6bbe65dbf3c0a2","rawObjectClass":"DEPCNT","sourceStableId":"1F2B69F1AB1B75BE"}}},{"type":"Feature","geometry":{"type":"LineString","coordinates":[[3.2319758,51.6094316],[3.2319723,51.6094156],[3.2319653,51.6093417],[3.2319585,51.6093174],[3.2319702,51.6092518],[3.2319637,51.609231],[3.2319748,51.6091618],[3.2319616,51.6091401],[3.231983,51.6090719],[3.2319963,51.6090687],[3.2320018,51.6090719],[3.2320065,51.6090782],[3.2320246,51.6091617],[3.2320811,51.609214],[3.2320983,51.6092515],[3.2321417,51.6092701],[3.2321788,51.6093183],[3.2321607,51.6093413],[3.2321422,51.6093622],[3.2320247,51.6094315],[3.2319982,51.6094491],[3.2319758,51.6094316]]},"properties":{"rawObjectClass":"DEPCNT","VALDCO":20,"depthDatum":"Approximate LAT","depthDatumCode":42,"depthDatumStatus":"VERIFIED_FROM_OFFICIAL_DOCUMENTATION","verticalDatum":"Local Datum","verticalDatumCode":24,"napIdentityStatus":"UNVERIFIED","sourceKind":"official","sourceCellId":"1R7588LI","sourceStableId":"1F2B69F1AB1B75BF","sourceChecksum":"fcefec7e07170c4b859138c34376143c7aa4e9f8e653fc723d6bbe65dbf3c0a2","pipelineFeatureId":"1R7588LI/DEPCNT/1271588149","provenance":{"cellId":"1R7588LI","checksum":"fcefec7e07170c4b859138c34376143c7aa4e9f8e653fc723d6bbe65dbf3c0a2","readerVersion":"GDAL 3.2.2","processedAt":"2026-08-11T18:29:20.995Z"},"sourceProperties":{"RCID":1271588149,"PRIM":2,"GRUP":2,"OBJL":43,"RVER":1,"AGEN":7979,"FIDN":1777445659,"FIDS":30143,"LNAM":"1F2B69F1AB1B75BF","VALDCO":20,"SCAMIN":50000,"sourceCellId":"1R7588LI","sourceChecksum":"fcefec7e07170c4b859138c34376143c7aa4e9f8e653fc723d6bbe65dbf3c0a2","rawObjectClass":"DEPCNT","sourceStableId":"1F2B69F1AB1B75BF"}}},{"type":"Feature","geometry":{"type":"LineString","coordinates":[[3.1396283,51.5799096],[3.1395276,51.5799955],[3.1394844,51.5800537],[3.139466,51.5800855],[3.1394358,51.5801159],[3.139464,51.5801754],[3.1393649,51.5802504],[3.139485,51.5802495],[3.1396081,51.5802519],[3.1396293,51.5802637],[3.1397514,51.5801751],[3.1397733,51.5801587],[3.1398457,51.5801299],[3.1399176,51.5801525],[3.1399581,51.5800849],[3.1400616,51.5800196],[3.1400932,51.5799949],[3.1401147,51.5799616],[3.1401331,51.5799049],[3.140061,51.5798304],[3.140036,51.5798151],[3.1400235,51.5797919],[3.1400607,51.579744],[3.1400681,51.5797251],[3.140069,51.57972],[3.1400606,51.5797232],[3.139944,51.579708],[3.1399163,51.579718],[3.1399,51.5797253],[3.1398965,51.5797377],[3.1398861,51.5798153],[3.1397725,51.5798671],[3.1396383,51.5799055],[3.1396283,51.5799096]]},"properties":{"rawObjectClass":"DEPCNT","VALDCO":20,"depthDatum":"Approximate LAT","depthDatumCode":42,"depthDatumStatus":"VERIFIED_FROM_OFFICIAL_DOCUMENTATION","verticalDatum":"Local Datum","verticalDatumCode":24,"napIdentityStatus":"UNVERIFIED","sourceKind":"official","sourceCellId":"1R7588LI","sourceStableId":"1F2B69F1AB1B75C0","sourceChecksum":"fcefec7e07170c4b859138c34376143c7aa4e9f8e653fc723d6bbe65dbf3c0a2","pipelineFeatureId":"1R7588LI/DEPCNT/1271588150","provenance":{"cellId":"1R7588LI","checksum":"fcefec7e07170c4b859138c34376143c7aa4e9f8e653fc723d6bbe65dbf3c0a2","readerVersion":"GDAL 3.2.2","processedAt":"2026-08-11T18:29:20.995Z"},"sourceProperties":{"RCID":1271588150,"PRIM":2,"GRUP":2,"OBJL":43,"RVER":1,"AGEN":7979,"FIDN":1777445659,"FIDS":30144,"LNAM":"1F2B69F1AB1B75C0","VALDCO":20,"SCAMIN":50000,"sourceCellId":"1R7588LI","sourceChecksum":"fcefec7e07170c4b859138c34376143c7aa4e9f8e653fc723d6bbe65dbf3c0a2","rawObjectClass":"DEPCNT","sourceStableId":"1F2B69F1AB1B75C0"}}},{"type":"Feature","geometry":{"type":"LineString","coordinates":[[3.2516642,51.6095709],[3.2516392,51.6096212],[3.2516016,51.6096609],[3.2516093,51.6096798],[3.2516395,51.6096656],[3.2516521,51.6096608],[3.2517835,51.6096034],[3.2518721,51.6095704],[3.2519275,51.6095225],[3.2519882,51.6094803],[3.2520712,51.6094011],[3.2520963,51.6093901],[3.2522154,51.6093472],[3.2522887,51.6092998],[3.2522147,51.6092296],[3.2521518,51.6092494],[3.2520705,51.6092748],[3.2520396,51.6093003],[3.2519266,51.6093663],[3.2518943,51.6093704],[3.2517821,51.6093515],[3.2517167,51.6093909],[3.2516384,51.6094687],[3.2516238,51.609481],[3.2516043,51.6095024],[3.2516386,51.6095161],[3.2516892,51.6095394],[3.2516642,51.6095709]]},"properties":{"rawObjectClass":"DEPCNT","VALDCO":20,"depthDatum":"Approximate LAT","depthDatumCode":42,"depthDatumStatus":"VERIFIED_FROM_OFFICIAL_DOCUMENTATION","verticalDatum":"Local Datum","verticalDatumCode":24,"napIdentityStatus":"UNVERIFIED","sourceKind":"official","sourceCellId":"1R7588LI","sourceStableId":"1F2B69F1AB1B75C1","sourceChecksum":"fcefec7e07170c4b859138c34376143c7aa4e9f8e653fc723d6bbe65dbf3c0a2","pipelineFeatureId":"1R7588LI/DEPCNT/1271588151","provenance":{"cellId":"1R7588LI","checksum":"fcefec7e07170c4b859138c34376143c7aa4e9f8e653fc723d6bbe65dbf3c0a2","readerVersion":"GDAL 3.2.2","processedAt":"2026-08-11T18:29:20.995Z"},"sourceProperties":{"RCID":1271588151,"PRIM":2,"GRUP":2,"OBJL":43,"RVER":1,"AGEN":7979,"FIDN":1777445659,"FIDS":30145,"LNAM":"1F2B69F1AB1B75C1","VALDCO":20,"SCAMIN":50000,"sourceCellId":"1R7588LI","sourceChecksum":"fcefec7e07170c4b859138c34376143c7aa4e9f8e653fc723d6bbe65dbf3c0a2","rawObjectClass":"DEPCNT","sourceStableId":"1F2B69F1AB1B75C1"}}},{"type":"Feature","geometry":{"type":"LineString","coordinates":[[3.2224346,51.602815],[3.2222907,51.6028865],[3.2222905,51.6028866],[3.2222902,51.6028867],[3.2222895,51.6028865],[3.2222905,51.6028847],[3.222317,51.6027965],[3.222305,51.6027872],[3.2223676,51.6027065],[3.2224338,51.6026565],[3.2225003,51.6026577],[3.2224637,51.6026164],[3.2225776,51.6025386],[3.2226029,51.6025419],[3.2226815,51.6025261],[3.2227217,51.6024708],[3.2227858,51.602486],[3.2227377,51.602526],[3.2227404,51.6025374],[3.2228147,51.6026157],[3.2227509,51.6026883],[3.2227896,51.6027057],[3.2227229,51.6027192],[3.2226897,51.6027266],[3.2225787,51.6027486],[3.2224814,51.6027962],[3.2224346,51.602815]]},"properties":{"rawObjectClass":"DEPCNT","VALDCO":20,"depthDatum":"Approximate LAT","depthDatumCode":42,"depthDatumStatus":"VERIFIED_FROM_OFFICIAL_DOCUMENTATION","verticalDatum":"Local Datum","verticalDatumCode":24,"napIdentityStatus":"UNVERIFIED","sourceKind":"official","sourceCellId":"1R7588LI","sourceStableId":"1F2B69F1AB1B75C2","sourceChecksum":"fcefec7e07170c4b859138c34376143c7aa4e9f8e653fc723d6bbe65dbf3c0a2","pipelineFeatureId":"1R7588LI/DEPCNT/1271588152","provenance":{"cellId":"1R7588LI","checksum":"fcefec7e07170c4b859138c34376143c7aa4e9f8e653fc723d6bbe65dbf3c0a2","readerVersion":"GDAL 3.2.2","processedAt":"2026-08-11T18:29:20.995Z"},"sourceProperties":{"RCID":1271588152,"PRIM":2,"GRUP":2,"OBJL":43,"RVER":1,"AGEN":7979,"FIDN":1777445659,"FIDS":30146,"LNAM":"1F2B69F1AB1B75C2","VALDCO":20,"SCAMIN":50000,"sourceCellId":"1R7588LI","sourceChecksum":"fcefec7e07170c4b859138c34376143c7aa4e9f8e653fc723d6bbe65dbf3c0a2","rawObjectClass":"DEPCNT","sourceStableId":"1F2B69F1AB1B75C2"}}},{"type":"Feature","geometry":{"type":"LineString","coordinates":[[3.1969051,51.6092373],[3.1968851,51.6092259],[3.1967605,51.6091854],[3.1967079,51.6091363],[3.1966155,51.6090554],[3.1965638,51.6090466],[3.1964709,51.609011],[3.1964205,51.6090155],[3.1963264,51.608995],[3.196247,51.6090068],[3.1961821,51.6090022],[3.1960425,51.6089576],[3.1960374,51.608954],[3.1960326,51.6089546],[3.1960349,51.6089576],[3.1958933,51.6090197],[3.1957718,51.608958],[3.1957486,51.6089369],[3.1956759,51.6089582],[3.1957489,51.6090242],[3.195768,51.609048],[3.1957491,51.6090633],[3.1956208,51.6091381],[3.195605,51.6091457],[3.195481,51.6092283],[3.1954611,51.6092484],[3.1954091,51.6093183],[3.1954279,51.6093872],[3.195422,51.6094082],[3.1954007,51.6094464],[3.1954095,51.6094981],[3.1954623,51.6095442],[3.1955075,51.6095879],[3.1956073,51.6096735],[3.1956107,51.6096776],[3.1956178,51.6096841],[3.1957214,51.6097674],[3.1957522,51.6097776],[3.1957705,51.6097787],[3.1958966,51.6097805],[3.1959222,51.609783],[3.196041,51.6097827],[3.1960737,51.6097871],[3.1961854,51.6097809],[3.1962106,51.6097822],[3.1963298,51.6097781],[3.1964049,51.6097662],[3.1964511,51.6097518],[3.1964741,51.6097579],[3.1964879,51.6097575],[3.1966185,51.6097396],[3.196686,51.6097237],[3.1967629,51.6097497],[3.1968788,51.6097654],[3.1969037,51.6097677],[3.1969074,51.6097674],[3.1969215,51.6097654],[3.1970517,51.6097389],[3.1971066,51.6097308],[3.197196,51.6097135],[3.1972733,51.6096749],[3.1971957,51.6096296],[3.1971403,51.6095852],[3.1970842,51.6095162],[3.1970844,51.6094953],[3.1971947,51.60942],[3.1972144,51.6094052],[3.1971946,51.6093892],[3.1971512,51.6093154],[3.1970498,51.6092863],[3.1969343,51.609244],[3.1969051,51.6092373]]},"properties":{"rawObjectClass":"DEPCNT","VALDCO":20,"depthDatum":"Approximate LAT","depthDatumCode":42,"depthDatumStatus":"VERIFIED_FROM_OFFICIAL_DOCUMENTATION","verticalDatum":"Local Datum","verticalDatumCode":24,"napIdentityStatus":"UNVERIFIED","sourceKind":"official","sourceCellId":"1R7588LI","sourceStableId":"1F2B69F1AB1B75C3","sourceChecksum":"fcefec7e07170c4b859138c34376143c7aa4e9f8e653fc723d6bbe65dbf3c0a2","pipelineFeatureId":"1R7588LI/DEPCNT/1271588153","provenance":{"cellId":"1R7588LI","checksum":"fcefec7e07170c4b859138c34376143c7aa4e9f8e653fc723d6bbe65dbf3c0a2","readerVersion":"GDAL 3.2.2","processedAt":"2026-08-11T18:29:20.995Z"},"sourceProperties":{"RCID":1271588153,"PRIM":2,"GRUP":2,"OBJL":43,"RVER":1,"AGEN":7979,"FIDN":1777445659,"FIDS":30147,"LNAM":"1F2B69F1AB1B75C3","VALDCO":20,"SCAMIN":50000,"sourceCellId":"1R7588LI","sourceChecksum":"fcefec7e07170c4b859138c34376143c7aa4e9f8e653fc723d6bbe65dbf3c0a2","rawObjectClass":"DEPCNT","sourceStableId":"1F2B69F1AB1B75C3"}}},{"type":"Feature","geometry":{"type":"LineString","coordinates":[[3.2383504,51.6090844],[3.2382365,51.6090594],[3.2382328,51.6090426],[3.2382498,51.6089694],[3.2382169,51.608887],[3.2382186,51.6088796],[3.2382638,51.6088264],[3.2382451,51.6087896],[3.2382831,51.6087404],[3.2382589,51.6086997],[3.2383483,51.6086715],[3.2384144,51.6086994],[3.2384527,51.6087243],[3.2384929,51.608715],[3.2385306,51.6087226],[3.2386373,51.6087203],[3.2387061,51.6087415],[3.2387309,51.6086987],[3.2387815,51.6086768],[3.2388189,51.6086753],[3.2389258,51.6086452],[3.2390206,51.6086672],[3.2390703,51.608665],[3.2391263,51.6086979],[3.2390945,51.6087732],[3.2390872,51.6087879],[3.2390873,51.6088679],[3.2390842,51.6088778],[3.2390715,51.6088863],[3.2390157,51.6089679],[3.2389729,51.6090298],[3.2389872,51.6090579],[3.2389281,51.6090929],[3.2388769,51.60909],[3.2387839,51.6091193],[3.2386922,51.6091155],[3.2386395,51.609124],[3.2385877,51.6091164],[3.238495,51.6091142],[3.2384054,51.6090932],[3.2383504,51.6090844]]},"properties":{"rawObjectClass":"DEPCNT","VALDCO":20,"depthDatum":"Approximate LAT","depthDatumCode":42,"depthDatumStatus":"VERIFIED_FROM_OFFICIAL_DOCUMENTATION","verticalDatum":"Local Datum","verticalDatumCode":24,"napIdentityStatus":"UNVERIFIED","sourceKind":"official","sourceCellId":"1R7588LI","sourceStableId":"1F2B69F1AB1B75C4","sourceChecksum":"fcefec7e07170c4b859138c34376143c7aa4e9f8e653fc723d6bbe65dbf3c0a2","pipelineFeatureId":"1R7588LI/DEPCNT/1271588154","provenance":{"cellId":"1R7588LI","checksum":"fcefec7e07170c4b859138c34376143c7aa4e9f8e653fc723d6bbe65dbf3c0a2","readerVersion":"GDAL 3.2.2","processedAt":"2026-08-11T18:29:20.995Z"},"sourceProperties":{"RCID":1271588154,"PRIM":2,"GRUP":2,"OBJL":43,"RVER":1,"AGEN":7979,"FIDN":1777445659,"FIDS":30148,"LNAM":"1F2B69F1AB1B75C4","VALDCO":20,"SCAMIN":50000,"sourceCellId":"1R7588LI","sourceChecksum":"fcefec7e07170c4b859138c34376143c7aa4e9f8e653fc723d6bbe65dbf3c0a2","rawObjectClass":"DEPCNT","sourceStableId":"1F2B69F1AB1B75C4"}}},{"type":"Feature","geometry":{"type":"LineString","coordinates":[[3.2361105,51.5948539],[3.2361299,51.5948569],[3.236255,51.5948788],[3.2363316,51.5948565],[3.2363991,51.5948302],[3.2365088,51.5947877],[3.2365431,51.5947717],[3.2365626,51.5947661],[3.2366871,51.5946874],[3.2367104,51.5946759],[3.236831,51.594607],[3.236913,51.5946366],[3.2369756,51.5946592],[3.2370381,51.5946363],[3.2371197,51.5945939],[3.2371602,51.5945851],[3.2371767,51.5945494],[3.2371616,51.5944952],[3.2371249,51.5944917],[3.2371191,51.5944927],[3.236989,51.5944866],[3.2369748,51.5944903],[3.2369358,51.5944956],[3.2368308,51.5945737],[3.2367169,51.5945671],[3.2366865,51.5945783],[3.2365987,51.5945862],[3.2366346,51.5946435],[3.2365423,51.5946039],[3.2365234,51.5945981],[3.236398,51.5946179],[3.2363546,51.5946137],[3.2362538,51.5946482],[3.2361254,51.5946672],[3.2361095,51.5946697],[3.2360627,51.5946772],[3.2359654,51.5947173],[3.2358862,51.5947269],[3.2358212,51.5947488],[3.2356794,51.5947664],[3.2356769,51.5947669],[3.2356645,51.5947679],[3.2355657,51.5948376],[3.2355496,51.5948581],[3.2356664,51.5948647],[3.2356774,51.5948626],[3.2356915,51.5948578],[3.2358215,51.5948055],[3.2359514,51.5948573],[3.2359661,51.5948615],[3.2359747,51.5948626],[3.2360573,51.5948571],[3.2361023,51.5948519],[3.2361105,51.5948539]]},"properties":{"rawObjectClass":"DEPCNT","VALDCO":20,"depthDatum":"Approximate LAT","depthDatumCode":42,"depthDatumStatus":"VERIFIED_FROM_OFFICIAL_DOCUMENTATION","verticalDatum":"Local Datum","verticalDatumCode":24,"napIdentityStatus":"UNVERIFIED","sourceKind":"official","sourceCellId":"1R7588LI","sourceStableId":"1F2B69F1AB1B75C5","sourceChecksum":"fcefec7e07170c4b859138c34376143c7aa4e9f8e653fc723d6bbe65dbf3c0a2","pipelineFeatureId":"1R7588LI/DEPCNT/1271588155","provenance":{"cellId":"1R7588LI","checksum":"fcefec7e07170c4b859138c34376143c7aa4e9f8e653fc723d6bbe65dbf3c0a2","readerVersion":"GDAL 3.2.2","processedAt":"2026-08-11T18:29:20.995Z"},"sourceProperties":{"RCID":1271588155,"PRIM":2,"GRUP":2,"OBJL":43,"RVER":1,"AGEN":7979,"FIDN":1777445659,"FIDS":30149,"LNAM":"1F2B69F1AB1B75C5","VALDCO":20,"SCAMIN":50000,"sourceCellId":"1R7588LI","sourceChecksum":"fcefec7e07170c4b859138c34376143c7aa4e9f8e653fc723d6bbe65dbf3c0a2","rawObjectClass":"DEPCNT","sourceStableId":"1F2B69F1AB1B75C5"}}},{"type":"Feature","geometry":{"type":"LineString","coordinates":[[3.2397048,51.5920418],[3.2397603,51.5920276],[3.239849,51.5920187],[3.2399372,51.5919719],[3.2399931,51.5919592],[3.2401166,51.5919715],[3.2401236,51.5919802],[3.2400411,51.5920616],[3.2399937,51.5920728],[3.239866,51.5920723],[3.2398493,51.5920704],[3.23983,51.5920741],[3.239705,51.5920708],[3.2395941,51.5920625],[3.2396331,51.5920178],[3.2397048,51.5920418]]},"properties":{"rawObjectClass":"DEPCNT","VALDCO":20,"depthDatum":"Approximate LAT","depthDatumCode":42,"depthDatumStatus":"VERIFIED_FROM_OFFICIAL_DOCUMENTATION","verticalDatum":"Local Datum","verticalDatumCode":24,"napIdentityStatus":"UNVERIFIED","sourceKind":"official","sourceCellId":"1R7588LI","sourceStableId":"1F2B69F1AB1B75C6","sourceChecksum":"fcefec7e07170c4b859138c34376143c7aa4e9f8e653fc723d6bbe65dbf3c0a2","pipelineFeatureId":"1R7588LI/DEPCNT/1271588156","provenance":{"cellId":"1R7588LI","checksum":"fcefec7e07170c4b859138c34376143c7aa4e9f8e653fc723d6bbe65dbf3c0a2","readerVersion":"GDAL 3.2.2","processedAt":"2026-08-11T18:29:20.995Z"},"sourceProperties":{"RCID":1271588156,"PRIM":2,"GRUP":2,"OBJL":43,"RVER":1,"AGEN":7979,"FIDN":1777445659,"FIDS":30150,"LNAM":"1F2B69F1AB1B75C6","VALDCO":20,"SCAMIN":50000,"sourceCellId":"1R7588LI","sourceChecksum":"fcefec7e07170c4b859138c34376143c7aa4e9f8e653fc723d6bbe65dbf3c0a2","rawObjectClass":"DEPCNT","sourceStableId":"1F2B69F1AB1B75C6"}}},{"type":"Feature","geometry":{"type":"LineString","coordinates":[[3.1907203,51.6142737],[3.1907629,51.6143612],[3.190717,51.6143787],[3.190577,51.6143643],[3.1905725,51.6143636],[3.1905686,51.6143615],[3.1904277,51.6142728],[3.1904258,51.6142719],[3.1903108,51.6141995],[3.1904274,51.6142034],[3.1904626,51.6142038],[3.1905721,51.6142596],[3.1906956,51.6142584],[3.1907165,51.6142664],[3.1907213,51.6142714],[3.1907203,51.6142737]]},"properties":{"rawObjectClass":"DEPCNT","VALDCO":20,"depthDatum":"Approximate LAT","depthDatumCode":42,"depthDatumStatus":"VERIFIED_FROM_OFFICIAL_DOCUMENTATION","verticalDatum":"Local Datum","verticalDatumCode":24,"napIdentityStatus":"UNVERIFIED","sourceKind":"official","sourceCellId":"1R7588LI","sourceStableId":"1F2B69F1AB1B75C7","sourceChecksum":"fcefec7e07170c4b859138c34376143c7aa4e9f8e653fc723d6bbe65dbf3c0a2","pipelineFeatureId":"1R7588LI/DEPCNT/1271588157","provenance":{"cellId":"1R7588LI","checksum":"fcefec7e07170c4b859138c34376143c7aa4e9f8e653fc723d6bbe65dbf3c0a2","readerVersion":"GDAL 3.2.2","processedAt":"2026-08-11T18:29:20.995Z"},"sourceProperties":{"RCID":1271588157,"PRIM":2,"GRUP":2,"OBJL":43,"RVER":1,"AGEN":7979,"FIDN":1777445659,"FIDS":30151,"LNAM":"1F2B69F1AB1B75C7","VALDCO":20,"SCAMIN":50000,"sourceCellId":"1R7588LI","sourceChecksum":"fcefec7e07170c4b859138c34376143c7aa4e9f8e653fc723d6bbe65dbf3c0a2","rawObjectClass":"DEPCNT","sourceStableId":"1F2B69F1AB1B75C7"}}},{"type":"Feature","geometry":{"type":"LineString","coordinates":[[3.2193493,51.5917925],[3.2194613,51.5917422],[3.2194933,51.5917345],[3.2195065,51.5917339],[3.2196377,51.59173],[3.2197597,51.5917417],[3.2196379,51.5917762],[3.2195513,51.591832],[3.2194939,51.591842],[3.2194733,51.5918449],[3.2193496,51.5918522],[3.2193078,51.5918584],[3.2192052,51.591856],[3.2190926,51.5919031],[3.2190611,51.5919024],[3.2189621,51.5918331],[3.2190607,51.5918155],[3.2190924,51.591813],[3.219205,51.5918121],[3.2192638,51.5917959],[3.2193493,51.5917925]]},"properties":{"rawObjectClass":"DEPCNT","VALDCO":20,"depthDatum":"Approximate LAT","depthDatumCode":42,"depthDatumStatus":"VERIFIED_FROM_OFFICIAL_DOCUMENTATION","verticalDatum":"Local Datum","verticalDatumCode":24,"napIdentityStatus":"UNVERIFIED","sourceKind":"official","sourceCellId":"1R7588LI","sourceStableId":"1F2B69F1AB1B75C8","sourceChecksum":"fcefec7e07170c4b859138c34376143c7aa4e9f8e653fc723d6bbe65dbf3c0a2","pipelineFeatureId":"1R7588LI/DEPCNT/1271588158","provenance":{"cellId":"1R7588LI","checksum":"fcefec7e07170c4b859138c34376143c7aa4e9f8e653fc723d6bbe65dbf3c0a2","readerVersion":"GDAL 3.2.2","processedAt":"2026-08-11T18:29:20.995Z"},"sourceProperties":{"RCID":1271588158,"PRIM":2,"GRUP":2,"OBJL":43,"RVER":1,"AGEN":7979,"FIDN":1777445659,"FIDS":30152,"LNAM":"1F2B69F1AB1B75C8","VALDCO":20,"SCAMIN":50000,"sourceCellId":"1R7588LI","sourceChecksum":"fcefec7e07170c4b859138c34376143c7aa4e9f8e653fc723d6bbe65dbf3c0a2","rawObjectClass":"DEPCNT","sourceStableId":"1F2B69F1AB1B75C8"}}},{"type":"Feature","geometry":{"type":"LineString","coordinates":[[3.1382429,51.5791878],[3.1381831,51.5792524],[3.1381529,51.5792778],[3.1381274,51.5793126],[3.1381685,51.5793677],[3.1381835,51.5793922],[3.1382037,51.5794451],[3.1383279,51.5794041],[3.1384373,51.5793891],[3.1384721,51.5793846],[3.1385659,51.5793673],[3.1386163,51.5793462],[3.1387175,51.579304],[3.1387605,51.579285],[3.1387723,51.5792771],[3.1388086,51.579247],[3.1388369,51.5791871],[3.1389043,51.5791267],[3.1389461,51.5790971],[3.1389137,51.5790132],[3.1389081,51.5790072],[3.1389039,51.5789951],[3.1388653,51.5789173],[3.1389035,51.5788695],[3.1389192,51.5788273],[3.1390475,51.5787539],[3.139125,51.5787372],[3.1391916,51.5786952],[3.1392588,51.5786471],[3.1391913,51.578605],[3.1391228,51.5786046],[3.139047,51.5785959],[3.1390263,51.5786474],[3.138919,51.5787275],[3.1389252,51.5787374],[3.1389032,51.5787599],[3.1388921,51.5787443],[3.1387589,51.5787809],[3.1387277,51.5788276],[3.138615,51.5788982],[3.1385671,51.5789177],[3.138471,51.5790021],[3.1384665,51.5790077],[3.1383268,51.5790688],[3.1382813,51.5790978],[3.1382556,51.5791424],[3.1382429,51.5791878]]},"properties":{"rawObjectClass":"DEPCNT","VALDCO":20,"depthDatum":"Approximate LAT","depthDatumCode":42,"depthDatumStatus":"VERIFIED_FROM_OFFICIAL_DOCUMENTATION","verticalDatum":"Local Datum","verticalDatumCode":24,"napIdentityStatus":"UNVERIFIED","sourceKind":"official","sourceCellId":"1R7588LI","sourceStableId":"1F2B69F1AB1B75C9","sourceChecksum":"fcefec7e07170c4b859138c34376143c7aa4e9f8e653fc723d6bbe65dbf3c0a2","pipelineFeatureId":"1R7588LI/DEPCNT/1271588159","provenance":{"cellId":"1R7588LI","checksum":"fcefec7e07170c4b859138c34376143c7aa4e9f8e653fc723d6bbe65dbf3c0a2","readerVersion":"GDAL 3.2.2","processedAt":"2026-08-11T18:29:20.995Z"},"sourceProperties":{"RCID":1271588159,"PRIM":2,"GRUP":2,"OBJL":43,"RVER":1,"AGEN":7979,"FIDN":1777445659,"FIDS":30153,"LNAM":"1F2B69F1AB1B75C9","VALDCO":20,"SCAMIN":50000,"sourceCellId":"1R7588LI","sourceChecksum":"fcefec7e07170c4b859138c34376143c7aa4e9f8e653fc723d6bbe65dbf3c0a2","rawObjectClass":"DEPCNT","sourceStableId":"1F2B69F1AB1B75C9"}}},{"type":"Feature","geometry":{"type":"LineString","coordinates":[[3.1365156,51.5789201],[3.1364505,51.5789744],[3.1363127,51.5790102],[3.1363063,51.5790225],[3.1362679,51.5791002],[3.1363067,51.5791766],[3.136315,51.5791849],[3.1364509,51.5791336],[3.1365699,51.5791156],[3.1365952,51.5791114],[3.1366526,51.5790997],[3.1367393,51.5790494],[3.1368266,51.5790452],[3.1368835,51.5790187],[3.1369037,51.5790095],[3.1369133,51.5789909],[3.136913,51.5789196],[3.1370274,51.5788511],[3.1370674,51.5788295],[3.1371714,51.5787735],[3.1372113,51.5787394],[3.1372414,51.5786957],[3.1372579,51.5786495],[3.1371709,51.5785898],[3.1371059,51.5786002],[3.1370266,51.5786087],[3.1368954,51.5786499],[3.1368825,51.5786736],[3.1368366,51.5787399],[3.1367386,51.5788252],[3.1366398,51.5788016],[3.1365943,51.5788276],[3.1365854,51.5788301],[3.136581,51.5788384],[3.1365156,51.5789201]]},"properties":{"rawObjectClass":"DEPCNT","VALDCO":20,"depthDatum":"Approximate LAT","depthDatumCode":42,"depthDatumStatus":"VERIFIED_FROM_OFFICIAL_DOCUMENTATION","verticalDatum":"Local Datum","verticalDatumCode":24,"napIdentityStatus":"UNVERIFIED","sourceKind":"official","sourceCellId":"1R7588LI","sourceStableId":"1F2B69F1AB1B75CA","sourceChecksum":"fcefec7e07170c4b859138c34376143c7aa4e9f8e653fc723d6bbe65dbf3c0a2","pipelineFeatureId":"1R7588LI/DEPCNT/1271588160","provenance":{"cellId":"1R7588LI","checksum":"fcefec7e07170c4b859138c34376143c7aa4e9f8e653fc723d6bbe65dbf3c0a2","readerVersion":"GDAL 3.2.2","processedAt":"2026-08-11T18:29:20.995Z"},"sourceProperties":{"RCID":1271588160,"PRIM":2,"GRUP":2,"OBJL":43,"RVER":1,"AGEN":7979,"FIDN":1777445659,"FIDS":30154,"LNAM":"1F2B69F1AB1B75CA","VALDCO":20,"SCAMIN":50000,"sourceCellId":"1R7588LI","sourceChecksum":"fcefec7e07170c4b859138c34376143c7aa4e9f8e653fc723d6bbe65dbf3c0a2","rawObjectClass":"DEPCNT","sourceStableId":"1F2B69F1AB1B75CA"}}},{"type":"Feature","geometry":{"type":"LineString","coordinates":[[3.2299582,51.5930306],[3.2298936,51.5930505],[3.2297576,51.5930713],[3.229793,51.5930983],[3.2297494,51.5930805],[3.2297309,51.5930828],[3.2296054,51.5931501],[3.2295594,51.5931616],[3.2294782,51.5932412],[3.2296059,51.5932409],[3.2296193,51.593243],[3.2297501,51.5932122],[3.2298572,51.5931841],[3.2298942,51.5931696],[3.2299246,51.5931608],[3.2300383,51.5931103],[3.2301229,51.5930705],[3.2301555,51.5929971],[3.230038,51.5930482],[3.2299582,51.5930306]]},"properties":{"rawObjectClass":"DEPCNT","VALDCO":20,"depthDatum":"Approximate LAT","depthDatumCode":42,"depthDatumStatus":"VERIFIED_FROM_OFFICIAL_DOCUMENTATION","verticalDatum":"Local Datum","verticalDatumCode":24,"napIdentityStatus":"UNVERIFIED","sourceKind":"official","sourceCellId":"1R7588LI","sourceStableId":"1F2B69F1AB1B75CB","sourceChecksum":"fcefec7e07170c4b859138c34376143c7aa4e9f8e653fc723d6bbe65dbf3c0a2","pipelineFeatureId":"1R7588LI/DEPCNT/1271588161","provenance":{"cellId":"1R7588LI","checksum":"fcefec7e07170c4b859138c34376143c7aa4e9f8e653fc723d6bbe65dbf3c0a2","readerVersion":"GDAL 3.2.2","processedAt":"2026-08-11T18:29:20.995Z"},"sourceProperties":{"RCID":1271588161,"PRIM":2,"GRUP":2,"OBJL":43,"RVER":1,"AGEN":7979,"FIDN":1777445659,"FIDS":30155,"LNAM":"1F2B69F1AB1B75CB","VALDCO":20,"SCAMIN":50000,"sourceCellId":"1R7588LI","sourceChecksum":"fcefec7e07170c4b859138c34376143c7aa4e9f8e653fc723d6bbe65dbf3c0a2","rawObjectClass":"DEPCNT","sourceStableId":"1F2B69F1AB1B75CB"}}},{"type":"Feature","geometry":{"type":"LineString","coordinates":[[3.1452988,51.5839448],[3.145375,51.5840103],[3.1452697,51.5839973],[3.1452491,51.5840348],[3.1452499,51.5841122],[3.1452499,51.5841247],[3.1451541,51.5841973],[3.1452702,51.584149],[3.1452946,51.5841247],[3.1454142,51.5840435],[3.1455582,51.5840346],[3.1455587,51.5840344],[3.1455589,51.5840342],[3.1456044,51.5839445],[3.1457023,51.5838697],[3.145716,51.5838544],[3.1457242,51.5838407],[3.1457021,51.5838155],[3.1455874,51.5837646],[3.1455824,51.5837492],[3.1455576,51.583757],[3.1455535,51.5837647],[3.1454136,51.5838498],[3.1454026,51.5838548],[3.1453762,51.5838781],[3.1452988,51.5839448]]},"properties":{"rawObjectClass":"DEPCNT","VALDCO":20,"depthDatum":"Approximate LAT","depthDatumCode":42,"depthDatumStatus":"VERIFIED_FROM_OFFICIAL_DOCUMENTATION","verticalDatum":"Local Datum","verticalDatumCode":24,"napIdentityStatus":"UNVERIFIED","sourceKind":"official","sourceCellId":"1R7588LI","sourceStableId":"1F2B69F1AB1B75CC","sourceChecksum":"fcefec7e07170c4b859138c34376143c7aa4e9f8e653fc723d6bbe65dbf3c0a2","pipelineFeatureId":"1R7588LI/DEPCNT/1271588162","provenance":{"cellId":"1R7588LI","checksum":"fcefec7e07170c4b859138c34376143c7aa4e9f8e653fc723d6bbe65dbf3c0a2","readerVersion":"GDAL 3.2.2","processedAt":"2026-08-11T18:29:20.995Z"},"sourceProperties":{"RCID":1271588162,"PRIM":2,"GRUP":2,"OBJL":43,"RVER":1,"AGEN":7979,"FIDN":1777445659,"FIDS":30156,"LNAM":"1F2B69F1AB1B75CC","VALDCO":20,"SCAMIN":50000,"sourceCellId":"1R7588LI","sourceChecksum":"fcefec7e07170c4b859138c34376143c7aa4e9f8e653fc723d6bbe65dbf3c0a2","rawObjectClass":"DEPCNT","sourceStableId":"1F2B69F1AB1B75CC"}}},{"type":"Feature","geometry":{"type":"LineString","coordinates":[[3.2493962,51.6097555],[3.2493292,51.6097252],[3.2492478,51.6097053],[3.2491848,51.6097217],[3.2490488,51.6096718],[3.2490401,51.6096723],[3.2490158,51.6096816],[3.2490241,51.6096664],[3.2488956,51.6096541],[3.2488476,51.609637],[3.248751,51.6096309],[3.2486091,51.6095774],[3.2486063,51.6095769],[3.2486035,51.6095756],[3.2484619,51.6095752],[3.2484202,51.6095778],[3.248462,51.6095912],[3.2485455,51.6096674],[3.2484628,51.609743],[3.2484389,51.6097426],[3.2484512,51.6097575],[3.2484629,51.6097605],[3.2484682,51.6097608],[3.2486074,51.6097758],[3.2486539,51.609786],[3.2487519,51.6097936],[3.2488283,51.6098467],[3.2488968,51.6098814],[3.2490242,51.6099254],[3.2490415,51.6099273],[3.2490536,51.6099361],[3.2490535,51.6099435],[3.2491445,51.6100258],[3.2491705,51.6100357],[3.2491865,51.6100328],[3.2492095,51.6100257],[3.2492095,51.6100113],[3.2492088,51.6099358],[3.2493299,51.6098617],[3.2493498,51.6098455],[3.2493627,51.609825],[3.2493962,51.6097555]]},"properties":{"rawObjectClass":"DEPCNT","VALDCO":20,"depthDatum":"Approximate LAT","depthDatumCode":42,"depthDatumStatus":"VERIFIED_FROM_OFFICIAL_DOCUMENTATION","verticalDatum":"Local Datum","verticalDatumCode":24,"napIdentityStatus":"UNVERIFIED","sourceKind":"official","sourceCellId":"1R7588LI","sourceStableId":"1F2B69F1AB1B75CD","sourceChecksum":"fcefec7e07170c4b859138c34376143c7aa4e9f8e653fc723d6bbe65dbf3c0a2","pipelineFeatureId":"1R7588LI/DEPCNT/1271588163","provenance":{"cellId":"1R7588LI","checksum":"fcefec7e07170c4b859138c34376143c7aa4e9f8e653fc723d6bbe65dbf3c0a2","readerVersion":"GDAL 3.2.2","processedAt":"2026-08-11T18:29:20.995Z"},"sourceProperties":{"RCID":1271588163,"PRIM":2,"GRUP":2,"OBJL":43,"RVER":1,"AGEN":7979,"FIDN":1777445659,"FIDS":30157,"LNAM":"1F2B69F1AB1B75CD","VALDCO":20,"SCAMIN":50000,"sourceCellId":"1R7588LI","sourceChecksum":"fcefec7e07170c4b859138c34376143c7aa4e9f8e653fc723d6bbe65dbf3c0a2","rawObjectClass":"DEPCNT","sourceStableId":"1F2B69F1AB1B75CD"}}},{"type":"Feature","geometry":{"type":"LineString","coordinates":[[3.3062762,51.5954208],[3.3062644,51.5954142],[3.3061577,51.5953411],[3.3062756,51.5953362],[3.3062934,51.5953354],[3.3064203,51.595388],[3.3064695,51.5954137],[3.3064206,51.5954359],[3.3063097,51.5954349],[3.3062762,51.5954208]]},"properties":{"rawObjectClass":"DEPCNT","VALDCO":20,"depthDatum":"Approximate LAT","depthDatumCode":42,"depthDatumStatus":"VERIFIED_FROM_OFFICIAL_DOCUMENTATION","verticalDatum":"Local Datum","verticalDatumCode":24,"napIdentityStatus":"UNVERIFIED","sourceKind":"official","sourceCellId":"1R7588LI","sourceStableId":"1F2B69F1AB1B75CE","sourceChecksum":"fcefec7e07170c4b859138c34376143c7aa4e9f8e653fc723d6bbe65dbf3c0a2","pipelineFeatureId":"1R7588LI/DEPCNT/1271588164","provenance":{"cellId":"1R7588LI","checksum":"fcefec7e07170c4b859138c34376143c7aa4e9f8e653fc723d6bbe65dbf3c0a2","readerVersion":"GDAL 3.2.2","processedAt":"2026-08-11T18:29:20.995Z"},"sourceProperties":{"RCID":1271588164,"PRIM":2,"GRUP":2,"OBJL":43,"RVER":1,"AGEN":7979,"FIDN":1777445659,"FIDS":30158,"LNAM":"1F2B69F1AB1B75CE","VALDCO":20,"SCAMIN":50000,"sourceCellId":"1R7588LI","sourceChecksum":"fcefec7e07170c4b859138c34376143c7aa4e9f8e653fc723d6bbe65dbf3c0a2","rawObjectClass":"DEPCNT","sourceStableId":"1F2B69F1AB1B75CE"}}},{"type":"Feature","geometry":{"type":"LineString","coordinates":[[3.1689654,51.5908178],[3.1688977,51.5908368],[3.1688565,51.5908588],[3.1688211,51.5908486],[3.1687962,51.5908369],[3.1687341,51.5907829],[3.1687134,51.5907471],[3.1687443,51.5907047],[3.1687301,51.5906572],[3.1687967,51.5906424],[3.1688204,51.590646],[3.1688498,51.590657],[3.1689649,51.5906988],[3.1690233,51.5907467],[3.1690973,51.5908288],[3.1689654,51.5908178]]},"properties":{"rawObjectClass":"DEPCNT","VALDCO":20,"depthDatum":"Approximate LAT","depthDatumCode":42,"depthDatumStatus":"VERIFIED_FROM_OFFICIAL_DOCUMENTATION","verticalDatum":"Local Datum","verticalDatumCode":24,"napIdentityStatus":"UNVERIFIED","sourceKind":"official","sourceCellId":"1R7588LI","sourceStableId":"1F2B69F1AB1B75CF","sourceChecksum":"fcefec7e07170c4b859138c34376143c7aa4e9f8e653fc723d6bbe65dbf3c0a2","pipelineFeatureId":"1R7588LI/DEPCNT/1271588165","provenance":{"cellId":"1R7588LI","checksum":"fcefec7e07170c4b859138c34376143c7aa4e9f8e653fc723d6bbe65dbf3c0a2","readerVersion":"GDAL 3.2.2","processedAt":"2026-08-11T18:29:20.995Z"},"sourceProperties":{"RCID":1271588165,"PRIM":2,"GRUP":2,"OBJL":43,"RVER":1,"AGEN":7979,"FIDN":1777445659,"FIDS":30159,"LNAM":"1F2B69F1AB1B75CF","VALDCO":20,"SCAMIN":50000,"sourceCellId":"1R7588LI","sourceChecksum":"fcefec7e07170c4b859138c34376143c7aa4e9f8e653fc723d6bbe65dbf3c0a2","rawObjectClass":"DEPCNT","sourceStableId":"1F2B69F1AB1B75CF"}}},{"type":"Feature","geometry":{"type":"LineString","coordinates":[[3.1374333,51.5803577],[3.1374648,51.5803301],[3.1374991,51.5802677],[3.1375933,51.5801872],[3.1375385,51.5801777],[3.1374641,51.5801122],[3.1374546,51.5801778],[3.1373202,51.5802384],[3.137303,51.5802679],[3.1371762,51.5803573],[3.1371754,51.580358],[3.137175,51.5803587],[3.1371762,51.5803652],[3.1373089,51.5804477],[3.1373208,51.5804488],[3.1373252,51.5804477],[3.1373346,51.5804391],[3.1374333,51.5803577]]},"properties":{"rawObjectClass":"DEPCNT","VALDCO":20,"depthDatum":"Approximate LAT","depthDatumCode":42,"depthDatumStatus":"VERIFIED_FROM_OFFICIAL_DOCUMENTATION","verticalDatum":"Local Datum","verticalDatumCode":24,"napIdentityStatus":"UNVERIFIED","sourceKind":"official","sourceCellId":"1R7588LI","sourceStableId":"1F2B69F1AB1B75D0","sourceChecksum":"fcefec7e07170c4b859138c34376143c7aa4e9f8e653fc723d6bbe65dbf3c0a2","pipelineFeatureId":"1R7588LI/DEPCNT/1271588166","provenance":{"cellId":"1R7588LI","checksum":"fcefec7e07170c4b859138c34376143c7aa4e9f8e653fc723d6bbe65dbf3c0a2","readerVersion":"GDAL 3.2.2","processedAt":"2026-08-11T18:29:20.995Z"},"sourceProperties":{"RCID":1271588166,"PRIM":2,"GRUP":2,"OBJL":43,"RVER":1,"AGEN":7979,"FIDN":1777445659,"FIDS":30160,"LNAM":"1F2B69F1AB1B75D0","VALDCO":20,"SCAMIN":50000,"sourceCellId":"1R7588LI","sourceChecksum":"fcefec7e07170c4b859138c34376143c7aa4e9f8e653fc723d6bbe65dbf3c0a2","rawObjectClass":"DEPCNT","sourceStableId":"1F2B69F1AB1B75D0"}}},{"type":"Feature","geometry":{"type":"LineString","coordinates":[[3.2309106,51.5943337],[3.2308646,51.5943279],[3.2309104,51.5942877],[3.2309398,51.5942378],[3.2310543,51.5941902],[3.2311555,51.5942374],[3.2310547,51.594281],[3.2309341,51.5943278],[3.2309106,51.5943337]]},"properties":{"rawObjectClass":"DEPCNT","VALDCO":20,"depthDatum":"Approximate LAT","depthDatumCode":42,"depthDatumStatus":"VERIFIED_FROM_OFFICIAL_DOCUMENTATION","verticalDatum":"Local Datum","verticalDatumCode":24,"napIdentityStatus":"UNVERIFIED","sourceKind":"official","sourceCellId":"1R7588LI","sourceStableId":"1F2B69F1AB1B75D1","sourceChecksum":"fcefec7e07170c4b859138c34376143c7aa4e9f8e653fc723d6bbe65dbf3c0a2","pipelineFeatureId":"1R7588LI/DEPCNT/1271588167","provenance":{"cellId":"1R7588LI","checksum":"fcefec7e07170c4b859138c34376143c7aa4e9f8e653fc723d6bbe65dbf3c0a2","readerVersion":"GDAL 3.2.2","processedAt":"2026-08-11T18:29:20.995Z"},"sourceProperties":{"RCID":1271588167,"PRIM":2,"GRUP":2,"OBJL":43,"RVER":1,"AGEN":7979,"FIDN":1777445659,"FIDS":30161,"LNAM":"1F2B69F1AB1B75D1","VALDCO":20,"SCAMIN":50000,"sourceCellId":"1R7588LI","sourceChecksum":"fcefec7e07170c4b859138c34376143c7aa4e9f8e653fc723d6bbe65dbf3c0a2","rawObjectClass":"DEPCNT","sourceStableId":"1F2B69F1AB1B75D1"}}},{"type":"Feature","geometry":{"type":"LineString","coordinates":[[3.1363012,51.5773294],[3.136233,51.5773019],[3.1362218,51.5772614],[3.1361568,51.5772836],[3.1360487,51.5773021],[3.1360126,51.5773288],[3.1359698,51.5773921],[3.1358863,51.5774712],[3.1358964,51.5774821],[3.1360131,51.577507],[3.1360626,51.5774819],[3.1361573,51.5774532],[3.1362014,51.5774543],[3.1363016,51.577448],[3.1363761,51.5773917],[3.1363012,51.5773294]]},"properties":{"rawObjectClass":"DEPCNT","VALDCO":20,"depthDatum":"Approximate LAT","depthDatumCode":42,"depthDatumStatus":"VERIFIED_FROM_OFFICIAL_DOCUMENTATION","verticalDatum":"Local Datum","verticalDatumCode":24,"napIdentityStatus":"UNVERIFIED","sourceKind":"official","sourceCellId":"1R7588LI","sourceStableId":"1F2B69F1AB1B75D2","sourceChecksum":"fcefec7e07170c4b859138c34376143c7aa4e9f8e653fc723d6bbe65dbf3c0a2","pipelineFeatureId":"1R7588LI/DEPCNT/1271588168","provenance":{"cellId":"1R7588LI","checksum":"fcefec7e07170c4b859138c34376143c7aa4e9f8e653fc723d6bbe65dbf3c0a2","readerVersion":"GDAL 3.2.2","processedAt":"2026-08-11T18:29:20.995Z"},"sourceProperties":{"RCID":1271588168,"PRIM":2,"GRUP":2,"OBJL":43,"RVER":1,"AGEN":7979,"FIDN":1777445659,"FIDS":30162,"LNAM":"1F2B69F1AB1B75D2","VALDCO":20,"SCAMIN":50000,"sourceCellId":"1R7588LI","sourceChecksum":"fcefec7e07170c4b859138c34376143c7aa4e9f8e653fc723d6bbe65dbf3c0a2","rawObjectClass":"DEPCNT","sourceStableId":"1F2B69F1AB1B75D2"}}},{"type":"Feature","geometry":{"type":"LineString","coordinates":[[3.1382583,51.5777491],[3.1381787,51.5778034],[3.1381196,51.5778392],[3.138179,51.577905],[3.1382556,51.5778812],[3.1383232,51.577866],[3.1384232,51.5778388],[3.1384674,51.5778218],[3.1385046,51.5777488],[3.1386112,51.5776751],[3.1387294,51.5776749],[3.1387555,51.5776703],[3.1387721,51.5776586],[3.1388294,51.5776124],[3.1387554,51.5776168],[3.1387133,51.5775688],[3.1386609,51.5775101],[3.138755,51.5775023],[3.1388137,51.5774787],[3.1388991,51.5774342],[3.1389359,51.5773887],[3.1390431,51.5773386],[3.1391293,51.5773347],[3.1391874,51.577323],[3.1392173,51.5772984],[3.1393304,51.5772089],[3.1391871,51.5772302],[3.1391567,51.5772275],[3.1390429,51.5772457],[3.1388997,51.5772982],[3.1388987,51.5772984],[3.1388985,51.5772988],[3.1388979,51.5772993],[3.1388496,51.5773888],[3.1387549,51.5774556],[3.1386602,51.577448],[3.1386106,51.5774703],[3.1385995,51.577479],[3.1384666,51.577558],[3.1384514,51.5775691],[3.1383226,51.5776571],[3.1383185,51.5776591],[3.1382583,51.5777491]]},"properties":{"rawObjectClass":"DEPCNT","VALDCO":20,"depthDatum":"Approximate LAT","depthDatumCode":42,"depthDatumStatus":"VERIFIED_FROM_OFFICIAL_DOCUMENTATION","verticalDatum":"Local Datum","verticalDatumCode":24,"napIdentityStatus":"UNVERIFIED","sourceKind":"official","sourceCellId":"1R7588LI","sourceStableId":"1F2B69F1AB1B75D3","sourceChecksum":"fcefec7e07170c4b859138c34376143c7aa4e9f8e653fc723d6bbe65dbf3c0a2","pipelineFeatureId":"1R7588LI/DEPCNT/1271588169","provenance":{"cellId":"1R7588LI","checksum":"fcefec7e07170c4b859138c34376143c7aa4e9f8e653fc723d6bbe65dbf3c0a2","readerVersion":"GDAL 3.2.2","processedAt":"2026-08-11T18:29:20.995Z"},"sourceProperties":{"RCID":1271588169,"PRIM":2,"GRUP":2,"OBJL":43,"RVER":1,"AGEN":7979,"FIDN":1777445659,"FIDS":30163,"LNAM":"1F2B69F1AB1B75D3","VALDCO":20,"SCAMIN":50000,"sourceCellId":"1R7588LI","sourceChecksum":"fcefec7e07170c4b859138c34376143c7aa4e9f8e653fc723d6bbe65dbf3c0a2","rawObjectClass":"DEPCNT","sourceStableId":"1F2B69F1AB1B75D3"}}},{"type":"Feature","geometry":{"type":"LineString","coordinates":[[3.1856571,51.6131684],[3.1855839,51.6131551],[3.1856409,51.6132005],[3.1856573,51.6132145],[3.1857886,51.6132902],[3.1857339,51.6133328],[3.1858021,51.6133178],[3.1858904,51.613345],[3.1858217,51.6132902],[3.1858019,51.6132749],[3.1856962,51.6132004],[3.1856571,51.6131684]]},"properties":{"rawObjectClass":"DEPCNT","VALDCO":20,"depthDatum":"Approximate LAT","depthDatumCode":42,"depthDatumStatus":"VERIFIED_FROM_OFFICIAL_DOCUMENTATION","verticalDatum":"Local Datum","verticalDatumCode":24,"napIdentityStatus":"UNVERIFIED","sourceKind":"official","sourceCellId":"1R7588LI","sourceStableId":"1F2B69F1AB1B75D4","sourceChecksum":"fcefec7e07170c4b859138c34376143c7aa4e9f8e653fc723d6bbe65dbf3c0a2","pipelineFeatureId":"1R7588LI/DEPCNT/1271588170","provenance":{"cellId":"1R7588LI","checksum":"fcefec7e07170c4b859138c34376143c7aa4e9f8e653fc723d6bbe65dbf3c0a2","readerVersion":"GDAL 3.2.2","processedAt":"2026-08-11T18:29:20.995Z"},"sourceProperties":{"RCID":1271588170,"PRIM":2,"GRUP":2,"OBJL":43,"RVER":1,"AGEN":7979,"FIDN":1777445659,"FIDS":30164,"LNAM":"1F2B69F1AB1B75D4","VALDCO":20,"SCAMIN":50000,"sourceCellId":"1R7588LI","sourceChecksum":"fcefec7e07170c4b859138c34376143c7aa4e9f8e653fc723d6bbe65dbf3c0a2","rawObjectClass":"DEPCNT","sourceStableId":"1F2B69F1AB1B75D4"}}},{"type":"Feature","geometry":{"type":"LineString","coordinates":[[3.1381885,51.5810472],[3.1381392,51.5810762],[3.1381675,51.5811527],[3.1381684,51.581166],[3.1381889,51.5811793],[3.1382103,51.581166],[3.138333,51.5810924],[3.1383695,51.5810759],[3.1384771,51.5810125],[3.1385003,51.5809858],[3.1385511,51.5809395],[3.1384768,51.5809358],[3.1384228,51.5809297],[3.1383326,51.5809686],[3.1382964,51.5809861],[3.1381885,51.5810472]]},"properties":{"rawObjectClass":"DEPCNT","VALDCO":20,"depthDatum":"Approximate LAT","depthDatumCode":42,"depthDatumStatus":"VERIFIED_FROM_OFFICIAL_DOCUMENTATION","verticalDatum":"Local Datum","verticalDatumCode":24,"napIdentityStatus":"UNVERIFIED","sourceKind":"official","sourceCellId":"1R7588LI","sourceStableId":"1F2B69F1AB1B75D5","sourceChecksum":"fcefec7e07170c4b859138c34376143c7aa4e9f8e653fc723d6bbe65dbf3c0a2","pipelineFeatureId":"1R7588LI/DEPCNT/1271588171","provenance":{"cellId":"1R7588LI","checksum":"fcefec7e07170c4b859138c34376143c7aa4e9f8e653fc723d6bbe65dbf3c0a2","readerVersion":"GDAL 3.2.2","processedAt":"2026-08-11T18:29:20.995Z"},"sourceProperties":{"RCID":1271588171,"PRIM":2,"GRUP":2,"OBJL":43,"RVER":1,"AGEN":7979,"FIDN":1777445659,"FIDS":30165,"LNAM":"1F2B69F1AB1B75D5","VALDCO":20,"SCAMIN":50000,"sourceCellId":"1R7588LI","sourceChecksum":"fcefec7e07170c4b859138c34376143c7aa4e9f8e653fc723d6bbe65dbf3c0a2","rawObjectClass":"DEPCNT","sourceStableId":"1F2B69F1AB1B75D5"}}},{"type":"Feature","geometry":{"type":"LineString","coordinates":[[3.133701,51.5764399],[3.1335577,51.5764952],[3.1335569,51.5764956],[3.1335566,51.5764959],[3.1335108,51.5765857],[3.1334523,51.5766512],[3.1334845,51.5766757],[3.1334132,51.5767202],[3.133384,51.5767657],[3.1334134,51.5767906],[3.1334502,51.5767656],[3.1335575,51.5766985],[3.1336196,51.5766755],[3.1336649,51.5766084],[3.1336849,51.5765855],[3.1335614,51.5764985],[3.1337014,51.5765769],[3.1337397,51.5765616],[3.1338456,51.5765193],[3.1338654,51.5764954],[3.1338755,51.5764767],[3.1338454,51.5764509],[3.1337989,51.5764665],[3.133701,51.5764399]]},"properties":{"rawObjectClass":"DEPCNT","VALDCO":20,"depthDatum":"Approximate LAT","depthDatumCode":42,"depthDatumStatus":"VERIFIED_FROM_OFFICIAL_DOCUMENTATION","verticalDatum":"Local Datum","verticalDatumCode":24,"napIdentityStatus":"UNVERIFIED","sourceKind":"official","sourceCellId":"1R7588LI","sourceStableId":"1F2B69F1AB1B75D6","sourceChecksum":"fcefec7e07170c4b859138c34376143c7aa4e9f8e653fc723d6bbe65dbf3c0a2","pipelineFeatureId":"1R7588LI/DEPCNT/1271588172","provenance":{"cellId":"1R7588LI","checksum":"fcefec7e07170c4b859138c34376143c7aa4e9f8e653fc723d6bbe65dbf3c0a2","readerVersion":"GDAL 3.2.2","processedAt":"2026-08-11T18:29:20.995Z"},"sourceProperties":{"RCID":1271588172,"PRIM":2,"GRUP":2,"OBJL":43,"RVER":1,"AGEN":7979,"FIDN":1777445659,"FIDS":30166,"LNAM":"1F2B69F1AB1B75D6","VALDCO":20,"SCAMIN":50000,"sourceCellId":"1R7588LI","sourceChecksum":"fcefec7e07170c4b859138c34376143c7aa4e9f8e653fc723d6bbe65dbf3c0a2","rawObjectClass":"DEPCNT","sourceStableId":"1F2B69F1AB1B75D6"}}},{"type":"Feature","geometry":{"type":"LineString","coordinates":[[3.22827,51.5947826],[3.2282524,51.5947311],[3.2281698,51.594756],[3.2281088,51.5947829],[3.2280259,51.5948497],[3.2279499,51.5948731],[3.2280265,51.5949595],[3.2280353,51.5949574],[3.2281705,51.5948874],[3.2282108,51.5948726],[3.2282267,51.5948374],[3.22827,51.5947826]]},"properties":{"rawObjectClass":"DEPCNT","VALDCO":20,"depthDatum":"Approximate LAT","depthDatumCode":42,"depthDatumStatus":"VERIFIED_FROM_OFFICIAL_DOCUMENTATION","verticalDatum":"Local Datum","verticalDatumCode":24,"napIdentityStatus":"UNVERIFIED","sourceKind":"official","sourceCellId":"1R7588LI","sourceStableId":"1F2B69F1AB1B75D7","sourceChecksum":"fcefec7e07170c4b859138c34376143c7aa4e9f8e653fc723d6bbe65dbf3c0a2","pipelineFeatureId":"1R7588LI/DEPCNT/1271588173","provenance":{"cellId":"1R7588LI","checksum":"fcefec7e07170c4b859138c34376143c7aa4e9f8e653fc723d6bbe65dbf3c0a2","readerVersion":"GDAL 3.2.2","processedAt":"2026-08-11T18:29:20.995Z"},"sourceProperties":{"RCID":1271588173,"PRIM":2,"GRUP":2,"OBJL":43,"RVER":1,"AGEN":7979,"FIDN":1777445659,"FIDS":30167,"LNAM":"1F2B69F1AB1B75D7","VALDCO":20,"SCAMIN":50000,"sourceCellId":"1R7588LI","sourceChecksum":"fcefec7e07170c4b859138c34376143c7aa4e9f8e653fc723d6bbe65dbf3c0a2","rawObjectClass":"DEPCNT","sourceStableId":"1F2B69F1AB1B75D7"}}},{"type":"Feature","geometry":{"type":"LineString","coordinates":[[3.2701402,51.618409],[3.2700717,51.6183417],[3.2700313,51.6183178],[3.2698992,51.6182522],[3.2698864,51.6182442],[3.2698442,51.6182262],[3.2698437,51.6182523],[3.2698441,51.6183157],[3.2698636,51.6183422],[3.269887,51.6183565],[3.2699906,51.6184318],[3.270032,51.6184469],[3.2700739,51.6184576],[3.2701224,51.6184315],[3.2701402,51.618409]]},"properties":{"rawObjectClass":"DEPCNT","VALDCO":20,"depthDatum":"Approximate LAT","depthDatumCode":42,"depthDatumStatus":"VERIFIED_FROM_OFFICIAL_DOCUMENTATION","verticalDatum":"Local Datum","verticalDatumCode":24,"napIdentityStatus":"UNVERIFIED","sourceKind":"official","sourceCellId":"1R7588LI","sourceStableId":"1F2B69F1AB1B75D8","sourceChecksum":"fcefec7e07170c4b859138c34376143c7aa4e9f8e653fc723d6bbe65dbf3c0a2","pipelineFeatureId":"1R7588LI/DEPCNT/1271588174","provenance":{"cellId":"1R7588LI","checksum":"fcefec7e07170c4b859138c34376143c7aa4e9f8e653fc723d6bbe65dbf3c0a2","readerVersion":"GDAL 3.2.2","processedAt":"2026-08-11T18:29:20.995Z"},"sourceProperties":{"RCID":1271588174,"PRIM":2,"GRUP":2,"OBJL":43,"RVER":1,"AGEN":7979,"FIDN":1777445659,"FIDS":30168,"LNAM":"1F2B69F1AB1B75D8","VALDCO":20,"SCAMIN":50000,"sourceCellId":"1R7588LI","sourceChecksum":"fcefec7e07170c4b859138c34376143c7aa4e9f8e653fc723d6bbe65dbf3c0a2","rawObjectClass":"DEPCNT","sourceStableId":"1F2B69F1AB1B75D8"}}},{"type":"Feature","geometry":{"type":"LineString","coordinates":[[3.2398166,51.6080671],[3.239789,51.6080351],[3.2396685,51.6079925],[3.2396444,51.608],[3.239575,51.608021],[3.2394999,51.6079819],[3.2394618,51.6080439],[3.2394832,51.6080678],[3.2395004,51.6080751],[3.2396158,51.6081574],[3.2396453,51.6081726],[3.2397594,51.608176],[3.2397897,51.6081727],[3.2398735,51.6081569],[3.239881,51.6081239],[3.2398166,51.6080671]]},"properties":{"rawObjectClass":"DEPCNT","VALDCO":20,"depthDatum":"Approximate LAT","depthDatumCode":42,"depthDatumStatus":"VERIFIED_FROM_OFFICIAL_DOCUMENTATION","verticalDatum":"Local Datum","verticalDatumCode":24,"napIdentityStatus":"UNVERIFIED","sourceKind":"official","sourceCellId":"1R7588LI","sourceStableId":"1F2B69F1AB1B75D9","sourceChecksum":"fcefec7e07170c4b859138c34376143c7aa4e9f8e653fc723d6bbe65dbf3c0a2","pipelineFeatureId":"1R7588LI/DEPCNT/1271588176","provenance":{"cellId":"1R7588LI","checksum":"fcefec7e07170c4b859138c34376143c7aa4e9f8e653fc723d6bbe65dbf3c0a2","readerVersion":"GDAL 3.2.2","processedAt":"2026-08-11T18:29:20.995Z"},"sourceProperties":{"RCID":1271588176,"PRIM":2,"GRUP":2,"OBJL":43,"RVER":1,"AGEN":7979,"FIDN":1777445659,"FIDS":30169,"LNAM":"1F2B69F1AB1B75D9","VALDCO":20,"SCAMIN":50000,"sourceCellId":"1R7588LI","sourceChecksum":"fcefec7e07170c4b859138c34376143c7aa4e9f8e653fc723d6bbe65dbf3c0a2","rawObjectClass":"DEPCNT","sourceStableId":"1F2B69F1AB1B75D9"}}},{"type":"Feature","geometry":{"type":"LineString","coordinates":[[3.2038332,51.6084243],[3.2038643,51.6084048],[3.2039402,51.6083378],[3.2038329,51.6083543],[3.2037229,51.6083366],[3.2036885,51.6083472],[3.2036149,51.6084052],[3.2036889,51.6084304],[3.2037743,51.6084417],[3.2038332,51.6084243]]},"properties":{"rawObjectClass":"DEPCNT","VALDCO":20,"depthDatum":"Approximate LAT","depthDatumCode":42,"depthDatumStatus":"VERIFIED_FROM_OFFICIAL_DOCUMENTATION","verticalDatum":"Local Datum","verticalDatumCode":24,"napIdentityStatus":"UNVERIFIED","sourceKind":"official","sourceCellId":"1R7588LI","sourceStableId":"1F2B69F1AB1B75DA","sourceChecksum":"fcefec7e07170c4b859138c34376143c7aa4e9f8e653fc723d6bbe65dbf3c0a2","pipelineFeatureId":"1R7588LI/DEPCNT/1271588177","provenance":{"cellId":"1R7588LI","checksum":"fcefec7e07170c4b859138c34376143c7aa4e9f8e653fc723d6bbe65dbf3c0a2","readerVersion":"GDAL 3.2.2","processedAt":"2026-08-11T18:29:20.995Z"},"sourceProperties":{"RCID":1271588177,"PRIM":2,"GRUP":2,"OBJL":43,"RVER":1,"AGEN":7979,"FIDN":1777445659,"FIDS":30170,"LNAM":"1F2B69F1AB1B75DA","VALDCO":20,"SCAMIN":50000,"sourceCellId":"1R7588LI","sourceChecksum":"fcefec7e07170c4b859138c34376143c7aa4e9f8e653fc723d6bbe65dbf3c0a2","rawObjectClass":"DEPCNT","sourceStableId":"1F2B69F1AB1B75DA"}}},{"type":"Feature","geometry":{"type":"LineString","coordinates":[[3.1345652,51.5758836],[3.1345908,51.5758651],[3.1346699,51.5757997],[3.1346569,51.5757752],[3.1346331,51.5757326],[3.1345649,51.5757688],[3.1345345,51.5757753],[3.1345191,51.5758039],[3.1345055,51.5758652],[3.1344825,51.5759169],[3.1345652,51.5758836]]},"properties":{"rawObjectClass":"DEPCNT","VALDCO":20,"depthDatum":"Approximate LAT","depthDatumCode":42,"depthDatumStatus":"VERIFIED_FROM_OFFICIAL_DOCUMENTATION","verticalDatum":"Local Datum","verticalDatumCode":24,"napIdentityStatus":"UNVERIFIED","sourceKind":"official","sourceCellId":"1R7588LI","sourceStableId":"1F2B69F1AB1B75DB","sourceChecksum":"fcefec7e07170c4b859138c34376143c7aa4e9f8e653fc723d6bbe65dbf3c0a2","pipelineFeatureId":"1R7588LI/DEPCNT/1271588178","provenance":{"cellId":"1R7588LI","checksum":"fcefec7e07170c4b859138c34376143c7aa4e9f8e653fc723d6bbe65dbf3c0a2","readerVersion":"GDAL 3.2.2","processedAt":"2026-08-11T18:29:20.995Z"},"sourceProperties":{"RCID":1271588178,"PRIM":2,"GRUP":2,"OBJL":43,"RVER":1,"AGEN":7979,"FIDN":1777445659,"FIDS":30171,"LNAM":"1F2B69F1AB1B75DB","VALDCO":20,"SCAMIN":50000,"sourceCellId":"1R7588LI","sourceChecksum":"fcefec7e07170c4b859138c34376143c7aa4e9f8e653fc723d6bbe65dbf3c0a2","rawObjectClass":"DEPCNT","sourceStableId":"1F2B69F1AB1B75DB"}}},{"type":"Feature","geometry":{"type":"LineString","coordinates":[[3.278548,51.6174543],[3.2784902,51.6174229],[3.2784028,51.6173415],[3.2783914,51.6173332],[3.2783851,51.6173223],[3.278395,51.6172433],[3.2784022,51.6172401],[3.2784076,51.6172432],[3.2785469,51.6172875],[3.2786346,51.6173326],[3.278692,51.6173871],[3.2787689,51.6174222],[3.2786926,51.6174913],[3.2786685,51.6174973],[3.278548,51.6174543]]},"properties":{"rawObjectClass":"DEPCNT","VALDCO":10,"depthDatum":"Approximate LAT","depthDatumCode":42,"depthDatumStatus":"VERIFIED_FROM_OFFICIAL_DOCUMENTATION","verticalDatum":"Local Datum","verticalDatumCode":24,"napIdentityStatus":"UNVERIFIED","sourceKind":"official","sourceCellId":"1R7588LI","sourceStableId":"1F2B69F1AB1B75DC","sourceChecksum":"fcefec7e07170c4b859138c34376143c7aa4e9f8e653fc723d6bbe65dbf3c0a2","pipelineFeatureId":"1R7588LI/DEPCNT/1271588180","provenance":{"cellId":"1R7588LI","checksum":"fcefec7e07170c4b859138c34376143c7aa4e9f8e653fc723d6bbe65dbf3c0a2","readerVersion":"GDAL 3.2.2","processedAt":"2026-08-11T18:29:20.995Z"},"sourceProperties":{"RCID":1271588180,"PRIM":2,"GRUP":2,"OBJL":43,"RVER":1,"AGEN":7979,"FIDN":1777445659,"FIDS":30172,"LNAM":"1F2B69F1AB1B75DC","VALDCO":10,"SCAMIN":300000,"sourceCellId":"1R7588LI","sourceChecksum":"fcefec7e07170c4b859138c34376143c7aa4e9f8e653fc723d6bbe65dbf3c0a2","rawObjectClass":"DEPCNT","sourceStableId":"1F2B69F1AB1B75DC"}}},{"type":"Feature","geometry":{"type":"LineString","coordinates":[[3.1446535,51.6148767],[3.1446461,51.6148842],[3.1445663,51.6149667],[3.1445023,51.6150517],[3.144496,51.6150567],[3.1444939,51.6150619],[3.1444204,51.6151467],[3.1443583,51.6151983],[3.144312,51.6152367],[3.1442192,51.6153237],[3.1442162,51.6153268],[3.1442143,51.6153282],[3.144107,51.6154168],[3.1440702,51.615446],[3.1440045,51.6155069],[3.1439262,51.6155714],[3.1438867,51.6155969],[3.1437821,51.6156747],[3.1437611,51.615687],[3.1436844,51.6157481],[3.1436464,51.6157771],[3.143638,51.6157844],[3.1435601,51.6158671],[3.143494,51.6159168],[3.1434328,51.6159572],[3.1433499,51.6160166],[3.1433025,51.6160472],[3.1432057,51.6161148],[3.1431751,51.6161373],[3.1431087,51.6161979],[3.1430761,51.6162273],[3.1430617,51.6162366],[3.1429509,51.6163174],[3.1429176,51.6163415],[3.142832,51.6164075],[3.1427735,51.6164511],[3.1426991,51.6164975],[3.1426293,51.6165465],[3.1425634,51.6165876],[3.1424852,51.6166396],[3.142412,51.6166777],[3.1423498,51.6167623],[3.1423437,51.6167677],[3.1423412,51.6167698],[3.1422304,51.6168578],[3.1421971,51.6168803],[3.1420826,51.6169479],[3.1420529,51.6169676],[3.1419315,51.617038],[3.1419088,51.6170609],[3.1417903,51.617128],[3.1417647,51.617163],[3.1416295,51.6172182],[3.1416204,51.6172252],[3.1416068,51.6172267],[3.1416183,51.6172182],[3.1416204,51.6172158],[3.1417353,51.6171281],[3.1417373,51.617055],[3.1417547,51.6170382],[3.1417642,51.6170301],[3.1418813,51.6169481],[3.1419084,51.616924],[3.1420097,51.616858],[3.1420524,51.616814],[3.1421148,51.616768],[3.1421467,51.6167091],[3.1421816,51.616678],[3.1421964,51.6166655],[3.1422903,51.6165879],[3.1423405,51.6165487],[3.1424193,51.6164979],[3.1424846,51.6164455],[3.1425418,51.6164078],[3.1426287,51.6163333],[3.1426524,51.6163178],[3.1426576,51.6162997],[3.1427253,51.6162278],[3.1427727,51.6161922],[3.1428411,51.6161377],[3.1429168,51.6160864],[3.1429816,51.6160476],[3.1430609,51.6159771],[3.1430924,51.6159576],[3.1431668,51.6158913],[3.143196,51.6158675],[3.1432049,51.6158601],[3.1432999,51.6157775],[3.143349,51.6157379],[3.1434105,51.6156874],[3.143493,51.6156189],[3.1435246,51.6155974],[3.1436018,51.6155294],[3.1436277,51.6155073],[3.1436371,51.6154998],[3.1437287,51.6154173],[3.1437811,51.6153778],[3.1438398,51.6153272],[3.1439252,51.6152575],[3.1439553,51.6152372],[3.1440694,51.6151885],[3.1441402,51.615147],[3.1442135,51.6150753],[3.1442457,51.615057],[3.1442527,51.6150325],[3.1442834,51.614967],[3.1443574,51.6149045],[3.1444056,51.614877],[3.1444158,51.6148404],[3.1444539,51.614787],[3.1445013,51.6147485],[3.144596,51.6146969],[3.1446453,51.6146172],[3.1446624,51.6146069],[3.1446686,51.6145924],[3.1447572,51.6145169],[3.1447893,51.6144863],[3.1449222,51.6144268],[3.1449333,51.6143574],[3.1449758,51.6144003],[3.1449384,51.6144267],[3.1449495,51.6145069],[3.1449427,51.6145166],[3.1449339,51.614526],[3.1448216,51.6146067],[3.1448051,51.6146872],[3.1447989,51.6146967],[3.14479,51.6147086],[3.1447024,51.6147867],[3.144659,51.6148686],[3.1446535,51.6148767]]},"properties":{"rawObjectClass":"DEPCNT","VALDCO":10,"depthDatum":"Approximate LAT","depthDatumCode":42,"depthDatumStatus":"VERIFIED_FROM_OFFICIAL_DOCUMENTATION","verticalDatum":"Local Datum","verticalDatumCode":24,"napIdentityStatus":"UNVERIFIED","sourceKind":"official","sourceCellId":"1R7588LI","sourceStableId":"1F2B69F1AB1B75DD","sourceChecksum":"fcefec7e07170c4b859138c34376143c7aa4e9f8e653fc723d6bbe65dbf3c0a2","pipelineFeatureId":"1R7588LI/DEPCNT/1271588181","provenance":{"cellId":"1R7588LI","checksum":"fcefec7e07170c4b859138c34376143c7aa4e9f8e653fc723d6bbe65dbf3c0a2","readerVersion":"GDAL 3.2.2","processedAt":"2026-08-11T18:29:20.995Z"},"sourceProperties":{"RCID":1271588181,"PRIM":2,"GRUP":2,"OBJL":43,"RVER":1,"AGEN":7979,"FIDN":1777445659,"FIDS":30173,"LNAM":"1F2B69F1AB1B75DD","VALDCO":10,"SCAMIN":300000,"sourceCellId":"1R7588LI","sourceChecksum":"fcefec7e07170c4b859138c34376143c7aa4e9f8e653fc723d6bbe65dbf3c0a2","rawObjectClass":"DEPCNT","sourceStableId":"1F2B69F1AB1B75DD"}}},{"type":"Feature","geometry":{"type":"LineString","coordinates":[[3.2800494,51.618647],[3.2801441,51.6186529],[3.2802804,51.6186722],[3.2802887,51.6186714],[3.2803004,51.6186774],[3.2804334,51.6187115],[3.2805664,51.6187594],[3.2805319,51.6186768],[3.2805773,51.6186283],[3.2806681,51.618643],[3.280722,51.6186617],[3.280778,51.6186413],[3.2807782,51.6186763],[3.2808667,51.618705],[3.2809309,51.6187158],[3.2810111,51.6186996],[3.2810494,51.6186756],[3.2811549,51.6185987],[3.2811724,51.6185854],[3.2812988,51.6185063],[3.2813229,51.6184951],[3.281399,51.6184322],[3.2814346,51.6184049],[3.2814426,51.618402],[3.2814857,51.6183779],[3.2815866,51.6183363],[3.2816013,51.6183146],[3.2817306,51.6182662],[3.2818404,51.6182456],[3.2818749,51.6182484],[3.2819039,51.618224],[3.2820187,51.6181458],[3.282042,51.6181337],[3.2821626,51.6180526],[3.2821851,51.6180435],[3.2823066,51.6179749],[3.2823758,51.6179531],[3.2824507,51.6179283],[3.2825049,51.617919],[3.2825949,51.6178845],[3.2826547,51.6178625],[3.282739,51.617836],[3.2827867,51.6178325],[3.2828834,51.6178263],[3.2829357,51.6178293],[3.2830278,51.6178187],[3.283111,51.6178233],[3.2831723,51.6178223],[3.2832416,51.6178179],[3.2833167,51.6178176],[3.2833994,51.6178092],[3.283461,51.617808],[3.2835747,51.617841],[3.2836056,51.6178281],[3.2836214,51.6178602],[3.2836748,51.6179029],[3.283721,51.6179499],[3.2836944,51.6180045],[3.2837135,51.6180398],[3.2837519,51.6181216],[3.2837624,51.618123],[3.2837557,51.6181296],[3.2837574,51.618133],[3.2838071,51.6182194],[3.2838254,51.6182646],[3.283824,51.6183093],[3.2838391,51.6183626],[3.2838722,51.6183991],[3.2838984,51.6184496],[3.2839365,51.6184888],[3.2839543,51.6185233],[3.2839857,51.6185786],[3.2840441,51.618653],[3.2840528,51.6186684],[3.2840635,51.6186803],[3.2840824,51.6187582],[3.2840798,51.61878],[3.2841144,51.6188481],[3.2841395,51.6189064],[3.284141,51.6189379],[3.2841077,51.6189896],[3.2841296,51.6190279],[3.2840468,51.619088],[3.2839308,51.6191182],[3.2839026,51.6191362],[3.2838804,51.6192083],[3.2838698,51.6192291],[3.2838449,51.6192983],[3.2838393,51.6193385],[3.2838263,51.6193882],[3.2838,51.6194534],[3.2837927,51.6194782],[3.2837605,51.619506],[3.2836169,51.6195686],[3.2836165,51.619569],[3.2835013,51.6196588],[3.2834729,51.6197043],[3.2834514,51.6197488],[3.2834155,51.6197849],[3.2834139,51.6198388],[3.2833294,51.6198681],[3.2832596,51.6198827],[3.2831852,51.6199016],[3.2830727,51.6199097],[3.2830408,51.6199097],[3.2828971,51.6199296],[3.2828965,51.6199298],[3.2828962,51.61993],[3.2828687,51.62002],[3.2827846,51.6200905],[3.2827715,51.6201101],[3.2827532,51.6201216],[3.2827391,51.620119],[3.2826089,51.6201443],[3.2825502,51.6201107],[3.2826084,51.6200615],[3.2827274,51.6200943],[3.2826428,51.6200205],[3.282608,51.6200002],[3.2824639,51.6200208],[3.2824637,51.6200208],[3.2824631,51.6200209],[3.2823194,51.6200481],[3.2822578,51.6200598],[3.282175,51.6200548],[3.2820895,51.6200752],[3.2820309,51.6201003],[3.2820143,51.6201016],[3.2818863,51.6200752],[3.281763,51.620036],[3.281742,51.6201117],[3.2817406,51.6201126],[3.2816448,51.6201421],[3.2817233,51.6202026],[3.2817427,51.6202149],[3.28185,51.6202922],[3.2818878,51.6203163],[3.2819803,51.6203818],[3.2820328,51.620415],[3.2821612,51.6204713],[3.2820336,51.6205405],[3.2819965,51.6205616],[3.2818897,51.6206369],[3.2818467,51.6206518],[3.2817456,51.6206885],[3.2816282,51.6206524],[3.2816008,51.6206276],[3.2815503,51.6205626],[3.2814555,51.6204907],[3.2814343,51.620473],[3.2813503,51.620408],[3.2813296,51.6203833],[3.2813103,51.6203699],[3.2812245,51.6202937],[3.2813097,51.6202692],[3.2814508,51.620205],[3.2814537,51.620204],[3.2814596,51.6202068],[3.2814544,51.6202032],[3.281462,51.620198],[3.2814537,51.6202005],[3.2813902,51.6201134],[3.2813086,51.6200884],[3.2812173,51.6200571],[3.2811638,51.6200431],[3.2811022,51.6200242],[3.2810191,51.620002],[3.2809219,51.6199643],[3.2808744,51.6199493],[3.2808395,51.6199349],[3.2807296,51.6199007],[3.2806203,51.6198675],[3.2805849,51.6198583],[3.2805371,51.6198457],[3.2803666,51.6198004],[3.2802955,51.61978],[3.2802004,51.6197566],[3.2801509,51.6197508],[3.2801387,51.6197492],[3.2800064,51.6197377],[3.2799483,51.6197211],[3.2798617,51.6197062],[3.2797693,51.6196677],[3.279717,51.6196515],[3.2795961,51.6195931],[3.2795723,51.6196088],[3.2795558,51.6195885],[3.2794279,51.6196208],[3.2793926,51.6195787],[3.2794272,51.619515],[3.2795345,51.6195551],[3.2794373,51.6194887],[3.2794267,51.6194208],[3.2792835,51.6194],[3.2792821,51.6193993],[3.279282,51.6193991],[3.2794255,51.6193089],[3.2794259,51.6193002],[3.279432,51.619219],[3.2795694,51.6191363],[3.279581,51.6191287],[3.2795868,51.6191177],[3.2796727,51.6190386],[3.279713,51.6190012],[3.2797561,51.6189484],[3.2797733,51.6189105],[3.279781,51.6188585],[3.279804,51.618801],[3.2798128,51.6187685],[3.2798557,51.6187311],[3.2799176,51.6186783],[3.2799997,51.618651],[3.2800494,51.618647]]},"properties":{"rawObjectClass":"DEPCNT","VALDCO":10,"depthDatum":"Approximate LAT","depthDatumCode":42,"depthDatumStatus":"VERIFIED_FROM_OFFICIAL_DOCUMENTATION","verticalDatum":"Local Datum","verticalDatumCode":24,"napIdentityStatus":"UNVERIFIED","sourceKind":"official","sourceCellId":"1R7588LI","sourceStableId":"1F2B69F1AB1B75DE","sourceChecksum":"fcefec7e07170c4b859138c34376143c7aa4e9f8e653fc723d6bbe65dbf3c0a2","pipelineFeatureId":"1R7588LI/DEPCNT/1271588182","provenance":{"cellId":"1R7588LI","checksum":"fcefec7e07170c4b859138c34376143c7aa4e9f8e653fc723d6bbe65dbf3c0a2","readerVersion":"GDAL 3.2.2","processedAt":"2026-08-11T18:29:20.995Z"},"sourceProperties":{"RCID":1271588182,"PRIM":2,"GRUP":2,"OBJL":43,"RVER":1,"AGEN":7979,"FIDN":1777445659,"FIDS":30174,"LNAM":"1F2B69F1AB1B75DE","VALDCO":10,"SCAMIN":300000,"sourceCellId":"1R7588LI","sourceChecksum":"fcefec7e07170c4b859138c34376143c7aa4e9f8e653fc723d6bbe65dbf3c0a2","rawObjectClass":"DEPCNT","sourceStableId":"1F2B69F1AB1B75DE"}}},{"type":"Feature","geometry":{"type":"LineString","coordinates":[[3.1333333,51.612016],[3.1333385,51.6120128],[3.1333722,51.6119875],[3.1334618,51.6119227],[3.1335163,51.611885],[3.133602,51.6118326],[3.1336604,51.6117916],[3.1337369,51.6117426],[3.1337469,51.6116885],[3.1337864,51.6116526],[3.1338044,51.6116339],[3.133901,51.6115625],[3.1339139,51.6114941],[3.1339193,51.6114726],[3.1339483,51.6114536],[3.1340383,51.6113826],[3.1340924,51.6113452],[3.1341718,51.6112925],[3.1342365,51.6112434],[3.1342964,51.6112024],[3.1343806,51.6111322],[3.134411,51.6111124],[3.1344797,51.6110504],[3.1345157,51.6110223],[3.1345247,51.6110158],[3.1346392,51.6109323],[3.1346688,51.6109107],[3.1347634,51.6108422],[3.1348129,51.6108107],[3.1349048,51.6107522],[3.134957,51.6107159],[3.1350325,51.6106621],[3.1351011,51.6106121],[3.1351628,51.610572],[3.1352453,51.6105147],[3.1352988,51.610482],[3.1353894,51.610426],[3.1354501,51.6103919],[3.1355335,51.6103037],[3.1355359,51.6103019],[3.1355387,51.6102985],[3.1356424,51.6102118],[3.1356775,51.6101853],[3.1357526,51.6101218],[3.1358216,51.6100715],[3.13588,51.6100317],[3.1359657,51.6099692],[3.1360107,51.6099416],[3.1361098,51.6098638],[3.1361283,51.6098516],[3.1361699,51.609814],[3.1362339,51.6097615],[3.1362539,51.6097469],[3.13635,51.6096715],[3.136398,51.6096367],[3.1364733,51.6095814],[3.1365421,51.609535],[3.1366008,51.6094914],[3.1366861,51.6094262],[3.136724,51.6094013],[3.1368303,51.6093277],[3.1368571,51.6093112],[3.1369744,51.6092234],[3.1369778,51.6092212],[3.1369857,51.6092141],[3.1370882,51.6091311],[3.1371184,51.6091093],[3.1372086,51.6090411],[3.1372625,51.6090017],[3.1373235,51.608951],[3.1374066,51.6088892],[3.1374517,51.608861],[3.1375507,51.6087846],[3.1375713,51.6087709],[3.1376948,51.6086882],[3.1377075,51.6086808],[3.1377417,51.6086515],[3.137818,51.6085908],[3.1378389,51.608575],[3.1379152,51.6085008],[3.1379829,51.6084421],[3.1380291,51.6084107],[3.1381032,51.6083355],[3.1381184,51.6083207],[3.1381269,51.6083129],[3.13821,51.6082307],[3.1382709,51.6081901],[3.1383382,51.6081406],[3.138415,51.6080807],[3.1384605,51.6080505],[3.1385591,51.6079796],[3.1385884,51.6079605],[3.1387032,51.6078745],[3.1387099,51.6078704],[3.1387518,51.60784],[3.1388365,51.6077804],[3.1388473,51.6077736],[3.1389495,51.6076903],[3.1389913,51.607657],[3.1390624,51.6076003],[3.1391354,51.6075426],[3.1391844,51.6075102],[3.1392795,51.6074377],[3.1393093,51.6074201],[3.1393892,51.6073516],[3.1394165,51.6073301],[3.1394235,51.6073249],[3.1395246,51.60724],[3.1395676,51.6072073],[3.1396393,51.60715],[3.1397116,51.6070909],[3.1397601,51.6070599],[3.1398557,51.6069706],[3.1398568,51.6069699],[3.1398599,51.6069673],[3.1399785,51.6068798],[3.1399997,51.6068626],[3.1400969,51.6067898],[3.1401438,51.6067585],[3.1402244,51.6066997],[3.1402879,51.6066511],[3.1403609,51.6066096],[3.140432,51.6065553],[3.1404934,51.6065196],[3.1405761,51.6064426],[3.1406007,51.6064295],[3.1406135,51.6064061],[3.1406984,51.6063395],[3.1407201,51.6063233],[3.1408339,51.6062494],[3.1408642,51.6062281],[3.1409816,51.6061593],[3.1410083,51.6061378],[3.1411179,51.6060692],[3.1411524,51.6060444],[3.141278,51.6059791],[3.1412966,51.605967],[3.1414155,51.6059048],[3.1414408,51.6059139],[3.1414923,51.6059469],[3.1414443,51.6059789],[3.141441,51.6059813],[3.1413038,51.606069],[3.1412969,51.606074],[3.1411722,51.6061591],[3.1411528,51.6061736],[3.1410363,51.6062492],[3.1410087,51.6062749],[3.1409135,51.6063392],[3.1408647,51.6063858],[3.1408001,51.6064293],[3.1408024,51.6064682],[3.1407534,51.6065193],[3.1407208,51.6065428],[3.1406183,51.6066093],[3.1405767,51.6066474],[3.1405001,51.6066994],[3.1404326,51.6067498],[3.1403761,51.6067895],[3.1403743,51.6068259],[3.1403324,51.6068794],[3.1402887,51.6069121],[3.140201,51.6069695],[3.1401446,51.6070104],[3.1400693,51.6070596],[3.1400005,51.6071187],[3.1399506,51.6071496],[3.1398564,51.6072252],[3.139832,51.6072397],[3.1398258,51.6072588],[3.1397582,51.6073297],[3.1397125,51.6073626],[3.1396312,51.6074197],[3.1395684,51.6074718],[3.1395107,51.6075098],[3.1394243,51.6075797],[3.1393925,51.6075999],[3.1393477,51.6076477],[3.1392981,51.6076899],[3.1392803,51.6077044],[3.1392001,51.6077799],[3.1391363,51.6078248],[3.1390654,51.60787],[3.1389921,51.6079239],[3.1389347,51.6079601],[3.138848,51.608024],[3.138807,51.6080501],[3.1387039,51.6081249],[3.1386782,51.6081402],[3.1386498,51.608174],[3.1385896,51.6082302],[3.1385599,51.6082516],[3.138483,51.6083203],[3.1384159,51.6083657],[3.1383425,51.6084103],[3.1382718,51.6084697],[3.1382201,51.6085004],[3.1381516,51.6085755],[3.138135,51.6085904],[3.1381277,51.6085968],[3.1380437,51.6086804],[3.1379837,51.6087297],[3.1379265,51.6087705],[3.1378396,51.6088345],[3.1377956,51.6088606],[3.1376956,51.6089395],[3.1376774,51.6089506],[3.1376434,51.6089832],[3.1375716,51.6090407],[3.1375515,51.6090579],[3.1374764,51.6091307],[3.1374075,51.609182],[3.1373469,51.6092208],[3.1372633,51.6092772],[3.1372086,51.6093108],[3.1371192,51.6093778],[3.137084,51.6094009],[3.1369905,51.6094814],[3.1369788,51.6094909],[3.1369752,51.6094932],[3.1369195,51.6095257],[3.136831,51.6095759],[3.1368227,51.609581],[3.136822,51.6095867],[3.1367439,51.609671],[3.136687,51.6097117],[3.1366093,51.6097611],[3.1365429,51.6098045],[3.1364675,51.6098512],[3.1363987,51.6099016],[3.1363333,51.6099413],[3.1362546,51.6099994],[3.1361994,51.6100313],[3.1361105,51.6101122],[3.1360969,51.6101214],[3.1359983,51.6101916],[3.1359685,51.6102114],[3.1359664,51.6102129],[3.1358654,51.6103015],[3.1358224,51.6103318],[3.1357216,51.6103916],[3.1356782,51.6104262],[3.1355954,51.6104816],[3.1355341,51.610527],[3.1354646,51.6105717],[3.13539,51.6106253],[3.1353342,51.6106617],[3.1352459,51.6107188],[3.1351924,51.6107518],[3.1351018,51.6108318],[3.1350862,51.6108419],[3.1350275,51.6108883],[3.1349655,51.6109319],[3.1349577,51.6109366],[3.1348599,51.611022],[3.1348136,51.6110527],[3.1347159,51.611112],[3.1346695,51.6111468],[3.1345823,51.6112021],[3.1345253,51.6112447],[3.1344473,51.6112922],[3.1343812,51.6113438],[3.134317,51.6113822],[3.1342371,51.6114579],[3.134213,51.6114723],[3.1342047,51.6114925],[3.1341205,51.6115623],[3.1340931,51.6115854],[3.1339753,51.6116524],[3.1339489,51.611679],[3.133846,51.6117424],[3.1338414,51.6118096],[3.133821,51.6118324],[3.133805,51.6118437],[3.1336827,51.6119225],[3.1336609,51.6119354],[3.1335329,51.6120125],[3.1335167,51.612022],[3.1333851,51.6121026],[3.1333725,51.6121106],[3.1333333,51.6121351]]},"properties":{"rawObjectClass":"DEPCNT","VALDCO":10,"depthDatum":"Approximate LAT","depthDatumCode":42,"depthDatumStatus":"VERIFIED_FROM_OFFICIAL_DOCUMENTATION","verticalDatum":"Local Datum","verticalDatumCode":24,"napIdentityStatus":"UNVERIFIED","sourceKind":"official","sourceCellId":"1R7588LI","sourceStableId":"1F2B69F1AB1B75DF","sourceChecksum":"fcefec7e07170c4b859138c34376143c7aa4e9f8e653fc723d6bbe65dbf3c0a2","pipelineFeatureId":"1R7588LI/DEPCNT/1271588183","provenance":{"cellId":"1R7588LI","checksum":"fcefec7e07170c4b859138c34376143c7aa4e9f8e653fc723d6bbe65dbf3c0a2","readerVersion":"GDAL 3.2.2","processedAt":"2026-08-11T18:29:20.995Z"},"sourceProperties":{"RCID":1271588183,"PRIM":2,"GRUP":2,"OBJL":43,"RVER":1,"AGEN":7979,"FIDN":1777445659,"FIDS":30175,"LNAM":"1F2B69F1AB1B75DF","VALDCO":10,"SCAMIN":300000,"sourceCellId":"1R7588LI","sourceChecksum":"fcefec7e07170c4b859138c34376143c7aa4e9f8e653fc723d6bbe65dbf3c0a2","rawObjectClass":"DEPCNT","sourceStableId":"1F2B69F1AB1B75DF"}}},{"type":"Feature","geometry":{"type":"LineString","coordinates":[[3.148541,51.6134289],[3.1486525,51.6133431],[3.1486756,51.613259],[3.1486791,51.6132532],[3.1486848,51.6132438],[3.1487695,51.6131631],[3.1487647,51.6131131],[3.1487922,51.6130732],[3.1488235,51.6129863],[3.1488251,51.6129832],[3.1488284,51.61298],[3.1489308,51.6128932],[3.1489523,51.6128157],[3.1489594,51.6128032],[3.1489722,51.6127937],[3.149086,51.6127131],[3.1491162,51.612681],[3.1492253,51.6126231],[3.1492602,51.6125508],[3.1493185,51.6126229],[3.1493233,51.6126738],[3.1492866,51.6127129],[3.1492608,51.6127352],[3.149171,51.612803],[3.1491343,51.6128821],[3.149129,51.6128929],[3.149117,51.6129057],[3.1490322,51.612983],[3.1489876,51.6130639],[3.1489842,51.6130729],[3.1489731,51.6130838],[3.148885,51.613163],[3.1488619,51.6132326],[3.148846,51.6132529],[3.1488294,51.6132918],[3.1487626,51.613343],[3.1487346,51.6134023],[3.1486989,51.613433],[3.1486855,51.6134474],[3.1485584,51.6135231],[3.1485516,51.6136067],[3.148548,51.613613],[3.1485416,51.6136194],[3.148516,51.613629],[3.1484703,51.6136131],[3.1484494,51.6135805],[3.1485304,51.6135231],[3.1485349,51.613437],[3.1485373,51.6134332],[3.148541,51.6134289]]},"properties":{"rawObjectClass":"DEPCNT","VALDCO":10,"depthDatum":"Approximate LAT","depthDatumCode":42,"depthDatumStatus":"VERIFIED_FROM_OFFICIAL_DOCUMENTATION","verticalDatum":"Local Datum","verticalDatumCode":24,"napIdentityStatus":"UNVERIFIED","sourceKind":"official","sourceCellId":"1R7588LI","sourceStableId":"1F2B69F1AB1B75E0","sourceChecksum":"fcefec7e07170c4b859138c34376143c7aa4e9f8e653fc723d6bbe65dbf3c0a2","pipelineFeatureId":"1R7588LI/DEPCNT/1271588184","provenance":{"cellId":"1R7588LI","checksum":"fcefec7e07170c4b859138c34376143c7aa4e9f8e653fc723d6bbe65dbf3c0a2","readerVersion":"GDAL 3.2.2","processedAt":"2026-08-11T18:29:20.995Z"},"sourceProperties":{"RCID":1271588184,"PRIM":2,"GRUP":2,"OBJL":43,"RVER":1,"AGEN":7979,"FIDN":1777445659,"FIDS":30176,"LNAM":"1F2B69F1AB1B75E0","VALDCO":10,"SCAMIN":300000,"sourceCellId":"1R7588LI","sourceChecksum":"fcefec7e07170c4b859138c34376143c7aa4e9f8e653fc723d6bbe65dbf3c0a2","rawObjectClass":"DEPCNT","sourceStableId":"1F2B69F1AB1B75E0"}}},{"type":"Feature","geometry":{"type":"LineString","coordinates":[[3.2778127,51.6153213],[3.2779008,51.6153562],[3.2779576,51.6153988],[3.2780036,51.6153846],[3.2781021,51.6154021],[3.2782219,51.6154299],[3.2782467,51.6154342],[3.2783046,51.6154452],[3.2783913,51.6154643],[3.2784292,51.6154684],[3.2785359,51.6154883],[3.278637,51.6155072],[3.2786805,51.6155151],[3.2787847,51.615534],[3.2788252,51.615549],[3.278842,51.6155443],[3.2789697,51.6155674],[3.2790516,51.6156232],[3.2791148,51.6156719],[3.2792118,51.6157128],[3.2792597,51.6157606],[3.2793007,51.6158025],[3.2793757,51.6158741],[3.2793594,51.6158922],[3.2793008,51.6159173],[3.2793603,51.6159822],[3.2792837,51.6160585],[3.2794059,51.6160402],[3.2794328,51.6160719],[3.2794063,51.6161085],[3.2792885,51.6160889],[3.2792617,51.616086],[3.2792364,51.6160882],[3.2791176,51.6161265],[3.2790454,51.6161178],[3.278973,51.616106],[3.2789222,51.6161047],[3.2788286,51.6161106],[3.2787375,51.6161303],[3.2786843,51.6161347],[3.278617,51.6161219],[3.27854,51.6161556],[3.2785249,51.616164],[3.2783958,51.616186],[3.2783175,51.6162133],[3.2782514,51.616205],[3.2781139,51.6161694],[3.2781068,51.6161665],[3.2781028,51.616165],[3.2779619,51.6160977],[3.2778893,51.6160756],[3.2778172,51.6160535],[3.2777397,51.6160278],[3.2776725,51.6160001],[3.2776426,51.6159862],[3.2775276,51.615937],[3.2774338,51.6158968],[3.2773828,51.6158751],[3.2772782,51.6158322],[3.277238,51.615817],[3.2772169,51.6158074],[3.2770932,51.6157556],[3.2770128,51.615718],[3.2769484,51.615691],[3.2768146,51.6156285],[3.2768036,51.6156231],[3.2767657,51.6156051],[3.2766588,51.6155629],[3.2765624,51.6155392],[3.2765141,51.6155249],[3.2764116,51.6154496],[3.2763691,51.6154278],[3.2763104,51.6154134],[3.2762245,51.6153957],[3.2761332,51.6153604],[3.2760797,51.6153348],[3.2759957,51.6153085],[3.275935,51.6153054],[3.2758909,51.615271],[3.2757901,51.6152267],[3.2756971,51.6152715],[3.2756461,51.6152871],[3.2756244,51.6152717],[3.2756458,51.6152484],[3.2757331,51.6151815],[3.2757086,51.6151311],[3.2756993,51.6150917],[3.2756447,51.615058],[3.2755653,51.6150021],[3.2754995,51.6149345],[3.2754656,51.6149124],[3.2753548,51.6148911],[3.2752507,51.614823],[3.2752098,51.6147946],[3.2750649,51.6147141],[3.2749868,51.6146851],[3.2749201,51.6146611],[3.2749011,51.614644],[3.2747752,51.6145834],[3.274686,51.6145545],[3.2746304,51.6145223],[3.2745679,51.6145159],[3.2744859,51.6144975],[3.2744128,51.6144653],[3.274341,51.61442],[3.2742728,51.6144231],[3.2741965,51.6144179],[3.2740727,51.6143761],[3.2740518,51.6143682],[3.2740115,51.6143512],[3.2739071,51.6143271],[3.2738166,51.6143204],[3.2737626,51.6143114],[3.273618,51.6142839],[3.2736104,51.6142826],[3.2734734,51.6142615],[3.2734146,51.6142512],[3.2733289,51.6142391],[3.2732696,51.6141982],[3.2731838,51.6141281],[3.2731547,51.6141085],[3.2730648,51.614035],[3.2730444,51.6140189],[3.2730387,51.6140149],[3.2730213,51.6140082],[3.2728939,51.6139519],[3.2728343,51.6139294],[3.2727489,51.613867],[3.2727049,51.6138398],[3.2726303,51.6137665],[3.2726125,51.6137501],[3.2726037,51.6137337],[3.2725729,51.613731],[3.272459,51.6136842],[3.272423,51.6136607],[3.2724587,51.6136309],[3.2725491,51.6136268],[3.2726032,51.613652],[3.2726382,51.6136602],[3.272748,51.6137025],[3.2728833,51.6137495],[3.2728927,51.6137544],[3.2728976,51.6137525],[3.2730373,51.6137776],[3.2731105,51.6137945],[3.2731818,51.6138037],[3.2732863,51.6138136],[3.2733264,51.6138246],[3.273385,51.6138383],[3.273471,51.6138607],[3.2735236,51.6138706],[3.2736157,51.6138928],[3.2737495,51.6139206],[3.2737603,51.6139234],[3.273772,51.6139273],[3.2739051,51.613998],[3.2740206,51.6140166],[3.2740497,51.6140282],[3.2740615,51.6140239],[3.2741944,51.6140712],[3.274303,51.6141059],[3.2743392,51.6141223],[3.2743764,51.6141288],[3.2744838,51.6141618],[3.274627,51.614195],[3.2746285,51.6141955],[3.27463,51.614196],[3.2747732,51.6142477],[3.274886,51.6142843],[3.2749179,51.6142945],[3.2749522,51.6143055],[3.2750626,51.6143325],[3.2751867,51.6143735],[3.2752073,51.61438],[3.2752323,51.614389],[3.275352,51.6144343],[3.2754334,51.6144629],[3.2754968,51.6144851],[3.2755679,51.6145067],[3.2756415,51.6145316],[3.2757179,51.6145521],[3.2757862,51.614574],[3.275912,51.6146298],[3.275931,51.6146388],[3.2759409,51.6146415],[3.2760757,51.6146767],[3.2762003,51.6147184],[3.2762204,51.614726],[3.2763651,51.6147738],[3.2764918,51.61482],[3.2765099,51.6148305],[3.2765481,51.6148437],[3.2766547,51.6148884],[3.2767188,51.6149094],[3.2767994,51.6149423],[3.2769171,51.6149989],[3.2769443,51.6150152],[3.277,51.6150333],[3.2770891,51.6150749],[3.2771692,51.6150882],[3.2772337,51.6151122],[3.2773166,51.6151778],[3.2773788,51.6152145],[3.2774524,51.6152233],[3.2775234,51.6152446],[3.2775619,51.6152671],[3.2776683,51.6153187],[3.2777576,51.6153222],[3.2778127,51.6153213]]},"properties":{"rawObjectClass":"DEPCNT","VALDCO":10,"depthDatum":"Approximate LAT","depthDatumCode":42,"depthDatumStatus":"VERIFIED_FROM_OFFICIAL_DOCUMENTATION","verticalDatum":"Local Datum","verticalDatumCode":24,"napIdentityStatus":"UNVERIFIED","sourceKind":"official","sourceCellId":"1R7588LI","sourceStableId":"1F2B69F1AB1B75E1","sourceChecksum":"fcefec7e07170c4b859138c34376143c7aa4e9f8e653fc723d6bbe65dbf3c0a2","pipelineFeatureId":"1R7588LI/DEPCNT/1271588185","provenance":{"cellId":"1R7588LI","checksum":"fcefec7e07170c4b859138c34376143c7aa4e9f8e653fc723d6bbe65dbf3c0a2","readerVersion":"GDAL 3.2.2","processedAt":"2026-08-11T18:29:20.995Z"},"sourceProperties":{"RCID":1271588185,"PRIM":2,"GRUP":2,"OBJL":43,"RVER":1,"AGEN":7979,"FIDN":1777445659,"FIDS":30177,"LNAM":"1F2B69F1AB1B75E1","VALDCO":10,"SCAMIN":300000,"sourceCellId":"1R7588LI","sourceChecksum":"fcefec7e07170c4b859138c34376143c7aa4e9f8e653fc723d6bbe65dbf3c0a2","rawObjectClass":"DEPCNT","sourceStableId":"1F2B69F1AB1B75E1"}}},{"type":"Feature","geometry":{"type":"LineString","coordinates":[[3.1481907,51.615142],[3.1482575,51.6150796],[3.148301,51.6150519],[3.1483056,51.6150219],[3.148339,51.614962],[3.1484013,51.6148948],[3.1484345,51.6148719],[3.1484352,51.6148508],[3.1484727,51.614782],[3.1485207,51.6147072],[3.1485261,51.614692],[3.1485451,51.6146728],[3.1486129,51.614602],[3.1486265,51.614551],[3.1486462,51.614512],[3.1486888,51.6144652],[3.1487612,51.614422],[3.1487753,51.6143679],[3.148793,51.614332],[3.1488284,51.614242],[3.1488325,51.6142389],[3.1488679,51.6142199],[3.1489767,51.6141834],[3.1489931,51.6142418],[3.1489771,51.614292],[3.1489313,51.6143318],[3.148943,51.6143532],[3.1488961,51.6144218],[3.1489076,51.6144654],[3.1488838,51.6145117],[3.1488507,51.6145911],[3.148846,51.6146017],[3.1488337,51.6146211],[3.1487749,51.6146917],[3.148769,51.6147323],[3.1487513,51.6147816],[3.1486901,51.6148626],[3.1486788,51.6148716],[3.1486788,51.6148787],[3.1486163,51.6149616],[3.1485505,51.615049],[3.1485487,51.6150516],[3.1485463,51.6150548],[3.1484824,51.6151416],[3.1484282,51.6152156],[3.1484171,51.6152316],[3.1484025,51.6152502],[3.1483432,51.6153216],[3.1483209,51.6153727],[3.1482987,51.6154116],[3.1482587,51.6154561],[3.148194,51.6155017],[3.1481779,51.6155522],[3.1481523,51.6155916],[3.148115,51.615658],[3.1480721,51.6156816],[3.1479709,51.6157542],[3.1479264,51.6156818],[3.1479255,51.6156538],[3.1479253,51.6155919],[3.1479656,51.6155047],[3.1479663,51.6155019],[3.14797,51.6154969],[3.1480251,51.6154463],[3.148009,51.615412],[3.1480208,51.6153801],[3.1480607,51.615322],[3.1481137,51.6152739],[3.148171,51.6152319],[3.1481733,51.6151947],[3.1481907,51.615142]]},"properties":{"rawObjectClass":"DEPCNT","VALDCO":10,"depthDatum":"Approximate LAT","depthDatumCode":42,"depthDatumStatus":"VERIFIED_FROM_OFFICIAL_DOCUMENTATION","verticalDatum":"Local Datum","verticalDatumCode":24,"napIdentityStatus":"UNVERIFIED","sourceKind":"official","sourceCellId":"1R7588LI","sourceStableId":"1F2B69F1AB1B75E2","sourceChecksum":"fcefec7e07170c4b859138c34376143c7aa4e9f8e653fc723d6bbe65dbf3c0a2","pipelineFeatureId":"1R7588LI/DEPCNT/1271588186","provenance":{"cellId":"1R7588LI","checksum":"fcefec7e07170c4b859138c34376143c7aa4e9f8e653fc723d6bbe65dbf3c0a2","readerVersion":"GDAL 3.2.2","processedAt":"2026-08-11T18:29:20.995Z"},"sourceProperties":{"RCID":1271588186,"PRIM":2,"GRUP":2,"OBJL":43,"RVER":1,"AGEN":7979,"FIDN":1777445659,"FIDS":30178,"LNAM":"1F2B69F1AB1B75E2","VALDCO":10,"SCAMIN":300000,"sourceCellId":"1R7588LI","sourceChecksum":"fcefec7e07170c4b859138c34376143c7aa4e9f8e653fc723d6bbe65dbf3c0a2","rawObjectClass":"DEPCNT","sourceStableId":"1F2B69F1AB1B75E2"}}},{"type":"Feature","geometry":{"type":"LineString","coordinates":[[3.1451997,51.6073038],[3.1453058,51.607233],[3.1453143,51.6071614],[3.1453281,51.6071431],[3.1453435,51.6071193],[3.1454377,51.607053],[3.1454373,51.6069944],[3.1454628,51.6069631],[3.1454873,51.6069334],[3.145576,51.606873],[3.1455874,51.6068104],[3.145611,51.6067831],[3.1456311,51.6067581],[3.1457353,51.606693],[3.1457349,51.6066281],[3.1457556,51.6066031],[3.145775,51.6065822],[3.1458827,51.606513],[3.1458888,51.6064418],[3.145903,51.6064231],[3.1459188,51.6064045],[3.1460332,51.606333],[3.1460399,51.6062573],[3.1460506,51.606243],[3.1460626,51.6062242],[3.1461592,51.606153],[3.1461589,51.6060928],[3.1461844,51.606063],[3.1462064,51.6060299],[3.1463092,51.605973],[3.1463181,51.6059031],[3.1463375,51.605883],[3.1463502,51.6058485],[3.1464396,51.605793],[3.1464176,51.6057509],[3.146466,51.605703],[3.1464658,51.6056306],[3.1464743,51.6056131],[3.1464938,51.6055854],[3.1465934,51.605523],[3.1465967,51.6054587],[3.1466156,51.6054331],[3.1466164,51.6053563],[3.1466216,51.6053432],[3.1466373,51.60532],[3.1467299,51.6052531],[3.146731,51.6051945],[3.1467535,51.6051632],[3.1467811,51.6051146],[3.1468629,51.6050731],[3.1468563,51.6050261],[3.1468977,51.6049832],[3.1469249,51.6049486],[3.1470295,51.6048931],[3.1470691,51.6048609],[3.1471068,51.6048695],[3.1470883,51.604893],[3.147093,51.6049682],[3.1470844,51.6049829],[3.1470695,51.6049975],[3.14695,51.605073],[3.1469569,51.6051434],[3.146946,51.6051629],[3.1469257,51.6051898],[3.1468302,51.605253],[3.1468319,51.6053117],[3.1468133,51.6053429],[3.146782,51.6054029],[3.1467184,51.605433],[3.1467226,51.6054701],[3.1466678,51.6055229],[3.1466757,51.6055895],[3.1466646,51.6056129],[3.1466384,51.6056496],[3.1465431,51.6057029],[3.1465257,51.6057734],[3.1465072,51.6057929],[3.146505,51.6058764],[3.1465017,51.6058828],[3.1464948,51.605892],[3.146375,51.6059729],[3.146381,51.606044],[3.1463697,51.6060628],[3.146351,51.6060853],[3.1462459,51.6061529],[3.1462271,51.6062303],[3.1462168,51.6062428],[3.1462072,51.6062634],[3.1461116,51.6063329],[3.1461141,51.6063911],[3.1460831,51.6064228],[3.1460634,51.6064524],[3.1459723,51.6065129],[3.1459625,51.606576],[3.1459351,51.6066028],[3.1459195,51.6066265],[3.1458191,51.6066929],[3.1458263,51.6067512],[3.1457965,51.6067828],[3.1457757,51.6068134],[3.1456851,51.6068729],[3.1456837,51.6069305],[3.145658,51.6069628],[3.1456319,51.6069958],[3.1455341,51.6070529],[3.1455227,51.6071212],[3.1455024,51.6071429],[3.145488,51.6071617],[3.1453832,51.6072329],[3.1453922,51.6072929],[3.1453711,51.6073229],[3.1453443,51.607361],[3.145255,51.6074129],[3.1452567,51.6074676],[3.145224,51.6075029],[3.1452004,51.6075315],[3.1451036,51.6075929],[3.145086,51.6076645],[3.1450678,51.6076829],[3.1450565,51.607697],[3.144943,51.607773],[3.14494,51.6078458],[3.1449258,51.6078629],[3.1449127,51.6078768],[3.1448018,51.607953],[3.1447687,51.608004],[3.1446975,51.608043],[3.1446995,51.6080863],[3.1446476,51.608133],[3.1446248,51.6081676],[3.1445428,51.608223],[3.1445522,51.6082684],[3.1445144,51.608313],[3.1444809,51.6083416],[3.1443724,51.6084031],[3.1443714,51.6084716],[3.1443562,51.608493],[3.1443371,51.6085133],[3.1442375,51.6085831],[3.1441931,51.6086532],[3.1441648,51.6086731],[3.1441655,51.6086903],[3.1440921,51.6087631],[3.1440492,51.6088077],[3.143981,51.6088531],[3.1439811,51.6088957],[3.1439461,51.6089431],[3.1439053,51.6089799],[3.1438218,51.6090332],[3.1437613,51.6090891],[3.1437089,51.6091232],[3.1437082,51.6091564],[3.1436644,51.6092132],[3.1436174,51.609256],[3.1435476,51.6093033],[3.1434733,51.6093649],[3.1434254,51.6093933],[3.1434214,51.6094258],[3.1433751,51.6094833],[3.1433294,51.6095222],[3.1432555,51.6095734],[3.1431854,51.6096532],[3.1431686,51.6096634],[3.1431661,51.6096755],[3.1430855,51.6097534],[3.1430414,51.609798],[3.1429745,51.6098434],[3.1428974,51.6099272],[3.1428877,51.6099335],[3.1428879,51.6099394],[3.1428015,51.6100235],[3.1427534,51.6100593],[3.1426659,51.6101136],[3.1426635,51.6101698],[3.1426461,51.6102035],[3.1426096,51.6102337],[3.1425055,51.6102936],[3.1424655,51.6103317],[3.1423823,51.6103837],[3.1423787,51.6104379],[3.1423523,51.6104736],[3.1423216,51.6104986],[3.1422138,51.6105637],[3.1421775,51.6106123],[3.1421166,51.6106537],[3.1421136,51.6106937],[3.1420653,51.6107437],[3.1420336,51.6107685],[3.1419317,51.6108338],[3.1418895,51.6108767],[3.1418151,51.6109238],[3.1418001,51.6109797],[3.1417688,51.6110138],[3.1417456,51.6110339],[3.1416231,51.6111039],[3.1416014,51.6111192],[3.141483,51.611194],[3.1414575,51.6112688],[3.1414436,51.6112753],[3.141451,51.6112839],[3.1414509,51.6112881],[3.1413671,51.611374],[3.1413135,51.6114166],[3.1412376,51.611464],[3.1411694,51.6115174],[3.1411068,51.6115541],[3.1410253,51.6116228],[3.1409929,51.6116442],[3.1409374,51.6116991],[3.1408959,51.6117342],[3.1408813,51.6117436],[3.1407648,51.6118243],[3.1407372,51.6118476],[3.1406632,51.6119143],[3.1405931,51.611971],[3.1405446,51.6120044],[3.140449,51.612067],[3.140393,51.6120945],[3.1403048,51.6121288],[3.1402283,51.6121846],[3.1401608,51.6122597],[3.1401338,51.6122746],[3.1401014,51.6123117],[3.1400435,51.6123646],[3.1400167,51.6123802],[3.1399154,51.6124547],[3.1398726,51.6124873],[3.139788,51.6125448],[3.1397285,51.6125881],[3.1396509,51.6126348],[3.1395844,51.6126951],[3.1395354,51.6127249],[3.1395111,51.6127707],[3.1394637,51.6128149],[3.1394404,51.6128301],[3.1393304,51.612905],[3.1392963,51.6129318],[3.1392053,51.612995],[3.1391521,51.6130227],[3.1390481,51.6130851],[3.139008,51.6131179],[3.1389094,51.6131752],[3.1388639,51.6132149],[3.1387632,51.6132653],[3.1387198,51.6133113],[3.1386513,51.6133553],[3.1386146,51.613421],[3.1385818,51.6134453],[3.1385758,51.6134511],[3.1384394,51.6135354],[3.1384316,51.6135414],[3.1383018,51.6136255],[3.1382875,51.6136354],[3.138144,51.6137156],[3.1381433,51.6137161],[3.1381191,51.6137307],[3.1381362,51.6137156],[3.1380933,51.6136567],[3.1381386,51.6136257],[3.138143,51.6136223],[3.1382744,51.6135356],[3.1382871,51.6135258],[3.1384156,51.6134455],[3.1384313,51.6134313],[3.1385315,51.6133555],[3.1385752,51.6132678],[3.1385791,51.6132655],[3.1385792,51.613263],[3.1386971,51.6131755],[3.1387193,51.6131586],[3.1388176,51.6130854],[3.1388634,51.6130444],[3.1389354,51.6129953],[3.1390075,51.6129436],[3.1390696,51.6129053],[3.1391515,51.6128274],[3.1391692,51.6128152],[3.139179,51.6127981],[3.1392617,51.6127252],[3.1392956,51.6127009],[3.1393864,51.6126351],[3.1394397,51.6125919],[3.1395122,51.6125451],[3.1395837,51.6124675],[3.1396002,51.6124551],[3.139608,51.6124399],[3.1396841,51.612365],[3.1397277,51.6123323],[3.139805,51.612275],[3.1398718,51.6122281],[3.1399362,51.6121849],[3.1400159,51.612127],[3.1400706,51.6120948],[3.14016,51.6120217],[3.1401902,51.6120048],[3.1403041,51.6119204],[3.1403108,51.6119147],[3.1403414,51.6118914],[3.1404343,51.6118247],[3.1404482,51.6118149],[3.1405471,51.6117346],[3.1405923,51.6116991],[3.1406583,51.6116446],[3.1407364,51.6115885],[3.1407917,51.6115545],[3.1408805,51.6114867],[3.1409166,51.6114644],[3.141003,51.6113878],[3.1410193,51.6113744],[3.1410245,51.6113703],[3.1411233,51.6112843],[3.1411686,51.6112504],[3.1412645,51.6111943],[3.1413127,51.611158],[3.1414308,51.6111041],[3.1414568,51.6110689],[3.1415005,51.6110141],[3.1415293,51.6109688],[3.1415811,51.6109241],[3.1416008,51.6109069],[3.1416927,51.6108341],[3.1417448,51.6107785],[3.1417981,51.610744],[3.1418336,51.6106885],[3.1418712,51.610654],[3.1418888,51.6106387],[3.1419874,51.610564],[3.1420328,51.6105211],[3.142101,51.6104739],[3.1421524,51.6103991],[3.1421668,51.6103839],[3.1421768,51.6103759],[3.1422698,51.6102939],[3.1423207,51.6102312],[3.1423597,51.6102039],[3.1423707,51.6101726],[3.1424236,51.6101139],[3.1424646,51.6100728],[3.1425249,51.6100238],[3.1425981,51.6099404],[3.1426049,51.6099338],[3.1426086,51.6099304],[3.1426962,51.6098438],[3.1427526,51.6097906],[3.1428108,51.6097537],[3.1428966,51.6096655],[3.1428994,51.6096637],[3.1428994,51.609662],[3.1429764,51.6095737],[3.1430406,51.6095206],[3.1431032,51.6094836],[3.1431468,51.6094172],[3.1431682,51.6093936],[3.1431845,51.6093789],[3.1432669,51.6093036],[3.1433285,51.6092492],[3.1433871,51.6092135],[3.143444,51.6091414],[3.1434622,51.6091235],[3.1434725,51.6091149],[3.1435626,51.6090335],[3.1436165,51.608981],[3.1436774,51.6089434],[3.1437516,51.608859],[3.1437577,51.6088534],[3.1437605,51.6088511],[3.1438628,51.6087634],[3.1439045,51.6087168],[3.1439721,51.6086733],[3.1439999,51.6086137],[3.1440279,51.6085833],[3.1440484,51.6085653],[3.1441521,51.6084933],[3.1441925,51.6084428],[3.1442618,51.6084032],[3.1442493,51.6083677],[3.1442985,51.6083133],[3.1443363,51.6082601],[3.1444044,51.6082232],[3.1444242,51.6081683],[3.1444633,51.6081332],[3.1444802,51.6081171],[3.144591,51.6080432],[3.1446086,51.6079629],[3.144615,51.6079532],[3.1446241,51.607945],[3.1447393,51.6078631],[3.1447681,51.6078043],[3.1448217,51.6077731],[3.1448196,51.6077409],[3.1448843,51.6076831],[3.1449119,51.6076359],[3.1449729,51.6075931],[3.1449747,51.6075539],[3.1450296,51.6075031],[3.1450558,51.607468],[3.145145,51.6074131],[3.1451571,51.6073497],[3.1451815,51.6073231],[3.1451997,51.6073038]]},"properties":{"rawObjectClass":"DEPCNT","VALDCO":10,"depthDatum":"Approximate LAT","depthDatumCode":42,"depthDatumStatus":"VERIFIED_FROM_OFFICIAL_DOCUMENTATION","verticalDatum":"Local Datum","verticalDatumCode":24,"napIdentityStatus":"UNVERIFIED","sourceKind":"official","sourceCellId":"1R7588LI","sourceStableId":"1F2B69F1AB1B75E3","sourceChecksum":"fcefec7e07170c4b859138c34376143c7aa4e9f8e653fc723d6bbe65dbf3c0a2","pipelineFeatureId":"1R7588LI/DEPCNT/1271588187","provenance":{"cellId":"1R7588LI","checksum":"fcefec7e07170c4b859138c34376143c7aa4e9f8e653fc723d6bbe65dbf3c0a2","readerVersion":"GDAL 3.2.2","processedAt":"2026-08-11T18:29:20.995Z"},"sourceProperties":{"RCID":1271588187,"PRIM":2,"GRUP":2,"OBJL":43,"RVER":1,"AGEN":7979,"FIDN":1777445659,"FIDS":30179,"LNAM":"1F2B69F1AB1B75E3","VALDCO":10,"SCAMIN":300000,"sourceCellId":"1R7588LI","sourceChecksum":"fcefec7e07170c4b859138c34376143c7aa4e9f8e653fc723d6bbe65dbf3c0a2","rawObjectClass":"DEPCNT","sourceStableId":"1F2B69F1AB1B75E3"}}},{"type":"Feature","geometry":{"type":"LineString","coordinates":[[3.1464358,51.6118173],[3.1465136,51.6117376],[3.1465413,51.6117273],[3.1465445,51.611708],[3.1466147,51.6116373],[3.1466575,51.611589],[3.1467153,51.6115472],[3.1467818,51.6114695],[3.1467948,51.6114572],[3.1468015,51.6114497],[3.1468605,51.6113672],[3.1469454,51.6112896],[3.1469576,51.6112772],[3.1469772,51.6112573],[3.1470435,51.6111872],[3.1470894,51.6111444],[3.1471301,51.6110971],[3.1471877,51.6110356],[3.1472086,51.6110071],[3.1472333,51.6109827],[3.1472848,51.6109171],[3.1473772,51.6108345],[3.1473904,51.6108271],[3.147393,51.6108172],[3.1474544,51.6107371],[3.1475211,51.6106673],[3.1475539,51.610647],[3.1475758,51.6106128],[3.1476244,51.610557],[3.1476649,51.6104908],[3.1476916,51.610467],[3.1476916,51.6104503],[3.1477473,51.610377],[3.1477879,51.6103],[3.1477922,51.6102871],[3.1478086,51.6102616],[3.1478626,51.6101971],[3.1478573,51.6101666],[3.1478851,51.6101071],[3.1479499,51.6100186],[3.1479507,51.6100171],[3.1479522,51.6100147],[3.1480114,51.6099271],[3.1480135,51.6098887],[3.1480291,51.6098372],[3.1480582,51.6097706],[3.1480672,51.6097472],[3.1480956,51.6097068],[3.1481459,51.6096572],[3.1481501,51.6096231],[3.1481853,51.6095672],[3.1482393,51.6094821],[3.1482479,51.6094772],[3.1482479,51.6094719],[3.1483075,51.6093873],[3.148324,51.6093342],[3.1483552,51.6092973],[3.148383,51.6092638],[3.1485023,51.6092072],[3.148527,51.6091359],[3.1485422,51.6091978],[3.1485377,51.6092071],[3.1485406,51.6092889],[3.148536,51.6092971],[3.1485276,51.6093164],[3.1484545,51.6093871],[3.1484547,51.6094327],[3.1484242,51.609477],[3.1484244,51.6095417],[3.1484154,51.6095669],[3.1483842,51.6096224],[3.1483371,51.609657],[3.1483413,51.6096838],[3.1482967,51.6097469],[3.1482931,51.609804],[3.1482799,51.6098369],[3.1482407,51.6099044],[3.1482076,51.6099269],[3.1482059,51.6099486],[3.1481513,51.6100169],[3.148153,51.6100718],[3.148143,51.6101068],[3.1480971,51.6101746],[3.1480591,51.6101968],[3.1480592,51.6102205],[3.1480129,51.6102868],[3.1480105,51.6103411],[3.1479898,51.6103767],[3.1479536,51.6104481],[3.1479266,51.6104667],[3.1479285,51.6104824],[3.1478682,51.6105567],[3.1478604,51.6106151],[3.1478459,51.6106467],[3.14781,51.610699],[3.1477696,51.6107367],[3.1477508,51.6107737],[3.1477089,51.6108267],[3.1476662,51.6108925],[3.1476446,51.6109167],[3.147631,51.6109387],[3.1475767,51.6110067],[3.1475223,51.611063],[3.1474904,51.6110967],[3.1474357,51.6111867],[3.1473786,51.6112557],[3.1473602,51.6112767],[3.1472781,51.6113667],[3.1472347,51.6114191],[3.1472066,51.6114567],[3.1471713,51.6114964],[3.1471325,51.6115467],[3.1470908,51.61159],[3.1470233,51.6116368],[3.1469682,51.6117134],[3.1469469,51.6117366],[3.1468585,51.6118168],[3.146803,51.6119031],[3.1468008,51.6119054],[3.1468014,51.6119068],[3.1467978,51.61191],[3.146708,51.6119968],[3.1466591,51.6120579],[3.1466394,51.6120868],[3.1466043,51.6121211],[3.1465544,51.6121768],[3.1465152,51.6122249],[3.1464874,51.6122668],[3.1464031,51.6123369],[3.1463823,51.6123569],[3.1463712,51.6123696],[3.1463258,51.6124469],[3.1462526,51.6125211],[3.1462383,51.6125369],[3.1462274,51.612551],[3.1461753,51.6126269],[3.1460835,51.6127153],[3.1460809,51.6127169],[3.1460782,51.6127202],[3.14599,51.612807],[3.1459395,51.6128594],[3.1458662,51.612897],[3.1457955,51.6129721],[3.1457428,51.6129871],[3.1457518,51.6130143],[3.1456732,51.6130771],[3.1456514,51.6130966],[3.1455866,51.6131671],[3.1455075,51.6132346],[3.1454669,51.6132572],[3.1453634,51.6133446],[3.1453585,51.6133472],[3.1453332,51.6133661],[3.1452282,51.6134373],[3.1452193,51.6134443],[3.1451321,51.6134918],[3.1450751,51.6135196],[3.1449713,51.6134631],[3.1450535,51.6135274],[3.1450281,51.6135568],[3.1449442,51.6136175],[3.144931,51.6136259],[3.1447972,51.6137011],[3.1447868,51.6137002],[3.144684,51.6136818],[3.1447672,51.6136177],[3.1447865,51.6135955],[3.144857,51.6135277],[3.1449207,51.6134437],[3.1449284,51.6134377],[3.1449304,51.6134363],[3.1450422,51.6133476],[3.1450745,51.6133251],[3.1451694,51.6132575],[3.1452185,51.6132107],[3.1452789,51.6131675],[3.1453625,51.6130832],[3.14537,51.6130775],[3.1453809,51.613066],[3.1454635,51.6129874],[3.1455065,51.6129526],[3.1455922,51.6128974],[3.1456383,51.612815],[3.1456439,51.6128074],[3.1456505,51.6128003],[3.1456985,51.6127174],[3.1457742,51.61264],[3.1457827,51.6126274],[3.1457943,51.6126136],[3.1458539,51.6125374],[3.1459382,51.6124529],[3.1459436,51.6124473],[3.1459458,51.6124426],[3.145991,51.6123574],[3.146065,51.612278],[3.1460728,51.6122674],[3.146082,51.6122577],[3.1461363,51.6121774],[3.1462259,51.6120918],[3.1462305,51.6120873],[3.1462349,51.6120817],[3.1462989,51.6119973],[3.1463697,51.6119096],[3.1463714,51.6119073],[3.146373,51.6119053],[3.1464358,51.6118173]]},"properties":{"rawObjectClass":"DEPCNT","VALDCO":10,"depthDatum":"Approximate LAT","depthDatumCode":42,"depthDatumStatus":"VERIFIED_FROM_OFFICIAL_DOCUMENTATION","verticalDatum":"Local Datum","verticalDatumCode":24,"napIdentityStatus":"UNVERIFIED","sourceKind":"official","sourceCellId":"1R7588LI","sourceStableId":"1F2B69F1AB1B75E4","sourceChecksum":"fcefec7e07170c4b859138c34376143c7aa4e9f8e653fc723d6bbe65dbf3c0a2","pipelineFeatureId":"1R7588LI/DEPCNT/1271588188","provenance":{"cellId":"1R7588LI","checksum":"fcefec7e07170c4b859138c34376143c7aa4e9f8e653fc723d6bbe65dbf3c0a2","readerVersion":"GDAL 3.2.2","processedAt":"2026-08-11T18:29:20.995Z"},"sourceProperties":{"RCID":1271588188,"PRIM":2,"GRUP":2,"OBJL":43,"RVER":1,"AGEN":7979,"FIDN":1777445659,"FIDS":30180,"LNAM":"1F2B69F1AB1B75E4","VALDCO":10,"SCAMIN":300000,"sourceCellId":"1R7588LI","sourceChecksum":"fcefec7e07170c4b859138c34376143c7aa4e9f8e653fc723d6bbe65dbf3c0a2","rawObjectClass":"DEPCNT","sourceStableId":"1F2B69F1AB1B75E4"}}},{"type":"Feature","geometry":{"type":"LineString","coordinates":[[3.2786419,51.6193108],[3.2787022,51.6193992],[3.2787011,51.6194005],[3.2787043,51.6194029],[3.2787937,51.6194902],[3.2788495,51.6195289],[3.2789321,51.6195798],[3.2789946,51.6196245],[3.2790654,51.6196694],[3.2791396,51.6197224],[3.2791989,51.619759],[3.2792847,51.6198235],[3.2793151,51.6198486],[3.2794298,51.6199309],[3.2794392,51.6199383],[3.2794919,51.6199766],[3.2794595,51.6200281],[3.2795751,51.6200644],[3.2796159,51.6200924],[3.2795871,51.6201177],[3.2796184,51.6201443],[3.2795757,51.6201705],[3.2795163,51.6202078],[3.2794316,51.6202333],[3.2793279,51.6202336],[3.2792872,51.6202306],[3.2792603,51.6202084],[3.2792417,51.6201804],[3.2792598,51.6201185],[3.2792559,51.6200996],[3.2792301,51.6200287],[3.279141,51.6199521],[3.2791279,51.619939],[3.2790705,51.6198955],[3.2791408,51.619922],[3.2791954,51.6199388],[3.2792856,51.6199664],[3.2793586,51.6199385],[3.2792852,51.6199155],[3.2792088,51.6198489],[3.2791402,51.6198188],[3.279012,51.6198393],[3.2789959,51.6198432],[3.2788805,51.6197598],[3.2788508,51.6197382],[3.2787541,51.6196701],[3.2787058,51.6196362],[3.2786291,51.6195805],[3.2785607,51.6195311],[3.2785035,51.6194909],[3.2784157,51.6194436],[3.2782709,51.6194015],[3.278001,51.6193244],[3.2779816,51.6193193],[3.2779629,51.6193124],[3.2778369,51.6192728],[3.2777114,51.619223],[3.2776921,51.6192162],[3.277679,51.619215],[3.2775476,51.6192097],[3.2774702,51.6191756],[3.2774028,51.6191473],[3.277323,51.619134],[3.2772581,51.6191177],[3.2772343,51.6191194],[3.2771134,51.6190743],[3.2770473,51.6190448],[3.2769685,51.6189931],[3.2768887,51.6189552],[3.2768235,51.6189016],[3.2767316,51.6188657],[3.2767288,51.6188345],[3.2767824,51.6187757],[3.2768225,51.6187363],[3.2768865,51.6187254],[3.276967,51.6187435],[3.2771072,51.618685],[3.2771102,51.6186844],[3.2771111,51.6186846],[3.277112,51.618685],[3.2771152,51.6186875],[3.2771111,51.6186945],[3.2770687,51.618775],[3.2770714,51.6188001],[3.2771117,51.6187867],[3.2771357,51.6187897],[3.2772563,51.6188144],[3.2773337,51.6188225],[3.2774009,51.6188447],[3.2774635,51.618864],[3.2774629,51.6189023],[3.2775005,51.6189538],[3.2775462,51.6189877],[3.2776449,51.6189819],[3.2776906,51.6189781],[3.2778056,51.619043],[3.2778356,51.6190663],[3.2779574,51.6190426],[3.2778949,51.6190056],[3.2779306,51.6189528],[3.2778345,51.618887],[3.277809,51.6188631],[3.2778343,51.6188544],[3.2778508,51.618863],[3.2779793,51.6189389],[3.2780081,51.6189526],[3.2781242,51.6190208],[3.278173,51.6190421],[3.278328,51.6191317],[3.2784141,51.6191811],[3.2784879,51.6192212],[3.278559,51.6192622],[3.2786419,51.6193108]]},"properties":{"rawObjectClass":"DEPCNT","VALDCO":10,"depthDatum":"Approximate LAT","depthDatumCode":42,"depthDatumStatus":"VERIFIED_FROM_OFFICIAL_DOCUMENTATION","verticalDatum":"Local Datum","verticalDatumCode":24,"napIdentityStatus":"UNVERIFIED","sourceKind":"official","sourceCellId":"1R7588LI","sourceStableId":"1F2B69F1AB1B75E5","sourceChecksum":"fcefec7e07170c4b859138c34376143c7aa4e9f8e653fc723d6bbe65dbf3c0a2","pipelineFeatureId":"1R7588LI/DEPCNT/1271588189","provenance":{"cellId":"1R7588LI","checksum":"fcefec7e07170c4b859138c34376143c7aa4e9f8e653fc723d6bbe65dbf3c0a2","readerVersion":"GDAL 3.2.2","processedAt":"2026-08-11T18:29:20.995Z"},"sourceProperties":{"RCID":1271588189,"PRIM":2,"GRUP":2,"OBJL":43,"RVER":1,"AGEN":7979,"FIDN":1777445659,"FIDS":30181,"LNAM":"1F2B69F1AB1B75E5","VALDCO":10,"SCAMIN":300000,"sourceCellId":"1R7588LI","sourceChecksum":"fcefec7e07170c4b859138c34376143c7aa4e9f8e653fc723d6bbe65dbf3c0a2","rawObjectClass":"DEPCNT","sourceStableId":"1F2B69F1AB1B75E5"}}},{"type":"Feature","geometry":{"type":"LineString","coordinates":[[3.14737,51.6073178],[3.1473678,51.6073204],[3.1473658,51.6073233],[3.1472481,51.6074104],[3.147246,51.6074854],[3.1472327,51.6075004],[3.147222,51.6075097],[3.1470825,51.6075905],[3.1470779,51.6076024],[3.1469357,51.6076806],[3.1469338,51.6076871],[3.1469285,51.6076839],[3.1469334,51.6076806],[3.1469338,51.6076797],[3.1470636,51.6075905],[3.1470315,51.6075294],[3.1470631,51.6075006],[3.1470775,51.6074814],[3.1471932,51.6074105],[3.1472132,51.6073257],[3.1472185,51.6073206],[3.1472214,51.6073174],[3.1472872,51.6072794],[3.1473657,51.6072898],[3.14737,51.6073178]]},"properties":{"rawObjectClass":"DEPCNT","VALDCO":10,"depthDatum":"Approximate LAT","depthDatumCode":42,"depthDatumStatus":"VERIFIED_FROM_OFFICIAL_DOCUMENTATION","verticalDatum":"Local Datum","verticalDatumCode":24,"napIdentityStatus":"UNVERIFIED","sourceKind":"official","sourceCellId":"1R7588LI","sourceStableId":"1F2B69F1AB1B75E6","sourceChecksum":"fcefec7e07170c4b859138c34376143c7aa4e9f8e653fc723d6bbe65dbf3c0a2","pipelineFeatureId":"1R7588LI/DEPCNT/1271588190","provenance":{"cellId":"1R7588LI","checksum":"fcefec7e07170c4b859138c34376143c7aa4e9f8e653fc723d6bbe65dbf3c0a2","readerVersion":"GDAL 3.2.2","processedAt":"2026-08-11T18:29:20.995Z"},"sourceProperties":{"RCID":1271588190,"PRIM":2,"GRUP":2,"OBJL":43,"RVER":1,"AGEN":7979,"FIDN":1777445659,"FIDS":30182,"LNAM":"1F2B69F1AB1B75E6","VALDCO":10,"SCAMIN":300000,"sourceCellId":"1R7588LI","sourceChecksum":"fcefec7e07170c4b859138c34376143c7aa4e9f8e653fc723d6bbe65dbf3c0a2","rawObjectClass":"DEPCNT","sourceStableId":"1F2B69F1AB1B75E6"}}},{"type":"Feature","geometry":{"type":"LineString","coordinates":[[3.305561,51.5782421],[3.3055539,51.5782238],[3.3055456,51.5781522],[3.3055342,51.5781221],[3.3055588,51.5780622],[3.3055819,51.5780134],[3.3056129,51.5779722],[3.3057257,51.5779386],[3.3058424,51.5778817],[3.3058695,51.5778578],[3.3060106,51.5777913],[3.3060133,51.5777898],[3.3060159,51.5777897],[3.3061576,51.5777791],[3.3062148,51.577755],[3.3063015,51.5777237],[3.3064059,51.5777004],[3.3064456,51.5776938],[3.3065877,51.5776985],[3.30659,51.5776987],[3.3066001,51.5776999],[3.3067344,51.577714],[3.3068672,51.5777816],[3.3068792,51.577787],[3.3068814,51.577789],[3.3068792,51.5777941],[3.3068389,51.5778791],[3.3068289,51.5779109],[3.3068071,51.5779691],[3.3067839,51.5780295],[3.3067711,51.5780591],[3.3067401,51.5781474],[3.3067396,51.5781491],[3.3067373,51.5781547],[3.3066687,51.5782392],[3.306601,51.578325],[3.3065969,51.5783293],[3.3065942,51.5783329],[3.3065395,51.5784193],[3.306451,51.5784953],[3.3064372,51.5785095],[3.3064011,51.5785409],[3.3063409,51.5785997],[3.3063077,51.5786414],[3.3062293,51.5786899],[3.3061638,51.5787103],[3.3060336,51.5786993],[3.3060194,51.5786949],[3.3060103,51.5786848],[3.3059546,51.5786007],[3.3059036,51.5785294],[3.305891,51.578511],[3.3058738,51.5784996],[3.3057772,51.5784213],[3.3057288,51.5784031],[3.3056014,51.5783319],[3.3055838,51.5782917],[3.305561,51.5782421]]},"properties":{"rawObjectClass":"DEPCNT","VALDCO":10,"depthDatum":"Approximate LAT","depthDatumCode":42,"depthDatumStatus":"VERIFIED_FROM_OFFICIAL_DOCUMENTATION","verticalDatum":"Local Datum","verticalDatumCode":24,"napIdentityStatus":"UNVERIFIED","sourceKind":"official","sourceCellId":"1R7588LI","sourceStableId":"1F2B69F1AB1B75E7","sourceChecksum":"fcefec7e07170c4b859138c34376143c7aa4e9f8e653fc723d6bbe65dbf3c0a2","pipelineFeatureId":"1R7588LI/DEPCNT/1271588191","provenance":{"cellId":"1R7588LI","checksum":"fcefec7e07170c4b859138c34376143c7aa4e9f8e653fc723d6bbe65dbf3c0a2","readerVersion":"GDAL 3.2.2","processedAt":"2026-08-11T18:29:20.995Z"},"sourceProperties":{"RCID":1271588191,"PRIM":2,"GRUP":2,"OBJL":43,"RVER":1,"AGEN":7979,"FIDN":1777445659,"FIDS":30183,"LNAM":"1F2B69F1AB1B75E7","VALDCO":10,"SCAMIN":300000,"sourceCellId":"1R7588LI","sourceChecksum":"fcefec7e07170c4b859138c34376143c7aa4e9f8e653fc723d6bbe65dbf3c0a2","rawObjectClass":"DEPCNT","sourceStableId":"1F2B69F1AB1B75E7"}}},{"type":"Feature","geometry":{"type":"LineString","coordinates":[[3.1471062,51.6131652],[3.1470961,51.6132432],[3.1470575,51.6132552],[3.1469518,51.6132817],[3.1469377,51.6132641],[3.1469489,51.6132553],[3.1469517,51.6132514],[3.1470818,51.6131653],[3.1470714,51.6130904],[3.1470862,51.6130753],[3.1470956,51.6130657],[3.1472181,51.6129853],[3.1472091,51.6129143],[3.1472189,51.6128953],[3.1472394,51.61288],[3.1473574,51.6128052],[3.1473835,51.6127748],[3.1474991,51.6127152],[3.1475084,51.6126371],[3.1475198,51.6126252],[3.1475274,51.6126183],[3.1476651,51.6125351],[3.1476714,51.6125018],[3.1477133,51.612509],[3.1476825,51.6125351],[3.1476934,51.6126115],[3.1476809,51.612625],[3.1476719,51.6126338],[3.1475461,51.6127151],[3.1475508,51.6127908],[3.1475416,51.612805],[3.147528,51.6128178],[3.1474109,51.6128951],[3.147384,51.6129227],[3.1472744,51.6129852],[3.1472654,51.6130592],[3.1472515,51.6130751],[3.1472401,51.6130864],[3.1471062,51.6131652]]},"properties":{"rawObjectClass":"DEPCNT","VALDCO":10,"depthDatum":"Approximate LAT","depthDatumCode":42,"depthDatumStatus":"VERIFIED_FROM_OFFICIAL_DOCUMENTATION","verticalDatum":"Local Datum","verticalDatumCode":24,"napIdentityStatus":"UNVERIFIED","sourceKind":"official","sourceCellId":"1R7588LI","sourceStableId":"1F2B69F1AB1B75E8","sourceChecksum":"fcefec7e07170c4b859138c34376143c7aa4e9f8e653fc723d6bbe65dbf3c0a2","pipelineFeatureId":"1R7588LI/DEPCNT/1271588192","provenance":{"cellId":"1R7588LI","checksum":"fcefec7e07170c4b859138c34376143c7aa4e9f8e653fc723d6bbe65dbf3c0a2","readerVersion":"GDAL 3.2.2","processedAt":"2026-08-11T18:29:20.995Z"},"sourceProperties":{"RCID":1271588192,"PRIM":2,"GRUP":2,"OBJL":43,"RVER":1,"AGEN":7979,"FIDN":1777445659,"FIDS":30184,"LNAM":"1F2B69F1AB1B75E8","VALDCO":10,"SCAMIN":300000,"sourceCellId":"1R7588LI","sourceChecksum":"fcefec7e07170c4b859138c34376143c7aa4e9f8e653fc723d6bbe65dbf3c0a2","rawObjectClass":"DEPCNT","sourceStableId":"1F2B69F1AB1B75E8"}}},{"type":"Feature","geometry":{"type":"LineString","coordinates":[[3.1479595,51.6122766],[3.1478794,51.6123151],[3.1478793,51.6122651],[3.1478942,51.6122157],[3.1479518,51.6121751],[3.1479591,51.6121532],[3.1480914,51.6120925],[3.1479724,51.6121751],[3.1479786,51.6122531],[3.1479682,51.612265],[3.1479595,51.6122766]]},"properties":{"rawObjectClass":"DEPCNT","VALDCO":10,"depthDatum":"Approximate LAT","depthDatumCode":42,"depthDatumStatus":"VERIFIED_FROM_OFFICIAL_DOCUMENTATION","verticalDatum":"Local Datum","verticalDatumCode":24,"napIdentityStatus":"UNVERIFIED","sourceKind":"official","sourceCellId":"1R7588LI","sourceStableId":"1F2B69F1AB1B75E9","sourceChecksum":"fcefec7e07170c4b859138c34376143c7aa4e9f8e653fc723d6bbe65dbf3c0a2","pipelineFeatureId":"1R7588LI/DEPCNT/1271588193","provenance":{"cellId":"1R7588LI","checksum":"fcefec7e07170c4b859138c34376143c7aa4e9f8e653fc723d6bbe65dbf3c0a2","readerVersion":"GDAL 3.2.2","processedAt":"2026-08-11T18:29:20.995Z"},"sourceProperties":{"RCID":1271588193,"PRIM":2,"GRUP":2,"OBJL":43,"RVER":1,"AGEN":7979,"FIDN":1777445659,"FIDS":30185,"LNAM":"1F2B69F1AB1B75E9","VALDCO":10,"SCAMIN":300000,"sourceCellId":"1R7588LI","sourceChecksum":"fcefec7e07170c4b859138c34376143c7aa4e9f8e653fc723d6bbe65dbf3c0a2","rawObjectClass":"DEPCNT","sourceStableId":"1F2B69F1AB1B75E9"}}},{"type":"Feature","geometry":{"type":"LineString","coordinates":[[3.2824547,51.6185758],[3.2824717,51.6185823],[3.2824557,51.618672],[3.2824558,51.6186722],[3.2824553,51.6186727],[3.282323,51.6187625],[3.2823115,51.6187671],[3.2822811,51.6187626],[3.2823047,51.6186765],[3.2823099,51.6186726],[3.2823109,51.6186718],[3.2824349,51.6185824],[3.2824547,51.6185758]]},"properties":{"rawObjectClass":"DEPCNT","VALDCO":8,"depthDatum":"Approximate LAT","depthDatumCode":42,"depthDatumStatus":"VERIFIED_FROM_OFFICIAL_DOCUMENTATION","verticalDatum":"Local Datum","verticalDatumCode":24,"napIdentityStatus":"UNVERIFIED","sourceKind":"official","sourceCellId":"1R7588LI","sourceStableId":"1F2B69F1AB1B75EA","sourceChecksum":"fcefec7e07170c4b859138c34376143c7aa4e9f8e653fc723d6bbe65dbf3c0a2","pipelineFeatureId":"1R7588LI/DEPCNT/1271588194","provenance":{"cellId":"1R7588LI","checksum":"fcefec7e07170c4b859138c34376143c7aa4e9f8e653fc723d6bbe65dbf3c0a2","readerVersion":"GDAL 3.2.2","processedAt":"2026-08-11T18:29:20.995Z"},"sourceProperties":{"RCID":1271588194,"PRIM":2,"GRUP":2,"OBJL":43,"RVER":1,"AGEN":7979,"FIDN":1777445659,"FIDS":30186,"LNAM":"1F2B69F1AB1B75EA","VALDCO":8,"SCAMIN":300000,"sourceCellId":"1R7588LI","sourceChecksum":"fcefec7e07170c4b859138c34376143c7aa4e9f8e653fc723d6bbe65dbf3c0a2","rawObjectClass":"DEPCNT","sourceStableId":"1F2B69F1AB1B75EA"}}},{"type":"Feature","geometry":{"type":"LineString","coordinates":[[3.280215,51.6189473],[3.2802902,51.6189174],[3.2803849,51.6188879],[3.2803983,51.6189469],[3.2804351,51.6189882],[3.2805083,51.6190366],[3.2804359,51.6191167],[3.2804271,51.6191212],[3.2802912,51.6190785],[3.2801998,51.6190373],[3.2801908,51.6190096],[3.280215,51.6189473]]},"properties":{"rawObjectClass":"DEPCNT","VALDCO":8,"depthDatum":"Approximate LAT","depthDatumCode":42,"depthDatumStatus":"VERIFIED_FROM_OFFICIAL_DOCUMENTATION","verticalDatum":"Local Datum","verticalDatumCode":24,"napIdentityStatus":"UNVERIFIED","sourceKind":"official","sourceCellId":"1R7588LI","sourceStableId":"1F2B69F1AB1B75EB","sourceChecksum":"fcefec7e07170c4b859138c34376143c7aa4e9f8e653fc723d6bbe65dbf3c0a2","pipelineFeatureId":"1R7588LI/DEPCNT/1271588195","provenance":{"cellId":"1R7588LI","checksum":"fcefec7e07170c4b859138c34376143c7aa4e9f8e653fc723d6bbe65dbf3c0a2","readerVersion":"GDAL 3.2.2","processedAt":"2026-08-11T18:29:20.995Z"},"sourceProperties":{"RCID":1271588195,"PRIM":2,"GRUP":2,"OBJL":43,"RVER":1,"AGEN":7979,"FIDN":1777445659,"FIDS":30187,"LNAM":"1F2B69F1AB1B75EB","VALDCO":8,"SCAMIN":300000,"sourceCellId":"1R7588LI","sourceChecksum":"fcefec7e07170c4b859138c34376143c7aa4e9f8e653fc723d6bbe65dbf3c0a2","rawObjectClass":"DEPCNT","sourceStableId":"1F2B69F1AB1B75EB"}}},{"type":"Feature","geometry":{"type":"LineString","coordinates":[[3.2056372,51.625],[3.2056377,51.6249462],[3.2056408,51.6249428],[3.2056813,51.6249461],[3.2056905,51.625]]},"properties":{"rawObjectClass":"DEPCNT","VALDCO":20,"depthDatum":"Approximate LAT","depthDatumCode":42,"depthDatumStatus":"VERIFIED_FROM_OFFICIAL_DOCUMENTATION","verticalDatum":"Local Datum","verticalDatumCode":24,"napIdentityStatus":"UNVERIFIED","sourceKind":"official","sourceCellId":"1R7588LI","sourceStableId":"1F2B69F1AB1B75EC","sourceChecksum":"fcefec7e07170c4b859138c34376143c7aa4e9f8e653fc723d6bbe65dbf3c0a2","pipelineFeatureId":"1R7588LI/DEPCNT/1271588197","provenance":{"cellId":"1R7588LI","checksum":"fcefec7e07170c4b859138c34376143c7aa4e9f8e653fc723d6bbe65dbf3c0a2","readerVersion":"GDAL 3.2.2","processedAt":"2026-08-11T18:29:20.995Z"},"sourceProperties":{"RCID":1271588197,"PRIM":2,"GRUP":2,"OBJL":43,"RVER":1,"AGEN":7979,"FIDN":1777445659,"FIDS":30188,"LNAM":"1F2B69F1AB1B75EC","VALDCO":20,"SCAMIN":50000,"sourceCellId":"1R7588LI","sourceChecksum":"fcefec7e07170c4b859138c34376143c7aa4e9f8e653fc723d6bbe65dbf3c0a2","rawObjectClass":"DEPCNT","sourceStableId":"1F2B69F1AB1B75EC"}}},{"type":"Feature","geometry":{"type":"LineString","coordinates":[[3.2056999,51.625],[3.2057853,51.6249535],[3.2057974,51.6249459],[3.2057974,51.6249383],[3.2058634,51.6248558],[3.2058813,51.6247956],[3.2058925,51.6247659],[3.2059287,51.6247226],[3.2059983,51.6247224],[3.2060731,51.6246963],[3.2061206,51.6246756],[3.2060729,51.6246527],[3.2059983,51.6245859],[3.2059279,51.6245479],[3.205862,51.6244962],[3.205783,51.6244343],[3.2057523,51.6244065],[3.2057521,51.6243874],[3.2057519,51.6243165],[3.2056123,51.6242112],[3.2055205,51.6241371],[3.2054926,51.6241209],[3.2054631,51.6241189],[3.205348,51.6240775],[3.2052866,51.6240476],[3.2052163,51.6239661],[3.2052318,51.6239578],[3.2053248,51.6238816],[3.2053433,51.6238677],[3.2053438,51.6238657],[3.2053085,51.6237778],[3.2053427,51.62369],[3.2053424,51.6236879],[3.2053462,51.6236853],[3.2053543,51.6236828],[3.2054904,51.6236197],[3.205573,51.6235975],[3.2056346,51.6235788],[3.2056769,51.623571],[3.2057789,51.623545],[3.2058891,51.6235284],[3.2059233,51.6235212],[3.2060412,51.6235068],[3.2059231,51.6234842],[3.2058174,51.6234415],[3.2057784,51.6234296],[3.2057574,51.6234174],[3.2057783,51.6234095],[3.2058291,51.6233856],[3.2059225,51.623344],[3.2059608,51.6233271],[3.2059223,51.6233117],[3.2058499,51.6232823],[3.2057776,51.623251],[3.2057312,51.6232376],[3.2057773,51.6231866],[3.205849,51.6231475],[3.2059215,51.6231353],[3.2059529,51.6231278],[3.2060659,51.6231136],[3.2061856,51.6230722],[3.2062101,51.6230637],[3.2062301,51.6230569],[3.2063544,51.623018],[3.2064461,51.6229994],[3.2064987,51.6229868],[3.2066109,51.6229663],[3.2066179,51.6229507],[3.2065578,51.6228765],[3.2066424,51.6228289],[3.2067401,51.6227862],[3.2067866,51.622777],[3.2068046,51.6227749],[3.206931,51.6227632],[3.2069789,51.622756],[3.2071639,51.6227304],[3.2072198,51.6227235],[3.2073579,51.6226952],[3.2073641,51.6226927],[3.2074461,51.6226052],[3.2074601,51.6225449],[3.2074694,51.6225152],[3.2075076,51.6224793],[3.2075975,51.6224251],[3.2076516,51.6223841],[3.2077452,51.6223349],[3.2077957,51.6223169],[3.2078407,51.6223067],[3.20794,51.6222845],[3.2080289,51.6222445],[3.208084,51.6221915],[3.2081178,51.6221544],[3.2082279,51.6220706],[3.2082399,51.6220643],[3.2083721,51.621995],[3.2083998,51.6219741],[3.2084618,51.6219179],[3.2084999,51.621884],[3.208516,51.6218754],[3.2085587,51.6218572],[3.2086601,51.6218165],[3.2087917,51.6217935],[3.2088045,51.6217919],[3.2088087,51.6217909],[3.2089489,51.6217763],[3.2090109,51.6217545],[3.2090933,51.6217744],[3.2091101,51.621793],[3.2092381,51.6218548],[3.2092752,51.6218826],[3.2093831,51.6219639],[3.2094854,51.6218822],[3.2095271,51.6218623],[3.2096458,51.6218819],[3.2096716,51.621887],[3.2097896,51.6219716],[3.2098165,51.6219826],[3.2098355,51.6219834],[3.209961,51.6219849],[3.2100869,51.622061],[3.210106,51.6221095],[3.210202,51.6221205],[3.2102505,51.622116],[3.2103029,51.6220933],[3.2103949,51.6221144],[3.2104529,51.6221502],[3.2103952,51.6221801],[3.2103063,51.6222404],[3.210357,51.6223061],[3.2103709,51.6223302],[3.210396,51.6223496],[3.2104979,51.6224199],[3.2105409,51.6224521],[3.2106338,51.6225096],[3.2106395,51.6225705],[3.2106428,51.6225995],[3.2106862,51.6226249],[3.2108245,51.6226891],[3.210831,51.6226935],[3.2108504,51.6227011],[3.2108566,51.622689],[3.2108689,51.6226653],[3.2109194,51.622599],[3.2109312,51.6225718],[3.2108804,51.6225091],[3.2109744,51.6224742],[3.2110575,51.6224189],[3.2111185,51.6223864],[3.2112571,51.6223286],[3.2112626,51.6223232],[3.2113471,51.6223285],[3.2114071,51.6223401],[3.21141,51.6223284],[3.211469,51.6222896],[3.211543,51.6222382],[3.2115511,51.622229],[3.2115882,51.622215],[3.2116952,51.622158],[3.2117069,51.622148],[3.2117989,51.6220831],[3.2118256,51.6220579],[3.2118391,51.6220407],[3.2118512,51.6219679],[3.2118385,51.621914],[3.2117998,51.6219021],[3.2118205,51.621878],[3.2118304,51.6217928],[3.2118344,51.6217881],[3.2118377,51.6217315],[3.2118409,51.6216982],[3.2118424,51.6216951],[3.2119111,51.6216081],[3.2119721,51.6215238],[3.2119759,51.6215181],[3.2119808,51.6214505],[3.2119868,51.6214282],[3.212125,51.621394],[3.2122482,51.6213378],[3.2122691,51.6213274],[3.2122836,51.6213287],[3.2124134,51.6212855],[3.2125319,51.6212634],[3.2125577,51.6212647],[3.2125815,51.6212473],[3.2126094,51.6212149],[3.2126576,51.6211572],[3.2127014,51.6211],[3.2127328,51.6210671],[3.2127534,51.6210346],[3.2128042,51.6209771],[3.2128333,51.6208944],[3.212837,51.6208871],[3.2128447,51.6208494],[3.2128591,51.6207972],[3.2129885,51.6207079],[3.2129895,51.620707],[3.2131326,51.6206445],[3.2131643,51.6206168],[3.213179,51.6205877],[3.2132005,51.6205268],[3.2132226,51.6204702],[3.2132412,51.6204368],[3.2131313,51.6203578],[3.2131065,51.6203471],[3.2131311,51.6203222],[3.2132604,51.6202569],[3.2132752,51.6202513],[3.2133005,51.6202569],[3.2133288,51.6203136],[3.2134198,51.6202806],[3.2135282,51.6203238],[3.2135645,51.6203236],[3.2136823,51.6203295],[3.213709,51.620331],[3.2138296,51.620331],[3.2138534,51.6203321],[3.213935,51.6202557],[3.2138527,51.6201788],[3.2138413,51.620166],[3.2138111,51.6201403],[3.2137368,51.6200763],[3.2137077,51.6200582],[3.2136259,51.6199865],[3.2136279,51.619946],[3.2136413,51.6198966],[3.2137068,51.6198617],[3.2138065,51.6198963],[3.2138516,51.6199502],[3.2139211,51.619986],[3.2139964,51.6200324],[3.2140825,51.6200756],[3.2141412,51.6200999],[3.2141879,51.6201045],[3.2142859,51.620156],[3.2143001,51.6201651],[3.2142861,51.6201907],[3.2142129,51.6202552],[3.2142866,51.620293],[3.2143647,51.6203449],[3.2144314,51.6203843],[3.214509,51.6204345],[3.2145763,51.6204753],[3.2146444,51.6205242],[3.2147212,51.6205701],[3.2147825,51.6206138],[3.2148662,51.6206858],[3.2148975,51.6207035],[3.2149331,51.6207449],[3.2149756,51.6207933],[3.2150113,51.6208296],[3.2150547,51.6208831],[3.2151564,51.6209509],[3.2152242,51.6209727],[3.2152364,51.6210223],[3.2152563,51.6210625],[3.2153016,51.621129],[3.2153162,51.6211524],[3.2153307,51.6211703],[3.215302,51.6211928],[3.2152756,51.6212258],[3.2152906,51.6212423],[3.2153023,51.6212654],[3.2153598,51.6213321],[3.2153473,51.6213944],[3.2153366,51.6214221],[3.2153447,51.6214479],[3.2153411,51.621512],[3.2154482,51.6215699],[3.2155279,51.6215518],[3.2155926,51.6215538],[3.21569,51.6215113],[3.2157161,51.621434],[3.2157291,51.6214213],[3.2157364,51.6214153],[3.2157524,51.6214113],[3.2158806,51.6213819],[3.2159285,51.6213912],[3.2160251,51.6213733],[3.2161074,51.621382],[3.2161696,51.621399],[3.2162267,51.6214204],[3.2163143,51.621449],[3.2164546,51.6215072],[3.216459,51.6215078],[3.21646,51.6215099],[3.2164591,51.6215107],[3.216456,51.6215118],[3.2163149,51.6215637],[3.2162747,51.6216002],[3.2163152,51.6216284],[3.216362,51.6216292],[3.2164597,51.6216495],[3.216571,51.6215996],[3.2166039,51.6215823],[3.2166381,51.6215995],[3.2167487,51.6216556],[3.2168149,51.6216891],[3.2168935,51.6217286],[3.2169894,51.6217787],[3.2170385,51.6218565],[3.2170479,51.6218685],[3.2170562,51.6218794],[3.2170962,51.6219583],[3.2170955,51.6219934],[3.2171188,51.6220482],[3.2171502,51.6221169],[3.2171475,51.622138],[3.2171297,51.6221722],[3.2171028,51.622228],[3.2170407,51.6223164],[3.2170382,51.6223181],[3.2168967,51.6224066],[3.2168886,51.6224083],[3.2167524,51.6224389],[3.21662,51.6224987],[3.2166082,51.622505],[3.2165398,51.6225888],[3.2165045,51.6226538],[3.2164956,51.6226787],[3.2164648,51.6227183],[3.2164155,51.6227688],[3.2164051,51.6228062],[3.216375,51.6228588],[3.2163213,51.6229091],[3.216281,51.6229489],[3.2162802,51.6229746],[3.2162554,51.6230389],[3.2161808,51.6231271],[3.2161795,51.6231289],[3.2161779,51.6231335],[3.2161556,51.6232189],[3.2161519,51.6232353],[3.2161411,51.6233088],[3.2161298,51.6233394],[3.2161174,51.6233988],[3.2160981,51.6234494],[3.2160904,51.6234887],[3.2160477,51.6235711],[3.2160455,51.6235787],[3.2160356,51.6235959],[3.2160187,51.623658],[3.2160214,51.6236687],[3.216036,51.6236779],[3.216175,51.6237583],[3.2161809,51.6237737],[3.2162406,51.6238481],[3.2162549,51.6238938],[3.2162574,51.623938],[3.21628,51.623999],[3.2162966,51.6240278],[3.2163242,51.624116],[3.216325,51.6241177],[3.216327,51.6241252],[3.216369,51.6242075],[3.2163975,51.624251],[3.2164238,51.6242974],[3.2164727,51.6243674],[3.2164826,51.6243872],[3.2164894,51.6243975],[3.2165345,51.624477],[3.2165346,51.6245151],[3.2165527,51.6245669],[3.2166184,51.6246424],[3.2166412,51.6246566],[3.2166186,51.6246849],[3.2165969,51.6247466],[3.2165881,51.6247659],[3.2165594,51.6248366],[3.2165336,51.6248902],[3.2165128,51.6249266],[3.2164805,51.625]]},"properties":{"rawObjectClass":"DEPCNT","VALDCO":20,"depthDatum":"Approximate LAT","depthDatumCode":42,"depthDatumStatus":"VERIFIED_FROM_OFFICIAL_DOCUMENTATION","verticalDatum":"Local Datum","verticalDatumCode":24,"napIdentityStatus":"UNVERIFIED","sourceKind":"official","sourceCellId":"1R7588LI","sourceStableId":"1F2B69F1AB1B75ED","sourceChecksum":"fcefec7e07170c4b859138c34376143c7aa4e9f8e653fc723d6bbe65dbf3c0a2","pipelineFeatureId":"1R7588LI/DEPCNT/1271588198","provenance":{"cellId":"1R7588LI","checksum":"fcefec7e07170c4b859138c34376143c7aa4e9f8e653fc723d6bbe65dbf3c0a2","readerVersion":"GDAL 3.2.2","processedAt":"2026-08-11T18:29:20.995Z"},"sourceProperties":{"RCID":1271588198,"PRIM":2,"GRUP":2,"OBJL":43,"RVER":1,"AGEN":7979,"FIDN":1777445659,"FIDS":30189,"LNAM":"1F2B69F1AB1B75ED","VALDCO":20,"SCAMIN":50000,"sourceCellId":"1R7588LI","sourceChecksum":"fcefec7e07170c4b859138c34376143c7aa4e9f8e653fc723d6bbe65dbf3c0a2","rawObjectClass":"DEPCNT","sourceStableId":"1F2B69F1AB1B75ED"}}},{"type":"Feature","geometry":{"type":"LineString","coordinates":[[3.3333333,51.607727],[3.3332359,51.6076593],[3.3332181,51.607652],[3.3331,51.6075697],[3.3330729,51.6075479],[3.3330072,51.6075291],[3.3329283,51.6075185],[3.3328824,51.6074804],[3.3328155,51.6074109],[3.3328058,51.6073907],[3.3327829,51.607374],[3.3327507,51.6073709],[3.3326381,51.6073243],[3.3326052,51.6073014],[3.3324931,51.6072479],[3.3324396,51.6072119],[3.3323481,51.6071581],[3.3322381,51.6071226],[3.3322033,51.6071085],[3.3321656,51.6070993],[3.3320587,51.6070775],[3.3319145,51.6070336],[3.3319139,51.6070328],[3.3319129,51.607033],[3.3317693,51.6069996],[3.3317057,51.6069946],[3.3316248,51.6069886],[3.3315128,51.6069448],[3.33148,51.6069358],[3.3314475,51.6069248],[3.3313357,51.6069438],[3.3313332,51.6069438],[3.3311909,51.6069002],[3.3310963,51.6068561],[3.3310461,51.6068389],[3.3310084,51.6068329],[3.3309014,51.6068024],[3.3307701,51.6067753],[3.3307568,51.6067717],[3.3307457,51.6067671],[3.3306119,51.6067094],[3.3305333,51.6066778],[3.3304671,51.6066476],[3.3303469,51.6066037],[3.3303223,51.6065979],[3.3302854,51.6065886],[3.3301777,51.6065615],[3.3301053,51.6065441],[3.330033,51.6065202],[3.3299711,51.6064996],[3.3298882,51.6064737],[3.3298061,51.606449],[3.3297435,51.6064256],[3.3296988,51.6064104],[3.3295987,51.606374],[3.3294721,51.6063324],[3.3294539,51.6063248],[3.3294467,51.6063212],[3.3293089,51.6062439],[3.3292833,51.6062318],[3.329164,51.6061724],[3.3291044,51.6061423],[3.3290191,51.6060976],[3.3289225,51.6060529],[3.3288742,51.6060269],[3.3287392,51.6059635],[3.3287293,51.6059585],[3.3285843,51.60588],[3.3285724,51.6058741],[3.3284394,51.605815],[3.3283593,51.6057848],[3.3282946,51.6057533],[3.3282002,51.6056953],[3.3281496,51.6056699],[3.3280233,51.6056059],[3.3280047,51.6055968],[3.3279131,51.6055494],[3.3278597,51.6055228],[3.3278479,51.6055165],[3.3277148,51.6054499],[3.3276688,51.605427],[3.3275699,51.6053776],[3.3274962,51.6053376],[3.3274249,51.6053015],[3.327343,51.6052481],[3.3272798,51.6052016],[3.3272141,51.6051586],[3.3271347,51.6051027],[3.327084,51.605069],[3.3269895,51.604996],[3.3269644,51.6049794],[3.3268837,51.6049141],[3.3268519,51.6048898],[3.3268443,51.6048841],[3.3267252,51.6048003],[3.3266992,51.6047818],[3.3266055,51.6047107],[3.326554,51.6046718],[3.3264834,51.6046211],[3.326409,51.6045802],[3.3263415,51.6045316],[3.3262636,51.6044516],[3.3262511,51.6044419],[3.3261185,51.6043544],[3.3261156,51.6043524],[3.3260663,51.6043201],[3.3259841,51.6042628],[3.3259734,51.6042499],[3.3258759,51.6041732],[3.3258279,51.6040973],[3.3258132,51.6040835],[3.3258129,51.6040742],[3.3256895,51.6039939],[3.3256827,51.6039898],[3.3255509,51.6039044],[3.3254057,51.6038148],[3.3253926,51.6038062],[3.3252619,51.6037253],[3.3252476,51.6037156],[3.3251181,51.6036358],[3.3251026,51.6036254],[3.3249741,51.6035463],[3.3249575,51.6035348],[3.3248314,51.6034568],[3.3248125,51.6034439],[3.3246879,51.6033673],[3.3246674,51.6033532],[3.324545,51.6032777],[3.3245224,51.6032615],[3.3244077,51.6031882],[3.3243773,51.6031667],[3.3242531,51.6030987],[3.3242323,51.6030832],[3.3241184,51.6030092],[3.3240872,51.6029841],[3.3239827,51.6029196],[3.3239422,51.6028861],[3.3238583,51.60283],[3.3237969,51.6027689],[3.3237501,51.6027404],[3.3237041,51.6026831],[3.3236621,51.6026508],[3.3236516,51.6026432],[3.3236003,51.602619],[3.3235069,51.6025872],[3.3234311,51.6025615],[3.3233621,51.6025346],[3.3232487,51.6024916],[3.3232173,51.6024788],[3.3231981,51.6024722],[3.3230726,51.6024292],[3.3229621,51.6023829],[3.3229277,51.6023686],[3.3228755,51.6023507],[3.3227831,51.6023264],[3.3226584,51.6022939],[3.3226384,51.6022879],[3.3226238,51.6022848],[3.3224936,51.6022248],[3.322446,51.6022045],[3.3223487,51.6021605],[3.3222663,51.6021537],[3.3222043,51.6021512],[3.3221107,51.6021472],[3.3220599,51.60215],[3.3219856,51.6021159],[3.321915,51.6020862],[3.3217743,51.6020265],[3.3217702,51.6020236],[3.321766,51.602024],[3.3216255,51.6019826],[3.3215044,51.601952],[3.3214809,51.6019521],[3.3214218,51.6019376],[3.3213362,51.601903],[3.3212943,51.6019118],[3.3211916,51.6018825],[3.3210987,51.6018485],[3.3210468,51.6018195],[3.3209803,51.6018075],[3.3209022,51.6017929],[3.3208116,51.6017594],[3.3207575,51.601744],[3.320648,51.6016919],[3.3206127,51.6016917],[3.320578,51.6016701],[3.3204678,51.6016185],[3.3204261,51.6015806],[3.3203228,51.6015265],[3.3202735,51.6014911],[3.3202222,51.601429],[3.3201972,51.6014014],[3.3201774,51.6013892],[3.3200657,51.6013119],[3.3200324,51.6012912],[3.3199517,51.6012621],[3.3198876,51.6012407],[3.3198609,51.6012225],[3.3197426,51.6011488],[3.3196802,51.6011331],[3.3195977,51.6010823],[3.3195655,51.6010435],[3.3194615,51.6009595],[3.3194568,51.6009539],[3.3194524,51.6009526],[3.3194436,51.6009484],[3.3193077,51.600897],[3.3192543,51.6008645],[3.3192186,51.6008095],[3.319176,51.6007748],[3.3191624,51.600768],[3.3190505,51.6006852],[3.3190172,51.6006606],[3.3189243,51.6005957],[3.3188722,51.6005719],[3.3187781,51.6005061],[3.3187272,51.6004814],[3.3186036,51.6004167],[3.3185823,51.6004031],[3.3184836,51.6003557],[3.3184376,51.6003614],[3.3183681,51.6003274],[3.3182928,51.6003067],[3.3181819,51.600238],[3.3181661,51.6001598],[3.3181535,51.6001482],[3.3181473,51.6001442],[3.3180697,51.6001002],[3.3180025,51.6000858],[3.3179363,51.6000588],[3.3178578,51.6000353],[3.3177506,51.5999694],[3.3177129,51.5999543],[3.3176408,51.5999697],[3.3177048,51.600054],[3.3175687,51.5999829],[3.3175194,51.59997],[3.3174238,51.599909],[3.3173545,51.5998806],[3.317279,51.5998508],[3.3171403,51.5997912],[3.3171342,51.5997886],[3.3171219,51.5997836],[3.3169893,51.5997161],[3.316966,51.5997018],[3.3169195,51.5996587],[3.316874,51.5996121],[3.3168441,51.5995967],[3.3167067,51.5995273],[3.3166992,51.5995237],[3.3166978,51.5995227],[3.3165543,51.5994557],[3.3165182,51.5994333],[3.3164094,51.5993801],[3.3162657,51.5994339],[3.3162654,51.5994341],[3.3161389,51.5995242],[3.3161684,51.5995531],[3.3161217,51.599532],[3.3160991,51.5995243],[3.3159769,51.5994682],[3.3158546,51.5994489],[3.3158324,51.5994455],[3.3157865,51.5994352],[3.3156878,51.5994134],[3.3156163,51.5993913],[3.315543,51.5993582],[3.3155102,51.5993461],[3.3153982,51.5993046],[3.3152557,51.5992582],[3.3152535,51.5992584],[3.3151123,51.5992592],[3.3151092,51.5992584],[3.3151029,51.5992572],[3.3149645,51.5992252],[3.3148411,51.599168],[3.3148197,51.5991608],[3.3148038,51.5991582],[3.3146752,51.5991428],[3.3145349,51.5990817],[3.3145304,51.59908],[3.3145261,51.5990789],[3.3143859,51.5990571],[3.3143144,51.5990351],[3.3142412,51.5990174],[3.3141274,51.5989901],[3.3140966,51.5989817],[3.3140556,51.5989648],[3.3139519,51.5989324],[3.3138119,51.5989039],[3.3138073,51.5989019],[3.3138036,51.598901],[3.3138013,51.5988974],[3.3136927,51.5988114],[3.3136622,51.5987975],[3.3136236,51.5987876],[3.3135178,51.5987948],[3.3133816,51.5987278],[3.3133729,51.5987246],[3.3132864,51.5987585],[3.3132286,51.5987352],[3.3132056,51.5987228],[3.3130835,51.5986338],[3.3130823,51.5986332],[3.3130778,51.5986297],[3.3129968,51.5985435],[3.3129383,51.5985152],[3.3128638,51.598454],[3.3127933,51.5984197],[3.312691,51.5983645],[3.3126483,51.598333],[3.3125683,51.5982749],[3.3125032,51.598228],[3.3124187,51.5981854],[3.3123582,51.5981283],[3.3122778,51.5980959],[3.3122132,51.5980441],[3.3121964,51.5980062],[3.312068,51.5979263],[3.3120523,51.5979166],[3.311923,51.5978292],[3.3119198,51.5978271],[3.311778,51.5977402],[3.3117741,51.5977375],[3.3117666,51.5977305],[3.3116933,51.5976478],[3.3116327,51.5975996],[3.3115533,51.5975583],[3.311621,51.5974749],[3.3114875,51.5974788],[3.3114711,51.5974686],[3.3114873,51.5974585],[3.3116211,51.5974616],[3.3115223,51.5973786],[3.3114866,51.5973544],[3.3113973,51.597289],[3.3113416,51.5972612],[3.3112072,51.597206],[3.3112047,51.5972895],[3.3112157,51.5973008],[3.3111975,51.5973004],[3.3110762,51.5973042],[3.3110531,51.5972922],[3.3110476,51.5972899],[3.3109082,51.5972132],[3.3108792,51.5972004],[3.3107633,51.5971436],[3.3106828,51.597111],[3.3106186,51.5970899],[3.3104911,51.5970324],[3.3104738,51.5970243],[3.3104673,51.5970217],[3.310329,51.5969654],[3.3102581,51.5969323],[3.3102011,51.5968533],[3.3101963,51.5968426],[3.3101837,51.5968358],[3.3101557,51.5968252],[3.3100393,51.5968248],[3.3099218,51.5967534],[3.3098944,51.5967494],[3.3097559,51.5966639],[3.3097494,51.5966606],[3.3097089,51.5966389],[3.3096046,51.5965938],[3.3095605,51.5965745],[3.3094599,51.5965398],[3.3093323,51.5964959],[3.3093152,51.5964991],[3.3092832,51.5965053],[3.3091709,51.596504],[3.3091075,51.5964858],[3.3090261,51.5964392],[3.3089483,51.5964378],[3.3088815,51.5964046],[3.3087885,51.5964286],[3.3087371,51.5964095],[3.3087142,51.5963969],[3.3085921,51.5963163],[3.3085653,51.5963074],[3.3084472,51.596235],[3.3083134,51.5962248],[3.3083027,51.596222],[3.3082958,51.5962182],[3.3081578,51.5961328],[3.3081484,51.5961286],[3.3080128,51.5960445],[3.3079339,51.5960393],[3.3080124,51.5959886],[3.3080954,51.5960389],[3.3081574,51.5960756],[3.3082126,51.5960729],[3.3081842,51.5960386],[3.3081571,51.5960332],[3.3080214,51.5959491],[3.3080121,51.5959443],[3.3078917,51.5958596],[3.3078671,51.5958461],[3.3077993,51.5958177],[3.3077227,51.5958392],[3.3077066,51.59585],[3.307578,51.5957978],[3.3074331,51.5957233],[3.3073591,51.5956811],[3.3072882,51.595644],[3.3071867,51.5955917],[3.3071432,51.5955425],[3.3070208,51.595516],[3.3069986,51.5955099],[3.3069841,51.5955023],[3.3068536,51.5954214],[3.3068368,51.5954127],[3.3067088,51.5953472],[3.3066615,51.5953233],[3.3065639,51.5952743],[3.3064981,51.5952338],[3.306419,51.595197],[3.3063203,51.5951443],[3.3062741,51.5951225],[3.3061652,51.5950548],[3.3061292,51.5950347],[3.3060178,51.5949653],[3.3059842,51.5949465],[3.3058571,51.5948758],[3.3058393,51.594862],[3.3056944,51.5947835],[3.3056765,51.5947752],[3.3055496,51.5947166],[3.3055178,51.5946968],[3.3054046,51.5946177],[3.3053811,51.5946073],[3.3052596,51.594531],[3.3052418,51.5945177],[3.3051146,51.5944406],[3.3050941,51.5944282],[3.3049263,51.5943387],[3.3048249,51.5942856],[3.3047733,51.5942492],[3.3046799,51.5941919],[3.3046107,51.5941597],[3.3045349,51.5941034],[3.3044656,51.5940702],[3.30439,51.5940227],[3.3042981,51.5939807],[3.3042452,51.5939573],[3.30417,51.5939342],[3.3041005,51.5939021],[3.3040665,51.5938914],[3.3039557,51.5938445],[3.3038486,51.593802],[3.303811,51.593787],[3.3037622,51.5937719],[3.3036663,51.5937347],[3.3036099,51.5937127],[3.3035215,51.5936735],[3.3034063,51.5936233],[3.3033767,51.5936104],[3.3033476,51.5936054],[3.3032321,51.5935736],[3.3031369,51.5935341],[3.3030874,51.593511],[3.3030135,51.5934885],[3.3029427,51.5934708],[3.3028482,51.5934449],[3.3027981,51.5934315],[3.3026725,51.5933555],[3.3026532,51.5933449],[3.3026259,51.5933386],[3.3025085,51.5933058],[3.3024125,51.5932662],[3.3023637,51.5932405],[3.3022223,51.5931789],[3.302219,51.5931789],[3.3022167,51.5931768],[3.3020744,51.5931443],[3.3019827,51.5930875],[3.3019295,51.5930655],[3.3017904,51.5930016],[3.3017907,51.593088],[3.301794,51.5930934],[3.3017853,51.5930888],[3.3017832,51.5930893],[3.301781,51.593088],[3.3017797,51.5930846],[3.3017789,51.5929981],[3.3016401,51.5929609],[3.3015558,51.5929088],[3.3014952,51.5928794],[3.3013834,51.5928193],[3.3013503,51.5927963],[3.3012629,51.5927653],[3.3012056,51.5927448],[3.3011639,51.5927299],[3.3010608,51.5926874],[3.3009958,51.5926405],[3.3009159,51.5926017],[3.3007898,51.5925511],[3.3007711,51.5925397],[3.3007439,51.5925343],[3.3006266,51.59251],[3.3005106,51.5924619],[3.3004818,51.592438],[3.3004426,51.5924376],[3.3003371,51.5923944],[3.3002919,51.5923725],[3.3001923,51.5923247],[3.3000689,51.5922832],[3.3000476,51.5922667],[3.299955,51.5921935],[3.2999025,51.5921544],[3.2997764,51.5921156],[3.2997578,51.5921075],[3.2997522,51.5921041],[3.299613,51.5920442],[3.2995654,51.5920147],[3.2994682,51.5919684],[3.2993853,51.5919252],[3.2993232,51.5918831],[3.299228,51.5918357],[3.2991783,51.5918009],[3.2990722,51.5917462],[3.2990334,51.5917178],[3.2989791,51.5916565],[3.2988882,51.5915837],[3.2988607,51.5915669],[3.2987432,51.591484],[3.2987324,51.5914773],[3.2986803,51.5914385],[3.298609,51.5913877],[3.2985982,51.5913824],[3.2985895,51.5913824],[3.2984537,51.5913582],[3.2983568,51.5912985],[3.2983087,51.5912688],[3.2981975,51.5912297],[3.2981641,51.59123],[3.2981241,51.5912091],[3.2980191,51.5911295],[3.2980024,51.5911195],[3.2979472,51.5910751],[3.2978802,51.5910299],[3.2978741,51.5910261],[3.2977487,51.5909403],[3.2977291,51.5909281],[3.2976129,51.5908508],[3.2975841,51.5908332],[3.2974746,51.5907612],[3.2974391,51.5907405],[3.29732,51.5906717],[3.2972942,51.5906546],[3.297167,51.5905821],[3.2971493,51.5905704],[3.2970101,51.5904926],[3.2970044,51.5904882],[3.2968843,51.590403],[3.2968594,51.5903859],[3.2967221,51.5903135],[3.2967146,51.590308],[3.2965793,51.590224],[3.2965696,51.5902195],[3.2965168,51.5901913],[3.2964251,51.5901905],[3.2963322,51.5901347],[3.2962801,51.5900989],[3.2961893,51.5900451],[3.2961353,51.5900291],[3.296086,51.5900147],[3.2959909,51.590011],[3.2958979,51.5899559],[3.295846,51.5899247],[3.2957921,51.5899226],[3.2957013,51.5898721],[3.2955563,51.5897829],[3.2955475,51.589777],[3.2954114,51.5896931],[3.2954024,51.5896874],[3.2952665,51.5896111],[3.295245,51.5895979],[3.2951215,51.5895136],[3.2951129,51.5895083],[3.2950194,51.5894452],[3.2950156,51.5894187],[3.2949764,51.5893935],[3.2949262,51.589329],[3.2948313,51.5892716],[3.2948036,51.5892394],[3.2947057,51.5891618],[3.2946951,51.5891497],[3.2946861,51.5891442],[3.2945524,51.5890602],[3.2945411,51.5890474],[3.2944771,51.5889704],[3.294396,51.5889215],[3.2943295,51.5888809],[3.2942676,51.5888016],[3.2942569,51.5887912],[3.2942508,51.5887874],[3.2941159,51.5887016],[3.2941058,51.5886954],[3.2940026,51.588612],[3.2939608,51.5885868],[3.2938528,51.5885224],[3.2938159,51.5884993],[3.2937316,51.5884328],[3.2936708,51.5883948],[3.2935872,51.5883432],[3.2935259,51.5883055],[3.2934554,51.5882537],[3.293381,51.5882088],[3.2933258,51.5881641],[3.2932357,51.5880748],[3.2931327,51.5879847],[3.2930905,51.5879412],[3.2930467,51.587895],[3.2929913,51.5878338],[3.2929633,51.5878053],[3.2929452,51.5877878],[3.2928614,51.5877156],[3.2928001,51.587663],[3.2927619,51.587626],[3.2927002,51.5875643],[3.2926897,51.5875362],[3.2926544,51.5874626],[3.2926444,51.5874464],[3.2926397,51.5874374],[3.2925478,51.5873568],[3.2925091,51.5873148],[3.2924645,51.5872671],[3.2924071,51.5872041],[3.2924062,51.5871773],[3.2923634,51.5870957],[3.2923589,51.5870875],[3.2923563,51.5870831],[3.2922469,51.5869978],[3.2922183,51.586975],[3.2921425,51.5869082],[3.2920731,51.586847],[3.2920329,51.5868185],[3.291928,51.5867338],[3.2919228,51.5867289],[3.2919123,51.5867192],[3.2918388,51.5866392],[3.2917828,51.5865896],[3.2917177,51.5865496],[3.2916379,51.5865006],[3.2915719,51.58646],[3.291493,51.5864203],[3.2914123,51.5863705],[3.2913481,51.5863364],[3.291242,51.586281],[3.2912033,51.5862575],[3.2910977,51.5861915],[3.2910584,51.5861702],[3.2909463,51.5861019],[3.2909135,51.5860818],[3.2908017,51.5860124],[3.2907686,51.5859946],[3.2906532,51.5859228],[3.2906237,51.5859063],[3.2905045,51.5858333],[3.2904788,51.5858176],[3.2903601,51.5857437],[3.2903339,51.585729],[3.2901982,51.5856542],[3.290189,51.5856486],[3.2900526,51.5855646],[3.2900441,51.58556],[3.2899061,51.5854751],[3.2898992,51.5854709],[3.2897609,51.5853855],[3.2897543,51.5853818],[3.2897227,51.585366],[3.2896098,51.5853431],[3.2895016,51.5852962],[3.289465,51.5852841],[3.2893379,51.5852067],[3.2893202,51.5851995],[3.2892536,51.5851656],[3.2891754,51.5851246],[3.2891549,51.5851173],[3.2890305,51.5850395],[3.2889928,51.5850277],[3.2888858,51.5849859],[3.2888257,51.5849382],[3.2887409,51.584895],[3.2886463,51.5848488],[3.2885962,51.5848353],[3.288529,51.5848073],[3.2884516,51.5847879],[3.2884257,51.5847594],[3.2883066,51.5846937],[3.2882717,51.5846699],[3.2881617,51.5846075],[3.2881085,51.5845803],[3.2880169,51.5845238],[3.2879419,51.5844908],[3.2878721,51.5844578],[3.287736,51.5844014],[3.2877274,51.5843961],[3.2877012,51.5843852],[3.2875826,51.5843233],[3.2875654,51.5843119],[3.2874378,51.5842478],[3.2873841,51.5842225],[3.287293,51.58417],[3.2871996,51.584133],[3.2871483,51.584107],[3.2870297,51.5840598],[3.2870036,51.5840499],[3.2869887,51.5840436],[3.2868589,51.5839932],[3.2867596,51.5839542],[3.2867142,51.5839367],[3.2865694,51.5838637],[3.2865594,51.5838586],[3.2864247,51.5837981],[3.2863822,51.5837753],[3.28628,51.5837463],[3.2861782,51.5837125],[3.2861355,51.5837191],[3.2860441,51.5836862],[3.2859909,51.5836746],[3.2859137,51.5836386],[3.2858461,51.5836069],[3.2857801,51.5836382],[3.2858242,51.5835968],[3.2857014,51.5835399],[3.28558,51.5835974],[3.2855575,51.5836185],[3.285513,51.5836254],[3.2854134,51.5836495],[3.2853097,51.5836235],[3.2852689,51.5836235],[3.2851283,51.5835985],[3.2851236,51.583598],[3.2849801,51.583597],[3.2849738,51.583595],[3.2848357,51.5835952],[3.2848298,51.5835993],[3.2847616,51.583643],[3.2846915,51.5836106],[3.2846712,51.5835996],[3.2845467,51.5835395],[3.28449,51.5835102],[3.2844018,51.583442],[3.284372,51.5834205],[3.2842947,51.5833544],[3.284294,51.5833308],[3.2842565,51.5832865],[3.2842269,51.5832411],[3.2841832,51.5831959],[3.2841833,51.5831512],[3.2841108,51.5830676],[3.2841054,51.5830615],[3.2840996,51.5830546],[3.284011,51.5829718],[3.2839656,51.5829304],[3.283914,51.5828822],[3.2838907,51.5828359],[3.2838362,51.5827924],[3.2838204,51.5827815],[3.2837069,51.5827028],[3.283675,51.5826153],[3.2836731,51.582613],[3.2836674,51.5826083],[3.2835448,51.5825234],[3.28353,51.582513],[3.2834264,51.5824337],[3.2833851,51.5824084],[3.283284,51.5823713],[3.2832405,51.5823717],[3.2832156,51.5823443],[3.2831813,51.5823078],[3.2831386,51.5822546],[3.2830953,51.5822319],[3.2830107,51.582165],[3.2829503,51.5821271],[3.2828885,51.5820754],[3.2828054,51.5820246],[3.2827549,51.5819858],[3.2826604,51.5819131],[3.2826329,51.5818962],[3.2825517,51.581829],[3.2825372,51.5818065],[3.2825153,51.5817896],[3.2824471,51.5817168],[3.2823701,51.5816491],[3.2823445,51.5816271],[3.2822252,51.5815544],[3.2821938,51.5815376],[3.2820802,51.5814542],[3.2820728,51.5814479],[3.2820297,51.5814167],[3.2819489,51.5813583],[3.2819352,51.5813463],[3.2818902,51.5812685],[3.2818281,51.5812025],[3.2818223,51.5811788],[3.2817897,51.58115],[3.2817098,51.5810891],[3.2816446,51.581031],[3.2816031,51.5809995],[3.2815386,51.5809339],[3.2815154,51.5809098],[3.2814994,51.5808848],[3.2814486,51.58082],[3.2813974,51.5807571],[3.2813682,51.5807303],[3.2813541,51.5807196],[3.2812633,51.5806406],[3.281209,51.5805936],[3.2811584,51.580551],[3.2810639,51.5804711],[3.2810481,51.5804613],[3.280919,51.580382],[3.2808986,51.5803718],[3.2807742,51.5802943],[3.2807548,51.5802822],[3.2806293,51.5802046],[3.2806096,51.5801926],[3.280551,51.5801442],[3.2805008,51.580103],[3.2804842,51.5800827],[3.280369,51.5800134],[3.2803394,51.5800043],[3.2802111,51.5799238],[3.2801946,51.5799201],[3.2801614,51.5799033],[3.2800499,51.5798629],[3.2799913,51.5798344],[3.279905,51.5797642],[3.2798737,51.5797448],[3.2798069,51.5796841],[3.2797747,51.5796551],[3.2797599,51.5796459],[3.2796355,51.5795655],[3.2796151,51.579559],[3.2794988,51.5794759],[3.2794701,51.5794508],[3.2793827,51.5793863],[3.2793252,51.5793514],[3.2792374,51.5792967],[3.2791803,51.5792665],[3.2790946,51.5792071],[3.2790355,51.5791803],[3.2789175,51.5791343],[3.2788909,51.5791393],[3.2788561,51.5791178],[3.2787463,51.579088],[3.2786357,51.5790496],[3.2786017,51.5790504],[3.2785503,51.5790286],[3.2784572,51.5790123],[3.2783201,51.5789392],[3.2783124,51.5789356],[3.2782657,51.5789104],[3.2781677,51.5788707],[3.2781158,51.5788498],[3.2780229,51.5787922],[3.2779725,51.5787916],[3.2778786,51.5787966],[3.2777864,51.5787931],[3.2777342,51.5787736],[3.2777087,51.5787608],[3.2775894,51.5787034],[3.277502,51.5786714],[3.2774447,51.5786442],[3.2773085,51.578582],[3.2773,51.5785781],[3.2772873,51.5785741],[3.2771553,51.5785047],[3.2771228,51.5784925],[3.2770105,51.5784374],[3.2769012,51.5784031],[3.2768659,51.5783846],[3.2768307,51.5783813],[3.2767213,51.5783292],[3.276696,51.5783137],[3.2765764,51.5782459],[3.2765266,51.5782241],[3.2764317,51.578169],[3.2763488,51.5781346],[3.2762869,51.5781015],[3.2761808,51.5780691],[3.2761424,51.5780573],[3.2761178,51.5780453],[3.2759977,51.5779972],[3.2759032,51.5779559],[3.275853,51.577931],[3.2757311,51.5778663],[3.2757082,51.577854],[3.2756706,51.5778431],[3.2755637,51.5778291],[3.2754426,51.5777771],[3.2754191,51.5777694],[3.2753399,51.5777282],[3.2752743,51.5776969],[3.2752092,51.5776877],[3.2751298,51.5776621],[3.2750764,51.5776548],[3.2749852,51.57761],[3.2749619,51.5775984],[3.2748405,51.577545],[3.2747401,51.577509],[3.2746958,51.5774863],[3.2746219,51.5774633],[3.2745512,51.5774395],[3.2745161,51.5774196],[3.2744065,51.5773747],[3.2743256,51.5773301],[3.2742617,51.5773013],[3.2741539,51.5772406],[3.2741169,51.5772167],[3.2739906,51.5771511],[3.2739721,51.5771396],[3.2738974,51.5771049],[3.2738275,51.5770834],[3.2737926,51.5770616],[3.2736828,51.5770127],[3.2736104,51.5769721],[3.273538,51.5769422],[3.2734341,51.5769079],[3.2733935,51.5769025],[3.2733574,51.5768828],[3.2732486,51.5768067],[3.273227,51.5767932],[3.2731039,51.576749],[3.2730234,51.5767038],[3.2729591,51.5766636],[3.2728711,51.5766142],[3.2728143,51.5765755],[3.2727212,51.5765246],[3.2726695,51.5764923],[3.2725659,51.5764351],[3.2725247,51.5764061],[3.2724535,51.5763911],[3.2723802,51.5763722],[3.2723297,51.5763457],[3.2722353,51.5762884],[3.272173,51.5762562],[3.2720905,51.576193],[3.2720351,51.5761666],[3.2719455,51.5760841],[3.2719217,51.5760769],[3.2718007,51.5760053],[3.2716859,51.5760059],[3.2716563,51.5759924],[3.2716457,51.5759876],[3.2715115,51.5759051],[3.2714944,51.5758981],[3.2713669,51.5758454],[3.2712787,51.5758437],[3.2712224,51.5758257],[3.2711898,51.5758089],[3.2710775,51.5757241],[3.2710668,51.5757192],[3.2709328,51.5756578],[3.2708882,51.5756297],[3.2707881,51.5755787],[3.2707196,51.5755874],[3.2706437,51.5755761],[3.2705772,51.5755405],[3.2704989,51.5754851],[3.2703919,51.5754743],[3.2703545,51.5754678],[3.2703233,51.5754512],[3.2702097,51.5753809],[3.2701634,51.5753616],[3.270065,51.57532],[3.2699473,51.5752722],[3.2699203,51.575259],[3.2698847,51.5752502],[3.2697757,51.5752053],[3.2697347,51.5751828],[3.269631,51.5751321],[3.2695621,51.5750933],[3.2694862,51.5750547],[3.2693943,51.5750037],[3.2693895,51.575]]},"properties":{"rawObjectClass":"DEPCNT","VALDCO":20,"depthDatum":"Approximate LAT","depthDatumCode":42,"depthDatumStatus":"VERIFIED_FROM_OFFICIAL_DOCUMENTATION","verticalDatum":"Local Datum","verticalDatumCode":24,"napIdentityStatus":"UNVERIFIED","sourceKind":"official","sourceCellId":"1R7588LI","sourceStableId":"1F2B69F1AB1B75EE","sourceChecksum":"fcefec7e07170c4b859138c34376143c7aa4e9f8e653fc723d6bbe65dbf3c0a2","pipelineFeatureId":"1R7588LI/DEPCNT/1271588199","provenance":{"cellId":"1R7588LI","checksum":"fcefec7e07170c4b859138c34376143c7aa4e9f8e653fc723d6bbe65dbf3c0a2","readerVersion":"GDAL 3.2.2","processedAt":"2026-08-11T18:29:20.995Z"},"sourceProperties":{"RCID":1271588199,"PRIM":2,"GRUP":2,"OBJL":43,"RVER":1,"AGEN":7979,"FIDN":1777445659,"FIDS":30190,"LNAM":"1F2B69F1AB1B75EE","VALDCO":20,"SCAMIN":50000,"sourceCellId":"1R7588LI","sourceChecksum":"fcefec7e07170c4b859138c34376143c7aa4e9f8e653fc723d6bbe65dbf3c0a2","rawObjectClass":"DEPCNT","sourceStableId":"1F2B69F1AB1B75EE"}}}]}