{"type":"FeatureCollection","features":[{"type":"Feature","geometry":{"type":"Point","coordinates":[3.72263,51.40166]},"properties":{"dolphinKind":"buoy-lateral","rawObjectClass":"BOYLAT","sourceProperties":{"RCID":16947,"PRIM":1,"GRUP":2,"OBJL":17,"RVER":1,"AGEN":7979,"FIDN":1106834682,"FIDS":263,"LNAM":"1F2B41F8F4FA0107","LNAM_REFS":["1F2B4879CAA50001"],"FFPT_RIND":[2],"BOYSHP":5,"CATLAM":2,"COLOUR":["4"],"CONRAD":3,"OBJNAM":"E 1","SCAMIN":200000,"SORDAT":"20120127","SORIND":"NL,1R,reprt,MZ 8","sourceCellId":"1R75W7XI","sourceChecksum":"aace505c148b09d3fe0b184f009ba8c28a83d0a635029caea23904d367246681","rawObjectClass":"BOYLAT","sourceStableId":"1F2B41F8F4FA0107"},"sourceKind":"official","official":true,"sourceCellId":"1R75W7XI","sourceStableId":"1F2B41F8F4FA0107","pipelineFeatureId":"1R75W7XI/BOYLAT/16947","provenance":{"cellId":"1R75W7XI","checksum":"aace505c148b09d3fe0b184f009ba8c28a83d0a635029caea23904d367246681","readerVersion":"GDAL 3.2.2","processedAt":"2026-08-11T13:43:44.753Z"}}},{"type":"Feature","geometry":{"type":"Point","coordinates":[3.5610167,51.4193]},"properties":{"dolphinKind":"buoy-lateral","rawObjectClass":"BOYLAT","sourceProperties":{"RCID":16987,"PRIM":1,"GRUP":2,"OBJL":17,"RVER":1,"AGEN":7979,"FIDN":1106834682,"FIDS":303,"LNAM":"1F2B41F8F4FA012F","LNAM_REFS":["1F2B41F8F4FA0130","1F2B48742C4F0001"],"FFPT_RIND":[2,2],"BOYSHP":1,"CATLAM":2,"COLOUR":["4"],"CONRAD":3,"OBJNAM":"Songa","SCAMIN":200000,"SORDAT":"20190527","SORIND":"NL,1R,reprt,MD270-19","sourceCellId":"1R75W7XI","sourceChecksum":"aace505c148b09d3fe0b184f009ba8c28a83d0a635029caea23904d367246681","rawObjectClass":"BOYLAT","sourceStableId":"1F2B41F8F4FA012F"},"sourceKind":"official","official":true,"sourceCellId":"1R75W7XI","sourceStableId":"1F2B41F8F4FA012F","pipelineFeatureId":"1R75W7XI/BOYLAT/16987","provenance":{"cellId":"1R75W7XI","checksum":"aace505c148b09d3fe0b184f009ba8c28a83d0a635029caea23904d367246681","readerVersion":"GDAL 3.2.2","processedAt":"2026-08-11T13:43:44.753Z"}}},{"type":"Feature","geometry":{"type":"Point","coordinates":[3.70631,51.3865917]},"properties":{"dolphinKind":"buoy-lateral","rawObjectClass":"BOYLAT","sourceProperties":{"RCID":17019,"PRIM":1,"GRUP":2,"OBJL":17,"RVER":1,"AGEN":7979,"FIDN":1106834682,"FIDS":335,"LNAM":"1F2B41F8F4FA014F","LNAM_REFS":["1F2B41F8F4FA018B","1F2B487A14E50001"],"FFPT_RIND":[2,2],"BOYSHP":1,"CATLAM":2,"COLOUR":["4"],"CONRAD":3,"OBJNAM":"15","SCAMIN":200000,"SORDAT":"20221025","SORIND":"NL,1R,Reprt,MD 511-22","sourceCellId":"1R75W7XI","sourceChecksum":"aace505c148b09d3fe0b184f009ba8c28a83d0a635029caea23904d367246681","rawObjectClass":"BOYLAT","sourceStableId":"1F2B41F8F4FA014F"},"sourceKind":"official","official":true,"sourceCellId":"1R75W7XI","sourceStableId":"1F2B41F8F4FA014F","pipelineFeatureId":"1R75W7XI/BOYLAT/17019","provenance":{"cellId":"1R75W7XI","checksum":"aace505c148b09d3fe0b184f009ba8c28a83d0a635029caea23904d367246681","readerVersion":"GDAL 3.2.2","processedAt":"2026-08-11T13:43:44.753Z"}}},{"type":"Feature","geometry":{"type":"Point","coordinates":[3.7155833,51.39089]},"properties":{"dolphinKind":"buoy-lateral","rawObjectClass":"BOYLAT","sourceProperties":{"RCID":17021,"PRIM":1,"GRUP":2,"OBJL":17,"RVER":1,"AGEN":7979,"FIDN":1106834682,"FIDS":337,"LNAM":"1F2B41F8F4FA0151","LNAM_REFS":["1F2B41F8F4FA0187","1F2B487A14FB0001"],"FFPT_RIND":[2,2],"BOYSHP":2,"CATLAM":1,"COLOUR":["3"],"CONRAD":3,"OBJNAM":"6","SCAMIN":200000,"SORDAT":"20211014","SORIND":"NL,1R,reprt,MD 570-21","sourceCellId":"1R75W7XI","sourceChecksum":"aace505c148b09d3fe0b184f009ba8c28a83d0a635029caea23904d367246681","rawObjectClass":"BOYLAT","sourceStableId":"1F2B41F8F4FA0151"},"sourceKind":"official","official":true,"sourceCellId":"1R75W7XI","sourceStableId":"1F2B41F8F4FA0151","pipelineFeatureId":"1R75W7XI/BOYLAT/17021","provenance":{"cellId":"1R75W7XI","checksum":"aace505c148b09d3fe0b184f009ba8c28a83d0a635029caea23904d367246681","readerVersion":"GDAL 3.2.2","processedAt":"2026-08-11T13:43:44.753Z"}}},{"type":"Feature","geometry":{"type":"Point","coordinates":[3.7265333,51.38325]},"properties":{"dolphinKind":"buoy-lateral","rawObjectClass":"BOYLAT","sourceProperties":{"RCID":17023,"PRIM":1,"GRUP":2,"OBJL":17,"RVER":1,"AGEN":7979,"FIDN":1106834682,"FIDS":339,"LNAM":"1F2B41F8F4FA0153","BOYSHP":5,"CATLAM":1,"COLOUR":["3"],"CONRAD":3,"OBJNAM":"8","SCAMIN":200000,"SORDAT":"20191018","SORIND":"NL,1R,Reprt,email F. de Pooter 03102019","sourceCellId":"1R75W7XI","sourceChecksum":"aace505c148b09d3fe0b184f009ba8c28a83d0a635029caea23904d367246681","rawObjectClass":"BOYLAT","sourceStableId":"1F2B41F8F4FA0153"},"sourceKind":"official","official":true,"sourceCellId":"1R75W7XI","sourceStableId":"1F2B41F8F4FA0153","pipelineFeatureId":"1R75W7XI/BOYLAT/17023","provenance":{"cellId":"1R75W7XI","checksum":"aace505c148b09d3fe0b184f009ba8c28a83d0a635029caea23904d367246681","readerVersion":"GDAL 3.2.2","processedAt":"2026-08-11T13:43:44.753Z"}}},{"type":"Feature","geometry":{"type":"Point","coordinates":[3.618,51.388875]},"properties":{"dolphinKind":"buoy-lateral","rawObjectClass":"BOYLAT","sourceProperties":{"RCID":17024,"PRIM":1,"GRUP":2,"OBJL":17,"RVER":1,"AGEN":7979,"FIDN":1106834682,"FIDS":340,"LNAM":"1F2B41F8F4FA0154","BOYSHP":5,"CATLAM":1,"COLOUR":["3"],"CONRAD":3,"OBJNAM":"VH 10","SCAMIN":200000,"SORDAT":"20240820","SORIND":"NL,1R,Reprt,MD 445-24","sourceCellId":"1R75W7XI","sourceChecksum":"aace505c148b09d3fe0b184f009ba8c28a83d0a635029caea23904d367246681","rawObjectClass":"BOYLAT","sourceStableId":"1F2B41F8F4FA0154"},"sourceKind":"official","official":true,"sourceCellId":"1R75W7XI","sourceStableId":"1F2B41F8F4FA0154","pipelineFeatureId":"1R75W7XI/BOYLAT/17024","provenance":{"cellId":"1R75W7XI","checksum":"aace505c148b09d3fe0b184f009ba8c28a83d0a635029caea23904d367246681","readerVersion":"GDAL 3.2.2","processedAt":"2026-08-11T13:43:44.753Z"}}},{"type":"Feature","geometry":{"type":"Point","coordinates":[3.5800467,51.397515]},"properties":{"dolphinKind":"buoy-lateral","rawObjectClass":"BOYLAT","sourceProperties":{"RCID":17025,"PRIM":1,"GRUP":2,"OBJL":17,"RVER":1,"AGEN":7979,"FIDN":1106834682,"FIDS":341,"LNAM":"1F2B41F8F4FA0155","BOYSHP":5,"CATLAM":1,"COLOUR":["3"],"CONRAD":3,"OBJNAM":"VH 4","SCAMIN":200000,"SORDAT":"20230627","SORIND":"NL,1R,reprt,MD 329-23","sourceCellId":"1R75W7XI","sourceChecksum":"aace505c148b09d3fe0b184f009ba8c28a83d0a635029caea23904d367246681","rawObjectClass":"BOYLAT","sourceStableId":"1F2B41F8F4FA0155"},"sourceKind":"official","official":true,"sourceCellId":"1R75W7XI","sourceStableId":"1F2B41F8F4FA0155","pipelineFeatureId":"1R75W7XI/BOYLAT/17025","provenance":{"cellId":"1R75W7XI","checksum":"aace505c148b09d3fe0b184f009ba8c28a83d0a635029caea23904d367246681","readerVersion":"GDAL 3.2.2","processedAt":"2026-08-11T13:43:44.753Z"}}},{"type":"Feature","geometry":{"type":"Point","coordinates":[3.61195,51.4222345]},"properties":{"dolphinKind":"buoy-lateral","rawObjectClass":"BOYLAT","sourceProperties":{"RCID":17026,"PRIM":1,"GRUP":2,"OBJL":17,"RVER":1,"AGEN":7979,"FIDN":1106834682,"FIDS":342,"LNAM":"1F2B41F8F4FA0156","LNAM_REFS":["1F2B41F8F4FA012E","1F2B1A1501F50001"],"FFPT_RIND":[2,2],"BOYSHP":1,"CATLAM":2,"COLOUR":["4"],"CONRAD":3,"OBJNAM":"SS 1","SCAMIN":200000,"SORDAT":"20200304","SORIND":"NL,1R,reprt,MD068-20","sourceCellId":"1R75W7XI","sourceChecksum":"aace505c148b09d3fe0b184f009ba8c28a83d0a635029caea23904d367246681","rawObjectClass":"BOYLAT","sourceStableId":"1F2B41F8F4FA0156"},"sourceKind":"official","official":true,"sourceCellId":"1R75W7XI","sourceStableId":"1F2B41F8F4FA0156","pipelineFeatureId":"1R75W7XI/BOYLAT/17026","provenance":{"cellId":"1R75W7XI","checksum":"aace505c148b09d3fe0b184f009ba8c28a83d0a635029caea23904d367246681","readerVersion":"GDAL 3.2.2","processedAt":"2026-08-11T13:43:44.753Z"}}},{"type":"Feature","geometry":{"type":"Point","coordinates":[3.6909283,51.4060867]},"properties":{"dolphinKind":"buoy-lateral","rawObjectClass":"BOYLAT","sourceProperties":{"RCID":17027,"PRIM":1,"GRUP":2,"OBJL":17,"RVER":1,"AGEN":7979,"FIDN":1106834682,"FIDS":343,"LNAM":"1F2B41F8F4FA0157","LNAM_REFS":["1F2B0AA3AD910001","1F2B0EA3A9610001"],"FFPT_RIND":[2,2],"BOYSHP":5,"CATLAM":1,"COLOUR":["3"],"CONRAD":3,"NATCON":["8"],"OBJNAM":"SS 10","SCAMIN":200000,"SORDAT":"20220510","SORIND":"NL,1R,Rerpt,MD 284-22","sourceCellId":"1R75W7XI","sourceChecksum":"aace505c148b09d3fe0b184f009ba8c28a83d0a635029caea23904d367246681","rawObjectClass":"BOYLAT","sourceStableId":"1F2B41F8F4FA0157"},"sourceKind":"official","official":true,"sourceCellId":"1R75W7XI","sourceStableId":"1F2B41F8F4FA0157","pipelineFeatureId":"1R75W7XI/BOYLAT/17027","provenance":{"cellId":"1R75W7XI","checksum":"aace505c148b09d3fe0b184f009ba8c28a83d0a635029caea23904d367246681","readerVersion":"GDAL 3.2.2","processedAt":"2026-08-11T13:43:44.753Z"}}},{"type":"Feature","geometry":{"type":"Point","coordinates":[3.6653883,51.42089]},"properties":{"dolphinKind":"buoy-lateral","rawObjectClass":"BOYLAT","sourceProperties":{"RCID":17028,"PRIM":1,"GRUP":2,"OBJL":17,"RVER":1,"AGEN":7979,"FIDN":1106834682,"FIDS":344,"LNAM":"1F2B41F8F4FA0158","LNAM_REFS":["1F2B0103E1710001","1F2B0EA37A1A0001"],"FFPT_RIND":[2,2],"BOYSHP":5,"CATLAM":2,"COLOUR":["4"],"CONRAD":3,"NATCON":["8"],"OBJNAM":"SS 7","SCAMIN":200000,"SORDAT":"20250524","SORIND":"NL,1R,reprt,MD 320-2025","sourceCellId":"1R75W7XI","sourceChecksum":"aace505c148b09d3fe0b184f009ba8c28a83d0a635029caea23904d367246681","rawObjectClass":"BOYLAT","sourceStableId":"1F2B41F8F4FA0158"},"sourceKind":"official","official":true,"sourceCellId":"1R75W7XI","sourceStableId":"1F2B41F8F4FA0158","pipelineFeatureId":"1R75W7XI/BOYLAT/17028","provenance":{"cellId":"1R75W7XI","checksum":"aace505c148b09d3fe0b184f009ba8c28a83d0a635029caea23904d367246681","readerVersion":"GDAL 3.2.2","processedAt":"2026-08-11T13:43:44.753Z"}}},{"type":"Feature","geometry":{"type":"Point","coordinates":[3.6848667,51.4168067]},"properties":{"dolphinKind":"buoy-lateral","rawObjectClass":"BOYLAT","sourceProperties":{"RCID":17030,"PRIM":1,"GRUP":2,"OBJL":17,"RVER":1,"AGEN":7979,"FIDN":1106834682,"FIDS":346,"LNAM":"1F2B41F8F4FA015A","BOYSHP":5,"CATLAM":1,"COLOUR":["3"],"CONRAD":3,"NATCON":["8"],"OBJNAM":"SS 8","SCAMIN":200000,"SORDAT":"20240718","SORIND":"NL,1R,reprt,BASS63-2024","sourceCellId":"1R75W7XI","sourceChecksum":"aace505c148b09d3fe0b184f009ba8c28a83d0a635029caea23904d367246681","rawObjectClass":"BOYLAT","sourceStableId":"1F2B41F8F4FA015A"},"sourceKind":"official","official":true,"sourceCellId":"1R75W7XI","sourceStableId":"1F2B41F8F4FA015A","pipelineFeatureId":"1R75W7XI/BOYLAT/17030","provenance":{"cellId":"1R75W7XI","checksum":"aace505c148b09d3fe0b184f009ba8c28a83d0a635029caea23904d367246681","readerVersion":"GDAL 3.2.2","processedAt":"2026-08-11T13:43:44.753Z"}}},{"type":"Feature","geometry":{"type":"Point","coordinates":[3.677115,51.412015]},"properties":{"dolphinKind":"buoy-lateral","rawObjectClass":"BOYLAT","sourceProperties":{"RCID":17031,"PRIM":1,"GRUP":2,"OBJL":17,"RVER":1,"AGEN":7979,"FIDN":1106834682,"FIDS":347,"LNAM":"1F2B41F8F4FA015B","LNAM_REFS":["1F2B0EA39C7B0001"],"FFPT_RIND":[2],"BOYSHP":5,"CATLAM":2,"COLOUR":["4"],"CONRAD":3,"NATCON":["8"],"OBJNAM":"SS 9","SCAMIN":200000,"SORDAT":"20240718","SORIND":"NL,1R,reprt,BASS63-2024","sourceCellId":"1R75W7XI","sourceChecksum":"aace505c148b09d3fe0b184f009ba8c28a83d0a635029caea23904d367246681","rawObjectClass":"BOYLAT","sourceStableId":"1F2B41F8F4FA015B"},"sourceKind":"official","official":true,"sourceCellId":"1R75W7XI","sourceStableId":"1F2B41F8F4FA015B","pipelineFeatureId":"1R75W7XI/BOYLAT/17031","provenance":{"cellId":"1R75W7XI","checksum":"aace505c148b09d3fe0b184f009ba8c28a83d0a635029caea23904d367246681","readerVersion":"GDAL 3.2.2","processedAt":"2026-08-11T13:43:44.753Z"}}},{"type":"Feature","geometry":{"type":"Point","coordinates":[3.6846383,51.4029133]},"properties":{"dolphinKind":"buoy-lateral","rawObjectClass":"BOYLAT","sourceProperties":{"RCID":17033,"PRIM":1,"GRUP":2,"OBJL":17,"RVER":1,"AGEN":7979,"FIDN":1106834682,"FIDS":349,"LNAM":"1F2B41F8F4FA015D","LNAM_REFS":["1F2B0AA3AD8D0001"],"FFPT_RIND":[2],"BOYSHP":5,"CATLAM":2,"COLOUR":["4"],"CONRAD":3,"NATCON":["8"],"OBJNAM":"SS 11","SCAMIN":200000,"SORDAT":"20221011","SORIND":"NL,1R,Reprt,MD 489-22","sourceCellId":"1R75W7XI","sourceChecksum":"aace505c148b09d3fe0b184f009ba8c28a83d0a635029caea23904d367246681","rawObjectClass":"BOYLAT","sourceStableId":"1F2B41F8F4FA015D"},"sourceKind":"official","official":true,"sourceCellId":"1R75W7XI","sourceStableId":"1F2B41F8F4FA015D","pipelineFeatureId":"1R75W7XI/BOYLAT/17033","provenance":{"cellId":"1R75W7XI","checksum":"aace505c148b09d3fe0b184f009ba8c28a83d0a635029caea23904d367246681","readerVersion":"GDAL 3.2.2","processedAt":"2026-08-11T13:43:44.753Z"}}},{"type":"Feature","geometry":{"type":"Point","coordinates":[3.5620167,51.4069]},"properties":{"dolphinKind":"buoy-lateral","rawObjectClass":"BOYLAT","sourceProperties":{"RCID":17042,"PRIM":1,"GRUP":2,"OBJL":17,"RVER":1,"AGEN":7979,"FIDN":1106834682,"FIDS":358,"LNAM":"1F2B41F8F4FA0166","LNAM_REFS":["1F2B0F29D8700001","1F2B4C1510420001"],"FFPT_RIND":[2,2],"BOYSHP":5,"CATLAM":1,"COLOUR":["3"],"CONRAD":3,"OBJNAM":"VH 2","SCAMIN":200000,"SORDAT":"20180403","SORIND":"NL,1R,reprt, MD 549-21","sourceCellId":"1R75W7XI","sourceChecksum":"aace505c148b09d3fe0b184f009ba8c28a83d0a635029caea23904d367246681","rawObjectClass":"BOYLAT","sourceStableId":"1F2B41F8F4FA0166"},"sourceKind":"official","official":true,"sourceCellId":"1R75W7XI","sourceStableId":"1F2B41F8F4FA0166","pipelineFeatureId":"1R75W7XI/BOYLAT/17042","provenance":{"cellId":"1R75W7XI","checksum":"aace505c148b09d3fe0b184f009ba8c28a83d0a635029caea23904d367246681","readerVersion":"GDAL 3.2.2","processedAt":"2026-08-11T13:43:44.753Z"}}},{"type":"Feature","geometry":{"type":"Point","coordinates":[3.705005,51.4135233]},"properties":{"dolphinKind":"buoy-lateral","rawObjectClass":"BOYLAT","sourceProperties":{"RCID":17104,"PRIM":1,"GRUP":2,"OBJL":17,"RVER":1,"AGEN":7979,"FIDN":1106834682,"FIDS":420,"LNAM":"1F2B41F8F4FA01A4","LNAM_REFS":["1F2B41F8F4FA01A5","1F2B487A14F50001"],"FFPT_RIND":[2,2],"BOYSHP":1,"CATLAM":2,"COLOUR":["4"],"CONRAD":3,"OBJNAM":"11","SCAMIN":200000,"SORDAT":"20230522","SORIND":"NL,1R,reprt,MD 275-23","sourceCellId":"1R75W7XI","sourceChecksum":"aace505c148b09d3fe0b184f009ba8c28a83d0a635029caea23904d367246681","rawObjectClass":"BOYLAT","sourceStableId":"1F2B41F8F4FA01A4"},"sourceKind":"official","official":true,"sourceCellId":"1R75W7XI","sourceStableId":"1F2B41F8F4FA01A4","pipelineFeatureId":"1R75W7XI/BOYLAT/17104","provenance":{"cellId":"1R75W7XI","checksum":"aace505c148b09d3fe0b184f009ba8c28a83d0a635029caea23904d367246681","readerVersion":"GDAL 3.2.2","processedAt":"2026-08-11T13:43:44.753Z"}}},{"type":"Feature","geometry":{"type":"Point","coordinates":[3.69745,51.3928]},"properties":{"dolphinKind":"buoy-lateral","rawObjectClass":"BOYLAT","sourceProperties":{"RCID":17108,"PRIM":1,"GRUP":2,"OBJL":17,"RVER":1,"AGEN":7979,"FIDN":1106834682,"FIDS":424,"LNAM":"1F2B41F8F4FA01A8","BOYSHP":5,"CATLAM":2,"COLOUR":["4"],"CONRAD":3,"OBJNAM":"13A","SCAMIN":200000,"SORDAT":"20221011","SORIND":"NL,1R,Reprt,MD 489-22","sourceCellId":"1R75W7XI","sourceChecksum":"aace505c148b09d3fe0b184f009ba8c28a83d0a635029caea23904d367246681","rawObjectClass":"BOYLAT","sourceStableId":"1F2B41F8F4FA01A8"},"sourceKind":"official","official":true,"sourceCellId":"1R75W7XI","sourceStableId":"1F2B41F8F4FA01A8","pipelineFeatureId":"1R75W7XI/BOYLAT/17108","provenance":{"cellId":"1R75W7XI","checksum":"aace505c148b09d3fe0b184f009ba8c28a83d0a635029caea23904d367246681","readerVersion":"GDAL 3.2.2","processedAt":"2026-08-11T13:43:44.753Z"}}},{"type":"Feature","geometry":{"type":"Point","coordinates":[3.71405,51.3941333]},"properties":{"dolphinKind":"buoy-lateral","rawObjectClass":"BOYLAT","sourceProperties":{"RCID":17113,"PRIM":1,"GRUP":2,"OBJL":17,"RVER":1,"AGEN":7979,"FIDN":1106834682,"FIDS":429,"LNAM":"1F2B41F8F4FA01AD","LNAM_REFS":["1F2B41F8F4FA01AE"],"FFPT_RIND":[2],"BOYSHP":2,"CATLAM":1,"COLOUR":["3"],"CONRAD":3,"OBJNAM":"4","SCAMIN":200000,"SORDAT":"20220405","SORIND":"NL,1R,reprt,MD 210-22","sourceCellId":"1R75W7XI","sourceChecksum":"aace505c148b09d3fe0b184f009ba8c28a83d0a635029caea23904d367246681","rawObjectClass":"BOYLAT","sourceStableId":"1F2B41F8F4FA01AD"},"sourceKind":"official","official":true,"sourceCellId":"1R75W7XI","sourceStableId":"1F2B41F8F4FA01AD","pipelineFeatureId":"1R75W7XI/BOYLAT/17113","provenance":{"cellId":"1R75W7XI","checksum":"aace505c148b09d3fe0b184f009ba8c28a83d0a635029caea23904d367246681","readerVersion":"GDAL 3.2.2","processedAt":"2026-08-11T13:43:44.753Z"}}},{"type":"Feature","geometry":{"type":"Point","coordinates":[3.706915,51.4068867]},"properties":{"dolphinKind":"buoy-lateral","rawObjectClass":"BOYLAT","sourceProperties":{"RCID":17118,"PRIM":1,"GRUP":2,"OBJL":17,"RVER":1,"AGEN":7979,"FIDN":1106834682,"FIDS":434,"LNAM":"1F2B41F8F4FA01B2","LNAM_REFS":["1F2B41F8F4FA01B3"],"FFPT_RIND":[2],"BOYSHP":1,"CATLAM":2,"COLOUR":["4"],"CONRAD":3,"OBJNAM":"13","SCAMIN":200000,"SORDAT":"20230522","SORIND":"NL,1R,reprt,MD 275-23","sourceCellId":"1R75W7XI","sourceChecksum":"aace505c148b09d3fe0b184f009ba8c28a83d0a635029caea23904d367246681","rawObjectClass":"BOYLAT","sourceStableId":"1F2B41F8F4FA01B2"},"sourceKind":"official","official":true,"sourceCellId":"1R75W7XI","sourceStableId":"1F2B41F8F4FA01B2","pipelineFeatureId":"1R75W7XI/BOYLAT/17118","provenance":{"cellId":"1R75W7XI","checksum":"aace505c148b09d3fe0b184f009ba8c28a83d0a635029caea23904d367246681","readerVersion":"GDAL 3.2.2","processedAt":"2026-08-11T13:43:44.753Z"}}},{"type":"Feature","geometry":{"type":"Point","coordinates":[3.7329667,51.3981667]},"properties":{"dolphinKind":"buoy-lateral","rawObjectClass":"BOYLAT","sourceProperties":{"RCID":17123,"PRIM":1,"GRUP":2,"OBJL":17,"RVER":1,"AGEN":7979,"FIDN":1106834682,"FIDS":439,"LNAM":"1F2B41F8F4FA01B7","LNAM_REFS":["1F2B00C7B3FA0001"],"FFPT_RIND":[2],"BOYSHP":1,"CATLAM":2,"COLOUR":["4"],"CONRAD":3,"OBJNAM":"E 3A","SCAMIN":200000,"SORDAT":"20080121","SORIND":"NL,1R,reprt,Bass 006/08","sourceCellId":"1R75W7XI","sourceChecksum":"aace505c148b09d3fe0b184f009ba8c28a83d0a635029caea23904d367246681","rawObjectClass":"BOYLAT","sourceStableId":"1F2B41F8F4FA01B7"},"sourceKind":"official","official":true,"sourceCellId":"1R75W7XI","sourceStableId":"1F2B41F8F4FA01B7","pipelineFeatureId":"1R75W7XI/BOYLAT/17123","provenance":{"cellId":"1R75W7XI","checksum":"aace505c148b09d3fe0b184f009ba8c28a83d0a635029caea23904d367246681","readerVersion":"GDAL 3.2.2","processedAt":"2026-08-11T13:43:44.753Z"}}},{"type":"Feature","geometry":{"type":"Point","coordinates":[3.6835417,51.380235]},"properties":{"dolphinKind":"buoy-lateral","rawObjectClass":"BOYLAT","sourceProperties":{"RCID":17466,"PRIM":1,"GRUP":2,"OBJL":17,"RVER":1,"AGEN":7979,"FIDN":1106834684,"FIDS":272,"LNAM":"1F2B41F8F4FC0110","LNAM_REFS":["1F2B41F8F4FC0111"],"FFPT_RIND":[2],"BOYSHP":5,"CATLAM":1,"COLOUR":["3"],"CONRAD":3,"OBJNAM":"VH 20","SCAMIN":200000,"SORDAT":"20230627","SORIND":"NL,1R,reprt,MD 329-23","sourceCellId":"1R75W7XI","sourceChecksum":"aace505c148b09d3fe0b184f009ba8c28a83d0a635029caea23904d367246681","rawObjectClass":"BOYLAT","sourceStableId":"1F2B41F8F4FC0110"},"sourceKind":"official","official":true,"sourceCellId":"1R75W7XI","sourceStableId":"1F2B41F8F4FC0110","pipelineFeatureId":"1R75W7XI/BOYLAT/17466","provenance":{"cellId":"1R75W7XI","checksum":"aace505c148b09d3fe0b184f009ba8c28a83d0a635029caea23904d367246681","readerVersion":"GDAL 3.2.2","processedAt":"2026-08-11T13:43:44.753Z"}}},{"type":"Feature","geometry":{"type":"Point","coordinates":[3.62815,51.3860167]},"properties":{"dolphinKind":"buoy-lateral","rawObjectClass":"BOYLAT","sourceProperties":{"RCID":17468,"PRIM":1,"GRUP":2,"OBJL":17,"RVER":1,"AGEN":7979,"FIDN":1106834684,"FIDS":274,"LNAM":"1F2B41F8F4FC0112","BOYSHP":5,"CATLAM":2,"COLOUR":["4"],"CONRAD":3,"NATCON":["8"],"OBJNAM":"VH 3","SCAMIN":200000,"SORDAT":"20150929","SORIND":"NL,1R,reprt,MD 407-15","sourceCellId":"1R75W7XI","sourceChecksum":"aace505c148b09d3fe0b184f009ba8c28a83d0a635029caea23904d367246681","rawObjectClass":"BOYLAT","sourceStableId":"1F2B41F8F4FC0112"},"sourceKind":"official","official":true,"sourceCellId":"1R75W7XI","sourceStableId":"1F2B41F8F4FC0112","pipelineFeatureId":"1R75W7XI/BOYLAT/17468","provenance":{"cellId":"1R75W7XI","checksum":"aace505c148b09d3fe0b184f009ba8c28a83d0a635029caea23904d367246681","readerVersion":"GDAL 3.2.2","processedAt":"2026-08-11T13:43:44.753Z"}}},{"type":"Feature","geometry":{"type":"Point","coordinates":[3.6403,51.3857517]},"properties":{"dolphinKind":"buoy-lateral","rawObjectClass":"BOYLAT","sourceProperties":{"RCID":17470,"PRIM":1,"GRUP":2,"OBJL":17,"RVER":1,"AGEN":7979,"FIDN":1106834684,"FIDS":276,"LNAM":"1F2B41F8F4FC0114","BOYSHP":5,"CATLAM":2,"COLOUR":["4"],"CONRAD":3,"OBJNAM":"VH 5","SCAMIN":200000,"SORDAT":"20240820","SORIND":"NL,1R,Reprt,MD 445-24","sourceCellId":"1R75W7XI","sourceChecksum":"aace505c148b09d3fe0b184f009ba8c28a83d0a635029caea23904d367246681","rawObjectClass":"BOYLAT","sourceStableId":"1F2B41F8F4FC0114"},"sourceKind":"official","official":true,"sourceCellId":"1R75W7XI","sourceStableId":"1F2B41F8F4FC0114","pipelineFeatureId":"1R75W7XI/BOYLAT/17470","provenance":{"cellId":"1R75W7XI","checksum":"aace505c148b09d3fe0b184f009ba8c28a83d0a635029caea23904d367246681","readerVersion":"GDAL 3.2.2","processedAt":"2026-08-11T13:43:44.753Z"}}},{"type":"Feature","geometry":{"type":"Point","coordinates":[3.65195,51.3839167]},"properties":{"dolphinKind":"buoy-lateral","rawObjectClass":"BOYLAT","sourceProperties":{"RCID":17471,"PRIM":1,"GRUP":2,"OBJL":17,"RVER":1,"AGEN":7979,"FIDN":1106834684,"FIDS":277,"LNAM":"1F2B41F8F4FC0115","BOYSHP":5,"CATLAM":2,"COLOUR":["4"],"CONRAD":3,"NATCON":["8"],"OBJNAM":"VH 7","SCAMIN":200000,"SORDAT":"20150929","SORIND":"NL,1R,reprt,MD 407-15","sourceCellId":"1R75W7XI","sourceChecksum":"aace505c148b09d3fe0b184f009ba8c28a83d0a635029caea23904d367246681","rawObjectClass":"BOYLAT","sourceStableId":"1F2B41F8F4FC0115"},"sourceKind":"official","official":true,"sourceCellId":"1R75W7XI","sourceStableId":"1F2B41F8F4FC0115","pipelineFeatureId":"1R75W7XI/BOYLAT/17471","provenance":{"cellId":"1R75W7XI","checksum":"aace505c148b09d3fe0b184f009ba8c28a83d0a635029caea23904d367246681","readerVersion":"GDAL 3.2.2","processedAt":"2026-08-11T13:43:44.753Z"}}},{"type":"Feature","geometry":{"type":"Point","coordinates":[3.6666983,51.3821667]},"properties":{"dolphinKind":"buoy-lateral","rawObjectClass":"BOYLAT","sourceProperties":{"RCID":17472,"PRIM":1,"GRUP":2,"OBJL":17,"RVER":1,"AGEN":7979,"FIDN":1106834684,"FIDS":278,"LNAM":"1F2B41F8F4FC0116","BOYSHP":5,"CATLAM":2,"COLOUR":["4"],"CONRAD":3,"NATCON":["8"],"OBJNAM":"VH 9","SCAMIN":200000,"SORDAT":"20230627","SORIND":"NL,1R,reprt,MD 329-23","sourceCellId":"1R75W7XI","sourceChecksum":"aace505c148b09d3fe0b184f009ba8c28a83d0a635029caea23904d367246681","rawObjectClass":"BOYLAT","sourceStableId":"1F2B41F8F4FC0116"},"sourceKind":"official","official":true,"sourceCellId":"1R75W7XI","sourceStableId":"1F2B41F8F4FC0116","pipelineFeatureId":"1R75W7XI/BOYLAT/17472","provenance":{"cellId":"1R75W7XI","checksum":"aace505c148b09d3fe0b184f009ba8c28a83d0a635029caea23904d367246681","readerVersion":"GDAL 3.2.2","processedAt":"2026-08-11T13:43:44.753Z"}}},{"type":"Feature","geometry":{"type":"Point","coordinates":[3.6802583,51.3789533]},"properties":{"dolphinKind":"buoy-lateral","rawObjectClass":"BOYLAT","sourceProperties":{"RCID":17473,"PRIM":1,"GRUP":2,"OBJL":17,"RVER":1,"AGEN":7979,"FIDN":1106834684,"FIDS":279,"LNAM":"1F2B41F8F4FC0117","LNAM_REFS":["1F2B41F8F4FC0118"],"FFPT_RIND":[2],"BOYSHP":5,"CATLAM":2,"COLOUR":["4"],"CONRAD":3,"NATCON":["8"],"OBJNAM":"VH 11","SCAMIN":200000,"SORDAT":"20230627","SORIND":"NL,1R,reprt,MD 329-23","sourceCellId":"1R75W7XI","sourceChecksum":"aace505c148b09d3fe0b184f009ba8c28a83d0a635029caea23904d367246681","rawObjectClass":"BOYLAT","sourceStableId":"1F2B41F8F4FC0117"},"sourceKind":"official","official":true,"sourceCellId":"1R75W7XI","sourceStableId":"1F2B41F8F4FC0117","pipelineFeatureId":"1R75W7XI/BOYLAT/17473","provenance":{"cellId":"1R75W7XI","checksum":"aace505c148b09d3fe0b184f009ba8c28a83d0a635029caea23904d367246681","readerVersion":"GDAL 3.2.2","processedAt":"2026-08-11T13:43:44.753Z"}}},{"type":"Feature","geometry":{"type":"Point","coordinates":[3.60805,51.3883417]},"properties":{"dolphinKind":"buoy-lateral","rawObjectClass":"BOYLAT","sourceProperties":{"RCID":17475,"PRIM":1,"GRUP":2,"OBJL":17,"RVER":1,"AGEN":7979,"FIDN":1106834684,"FIDS":281,"LNAM":"1F2B41F8F4FC0119","LNAM_REFS":["1F2B41F8F4FC011A"],"FFPT_RIND":[2],"BOYSHP":5,"CATLAM":1,"COLOUR":["3"],"CONRAD":3,"NATCON":["8"],"OBJNAM":"VH 8","SCAMIN":200000,"SORDAT":"20180816","SORIND":"NL,1R,reprt, MD 549-21","sourceCellId":"1R75W7XI","sourceChecksum":"aace505c148b09d3fe0b184f009ba8c28a83d0a635029caea23904d367246681","rawObjectClass":"BOYLAT","sourceStableId":"1F2B41F8F4FC0119"},"sourceKind":"official","official":true,"sourceCellId":"1R75W7XI","sourceStableId":"1F2B41F8F4FC0119","pipelineFeatureId":"1R75W7XI/BOYLAT/17475","provenance":{"cellId":"1R75W7XI","checksum":"aace505c148b09d3fe0b184f009ba8c28a83d0a635029caea23904d367246681","readerVersion":"GDAL 3.2.2","processedAt":"2026-08-11T13:43:44.753Z"}}},{"type":"Feature","geometry":{"type":"Point","coordinates":[3.5894133,51.3940017]},"properties":{"dolphinKind":"buoy-lateral","rawObjectClass":"BOYLAT","sourceProperties":{"RCID":17477,"PRIM":1,"GRUP":2,"OBJL":17,"RVER":1,"AGEN":7979,"FIDN":1106834684,"FIDS":283,"LNAM":"1F2B41F8F4FC011B","BOYSHP":5,"CATLAM":1,"COLOUR":["3"],"CONRAD":3,"OBJNAM":"VH 6","SCAMIN":200000,"SORDAT":"20230627","SORIND":"NL,1R,reprt,MD 329-23","sourceCellId":"1R75W7XI","sourceChecksum":"aace505c148b09d3fe0b184f009ba8c28a83d0a635029caea23904d367246681","rawObjectClass":"BOYLAT","sourceStableId":"1F2B41F8F4FC011B"},"sourceKind":"official","official":true,"sourceCellId":"1R75W7XI","sourceStableId":"1F2B41F8F4FC011B","pipelineFeatureId":"1R75W7XI/BOYLAT/17477","provenance":{"cellId":"1R75W7XI","checksum":"aace505c148b09d3fe0b184f009ba8c28a83d0a635029caea23904d367246681","readerVersion":"GDAL 3.2.2","processedAt":"2026-08-11T13:43:44.753Z"}}},{"type":"Feature","geometry":{"type":"Point","coordinates":[3.6279567,51.3882967]},"properties":{"dolphinKind":"buoy-lateral","rawObjectClass":"BOYLAT","sourceProperties":{"RCID":17478,"PRIM":1,"GRUP":2,"OBJL":17,"RVER":1,"AGEN":7979,"FIDN":1106834684,"FIDS":284,"LNAM":"1F2B41F8F4FC011C","BOYSHP":5,"CATLAM":1,"COLOUR":["3"],"CONRAD":3,"OBJNAM":"VH  12","SCAMIN":200000,"SORDAT":"20240820","SORIND":"NL,1R,Reprt,MD 445-24","sourceCellId":"1R75W7XI","sourceChecksum":"aace505c148b09d3fe0b184f009ba8c28a83d0a635029caea23904d367246681","rawObjectClass":"BOYLAT","sourceStableId":"1F2B41F8F4FC011C"},"sourceKind":"official","official":true,"sourceCellId":"1R75W7XI","sourceStableId":"1F2B41F8F4FC011C","pipelineFeatureId":"1R75W7XI/BOYLAT/17478","provenance":{"cellId":"1R75W7XI","checksum":"aace505c148b09d3fe0b184f009ba8c28a83d0a635029caea23904d367246681","readerVersion":"GDAL 3.2.2","processedAt":"2026-08-11T13:43:44.753Z"}}},{"type":"Feature","geometry":{"type":"Point","coordinates":[3.6403667,51.3876833]},"properties":{"dolphinKind":"buoy-lateral","rawObjectClass":"BOYLAT","sourceProperties":{"RCID":17479,"PRIM":1,"GRUP":2,"OBJL":17,"RVER":1,"AGEN":7979,"FIDN":1106834684,"FIDS":285,"LNAM":"1F2B41F8F4FC011D","LNAM_REFS":["1F2B41F8F4FC011E"],"FFPT_RIND":[2],"BOYSHP":5,"CATLAM":1,"COLOUR":["3"],"CONRAD":3,"OBJNAM":"VH 14","SCAMIN":200000,"SORDAT":"20191018","SORIND":"NL,1R,Reprt,email F. de Pooter 03102019","sourceCellId":"1R75W7XI","sourceChecksum":"aace505c148b09d3fe0b184f009ba8c28a83d0a635029caea23904d367246681","rawObjectClass":"BOYLAT","sourceStableId":"1F2B41F8F4FC011D"},"sourceKind":"official","official":true,"sourceCellId":"1R75W7XI","sourceStableId":"1F2B41F8F4FC011D","pipelineFeatureId":"1R75W7XI/BOYLAT/17479","provenance":{"cellId":"1R75W7XI","checksum":"aace505c148b09d3fe0b184f009ba8c28a83d0a635029caea23904d367246681","readerVersion":"GDAL 3.2.2","processedAt":"2026-08-11T13:43:44.753Z"}}},{"type":"Feature","geometry":{"type":"Point","coordinates":[3.6522833,51.38625]},"properties":{"dolphinKind":"buoy-lateral","rawObjectClass":"BOYLAT","sourceProperties":{"RCID":17482,"PRIM":1,"GRUP":2,"OBJL":17,"RVER":1,"AGEN":7979,"FIDN":1106834684,"FIDS":288,"LNAM":"1F2B41F8F4FC0120","LNAM_REFS":["1F2B41F8F4FC011F"],"FFPT_RIND":[2],"BOYSHP":5,"CATLAM":1,"COLOUR":["3"],"CONRAD":3,"OBJNAM":"VH 16","SCAMIN":200000,"SORDAT":"20191018","SORIND":"NL,1R,Reprt,email F. de Pooter 03102019","sourceCellId":"1R75W7XI","sourceChecksum":"aace505c148b09d3fe0b184f009ba8c28a83d0a635029caea23904d367246681","rawObjectClass":"BOYLAT","sourceStableId":"1F2B41F8F4FC0120"},"sourceKind":"official","official":true,"sourceCellId":"1R75W7XI","sourceStableId":"1F2B41F8F4FC0120","pipelineFeatureId":"1R75W7XI/BOYLAT/17482","provenance":{"cellId":"1R75W7XI","checksum":"aace505c148b09d3fe0b184f009ba8c28a83d0a635029caea23904d367246681","readerVersion":"GDAL 3.2.2","processedAt":"2026-08-11T13:43:44.753Z"}}},{"type":"Feature","geometry":{"type":"Point","coordinates":[3.666805,51.3841967]},"properties":{"dolphinKind":"buoy-lateral","rawObjectClass":"BOYLAT","sourceProperties":{"RCID":17483,"PRIM":1,"GRUP":2,"OBJL":17,"RVER":1,"AGEN":7979,"FIDN":1106834684,"FIDS":289,"LNAM":"1F2B41F8F4FC0121","BOYSHP":5,"CATLAM":1,"COLOUR":["3"],"CONRAD":3,"OBJNAM":"VH 18","SCAMIN":200000,"SORDAT":"20230627","SORIND":"NL,1R,reprt,MD 329-23","sourceCellId":"1R75W7XI","sourceChecksum":"aace505c148b09d3fe0b184f009ba8c28a83d0a635029caea23904d367246681","rawObjectClass":"BOYLAT","sourceStableId":"1F2B41F8F4FC0121"},"sourceKind":"official","official":true,"sourceCellId":"1R75W7XI","sourceStableId":"1F2B41F8F4FC0121","pipelineFeatureId":"1R75W7XI/BOYLAT/17483","provenance":{"cellId":"1R75W7XI","checksum":"aace505c148b09d3fe0b184f009ba8c28a83d0a635029caea23904d367246681","readerVersion":"GDAL 3.2.2","processedAt":"2026-08-11T13:43:44.753Z"}}},{"type":"Feature","geometry":{"type":"Point","coordinates":[3.7089667,51.4235833]},"properties":{"dolphinKind":"buoy-lateral","rawObjectClass":"BOYLAT","sourceProperties":{"RCID":17664,"PRIM":1,"GRUP":2,"OBJL":17,"RVER":1,"AGEN":7979,"FIDN":1106834684,"FIDS":470,"LNAM":"1F2B41F8F4FC01D6","LNAM_REFS":["1F2B41F8F4FC01D5"],"FFPT_RIND":[2],"BOYSHP":2,"CATLAM":1,"COLOUR":["3"],"CONRAD":3,"OBJNAM":"2B","SCAMIN":200000,"SORDAT":"20090309","SORIND":"NL,1R,Reprt,Bass019/09","sourceCellId":"1R75W7XI","sourceChecksum":"aace505c148b09d3fe0b184f009ba8c28a83d0a635029caea23904d367246681","rawObjectClass":"BOYLAT","sourceStableId":"1F2B41F8F4FC01D6"},"sourceKind":"official","official":true,"sourceCellId":"1R75W7XI","sourceStableId":"1F2B41F8F4FC01D6","pipelineFeatureId":"1R75W7XI/BOYLAT/17664","provenance":{"cellId":"1R75W7XI","checksum":"aace505c148b09d3fe0b184f009ba8c28a83d0a635029caea23904d367246681","readerVersion":"GDAL 3.2.2","processedAt":"2026-08-11T13:43:44.753Z"}}},{"type":"Feature","geometry":{"type":"Point","coordinates":[3.5713883,51.40192]},"properties":{"dolphinKind":"buoy-lateral","rawObjectClass":"BOYLAT","sourceProperties":{"RCID":4453498,"PRIM":1,"GRUP":2,"OBJL":17,"RVER":1,"AGEN":7979,"FIDN":4453498,"FIDS":1,"LNAM":"1F2B0043F47A0001","LNAM_REFS":["1F2B4C1510410001"],"FFPT_RIND":[2],"BOYSHP":5,"CATLAM":1,"COLOUR":["3"],"CONRAD":3,"OBJNAM":"VH 2A","SCAMIN":200000,"SORDAT":"20230627","SORIND":"NL,1R,Reprt,MD 329-23","sourceCellId":"1R75W7XI","sourceChecksum":"aace505c148b09d3fe0b184f009ba8c28a83d0a635029caea23904d367246681","rawObjectClass":"BOYLAT","sourceStableId":"1F2B0043F47A0001"},"sourceKind":"official","official":true,"sourceCellId":"1R75W7XI","sourceStableId":"1F2B0043F47A0001","pipelineFeatureId":"1R75W7XI/BOYLAT/4453498","provenance":{"cellId":"1R75W7XI","checksum":"aace505c148b09d3fe0b184f009ba8c28a83d0a635029caea23904d367246681","readerVersion":"GDAL 3.2.2","processedAt":"2026-08-11T13:43:44.753Z"}}},{"type":"Feature","geometry":{"type":"Point","coordinates":[3.6138317,51.38687]},"properties":{"dolphinKind":"buoy-lateral","rawObjectClass":"BOYLAT","sourceProperties":{"RCID":4453502,"PRIM":1,"GRUP":2,"OBJL":17,"RVER":1,"AGEN":7979,"FIDN":4453502,"FIDS":1,"LNAM":"1F2B0043F47E0001","LNAM_REFS":["1F2B0043F47F0001","1F2B0C6C09860001"],"FFPT_RIND":[2,2],"BOYSHP":5,"CATLAM":2,"COLOUR":["4"],"CONRAD":3,"OBJNAM":"VH 1","SCAMIN":200000,"SORDAT":"20240820","SORIND":"NL,1R,Reprt,MD 445-24","sourceCellId":"1R75W7XI","sourceChecksum":"aace505c148b09d3fe0b184f009ba8c28a83d0a635029caea23904d367246681","rawObjectClass":"BOYLAT","sourceStableId":"1F2B0043F47E0001"},"sourceKind":"official","official":true,"sourceCellId":"1R75W7XI","sourceStableId":"1F2B0043F47E0001","pipelineFeatureId":"1R75W7XI/BOYLAT/4453502","provenance":{"cellId":"1R75W7XI","checksum":"aace505c148b09d3fe0b184f009ba8c28a83d0a635029caea23904d367246681","readerVersion":"GDAL 3.2.2","processedAt":"2026-08-11T13:43:44.753Z"}}},{"type":"Feature","geometry":{"type":"Point","coordinates":[3.7197333,51.4157]},"properties":{"dolphinKind":"buoy-lateral","rawObjectClass":"BOYLAT","sourceProperties":{"RCID":26702196,"PRIM":1,"GRUP":2,"OBJL":17,"RVER":1,"AGEN":7979,"FIDN":26702196,"FIDS":1,"LNAM":"1F2B019771740001","LNAM_REFS":["1F2B019771760001","1F2B487A14F80001"],"FFPT_RIND":[2,2],"BOYSHP":2,"CATLAM":1,"COLOUR":["3"],"CONRAD":3,"OBJNAM":"2C","SCAMIN":200000,"SORDAT":"20090309","SORIND":"NL,1R,Reprt,Bass019/09","sourceCellId":"1R75W7XI","sourceChecksum":"aace505c148b09d3fe0b184f009ba8c28a83d0a635029caea23904d367246681","rawObjectClass":"BOYLAT","sourceStableId":"1F2B019771740001"},"sourceKind":"official","official":true,"sourceCellId":"1R75W7XI","sourceStableId":"1F2B019771740001","pipelineFeatureId":"1R75W7XI/BOYLAT/26702196","provenance":{"cellId":"1R75W7XI","checksum":"aace505c148b09d3fe0b184f009ba8c28a83d0a635029caea23904d367246681","readerVersion":"GDAL 3.2.2","processedAt":"2026-08-11T13:43:44.753Z"}}},{"type":"Feature","geometry":{"type":"Point","coordinates":[3.6881833,51.3751]},"properties":{"dolphinKind":"buoy-lateral","rawObjectClass":"BOYLAT","sourceProperties":{"RCID":27546642,"PRIM":1,"GRUP":2,"OBJL":17,"RVER":1,"AGEN":7979,"FIDN":27546642,"FIDS":1,"LNAM":"1F2B01A454120001","BOYSHP":5,"CATLAM":1,"COLOUR":["3"],"CONRAD":3,"NATCON":["8"],"OBJNAM":"PP 2","SCAMIN":200000,"SORDAT":"20150929","SORIND":"NL,1R,reprt,MD 407-15","sourceCellId":"1R75W7XI","sourceChecksum":"aace505c148b09d3fe0b184f009ba8c28a83d0a635029caea23904d367246681","rawObjectClass":"BOYLAT","sourceStableId":"1F2B01A454120001"},"sourceKind":"official","official":true,"sourceCellId":"1R75W7XI","sourceStableId":"1F2B01A454120001","pipelineFeatureId":"1R75W7XI/BOYLAT/27546642","provenance":{"cellId":"1R75W7XI","checksum":"aace505c148b09d3fe0b184f009ba8c28a83d0a635029caea23904d367246681","readerVersion":"GDAL 3.2.2","processedAt":"2026-08-11T13:43:44.753Z"}}},{"type":"Feature","geometry":{"type":"Point","coordinates":[3.59995,51.3907667]},"properties":{"dolphinKind":"buoy-lateral","rawObjectClass":"BOYLAT","sourceProperties":{"RCID":87312395,"PRIM":1,"GRUP":2,"OBJL":17,"RVER":1,"AGEN":7979,"FIDN":87312395,"FIDS":1,"LNAM":"1F2B0534480B0001","BOYSHP":5,"CATLAM":1,"COLOUR":["3"],"CONRAD":3,"OBJNAM":"VH 6A","SCAMIN":200000,"SORDAT":"20191018","SORIND":"NL,1R,Reprt,email F. de Pooter 03102019","sourceCellId":"1R75W7XI","sourceChecksum":"aace505c148b09d3fe0b184f009ba8c28a83d0a635029caea23904d367246681","rawObjectClass":"BOYLAT","sourceStableId":"1F2B0534480B0001"},"sourceKind":"official","official":true,"sourceCellId":"1R75W7XI","sourceStableId":"1F2B0534480B0001","pipelineFeatureId":"1R75W7XI/BOYLAT/87312395","provenance":{"cellId":"1R75W7XI","checksum":"aace505c148b09d3fe0b184f009ba8c28a83d0a635029caea23904d367246681","readerVersion":"GDAL 3.2.2","processedAt":"2026-08-11T13:43:44.753Z"}}},{"type":"Feature","geometry":{"type":"Point","coordinates":[3.7154967,51.3806117]},"properties":{"dolphinKind":"buoy-lateral","rawObjectClass":"BOYLAT","sourceProperties":{"RCID":204616900,"PRIM":1,"GRUP":2,"OBJL":17,"RVER":1,"AGEN":7979,"FIDN":204616900,"FIDS":1,"LNAM":"1F2B0C3234C40001","LNAM_REFS":["1F2B0C3234C50001"],"FFPT_RIND":[2],"BOYSHP":1,"CATLAM":2,"COLOUR":["4"],"CONRAD":3,"OBJNAM":"15A","SCAMIN":200000,"SORDAT":"20161019","SORIND":"NL,1R,Reprt,BASS122-2016","sourceCellId":"1R75W7XI","sourceChecksum":"aace505c148b09d3fe0b184f009ba8c28a83d0a635029caea23904d367246681","rawObjectClass":"BOYLAT","sourceStableId":"1F2B0C3234C40001"},"sourceKind":"official","official":true,"sourceCellId":"1R75W7XI","sourceStableId":"1F2B0C3234C40001","pipelineFeatureId":"1R75W7XI/BOYLAT/204616900","provenance":{"cellId":"1R75W7XI","checksum":"aace505c148b09d3fe0b184f009ba8c28a83d0a635029caea23904d367246681","readerVersion":"GDAL 3.2.2","processedAt":"2026-08-11T13:43:44.753Z"}}},{"type":"Feature","geometry":{"type":"Point","coordinates":[3.6969967,51.419155]},"properties":{"dolphinKind":"buoy-lateral","rawObjectClass":"BOYLAT","sourceProperties":{"RCID":351578810,"PRIM":1,"GRUP":2,"OBJL":17,"RVER":1,"AGEN":7979,"FIDN":351578810,"FIDS":1,"LNAM":"1F2B14F4AABA0001","LNAM_REFS":["1F2B14F4AAB90001"],"FFPT_RIND":[2],"BOYSHP":1,"CATLAM":2,"COLOUR":["4"],"CONRAD":3,"OBJNAM":"9","SCAMIN":200000,"SORDAT":"20230522","SORIND":"NL,1R,reprt,MD 275-23","sourceCellId":"1R75W7XI","sourceChecksum":"aace505c148b09d3fe0b184f009ba8c28a83d0a635029caea23904d367246681","rawObjectClass":"BOYLAT","sourceStableId":"1F2B14F4AABA0001"},"sourceKind":"official","official":true,"sourceCellId":"1R75W7XI","sourceStableId":"1F2B14F4AABA0001","pipelineFeatureId":"1R75W7XI/BOYLAT/351578810","provenance":{"cellId":"1R75W7XI","checksum":"aace505c148b09d3fe0b184f009ba8c28a83d0a635029caea23904d367246681","readerVersion":"GDAL 3.2.2","processedAt":"2026-08-11T13:43:44.753Z"}}},{"type":"Feature","geometry":{"type":"Point","coordinates":[3.6697283,51.4242333]},"properties":{"dolphinKind":"buoy-lateral","rawObjectClass":"BOYLAT","sourceProperties":{"RCID":355934107,"PRIM":1,"GRUP":2,"OBJL":17,"RVER":1,"AGEN":7979,"FIDN":355934107,"FIDS":1,"LNAM":"1F2B15371F9B0001","LNAM_REFS":["1F2B15371F9A0001"],"FFPT_RIND":[2],"BOYSHP":5,"CATLAM":1,"COLOUR":["3"],"CONRAD":3,"OBJNAM":"SS 6","SCAMIN":200000,"SORDAT":"20240718","SORIND":"NL,1R,reprt,BASS63-2024","sourceCellId":"1R75W7XI","sourceChecksum":"aace505c148b09d3fe0b184f009ba8c28a83d0a635029caea23904d367246681","rawObjectClass":"BOYLAT","sourceStableId":"1F2B15371F9B0001"},"sourceKind":"official","official":true,"sourceCellId":"1R75W7XI","sourceStableId":"1F2B15371F9B0001","pipelineFeatureId":"1R75W7XI/BOYLAT/355934107","provenance":{"cellId":"1R75W7XI","checksum":"aace505c148b09d3fe0b184f009ba8c28a83d0a635029caea23904d367246681","readerVersion":"GDAL 3.2.2","processedAt":"2026-08-11T13:43:44.753Z"}}},{"type":"Feature","geometry":{"type":"Point","coordinates":[3.6315817,51.4248083]},"properties":{"dolphinKind":"buoy-lateral","rawObjectClass":"BOYLAT","sourceProperties":{"RCID":355934159,"PRIM":1,"GRUP":2,"OBJL":17,"RVER":1,"AGEN":7979,"FIDN":355934159,"FIDS":1,"LNAM":"1F2B15371FCF0001","LNAM_REFS":["1F2B15371FCE0001","1F2B4874820F0001"],"FFPT_RIND":[2,2],"BOYSHP":2,"CATLAM":1,"COLOUR":["3"],"OBJNAM":"SS 2","SCAMIN":200000,"SORDAT":"20240718","SORIND":"NL,1R,reprt,BASS63-2024","sourceCellId":"1R75W7XI","sourceChecksum":"aace505c148b09d3fe0b184f009ba8c28a83d0a635029caea23904d367246681","rawObjectClass":"BOYLAT","sourceStableId":"1F2B15371FCF0001"},"sourceKind":"official","official":true,"sourceCellId":"1R75W7XI","sourceStableId":"1F2B15371FCF0001","pipelineFeatureId":"1R75W7XI/BOYLAT/355934159","provenance":{"cellId":"1R75W7XI","checksum":"aace505c148b09d3fe0b184f009ba8c28a83d0a635029caea23904d367246681","readerVersion":"GDAL 3.2.2","processedAt":"2026-08-11T13:43:44.753Z"}}},{"type":"Feature","geometry":{"type":"Point","coordinates":[3.6541667,51.4241667]},"properties":{"dolphinKind":"buoy-lateral","rawObjectClass":"BOYLAT","sourceProperties":{"RCID":459122336,"PRIM":1,"GRUP":2,"OBJL":17,"RVER":1,"AGEN":7979,"FIDN":459122336,"FIDS":1,"LNAM":"1F2B1B5DA6A00001","LNAM_REFS":["1F2B1B5DA69F0001"],"FFPT_RIND":[2],"BOYSHP":1,"CATLAM":2,"COLOUR":["4"],"CONRAD":3,"NATCON":["8"],"OBJNAM":"SS 5","SCAMIN":200000,"SORDAT":"20251111","SORIND":"NL,1R,reprt,MD 554-2025, TopDesk A 1160750","sourceCellId":"1R75W7XI","sourceChecksum":"aace505c148b09d3fe0b184f009ba8c28a83d0a635029caea23904d367246681","rawObjectClass":"BOYLAT","sourceStableId":"1F2B1B5DA6A00001"},"sourceKind":"official","official":true,"sourceCellId":"1R75W7XI","sourceStableId":"1F2B1B5DA6A00001","pipelineFeatureId":"1R75W7XI/BOYLAT/459122336","provenance":{"cellId":"1R75W7XI","checksum":"aace505c148b09d3fe0b184f009ba8c28a83d0a635029caea23904d367246681","readerVersion":"GDAL 3.2.2","processedAt":"2026-08-11T13:43:44.753Z"}}},{"type":"Feature","geometry":{"type":"Point","coordinates":[3.6317433,51.420995]},"properties":{"dolphinKind":"buoy-lateral","rawObjectClass":"BOYLAT","sourceProperties":{"RCID":459122339,"PRIM":1,"GRUP":2,"OBJL":17,"RVER":1,"AGEN":7979,"FIDN":459122339,"FIDS":1,"LNAM":"1F2B1B5DA6A30001","LNAM_REFS":["1F2B1B5DA6A20001"],"FFPT_RIND":[2],"BOYSHP":1,"CATLAM":2,"COLOUR":["4"],"CONRAD":3,"NATCON":["8"],"OBJNAM":"SS 3","SCAMIN":200000,"SORDAT":"20250524","SORIND":"NL,1R,reprt,MD 320-2025","sourceCellId":"1R75W7XI","sourceChecksum":"aace505c148b09d3fe0b184f009ba8c28a83d0a635029caea23904d367246681","rawObjectClass":"BOYLAT","sourceStableId":"1F2B1B5DA6A30001"},"sourceKind":"official","official":true,"sourceCellId":"1R75W7XI","sourceStableId":"1F2B1B5DA6A30001","pipelineFeatureId":"1R75W7XI/BOYLAT/459122339","provenance":{"cellId":"1R75W7XI","checksum":"aace505c148b09d3fe0b184f009ba8c28a83d0a635029caea23904d367246681","readerVersion":"GDAL 3.2.2","processedAt":"2026-08-11T13:43:44.753Z"}}},{"type":"Feature","geometry":{"type":"Point","coordinates":[3.6181717,51.3875133]},"properties":{"dolphinKind":"buoy-lateral","rawObjectClass":"BOYLAT","sourceProperties":{"RCID":1200397952,"PRIM":1,"GRUP":2,"OBJL":17,"RVER":1,"AGEN":7979,"FIDN":1200397952,"FIDS":1,"LNAM":"1F2B478C9E800001","BOYSHP":5,"CATLAM":2,"COLOUR":["4"],"OBJNAM":"VH 1A","SCAMIN":200000,"SORDAT":"20240820","SORIND":"NL,1R,Reprt,MD 445-24","sourceCellId":"1R75W7XI","sourceChecksum":"aace505c148b09d3fe0b184f009ba8c28a83d0a635029caea23904d367246681","rawObjectClass":"BOYLAT","sourceStableId":"1F2B478C9E800001"},"sourceKind":"official","official":true,"sourceCellId":"1R75W7XI","sourceStableId":"1F2B478C9E800001","pipelineFeatureId":"1R75W7XI/BOYLAT/1200397952","provenance":{"cellId":"1R75W7XI","checksum":"aace505c148b09d3fe0b184f009ba8c28a83d0a635029caea23904d367246681","readerVersion":"GDAL 3.2.2","processedAt":"2026-08-11T13:43:44.753Z"}}},{"type":"Feature","geometry":{"type":"Point","coordinates":[3.5864867,51.4115083]},"properties":{"dolphinKind":"buoy-special","rawObjectClass":"BOYSPP","sourceProperties":{"RCID":17136,"PRIM":1,"GRUP":2,"OBJL":19,"RVER":1,"AGEN":7979,"FIDN":1106834682,"FIDS":452,"LNAM":"1F2B41F8F4FA01C4","BOYSHP":5,"CATSPM":["40"],"COLOUR":["6"],"CONRAD":3,"OBJNAM":"ARV 1","SCAMIN":200000,"SORDAT":"20151208","SORIND":"NL,1R,reprt,MD 513-15","sourceCellId":"1R75W7XI","sourceChecksum":"aace505c148b09d3fe0b184f009ba8c28a83d0a635029caea23904d367246681","rawObjectClass":"BOYSPP","sourceStableId":"1F2B41F8F4FA01C4"},"sourceKind":"official","official":true,"sourceCellId":"1R75W7XI","sourceStableId":"1F2B41F8F4FA01C4","pipelineFeatureId":"1R75W7XI/BOYSPP/17136","provenance":{"cellId":"1R75W7XI","checksum":"aace505c148b09d3fe0b184f009ba8c28a83d0a635029caea23904d367246681","readerVersion":"GDAL 3.2.2","processedAt":"2026-08-11T13:43:44.753Z"}}},{"type":"Feature","geometry":{"type":"Point","coordinates":[3.71275,51.4063833]},"properties":{"dolphinKind":"buoy-special","rawObjectClass":"BOYSPP","sourceProperties":{"RCID":13371914,"PRIM":1,"GRUP":2,"OBJL":19,"RVER":1,"AGEN":7979,"FIDN":13371914,"FIDS":1,"LNAM":"1F2B00CC0A0A0001","BOYSHP":5,"CATSPM":["40"],"COLOUR":["6"],"CONRAD":3,"NATCON":["8"],"OBJNAM":"WAAK","SCAMIN":200000,"SORDAT":"20230719","SORIND":"NL,1R,reprt,NDB verbetering","sourceCellId":"1R75W7XI","sourceChecksum":"aace505c148b09d3fe0b184f009ba8c28a83d0a635029caea23904d367246681","rawObjectClass":"BOYSPP","sourceStableId":"1F2B00CC0A0A0001"},"sourceKind":"official","official":true,"sourceCellId":"1R75W7XI","sourceStableId":"1F2B00CC0A0A0001","pipelineFeatureId":"1R75W7XI/BOYSPP/13371914","provenance":{"cellId":"1R75W7XI","checksum":"aace505c148b09d3fe0b184f009ba8c28a83d0a635029caea23904d367246681","readerVersion":"GDAL 3.2.2","processedAt":"2026-08-11T13:43:44.753Z"}}},{"type":"Feature","geometry":{"type":"Point","coordinates":[3.6340617,51.41178]},"properties":{"dolphinKind":"buoy-special","rawObjectClass":"BOYSPP","sourceProperties":{"RCID":459122344,"PRIM":1,"GRUP":2,"OBJL":19,"RVER":1,"AGEN":7979,"FIDN":459122344,"FIDS":1,"LNAM":"1F2B1B5DA6A80001","LNAM_REFS":["1F2B1B5DD7AF0001"],"FFPT_RIND":[2],"BOYSHP":5,"CATSPM":["40"],"COLOUR":["6"],"CONRAD":3,"OBJNAM":"ARV 5","SCAMIN":200000,"SORDAT":"20220516","SORIND":"NL,1R,Rerpt,MD 284-22","sourceCellId":"1R75W7XI","sourceChecksum":"aace505c148b09d3fe0b184f009ba8c28a83d0a635029caea23904d367246681","rawObjectClass":"BOYSPP","sourceStableId":"1F2B1B5DA6A80001"},"sourceKind":"official","official":true,"sourceCellId":"1R75W7XI","sourceStableId":"1F2B1B5DA6A80001","pipelineFeatureId":"1R75W7XI/BOYSPP/459122344","provenance":{"cellId":"1R75W7XI","checksum":"aace505c148b09d3fe0b184f009ba8c28a83d0a635029caea23904d367246681","readerVersion":"GDAL 3.2.2","processedAt":"2026-08-11T13:43:44.753Z"}}},{"type":"Feature","geometry":{"type":"Point","coordinates":[3.607175,51.4118217]},"properties":{"dolphinKind":"buoy-special","rawObjectClass":"BOYSPP","sourceProperties":{"RCID":460427156,"PRIM":1,"GRUP":2,"OBJL":19,"RVER":1,"AGEN":7979,"FIDN":460427156,"FIDS":1,"LNAM":"1F2B1B718F940001","LNAM_REFS":["1F2B1B718F950001"],"FFPT_RIND":[2],"BOYSHP":1,"CATSPM":["40"],"COLOUR":["6"],"CONRAD":3,"OBJNAM":"ARV 3","SCAMIN":200000,"SORDAT":"20220516","SORIND":"NL,1R,Rerpt,MD 284-22","sourceCellId":"1R75W7XI","sourceChecksum":"aace505c148b09d3fe0b184f009ba8c28a83d0a635029caea23904d367246681","rawObjectClass":"BOYSPP","sourceStableId":"1F2B1B718F940001"},"sourceKind":"official","official":true,"sourceCellId":"1R75W7XI","sourceStableId":"1F2B1B718F940001","pipelineFeatureId":"1R75W7XI/BOYSPP/460427156","provenance":{"cellId":"1R75W7XI","checksum":"aace505c148b09d3fe0b184f009ba8c28a83d0a635029caea23904d367246681","readerVersion":"GDAL 3.2.2","processedAt":"2026-08-11T13:43:44.753Z"}}},{"type":"Feature","geometry":{"type":"Point","coordinates":[3.6313667,51.3816667]},"properties":{"dolphinKind":"buoy-special","rawObjectClass":"BOYSPP","sourceProperties":{"RCID":475750470,"PRIM":1,"GRUP":2,"OBJL":19,"RVER":1,"AGEN":7979,"FIDN":475750470,"FIDS":1,"LNAM":"1F2B1C5B60460001","LNAM_REFS":["1F2B1C5B60470001"],"FFPT_RIND":[2],"BOYSHP":5,"CATSPM":["27"],"COLOUR":["6"],"OBJNAM":"ZINK-A","SCAMIN":200000,"SORDAT":"20220801","SORIND":"NL,1R,reprt,Bass 109-2022","sourceCellId":"1R75W7XI","sourceChecksum":"aace505c148b09d3fe0b184f009ba8c28a83d0a635029caea23904d367246681","rawObjectClass":"BOYSPP","sourceStableId":"1F2B1C5B60460001"},"sourceKind":"official","official":true,"sourceCellId":"1R75W7XI","sourceStableId":"1F2B1C5B60460001","pipelineFeatureId":"1R75W7XI/BOYSPP/475750470","provenance":{"cellId":"1R75W7XI","checksum":"aace505c148b09d3fe0b184f009ba8c28a83d0a635029caea23904d367246681","readerVersion":"GDAL 3.2.2","processedAt":"2026-08-11T13:43:44.753Z"}}},{"type":"Feature","geometry":{"type":"Point","coordinates":[3.6475,51.3775333]},"properties":{"dolphinKind":"buoy-special","rawObjectClass":"BOYSPP","sourceProperties":{"RCID":475750472,"PRIM":1,"GRUP":2,"OBJL":19,"RVER":1,"AGEN":7979,"FIDN":475750472,"FIDS":1,"LNAM":"1F2B1C5B60480001","LNAM_REFS":["1F2B1C5B604A0001"],"FFPT_RIND":[2],"BOYSHP":5,"CATSPM":["27"],"COLOUR":["6"],"OBJNAM":"ZINK-B","SCAMIN":200000,"SORDAT":"20220801","SORIND":"NL,1R,reprt,Bass 109-2022","sourceCellId":"1R75W7XI","sourceChecksum":"aace505c148b09d3fe0b184f009ba8c28a83d0a635029caea23904d367246681","rawObjectClass":"BOYSPP","sourceStableId":"1F2B1C5B60480001"},"sourceKind":"official","official":true,"sourceCellId":"1R75W7XI","sourceStableId":"1F2B1C5B60480001","pipelineFeatureId":"1R75W7XI/BOYSPP/475750472","provenance":{"cellId":"1R75W7XI","checksum":"aace505c148b09d3fe0b184f009ba8c28a83d0a635029caea23904d367246681","readerVersion":"GDAL 3.2.2","processedAt":"2026-08-11T13:43:44.753Z"}}},{"type":"Feature","geometry":{"type":"Point","coordinates":[3.6471,51.3766667]},"properties":{"dolphinKind":"buoy-special","rawObjectClass":"BOYSPP","sourceProperties":{"RCID":475750475,"PRIM":1,"GRUP":2,"OBJL":19,"RVER":1,"AGEN":7979,"FIDN":475750475,"FIDS":1,"LNAM":"1F2B1C5B604B0001","LNAM_REFS":["1F2B1C5B604C0001"],"FFPT_RIND":[2],"BOYSHP":5,"CATSPM":["27"],"COLOUR":["6"],"OBJNAM":"ZINK-C","SCAMIN":200000,"SORDAT":"20220801","SORIND":"NL,1R,reprt,Bass 109-2022","sourceCellId":"1R75W7XI","sourceChecksum":"aace505c148b09d3fe0b184f009ba8c28a83d0a635029caea23904d367246681","rawObjectClass":"BOYSPP","sourceStableId":"1F2B1C5B604B0001"},"sourceKind":"official","official":true,"sourceCellId":"1R75W7XI","sourceStableId":"1F2B1C5B604B0001","pipelineFeatureId":"1R75W7XI/BOYSPP/475750475","provenance":{"cellId":"1R75W7XI","checksum":"aace505c148b09d3fe0b184f009ba8c28a83d0a635029caea23904d367246681","readerVersion":"GDAL 3.2.2","processedAt":"2026-08-11T13:43:44.753Z"}}},{"type":"Feature","geometry":{"type":"Point","coordinates":[3.6304667,51.3796167]},"properties":{"dolphinKind":"buoy-special","rawObjectClass":"BOYSPP","sourceProperties":{"RCID":475750477,"PRIM":1,"GRUP":2,"OBJL":19,"RVER":1,"AGEN":7979,"FIDN":475750477,"FIDS":1,"LNAM":"1F2B1C5B604D0001","LNAM_REFS":["1F2B1C5B604E0001"],"FFPT_RIND":[2],"BOYSHP":5,"CATSPM":["27"],"COLOUR":["6"],"OBJNAM":"ZINK-D","SCAMIN":200000,"SORDAT":"20220801","SORIND":"NL,1R,reprt,Bass 109-2022","sourceCellId":"1R75W7XI","sourceChecksum":"aace505c148b09d3fe0b184f009ba8c28a83d0a635029caea23904d367246681","rawObjectClass":"BOYSPP","sourceStableId":"1F2B1C5B604D0001"},"sourceKind":"official","official":true,"sourceCellId":"1R75W7XI","sourceStableId":"1F2B1C5B604D0001","pipelineFeatureId":"1R75W7XI/BOYSPP/475750477","provenance":{"cellId":"1R75W7XI","checksum":"aace505c148b09d3fe0b184f009ba8c28a83d0a635029caea23904d367246681","readerVersion":"GDAL 3.2.2","processedAt":"2026-08-11T13:43:44.753Z"}}},{"type":"Feature","geometry":{"type":"Point","coordinates":[3.6486217,51.376665]},"properties":{"dolphinKind":"buoy-special","rawObjectClass":"BOYSPP","sourceProperties":{"RCID":1180712252,"PRIM":1,"GRUP":2,"OBJL":19,"RVER":1,"AGEN":7979,"FIDN":1180712252,"FIDS":1,"LNAM":"1F2B46603D3C0001","LNAM_REFS":["1F2B46603D3B0001"],"FFPT_RIND":[2],"BOYSHP":5,"CATSPM":["55"],"COLOUR":["6"],"CONRAD":3,"NATCON":["8"],"OBJNAM":"MHC A","SCAMIN":200000,"SORDAT":"20240229","SORIND":"NL,1R,Reprt,MD 109-24","sourceCellId":"1R75W7XI","sourceChecksum":"aace505c148b09d3fe0b184f009ba8c28a83d0a635029caea23904d367246681","rawObjectClass":"BOYSPP","sourceStableId":"1F2B46603D3C0001"},"sourceKind":"official","official":true,"sourceCellId":"1R75W7XI","sourceStableId":"1F2B46603D3C0001","pipelineFeatureId":"1R75W7XI/BOYSPP/1180712252","provenance":{"cellId":"1R75W7XI","checksum":"aace505c148b09d3fe0b184f009ba8c28a83d0a635029caea23904d367246681","readerVersion":"GDAL 3.2.2","processedAt":"2026-08-11T13:43:44.753Z"}}},{"type":"Feature","geometry":{"type":"Point","coordinates":[3.657265,51.3758917]},"properties":{"dolphinKind":"buoy-special","rawObjectClass":"BOYSPP","sourceProperties":{"RCID":1180712254,"PRIM":1,"GRUP":2,"OBJL":19,"RVER":1,"AGEN":7979,"FIDN":1180712254,"FIDS":1,"LNAM":"1F2B46603D3E0001","LNAM_REFS":["1F2B46603D3D0001"],"FFPT_RIND":[2],"BOYSHP":5,"CATSPM":["55"],"COLOUR":["6"],"CONRAD":3,"NATCON":["8"],"OBJNAM":"MHC B","SCAMIN":200000,"SORDAT":"20240229","SORIND":"NL,1R,Reprt,MD 109-24","sourceCellId":"1R75W7XI","sourceChecksum":"aace505c148b09d3fe0b184f009ba8c28a83d0a635029caea23904d367246681","rawObjectClass":"BOYSPP","sourceStableId":"1F2B46603D3E0001"},"sourceKind":"official","official":true,"sourceCellId":"1R75W7XI","sourceStableId":"1F2B46603D3E0001","pipelineFeatureId":"1R75W7XI/BOYSPP/1180712254","provenance":{"cellId":"1R75W7XI","checksum":"aace505c148b09d3fe0b184f009ba8c28a83d0a635029caea23904d367246681","readerVersion":"GDAL 3.2.2","processedAt":"2026-08-11T13:43:44.753Z"}}},{"type":"Feature","geometry":{"type":"Point","coordinates":[3.6627767,51.37585]},"properties":{"dolphinKind":"buoy-special","rawObjectClass":"BOYSPP","sourceProperties":{"RCID":1180712256,"PRIM":1,"GRUP":2,"OBJL":19,"RVER":1,"AGEN":7979,"FIDN":1180712256,"FIDS":1,"LNAM":"1F2B46603D400001","LNAM_REFS":["1F2B46603D3F0001"],"FFPT_RIND":[2],"BOYSHP":5,"CATSPM":["55"],"COLOUR":["6"],"CONRAD":3,"NATCON":["8"],"OBJNAM":"MHC C","SCAMIN":200000,"SORDAT":"20251217","SORIND":"NL,1R,Reprt,MD 594-2025","sourceCellId":"1R75W7XI","sourceChecksum":"aace505c148b09d3fe0b184f009ba8c28a83d0a635029caea23904d367246681","rawObjectClass":"BOYSPP","sourceStableId":"1F2B46603D400001"},"sourceKind":"official","official":true,"sourceCellId":"1R75W7XI","sourceStableId":"1F2B46603D400001","pipelineFeatureId":"1R75W7XI/BOYSPP/1180712256","provenance":{"cellId":"1R75W7XI","checksum":"aace505c148b09d3fe0b184f009ba8c28a83d0a635029caea23904d367246681","readerVersion":"GDAL 3.2.2","processedAt":"2026-08-11T13:43:44.753Z"}}},{"type":"Feature","geometry":{"type":"Point","coordinates":[3.5516333,51.406]},"properties":{"dolphinKind":"light","rawObjectClass":"LIGHTS","sourceProperties":{"RCID":16538,"PRIM":1,"GRUP":2,"OBJL":75,"RVER":1,"AGEN":7979,"FIDN":1106834596,"FIDS":424,"LNAM":"1F2B41F8F4A401A8","COLOUR":["4"],"HEIGHT":10,"LITCHR":1,"VALNMR":4,"INFORM":"Visible: 180-245 deg. During fog conditions also FY (harbour inbound) and FW (harbour outbound).","NINFOM":"Zichtbaar: 180- 245 graden. Bij mist tevens FY (haveninwaarts) en FW (rivierwaarts mistzwaailamp).","SCAMIN":200000,"SORDAT":"20030923","sourceCellId":"1R75W7XI","sourceChecksum":"aace505c148b09d3fe0b184f009ba8c28a83d0a635029caea23904d367246681","rawObjectClass":"LIGHTS","sourceStableId":"1F2B41F8F4A401A8"},"sourceKind":"official","official":true,"sourceCellId":"1R75W7XI","sourceStableId":"1F2B41F8F4A401A8","pipelineFeatureId":"1R75W7XI/LIGHTS/16538","provenance":{"cellId":"1R75W7XI","checksum":"aace505c148b09d3fe0b184f009ba8c28a83d0a635029caea23904d367246681","readerVersion":"GDAL 3.2.2","processedAt":"2026-08-11T13:43:44.753Z"}}},{"type":"Feature","geometry":{"type":"Point","coordinates":[3.5529167,51.4048667]},"properties":{"dolphinKind":"light","rawObjectClass":"LIGHTS","sourceProperties":{"RCID":16541,"PRIM":1,"GRUP":2,"OBJL":75,"RVER":1,"AGEN":7979,"FIDN":1106834596,"FIDS":427,"LNAM":"1F2B41F8F4A401AB","COLOUR":["3"],"HEIGHT":10,"LITCHR":1,"VALNMR":5,"INFORM":"during fog conditions also F Y (harbour inbound and outbound)","NINFOM":"bij mist tevens: FY (haveninwaarts en rivierwaarts)","SCAMIN":200000,"SORDAT":"20030923","sourceCellId":"1R75W7XI","sourceChecksum":"aace505c148b09d3fe0b184f009ba8c28a83d0a635029caea23904d367246681","rawObjectClass":"LIGHTS","sourceStableId":"1F2B41F8F4A401AB"},"sourceKind":"official","official":true,"sourceCellId":"1R75W7XI","sourceStableId":"1F2B41F8F4A401AB","pipelineFeatureId":"1R75W7XI/LIGHTS/16541","provenance":{"cellId":"1R75W7XI","checksum":"aace505c148b09d3fe0b184f009ba8c28a83d0a635029caea23904d367246681","readerVersion":"GDAL 3.2.2","processedAt":"2026-08-11T13:43:44.753Z"}}},{"type":"Feature","geometry":{"type":"Point","coordinates":[3.56775,51.4005833]},"properties":{"dolphinKind":"light","rawObjectClass":"LIGHTS","sourceProperties":{"RCID":16555,"PRIM":1,"GRUP":2,"OBJL":75,"RVER":1,"AGEN":7979,"FIDN":1106834596,"FIDS":441,"LNAM":"1F2B41F8F4A401B9","COLOUR":["4"],"LITCHR":1,"SCAMIN":200000,"SORDAT":"20030923","sourceCellId":"1R75W7XI","sourceChecksum":"aace505c148b09d3fe0b184f009ba8c28a83d0a635029caea23904d367246681","rawObjectClass":"LIGHTS","sourceStableId":"1F2B41F8F4A401B9"},"sourceKind":"official","official":true,"sourceCellId":"1R75W7XI","sourceStableId":"1F2B41F8F4A401B9","pipelineFeatureId":"1R75W7XI/LIGHTS/16555","provenance":{"cellId":"1R75W7XI","checksum":"aace505c148b09d3fe0b184f009ba8c28a83d0a635029caea23904d367246681","readerVersion":"GDAL 3.2.2","processedAt":"2026-08-11T13:43:44.753Z"}}},{"type":"Feature","geometry":{"type":"Point","coordinates":[3.5682,51.3991834]},"properties":{"dolphinKind":"light","rawObjectClass":"LIGHTS","sourceProperties":{"RCID":16557,"PRIM":1,"GRUP":2,"OBJL":75,"RVER":1,"AGEN":7979,"FIDN":1106834596,"FIDS":443,"LNAM":"1F2B41F8F4A401BB","COLOUR":["3"],"HEIGHT":7,"LITCHR":1,"SCAMIN":200000,"SORDAT":"20030923","sourceCellId":"1R75W7XI","sourceChecksum":"aace505c148b09d3fe0b184f009ba8c28a83d0a635029caea23904d367246681","rawObjectClass":"LIGHTS","sourceStableId":"1F2B41F8F4A401BB"},"sourceKind":"official","official":true,"sourceCellId":"1R75W7XI","sourceStableId":"1F2B41F8F4A401BB","pipelineFeatureId":"1R75W7XI/LIGHTS/16557","provenance":{"cellId":"1R75W7XI","checksum":"aace505c148b09d3fe0b184f009ba8c28a83d0a635029caea23904d367246681","readerVersion":"GDAL 3.2.2","processedAt":"2026-08-11T13:43:44.753Z"}}},{"type":"Feature","geometry":{"type":"Point","coordinates":[3.61195,51.4222345]},"properties":{"dolphinKind":"light","rawObjectClass":"LIGHTS","sourceProperties":{"RCID":16986,"PRIM":1,"GRUP":2,"OBJL":75,"RVER":1,"AGEN":7979,"FIDN":1106834682,"FIDS":302,"LNAM":"1F2B41F8F4FA012E","COLOUR":["4"],"LITCHR":5,"SIGGRP":"(1)","SIGPER":1,"SCAMIN":200000,"SORDAT":"20030930","sourceCellId":"1R75W7XI","sourceChecksum":"aace505c148b09d3fe0b184f009ba8c28a83d0a635029caea23904d367246681","rawObjectClass":"LIGHTS","sourceStableId":"1F2B41F8F4FA012E"},"sourceKind":"official","official":true,"sourceCellId":"1R75W7XI","sourceStableId":"1F2B41F8F4FA012E","pipelineFeatureId":"1R75W7XI/LIGHTS/16986","provenance":{"cellId":"1R75W7XI","checksum":"aace505c148b09d3fe0b184f009ba8c28a83d0a635029caea23904d367246681","readerVersion":"GDAL 3.2.2","processedAt":"2026-08-11T13:43:44.753Z"}}},{"type":"Feature","geometry":{"type":"Point","coordinates":[3.5610167,51.4193]},"properties":{"dolphinKind":"light","rawObjectClass":"LIGHTS","sourceProperties":{"RCID":16988,"PRIM":1,"GRUP":2,"OBJL":75,"RVER":1,"AGEN":7979,"FIDN":1106834682,"FIDS":304,"LNAM":"1F2B41F8F4FA0130","COLOUR":["4"],"LITCHR":4,"SIGGRP":"(1)","SIGPER":1,"SCAMIN":200000,"SORDAT":"20030930","sourceCellId":"1R75W7XI","sourceChecksum":"aace505c148b09d3fe0b184f009ba8c28a83d0a635029caea23904d367246681","rawObjectClass":"LIGHTS","sourceStableId":"1F2B41F8F4FA0130"},"sourceKind":"official","official":true,"sourceCellId":"1R75W7XI","sourceStableId":"1F2B41F8F4FA0130","pipelineFeatureId":"1R75W7XI/LIGHTS/16988","provenance":{"cellId":"1R75W7XI","checksum":"aace505c148b09d3fe0b184f009ba8c28a83d0a635029caea23904d367246681","readerVersion":"GDAL 3.2.2","processedAt":"2026-08-11T13:43:44.753Z"}}},{"type":"Feature","geometry":{"type":"Point","coordinates":[3.5649834,51.4118544]},"properties":{"dolphinKind":"light","rawObjectClass":"LIGHTS","sourceProperties":{"RCID":16990,"PRIM":1,"GRUP":2,"OBJL":75,"RVER":1,"AGEN":7979,"FIDN":1106834682,"FIDS":306,"LNAM":"1F2B41F8F4FA0132","COLOUR":["1"],"LITCHR":4,"SIGGRP":"(1)","SIGPER":1,"SCAMIN":200000,"SORDAT":"20030930","sourceCellId":"1R75W7XI","sourceChecksum":"aace505c148b09d3fe0b184f009ba8c28a83d0a635029caea23904d367246681","rawObjectClass":"LIGHTS","sourceStableId":"1F2B41F8F4FA0132"},"sourceKind":"official","official":true,"sourceCellId":"1R75W7XI","sourceStableId":"1F2B41F8F4FA0132","pipelineFeatureId":"1R75W7XI/LIGHTS/16990","provenance":{"cellId":"1R75W7XI","checksum":"aace505c148b09d3fe0b184f009ba8c28a83d0a635029caea23904d367246681","readerVersion":"GDAL 3.2.2","processedAt":"2026-08-11T13:43:44.753Z"}}},{"type":"Feature","geometry":{"type":"Point","coordinates":[3.7155833,51.39089]},"properties":{"dolphinKind":"light","rawObjectClass":"LIGHTS","sourceProperties":{"RCID":17075,"PRIM":1,"GRUP":2,"OBJL":75,"RVER":1,"AGEN":7979,"FIDN":1106834682,"FIDS":391,"LNAM":"1F2B41F8F4FA0187","COLOUR":["3"],"LITCHR":7,"SIGGRP":"(1)","SIGPER":8,"SCAMIN":200000,"SORDAT":"20151120","SORIND":"NL,1R,reprt,BASS 140/2015","sourceCellId":"1R75W7XI","sourceChecksum":"aace505c148b09d3fe0b184f009ba8c28a83d0a635029caea23904d367246681","rawObjectClass":"LIGHTS","sourceStableId":"1F2B41F8F4FA0187"},"sourceKind":"official","official":true,"sourceCellId":"1R75W7XI","sourceStableId":"1F2B41F8F4FA0187","pipelineFeatureId":"1R75W7XI/LIGHTS/17075","provenance":{"cellId":"1R75W7XI","checksum":"aace505c148b09d3fe0b184f009ba8c28a83d0a635029caea23904d367246681","readerVersion":"GDAL 3.2.2","processedAt":"2026-08-11T13:43:44.753Z"}}},{"type":"Feature","geometry":{"type":"Point","coordinates":[3.70631,51.3865917]},"properties":{"dolphinKind":"light","rawObjectClass":"LIGHTS","sourceProperties":{"RCID":17079,"PRIM":1,"GRUP":2,"OBJL":75,"RVER":1,"AGEN":7979,"FIDN":1106834682,"FIDS":395,"LNAM":"1F2B41F8F4FA018B","COLOUR":["4"],"LITCHR":7,"SIGGRP":"(1)","SIGPER":4,"SCAMIN":200000,"SORDAT":"20161019","SORIND":"NL,1R,Reprt,BASS122-2016","sourceCellId":"1R75W7XI","sourceChecksum":"aace505c148b09d3fe0b184f009ba8c28a83d0a635029caea23904d367246681","rawObjectClass":"LIGHTS","sourceStableId":"1F2B41F8F4FA018B"},"sourceKind":"official","official":true,"sourceCellId":"1R75W7XI","sourceStableId":"1F2B41F8F4FA018B","pipelineFeatureId":"1R75W7XI/LIGHTS/17079","provenance":{"cellId":"1R75W7XI","checksum":"aace505c148b09d3fe0b184f009ba8c28a83d0a635029caea23904d367246681","readerVersion":"GDAL 3.2.2","processedAt":"2026-08-11T13:43:44.753Z"}}},{"type":"Feature","geometry":{"type":"Point","coordinates":[3.705005,51.4135233]},"properties":{"dolphinKind":"light","rawObjectClass":"LIGHTS","sourceProperties":{"RCID":17105,"PRIM":1,"GRUP":2,"OBJL":75,"RVER":1,"AGEN":7979,"FIDN":1106834682,"FIDS":421,"LNAM":"1F2B41F8F4FA01A5","COLOUR":["4"],"LITCHR":7,"SIGGRP":"(1)","SIGPER":4,"SCAMIN":200000,"SORDAT":"20030930","sourceCellId":"1R75W7XI","sourceChecksum":"aace505c148b09d3fe0b184f009ba8c28a83d0a635029caea23904d367246681","rawObjectClass":"LIGHTS","sourceStableId":"1F2B41F8F4FA01A5"},"sourceKind":"official","official":true,"sourceCellId":"1R75W7XI","sourceStableId":"1F2B41F8F4FA01A5","pipelineFeatureId":"1R75W7XI/LIGHTS/17105","provenance":{"cellId":"1R75W7XI","checksum":"aace505c148b09d3fe0b184f009ba8c28a83d0a635029caea23904d367246681","readerVersion":"GDAL 3.2.2","processedAt":"2026-08-11T13:43:44.753Z"}}},{"type":"Feature","geometry":{"type":"Point","coordinates":[3.71405,51.3941333]},"properties":{"dolphinKind":"light","rawObjectClass":"LIGHTS","sourceProperties":{"RCID":17114,"PRIM":1,"GRUP":2,"OBJL":75,"RVER":1,"AGEN":7979,"FIDN":1106834682,"FIDS":430,"LNAM":"1F2B41F8F4FA01AE","COLOUR":["3"],"LITCHR":7,"SIGGRP":"(1)","SIGPER":4,"SCAMIN":200000,"SORDAT":"20151120","SORIND":"NL,1R,reprt,BASS 140/2015","sourceCellId":"1R75W7XI","sourceChecksum":"aace505c148b09d3fe0b184f009ba8c28a83d0a635029caea23904d367246681","rawObjectClass":"LIGHTS","sourceStableId":"1F2B41F8F4FA01AE"},"sourceKind":"official","official":true,"sourceCellId":"1R75W7XI","sourceStableId":"1F2B41F8F4FA01AE","pipelineFeatureId":"1R75W7XI/LIGHTS/17114","provenance":{"cellId":"1R75W7XI","checksum":"aace505c148b09d3fe0b184f009ba8c28a83d0a635029caea23904d367246681","readerVersion":"GDAL 3.2.2","processedAt":"2026-08-11T13:43:44.753Z"}}},{"type":"Feature","geometry":{"type":"Point","coordinates":[3.7121667,51.40695]},"properties":{"dolphinKind":"light","rawObjectClass":"LIGHTS","sourceProperties":{"RCID":17116,"PRIM":1,"GRUP":2,"OBJL":75,"RVER":1,"AGEN":7979,"FIDN":1106834682,"FIDS":432,"LNAM":"1F2B41F8F4FA01B0","COLOUR":["1"],"LITCHR":5,"SIGGRP":"(9)","SIGPER":10,"SCAMIN":500000,"SORDAT":"20030930","sourceCellId":"1R75W7XI","sourceChecksum":"aace505c148b09d3fe0b184f009ba8c28a83d0a635029caea23904d367246681","rawObjectClass":"LIGHTS","sourceStableId":"1F2B41F8F4FA01B0"},"sourceKind":"official","official":true,"sourceCellId":"1R75W7XI","sourceStableId":"1F2B41F8F4FA01B0","pipelineFeatureId":"1R75W7XI/LIGHTS/17116","provenance":{"cellId":"1R75W7XI","checksum":"aace505c148b09d3fe0b184f009ba8c28a83d0a635029caea23904d367246681","readerVersion":"GDAL 3.2.2","processedAt":"2026-08-11T13:43:44.753Z"}}},{"type":"Feature","geometry":{"type":"Point","coordinates":[3.706915,51.4068867]},"properties":{"dolphinKind":"light","rawObjectClass":"LIGHTS","sourceProperties":{"RCID":17119,"PRIM":1,"GRUP":2,"OBJL":75,"RVER":1,"AGEN":7979,"FIDN":1106834682,"FIDS":435,"LNAM":"1F2B41F8F4FA01B3","COLOUR":["4"],"LITCHR":7,"SIGGRP":"(1)","SIGPER":8,"SCAMIN":200000,"SORDAT":"20030930","sourceCellId":"1R75W7XI","sourceChecksum":"aace505c148b09d3fe0b184f009ba8c28a83d0a635029caea23904d367246681","rawObjectClass":"LIGHTS","sourceStableId":"1F2B41F8F4FA01B3"},"sourceKind":"official","official":true,"sourceCellId":"1R75W7XI","sourceStableId":"1F2B41F8F4FA01B3","pipelineFeatureId":"1R75W7XI/LIGHTS/17119","provenance":{"cellId":"1R75W7XI","checksum":"aace505c148b09d3fe0b184f009ba8c28a83d0a635029caea23904d367246681","readerVersion":"GDAL 3.2.2","processedAt":"2026-08-11T13:43:44.753Z"}}},{"type":"Feature","geometry":{"type":"Point","coordinates":[3.7089667,51.4235833]},"properties":{"dolphinKind":"light","rawObjectClass":"LIGHTS","sourceProperties":{"RCID":17663,"PRIM":1,"GRUP":2,"OBJL":75,"RVER":1,"AGEN":7979,"FIDN":1106834684,"FIDS":469,"LNAM":"1F2B41F8F4FC01D5","COLOUR":["3"],"LITCHR":8,"SIGGRP":"(1)","SIGPER":5,"SIGSEQ":"(1.0)+4.0","SCAMIN":200000,"SORDAT":"20090309","SORIND":"NL,1R,rpert,ENC verbetering","sourceCellId":"1R75W7XI","sourceChecksum":"aace505c148b09d3fe0b184f009ba8c28a83d0a635029caea23904d367246681","rawObjectClass":"LIGHTS","sourceStableId":"1F2B41F8F4FC01D5"},"sourceKind":"official","official":true,"sourceCellId":"1R75W7XI","sourceStableId":"1F2B41F8F4FC01D5","pipelineFeatureId":"1R75W7XI/LIGHTS/17663","provenance":{"cellId":"1R75W7XI","checksum":"aace505c148b09d3fe0b184f009ba8c28a83d0a635029caea23904d367246681","readerVersion":"GDAL 3.2.2","processedAt":"2026-08-11T13:43:44.753Z"}}},{"type":"Feature","geometry":{"type":"Point","coordinates":[3.7329667,51.3981667]},"properties":{"dolphinKind":"light","rawObjectClass":"LIGHTS","sourceProperties":{"RCID":13087738,"PRIM":1,"GRUP":2,"OBJL":75,"RVER":1,"AGEN":7979,"FIDN":13087738,"FIDS":1,"LNAM":"1F2B00C7B3FA0001","COLOUR":["4"],"LITCHR":7,"SIGGRP":"(1)","SIGPER":8,"SCAMIN":200000,"sourceCellId":"1R75W7XI","sourceChecksum":"aace505c148b09d3fe0b184f009ba8c28a83d0a635029caea23904d367246681","rawObjectClass":"LIGHTS","sourceStableId":"1F2B00C7B3FA0001"},"sourceKind":"official","official":true,"sourceCellId":"1R75W7XI","sourceStableId":"1F2B00C7B3FA0001","pipelineFeatureId":"1R75W7XI/LIGHTS/13087738","provenance":{"cellId":"1R75W7XI","checksum":"aace505c148b09d3fe0b184f009ba8c28a83d0a635029caea23904d367246681","readerVersion":"GDAL 3.2.2","processedAt":"2026-08-11T13:43:44.753Z"}}},{"type":"Feature","geometry":{"type":"Point","coordinates":[3.7197333,51.4157]},"properties":{"dolphinKind":"light","rawObjectClass":"LIGHTS","sourceProperties":{"RCID":26702198,"PRIM":1,"GRUP":2,"OBJL":75,"RVER":1,"AGEN":7979,"FIDN":26702198,"FIDS":1,"LNAM":"1F2B019771760001","COLOUR":["3"],"LITCHR":4,"SIGGRP":"(1)","SIGPER":1,"SCAMIN":200000,"SORDAT":"20090309","SORIND":"NL,1R,Reprt,Bass019/09","sourceCellId":"1R75W7XI","sourceChecksum":"aace505c148b09d3fe0b184f009ba8c28a83d0a635029caea23904d367246681","rawObjectClass":"LIGHTS","sourceStableId":"1F2B019771760001"},"sourceKind":"official","official":true,"sourceCellId":"1R75W7XI","sourceStableId":"1F2B019771760001","pipelineFeatureId":"1R75W7XI/LIGHTS/26702198","provenance":{"cellId":"1R75W7XI","checksum":"aace505c148b09d3fe0b184f009ba8c28a83d0a635029caea23904d367246681","readerVersion":"GDAL 3.2.2","processedAt":"2026-08-11T13:43:44.753Z"}}},{"type":"Feature","geometry":{"type":"Point","coordinates":[3.7154967,51.3806117]},"properties":{"dolphinKind":"light","rawObjectClass":"LIGHTS","sourceProperties":{"RCID":204616901,"PRIM":1,"GRUP":2,"OBJL":75,"RVER":1,"AGEN":7979,"FIDN":204616901,"FIDS":1,"LNAM":"1F2B0C3234C50001","COLOUR":["4"],"LITCHR":5,"SIGGRP":"(1)","SIGPER":1,"SCAMIN":200000,"SORDAT":"20161019","SORIND":"NL,1R,Reprt,BASS122-2016","sourceCellId":"1R75W7XI","sourceChecksum":"aace505c148b09d3fe0b184f009ba8c28a83d0a635029caea23904d367246681","rawObjectClass":"LIGHTS","sourceStableId":"1F2B0C3234C50001"},"sourceKind":"official","official":true,"sourceCellId":"1R75W7XI","sourceStableId":"1F2B0C3234C50001","pipelineFeatureId":"1R75W7XI/LIGHTS/204616901","provenance":{"cellId":"1R75W7XI","checksum":"aace505c148b09d3fe0b184f009ba8c28a83d0a635029caea23904d367246681","readerVersion":"GDAL 3.2.2","processedAt":"2026-08-11T13:43:44.753Z"}}},{"type":"Feature","geometry":{"type":"Point","coordinates":[3.6138317,51.38687]},"properties":{"dolphinKind":"light","rawObjectClass":"LIGHTS","sourceProperties":{"RCID":208406918,"PRIM":1,"GRUP":2,"OBJL":75,"RVER":1,"AGEN":7979,"FIDN":208406918,"FIDS":1,"LNAM":"1F2B0C6C09860001","COLOUR":["4"],"LITCHR":7,"SIGGRP":"(1)","SIGPER":4,"SCAMIN":200000,"SORDAT":"20161202","SORIND":"NL,1R,reprt,Bass 149-2016","sourceCellId":"1R75W7XI","sourceChecksum":"aace505c148b09d3fe0b184f009ba8c28a83d0a635029caea23904d367246681","rawObjectClass":"LIGHTS","sourceStableId":"1F2B0C6C09860001"},"sourceKind":"official","official":true,"sourceCellId":"1R75W7XI","sourceStableId":"1F2B0C6C09860001","pipelineFeatureId":"1R75W7XI/LIGHTS/208406918","provenance":{"cellId":"1R75W7XI","checksum":"aace505c148b09d3fe0b184f009ba8c28a83d0a635029caea23904d367246681","readerVersion":"GDAL 3.2.2","processedAt":"2026-08-11T13:43:44.753Z"}}},{"type":"Feature","geometry":{"type":"Point","coordinates":[3.7078667,51.3986167]},"properties":{"dolphinKind":"light","rawObjectClass":"LIGHTS","sourceProperties":{"RCID":245298806,"PRIM":1,"GRUP":2,"OBJL":75,"RVER":1,"AGEN":7979,"FIDN":245298806,"FIDS":1,"LNAM":"1F2B0E9EF6760001","COLOUR":["1"],"LITCHR":5,"SIGGRP":"(3)","SIGPER":5,"SCAMIN":200000,"SORDAT":"20030930","sourceCellId":"1R75W7XI","sourceChecksum":"aace505c148b09d3fe0b184f009ba8c28a83d0a635029caea23904d367246681","rawObjectClass":"LIGHTS","sourceStableId":"1F2B0E9EF6760001"},"sourceKind":"official","official":true,"sourceCellId":"1R75W7XI","sourceStableId":"1F2B0E9EF6760001","pipelineFeatureId":"1R75W7XI/LIGHTS/245298806","provenance":{"cellId":"1R75W7XI","checksum":"aace505c148b09d3fe0b184f009ba8c28a83d0a635029caea23904d367246681","readerVersion":"GDAL 3.2.2","processedAt":"2026-08-11T13:43:44.753Z"}}},{"type":"Feature","geometry":{"type":"Point","coordinates":[3.6653883,51.42089]},"properties":{"dolphinKind":"light","rawObjectClass":"LIGHTS","sourceProperties":{"RCID":245594650,"PRIM":1,"GRUP":2,"OBJL":75,"RVER":1,"AGEN":7979,"FIDN":245594650,"FIDS":1,"LNAM":"1F2B0EA37A1A0001","CATLIT":["19"],"COLOUR":["4"],"LITCHR":7,"SIGGRP":"(1)","SIGPER":4,"SCAMIN":200000,"SORDAT":"20220510","SORIND":"NL,1R,Rerpt,MD 284-22","sourceCellId":"1R75W7XI","sourceChecksum":"aace505c148b09d3fe0b184f009ba8c28a83d0a635029caea23904d367246681","rawObjectClass":"LIGHTS","sourceStableId":"1F2B0EA37A1A0001"},"sourceKind":"official","official":true,"sourceCellId":"1R75W7XI","sourceStableId":"1F2B0EA37A1A0001","pipelineFeatureId":"1R75W7XI/LIGHTS/245594650","provenance":{"cellId":"1R75W7XI","checksum":"aace505c148b09d3fe0b184f009ba8c28a83d0a635029caea23904d367246681","readerVersion":"GDAL 3.2.2","processedAt":"2026-08-11T13:43:44.753Z"}}},{"type":"Feature","geometry":{"type":"Point","coordinates":[3.677115,51.412015]},"properties":{"dolphinKind":"light","rawObjectClass":"LIGHTS","sourceProperties":{"RCID":245603451,"PRIM":1,"GRUP":2,"OBJL":75,"RVER":1,"AGEN":7979,"FIDN":245603451,"FIDS":1,"LNAM":"1F2B0EA39C7B0001","CATLIT":["19"],"COLOUR":["4"],"LITCHR":7,"SIGGRP":"(1)","SIGPER":8,"SCAMIN":200000,"SORDAT":"20220510","SORIND":"NL,1R,Rerpt,MD 284-22","sourceCellId":"1R75W7XI","sourceChecksum":"aace505c148b09d3fe0b184f009ba8c28a83d0a635029caea23904d367246681","rawObjectClass":"LIGHTS","sourceStableId":"1F2B0EA39C7B0001"},"sourceKind":"official","official":true,"sourceCellId":"1R75W7XI","sourceStableId":"1F2B0EA39C7B0001","pipelineFeatureId":"1R75W7XI/LIGHTS/245603451","provenance":{"cellId":"1R75W7XI","checksum":"aace505c148b09d3fe0b184f009ba8c28a83d0a635029caea23904d367246681","readerVersion":"GDAL 3.2.2","processedAt":"2026-08-11T13:43:44.753Z"}}},{"type":"Feature","geometry":{"type":"Point","coordinates":[3.6909283,51.4060867]},"properties":{"dolphinKind":"light","rawObjectClass":"LIGHTS","sourceProperties":{"RCID":245606753,"PRIM":1,"GRUP":2,"OBJL":75,"RVER":1,"AGEN":7979,"FIDN":245606753,"FIDS":1,"LNAM":"1F2B0EA3A9610001","COLOUR":["3"],"LITCHR":4,"SIGGRP":"(1)","SCAMIN":200000,"SORDAT":"20230111","SORIND":"NL,1R,Rerpt,ENC verbetering","sourceCellId":"1R75W7XI","sourceChecksum":"aace505c148b09d3fe0b184f009ba8c28a83d0a635029caea23904d367246681","rawObjectClass":"LIGHTS","sourceStableId":"1F2B0EA3A9610001"},"sourceKind":"official","official":true,"sourceCellId":"1R75W7XI","sourceStableId":"1F2B0EA3A9610001","pipelineFeatureId":"1R75W7XI/LIGHTS/245606753","provenance":{"cellId":"1R75W7XI","checksum":"aace505c148b09d3fe0b184f009ba8c28a83d0a635029caea23904d367246681","readerVersion":"GDAL 3.2.2","processedAt":"2026-08-11T13:43:44.753Z"}}},{"type":"Feature","geometry":{"type":"Point","coordinates":[3.5620167,51.4069]},"properties":{"dolphinKind":"light","rawObjectClass":"LIGHTS","sourceProperties":{"RCID":254400624,"PRIM":1,"GRUP":2,"OBJL":75,"RVER":1,"AGEN":7979,"FIDN":254400624,"FIDS":1,"LNAM":"1F2B0F29D8700001","COLOUR":["3"],"LITCHR":4,"SIGGRP":"(1)","SIGPER":1,"SCAMIN":200000,"SORDAT":"20180403","sourceCellId":"1R75W7XI","sourceChecksum":"aace505c148b09d3fe0b184f009ba8c28a83d0a635029caea23904d367246681","rawObjectClass":"LIGHTS","sourceStableId":"1F2B0F29D8700001"},"sourceKind":"official","official":true,"sourceCellId":"1R75W7XI","sourceStableId":"1F2B0F29D8700001","pipelineFeatureId":"1R75W7XI/LIGHTS/254400624","provenance":{"cellId":"1R75W7XI","checksum":"aace505c148b09d3fe0b184f009ba8c28a83d0a635029caea23904d367246681","readerVersion":"GDAL 3.2.2","processedAt":"2026-08-11T13:43:44.753Z"}}},{"type":"Feature","geometry":{"type":"Point","coordinates":[3.6969967,51.419155]},"properties":{"dolphinKind":"light","rawObjectClass":"LIGHTS","sourceProperties":{"RCID":351578809,"PRIM":1,"GRUP":2,"OBJL":75,"RVER":1,"AGEN":7979,"FIDN":351578809,"FIDS":1,"LNAM":"1F2B14F4AAB90001","COLOUR":["4"],"LITCHR":4,"SIGGRP":"(1)","SIGPER":1,"SCAMIN":200000,"SORDAT":"20230523","SORIND":"NL,1R,reprt,MD 275-23","sourceCellId":"1R75W7XI","sourceChecksum":"aace505c148b09d3fe0b184f009ba8c28a83d0a635029caea23904d367246681","rawObjectClass":"LIGHTS","sourceStableId":"1F2B14F4AAB90001"},"sourceKind":"official","official":true,"sourceCellId":"1R75W7XI","sourceStableId":"1F2B14F4AAB90001","pipelineFeatureId":"1R75W7XI/LIGHTS/351578809","provenance":{"cellId":"1R75W7XI","checksum":"aace505c148b09d3fe0b184f009ba8c28a83d0a635029caea23904d367246681","readerVersion":"GDAL 3.2.2","processedAt":"2026-08-11T13:43:44.753Z"}}},{"type":"Feature","geometry":{"type":"Point","coordinates":[3.6697283,51.4242333]},"properties":{"dolphinKind":"light","rawObjectClass":"LIGHTS","sourceProperties":{"RCID":355934106,"PRIM":1,"GRUP":2,"OBJL":75,"RVER":1,"AGEN":7979,"FIDN":355934106,"FIDS":1,"LNAM":"1F2B15371F9A0001","COLOUR":["3"],"LITCHR":7,"SIGGRP":"(1)","SIGPER":4,"SCAMIN":200000,"SORDAT":"20220510","SORIND":"NL,1R,Rerpt,MD 284-22","sourceCellId":"1R75W7XI","sourceChecksum":"aace505c148b09d3fe0b184f009ba8c28a83d0a635029caea23904d367246681","rawObjectClass":"LIGHTS","sourceStableId":"1F2B15371F9A0001"},"sourceKind":"official","official":true,"sourceCellId":"1R75W7XI","sourceStableId":"1F2B15371F9A0001","pipelineFeatureId":"1R75W7XI/LIGHTS/355934106","provenance":{"cellId":"1R75W7XI","checksum":"aace505c148b09d3fe0b184f009ba8c28a83d0a635029caea23904d367246681","readerVersion":"GDAL 3.2.2","processedAt":"2026-08-11T13:43:44.753Z"}}},{"type":"Feature","geometry":{"type":"Point","coordinates":[3.6315817,51.4248083]},"properties":{"dolphinKind":"light","rawObjectClass":"LIGHTS","sourceProperties":{"RCID":355934158,"PRIM":1,"GRUP":2,"OBJL":75,"RVER":1,"AGEN":7979,"FIDN":355934158,"FIDS":1,"LNAM":"1F2B15371FCE0001","COLOUR":["3"],"LITCHR":4,"SIGGRP":"(1)","SCAMIN":200000,"SORDAT":"20230111","SORIND":"NL,1R,Reprt,ENC verbetering","sourceCellId":"1R75W7XI","sourceChecksum":"aace505c148b09d3fe0b184f009ba8c28a83d0a635029caea23904d367246681","rawObjectClass":"LIGHTS","sourceStableId":"1F2B15371FCE0001"},"sourceKind":"official","official":true,"sourceCellId":"1R75W7XI","sourceStableId":"1F2B15371FCE0001","pipelineFeatureId":"1R75W7XI/LIGHTS/355934158","provenance":{"cellId":"1R75W7XI","checksum":"aace505c148b09d3fe0b184f009ba8c28a83d0a635029caea23904d367246681","readerVersion":"GDAL 3.2.2","processedAt":"2026-08-11T13:43:44.753Z"}}},{"type":"Feature","geometry":{"type":"Point","coordinates":[3.6541667,51.4241667]},"properties":{"dolphinKind":"light","rawObjectClass":"LIGHTS","sourceProperties":{"RCID":459122335,"PRIM":1,"GRUP":2,"OBJL":75,"RVER":1,"AGEN":7979,"FIDN":459122335,"FIDS":1,"LNAM":"1F2B1B5DA69F0001","CATLIT":["19"],"COLOUR":["4"],"LITCHR":7,"SIGGRP":"(1)","SIGPER":8,"SCAMIN":200000,"SORDAT":"20220510","SORIND":"NL,1R,Rerpt,MD 284-22","sourceCellId":"1R75W7XI","sourceChecksum":"aace505c148b09d3fe0b184f009ba8c28a83d0a635029caea23904d367246681","rawObjectClass":"LIGHTS","sourceStableId":"1F2B1B5DA69F0001"},"sourceKind":"official","official":true,"sourceCellId":"1R75W7XI","sourceStableId":"1F2B1B5DA69F0001","pipelineFeatureId":"1R75W7XI/LIGHTS/459122335","provenance":{"cellId":"1R75W7XI","checksum":"aace505c148b09d3fe0b184f009ba8c28a83d0a635029caea23904d367246681","readerVersion":"GDAL 3.2.2","processedAt":"2026-08-11T13:43:44.753Z"}}},{"type":"Feature","geometry":{"type":"Point","coordinates":[3.6317433,51.420995]},"properties":{"dolphinKind":"light","rawObjectClass":"LIGHTS","sourceProperties":{"RCID":459122338,"PRIM":1,"GRUP":2,"OBJL":75,"RVER":1,"AGEN":7979,"FIDN":459122338,"FIDS":1,"LNAM":"1F2B1B5DA6A20001","COLOUR":["4"],"LITCHR":4,"SIGGRP":"(1)","SCAMIN":200000,"SORDAT":"20230111","SORIND":"NL,1R,Rerpt,ENC verbetering","sourceCellId":"1R75W7XI","sourceChecksum":"aace505c148b09d3fe0b184f009ba8c28a83d0a635029caea23904d367246681","rawObjectClass":"LIGHTS","sourceStableId":"1F2B1B5DA6A20001"},"sourceKind":"official","official":true,"sourceCellId":"1R75W7XI","sourceStableId":"1F2B1B5DA6A20001","pipelineFeatureId":"1R75W7XI/LIGHTS/459122338","provenance":{"cellId":"1R75W7XI","checksum":"aace505c148b09d3fe0b184f009ba8c28a83d0a635029caea23904d367246681","readerVersion":"GDAL 3.2.2","processedAt":"2026-08-11T13:43:44.753Z"}}},{"type":"Feature","geometry":{"type":"Point","coordinates":[3.607175,51.4118217]},"properties":{"dolphinKind":"light","rawObjectClass":"LIGHTS","sourceProperties":{"RCID":460427157,"PRIM":1,"GRUP":2,"OBJL":75,"RVER":1,"AGEN":7979,"FIDN":460427157,"FIDS":1,"LNAM":"1F2B1B718F950001","COLOUR":["6"],"LITCHR":2,"SIGGRP":"(1)","SIGPER":5,"SCAMIN":200000,"SORDAT":"20220510","SORIND":"NL,1R,Rerpt,MD 284-22","sourceCellId":"1R75W7XI","sourceChecksum":"aace505c148b09d3fe0b184f009ba8c28a83d0a635029caea23904d367246681","rawObjectClass":"LIGHTS","sourceStableId":"1F2B1B718F950001"},"sourceKind":"official","official":true,"sourceCellId":"1R75W7XI","sourceStableId":"1F2B1B718F950001","pipelineFeatureId":"1R75W7XI/LIGHTS/460427157","provenance":{"cellId":"1R75W7XI","checksum":"aace505c148b09d3fe0b184f009ba8c28a83d0a635029caea23904d367246681","readerVersion":"GDAL 3.2.2","processedAt":"2026-08-11T13:43:44.753Z"}}},{"type":"Feature","geometry":{"type":"Point","coordinates":[3.5649834,51.4118544]},"properties":{"dolphinKind":"topmark","rawObjectClass":"TOPMAR","sourceProperties":{"RCID":16991,"PRIM":1,"GRUP":2,"OBJL":144,"RVER":1,"AGEN":7979,"FIDN":1106834682,"FIDS":307,"LNAM":"1F2B41F8F4FA0133","COLOUR":["2"],"TOPSHP":13,"SCAMIN":200000,"SORDAT":"20030930","sourceCellId":"1R75W7XI","sourceChecksum":"aace505c148b09d3fe0b184f009ba8c28a83d0a635029caea23904d367246681","rawObjectClass":"TOPMAR","sourceStableId":"1F2B41F8F4FA0133"},"sourceKind":"official","official":true,"sourceCellId":"1R75W7XI","sourceStableId":"1F2B41F8F4FA0133","pipelineFeatureId":"1R75W7XI/TOPMAR/16991","provenance":{"cellId":"1R75W7XI","checksum":"aace505c148b09d3fe0b184f009ba8c28a83d0a635029caea23904d367246681","readerVersion":"GDAL 3.2.2","processedAt":"2026-08-11T13:43:44.753Z"},"associationRefsVerifiedInGdalOutput":false}},{"type":"Feature","geometry":{"type":"Point","coordinates":[3.7121667,51.40695]},"properties":{"dolphinKind":"topmark","rawObjectClass":"TOPMAR","sourceProperties":{"RCID":17117,"PRIM":1,"GRUP":2,"OBJL":144,"RVER":1,"AGEN":7979,"FIDN":1106834682,"FIDS":433,"LNAM":"1F2B41F8F4FA01B1","COLOUR":["2"],"TOPSHP":10,"SCAMIN":500000,"SORDAT":"20030930","sourceCellId":"1R75W7XI","sourceChecksum":"aace505c148b09d3fe0b184f009ba8c28a83d0a635029caea23904d367246681","rawObjectClass":"TOPMAR","sourceStableId":"1F2B41F8F4FA01B1"},"sourceKind":"official","official":true,"sourceCellId":"1R75W7XI","sourceStableId":"1F2B41F8F4FA01B1","pipelineFeatureId":"1R75W7XI/TOPMAR/17117","provenance":{"cellId":"1R75W7XI","checksum":"aace505c148b09d3fe0b184f009ba8c28a83d0a635029caea23904d367246681","readerVersion":"GDAL 3.2.2","processedAt":"2026-08-11T13:43:44.753Z"},"associationRefsVerifiedInGdalOutput":false}},{"type":"Feature","geometry":{"type":"Point","coordinates":[3.6835417,51.380235]},"properties":{"dolphinKind":"topmark","rawObjectClass":"TOPMAR","sourceProperties":{"RCID":17467,"PRIM":1,"GRUP":2,"OBJL":144,"RVER":1,"AGEN":7979,"FIDN":1106834684,"FIDS":273,"LNAM":"1F2B41F8F4FC0111","COLOUR":["3"],"TOPSHP":5,"SCAMIN":200000,"SORDAT":"20120316","SORIND":"NL,1R,reprt,NavBer 2012/MZ46","sourceCellId":"1R75W7XI","sourceChecksum":"aace505c148b09d3fe0b184f009ba8c28a83d0a635029caea23904d367246681","rawObjectClass":"TOPMAR","sourceStableId":"1F2B41F8F4FC0111"},"sourceKind":"official","official":true,"sourceCellId":"1R75W7XI","sourceStableId":"1F2B41F8F4FC0111","pipelineFeatureId":"1R75W7XI/TOPMAR/17467","provenance":{"cellId":"1R75W7XI","checksum":"aace505c148b09d3fe0b184f009ba8c28a83d0a635029caea23904d367246681","readerVersion":"GDAL 3.2.2","processedAt":"2026-08-11T13:43:44.753Z"},"associationRefsVerifiedInGdalOutput":false}},{"type":"Feature","geometry":{"type":"Point","coordinates":[3.6802583,51.3789533]},"properties":{"dolphinKind":"topmark","rawObjectClass":"TOPMAR","sourceProperties":{"RCID":17474,"PRIM":1,"GRUP":2,"OBJL":144,"RVER":1,"AGEN":7979,"FIDN":1106834684,"FIDS":280,"LNAM":"1F2B41F8F4FC0118","COLOUR":["4"],"TOPSHP":1,"SCAMIN":200000,"SORDAT":"20030930","sourceCellId":"1R75W7XI","sourceChecksum":"aace505c148b09d3fe0b184f009ba8c28a83d0a635029caea23904d367246681","rawObjectClass":"TOPMAR","sourceStableId":"1F2B41F8F4FC0118"},"sourceKind":"official","official":true,"sourceCellId":"1R75W7XI","sourceStableId":"1F2B41F8F4FC0118","pipelineFeatureId":"1R75W7XI/TOPMAR/17474","provenance":{"cellId":"1R75W7XI","checksum":"aace505c148b09d3fe0b184f009ba8c28a83d0a635029caea23904d367246681","readerVersion":"GDAL 3.2.2","processedAt":"2026-08-11T13:43:44.753Z"},"associationRefsVerifiedInGdalOutput":false}},{"type":"Feature","geometry":{"type":"Point","coordinates":[3.60805,51.3883417]},"properties":{"dolphinKind":"topmark","rawObjectClass":"TOPMAR","sourceProperties":{"RCID":17476,"PRIM":1,"GRUP":2,"OBJL":144,"RVER":1,"AGEN":7979,"FIDN":1106834684,"FIDS":282,"LNAM":"1F2B41F8F4FC011A","COLOUR":["3"],"TOPSHP":5,"SCAMIN":200000,"SORDAT":"20071119","SORIND":"NL,1R,Reprt, Bass 105/07","sourceCellId":"1R75W7XI","sourceChecksum":"aace505c148b09d3fe0b184f009ba8c28a83d0a635029caea23904d367246681","rawObjectClass":"TOPMAR","sourceStableId":"1F2B41F8F4FC011A"},"sourceKind":"official","official":true,"sourceCellId":"1R75W7XI","sourceStableId":"1F2B41F8F4FC011A","pipelineFeatureId":"1R75W7XI/TOPMAR/17476","provenance":{"cellId":"1R75W7XI","checksum":"aace505c148b09d3fe0b184f009ba8c28a83d0a635029caea23904d367246681","readerVersion":"GDAL 3.2.2","processedAt":"2026-08-11T13:43:44.753Z"},"associationRefsVerifiedInGdalOutput":false}},{"type":"Feature","geometry":{"type":"Point","coordinates":[3.6403667,51.3876833]},"properties":{"dolphinKind":"topmark","rawObjectClass":"TOPMAR","sourceProperties":{"RCID":17480,"PRIM":1,"GRUP":2,"OBJL":144,"RVER":1,"AGEN":7979,"FIDN":1106834684,"FIDS":286,"LNAM":"1F2B41F8F4FC011E","COLOUR":["3"],"TOPSHP":5,"SCAMIN":200000,"SORDAT":"20120316","SORIND":"NL,1R,reprt,NavBer 2012/MZ46","sourceCellId":"1R75W7XI","sourceChecksum":"aace505c148b09d3fe0b184f009ba8c28a83d0a635029caea23904d367246681","rawObjectClass":"TOPMAR","sourceStableId":"1F2B41F8F4FC011E"},"sourceKind":"official","official":true,"sourceCellId":"1R75W7XI","sourceStableId":"1F2B41F8F4FC011E","pipelineFeatureId":"1R75W7XI/TOPMAR/17480","provenance":{"cellId":"1R75W7XI","checksum":"aace505c148b09d3fe0b184f009ba8c28a83d0a635029caea23904d367246681","readerVersion":"GDAL 3.2.2","processedAt":"2026-08-11T13:43:44.753Z"},"associationRefsVerifiedInGdalOutput":false}},{"type":"Feature","geometry":{"type":"Point","coordinates":[3.6522833,51.38625]},"properties":{"dolphinKind":"topmark","rawObjectClass":"TOPMAR","sourceProperties":{"RCID":17481,"PRIM":1,"GRUP":2,"OBJL":144,"RVER":1,"AGEN":7979,"FIDN":1106834684,"FIDS":287,"LNAM":"1F2B41F8F4FC011F","COLOUR":["3"],"TOPSHP":5,"SCAMIN":200000,"SORDAT":"20030930","sourceCellId":"1R75W7XI","sourceChecksum":"aace505c148b09d3fe0b184f009ba8c28a83d0a635029caea23904d367246681","rawObjectClass":"TOPMAR","sourceStableId":"1F2B41F8F4FC011F"},"sourceKind":"official","official":true,"sourceCellId":"1R75W7XI","sourceStableId":"1F2B41F8F4FC011F","pipelineFeatureId":"1R75W7XI/TOPMAR/17481","provenance":{"cellId":"1R75W7XI","checksum":"aace505c148b09d3fe0b184f009ba8c28a83d0a635029caea23904d367246681","readerVersion":"GDAL 3.2.2","processedAt":"2026-08-11T13:43:44.753Z"},"associationRefsVerifiedInGdalOutput":false}},{"type":"Feature","geometry":{"type":"Point","coordinates":[3.7098334,51.4238334]},"properties":{"dolphinKind":"topmark","rawObjectClass":"TOPMAR","sourceProperties":{"RCID":17666,"PRIM":1,"GRUP":2,"OBJL":144,"RVER":1,"AGEN":7979,"FIDN":1106834684,"FIDS":472,"LNAM":"1F2B41F8F4FC01D8","COLOUR":["2"],"TOPSHP":10,"SCAMIN":200000,"SORDAT":"20030930","sourceCellId":"1R75W7XI","sourceChecksum":"aace505c148b09d3fe0b184f009ba8c28a83d0a635029caea23904d367246681","rawObjectClass":"TOPMAR","sourceStableId":"1F2B41F8F4FC01D8"},"sourceKind":"official","official":true,"sourceCellId":"1R75W7XI","sourceStableId":"1F2B41F8F4FC01D8","pipelineFeatureId":"1R75W7XI/TOPMAR/17666","provenance":{"cellId":"1R75W7XI","checksum":"aace505c148b09d3fe0b184f009ba8c28a83d0a635029caea23904d367246681","readerVersion":"GDAL 3.2.2","processedAt":"2026-08-11T13:43:44.753Z"},"associationRefsVerifiedInGdalOutput":false}},{"type":"Feature","geometry":{"type":"Point","coordinates":[3.5362011,51.4095957]},"properties":{"dolphinKind":"topmark","rawObjectClass":"TOPMAR","sourceProperties":{"RCID":26580,"PRIM":1,"GRUP":2,"OBJL":144,"RVER":1,"AGEN":7979,"FIDN":1125928223,"FIDS":2,"LNAM":"1F2B431C4D1F0002","COLOUR":["2"],"TOPSHP":13,"SCAMIN":200000,"SORDAT":"20030930","sourceCellId":"1R75W7XI","sourceChecksum":"aace505c148b09d3fe0b184f009ba8c28a83d0a635029caea23904d367246681","rawObjectClass":"TOPMAR","sourceStableId":"1F2B431C4D1F0002"},"sourceKind":"official","official":true,"sourceCellId":"1R75W7XI","sourceStableId":"1F2B431C4D1F0002","pipelineFeatureId":"1R75W7XI/TOPMAR/26580","provenance":{"cellId":"1R75W7XI","checksum":"aace505c148b09d3fe0b184f009ba8c28a83d0a635029caea23904d367246681","readerVersion":"GDAL 3.2.2","processedAt":"2026-08-11T13:43:44.753Z"},"associationRefsVerifiedInGdalOutput":false}},{"type":"Feature","geometry":{"type":"Point","coordinates":[3.6138317,51.38687]},"properties":{"dolphinKind":"topmark","rawObjectClass":"TOPMAR","sourceProperties":{"RCID":4453503,"PRIM":1,"GRUP":2,"OBJL":144,"RVER":1,"AGEN":7979,"FIDN":4453503,"FIDS":1,"LNAM":"1F2B0043F47F0001","COLOUR":["4"],"TOPSHP":1,"SCAMIN":200000,"SORDAT":"20061002","SORIND":"NL,1R,reprt,BASS 083/06","sourceCellId":"1R75W7XI","sourceChecksum":"aace505c148b09d3fe0b184f009ba8c28a83d0a635029caea23904d367246681","rawObjectClass":"TOPMAR","sourceStableId":"1F2B0043F47F0001"},"sourceKind":"official","official":true,"sourceCellId":"1R75W7XI","sourceStableId":"1F2B0043F47F0001","pipelineFeatureId":"1R75W7XI/TOPMAR/4453503","provenance":{"cellId":"1R75W7XI","checksum":"aace505c148b09d3fe0b184f009ba8c28a83d0a635029caea23904d367246681","readerVersion":"GDAL 3.2.2","processedAt":"2026-08-11T13:43:44.753Z"},"associationRefsVerifiedInGdalOutput":false}},{"type":"Feature","geometry":{"type":"Point","coordinates":[3.6653883,51.42089]},"properties":{"dolphinKind":"topmark","rawObjectClass":"TOPMAR","sourceProperties":{"RCID":17031537,"PRIM":1,"GRUP":2,"OBJL":144,"RVER":1,"AGEN":7979,"FIDN":17031537,"FIDS":1,"LNAM":"1F2B0103E1710001","COLOUR":["4"],"TOPSHP":1,"SCAMIN":200000,"SORDAT":"20220510","SORIND":"NL,1R,Rerpt,MD 284-22","sourceCellId":"1R75W7XI","sourceChecksum":"aace505c148b09d3fe0b184f009ba8c28a83d0a635029caea23904d367246681","rawObjectClass":"TOPMAR","sourceStableId":"1F2B0103E1710001"},"sourceKind":"official","official":true,"sourceCellId":"1R75W7XI","sourceStableId":"1F2B0103E1710001","pipelineFeatureId":"1R75W7XI/TOPMAR/17031537","provenance":{"cellId":"1R75W7XI","checksum":"aace505c148b09d3fe0b184f009ba8c28a83d0a635029caea23904d367246681","readerVersion":"GDAL 3.2.2","processedAt":"2026-08-11T13:43:44.753Z"},"associationRefsVerifiedInGdalOutput":false}},{"type":"Feature","geometry":{"type":"Point","coordinates":[3.6846383,51.4029133]},"properties":{"dolphinKind":"topmark","rawObjectClass":"TOPMAR","sourceProperties":{"RCID":178498957,"PRIM":1,"GRUP":2,"OBJL":144,"RVER":1,"AGEN":7979,"FIDN":178498957,"FIDS":1,"LNAM":"1F2B0AA3AD8D0001","COLOUR":["4"],"TOPSHP":1,"SCAMIN":200000,"SORDAT":"20220510","SORIND":"NL,1R,Rerpt,MD 284-22","sourceCellId":"1R75W7XI","sourceChecksum":"aace505c148b09d3fe0b184f009ba8c28a83d0a635029caea23904d367246681","rawObjectClass":"TOPMAR","sourceStableId":"1F2B0AA3AD8D0001"},"sourceKind":"official","official":true,"sourceCellId":"1R75W7XI","sourceStableId":"1F2B0AA3AD8D0001","pipelineFeatureId":"1R75W7XI/TOPMAR/178498957","provenance":{"cellId":"1R75W7XI","checksum":"aace505c148b09d3fe0b184f009ba8c28a83d0a635029caea23904d367246681","readerVersion":"GDAL 3.2.2","processedAt":"2026-08-11T13:43:44.753Z"},"associationRefsVerifiedInGdalOutput":false}},{"type":"Feature","geometry":{"type":"Point","coordinates":[3.6909283,51.4060867]},"properties":{"dolphinKind":"topmark","rawObjectClass":"TOPMAR","sourceProperties":{"RCID":178498961,"PRIM":1,"GRUP":2,"OBJL":144,"RVER":1,"AGEN":7979,"FIDN":178498961,"FIDS":1,"LNAM":"1F2B0AA3AD910001","COLOUR":["3"],"TOPSHP":5,"SCAMIN":200000,"SORDAT":"20220510","SORIND":"NL,1R,Rerpt,MD 284-22","sourceCellId":"1R75W7XI","sourceChecksum":"aace505c148b09d3fe0b184f009ba8c28a83d0a635029caea23904d367246681","rawObjectClass":"TOPMAR","sourceStableId":"1F2B0AA3AD910001"},"sourceKind":"official","official":true,"sourceCellId":"1R75W7XI","sourceStableId":"1F2B0AA3AD910001","pipelineFeatureId":"1R75W7XI/TOPMAR/178498961","provenance":{"cellId":"1R75W7XI","checksum":"aace505c148b09d3fe0b184f009ba8c28a83d0a635029caea23904d367246681","readerVersion":"GDAL 3.2.2","processedAt":"2026-08-11T13:43:44.753Z"},"associationRefsVerifiedInGdalOutput":false}},{"type":"Feature","geometry":{"type":"Point","coordinates":[3.7078667,51.3986167]},"properties":{"dolphinKind":"topmark","rawObjectClass":"TOPMAR","sourceProperties":{"RCID":245298807,"PRIM":1,"GRUP":2,"OBJL":144,"RVER":1,"AGEN":7979,"FIDN":245298807,"FIDS":1,"LNAM":"1F2B0E9EF6770001","COLOUR":["2"],"TOPSHP":11,"SCAMIN":200000,"SORDAT":"20030930","sourceCellId":"1R75W7XI","sourceChecksum":"aace505c148b09d3fe0b184f009ba8c28a83d0a635029caea23904d367246681","rawObjectClass":"TOPMAR","sourceStableId":"1F2B0E9EF6770001"},"sourceKind":"official","official":true,"sourceCellId":"1R75W7XI","sourceStableId":"1F2B0E9EF6770001","pipelineFeatureId":"1R75W7XI/TOPMAR/245298807","provenance":{"cellId":"1R75W7XI","checksum":"aace505c148b09d3fe0b184f009ba8c28a83d0a635029caea23904d367246681","readerVersion":"GDAL 3.2.2","processedAt":"2026-08-11T13:43:44.753Z"},"associationRefsVerifiedInGdalOutput":false}},{"type":"Feature","geometry":{"type":"Point","coordinates":[3.59953,51.3881483]},"properties":{"dolphinKind":"topmark","rawObjectClass":"TOPMAR","sourceProperties":{"RCID":435264147,"PRIM":1,"GRUP":2,"OBJL":144,"RVER":1,"AGEN":7979,"FIDN":435264147,"FIDS":1,"LNAM":"1F2B19F19A930001","COLOUR":["2"],"TOPSHP":13,"SCAMIN":200000,"SORDAT":"20211028","sourceCellId":"1R75W7XI","sourceChecksum":"aace505c148b09d3fe0b184f009ba8c28a83d0a635029caea23904d367246681","rawObjectClass":"TOPMAR","sourceStableId":"1F2B19F19A930001"},"sourceKind":"official","official":true,"sourceCellId":"1R75W7XI","sourceStableId":"1F2B19F19A930001","pipelineFeatureId":"1R75W7XI/TOPMAR/435264147","provenance":{"cellId":"1R75W7XI","checksum":"aace505c148b09d3fe0b184f009ba8c28a83d0a635029caea23904d367246681","readerVersion":"GDAL 3.2.2","processedAt":"2026-08-11T13:43:44.753Z"},"associationRefsVerifiedInGdalOutput":false}},{"type":"Feature","geometry":{"type":"Point","coordinates":[3.61195,51.4222345]},"properties":{"dolphinKind":"topmark","rawObjectClass":"TOPMAR","sourceProperties":{"RCID":437584373,"PRIM":1,"GRUP":2,"OBJL":144,"RVER":1,"AGEN":7979,"FIDN":437584373,"FIDS":1,"LNAM":"1F2B1A1501F50001","COLOUR":["4"],"TOPSHP":1,"SCAMIN":200000,"SORDAT":"20211119","SORIND":"NL,1R,reprt,MD 651-21","sourceCellId":"1R75W7XI","sourceChecksum":"aace505c148b09d3fe0b184f009ba8c28a83d0a635029caea23904d367246681","rawObjectClass":"TOPMAR","sourceStableId":"1F2B1A1501F50001"},"sourceKind":"official","official":true,"sourceCellId":"1R75W7XI","sourceStableId":"1F2B1A1501F50001","pipelineFeatureId":"1R75W7XI/TOPMAR/437584373","provenance":{"cellId":"1R75W7XI","checksum":"aace505c148b09d3fe0b184f009ba8c28a83d0a635029caea23904d367246681","readerVersion":"GDAL 3.2.2","processedAt":"2026-08-11T13:43:44.753Z"},"associationRefsVerifiedInGdalOutput":false}},{"type":"Feature","geometry":{"type":"Point","coordinates":[3.6340617,51.41178]},"properties":{"dolphinKind":"topmark","rawObjectClass":"TOPMAR","sourceProperties":{"RCID":459134895,"PRIM":1,"GRUP":2,"OBJL":144,"RVER":1,"AGEN":7979,"FIDN":459134895,"FIDS":1,"LNAM":"1F2B1B5DD7AF0001","COLOUR":["6"],"TOPSHP":7,"SCAMIN":200000,"sourceCellId":"1R75W7XI","sourceChecksum":"aace505c148b09d3fe0b184f009ba8c28a83d0a635029caea23904d367246681","rawObjectClass":"TOPMAR","sourceStableId":"1F2B1B5DD7AF0001"},"sourceKind":"official","official":true,"sourceCellId":"1R75W7XI","sourceStableId":"1F2B1B5DD7AF0001","pipelineFeatureId":"1R75W7XI/TOPMAR/459134895","provenance":{"cellId":"1R75W7XI","checksum":"aace505c148b09d3fe0b184f009ba8c28a83d0a635029caea23904d367246681","readerVersion":"GDAL 3.2.2","processedAt":"2026-08-11T13:43:44.753Z"},"associationRefsVerifiedInGdalOutput":false}},{"type":"Feature","geometry":{"type":"Point","coordinates":[3.6313667,51.3816667]},"properties":{"dolphinKind":"topmark","rawObjectClass":"TOPMAR","sourceProperties":{"RCID":475750471,"PRIM":1,"GRUP":2,"OBJL":144,"RVER":1,"AGEN":7979,"FIDN":475750471,"FIDS":1,"LNAM":"1F2B1C5B60470001","COLOUR":["6"],"TOPSHP":7,"SCAMIN":200000,"sourceCellId":"1R75W7XI","sourceChecksum":"aace505c148b09d3fe0b184f009ba8c28a83d0a635029caea23904d367246681","rawObjectClass":"TOPMAR","sourceStableId":"1F2B1C5B60470001"},"sourceKind":"official","official":true,"sourceCellId":"1R75W7XI","sourceStableId":"1F2B1C5B60470001","pipelineFeatureId":"1R75W7XI/TOPMAR/475750471","provenance":{"cellId":"1R75W7XI","checksum":"aace505c148b09d3fe0b184f009ba8c28a83d0a635029caea23904d367246681","readerVersion":"GDAL 3.2.2","processedAt":"2026-08-11T13:43:44.753Z"},"associationRefsVerifiedInGdalOutput":false}},{"type":"Feature","geometry":{"type":"Point","coordinates":[3.6475,51.3775333]},"properties":{"dolphinKind":"topmark","rawObjectClass":"TOPMAR","sourceProperties":{"RCID":475750474,"PRIM":1,"GRUP":2,"OBJL":144,"RVER":1,"AGEN":7979,"FIDN":475750474,"FIDS":1,"LNAM":"1F2B1C5B604A0001","COLOUR":["6"],"TOPSHP":7,"SCAMIN":200000,"sourceCellId":"1R75W7XI","sourceChecksum":"aace505c148b09d3fe0b184f009ba8c28a83d0a635029caea23904d367246681","rawObjectClass":"TOPMAR","sourceStableId":"1F2B1C5B604A0001"},"sourceKind":"official","official":true,"sourceCellId":"1R75W7XI","sourceStableId":"1F2B1C5B604A0001","pipelineFeatureId":"1R75W7XI/TOPMAR/475750474","provenance":{"cellId":"1R75W7XI","checksum":"aace505c148b09d3fe0b184f009ba8c28a83d0a635029caea23904d367246681","readerVersion":"GDAL 3.2.2","processedAt":"2026-08-11T13:43:44.753Z"},"associationRefsVerifiedInGdalOutput":false}},{"type":"Feature","geometry":{"type":"Point","coordinates":[3.6471,51.3766667]},"properties":{"dolphinKind":"topmark","rawObjectClass":"TOPMAR","sourceProperties":{"RCID":475750476,"PRIM":1,"GRUP":2,"OBJL":144,"RVER":1,"AGEN":7979,"FIDN":475750476,"FIDS":1,"LNAM":"1F2B1C5B604C0001","COLOUR":["6"],"TOPSHP":7,"SCAMIN":200000,"sourceCellId":"1R75W7XI","sourceChecksum":"aace505c148b09d3fe0b184f009ba8c28a83d0a635029caea23904d367246681","rawObjectClass":"TOPMAR","sourceStableId":"1F2B1C5B604C0001"},"sourceKind":"official","official":true,"sourceCellId":"1R75W7XI","sourceStableId":"1F2B1C5B604C0001","pipelineFeatureId":"1R75W7XI/TOPMAR/475750476","provenance":{"cellId":"1R75W7XI","checksum":"aace505c148b09d3fe0b184f009ba8c28a83d0a635029caea23904d367246681","readerVersion":"GDAL 3.2.2","processedAt":"2026-08-11T13:43:44.753Z"},"associationRefsVerifiedInGdalOutput":false}},{"type":"Feature","geometry":{"type":"Point","coordinates":[3.6304667,51.3796167]},"properties":{"dolphinKind":"topmark","rawObjectClass":"TOPMAR","sourceProperties":{"RCID":475750478,"PRIM":1,"GRUP":2,"OBJL":144,"RVER":1,"AGEN":7979,"FIDN":475750478,"FIDS":1,"LNAM":"1F2B1C5B604E0001","COLOUR":["6"],"TOPSHP":7,"SCAMIN":200000,"sourceCellId":"1R75W7XI","sourceChecksum":"aace505c148b09d3fe0b184f009ba8c28a83d0a635029caea23904d367246681","rawObjectClass":"TOPMAR","sourceStableId":"1F2B1C5B604E0001"},"sourceKind":"official","official":true,"sourceCellId":"1R75W7XI","sourceStableId":"1F2B1C5B604E0001","pipelineFeatureId":"1R75W7XI/TOPMAR/475750478","provenance":{"cellId":"1R75W7XI","checksum":"aace505c148b09d3fe0b184f009ba8c28a83d0a635029caea23904d367246681","readerVersion":"GDAL 3.2.2","processedAt":"2026-08-11T13:43:44.753Z"},"associationRefsVerifiedInGdalOutput":false}},{"type":"Feature","geometry":{"type":"Point","coordinates":[3.6486217,51.376665]},"properties":{"dolphinKind":"topmark","rawObjectClass":"TOPMAR","sourceProperties":{"RCID":1180712251,"PRIM":1,"GRUP":2,"OBJL":144,"RVER":1,"AGEN":7979,"FIDN":1180712251,"FIDS":1,"LNAM":"1F2B46603D3B0001","COLOUR":["6"],"TOPSHP":7,"SCAMIN":200000,"sourceCellId":"1R75W7XI","sourceChecksum":"aace505c148b09d3fe0b184f009ba8c28a83d0a635029caea23904d367246681","rawObjectClass":"TOPMAR","sourceStableId":"1F2B46603D3B0001"},"sourceKind":"official","official":true,"sourceCellId":"1R75W7XI","sourceStableId":"1F2B46603D3B0001","pipelineFeatureId":"1R75W7XI/TOPMAR/1180712251","provenance":{"cellId":"1R75W7XI","checksum":"aace505c148b09d3fe0b184f009ba8c28a83d0a635029caea23904d367246681","readerVersion":"GDAL 3.2.2","processedAt":"2026-08-11T13:43:44.753Z"},"associationRefsVerifiedInGdalOutput":false}},{"type":"Feature","geometry":{"type":"Point","coordinates":[3.657265,51.3758917]},"properties":{"dolphinKind":"topmark","rawObjectClass":"TOPMAR","sourceProperties":{"RCID":1180712253,"PRIM":1,"GRUP":2,"OBJL":144,"RVER":1,"AGEN":7979,"FIDN":1180712253,"FIDS":1,"LNAM":"1F2B46603D3D0001","COLOUR":["6"],"TOPSHP":7,"SCAMIN":200000,"sourceCellId":"1R75W7XI","sourceChecksum":"aace505c148b09d3fe0b184f009ba8c28a83d0a635029caea23904d367246681","rawObjectClass":"TOPMAR","sourceStableId":"1F2B46603D3D0001"},"sourceKind":"official","official":true,"sourceCellId":"1R75W7XI","sourceStableId":"1F2B46603D3D0001","pipelineFeatureId":"1R75W7XI/TOPMAR/1180712253","provenance":{"cellId":"1R75W7XI","checksum":"aace505c148b09d3fe0b184f009ba8c28a83d0a635029caea23904d367246681","readerVersion":"GDAL 3.2.2","processedAt":"2026-08-11T13:43:44.753Z"},"associationRefsVerifiedInGdalOutput":false}},{"type":"Feature","geometry":{"type":"Point","coordinates":[3.6627767,51.37585]},"properties":{"dolphinKind":"topmark","rawObjectClass":"TOPMAR","sourceProperties":{"RCID":1180712255,"PRIM":1,"GRUP":2,"OBJL":144,"RVER":1,"AGEN":7979,"FIDN":1180712255,"FIDS":1,"LNAM":"1F2B46603D3F0001","COLOUR":["6"],"TOPSHP":7,"SCAMIN":200000,"sourceCellId":"1R75W7XI","sourceChecksum":"aace505c148b09d3fe0b184f009ba8c28a83d0a635029caea23904d367246681","rawObjectClass":"TOPMAR","sourceStableId":"1F2B46603D3F0001"},"sourceKind":"official","official":true,"sourceCellId":"1R75W7XI","sourceStableId":"1F2B46603D3F0001","pipelineFeatureId":"1R75W7XI/TOPMAR/1180712255","provenance":{"cellId":"1R75W7XI","checksum":"aace505c148b09d3fe0b184f009ba8c28a83d0a635029caea23904d367246681","readerVersion":"GDAL 3.2.2","processedAt":"2026-08-11T13:43:44.753Z"},"associationRefsVerifiedInGdalOutput":false}},{"type":"Feature","geometry":{"type":"Point","coordinates":[3.5610167,51.4193]},"properties":{"dolphinKind":"topmark","rawObjectClass":"TOPMAR","sourceProperties":{"RCID":1215573071,"PRIM":1,"GRUP":2,"OBJL":144,"RVER":1,"AGEN":7979,"FIDN":1215573071,"FIDS":1,"LNAM":"1F2B48742C4F0001","COLOUR":["4"],"TOPSHP":1,"SCAMIN":200000,"SORDAT":"20250114","SORIND":"NL,1R,Reprt,MD 026-25","sourceCellId":"1R75W7XI","sourceChecksum":"aace505c148b09d3fe0b184f009ba8c28a83d0a635029caea23904d367246681","rawObjectClass":"TOPMAR","sourceStableId":"1F2B48742C4F0001"},"sourceKind":"official","official":true,"sourceCellId":"1R75W7XI","sourceStableId":"1F2B48742C4F0001","pipelineFeatureId":"1R75W7XI/TOPMAR/1215573071","provenance":{"cellId":"1R75W7XI","checksum":"aace505c148b09d3fe0b184f009ba8c28a83d0a635029caea23904d367246681","readerVersion":"GDAL 3.2.2","processedAt":"2026-08-11T13:43:44.753Z"},"associationRefsVerifiedInGdalOutput":false}},{"type":"Feature","geometry":{"type":"Point","coordinates":[3.6315817,51.4248083]},"properties":{"dolphinKind":"topmark","rawObjectClass":"TOPMAR","sourceProperties":{"RCID":1215595023,"PRIM":1,"GRUP":2,"OBJL":144,"RVER":1,"AGEN":7979,"FIDN":1215595023,"FIDS":1,"LNAM":"1F2B4874820F0001","COLOUR":["3"],"TOPSHP":5,"SCAMIN":200000,"SORDAT":"20250114","SORIND":"NL,1R,Reprt,MD 026-25","sourceCellId":"1R75W7XI","sourceChecksum":"aace505c148b09d3fe0b184f009ba8c28a83d0a635029caea23904d367246681","rawObjectClass":"TOPMAR","sourceStableId":"1F2B4874820F0001"},"sourceKind":"official","official":true,"sourceCellId":"1R75W7XI","sourceStableId":"1F2B4874820F0001","pipelineFeatureId":"1R75W7XI/TOPMAR/1215595023","provenance":{"cellId":"1R75W7XI","checksum":"aace505c148b09d3fe0b184f009ba8c28a83d0a635029caea23904d367246681","readerVersion":"GDAL 3.2.2","processedAt":"2026-08-11T13:43:44.753Z"},"associationRefsVerifiedInGdalOutput":false}},{"type":"Feature","geometry":{"type":"Point","coordinates":[3.72263,51.40166]},"properties":{"dolphinKind":"topmark","rawObjectClass":"TOPMAR","sourceProperties":{"RCID":1215941285,"PRIM":1,"GRUP":2,"OBJL":144,"RVER":1,"AGEN":7979,"FIDN":1215941285,"FIDS":1,"LNAM":"1F2B4879CAA50001","COLOUR":["4"],"TOPSHP":1,"SCAMIN":200000,"SORDAT":"20250114","SORIND":"NL,1R,Reprt,MD 026-2025","sourceCellId":"1R75W7XI","sourceChecksum":"aace505c148b09d3fe0b184f009ba8c28a83d0a635029caea23904d367246681","rawObjectClass":"TOPMAR","sourceStableId":"1F2B4879CAA50001"},"sourceKind":"official","official":true,"sourceCellId":"1R75W7XI","sourceStableId":"1F2B4879CAA50001","pipelineFeatureId":"1R75W7XI/TOPMAR/1215941285","provenance":{"cellId":"1R75W7XI","checksum":"aace505c148b09d3fe0b184f009ba8c28a83d0a635029caea23904d367246681","readerVersion":"GDAL 3.2.2","processedAt":"2026-08-11T13:43:44.753Z"},"associationRefsVerifiedInGdalOutput":false}},{"type":"Feature","geometry":{"type":"Point","coordinates":[3.70631,51.3865917]},"properties":{"dolphinKind":"topmark","rawObjectClass":"TOPMAR","sourceProperties":{"RCID":1215960293,"PRIM":1,"GRUP":2,"OBJL":144,"RVER":1,"AGEN":7979,"FIDN":1215960293,"FIDS":1,"LNAM":"1F2B487A14E50001","COLOUR":["4"],"TOPSHP":1,"SCAMIN":200000,"SORDAT":"20250114","SORIND":"NL,1R,Reprt,MD 026-2025","sourceCellId":"1R75W7XI","sourceChecksum":"aace505c148b09d3fe0b184f009ba8c28a83d0a635029caea23904d367246681","rawObjectClass":"TOPMAR","sourceStableId":"1F2B487A14E50001"},"sourceKind":"official","official":true,"sourceCellId":"1R75W7XI","sourceStableId":"1F2B487A14E50001","pipelineFeatureId":"1R75W7XI/TOPMAR/1215960293","provenance":{"cellId":"1R75W7XI","checksum":"aace505c148b09d3fe0b184f009ba8c28a83d0a635029caea23904d367246681","readerVersion":"GDAL 3.2.2","processedAt":"2026-08-11T13:43:44.753Z"},"associationRefsVerifiedInGdalOutput":false}},{"type":"Feature","geometry":{"type":"Point","coordinates":[3.705005,51.4135233]},"properties":{"dolphinKind":"topmark","rawObjectClass":"TOPMAR","sourceProperties":{"RCID":1215960309,"PRIM":1,"GRUP":2,"OBJL":144,"RVER":1,"AGEN":7979,"FIDN":1215960309,"FIDS":1,"LNAM":"1F2B487A14F50001","COLOUR":["4"],"TOPSHP":1,"SCAMIN":200000,"SORDAT":"20250114","SORIND":"NL,1R,Reprt,MD 06-25","sourceCellId":"1R75W7XI","sourceChecksum":"aace505c148b09d3fe0b184f009ba8c28a83d0a635029caea23904d367246681","rawObjectClass":"TOPMAR","sourceStableId":"1F2B487A14F50001"},"sourceKind":"official","official":true,"sourceCellId":"1R75W7XI","sourceStableId":"1F2B487A14F50001","pipelineFeatureId":"1R75W7XI/TOPMAR/1215960309","provenance":{"cellId":"1R75W7XI","checksum":"aace505c148b09d3fe0b184f009ba8c28a83d0a635029caea23904d367246681","readerVersion":"GDAL 3.2.2","processedAt":"2026-08-11T13:43:44.753Z"},"associationRefsVerifiedInGdalOutput":false}},{"type":"Feature","geometry":{"type":"Point","coordinates":[3.7197333,51.4157]},"properties":{"dolphinKind":"topmark","rawObjectClass":"TOPMAR","sourceProperties":{"RCID":1215960312,"PRIM":1,"GRUP":2,"OBJL":144,"RVER":1,"AGEN":7979,"FIDN":1215960312,"FIDS":1,"LNAM":"1F2B487A14F80001","COLOUR":["3"],"TOPSHP":5,"SCAMIN":200000,"SORDAT":"20250114","SORIND":"NL,1R,Reprt,MD 026-25","sourceCellId":"1R75W7XI","sourceChecksum":"aace505c148b09d3fe0b184f009ba8c28a83d0a635029caea23904d367246681","rawObjectClass":"TOPMAR","sourceStableId":"1F2B487A14F80001"},"sourceKind":"official","official":true,"sourceCellId":"1R75W7XI","sourceStableId":"1F2B487A14F80001","pipelineFeatureId":"1R75W7XI/TOPMAR/1215960312","provenance":{"cellId":"1R75W7XI","checksum":"aace505c148b09d3fe0b184f009ba8c28a83d0a635029caea23904d367246681","readerVersion":"GDAL 3.2.2","processedAt":"2026-08-11T13:43:44.753Z"},"associationRefsVerifiedInGdalOutput":false}},{"type":"Feature","geometry":{"type":"Point","coordinates":[3.7155833,51.39089]},"properties":{"dolphinKind":"topmark","rawObjectClass":"TOPMAR","sourceProperties":{"RCID":1215960315,"PRIM":1,"GRUP":2,"OBJL":144,"RVER":1,"AGEN":7979,"FIDN":1215960315,"FIDS":1,"LNAM":"1F2B487A14FB0001","COLOUR":["3"],"TOPSHP":5,"SCAMIN":200000,"SORDAT":"20250114","SORIND":"NL,1R,Reprt,MD 026-25","sourceCellId":"1R75W7XI","sourceChecksum":"aace505c148b09d3fe0b184f009ba8c28a83d0a635029caea23904d367246681","rawObjectClass":"TOPMAR","sourceStableId":"1F2B487A14FB0001"},"sourceKind":"official","official":true,"sourceCellId":"1R75W7XI","sourceStableId":"1F2B487A14FB0001","pipelineFeatureId":"1R75W7XI/TOPMAR/1215960315","provenance":{"cellId":"1R75W7XI","checksum":"aace505c148b09d3fe0b184f009ba8c28a83d0a635029caea23904d367246681","readerVersion":"GDAL 3.2.2","processedAt":"2026-08-11T13:43:44.753Z"},"associationRefsVerifiedInGdalOutput":false}},{"type":"Feature","geometry":{"type":"Point","coordinates":[3.5713883,51.40192]},"properties":{"dolphinKind":"topmark","rawObjectClass":"TOPMAR","sourceProperties":{"RCID":1276448833,"PRIM":1,"GRUP":2,"OBJL":144,"RVER":1,"AGEN":7979,"FIDN":1276448833,"FIDS":1,"LNAM":"1F2B4C1510410001","COLOUR":["3"],"TOPSHP":5,"SCAMIN":200000,"sourceCellId":"1R75W7XI","sourceChecksum":"aace505c148b09d3fe0b184f009ba8c28a83d0a635029caea23904d367246681","rawObjectClass":"TOPMAR","sourceStableId":"1F2B4C1510410001"},"sourceKind":"official","official":true,"sourceCellId":"1R75W7XI","sourceStableId":"1F2B4C1510410001","pipelineFeatureId":"1R75W7XI/TOPMAR/1276448833","provenance":{"cellId":"1R75W7XI","checksum":"aace505c148b09d3fe0b184f009ba8c28a83d0a635029caea23904d367246681","readerVersion":"GDAL 3.2.2","processedAt":"2026-08-11T13:43:44.753Z"},"associationRefsVerifiedInGdalOutput":false}},{"type":"Feature","geometry":{"type":"Point","coordinates":[3.5620167,51.4069]},"properties":{"dolphinKind":"topmark","rawObjectClass":"TOPMAR","sourceProperties":{"RCID":1276448834,"PRIM":1,"GRUP":2,"OBJL":144,"RVER":1,"AGEN":7979,"FIDN":1276448834,"FIDS":1,"LNAM":"1F2B4C1510420001","COLOUR":["3"],"TOPSHP":5,"SCAMIN":200000,"sourceCellId":"1R75W7XI","sourceChecksum":"aace505c148b09d3fe0b184f009ba8c28a83d0a635029caea23904d367246681","rawObjectClass":"TOPMAR","sourceStableId":"1F2B4C1510420001"},"sourceKind":"official","official":true,"sourceCellId":"1R75W7XI","sourceStableId":"1F2B4C1510420001","pipelineFeatureId":"1R75W7XI/TOPMAR/1276448834","provenance":{"cellId":"1R75W7XI","checksum":"aace505c148b09d3fe0b184f009ba8c28a83d0a635029caea23904d367246681","readerVersion":"GDAL 3.2.2","processedAt":"2026-08-11T13:43:44.753Z"},"associationRefsVerifiedInGdalOutput":false}}]}