{"type":"FeatureCollection","features":[{"type":"Feature","geometry":{"type":"Point","coordinates":[3.582922,51.4381402]},"properties":{"dolphinKind":"buoy-lateral","rawObjectClass":"BOYLAT","sourceProperties":{"RCID":16943,"PRIM":1,"GRUP":2,"OBJL":17,"RVER":1,"AGEN":7979,"FIDN":1106834682,"FIDS":259,"LNAM":"1F2B41F8F4FA0103","BOYSHP":5,"CATLAM":1,"COLOUR":["3"],"CONRAD":3,"NATCON":["8"],"OBJNAM":"RV 2","SCAMIN":200000,"SORDAT":"20150812","SORIND":"NL,1R,reprt,MD 513-15","sourceCellId":"1R75W83I","sourceChecksum":"8afaa0bdcffb401e0fbaca3c320807d4ff31fd98bed7f7633d560b42d183a166","rawObjectClass":"BOYLAT","sourceStableId":"1F2B41F8F4FA0103"},"sourceKind":"official","official":true,"sourceCellId":"1R75W83I","sourceStableId":"1F2B41F8F4FA0103","pipelineFeatureId":"1R75W83I/BOYLAT/16943","provenance":{"cellId":"1R75W83I","checksum":"8afaa0bdcffb401e0fbaca3c320807d4ff31fd98bed7f7633d560b42d183a166","readerVersion":"GDAL 3.2.2","processedAt":"2026-08-11T13:43:44.753Z"}}},{"type":"Feature","geometry":{"type":"Point","coordinates":[3.5891316,51.4378948]},"properties":{"dolphinKind":"buoy-lateral","rawObjectClass":"BOYLAT","sourceProperties":{"RCID":16944,"PRIM":1,"GRUP":2,"OBJL":17,"RVER":1,"AGEN":7979,"FIDN":1106834682,"FIDS":260,"LNAM":"1F2B41F8F4FA0104","BOYSHP":5,"CATLAM":1,"COLOUR":["3"],"CONRAD":3,"NATCON":["8"],"OBJNAM":"RV 4","SCAMIN":200000,"SORDAT":"20151208","SORIND":"NL,1R,reprt,MD 513-15","sourceCellId":"1R75W83I","sourceChecksum":"8afaa0bdcffb401e0fbaca3c320807d4ff31fd98bed7f7633d560b42d183a166","rawObjectClass":"BOYLAT","sourceStableId":"1F2B41F8F4FA0104"},"sourceKind":"official","official":true,"sourceCellId":"1R75W83I","sourceStableId":"1F2B41F8F4FA0104","pipelineFeatureId":"1R75W83I/BOYLAT/16944","provenance":{"cellId":"1R75W83I","checksum":"8afaa0bdcffb401e0fbaca3c320807d4ff31fd98bed7f7633d560b42d183a166","readerVersion":"GDAL 3.2.2","processedAt":"2026-08-11T13:43:44.753Z"}}},{"type":"Feature","geometry":{"type":"Point","coordinates":[3.5953101,51.4377363]},"properties":{"dolphinKind":"buoy-lateral","rawObjectClass":"BOYLAT","sourceProperties":{"RCID":16945,"PRIM":1,"GRUP":2,"OBJL":17,"RVER":1,"AGEN":7979,"FIDN":1106834682,"FIDS":261,"LNAM":"1F2B41F8F4FA0105","LNAM_REFS":["1F2B41F8F4FA0106","1F2B48742C500001"],"FFPT_RIND":[2,2],"BOYSHP":2,"CATLAM":1,"COLOUR":["3"],"CONRAD":3,"OBJNAM":"RV 6","SCAMIN":200000,"SORDAT":"20030930","sourceCellId":"1R75W83I","sourceChecksum":"8afaa0bdcffb401e0fbaca3c320807d4ff31fd98bed7f7633d560b42d183a166","rawObjectClass":"BOYLAT","sourceStableId":"1F2B41F8F4FA0105"},"sourceKind":"official","official":true,"sourceCellId":"1R75W83I","sourceStableId":"1F2B41F8F4FA0105","pipelineFeatureId":"1R75W83I/BOYLAT/16945","provenance":{"cellId":"1R75W83I","checksum":"8afaa0bdcffb401e0fbaca3c320807d4ff31fd98bed7f7633d560b42d183a166","readerVersion":"GDAL 3.2.2","processedAt":"2026-08-11T13:43:44.753Z"}}},{"type":"Feature","geometry":{"type":"Point","coordinates":[3.5547,51.43085]},"properties":{"dolphinKind":"buoy-lateral","rawObjectClass":"BOYLAT","sourceProperties":{"RCID":16958,"PRIM":1,"GRUP":2,"OBJL":17,"RVER":1,"AGEN":7979,"FIDN":1106834682,"FIDS":274,"LNAM":"1F2B41F8F4FA0112","LNAM_REFS":["1F2B41F8F4FA0113","1F2B48741B820001"],"FFPT_RIND":[2,2],"BOYSHP":2,"CATLAM":1,"COLOUR":["3"],"CONRAD":3,"OBJNAM":"W 10","SCAMIN":200000,"SORDAT":"20190527","SORIND":"NL,1R,reprt,MD270-19","sourceCellId":"1R75W83I","sourceChecksum":"8afaa0bdcffb401e0fbaca3c320807d4ff31fd98bed7f7633d560b42d183a166","rawObjectClass":"BOYLAT","sourceStableId":"1F2B41F8F4FA0112"},"sourceKind":"official","official":true,"sourceCellId":"1R75W83I","sourceStableId":"1F2B41F8F4FA0112","pipelineFeatureId":"1R75W83I/BOYLAT/16958","provenance":{"cellId":"1R75W83I","checksum":"8afaa0bdcffb401e0fbaca3c320807d4ff31fd98bed7f7633d560b42d183a166","readerVersion":"GDAL 3.2.2","processedAt":"2026-08-11T13:43:44.753Z"}}},{"type":"Feature","geometry":{"type":"Point","coordinates":[3.55452,51.4472367]},"properties":{"dolphinKind":"buoy-lateral","rawObjectClass":"BOYLAT","sourceProperties":{"RCID":17002,"PRIM":1,"GRUP":2,"OBJL":17,"RVER":1,"AGEN":7979,"FIDN":1106834682,"FIDS":318,"LNAM":"1F2B41F8F4FA013E","LNAM_REFS":["1F2B41F8F4FA013F","1F2B4873F8250001"],"FFPT_RIND":[2,2],"BOYSHP":2,"CATLAM":1,"COLOUR":["3"],"CONRAD":3,"OBJNAM":"SG 2","SCAMIN":200000,"SORDAT":"20220207","SORIND":"NL,1R,reprt,MD 054-22","sourceCellId":"1R75W83I","sourceChecksum":"8afaa0bdcffb401e0fbaca3c320807d4ff31fd98bed7f7633d560b42d183a166","rawObjectClass":"BOYLAT","sourceStableId":"1F2B41F8F4FA013E"},"sourceKind":"official","official":true,"sourceCellId":"1R75W83I","sourceStableId":"1F2B41F8F4FA013E","pipelineFeatureId":"1R75W83I/BOYLAT/17002","provenance":{"cellId":"1R75W83I","checksum":"8afaa0bdcffb401e0fbaca3c320807d4ff31fd98bed7f7633d560b42d183a166","readerVersion":"GDAL 3.2.2","processedAt":"2026-08-11T13:43:44.753Z"}}},{"type":"Feature","geometry":{"type":"Point","coordinates":[3.5622929,51.4447993]},"properties":{"dolphinKind":"buoy-lateral","rawObjectClass":"BOYLAT","sourceProperties":{"RCID":17004,"PRIM":1,"GRUP":2,"OBJL":17,"RVER":1,"AGEN":7979,"FIDN":1106834682,"FIDS":320,"LNAM":"1F2B41F8F4FA0140","LNAM_REFS":["1F2B41F8F4FA0141","1F2B4873F8240001"],"FFPT_RIND":[2,2],"BOYSHP":2,"CATLAM":1,"COLOUR":["3"],"CONRAD":3,"OBJNAM":"SG 4","SCAMIN":200000,"SORDAT":"20030930","sourceCellId":"1R75W83I","sourceChecksum":"8afaa0bdcffb401e0fbaca3c320807d4ff31fd98bed7f7633d560b42d183a166","rawObjectClass":"BOYLAT","sourceStableId":"1F2B41F8F4FA0140"},"sourceKind":"official","official":true,"sourceCellId":"1R75W83I","sourceStableId":"1F2B41F8F4FA0140","pipelineFeatureId":"1R75W83I/BOYLAT/17004","provenance":{"cellId":"1R75W83I","checksum":"8afaa0bdcffb401e0fbaca3c320807d4ff31fd98bed7f7633d560b42d183a166","readerVersion":"GDAL 3.2.2","processedAt":"2026-08-11T13:43:44.753Z"}}},{"type":"Feature","geometry":{"type":"Point","coordinates":[3.5448028,51.4468167]},"properties":{"dolphinKind":"buoy-lateral","rawObjectClass":"BOYLAT","sourceProperties":{"RCID":17006,"PRIM":1,"GRUP":2,"OBJL":17,"RVER":1,"AGEN":7979,"FIDN":1106834682,"FIDS":322,"LNAM":"1F2B41F8F4FA0142","LNAM_REFS":["1F2B41F8F4FA0143","1F2B4873F8230001"],"FFPT_RIND":[2,2],"BOYSHP":1,"CATLAM":2,"COLOUR":["4"],"CONRAD":3,"OBJNAM":"SG 1","SCAMIN":200000,"SORDAT":"20061124","SORIND":"NL,1R,reprt,Bass 100/06","sourceCellId":"1R75W83I","sourceChecksum":"8afaa0bdcffb401e0fbaca3c320807d4ff31fd98bed7f7633d560b42d183a166","rawObjectClass":"BOYLAT","sourceStableId":"1F2B41F8F4FA0142"},"sourceKind":"official","official":true,"sourceCellId":"1R75W83I","sourceStableId":"1F2B41F8F4FA0142","pipelineFeatureId":"1R75W83I/BOYLAT/17006","provenance":{"cellId":"1R75W83I","checksum":"8afaa0bdcffb401e0fbaca3c320807d4ff31fd98bed7f7633d560b42d183a166","readerVersion":"GDAL 3.2.2","processedAt":"2026-08-11T13:43:44.753Z"}}},{"type":"Feature","geometry":{"type":"Point","coordinates":[3.5576383,51.4436333]},"properties":{"dolphinKind":"buoy-lateral","rawObjectClass":"BOYLAT","sourceProperties":{"RCID":17008,"PRIM":1,"GRUP":2,"OBJL":17,"RVER":1,"AGEN":7979,"FIDN":1106834682,"FIDS":324,"LNAM":"1F2B41F8F4FA0144","LNAM_REFS":["1F2B41F8F4FA0145","1F2B4873F8220001"],"FFPT_RIND":[2,2],"BOYSHP":1,"CATLAM":2,"COLOUR":["4"],"CONRAD":3,"OBJNAM":"SG 3","SCAMIN":200000,"SORDAT":"20260708","SORIND":"NL,1R,reprt,MD362-26","sourceCellId":"1R75W83I","sourceChecksum":"8afaa0bdcffb401e0fbaca3c320807d4ff31fd98bed7f7633d560b42d183a166","rawObjectClass":"BOYLAT","sourceStableId":"1F2B41F8F4FA0144"},"sourceKind":"official","official":true,"sourceCellId":"1R75W83I","sourceStableId":"1F2B41F8F4FA0144","pipelineFeatureId":"1R75W83I/BOYLAT/17008","provenance":{"cellId":"1R75W83I","checksum":"8afaa0bdcffb401e0fbaca3c320807d4ff31fd98bed7f7633d560b42d183a166","readerVersion":"GDAL 3.2.2","processedAt":"2026-08-11T13:43:44.753Z"}}},{"type":"Feature","geometry":{"type":"Point","coordinates":[3.6468167,51.4377283]},"properties":{"dolphinKind":"buoy-lateral","rawObjectClass":"BOYLAT","sourceProperties":{"RCID":17095,"PRIM":1,"GRUP":2,"OBJL":17,"RVER":1,"AGEN":7979,"FIDN":1106834682,"FIDS":411,"LNAM":"1F2B41F8F4FA019B","LNAM_REFS":["1F2B41F8F4FA019C","1F2B487A14F60001"],"FFPT_RIND":[2,2],"BOYSHP":1,"CATLAM":2,"COLOUR":["4"],"CONRAD":3,"OBJNAM":"3","SCAMIN":200000,"SORDAT":"20220610","SORIND":"NL,1R,reprt,MD 337-22","sourceCellId":"1R75W83I","sourceChecksum":"8afaa0bdcffb401e0fbaca3c320807d4ff31fd98bed7f7633d560b42d183a166","rawObjectClass":"BOYLAT","sourceStableId":"1F2B41F8F4FA019B"},"sourceKind":"official","official":true,"sourceCellId":"1R75W83I","sourceStableId":"1F2B41F8F4FA019B","pipelineFeatureId":"1R75W83I/BOYLAT/17095","provenance":{"cellId":"1R75W83I","checksum":"8afaa0bdcffb401e0fbaca3c320807d4ff31fd98bed7f7633d560b42d183a166","readerVersion":"GDAL 3.2.2","processedAt":"2026-08-11T13:43:44.753Z"}}},{"type":"Feature","geometry":{"type":"Point","coordinates":[3.6364833,51.43475]},"properties":{"dolphinKind":"buoy-lateral","rawObjectClass":"BOYLAT","sourceProperties":{"RCID":17097,"PRIM":1,"GRUP":2,"OBJL":17,"RVER":1,"AGEN":7979,"FIDN":1106834682,"FIDS":413,"LNAM":"1F2B41F8F4FA019D","LNAM_REFS":["1F2B0AA799600001"],"FFPT_RIND":[2],"BOYSHP":5,"CATLAM":2,"COLOUR":["4"],"CONRAD":3,"NATCON":["8"],"OBJNAM":"1","SCAMIN":200000,"SORDAT":"20161208","SORIND":"NL,1R,Reprt,MD 513-15","sourceCellId":"1R75W83I","sourceChecksum":"8afaa0bdcffb401e0fbaca3c320807d4ff31fd98bed7f7633d560b42d183a166","rawObjectClass":"BOYLAT","sourceStableId":"1F2B41F8F4FA019D"},"sourceKind":"official","official":true,"sourceCellId":"1R75W83I","sourceStableId":"1F2B41F8F4FA019D","pipelineFeatureId":"1R75W83I/BOYLAT/17097","provenance":{"cellId":"1R75W83I","checksum":"8afaa0bdcffb401e0fbaca3c320807d4ff31fd98bed7f7633d560b42d183a166","readerVersion":"GDAL 3.2.2","processedAt":"2026-08-11T13:43:44.753Z"}}},{"type":"Feature","geometry":{"type":"Point","coordinates":[3.6818998,51.428307]},"properties":{"dolphinKind":"buoy-lateral","rawObjectClass":"BOYLAT","sourceProperties":{"RCID":17100,"PRIM":1,"GRUP":2,"OBJL":17,"RVER":1,"AGEN":7979,"FIDN":1106834682,"FIDS":416,"LNAM":"1F2B41F8F4FA01A0","LNAM_REFS":["1F2B41F8F4FA01A1"],"FFPT_RIND":[2],"BOYSHP":1,"CATLAM":2,"COLOUR":["4"],"CONRAD":3,"OBJNAM":"7","SCAMIN":200000,"SORDAT":"20120425","SORIND":"NL,1R,reprt,BASS 047/2012","sourceCellId":"1R75W83I","sourceChecksum":"8afaa0bdcffb401e0fbaca3c320807d4ff31fd98bed7f7633d560b42d183a166","rawObjectClass":"BOYLAT","sourceStableId":"1F2B41F8F4FA01A0"},"sourceKind":"official","official":true,"sourceCellId":"1R75W83I","sourceStableId":"1F2B41F8F4FA01A0","pipelineFeatureId":"1R75W83I/BOYLAT/17100","provenance":{"cellId":"1R75W83I","checksum":"8afaa0bdcffb401e0fbaca3c320807d4ff31fd98bed7f7633d560b42d183a166","readerVersion":"GDAL 3.2.2","processedAt":"2026-08-11T13:43:44.753Z"}}},{"type":"Feature","geometry":{"type":"Point","coordinates":[3.6458278,51.4424361]},"properties":{"dolphinKind":"buoy-lateral","rawObjectClass":"BOYLAT","sourceProperties":{"RCID":17306,"PRIM":1,"GRUP":2,"OBJL":17,"RVER":1,"AGEN":7979,"FIDN":1106834683,"FIDS":367,"LNAM":"1F2B41F8F4FB016F","LNAM_REFS":["1F2B41F8F4FB0170","1F2B487A14FA0001"],"FFPT_RIND":[2,2],"BOYSHP":2,"CATLAM":1,"COLOUR":["3"],"CONRAD":3,"OBJNAM":"2","SCAMIN":200000,"SORDAT":"20191018","SORIND":"NL,1R,Reprt,email F. de Pooter 03102019","sourceCellId":"1R75W83I","sourceChecksum":"8afaa0bdcffb401e0fbaca3c320807d4ff31fd98bed7f7633d560b42d183a166","rawObjectClass":"BOYLAT","sourceStableId":"1F2B41F8F4FB016F"},"sourceKind":"official","official":true,"sourceCellId":"1R75W83I","sourceStableId":"1F2B41F8F4FB016F","pipelineFeatureId":"1R75W83I/BOYLAT/17306","provenance":{"cellId":"1R75W83I","checksum":"8afaa0bdcffb401e0fbaca3c320807d4ff31fd98bed7f7633d560b42d183a166","readerVersion":"GDAL 3.2.2","processedAt":"2026-08-11T13:43:44.753Z"}}},{"type":"Feature","geometry":{"type":"Point","coordinates":[3.6931367,51.4347533]},"properties":{"dolphinKind":"buoy-lateral","rawObjectClass":"BOYLAT","sourceProperties":{"RCID":17661,"PRIM":1,"GRUP":2,"OBJL":17,"RVER":1,"AGEN":7979,"FIDN":1106834684,"FIDS":467,"LNAM":"1F2B41F8F4FC01D3","LNAM_REFS":["1F2B41F8F4FC01D4","1F2B487A14F90001"],"FFPT_RIND":[2,2],"BOYSHP":2,"CATLAM":1,"COLOUR":["3"],"CONRAD":3,"OBJNAM":"2A","SCAMIN":200000,"SORDAT":"20190411","SORIND":"NL,1R,reprt,MD153-19","sourceCellId":"1R75W83I","sourceChecksum":"8afaa0bdcffb401e0fbaca3c320807d4ff31fd98bed7f7633d560b42d183a166","rawObjectClass":"BOYLAT","sourceStableId":"1F2B41F8F4FC01D3"},"sourceKind":"official","official":true,"sourceCellId":"1R75W83I","sourceStableId":"1F2B41F8F4FC01D3","pipelineFeatureId":"1R75W83I/BOYLAT/17661","provenance":{"cellId":"1R75W83I","checksum":"8afaa0bdcffb401e0fbaca3c320807d4ff31fd98bed7f7633d560b42d183a166","readerVersion":"GDAL 3.2.2","processedAt":"2026-08-11T13:43:44.753Z"}}},{"type":"Feature","geometry":{"type":"Point","coordinates":[3.66485,51.4376]},"properties":{"dolphinKind":"buoy-lateral","rawObjectClass":"BOYLAT","sourceProperties":{"RCID":89777495,"PRIM":1,"GRUP":2,"OBJL":17,"RVER":1,"AGEN":7979,"FIDN":89777495,"FIDS":1,"LNAM":"1F2B0559E5570001","LNAM_REFS":["1F2B0559E5580001","1F2B487A14F70001"],"FFPT_RIND":[2,2],"BOYSHP":1,"CATLAM":2,"COLOUR":["4"],"CONRAD":3,"OBJNAM":"5","SCAMIN":200000,"SORDAT":"20150604","SORIND":"NL,1R,reprt,BASS 058","sourceCellId":"1R75W83I","sourceChecksum":"8afaa0bdcffb401e0fbaca3c320807d4ff31fd98bed7f7633d560b42d183a166","rawObjectClass":"BOYLAT","sourceStableId":"1F2B0559E5570001"},"sourceKind":"official","official":true,"sourceCellId":"1R75W83I","sourceStableId":"1F2B0559E5570001","pipelineFeatureId":"1R75W83I/BOYLAT/89777495","provenance":{"cellId":"1R75W83I","checksum":"8afaa0bdcffb401e0fbaca3c320807d4ff31fd98bed7f7633d560b42d183a166","readerVersion":"GDAL 3.2.2","processedAt":"2026-08-11T13:43:44.753Z"}}},{"type":"Feature","geometry":{"type":"Point","coordinates":[3.5377333,51.4526]},"properties":{"dolphinKind":"buoy-lateral","rawObjectClass":"BOYLAT","sourceProperties":{"RCID":200748451,"PRIM":1,"GRUP":2,"OBJL":17,"RVER":1,"AGEN":7979,"FIDN":200748451,"FIDS":1,"LNAM":"1F2B0BF72DA30001","LNAM_REFS":["1F2B0BF72DA20001"],"FFPT_RIND":[2],"BOYSHP":2,"CATLAM":1,"COLOUR":["3"],"CONRAD":3,"OBJNAM":"OG 22","SCAMIN":200000,"SORDAT":"20220207","SORIND":"NL,1R,reprt,MD 055-022","sourceCellId":"1R75W83I","sourceChecksum":"8afaa0bdcffb401e0fbaca3c320807d4ff31fd98bed7f7633d560b42d183a166","rawObjectClass":"BOYLAT","sourceStableId":"1F2B0BF72DA30001"},"sourceKind":"official","official":true,"sourceCellId":"1R75W83I","sourceStableId":"1F2B0BF72DA30001","pipelineFeatureId":"1R75W83I/BOYLAT/200748451","provenance":{"cellId":"1R75W83I","checksum":"8afaa0bdcffb401e0fbaca3c320807d4ff31fd98bed7f7633d560b42d183a166","readerVersion":"GDAL 3.2.2","processedAt":"2026-08-11T13:43:44.753Z"}}},{"type":"Feature","geometry":{"type":"Point","coordinates":[3.5454833,51.4503]},"properties":{"dolphinKind":"buoy-lateral","rawObjectClass":"BOYLAT","sourceProperties":{"RCID":336931636,"PRIM":1,"GRUP":2,"OBJL":17,"RVER":1,"AGEN":7979,"FIDN":336931636,"FIDS":1,"LNAM":"1F2B14152B340001","LNAM_REFS":["1F2B14152B330001"],"FFPT_RIND":[2],"BOYSHP":2,"CATLAM":1,"COLOUR":["3"],"CONRAD":3,"OBJNAM":"OG 24","SCAMIN":200000,"SORDAT":"20220207","SORIND":"NL,1R,reprt,MD 055-022","sourceCellId":"1R75W83I","sourceChecksum":"8afaa0bdcffb401e0fbaca3c320807d4ff31fd98bed7f7633d560b42d183a166","rawObjectClass":"BOYLAT","sourceStableId":"1F2B14152B340001"},"sourceKind":"official","official":true,"sourceCellId":"1R75W83I","sourceStableId":"1F2B14152B340001","pipelineFeatureId":"1R75W83I/BOYLAT/336931636","provenance":{"cellId":"1R75W83I","checksum":"8afaa0bdcffb401e0fbaca3c320807d4ff31fd98bed7f7633d560b42d183a166","readerVersion":"GDAL 3.2.2","processedAt":"2026-08-11T13:43:44.753Z"}}},{"type":"Feature","geometry":{"type":"Point","coordinates":[3.6536667,51.428]},"properties":{"dolphinKind":"buoy-lateral","rawObjectClass":"BOYLAT","sourceProperties":{"RCID":355934105,"PRIM":1,"GRUP":2,"OBJL":17,"RVER":1,"AGEN":7979,"FIDN":355934105,"FIDS":1,"LNAM":"1F2B15371F990001","LNAM_REFS":["1F2B4BE86D4C0001"],"FFPT_RIND":[2],"BOYSHP":5,"CATLAM":1,"COLOUR":["3"],"OBJNAM":"SS 4","SCAMIN":200000,"SORDAT":"20251111","SORIND":"NL,1R,reprt,MD 554-2025, Topdesk  A 1160750","sourceCellId":"1R75W83I","sourceChecksum":"8afaa0bdcffb401e0fbaca3c320807d4ff31fd98bed7f7633d560b42d183a166","rawObjectClass":"BOYLAT","sourceStableId":"1F2B15371F990001"},"sourceKind":"official","official":true,"sourceCellId":"1R75W83I","sourceStableId":"1F2B15371F990001","pipelineFeatureId":"1R75W83I/BOYLAT/355934105","provenance":{"cellId":"1R75W83I","checksum":"8afaa0bdcffb401e0fbaca3c320807d4ff31fd98bed7f7633d560b42d183a166","readerVersion":"GDAL 3.2.2","processedAt":"2026-08-11T13:43:44.753Z"}}},{"type":"Feature","geometry":{"type":"Point","coordinates":[3.6804454,51.4610183]},"properties":{"dolphinKind":"buoy-special","rawObjectClass":"BOYSPP","sourceProperties":{"RCID":16322,"PRIM":1,"GRUP":2,"OBJL":19,"RVER":1,"AGEN":7979,"FIDN":1106572496,"FIDS":273,"LNAM":"1F2B41F4F4D00111","BOYSHP":3,"CATSPM":["52"],"COLOUR":["6"],"SCAMIN":200000,"SORIND":"NL,North Sea Ports","sourceCellId":"1R75W83I","sourceChecksum":"8afaa0bdcffb401e0fbaca3c320807d4ff31fd98bed7f7633d560b42d183a166","rawObjectClass":"BOYSPP","sourceStableId":"1F2B41F4F4D00111"},"sourceKind":"official","official":true,"sourceCellId":"1R75W83I","sourceStableId":"1F2B41F4F4D00111","pipelineFeatureId":"1R75W83I/BOYSPP/16322","provenance":{"cellId":"1R75W83I","checksum":"8afaa0bdcffb401e0fbaca3c320807d4ff31fd98bed7f7633d560b42d183a166","readerVersion":"GDAL 3.2.2","processedAt":"2026-08-11T13:43:44.753Z"}}},{"type":"Feature","geometry":{"type":"Point","coordinates":[3.6804866,51.4600219]},"properties":{"dolphinKind":"buoy-special","rawObjectClass":"BOYSPP","sourceProperties":{"RCID":16323,"PRIM":1,"GRUP":2,"OBJL":19,"RVER":1,"AGEN":7979,"FIDN":1106572496,"FIDS":274,"LNAM":"1F2B41F4F4D00112","BOYSHP":3,"CATSPM":["52"],"COLOUR":["6"],"SCAMIN":200000,"SORIND":"NL,North Sea Ports","sourceCellId":"1R75W83I","sourceChecksum":"8afaa0bdcffb401e0fbaca3c320807d4ff31fd98bed7f7633d560b42d183a166","rawObjectClass":"BOYSPP","sourceStableId":"1F2B41F4F4D00112"},"sourceKind":"official","official":true,"sourceCellId":"1R75W83I","sourceStableId":"1F2B41F4F4D00112","pipelineFeatureId":"1R75W83I/BOYSPP/16323","provenance":{"cellId":"1R75W83I","checksum":"8afaa0bdcffb401e0fbaca3c320807d4ff31fd98bed7f7633d560b42d183a166","readerVersion":"GDAL 3.2.2","processedAt":"2026-08-11T13:43:44.753Z"}}},{"type":"Feature","geometry":{"type":"Point","coordinates":[3.6804427,51.4590071]},"properties":{"dolphinKind":"buoy-special","rawObjectClass":"BOYSPP","sourceProperties":{"RCID":16324,"PRIM":1,"GRUP":2,"OBJL":19,"RVER":1,"AGEN":7979,"FIDN":1106572496,"FIDS":275,"LNAM":"1F2B41F4F4D00113","BOYSHP":3,"CATSPM":["52"],"COLOUR":["6"],"SCAMIN":200000,"SORIND":"NL,North Sea Ports","sourceCellId":"1R75W83I","sourceChecksum":"8afaa0bdcffb401e0fbaca3c320807d4ff31fd98bed7f7633d560b42d183a166","rawObjectClass":"BOYSPP","sourceStableId":"1F2B41F4F4D00113"},"sourceKind":"official","official":true,"sourceCellId":"1R75W83I","sourceStableId":"1F2B41F4F4D00113","pipelineFeatureId":"1R75W83I/BOYSPP/16324","provenance":{"cellId":"1R75W83I","checksum":"8afaa0bdcffb401e0fbaca3c320807d4ff31fd98bed7f7633d560b42d183a166","readerVersion":"GDAL 3.2.2","processedAt":"2026-08-11T13:43:44.753Z"}}},{"type":"Feature","geometry":{"type":"Point","coordinates":[3.7071285,51.4701615]},"properties":{"dolphinKind":"buoy-special","rawObjectClass":"BOYSPP","sourceProperties":{"RCID":49732196,"PRIM":1,"GRUP":2,"OBJL":19,"RVER":1,"AGEN":7979,"FIDN":49732196,"FIDS":1,"LNAM":"1F2B02F6DA640001","LNAM_REFS":["1F2B02EB7DFE0001"],"FFPT_RIND":[2],"BOYSHP":2,"CATSPM":["51"],"COLOUR":["6"],"CONRAD":3,"OBJNAM":"B","SCAMIN":200000,"SORDAT":"20240814","SORIND":"NL,North Sea Ports | Schelde-ECS overleg","sourceCellId":"1R75W83I","sourceChecksum":"8afaa0bdcffb401e0fbaca3c320807d4ff31fd98bed7f7633d560b42d183a166","rawObjectClass":"BOYSPP","sourceStableId":"1F2B02F6DA640001"},"sourceKind":"official","official":true,"sourceCellId":"1R75W83I","sourceStableId":"1F2B02F6DA640001","pipelineFeatureId":"1R75W83I/BOYSPP/49732196","provenance":{"cellId":"1R75W83I","checksum":"8afaa0bdcffb401e0fbaca3c320807d4ff31fd98bed7f7633d560b42d183a166","readerVersion":"GDAL 3.2.2","processedAt":"2026-08-11T13:43:44.753Z"}}},{"type":"Feature","geometry":{"type":"Point","coordinates":[3.7073533,51.4687533]},"properties":{"dolphinKind":"buoy-special","rawObjectClass":"BOYSPP","sourceProperties":{"RCID":49732198,"PRIM":1,"GRUP":2,"OBJL":19,"RVER":1,"AGEN":7979,"FIDN":49732198,"FIDS":1,"LNAM":"1F2B02F6DA660001","LNAM_REFS":["1F2B02EB7E040001"],"FFPT_RIND":[2],"BOYSHP":2,"CATSPM":["51"],"COLOUR":["6"],"CONRAD":3,"OBJNAM":"D","SCAMIN":200000,"SORDAT":"20120702","SORIND":"NL,North Sea Ports | Schelde-ECS overleg","sourceCellId":"1R75W83I","sourceChecksum":"8afaa0bdcffb401e0fbaca3c320807d4ff31fd98bed7f7633d560b42d183a166","rawObjectClass":"BOYSPP","sourceStableId":"1F2B02F6DA660001"},"sourceKind":"official","official":true,"sourceCellId":"1R75W83I","sourceStableId":"1F2B02F6DA660001","pipelineFeatureId":"1R75W83I/BOYSPP/49732198","provenance":{"cellId":"1R75W83I","checksum":"8afaa0bdcffb401e0fbaca3c320807d4ff31fd98bed7f7633d560b42d183a166","readerVersion":"GDAL 3.2.2","processedAt":"2026-08-11T13:43:44.753Z"}}},{"type":"Feature","geometry":{"type":"Point","coordinates":[3.707505,51.469322]},"properties":{"dolphinKind":"buoy-special","rawObjectClass":"BOYSPP","sourceProperties":{"RCID":49732199,"PRIM":1,"GRUP":2,"OBJL":19,"RVER":1,"AGEN":7979,"FIDN":49732199,"FIDS":1,"LNAM":"1F2B02F6DA670001","LNAM_REFS":["1F2B02EB7E060001"],"FFPT_RIND":[2],"BOYSHP":2,"CATSPM":["51"],"COLOUR":["6"],"CONRAD":3,"OBJNAM":"E","SCAMIN":200000,"SORDAT":"20120702","SORIND":"NL,North Sea Ports | Schelde-ECS overleg","sourceCellId":"1R75W83I","sourceChecksum":"8afaa0bdcffb401e0fbaca3c320807d4ff31fd98bed7f7633d560b42d183a166","rawObjectClass":"BOYSPP","sourceStableId":"1F2B02F6DA670001"},"sourceKind":"official","official":true,"sourceCellId":"1R75W83I","sourceStableId":"1F2B02F6DA670001","pipelineFeatureId":"1R75W83I/BOYSPP/49732199","provenance":{"cellId":"1R75W83I","checksum":"8afaa0bdcffb401e0fbaca3c320807d4ff31fd98bed7f7633d560b42d183a166","readerVersion":"GDAL 3.2.2","processedAt":"2026-08-11T13:43:44.753Z"}}},{"type":"Feature","geometry":{"type":"Point","coordinates":[3.5949468,51.4422368]},"properties":{"dolphinKind":"buoy-special","rawObjectClass":"BOYSPP","sourceProperties":{"RCID":189197251,"PRIM":1,"GRUP":2,"OBJL":19,"RVER":1,"AGEN":7979,"FIDN":189197251,"FIDS":1,"LNAM":"1F2B0B46EBC30001","BOYSHP":2,"CATSPM":["27"],"COLOUR":["6"],"CONRAD":3,"NATCON":["8"],"OBJNAM":"VL 2","SCAMIN":200000,"SORDAT":"20160226","SORIND":"NL,1R,Reprt,MD071-16","sourceCellId":"1R75W83I","sourceChecksum":"8afaa0bdcffb401e0fbaca3c320807d4ff31fd98bed7f7633d560b42d183a166","rawObjectClass":"BOYSPP","sourceStableId":"1F2B0B46EBC30001"},"sourceKind":"official","official":true,"sourceCellId":"1R75W83I","sourceStableId":"1F2B0B46EBC30001","pipelineFeatureId":"1R75W83I/BOYSPP/189197251","provenance":{"cellId":"1R75W83I","checksum":"8afaa0bdcffb401e0fbaca3c320807d4ff31fd98bed7f7633d560b42d183a166","readerVersion":"GDAL 3.2.2","processedAt":"2026-08-11T13:43:44.753Z"}}},{"type":"Feature","geometry":{"type":"Point","coordinates":[3.698545,51.4369183]},"properties":{"dolphinKind":"buoy-special","rawObjectClass":"BOYSPP","sourceProperties":{"RCID":223323606,"PRIM":1,"GRUP":2,"OBJL":19,"RVER":1,"AGEN":7979,"FIDN":223323606,"FIDS":1,"LNAM":"1F2B0D4FA5D60001","BOYSHP":5,"CATSPM":["12"],"COLOUR":["6"],"CONRAD":3,"OBJNAM":"KL-A","INFORM":"Kitesurf Area","NINFOM":"Kitesurf Gebied","SCAMIN":200000,"SORDAT":"20170503","SORIND":"NL,1R,reprt,MD 171-17","sourceCellId":"1R75W83I","sourceChecksum":"8afaa0bdcffb401e0fbaca3c320807d4ff31fd98bed7f7633d560b42d183a166","rawObjectClass":"BOYSPP","sourceStableId":"1F2B0D4FA5D60001"},"sourceKind":"official","official":true,"sourceCellId":"1R75W83I","sourceStableId":"1F2B0D4FA5D60001","pipelineFeatureId":"1R75W83I/BOYSPP/223323606","provenance":{"cellId":"1R75W83I","checksum":"8afaa0bdcffb401e0fbaca3c320807d4ff31fd98bed7f7633d560b42d183a166","readerVersion":"GDAL 3.2.2","processedAt":"2026-08-11T13:43:44.753Z"}}},{"type":"Feature","geometry":{"type":"Point","coordinates":[3.706165,51.431185]},"properties":{"dolphinKind":"buoy-special","rawObjectClass":"BOYSPP","sourceProperties":{"RCID":223323607,"PRIM":1,"GRUP":2,"OBJL":19,"RVER":1,"AGEN":7979,"FIDN":223323607,"FIDS":1,"LNAM":"1F2B0D4FA5D70001","BOYSHP":5,"CATSPM":["12"],"COLOUR":["6"],"CONRAD":3,"OBJNAM":"KL-B","INFORM":"Kitesurf Area","NINFOM":"Kitesurf Gebied","SCAMIN":200000,"SORDAT":"20170503","SORIND":"NL,1R,reprt,MD 171-17","sourceCellId":"1R75W83I","sourceChecksum":"8afaa0bdcffb401e0fbaca3c320807d4ff31fd98bed7f7633d560b42d183a166","rawObjectClass":"BOYSPP","sourceStableId":"1F2B0D4FA5D70001"},"sourceKind":"official","official":true,"sourceCellId":"1R75W83I","sourceStableId":"1F2B0D4FA5D70001","pipelineFeatureId":"1R75W83I/BOYSPP/223323607","provenance":{"cellId":"1R75W83I","checksum":"8afaa0bdcffb401e0fbaca3c320807d4ff31fd98bed7f7633d560b42d183a166","readerVersion":"GDAL 3.2.2","processedAt":"2026-08-11T13:43:44.753Z"}}},{"type":"Feature","geometry":{"type":"Point","coordinates":[3.5355883,51.43633]},"properties":{"dolphinKind":"buoy-special","rawObjectClass":"BOYSPP","sourceProperties":{"RCID":368060796,"PRIM":1,"GRUP":2,"OBJL":19,"RVER":1,"AGEN":7979,"FIDN":368060796,"FIDS":1,"LNAM":"1F2B15F0297C0001","LNAM_REFS":["1F2B15F0297D0001"],"FFPT_RIND":[2],"BOYSHP":5,"CATSPM":["35"],"COLOUR":["6"],"CONRAD":3,"OBJNAM":"NP 6","SCAMIN":200000,"SORDAT":"20230719","SORIND":"NL,1R,reprt,NDB verbetering","sourceCellId":"1R75W83I","sourceChecksum":"8afaa0bdcffb401e0fbaca3c320807d4ff31fd98bed7f7633d560b42d183a166","rawObjectClass":"BOYSPP","sourceStableId":"1F2B15F0297C0001"},"sourceKind":"official","official":true,"sourceCellId":"1R75W83I","sourceStableId":"1F2B15F0297C0001","pipelineFeatureId":"1R75W83I/BOYSPP/368060796","provenance":{"cellId":"1R75W83I","checksum":"8afaa0bdcffb401e0fbaca3c320807d4ff31fd98bed7f7633d560b42d183a166","readerVersion":"GDAL 3.2.2","processedAt":"2026-08-11T13:43:44.753Z"}}},{"type":"Feature","geometry":{"type":"Point","coordinates":[3.6955,51.43705]},"properties":{"dolphinKind":"buoy-special","rawObjectClass":"BOYSPP","sourceProperties":{"RCID":467389889,"PRIM":1,"GRUP":2,"OBJL":19,"RVER":1,"AGEN":7979,"FIDN":467389889,"FIDS":1,"LNAM":"1F2B1BDBCDC10001","LNAM_REFS":["1F2B1BDBCDC00001"],"FFPT_RIND":[2],"BOYSHP":3,"CATSPM":["9"],"COLOUR":["6"],"OBJNAM":"HNTE","SCAMIN":200000,"SORDAT":"20230628","SORIND":"NL,1R,reprt,CIV-BAS-2023 / 005","sourceCellId":"1R75W83I","sourceChecksum":"8afaa0bdcffb401e0fbaca3c320807d4ff31fd98bed7f7633d560b42d183a166","rawObjectClass":"BOYSPP","sourceStableId":"1F2B1BDBCDC10001"},"sourceKind":"official","official":true,"sourceCellId":"1R75W83I","sourceStableId":"1F2B1BDBCDC10001","pipelineFeatureId":"1R75W83I/BOYSPP/467389889","provenance":{"cellId":"1R75W83I","checksum":"8afaa0bdcffb401e0fbaca3c320807d4ff31fd98bed7f7633d560b42d183a166","readerVersion":"GDAL 3.2.2","processedAt":"2026-08-11T13:43:44.753Z"}}},{"type":"Feature","geometry":{"type":"Point","coordinates":[3.6855858,51.4580877]},"properties":{"dolphinKind":"buoy-special","rawObjectClass":"BOYSPP","sourceProperties":{"RCID":470470462,"PRIM":1,"GRUP":2,"OBJL":19,"RVER":1,"AGEN":7979,"FIDN":470470462,"FIDS":1,"LNAM":"1F2B1C0ACF3E0001","LNAM_REFS":["1F2B47914A680001"],"FFPT_RIND":[2],"BOYSHP":3,"CATSPM":["52"],"COLOUR":["6"],"OBJNAM":"Aquila","SCAMIN":200000,"SORDAT":"20220727","SORIND":"NL,North Sea Ports","sourceCellId":"1R75W83I","sourceChecksum":"8afaa0bdcffb401e0fbaca3c320807d4ff31fd98bed7f7633d560b42d183a166","rawObjectClass":"BOYSPP","sourceStableId":"1F2B1C0ACF3E0001"},"sourceKind":"official","official":true,"sourceCellId":"1R75W83I","sourceStableId":"1F2B1C0ACF3E0001","pipelineFeatureId":"1R75W83I/BOYSPP/470470462","provenance":{"cellId":"1R75W83I","checksum":"8afaa0bdcffb401e0fbaca3c320807d4ff31fd98bed7f7633d560b42d183a166","readerVersion":"GDAL 3.2.2","processedAt":"2026-08-11T13:43:44.753Z"}}},{"type":"Feature","geometry":{"type":"Point","coordinates":[3.6865103,51.4579995]},"properties":{"dolphinKind":"buoy-special","rawObjectClass":"BOYSPP","sourceProperties":{"RCID":470470463,"PRIM":1,"GRUP":2,"OBJL":19,"RVER":1,"AGEN":7979,"FIDN":470470463,"FIDS":1,"LNAM":"1F2B1C0ACF3F0001","LNAM_REFS":["1F2B47914A670001"],"FFPT_RIND":[2],"BOYSHP":3,"CATSPM":["52"],"COLOUR":["6"],"OBJNAM":"Aquila","SCAMIN":200000,"SORDAT":"20220727","SORIND":"NL,North Sea Ports","sourceCellId":"1R75W83I","sourceChecksum":"8afaa0bdcffb401e0fbaca3c320807d4ff31fd98bed7f7633d560b42d183a166","rawObjectClass":"BOYSPP","sourceStableId":"1F2B1C0ACF3F0001"},"sourceKind":"official","official":true,"sourceCellId":"1R75W83I","sourceStableId":"1F2B1C0ACF3F0001","pipelineFeatureId":"1R75W83I/BOYSPP/470470463","provenance":{"cellId":"1R75W83I","checksum":"8afaa0bdcffb401e0fbaca3c320807d4ff31fd98bed7f7633d560b42d183a166","readerVersion":"GDAL 3.2.2","processedAt":"2026-08-11T13:43:44.753Z"}}},{"type":"Feature","geometry":{"type":"Point","coordinates":[3.6968167,51.43495]},"properties":{"dolphinKind":"buoy-special","rawObjectClass":"BOYSPP","sourceProperties":{"RCID":1142437152,"PRIM":1,"GRUP":2,"OBJL":19,"RVER":1,"AGEN":7979,"FIDN":1142437152,"FIDS":1,"LNAM":"1F2B441835200001","LNAM_REFS":["1F2B4418351F0001"],"FFPT_RIND":[2],"BOYSHP":3,"CATSPM":["9"],"COLOUR":["6"],"OBJNAM":"HNTE2","SCAMIN":200000,"SORDAT":"20230628","SORIND":"NL,1R,reprt,CIV-BAS-2023 / 005","sourceCellId":"1R75W83I","sourceChecksum":"8afaa0bdcffb401e0fbaca3c320807d4ff31fd98bed7f7633d560b42d183a166","rawObjectClass":"BOYSPP","sourceStableId":"1F2B441835200001"},"sourceKind":"official","official":true,"sourceCellId":"1R75W83I","sourceStableId":"1F2B441835200001","pipelineFeatureId":"1R75W83I/BOYSPP/1142437152","provenance":{"cellId":"1R75W83I","checksum":"8afaa0bdcffb401e0fbaca3c320807d4ff31fd98bed7f7633d560b42d183a166","readerVersion":"GDAL 3.2.2","processedAt":"2026-08-11T13:43:44.753Z"}}},{"type":"Feature","geometry":{"type":"Point","coordinates":[3.6009405,51.4397797]},"properties":{"dolphinKind":"light","rawObjectClass":"LIGHTS","sourceProperties":{"RCID":16371,"PRIM":1,"GRUP":2,"OBJL":75,"RVER":1,"AGEN":7979,"FIDN":1106834596,"FIDS":257,"LNAM":"1F2B41F8F4A40101","COLOUR":["3"],"EXCLIT":4,"HEIGHT":12.4,"LITCHR":1,"SCAMIN":200000,"SORDAT":"20030923","sourceCellId":"1R75W83I","sourceChecksum":"8afaa0bdcffb401e0fbaca3c320807d4ff31fd98bed7f7633d560b42d183a166","rawObjectClass":"LIGHTS","sourceStableId":"1F2B41F8F4A40101"},"sourceKind":"official","official":true,"sourceCellId":"1R75W83I","sourceStableId":"1F2B41F8F4A40101","pipelineFeatureId":"1R75W83I/LIGHTS/16371","provenance":{"cellId":"1R75W83I","checksum":"8afaa0bdcffb401e0fbaca3c320807d4ff31fd98bed7f7633d560b42d183a166","readerVersion":"GDAL 3.2.2","processedAt":"2026-08-11T13:43:44.753Z"}}},{"type":"Feature","geometry":{"type":"Point","coordinates":[3.5777834,51.4387]},"properties":{"dolphinKind":"light","rawObjectClass":"LIGHTS","sourceProperties":{"RCID":16463,"PRIM":1,"GRUP":2,"OBJL":75,"RVER":1,"AGEN":7979,"FIDN":1106834596,"FIDS":349,"LNAM":"1F2B41F8F4A4015D","COLOUR":["4"],"HEIGHT":9,"LITCHR":1,"SCAMIN":200000,"SORDAT":"20030923","sourceCellId":"1R75W83I","sourceChecksum":"8afaa0bdcffb401e0fbaca3c320807d4ff31fd98bed7f7633d560b42d183a166","rawObjectClass":"LIGHTS","sourceStableId":"1F2B41F8F4A4015D"},"sourceKind":"official","official":true,"sourceCellId":"1R75W83I","sourceStableId":"1F2B41F8F4A4015D","pipelineFeatureId":"1R75W83I/LIGHTS/16463","provenance":{"cellId":"1R75W83I","checksum":"8afaa0bdcffb401e0fbaca3c320807d4ff31fd98bed7f7633d560b42d183a166","readerVersion":"GDAL 3.2.2","processedAt":"2026-08-11T13:43:44.753Z"}}},{"type":"Feature","geometry":{"type":"Point","coordinates":[3.6009405,51.4397797]},"properties":{"dolphinKind":"light","rawObjectClass":"LIGHTS","sourceProperties":{"RCID":16465,"PRIM":1,"GRUP":2,"OBJL":75,"RVER":1,"AGEN":7979,"FIDN":1106834596,"FIDS":351,"LNAM":"1F2B41F8F4A4015F","COLOUR":["4"],"LITCHR":7,"SECTR1":17.5,"SECTR2":42.5,"SIGGRP":"(1)","SIGPER":4,"VALNMR":6,"SCAMIN":250000,"SORDAT":"20150519","SORIND":"NL,1R,REPRT,BASS051-2015","sourceCellId":"1R75W83I","sourceChecksum":"8afaa0bdcffb401e0fbaca3c320807d4ff31fd98bed7f7633d560b42d183a166","rawObjectClass":"LIGHTS","sourceStableId":"1F2B41F8F4A4015F"},"sourceKind":"official","official":true,"sourceCellId":"1R75W83I","sourceStableId":"1F2B41F8F4A4015F","pipelineFeatureId":"1R75W83I/LIGHTS/16465","provenance":{"cellId":"1R75W83I","checksum":"8afaa0bdcffb401e0fbaca3c320807d4ff31fd98bed7f7633d560b42d183a166","readerVersion":"GDAL 3.2.2","processedAt":"2026-08-11T13:43:44.753Z"}}},{"type":"Feature","geometry":{"type":"Point","coordinates":[3.6009405,51.4397797]},"properties":{"dolphinKind":"light","rawObjectClass":"LIGHTS","sourceProperties":{"RCID":16467,"PRIM":1,"GRUP":2,"OBJL":75,"RVER":1,"AGEN":7979,"FIDN":1106834596,"FIDS":353,"LNAM":"1F2B41F8F4A40161","COLOUR":["1"],"LITCHR":7,"SECTR1":42.5,"SECTR2":56.5,"SIGGRP":"(1)","SIGPER":4,"VALNMR":6,"INFORM":"The white sector is leading for deep draft vessels when crossing the bar of Vlissingen Roads.","NINFOM":"De sector geeft leiding aan zeer diepgaande schepen bij het oversteken van de drempel van de Rede van Vlissingen","SCAMIN":250000,"SORDAT":"20150519","SORIND":"NL,1R,REPRT,BASS051-2015","sourceCellId":"1R75W83I","sourceChecksum":"8afaa0bdcffb401e0fbaca3c320807d4ff31fd98bed7f7633d560b42d183a166","rawObjectClass":"LIGHTS","sourceStableId":"1F2B41F8F4A40161"},"sourceKind":"official","official":true,"sourceCellId":"1R75W83I","sourceStableId":"1F2B41F8F4A40161","pipelineFeatureId":"1R75W83I/LIGHTS/16467","provenance":{"cellId":"1R75W83I","checksum":"8afaa0bdcffb401e0fbaca3c320807d4ff31fd98bed7f7633d560b42d183a166","readerVersion":"GDAL 3.2.2","processedAt":"2026-08-11T13:43:44.753Z"}}},{"type":"Feature","geometry":{"type":"Point","coordinates":[3.6009405,51.4397797]},"properties":{"dolphinKind":"light","rawObjectClass":"LIGHTS","sourceProperties":{"RCID":16468,"PRIM":1,"GRUP":2,"OBJL":75,"RVER":1,"AGEN":7979,"FIDN":1106834596,"FIDS":354,"LNAM":"1F2B41F8F4A40162","COLOUR":["3"],"LITCHR":7,"SECTR1":56.5,"SECTR2":73,"SIGGRP":"(1)","SIGPER":4,"VALNMR":6,"SCAMIN":250000,"SORDAT":"20150519","SORIND":"NL,1R,REPRT,BASS051-2015","sourceCellId":"1R75W83I","sourceChecksum":"8afaa0bdcffb401e0fbaca3c320807d4ff31fd98bed7f7633d560b42d183a166","rawObjectClass":"LIGHTS","sourceStableId":"1F2B41F8F4A40162"},"sourceKind":"official","official":true,"sourceCellId":"1R75W83I","sourceStableId":"1F2B41F8F4A40162","pipelineFeatureId":"1R75W83I/LIGHTS/16468","provenance":{"cellId":"1R75W83I","checksum":"8afaa0bdcffb401e0fbaca3c320807d4ff31fd98bed7f7633d560b42d183a166","readerVersion":"GDAL 3.2.2","processedAt":"2026-08-11T13:43:44.753Z"}}},{"type":"Feature","geometry":{"type":"Point","coordinates":[3.6009405,51.4397797]},"properties":{"dolphinKind":"light","rawObjectClass":"LIGHTS","sourceProperties":{"RCID":16469,"PRIM":1,"GRUP":2,"OBJL":75,"RVER":1,"AGEN":7979,"FIDN":1106834596,"FIDS":355,"LNAM":"1F2B41F8F4A40163","COLOUR":["1"],"LITCHR":7,"SECTR1":73,"SECTR2":323.5,"SIGGRP":"(1)","SIGPER":4,"VALNMR":6,"SCAMIN":250000,"SORDAT":"20150519","SORIND":"NL,1R,REPRT,BASS051-2015","sourceCellId":"1R75W83I","sourceChecksum":"8afaa0bdcffb401e0fbaca3c320807d4ff31fd98bed7f7633d560b42d183a166","rawObjectClass":"LIGHTS","sourceStableId":"1F2B41F8F4A40163"},"sourceKind":"official","official":true,"sourceCellId":"1R75W83I","sourceStableId":"1F2B41F8F4A40163","pipelineFeatureId":"1R75W83I/LIGHTS/16469","provenance":{"cellId":"1R75W83I","checksum":"8afaa0bdcffb401e0fbaca3c320807d4ff31fd98bed7f7633d560b42d183a166","readerVersion":"GDAL 3.2.2","processedAt":"2026-08-11T13:43:44.753Z"}}},{"type":"Feature","geometry":{"type":"Point","coordinates":[3.6009405,51.4397797]},"properties":{"dolphinKind":"light","rawObjectClass":"LIGHTS","sourceProperties":{"RCID":16470,"PRIM":1,"GRUP":2,"OBJL":75,"RVER":1,"AGEN":7979,"FIDN":1106834596,"FIDS":356,"LNAM":"1F2B41F8F4A40164","COLOUR":["4"],"LITCHR":7,"SECTR1":323.5,"SECTR2":352,"SIGGRP":"(1)","SIGPER":4,"VALNMR":6,"SCAMIN":250000,"SORDAT":"20150519","SORIND":"NL,1R,REPRT,BASS051-2015","sourceCellId":"1R75W83I","sourceChecksum":"8afaa0bdcffb401e0fbaca3c320807d4ff31fd98bed7f7633d560b42d183a166","rawObjectClass":"LIGHTS","sourceStableId":"1F2B41F8F4A40164"},"sourceKind":"official","official":true,"sourceCellId":"1R75W83I","sourceStableId":"1F2B41F8F4A40164","pipelineFeatureId":"1R75W83I/LIGHTS/16470","provenance":{"cellId":"1R75W83I","checksum":"8afaa0bdcffb401e0fbaca3c320807d4ff31fd98bed7f7633d560b42d183a166","readerVersion":"GDAL 3.2.2","processedAt":"2026-08-11T13:43:44.753Z"}}},{"type":"Feature","geometry":{"type":"Point","coordinates":[3.6009405,51.4397797]},"properties":{"dolphinKind":"light","rawObjectClass":"LIGHTS","sourceProperties":{"RCID":16471,"PRIM":1,"GRUP":2,"OBJL":75,"RVER":1,"AGEN":7979,"FIDN":1106834596,"FIDS":357,"LNAM":"1F2B41F8F4A40165","COLOUR":["1"],"LITCHR":7,"SECTR1":352,"SECTR2":17.5,"SIGGRP":"(1)","SIGPER":4,"VALNMR":6,"SCAMIN":250000,"SORDAT":"20150519","SORIND":"NL,1R,REPRT,BASS051-2015","sourceCellId":"1R75W83I","sourceChecksum":"8afaa0bdcffb401e0fbaca3c320807d4ff31fd98bed7f7633d560b42d183a166","rawObjectClass":"LIGHTS","sourceStableId":"1F2B41F8F4A40165"},"sourceKind":"official","official":true,"sourceCellId":"1R75W83I","sourceStableId":"1F2B41F8F4A40165","pipelineFeatureId":"1R75W83I/LIGHTS/16471","provenance":{"cellId":"1R75W83I","checksum":"8afaa0bdcffb401e0fbaca3c320807d4ff31fd98bed7f7633d560b42d183a166","readerVersion":"GDAL 3.2.2","processedAt":"2026-08-11T13:43:44.753Z"}}},{"type":"Feature","geometry":{"type":"Point","coordinates":[3.6062605,51.4402688]},"properties":{"dolphinKind":"light","rawObjectClass":"LIGHTS","sourceProperties":{"RCID":16472,"PRIM":1,"GRUP":2,"OBJL":75,"RVER":1,"AGEN":7979,"FIDN":1106834596,"FIDS":358,"LNAM":"1F2B41F8F4A40166","COLOUR":["4"],"LITCHR":1,"VALNMR":4,"INFORM":"During fog conditions also FY (harbour inbound and outbound).","NINFOM":"Bij mist tevens: FY (haveninwaarts en rivierwaarts)","SCAMIN":200000,"SORDAT":"20030923","SORIND":"NL,North Sea Port","sourceCellId":"1R75W83I","sourceChecksum":"8afaa0bdcffb401e0fbaca3c320807d4ff31fd98bed7f7633d560b42d183a166","rawObjectClass":"LIGHTS","sourceStableId":"1F2B41F8F4A40166"},"sourceKind":"official","official":true,"sourceCellId":"1R75W83I","sourceStableId":"1F2B41F8F4A40166","pipelineFeatureId":"1R75W83I/LIGHTS/16472","provenance":{"cellId":"1R75W83I","checksum":"8afaa0bdcffb401e0fbaca3c320807d4ff31fd98bed7f7633d560b42d183a166","readerVersion":"GDAL 3.2.2","processedAt":"2026-08-11T13:43:44.753Z"}}},{"type":"Feature","geometry":{"type":"Point","coordinates":[3.6318667,51.4422834]},"properties":{"dolphinKind":"light","rawObjectClass":"LIGHTS","sourceProperties":{"RCID":16474,"PRIM":1,"GRUP":2,"OBJL":75,"RVER":1,"AGEN":7979,"FIDN":1106834596,"FIDS":360,"LNAM":"1F2B41F8F4A40168","COLOUR":["3"],"LITCHR":8,"SECTR1":79,"SECTR2":90.5,"SIGGRP":"(1)","SIGPER":9,"VALNMR":10,"SCAMIN":250000,"SORDAT":"20201218","SORIND":"NL,1R,Reprt,MD 587-20","sourceCellId":"1R75W83I","sourceChecksum":"8afaa0bdcffb401e0fbaca3c320807d4ff31fd98bed7f7633d560b42d183a166","rawObjectClass":"LIGHTS","sourceStableId":"1F2B41F8F4A40168"},"sourceKind":"official","official":true,"sourceCellId":"1R75W83I","sourceStableId":"1F2B41F8F4A40168","pipelineFeatureId":"1R75W83I/LIGHTS/16474","provenance":{"cellId":"1R75W83I","checksum":"8afaa0bdcffb401e0fbaca3c320807d4ff31fd98bed7f7633d560b42d183a166","readerVersion":"GDAL 3.2.2","processedAt":"2026-08-11T13:43:44.753Z"}}},{"type":"Feature","geometry":{"type":"Point","coordinates":[3.6318667,51.4422834]},"properties":{"dolphinKind":"light","rawObjectClass":"LIGHTS","sourceProperties":{"RCID":16475,"PRIM":1,"GRUP":2,"OBJL":75,"RVER":1,"AGEN":7979,"FIDN":1106834596,"FIDS":361,"LNAM":"1F2B41F8F4A40169","COLOUR":["1"],"LITCHR":8,"SECTR1":26,"SECTR2":79,"SIGGRP":"(1)","SIGPER":9,"VALNMR":9,"SCAMIN":250000,"SORDAT":"20201218","SORIND":"NL,1R,Reprt,MD 587-20","sourceCellId":"1R75W83I","sourceChecksum":"8afaa0bdcffb401e0fbaca3c320807d4ff31fd98bed7f7633d560b42d183a166","rawObjectClass":"LIGHTS","sourceStableId":"1F2B41F8F4A40169"},"sourceKind":"official","official":true,"sourceCellId":"1R75W83I","sourceStableId":"1F2B41F8F4A40169","pipelineFeatureId":"1R75W83I/LIGHTS/16475","provenance":{"cellId":"1R75W83I","checksum":"8afaa0bdcffb401e0fbaca3c320807d4ff31fd98bed7f7633d560b42d183a166","readerVersion":"GDAL 3.2.2","processedAt":"2026-08-11T13:43:44.753Z"}}},{"type":"Feature","geometry":{"type":"Point","coordinates":[3.6318667,51.4422834]},"properties":{"dolphinKind":"light","rawObjectClass":"LIGHTS","sourceProperties":{"RCID":16476,"PRIM":1,"GRUP":2,"OBJL":75,"RVER":1,"AGEN":7979,"FIDN":1106834596,"FIDS":362,"LNAM":"1F2B41F8F4A4016A","COLOUR":["4"],"LITCHR":8,"SECTR1":341,"SECTR2":26,"SIGGRP":"(1)","SIGPER":9,"VALNMR":10,"SCAMIN":250000,"SORDAT":"20201218","SORIND":"NL,1R,Reprt,MD 587-20","sourceCellId":"1R75W83I","sourceChecksum":"8afaa0bdcffb401e0fbaca3c320807d4ff31fd98bed7f7633d560b42d183a166","rawObjectClass":"LIGHTS","sourceStableId":"1F2B41F8F4A4016A"},"sourceKind":"official","official":true,"sourceCellId":"1R75W83I","sourceStableId":"1F2B41F8F4A4016A","pipelineFeatureId":"1R75W83I/LIGHTS/16476","provenance":{"cellId":"1R75W83I","checksum":"8afaa0bdcffb401e0fbaca3c320807d4ff31fd98bed7f7633d560b42d183a166","readerVersion":"GDAL 3.2.2","processedAt":"2026-08-11T13:43:44.753Z"}}},{"type":"Feature","geometry":{"type":"Point","coordinates":[3.6318667,51.4422834]},"properties":{"dolphinKind":"light","rawObjectClass":"LIGHTS","sourceProperties":{"RCID":16477,"PRIM":1,"GRUP":2,"OBJL":75,"RVER":1,"AGEN":7979,"FIDN":1106834596,"FIDS":363,"LNAM":"1F2B41F8F4A4016B","COLOUR":["3"],"LITCHR":8,"SECTR1":335,"SECTR2":341,"SIGGRP":"(1)","SIGPER":9,"VALNMR":9,"SCAMIN":250000,"SORDAT":"20201218","SORIND":"NL,1R,Reprt,MD 587-20","sourceCellId":"1R75W83I","sourceChecksum":"8afaa0bdcffb401e0fbaca3c320807d4ff31fd98bed7f7633d560b42d183a166","rawObjectClass":"LIGHTS","sourceStableId":"1F2B41F8F4A4016B"},"sourceKind":"official","official":true,"sourceCellId":"1R75W83I","sourceStableId":"1F2B41F8F4A4016B","pipelineFeatureId":"1R75W83I/LIGHTS/16477","provenance":{"cellId":"1R75W83I","checksum":"8afaa0bdcffb401e0fbaca3c320807d4ff31fd98bed7f7633d560b42d183a166","readerVersion":"GDAL 3.2.2","processedAt":"2026-08-11T13:43:44.753Z"}}},{"type":"Feature","geometry":{"type":"Point","coordinates":[3.6318667,51.4422834]},"properties":{"dolphinKind":"light","rawObjectClass":"LIGHTS","sourceProperties":{"RCID":16478,"PRIM":1,"GRUP":2,"OBJL":75,"RVER":1,"AGEN":7979,"FIDN":1106834596,"FIDS":364,"LNAM":"1F2B41F8F4A4016C","COLOUR":["4"],"LITCHR":8,"SECTR1":283,"SECTR2":335,"SIGGRP":"(1)","SIGPER":9,"VALNMR":13,"SCAMIN":250000,"SORDAT":"20201218","SORIND":"NL,1R,Reprt,MD 587-20","sourceCellId":"1R75W83I","sourceChecksum":"8afaa0bdcffb401e0fbaca3c320807d4ff31fd98bed7f7633d560b42d183a166","rawObjectClass":"LIGHTS","sourceStableId":"1F2B41F8F4A4016C"},"sourceKind":"official","official":true,"sourceCellId":"1R75W83I","sourceStableId":"1F2B41F8F4A4016C","pipelineFeatureId":"1R75W83I/LIGHTS/16478","provenance":{"cellId":"1R75W83I","checksum":"8afaa0bdcffb401e0fbaca3c320807d4ff31fd98bed7f7633d560b42d183a166","readerVersion":"GDAL 3.2.2","processedAt":"2026-08-11T13:43:44.753Z"}}},{"type":"Feature","geometry":{"type":"Point","coordinates":[3.6318667,51.4422834]},"properties":{"dolphinKind":"light","rawObjectClass":"LIGHTS","sourceProperties":{"RCID":16479,"PRIM":1,"GRUP":2,"OBJL":75,"RVER":1,"AGEN":7979,"FIDN":1106834596,"FIDS":365,"LNAM":"1F2B41F8F4A4016D","COLOUR":["1"],"LITCHR":8,"SECTR1":271,"SECTR2":283,"SIGGRP":"(1)","SIGPER":9,"VALNMR":9,"SCAMIN":250000,"SORDAT":"20201218","SORIND":"NL,1R,Reprt,MD 587-20","sourceCellId":"1R75W83I","sourceChecksum":"8afaa0bdcffb401e0fbaca3c320807d4ff31fd98bed7f7633d560b42d183a166","rawObjectClass":"LIGHTS","sourceStableId":"1F2B41F8F4A4016D"},"sourceKind":"official","official":true,"sourceCellId":"1R75W83I","sourceStableId":"1F2B41F8F4A4016D","pipelineFeatureId":"1R75W83I/LIGHTS/16479","provenance":{"cellId":"1R75W83I","checksum":"8afaa0bdcffb401e0fbaca3c320807d4ff31fd98bed7f7633d560b42d183a166","readerVersion":"GDAL 3.2.2","processedAt":"2026-08-11T13:43:44.753Z"}}},{"type":"Feature","geometry":{"type":"Point","coordinates":[3.6318667,51.4422834]},"properties":{"dolphinKind":"light","rawObjectClass":"LIGHTS","sourceProperties":{"RCID":16480,"PRIM":1,"GRUP":2,"OBJL":75,"RVER":1,"AGEN":7979,"FIDN":1106834596,"FIDS":366,"LNAM":"1F2B41F8F4A4016E","COLOUR":["3"],"LITCHR":8,"SECTR1":235,"SECTR2":271,"SIGGRP":"(1)","SIGPER":9,"VALNMR":9,"SCAMIN":250000,"SORDAT":"20201218","SORIND":"NL,1R,Reprt,MD 587-20","sourceCellId":"1R75W83I","sourceChecksum":"8afaa0bdcffb401e0fbaca3c320807d4ff31fd98bed7f7633d560b42d183a166","rawObjectClass":"LIGHTS","sourceStableId":"1F2B41F8F4A4016E"},"sourceKind":"official","official":true,"sourceCellId":"1R75W83I","sourceStableId":"1F2B41F8F4A4016E","pipelineFeatureId":"1R75W83I/LIGHTS/16480","provenance":{"cellId":"1R75W83I","checksum":"8afaa0bdcffb401e0fbaca3c320807d4ff31fd98bed7f7633d560b42d183a166","readerVersion":"GDAL 3.2.2","processedAt":"2026-08-11T13:43:44.753Z"}}},{"type":"Feature","geometry":{"type":"Point","coordinates":[3.6680667,51.4480667]},"properties":{"dolphinKind":"light","rawObjectClass":"LIGHTS","sourceProperties":{"RCID":16489,"PRIM":1,"GRUP":2,"OBJL":75,"RVER":1,"AGEN":7979,"FIDN":1106834596,"FIDS":375,"LNAM":"1F2B41F8F4A40177","COLOUR":["3"],"HEIGHT":10,"LITCHR":1,"VALNMR":5,"INFORM":"During fog conditions also FY (harbour outbound). Entrance to harbour prohibited: 2 FR (vertical)","NINFOM":"bij mist tevens: FY (rivierwaarts); haven ontoegankelijk: 2 FR (vert.)","SCAMIN":200000,"SORDAT":"20030923","SORIND":"NL,North Sea Port","sourceCellId":"1R75W83I","sourceChecksum":"8afaa0bdcffb401e0fbaca3c320807d4ff31fd98bed7f7633d560b42d183a166","rawObjectClass":"LIGHTS","sourceStableId":"1F2B41F8F4A40177"},"sourceKind":"official","official":true,"sourceCellId":"1R75W83I","sourceStableId":"1F2B41F8F4A40177","pipelineFeatureId":"1R75W83I/LIGHTS/16489","provenance":{"cellId":"1R75W83I","checksum":"8afaa0bdcffb401e0fbaca3c320807d4ff31fd98bed7f7633d560b42d183a166","readerVersion":"GDAL 3.2.2","processedAt":"2026-08-11T13:43:44.753Z"}}},{"type":"Feature","geometry":{"type":"Point","coordinates":[3.6752833,51.4469167]},"properties":{"dolphinKind":"light","rawObjectClass":"LIGHTS","sourceProperties":{"RCID":16490,"PRIM":1,"GRUP":2,"OBJL":75,"RVER":1,"AGEN":7979,"FIDN":1106834596,"FIDS":376,"LNAM":"1F2B41F8F4A40178","COLOUR":["4"],"HEIGHT":10,"LITCHR":1,"VALNMR":4,"SCAMIN":200000,"SORDAT":"20030923","SORIND":"NL,North Sea Port","sourceCellId":"1R75W83I","sourceChecksum":"8afaa0bdcffb401e0fbaca3c320807d4ff31fd98bed7f7633d560b42d183a166","rawObjectClass":"LIGHTS","sourceStableId":"1F2B41F8F4A40178"},"sourceKind":"official","official":true,"sourceCellId":"1R75W83I","sourceStableId":"1F2B41F8F4A40178","pipelineFeatureId":"1R75W83I/LIGHTS/16490","provenance":{"cellId":"1R75W83I","checksum":"8afaa0bdcffb401e0fbaca3c320807d4ff31fd98bed7f7633d560b42d183a166","readerVersion":"GDAL 3.2.2","processedAt":"2026-08-11T13:43:44.753Z"}}},{"type":"Feature","geometry":{"type":"Point","coordinates":[3.6837334,51.4653]},"properties":{"dolphinKind":"light","rawObjectClass":"LIGHTS","sourceProperties":{"RCID":16493,"PRIM":1,"GRUP":2,"OBJL":75,"RVER":1,"AGEN":7979,"FIDN":1106834596,"FIDS":379,"LNAM":"1F2B41F8F4A4017B","CATLIT":["4","13","15"],"COLOUR":["3"],"HEIGHT":40,"LITCHR":8,"SECTR1":18,"SECTR2":28,"SIGGRP":"(1)","SIGPER":8,"VALNMR":10,"INFORM":"visible: 015deg - 031deg","SCAMIN":200000,"SORDAT":"20120904","SORIND":"NL,North Sea Port","sourceCellId":"1R75W83I","sourceChecksum":"8afaa0bdcffb401e0fbaca3c320807d4ff31fd98bed7f7633d560b42d183a166","rawObjectClass":"LIGHTS","sourceStableId":"1F2B41F8F4A4017B"},"sourceKind":"official","official":true,"sourceCellId":"1R75W83I","sourceStableId":"1F2B41F8F4A4017B","pipelineFeatureId":"1R75W83I/LIGHTS/16493","provenance":{"cellId":"1R75W83I","checksum":"8afaa0bdcffb401e0fbaca3c320807d4ff31fd98bed7f7633d560b42d183a166","readerVersion":"GDAL 3.2.2","processedAt":"2026-08-11T13:43:44.753Z"}}},{"type":"Feature","geometry":{"type":"Point","coordinates":[3.716005,51.4332047]},"properties":{"dolphinKind":"light","rawObjectClass":"LIGHTS","sourceProperties":{"RCID":16496,"PRIM":1,"GRUP":2,"OBJL":75,"RVER":1,"AGEN":7979,"FIDN":1106834596,"FIDS":382,"LNAM":"1F2B41F8F4A4017E","COLOUR":["3"],"LITCHR":1,"INFORM":"Bij Oeverlicht Borssele-Noordnol","SCAMIN":200000,"SORDAT":"20030923","SORIND":"NL,North Sea Port","sourceCellId":"1R75W83I","sourceChecksum":"8afaa0bdcffb401e0fbaca3c320807d4ff31fd98bed7f7633d560b42d183a166","rawObjectClass":"LIGHTS","sourceStableId":"1F2B41F8F4A4017E"},"sourceKind":"official","official":true,"sourceCellId":"1R75W83I","sourceStableId":"1F2B41F8F4A4017E","pipelineFeatureId":"1R75W83I/LIGHTS/16496","provenance":{"cellId":"1R75W83I","checksum":"8afaa0bdcffb401e0fbaca3c320807d4ff31fd98bed7f7633d560b42d183a166","readerVersion":"GDAL 3.2.2","processedAt":"2026-08-11T13:43:44.753Z"}}},{"type":"Feature","geometry":{"type":"Point","coordinates":[3.72235,51.4443166]},"properties":{"dolphinKind":"light","rawObjectClass":"LIGHTS","sourceProperties":{"RCID":16707,"PRIM":1,"GRUP":2,"OBJL":75,"RVER":1,"AGEN":7979,"FIDN":1106834597,"FIDS":338,"LNAM":"1F2B41F8F4A50152","COLOUR":["4"],"EXCLIT":4,"LITCHR":1,"SECTR1":123.8,"SECTR2":124.7,"SCAMIN":200000,"SORDAT":"20030923","SORIND":"NL,North Sea Port","sourceCellId":"1R75W83I","sourceChecksum":"8afaa0bdcffb401e0fbaca3c320807d4ff31fd98bed7f7633d560b42d183a166","rawObjectClass":"LIGHTS","sourceStableId":"1F2B41F8F4A50152"},"sourceKind":"official","official":true,"sourceCellId":"1R75W83I","sourceStableId":"1F2B41F8F4A50152","pipelineFeatureId":"1R75W83I/LIGHTS/16707","provenance":{"cellId":"1R75W83I","checksum":"8afaa0bdcffb401e0fbaca3c320807d4ff31fd98bed7f7633d560b42d183a166","readerVersion":"GDAL 3.2.2","processedAt":"2026-08-11T13:43:44.753Z"}}},{"type":"Feature","geometry":{"type":"Point","coordinates":[3.72235,51.4443166]},"properties":{"dolphinKind":"light","rawObjectClass":"LIGHTS","sourceProperties":{"RCID":16709,"PRIM":1,"GRUP":2,"OBJL":75,"RVER":1,"AGEN":7979,"FIDN":1106834597,"FIDS":340,"LNAM":"1F2B41F8F4A50154","COLOUR":["3"],"EXCLIT":4,"LITCHR":1,"SECTR1":125,"SECTR2":125.8,"SCAMIN":200000,"SORDAT":"20030923","SORIND":"NL,North Sea Port","sourceCellId":"1R75W83I","sourceChecksum":"8afaa0bdcffb401e0fbaca3c320807d4ff31fd98bed7f7633d560b42d183a166","rawObjectClass":"LIGHTS","sourceStableId":"1F2B41F8F4A50154"},"sourceKind":"official","official":true,"sourceCellId":"1R75W83I","sourceStableId":"1F2B41F8F4A50154","pipelineFeatureId":"1R75W83I/LIGHTS/16709","provenance":{"cellId":"1R75W83I","checksum":"8afaa0bdcffb401e0fbaca3c320807d4ff31fd98bed7f7633d560b42d183a166","readerVersion":"GDAL 3.2.2","processedAt":"2026-08-11T13:43:44.753Z"}}},{"type":"Feature","geometry":{"type":"Point","coordinates":[3.72235,51.4443166]},"properties":{"dolphinKind":"light","rawObjectClass":"LIGHTS","sourceProperties":{"RCID":16711,"PRIM":1,"GRUP":2,"OBJL":75,"RVER":1,"AGEN":7979,"FIDN":1106834597,"FIDS":342,"LNAM":"1F2B41F8F4A50156","COLOUR":["1"],"EXCLIT":4,"LITCHR":1,"SECTR1":124.7,"SECTR2":125,"SCAMIN":200000,"SORDAT":"20030923","SORIND":"NL,North Sea Port","sourceCellId":"1R75W83I","sourceChecksum":"8afaa0bdcffb401e0fbaca3c320807d4ff31fd98bed7f7633d560b42d183a166","rawObjectClass":"LIGHTS","sourceStableId":"1F2B41F8F4A50156"},"sourceKind":"official","official":true,"sourceCellId":"1R75W83I","sourceStableId":"1F2B41F8F4A50156","pipelineFeatureId":"1R75W83I/LIGHTS/16711","provenance":{"cellId":"1R75W83I","checksum":"8afaa0bdcffb401e0fbaca3c320807d4ff31fd98bed7f7633d560b42d183a166","readerVersion":"GDAL 3.2.2","processedAt":"2026-08-11T13:43:44.753Z"}}},{"type":"Feature","geometry":{"type":"Point","coordinates":[3.678387,51.463368]},"properties":{"dolphinKind":"light","rawObjectClass":"LIGHTS","sourceProperties":{"RCID":16712,"PRIM":1,"GRUP":2,"OBJL":75,"RVER":1,"AGEN":7979,"FIDN":1106834597,"FIDS":343,"LNAM":"1F2B41F8F4A50157","COLOUR":["4"],"EXCLIT":4,"LITCHR":1,"SECTR1":303.6,"SECTR2":304.9,"SCAMIN":200000,"SORDAT":"20200702","SORIND":"NL,North Sea Port","sourceCellId":"1R75W83I","sourceChecksum":"8afaa0bdcffb401e0fbaca3c320807d4ff31fd98bed7f7633d560b42d183a166","rawObjectClass":"LIGHTS","sourceStableId":"1F2B41F8F4A50157"},"sourceKind":"official","official":true,"sourceCellId":"1R75W83I","sourceStableId":"1F2B41F8F4A50157","pipelineFeatureId":"1R75W83I/LIGHTS/16712","provenance":{"cellId":"1R75W83I","checksum":"8afaa0bdcffb401e0fbaca3c320807d4ff31fd98bed7f7633d560b42d183a166","readerVersion":"GDAL 3.2.2","processedAt":"2026-08-11T13:43:44.753Z"}}},{"type":"Feature","geometry":{"type":"Point","coordinates":[3.678387,51.463368]},"properties":{"dolphinKind":"light","rawObjectClass":"LIGHTS","sourceProperties":{"RCID":16714,"PRIM":1,"GRUP":2,"OBJL":75,"RVER":1,"AGEN":7979,"FIDN":1106834597,"FIDS":345,"LNAM":"1F2B41F8F4A50159","COLOUR":["1"],"EXCLIT":4,"LITCHR":1,"SECTR1":304.9,"SECTR2":305.1,"SCAMIN":200000,"SORDAT":"20200702","SORIND":"NL,North Sea Port","sourceCellId":"1R75W83I","sourceChecksum":"8afaa0bdcffb401e0fbaca3c320807d4ff31fd98bed7f7633d560b42d183a166","rawObjectClass":"LIGHTS","sourceStableId":"1F2B41F8F4A50159"},"sourceKind":"official","official":true,"sourceCellId":"1R75W83I","sourceStableId":"1F2B41F8F4A50159","pipelineFeatureId":"1R75W83I/LIGHTS/16714","provenance":{"cellId":"1R75W83I","checksum":"8afaa0bdcffb401e0fbaca3c320807d4ff31fd98bed7f7633d560b42d183a166","readerVersion":"GDAL 3.2.2","processedAt":"2026-08-11T13:43:44.753Z"}}},{"type":"Feature","geometry":{"type":"Point","coordinates":[3.678387,51.463368]},"properties":{"dolphinKind":"light","rawObjectClass":"LIGHTS","sourceProperties":{"RCID":16715,"PRIM":1,"GRUP":2,"OBJL":75,"RVER":1,"AGEN":7979,"FIDN":1106834597,"FIDS":346,"LNAM":"1F2B41F8F4A5015A","COLOUR":["3"],"EXCLIT":4,"LITCHR":1,"SECTR1":305.1,"SECTR2":306.4,"SCAMIN":200000,"SORDAT":"20200702","SORIND":"NL,North Sea Port","sourceCellId":"1R75W83I","sourceChecksum":"8afaa0bdcffb401e0fbaca3c320807d4ff31fd98bed7f7633d560b42d183a166","rawObjectClass":"LIGHTS","sourceStableId":"1F2B41F8F4A5015A"},"sourceKind":"official","official":true,"sourceCellId":"1R75W83I","sourceStableId":"1F2B41F8F4A5015A","pipelineFeatureId":"1R75W83I/LIGHTS/16715","provenance":{"cellId":"1R75W83I","checksum":"8afaa0bdcffb401e0fbaca3c320807d4ff31fd98bed7f7633d560b42d183a166","readerVersion":"GDAL 3.2.2","processedAt":"2026-08-11T13:43:44.753Z"}}},{"type":"Feature","geometry":{"type":"Point","coordinates":[3.7103426,51.4720398]},"properties":{"dolphinKind":"light","rawObjectClass":"LIGHTS","sourceProperties":{"RCID":16827,"PRIM":1,"GRUP":2,"OBJL":75,"RVER":1,"AGEN":7979,"FIDN":1106834597,"FIDS":458,"LNAM":"1F2B41F8F4A501CA","CATLIT":["11"],"COLOUR":["1"],"LITCHR":1,"SCAMIN":200000,"SORIND":"NL,North Sea Port","sourceCellId":"1R75W83I","sourceChecksum":"8afaa0bdcffb401e0fbaca3c320807d4ff31fd98bed7f7633d560b42d183a166","rawObjectClass":"LIGHTS","sourceStableId":"1F2B41F8F4A501CA"},"sourceKind":"official","official":true,"sourceCellId":"1R75W83I","sourceStableId":"1F2B41F8F4A501CA","pipelineFeatureId":"1R75W83I/LIGHTS/16827","provenance":{"cellId":"1R75W83I","checksum":"8afaa0bdcffb401e0fbaca3c320807d4ff31fd98bed7f7633d560b42d183a166","readerVersion":"GDAL 3.2.2","processedAt":"2026-08-11T13:43:44.753Z"}}},{"type":"Feature","geometry":{"type":"Point","coordinates":[3.7107546,51.4719441]},"properties":{"dolphinKind":"light","rawObjectClass":"LIGHTS","sourceProperties":{"RCID":16828,"PRIM":1,"GRUP":2,"OBJL":75,"RVER":1,"AGEN":7979,"FIDN":1106834597,"FIDS":459,"LNAM":"1F2B41F8F4A501CB","CATLIT":["11"],"COLOUR":["1"],"LITCHR":1,"SCAMIN":200000,"SORIND":"NL,North Sea Port","sourceCellId":"1R75W83I","sourceChecksum":"8afaa0bdcffb401e0fbaca3c320807d4ff31fd98bed7f7633d560b42d183a166","rawObjectClass":"LIGHTS","sourceStableId":"1F2B41F8F4A501CB"},"sourceKind":"official","official":true,"sourceCellId":"1R75W83I","sourceStableId":"1F2B41F8F4A501CB","pipelineFeatureId":"1R75W83I/LIGHTS/16828","provenance":{"cellId":"1R75W83I","checksum":"8afaa0bdcffb401e0fbaca3c320807d4ff31fd98bed7f7633d560b42d183a166","readerVersion":"GDAL 3.2.2","processedAt":"2026-08-11T13:43:44.753Z"}}},{"type":"Feature","geometry":{"type":"Point","coordinates":[3.7066558,51.470626]},"properties":{"dolphinKind":"light","rawObjectClass":"LIGHTS","sourceProperties":{"RCID":16829,"PRIM":1,"GRUP":2,"OBJL":75,"RVER":1,"AGEN":7979,"FIDN":1106834597,"FIDS":460,"LNAM":"1F2B41F8F4A501CC","CATLIT":["11"],"COLOUR":["1"],"LITCHR":1,"SCAMIN":200000,"SORIND":"NL,North Sea Port","sourceCellId":"1R75W83I","sourceChecksum":"8afaa0bdcffb401e0fbaca3c320807d4ff31fd98bed7f7633d560b42d183a166","rawObjectClass":"LIGHTS","sourceStableId":"1F2B41F8F4A501CC"},"sourceKind":"official","official":true,"sourceCellId":"1R75W83I","sourceStableId":"1F2B41F8F4A501CC","pipelineFeatureId":"1R75W83I/LIGHTS/16829","provenance":{"cellId":"1R75W83I","checksum":"8afaa0bdcffb401e0fbaca3c320807d4ff31fd98bed7f7633d560b42d183a166","readerVersion":"GDAL 3.2.2","processedAt":"2026-08-11T13:43:44.753Z"}}},{"type":"Feature","geometry":{"type":"Point","coordinates":[3.7065558,51.4703794]},"properties":{"dolphinKind":"light","rawObjectClass":"LIGHTS","sourceProperties":{"RCID":16830,"PRIM":1,"GRUP":2,"OBJL":75,"RVER":1,"AGEN":7979,"FIDN":1106834597,"FIDS":461,"LNAM":"1F2B41F8F4A501CD","CATLIT":["11"],"COLOUR":["1"],"LITCHR":1,"SCAMIN":200000,"SORIND":"NL,North Sea Port","sourceCellId":"1R75W83I","sourceChecksum":"8afaa0bdcffb401e0fbaca3c320807d4ff31fd98bed7f7633d560b42d183a166","rawObjectClass":"LIGHTS","sourceStableId":"1F2B41F8F4A501CD"},"sourceKind":"official","official":true,"sourceCellId":"1R75W83I","sourceStableId":"1F2B41F8F4A501CD","pipelineFeatureId":"1R75W83I/LIGHTS/16830","provenance":{"cellId":"1R75W83I","checksum":"8afaa0bdcffb401e0fbaca3c320807d4ff31fd98bed7f7633d560b42d183a166","readerVersion":"GDAL 3.2.2","processedAt":"2026-08-11T13:43:44.753Z"}}},{"type":"Feature","geometry":{"type":"Point","coordinates":[3.7102892,51.4654969]},"properties":{"dolphinKind":"light","rawObjectClass":"LIGHTS","sourceProperties":{"RCID":16835,"PRIM":1,"GRUP":2,"OBJL":75,"RVER":1,"AGEN":7979,"FIDN":1106834597,"FIDS":466,"LNAM":"1F2B41F8F4A501D2","CATLIT":["11"],"COLOUR":["1"],"LITCHR":1,"SCAMIN":200000,"SORIND":"NL,North Sea Port","sourceCellId":"1R75W83I","sourceChecksum":"8afaa0bdcffb401e0fbaca3c320807d4ff31fd98bed7f7633d560b42d183a166","rawObjectClass":"LIGHTS","sourceStableId":"1F2B41F8F4A501D2"},"sourceKind":"official","official":true,"sourceCellId":"1R75W83I","sourceStableId":"1F2B41F8F4A501D2","pipelineFeatureId":"1R75W83I/LIGHTS/16835","provenance":{"cellId":"1R75W83I","checksum":"8afaa0bdcffb401e0fbaca3c320807d4ff31fd98bed7f7633d560b42d183a166","readerVersion":"GDAL 3.2.2","processedAt":"2026-08-11T13:43:44.753Z"}}},{"type":"Feature","geometry":{"type":"Point","coordinates":[3.5953101,51.4377363]},"properties":{"dolphinKind":"light","rawObjectClass":"LIGHTS","sourceProperties":{"RCID":16946,"PRIM":1,"GRUP":2,"OBJL":75,"RVER":1,"AGEN":7979,"FIDN":1106834682,"FIDS":262,"LNAM":"1F2B41F8F4FA0106","COLOUR":["3"],"LITCHR":7,"SIGGRP":"(1)","SIGPER":4,"SCAMIN":200000,"SORDAT":"20030930","sourceCellId":"1R75W83I","sourceChecksum":"8afaa0bdcffb401e0fbaca3c320807d4ff31fd98bed7f7633d560b42d183a166","rawObjectClass":"LIGHTS","sourceStableId":"1F2B41F8F4FA0106"},"sourceKind":"official","official":true,"sourceCellId":"1R75W83I","sourceStableId":"1F2B41F8F4FA0106","pipelineFeatureId":"1R75W83I/LIGHTS/16946","provenance":{"cellId":"1R75W83I","checksum":"8afaa0bdcffb401e0fbaca3c320807d4ff31fd98bed7f7633d560b42d183a166","readerVersion":"GDAL 3.2.2","processedAt":"2026-08-11T13:43:44.753Z"}}},{"type":"Feature","geometry":{"type":"Point","coordinates":[3.5547,51.43085]},"properties":{"dolphinKind":"light","rawObjectClass":"LIGHTS","sourceProperties":{"RCID":16959,"PRIM":1,"GRUP":2,"OBJL":75,"RVER":1,"AGEN":7979,"FIDN":1106834682,"FIDS":275,"LNAM":"1F2B41F8F4FA0113","COLOUR":["3"],"LITCHR":4,"SIGGRP":"(1)","SIGPER":1,"SCAMIN":200000,"SORDAT":"20030930","sourceCellId":"1R75W83I","sourceChecksum":"8afaa0bdcffb401e0fbaca3c320807d4ff31fd98bed7f7633d560b42d183a166","rawObjectClass":"LIGHTS","sourceStableId":"1F2B41F8F4FA0113"},"sourceKind":"official","official":true,"sourceCellId":"1R75W83I","sourceStableId":"1F2B41F8F4FA0113","pipelineFeatureId":"1R75W83I/LIGHTS/16959","provenance":{"cellId":"1R75W83I","checksum":"8afaa0bdcffb401e0fbaca3c320807d4ff31fd98bed7f7633d560b42d183a166","readerVersion":"GDAL 3.2.2","processedAt":"2026-08-11T13:43:44.753Z"}}},{"type":"Feature","geometry":{"type":"Point","coordinates":[3.55452,51.4472367]},"properties":{"dolphinKind":"light","rawObjectClass":"LIGHTS","sourceProperties":{"RCID":17003,"PRIM":1,"GRUP":2,"OBJL":75,"RVER":1,"AGEN":7979,"FIDN":1106834682,"FIDS":319,"LNAM":"1F2B41F8F4FA013F","COLOUR":["3"],"LITCHR":7,"SIGGRP":"(1)","SIGPER":4,"SCAMIN":200000,"SORDAT":"20030930","sourceCellId":"1R75W83I","sourceChecksum":"8afaa0bdcffb401e0fbaca3c320807d4ff31fd98bed7f7633d560b42d183a166","rawObjectClass":"LIGHTS","sourceStableId":"1F2B41F8F4FA013F"},"sourceKind":"official","official":true,"sourceCellId":"1R75W83I","sourceStableId":"1F2B41F8F4FA013F","pipelineFeatureId":"1R75W83I/LIGHTS/17003","provenance":{"cellId":"1R75W83I","checksum":"8afaa0bdcffb401e0fbaca3c320807d4ff31fd98bed7f7633d560b42d183a166","readerVersion":"GDAL 3.2.2","processedAt":"2026-08-11T13:43:44.753Z"}}},{"type":"Feature","geometry":{"type":"Point","coordinates":[3.5622929,51.4447993]},"properties":{"dolphinKind":"light","rawObjectClass":"LIGHTS","sourceProperties":{"RCID":17005,"PRIM":1,"GRUP":2,"OBJL":75,"RVER":1,"AGEN":7979,"FIDN":1106834682,"FIDS":321,"LNAM":"1F2B41F8F4FA0141","COLOUR":["3"],"LITCHR":4,"SIGGRP":"(1)","SIGPER":1,"SCAMIN":200000,"SORDAT":"20030930","sourceCellId":"1R75W83I","sourceChecksum":"8afaa0bdcffb401e0fbaca3c320807d4ff31fd98bed7f7633d560b42d183a166","rawObjectClass":"LIGHTS","sourceStableId":"1F2B41F8F4FA0141"},"sourceKind":"official","official":true,"sourceCellId":"1R75W83I","sourceStableId":"1F2B41F8F4FA0141","pipelineFeatureId":"1R75W83I/LIGHTS/17005","provenance":{"cellId":"1R75W83I","checksum":"8afaa0bdcffb401e0fbaca3c320807d4ff31fd98bed7f7633d560b42d183a166","readerVersion":"GDAL 3.2.2","processedAt":"2026-08-11T13:43:44.753Z"}}},{"type":"Feature","geometry":{"type":"Point","coordinates":[3.5448028,51.4468167]},"properties":{"dolphinKind":"light","rawObjectClass":"LIGHTS","sourceProperties":{"RCID":17007,"PRIM":1,"GRUP":2,"OBJL":75,"RVER":1,"AGEN":7979,"FIDN":1106834682,"FIDS":323,"LNAM":"1F2B41F8F4FA0143","COLOUR":["4"],"LITCHR":7,"SIGGRP":"(1)","SIGPER":8,"SCAMIN":200000,"SORDAT":"20030930","sourceCellId":"1R75W83I","sourceChecksum":"8afaa0bdcffb401e0fbaca3c320807d4ff31fd98bed7f7633d560b42d183a166","rawObjectClass":"LIGHTS","sourceStableId":"1F2B41F8F4FA0143"},"sourceKind":"official","official":true,"sourceCellId":"1R75W83I","sourceStableId":"1F2B41F8F4FA0143","pipelineFeatureId":"1R75W83I/LIGHTS/17007","provenance":{"cellId":"1R75W83I","checksum":"8afaa0bdcffb401e0fbaca3c320807d4ff31fd98bed7f7633d560b42d183a166","readerVersion":"GDAL 3.2.2","processedAt":"2026-08-11T13:43:44.753Z"}}},{"type":"Feature","geometry":{"type":"Point","coordinates":[3.5576383,51.4436333]},"properties":{"dolphinKind":"light","rawObjectClass":"LIGHTS","sourceProperties":{"RCID":17009,"PRIM":1,"GRUP":2,"OBJL":75,"RVER":1,"AGEN":7979,"FIDN":1106834682,"FIDS":325,"LNAM":"1F2B41F8F4FA0145","COLOUR":["4"],"LITCHR":7,"SIGGRP":"(1)","SIGPER":4,"SCAMIN":200000,"SORDAT":"20230522","SORIND":"NL,1R,reprt,MD 274-23","sourceCellId":"1R75W83I","sourceChecksum":"8afaa0bdcffb401e0fbaca3c320807d4ff31fd98bed7f7633d560b42d183a166","rawObjectClass":"LIGHTS","sourceStableId":"1F2B41F8F4FA0145"},"sourceKind":"official","official":true,"sourceCellId":"1R75W83I","sourceStableId":"1F2B41F8F4FA0145","pipelineFeatureId":"1R75W83I/LIGHTS/17009","provenance":{"cellId":"1R75W83I","checksum":"8afaa0bdcffb401e0fbaca3c320807d4ff31fd98bed7f7633d560b42d183a166","readerVersion":"GDAL 3.2.2","processedAt":"2026-08-11T13:43:44.753Z"}}},{"type":"Feature","geometry":{"type":"Point","coordinates":[3.6468167,51.4377283]},"properties":{"dolphinKind":"light","rawObjectClass":"LIGHTS","sourceProperties":{"RCID":17096,"PRIM":1,"GRUP":2,"OBJL":75,"RVER":1,"AGEN":7979,"FIDN":1106834682,"FIDS":412,"LNAM":"1F2B41F8F4FA019C","COLOUR":["4"],"LITCHR":7,"SIGGRP":"(1)","SIGPER":4,"SCAMIN":200000,"SORDAT":"20220610","SORIND":"NL,1R,reprt,MD 337-22","sourceCellId":"1R75W83I","sourceChecksum":"8afaa0bdcffb401e0fbaca3c320807d4ff31fd98bed7f7633d560b42d183a166","rawObjectClass":"LIGHTS","sourceStableId":"1F2B41F8F4FA019C"},"sourceKind":"official","official":true,"sourceCellId":"1R75W83I","sourceStableId":"1F2B41F8F4FA019C","pipelineFeatureId":"1R75W83I/LIGHTS/17096","provenance":{"cellId":"1R75W83I","checksum":"8afaa0bdcffb401e0fbaca3c320807d4ff31fd98bed7f7633d560b42d183a166","readerVersion":"GDAL 3.2.2","processedAt":"2026-08-11T13:43:44.753Z"}}},{"type":"Feature","geometry":{"type":"Point","coordinates":[3.6818998,51.428307]},"properties":{"dolphinKind":"light","rawObjectClass":"LIGHTS","sourceProperties":{"RCID":17101,"PRIM":1,"GRUP":2,"OBJL":75,"RVER":1,"AGEN":7979,"FIDN":1106834682,"FIDS":417,"LNAM":"1F2B41F8F4FA01A1","COLOUR":["4"],"LITCHR":7,"SIGGRP":"(1)","SIGPER":8,"SCAMIN":200000,"SORDAT":"20120425","SORIND":"NL,1R,reprt,BASS 047/2012","sourceCellId":"1R75W83I","sourceChecksum":"8afaa0bdcffb401e0fbaca3c320807d4ff31fd98bed7f7633d560b42d183a166","rawObjectClass":"LIGHTS","sourceStableId":"1F2B41F8F4FA01A1"},"sourceKind":"official","official":true,"sourceCellId":"1R75W83I","sourceStableId":"1F2B41F8F4FA01A1","pipelineFeatureId":"1R75W83I/LIGHTS/17101","provenance":{"cellId":"1R75W83I","checksum":"8afaa0bdcffb401e0fbaca3c320807d4ff31fd98bed7f7633d560b42d183a166","readerVersion":"GDAL 3.2.2","processedAt":"2026-08-11T13:43:44.753Z"}}},{"type":"Feature","geometry":{"type":"Point","coordinates":[3.6239333,51.4321333]},"properties":{"dolphinKind":"light","rawObjectClass":"LIGHTS","sourceProperties":{"RCID":17138,"PRIM":1,"GRUP":2,"OBJL":75,"RVER":1,"AGEN":7979,"FIDN":1106834682,"FIDS":454,"LNAM":"1F2B41F8F4FA01C6","COLOUR":["1"],"LITCHR":4,"SIGGRP":"(1)","SIGPER":1,"SCAMIN":200000,"SORDAT":"20070411","SORIND":"NL,1R,Reprt,BASS 011/07","sourceCellId":"1R75W83I","sourceChecksum":"8afaa0bdcffb401e0fbaca3c320807d4ff31fd98bed7f7633d560b42d183a166","rawObjectClass":"LIGHTS","sourceStableId":"1F2B41F8F4FA01C6"},"sourceKind":"official","official":true,"sourceCellId":"1R75W83I","sourceStableId":"1F2B41F8F4FA01C6","pipelineFeatureId":"1R75W83I/LIGHTS/17138","provenance":{"cellId":"1R75W83I","checksum":"8afaa0bdcffb401e0fbaca3c320807d4ff31fd98bed7f7633d560b42d183a166","readerVersion":"GDAL 3.2.2","processedAt":"2026-08-11T13:43:44.753Z"}}},{"type":"Feature","geometry":{"type":"Point","coordinates":[3.6458278,51.4424361]},"properties":{"dolphinKind":"light","rawObjectClass":"LIGHTS","sourceProperties":{"RCID":17307,"PRIM":1,"GRUP":2,"OBJL":75,"RVER":1,"AGEN":7979,"FIDN":1106834683,"FIDS":368,"LNAM":"1F2B41F8F4FB0170","COLOUR":["3"],"LITCHR":7,"SIGGRP":"(1)","SIGPER":8,"SCAMIN":200000,"SORDAT":"20030930","sourceCellId":"1R75W83I","sourceChecksum":"8afaa0bdcffb401e0fbaca3c320807d4ff31fd98bed7f7633d560b42d183a166","rawObjectClass":"LIGHTS","sourceStableId":"1F2B41F8F4FB0170"},"sourceKind":"official","official":true,"sourceCellId":"1R75W83I","sourceStableId":"1F2B41F8F4FB0170","pipelineFeatureId":"1R75W83I/LIGHTS/17307","provenance":{"cellId":"1R75W83I","checksum":"8afaa0bdcffb401e0fbaca3c320807d4ff31fd98bed7f7633d560b42d183a166","readerVersion":"GDAL 3.2.2","processedAt":"2026-08-11T13:43:44.753Z"}}},{"type":"Feature","geometry":{"type":"Point","coordinates":[3.6931367,51.4347533]},"properties":{"dolphinKind":"light","rawObjectClass":"LIGHTS","sourceProperties":{"RCID":17662,"PRIM":1,"GRUP":2,"OBJL":75,"RVER":1,"AGEN":7979,"FIDN":1106834684,"FIDS":468,"LNAM":"1F2B41F8F4FC01D4","COLOUR":["3"],"LITCHR":7,"SIGGRP":"(1)","SIGPER":4,"SCAMIN":200000,"SORDAT":"20030930","sourceCellId":"1R75W83I","sourceChecksum":"8afaa0bdcffb401e0fbaca3c320807d4ff31fd98bed7f7633d560b42d183a166","rawObjectClass":"LIGHTS","sourceStableId":"1F2B41F8F4FC01D4"},"sourceKind":"official","official":true,"sourceCellId":"1R75W83I","sourceStableId":"1F2B41F8F4FC01D4","pipelineFeatureId":"1R75W83I/LIGHTS/17662","provenance":{"cellId":"1R75W83I","checksum":"8afaa0bdcffb401e0fbaca3c320807d4ff31fd98bed7f7633d560b42d183a166","readerVersion":"GDAL 3.2.2","processedAt":"2026-08-11T13:43:44.753Z"}}},{"type":"Feature","geometry":{"type":"Point","coordinates":[3.5690717,51.44052]},"properties":{"dolphinKind":"light","rawObjectClass":"LIGHTS","sourceProperties":{"RCID":25246,"PRIM":1,"GRUP":2,"OBJL":75,"RVER":1,"AGEN":7979,"FIDN":1107858685,"FIDS":2,"LNAM":"1F2B420894FD0002","CATLIT":["4","14"],"COLOUR":["3"],"HEIGHT":7,"LITCHR":8,"SECTR1":285,"SECTR2":135.5,"SIGGRP":"(1)","SIGPER":5,"VALNMR":6,"SCAMIN":200000,"SORDAT":"20241004","SORIND":"NL,1R,Reprt,MD 520-24","sourceCellId":"1R75W83I","sourceChecksum":"8afaa0bdcffb401e0fbaca3c320807d4ff31fd98bed7f7633d560b42d183a166","rawObjectClass":"LIGHTS","sourceStableId":"1F2B420894FD0002"},"sourceKind":"official","official":true,"sourceCellId":"1R75W83I","sourceStableId":"1F2B420894FD0002","pipelineFeatureId":"1R75W83I/LIGHTS/25246","provenance":{"cellId":"1R75W83I","checksum":"8afaa0bdcffb401e0fbaca3c320807d4ff31fd98bed7f7633d560b42d183a166","readerVersion":"GDAL 3.2.2","processedAt":"2026-08-11T13:43:44.753Z"}}},{"type":"Feature","geometry":{"type":"Point","coordinates":[3.6819984,51.4627433]},"properties":{"dolphinKind":"light","rawObjectClass":"LIGHTS","sourceProperties":{"RCID":25247,"PRIM":1,"GRUP":2,"OBJL":75,"RVER":1,"AGEN":7979,"FIDN":1107858785,"FIDS":1,"LNAM":"1F2B420895610001","CATLIT":["4","12","14"],"COLOUR":["3"],"HEIGHT":33,"LITCHR":8,"SECTR1":18,"SECTR2":28,"SIGGRP":"(1)","SIGPER":8,"VALNMR":10,"INFORM":"synchronized with rear upper light; daylight visible 015deg - 031deg","NINFOM":"synchroon met hoog licht","SCAMIN":200000,"SORDAT":"20120904","SORIND":"NL,North Sea Port","sourceCellId":"1R75W83I","sourceChecksum":"8afaa0bdcffb401e0fbaca3c320807d4ff31fd98bed7f7633d560b42d183a166","rawObjectClass":"LIGHTS","sourceStableId":"1F2B420895610001"},"sourceKind":"official","official":true,"sourceCellId":"1R75W83I","sourceStableId":"1F2B420895610001","pipelineFeatureId":"1R75W83I/LIGHTS/25247","provenance":{"cellId":"1R75W83I","checksum":"8afaa0bdcffb401e0fbaca3c320807d4ff31fd98bed7f7633d560b42d183a166","readerVersion":"GDAL 3.2.2","processedAt":"2026-08-11T13:43:44.753Z"}}},{"type":"Feature","geometry":{"type":"Point","coordinates":[3.5630567,51.43936]},"properties":{"dolphinKind":"light","rawObjectClass":"LIGHTS","sourceProperties":{"RCID":29681759,"PRIM":1,"GRUP":2,"OBJL":75,"RVER":1,"AGEN":7979,"FIDN":29681759,"FIDS":1,"LNAM":"1F2B01C4E85F0001","COLOUR":["1"],"LITCHR":5,"SIGGRP":"(3)","SIGPER":5,"SCAMIN":200000,"SORDAT":"20230522","SORIND":"NL,1R,reprt,MD 274-23","sourceCellId":"1R75W83I","sourceChecksum":"8afaa0bdcffb401e0fbaca3c320807d4ff31fd98bed7f7633d560b42d183a166","rawObjectClass":"LIGHTS","sourceStableId":"1F2B01C4E85F0001"},"sourceKind":"official","official":true,"sourceCellId":"1R75W83I","sourceStableId":"1F2B01C4E85F0001","pipelineFeatureId":"1R75W83I/LIGHTS/29681759","provenance":{"cellId":"1R75W83I","checksum":"8afaa0bdcffb401e0fbaca3c320807d4ff31fd98bed7f7633d560b42d183a166","readerVersion":"GDAL 3.2.2","processedAt":"2026-08-11T13:43:44.753Z"}}},{"type":"Feature","geometry":{"type":"Point","coordinates":[3.6055833,51.4398333]},"properties":{"dolphinKind":"light","rawObjectClass":"LIGHTS","sourceProperties":{"RCID":30843437,"PRIM":1,"GRUP":2,"OBJL":75,"RVER":1,"AGEN":7979,"FIDN":30843437,"FIDS":1,"LNAM":"1F2B01D6A22D0001","COLOUR":["1"],"LITCHR":4,"SIGGRP":"(9)","SIGPER":15,"SCAMIN":200000,"sourceCellId":"1R75W83I","sourceChecksum":"8afaa0bdcffb401e0fbaca3c320807d4ff31fd98bed7f7633d560b42d183a166","rawObjectClass":"LIGHTS","sourceStableId":"1F2B01D6A22D0001"},"sourceKind":"official","official":true,"sourceCellId":"1R75W83I","sourceStableId":"1F2B01D6A22D0001","pipelineFeatureId":"1R75W83I/LIGHTS/30843437","provenance":{"cellId":"1R75W83I","checksum":"8afaa0bdcffb401e0fbaca3c320807d4ff31fd98bed7f7633d560b42d183a166","readerVersion":"GDAL 3.2.2","processedAt":"2026-08-11T13:43:44.753Z"}}},{"type":"Feature","geometry":{"type":"Point","coordinates":[3.57625,51.4387334]},"properties":{"dolphinKind":"light","rawObjectClass":"LIGHTS","sourceProperties":{"RCID":41258485,"PRIM":1,"GRUP":2,"OBJL":75,"RVER":1,"AGEN":7979,"FIDN":41258485,"FIDS":1,"LNAM":"1F2B02758DF50001","COLOUR":["3"],"HEIGHT":5,"LITCHR":1,"INFORM":"During fog conditions also FY ( harbour outbound)","NINFOM":"Gedurende mist tevens FY (rivierwaarts)","SCAMIN":200000,"SORDAT":"20030923","sourceCellId":"1R75W83I","sourceChecksum":"8afaa0bdcffb401e0fbaca3c320807d4ff31fd98bed7f7633d560b42d183a166","rawObjectClass":"LIGHTS","sourceStableId":"1F2B02758DF50001"},"sourceKind":"official","official":true,"sourceCellId":"1R75W83I","sourceStableId":"1F2B02758DF50001","pipelineFeatureId":"1R75W83I/LIGHTS/41258485","provenance":{"cellId":"1R75W83I","checksum":"8afaa0bdcffb401e0fbaca3c320807d4ff31fd98bed7f7633d560b42d183a166","readerVersion":"GDAL 3.2.2","processedAt":"2026-08-11T13:43:44.753Z"}}},{"type":"Feature","geometry":{"type":"Point","coordinates":[3.7071285,51.4701615]},"properties":{"dolphinKind":"light","rawObjectClass":"LIGHTS","sourceProperties":{"RCID":48987646,"PRIM":1,"GRUP":2,"OBJL":75,"RVER":1,"AGEN":7979,"FIDN":48987646,"FIDS":1,"LNAM":"1F2B02EB7DFE0001","COLOUR":["1"],"LITCHR":2,"SIGGRP":"(1)","SIGPER":6,"SCAMIN":200000,"SORDAT":"20240827","SORIND":"NL,North Sea Ports","sourceCellId":"1R75W83I","sourceChecksum":"8afaa0bdcffb401e0fbaca3c320807d4ff31fd98bed7f7633d560b42d183a166","rawObjectClass":"LIGHTS","sourceStableId":"1F2B02EB7DFE0001"},"sourceKind":"official","official":true,"sourceCellId":"1R75W83I","sourceStableId":"1F2B02EB7DFE0001","pipelineFeatureId":"1R75W83I/LIGHTS/48987646","provenance":{"cellId":"1R75W83I","checksum":"8afaa0bdcffb401e0fbaca3c320807d4ff31fd98bed7f7633d560b42d183a166","readerVersion":"GDAL 3.2.2","processedAt":"2026-08-11T13:43:44.753Z"}}},{"type":"Feature","geometry":{"type":"Point","coordinates":[3.7073533,51.4687533]},"properties":{"dolphinKind":"light","rawObjectClass":"LIGHTS","sourceProperties":{"RCID":48987652,"PRIM":1,"GRUP":2,"OBJL":75,"RVER":1,"AGEN":7979,"FIDN":48987652,"FIDS":1,"LNAM":"1F2B02EB7E040001","COLOUR":["1"],"LITCHR":2,"SIGGRP":"(1)","SIGPER":6,"SCAMIN":200000,"SORDAT":"20240827","SORIND":"NL,North Sea Ports","sourceCellId":"1R75W83I","sourceChecksum":"8afaa0bdcffb401e0fbaca3c320807d4ff31fd98bed7f7633d560b42d183a166","rawObjectClass":"LIGHTS","sourceStableId":"1F2B02EB7E040001"},"sourceKind":"official","official":true,"sourceCellId":"1R75W83I","sourceStableId":"1F2B02EB7E040001","pipelineFeatureId":"1R75W83I/LIGHTS/48987652","provenance":{"cellId":"1R75W83I","checksum":"8afaa0bdcffb401e0fbaca3c320807d4ff31fd98bed7f7633d560b42d183a166","readerVersion":"GDAL 3.2.2","processedAt":"2026-08-11T13:43:44.753Z"}}},{"type":"Feature","geometry":{"type":"Point","coordinates":[3.707505,51.469322]},"properties":{"dolphinKind":"light","rawObjectClass":"LIGHTS","sourceProperties":{"RCID":48987654,"PRIM":1,"GRUP":2,"OBJL":75,"RVER":1,"AGEN":7979,"FIDN":48987654,"FIDS":1,"LNAM":"1F2B02EB7E060001","COLOUR":["1"],"LITCHR":2,"SIGGRP":"(1)","SIGPER":6,"SCAMIN":200000,"SORDAT":"20240827","SORIND":"NL,North Sea Ports","sourceCellId":"1R75W83I","sourceChecksum":"8afaa0bdcffb401e0fbaca3c320807d4ff31fd98bed7f7633d560b42d183a166","rawObjectClass":"LIGHTS","sourceStableId":"1F2B02EB7E060001"},"sourceKind":"official","official":true,"sourceCellId":"1R75W83I","sourceStableId":"1F2B02EB7E060001","pipelineFeatureId":"1R75W83I/LIGHTS/48987654","provenance":{"cellId":"1R75W83I","checksum":"8afaa0bdcffb401e0fbaca3c320807d4ff31fd98bed7f7633d560b42d183a166","readerVersion":"GDAL 3.2.2","processedAt":"2026-08-11T13:43:44.753Z"}}},{"type":"Feature","geometry":{"type":"Point","coordinates":[3.66485,51.4376]},"properties":{"dolphinKind":"light","rawObjectClass":"LIGHTS","sourceProperties":{"RCID":89777496,"PRIM":1,"GRUP":2,"OBJL":75,"RVER":1,"AGEN":7979,"FIDN":89777496,"FIDS":1,"LNAM":"1F2B0559E5580001","COLOUR":["4"],"LITCHR":7,"SIGGRP":"(1)","SIGPER":8,"SCAMIN":200000,"SORDAT":"20120425","SORIND":"NL,1R,reprt,BASS 047/2012","sourceCellId":"1R75W83I","sourceChecksum":"8afaa0bdcffb401e0fbaca3c320807d4ff31fd98bed7f7633d560b42d183a166","rawObjectClass":"LIGHTS","sourceStableId":"1F2B0559E5580001"},"sourceKind":"official","official":true,"sourceCellId":"1R75W83I","sourceStableId":"1F2B0559E5580001","pipelineFeatureId":"1R75W83I/LIGHTS/89777496","provenance":{"cellId":"1R75W83I","checksum":"8afaa0bdcffb401e0fbaca3c320807d4ff31fd98bed7f7633d560b42d183a166","readerVersion":"GDAL 3.2.2","processedAt":"2026-08-11T13:43:44.753Z"}}},{"type":"Feature","geometry":{"type":"Point","coordinates":[3.6690133,51.45158]},"properties":{"dolphinKind":"light","rawObjectClass":"LIGHTS","sourceProperties":{"RCID":122554801,"PRIM":1,"GRUP":2,"OBJL":75,"RVER":1,"AGEN":7979,"FIDN":122554801,"FIDS":1,"LNAM":"1F2B074E09B10001","COLOUR":["1"],"EXCLIT":1,"LITCHR":2,"SIGGRP":"(1)","SIGPER":4,"SIGSEQ":"1.0+(3.0)","SCAMIN":15000,"SORDAT":"20151126","SORIND":"NL,North Sea Port","sourceCellId":"1R75W83I","sourceChecksum":"8afaa0bdcffb401e0fbaca3c320807d4ff31fd98bed7f7633d560b42d183a166","rawObjectClass":"LIGHTS","sourceStableId":"1F2B074E09B10001"},"sourceKind":"official","official":true,"sourceCellId":"1R75W83I","sourceStableId":"1F2B074E09B10001","pipelineFeatureId":"1R75W83I/LIGHTS/122554801","provenance":{"cellId":"1R75W83I","checksum":"8afaa0bdcffb401e0fbaca3c320807d4ff31fd98bed7f7633d560b42d183a166","readerVersion":"GDAL 3.2.2","processedAt":"2026-08-11T13:43:44.753Z"}}},{"type":"Feature","geometry":{"type":"Point","coordinates":[3.6728217,51.4540817]},"properties":{"dolphinKind":"light","rawObjectClass":"LIGHTS","sourceProperties":{"RCID":122588202,"PRIM":1,"GRUP":2,"OBJL":75,"RVER":1,"AGEN":7979,"FIDN":122588202,"FIDS":1,"LNAM":"1F2B074E8C2A0001","COLOUR":["1"],"EXCLIT":1,"LITCHR":2,"SIGGRP":"(1)","SIGPER":4,"SIGSEQ":"1.0+(3.0)","SCAMIN":15000,"SORDAT":"20151126","SORIND":"NL,North Sea Port","sourceCellId":"1R75W83I","sourceChecksum":"8afaa0bdcffb401e0fbaca3c320807d4ff31fd98bed7f7633d560b42d183a166","rawObjectClass":"LIGHTS","sourceStableId":"1F2B074E8C2A0001"},"sourceKind":"official","official":true,"sourceCellId":"1R75W83I","sourceStableId":"1F2B074E8C2A0001","pipelineFeatureId":"1R75W83I/LIGHTS/122588202","provenance":{"cellId":"1R75W83I","checksum":"8afaa0bdcffb401e0fbaca3c320807d4ff31fd98bed7f7633d560b42d183a166","readerVersion":"GDAL 3.2.2","processedAt":"2026-08-11T13:43:44.753Z"}}},{"type":"Feature","geometry":{"type":"Point","coordinates":[3.5377333,51.4526]},"properties":{"dolphinKind":"light","rawObjectClass":"LIGHTS","sourceProperties":{"RCID":200748450,"PRIM":1,"GRUP":2,"OBJL":75,"RVER":1,"AGEN":7979,"FIDN":200748450,"FIDS":1,"LNAM":"1F2B0BF72DA20001","COLOUR":["3"],"LITCHR":7,"SIGGRP":"(1)","SIGPER":4,"SCAMIN":200000,"SORDAT":"20211119","SORIND":"NL,1R,reprt,Bass 125","sourceCellId":"1R75W83I","sourceChecksum":"8afaa0bdcffb401e0fbaca3c320807d4ff31fd98bed7f7633d560b42d183a166","rawObjectClass":"LIGHTS","sourceStableId":"1F2B0BF72DA20001"},"sourceKind":"official","official":true,"sourceCellId":"1R75W83I","sourceStableId":"1F2B0BF72DA20001","pipelineFeatureId":"1R75W83I/LIGHTS/200748450","provenance":{"cellId":"1R75W83I","checksum":"8afaa0bdcffb401e0fbaca3c320807d4ff31fd98bed7f7633d560b42d183a166","readerVersion":"GDAL 3.2.2","processedAt":"2026-08-11T13:43:44.753Z"}}},{"type":"Feature","geometry":{"type":"Point","coordinates":[3.5454833,51.4503]},"properties":{"dolphinKind":"light","rawObjectClass":"LIGHTS","sourceProperties":{"RCID":336931635,"PRIM":1,"GRUP":2,"OBJL":75,"RVER":1,"AGEN":7979,"FIDN":336931635,"FIDS":1,"LNAM":"1F2B14152B330001","COLOUR":["3"],"LITCHR":7,"SIGGRP":"(1)","SIGPER":8,"SCAMIN":200000,"SORDAT":"20211119","SORIND":"NL,1R,reprt,Bass 125","sourceCellId":"1R75W83I","sourceChecksum":"8afaa0bdcffb401e0fbaca3c320807d4ff31fd98bed7f7633d560b42d183a166","rawObjectClass":"LIGHTS","sourceStableId":"1F2B14152B330001"},"sourceKind":"official","official":true,"sourceCellId":"1R75W83I","sourceStableId":"1F2B14152B330001","pipelineFeatureId":"1R75W83I/LIGHTS/336931635","provenance":{"cellId":"1R75W83I","checksum":"8afaa0bdcffb401e0fbaca3c320807d4ff31fd98bed7f7633d560b42d183a166","readerVersion":"GDAL 3.2.2","processedAt":"2026-08-11T13:43:44.753Z"}}},{"type":"Feature","geometry":{"type":"Point","coordinates":[3.5519133,51.4491117]},"properties":{"dolphinKind":"light","rawObjectClass":"LIGHTS","sourceProperties":{"RCID":443265015,"PRIM":1,"GRUP":2,"OBJL":75,"RVER":1,"AGEN":7979,"FIDN":443265015,"FIDS":1,"LNAM":"1F2B1A6BAFF70001","COLOUR":["1"],"HEIGHT":6.1,"LITCHR":8,"SIGGRP":"(1)","SIGPER":9,"VALNMR":2,"SCAMIN":200000,"SORDAT":"20230111","SORIND":"NL,1R,reprt,ENC verbetering","sourceCellId":"1R75W83I","sourceChecksum":"8afaa0bdcffb401e0fbaca3c320807d4ff31fd98bed7f7633d560b42d183a166","rawObjectClass":"LIGHTS","sourceStableId":"1F2B1A6BAFF70001"},"sourceKind":"official","official":true,"sourceCellId":"1R75W83I","sourceStableId":"1F2B1A6BAFF70001","pipelineFeatureId":"1R75W83I/LIGHTS/443265015","provenance":{"cellId":"1R75W83I","checksum":"8afaa0bdcffb401e0fbaca3c320807d4ff31fd98bed7f7633d560b42d183a166","readerVersion":"GDAL 3.2.2","processedAt":"2026-08-11T13:43:44.753Z"}}},{"type":"Feature","geometry":{"type":"Point","coordinates":[3.5759416,51.4383452]},"properties":{"dolphinKind":"light","rawObjectClass":"LIGHTS","sourceProperties":{"RCID":443265019,"PRIM":1,"GRUP":2,"OBJL":75,"RVER":1,"AGEN":7979,"FIDN":443265019,"FIDS":1,"LNAM":"1F2B1A6BAFFB0001","COLOUR":["1"],"HEIGHT":10.2,"LITCHR":8,"OBJNAM":"LL 117 GR. Hoog","SIGGRP":"(1)","SIGPER":5,"VALNMR":6,"SCAMIN":200000,"SORDAT":"20241004","SORIND":"NL,1R,Reprt,MD 520-24","sourceCellId":"1R75W83I","sourceChecksum":"8afaa0bdcffb401e0fbaca3c320807d4ff31fd98bed7f7633d560b42d183a166","rawObjectClass":"LIGHTS","sourceStableId":"1F2B1A6BAFFB0001"},"sourceKind":"official","official":true,"sourceCellId":"1R75W83I","sourceStableId":"1F2B1A6BAFFB0001","pipelineFeatureId":"1R75W83I/LIGHTS/443265019","provenance":{"cellId":"1R75W83I","checksum":"8afaa0bdcffb401e0fbaca3c320807d4ff31fd98bed7f7633d560b42d183a166","readerVersion":"GDAL 3.2.2","processedAt":"2026-08-11T13:43:44.753Z"}}},{"type":"Feature","geometry":{"type":"Point","coordinates":[3.5753667,51.4394817]},"properties":{"dolphinKind":"light","rawObjectClass":"LIGHTS","sourceProperties":{"RCID":443265021,"PRIM":1,"GRUP":2,"OBJL":75,"RVER":1,"AGEN":7979,"FIDN":443265021,"FIDS":1,"LNAM":"1F2B1A6BAFFD0001","COLOUR":["3"],"DATEND":"20250826","HEIGHT":10.6,"LITCHR":7,"PEREND":"20250818","PERSTA":"20250822","SIGGRP":"(1)","SIGPER":3,"VALNMR":2,"SCAMIN":200000,"SORDAT":"20250827","SORIND":"NL1R,REPRT,MD 424-25","sourceCellId":"1R75W83I","sourceChecksum":"8afaa0bdcffb401e0fbaca3c320807d4ff31fd98bed7f7633d560b42d183a166","rawObjectClass":"LIGHTS","sourceStableId":"1F2B1A6BAFFD0001"},"sourceKind":"official","official":true,"sourceCellId":"1R75W83I","sourceStableId":"1F2B1A6BAFFD0001","pipelineFeatureId":"1R75W83I/LIGHTS/443265021","provenance":{"cellId":"1R75W83I","checksum":"8afaa0bdcffb401e0fbaca3c320807d4ff31fd98bed7f7633d560b42d183a166","readerVersion":"GDAL 3.2.2","processedAt":"2026-08-11T13:43:44.753Z"}}},{"type":"Feature","geometry":{"type":"Point","coordinates":[3.6955,51.43705]},"properties":{"dolphinKind":"light","rawObjectClass":"LIGHTS","sourceProperties":{"RCID":467389888,"PRIM":1,"GRUP":2,"OBJL":75,"RVER":1,"AGEN":7979,"FIDN":467389888,"FIDS":1,"LNAM":"1F2B1BDBCDC00001","COLOUR":["6"],"LITCHR":2,"SIGGRP":"(5)","SIGPER":20,"SCAMIN":300000,"sourceCellId":"1R75W83I","sourceChecksum":"8afaa0bdcffb401e0fbaca3c320807d4ff31fd98bed7f7633d560b42d183a166","rawObjectClass":"LIGHTS","sourceStableId":"1F2B1BDBCDC00001"},"sourceKind":"official","official":true,"sourceCellId":"1R75W83I","sourceStableId":"1F2B1BDBCDC00001","pipelineFeatureId":"1R75W83I/LIGHTS/467389888","provenance":{"cellId":"1R75W83I","checksum":"8afaa0bdcffb401e0fbaca3c320807d4ff31fd98bed7f7633d560b42d183a166","readerVersion":"GDAL 3.2.2","processedAt":"2026-08-11T13:43:44.753Z"}}},{"type":"Feature","geometry":{"type":"Point","coordinates":[3.6968167,51.43495]},"properties":{"dolphinKind":"light","rawObjectClass":"LIGHTS","sourceProperties":{"RCID":1142437151,"PRIM":1,"GRUP":2,"OBJL":75,"RVER":1,"AGEN":7979,"FIDN":1142437151,"FIDS":1,"LNAM":"1F2B4418351F0001","COLOUR":["6"],"LITCHR":2,"SIGGRP":"(5)","SIGPER":20,"SCAMIN":300000,"sourceCellId":"1R75W83I","sourceChecksum":"8afaa0bdcffb401e0fbaca3c320807d4ff31fd98bed7f7633d560b42d183a166","rawObjectClass":"LIGHTS","sourceStableId":"1F2B4418351F0001"},"sourceKind":"official","official":true,"sourceCellId":"1R75W83I","sourceStableId":"1F2B4418351F0001","pipelineFeatureId":"1R75W83I/LIGHTS/1142437151","provenance":{"cellId":"1R75W83I","checksum":"8afaa0bdcffb401e0fbaca3c320807d4ff31fd98bed7f7633d560b42d183a166","readerVersion":"GDAL 3.2.2","processedAt":"2026-08-11T13:43:44.753Z"}}},{"type":"Feature","geometry":{"type":"Point","coordinates":[3.6865103,51.4579995]},"properties":{"dolphinKind":"light","rawObjectClass":"LIGHTS","sourceProperties":{"RCID":1200704103,"PRIM":1,"GRUP":2,"OBJL":75,"RVER":1,"AGEN":7979,"FIDN":1200704103,"FIDS":1,"LNAM":"1F2B47914A670001","COLOUR":["1"],"LITCHR":2,"SIGGRP":"(1)","SIGPER":6,"SCAMIN":200000,"SORDAT":"20240827","SORIND":"NL,1R,reprt,NSP","sourceCellId":"1R75W83I","sourceChecksum":"8afaa0bdcffb401e0fbaca3c320807d4ff31fd98bed7f7633d560b42d183a166","rawObjectClass":"LIGHTS","sourceStableId":"1F2B47914A670001"},"sourceKind":"official","official":true,"sourceCellId":"1R75W83I","sourceStableId":"1F2B47914A670001","pipelineFeatureId":"1R75W83I/LIGHTS/1200704103","provenance":{"cellId":"1R75W83I","checksum":"8afaa0bdcffb401e0fbaca3c320807d4ff31fd98bed7f7633d560b42d183a166","readerVersion":"GDAL 3.2.2","processedAt":"2026-08-11T13:43:44.753Z"}}},{"type":"Feature","geometry":{"type":"Point","coordinates":[3.6855858,51.4580877]},"properties":{"dolphinKind":"light","rawObjectClass":"LIGHTS","sourceProperties":{"RCID":1200704104,"PRIM":1,"GRUP":2,"OBJL":75,"RVER":1,"AGEN":7979,"FIDN":1200704104,"FIDS":1,"LNAM":"1F2B47914A680001","COLOUR":["1"],"LITCHR":2,"SIGGRP":"(1)","SIGPER":6,"SCAMIN":200000,"SORDAT":"20240827","SORIND":"NL,1R,reprt,NSP","sourceCellId":"1R75W83I","sourceChecksum":"8afaa0bdcffb401e0fbaca3c320807d4ff31fd98bed7f7633d560b42d183a166","rawObjectClass":"LIGHTS","sourceStableId":"1F2B47914A680001"},"sourceKind":"official","official":true,"sourceCellId":"1R75W83I","sourceStableId":"1F2B47914A680001","pipelineFeatureId":"1R75W83I/LIGHTS/1200704104","provenance":{"cellId":"1R75W83I","checksum":"8afaa0bdcffb401e0fbaca3c320807d4ff31fd98bed7f7633d560b42d183a166","readerVersion":"GDAL 3.2.2","processedAt":"2026-08-11T13:43:44.753Z"}}},{"type":"Feature","geometry":{"type":"Point","coordinates":[3.5630567,51.43936]},"properties":{"dolphinKind":"topmark","rawObjectClass":"TOPMAR","sourceProperties":{"RCID":16957,"PRIM":1,"GRUP":2,"OBJL":144,"RVER":1,"AGEN":7979,"FIDN":1106834682,"FIDS":273,"LNAM":"1F2B41F8F4FA0111","COLOUR":["2"],"TOPSHP":11,"SCAMIN":200000,"SORDAT":"20221010","SORIND":"NL,1R,reprt,MD486-22","sourceCellId":"1R75W83I","sourceChecksum":"8afaa0bdcffb401e0fbaca3c320807d4ff31fd98bed7f7633d560b42d183a166","rawObjectClass":"TOPMAR","sourceStableId":"1F2B41F8F4FA0111"},"sourceKind":"official","official":true,"sourceCellId":"1R75W83I","sourceStableId":"1F2B41F8F4FA0111","pipelineFeatureId":"1R75W83I/TOPMAR/16957","provenance":{"cellId":"1R75W83I","checksum":"8afaa0bdcffb401e0fbaca3c320807d4ff31fd98bed7f7633d560b42d183a166","readerVersion":"GDAL 3.2.2","processedAt":"2026-08-11T13:43:44.753Z"},"associationRefsVerifiedInGdalOutput":false}},{"type":"Feature","geometry":{"type":"Point","coordinates":[3.5513816,51.4381485]},"properties":{"dolphinKind":"topmark","rawObjectClass":"TOPMAR","sourceProperties":{"RCID":16962,"PRIM":1,"GRUP":2,"OBJL":144,"RVER":1,"AGEN":7979,"FIDN":1106834682,"FIDS":278,"LNAM":"1F2B41F8F4FA0116","COLOUR":["2"],"TOPSHP":14,"SCAMIN":200000,"SORDAT":"20030930","sourceCellId":"1R75W83I","sourceChecksum":"8afaa0bdcffb401e0fbaca3c320807d4ff31fd98bed7f7633d560b42d183a166","rawObjectClass":"TOPMAR","sourceStableId":"1F2B41F8F4FA0116"},"sourceKind":"official","official":true,"sourceCellId":"1R75W83I","sourceStableId":"1F2B41F8F4FA0116","pipelineFeatureId":"1R75W83I/TOPMAR/16962","provenance":{"cellId":"1R75W83I","checksum":"8afaa0bdcffb401e0fbaca3c320807d4ff31fd98bed7f7633d560b42d183a166","readerVersion":"GDAL 3.2.2","processedAt":"2026-08-11T13:43:44.753Z"},"associationRefsVerifiedInGdalOutput":false}},{"type":"Feature","geometry":{"type":"Point","coordinates":[3.5513024,51.4399383]},"properties":{"dolphinKind":"topmark","rawObjectClass":"TOPMAR","sourceProperties":{"RCID":16964,"PRIM":1,"GRUP":2,"OBJL":144,"RVER":1,"AGEN":7979,"FIDN":1106834682,"FIDS":280,"LNAM":"1F2B41F8F4FA0118","COLOUR":["2"],"TOPSHP":13,"SCAMIN":200000,"SORDAT":"20030930","sourceCellId":"1R75W83I","sourceChecksum":"8afaa0bdcffb401e0fbaca3c320807d4ff31fd98bed7f7633d560b42d183a166","rawObjectClass":"TOPMAR","sourceStableId":"1F2B41F8F4FA0118"},"sourceKind":"official","official":true,"sourceCellId":"1R75W83I","sourceStableId":"1F2B41F8F4FA0118","pipelineFeatureId":"1R75W83I/TOPMAR/16964","provenance":{"cellId":"1R75W83I","checksum":"8afaa0bdcffb401e0fbaca3c320807d4ff31fd98bed7f7633d560b42d183a166","readerVersion":"GDAL 3.2.2","processedAt":"2026-08-11T13:43:44.753Z"},"associationRefsVerifiedInGdalOutput":false}},{"type":"Feature","geometry":{"type":"Point","coordinates":[3.639761,51.4277749]},"properties":{"dolphinKind":"topmark","rawObjectClass":"TOPMAR","sourceProperties":{"RCID":17099,"PRIM":1,"GRUP":2,"OBJL":144,"RVER":1,"AGEN":7979,"FIDN":1106834682,"FIDS":415,"LNAM":"1F2B41F8F4FA019F","COLOUR":["2"],"TOPSHP":10,"SCAMIN":200000,"SORDAT":"20030930","sourceCellId":"1R75W83I","sourceChecksum":"8afaa0bdcffb401e0fbaca3c320807d4ff31fd98bed7f7633d560b42d183a166","rawObjectClass":"TOPMAR","sourceStableId":"1F2B41F8F4FA019F"},"sourceKind":"official","official":true,"sourceCellId":"1R75W83I","sourceStableId":"1F2B41F8F4FA019F","pipelineFeatureId":"1R75W83I/TOPMAR/17099","provenance":{"cellId":"1R75W83I","checksum":"8afaa0bdcffb401e0fbaca3c320807d4ff31fd98bed7f7633d560b42d183a166","readerVersion":"GDAL 3.2.2","processedAt":"2026-08-11T13:43:44.753Z"},"associationRefsVerifiedInGdalOutput":false}},{"type":"Feature","geometry":{"type":"Point","coordinates":[3.6239333,51.4321333]},"properties":{"dolphinKind":"topmark","rawObjectClass":"TOPMAR","sourceProperties":{"RCID":17137,"PRIM":1,"GRUP":2,"OBJL":144,"RVER":1,"AGEN":7979,"FIDN":1106834682,"FIDS":453,"LNAM":"1F2B41F8F4FA01C5","COLOUR":["2"],"TOPSHP":13,"SCAMIN":200000,"SORDAT":"20070411","SORIND":"NL,1R,Reprt,BASS 025/07","sourceCellId":"1R75W83I","sourceChecksum":"8afaa0bdcffb401e0fbaca3c320807d4ff31fd98bed7f7633d560b42d183a166","rawObjectClass":"TOPMAR","sourceStableId":"1F2B41F8F4FA01C5"},"sourceKind":"official","official":true,"sourceCellId":"1R75W83I","sourceStableId":"1F2B41F8F4FA01C5","pipelineFeatureId":"1R75W83I/TOPMAR/17137","provenance":{"cellId":"1R75W83I","checksum":"8afaa0bdcffb401e0fbaca3c320807d4ff31fd98bed7f7633d560b42d183a166","readerVersion":"GDAL 3.2.2","processedAt":"2026-08-11T13:43:44.753Z"},"associationRefsVerifiedInGdalOutput":false}},{"type":"Feature","geometry":{"type":"Point","coordinates":[3.6055833,51.4398333]},"properties":{"dolphinKind":"topmark","rawObjectClass":"TOPMAR","sourceProperties":{"RCID":30843436,"PRIM":1,"GRUP":2,"OBJL":144,"RVER":1,"AGEN":7979,"FIDN":30843436,"FIDS":1,"LNAM":"1F2B01D6A22C0001","COLOUR":["2"],"TOPSHP":10,"SCAMIN":200000,"SORDAT":"20090624","SORIND":"NL,1R,reprt,Navber-2009/57","sourceCellId":"1R75W83I","sourceChecksum":"8afaa0bdcffb401e0fbaca3c320807d4ff31fd98bed7f7633d560b42d183a166","rawObjectClass":"TOPMAR","sourceStableId":"1F2B01D6A22C0001"},"sourceKind":"official","official":true,"sourceCellId":"1R75W83I","sourceStableId":"1F2B01D6A22C0001","pipelineFeatureId":"1R75W83I/TOPMAR/30843436","provenance":{"cellId":"1R75W83I","checksum":"8afaa0bdcffb401e0fbaca3c320807d4ff31fd98bed7f7633d560b42d183a166","readerVersion":"GDAL 3.2.2","processedAt":"2026-08-11T13:43:44.753Z"},"associationRefsVerifiedInGdalOutput":false}},{"type":"Feature","geometry":{"type":"Point","coordinates":[3.6364833,51.43475]},"properties":{"dolphinKind":"topmark","rawObjectClass":"TOPMAR","sourceProperties":{"RCID":178755936,"PRIM":1,"GRUP":2,"OBJL":144,"RVER":1,"AGEN":7979,"FIDN":178755936,"FIDS":1,"LNAM":"1F2B0AA799600001","COLOUR":["4"],"TOPSHP":1,"SCAMIN":200000,"SORDAT":"20151208","SORIND":"NL,1R,reprt,MD 513-15","sourceCellId":"1R75W83I","sourceChecksum":"8afaa0bdcffb401e0fbaca3c320807d4ff31fd98bed7f7633d560b42d183a166","rawObjectClass":"TOPMAR","sourceStableId":"1F2B0AA799600001"},"sourceKind":"official","official":true,"sourceCellId":"1R75W83I","sourceStableId":"1F2B0AA799600001","pipelineFeatureId":"1R75W83I/TOPMAR/178755936","provenance":{"cellId":"1R75W83I","checksum":"8afaa0bdcffb401e0fbaca3c320807d4ff31fd98bed7f7633d560b42d183a166","readerVersion":"GDAL 3.2.2","processedAt":"2026-08-11T13:43:44.753Z"},"associationRefsVerifiedInGdalOutput":false}},{"type":"Feature","geometry":{"type":"Point","coordinates":[3.5355883,51.43633]},"properties":{"dolphinKind":"topmark","rawObjectClass":"TOPMAR","sourceProperties":{"RCID":368060797,"PRIM":1,"GRUP":2,"OBJL":144,"RVER":1,"AGEN":7979,"FIDN":368060797,"FIDS":1,"LNAM":"1F2B15F0297D0001","COLOUR":["6"],"TOPSHP":7,"SCAMIN":200000,"sourceCellId":"1R75W83I","sourceChecksum":"8afaa0bdcffb401e0fbaca3c320807d4ff31fd98bed7f7633d560b42d183a166","rawObjectClass":"TOPMAR","sourceStableId":"1F2B15F0297D0001"},"sourceKind":"official","official":true,"sourceCellId":"1R75W83I","sourceStableId":"1F2B15F0297D0001","pipelineFeatureId":"1R75W83I/TOPMAR/368060797","provenance":{"cellId":"1R75W83I","checksum":"8afaa0bdcffb401e0fbaca3c320807d4ff31fd98bed7f7633d560b42d183a166","readerVersion":"GDAL 3.2.2","processedAt":"2026-08-11T13:43:44.753Z"},"associationRefsVerifiedInGdalOutput":false}},{"type":"Feature","geometry":{"type":"Point","coordinates":[3.5576383,51.4436333]},"properties":{"dolphinKind":"topmark","rawObjectClass":"TOPMAR","sourceProperties":{"RCID":1215559714,"PRIM":1,"GRUP":2,"OBJL":144,"RVER":1,"AGEN":7979,"FIDN":1215559714,"FIDS":1,"LNAM":"1F2B4873F8220001","COLOUR":["4"],"TOPSHP":1,"SCAMIN":200000,"SORDAT":"20250114","SORIND":"NL,1R,Reprt,MD 026-25","sourceCellId":"1R75W83I","sourceChecksum":"8afaa0bdcffb401e0fbaca3c320807d4ff31fd98bed7f7633d560b42d183a166","rawObjectClass":"TOPMAR","sourceStableId":"1F2B4873F8220001"},"sourceKind":"official","official":true,"sourceCellId":"1R75W83I","sourceStableId":"1F2B4873F8220001","pipelineFeatureId":"1R75W83I/TOPMAR/1215559714","provenance":{"cellId":"1R75W83I","checksum":"8afaa0bdcffb401e0fbaca3c320807d4ff31fd98bed7f7633d560b42d183a166","readerVersion":"GDAL 3.2.2","processedAt":"2026-08-11T13:43:44.753Z"},"associationRefsVerifiedInGdalOutput":false}},{"type":"Feature","geometry":{"type":"Point","coordinates":[3.5448028,51.4468167]},"properties":{"dolphinKind":"topmark","rawObjectClass":"TOPMAR","sourceProperties":{"RCID":1215559715,"PRIM":1,"GRUP":2,"OBJL":144,"RVER":1,"AGEN":7979,"FIDN":1215559715,"FIDS":1,"LNAM":"1F2B4873F8230001","COLOUR":["4"],"TOPSHP":1,"SCAMIN":200000,"SORDAT":"20250114","SORIND":"NL,1R,Reprt,MD 026-25","sourceCellId":"1R75W83I","sourceChecksum":"8afaa0bdcffb401e0fbaca3c320807d4ff31fd98bed7f7633d560b42d183a166","rawObjectClass":"TOPMAR","sourceStableId":"1F2B4873F8230001"},"sourceKind":"official","official":true,"sourceCellId":"1R75W83I","sourceStableId":"1F2B4873F8230001","pipelineFeatureId":"1R75W83I/TOPMAR/1215559715","provenance":{"cellId":"1R75W83I","checksum":"8afaa0bdcffb401e0fbaca3c320807d4ff31fd98bed7f7633d560b42d183a166","readerVersion":"GDAL 3.2.2","processedAt":"2026-08-11T13:43:44.753Z"},"associationRefsVerifiedInGdalOutput":false}},{"type":"Feature","geometry":{"type":"Point","coordinates":[3.5622929,51.4447993]},"properties":{"dolphinKind":"topmark","rawObjectClass":"TOPMAR","sourceProperties":{"RCID":1215559716,"PRIM":1,"GRUP":2,"OBJL":144,"RVER":1,"AGEN":7979,"FIDN":1215559716,"FIDS":1,"LNAM":"1F2B4873F8240001","COLOUR":["3"],"TOPSHP":5,"SCAMIN":200000,"SORDAT":"20250114","SORIND":"NL,1R,Reprt,MD 026-25","sourceCellId":"1R75W83I","sourceChecksum":"8afaa0bdcffb401e0fbaca3c320807d4ff31fd98bed7f7633d560b42d183a166","rawObjectClass":"TOPMAR","sourceStableId":"1F2B4873F8240001"},"sourceKind":"official","official":true,"sourceCellId":"1R75W83I","sourceStableId":"1F2B4873F8240001","pipelineFeatureId":"1R75W83I/TOPMAR/1215559716","provenance":{"cellId":"1R75W83I","checksum":"8afaa0bdcffb401e0fbaca3c320807d4ff31fd98bed7f7633d560b42d183a166","readerVersion":"GDAL 3.2.2","processedAt":"2026-08-11T13:43:44.753Z"},"associationRefsVerifiedInGdalOutput":false}},{"type":"Feature","geometry":{"type":"Point","coordinates":[3.55452,51.4472367]},"properties":{"dolphinKind":"topmark","rawObjectClass":"TOPMAR","sourceProperties":{"RCID":1215559717,"PRIM":1,"GRUP":2,"OBJL":144,"RVER":1,"AGEN":7979,"FIDN":1215559717,"FIDS":1,"LNAM":"1F2B4873F8250001","COLOUR":["3"],"TOPSHP":5,"SCAMIN":200000,"SORDAT":"20250114","SORIND":"NL,1R,Reprt,MD 026-25","sourceCellId":"1R75W83I","sourceChecksum":"8afaa0bdcffb401e0fbaca3c320807d4ff31fd98bed7f7633d560b42d183a166","rawObjectClass":"TOPMAR","sourceStableId":"1F2B4873F8250001"},"sourceKind":"official","official":true,"sourceCellId":"1R75W83I","sourceStableId":"1F2B4873F8250001","pipelineFeatureId":"1R75W83I/TOPMAR/1215559717","provenance":{"cellId":"1R75W83I","checksum":"8afaa0bdcffb401e0fbaca3c320807d4ff31fd98bed7f7633d560b42d183a166","readerVersion":"GDAL 3.2.2","processedAt":"2026-08-11T13:43:44.753Z"},"associationRefsVerifiedInGdalOutput":false}},{"type":"Feature","geometry":{"type":"Point","coordinates":[3.5547,51.43085]},"properties":{"dolphinKind":"topmark","rawObjectClass":"TOPMAR","sourceProperties":{"RCID":1215568770,"PRIM":1,"GRUP":2,"OBJL":144,"RVER":1,"AGEN":7979,"FIDN":1215568770,"FIDS":1,"LNAM":"1F2B48741B820001","COLOUR":["3"],"TOPSHP":5,"SCAMIN":200000,"SORDAT":"20250114","SORIND":"NL,1R,Reprt,MD 026-25","sourceCellId":"1R75W83I","sourceChecksum":"8afaa0bdcffb401e0fbaca3c320807d4ff31fd98bed7f7633d560b42d183a166","rawObjectClass":"TOPMAR","sourceStableId":"1F2B48741B820001"},"sourceKind":"official","official":true,"sourceCellId":"1R75W83I","sourceStableId":"1F2B48741B820001","pipelineFeatureId":"1R75W83I/TOPMAR/1215568770","provenance":{"cellId":"1R75W83I","checksum":"8afaa0bdcffb401e0fbaca3c320807d4ff31fd98bed7f7633d560b42d183a166","readerVersion":"GDAL 3.2.2","processedAt":"2026-08-11T13:43:44.753Z"},"associationRefsVerifiedInGdalOutput":false}},{"type":"Feature","geometry":{"type":"Point","coordinates":[3.5953101,51.4377363]},"properties":{"dolphinKind":"topmark","rawObjectClass":"TOPMAR","sourceProperties":{"RCID":1215573072,"PRIM":1,"GRUP":2,"OBJL":144,"RVER":1,"AGEN":7979,"FIDN":1215573072,"FIDS":1,"LNAM":"1F2B48742C500001","COLOUR":["3"],"TOPSHP":5,"SCAMIN":200000,"SORDAT":"20250114","SORIND":"NL,1R,Reprt,MD 026-25","sourceCellId":"1R75W83I","sourceChecksum":"8afaa0bdcffb401e0fbaca3c320807d4ff31fd98bed7f7633d560b42d183a166","rawObjectClass":"TOPMAR","sourceStableId":"1F2B48742C500001"},"sourceKind":"official","official":true,"sourceCellId":"1R75W83I","sourceStableId":"1F2B48742C500001","pipelineFeatureId":"1R75W83I/TOPMAR/1215573072","provenance":{"cellId":"1R75W83I","checksum":"8afaa0bdcffb401e0fbaca3c320807d4ff31fd98bed7f7633d560b42d183a166","readerVersion":"GDAL 3.2.2","processedAt":"2026-08-11T13:43:44.753Z"},"associationRefsVerifiedInGdalOutput":false}},{"type":"Feature","geometry":{"type":"Point","coordinates":[3.6468167,51.4377283]},"properties":{"dolphinKind":"topmark","rawObjectClass":"TOPMAR","sourceProperties":{"RCID":1215960310,"PRIM":1,"GRUP":2,"OBJL":144,"RVER":1,"AGEN":7979,"FIDN":1215960310,"FIDS":1,"LNAM":"1F2B487A14F60001","COLOUR":["4"],"TOPSHP":1,"SCAMIN":200000,"SORDAT":"20250114","SORIND":"NL,1R,Reprt,MD 06-25","sourceCellId":"1R75W83I","sourceChecksum":"8afaa0bdcffb401e0fbaca3c320807d4ff31fd98bed7f7633d560b42d183a166","rawObjectClass":"TOPMAR","sourceStableId":"1F2B487A14F60001"},"sourceKind":"official","official":true,"sourceCellId":"1R75W83I","sourceStableId":"1F2B487A14F60001","pipelineFeatureId":"1R75W83I/TOPMAR/1215960310","provenance":{"cellId":"1R75W83I","checksum":"8afaa0bdcffb401e0fbaca3c320807d4ff31fd98bed7f7633d560b42d183a166","readerVersion":"GDAL 3.2.2","processedAt":"2026-08-11T13:43:44.753Z"},"associationRefsVerifiedInGdalOutput":false}},{"type":"Feature","geometry":{"type":"Point","coordinates":[3.66485,51.4376]},"properties":{"dolphinKind":"topmark","rawObjectClass":"TOPMAR","sourceProperties":{"RCID":1215960311,"PRIM":1,"GRUP":2,"OBJL":144,"RVER":1,"AGEN":7979,"FIDN":1215960311,"FIDS":1,"LNAM":"1F2B487A14F70001","COLOUR":["4"],"TOPSHP":1,"SCAMIN":200000,"SORDAT":"20250114","SORIND":"NL,1R,Reprt,MD 06-25","sourceCellId":"1R75W83I","sourceChecksum":"8afaa0bdcffb401e0fbaca3c320807d4ff31fd98bed7f7633d560b42d183a166","rawObjectClass":"TOPMAR","sourceStableId":"1F2B487A14F70001"},"sourceKind":"official","official":true,"sourceCellId":"1R75W83I","sourceStableId":"1F2B487A14F70001","pipelineFeatureId":"1R75W83I/TOPMAR/1215960311","provenance":{"cellId":"1R75W83I","checksum":"8afaa0bdcffb401e0fbaca3c320807d4ff31fd98bed7f7633d560b42d183a166","readerVersion":"GDAL 3.2.2","processedAt":"2026-08-11T13:43:44.753Z"},"associationRefsVerifiedInGdalOutput":false}},{"type":"Feature","geometry":{"type":"Point","coordinates":[3.6931367,51.4347533]},"properties":{"dolphinKind":"topmark","rawObjectClass":"TOPMAR","sourceProperties":{"RCID":1215960313,"PRIM":1,"GRUP":2,"OBJL":144,"RVER":1,"AGEN":7979,"FIDN":1215960313,"FIDS":1,"LNAM":"1F2B487A14F90001","COLOUR":["3"],"TOPSHP":5,"SCAMIN":200000,"SORDAT":"20250114","SORIND":"NL,1R,Reprt,MD 026-25","sourceCellId":"1R75W83I","sourceChecksum":"8afaa0bdcffb401e0fbaca3c320807d4ff31fd98bed7f7633d560b42d183a166","rawObjectClass":"TOPMAR","sourceStableId":"1F2B487A14F90001"},"sourceKind":"official","official":true,"sourceCellId":"1R75W83I","sourceStableId":"1F2B487A14F90001","pipelineFeatureId":"1R75W83I/TOPMAR/1215960313","provenance":{"cellId":"1R75W83I","checksum":"8afaa0bdcffb401e0fbaca3c320807d4ff31fd98bed7f7633d560b42d183a166","readerVersion":"GDAL 3.2.2","processedAt":"2026-08-11T13:43:44.753Z"},"associationRefsVerifiedInGdalOutput":false}},{"type":"Feature","geometry":{"type":"Point","coordinates":[3.6458278,51.4424361]},"properties":{"dolphinKind":"topmark","rawObjectClass":"TOPMAR","sourceProperties":{"RCID":1215960314,"PRIM":1,"GRUP":2,"OBJL":144,"RVER":1,"AGEN":7979,"FIDN":1215960314,"FIDS":1,"LNAM":"1F2B487A14FA0001","COLOUR":["3"],"TOPSHP":5,"SCAMIN":200000,"SORDAT":"20250114","SORIND":"NL,1R,Reprt,MD 026-25","sourceCellId":"1R75W83I","sourceChecksum":"8afaa0bdcffb401e0fbaca3c320807d4ff31fd98bed7f7633d560b42d183a166","rawObjectClass":"TOPMAR","sourceStableId":"1F2B487A14FA0001"},"sourceKind":"official","official":true,"sourceCellId":"1R75W83I","sourceStableId":"1F2B487A14FA0001","pipelineFeatureId":"1R75W83I/TOPMAR/1215960314","provenance":{"cellId":"1R75W83I","checksum":"8afaa0bdcffb401e0fbaca3c320807d4ff31fd98bed7f7633d560b42d183a166","readerVersion":"GDAL 3.2.2","processedAt":"2026-08-11T13:43:44.753Z"},"associationRefsVerifiedInGdalOutput":false}},{"type":"Feature","geometry":{"type":"Point","coordinates":[3.6536667,51.428]},"properties":{"dolphinKind":"topmark","rawObjectClass":"TOPMAR","sourceProperties":{"RCID":1273523532,"PRIM":1,"GRUP":2,"OBJL":144,"RVER":1,"AGEN":7979,"FIDN":1273523532,"FIDS":1,"LNAM":"1F2B4BE86D4C0001","COLOUR":["3"],"TOPSHP":5,"SCAMIN":200000,"SORDAT":"20260504","SORIND":"NL,1R,Reprt,NDB verbetering","sourceCellId":"1R75W83I","sourceChecksum":"8afaa0bdcffb401e0fbaca3c320807d4ff31fd98bed7f7633d560b42d183a166","rawObjectClass":"TOPMAR","sourceStableId":"1F2B4BE86D4C0001"},"sourceKind":"official","official":true,"sourceCellId":"1R75W83I","sourceStableId":"1F2B4BE86D4C0001","pipelineFeatureId":"1R75W83I/TOPMAR/1273523532","provenance":{"cellId":"1R75W83I","checksum":"8afaa0bdcffb401e0fbaca3c320807d4ff31fd98bed7f7633d560b42d183a166","readerVersion":"GDAL 3.2.2","processedAt":"2026-08-11T13:43:44.753Z"},"associationRefsVerifiedInGdalOutput":false}}]}