{"type":"FeatureCollection","features":[{"type":"Feature","geometry":{"type":"Point","coordinates":[3.7056153,51.5124971]},"properties":{"chartedValueMetres":0.7,"chartedValueRelationToDatum":"below","depthDatum":"Approximate LAT","depthDatumCode":42,"depthDatumStatus":"VERIFIED_FROM_OFFICIAL_DOCUMENTATION","verticalDatum":"Local Datum","verticalDatumCode":24,"napIdentityStatus":"UNVERIFIED","sourceFeatureLnam":"1F2B6A5E4FE07533","sourceCellId":"1R75W89I","sourceChecksum":"75b5e0c67f673d567bb1fae9d6aa2607be5c46177579e724278999342ef0b716","pipelineFeatureId":"1R75W89I/SOUNDG/1283117891/0","provenance":{"cellId":"1R75W89I","checksum":"75b5e0c67f673d567bb1fae9d6aa2607be5c46177579e724278999342ef0b716","readerVersion":"GDAL 3.2.2","processedAt":"2026-08-11T13:43:44.753Z"}}},{"type":"Feature","geometry":{"type":"Point","coordinates":[3.6403932,51.5063971]},"properties":{"chartedValueMetres":2.8,"chartedValueRelationToDatum":"below","depthDatum":"Approximate LAT","depthDatumCode":42,"depthDatumStatus":"VERIFIED_FROM_OFFICIAL_DOCUMENTATION","verticalDatum":"Local Datum","verticalDatumCode":24,"napIdentityStatus":"UNVERIFIED","sourceFeatureLnam":"1F2B6A5E4FE07533","sourceCellId":"1R75W89I","sourceChecksum":"75b5e0c67f673d567bb1fae9d6aa2607be5c46177579e724278999342ef0b716","pipelineFeatureId":"1R75W89I/SOUNDG/1283117891/1","provenance":{"cellId":"1R75W89I","checksum":"75b5e0c67f673d567bb1fae9d6aa2607be5c46177579e724278999342ef0b716","readerVersion":"GDAL 3.2.2","processedAt":"2026-08-11T13:43:44.753Z"}}},{"type":"Feature","geometry":{"type":"Point","coordinates":[3.6265974,51.4985588]},"properties":{"chartedValueMetres":2.9,"chartedValueRelationToDatum":"below","depthDatum":"Approximate LAT","depthDatumCode":42,"depthDatumStatus":"VERIFIED_FROM_OFFICIAL_DOCUMENTATION","verticalDatum":"Local Datum","verticalDatumCode":24,"napIdentityStatus":"UNVERIFIED","sourceFeatureLnam":"1F2B6A5E4FE07533","sourceCellId":"1R75W89I","sourceChecksum":"75b5e0c67f673d567bb1fae9d6aa2607be5c46177579e724278999342ef0b716","pipelineFeatureId":"1R75W89I/SOUNDG/1283117891/2","provenance":{"cellId":"1R75W89I","checksum":"75b5e0c67f673d567bb1fae9d6aa2607be5c46177579e724278999342ef0b716","readerVersion":"GDAL 3.2.2","processedAt":"2026-08-11T13:43:44.753Z"}}},{"type":"Feature","geometry":{"type":"Point","coordinates":[3.6566992,51.5180863]},"properties":{"chartedValueMetres":2.9,"chartedValueRelationToDatum":"below","depthDatum":"Approximate LAT","depthDatumCode":42,"depthDatumStatus":"VERIFIED_FROM_OFFICIAL_DOCUMENTATION","verticalDatum":"Local Datum","verticalDatumCode":24,"napIdentityStatus":"UNVERIFIED","sourceFeatureLnam":"1F2B6A5E4FE07533","sourceCellId":"1R75W89I","sourceChecksum":"75b5e0c67f673d567bb1fae9d6aa2607be5c46177579e724278999342ef0b716","pipelineFeatureId":"1R75W89I/SOUNDG/1283117891/3","provenance":{"cellId":"1R75W89I","checksum":"75b5e0c67f673d567bb1fae9d6aa2607be5c46177579e724278999342ef0b716","readerVersion":"GDAL 3.2.2","processedAt":"2026-08-11T13:43:44.753Z"}}},{"type":"Feature","geometry":{"type":"Point","coordinates":[3.612708,51.4941363]},"properties":{"chartedValueMetres":3,"chartedValueRelationToDatum":"below","depthDatum":"Approximate LAT","depthDatumCode":42,"depthDatumStatus":"VERIFIED_FROM_OFFICIAL_DOCUMENTATION","verticalDatum":"Local Datum","verticalDatumCode":24,"napIdentityStatus":"UNVERIFIED","sourceFeatureLnam":"1F2B6A5E4FE07533","sourceCellId":"1R75W89I","sourceChecksum":"75b5e0c67f673d567bb1fae9d6aa2607be5c46177579e724278999342ef0b716","pipelineFeatureId":"1R75W89I/SOUNDG/1283117891/4","provenance":{"cellId":"1R75W89I","checksum":"75b5e0c67f673d567bb1fae9d6aa2607be5c46177579e724278999342ef0b716","readerVersion":"GDAL 3.2.2","processedAt":"2026-08-11T13:43:44.753Z"}}},{"type":"Feature","geometry":{"type":"Point","coordinates":[3.6023071,51.4809721]},"properties":{"chartedValueMetres":3,"chartedValueRelationToDatum":"below","depthDatum":"Approximate LAT","depthDatumCode":42,"depthDatumStatus":"VERIFIED_FROM_OFFICIAL_DOCUMENTATION","verticalDatum":"Local Datum","verticalDatumCode":24,"napIdentityStatus":"UNVERIFIED","sourceFeatureLnam":"1F2B6A5E4FE07533","sourceCellId":"1R75W89I","sourceChecksum":"75b5e0c67f673d567bb1fae9d6aa2607be5c46177579e724278999342ef0b716","pipelineFeatureId":"1R75W89I/SOUNDG/1283117891/5","provenance":{"cellId":"1R75W89I","checksum":"75b5e0c67f673d567bb1fae9d6aa2607be5c46177579e724278999342ef0b716","readerVersion":"GDAL 3.2.2","processedAt":"2026-08-11T13:43:44.753Z"}}},{"type":"Feature","geometry":{"type":"Point","coordinates":[3.7172756,51.5208787]},"properties":{"chartedValueMetres":0.9,"chartedValueRelationToDatum":"below","depthDatum":"Approximate LAT","depthDatumCode":42,"depthDatumStatus":"VERIFIED_FROM_OFFICIAL_DOCUMENTATION","verticalDatum":"Local Datum","verticalDatumCode":24,"napIdentityStatus":"UNVERIFIED","sourceFeatureLnam":"1F2B6A5E4FE07534","sourceCellId":"1R75W89I","sourceChecksum":"75b5e0c67f673d567bb1fae9d6aa2607be5c46177579e724278999342ef0b716","pipelineFeatureId":"1R75W89I/SOUNDG/1283117892/0","provenance":{"cellId":"1R75W89I","checksum":"75b5e0c67f673d567bb1fae9d6aa2607be5c46177579e724278999342ef0b716","readerVersion":"GDAL 3.2.2","processedAt":"2026-08-11T13:43:44.753Z"}}},{"type":"Feature","geometry":{"type":"Point","coordinates":[3.6897634,51.5220328]},"properties":{"chartedValueMetres":1,"chartedValueRelationToDatum":"below","depthDatum":"Approximate LAT","depthDatumCode":42,"depthDatumStatus":"VERIFIED_FROM_OFFICIAL_DOCUMENTATION","verticalDatum":"Local Datum","verticalDatumCode":24,"napIdentityStatus":"UNVERIFIED","sourceFeatureLnam":"1F2B6A5E4FE07534","sourceCellId":"1R75W89I","sourceChecksum":"75b5e0c67f673d567bb1fae9d6aa2607be5c46177579e724278999342ef0b716","pipelineFeatureId":"1R75W89I/SOUNDG/1283117892/1","provenance":{"cellId":"1R75W89I","checksum":"75b5e0c67f673d567bb1fae9d6aa2607be5c46177579e724278999342ef0b716","readerVersion":"GDAL 3.2.2","processedAt":"2026-08-11T13:43:44.753Z"}}},{"type":"Feature","geometry":{"type":"Point","coordinates":[3.6946076,51.5183176]},"properties":{"chartedValueMetres":1,"chartedValueRelationToDatum":"below","depthDatum":"Approximate LAT","depthDatumCode":42,"depthDatumStatus":"VERIFIED_FROM_OFFICIAL_DOCUMENTATION","verticalDatum":"Local Datum","verticalDatumCode":24,"napIdentityStatus":"UNVERIFIED","sourceFeatureLnam":"1F2B6A5E4FE07534","sourceCellId":"1R75W89I","sourceChecksum":"75b5e0c67f673d567bb1fae9d6aa2607be5c46177579e724278999342ef0b716","pipelineFeatureId":"1R75W89I/SOUNDG/1283117892/2","provenance":{"cellId":"1R75W89I","checksum":"75b5e0c67f673d567bb1fae9d6aa2607be5c46177579e724278999342ef0b716","readerVersion":"GDAL 3.2.2","processedAt":"2026-08-11T13:43:44.753Z"}}},{"type":"Feature","geometry":{"type":"Point","coordinates":[3.7131593,51.5249501]},"properties":{"chartedValueMetres":1.5,"chartedValueRelationToDatum":"below","depthDatum":"Approximate LAT","depthDatumCode":42,"depthDatumStatus":"VERIFIED_FROM_OFFICIAL_DOCUMENTATION","verticalDatum":"Local Datum","verticalDatumCode":24,"napIdentityStatus":"UNVERIFIED","sourceFeatureLnam":"1F2B6A5E4FE07534","sourceCellId":"1R75W89I","sourceChecksum":"75b5e0c67f673d567bb1fae9d6aa2607be5c46177579e724278999342ef0b716","pipelineFeatureId":"1R75W89I/SOUNDG/1283117892/3","provenance":{"cellId":"1R75W89I","checksum":"75b5e0c67f673d567bb1fae9d6aa2607be5c46177579e724278999342ef0b716","readerVersion":"GDAL 3.2.2","processedAt":"2026-08-11T13:43:44.753Z"}}},{"type":"Feature","geometry":{"type":"Point","coordinates":[3.6511664,51.5141607]},"properties":{"chartedValueMetres":2.9,"chartedValueRelationToDatum":"below","depthDatum":"Approximate LAT","depthDatumCode":42,"depthDatumStatus":"VERIFIED_FROM_OFFICIAL_DOCUMENTATION","verticalDatum":"Local Datum","verticalDatumCode":24,"napIdentityStatus":"UNVERIFIED","sourceFeatureLnam":"1F2B6A5E4FE07534","sourceCellId":"1R75W89I","sourceChecksum":"75b5e0c67f673d567bb1fae9d6aa2607be5c46177579e724278999342ef0b716","pipelineFeatureId":"1R75W89I/SOUNDG/1283117892/4","provenance":{"cellId":"1R75W89I","checksum":"75b5e0c67f673d567bb1fae9d6aa2607be5c46177579e724278999342ef0b716","readerVersion":"GDAL 3.2.2","processedAt":"2026-08-11T13:43:44.753Z"}}},{"type":"Feature","geometry":{"type":"Point","coordinates":[3.6453427,51.5099667]},"properties":{"chartedValueMetres":2.9,"chartedValueRelationToDatum":"below","depthDatum":"Approximate LAT","depthDatumCode":42,"depthDatumStatus":"VERIFIED_FROM_OFFICIAL_DOCUMENTATION","verticalDatum":"Local Datum","verticalDatumCode":24,"napIdentityStatus":"UNVERIFIED","sourceFeatureLnam":"1F2B6A5E4FE07534","sourceCellId":"1R75W89I","sourceChecksum":"75b5e0c67f673d567bb1fae9d6aa2607be5c46177579e724278999342ef0b716","pipelineFeatureId":"1R75W89I/SOUNDG/1283117892/5","provenance":{"cellId":"1R75W89I","checksum":"75b5e0c67f673d567bb1fae9d6aa2607be5c46177579e724278999342ef0b716","readerVersion":"GDAL 3.2.2","processedAt":"2026-08-11T13:43:44.753Z"}}},{"type":"Feature","geometry":{"type":"Point","coordinates":[3.607182,51.4902086]},"properties":{"chartedValueMetres":3,"chartedValueRelationToDatum":"below","depthDatum":"Approximate LAT","depthDatumCode":42,"depthDatumStatus":"VERIFIED_FROM_OFFICIAL_DOCUMENTATION","verticalDatum":"Local Datum","verticalDatumCode":24,"napIdentityStatus":"UNVERIFIED","sourceFeatureLnam":"1F2B6A5E4FE07534","sourceCellId":"1R75W89I","sourceChecksum":"75b5e0c67f673d567bb1fae9d6aa2607be5c46177579e724278999342ef0b716","pipelineFeatureId":"1R75W89I/SOUNDG/1283117892/6","provenance":{"cellId":"1R75W89I","checksum":"75b5e0c67f673d567bb1fae9d6aa2607be5c46177579e724278999342ef0b716","readerVersion":"GDAL 3.2.2","processedAt":"2026-08-11T13:43:44.753Z"}}},{"type":"Feature","geometry":{"type":"Point","coordinates":[3.6000739,51.4754086]},"properties":{"chartedValueMetres":3,"chartedValueRelationToDatum":"below","depthDatum":"Approximate LAT","depthDatumCode":42,"depthDatumStatus":"VERIFIED_FROM_OFFICIAL_DOCUMENTATION","verticalDatum":"Local Datum","verticalDatumCode":24,"napIdentityStatus":"UNVERIFIED","sourceFeatureLnam":"1F2B6A5E4FE07534","sourceCellId":"1R75W89I","sourceChecksum":"75b5e0c67f673d567bb1fae9d6aa2607be5c46177579e724278999342ef0b716","pipelineFeatureId":"1R75W89I/SOUNDG/1283117892/7","provenance":{"cellId":"1R75W89I","checksum":"75b5e0c67f673d567bb1fae9d6aa2607be5c46177579e724278999342ef0b716","readerVersion":"GDAL 3.2.2","processedAt":"2026-08-11T13:43:44.753Z"}}},{"type":"Feature","geometry":{"type":"Point","coordinates":[3.6482409,51.5009589]},"properties":{"chartedValueMetres":3.4,"chartedValueRelationToDatum":"below","depthDatum":"Approximate LAT","depthDatumCode":42,"depthDatumStatus":"VERIFIED_FROM_OFFICIAL_DOCUMENTATION","verticalDatum":"Local Datum","verticalDatumCode":24,"napIdentityStatus":"UNVERIFIED","sourceFeatureLnam":"1F2B6A5E4FE07534","sourceCellId":"1R75W89I","sourceChecksum":"75b5e0c67f673d567bb1fae9d6aa2607be5c46177579e724278999342ef0b716","pipelineFeatureId":"1R75W89I/SOUNDG/1283117892/8","provenance":{"cellId":"1R75W89I","checksum":"75b5e0c67f673d567bb1fae9d6aa2607be5c46177579e724278999342ef0b716","readerVersion":"GDAL 3.2.2","processedAt":"2026-08-11T13:43:44.753Z"}}},{"type":"Feature","geometry":{"type":"Point","coordinates":[3.702118,51.5193519]},"properties":{"chartedValueMetres":5,"chartedValueRelationToDatum":"below","depthDatum":"Approximate LAT","depthDatumCode":42,"depthDatumStatus":"VERIFIED_FROM_OFFICIAL_DOCUMENTATION","verticalDatum":"Local Datum","verticalDatumCode":24,"napIdentityStatus":"UNVERIFIED","sourceFeatureLnam":"1F2B6A5E4FE07534","sourceCellId":"1R75W89I","sourceChecksum":"75b5e0c67f673d567bb1fae9d6aa2607be5c46177579e724278999342ef0b716","pipelineFeatureId":"1R75W89I/SOUNDG/1283117892/9","provenance":{"cellId":"1R75W89I","checksum":"75b5e0c67f673d567bb1fae9d6aa2607be5c46177579e724278999342ef0b716","readerVersion":"GDAL 3.2.2","processedAt":"2026-08-11T13:43:44.753Z"}}},{"type":"Feature","geometry":{"type":"Point","coordinates":[3.7009113,51.5158523]},"properties":{"chartedValueMetres":0.7,"chartedValueRelationToDatum":"below","depthDatum":"Approximate LAT","depthDatumCode":42,"depthDatumStatus":"VERIFIED_FROM_OFFICIAL_DOCUMENTATION","verticalDatum":"Local Datum","verticalDatumCode":24,"napIdentityStatus":"UNVERIFIED","sourceFeatureLnam":"1F2B6A5E4FE07535","sourceCellId":"1R75W89I","sourceChecksum":"75b5e0c67f673d567bb1fae9d6aa2607be5c46177579e724278999342ef0b716","pipelineFeatureId":"1R75W89I/SOUNDG/1283117893/0","provenance":{"cellId":"1R75W89I","checksum":"75b5e0c67f673d567bb1fae9d6aa2607be5c46177579e724278999342ef0b716","readerVersion":"GDAL 3.2.2","processedAt":"2026-08-11T13:43:44.753Z"}}},{"type":"Feature","geometry":{"type":"Point","coordinates":[3.7070006,51.508892]},"properties":{"chartedValueMetres":0.8,"chartedValueRelationToDatum":"below","depthDatum":"Approximate LAT","depthDatumCode":42,"depthDatumStatus":"VERIFIED_FROM_OFFICIAL_DOCUMENTATION","verticalDatum":"Local Datum","verticalDatumCode":24,"napIdentityStatus":"UNVERIFIED","sourceFeatureLnam":"1F2B6A5E4FE07535","sourceCellId":"1R75W89I","sourceChecksum":"75b5e0c67f673d567bb1fae9d6aa2607be5c46177579e724278999342ef0b716","pipelineFeatureId":"1R75W89I/SOUNDG/1283117893/1","provenance":{"cellId":"1R75W89I","checksum":"75b5e0c67f673d567bb1fae9d6aa2607be5c46177579e724278999342ef0b716","readerVersion":"GDAL 3.2.2","processedAt":"2026-08-11T13:43:44.753Z"}}},{"type":"Feature","geometry":{"type":"Point","coordinates":[3.7142209,51.519099]},"properties":{"chartedValueMetres":0.9,"chartedValueRelationToDatum":"below","depthDatum":"Approximate LAT","depthDatumCode":42,"depthDatumStatus":"VERIFIED_FROM_OFFICIAL_DOCUMENTATION","verticalDatum":"Local Datum","verticalDatumCode":24,"napIdentityStatus":"UNVERIFIED","sourceFeatureLnam":"1F2B6A5E4FE07535","sourceCellId":"1R75W89I","sourceChecksum":"75b5e0c67f673d567bb1fae9d6aa2607be5c46177579e724278999342ef0b716","pipelineFeatureId":"1R75W89I/SOUNDG/1283117893/2","provenance":{"cellId":"1R75W89I","checksum":"75b5e0c67f673d567bb1fae9d6aa2607be5c46177579e724278999342ef0b716","readerVersion":"GDAL 3.2.2","processedAt":"2026-08-11T13:43:44.753Z"}}},{"type":"Feature","geometry":{"type":"Point","coordinates":[3.7141274,51.5223366]},"properties":{"chartedValueMetres":1.8,"chartedValueRelationToDatum":"below","depthDatum":"Approximate LAT","depthDatumCode":42,"depthDatumStatus":"VERIFIED_FROM_OFFICIAL_DOCUMENTATION","verticalDatum":"Local Datum","verticalDatumCode":24,"napIdentityStatus":"UNVERIFIED","sourceFeatureLnam":"1F2B6A5E4FE07535","sourceCellId":"1R75W89I","sourceChecksum":"75b5e0c67f673d567bb1fae9d6aa2607be5c46177579e724278999342ef0b716","pipelineFeatureId":"1R75W89I/SOUNDG/1283117893/3","provenance":{"cellId":"1R75W89I","checksum":"75b5e0c67f673d567bb1fae9d6aa2607be5c46177579e724278999342ef0b716","readerVersion":"GDAL 3.2.2","processedAt":"2026-08-11T13:43:44.753Z"}}},{"type":"Feature","geometry":{"type":"Point","coordinates":[3.7100612,51.5203831]},"properties":{"chartedValueMetres":2.1,"chartedValueRelationToDatum":"below","depthDatum":"Approximate LAT","depthDatumCode":42,"depthDatumStatus":"VERIFIED_FROM_OFFICIAL_DOCUMENTATION","verticalDatum":"Local Datum","verticalDatumCode":24,"napIdentityStatus":"UNVERIFIED","sourceFeatureLnam":"1F2B6A5E4FE07535","sourceCellId":"1R75W89I","sourceChecksum":"75b5e0c67f673d567bb1fae9d6aa2607be5c46177579e724278999342ef0b716","pipelineFeatureId":"1R75W89I/SOUNDG/1283117893/4","provenance":{"cellId":"1R75W89I","checksum":"75b5e0c67f673d567bb1fae9d6aa2607be5c46177579e724278999342ef0b716","readerVersion":"GDAL 3.2.2","processedAt":"2026-08-11T13:43:44.753Z"}}},{"type":"Feature","geometry":{"type":"Point","coordinates":[3.7064471,51.5196856]},"properties":{"chartedValueMetres":2.5,"chartedValueRelationToDatum":"below","depthDatum":"Approximate LAT","depthDatumCode":42,"depthDatumStatus":"VERIFIED_FROM_OFFICIAL_DOCUMENTATION","verticalDatum":"Local Datum","verticalDatumCode":24,"napIdentityStatus":"UNVERIFIED","sourceFeatureLnam":"1F2B6A5E4FE07535","sourceCellId":"1R75W89I","sourceChecksum":"75b5e0c67f673d567bb1fae9d6aa2607be5c46177579e724278999342ef0b716","pipelineFeatureId":"1R75W89I/SOUNDG/1283117893/5","provenance":{"cellId":"1R75W89I","checksum":"75b5e0c67f673d567bb1fae9d6aa2607be5c46177579e724278999342ef0b716","readerVersion":"GDAL 3.2.2","processedAt":"2026-08-11T13:43:44.753Z"}}},{"type":"Feature","geometry":{"type":"Point","coordinates":[3.6603397,51.5206735]},"properties":{"chartedValueMetres":2.9,"chartedValueRelationToDatum":"below","depthDatum":"Approximate LAT","depthDatumCode":42,"depthDatumStatus":"VERIFIED_FROM_OFFICIAL_DOCUMENTATION","verticalDatum":"Local Datum","verticalDatumCode":24,"napIdentityStatus":"UNVERIFIED","sourceFeatureLnam":"1F2B6A5E4FE07535","sourceCellId":"1R75W89I","sourceChecksum":"75b5e0c67f673d567bb1fae9d6aa2607be5c46177579e724278999342ef0b716","pipelineFeatureId":"1R75W89I/SOUNDG/1283117893/6","provenance":{"cellId":"1R75W89I","checksum":"75b5e0c67f673d567bb1fae9d6aa2607be5c46177579e724278999342ef0b716","readerVersion":"GDAL 3.2.2","processedAt":"2026-08-11T13:43:44.753Z"}}},{"type":"Feature","geometry":{"type":"Point","coordinates":[3.6639833,51.5234404]},"properties":{"chartedValueMetres":2.9,"chartedValueRelationToDatum":"below","depthDatum":"Approximate LAT","depthDatumCode":42,"depthDatumStatus":"VERIFIED_FROM_OFFICIAL_DOCUMENTATION","verticalDatum":"Local Datum","verticalDatumCode":24,"napIdentityStatus":"UNVERIFIED","sourceFeatureLnam":"1F2B6A5E4FE07535","sourceCellId":"1R75W89I","sourceChecksum":"75b5e0c67f673d567bb1fae9d6aa2607be5c46177579e724278999342ef0b716","pipelineFeatureId":"1R75W89I/SOUNDG/1283117893/7","provenance":{"cellId":"1R75W89I","checksum":"75b5e0c67f673d567bb1fae9d6aa2607be5c46177579e724278999342ef0b716","readerVersion":"GDAL 3.2.2","processedAt":"2026-08-11T13:43:44.753Z"}}},{"type":"Feature","geometry":{"type":"Point","coordinates":[3.6300794,51.5003385]},"properties":{"chartedValueMetres":2.9,"chartedValueRelationToDatum":"below","depthDatum":"Approximate LAT","depthDatumCode":42,"depthDatumStatus":"VERIFIED_FROM_OFFICIAL_DOCUMENTATION","verticalDatum":"Local Datum","verticalDatumCode":24,"napIdentityStatus":"UNVERIFIED","sourceFeatureLnam":"1F2B6A5E4FE07535","sourceCellId":"1R75W89I","sourceChecksum":"75b5e0c67f673d567bb1fae9d6aa2607be5c46177579e724278999342ef0b716","pipelineFeatureId":"1R75W89I/SOUNDG/1283117893/8","provenance":{"cellId":"1R75W89I","checksum":"75b5e0c67f673d567bb1fae9d6aa2607be5c46177579e724278999342ef0b716","readerVersion":"GDAL 3.2.2","processedAt":"2026-08-11T13:43:44.753Z"}}},{"type":"Feature","geometry":{"type":"Point","coordinates":[3.6163211,51.4950165]},"properties":{"chartedValueMetres":2.9,"chartedValueRelationToDatum":"below","depthDatum":"Approximate LAT","depthDatumCode":42,"depthDatumStatus":"VERIFIED_FROM_OFFICIAL_DOCUMENTATION","verticalDatum":"Local Datum","verticalDatumCode":24,"napIdentityStatus":"UNVERIFIED","sourceFeatureLnam":"1F2B6A5E4FE07535","sourceCellId":"1R75W89I","sourceChecksum":"75b5e0c67f673d567bb1fae9d6aa2607be5c46177579e724278999342ef0b716","pipelineFeatureId":"1R75W89I/SOUNDG/1283117893/9","provenance":{"cellId":"1R75W89I","checksum":"75b5e0c67f673d567bb1fae9d6aa2607be5c46177579e724278999342ef0b716","readerVersion":"GDAL 3.2.2","processedAt":"2026-08-11T13:43:44.753Z"}}},{"type":"Feature","geometry":{"type":"Point","coordinates":[3.6098057,51.4925329]},"properties":{"chartedValueMetres":3,"chartedValueRelationToDatum":"below","depthDatum":"Approximate LAT","depthDatumCode":42,"depthDatumStatus":"VERIFIED_FROM_OFFICIAL_DOCUMENTATION","verticalDatum":"Local Datum","verticalDatumCode":24,"napIdentityStatus":"UNVERIFIED","sourceFeatureLnam":"1F2B6A5E4FE07535","sourceCellId":"1R75W89I","sourceChecksum":"75b5e0c67f673d567bb1fae9d6aa2607be5c46177579e724278999342ef0b716","pipelineFeatureId":"1R75W89I/SOUNDG/1283117893/10","provenance":{"cellId":"1R75W89I","checksum":"75b5e0c67f673d567bb1fae9d6aa2607be5c46177579e724278999342ef0b716","readerVersion":"GDAL 3.2.2","processedAt":"2026-08-11T13:43:44.753Z"}}},{"type":"Feature","geometry":{"type":"Point","coordinates":[3.6058524,51.4876978]},"properties":{"chartedValueMetres":3,"chartedValueRelationToDatum":"below","depthDatum":"Approximate LAT","depthDatumCode":42,"depthDatumStatus":"VERIFIED_FROM_OFFICIAL_DOCUMENTATION","verticalDatum":"Local Datum","verticalDatumCode":24,"napIdentityStatus":"UNVERIFIED","sourceFeatureLnam":"1F2B6A5E4FE07535","sourceCellId":"1R75W89I","sourceChecksum":"75b5e0c67f673d567bb1fae9d6aa2607be5c46177579e724278999342ef0b716","pipelineFeatureId":"1R75W89I/SOUNDG/1283117893/11","provenance":{"cellId":"1R75W89I","checksum":"75b5e0c67f673d567bb1fae9d6aa2607be5c46177579e724278999342ef0b716","readerVersion":"GDAL 3.2.2","processedAt":"2026-08-11T13:43:44.753Z"}}},{"type":"Feature","geometry":{"type":"Point","coordinates":[3.605243,51.4851832]},"properties":{"chartedValueMetres":3,"chartedValueRelationToDatum":"below","depthDatum":"Approximate LAT","depthDatumCode":42,"depthDatumStatus":"VERIFIED_FROM_OFFICIAL_DOCUMENTATION","verticalDatum":"Local Datum","verticalDatumCode":24,"napIdentityStatus":"UNVERIFIED","sourceFeatureLnam":"1F2B6A5E4FE07535","sourceCellId":"1R75W89I","sourceChecksum":"75b5e0c67f673d567bb1fae9d6aa2607be5c46177579e724278999342ef0b716","pipelineFeatureId":"1R75W89I/SOUNDG/1283117893/12","provenance":{"cellId":"1R75W89I","checksum":"75b5e0c67f673d567bb1fae9d6aa2607be5c46177579e724278999342ef0b716","readerVersion":"GDAL 3.2.2","processedAt":"2026-08-11T13:43:44.753Z"}}},{"type":"Feature","geometry":{"type":"Point","coordinates":[3.6016991,51.4785474]},"properties":{"chartedValueMetres":3,"chartedValueRelationToDatum":"below","depthDatum":"Approximate LAT","depthDatumCode":42,"depthDatumStatus":"VERIFIED_FROM_OFFICIAL_DOCUMENTATION","verticalDatum":"Local Datum","verticalDatumCode":24,"napIdentityStatus":"UNVERIFIED","sourceFeatureLnam":"1F2B6A5E4FE07535","sourceCellId":"1R75W89I","sourceChecksum":"75b5e0c67f673d567bb1fae9d6aa2607be5c46177579e724278999342ef0b716","pipelineFeatureId":"1R75W89I/SOUNDG/1283117893/13","provenance":{"cellId":"1R75W89I","checksum":"75b5e0c67f673d567bb1fae9d6aa2607be5c46177579e724278999342ef0b716","readerVersion":"GDAL 3.2.2","processedAt":"2026-08-11T13:43:44.753Z"}}},{"type":"Feature","geometry":{"type":"Point","coordinates":[3.6448292,51.5042148]},"properties":{"chartedValueMetres":3.4,"chartedValueRelationToDatum":"below","depthDatum":"Approximate LAT","depthDatumCode":42,"depthDatumStatus":"VERIFIED_FROM_OFFICIAL_DOCUMENTATION","verticalDatum":"Local Datum","verticalDatumCode":24,"napIdentityStatus":"UNVERIFIED","sourceFeatureLnam":"1F2B6A5E4FE07535","sourceCellId":"1R75W89I","sourceChecksum":"75b5e0c67f673d567bb1fae9d6aa2607be5c46177579e724278999342ef0b716","pipelineFeatureId":"1R75W89I/SOUNDG/1283117893/14","provenance":{"cellId":"1R75W89I","checksum":"75b5e0c67f673d567bb1fae9d6aa2607be5c46177579e724278999342ef0b716","readerVersion":"GDAL 3.2.2","processedAt":"2026-08-11T13:43:44.753Z"}}},{"type":"Feature","geometry":{"type":"Point","coordinates":[3.638346,51.5042503]},"properties":{"chartedValueMetres":3.5,"chartedValueRelationToDatum":"below","depthDatum":"Approximate LAT","depthDatumCode":42,"depthDatumStatus":"VERIFIED_FROM_OFFICIAL_DOCUMENTATION","verticalDatum":"Local Datum","verticalDatumCode":24,"napIdentityStatus":"UNVERIFIED","sourceFeatureLnam":"1F2B6A5E4FE07535","sourceCellId":"1R75W89I","sourceChecksum":"75b5e0c67f673d567bb1fae9d6aa2607be5c46177579e724278999342ef0b716","pipelineFeatureId":"1R75W89I/SOUNDG/1283117893/15","provenance":{"cellId":"1R75W89I","checksum":"75b5e0c67f673d567bb1fae9d6aa2607be5c46177579e724278999342ef0b716","readerVersion":"GDAL 3.2.2","processedAt":"2026-08-11T13:43:44.753Z"}}},{"type":"Feature","geometry":{"type":"Point","coordinates":[3.7101031,51.5230804]},"properties":{"chartedValueMetres":4.1,"chartedValueRelationToDatum":"below","depthDatum":"Approximate LAT","depthDatumCode":42,"depthDatumStatus":"VERIFIED_FROM_OFFICIAL_DOCUMENTATION","verticalDatum":"Local Datum","verticalDatumCode":24,"napIdentityStatus":"UNVERIFIED","sourceFeatureLnam":"1F2B6A5E4FE07535","sourceCellId":"1R75W89I","sourceChecksum":"75b5e0c67f673d567bb1fae9d6aa2607be5c46177579e724278999342ef0b716","pipelineFeatureId":"1R75W89I/SOUNDG/1283117893/16","provenance":{"cellId":"1R75W89I","checksum":"75b5e0c67f673d567bb1fae9d6aa2607be5c46177579e724278999342ef0b716","readerVersion":"GDAL 3.2.2","processedAt":"2026-08-11T13:43:44.753Z"}}},{"type":"Feature","geometry":{"type":"Point","coordinates":[3.6974048,51.5221675]},"properties":{"chartedValueMetres":5.4,"chartedValueRelationToDatum":"below","depthDatum":"Approximate LAT","depthDatumCode":42,"depthDatumStatus":"VERIFIED_FROM_OFFICIAL_DOCUMENTATION","verticalDatum":"Local Datum","verticalDatumCode":24,"napIdentityStatus":"UNVERIFIED","sourceFeatureLnam":"1F2B6A5E4FE07535","sourceCellId":"1R75W89I","sourceChecksum":"75b5e0c67f673d567bb1fae9d6aa2607be5c46177579e724278999342ef0b716","pipelineFeatureId":"1R75W89I/SOUNDG/1283117893/17","provenance":{"cellId":"1R75W89I","checksum":"75b5e0c67f673d567bb1fae9d6aa2607be5c46177579e724278999342ef0b716","readerVersion":"GDAL 3.2.2","processedAt":"2026-08-11T13:43:44.753Z"}}},{"type":"Feature","geometry":{"type":"Point","coordinates":[3.6929123,51.5205755]},"properties":{"chartedValueMetres":5.5,"chartedValueRelationToDatum":"below","depthDatum":"Approximate LAT","depthDatumCode":42,"depthDatumStatus":"VERIFIED_FROM_OFFICIAL_DOCUMENTATION","verticalDatum":"Local Datum","verticalDatumCode":24,"napIdentityStatus":"UNVERIFIED","sourceFeatureLnam":"1F2B6A5E4FE07535","sourceCellId":"1R75W89I","sourceChecksum":"75b5e0c67f673d567bb1fae9d6aa2607be5c46177579e724278999342ef0b716","pipelineFeatureId":"1R75W89I/SOUNDG/1283117893/18","provenance":{"cellId":"1R75W89I","checksum":"75b5e0c67f673d567bb1fae9d6aa2607be5c46177579e724278999342ef0b716","readerVersion":"GDAL 3.2.2","processedAt":"2026-08-11T13:43:44.753Z"}}},{"type":"Feature","geometry":{"type":"Point","coordinates":[3.7028801,51.5220449]},"properties":{"chartedValueMetres":6.6,"chartedValueRelationToDatum":"below","depthDatum":"Approximate LAT","depthDatumCode":42,"depthDatumStatus":"VERIFIED_FROM_OFFICIAL_DOCUMENTATION","verticalDatum":"Local Datum","verticalDatumCode":24,"napIdentityStatus":"UNVERIFIED","sourceFeatureLnam":"1F2B6A5E4FE07535","sourceCellId":"1R75W89I","sourceChecksum":"75b5e0c67f673d567bb1fae9d6aa2607be5c46177579e724278999342ef0b716","pipelineFeatureId":"1R75W89I/SOUNDG/1283117893/19","provenance":{"cellId":"1R75W89I","checksum":"75b5e0c67f673d567bb1fae9d6aa2607be5c46177579e724278999342ef0b716","readerVersion":"GDAL 3.2.2","processedAt":"2026-08-11T13:43:44.753Z"}}},{"type":"Feature","geometry":{"type":"Point","coordinates":[3.7003128,51.5144171]},"properties":{"chartedValueMetres":0.9,"chartedValueRelationToDatum":"below","depthDatum":"Approximate LAT","depthDatumCode":42,"depthDatumStatus":"VERIFIED_FROM_OFFICIAL_DOCUMENTATION","verticalDatum":"Local Datum","verticalDatumCode":24,"napIdentityStatus":"UNVERIFIED","sourceFeatureLnam":"1F2B6A5E4FE07536","sourceCellId":"1R75W89I","sourceChecksum":"75b5e0c67f673d567bb1fae9d6aa2607be5c46177579e724278999342ef0b716","pipelineFeatureId":"1R75W89I/SOUNDG/1283117894/0","provenance":{"cellId":"1R75W89I","checksum":"75b5e0c67f673d567bb1fae9d6aa2607be5c46177579e724278999342ef0b716","readerVersion":"GDAL 3.2.2","processedAt":"2026-08-11T13:43:44.753Z"}}},{"type":"Feature","geometry":{"type":"Point","coordinates":[3.7033071,51.5123311]},"properties":{"chartedValueMetres":0.9,"chartedValueRelationToDatum":"below","depthDatum":"Approximate LAT","depthDatumCode":42,"depthDatumStatus":"VERIFIED_FROM_OFFICIAL_DOCUMENTATION","verticalDatum":"Local Datum","verticalDatumCode":24,"napIdentityStatus":"UNVERIFIED","sourceFeatureLnam":"1F2B6A5E4FE07536","sourceCellId":"1R75W89I","sourceChecksum":"75b5e0c67f673d567bb1fae9d6aa2607be5c46177579e724278999342ef0b716","pipelineFeatureId":"1R75W89I/SOUNDG/1283117894/1","provenance":{"cellId":"1R75W89I","checksum":"75b5e0c67f673d567bb1fae9d6aa2607be5c46177579e724278999342ef0b716","readerVersion":"GDAL 3.2.2","processedAt":"2026-08-11T13:43:44.753Z"}}},{"type":"Feature","geometry":{"type":"Point","coordinates":[3.7023178,51.5135959]},"properties":{"chartedValueMetres":0.9,"chartedValueRelationToDatum":"below","depthDatum":"Approximate LAT","depthDatumCode":42,"depthDatumStatus":"VERIFIED_FROM_OFFICIAL_DOCUMENTATION","verticalDatum":"Local Datum","verticalDatumCode":24,"napIdentityStatus":"UNVERIFIED","sourceFeatureLnam":"1F2B6A5E4FE07536","sourceCellId":"1R75W89I","sourceChecksum":"75b5e0c67f673d567bb1fae9d6aa2607be5c46177579e724278999342ef0b716","pipelineFeatureId":"1R75W89I/SOUNDG/1283117894/2","provenance":{"cellId":"1R75W89I","checksum":"75b5e0c67f673d567bb1fae9d6aa2607be5c46177579e724278999342ef0b716","readerVersion":"GDAL 3.2.2","processedAt":"2026-08-11T13:43:44.753Z"}}},{"type":"Feature","geometry":{"type":"Point","coordinates":[3.7044432,51.5112453]},"properties":{"chartedValueMetres":0.9,"chartedValueRelationToDatum":"below","depthDatum":"Approximate LAT","depthDatumCode":42,"depthDatumStatus":"VERIFIED_FROM_OFFICIAL_DOCUMENTATION","verticalDatum":"Local Datum","verticalDatumCode":24,"napIdentityStatus":"UNVERIFIED","sourceFeatureLnam":"1F2B6A5E4FE07536","sourceCellId":"1R75W89I","sourceChecksum":"75b5e0c67f673d567bb1fae9d6aa2607be5c46177579e724278999342ef0b716","pipelineFeatureId":"1R75W89I/SOUNDG/1283117894/3","provenance":{"cellId":"1R75W89I","checksum":"75b5e0c67f673d567bb1fae9d6aa2607be5c46177579e724278999342ef0b716","readerVersion":"GDAL 3.2.2","processedAt":"2026-08-11T13:43:44.753Z"}}},{"type":"Feature","geometry":{"type":"Point","coordinates":[3.7060115,51.5101568]},"properties":{"chartedValueMetres":0.9,"chartedValueRelationToDatum":"below","depthDatum":"Approximate LAT","depthDatumCode":42,"depthDatumStatus":"VERIFIED_FROM_OFFICIAL_DOCUMENTATION","verticalDatum":"Local Datum","verticalDatumCode":24,"napIdentityStatus":"UNVERIFIED","sourceFeatureLnam":"1F2B6A5E4FE07536","sourceCellId":"1R75W89I","sourceChecksum":"75b5e0c67f673d567bb1fae9d6aa2607be5c46177579e724278999342ef0b716","pipelineFeatureId":"1R75W89I/SOUNDG/1283117894/4","provenance":{"cellId":"1R75W89I","checksum":"75b5e0c67f673d567bb1fae9d6aa2607be5c46177579e724278999342ef0b716","readerVersion":"GDAL 3.2.2","processedAt":"2026-08-11T13:43:44.753Z"}}},{"type":"Feature","geometry":{"type":"Point","coordinates":[3.6964577,51.516778]},"properties":{"chartedValueMetres":1,"chartedValueRelationToDatum":"below","depthDatum":"Approximate LAT","depthDatumCode":42,"depthDatumStatus":"VERIFIED_FROM_OFFICIAL_DOCUMENTATION","verticalDatum":"Local Datum","verticalDatumCode":24,"napIdentityStatus":"UNVERIFIED","sourceFeatureLnam":"1F2B6A5E4FE07536","sourceCellId":"1R75W89I","sourceChecksum":"75b5e0c67f673d567bb1fae9d6aa2607be5c46177579e724278999342ef0b716","pipelineFeatureId":"1R75W89I/SOUNDG/1283117894/5","provenance":{"cellId":"1R75W89I","checksum":"75b5e0c67f673d567bb1fae9d6aa2607be5c46177579e724278999342ef0b716","readerVersion":"GDAL 3.2.2","processedAt":"2026-08-11T13:43:44.753Z"}}},{"type":"Feature","geometry":{"type":"Point","coordinates":[3.6874926,51.524384]},"properties":{"chartedValueMetres":1,"chartedValueRelationToDatum":"below","depthDatum":"Approximate LAT","depthDatumCode":42,"depthDatumStatus":"VERIFIED_FROM_OFFICIAL_DOCUMENTATION","verticalDatum":"Local Datum","verticalDatumCode":24,"napIdentityStatus":"UNVERIFIED","sourceFeatureLnam":"1F2B6A5E4FE07536","sourceCellId":"1R75W89I","sourceChecksum":"75b5e0c67f673d567bb1fae9d6aa2607be5c46177579e724278999342ef0b716","pipelineFeatureId":"1R75W89I/SOUNDG/1283117894/6","provenance":{"cellId":"1R75W89I","checksum":"75b5e0c67f673d567bb1fae9d6aa2607be5c46177579e724278999342ef0b716","readerVersion":"GDAL 3.2.2","processedAt":"2026-08-11T13:43:44.753Z"}}},{"type":"Feature","geometry":{"type":"Point","coordinates":[3.7072714,51.5170729]},"properties":{"chartedValueMetres":1,"chartedValueRelationToDatum":"below","depthDatum":"Approximate LAT","depthDatumCode":42,"depthDatumStatus":"VERIFIED_FROM_OFFICIAL_DOCUMENTATION","verticalDatum":"Local Datum","verticalDatumCode":24,"napIdentityStatus":"UNVERIFIED","sourceFeatureLnam":"1F2B6A5E4FE07536","sourceCellId":"1R75W89I","sourceChecksum":"75b5e0c67f673d567bb1fae9d6aa2607be5c46177579e724278999342ef0b716","pipelineFeatureId":"1R75W89I/SOUNDG/1283117894/7","provenance":{"cellId":"1R75W89I","checksum":"75b5e0c67f673d567bb1fae9d6aa2607be5c46177579e724278999342ef0b716","readerVersion":"GDAL 3.2.2","processedAt":"2026-08-11T13:43:44.753Z"}}},{"type":"Feature","geometry":{"type":"Point","coordinates":[3.7156762,51.5199893]},"properties":{"chartedValueMetres":1,"chartedValueRelationToDatum":"below","depthDatum":"Approximate LAT","depthDatumCode":42,"depthDatumStatus":"VERIFIED_FROM_OFFICIAL_DOCUMENTATION","verticalDatum":"Local Datum","verticalDatumCode":24,"napIdentityStatus":"UNVERIFIED","sourceFeatureLnam":"1F2B6A5E4FE07536","sourceCellId":"1R75W89I","sourceChecksum":"75b5e0c67f673d567bb1fae9d6aa2607be5c46177579e724278999342ef0b716","pipelineFeatureId":"1R75W89I/SOUNDG/1283117894/8","provenance":{"cellId":"1R75W89I","checksum":"75b5e0c67f673d567bb1fae9d6aa2607be5c46177579e724278999342ef0b716","readerVersion":"GDAL 3.2.2","processedAt":"2026-08-11T13:43:44.753Z"}}},{"type":"Feature","geometry":{"type":"Point","coordinates":[3.6988979,51.516134]},"properties":{"chartedValueMetres":1.1,"chartedValueRelationToDatum":"below","depthDatum":"Approximate LAT","depthDatumCode":42,"depthDatumStatus":"VERIFIED_FROM_OFFICIAL_DOCUMENTATION","verticalDatum":"Local Datum","verticalDatumCode":24,"napIdentityStatus":"UNVERIFIED","sourceFeatureLnam":"1F2B6A5E4FE07536","sourceCellId":"1R75W89I","sourceChecksum":"75b5e0c67f673d567bb1fae9d6aa2607be5c46177579e724278999342ef0b716","pipelineFeatureId":"1R75W89I/SOUNDG/1283117894/9","provenance":{"cellId":"1R75W89I","checksum":"75b5e0c67f673d567bb1fae9d6aa2607be5c46177579e724278999342ef0b716","readerVersion":"GDAL 3.2.2","processedAt":"2026-08-11T13:43:44.753Z"}}},{"type":"Feature","geometry":{"type":"Point","coordinates":[3.6928146,51.5236333]},"properties":{"chartedValueMetres":1.1,"chartedValueRelationToDatum":"below","depthDatum":"Approximate LAT","depthDatumCode":42,"depthDatumStatus":"VERIFIED_FROM_OFFICIAL_DOCUMENTATION","verticalDatum":"Local Datum","verticalDatumCode":24,"napIdentityStatus":"UNVERIFIED","sourceFeatureLnam":"1F2B6A5E4FE07536","sourceCellId":"1R75W89I","sourceChecksum":"75b5e0c67f673d567bb1fae9d6aa2607be5c46177579e724278999342ef0b716","pipelineFeatureId":"1R75W89I/SOUNDG/1283117894/10","provenance":{"cellId":"1R75W89I","checksum":"75b5e0c67f673d567bb1fae9d6aa2607be5c46177579e724278999342ef0b716","readerVersion":"GDAL 3.2.2","processedAt":"2026-08-11T13:43:44.753Z"}}},{"type":"Feature","geometry":{"type":"Point","coordinates":[3.7027609,51.5236641]},"properties":{"chartedValueMetres":1.2,"chartedValueRelationToDatum":"below","depthDatum":"Approximate LAT","depthDatumCode":42,"depthDatumStatus":"VERIFIED_FROM_OFFICIAL_DOCUMENTATION","verticalDatum":"Local Datum","verticalDatumCode":24,"napIdentityStatus":"UNVERIFIED","sourceFeatureLnam":"1F2B6A5E4FE07536","sourceCellId":"1R75W89I","sourceChecksum":"75b5e0c67f673d567bb1fae9d6aa2607be5c46177579e724278999342ef0b716","pipelineFeatureId":"1R75W89I/SOUNDG/1283117894/11","provenance":{"cellId":"1R75W89I","checksum":"75b5e0c67f673d567bb1fae9d6aa2607be5c46177579e724278999342ef0b716","readerVersion":"GDAL 3.2.2","processedAt":"2026-08-11T13:43:44.753Z"}}},{"type":"Feature","geometry":{"type":"Point","coordinates":[3.6934711,51.5194033]},"properties":{"chartedValueMetres":1.2,"chartedValueRelationToDatum":"below","depthDatum":"Approximate LAT","depthDatumCode":42,"depthDatumStatus":"VERIFIED_FROM_OFFICIAL_DOCUMENTATION","verticalDatum":"Local Datum","verticalDatumCode":24,"napIdentityStatus":"UNVERIFIED","sourceFeatureLnam":"1F2B6A5E4FE07536","sourceCellId":"1R75W89I","sourceChecksum":"75b5e0c67f673d567bb1fae9d6aa2607be5c46177579e724278999342ef0b716","pipelineFeatureId":"1R75W89I/SOUNDG/1283117894/12","provenance":{"cellId":"1R75W89I","checksum":"75b5e0c67f673d567bb1fae9d6aa2607be5c46177579e724278999342ef0b716","readerVersion":"GDAL 3.2.2","processedAt":"2026-08-11T13:43:44.753Z"}}},{"type":"Feature","geometry":{"type":"Point","coordinates":[3.7165889,51.5230409]},"properties":{"chartedValueMetres":1.7,"chartedValueRelationToDatum":"below","depthDatum":"Approximate LAT","depthDatumCode":42,"depthDatumStatus":"VERIFIED_FROM_OFFICIAL_DOCUMENTATION","verticalDatum":"Local Datum","verticalDatumCode":24,"napIdentityStatus":"UNVERIFIED","sourceFeatureLnam":"1F2B6A5E4FE07536","sourceCellId":"1R75W89I","sourceChecksum":"75b5e0c67f673d567bb1fae9d6aa2607be5c46177579e724278999342ef0b716","pipelineFeatureId":"1R75W89I/SOUNDG/1283117894/13","provenance":{"cellId":"1R75W89I","checksum":"75b5e0c67f673d567bb1fae9d6aa2607be5c46177579e724278999342ef0b716","readerVersion":"GDAL 3.2.2","processedAt":"2026-08-11T13:43:44.753Z"}}},{"type":"Feature","geometry":{"type":"Point","coordinates":[3.7177574,51.5240229]},"properties":{"chartedValueMetres":1.7,"chartedValueRelationToDatum":"below","depthDatum":"Approximate LAT","depthDatumCode":42,"depthDatumStatus":"VERIFIED_FROM_OFFICIAL_DOCUMENTATION","verticalDatum":"Local Datum","verticalDatumCode":24,"napIdentityStatus":"UNVERIFIED","sourceFeatureLnam":"1F2B6A5E4FE07536","sourceCellId":"1R75W89I","sourceChecksum":"75b5e0c67f673d567bb1fae9d6aa2607be5c46177579e724278999342ef0b716","pipelineFeatureId":"1R75W89I/SOUNDG/1283117894/14","provenance":{"cellId":"1R75W89I","checksum":"75b5e0c67f673d567bb1fae9d6aa2607be5c46177579e724278999342ef0b716","readerVersion":"GDAL 3.2.2","processedAt":"2026-08-11T13:43:44.753Z"}}},{"type":"Feature","geometry":{"type":"Point","coordinates":[3.7239308,51.5224564]},"properties":{"chartedValueMetres":1.8,"chartedValueRelationToDatum":"below","depthDatum":"Approximate LAT","depthDatumCode":42,"depthDatumStatus":"VERIFIED_FROM_OFFICIAL_DOCUMENTATION","verticalDatum":"Local Datum","verticalDatumCode":24,"napIdentityStatus":"UNVERIFIED","sourceFeatureLnam":"1F2B6A5E4FE07536","sourceCellId":"1R75W89I","sourceChecksum":"75b5e0c67f673d567bb1fae9d6aa2607be5c46177579e724278999342ef0b716","pipelineFeatureId":"1R75W89I/SOUNDG/1283117894/15","provenance":{"cellId":"1R75W89I","checksum":"75b5e0c67f673d567bb1fae9d6aa2607be5c46177579e724278999342ef0b716","readerVersion":"GDAL 3.2.2","processedAt":"2026-08-11T13:43:44.753Z"}}},{"type":"Feature","geometry":{"type":"Point","coordinates":[3.7223753,51.5243542]},"properties":{"chartedValueMetres":1.8,"chartedValueRelationToDatum":"below","depthDatum":"Approximate LAT","depthDatumCode":42,"depthDatumStatus":"VERIFIED_FROM_OFFICIAL_DOCUMENTATION","verticalDatum":"Local Datum","verticalDatumCode":24,"napIdentityStatus":"UNVERIFIED","sourceFeatureLnam":"1F2B6A5E4FE07536","sourceCellId":"1R75W89I","sourceChecksum":"75b5e0c67f673d567bb1fae9d6aa2607be5c46177579e724278999342ef0b716","pipelineFeatureId":"1R75W89I/SOUNDG/1283117894/16","provenance":{"cellId":"1R75W89I","checksum":"75b5e0c67f673d567bb1fae9d6aa2607be5c46177579e724278999342ef0b716","readerVersion":"GDAL 3.2.2","processedAt":"2026-08-11T13:43:44.753Z"}}},{"type":"Feature","geometry":{"type":"Point","coordinates":[3.7145823,51.5237725]},"properties":{"chartedValueMetres":1.8,"chartedValueRelationToDatum":"below","depthDatum":"Approximate LAT","depthDatumCode":42,"depthDatumStatus":"VERIFIED_FROM_OFFICIAL_DOCUMENTATION","verticalDatum":"Local Datum","verticalDatumCode":24,"napIdentityStatus":"UNVERIFIED","sourceFeatureLnam":"1F2B6A5E4FE07536","sourceCellId":"1R75W89I","sourceChecksum":"75b5e0c67f673d567bb1fae9d6aa2607be5c46177579e724278999342ef0b716","pipelineFeatureId":"1R75W89I/SOUNDG/1283117894/17","provenance":{"cellId":"1R75W89I","checksum":"75b5e0c67f673d567bb1fae9d6aa2607be5c46177579e724278999342ef0b716","readerVersion":"GDAL 3.2.2","processedAt":"2026-08-11T13:43:44.753Z"}}},{"type":"Feature","geometry":{"type":"Point","coordinates":[3.7127072,51.523694]},"properties":{"chartedValueMetres":1.8,"chartedValueRelationToDatum":"below","depthDatum":"Approximate LAT","depthDatumCode":42,"depthDatumStatus":"VERIFIED_FROM_OFFICIAL_DOCUMENTATION","verticalDatum":"Local Datum","verticalDatumCode":24,"napIdentityStatus":"UNVERIFIED","sourceFeatureLnam":"1F2B6A5E4FE07536","sourceCellId":"1R75W89I","sourceChecksum":"75b5e0c67f673d567bb1fae9d6aa2607be5c46177579e724278999342ef0b716","pipelineFeatureId":"1R75W89I/SOUNDG/1283117894/18","provenance":{"cellId":"1R75W89I","checksum":"75b5e0c67f673d567bb1fae9d6aa2607be5c46177579e724278999342ef0b716","readerVersion":"GDAL 3.2.2","processedAt":"2026-08-11T13:43:44.753Z"}}},{"type":"Feature","geometry":{"type":"Point","coordinates":[3.6966224,51.5181258]},"properties":{"chartedValueMetres":2,"chartedValueRelationToDatum":"below","depthDatum":"Approximate LAT","depthDatumCode":42,"depthDatumStatus":"VERIFIED_FROM_OFFICIAL_DOCUMENTATION","verticalDatum":"Local Datum","verticalDatumCode":24,"napIdentityStatus":"UNVERIFIED","sourceFeatureLnam":"1F2B6A5E4FE07536","sourceCellId":"1R75W89I","sourceChecksum":"75b5e0c67f673d567bb1fae9d6aa2607be5c46177579e724278999342ef0b716","pipelineFeatureId":"1R75W89I/SOUNDG/1283117894/19","provenance":{"cellId":"1R75W89I","checksum":"75b5e0c67f673d567bb1fae9d6aa2607be5c46177579e724278999342ef0b716","readerVersion":"GDAL 3.2.2","processedAt":"2026-08-11T13:43:44.753Z"}}},{"type":"Feature","geometry":{"type":"Point","coordinates":[3.711522,51.5216331]},"properties":{"chartedValueMetres":2.1,"chartedValueRelationToDatum":"below","depthDatum":"Approximate LAT","depthDatumCode":42,"depthDatumStatus":"VERIFIED_FROM_OFFICIAL_DOCUMENTATION","verticalDatum":"Local Datum","verticalDatumCode":24,"napIdentityStatus":"UNVERIFIED","sourceFeatureLnam":"1F2B6A5E4FE07536","sourceCellId":"1R75W89I","sourceChecksum":"75b5e0c67f673d567bb1fae9d6aa2607be5c46177579e724278999342ef0b716","pipelineFeatureId":"1R75W89I/SOUNDG/1283117894/20","provenance":{"cellId":"1R75W89I","checksum":"75b5e0c67f673d567bb1fae9d6aa2607be5c46177579e724278999342ef0b716","readerVersion":"GDAL 3.2.2","processedAt":"2026-08-11T13:43:44.753Z"}}},{"type":"Feature","geometry":{"type":"Point","coordinates":[3.6984849,51.5173953]},"properties":{"chartedValueMetres":2.1,"chartedValueRelationToDatum":"below","depthDatum":"Approximate LAT","depthDatumCode":42,"depthDatumStatus":"VERIFIED_FROM_OFFICIAL_DOCUMENTATION","verticalDatum":"Local Datum","verticalDatumCode":24,"napIdentityStatus":"UNVERIFIED","sourceFeatureLnam":"1F2B6A5E4FE07536","sourceCellId":"1R75W89I","sourceChecksum":"75b5e0c67f673d567bb1fae9d6aa2607be5c46177579e724278999342ef0b716","pipelineFeatureId":"1R75W89I/SOUNDG/1283117894/21","provenance":{"cellId":"1R75W89I","checksum":"75b5e0c67f673d567bb1fae9d6aa2607be5c46177579e724278999342ef0b716","readerVersion":"GDAL 3.2.2","processedAt":"2026-08-11T13:43:44.753Z"}}},{"type":"Feature","geometry":{"type":"Point","coordinates":[3.7076382,51.5128446]},"properties":{"chartedValueMetres":2.3,"chartedValueRelationToDatum":"below","depthDatum":"Approximate LAT","depthDatumCode":42,"depthDatumStatus":"VERIFIED_FROM_OFFICIAL_DOCUMENTATION","verticalDatum":"Local Datum","verticalDatumCode":24,"napIdentityStatus":"UNVERIFIED","sourceFeatureLnam":"1F2B6A5E4FE07536","sourceCellId":"1R75W89I","sourceChecksum":"75b5e0c67f673d567bb1fae9d6aa2607be5c46177579e724278999342ef0b716","pipelineFeatureId":"1R75W89I/SOUNDG/1283117894/22","provenance":{"cellId":"1R75W89I","checksum":"75b5e0c67f673d567bb1fae9d6aa2607be5c46177579e724278999342ef0b716","readerVersion":"GDAL 3.2.2","processedAt":"2026-08-11T13:43:44.753Z"}}},{"type":"Feature","geometry":{"type":"Point","coordinates":[3.6992839,51.5225159]},"properties":{"chartedValueMetres":2.4,"chartedValueRelationToDatum":"below","depthDatum":"Approximate LAT","depthDatumCode":42,"depthDatumStatus":"VERIFIED_FROM_OFFICIAL_DOCUMENTATION","verticalDatum":"Local Datum","verticalDatumCode":24,"napIdentityStatus":"UNVERIFIED","sourceFeatureLnam":"1F2B6A5E4FE07536","sourceCellId":"1R75W89I","sourceChecksum":"75b5e0c67f673d567bb1fae9d6aa2607be5c46177579e724278999342ef0b716","pipelineFeatureId":"1R75W89I/SOUNDG/1283117894/23","provenance":{"cellId":"1R75W89I","checksum":"75b5e0c67f673d567bb1fae9d6aa2607be5c46177579e724278999342ef0b716","readerVersion":"GDAL 3.2.2","processedAt":"2026-08-11T13:43:44.753Z"}}},{"type":"Feature","geometry":{"type":"Point","coordinates":[3.7025186,51.5172813]},"properties":{"chartedValueMetres":2.6,"chartedValueRelationToDatum":"below","depthDatum":"Approximate LAT","depthDatumCode":42,"depthDatumStatus":"VERIFIED_FROM_OFFICIAL_DOCUMENTATION","verticalDatum":"Local Datum","verticalDatumCode":24,"napIdentityStatus":"UNVERIFIED","sourceFeatureLnam":"1F2B6A5E4FE07536","sourceCellId":"1R75W89I","sourceChecksum":"75b5e0c67f673d567bb1fae9d6aa2607be5c46177579e724278999342ef0b716","pipelineFeatureId":"1R75W89I/SOUNDG/1283117894/24","provenance":{"cellId":"1R75W89I","checksum":"75b5e0c67f673d567bb1fae9d6aa2607be5c46177579e724278999342ef0b716","readerVersion":"GDAL 3.2.2","processedAt":"2026-08-11T13:43:44.753Z"}}},{"type":"Feature","geometry":{"type":"Point","coordinates":[3.7095057,51.5217352]},"properties":{"chartedValueMetres":2.7,"chartedValueRelationToDatum":"below","depthDatum":"Approximate LAT","depthDatumCode":42,"depthDatumStatus":"VERIFIED_FROM_OFFICIAL_DOCUMENTATION","verticalDatum":"Local Datum","verticalDatumCode":24,"napIdentityStatus":"UNVERIFIED","sourceFeatureLnam":"1F2B6A5E4FE07536","sourceCellId":"1R75W89I","sourceChecksum":"75b5e0c67f673d567bb1fae9d6aa2607be5c46177579e724278999342ef0b716","pipelineFeatureId":"1R75W89I/SOUNDG/1283117894/25","provenance":{"cellId":"1R75W89I","checksum":"75b5e0c67f673d567bb1fae9d6aa2607be5c46177579e724278999342ef0b716","readerVersion":"GDAL 3.2.2","processedAt":"2026-08-11T13:43:44.753Z"}}},{"type":"Feature","geometry":{"type":"Point","coordinates":[3.6426909,51.5058451]},"properties":{"chartedValueMetres":2.9,"chartedValueRelationToDatum":"below","depthDatum":"Approximate LAT","depthDatumCode":42,"depthDatumStatus":"VERIFIED_FROM_OFFICIAL_DOCUMENTATION","verticalDatum":"Local Datum","verticalDatumCode":24,"napIdentityStatus":"UNVERIFIED","sourceFeatureLnam":"1F2B6A5E4FE07536","sourceCellId":"1R75W89I","sourceChecksum":"75b5e0c67f673d567bb1fae9d6aa2607be5c46177579e724278999342ef0b716","pipelineFeatureId":"1R75W89I/SOUNDG/1283117894/26","provenance":{"cellId":"1R75W89I","checksum":"75b5e0c67f673d567bb1fae9d6aa2607be5c46177579e724278999342ef0b716","readerVersion":"GDAL 3.2.2","processedAt":"2026-08-11T13:43:44.753Z"}}},{"type":"Feature","geometry":{"type":"Point","coordinates":[3.6418492,51.5074682]},"properties":{"chartedValueMetres":2.9,"chartedValueRelationToDatum":"below","depthDatum":"Approximate LAT","depthDatumCode":42,"depthDatumStatus":"VERIFIED_FROM_OFFICIAL_DOCUMENTATION","verticalDatum":"Local Datum","verticalDatumCode":24,"napIdentityStatus":"UNVERIFIED","sourceFeatureLnam":"1F2B6A5E4FE07536","sourceCellId":"1R75W89I","sourceChecksum":"75b5e0c67f673d567bb1fae9d6aa2607be5c46177579e724278999342ef0b716","pipelineFeatureId":"1R75W89I/SOUNDG/1283117894/27","provenance":{"cellId":"1R75W89I","checksum":"75b5e0c67f673d567bb1fae9d6aa2607be5c46177579e724278999342ef0b716","readerVersion":"GDAL 3.2.2","processedAt":"2026-08-11T13:43:44.753Z"}}},{"type":"Feature","geometry":{"type":"Point","coordinates":[3.6280527,51.4996301]},"properties":{"chartedValueMetres":2.9,"chartedValueRelationToDatum":"below","depthDatum":"Approximate LAT","depthDatumCode":42,"depthDatumStatus":"VERIFIED_FROM_OFFICIAL_DOCUMENTATION","verticalDatum":"Local Datum","verticalDatumCode":24,"napIdentityStatus":"UNVERIFIED","sourceFeatureLnam":"1F2B6A5E4FE07536","sourceCellId":"1R75W89I","sourceChecksum":"75b5e0c67f673d567bb1fae9d6aa2607be5c46177579e724278999342ef0b716","pipelineFeatureId":"1R75W89I/SOUNDG/1283117894/28","provenance":{"cellId":"1R75W89I","checksum":"75b5e0c67f673d567bb1fae9d6aa2607be5c46177579e724278999342ef0b716","readerVersion":"GDAL 3.2.2","processedAt":"2026-08-11T13:43:44.753Z"}}},{"type":"Feature","geometry":{"type":"Point","coordinates":[3.6433052,51.5085392]},"properties":{"chartedValueMetres":2.9,"chartedValueRelationToDatum":"below","depthDatum":"Approximate LAT","depthDatumCode":42,"depthDatumStatus":"VERIFIED_FROM_OFFICIAL_DOCUMENTATION","verticalDatum":"Local Datum","verticalDatumCode":24,"napIdentityStatus":"UNVERIFIED","sourceFeatureLnam":"1F2B6A5E4FE07536","sourceCellId":"1R75W89I","sourceChecksum":"75b5e0c67f673d567bb1fae9d6aa2607be5c46177579e724278999342ef0b716","pipelineFeatureId":"1R75W89I/SOUNDG/1283117894/29","provenance":{"cellId":"1R75W89I","checksum":"75b5e0c67f673d567bb1fae9d6aa2607be5c46177579e724278999342ef0b716","readerVersion":"GDAL 3.2.2","processedAt":"2026-08-11T13:43:44.753Z"}}},{"type":"Feature","geometry":{"type":"Point","coordinates":[3.6325396,51.5011346]},"properties":{"chartedValueMetres":2.9,"chartedValueRelationToDatum":"below","depthDatum":"Approximate LAT","depthDatumCode":42,"depthDatumStatus":"VERIFIED_FROM_OFFICIAL_DOCUMENTATION","verticalDatum":"Local Datum","verticalDatumCode":24,"napIdentityStatus":"UNVERIFIED","sourceFeatureLnam":"1F2B6A5E4FE07536","sourceCellId":"1R75W89I","sourceChecksum":"75b5e0c67f673d567bb1fae9d6aa2607be5c46177579e724278999342ef0b716","pipelineFeatureId":"1R75W89I/SOUNDG/1283117894/30","provenance":{"cellId":"1R75W89I","checksum":"75b5e0c67f673d567bb1fae9d6aa2607be5c46177579e724278999342ef0b716","readerVersion":"GDAL 3.2.2","processedAt":"2026-08-11T13:43:44.753Z"}}},{"type":"Feature","geometry":{"type":"Point","coordinates":[3.6215421,51.4975966]},"properties":{"chartedValueMetres":2.9,"chartedValueRelationToDatum":"below","depthDatum":"Approximate LAT","depthDatumCode":42,"depthDatumStatus":"VERIFIED_FROM_OFFICIAL_DOCUMENTATION","verticalDatum":"Local Datum","verticalDatumCode":24,"napIdentityStatus":"UNVERIFIED","sourceFeatureLnam":"1F2B6A5E4FE07536","sourceCellId":"1R75W89I","sourceChecksum":"75b5e0c67f673d567bb1fae9d6aa2607be5c46177579e724278999342ef0b716","pipelineFeatureId":"1R75W89I/SOUNDG/1283117894/31","provenance":{"cellId":"1R75W89I","checksum":"75b5e0c67f673d567bb1fae9d6aa2607be5c46177579e724278999342ef0b716","readerVersion":"GDAL 3.2.2","processedAt":"2026-08-11T13:43:44.753Z"}}},{"type":"Feature","geometry":{"type":"Point","coordinates":[3.6082045,51.4912823]},"properties":{"chartedValueMetres":3,"chartedValueRelationToDatum":"below","depthDatum":"Approximate LAT","depthDatumCode":42,"depthDatumStatus":"VERIFIED_FROM_OFFICIAL_DOCUMENTATION","verticalDatum":"Local Datum","verticalDatumCode":24,"napIdentityStatus":"UNVERIFIED","sourceFeatureLnam":"1F2B6A5E4FE07536","sourceCellId":"1R75W89I","sourceChecksum":"75b5e0c67f673d567bb1fae9d6aa2607be5c46177579e724278999342ef0b716","pipelineFeatureId":"1R75W89I/SOUNDG/1283117894/32","provenance":{"cellId":"1R75W89I","checksum":"75b5e0c67f673d567bb1fae9d6aa2607be5c46177579e724278999342ef0b716","readerVersion":"GDAL 3.2.2","processedAt":"2026-08-11T13:43:44.753Z"}}},{"type":"Feature","geometry":{"type":"Point","coordinates":[3.6244268,51.497851]},"properties":{"chartedValueMetres":3,"chartedValueRelationToDatum":"below","depthDatum":"Approximate LAT","depthDatumCode":42,"depthDatumStatus":"VERIFIED_FROM_OFFICIAL_DOCUMENTATION","verticalDatum":"Local Datum","verticalDatumCode":24,"napIdentityStatus":"UNVERIFIED","sourceFeatureLnam":"1F2B6A5E4FE07536","sourceCellId":"1R75W89I","sourceChecksum":"75b5e0c67f673d567bb1fae9d6aa2607be5c46177579e724278999342ef0b716","pipelineFeatureId":"1R75W89I/SOUNDG/1283117894/33","provenance":{"cellId":"1R75W89I","checksum":"75b5e0c67f673d567bb1fae9d6aa2607be5c46177579e724278999342ef0b716","readerVersion":"GDAL 3.2.2","processedAt":"2026-08-11T13:43:44.753Z"}}},{"type":"Feature","geometry":{"type":"Point","coordinates":[3.6031936,51.482676]},"properties":{"chartedValueMetres":3,"chartedValueRelationToDatum":"below","depthDatum":"Approximate LAT","depthDatumCode":42,"depthDatumStatus":"VERIFIED_FROM_OFFICIAL_DOCUMENTATION","verticalDatum":"Local Datum","verticalDatumCode":24,"napIdentityStatus":"UNVERIFIED","sourceFeatureLnam":"1F2B6A5E4FE07536","sourceCellId":"1R75W89I","sourceChecksum":"75b5e0c67f673d567bb1fae9d6aa2607be5c46177579e724278999342ef0b716","pipelineFeatureId":"1R75W89I/SOUNDG/1283117894/34","provenance":{"cellId":"1R75W89I","checksum":"75b5e0c67f673d567bb1fae9d6aa2607be5c46177579e724278999342ef0b716","readerVersion":"GDAL 3.2.2","processedAt":"2026-08-11T13:43:44.753Z"}}},{"type":"Feature","geometry":{"type":"Point","coordinates":[3.6071665,51.4890397]},"properties":{"chartedValueMetres":3,"chartedValueRelationToDatum":"below","depthDatum":"Approximate LAT","depthDatumCode":42,"depthDatumStatus":"VERIFIED_FROM_OFFICIAL_DOCUMENTATION","verticalDatum":"Local Datum","verticalDatumCode":24,"napIdentityStatus":"UNVERIFIED","sourceFeatureLnam":"1F2B6A5E4FE07536","sourceCellId":"1R75W89I","sourceChecksum":"75b5e0c67f673d567bb1fae9d6aa2607be5c46177579e724278999342ef0b716","pipelineFeatureId":"1R75W89I/SOUNDG/1283117894/35","provenance":{"cellId":"1R75W89I","checksum":"75b5e0c67f673d567bb1fae9d6aa2607be5c46177579e724278999342ef0b716","readerVersion":"GDAL 3.2.2","processedAt":"2026-08-11T13:43:44.753Z"}}},{"type":"Feature","geometry":{"type":"Point","coordinates":[3.6949834,51.5240701]},"properties":{"chartedValueMetres":3.1,"chartedValueRelationToDatum":"below","depthDatum":"Approximate LAT","depthDatumCode":42,"depthDatumStatus":"VERIFIED_FROM_OFFICIAL_DOCUMENTATION","verticalDatum":"Local Datum","verticalDatumCode":24,"napIdentityStatus":"UNVERIFIED","sourceFeatureLnam":"1F2B6A5E4FE07536","sourceCellId":"1R75W89I","sourceChecksum":"75b5e0c67f673d567bb1fae9d6aa2607be5c46177579e724278999342ef0b716","pipelineFeatureId":"1R75W89I/SOUNDG/1283117894/36","provenance":{"cellId":"1R75W89I","checksum":"75b5e0c67f673d567bb1fae9d6aa2607be5c46177579e724278999342ef0b716","readerVersion":"GDAL 3.2.2","processedAt":"2026-08-11T13:43:44.753Z"}}},{"type":"Feature","geometry":{"type":"Point","coordinates":[3.6037862,51.4839318]},"properties":{"chartedValueMetres":3.1,"chartedValueRelationToDatum":"below","depthDatum":"Approximate LAT","depthDatumCode":42,"depthDatumStatus":"VERIFIED_FROM_OFFICIAL_DOCUMENTATION","verticalDatum":"Local Datum","verticalDatumCode":24,"napIdentityStatus":"UNVERIFIED","sourceFeatureLnam":"1F2B6A5E4FE07536","sourceCellId":"1R75W89I","sourceChecksum":"75b5e0c67f673d567bb1fae9d6aa2607be5c46177579e724278999342ef0b716","pipelineFeatureId":"1R75W89I/SOUNDG/1283117894/37","provenance":{"cellId":"1R75W89I","checksum":"75b5e0c67f673d567bb1fae9d6aa2607be5c46177579e724278999342ef0b716","readerVersion":"GDAL 3.2.2","processedAt":"2026-08-11T13:43:44.753Z"}}},{"type":"Feature","geometry":{"type":"Point","coordinates":[3.6006664,51.4766644]},"properties":{"chartedValueMetres":3.2,"chartedValueRelationToDatum":"below","depthDatum":"Approximate LAT","depthDatumCode":42,"depthDatumStatus":"VERIFIED_FROM_OFFICIAL_DOCUMENTATION","verticalDatum":"Local Datum","verticalDatumCode":24,"napIdentityStatus":"UNVERIFIED","sourceFeatureLnam":"1F2B6A5E4FE07536","sourceCellId":"1R75W89I","sourceChecksum":"75b5e0c67f673d567bb1fae9d6aa2607be5c46177579e724278999342ef0b716","pipelineFeatureId":"1R75W89I/SOUNDG/1283117894/38","provenance":{"cellId":"1R75W89I","checksum":"75b5e0c67f673d567bb1fae9d6aa2607be5c46177579e724278999342ef0b716","readerVersion":"GDAL 3.2.2","processedAt":"2026-08-11T13:43:44.753Z"}}},{"type":"Feature","geometry":{"type":"Point","coordinates":[3.7049934,51.518885]},"properties":{"chartedValueMetres":3.4,"chartedValueRelationToDatum":"below","depthDatum":"Approximate LAT","depthDatumCode":42,"depthDatumStatus":"VERIFIED_FROM_OFFICIAL_DOCUMENTATION","verticalDatum":"Local Datum","verticalDatumCode":24,"napIdentityStatus":"UNVERIFIED","sourceFeatureLnam":"1F2B6A5E4FE07536","sourceCellId":"1R75W89I","sourceChecksum":"75b5e0c67f673d567bb1fae9d6aa2607be5c46177579e724278999342ef0b716","pipelineFeatureId":"1R75W89I/SOUNDG/1283117894/39","provenance":{"cellId":"1R75W89I","checksum":"75b5e0c67f673d567bb1fae9d6aa2607be5c46177579e724278999342ef0b716","readerVersion":"GDAL 3.2.2","processedAt":"2026-08-11T13:43:44.753Z"}}},{"type":"Feature","geometry":{"type":"Point","coordinates":[3.6630976,51.5220067]},"properties":{"chartedValueMetres":3.4,"chartedValueRelationToDatum":"below","depthDatum":"Approximate LAT","depthDatumCode":42,"depthDatumStatus":"VERIFIED_FROM_OFFICIAL_DOCUMENTATION","verticalDatum":"Local Datum","verticalDatumCode":24,"napIdentityStatus":"UNVERIFIED","sourceFeatureLnam":"1F2B6A5E4FE07536","sourceCellId":"1R75W89I","sourceChecksum":"75b5e0c67f673d567bb1fae9d6aa2607be5c46177579e724278999342ef0b716","pipelineFeatureId":"1R75W89I/SOUNDG/1283117894/40","provenance":{"cellId":"1R75W89I","checksum":"75b5e0c67f673d567bb1fae9d6aa2607be5c46177579e724278999342ef0b716","readerVersion":"GDAL 3.2.2","processedAt":"2026-08-11T13:43:44.753Z"}}},{"type":"Feature","geometry":{"type":"Point","coordinates":[3.7073285,51.5207593]},"properties":{"chartedValueMetres":3.5,"chartedValueRelationToDatum":"below","depthDatum":"Approximate LAT","depthDatumCode":42,"depthDatumStatus":"VERIFIED_FROM_OFFICIAL_DOCUMENTATION","verticalDatum":"Local Datum","verticalDatumCode":24,"napIdentityStatus":"UNVERIFIED","sourceFeatureLnam":"1F2B6A5E4FE07536","sourceCellId":"1R75W89I","sourceChecksum":"75b5e0c67f673d567bb1fae9d6aa2607be5c46177579e724278999342ef0b716","pipelineFeatureId":"1R75W89I/SOUNDG/1283117894/41","provenance":{"cellId":"1R75W89I","checksum":"75b5e0c67f673d567bb1fae9d6aa2607be5c46177579e724278999342ef0b716","readerVersion":"GDAL 3.2.2","processedAt":"2026-08-11T13:43:44.753Z"}}},{"type":"Feature","geometry":{"type":"Point","coordinates":[3.7108504,51.5247843]},"properties":{"chartedValueMetres":3.5,"chartedValueRelationToDatum":"below","depthDatum":"Approximate LAT","depthDatumCode":42,"depthDatumStatus":"VERIFIED_FROM_OFFICIAL_DOCUMENTATION","verticalDatum":"Local Datum","verticalDatumCode":24,"napIdentityStatus":"UNVERIFIED","sourceFeatureLnam":"1F2B6A5E4FE07536","sourceCellId":"1R75W89I","sourceChecksum":"75b5e0c67f673d567bb1fae9d6aa2607be5c46177579e724278999342ef0b716","pipelineFeatureId":"1R75W89I/SOUNDG/1283117894/42","provenance":{"cellId":"1R75W89I","checksum":"75b5e0c67f673d567bb1fae9d6aa2607be5c46177579e724278999342ef0b716","readerVersion":"GDAL 3.2.2","processedAt":"2026-08-11T13:43:44.753Z"}}},{"type":"Feature","geometry":{"type":"Point","coordinates":[3.7086074,51.5195826]},"properties":{"chartedValueMetres":3.6,"chartedValueRelationToDatum":"below","depthDatum":"Approximate LAT","depthDatumCode":42,"depthDatumStatus":"VERIFIED_FROM_OFFICIAL_DOCUMENTATION","verticalDatum":"Local Datum","verticalDatumCode":24,"napIdentityStatus":"UNVERIFIED","sourceFeatureLnam":"1F2B6A5E4FE07536","sourceCellId":"1R75W89I","sourceChecksum":"75b5e0c67f673d567bb1fae9d6aa2607be5c46177579e724278999342ef0b716","pipelineFeatureId":"1R75W89I/SOUNDG/1283117894/43","provenance":{"cellId":"1R75W89I","checksum":"75b5e0c67f673d567bb1fae9d6aa2607be5c46177579e724278999342ef0b716","readerVersion":"GDAL 3.2.2","processedAt":"2026-08-11T13:43:44.753Z"}}},{"type":"Feature","geometry":{"type":"Point","coordinates":[3.720202,51.5236482]},"properties":{"chartedValueMetres":3.7,"chartedValueRelationToDatum":"below","depthDatum":"Approximate LAT","depthDatumCode":42,"depthDatumStatus":"VERIFIED_FROM_OFFICIAL_DOCUMENTATION","verticalDatum":"Local Datum","verticalDatumCode":24,"napIdentityStatus":"UNVERIFIED","sourceFeatureLnam":"1F2B6A5E4FE07536","sourceCellId":"1R75W89I","sourceChecksum":"75b5e0c67f673d567bb1fae9d6aa2607be5c46177579e724278999342ef0b716","pipelineFeatureId":"1R75W89I/SOUNDG/1283117894/44","provenance":{"cellId":"1R75W89I","checksum":"75b5e0c67f673d567bb1fae9d6aa2607be5c46177579e724278999342ef0b716","readerVersion":"GDAL 3.2.2","processedAt":"2026-08-11T13:43:44.753Z"}}},{"type":"Feature","geometry":{"type":"Point","coordinates":[3.7048715,51.5203245]},"properties":{"chartedValueMetres":3.8,"chartedValueRelationToDatum":"below","depthDatum":"Approximate LAT","depthDatumCode":42,"depthDatumStatus":"VERIFIED_FROM_OFFICIAL_DOCUMENTATION","verticalDatum":"Local Datum","verticalDatumCode":24,"napIdentityStatus":"UNVERIFIED","sourceFeatureLnam":"1F2B6A5E4FE07536","sourceCellId":"1R75W89I","sourceChecksum":"75b5e0c67f673d567bb1fae9d6aa2607be5c46177579e724278999342ef0b716","pipelineFeatureId":"1R75W89I/SOUNDG/1283117894/45","provenance":{"cellId":"1R75W89I","checksum":"75b5e0c67f673d567bb1fae9d6aa2607be5c46177579e724278999342ef0b716","readerVersion":"GDAL 3.2.2","processedAt":"2026-08-11T13:43:44.753Z"}}},{"type":"Feature","geometry":{"type":"Point","coordinates":[3.7079454,51.5233632]},"properties":{"chartedValueMetres":4.7,"chartedValueRelationToDatum":"below","depthDatum":"Approximate LAT","depthDatumCode":42,"depthDatumStatus":"VERIFIED_FROM_OFFICIAL_DOCUMENTATION","verticalDatum":"Local Datum","verticalDatumCode":24,"napIdentityStatus":"UNVERIFIED","sourceFeatureLnam":"1F2B6A5E4FE07536","sourceCellId":"1R75W89I","sourceChecksum":"75b5e0c67f673d567bb1fae9d6aa2607be5c46177579e724278999342ef0b716","pipelineFeatureId":"1R75W89I/SOUNDG/1283117894/46","provenance":{"cellId":"1R75W89I","checksum":"75b5e0c67f673d567bb1fae9d6aa2607be5c46177579e724278999342ef0b716","readerVersion":"GDAL 3.2.2","processedAt":"2026-08-11T13:43:44.753Z"}}},{"type":"Feature","geometry":{"type":"Point","coordinates":[3.6251692,51.4994656]},"properties":{"chartedValueMetres":5.1,"chartedValueRelationToDatum":"below","depthDatum":"Approximate LAT","depthDatumCode":42,"depthDatumStatus":"VERIFIED_FROM_OFFICIAL_DOCUMENTATION","verticalDatum":"Local Datum","verticalDatumCode":24,"napIdentityStatus":"UNVERIFIED","sourceFeatureLnam":"1F2B6A5E4FE07536","sourceCellId":"1R75W89I","sourceChecksum":"75b5e0c67f673d567bb1fae9d6aa2607be5c46177579e724278999342ef0b716","pipelineFeatureId":"1R75W89I/SOUNDG/1283117894/47","provenance":{"cellId":"1R75W89I","checksum":"75b5e0c67f673d567bb1fae9d6aa2607be5c46177579e724278999342ef0b716","readerVersion":"GDAL 3.2.2","processedAt":"2026-08-11T13:43:44.753Z"}}},{"type":"Feature","geometry":{"type":"Point","coordinates":[3.7027125,51.5205172]},"properties":{"chartedValueMetres":5.1,"chartedValueRelationToDatum":"below","depthDatum":"Approximate LAT","depthDatumCode":42,"depthDatumStatus":"VERIFIED_FROM_OFFICIAL_DOCUMENTATION","verticalDatum":"Local Datum","verticalDatumCode":24,"napIdentityStatus":"UNVERIFIED","sourceFeatureLnam":"1F2B6A5E4FE07536","sourceCellId":"1R75W89I","sourceChecksum":"75b5e0c67f673d567bb1fae9d6aa2607be5c46177579e724278999342ef0b716","pipelineFeatureId":"1R75W89I/SOUNDG/1283117894/48","provenance":{"cellId":"1R75W89I","checksum":"75b5e0c67f673d567bb1fae9d6aa2607be5c46177579e724278999342ef0b716","readerVersion":"GDAL 3.2.2","processedAt":"2026-08-11T13:43:44.753Z"}}},{"type":"Feature","geometry":{"type":"Point","coordinates":[3.7054035,51.5174439]},"properties":{"chartedValueMetres":5.3,"chartedValueRelationToDatum":"below","depthDatum":"Approximate LAT","depthDatumCode":42,"depthDatumStatus":"VERIFIED_FROM_OFFICIAL_DOCUMENTATION","verticalDatum":"Local Datum","verticalDatumCode":24,"napIdentityStatus":"UNVERIFIED","sourceFeatureLnam":"1F2B6A5E4FE07536","sourceCellId":"1R75W89I","sourceChecksum":"75b5e0c67f673d567bb1fae9d6aa2607be5c46177579e724278999342ef0b716","pipelineFeatureId":"1R75W89I/SOUNDG/1283117894/49","provenance":{"cellId":"1R75W89I","checksum":"75b5e0c67f673d567bb1fae9d6aa2607be5c46177579e724278999342ef0b716","readerVersion":"GDAL 3.2.2","processedAt":"2026-08-11T13:43:44.753Z"}}},{"type":"Feature","geometry":{"type":"Point","coordinates":[3.6999632,51.5198143]},"properties":{"chartedValueMetres":5.7,"chartedValueRelationToDatum":"below","depthDatum":"Approximate LAT","depthDatumCode":42,"depthDatumStatus":"VERIFIED_FROM_OFFICIAL_DOCUMENTATION","verticalDatum":"Local Datum","verticalDatumCode":24,"napIdentityStatus":"UNVERIFIED","sourceFeatureLnam":"1F2B6A5E4FE07536","sourceCellId":"1R75W89I","sourceChecksum":"75b5e0c67f673d567bb1fae9d6aa2607be5c46177579e724278999342ef0b716","pipelineFeatureId":"1R75W89I/SOUNDG/1283117894/50","provenance":{"cellId":"1R75W89I","checksum":"75b5e0c67f673d567bb1fae9d6aa2607be5c46177579e724278999342ef0b716","readerVersion":"GDAL 3.2.2","processedAt":"2026-08-11T13:43:44.753Z"}}},{"type":"Feature","geometry":{"type":"Point","coordinates":[3.713236,51.5206336]},"properties":{"chartedValueMetres":5.9,"chartedValueRelationToDatum":"below","depthDatum":"Approximate LAT","depthDatumCode":42,"depthDatumStatus":"VERIFIED_FROM_OFFICIAL_DOCUMENTATION","verticalDatum":"Local Datum","verticalDatumCode":24,"napIdentityStatus":"UNVERIFIED","sourceFeatureLnam":"1F2B6A5E4FE07536","sourceCellId":"1R75W89I","sourceChecksum":"75b5e0c67f673d567bb1fae9d6aa2607be5c46177579e724278999342ef0b716","pipelineFeatureId":"1R75W89I/SOUNDG/1283117894/51","provenance":{"cellId":"1R75W89I","checksum":"75b5e0c67f673d567bb1fae9d6aa2607be5c46177579e724278999342ef0b716","readerVersion":"GDAL 3.2.2","processedAt":"2026-08-11T13:43:44.753Z"}}},{"type":"Feature","geometry":{"type":"Point","coordinates":[3.7122047,51.5192011]},"properties":{"chartedValueMetres":6.1,"chartedValueRelationToDatum":"below","depthDatum":"Approximate LAT","depthDatumCode":42,"depthDatumStatus":"VERIFIED_FROM_OFFICIAL_DOCUMENTATION","verticalDatum":"Local Datum","verticalDatumCode":24,"napIdentityStatus":"UNVERIFIED","sourceFeatureLnam":"1F2B6A5E4FE07536","sourceCellId":"1R75W89I","sourceChecksum":"75b5e0c67f673d567bb1fae9d6aa2607be5c46177579e724278999342ef0b716","pipelineFeatureId":"1R75W89I/SOUNDG/1283117894/52","provenance":{"cellId":"1R75W89I","checksum":"75b5e0c67f673d567bb1fae9d6aa2607be5c46177579e724278999342ef0b716","readerVersion":"GDAL 3.2.2","processedAt":"2026-08-11T13:43:44.753Z"}}},{"type":"Feature","geometry":{"type":"Point","coordinates":[3.6974322,51.5239657]},"properties":{"chartedValueMetres":6.2,"chartedValueRelationToDatum":"below","depthDatum":"Approximate LAT","depthDatumCode":42,"depthDatumStatus":"VERIFIED_FROM_OFFICIAL_DOCUMENTATION","verticalDatum":"Local Datum","verticalDatumCode":24,"napIdentityStatus":"UNVERIFIED","sourceFeatureLnam":"1F2B6A5E4FE07536","sourceCellId":"1R75W89I","sourceChecksum":"75b5e0c67f673d567bb1fae9d6aa2607be5c46177579e724278999342ef0b716","pipelineFeatureId":"1R75W89I/SOUNDG/1283117894/53","provenance":{"cellId":"1R75W89I","checksum":"75b5e0c67f673d567bb1fae9d6aa2607be5c46177579e724278999342ef0b716","readerVersion":"GDAL 3.2.2","processedAt":"2026-08-11T13:43:44.753Z"}}},{"type":"Feature","geometry":{"type":"Point","coordinates":[3.7103214,51.5185831]},"properties":{"chartedValueMetres":6.5,"chartedValueRelationToDatum":"below","depthDatum":"Approximate LAT","depthDatumCode":42,"depthDatumStatus":"VERIFIED_FROM_OFFICIAL_DOCUMENTATION","verticalDatum":"Local Datum","verticalDatumCode":24,"napIdentityStatus":"UNVERIFIED","sourceFeatureLnam":"1F2B6A5E4FE07536","sourceCellId":"1R75W89I","sourceChecksum":"75b5e0c67f673d567bb1fae9d6aa2607be5c46177579e724278999342ef0b716","pipelineFeatureId":"1R75W89I/SOUNDG/1283117894/54","provenance":{"cellId":"1R75W89I","checksum":"75b5e0c67f673d567bb1fae9d6aa2607be5c46177579e724278999342ef0b716","readerVersion":"GDAL 3.2.2","processedAt":"2026-08-11T13:43:44.753Z"}}},{"type":"Feature","geometry":{"type":"Point","coordinates":[3.7076376,51.5221062]},"properties":{"chartedValueMetres":6.5,"chartedValueRelationToDatum":"below","depthDatum":"Approximate LAT","depthDatumCode":42,"depthDatumStatus":"VERIFIED_FROM_OFFICIAL_DOCUMENTATION","verticalDatum":"Local Datum","verticalDatumCode":24,"napIdentityStatus":"UNVERIFIED","sourceFeatureLnam":"1F2B6A5E4FE07536","sourceCellId":"1R75W89I","sourceChecksum":"75b5e0c67f673d567bb1fae9d6aa2607be5c46177579e724278999342ef0b716","pipelineFeatureId":"1R75W89I/SOUNDG/1283117894/55","provenance":{"cellId":"1R75W89I","checksum":"75b5e0c67f673d567bb1fae9d6aa2607be5c46177579e724278999342ef0b716","readerVersion":"GDAL 3.2.2","processedAt":"2026-08-11T13:43:44.753Z"}}},{"type":"Feature","geometry":{"type":"Point","coordinates":[3.6953898,51.5223593]},"properties":{"chartedValueMetres":6.6,"chartedValueRelationToDatum":"below","depthDatum":"Approximate LAT","depthDatumCode":42,"depthDatumStatus":"VERIFIED_FROM_OFFICIAL_DOCUMENTATION","verticalDatum":"Local Datum","verticalDatumCode":24,"napIdentityStatus":"UNVERIFIED","sourceFeatureLnam":"1F2B6A5E4FE07536","sourceCellId":"1R75W89I","sourceChecksum":"75b5e0c67f673d567bb1fae9d6aa2607be5c46177579e724278999342ef0b716","pipelineFeatureId":"1R75W89I/SOUNDG/1283117894/56","provenance":{"cellId":"1R75W89I","checksum":"75b5e0c67f673d567bb1fae9d6aa2607be5c46177579e724278999342ef0b716","readerVersion":"GDAL 3.2.2","processedAt":"2026-08-11T13:43:44.753Z"}}},{"type":"Feature","geometry":{"type":"Point","coordinates":[3.7056254,51.522478]},"properties":{"chartedValueMetres":6.7,"chartedValueRelationToDatum":"below","depthDatum":"Approximate LAT","depthDatumCode":42,"depthDatumStatus":"VERIFIED_FROM_OFFICIAL_DOCUMENTATION","verticalDatum":"Local Datum","verticalDatumCode":24,"napIdentityStatus":"UNVERIFIED","sourceFeatureLnam":"1F2B6A5E4FE07536","sourceCellId":"1R75W89I","sourceChecksum":"75b5e0c67f673d567bb1fae9d6aa2607be5c46177579e724278999342ef0b716","pipelineFeatureId":"1R75W89I/SOUNDG/1283117894/57","provenance":{"cellId":"1R75W89I","checksum":"75b5e0c67f673d567bb1fae9d6aa2607be5c46177579e724278999342ef0b716","readerVersion":"GDAL 3.2.2","processedAt":"2026-08-11T13:43:44.753Z"}}},{"type":"Feature","geometry":{"type":"Point","coordinates":[3.698091,51.5199154]},"properties":{"chartedValueMetres":7,"chartedValueRelationToDatum":"below","depthDatum":"Approximate LAT","depthDatumCode":42,"depthDatumStatus":"VERIFIED_FROM_OFFICIAL_DOCUMENTATION","verticalDatum":"Local Datum","verticalDatumCode":24,"napIdentityStatus":"UNVERIFIED","sourceFeatureLnam":"1F2B6A5E4FE07536","sourceCellId":"1R75W89I","sourceChecksum":"75b5e0c67f673d567bb1fae9d6aa2607be5c46177579e724278999342ef0b716","pipelineFeatureId":"1R75W89I/SOUNDG/1283117894/58","provenance":{"cellId":"1R75W89I","checksum":"75b5e0c67f673d567bb1fae9d6aa2607be5c46177579e724278999342ef0b716","readerVersion":"GDAL 3.2.2","processedAt":"2026-08-11T13:43:44.753Z"}}},{"type":"Feature","geometry":{"type":"Point","coordinates":[3.7056491,51.5240064]},"properties":{"chartedValueMetres":7.2,"chartedValueRelationToDatum":"below","depthDatum":"Approximate LAT","depthDatumCode":42,"depthDatumStatus":"VERIFIED_FROM_OFFICIAL_DOCUMENTATION","verticalDatum":"Local Datum","verticalDatumCode":24,"napIdentityStatus":"UNVERIFIED","sourceFeatureLnam":"1F2B6A5E4FE07536","sourceCellId":"1R75W89I","sourceChecksum":"75b5e0c67f673d567bb1fae9d6aa2607be5c46177579e724278999342ef0b716","pipelineFeatureId":"1R75W89I/SOUNDG/1283117894/59","provenance":{"cellId":"1R75W89I","checksum":"75b5e0c67f673d567bb1fae9d6aa2607be5c46177579e724278999342ef0b716","readerVersion":"GDAL 3.2.2","processedAt":"2026-08-11T13:43:44.753Z"}}},{"type":"Feature","geometry":{"type":"Point","coordinates":[3.7082969,51.5181458]},"properties":{"chartedValueMetres":7.5,"chartedValueRelationToDatum":"below","depthDatum":"Approximate LAT","depthDatumCode":42,"depthDatumStatus":"VERIFIED_FROM_OFFICIAL_DOCUMENTATION","verticalDatum":"Local Datum","verticalDatumCode":24,"napIdentityStatus":"UNVERIFIED","sourceFeatureLnam":"1F2B6A5E4FE07536","sourceCellId":"1R75W89I","sourceChecksum":"75b5e0c67f673d567bb1fae9d6aa2607be5c46177579e724278999342ef0b716","pipelineFeatureId":"1R75W89I/SOUNDG/1283117894/60","provenance":{"cellId":"1R75W89I","checksum":"75b5e0c67f673d567bb1fae9d6aa2607be5c46177579e724278999342ef0b716","readerVersion":"GDAL 3.2.2","processedAt":"2026-08-11T13:43:44.753Z"}}},{"type":"Feature","geometry":{"type":"Point","coordinates":[3.700943,51.5179202]},"properties":{"chartedValueMetres":7.9,"chartedValueRelationToDatum":"below","depthDatum":"Approximate LAT","depthDatumCode":42,"depthDatumStatus":"VERIFIED_FROM_OFFICIAL_DOCUMENTATION","verticalDatum":"Local Datum","verticalDatumCode":24,"napIdentityStatus":"UNVERIFIED","sourceFeatureLnam":"1F2B6A5E4FE07536","sourceCellId":"1R75W89I","sourceChecksum":"75b5e0c67f673d567bb1fae9d6aa2607be5c46177579e724278999342ef0b716","pipelineFeatureId":"1R75W89I/SOUNDG/1283117894/61","provenance":{"cellId":"1R75W89I","checksum":"75b5e0c67f673d567bb1fae9d6aa2607be5c46177579e724278999342ef0b716","readerVersion":"GDAL 3.2.2","processedAt":"2026-08-11T13:43:44.753Z"}}},{"type":"Feature","geometry":{"type":"Point","coordinates":[3.6959443,51.5209173]},"properties":{"chartedValueMetres":8.1,"chartedValueRelationToDatum":"below","depthDatum":"Approximate LAT","depthDatumCode":42,"depthDatumStatus":"VERIFIED_FROM_OFFICIAL_DOCUMENTATION","verticalDatum":"Local Datum","verticalDatumCode":24,"napIdentityStatus":"UNVERIFIED","sourceFeatureLnam":"1F2B6A5E4FE07536","sourceCellId":"1R75W89I","sourceChecksum":"75b5e0c67f673d567bb1fae9d6aa2607be5c46177579e724278999342ef0b716","pipelineFeatureId":"1R75W89I/SOUNDG/1283117894/62","provenance":{"cellId":"1R75W89I","checksum":"75b5e0c67f673d567bb1fae9d6aa2607be5c46177579e724278999342ef0b716","readerVersion":"GDAL 3.2.2","processedAt":"2026-08-11T13:43:44.753Z"}}},{"type":"Feature","geometry":{"type":"Point","coordinates":[3.6989378,51.5187414]},"properties":{"chartedValueMetres":8.8,"chartedValueRelationToDatum":"below","depthDatum":"Approximate LAT","depthDatumCode":42,"depthDatumStatus":"VERIFIED_FROM_OFFICIAL_DOCUMENTATION","verticalDatum":"Local Datum","verticalDatumCode":24,"napIdentityStatus":"UNVERIFIED","sourceFeatureLnam":"1F2B6A5E4FE07536","sourceCellId":"1R75W89I","sourceChecksum":"75b5e0c67f673d567bb1fae9d6aa2607be5c46177579e724278999342ef0b716","pipelineFeatureId":"1R75W89I/SOUNDG/1283117894/63","provenance":{"cellId":"1R75W89I","checksum":"75b5e0c67f673d567bb1fae9d6aa2607be5c46177579e724278999342ef0b716","readerVersion":"GDAL 3.2.2","processedAt":"2026-08-11T13:43:44.753Z"}}},{"type":"Feature","geometry":{"type":"Point","coordinates":[3.6935107,51.5220107]},"properties":{"chartedValueMetres":10,"chartedValueRelationToDatum":"below","depthDatum":"Approximate LAT","depthDatumCode":42,"depthDatumStatus":"VERIFIED_FROM_OFFICIAL_DOCUMENTATION","verticalDatum":"Local Datum","verticalDatumCode":24,"napIdentityStatus":"UNVERIFIED","sourceFeatureLnam":"1F2B6A5E4FE07536","sourceCellId":"1R75W89I","sourceChecksum":"75b5e0c67f673d567bb1fae9d6aa2607be5c46177579e724278999342ef0b716","pipelineFeatureId":"1R75W89I/SOUNDG/1283117894/64","provenance":{"cellId":"1R75W89I","checksum":"75b5e0c67f673d567bb1fae9d6aa2607be5c46177579e724278999342ef0b716","readerVersion":"GDAL 3.2.2","processedAt":"2026-08-11T13:43:44.753Z"}}},{"type":"Feature","geometry":{"type":"Point","coordinates":[3.7024589,51.475919]},"properties":{"chartedValueMetres":10.6,"chartedValueRelationToDatum":"below","depthDatum":"Approximate LAT","depthDatumCode":42,"depthDatumStatus":"VERIFIED_FROM_OFFICIAL_DOCUMENTATION","verticalDatum":"Local Datum","verticalDatumCode":24,"napIdentityStatus":"UNVERIFIED","sourceFeatureLnam":"1F2B6A5E4FE07536","sourceCellId":"1R75W89I","sourceChecksum":"75b5e0c67f673d567bb1fae9d6aa2607be5c46177579e724278999342ef0b716","pipelineFeatureId":"1R75W89I/SOUNDG/1283117894/65","provenance":{"cellId":"1R75W89I","checksum":"75b5e0c67f673d567bb1fae9d6aa2607be5c46177579e724278999342ef0b716","readerVersion":"GDAL 3.2.2","processedAt":"2026-08-11T13:43:44.753Z"}}},{"type":"Feature","geometry":{"type":"Point","coordinates":[3.7050658,51.4768925]},"properties":{"chartedValueMetres":10.9,"chartedValueRelationToDatum":"below","depthDatum":"Approximate LAT","depthDatumCode":42,"depthDatumStatus":"VERIFIED_FROM_OFFICIAL_DOCUMENTATION","verticalDatum":"Local Datum","verticalDatumCode":24,"napIdentityStatus":"UNVERIFIED","sourceFeatureLnam":"1F2B6A5E4FE07536","sourceCellId":"1R75W89I","sourceChecksum":"75b5e0c67f673d567bb1fae9d6aa2607be5c46177579e724278999342ef0b716","pipelineFeatureId":"1R75W89I/SOUNDG/1283117894/66","provenance":{"cellId":"1R75W89I","checksum":"75b5e0c67f673d567bb1fae9d6aa2607be5c46177579e724278999342ef0b716","readerVersion":"GDAL 3.2.2","processedAt":"2026-08-11T13:43:44.753Z"}}},{"type":"Feature","geometry":{"type":"Point","coordinates":[3.6989778,51.5213488]},"properties":{"chartedValueMetres":11.3,"chartedValueRelationToDatum":"below","depthDatum":"Approximate LAT","depthDatumCode":42,"depthDatumStatus":"VERIFIED_FROM_OFFICIAL_DOCUMENTATION","verticalDatum":"Local Datum","verticalDatumCode":24,"napIdentityStatus":"UNVERIFIED","sourceFeatureLnam":"1F2B6A5E4FE07536","sourceCellId":"1R75W89I","sourceChecksum":"75b5e0c67f673d567bb1fae9d6aa2607be5c46177579e724278999342ef0b716","pipelineFeatureId":"1R75W89I/SOUNDG/1283117894/67","provenance":{"cellId":"1R75W89I","checksum":"75b5e0c67f673d567bb1fae9d6aa2607be5c46177579e724278999342ef0b716","readerVersion":"GDAL 3.2.2","processedAt":"2026-08-11T13:43:44.753Z"}}},{"type":"Feature","geometry":{"type":"Point","coordinates":[3.704901,51.4755447]},"properties":{"chartedValueMetres":11.5,"chartedValueRelationToDatum":"below","depthDatum":"Approximate LAT","depthDatumCode":42,"depthDatumStatus":"VERIFIED_FROM_OFFICIAL_DOCUMENTATION","verticalDatum":"Local Datum","verticalDatumCode":24,"napIdentityStatus":"UNVERIFIED","sourceFeatureLnam":"1F2B6A5E4FE07536","sourceCellId":"1R75W89I","sourceChecksum":"75b5e0c67f673d567bb1fae9d6aa2607be5c46177579e724278999342ef0b716","pipelineFeatureId":"1R75W89I/SOUNDG/1283117894/68","provenance":{"cellId":"1R75W89I","checksum":"75b5e0c67f673d567bb1fae9d6aa2607be5c46177579e724278999342ef0b716","readerVersion":"GDAL 3.2.2","processedAt":"2026-08-11T13:43:44.753Z"}}},{"type":"Feature","geometry":{"type":"Point","coordinates":[3.6957755,51.5192997]},"properties":{"chartedValueMetres":12.5,"chartedValueRelationToDatum":"below","depthDatum":"Approximate LAT","depthDatumCode":42,"depthDatumStatus":"VERIFIED_FROM_OFFICIAL_DOCUMENTATION","verticalDatum":"Local Datum","verticalDatumCode":24,"napIdentityStatus":"UNVERIFIED","sourceFeatureLnam":"1F2B6A5E4FE07536","sourceCellId":"1R75W89I","sourceChecksum":"75b5e0c67f673d567bb1fae9d6aa2607be5c46177579e724278999342ef0b716","pipelineFeatureId":"1R75W89I/SOUNDG/1283117894/69","provenance":{"cellId":"1R75W89I","checksum":"75b5e0c67f673d567bb1fae9d6aa2607be5c46177579e724278999342ef0b716","readerVersion":"GDAL 3.2.2","processedAt":"2026-08-11T13:43:44.753Z"}}},{"type":"Feature","geometry":{"type":"Point","coordinates":[3.7008458,51.520978]},"properties":{"chartedValueMetres":12.6,"chartedValueRelationToDatum":"below","depthDatum":"Approximate LAT","depthDatumCode":42,"depthDatumStatus":"VERIFIED_FROM_OFFICIAL_DOCUMENTATION","verticalDatum":"Local Datum","verticalDatumCode":24,"napIdentityStatus":"UNVERIFIED","sourceFeatureLnam":"1F2B6A5E4FE07536","sourceCellId":"1R75W89I","sourceChecksum":"75b5e0c67f673d567bb1fae9d6aa2607be5c46177579e724278999342ef0b716","pipelineFeatureId":"1R75W89I/SOUNDG/1283117894/70","provenance":{"cellId":"1R75W89I","checksum":"75b5e0c67f673d567bb1fae9d6aa2607be5c46177579e724278999342ef0b716","readerVersion":"GDAL 3.2.2","processedAt":"2026-08-11T13:43:44.753Z"}}},{"type":"Feature","geometry":{"type":"Point","coordinates":[3.6907995,51.5238251]},"properties":{"chartedValueMetres":13,"chartedValueRelationToDatum":"below","depthDatum":"Approximate LAT","depthDatumCode":42,"depthDatumStatus":"VERIFIED_FROM_OFFICIAL_DOCUMENTATION","verticalDatum":"Local Datum","verticalDatumCode":24,"napIdentityStatus":"UNVERIFIED","sourceFeatureLnam":"1F2B6A5E4FE07536","sourceCellId":"1R75W89I","sourceChecksum":"75b5e0c67f673d567bb1fae9d6aa2607be5c46177579e724278999342ef0b716","pipelineFeatureId":"1R75W89I/SOUNDG/1283117894/71","provenance":{"cellId":"1R75W89I","checksum":"75b5e0c67f673d567bb1fae9d6aa2607be5c46177579e724278999342ef0b716","readerVersion":"GDAL 3.2.2","processedAt":"2026-08-11T13:43:44.753Z"}}},{"type":"Feature","geometry":{"type":"Point","coordinates":[3.6916438,51.5224713]},"properties":{"chartedValueMetres":16.5,"chartedValueRelationToDatum":"below","depthDatum":"Approximate LAT","depthDatumCode":42,"depthDatumStatus":"VERIFIED_FROM_OFFICIAL_DOCUMENTATION","verticalDatum":"Local Datum","verticalDatumCode":24,"napIdentityStatus":"UNVERIFIED","sourceFeatureLnam":"1F2B6A5E4FE07536","sourceCellId":"1R75W89I","sourceChecksum":"75b5e0c67f673d567bb1fae9d6aa2607be5c46177579e724278999342ef0b716","pipelineFeatureId":"1R75W89I/SOUNDG/1283117894/72","provenance":{"cellId":"1R75W89I","checksum":"75b5e0c67f673d567bb1fae9d6aa2607be5c46177579e724278999342ef0b716","readerVersion":"GDAL 3.2.2","processedAt":"2026-08-11T13:43:44.753Z"}}},{"type":"Feature","geometry":{"type":"Point","coordinates":[3.7258358,51.5244228]},"properties":{"chartedValueMetres":-0.2,"chartedValueRelationToDatum":"above","depthDatum":"Approximate LAT","depthDatumCode":42,"depthDatumStatus":"VERIFIED_FROM_OFFICIAL_DOCUMENTATION","verticalDatum":"Local Datum","verticalDatumCode":24,"napIdentityStatus":"UNVERIFIED","sourceFeatureLnam":"1F2B6A5E4FE07537","sourceCellId":"1R75W89I","sourceChecksum":"75b5e0c67f673d567bb1fae9d6aa2607be5c46177579e724278999342ef0b716","pipelineFeatureId":"1R75W89I/SOUNDG/1283117895/0","provenance":{"cellId":"1R75W89I","checksum":"75b5e0c67f673d567bb1fae9d6aa2607be5c46177579e724278999342ef0b716","readerVersion":"GDAL 3.2.2","processedAt":"2026-08-11T13:43:44.753Z"}}},{"type":"Feature","geometry":{"type":"Point","coordinates":[3.7020185,51.5128783]},"properties":{"chartedValueMetres":0.9,"chartedValueRelationToDatum":"below","depthDatum":"Approximate LAT","depthDatumCode":42,"depthDatumStatus":"VERIFIED_FROM_OFFICIAL_DOCUMENTATION","verticalDatum":"Local Datum","verticalDatumCode":24,"napIdentityStatus":"UNVERIFIED","sourceFeatureLnam":"1F2B6A5E4FE07537","sourceCellId":"1R75W89I","sourceChecksum":"75b5e0c67f673d567bb1fae9d6aa2607be5c46177579e724278999342ef0b716","pipelineFeatureId":"1R75W89I/SOUNDG/1283117895/1","provenance":{"cellId":"1R75W89I","checksum":"75b5e0c67f673d567bb1fae9d6aa2607be5c46177579e724278999342ef0b716","readerVersion":"GDAL 3.2.2","processedAt":"2026-08-11T13:43:44.753Z"}}},{"type":"Feature","geometry":{"type":"Point","coordinates":[3.7013215,51.5144111]},"properties":{"chartedValueMetres":1,"chartedValueRelationToDatum":"below","depthDatum":"Approximate LAT","depthDatumCode":42,"depthDatumStatus":"VERIFIED_FROM_OFFICIAL_DOCUMENTATION","verticalDatum":"Local Datum","verticalDatumCode":24,"napIdentityStatus":"UNVERIFIED","sourceFeatureLnam":"1F2B6A5E4FE07537","sourceCellId":"1R75W89I","sourceChecksum":"75b5e0c67f673d567bb1fae9d6aa2607be5c46177579e724278999342ef0b716","pipelineFeatureId":"1R75W89I/SOUNDG/1283117895/2","provenance":{"cellId":"1R75W89I","checksum":"75b5e0c67f673d567bb1fae9d6aa2607be5c46177579e724278999342ef0b716","readerVersion":"GDAL 3.2.2","processedAt":"2026-08-11T13:43:44.753Z"}}},{"type":"Feature","geometry":{"type":"Point","coordinates":[3.7042894,51.5106167]},"properties":{"chartedValueMetres":1,"chartedValueRelationToDatum":"below","depthDatum":"Approximate LAT","depthDatumCode":42,"depthDatumStatus":"VERIFIED_FROM_OFFICIAL_DOCUMENTATION","verticalDatum":"Local Datum","verticalDatumCode":24,"napIdentityStatus":"UNVERIFIED","sourceFeatureLnam":"1F2B6A5E4FE07537","sourceCellId":"1R75W89I","sourceChecksum":"75b5e0c67f673d567bb1fae9d6aa2607be5c46177579e724278999342ef0b716","pipelineFeatureId":"1R75W89I/SOUNDG/1283117895/3","provenance":{"cellId":"1R75W89I","checksum":"75b5e0c67f673d567bb1fae9d6aa2607be5c46177579e724278999342ef0b716","readerVersion":"GDAL 3.2.2","processedAt":"2026-08-11T13:43:44.753Z"}}},{"type":"Feature","geometry":{"type":"Point","coordinates":[3.7085684,51.5170651]},"properties":{"chartedValueMetres":1,"chartedValueRelationToDatum":"below","depthDatum":"Approximate LAT","depthDatumCode":42,"depthDatumStatus":"VERIFIED_FROM_OFFICIAL_DOCUMENTATION","verticalDatum":"Local Datum","verticalDatumCode":24,"napIdentityStatus":"UNVERIFIED","sourceFeatureLnam":"1F2B6A5E4FE07537","sourceCellId":"1R75W89I","sourceChecksum":"75b5e0c67f673d567bb1fae9d6aa2607be5c46177579e724278999342ef0b716","pipelineFeatureId":"1R75W89I/SOUNDG/1283117895/4","provenance":{"cellId":"1R75W89I","checksum":"75b5e0c67f673d567bb1fae9d6aa2607be5c46177579e724278999342ef0b716","readerVersion":"GDAL 3.2.2","processedAt":"2026-08-11T13:43:44.753Z"}}},{"type":"Feature","geometry":{"type":"Point","coordinates":[3.703174,51.5130512]},"properties":{"chartedValueMetres":1,"chartedValueRelationToDatum":"below","depthDatum":"Approximate LAT","depthDatumCode":42,"depthDatumStatus":"VERIFIED_FROM_OFFICIAL_DOCUMENTATION","verticalDatum":"Local Datum","verticalDatumCode":24,"napIdentityStatus":"UNVERIFIED","sourceFeatureLnam":"1F2B6A5E4FE07537","sourceCellId":"1R75W89I","sourceChecksum":"75b5e0c67f673d567bb1fae9d6aa2607be5c46177579e724278999342ef0b716","pipelineFeatureId":"1R75W89I/SOUNDG/1283117895/5","provenance":{"cellId":"1R75W89I","checksum":"75b5e0c67f673d567bb1fae9d6aa2607be5c46177579e724278999342ef0b716","readerVersion":"GDAL 3.2.2","processedAt":"2026-08-11T13:43:44.753Z"}}},{"type":"Feature","geometry":{"type":"Point","coordinates":[3.7054435,51.5106997]},"properties":{"chartedValueMetres":1,"chartedValueRelationToDatum":"below","depthDatum":"Approximate LAT","depthDatumCode":42,"depthDatumStatus":"VERIFIED_FROM_OFFICIAL_DOCUMENTATION","verticalDatum":"Local Datum","verticalDatumCode":24,"napIdentityStatus":"UNVERIFIED","sourceFeatureLnam":"1F2B6A5E4FE07537","sourceCellId":"1R75W89I","sourceChecksum":"75b5e0c67f673d567bb1fae9d6aa2607be5c46177579e724278999342ef0b716","pipelineFeatureId":"1R75W89I/SOUNDG/1283117895/6","provenance":{"cellId":"1R75W89I","checksum":"75b5e0c67f673d567bb1fae9d6aa2607be5c46177579e724278999342ef0b716","readerVersion":"GDAL 3.2.2","processedAt":"2026-08-11T13:43:44.753Z"}}},{"type":"Feature","geometry":{"type":"Point","coordinates":[3.7061403,51.5091669]},"properties":{"chartedValueMetres":1,"chartedValueRelationToDatum":"below","depthDatum":"Approximate LAT","depthDatumCode":42,"depthDatumStatus":"VERIFIED_FROM_OFFICIAL_DOCUMENTATION","verticalDatum":"Local Datum","verticalDatumCode":24,"napIdentityStatus":"UNVERIFIED","sourceFeatureLnam":"1F2B6A5E4FE07537","sourceCellId":"1R75W89I","sourceChecksum":"75b5e0c67f673d567bb1fae9d6aa2607be5c46177579e724278999342ef0b716","pipelineFeatureId":"1R75W89I/SOUNDG/1283117895/7","provenance":{"cellId":"1R75W89I","checksum":"75b5e0c67f673d567bb1fae9d6aa2607be5c46177579e724278999342ef0b716","readerVersion":"GDAL 3.2.2","processedAt":"2026-08-11T13:43:44.753Z"}}},{"type":"Feature","geometry":{"type":"Point","coordinates":[3.7036368,51.5243782]},"properties":{"chartedValueMetres":1,"chartedValueRelationToDatum":"below","depthDatum":"Approximate LAT","depthDatumCode":42,"depthDatumStatus":"VERIFIED_FROM_OFFICIAL_DOCUMENTATION","verticalDatum":"Local Datum","verticalDatumCode":24,"napIdentityStatus":"UNVERIFIED","sourceFeatureLnam":"1F2B6A5E4FE07537","sourceCellId":"1R75W89I","sourceChecksum":"75b5e0c67f673d567bb1fae9d6aa2607be5c46177579e724278999342ef0b716","pipelineFeatureId":"1R75W89I/SOUNDG/1283117895/8","provenance":{"cellId":"1R75W89I","checksum":"75b5e0c67f673d567bb1fae9d6aa2607be5c46177579e724278999342ef0b716","readerVersion":"GDAL 3.2.2","processedAt":"2026-08-11T13:43:44.753Z"}}},{"type":"Feature","geometry":{"type":"Point","coordinates":[3.7067695,51.51258]},"properties":{"chartedValueMetres":1,"chartedValueRelationToDatum":"below","depthDatum":"Approximate LAT","depthDatumCode":42,"depthDatumStatus":"VERIFIED_FROM_OFFICIAL_DOCUMENTATION","verticalDatum":"Local Datum","verticalDatumCode":24,"napIdentityStatus":"UNVERIFIED","sourceFeatureLnam":"1F2B6A5E4FE07537","sourceCellId":"1R75W89I","sourceChecksum":"75b5e0c67f673d567bb1fae9d6aa2607be5c46177579e724278999342ef0b716","pipelineFeatureId":"1R75W89I/SOUNDG/1283117895/9","provenance":{"cellId":"1R75W89I","checksum":"75b5e0c67f673d567bb1fae9d6aa2607be5c46177579e724278999342ef0b716","readerVersion":"GDAL 3.2.2","processedAt":"2026-08-11T13:43:44.753Z"}}},{"type":"Feature","geometry":{"type":"Point","coordinates":[3.7034415,51.5117009]},"properties":{"chartedValueMetres":1,"chartedValueRelationToDatum":"below","depthDatum":"Approximate LAT","depthDatumCode":42,"depthDatumStatus":"VERIFIED_FROM_OFFICIAL_DOCUMENTATION","verticalDatum":"Local Datum","verticalDatumCode":24,"napIdentityStatus":"UNVERIFIED","sourceFeatureLnam":"1F2B6A5E4FE07537","sourceCellId":"1R75W89I","sourceChecksum":"75b5e0c67f673d567bb1fae9d6aa2607be5c46177579e724278999342ef0b716","pipelineFeatureId":"1R75W89I/SOUNDG/1283117895/10","provenance":{"cellId":"1R75W89I","checksum":"75b5e0c67f673d567bb1fae9d6aa2607be5c46177579e724278999342ef0b716","readerVersion":"GDAL 3.2.2","processedAt":"2026-08-11T13:43:44.753Z"}}},{"type":"Feature","geometry":{"type":"Point","coordinates":[3.6882011,51.5235706]},"properties":{"chartedValueMetres":1,"chartedValueRelationToDatum":"below","depthDatum":"Approximate LAT","depthDatumCode":42,"depthDatumStatus":"VERIFIED_FROM_OFFICIAL_DOCUMENTATION","verticalDatum":"Local Datum","verticalDatumCode":24,"napIdentityStatus":"UNVERIFIED","sourceFeatureLnam":"1F2B6A5E4FE07537","sourceCellId":"1R75W89I","sourceChecksum":"75b5e0c67f673d567bb1fae9d6aa2607be5c46177579e724278999342ef0b716","pipelineFeatureId":"1R75W89I/SOUNDG/1283117895/11","provenance":{"cellId":"1R75W89I","checksum":"75b5e0c67f673d567bb1fae9d6aa2607be5c46177579e724278999342ef0b716","readerVersion":"GDAL 3.2.2","processedAt":"2026-08-11T13:43:44.753Z"}}},{"type":"Feature","geometry":{"type":"Point","coordinates":[3.6906173,51.5213084]},"properties":{"chartedValueMetres":1,"chartedValueRelationToDatum":"below","depthDatum":"Approximate LAT","depthDatumCode":42,"depthDatumStatus":"VERIFIED_FROM_OFFICIAL_DOCUMENTATION","verticalDatum":"Local Datum","verticalDatumCode":24,"napIdentityStatus":"UNVERIFIED","sourceFeatureLnam":"1F2B6A5E4FE07537","sourceCellId":"1R75W89I","sourceChecksum":"75b5e0c67f673d567bb1fae9d6aa2607be5c46177579e724278999342ef0b716","pipelineFeatureId":"1R75W89I/SOUNDG/1283117895/12","provenance":{"cellId":"1R75W89I","checksum":"75b5e0c67f673d567bb1fae9d6aa2607be5c46177579e724278999342ef0b716","readerVersion":"GDAL 3.2.2","processedAt":"2026-08-11T13:43:44.753Z"}}},{"type":"Feature","geometry":{"type":"Point","coordinates":[3.7050015,51.510073]},"properties":{"chartedValueMetres":1,"chartedValueRelationToDatum":"below","depthDatum":"Approximate LAT","depthDatumCode":42,"depthDatumStatus":"VERIFIED_FROM_OFFICIAL_DOCUMENTATION","verticalDatum":"Local Datum","verticalDatumCode":24,"napIdentityStatus":"UNVERIFIED","sourceFeatureLnam":"1F2B6A5E4FE07537","sourceCellId":"1R75W89I","sourceChecksum":"75b5e0c67f673d567bb1fae9d6aa2607be5c46177579e724278999342ef0b716","pipelineFeatureId":"1R75W89I/SOUNDG/1283117895/13","provenance":{"cellId":"1R75W89I","checksum":"75b5e0c67f673d567bb1fae9d6aa2607be5c46177579e724278999342ef0b716","readerVersion":"GDAL 3.2.2","processedAt":"2026-08-11T13:43:44.753Z"}}},{"type":"Feature","geometry":{"type":"Point","coordinates":[3.6892005,51.5229353]},"properties":{"chartedValueMetres":1.1,"chartedValueRelationToDatum":"below","depthDatum":"Approximate LAT","depthDatumCode":42,"depthDatumStatus":"VERIFIED_FROM_OFFICIAL_DOCUMENTATION","verticalDatum":"Local Datum","verticalDatumCode":24,"napIdentityStatus":"UNVERIFIED","sourceFeatureLnam":"1F2B6A5E4FE07537","sourceCellId":"1R75W89I","sourceChecksum":"75b5e0c67f673d567bb1fae9d6aa2607be5c46177579e724278999342ef0b716","pipelineFeatureId":"1R75W89I/SOUNDG/1283117895/14","provenance":{"cellId":"1R75W89I","checksum":"75b5e0c67f673d567bb1fae9d6aa2607be5c46177579e724278999342ef0b716","readerVersion":"GDAL 3.2.2","processedAt":"2026-08-11T13:43:44.753Z"}}},{"type":"Feature","geometry":{"type":"Point","coordinates":[3.7013321,51.5244819]},"properties":{"chartedValueMetres":1.1,"chartedValueRelationToDatum":"below","depthDatum":"Approximate LAT","depthDatumCode":42,"depthDatumStatus":"VERIFIED_FROM_OFFICIAL_DOCUMENTATION","verticalDatum":"Local Datum","verticalDatumCode":24,"napIdentityStatus":"UNVERIFIED","sourceFeatureLnam":"1F2B6A5E4FE07537","sourceCellId":"1R75W89I","sourceChecksum":"75b5e0c67f673d567bb1fae9d6aa2607be5c46177579e724278999342ef0b716","pipelineFeatureId":"1R75W89I/SOUNDG/1283117895/15","provenance":{"cellId":"1R75W89I","checksum":"75b5e0c67f673d567bb1fae9d6aa2607be5c46177579e724278999342ef0b716","readerVersion":"GDAL 3.2.2","processedAt":"2026-08-11T13:43:44.753Z"}}},{"type":"Feature","geometry":{"type":"Point","coordinates":[3.7023368,51.5242062]},"properties":{"chartedValueMetres":1.1,"chartedValueRelationToDatum":"below","depthDatum":"Approximate LAT","depthDatumCode":42,"depthDatumStatus":"VERIFIED_FROM_OFFICIAL_DOCUMENTATION","verticalDatum":"Local Datum","verticalDatumCode":24,"napIdentityStatus":"UNVERIFIED","sourceFeatureLnam":"1F2B6A5E4FE07537","sourceCellId":"1R75W89I","sourceChecksum":"75b5e0c67f673d567bb1fae9d6aa2607be5c46177579e724278999342ef0b716","pipelineFeatureId":"1R75W89I/SOUNDG/1283117895/16","provenance":{"cellId":"1R75W89I","checksum":"75b5e0c67f673d567bb1fae9d6aa2607be5c46177579e724278999342ef0b716","readerVersion":"GDAL 3.2.2","processedAt":"2026-08-11T13:43:44.753Z"}}},{"type":"Feature","geometry":{"type":"Point","coordinates":[3.706725,51.5097029]},"properties":{"chartedValueMetres":1.1,"chartedValueRelationToDatum":"below","depthDatum":"Approximate LAT","depthDatumCode":42,"depthDatumStatus":"VERIFIED_FROM_OFFICIAL_DOCUMENTATION","verticalDatum":"Local Datum","verticalDatumCode":24,"napIdentityStatus":"UNVERIFIED","sourceFeatureLnam":"1F2B6A5E4FE07537","sourceCellId":"1R75W89I","sourceChecksum":"75b5e0c67f673d567bb1fae9d6aa2607be5c46177579e724278999342ef0b716","pipelineFeatureId":"1R75W89I/SOUNDG/1283117895/17","provenance":{"cellId":"1R75W89I","checksum":"75b5e0c67f673d567bb1fae9d6aa2607be5c46177579e724278999342ef0b716","readerVersion":"GDAL 3.2.2","processedAt":"2026-08-11T13:43:44.753Z"}}},{"type":"Feature","geometry":{"type":"Point","coordinates":[3.6927573,51.5198571]},"properties":{"chartedValueMetres":1.1,"chartedValueRelationToDatum":"below","depthDatum":"Approximate LAT","depthDatumCode":42,"depthDatumStatus":"VERIFIED_FROM_OFFICIAL_DOCUMENTATION","verticalDatum":"Local Datum","verticalDatumCode":24,"napIdentityStatus":"UNVERIFIED","sourceFeatureLnam":"1F2B6A5E4FE07537","sourceCellId":"1R75W89I","sourceChecksum":"75b5e0c67f673d567bb1fae9d6aa2607be5c46177579e724278999342ef0b716","pipelineFeatureId":"1R75W89I/SOUNDG/1283117895/18","provenance":{"cellId":"1R75W89I","checksum":"75b5e0c67f673d567bb1fae9d6aa2607be5c46177579e724278999342ef0b716","readerVersion":"GDAL 3.2.2","processedAt":"2026-08-11T13:43:44.753Z"}}},{"type":"Feature","geometry":{"type":"Point","coordinates":[3.6954599,51.5175032]},"properties":{"chartedValueMetres":1.1,"chartedValueRelationToDatum":"below","depthDatum":"Approximate LAT","depthDatumCode":42,"depthDatumStatus":"VERIFIED_FROM_OFFICIAL_DOCUMENTATION","verticalDatum":"Local Datum","verticalDatumCode":24,"napIdentityStatus":"UNVERIFIED","sourceFeatureLnam":"1F2B6A5E4FE07537","sourceCellId":"1R75W89I","sourceChecksum":"75b5e0c67f673d567bb1fae9d6aa2607be5c46177579e724278999342ef0b716","pipelineFeatureId":"1R75W89I/SOUNDG/1283117895/19","provenance":{"cellId":"1R75W89I","checksum":"75b5e0c67f673d567bb1fae9d6aa2607be5c46177579e724278999342ef0b716","readerVersion":"GDAL 3.2.2","processedAt":"2026-08-11T13:43:44.753Z"}}},{"type":"Feature","geometry":{"type":"Point","coordinates":[3.7053705,51.5246375]},"properties":{"chartedValueMetres":1.1,"chartedValueRelationToDatum":"below","depthDatum":"Approximate LAT","depthDatumCode":42,"depthDatumStatus":"VERIFIED_FROM_OFFICIAL_DOCUMENTATION","verticalDatum":"Local Datum","verticalDatumCode":24,"napIdentityStatus":"UNVERIFIED","sourceFeatureLnam":"1F2B6A5E4FE07537","sourceCellId":"1R75W89I","sourceChecksum":"75b5e0c67f673d567bb1fae9d6aa2607be5c46177579e724278999342ef0b716","pipelineFeatureId":"1R75W89I/SOUNDG/1283117895/20","provenance":{"cellId":"1R75W89I","checksum":"75b5e0c67f673d567bb1fae9d6aa2607be5c46177579e724278999342ef0b716","readerVersion":"GDAL 3.2.2","processedAt":"2026-08-11T13:43:44.753Z"}}},{"type":"Feature","geometry":{"type":"Point","coordinates":[3.7013104,51.5136918]},"properties":{"chartedValueMetres":1.1,"chartedValueRelationToDatum":"below","depthDatum":"Approximate LAT","depthDatumCode":42,"depthDatumStatus":"VERIFIED_FROM_OFFICIAL_DOCUMENTATION","verticalDatum":"Local Datum","verticalDatumCode":24,"napIdentityStatus":"UNVERIFIED","sourceFeatureLnam":"1F2B6A5E4FE07537","sourceCellId":"1R75W89I","sourceChecksum":"75b5e0c67f673d567bb1fae9d6aa2607be5c46177579e724278999342ef0b716","pipelineFeatureId":"1R75W89I/SOUNDG/1283117895/21","provenance":{"cellId":"1R75W89I","checksum":"75b5e0c67f673d567bb1fae9d6aa2607be5c46177579e724278999342ef0b716","readerVersion":"GDAL 3.2.2","processedAt":"2026-08-11T13:43:44.753Z"}}},{"type":"Feature","geometry":{"type":"Point","coordinates":[3.6922476,51.5242661]},"properties":{"chartedValueMetres":1.1,"chartedValueRelationToDatum":"below","depthDatum":"Approximate LAT","depthDatumCode":42,"depthDatumStatus":"VERIFIED_FROM_OFFICIAL_DOCUMENTATION","verticalDatum":"Local Datum","verticalDatumCode":24,"napIdentityStatus":"UNVERIFIED","sourceFeatureLnam":"1F2B6A5E4FE07537","sourceCellId":"1R75W89I","sourceChecksum":"75b5e0c67f673d567bb1fae9d6aa2607be5c46177579e724278999342ef0b716","pipelineFeatureId":"1R75W89I/SOUNDG/1283117895/22","provenance":{"cellId":"1R75W89I","checksum":"75b5e0c67f673d567bb1fae9d6aa2607be5c46177579e724278999342ef0b716","readerVersion":"GDAL 3.2.2","processedAt":"2026-08-11T13:43:44.753Z"}}},{"type":"Feature","geometry":{"type":"Point","coordinates":[3.6973128,51.5161435]},"properties":{"chartedValueMetres":1.2,"chartedValueRelationToDatum":"below","depthDatum":"Approximate LAT","depthDatumCode":42,"depthDatumStatus":"VERIFIED_FROM_OFFICIAL_DOCUMENTATION","verticalDatum":"Local Datum","verticalDatumCode":24,"napIdentityStatus":"UNVERIFIED","sourceFeatureLnam":"1F2B6A5E4FE07537","sourceCellId":"1R75W89I","sourceChecksum":"75b5e0c67f673d567bb1fae9d6aa2607be5c46177579e724278999342ef0b716","pipelineFeatureId":"1R75W89I/SOUNDG/1283117895/23","provenance":{"cellId":"1R75W89I","checksum":"75b5e0c67f673d567bb1fae9d6aa2607be5c46177579e724278999342ef0b716","readerVersion":"GDAL 3.2.2","processedAt":"2026-08-11T13:43:44.753Z"}}},{"type":"Feature","geometry":{"type":"Point","coordinates":[3.7042243,51.5157425]},"properties":{"chartedValueMetres":1.2,"chartedValueRelationToDatum":"below","depthDatum":"Approximate LAT","depthDatumCode":42,"depthDatumStatus":"VERIFIED_FROM_OFFICIAL_DOCUMENTATION","verticalDatum":"Local Datum","verticalDatumCode":24,"napIdentityStatus":"UNVERIFIED","sourceFeatureLnam":"1F2B6A5E4FE07537","sourceCellId":"1R75W89I","sourceChecksum":"75b5e0c67f673d567bb1fae9d6aa2607be5c46177579e724278999342ef0b716","pipelineFeatureId":"1R75W89I/SOUNDG/1283117895/24","provenance":{"cellId":"1R75W89I","checksum":"75b5e0c67f673d567bb1fae9d6aa2607be5c46177579e724278999342ef0b716","readerVersion":"GDAL 3.2.2","processedAt":"2026-08-11T13:43:44.753Z"}}},{"type":"Feature","geometry":{"type":"Point","coordinates":[3.6917648,51.520942]},"properties":{"chartedValueMetres":1.2,"chartedValueRelationToDatum":"below","depthDatum":"Approximate LAT","depthDatumCode":42,"depthDatumStatus":"VERIFIED_FROM_OFFICIAL_DOCUMENTATION","verticalDatum":"Local Datum","verticalDatumCode":24,"napIdentityStatus":"UNVERIFIED","sourceFeatureLnam":"1F2B6A5E4FE07537","sourceCellId":"1R75W89I","sourceChecksum":"75b5e0c67f673d567bb1fae9d6aa2607be5c46177579e724278999342ef0b716","pipelineFeatureId":"1R75W89I/SOUNDG/1283117895/25","provenance":{"cellId":"1R75W89I","checksum":"75b5e0c67f673d567bb1fae9d6aa2607be5c46177579e724278999342ef0b716","readerVersion":"GDAL 3.2.2","processedAt":"2026-08-11T13:43:44.753Z"}}},{"type":"Feature","geometry":{"type":"Point","coordinates":[3.7203262,51.5223886]},"properties":{"chartedValueMetres":1.2,"chartedValueRelationToDatum":"below","depthDatum":"Approximate LAT","depthDatumCode":42,"depthDatumStatus":"VERIFIED_FROM_OFFICIAL_DOCUMENTATION","verticalDatum":"Local Datum","verticalDatumCode":24,"napIdentityStatus":"UNVERIFIED","sourceFeatureLnam":"1F2B6A5E4FE07537","sourceCellId":"1R75W89I","sourceChecksum":"75b5e0c67f673d567bb1fae9d6aa2607be5c46177579e724278999342ef0b716","pipelineFeatureId":"1R75W89I/SOUNDG/1283117895/26","provenance":{"cellId":"1R75W89I","checksum":"75b5e0c67f673d567bb1fae9d6aa2607be5c46177579e724278999342ef0b716","readerVersion":"GDAL 3.2.2","processedAt":"2026-08-11T13:43:44.753Z"}}},{"type":"Feature","geometry":{"type":"Point","coordinates":[3.7044974,51.5241033]},"properties":{"chartedValueMetres":1.2,"chartedValueRelationToDatum":"below","depthDatum":"Approximate LAT","depthDatumCode":42,"depthDatumStatus":"VERIFIED_FROM_OFFICIAL_DOCUMENTATION","verticalDatum":"Local Datum","verticalDatumCode":24,"napIdentityStatus":"UNVERIFIED","sourceFeatureLnam":"1F2B6A5E4FE07537","sourceCellId":"1R75W89I","sourceChecksum":"75b5e0c67f673d567bb1fae9d6aa2607be5c46177579e724278999342ef0b716","pipelineFeatureId":"1R75W89I/SOUNDG/1283117895/27","provenance":{"cellId":"1R75W89I","checksum":"75b5e0c67f673d567bb1fae9d6aa2607be5c46177579e724278999342ef0b716","readerVersion":"GDAL 3.2.2","processedAt":"2026-08-11T13:43:44.753Z"}}},{"type":"Feature","geometry":{"type":"Point","coordinates":[3.7249753,51.5246979]},"properties":{"chartedValueMetres":1.2,"chartedValueRelationToDatum":"below","depthDatum":"Approximate LAT","depthDatumCode":42,"depthDatumStatus":"VERIFIED_FROM_OFFICIAL_DOCUMENTATION","verticalDatum":"Local Datum","verticalDatumCode":24,"napIdentityStatus":"UNVERIFIED","sourceFeatureLnam":"1F2B6A5E4FE07537","sourceCellId":"1R75W89I","sourceChecksum":"75b5e0c67f673d567bb1fae9d6aa2607be5c46177579e724278999342ef0b716","pipelineFeatureId":"1R75W89I/SOUNDG/1283117895/28","provenance":{"cellId":"1R75W89I","checksum":"75b5e0c67f673d567bb1fae9d6aa2607be5c46177579e724278999342ef0b716","readerVersion":"GDAL 3.2.2","processedAt":"2026-08-11T13:43:44.753Z"}}},{"type":"Feature","geometry":{"type":"Point","coordinates":[3.7013224,51.5238525]},"properties":{"chartedValueMetres":1.2,"chartedValueRelationToDatum":"below","depthDatum":"Approximate LAT","depthDatumCode":42,"depthDatumStatus":"VERIFIED_FROM_OFFICIAL_DOCUMENTATION","verticalDatum":"Local Datum","verticalDatumCode":24,"napIdentityStatus":"UNVERIFIED","sourceFeatureLnam":"1F2B6A5E4FE07537","sourceCellId":"1R75W89I","sourceChecksum":"75b5e0c67f673d567bb1fae9d6aa2607be5c46177579e724278999342ef0b716","pipelineFeatureId":"1R75W89I/SOUNDG/1283117895/29","provenance":{"cellId":"1R75W89I","checksum":"75b5e0c67f673d567bb1fae9d6aa2607be5c46177579e724278999342ef0b716","readerVersion":"GDAL 3.2.2","processedAt":"2026-08-11T13:43:44.753Z"}}},{"type":"Feature","geometry":{"type":"Point","coordinates":[3.697472,51.5171316]},"properties":{"chartedValueMetres":1.2,"chartedValueRelationToDatum":"below","depthDatum":"Approximate LAT","depthDatumCode":42,"depthDatumStatus":"VERIFIED_FROM_OFFICIAL_DOCUMENTATION","verticalDatum":"Local Datum","verticalDatumCode":24,"napIdentityStatus":"UNVERIFIED","sourceFeatureLnam":"1F2B6A5E4FE07537","sourceCellId":"1R75W89I","sourceChecksum":"75b5e0c67f673d567bb1fae9d6aa2607be5c46177579e724278999342ef0b716","pipelineFeatureId":"1R75W89I/SOUNDG/1283117895/30","provenance":{"cellId":"1R75W89I","checksum":"75b5e0c67f673d567bb1fae9d6aa2607be5c46177579e724278999342ef0b716","readerVersion":"GDAL 3.2.2","processedAt":"2026-08-11T13:43:44.753Z"}}},{"type":"Feature","geometry":{"type":"Point","coordinates":[3.7051056,51.5168162]},"properties":{"chartedValueMetres":1.2,"chartedValueRelationToDatum":"below","depthDatum":"Approximate LAT","depthDatumCode":42,"depthDatumStatus":"VERIFIED_FROM_OFFICIAL_DOCUMENTATION","verticalDatum":"Local Datum","verticalDatumCode":24,"napIdentityStatus":"UNVERIFIED","sourceFeatureLnam":"1F2B6A5E4FE07537","sourceCellId":"1R75W89I","sourceChecksum":"75b5e0c67f673d567bb1fae9d6aa2607be5c46177579e724278999342ef0b716","pipelineFeatureId":"1R75W89I/SOUNDG/1283117895/31","provenance":{"cellId":"1R75W89I","checksum":"75b5e0c67f673d567bb1fae9d6aa2607be5c46177579e724278999342ef0b716","readerVersion":"GDAL 3.2.2","processedAt":"2026-08-11T13:43:44.753Z"}}},{"type":"Feature","geometry":{"type":"Point","coordinates":[3.6966128,51.5174964]},"properties":{"chartedValueMetres":1.3,"chartedValueRelationToDatum":"below","depthDatum":"Approximate LAT","depthDatumCode":42,"depthDatumStatus":"VERIFIED_FROM_OFFICIAL_DOCUMENTATION","verticalDatum":"Local Datum","verticalDatumCode":24,"napIdentityStatus":"UNVERIFIED","sourceFeatureLnam":"1F2B6A5E4FE07537","sourceCellId":"1R75W89I","sourceChecksum":"75b5e0c67f673d567bb1fae9d6aa2607be5c46177579e724278999342ef0b716","pipelineFeatureId":"1R75W89I/SOUNDG/1283117895/32","provenance":{"cellId":"1R75W89I","checksum":"75b5e0c67f673d567bb1fae9d6aa2607be5c46177579e724278999342ef0b716","readerVersion":"GDAL 3.2.2","processedAt":"2026-08-11T13:43:44.753Z"}}},{"type":"Feature","geometry":{"type":"Point","coordinates":[3.7062626,51.517079]},"properties":{"chartedValueMetres":1.3,"chartedValueRelationToDatum":"below","depthDatum":"Approximate LAT","depthDatumCode":42,"depthDatumStatus":"VERIFIED_FROM_OFFICIAL_DOCUMENTATION","verticalDatum":"Local Datum","verticalDatumCode":24,"napIdentityStatus":"UNVERIFIED","sourceFeatureLnam":"1F2B6A5E4FE07537","sourceCellId":"1R75W89I","sourceChecksum":"75b5e0c67f673d567bb1fae9d6aa2607be5c46177579e724278999342ef0b716","pipelineFeatureId":"1R75W89I/SOUNDG/1283117895/33","provenance":{"cellId":"1R75W89I","checksum":"75b5e0c67f673d567bb1fae9d6aa2607be5c46177579e724278999342ef0b716","readerVersion":"GDAL 3.2.2","processedAt":"2026-08-11T13:43:44.753Z"}}},{"type":"Feature","geometry":{"type":"Point","coordinates":[3.6956136,51.5181318]},"properties":{"chartedValueMetres":1.3,"chartedValueRelationToDatum":"below","depthDatum":"Approximate LAT","depthDatumCode":42,"depthDatumStatus":"VERIFIED_FROM_OFFICIAL_DOCUMENTATION","verticalDatum":"Local Datum","verticalDatumCode":24,"napIdentityStatus":"UNVERIFIED","sourceFeatureLnam":"1F2B6A5E4FE07537","sourceCellId":"1R75W89I","sourceChecksum":"75b5e0c67f673d567bb1fae9d6aa2607be5c46177579e724278999342ef0b716","pipelineFeatureId":"1R75W89I/SOUNDG/1283117895/34","provenance":{"cellId":"1R75W89I","checksum":"75b5e0c67f673d567bb1fae9d6aa2607be5c46177579e724278999342ef0b716","readerVersion":"GDAL 3.2.2","processedAt":"2026-08-11T13:43:44.753Z"}}},{"type":"Feature","geometry":{"type":"Point","coordinates":[3.695424,51.524607]},"properties":{"chartedValueMetres":1.3,"chartedValueRelationToDatum":"below","depthDatum":"Approximate LAT","depthDatumCode":42,"depthDatumStatus":"VERIFIED_FROM_OFFICIAL_DOCUMENTATION","verticalDatum":"Local Datum","verticalDatumCode":24,"napIdentityStatus":"UNVERIFIED","sourceFeatureLnam":"1F2B6A5E4FE07537","sourceCellId":"1R75W89I","sourceChecksum":"75b5e0c67f673d567bb1fae9d6aa2607be5c46177579e724278999342ef0b716","pipelineFeatureId":"1R75W89I/SOUNDG/1283117895/35","provenance":{"cellId":"1R75W89I","checksum":"75b5e0c67f673d567bb1fae9d6aa2607be5c46177579e724278999342ef0b716","readerVersion":"GDAL 3.2.2","processedAt":"2026-08-11T13:43:44.753Z"}}},{"type":"Feature","geometry":{"type":"Point","coordinates":[3.7239693,51.5248839]},"properties":{"chartedValueMetres":1.3,"chartedValueRelationToDatum":"below","depthDatum":"Approximate LAT","depthDatumCode":42,"depthDatumStatus":"VERIFIED_FROM_OFFICIAL_DOCUMENTATION","verticalDatum":"Local Datum","verticalDatumCode":24,"napIdentityStatus":"UNVERIFIED","sourceFeatureLnam":"1F2B6A5E4FE07537","sourceCellId":"1R75W89I","sourceChecksum":"75b5e0c67f673d567bb1fae9d6aa2607be5c46177579e724278999342ef0b716","pipelineFeatureId":"1R75W89I/SOUNDG/1283117895/36","provenance":{"cellId":"1R75W89I","checksum":"75b5e0c67f673d567bb1fae9d6aa2607be5c46177579e724278999342ef0b716","readerVersion":"GDAL 3.2.2","processedAt":"2026-08-11T13:43:44.753Z"}}},{"type":"Feature","geometry":{"type":"Point","coordinates":[3.7229333,51.5231819]},"properties":{"chartedValueMetres":1.3,"chartedValueRelationToDatum":"below","depthDatum":"Approximate LAT","depthDatumCode":42,"depthDatumStatus":"VERIFIED_FROM_OFFICIAL_DOCUMENTATION","verticalDatum":"Local Datum","verticalDatumCode":24,"napIdentityStatus":"UNVERIFIED","sourceFeatureLnam":"1F2B6A5E4FE07537","sourceCellId":"1R75W89I","sourceChecksum":"75b5e0c67f673d567bb1fae9d6aa2607be5c46177579e724278999342ef0b716","pipelineFeatureId":"1R75W89I/SOUNDG/1283117895/37","provenance":{"cellId":"1R75W89I","checksum":"75b5e0c67f673d567bb1fae9d6aa2607be5c46177579e724278999342ef0b716","readerVersion":"GDAL 3.2.2","processedAt":"2026-08-11T13:43:44.753Z"}}},{"type":"Feature","geometry":{"type":"Point","coordinates":[3.6949054,51.5189452]},"properties":{"chartedValueMetres":1.4,"chartedValueRelationToDatum":"below","depthDatum":"Approximate LAT","depthDatumCode":42,"depthDatumStatus":"VERIFIED_FROM_OFFICIAL_DOCUMENTATION","verticalDatum":"Local Datum","verticalDatumCode":24,"napIdentityStatus":"UNVERIFIED","sourceFeatureLnam":"1F2B6A5E4FE07537","sourceCellId":"1R75W89I","sourceChecksum":"75b5e0c67f673d567bb1fae9d6aa2607be5c46177579e724278999342ef0b716","pipelineFeatureId":"1R75W89I/SOUNDG/1283117895/38","provenance":{"cellId":"1R75W89I","checksum":"75b5e0c67f673d567bb1fae9d6aa2607be5c46177579e724278999342ef0b716","readerVersion":"GDAL 3.2.2","processedAt":"2026-08-11T13:43:44.753Z"}}},{"type":"Feature","geometry":{"type":"Point","coordinates":[3.7111721,51.5176788]},"properties":{"chartedValueMetres":1.4,"chartedValueRelationToDatum":"below","depthDatum":"Approximate LAT","depthDatumCode":42,"depthDatumStatus":"VERIFIED_FROM_OFFICIAL_DOCUMENTATION","verticalDatum":"Local Datum","verticalDatumCode":24,"napIdentityStatus":"UNVERIFIED","sourceFeatureLnam":"1F2B6A5E4FE07537","sourceCellId":"1R75W89I","sourceChecksum":"75b5e0c67f673d567bb1fae9d6aa2607be5c46177579e724278999342ef0b716","pipelineFeatureId":"1R75W89I/SOUNDG/1283117895/39","provenance":{"cellId":"1R75W89I","checksum":"75b5e0c67f673d567bb1fae9d6aa2607be5c46177579e724278999342ef0b716","readerVersion":"GDAL 3.2.2","processedAt":"2026-08-11T13:43:44.753Z"}}},{"type":"Feature","geometry":{"type":"Point","coordinates":[3.7004535,51.523588]},"properties":{"chartedValueMetres":1.4,"chartedValueRelationToDatum":"below","depthDatum":"Approximate LAT","depthDatumCode":42,"depthDatumStatus":"VERIFIED_FROM_OFFICIAL_DOCUMENTATION","verticalDatum":"Local Datum","verticalDatumCode":24,"napIdentityStatus":"UNVERIFIED","sourceFeatureLnam":"1F2B6A5E4FE07537","sourceCellId":"1R75W89I","sourceChecksum":"75b5e0c67f673d567bb1fae9d6aa2607be5c46177579e724278999342ef0b716","pipelineFeatureId":"1R75W89I/SOUNDG/1283117895/40","provenance":{"cellId":"1R75W89I","checksum":"75b5e0c67f673d567bb1fae9d6aa2607be5c46177579e724278999342ef0b716","readerVersion":"GDAL 3.2.2","processedAt":"2026-08-11T13:43:44.753Z"}}},{"type":"Feature","geometry":{"type":"Point","coordinates":[3.7266963,51.5241477]},"properties":{"chartedValueMetres":1.4,"chartedValueRelationToDatum":"below","depthDatum":"Approximate LAT","depthDatumCode":42,"depthDatumStatus":"VERIFIED_FROM_OFFICIAL_DOCUMENTATION","verticalDatum":"Local Datum","verticalDatumCode":24,"napIdentityStatus":"UNVERIFIED","sourceFeatureLnam":"1F2B6A5E4FE07537","sourceCellId":"1R75W89I","sourceChecksum":"75b5e0c67f673d567bb1fae9d6aa2607be5c46177579e724278999342ef0b716","pipelineFeatureId":"1R75W89I/SOUNDG/1283117895/41","provenance":{"cellId":"1R75W89I","checksum":"75b5e0c67f673d567bb1fae9d6aa2607be5c46177579e724278999342ef0b716","readerVersion":"GDAL 3.2.2","processedAt":"2026-08-11T13:43:44.753Z"}}},{"type":"Feature","geometry":{"type":"Point","coordinates":[3.704234,51.5163719]},"properties":{"chartedValueMetres":1.4,"chartedValueRelationToDatum":"below","depthDatum":"Approximate LAT","depthDatumCode":42,"depthDatumStatus":"VERIFIED_FROM_OFFICIAL_DOCUMENTATION","verticalDatum":"Local Datum","verticalDatumCode":24,"napIdentityStatus":"UNVERIFIED","sourceFeatureLnam":"1F2B6A5E4FE07537","sourceCellId":"1R75W89I","sourceChecksum":"75b5e0c67f673d567bb1fae9d6aa2607be5c46177579e724278999342ef0b716","pipelineFeatureId":"1R75W89I/SOUNDG/1283117895/42","provenance":{"cellId":"1R75W89I","checksum":"75b5e0c67f673d567bb1fae9d6aa2607be5c46177579e724278999342ef0b716","readerVersion":"GDAL 3.2.2","processedAt":"2026-08-11T13:43:44.753Z"}}},{"type":"Feature","geometry":{"type":"Point","coordinates":[3.724533,51.5240712]},"properties":{"chartedValueMetres":1.4,"chartedValueRelationToDatum":"below","depthDatum":"Approximate LAT","depthDatumCode":42,"depthDatumStatus":"VERIFIED_FROM_OFFICIAL_DOCUMENTATION","verticalDatum":"Local Datum","verticalDatumCode":24,"napIdentityStatus":"UNVERIFIED","sourceFeatureLnam":"1F2B6A5E4FE07537","sourceCellId":"1R75W89I","sourceChecksum":"75b5e0c67f673d567bb1fae9d6aa2607be5c46177579e724278999342ef0b716","pipelineFeatureId":"1R75W89I/SOUNDG/1283117895/43","provenance":{"cellId":"1R75W89I","checksum":"75b5e0c67f673d567bb1fae9d6aa2607be5c46177579e724278999342ef0b716","readerVersion":"GDAL 3.2.2","processedAt":"2026-08-11T13:43:44.753Z"}}},{"type":"Feature","geometry":{"type":"Point","coordinates":[3.6988598,51.523058]},"properties":{"chartedValueMetres":1.4,"chartedValueRelationToDatum":"below","depthDatum":"Approximate LAT","depthDatumCode":42,"depthDatumStatus":"VERIFIED_FROM_OFFICIAL_DOCUMENTATION","verticalDatum":"Local Datum","verticalDatumCode":24,"napIdentityStatus":"UNVERIFIED","sourceFeatureLnam":"1F2B6A5E4FE07537","sourceCellId":"1R75W89I","sourceChecksum":"75b5e0c67f673d567bb1fae9d6aa2607be5c46177579e724278999342ef0b716","pipelineFeatureId":"1R75W89I/SOUNDG/1283117895/44","provenance":{"cellId":"1R75W89I","checksum":"75b5e0c67f673d567bb1fae9d6aa2607be5c46177579e724278999342ef0b716","readerVersion":"GDAL 3.2.2","processedAt":"2026-08-11T13:43:44.753Z"}}},{"type":"Feature","geometry":{"type":"Point","coordinates":[3.7000549,51.5163969]},"properties":{"chartedValueMetres":1.4,"chartedValueRelationToDatum":"below","depthDatum":"Approximate LAT","depthDatumCode":42,"depthDatumStatus":"VERIFIED_FROM_OFFICIAL_DOCUMENTATION","verticalDatum":"Local Datum","verticalDatumCode":24,"napIdentityStatus":"UNVERIFIED","sourceFeatureLnam":"1F2B6A5E4FE07537","sourceCellId":"1R75W89I","sourceChecksum":"75b5e0c67f673d567bb1fae9d6aa2607be5c46177579e724278999342ef0b716","pipelineFeatureId":"1R75W89I/SOUNDG/1283117895/45","provenance":{"cellId":"1R75W89I","checksum":"75b5e0c67f673d567bb1fae9d6aa2607be5c46177579e724278999342ef0b716","readerVersion":"GDAL 3.2.2","processedAt":"2026-08-11T13:43:44.753Z"}}},{"type":"Feature","geometry":{"type":"Point","coordinates":[3.6997494,51.5246712]},"properties":{"chartedValueMetres":1.4,"chartedValueRelationToDatum":"below","depthDatum":"Approximate LAT","depthDatumCode":42,"depthDatumStatus":"VERIFIED_FROM_OFFICIAL_DOCUMENTATION","verticalDatum":"Local Datum","verticalDatumCode":24,"napIdentityStatus":"UNVERIFIED","sourceFeatureLnam":"1F2B6A5E4FE07537","sourceCellId":"1R75W89I","sourceChecksum":"75b5e0c67f673d567bb1fae9d6aa2607be5c46177579e724278999342ef0b716","pipelineFeatureId":"1R75W89I/SOUNDG/1283117895/46","provenance":{"cellId":"1R75W89I","checksum":"75b5e0c67f673d567bb1fae9d6aa2607be5c46177579e724278999342ef0b716","readerVersion":"GDAL 3.2.2","processedAt":"2026-08-11T13:43:44.753Z"}}},{"type":"Feature","geometry":{"type":"Point","coordinates":[3.7133492,51.5186547]},"properties":{"chartedValueMetres":1.4,"chartedValueRelationToDatum":"below","depthDatum":"Approximate LAT","depthDatumCode":42,"depthDatumStatus":"VERIFIED_FROM_OFFICIAL_DOCUMENTATION","verticalDatum":"Local Datum","verticalDatumCode":24,"napIdentityStatus":"UNVERIFIED","sourceFeatureLnam":"1F2B6A5E4FE07537","sourceCellId":"1R75W89I","sourceChecksum":"75b5e0c67f673d567bb1fae9d6aa2607be5c46177579e724278999342ef0b716","pipelineFeatureId":"1R75W89I/SOUNDG/1283117895/47","provenance":{"cellId":"1R75W89I","checksum":"75b5e0c67f673d567bb1fae9d6aa2607be5c46177579e724278999342ef0b716","readerVersion":"GDAL 3.2.2","processedAt":"2026-08-11T13:43:44.753Z"}}},{"type":"Feature","geometry":{"type":"Point","coordinates":[3.70178,51.5161168]},"properties":{"chartedValueMetres":1.5,"chartedValueRelationToDatum":"below","depthDatum":"Approximate LAT","depthDatumCode":42,"depthDatumStatus":"VERIFIED_FROM_OFFICIAL_DOCUMENTATION","verticalDatum":"Local Datum","verticalDatumCode":24,"napIdentityStatus":"UNVERIFIED","sourceFeatureLnam":"1F2B6A5E4FE07537","sourceCellId":"1R75W89I","sourceChecksum":"75b5e0c67f673d567bb1fae9d6aa2607be5c46177579e724278999342ef0b716","pipelineFeatureId":"1R75W89I/SOUNDG/1283117895/48","provenance":{"cellId":"1R75W89I","checksum":"75b5e0c67f673d567bb1fae9d6aa2607be5c46177579e724278999342ef0b716","readerVersion":"GDAL 3.2.2","processedAt":"2026-08-11T13:43:44.753Z"}}},{"type":"Feature","geometry":{"type":"Point","coordinates":[3.7000342,51.5150482]},"properties":{"chartedValueMetres":1.5,"chartedValueRelationToDatum":"below","depthDatum":"Approximate LAT","depthDatumCode":42,"depthDatumStatus":"VERIFIED_FROM_OFFICIAL_DOCUMENTATION","verticalDatum":"Local Datum","verticalDatumCode":24,"napIdentityStatus":"UNVERIFIED","sourceFeatureLnam":"1F2B6A5E4FE07537","sourceCellId":"1R75W89I","sourceChecksum":"75b5e0c67f673d567bb1fae9d6aa2607be5c46177579e724278999342ef0b716","pipelineFeatureId":"1R75W89I/SOUNDG/1283117895/49","provenance":{"cellId":"1R75W89I","checksum":"75b5e0c67f673d567bb1fae9d6aa2607be5c46177579e724278999342ef0b716","readerVersion":"GDAL 3.2.2","processedAt":"2026-08-11T13:43:44.753Z"}}},{"type":"Feature","geometry":{"type":"Point","coordinates":[3.7149485,51.5195441]},"properties":{"chartedValueMetres":1.5,"chartedValueRelationToDatum":"below","depthDatum":"Approximate LAT","depthDatumCode":42,"depthDatumStatus":"VERIFIED_FROM_OFFICIAL_DOCUMENTATION","verticalDatum":"Local Datum","verticalDatumCode":24,"napIdentityStatus":"UNVERIFIED","sourceFeatureLnam":"1F2B6A5E4FE07537","sourceCellId":"1R75W89I","sourceChecksum":"75b5e0c67f673d567bb1fae9d6aa2607be5c46177579e724278999342ef0b716","pipelineFeatureId":"1R75W89I/SOUNDG/1283117895/50","provenance":{"cellId":"1R75W89I","checksum":"75b5e0c67f673d567bb1fae9d6aa2607be5c46177579e724278999342ef0b716","readerVersion":"GDAL 3.2.2","processedAt":"2026-08-11T13:43:44.753Z"}}},{"type":"Feature","geometry":{"type":"Point","coordinates":[3.7017465,51.5233105]},"properties":{"chartedValueMetres":1.6,"chartedValueRelationToDatum":"below","depthDatum":"Approximate LAT","depthDatumCode":42,"depthDatumStatus":"VERIFIED_FROM_OFFICIAL_DOCUMENTATION","verticalDatum":"Local Datum","verticalDatumCode":24,"napIdentityStatus":"UNVERIFIED","sourceFeatureLnam":"1F2B6A5E4FE07537","sourceCellId":"1R75W89I","sourceChecksum":"75b5e0c67f673d567bb1fae9d6aa2607be5c46177579e724278999342ef0b716","pipelineFeatureId":"1R75W89I/SOUNDG/1283117895/51","provenance":{"cellId":"1R75W89I","checksum":"75b5e0c67f673d567bb1fae9d6aa2607be5c46177579e724278999342ef0b716","readerVersion":"GDAL 3.2.2","processedAt":"2026-08-11T13:43:44.753Z"}}},{"type":"Feature","geometry":{"type":"Point","coordinates":[3.6984412,51.5239597]},"properties":{"chartedValueMetres":1.6,"chartedValueRelationToDatum":"below","depthDatum":"Approximate LAT","depthDatumCode":42,"depthDatumStatus":"VERIFIED_FROM_OFFICIAL_DOCUMENTATION","verticalDatum":"Local Datum","verticalDatumCode":24,"napIdentityStatus":"UNVERIFIED","sourceFeatureLnam":"1F2B6A5E4FE07537","sourceCellId":"1R75W89I","sourceChecksum":"75b5e0c67f673d567bb1fae9d6aa2607be5c46177579e724278999342ef0b716","pipelineFeatureId":"1R75W89I/SOUNDG/1283117895/52","provenance":{"cellId":"1R75W89I","checksum":"75b5e0c67f673d567bb1fae9d6aa2607be5c46177579e724278999342ef0b716","readerVersion":"GDAL 3.2.2","processedAt":"2026-08-11T13:43:44.753Z"}}},{"type":"Feature","geometry":{"type":"Point","coordinates":[3.7222212,51.5237258]},"properties":{"chartedValueMetres":1.6,"chartedValueRelationToDatum":"below","depthDatum":"Approximate LAT","depthDatumCode":42,"depthDatumStatus":"VERIFIED_FROM_OFFICIAL_DOCUMENTATION","verticalDatum":"Local Datum","verticalDatumCode":24,"napIdentityStatus":"UNVERIFIED","sourceFeatureLnam":"1F2B6A5E4FE07537","sourceCellId":"1R75W89I","sourceChecksum":"75b5e0c67f673d567bb1fae9d6aa2607be5c46177579e724278999342ef0b716","pipelineFeatureId":"1R75W89I/SOUNDG/1283117895/53","provenance":{"cellId":"1R75W89I","checksum":"75b5e0c67f673d567bb1fae9d6aa2607be5c46177579e724278999342ef0b716","readerVersion":"GDAL 3.2.2","processedAt":"2026-08-11T13:43:44.753Z"}}},{"type":"Feature","geometry":{"type":"Point","coordinates":[3.7193174,51.5223948]},"properties":{"chartedValueMetres":1.7,"chartedValueRelationToDatum":"below","depthDatum":"Approximate LAT","depthDatumCode":42,"depthDatumStatus":"VERIFIED_FROM_OFFICIAL_DOCUMENTATION","verticalDatum":"Local Datum","verticalDatumCode":24,"napIdentityStatus":"UNVERIFIED","sourceFeatureLnam":"1F2B6A5E4FE07537","sourceCellId":"1R75W89I","sourceChecksum":"75b5e0c67f673d567bb1fae9d6aa2607be5c46177579e724278999342ef0b716","pipelineFeatureId":"1R75W89I/SOUNDG/1283117895/54","provenance":{"cellId":"1R75W89I","checksum":"75b5e0c67f673d567bb1fae9d6aa2607be5c46177579e724278999342ef0b716","readerVersion":"GDAL 3.2.2","processedAt":"2026-08-11T13:43:44.753Z"}}},{"type":"Feature","geometry":{"type":"Point","coordinates":[3.7004438,51.5229586]},"properties":{"chartedValueMetres":1.7,"chartedValueRelationToDatum":"below","depthDatum":"Approximate LAT","depthDatumCode":42,"depthDatumStatus":"VERIFIED_FROM_OFFICIAL_DOCUMENTATION","verticalDatum":"Local Datum","verticalDatumCode":24,"napIdentityStatus":"UNVERIFIED","sourceFeatureLnam":"1F2B6A5E4FE07537","sourceCellId":"1R75W89I","sourceChecksum":"75b5e0c67f673d567bb1fae9d6aa2607be5c46177579e724278999342ef0b716","pipelineFeatureId":"1R75W89I/SOUNDG/1283117895/55","provenance":{"cellId":"1R75W89I","checksum":"75b5e0c67f673d567bb1fae9d6aa2607be5c46177579e724278999342ef0b716","readerVersion":"GDAL 3.2.2","processedAt":"2026-08-11T13:43:44.753Z"}}},{"type":"Feature","geometry":{"type":"Point","coordinates":[3.7236639,51.5238068]},"properties":{"chartedValueMetres":1.7,"chartedValueRelationToDatum":"below","depthDatum":"Approximate LAT","depthDatumCode":42,"depthDatumStatus":"VERIFIED_FROM_OFFICIAL_DOCUMENTATION","verticalDatum":"Local Datum","verticalDatumCode":24,"napIdentityStatus":"UNVERIFIED","sourceFeatureLnam":"1F2B6A5E4FE07537","sourceCellId":"1R75W89I","sourceChecksum":"75b5e0c67f673d567bb1fae9d6aa2607be5c46177579e724278999342ef0b716","pipelineFeatureId":"1R75W89I/SOUNDG/1283117895/56","provenance":{"cellId":"1R75W89I","checksum":"75b5e0c67f673d567bb1fae9d6aa2607be5c46177579e724278999342ef0b716","readerVersion":"GDAL 3.2.2","processedAt":"2026-08-11T13:43:44.753Z"}}},{"type":"Feature","geometry":{"type":"Point","coordinates":[3.712339,51.5185709]},"properties":{"chartedValueMetres":1.7,"chartedValueRelationToDatum":"below","depthDatum":"Approximate LAT","depthDatumCode":42,"depthDatumStatus":"VERIFIED_FROM_OFFICIAL_DOCUMENTATION","verticalDatum":"Local Datum","verticalDatumCode":24,"napIdentityStatus":"UNVERIFIED","sourceFeatureLnam":"1F2B6A5E4FE07537","sourceCellId":"1R75W89I","sourceChecksum":"75b5e0c67f673d567bb1fae9d6aa2607be5c46177579e724278999342ef0b716","pipelineFeatureId":"1R75W89I/SOUNDG/1283117895/57","provenance":{"cellId":"1R75W89I","checksum":"75b5e0c67f673d567bb1fae9d6aa2607be5c46177579e724278999342ef0b716","readerVersion":"GDAL 3.2.2","processedAt":"2026-08-11T13:43:44.753Z"}}},{"type":"Feature","geometry":{"type":"Point","coordinates":[3.7183028,51.5220414]},"properties":{"chartedValueMetres":1.7,"chartedValueRelationToDatum":"below","depthDatum":"Approximate LAT","depthDatumCode":42,"depthDatumStatus":"VERIFIED_FROM_OFFICIAL_DOCUMENTATION","verticalDatum":"Local Datum","verticalDatumCode":24,"napIdentityStatus":"UNVERIFIED","sourceFeatureLnam":"1F2B6A5E4FE07537","sourceCellId":"1R75W89I","sourceChecksum":"75b5e0c67f673d567bb1fae9d6aa2607be5c46177579e724278999342ef0b716","pipelineFeatureId":"1R75W89I/SOUNDG/1283117895/58","provenance":{"cellId":"1R75W89I","checksum":"75b5e0c67f673d567bb1fae9d6aa2607be5c46177579e724278999342ef0b716","readerVersion":"GDAL 3.2.2","processedAt":"2026-08-11T13:43:44.753Z"}}},{"type":"Feature","geometry":{"type":"Point","coordinates":[3.7141373,51.522966]},"properties":{"chartedValueMetres":1.7,"chartedValueRelationToDatum":"below","depthDatum":"Approximate LAT","depthDatumCode":42,"depthDatumStatus":"VERIFIED_FROM_OFFICIAL_DOCUMENTATION","verticalDatum":"Local Datum","verticalDatumCode":24,"napIdentityStatus":"UNVERIFIED","sourceFeatureLnam":"1F2B6A5E4FE07537","sourceCellId":"1R75W89I","sourceChecksum":"75b5e0c67f673d567bb1fae9d6aa2607be5c46177579e724278999342ef0b716","pipelineFeatureId":"1R75W89I/SOUNDG/1283117895/59","provenance":{"cellId":"1R75W89I","checksum":"75b5e0c67f673d567bb1fae9d6aa2607be5c46177579e724278999342ef0b716","readerVersion":"GDAL 3.2.2","processedAt":"2026-08-11T13:43:44.753Z"}}},{"type":"Feature","geometry":{"type":"Point","coordinates":[3.6991958,51.5167617]},"properties":{"chartedValueMetres":1.7,"chartedValueRelationToDatum":"below","depthDatum":"Approximate LAT","depthDatumCode":42,"depthDatumStatus":"VERIFIED_FROM_OFFICIAL_DOCUMENTATION","verticalDatum":"Local Datum","verticalDatumCode":24,"napIdentityStatus":"UNVERIFIED","sourceFeatureLnam":"1F2B6A5E4FE07537","sourceCellId":"1R75W89I","sourceChecksum":"75b5e0c67f673d567bb1fae9d6aa2607be5c46177579e724278999342ef0b716","pipelineFeatureId":"1R75W89I/SOUNDG/1283117895/60","provenance":{"cellId":"1R75W89I","checksum":"75b5e0c67f673d567bb1fae9d6aa2607be5c46177579e724278999342ef0b716","readerVersion":"GDAL 3.2.2","processedAt":"2026-08-11T13:43:44.753Z"}}},{"type":"Feature","geometry":{"type":"Point","coordinates":[3.7180598,51.5249202]},"properties":{"chartedValueMetres":1.8,"chartedValueRelationToDatum":"below","depthDatum":"Approximate LAT","depthDatumCode":42,"depthDatumStatus":"VERIFIED_FROM_OFFICIAL_DOCUMENTATION","verticalDatum":"Local Datum","verticalDatumCode":24,"napIdentityStatus":"UNVERIFIED","sourceFeatureLnam":"1F2B6A5E4FE07537","sourceCellId":"1R75W89I","sourceChecksum":"75b5e0c67f673d567bb1fae9d6aa2607be5c46177579e724278999342ef0b716","pipelineFeatureId":"1R75W89I/SOUNDG/1283117895/61","provenance":{"cellId":"1R75W89I","checksum":"75b5e0c67f673d567bb1fae9d6aa2607be5c46177579e724278999342ef0b716","readerVersion":"GDAL 3.2.2","processedAt":"2026-08-11T13:43:44.753Z"}}},{"type":"Feature","geometry":{"type":"Point","coordinates":[3.7213323,51.5222026]},"properties":{"chartedValueMetres":1.8,"chartedValueRelationToDatum":"below","depthDatum":"Approximate LAT","depthDatumCode":42,"depthDatumStatus":"VERIFIED_FROM_OFFICIAL_DOCUMENTATION","verticalDatum":"Local Datum","verticalDatumCode":24,"napIdentityStatus":"UNVERIFIED","sourceFeatureLnam":"1F2B6A5E4FE07537","sourceCellId":"1R75W89I","sourceChecksum":"75b5e0c67f673d567bb1fae9d6aa2607be5c46177579e724278999342ef0b716","pipelineFeatureId":"1R75W89I/SOUNDG/1283117895/62","provenance":{"cellId":"1R75W89I","checksum":"75b5e0c67f673d567bb1fae9d6aa2607be5c46177579e724278999342ef0b716","readerVersion":"GDAL 3.2.2","processedAt":"2026-08-11T13:43:44.753Z"}}},{"type":"Feature","geometry":{"type":"Point","coordinates":[3.7151377,51.5224204]},"properties":{"chartedValueMetres":1.8,"chartedValueRelationToDatum":"below","depthDatum":"Approximate LAT","depthDatumCode":42,"depthDatumStatus":"VERIFIED_FROM_OFFICIAL_DOCUMENTATION","verticalDatum":"Local Datum","verticalDatumCode":24,"napIdentityStatus":"UNVERIFIED","sourceFeatureLnam":"1F2B6A5E4FE07537","sourceCellId":"1R75W89I","sourceChecksum":"75b5e0c67f673d567bb1fae9d6aa2607be5c46177579e724278999342ef0b716","pipelineFeatureId":"1R75W89I/SOUNDG/1283117895/63","provenance":{"cellId":"1R75W89I","checksum":"75b5e0c67f673d567bb1fae9d6aa2607be5c46177579e724278999342ef0b716","readerVersion":"GDAL 3.2.2","processedAt":"2026-08-11T13:43:44.753Z"}}},{"type":"Feature","geometry":{"type":"Point","coordinates":[3.6910578,51.5218453]},"properties":{"chartedValueMetres":1.8,"chartedValueRelationToDatum":"below","depthDatum":"Approximate LAT","depthDatumCode":42,"depthDatumStatus":"VERIFIED_FROM_OFFICIAL_DOCUMENTATION","verticalDatum":"Local Datum","verticalDatumCode":24,"napIdentityStatus":"UNVERIFIED","sourceFeatureLnam":"1F2B6A5E4FE07537","sourceCellId":"1R75W89I","sourceChecksum":"75b5e0c67f673d567bb1fae9d6aa2607be5c46177579e724278999342ef0b716","pipelineFeatureId":"1R75W89I/SOUNDG/1283117895/64","provenance":{"cellId":"1R75W89I","checksum":"75b5e0c67f673d567bb1fae9d6aa2607be5c46177579e724278999342ef0b716","readerVersion":"GDAL 3.2.2","processedAt":"2026-08-11T13:43:44.753Z"}}},{"type":"Feature","geometry":{"type":"Point","coordinates":[3.7128612,51.5243225]},"properties":{"chartedValueMetres":1.8,"chartedValueRelationToDatum":"below","depthDatum":"Approximate LAT","depthDatumCode":42,"depthDatumStatus":"VERIFIED_FROM_OFFICIAL_DOCUMENTATION","verticalDatum":"Local Datum","verticalDatumCode":24,"napIdentityStatus":"UNVERIFIED","sourceFeatureLnam":"1F2B6A5E4FE07537","sourceCellId":"1R75W89I","sourceChecksum":"75b5e0c67f673d567bb1fae9d6aa2607be5c46177579e724278999342ef0b716","pipelineFeatureId":"1R75W89I/SOUNDG/1283117895/65","provenance":{"cellId":"1R75W89I","checksum":"75b5e0c67f673d567bb1fae9d6aa2607be5c46177579e724278999342ef0b716","readerVersion":"GDAL 3.2.2","processedAt":"2026-08-11T13:43:44.753Z"}}},{"type":"Feature","geometry":{"type":"Point","coordinates":[3.7168884,51.5237585]},"properties":{"chartedValueMetres":1.8,"chartedValueRelationToDatum":"below","depthDatum":"Approximate LAT","depthDatumCode":42,"depthDatumStatus":"VERIFIED_FROM_OFFICIAL_DOCUMENTATION","verticalDatum":"Local Datum","verticalDatumCode":24,"napIdentityStatus":"UNVERIFIED","sourceFeatureLnam":"1F2B6A5E4FE07537","sourceCellId":"1R75W89I","sourceChecksum":"75b5e0c67f673d567bb1fae9d6aa2607be5c46177579e724278999342ef0b716","pipelineFeatureId":"1R75W89I/SOUNDG/1283117895/66","provenance":{"cellId":"1R75W89I","checksum":"75b5e0c67f673d567bb1fae9d6aa2607be5c46177579e724278999342ef0b716","readerVersion":"GDAL 3.2.2","processedAt":"2026-08-11T13:43:44.753Z"}}},{"type":"Feature","geometry":{"type":"Point","coordinates":[3.7131298,51.523062]},"properties":{"chartedValueMetres":1.8,"chartedValueRelationToDatum":"below","depthDatum":"Approximate LAT","depthDatumCode":42,"depthDatumStatus":"VERIFIED_FROM_OFFICIAL_DOCUMENTATION","verticalDatum":"Local Datum","verticalDatumCode":24,"napIdentityStatus":"UNVERIFIED","sourceFeatureLnam":"1F2B6A5E4FE07537","sourceCellId":"1R75W89I","sourceChecksum":"75b5e0c67f673d567bb1fae9d6aa2607be5c46177579e724278999342ef0b716","pipelineFeatureId":"1R75W89I/SOUNDG/1283117895/67","provenance":{"cellId":"1R75W89I","checksum":"75b5e0c67f673d567bb1fae9d6aa2607be5c46177579e724278999342ef0b716","readerVersion":"GDAL 3.2.2","processedAt":"2026-08-11T13:43:44.753Z"}}},{"type":"Feature","geometry":{"type":"Point","coordinates":[3.7152917,51.5230489]},"properties":{"chartedValueMetres":1.8,"chartedValueRelationToDatum":"below","depthDatum":"Approximate LAT","depthDatumCode":42,"depthDatumStatus":"VERIFIED_FROM_OFFICIAL_DOCUMENTATION","verticalDatum":"Local Datum","verticalDatumCode":24,"napIdentityStatus":"UNVERIFIED","sourceFeatureLnam":"1F2B6A5E4FE07537","sourceCellId":"1R75W89I","sourceChecksum":"75b5e0c67f673d567bb1fae9d6aa2607be5c46177579e724278999342ef0b716","pipelineFeatureId":"1R75W89I/SOUNDG/1283117895/68","provenance":{"cellId":"1R75W89I","checksum":"75b5e0c67f673d567bb1fae9d6aa2607be5c46177579e724278999342ef0b716","readerVersion":"GDAL 3.2.2","processedAt":"2026-08-11T13:43:44.753Z"}}},{"type":"Feature","geometry":{"type":"Point","coordinates":[3.7128317,51.5224344]},"properties":{"chartedValueMetres":1.8,"chartedValueRelationToDatum":"below","depthDatum":"Approximate LAT","depthDatumCode":42,"depthDatumStatus":"VERIFIED_FROM_OFFICIAL_DOCUMENTATION","verticalDatum":"Local Datum","verticalDatumCode":24,"napIdentityStatus":"UNVERIFIED","sourceFeatureLnam":"1F2B6A5E4FE07537","sourceCellId":"1R75W89I","sourceChecksum":"75b5e0c67f673d567bb1fae9d6aa2607be5c46177579e724278999342ef0b716","pipelineFeatureId":"1R75W89I/SOUNDG/1283117895/69","provenance":{"cellId":"1R75W89I","checksum":"75b5e0c67f673d567bb1fae9d6aa2607be5c46177579e724278999342ef0b716","readerVersion":"GDAL 3.2.2","processedAt":"2026-08-11T13:43:44.753Z"}}},{"type":"Feature","geometry":{"type":"Point","coordinates":[3.7137218,51.5240475]},"properties":{"chartedValueMetres":1.8,"chartedValueRelationToDatum":"below","depthDatum":"Approximate LAT","depthDatumCode":42,"depthDatumStatus":"VERIFIED_FROM_OFFICIAL_DOCUMENTATION","verticalDatum":"Local Datum","verticalDatumCode":24,"napIdentityStatus":"UNVERIFIED","sourceFeatureLnam":"1F2B6A5E4FE07537","sourceCellId":"1R75W89I","sourceChecksum":"75b5e0c67f673d567bb1fae9d6aa2607be5c46177579e724278999342ef0b716","pipelineFeatureId":"1R75W89I/SOUNDG/1283117895/70","provenance":{"cellId":"1R75W89I","checksum":"75b5e0c67f673d567bb1fae9d6aa2607be5c46177579e724278999342ef0b716","readerVersion":"GDAL 3.2.2","processedAt":"2026-08-11T13:43:44.753Z"}}},{"type":"Feature","geometry":{"type":"Point","coordinates":[3.6944812,51.5194872]},"properties":{"chartedValueMetres":1.9,"chartedValueRelationToDatum":"below","depthDatum":"Approximate LAT","depthDatumCode":42,"depthDatumStatus":"VERIFIED_FROM_OFFICIAL_DOCUMENTATION","verticalDatum":"Local Datum","verticalDatumCode":24,"napIdentityStatus":"UNVERIFIED","sourceFeatureLnam":"1F2B6A5E4FE07537","sourceCellId":"1R75W89I","sourceChecksum":"75b5e0c67f673d567bb1fae9d6aa2607be5c46177579e724278999342ef0b716","pipelineFeatureId":"1R75W89I/SOUNDG/1283117895/71","provenance":{"cellId":"1R75W89I","checksum":"75b5e0c67f673d567bb1fae9d6aa2607be5c46177579e724278999342ef0b716","readerVersion":"GDAL 3.2.2","processedAt":"2026-08-11T13:43:44.753Z"}}},{"type":"Feature","geometry":{"type":"Point","coordinates":[3.7214934,51.5232806]},"properties":{"chartedValueMetres":1.9,"chartedValueRelationToDatum":"below","depthDatum":"Approximate LAT","depthDatumCode":42,"depthDatumStatus":"VERIFIED_FROM_OFFICIAL_DOCUMENTATION","verticalDatum":"Local Datum","verticalDatumCode":24,"napIdentityStatus":"UNVERIFIED","sourceFeatureLnam":"1F2B6A5E4FE07537","sourceCellId":"1R75W89I","sourceChecksum":"75b5e0c67f673d567bb1fae9d6aa2607be5c46177579e724278999342ef0b716","pipelineFeatureId":"1R75W89I/SOUNDG/1283117895/72","provenance":{"cellId":"1R75W89I","checksum":"75b5e0c67f673d567bb1fae9d6aa2607be5c46177579e724278999342ef0b716","readerVersion":"GDAL 3.2.2","processedAt":"2026-08-11T13:43:44.753Z"}}},{"type":"Feature","geometry":{"type":"Point","coordinates":[3.7121181,51.5228883]},"properties":{"chartedValueMetres":2,"chartedValueRelationToDatum":"below","depthDatum":"Approximate LAT","depthDatumCode":42,"depthDatumStatus":"VERIFIED_FROM_OFFICIAL_DOCUMENTATION","verticalDatum":"Local Datum","verticalDatumCode":24,"napIdentityStatus":"UNVERIFIED","sourceFeatureLnam":"1F2B6A5E4FE07537","sourceCellId":"1R75W89I","sourceChecksum":"75b5e0c67f673d567bb1fae9d6aa2607be5c46177579e724278999342ef0b716","pipelineFeatureId":"1R75W89I/SOUNDG/1283117895/73","provenance":{"cellId":"1R75W89I","checksum":"75b5e0c67f673d567bb1fae9d6aa2607be5c46177579e724278999342ef0b716","readerVersion":"GDAL 3.2.2","processedAt":"2026-08-11T13:43:44.753Z"}}},{"type":"Feature","geometry":{"type":"Point","coordinates":[3.7103116,51.5179538]},"properties":{"chartedValueMetres":2,"chartedValueRelationToDatum":"below","depthDatum":"Approximate LAT","depthDatumCode":42,"depthDatumStatus":"VERIFIED_FROM_OFFICIAL_DOCUMENTATION","verticalDatum":"Local Datum","verticalDatumCode":24,"napIdentityStatus":"UNVERIFIED","sourceFeatureLnam":"1F2B6A5E4FE07537","sourceCellId":"1R75W89I","sourceChecksum":"75b5e0c67f673d567bb1fae9d6aa2607be5c46177579e724278999342ef0b716","pipelineFeatureId":"1R75W89I/SOUNDG/1283117895/74","provenance":{"cellId":"1R75W89I","checksum":"75b5e0c67f673d567bb1fae9d6aa2607be5c46177579e724278999342ef0b716","readerVersion":"GDAL 3.2.2","processedAt":"2026-08-11T13:43:44.753Z"}}},{"type":"Feature","geometry":{"type":"Point","coordinates":[3.6980402,51.5165887]},"properties":{"chartedValueMetres":2,"chartedValueRelationToDatum":"below","depthDatum":"Approximate LAT","depthDatumCode":42,"depthDatumStatus":"VERIFIED_FROM_OFFICIAL_DOCUMENTATION","verticalDatum":"Local Datum","verticalDatumCode":24,"napIdentityStatus":"UNVERIFIED","sourceFeatureLnam":"1F2B6A5E4FE07537","sourceCellId":"1R75W89I","sourceChecksum":"75b5e0c67f673d567bb1fae9d6aa2607be5c46177579e724278999342ef0b716","pipelineFeatureId":"1R75W89I/SOUNDG/1283117895/75","provenance":{"cellId":"1R75W89I","checksum":"75b5e0c67f673d567bb1fae9d6aa2607be5c46177579e724278999342ef0b716","readerVersion":"GDAL 3.2.2","processedAt":"2026-08-11T13:43:44.753Z"}}},{"type":"Feature","geometry":{"type":"Point","coordinates":[3.6984508,51.524589]},"properties":{"chartedValueMetres":2,"chartedValueRelationToDatum":"below","depthDatum":"Approximate LAT","depthDatumCode":42,"depthDatumStatus":"VERIFIED_FROM_OFFICIAL_DOCUMENTATION","verticalDatum":"Local Datum","verticalDatumCode":24,"napIdentityStatus":"UNVERIFIED","sourceFeatureLnam":"1F2B6A5E4FE07537","sourceCellId":"1R75W89I","sourceChecksum":"75b5e0c67f673d567bb1fae9d6aa2607be5c46177579e724278999342ef0b716","pipelineFeatureId":"1R75W89I/SOUNDG/1283117895/76","provenance":{"cellId":"1R75W89I","checksum":"75b5e0c67f673d567bb1fae9d6aa2607be5c46177579e724278999342ef0b716","readerVersion":"GDAL 3.2.2","processedAt":"2026-08-11T13:43:44.753Z"}}},{"type":"Feature","geometry":{"type":"Point","coordinates":[3.7133998,51.5218914]},"properties":{"chartedValueMetres":2,"chartedValueRelationToDatum":"below","depthDatum":"Approximate LAT","depthDatumCode":42,"depthDatumStatus":"VERIFIED_FROM_OFFICIAL_DOCUMENTATION","verticalDatum":"Local Datum","verticalDatumCode":24,"napIdentityStatus":"UNVERIFIED","sourceFeatureLnam":"1F2B6A5E4FE07537","sourceCellId":"1R75W89I","sourceChecksum":"75b5e0c67f673d567bb1fae9d6aa2607be5c46177579e724278999342ef0b716","pipelineFeatureId":"1R75W89I/SOUNDG/1283117895/77","provenance":{"cellId":"1R75W89I","checksum":"75b5e0c67f673d567bb1fae9d6aa2607be5c46177579e724278999342ef0b716","readerVersion":"GDAL 3.2.2","processedAt":"2026-08-11T13:43:44.753Z"}}},{"type":"Feature","geometry":{"type":"Point","coordinates":[3.6944192,51.5248827]},"properties":{"chartedValueMetres":2,"chartedValueRelationToDatum":"below","depthDatum":"Approximate LAT","depthDatumCode":42,"depthDatumStatus":"VERIFIED_FROM_OFFICIAL_DOCUMENTATION","verticalDatum":"Local Datum","verticalDatumCode":24,"napIdentityStatus":"UNVERIFIED","sourceFeatureLnam":"1F2B6A5E4FE07537","sourceCellId":"1R75W89I","sourceChecksum":"75b5e0c67f673d567bb1fae9d6aa2607be5c46177579e724278999342ef0b716","pipelineFeatureId":"1R75W89I/SOUNDG/1283117895/78","provenance":{"cellId":"1R75W89I","checksum":"75b5e0c67f673d567bb1fae9d6aa2607be5c46177579e724278999342ef0b716","readerVersion":"GDAL 3.2.2","processedAt":"2026-08-11T13:43:44.753Z"}}},{"type":"Feature","geometry":{"type":"Point","coordinates":[3.7123909,51.5218976]},"properties":{"chartedValueMetres":2,"chartedValueRelationToDatum":"below","depthDatum":"Approximate LAT","depthDatumCode":42,"depthDatumStatus":"VERIFIED_FROM_OFFICIAL_DOCUMENTATION","verticalDatum":"Local Datum","verticalDatumCode":24,"napIdentityStatus":"UNVERIFIED","sourceFeatureLnam":"1F2B6A5E4FE07537","sourceCellId":"1R75W89I","sourceChecksum":"75b5e0c67f673d567bb1fae9d6aa2607be5c46177579e724278999342ef0b716","pipelineFeatureId":"1R75W89I/SOUNDG/1283117895/79","provenance":{"cellId":"1R75W89I","checksum":"75b5e0c67f673d567bb1fae9d6aa2607be5c46177579e724278999342ef0b716","readerVersion":"GDAL 3.2.2","processedAt":"2026-08-11T13:43:44.753Z"}}},{"type":"Feature","geometry":{"type":"Point","coordinates":[3.7171908,51.5246558]},"properties":{"chartedValueMetres":2.1,"chartedValueRelationToDatum":"below","depthDatum":"Approximate LAT","depthDatumCode":42,"depthDatumStatus":"VERIFIED_FROM_OFFICIAL_DOCUMENTATION","verticalDatum":"Local Datum","verticalDatumCode":24,"napIdentityStatus":"UNVERIFIED","sourceFeatureLnam":"1F2B6A5E4FE07537","sourceCellId":"1R75W89I","sourceChecksum":"75b5e0c67f673d567bb1fae9d6aa2607be5c46177579e724278999342ef0b716","pipelineFeatureId":"1R75W89I/SOUNDG/1283117895/80","provenance":{"cellId":"1R75W89I","checksum":"75b5e0c67f673d567bb1fae9d6aa2607be5c46177579e724278999342ef0b716","readerVersion":"GDAL 3.2.2","processedAt":"2026-08-11T13:43:44.753Z"}}},{"type":"Feature","geometry":{"type":"Point","coordinates":[3.7210724,51.5240026]},"properties":{"chartedValueMetres":2.1,"chartedValueRelationToDatum":"below","depthDatum":"Approximate LAT","depthDatumCode":42,"depthDatumStatus":"VERIFIED_FROM_OFFICIAL_DOCUMENTATION","verticalDatum":"Local Datum","verticalDatumCode":24,"napIdentityStatus":"UNVERIFIED","sourceFeatureLnam":"1F2B6A5E4FE07537","sourceCellId":"1R75W89I","sourceChecksum":"75b5e0c67f673d567bb1fae9d6aa2607be5c46177579e724278999342ef0b716","pipelineFeatureId":"1R75W89I/SOUNDG/1283117895/81","provenance":{"cellId":"1R75W89I","checksum":"75b5e0c67f673d567bb1fae9d6aa2607be5c46177579e724278999342ef0b716","readerVersion":"GDAL 3.2.2","processedAt":"2026-08-11T13:43:44.753Z"}}},{"type":"Feature","geometry":{"type":"Point","coordinates":[3.7116773,51.5223515]},"properties":{"chartedValueMetres":2.1,"chartedValueRelationToDatum":"below","depthDatum":"Approximate LAT","depthDatumCode":42,"depthDatumStatus":"VERIFIED_FROM_OFFICIAL_DOCUMENTATION","verticalDatum":"Local Datum","verticalDatumCode":24,"napIdentityStatus":"UNVERIFIED","sourceFeatureLnam":"1F2B6A5E4FE07537","sourceCellId":"1R75W89I","sourceChecksum":"75b5e0c67f673d567bb1fae9d6aa2607be5c46177579e724278999342ef0b716","pipelineFeatureId":"1R75W89I/SOUNDG/1283117895/82","provenance":{"cellId":"1R75W89I","checksum":"75b5e0c67f673d567bb1fae9d6aa2607be5c46177579e724278999342ef0b716","readerVersion":"GDAL 3.2.2","processedAt":"2026-08-11T13:43:44.753Z"}}},{"type":"Feature","geometry":{"type":"Point","coordinates":[3.7123797,51.5211783]},"properties":{"chartedValueMetres":2.1,"chartedValueRelationToDatum":"below","depthDatum":"Approximate LAT","depthDatumCode":42,"depthDatumStatus":"VERIFIED_FROM_OFFICIAL_DOCUMENTATION","verticalDatum":"Local Datum","verticalDatumCode":24,"napIdentityStatus":"UNVERIFIED","sourceFeatureLnam":"1F2B6A5E4FE07537","sourceCellId":"1R75W89I","sourceChecksum":"75b5e0c67f673d567bb1fae9d6aa2607be5c46177579e724278999342ef0b716","pipelineFeatureId":"1R75W89I/SOUNDG/1283117895/83","provenance":{"cellId":"1R75W89I","checksum":"75b5e0c67f673d567bb1fae9d6aa2607be5c46177579e724278999342ef0b716","readerVersion":"GDAL 3.2.2","processedAt":"2026-08-11T13:43:44.753Z"}}},{"type":"Feature","geometry":{"type":"Point","coordinates":[3.710793,51.521098]},"properties":{"chartedValueMetres":2.2,"chartedValueRelationToDatum":"below","depthDatum":"Approximate LAT","depthDatumCode":42,"depthDatumStatus":"VERIFIED_FROM_OFFICIAL_DOCUMENTATION","verticalDatum":"Local Datum","verticalDatumCode":24,"napIdentityStatus":"UNVERIFIED","sourceFeatureLnam":"1F2B6A5E4FE07537","sourceCellId":"1R75W89I","sourceChecksum":"75b5e0c67f673d567bb1fae9d6aa2607be5c46177579e724278999342ef0b716","pipelineFeatureId":"1R75W89I/SOUNDG/1283117895/84","provenance":{"cellId":"1R75W89I","checksum":"75b5e0c67f673d567bb1fae9d6aa2607be5c46177579e724278999342ef0b716","readerVersion":"GDAL 3.2.2","processedAt":"2026-08-11T13:43:44.753Z"}}},{"type":"Feature","geometry":{"type":"Point","coordinates":[3.7116941,51.5234304]},"properties":{"chartedValueMetres":2.2,"chartedValueRelationToDatum":"below","depthDatum":"Approximate LAT","depthDatumCode":42,"depthDatumStatus":"VERIFIED_FROM_OFFICIAL_DOCUMENTATION","verticalDatum":"Local Datum","verticalDatumCode":24,"napIdentityStatus":"UNVERIFIED","sourceFeatureLnam":"1F2B6A5E4FE07537","sourceCellId":"1R75W89I","sourceChecksum":"75b5e0c67f673d567bb1fae9d6aa2607be5c46177579e724278999342ef0b716","pipelineFeatureId":"1R75W89I/SOUNDG/1283117895/85","provenance":{"cellId":"1R75W89I","checksum":"75b5e0c67f673d567bb1fae9d6aa2607be5c46177579e724278999342ef0b716","readerVersion":"GDAL 3.2.2","processedAt":"2026-08-11T13:43:44.753Z"}}},{"type":"Feature","geometry":{"type":"Point","coordinates":[3.7091923,51.5201186]},"properties":{"chartedValueMetres":2.3,"chartedValueRelationToDatum":"below","depthDatum":"Approximate LAT","depthDatumCode":42,"depthDatumStatus":"VERIFIED_FROM_OFFICIAL_DOCUMENTATION","verticalDatum":"Local Datum","verticalDatumCode":24,"napIdentityStatus":"UNVERIFIED","sourceFeatureLnam":"1F2B6A5E4FE07537","sourceCellId":"1R75W89I","sourceChecksum":"75b5e0c67f673d567bb1fae9d6aa2607be5c46177579e724278999342ef0b716","pipelineFeatureId":"1R75W89I/SOUNDG/1283117895/86","provenance":{"cellId":"1R75W89I","checksum":"75b5e0c67f673d567bb1fae9d6aa2607be5c46177579e724278999342ef0b716","readerVersion":"GDAL 3.2.2","processedAt":"2026-08-11T13:43:44.753Z"}}},{"type":"Feature","geometry":{"type":"Point","coordinates":[3.7111092,51.5228945]},"properties":{"chartedValueMetres":2.3,"chartedValueRelationToDatum":"below","depthDatum":"Approximate LAT","depthDatumCode":42,"depthDatumStatus":"VERIFIED_FROM_OFFICIAL_DOCUMENTATION","verticalDatum":"Local Datum","verticalDatumCode":24,"napIdentityStatus":"UNVERIFIED","sourceFeatureLnam":"1F2B6A5E4FE07537","sourceCellId":"1R75W89I","sourceChecksum":"75b5e0c67f673d567bb1fae9d6aa2607be5c46177579e724278999342ef0b716","pipelineFeatureId":"1R75W89I/SOUNDG/1283117895/87","provenance":{"cellId":"1R75W89I","checksum":"75b5e0c67f673d567bb1fae9d6aa2607be5c46177579e724278999342ef0b716","readerVersion":"GDAL 3.2.2","processedAt":"2026-08-11T13:43:44.753Z"}}},{"type":"Feature","geometry":{"type":"Point","coordinates":[3.7105145,51.5217291]},"properties":{"chartedValueMetres":2.4,"chartedValueRelationToDatum":"below","depthDatum":"Approximate LAT","depthDatumCode":42,"depthDatumStatus":"VERIFIED_FROM_OFFICIAL_DOCUMENTATION","verticalDatum":"Local Datum","verticalDatumCode":24,"napIdentityStatus":"UNVERIFIED","sourceFeatureLnam":"1F2B6A5E4FE07537","sourceCellId":"1R75W89I","sourceChecksum":"75b5e0c67f673d567bb1fae9d6aa2607be5c46177579e724278999342ef0b716","pipelineFeatureId":"1R75W89I/SOUNDG/1283117895/88","provenance":{"cellId":"1R75W89I","checksum":"75b5e0c67f673d567bb1fae9d6aa2607be5c46177579e724278999342ef0b716","readerVersion":"GDAL 3.2.2","processedAt":"2026-08-11T13:43:44.753Z"}}},{"type":"Feature","geometry":{"type":"Point","coordinates":[3.6974816,51.517761]},"properties":{"chartedValueMetres":2.4,"chartedValueRelationToDatum":"below","depthDatum":"Approximate LAT","depthDatumCode":42,"depthDatumStatus":"VERIFIED_FROM_OFFICIAL_DOCUMENTATION","verticalDatum":"Local Datum","verticalDatumCode":24,"napIdentityStatus":"UNVERIFIED","sourceFeatureLnam":"1F2B6A5E4FE07537","sourceCellId":"1R75W89I","sourceChecksum":"75b5e0c67f673d567bb1fae9d6aa2607be5c46177579e724278999342ef0b716","pipelineFeatureId":"1R75W89I/SOUNDG/1283117895/89","provenance":{"cellId":"1R75W89I","checksum":"75b5e0c67f673d567bb1fae9d6aa2607be5c46177579e724278999342ef0b716","readerVersion":"GDAL 3.2.2","processedAt":"2026-08-11T13:43:44.753Z"}}},{"type":"Feature","geometry":{"type":"Point","coordinates":[3.7097827,51.5210142]},"properties":{"chartedValueMetres":2.5,"chartedValueRelationToDatum":"below","depthDatum":"Approximate LAT","depthDatumCode":42,"depthDatumStatus":"VERIFIED_FROM_OFFICIAL_DOCUMENTATION","verticalDatum":"Local Datum","verticalDatumCode":24,"napIdentityStatus":"UNVERIFIED","sourceFeatureLnam":"1F2B6A5E4FE07537","sourceCellId":"1R75W89I","sourceChecksum":"75b5e0c67f673d567bb1fae9d6aa2607be5c46177579e724278999342ef0b716","pipelineFeatureId":"1R75W89I/SOUNDG/1283117895/90","provenance":{"cellId":"1R75W89I","checksum":"75b5e0c67f673d567bb1fae9d6aa2607be5c46177579e724278999342ef0b716","readerVersion":"GDAL 3.2.2","processedAt":"2026-08-11T13:43:44.753Z"}}},{"type":"Feature","geometry":{"type":"Point","coordinates":[3.7229603,51.5248901]},"properties":{"chartedValueMetres":2.5,"chartedValueRelationToDatum":"below","depthDatum":"Approximate LAT","depthDatumCode":42,"depthDatumStatus":"VERIFIED_FROM_OFFICIAL_DOCUMENTATION","verticalDatum":"Local Datum","verticalDatumCode":24,"napIdentityStatus":"UNVERIFIED","sourceFeatureLnam":"1F2B6A5E4FE07537","sourceCellId":"1R75W89I","sourceChecksum":"75b5e0c67f673d567bb1fae9d6aa2607be5c46177579e724278999342ef0b716","pipelineFeatureId":"1R75W89I/SOUNDG/1283117895/91","provenance":{"cellId":"1R75W89I","checksum":"75b5e0c67f673d567bb1fae9d6aa2607be5c46177579e724278999342ef0b716","readerVersion":"GDAL 3.2.2","processedAt":"2026-08-11T13:43:44.753Z"}}},{"type":"Feature","geometry":{"type":"Point","coordinates":[3.7077511,51.5201273]},"properties":{"chartedValueMetres":2.5,"chartedValueRelationToDatum":"below","depthDatum":"Approximate LAT","depthDatumCode":42,"depthDatumStatus":"VERIFIED_FROM_OFFICIAL_DOCUMENTATION","verticalDatum":"Local Datum","verticalDatumCode":24,"napIdentityStatus":"UNVERIFIED","sourceFeatureLnam":"1F2B6A5E4FE07537","sourceCellId":"1R75W89I","sourceChecksum":"75b5e0c67f673d567bb1fae9d6aa2607be5c46177579e724278999342ef0b716","pipelineFeatureId":"1R75W89I/SOUNDG/1283117895/92","provenance":{"cellId":"1R75W89I","checksum":"75b5e0c67f673d567bb1fae9d6aa2607be5c46177579e724278999342ef0b716","readerVersion":"GDAL 3.2.2","processedAt":"2026-08-11T13:43:44.753Z"}}},{"type":"Feature","geometry":{"type":"Point","coordinates":[3.7106684,51.5223576]},"properties":{"chartedValueMetres":2.5,"chartedValueRelationToDatum":"below","depthDatum":"Approximate LAT","depthDatumCode":42,"depthDatumStatus":"VERIFIED_FROM_OFFICIAL_DOCUMENTATION","verticalDatum":"Local Datum","verticalDatumCode":24,"napIdentityStatus":"UNVERIFIED","sourceFeatureLnam":"1F2B6A5E4FE07537","sourceCellId":"1R75W89I","sourceChecksum":"75b5e0c67f673d567bb1fae9d6aa2607be5c46177579e724278999342ef0b716","pipelineFeatureId":"1R75W89I/SOUNDG/1283117895/93","provenance":{"cellId":"1R75W89I","checksum":"75b5e0c67f673d567bb1fae9d6aa2607be5c46177579e724278999342ef0b716","readerVersion":"GDAL 3.2.2","processedAt":"2026-08-11T13:43:44.753Z"}}},{"type":"Feature","geometry":{"type":"Point","coordinates":[3.7111819,51.5183082]},"properties":{"chartedValueMetres":2.7,"chartedValueRelationToDatum":"below","depthDatum":"Approximate LAT","depthDatumCode":42,"depthDatumStatus":"VERIFIED_FROM_OFFICIAL_DOCUMENTATION","verticalDatum":"Local Datum","verticalDatumCode":24,"napIdentityStatus":"UNVERIFIED","sourceFeatureLnam":"1F2B6A5E4FE07537","sourceCellId":"1R75W89I","sourceChecksum":"75b5e0c67f673d567bb1fae9d6aa2607be5c46177579e724278999342ef0b716","pipelineFeatureId":"1R75W89I/SOUNDG/1283117895/94","provenance":{"cellId":"1R75W89I","checksum":"75b5e0c67f673d567bb1fae9d6aa2607be5c46177579e724278999342ef0b716","readerVersion":"GDAL 3.2.2","processedAt":"2026-08-11T13:43:44.753Z"}}},{"type":"Feature","geometry":{"type":"Point","coordinates":[3.7089138,51.5207497]},"properties":{"chartedValueMetres":2.8,"chartedValueRelationToDatum":"below","depthDatum":"Approximate LAT","depthDatumCode":42,"depthDatumStatus":"VERIFIED_FROM_OFFICIAL_DOCUMENTATION","verticalDatum":"Local Datum","verticalDatumCode":24,"napIdentityStatus":"UNVERIFIED","sourceFeatureLnam":"1F2B6A5E4FE07537","sourceCellId":"1R75W89I","sourceChecksum":"75b5e0c67f673d567bb1fae9d6aa2607be5c46177579e724278999342ef0b716","pipelineFeatureId":"1R75W89I/SOUNDG/1283117895/95","provenance":{"cellId":"1R75W89I","checksum":"75b5e0c67f673d567bb1fae9d6aa2607be5c46177579e724278999342ef0b716","readerVersion":"GDAL 3.2.2","processedAt":"2026-08-11T13:43:44.753Z"}}},{"type":"Feature","geometry":{"type":"Point","coordinates":[3.7112169,51.5205559]},"properties":{"chartedValueMetres":2.8,"chartedValueRelationToDatum":"below","depthDatum":"Approximate LAT","depthDatumCode":42,"depthDatumStatus":"VERIFIED_FROM_OFFICIAL_DOCUMENTATION","verticalDatum":"Local Datum","verticalDatumCode":24,"napIdentityStatus":"UNVERIFIED","sourceFeatureLnam":"1F2B6A5E4FE07537","sourceCellId":"1R75W89I","sourceChecksum":"75b5e0c67f673d567bb1fae9d6aa2607be5c46177579e724278999342ef0b716","pipelineFeatureId":"1R75W89I/SOUNDG/1283117895/96","provenance":{"cellId":"1R75W89I","checksum":"75b5e0c67f673d567bb1fae9d6aa2607be5c46177579e724278999342ef0b716","readerVersion":"GDAL 3.2.2","processedAt":"2026-08-11T13:43:44.753Z"}}},{"type":"Feature","geometry":{"type":"Point","coordinates":[3.7080561,51.5212045]},"properties":{"chartedValueMetres":2.9,"chartedValueRelationToDatum":"below","depthDatum":"Approximate LAT","depthDatumCode":42,"depthDatumStatus":"VERIFIED_FROM_OFFICIAL_DOCUMENTATION","verticalDatum":"Local Datum","verticalDatumCode":24,"napIdentityStatus":"UNVERIFIED","sourceFeatureLnam":"1F2B6A5E4FE07537","sourceCellId":"1R75W89I","sourceChecksum":"75b5e0c67f673d567bb1fae9d6aa2607be5c46177579e724278999342ef0b716","pipelineFeatureId":"1R75W89I/SOUNDG/1283117895/97","provenance":{"cellId":"1R75W89I","checksum":"75b5e0c67f673d567bb1fae9d6aa2607be5c46177579e724278999342ef0b716","readerVersion":"GDAL 3.2.2","processedAt":"2026-08-11T13:43:44.753Z"}}},{"type":"Feature","geometry":{"type":"Point","coordinates":[3.6261763,51.4993703]},"properties":{"chartedValueMetres":2.9,"chartedValueRelationToDatum":"below","depthDatum":"Approximate LAT","depthDatumCode":42,"depthDatumStatus":"VERIFIED_FROM_OFFICIAL_DOCUMENTATION","verticalDatum":"Local Datum","verticalDatumCode":24,"napIdentityStatus":"UNVERIFIED","sourceFeatureLnam":"1F2B6A5E4FE07537","sourceCellId":"1R75W89I","sourceChecksum":"75b5e0c67f673d567bb1fae9d6aa2607be5c46177579e724278999342ef0b716","pipelineFeatureId":"1R75W89I/SOUNDG/1283117895/98","provenance":{"cellId":"1R75W89I","checksum":"75b5e0c67f673d567bb1fae9d6aa2607be5c46177579e724278999342ef0b716","readerVersion":"GDAL 3.2.2","processedAt":"2026-08-11T13:43:44.753Z"}}},{"type":"Feature","geometry":{"type":"Point","coordinates":[3.6171915,51.4954615]},"properties":{"chartedValueMetres":2.9,"chartedValueRelationToDatum":"below","depthDatum":"Approximate LAT","depthDatumCode":42,"depthDatumStatus":"VERIFIED_FROM_OFFICIAL_DOCUMENTATION","verticalDatum":"Local Datum","verticalDatumCode":24,"napIdentityStatus":"UNVERIFIED","sourceFeatureLnam":"1F2B6A5E4FE07537","sourceCellId":"1R75W89I","sourceChecksum":"75b5e0c67f673d567bb1fae9d6aa2607be5c46177579e724278999342ef0b716","pipelineFeatureId":"1R75W89I/SOUNDG/1283117895/99","provenance":{"cellId":"1R75W89I","checksum":"75b5e0c67f673d567bb1fae9d6aa2607be5c46177579e724278999342ef0b716","readerVersion":"GDAL 3.2.2","processedAt":"2026-08-11T13:43:44.753Z"}}},{"type":"Feature","geometry":{"type":"Point","coordinates":[3.6248724,51.4988378]},"properties":{"chartedValueMetres":2.9,"chartedValueRelationToDatum":"below","depthDatum":"Approximate LAT","depthDatumCode":42,"depthDatumStatus":"VERIFIED_FROM_OFFICIAL_DOCUMENTATION","verticalDatum":"Local Datum","verticalDatumCode":24,"napIdentityStatus":"UNVERIFIED","sourceFeatureLnam":"1F2B6A5E4FE07537","sourceCellId":"1R75W89I","sourceChecksum":"75b5e0c67f673d567bb1fae9d6aa2607be5c46177579e724278999342ef0b716","pipelineFeatureId":"1R75W89I/SOUNDG/1283117895/100","provenance":{"cellId":"1R75W89I","checksum":"75b5e0c67f673d567bb1fae9d6aa2607be5c46177579e724278999342ef0b716","readerVersion":"GDAL 3.2.2","processedAt":"2026-08-11T13:43:44.753Z"}}},{"type":"Feature","geometry":{"type":"Point","coordinates":[3.6629626,51.5226369]},"properties":{"chartedValueMetres":2.9,"chartedValueRelationToDatum":"below","depthDatum":"Approximate LAT","depthDatumCode":42,"depthDatumStatus":"VERIFIED_FROM_OFFICIAL_DOCUMENTATION","verticalDatum":"Local Datum","verticalDatumCode":24,"napIdentityStatus":"UNVERIFIED","sourceFeatureLnam":"1F2B6A5E4FE07537","sourceCellId":"1R75W89I","sourceChecksum":"75b5e0c67f673d567bb1fae9d6aa2607be5c46177579e724278999342ef0b716","pipelineFeatureId":"1R75W89I/SOUNDG/1283117895/101","provenance":{"cellId":"1R75W89I","checksum":"75b5e0c67f673d567bb1fae9d6aa2607be5c46177579e724278999342ef0b716","readerVersion":"GDAL 3.2.2","processedAt":"2026-08-11T13:43:44.753Z"}}},{"type":"Feature","geometry":{"type":"Point","coordinates":[3.618638,51.4959035]},"properties":{"chartedValueMetres":2.9,"chartedValueRelationToDatum":"below","depthDatum":"Approximate LAT","depthDatumCode":42,"depthDatumStatus":"VERIFIED_FROM_OFFICIAL_DOCUMENTATION","verticalDatum":"Local Datum","verticalDatumCode":24,"napIdentityStatus":"UNVERIFIED","sourceFeatureLnam":"1F2B6A5E4FE07537","sourceCellId":"1R75W89I","sourceChecksum":"75b5e0c67f673d567bb1fae9d6aa2607be5c46177579e724278999342ef0b716","pipelineFeatureId":"1R75W89I/SOUNDG/1283117895/102","provenance":{"cellId":"1R75W89I","checksum":"75b5e0c67f673d567bb1fae9d6aa2607be5c46177579e724278999342ef0b716","readerVersion":"GDAL 3.2.2","processedAt":"2026-08-11T13:43:44.753Z"}}},{"type":"Feature","geometry":{"type":"Point","coordinates":[3.6581545,51.5190672]},"properties":{"chartedValueMetres":2.9,"chartedValueRelationToDatum":"below","depthDatum":"Approximate LAT","depthDatumCode":42,"depthDatumStatus":"VERIFIED_FROM_OFFICIAL_DOCUMENTATION","verticalDatum":"Local Datum","verticalDatumCode":24,"napIdentityStatus":"UNVERIFIED","sourceFeatureLnam":"1F2B6A5E4FE07537","sourceCellId":"1R75W89I","sourceChecksum":"75b5e0c67f673d567bb1fae9d6aa2607be5c46177579e724278999342ef0b716","pipelineFeatureId":"1R75W89I/SOUNDG/1283117895/103","provenance":{"cellId":"1R75W89I","checksum":"75b5e0c67f673d567bb1fae9d6aa2607be5c46177579e724278999342ef0b716","readerVersion":"GDAL 3.2.2","processedAt":"2026-08-11T13:43:44.753Z"}}},{"type":"Feature","geometry":{"type":"Point","coordinates":[3.6574275,51.5186217]},"properties":{"chartedValueMetres":2.9,"chartedValueRelationToDatum":"below","depthDatum":"Approximate LAT","depthDatumCode":42,"depthDatumStatus":"VERIFIED_FROM_OFFICIAL_DOCUMENTATION","verticalDatum":"Local Datum","verticalDatumCode":24,"napIdentityStatus":"UNVERIFIED","sourceFeatureLnam":"1F2B6A5E4FE07537","sourceCellId":"1R75W89I","sourceChecksum":"75b5e0c67f673d567bb1fae9d6aa2607be5c46177579e724278999342ef0b716","pipelineFeatureId":"1R75W89I/SOUNDG/1283117895/104","provenance":{"cellId":"1R75W89I","checksum":"75b5e0c67f673d567bb1fae9d6aa2607be5c46177579e724278999342ef0b716","readerVersion":"GDAL 3.2.2","processedAt":"2026-08-11T13:43:44.753Z"}}},{"type":"Feature","geometry":{"type":"Point","coordinates":[3.6363178,51.503452]},"properties":{"chartedValueMetres":2.9,"chartedValueRelationToDatum":"below","depthDatum":"Approximate LAT","depthDatumCode":42,"depthDatumStatus":"VERIFIED_FROM_OFFICIAL_DOCUMENTATION","verticalDatum":"Local Datum","verticalDatumCode":24,"napIdentityStatus":"UNVERIFIED","sourceFeatureLnam":"1F2B6A5E4FE07537","sourceCellId":"1R75W89I","sourceChecksum":"75b5e0c67f673d567bb1fae9d6aa2607be5c46177579e724278999342ef0b716","pipelineFeatureId":"1R75W89I/SOUNDG/1283117895/105","provenance":{"cellId":"1R75W89I","checksum":"75b5e0c67f673d567bb1fae9d6aa2607be5c46177579e724278999342ef0b716","readerVersion":"GDAL 3.2.2","processedAt":"2026-08-11T13:43:44.753Z"}}},{"type":"Feature","geometry":{"type":"Point","coordinates":[3.6651586,51.5249623]},"properties":{"chartedValueMetres":2.9,"chartedValueRelationToDatum":"below","depthDatum":"Approximate LAT","depthDatumCode":42,"depthDatumStatus":"VERIFIED_FROM_OFFICIAL_DOCUMENTATION","verticalDatum":"Local Datum","verticalDatumCode":24,"napIdentityStatus":"UNVERIFIED","sourceFeatureLnam":"1F2B6A5E4FE07537","sourceCellId":"1R75W89I","sourceChecksum":"75b5e0c67f673d567bb1fae9d6aa2607be5c46177579e724278999342ef0b716","pipelineFeatureId":"1R75W89I/SOUNDG/1283117895/106","provenance":{"cellId":"1R75W89I","checksum":"75b5e0c67f673d567bb1fae9d6aa2607be5c46177579e724278999342ef0b716","readerVersion":"GDAL 3.2.2","processedAt":"2026-08-11T13:43:44.753Z"}}},{"type":"Feature","geometry":{"type":"Point","coordinates":[3.6647183,51.5244253]},"properties":{"chartedValueMetres":2.9,"chartedValueRelationToDatum":"below","depthDatum":"Approximate LAT","depthDatumCode":42,"depthDatumStatus":"VERIFIED_FROM_OFFICIAL_DOCUMENTATION","verticalDatum":"Local Datum","verticalDatumCode":24,"napIdentityStatus":"UNVERIFIED","sourceFeatureLnam":"1F2B6A5E4FE07537","sourceCellId":"1R75W89I","sourceChecksum":"75b5e0c67f673d567bb1fae9d6aa2607be5c46177579e724278999342ef0b716","pipelineFeatureId":"1R75W89I/SOUNDG/1283117895/107","provenance":{"cellId":"1R75W89I","checksum":"75b5e0c67f673d567bb1fae9d6aa2607be5c46177579e724278999342ef0b716","readerVersion":"GDAL 3.2.2","processedAt":"2026-08-11T13:43:44.753Z"}}},{"type":"Feature","geometry":{"type":"Point","coordinates":[3.6292101,51.4999835]},"properties":{"chartedValueMetres":2.9,"chartedValueRelationToDatum":"below","depthDatum":"Approximate LAT","depthDatumCode":42,"depthDatumStatus":"VERIFIED_FROM_OFFICIAL_DOCUMENTATION","verticalDatum":"Local Datum","verticalDatumCode":24,"napIdentityStatus":"UNVERIFIED","sourceFeatureLnam":"1F2B6A5E4FE07537","sourceCellId":"1R75W89I","sourceChecksum":"75b5e0c67f673d567bb1fae9d6aa2607be5c46177579e724278999342ef0b716","pipelineFeatureId":"1R75W89I/SOUNDG/1283117895/108","provenance":{"cellId":"1R75W89I","checksum":"75b5e0c67f673d567bb1fae9d6aa2607be5c46177579e724278999342ef0b716","readerVersion":"GDAL 3.2.2","processedAt":"2026-08-11T13:43:44.753Z"}}},{"type":"Feature","geometry":{"type":"Point","coordinates":[3.6425772,51.5080037]},"properties":{"chartedValueMetres":2.9,"chartedValueRelationToDatum":"below","depthDatum":"Approximate LAT","depthDatumCode":42,"depthDatumStatus":"VERIFIED_FROM_OFFICIAL_DOCUMENTATION","verticalDatum":"Local Datum","verticalDatumCode":24,"napIdentityStatus":"UNVERIFIED","sourceFeatureLnam":"1F2B6A5E4FE07537","sourceCellId":"1R75W89I","sourceChecksum":"75b5e0c67f673d567bb1fae9d6aa2607be5c46177579e724278999342ef0b716","pipelineFeatureId":"1R75W89I/SOUNDG/1283117895/109","provenance":{"cellId":"1R75W89I","checksum":"75b5e0c67f673d567bb1fae9d6aa2607be5c46177579e724278999342ef0b716","readerVersion":"GDAL 3.2.2","processedAt":"2026-08-11T13:43:44.753Z"}}},{"type":"Feature","geometry":{"type":"Point","coordinates":[3.6411225,51.5070226]},"properties":{"chartedValueMetres":2.9,"chartedValueRelationToDatum":"below","depthDatum":"Approximate LAT","depthDatumCode":42,"depthDatumStatus":"VERIFIED_FROM_OFFICIAL_DOCUMENTATION","verticalDatum":"Local Datum","verticalDatumCode":24,"napIdentityStatus":"UNVERIFIED","sourceFeatureLnam":"1F2B6A5E4FE07537","sourceCellId":"1R75W89I","sourceChecksum":"75b5e0c67f673d567bb1fae9d6aa2607be5c46177579e724278999342ef0b716","pipelineFeatureId":"1R75W89I/SOUNDG/1283117895/110","provenance":{"cellId":"1R75W89I","checksum":"75b5e0c67f673d567bb1fae9d6aa2607be5c46177579e724278999342ef0b716","readerVersion":"GDAL 3.2.2","processedAt":"2026-08-11T13:43:44.753Z"}}},{"type":"Feature","geometry":{"type":"Point","coordinates":[3.63952,51.5057725]},"properties":{"chartedValueMetres":2.9,"chartedValueRelationToDatum":"below","depthDatum":"Approximate LAT","depthDatumCode":42,"depthDatumStatus":"VERIFIED_FROM_OFFICIAL_DOCUMENTATION","verticalDatum":"Local Datum","verticalDatumCode":24,"napIdentityStatus":"UNVERIFIED","sourceFeatureLnam":"1F2B6A5E4FE07537","sourceCellId":"1R75W89I","sourceChecksum":"75b5e0c67f673d567bb1fae9d6aa2607be5c46177579e724278999342ef0b716","pipelineFeatureId":"1R75W89I/SOUNDG/1283117895/111","provenance":{"cellId":"1R75W89I","checksum":"75b5e0c67f673d567bb1fae9d6aa2607be5c46177579e724278999342ef0b716","readerVersion":"GDAL 3.2.2","processedAt":"2026-08-11T13:43:44.753Z"}}},{"type":"Feature","geometry":{"type":"Point","coordinates":[3.6552425,51.5170154]},"properties":{"chartedValueMetres":2.9,"chartedValueRelationToDatum":"below","depthDatum":"Approximate LAT","depthDatumCode":42,"depthDatumStatus":"VERIFIED_FROM_OFFICIAL_DOCUMENTATION","verticalDatum":"Local Datum","verticalDatumCode":24,"napIdentityStatus":"UNVERIFIED","sourceFeatureLnam":"1F2B6A5E4FE07537","sourceCellId":"1R75W89I","sourceChecksum":"75b5e0c67f673d567bb1fae9d6aa2607be5c46177579e724278999342ef0b716","pipelineFeatureId":"1R75W89I/SOUNDG/1283117895/112","provenance":{"cellId":"1R75W89I","checksum":"75b5e0c67f673d567bb1fae9d6aa2607be5c46177579e724278999342ef0b716","readerVersion":"GDAL 3.2.2","processedAt":"2026-08-11T13:43:44.753Z"}}},{"type":"Feature","geometry":{"type":"Point","coordinates":[3.6373375,51.5042557]},"properties":{"chartedValueMetres":2.9,"chartedValueRelationToDatum":"below","depthDatum":"Approximate LAT","depthDatumCode":42,"depthDatumStatus":"VERIFIED_FROM_OFFICIAL_DOCUMENTATION","verticalDatum":"Local Datum","verticalDatumCode":24,"napIdentityStatus":"UNVERIFIED","sourceFeatureLnam":"1F2B6A5E4FE07537","sourceCellId":"1R75W89I","sourceChecksum":"75b5e0c67f673d567bb1fae9d6aa2607be5c46177579e724278999342ef0b716","pipelineFeatureId":"1R75W89I/SOUNDG/1283117895/113","provenance":{"cellId":"1R75W89I","checksum":"75b5e0c67f673d567bb1fae9d6aa2607be5c46177579e724278999342ef0b716","readerVersion":"GDAL 3.2.2","processedAt":"2026-08-11T13:43:44.753Z"}}},{"type":"Feature","geometry":{"type":"Point","coordinates":[3.6534965,51.5158562]},"properties":{"chartedValueMetres":2.9,"chartedValueRelationToDatum":"below","depthDatum":"Approximate LAT","depthDatumCode":42,"depthDatumStatus":"VERIFIED_FROM_OFFICIAL_DOCUMENTATION","verticalDatum":"Local Datum","verticalDatumCode":24,"napIdentityStatus":"UNVERIFIED","sourceFeatureLnam":"1F2B6A5E4FE07537","sourceCellId":"1R75W89I","sourceChecksum":"75b5e0c67f673d567bb1fae9d6aa2607be5c46177579e724278999342ef0b716","pipelineFeatureId":"1R75W89I/SOUNDG/1283117895/114","provenance":{"cellId":"1R75W89I","checksum":"75b5e0c67f673d567bb1fae9d6aa2607be5c46177579e724278999342ef0b716","readerVersion":"GDAL 3.2.2","processedAt":"2026-08-11T13:43:44.753Z"}}},{"type":"Feature","geometry":{"type":"Point","coordinates":[3.6500021,51.5133579]},"properties":{"chartedValueMetres":2.9,"chartedValueRelationToDatum":"below","depthDatum":"Approximate LAT","depthDatumCode":42,"depthDatumStatus":"VERIFIED_FROM_OFFICIAL_DOCUMENTATION","verticalDatum":"Local Datum","verticalDatumCode":24,"napIdentityStatus":"UNVERIFIED","sourceFeatureLnam":"1F2B6A5E4FE07537","sourceCellId":"1R75W89I","sourceChecksum":"75b5e0c67f673d567bb1fae9d6aa2607be5c46177579e724278999342ef0b716","pipelineFeatureId":"1R75W89I/SOUNDG/1283117895/115","provenance":{"cellId":"1R75W89I","checksum":"75b5e0c67f673d567bb1fae9d6aa2607be5c46177579e724278999342ef0b716","readerVersion":"GDAL 3.2.2","processedAt":"2026-08-11T13:43:44.753Z"}}},{"type":"Feature","geometry":{"type":"Point","coordinates":[3.6492739,51.5128224]},"properties":{"chartedValueMetres":2.9,"chartedValueRelationToDatum":"below","depthDatum":"Approximate LAT","depthDatumCode":42,"depthDatumStatus":"VERIFIED_FROM_OFFICIAL_DOCUMENTATION","verticalDatum":"Local Datum","verticalDatumCode":24,"napIdentityStatus":"UNVERIFIED","sourceFeatureLnam":"1F2B6A5E4FE07537","sourceCellId":"1R75W89I","sourceChecksum":"75b5e0c67f673d567bb1fae9d6aa2607be5c46177579e724278999342ef0b716","pipelineFeatureId":"1R75W89I/SOUNDG/1283117895/116","provenance":{"cellId":"1R75W89I","checksum":"75b5e0c67f673d567bb1fae9d6aa2607be5c46177579e724278999342ef0b716","readerVersion":"GDAL 3.2.2","processedAt":"2026-08-11T13:43:44.753Z"}}},{"type":"Feature","geometry":{"type":"Point","coordinates":[3.6309401,51.5000642]},"properties":{"chartedValueMetres":2.9,"chartedValueRelationToDatum":"below","depthDatum":"Approximate LAT","depthDatumCode":42,"depthDatumStatus":"VERIFIED_FROM_OFFICIAL_DOCUMENTATION","verticalDatum":"Local Datum","verticalDatumCode":24,"napIdentityStatus":"UNVERIFIED","sourceFeatureLnam":"1F2B6A5E4FE07537","sourceCellId":"1R75W89I","sourceChecksum":"75b5e0c67f673d567bb1fae9d6aa2607be5c46177579e724278999342ef0b716","pipelineFeatureId":"1R75W89I/SOUNDG/1283117895/117","provenance":{"cellId":"1R75W89I","checksum":"75b5e0c67f673d567bb1fae9d6aa2607be5c46177579e724278999342ef0b716","readerVersion":"GDAL 3.2.2","processedAt":"2026-08-11T13:43:44.753Z"}}},{"type":"Feature","geometry":{"type":"Point","coordinates":[3.6271835,51.499275]},"properties":{"chartedValueMetres":2.9,"chartedValueRelationToDatum":"below","depthDatum":"Approximate LAT","depthDatumCode":42,"depthDatumStatus":"VERIFIED_FROM_OFFICIAL_DOCUMENTATION","verticalDatum":"Local Datum","verticalDatumCode":24,"napIdentityStatus":"UNVERIFIED","sourceFeatureLnam":"1F2B6A5E4FE07537","sourceCellId":"1R75W89I","sourceChecksum":"75b5e0c67f673d567bb1fae9d6aa2607be5c46177579e724278999342ef0b716","pipelineFeatureId":"1R75W89I/SOUNDG/1283117895/118","provenance":{"cellId":"1R75W89I","checksum":"75b5e0c67f673d567bb1fae9d6aa2607be5c46177579e724278999342ef0b716","readerVersion":"GDAL 3.2.2","processedAt":"2026-08-11T13:43:44.753Z"}}},{"type":"Feature","geometry":{"type":"Point","coordinates":[3.6446146,51.5094312]},"properties":{"chartedValueMetres":2.9,"chartedValueRelationToDatum":"below","depthDatum":"Approximate LAT","depthDatumCode":42,"depthDatumStatus":"VERIFIED_FROM_OFFICIAL_DOCUMENTATION","verticalDatum":"Local Datum","verticalDatumCode":24,"napIdentityStatus":"UNVERIFIED","sourceFeatureLnam":"1F2B6A5E4FE07537","sourceCellId":"1R75W89I","sourceChecksum":"75b5e0c67f673d567bb1fae9d6aa2607be5c46177579e724278999342ef0b716","pipelineFeatureId":"1R75W89I/SOUNDG/1283117895/119","provenance":{"cellId":"1R75W89I","checksum":"75b5e0c67f673d567bb1fae9d6aa2607be5c46177579e724278999342ef0b716","readerVersion":"GDAL 3.2.2","processedAt":"2026-08-11T13:43:44.753Z"}}},{"type":"Feature","geometry":{"type":"Point","coordinates":[3.6344274,51.5022034]},"properties":{"chartedValueMetres":2.9,"chartedValueRelationToDatum":"below","depthDatum":"Approximate LAT","depthDatumCode":42,"depthDatumStatus":"VERIFIED_FROM_OFFICIAL_DOCUMENTATION","verticalDatum":"Local Datum","verticalDatumCode":24,"napIdentityStatus":"UNVERIFIED","sourceFeatureLnam":"1F2B6A5E4FE07537","sourceCellId":"1R75W89I","sourceChecksum":"75b5e0c67f673d567bb1fae9d6aa2607be5c46177579e724278999342ef0b716","pipelineFeatureId":"1R75W89I/SOUNDG/1283117895/120","provenance":{"cellId":"1R75W89I","checksum":"75b5e0c67f673d567bb1fae9d6aa2607be5c46177579e724278999342ef0b716","readerVersion":"GDAL 3.2.2","processedAt":"2026-08-11T13:43:44.753Z"}}},{"type":"Feature","geometry":{"type":"Point","coordinates":[3.6316715,51.5008695]},"properties":{"chartedValueMetres":2.9,"chartedValueRelationToDatum":"below","depthDatum":"Approximate LAT","depthDatumCode":42,"depthDatumStatus":"VERIFIED_FROM_OFFICIAL_DOCUMENTATION","verticalDatum":"Local Datum","verticalDatumCode":24,"napIdentityStatus":"UNVERIFIED","sourceFeatureLnam":"1F2B6A5E4FE07537","sourceCellId":"1R75W89I","sourceChecksum":"75b5e0c67f673d567bb1fae9d6aa2607be5c46177579e724278999342ef0b716","pipelineFeatureId":"1R75W89I/SOUNDG/1283117895/121","provenance":{"cellId":"1R75W89I","checksum":"75b5e0c67f673d567bb1fae9d6aa2607be5c46177579e724278999342ef0b716","readerVersion":"GDAL 3.2.2","processedAt":"2026-08-11T13:43:44.753Z"}}},{"type":"Feature","geometry":{"type":"Point","coordinates":[3.6153153,51.4952016]},"properties":{"chartedValueMetres":2.9,"chartedValueRelationToDatum":"below","depthDatum":"Approximate LAT","depthDatumCode":42,"depthDatumStatus":"VERIFIED_FROM_OFFICIAL_DOCUMENTATION","verticalDatum":"Local Datum","verticalDatumCode":24,"napIdentityStatus":"UNVERIFIED","sourceFeatureLnam":"1F2B6A5E4FE07537","sourceCellId":"1R75W89I","sourceChecksum":"75b5e0c67f673d567bb1fae9d6aa2607be5c46177579e724278999342ef0b716","pipelineFeatureId":"1R75W89I/SOUNDG/1283117895/122","provenance":{"cellId":"1R75W89I","checksum":"75b5e0c67f673d567bb1fae9d6aa2607be5c46177579e724278999342ef0b716","readerVersion":"GDAL 3.2.2","processedAt":"2026-08-11T13:43:44.753Z"}}},{"type":"Feature","geometry":{"type":"Point","coordinates":[3.6335555,51.5016686]},"properties":{"chartedValueMetres":2.9,"chartedValueRelationToDatum":"below","depthDatum":"Approximate LAT","depthDatumCode":42,"depthDatumStatus":"VERIFIED_FROM_OFFICIAL_DOCUMENTATION","verticalDatum":"Local Datum","verticalDatumCode":24,"napIdentityStatus":"UNVERIFIED","sourceFeatureLnam":"1F2B6A5E4FE07537","sourceCellId":"1R75W89I","sourceChecksum":"75b5e0c67f673d567bb1fae9d6aa2607be5c46177579e724278999342ef0b716","pipelineFeatureId":"1R75W89I/SOUNDG/1283117895/123","provenance":{"cellId":"1R75W89I","checksum":"75b5e0c67f673d567bb1fae9d6aa2607be5c46177579e724278999342ef0b716","readerVersion":"GDAL 3.2.2","processedAt":"2026-08-11T13:43:44.753Z"}}},{"type":"Feature","geometry":{"type":"Point","coordinates":[3.6205191,51.496523]},"properties":{"chartedValueMetres":2.9,"chartedValueRelationToDatum":"below","depthDatum":"Approximate LAT","depthDatumCode":42,"depthDatumStatus":"VERIFIED_FROM_OFFICIAL_DOCUMENTATION","verticalDatum":"Local Datum","verticalDatumCode":24,"napIdentityStatus":"UNVERIFIED","sourceFeatureLnam":"1F2B6A5E4FE07537","sourceCellId":"1R75W89I","sourceChecksum":"75b5e0c67f673d567bb1fae9d6aa2607be5c46177579e724278999342ef0b716","pipelineFeatureId":"1R75W89I/SOUNDG/1283117895/124","provenance":{"cellId":"1R75W89I","checksum":"75b5e0c67f673d567bb1fae9d6aa2607be5c46177579e724278999342ef0b716","readerVersion":"GDAL 3.2.2","processedAt":"2026-08-11T13:43:44.753Z"}}},{"type":"Feature","geometry":{"type":"Point","coordinates":[3.6195059,51.4961687]},"properties":{"chartedValueMetres":3,"chartedValueRelationToDatum":"below","depthDatum":"Approximate LAT","depthDatumCode":42,"depthDatumStatus":"VERIFIED_FROM_OFFICIAL_DOCUMENTATION","verticalDatum":"Local Datum","verticalDatumCode":24,"napIdentityStatus":"UNVERIFIED","sourceFeatureLnam":"1F2B6A5E4FE07537","sourceCellId":"1R75W89I","sourceChecksum":"75b5e0c67f673d567bb1fae9d6aa2607be5c46177579e724278999342ef0b716","pipelineFeatureId":"1R75W89I/SOUNDG/1283117895/125","provenance":{"cellId":"1R75W89I","checksum":"75b5e0c67f673d567bb1fae9d6aa2607be5c46177579e724278999342ef0b716","readerVersion":"GDAL 3.2.2","processedAt":"2026-08-11T13:43:44.753Z"}}},{"type":"Feature","geometry":{"type":"Point","coordinates":[3.6108223,51.493157]},"properties":{"chartedValueMetres":3,"chartedValueRelationToDatum":"below","depthDatum":"Approximate LAT","depthDatumCode":42,"depthDatumStatus":"VERIFIED_FROM_OFFICIAL_DOCUMENTATION","verticalDatum":"Local Datum","verticalDatumCode":24,"napIdentityStatus":"UNVERIFIED","sourceFeatureLnam":"1F2B6A5E4FE07537","sourceCellId":"1R75W89I","sourceChecksum":"75b5e0c67f673d567bb1fae9d6aa2607be5c46177579e724278999342ef0b716","pipelineFeatureId":"1R75W89I/SOUNDG/1283117895/126","provenance":{"cellId":"1R75W89I","checksum":"75b5e0c67f673d567bb1fae9d6aa2607be5c46177579e724278999342ef0b716","readerVersion":"GDAL 3.2.2","processedAt":"2026-08-11T13:43:44.753Z"}}},{"type":"Feature","geometry":{"type":"Point","coordinates":[3.6254388,51.4981154]},"properties":{"chartedValueMetres":3,"chartedValueRelationToDatum":"below","depthDatum":"Approximate LAT","depthDatumCode":42,"depthDatumStatus":"VERIFIED_FROM_OFFICIAL_DOCUMENTATION","verticalDatum":"Local Datum","verticalDatumCode":24,"napIdentityStatus":"UNVERIFIED","sourceFeatureLnam":"1F2B6A5E4FE07537","sourceCellId":"1R75W89I","sourceChecksum":"75b5e0c67f673d567bb1fae9d6aa2607be5c46177579e724278999342ef0b716","pipelineFeatureId":"1R75W89I/SOUNDG/1283117895/127","provenance":{"cellId":"1R75W89I","checksum":"75b5e0c67f673d567bb1fae9d6aa2607be5c46177579e724278999342ef0b716","readerVersion":"GDAL 3.2.2","processedAt":"2026-08-11T13:43:44.753Z"}}},{"type":"Feature","geometry":{"type":"Point","coordinates":[3.6234135,51.4974968]},"properties":{"chartedValueMetres":3,"chartedValueRelationToDatum":"below","depthDatum":"Approximate LAT","depthDatumCode":42,"depthDatumStatus":"VERIFIED_FROM_OFFICIAL_DOCUMENTATION","verticalDatum":"Local Datum","verticalDatumCode":24,"napIdentityStatus":"UNVERIFIED","sourceFeatureLnam":"1F2B6A5E4FE07537","sourceCellId":"1R75W89I","sourceChecksum":"75b5e0c67f673d567bb1fae9d6aa2607be5c46177579e724278999342ef0b716","pipelineFeatureId":"1R75W89I/SOUNDG/1283117895/128","provenance":{"cellId":"1R75W89I","checksum":"75b5e0c67f673d567bb1fae9d6aa2607be5c46177579e724278999342ef0b716","readerVersion":"GDAL 3.2.2","processedAt":"2026-08-11T13:43:44.753Z"}}},{"type":"Feature","geometry":{"type":"Point","coordinates":[3.6222562,51.4971432]},"properties":{"chartedValueMetres":3,"chartedValueRelationToDatum":"below","depthDatum":"Approximate LAT","depthDatumCode":42,"depthDatumStatus":"VERIFIED_FROM_OFFICIAL_DOCUMENTATION","verticalDatum":"Local Datum","verticalDatumCode":24,"napIdentityStatus":"UNVERIFIED","sourceFeatureLnam":"1F2B6A5E4FE07537","sourceCellId":"1R75W89I","sourceChecksum":"75b5e0c67f673d567bb1fae9d6aa2607be5c46177579e724278999342ef0b716","pipelineFeatureId":"1R75W89I/SOUNDG/1283117895/129","provenance":{"cellId":"1R75W89I","checksum":"75b5e0c67f673d567bb1fae9d6aa2607be5c46177579e724278999342ef0b716","readerVersion":"GDAL 3.2.2","processedAt":"2026-08-11T13:43:44.753Z"}}},{"type":"Feature","geometry":{"type":"Point","coordinates":[3.6118378,51.4936912]},"properties":{"chartedValueMetres":3,"chartedValueRelationToDatum":"below","depthDatum":"Approximate LAT","depthDatumCode":42,"depthDatumStatus":"VERIFIED_FROM_OFFICIAL_DOCUMENTATION","verticalDatum":"Local Datum","verticalDatumCode":24,"napIdentityStatus":"UNVERIFIED","sourceFeatureLnam":"1F2B6A5E4FE07537","sourceCellId":"1R75W89I","sourceChecksum":"75b5e0c67f673d567bb1fae9d6aa2607be5c46177579e724278999342ef0b716","pipelineFeatureId":"1R75W89I/SOUNDG/1283117895/130","provenance":{"cellId":"1R75W89I","checksum":"75b5e0c67f673d567bb1fae9d6aa2607be5c46177579e724278999342ef0b716","readerVersion":"GDAL 3.2.2","processedAt":"2026-08-11T13:43:44.753Z"}}},{"type":"Feature","geometry":{"type":"Point","coordinates":[3.6089343,51.4919979]},"properties":{"chartedValueMetres":3,"chartedValueRelationToDatum":"below","depthDatum":"Approximate LAT","depthDatumCode":42,"depthDatumStatus":"VERIFIED_FROM_OFFICIAL_DOCUMENTATION","verticalDatum":"Local Datum","verticalDatumCode":24,"napIdentityStatus":"UNVERIFIED","sourceFeatureLnam":"1F2B6A5E4FE07537","sourceCellId":"1R75W89I","sourceChecksum":"75b5e0c67f673d567bb1fae9d6aa2607be5c46177579e724278999342ef0b716","pipelineFeatureId":"1R75W89I/SOUNDG/1283117895/131","provenance":{"cellId":"1R75W89I","checksum":"75b5e0c67f673d567bb1fae9d6aa2607be5c46177579e724278999342ef0b716","readerVersion":"GDAL 3.2.2","processedAt":"2026-08-11T13:43:44.753Z"}}},{"type":"Feature","geometry":{"type":"Point","coordinates":[3.6077653,51.4907451]},"properties":{"chartedValueMetres":3,"chartedValueRelationToDatum":"below","depthDatum":"Approximate LAT","depthDatumCode":42,"depthDatumStatus":"VERIFIED_FROM_OFFICIAL_DOCUMENTATION","verticalDatum":"Local Datum","verticalDatumCode":24,"napIdentityStatus":"UNVERIFIED","sourceFeatureLnam":"1F2B6A5E4FE07537","sourceCellId":"1R75W89I","sourceChecksum":"75b5e0c67f673d567bb1fae9d6aa2607be5c46177579e724278999342ef0b716","pipelineFeatureId":"1R75W89I/SOUNDG/1283117895/132","provenance":{"cellId":"1R75W89I","checksum":"75b5e0c67f673d567bb1fae9d6aa2607be5c46177579e724278999342ef0b716","readerVersion":"GDAL 3.2.2","processedAt":"2026-08-11T13:43:44.753Z"}}},{"type":"Feature","geometry":{"type":"Point","coordinates":[3.6067415,51.4895814]},"properties":{"chartedValueMetres":3,"chartedValueRelationToDatum":"below","depthDatum":"Approximate LAT","depthDatumCode":42,"depthDatumStatus":"VERIFIED_FROM_OFFICIAL_DOCUMENTATION","verticalDatum":"Local Datum","verticalDatumCode":24,"napIdentityStatus":"UNVERIFIED","sourceFeatureLnam":"1F2B6A5E4FE07537","sourceCellId":"1R75W89I","sourceChecksum":"75b5e0c67f673d567bb1fae9d6aa2607be5c46177579e724278999342ef0b716","pipelineFeatureId":"1R75W89I/SOUNDG/1283117895/133","provenance":{"cellId":"1R75W89I","checksum":"75b5e0c67f673d567bb1fae9d6aa2607be5c46177579e724278999342ef0b716","readerVersion":"GDAL 3.2.2","processedAt":"2026-08-11T13:43:44.753Z"}}},{"type":"Feature","geometry":{"type":"Point","coordinates":[3.6203836,51.4971532]},"properties":{"chartedValueMetres":3,"chartedValueRelationToDatum":"below","depthDatum":"Approximate LAT","depthDatumCode":42,"depthDatumStatus":"VERIFIED_FROM_OFFICIAL_DOCUMENTATION","verticalDatum":"Local Datum","verticalDatumCode":24,"napIdentityStatus":"UNVERIFIED","sourceFeatureLnam":"1F2B6A5E4FE07537","sourceCellId":"1R75W89I","sourceChecksum":"75b5e0c67f673d567bb1fae9d6aa2607be5c46177579e724278999342ef0b716","pipelineFeatureId":"1R75W89I/SOUNDG/1283117895/134","provenance":{"cellId":"1R75W89I","checksum":"75b5e0c67f673d567bb1fae9d6aa2607be5c46177579e724278999342ef0b716","readerVersion":"GDAL 3.2.2","processedAt":"2026-08-11T13:43:44.753Z"}}},{"type":"Feature","geometry":{"type":"Point","coordinates":[3.6027533,51.4820488]},"properties":{"chartedValueMetres":3,"chartedValueRelationToDatum":"below","depthDatum":"Approximate LAT","depthDatumCode":42,"depthDatumStatus":"VERIFIED_FROM_OFFICIAL_DOCUMENTATION","verticalDatum":"Local Datum","verticalDatumCode":24,"napIdentityStatus":"UNVERIFIED","sourceFeatureLnam":"1F2B6A5E4FE07537","sourceCellId":"1R75W89I","sourceChecksum":"75b5e0c67f673d567bb1fae9d6aa2607be5c46177579e724278999342ef0b716","pipelineFeatureId":"1R75W89I/SOUNDG/1283117895/135","provenance":{"cellId":"1R75W89I","checksum":"75b5e0c67f673d567bb1fae9d6aa2607be5c46177579e724278999342ef0b716","readerVersion":"GDAL 3.2.2","processedAt":"2026-08-11T13:43:44.753Z"}}},{"type":"Feature","geometry":{"type":"Point","coordinates":[3.6019954,51.4791753]},"properties":{"chartedValueMetres":3,"chartedValueRelationToDatum":"below","depthDatum":"Approximate LAT","depthDatumCode":42,"depthDatumStatus":"VERIFIED_FROM_OFFICIAL_DOCUMENTATION","verticalDatum":"Local Datum","verticalDatumCode":24,"napIdentityStatus":"UNVERIFIED","sourceFeatureLnam":"1F2B6A5E4FE07537","sourceCellId":"1R75W89I","sourceChecksum":"75b5e0c67f673d567bb1fae9d6aa2607be5c46177579e724278999342ef0b716","pipelineFeatureId":"1R75W89I/SOUNDG/1283117895/136","provenance":{"cellId":"1R75W89I","checksum":"75b5e0c67f673d567bb1fae9d6aa2607be5c46177579e724278999342ef0b716","readerVersion":"GDAL 3.2.2","processedAt":"2026-08-11T13:43:44.753Z"}}},{"type":"Feature","geometry":{"type":"Point","coordinates":[3.6092139,51.491367]},"properties":{"chartedValueMetres":3,"chartedValueRelationToDatum":"below","depthDatum":"Approximate LAT","depthDatumCode":42,"depthDatumStatus":"VERIFIED_FROM_OFFICIAL_DOCUMENTATION","verticalDatum":"Local Datum","verticalDatumCode":24,"napIdentityStatus":"UNVERIFIED","sourceFeatureLnam":"1F2B6A5E4FE07537","sourceCellId":"1R75W89I","sourceChecksum":"75b5e0c67f673d567bb1fae9d6aa2607be5c46177579e724278999342ef0b716","pipelineFeatureId":"1R75W89I/SOUNDG/1283117895/137","provenance":{"cellId":"1R75W89I","checksum":"75b5e0c67f673d567bb1fae9d6aa2607be5c46177579e724278999342ef0b716","readerVersion":"GDAL 3.2.2","processedAt":"2026-08-11T13:43:44.753Z"}}},{"type":"Feature","geometry":{"type":"Point","coordinates":[3.602438,51.4799823]},"properties":{"chartedValueMetres":3,"chartedValueRelationToDatum":"below","depthDatum":"Approximate LAT","depthDatumCode":42,"depthDatumStatus":"VERIFIED_FROM_OFFICIAL_DOCUMENTATION","verticalDatum":"Local Datum","verticalDatumCode":24,"napIdentityStatus":"UNVERIFIED","sourceFeatureLnam":"1F2B6A5E4FE07537","sourceCellId":"1R75W89I","sourceChecksum":"75b5e0c67f673d567bb1fae9d6aa2607be5c46177579e724278999342ef0b716","pipelineFeatureId":"1R75W89I/SOUNDG/1283117895/138","provenance":{"cellId":"1R75W89I","checksum":"75b5e0c67f673d567bb1fae9d6aa2607be5c46177579e724278999342ef0b716","readerVersion":"GDAL 3.2.2","processedAt":"2026-08-11T13:43:44.753Z"}}},{"type":"Feature","geometry":{"type":"Point","coordinates":[3.6056893,51.4862599]},"properties":{"chartedValueMetres":3,"chartedValueRelationToDatum":"below","depthDatum":"Approximate LAT","depthDatumCode":42,"depthDatumStatus":"VERIFIED_FROM_OFFICIAL_DOCUMENTATION","verticalDatum":"Local Datum","verticalDatumCode":24,"napIdentityStatus":"UNVERIFIED","sourceFeatureLnam":"1F2B6A5E4FE07537","sourceCellId":"1R75W89I","sourceChecksum":"75b5e0c67f673d567bb1fae9d6aa2607be5c46177579e724278999342ef0b716","pipelineFeatureId":"1R75W89I/SOUNDG/1283117895/139","provenance":{"cellId":"1R75W89I","checksum":"75b5e0c67f673d567bb1fae9d6aa2607be5c46177579e724278999342ef0b716","readerVersion":"GDAL 3.2.2","processedAt":"2026-08-11T13:43:44.753Z"}}},{"type":"Feature","geometry":{"type":"Point","coordinates":[3.7074531,51.5194997]},"properties":{"chartedValueMetres":3,"chartedValueRelationToDatum":"below","depthDatum":"Approximate LAT","depthDatumCode":42,"depthDatumStatus":"VERIFIED_FROM_OFFICIAL_DOCUMENTATION","verticalDatum":"Local Datum","verticalDatumCode":24,"napIdentityStatus":"UNVERIFIED","sourceFeatureLnam":"1F2B6A5E4FE07537","sourceCellId":"1R75W89I","sourceChecksum":"75b5e0c67f673d567bb1fae9d6aa2607be5c46177579e724278999342ef0b716","pipelineFeatureId":"1R75W89I/SOUNDG/1283117895/140","provenance":{"cellId":"1R75W89I","checksum":"75b5e0c67f673d567bb1fae9d6aa2607be5c46177579e724278999342ef0b716","readerVersion":"GDAL 3.2.2","processedAt":"2026-08-11T13:43:44.753Z"}}},{"type":"Feature","geometry":{"type":"Point","coordinates":[3.605412,51.4870706]},"properties":{"chartedValueMetres":3.1,"chartedValueRelationToDatum":"below","depthDatum":"Approximate LAT","depthDatumCode":42,"depthDatumStatus":"VERIFIED_FROM_OFFICIAL_DOCUMENTATION","verticalDatum":"Local Datum","verticalDatumCode":24,"napIdentityStatus":"UNVERIFIED","sourceFeatureLnam":"1F2B6A5E4FE07537","sourceCellId":"1R75W89I","sourceChecksum":"75b5e0c67f673d567bb1fae9d6aa2607be5c46177579e724278999342ef0b716","pipelineFeatureId":"1R75W89I/SOUNDG/1283117895/141","provenance":{"cellId":"1R75W89I","checksum":"75b5e0c67f673d567bb1fae9d6aa2607be5c46177579e724278999342ef0b716","readerVersion":"GDAL 3.2.2","processedAt":"2026-08-11T13:43:44.753Z"}}},{"type":"Feature","geometry":{"type":"Point","coordinates":[3.7206244,51.5230162]},"properties":{"chartedValueMetres":3.1,"chartedValueRelationToDatum":"below","depthDatum":"Approximate LAT","depthDatumCode":42,"depthDatumStatus":"VERIFIED_FROM_OFFICIAL_DOCUMENTATION","verticalDatum":"Local Datum","verticalDatumCode":24,"napIdentityStatus":"UNVERIFIED","sourceFeatureLnam":"1F2B6A5E4FE07537","sourceCellId":"1R75W89I","sourceChecksum":"75b5e0c67f673d567bb1fae9d6aa2607be5c46177579e724278999342ef0b716","pipelineFeatureId":"1R75W89I/SOUNDG/1283117895/142","provenance":{"cellId":"1R75W89I","checksum":"75b5e0c67f673d567bb1fae9d6aa2607be5c46177579e724278999342ef0b716","readerVersion":"GDAL 3.2.2","processedAt":"2026-08-11T13:43:44.753Z"}}},{"type":"Feature","geometry":{"type":"Point","coordinates":[3.6034899,51.4833039]},"properties":{"chartedValueMetres":3.1,"chartedValueRelationToDatum":"below","depthDatum":"Approximate LAT","depthDatumCode":42,"depthDatumStatus":"VERIFIED_FROM_OFFICIAL_DOCUMENTATION","verticalDatum":"Local Datum","verticalDatumCode":24,"napIdentityStatus":"UNVERIFIED","sourceFeatureLnam":"1F2B6A5E4FE07537","sourceCellId":"1R75W89I","sourceChecksum":"75b5e0c67f673d567bb1fae9d6aa2607be5c46177579e724278999342ef0b716","pipelineFeatureId":"1R75W89I/SOUNDG/1283117895/143","provenance":{"cellId":"1R75W89I","checksum":"75b5e0c67f673d567bb1fae9d6aa2607be5c46177579e724278999342ef0b716","readerVersion":"GDAL 3.2.2","processedAt":"2026-08-11T13:43:44.753Z"}}},{"type":"Feature","geometry":{"type":"Point","coordinates":[3.6150187,51.4945738]},"properties":{"chartedValueMetres":3.1,"chartedValueRelationToDatum":"below","depthDatum":"Approximate LAT","depthDatumCode":42,"depthDatumStatus":"VERIFIED_FROM_OFFICIAL_DOCUMENTATION","verticalDatum":"Local Datum","verticalDatumCode":24,"napIdentityStatus":"UNVERIFIED","sourceFeatureLnam":"1F2B6A5E4FE07537","sourceCellId":"1R75W89I","sourceChecksum":"75b5e0c67f673d567bb1fae9d6aa2607be5c46177579e724278999342ef0b716","pipelineFeatureId":"1R75W89I/SOUNDG/1283117895/144","provenance":{"cellId":"1R75W89I","checksum":"75b5e0c67f673d567bb1fae9d6aa2607be5c46177579e724278999342ef0b716","readerVersion":"GDAL 3.2.2","processedAt":"2026-08-11T13:43:44.753Z"}}},{"type":"Feature","geometry":{"type":"Point","coordinates":[3.7090105,51.5176919]},"properties":{"chartedValueMetres":3.1,"chartedValueRelationToDatum":"below","depthDatum":"Approximate LAT","depthDatumCode":42,"depthDatumStatus":"VERIFIED_FROM_OFFICIAL_DOCUMENTATION","verticalDatum":"Local Datum","verticalDatumCode":24,"napIdentityStatus":"UNVERIFIED","sourceFeatureLnam":"1F2B6A5E4FE07537","sourceCellId":"1R75W89I","sourceChecksum":"75b5e0c67f673d567bb1fae9d6aa2607be5c46177579e724278999342ef0b716","pipelineFeatureId":"1R75W89I/SOUNDG/1283117895/145","provenance":{"cellId":"1R75W89I","checksum":"75b5e0c67f673d567bb1fae9d6aa2607be5c46177579e724278999342ef0b716","readerVersion":"GDAL 3.2.2","processedAt":"2026-08-11T13:43:44.753Z"}}},{"type":"Feature","geometry":{"type":"Point","coordinates":[3.604655,51.484287]},"properties":{"chartedValueMetres":3.1,"chartedValueRelationToDatum":"below","depthDatum":"Approximate LAT","depthDatumCode":42,"depthDatumStatus":"VERIFIED_FROM_OFFICIAL_DOCUMENTATION","verticalDatum":"Local Datum","verticalDatumCode":24,"napIdentityStatus":"UNVERIFIED","sourceFeatureLnam":"1F2B6A5E4FE07537","sourceCellId":"1R75W89I","sourceChecksum":"75b5e0c67f673d567bb1fae9d6aa2607be5c46177579e724278999342ef0b716","pipelineFeatureId":"1R75W89I/SOUNDG/1283117895/146","provenance":{"cellId":"1R75W89I","checksum":"75b5e0c67f673d567bb1fae9d6aa2607be5c46177579e724278999342ef0b716","readerVersion":"GDAL 3.2.2","processedAt":"2026-08-11T13:43:44.753Z"}}},{"type":"Feature","geometry":{"type":"Point","coordinates":[3.6012553,51.4776505]},"properties":{"chartedValueMetres":3.2,"chartedValueRelationToDatum":"below","depthDatum":"Approximate LAT","depthDatumCode":42,"depthDatumStatus":"VERIFIED_FROM_OFFICIAL_DOCUMENTATION","verticalDatum":"Local Datum","verticalDatumCode":24,"napIdentityStatus":"UNVERIFIED","sourceFeatureLnam":"1F2B6A5E4FE07537","sourceCellId":"1R75W89I","sourceChecksum":"75b5e0c67f673d567bb1fae9d6aa2607be5c46177579e724278999342ef0b716","pipelineFeatureId":"1R75W89I/SOUNDG/1283117895/147","provenance":{"cellId":"1R75W89I","checksum":"75b5e0c67f673d567bb1fae9d6aa2607be5c46177579e724278999342ef0b716","readerVersion":"GDAL 3.2.2","processedAt":"2026-08-11T13:43:44.753Z"}}},{"type":"Feature","geometry":{"type":"Point","coordinates":[3.6048193,51.4858148]},"properties":{"chartedValueMetres":3.2,"chartedValueRelationToDatum":"below","depthDatum":"Approximate LAT","depthDatumCode":42,"depthDatumStatus":"VERIFIED_FROM_OFFICIAL_DOCUMENTATION","verticalDatum":"Local Datum","verticalDatumCode":24,"napIdentityStatus":"UNVERIFIED","sourceFeatureLnam":"1F2B6A5E4FE07537","sourceCellId":"1R75W89I","sourceChecksum":"75b5e0c67f673d567bb1fae9d6aa2607be5c46177579e724278999342ef0b716","pipelineFeatureId":"1R75W89I/SOUNDG/1283117895/148","provenance":{"cellId":"1R75W89I","checksum":"75b5e0c67f673d567bb1fae9d6aa2607be5c46177579e724278999342ef0b716","readerVersion":"GDAL 3.2.2","processedAt":"2026-08-11T13:43:44.753Z"}}},{"type":"Feature","geometry":{"type":"Point","coordinates":[3.6008305,51.4781922]},"properties":{"chartedValueMetres":3.2,"chartedValueRelationToDatum":"below","depthDatum":"Approximate LAT","depthDatumCode":42,"depthDatumStatus":"VERIFIED_FROM_OFFICIAL_DOCUMENTATION","verticalDatum":"Local Datum","verticalDatumCode":24,"napIdentityStatus":"UNVERIFIED","sourceFeatureLnam":"1F2B6A5E4FE07537","sourceCellId":"1R75W89I","sourceChecksum":"75b5e0c67f673d567bb1fae9d6aa2607be5c46177579e724278999342ef0b716","pipelineFeatureId":"1R75W89I/SOUNDG/1283117895/149","provenance":{"cellId":"1R75W89I","checksum":"75b5e0c67f673d567bb1fae9d6aa2607be5c46177579e724278999342ef0b716","readerVersion":"GDAL 3.2.2","processedAt":"2026-08-11T13:43:44.753Z"}}},{"type":"Feature","geometry":{"type":"Point","coordinates":[3.6043753,51.4849179]},"properties":{"chartedValueMetres":3.2,"chartedValueRelationToDatum":"below","depthDatum":"Approximate LAT","depthDatumCode":42,"depthDatumStatus":"VERIFIED_FROM_OFFICIAL_DOCUMENTATION","verticalDatum":"Local Datum","verticalDatumCode":24,"napIdentityStatus":"UNVERIFIED","sourceFeatureLnam":"1F2B6A5E4FE07537","sourceCellId":"1R75W89I","sourceChecksum":"75b5e0c67f673d567bb1fae9d6aa2607be5c46177579e724278999342ef0b716","pipelineFeatureId":"1R75W89I/SOUNDG/1283117895/150","provenance":{"cellId":"1R75W89I","checksum":"75b5e0c67f673d567bb1fae9d6aa2607be5c46177579e724278999342ef0b716","readerVersion":"GDAL 3.2.2","processedAt":"2026-08-11T13:43:44.753Z"}}},{"type":"Feature","geometry":{"type":"Point","coordinates":[3.7106936,51.523976]},"properties":{"chartedValueMetres":3.2,"chartedValueRelationToDatum":"below","depthDatum":"Approximate LAT","depthDatumCode":42,"depthDatumStatus":"VERIFIED_FROM_OFFICIAL_DOCUMENTATION","verticalDatum":"Local Datum","verticalDatumCode":24,"napIdentityStatus":"UNVERIFIED","sourceFeatureLnam":"1F2B6A5E4FE07537","sourceCellId":"1R75W89I","sourceChecksum":"75b5e0c67f673d567bb1fae9d6aa2607be5c46177579e724278999342ef0b716","pipelineFeatureId":"1R75W89I/SOUNDG/1283117895/151","provenance":{"cellId":"1R75W89I","checksum":"75b5e0c67f673d567bb1fae9d6aa2607be5c46177579e724278999342ef0b716","readerVersion":"GDAL 3.2.2","processedAt":"2026-08-11T13:43:44.753Z"}}},{"type":"Feature","geometry":{"type":"Point","coordinates":[3.6031782,51.4815071]},"properties":{"chartedValueMetres":3.2,"chartedValueRelationToDatum":"below","depthDatum":"Approximate LAT","depthDatumCode":42,"depthDatumStatus":"VERIFIED_FROM_OFFICIAL_DOCUMENTATION","verticalDatum":"Local Datum","verticalDatumCode":24,"napIdentityStatus":"UNVERIFIED","sourceFeatureLnam":"1F2B6A5E4FE07537","sourceCellId":"1R75W89I","sourceChecksum":"75b5e0c67f673d567bb1fae9d6aa2607be5c46177579e724278999342ef0b716","pipelineFeatureId":"1R75W89I/SOUNDG/1283117895/152","provenance":{"cellId":"1R75W89I","checksum":"75b5e0c67f673d567bb1fae9d6aa2607be5c46177579e724278999342ef0b716","readerVersion":"GDAL 3.2.2","processedAt":"2026-08-11T13:43:44.753Z"}}},{"type":"Feature","geometry":{"type":"Point","coordinates":[3.6003879,51.4773852]},"properties":{"chartedValueMetres":3.2,"chartedValueRelationToDatum":"below","depthDatum":"Approximate LAT","depthDatumCode":42,"depthDatumStatus":"VERIFIED_FROM_OFFICIAL_DOCUMENTATION","verticalDatum":"Local Datum","verticalDatumCode":24,"napIdentityStatus":"UNVERIFIED","sourceFeatureLnam":"1F2B6A5E4FE07537","sourceCellId":"1R75W89I","sourceChecksum":"75b5e0c67f673d567bb1fae9d6aa2607be5c46177579e724278999342ef0b716","pipelineFeatureId":"1R75W89I/SOUNDG/1283117895/153","provenance":{"cellId":"1R75W89I","checksum":"75b5e0c67f673d567bb1fae9d6aa2607be5c46177579e724278999342ef0b716","readerVersion":"GDAL 3.2.2","processedAt":"2026-08-11T13:43:44.753Z"}}},{"type":"Feature","geometry":{"type":"Point","coordinates":[3.7054355,51.5195118]},"properties":{"chartedValueMetres":3.2,"chartedValueRelationToDatum":"below","depthDatum":"Approximate LAT","depthDatumCode":42,"depthDatumStatus":"VERIFIED_FROM_OFFICIAL_DOCUMENTATION","verticalDatum":"Local Datum","verticalDatumCode":24,"napIdentityStatus":"UNVERIFIED","sourceFeatureLnam":"1F2B6A5E4FE07537","sourceCellId":"1R75W89I","sourceChecksum":"75b5e0c67f673d567bb1fae9d6aa2607be5c46177579e724278999342ef0b716","pipelineFeatureId":"1R75W89I/SOUNDG/1283117895/154","provenance":{"cellId":"1R75W89I","checksum":"75b5e0c67f673d567bb1fae9d6aa2607be5c46177579e724278999342ef0b716","readerVersion":"GDAL 3.2.2","processedAt":"2026-08-11T13:43:44.753Z"}}},{"type":"Feature","geometry":{"type":"Point","coordinates":[3.7078562,51.5176089]},"properties":{"chartedValueMetres":3.3,"chartedValueRelationToDatum":"below","depthDatum":"Approximate LAT","depthDatumCode":42,"depthDatumStatus":"VERIFIED_FROM_OFFICIAL_DOCUMENTATION","verticalDatum":"Local Datum","verticalDatumCode":24,"napIdentityStatus":"UNVERIFIED","sourceFeatureLnam":"1F2B6A5E4FE07537","sourceCellId":"1R75W89I","sourceChecksum":"75b5e0c67f673d567bb1fae9d6aa2607be5c46177579e724278999342ef0b716","pipelineFeatureId":"1R75W89I/SOUNDG/1283117895/155","provenance":{"cellId":"1R75W89I","checksum":"75b5e0c67f673d567bb1fae9d6aa2607be5c46177579e724278999342ef0b716","readerVersion":"GDAL 3.2.2","processedAt":"2026-08-11T13:43:44.753Z"}}},{"type":"Feature","geometry":{"type":"Point","coordinates":[3.6960542,51.5186687]},"properties":{"chartedValueMetres":3.4,"chartedValueRelationToDatum":"below","depthDatum":"Approximate LAT","depthDatumCode":42,"depthDatumStatus":"VERIFIED_FROM_OFFICIAL_DOCUMENTATION","verticalDatum":"Local Datum","verticalDatumCode":24,"napIdentityStatus":"UNVERIFIED","sourceFeatureLnam":"1F2B6A5E4FE07537","sourceCellId":"1R75W89I","sourceChecksum":"75b5e0c67f673d567bb1fae9d6aa2607be5c46177579e724278999342ef0b716","pipelineFeatureId":"1R75W89I/SOUNDG/1283117895/156","provenance":{"cellId":"1R75W89I","checksum":"75b5e0c67f673d567bb1fae9d6aa2607be5c46177579e724278999342ef0b716","readerVersion":"GDAL 3.2.2","processedAt":"2026-08-11T13:43:44.753Z"}}},{"type":"Feature","geometry":{"type":"Point","coordinates":[3.6419642,51.5053994]},"properties":{"chartedValueMetres":3.4,"chartedValueRelationToDatum":"below","depthDatum":"Approximate LAT","depthDatumCode":42,"depthDatumStatus":"VERIFIED_FROM_OFFICIAL_DOCUMENTATION","verticalDatum":"Local Datum","verticalDatumCode":24,"napIdentityStatus":"UNVERIFIED","sourceFeatureLnam":"1F2B6A5E4FE07537","sourceCellId":"1R75W89I","sourceChecksum":"75b5e0c67f673d567bb1fae9d6aa2607be5c46177579e724278999342ef0b716","pipelineFeatureId":"1R75W89I/SOUNDG/1283117895/157","provenance":{"cellId":"1R75W89I","checksum":"75b5e0c67f673d567bb1fae9d6aa2607be5c46177579e724278999342ef0b716","readerVersion":"GDAL 3.2.2","processedAt":"2026-08-11T13:43:44.753Z"}}},{"type":"Feature","geometry":{"type":"Point","coordinates":[3.7060036,51.5189689]},"properties":{"chartedValueMetres":3.4,"chartedValueRelationToDatum":"below","depthDatum":"Approximate LAT","depthDatumCode":42,"depthDatumStatus":"VERIFIED_FROM_OFFICIAL_DOCUMENTATION","verticalDatum":"Local Datum","verticalDatumCode":24,"napIdentityStatus":"UNVERIFIED","sourceFeatureLnam":"1F2B6A5E4FE07537","sourceCellId":"1R75W89I","sourceChecksum":"75b5e0c67f673d567bb1fae9d6aa2607be5c46177579e724278999342ef0b716","pipelineFeatureId":"1R75W89I/SOUNDG/1283117895/158","provenance":{"cellId":"1R75W89I","checksum":"75b5e0c67f673d567bb1fae9d6aa2607be5c46177579e724278999342ef0b716","readerVersion":"GDAL 3.2.2","processedAt":"2026-08-11T13:43:44.753Z"}}},{"type":"Feature","geometry":{"type":"Point","coordinates":[3.6289134,51.4993557]},"properties":{"chartedValueMetres":3.4,"chartedValueRelationToDatum":"below","depthDatum":"Approximate LAT","depthDatumCode":42,"depthDatumStatus":"VERIFIED_FROM_OFFICIAL_DOCUMENTATION","verticalDatum":"Local Datum","verticalDatumCode":24,"napIdentityStatus":"UNVERIFIED","sourceFeatureLnam":"1F2B6A5E4FE07537","sourceCellId":"1R75W89I","sourceChecksum":"75b5e0c67f673d567bb1fae9d6aa2607be5c46177579e724278999342ef0b716","pipelineFeatureId":"1R75W89I/SOUNDG/1283117895/159","provenance":{"cellId":"1R75W89I","checksum":"75b5e0c67f673d567bb1fae9d6aa2607be5c46177579e724278999342ef0b716","readerVersion":"GDAL 3.2.2","processedAt":"2026-08-11T13:43:44.753Z"}}},{"type":"Feature","geometry":{"type":"Point","coordinates":[3.64227,51.5066566]},"properties":{"chartedValueMetres":3.4,"chartedValueRelationToDatum":"below","depthDatum":"Approximate LAT","depthDatumCode":42,"depthDatumStatus":"VERIFIED_FROM_OFFICIAL_DOCUMENTATION","verticalDatum":"Local Datum","verticalDatumCode":24,"napIdentityStatus":"UNVERIFIED","sourceFeatureLnam":"1F2B6A5E4FE07537","sourceCellId":"1R75W89I","sourceChecksum":"75b5e0c67f673d567bb1fae9d6aa2607be5c46177579e724278999342ef0b716","pipelineFeatureId":"1R75W89I/SOUNDG/1283117895/160","provenance":{"cellId":"1R75W89I","checksum":"75b5e0c67f673d567bb1fae9d6aa2607be5c46177579e724278999342ef0b716","readerVersion":"GDAL 3.2.2","processedAt":"2026-08-11T13:43:44.753Z"}}},{"type":"Feature","geometry":{"type":"Point","coordinates":[3.640526,51.5055871]},"properties":{"chartedValueMetres":3.4,"chartedValueRelationToDatum":"below","depthDatum":"Approximate LAT","depthDatumCode":42,"depthDatumStatus":"VERIFIED_FROM_OFFICIAL_DOCUMENTATION","verticalDatum":"Local Datum","verticalDatumCode":24,"napIdentityStatus":"UNVERIFIED","sourceFeatureLnam":"1F2B6A5E4FE07537","sourceCellId":"1R75W89I","sourceChecksum":"75b5e0c67f673d567bb1fae9d6aa2607be5c46177579e724278999342ef0b716","pipelineFeatureId":"1R75W89I/SOUNDG/1283117895/161","provenance":{"cellId":"1R75W89I","checksum":"75b5e0c67f673d567bb1fae9d6aa2607be5c46177579e724278999342ef0b716","readerVersion":"GDAL 3.2.2","processedAt":"2026-08-11T13:43:44.753Z"}}},{"type":"Feature","geometry":{"type":"Point","coordinates":[3.6455432,51.5037613]},"properties":{"chartedValueMetres":3.4,"chartedValueRelationToDatum":"below","depthDatum":"Approximate LAT","depthDatumCode":42,"depthDatumStatus":"VERIFIED_FROM_OFFICIAL_DOCUMENTATION","verticalDatum":"Local Datum","verticalDatumCode":24,"napIdentityStatus":"UNVERIFIED","sourceFeatureLnam":"1F2B6A5E4FE07537","sourceCellId":"1R75W89I","sourceChecksum":"75b5e0c67f673d567bb1fae9d6aa2607be5c46177579e724278999342ef0b716","pipelineFeatureId":"1R75W89I/SOUNDG/1283117895/162","provenance":{"cellId":"1R75W89I","checksum":"75b5e0c67f673d567bb1fae9d6aa2607be5c46177579e724278999342ef0b716","readerVersion":"GDAL 3.2.2","processedAt":"2026-08-11T13:43:44.753Z"}}},{"type":"Feature","geometry":{"type":"Point","coordinates":[3.6434037,51.5053016]},"properties":{"chartedValueMetres":3.4,"chartedValueRelationToDatum":"below","depthDatum":"Approximate LAT","depthDatumCode":42,"depthDatumStatus":"VERIFIED_FROM_OFFICIAL_DOCUMENTATION","verticalDatum":"Local Datum","verticalDatumCode":24,"napIdentityStatus":"UNVERIFIED","sourceFeatureLnam":"1F2B6A5E4FE07537","sourceCellId":"1R75W89I","sourceChecksum":"75b5e0c67f673d567bb1fae9d6aa2607be5c46177579e724278999342ef0b716","pipelineFeatureId":"1R75W89I/SOUNDG/1283117895/163","provenance":{"cellId":"1R75W89I","checksum":"75b5e0c67f673d567bb1fae9d6aa2607be5c46177579e724278999342ef0b716","readerVersion":"GDAL 3.2.2","processedAt":"2026-08-11T13:43:44.753Z"}}},{"type":"Feature","geometry":{"type":"Point","coordinates":[3.6393658,51.505054]},"properties":{"chartedValueMetres":3.4,"chartedValueRelationToDatum":"below","depthDatum":"Approximate LAT","depthDatumCode":42,"depthDatumStatus":"VERIFIED_FROM_OFFICIAL_DOCUMENTATION","verticalDatum":"Local Datum","verticalDatumCode":24,"napIdentityStatus":"UNVERIFIED","sourceFeatureLnam":"1F2B6A5E4FE07537","sourceCellId":"1R75W89I","sourceChecksum":"75b5e0c67f673d567bb1fae9d6aa2607be5c46177579e724278999342ef0b716","pipelineFeatureId":"1R75W89I/SOUNDG/1283117895/164","provenance":{"cellId":"1R75W89I","checksum":"75b5e0c67f673d567bb1fae9d6aa2607be5c46177579e724278999342ef0b716","readerVersion":"GDAL 3.2.2","processedAt":"2026-08-11T13:43:44.753Z"}}},{"type":"Feature","geometry":{"type":"Point","coordinates":[3.6441164,51.5047582]},"properties":{"chartedValueMetres":3.4,"chartedValueRelationToDatum":"below","depthDatum":"Approximate LAT","depthDatumCode":42,"depthDatumStatus":"VERIFIED_FROM_OFFICIAL_DOCUMENTATION","verticalDatum":"Local Datum","verticalDatumCode":24,"napIdentityStatus":"UNVERIFIED","sourceFeatureLnam":"1F2B6A5E4FE07537","sourceCellId":"1R75W89I","sourceChecksum":"75b5e0c67f673d567bb1fae9d6aa2607be5c46177579e724278999342ef0b716","pipelineFeatureId":"1R75W89I/SOUNDG/1283117895/165","provenance":{"cellId":"1R75W89I","checksum":"75b5e0c67f673d567bb1fae9d6aa2607be5c46177579e724278999342ef0b716","readerVersion":"GDAL 3.2.2","processedAt":"2026-08-11T13:43:44.753Z"}}},{"type":"Feature","geometry":{"type":"Point","coordinates":[3.6462559,51.5032178]},"properties":{"chartedValueMetres":3.4,"chartedValueRelationToDatum":"below","depthDatum":"Approximate LAT","depthDatumCode":42,"depthDatumStatus":"VERIFIED_FROM_OFFICIAL_DOCUMENTATION","verticalDatum":"Local Datum","verticalDatumCode":24,"napIdentityStatus":"UNVERIFIED","sourceFeatureLnam":"1F2B6A5E4FE07537","sourceCellId":"1R75W89I","sourceChecksum":"75b5e0c67f673d567bb1fae9d6aa2607be5c46177579e724278999342ef0b716","pipelineFeatureId":"1R75W89I/SOUNDG/1283117895/166","provenance":{"cellId":"1R75W89I","checksum":"75b5e0c67f673d567bb1fae9d6aa2607be5c46177579e724278999342ef0b716","readerVersion":"GDAL 3.2.2","processedAt":"2026-08-11T13:43:44.753Z"}}},{"type":"Feature","geometry":{"type":"Point","coordinates":[3.6469698,51.5027643]},"properties":{"chartedValueMetres":3.4,"chartedValueRelationToDatum":"below","depthDatum":"Approximate LAT","depthDatumCode":42,"depthDatumStatus":"VERIFIED_FROM_OFFICIAL_DOCUMENTATION","verticalDatum":"Local Datum","verticalDatumCode":24,"napIdentityStatus":"UNVERIFIED","sourceFeatureLnam":"1F2B6A5E4FE07537","sourceCellId":"1R75W89I","sourceChecksum":"75b5e0c67f673d567bb1fae9d6aa2607be5c46177579e724278999342ef0b716","pipelineFeatureId":"1R75W89I/SOUNDG/1283117895/167","provenance":{"cellId":"1R75W89I","checksum":"75b5e0c67f673d567bb1fae9d6aa2607be5c46177579e724278999342ef0b716","readerVersion":"GDAL 3.2.2","processedAt":"2026-08-11T13:43:44.753Z"}}},{"type":"Feature","geometry":{"type":"Point","coordinates":[3.6649974,51.5237943]},"properties":{"chartedValueMetres":3.4,"chartedValueRelationToDatum":"below","depthDatum":"Approximate LAT","depthDatumCode":42,"depthDatumStatus":"VERIFIED_FROM_OFFICIAL_DOCUMENTATION","verticalDatum":"Local Datum","verticalDatumCode":24,"napIdentityStatus":"UNVERIFIED","sourceFeatureLnam":"1F2B6A5E4FE07537","sourceCellId":"1R75W89I","sourceChecksum":"75b5e0c67f673d567bb1fae9d6aa2607be5c46177579e724278999342ef0b716","pipelineFeatureId":"1R75W89I/SOUNDG/1283117895/168","provenance":{"cellId":"1R75W89I","checksum":"75b5e0c67f673d567bb1fae9d6aa2607be5c46177579e724278999342ef0b716","readerVersion":"GDAL 3.2.2","processedAt":"2026-08-11T13:43:44.753Z"}}},{"type":"Feature","geometry":{"type":"Point","coordinates":[3.6641182,51.5228102]},"properties":{"chartedValueMetres":3.4,"chartedValueRelationToDatum":"below","depthDatum":"Approximate LAT","depthDatumCode":42,"depthDatumStatus":"VERIFIED_FROM_OFFICIAL_DOCUMENTATION","verticalDatum":"Local Datum","verticalDatumCode":24,"napIdentityStatus":"UNVERIFIED","sourceFeatureLnam":"1F2B6A5E4FE07537","sourceCellId":"1R75W89I","sourceChecksum":"75b5e0c67f673d567bb1fae9d6aa2607be5c46177579e724278999342ef0b716","pipelineFeatureId":"1R75W89I/SOUNDG/1283117895/169","provenance":{"cellId":"1R75W89I","checksum":"75b5e0c67f673d567bb1fae9d6aa2607be5c46177579e724278999342ef0b716","readerVersion":"GDAL 3.2.2","processedAt":"2026-08-11T13:43:44.753Z"}}},{"type":"Feature","geometry":{"type":"Point","coordinates":[3.6623691,51.5214713]},"properties":{"chartedValueMetres":3.4,"chartedValueRelationToDatum":"below","depthDatum":"Approximate LAT","depthDatumCode":42,"depthDatumStatus":"VERIFIED_FROM_OFFICIAL_DOCUMENTATION","verticalDatum":"Local Datum","verticalDatumCode":24,"napIdentityStatus":"UNVERIFIED","sourceFeatureLnam":"1F2B6A5E4FE07537","sourceCellId":"1R75W89I","sourceChecksum":"75b5e0c67f673d567bb1fae9d6aa2607be5c46177579e724278999342ef0b716","pipelineFeatureId":"1R75W89I/SOUNDG/1283117895/170","provenance":{"cellId":"1R75W89I","checksum":"75b5e0c67f673d567bb1fae9d6aa2607be5c46177579e724278999342ef0b716","readerVersion":"GDAL 3.2.2","processedAt":"2026-08-11T13:43:44.753Z"}}},{"type":"Feature","geometry":{"type":"Point","coordinates":[3.6511575,51.5135314]},"properties":{"chartedValueMetres":3.4,"chartedValueRelationToDatum":"below","depthDatum":"Approximate LAT","depthDatumCode":42,"depthDatumStatus":"VERIFIED_FROM_OFFICIAL_DOCUMENTATION","verticalDatum":"Local Datum","verticalDatumCode":24,"napIdentityStatus":"UNVERIFIED","sourceFeatureLnam":"1F2B6A5E4FE07537","sourceCellId":"1R75W89I","sourceChecksum":"75b5e0c67f673d567bb1fae9d6aa2607be5c46177579e724278999342ef0b716","pipelineFeatureId":"1R75W89I/SOUNDG/1283117895/171","provenance":{"cellId":"1R75W89I","checksum":"75b5e0c67f673d567bb1fae9d6aa2607be5c46177579e724278999342ef0b716","readerVersion":"GDAL 3.2.2","processedAt":"2026-08-11T13:43:44.753Z"}}},{"type":"Feature","geometry":{"type":"Point","coordinates":[3.648538,51.5015867]},"properties":{"chartedValueMetres":3.4,"chartedValueRelationToDatum":"below","depthDatum":"Approximate LAT","depthDatumCode":42,"depthDatumStatus":"VERIFIED_FROM_OFFICIAL_DOCUMENTATION","verticalDatum":"Local Datum","verticalDatumCode":24,"napIdentityStatus":"UNVERIFIED","sourceFeatureLnam":"1F2B6A5E4FE07537","sourceCellId":"1R75W89I","sourceChecksum":"75b5e0c67f673d567bb1fae9d6aa2607be5c46177579e724278999342ef0b716","pipelineFeatureId":"1R75W89I/SOUNDG/1283117895/172","provenance":{"cellId":"1R75W89I","checksum":"75b5e0c67f673d567bb1fae9d6aa2607be5c46177579e724278999342ef0b716","readerVersion":"GDAL 3.2.2","processedAt":"2026-08-11T13:43:44.753Z"}}},{"type":"Feature","geometry":{"type":"Point","coordinates":[3.648681,51.5116568]},"properties":{"chartedValueMetres":3.4,"chartedValueRelationToDatum":"below","depthDatum":"Approximate LAT","depthDatumCode":42,"depthDatumStatus":"VERIFIED_FROM_OFFICIAL_DOCUMENTATION","verticalDatum":"Local Datum","verticalDatumCode":24,"napIdentityStatus":"UNVERIFIED","sourceFeatureLnam":"1F2B6A5E4FE07537","sourceCellId":"1R75W89I","sourceChecksum":"75b5e0c67f673d567bb1fae9d6aa2607be5c46177579e724278999342ef0b716","pipelineFeatureId":"1R75W89I/SOUNDG/1283117895/173","provenance":{"cellId":"1R75W89I","checksum":"75b5e0c67f673d567bb1fae9d6aa2607be5c46177579e724278999342ef0b716","readerVersion":"GDAL 3.2.2","processedAt":"2026-08-11T13:43:44.753Z"}}},{"type":"Feature","geometry":{"type":"Point","coordinates":[3.6597476,51.5195978]},"properties":{"chartedValueMetres":3.4,"chartedValueRelationToDatum":"below","depthDatum":"Approximate LAT","depthDatumCode":42,"depthDatumStatus":"VERIFIED_FROM_OFFICIAL_DOCUMENTATION","verticalDatum":"Local Datum","verticalDatumCode":24,"napIdentityStatus":"UNVERIFIED","sourceFeatureLnam":"1F2B6A5E4FE07537","sourceCellId":"1R75W89I","sourceChecksum":"75b5e0c67f673d567bb1fae9d6aa2607be5c46177579e724278999342ef0b716","pipelineFeatureId":"1R75W89I/SOUNDG/1283117895/174","provenance":{"cellId":"1R75W89I","checksum":"75b5e0c67f673d567bb1fae9d6aa2607be5c46177579e724278999342ef0b716","readerVersion":"GDAL 3.2.2","processedAt":"2026-08-11T13:43:44.753Z"}}},{"type":"Feature","geometry":{"type":"Point","coordinates":[3.647527,51.5014125]},"properties":{"chartedValueMetres":3.4,"chartedValueRelationToDatum":"below","depthDatum":"Approximate LAT","depthDatumCode":42,"depthDatumStatus":"VERIFIED_FROM_OFFICIAL_DOCUMENTATION","verticalDatum":"Local Datum","verticalDatumCode":24,"napIdentityStatus":"UNVERIFIED","sourceFeatureLnam":"1F2B6A5E4FE07537","sourceCellId":"1R75W89I","sourceChecksum":"75b5e0c67f673d567bb1fae9d6aa2607be5c46177579e724278999342ef0b716","pipelineFeatureId":"1R75W89I/SOUNDG/1283117895/175","provenance":{"cellId":"1R75W89I","checksum":"75b5e0c67f673d567bb1fae9d6aa2607be5c46177579e724278999342ef0b716","readerVersion":"GDAL 3.2.2","processedAt":"2026-08-11T13:43:44.753Z"}}},{"type":"Feature","geometry":{"type":"Point","coordinates":[3.6562513,51.5170098]},"properties":{"chartedValueMetres":3.4,"chartedValueRelationToDatum":"below","depthDatum":"Approximate LAT","depthDatumCode":42,"depthDatumStatus":"VERIFIED_FROM_OFFICIAL_DOCUMENTATION","verticalDatum":"Local Datum","verticalDatumCode":24,"napIdentityStatus":"UNVERIFIED","sourceFeatureLnam":"1F2B6A5E4FE07537","sourceCellId":"1R75W89I","sourceChecksum":"75b5e0c67f673d567bb1fae9d6aa2607be5c46177579e724278999342ef0b716","pipelineFeatureId":"1R75W89I/SOUNDG/1283117895/176","provenance":{"cellId":"1R75W89I","checksum":"75b5e0c67f673d567bb1fae9d6aa2607be5c46177579e724278999342ef0b716","readerVersion":"GDAL 3.2.2","processedAt":"2026-08-11T13:43:44.753Z"}}},{"type":"Feature","geometry":{"type":"Point","coordinates":[3.7041038,51.5172718]},"properties":{"chartedValueMetres":3.4,"chartedValueRelationToDatum":"below","depthDatum":"Approximate LAT","depthDatumCode":42,"depthDatumStatus":"VERIFIED_FROM_OFFICIAL_DOCUMENTATION","verticalDatum":"Local Datum","verticalDatumCode":24,"napIdentityStatus":"UNVERIFIED","sourceFeatureLnam":"1F2B6A5E4FE07537","sourceCellId":"1R75W89I","sourceChecksum":"75b5e0c67f673d567bb1fae9d6aa2607be5c46177579e724278999342ef0b716","pipelineFeatureId":"1R75W89I/SOUNDG/1283117895/177","provenance":{"cellId":"1R75W89I","checksum":"75b5e0c67f673d567bb1fae9d6aa2607be5c46177579e724278999342ef0b716","readerVersion":"GDAL 3.2.2","processedAt":"2026-08-11T13:43:44.753Z"}}},{"type":"Feature","geometry":{"type":"Point","coordinates":[3.7096596,51.5223637]},"properties":{"chartedValueMetres":3.5,"chartedValueRelationToDatum":"below","depthDatum":"Approximate LAT","depthDatumCode":42,"depthDatumStatus":"VERIFIED_FROM_OFFICIAL_DOCUMENTATION","verticalDatum":"Local Datum","verticalDatumCode":24,"napIdentityStatus":"UNVERIFIED","sourceFeatureLnam":"1F2B6A5E4FE07537","sourceCellId":"1R75W89I","sourceChecksum":"75b5e0c67f673d567bb1fae9d6aa2607be5c46177579e724278999342ef0b716","pipelineFeatureId":"1R75W89I/SOUNDG/1283117895/178","provenance":{"cellId":"1R75W89I","checksum":"75b5e0c67f673d567bb1fae9d6aa2607be5c46177579e724278999342ef0b716","readerVersion":"GDAL 3.2.2","processedAt":"2026-08-11T13:43:44.753Z"}}},{"type":"Feature","geometry":{"type":"Point","coordinates":[3.7084968,51.5217413]},"properties":{"chartedValueMetres":3.5,"chartedValueRelationToDatum":"below","depthDatum":"Approximate LAT","depthDatumCode":42,"depthDatumStatus":"VERIFIED_FROM_OFFICIAL_DOCUMENTATION","verticalDatum":"Local Datum","verticalDatumCode":24,"napIdentityStatus":"UNVERIFIED","sourceFeatureLnam":"1F2B6A5E4FE07537","sourceCellId":"1R75W89I","sourceChecksum":"75b5e0c67f673d567bb1fae9d6aa2607be5c46177579e724278999342ef0b716","pipelineFeatureId":"1R75W89I/SOUNDG/1283117895/179","provenance":{"cellId":"1R75W89I","checksum":"75b5e0c67f673d567bb1fae9d6aa2607be5c46177579e724278999342ef0b716","readerVersion":"GDAL 3.2.2","processedAt":"2026-08-11T13:43:44.753Z"}}},{"type":"Feature","geometry":{"type":"Point","coordinates":[3.6949738,51.5234407]},"properties":{"chartedValueMetres":3.5,"chartedValueRelationToDatum":"below","depthDatum":"Approximate LAT","depthDatumCode":42,"depthDatumStatus":"VERIFIED_FROM_OFFICIAL_DOCUMENTATION","verticalDatum":"Local Datum","verticalDatumCode":24,"napIdentityStatus":"UNVERIFIED","sourceFeatureLnam":"1F2B6A5E4FE07537","sourceCellId":"1R75W89I","sourceChecksum":"75b5e0c67f673d567bb1fae9d6aa2607be5c46177579e724278999342ef0b716","pipelineFeatureId":"1R75W89I/SOUNDG/1283117895/180","provenance":{"cellId":"1R75W89I","checksum":"75b5e0c67f673d567bb1fae9d6aa2607be5c46177579e724278999342ef0b716","readerVersion":"GDAL 3.2.2","processedAt":"2026-08-11T13:43:44.753Z"}}},{"type":"Feature","geometry":{"type":"Point","coordinates":[3.7032253,51.5163779]},"properties":{"chartedValueMetres":3.7,"chartedValueRelationToDatum":"below","depthDatum":"Approximate LAT","depthDatumCode":42,"depthDatumStatus":"VERIFIED_FROM_OFFICIAL_DOCUMENTATION","verticalDatum":"Local Datum","verticalDatumCode":24,"napIdentityStatus":"UNVERIFIED","sourceFeatureLnam":"1F2B6A5E4FE07537","sourceCellId":"1R75W89I","sourceChecksum":"75b5e0c67f673d567bb1fae9d6aa2607be5c46177579e724278999342ef0b716","pipelineFeatureId":"1R75W89I/SOUNDG/1283117895/181","provenance":{"cellId":"1R75W89I","checksum":"75b5e0c67f673d567bb1fae9d6aa2607be5c46177579e724278999342ef0b716","readerVersion":"GDAL 3.2.2","processedAt":"2026-08-11T13:43:44.753Z"}}},{"type":"Feature","geometry":{"type":"Point","coordinates":[3.7118481,51.5240589]},"properties":{"chartedValueMetres":3.7,"chartedValueRelationToDatum":"below","depthDatum":"Approximate LAT","depthDatumCode":42,"depthDatumStatus":"VERIFIED_FROM_OFFICIAL_DOCUMENTATION","verticalDatum":"Local Datum","verticalDatumCode":24,"napIdentityStatus":"UNVERIFIED","sourceFeatureLnam":"1F2B6A5E4FE07537","sourceCellId":"1R75W89I","sourceChecksum":"75b5e0c67f673d567bb1fae9d6aa2607be5c46177579e724278999342ef0b716","pipelineFeatureId":"1R75W89I/SOUNDG/1283117895/182","provenance":{"cellId":"1R75W89I","checksum":"75b5e0c67f673d567bb1fae9d6aa2607be5c46177579e724278999342ef0b716","readerVersion":"GDAL 3.2.2","processedAt":"2026-08-11T13:43:44.753Z"}}},{"type":"Feature","geometry":{"type":"Point","coordinates":[3.7044267,51.5195179]},"properties":{"chartedValueMetres":3.7,"chartedValueRelationToDatum":"below","depthDatum":"Approximate LAT","depthDatumCode":42,"depthDatumStatus":"VERIFIED_FROM_OFFICIAL_DOCUMENTATION","verticalDatum":"Local Datum","verticalDatumCode":24,"napIdentityStatus":"UNVERIFIED","sourceFeatureLnam":"1F2B6A5E4FE07537","sourceCellId":"1R75W89I","sourceChecksum":"75b5e0c67f673d567bb1fae9d6aa2607be5c46177579e724278999342ef0b716","pipelineFeatureId":"1R75W89I/SOUNDG/1283117895/183","provenance":{"cellId":"1R75W89I","checksum":"75b5e0c67f673d567bb1fae9d6aa2607be5c46177579e724278999342ef0b716","readerVersion":"GDAL 3.2.2","processedAt":"2026-08-11T13:43:44.753Z"}}},{"type":"Feature","geometry":{"type":"Point","coordinates":[3.7071955,51.5214794]},"properties":{"chartedValueMetres":3.8,"chartedValueRelationToDatum":"below","depthDatum":"Approximate LAT","depthDatumCode":42,"depthDatumStatus":"VERIFIED_FROM_OFFICIAL_DOCUMENTATION","verticalDatum":"Local Datum","verticalDatumCode":24,"napIdentityStatus":"UNVERIFIED","sourceFeatureLnam":"1F2B6A5E4FE07537","sourceCellId":"1R75W89I","sourceChecksum":"75b5e0c67f673d567bb1fae9d6aa2607be5c46177579e724278999342ef0b716","pipelineFeatureId":"1R75W89I/SOUNDG/1283117895/184","provenance":{"cellId":"1R75W89I","checksum":"75b5e0c67f673d567bb1fae9d6aa2607be5c46177579e724278999342ef0b716","readerVersion":"GDAL 3.2.2","processedAt":"2026-08-11T13:43:44.753Z"}}},{"type":"Feature","geometry":{"type":"Point","coordinates":[3.6936725,51.5231787]},"properties":{"chartedValueMetres":3.8,"chartedValueRelationToDatum":"below","depthDatum":"Approximate LAT","depthDatumCode":42,"depthDatumStatus":"VERIFIED_FROM_OFFICIAL_DOCUMENTATION","verticalDatum":"Local Datum","verticalDatumCode":24,"napIdentityStatus":"UNVERIFIED","sourceFeatureLnam":"1F2B6A5E4FE07537","sourceCellId":"1R75W89I","sourceChecksum":"75b5e0c67f673d567bb1fae9d6aa2607be5c46177579e724278999342ef0b716","pipelineFeatureId":"1R75W89I/SOUNDG/1283117895/185","provenance":{"cellId":"1R75W89I","checksum":"75b5e0c67f673d567bb1fae9d6aa2607be5c46177579e724278999342ef0b716","readerVersion":"GDAL 3.2.2","processedAt":"2026-08-11T13:43:44.753Z"}}},{"type":"Feature","geometry":{"type":"Point","coordinates":[3.7118607,51.5248681]},"properties":{"chartedValueMetres":3.8,"chartedValueRelationToDatum":"below","depthDatum":"Approximate LAT","depthDatumCode":42,"depthDatumStatus":"VERIFIED_FROM_OFFICIAL_DOCUMENTATION","verticalDatum":"Local Datum","verticalDatumCode":24,"napIdentityStatus":"UNVERIFIED","sourceFeatureLnam":"1F2B6A5E4FE07537","sourceCellId":"1R75W89I","sourceChecksum":"75b5e0c67f673d567bb1fae9d6aa2607be5c46177579e724278999342ef0b716","pipelineFeatureId":"1R75W89I/SOUNDG/1283117895/186","provenance":{"cellId":"1R75W89I","checksum":"75b5e0c67f673d567bb1fae9d6aa2607be5c46177579e724278999342ef0b716","readerVersion":"GDAL 3.2.2","processedAt":"2026-08-11T13:43:44.753Z"}}},{"type":"Feature","geometry":{"type":"Point","coordinates":[3.7135341,51.5212612]},"properties":{"chartedValueMetres":3.8,"chartedValueRelationToDatum":"below","depthDatum":"Approximate LAT","depthDatumCode":42,"depthDatumStatus":"VERIFIED_FROM_OFFICIAL_DOCUMENTATION","verticalDatum":"Local Datum","verticalDatumCode":24,"napIdentityStatus":"UNVERIFIED","sourceFeatureLnam":"1F2B6A5E4FE07537","sourceCellId":"1R75W89I","sourceChecksum":"75b5e0c67f673d567bb1fae9d6aa2607be5c46177579e724278999342ef0b716","pipelineFeatureId":"1R75W89I/SOUNDG/1283117895/187","provenance":{"cellId":"1R75W89I","checksum":"75b5e0c67f673d567bb1fae9d6aa2607be5c46177579e724278999342ef0b716","readerVersion":"GDAL 3.2.2","processedAt":"2026-08-11T13:43:44.753Z"}}},{"type":"Feature","geometry":{"type":"Point","coordinates":[3.7202119,51.5242776]},"properties":{"chartedValueMetres":3.9,"chartedValueRelationToDatum":"below","depthDatum":"Approximate LAT","depthDatumCode":42,"depthDatumStatus":"VERIFIED_FROM_OFFICIAL_DOCUMENTATION","verticalDatum":"Local Datum","verticalDatumCode":24,"napIdentityStatus":"UNVERIFIED","sourceFeatureLnam":"1F2B6A5E4FE07537","sourceCellId":"1R75W89I","sourceChecksum":"75b5e0c67f673d567bb1fae9d6aa2607be5c46177579e724278999342ef0b716","pipelineFeatureId":"1R75W89I/SOUNDG/1283117895/188","provenance":{"cellId":"1R75W89I","checksum":"75b5e0c67f673d567bb1fae9d6aa2607be5c46177579e724278999342ef0b716","readerVersion":"GDAL 3.2.2","processedAt":"2026-08-11T13:43:44.753Z"}}},{"type":"Feature","geometry":{"type":"Point","coordinates":[3.7063182,51.5206754]},"properties":{"chartedValueMetres":3.9,"chartedValueRelationToDatum":"below","depthDatum":"Approximate LAT","depthDatumCode":42,"depthDatumStatus":"VERIFIED_FROM_OFFICIAL_DOCUMENTATION","verticalDatum":"Local Datum","verticalDatumCode":24,"napIdentityStatus":"UNVERIFIED","sourceFeatureLnam":"1F2B6A5E4FE07537","sourceCellId":"1R75W89I","sourceChecksum":"75b5e0c67f673d567bb1fae9d6aa2607be5c46177579e724278999342ef0b716","pipelineFeatureId":"1R75W89I/SOUNDG/1283117895/189","provenance":{"cellId":"1R75W89I","checksum":"75b5e0c67f673d567bb1fae9d6aa2607be5c46177579e724278999342ef0b716","readerVersion":"GDAL 3.2.2","processedAt":"2026-08-11T13:43:44.753Z"}}},{"type":"Feature","geometry":{"type":"Point","coordinates":[3.6240032,51.4984827]},"properties":{"chartedValueMetres":3.9,"chartedValueRelationToDatum":"below","depthDatum":"Approximate LAT","depthDatumCode":42,"depthDatumStatus":"VERIFIED_FROM_OFFICIAL_DOCUMENTATION","verticalDatum":"Local Datum","verticalDatumCode":24,"napIdentityStatus":"UNVERIFIED","sourceFeatureLnam":"1F2B6A5E4FE07537","sourceCellId":"1R75W89I","sourceChecksum":"75b5e0c67f673d567bb1fae9d6aa2607be5c46177579e724278999342ef0b716","pipelineFeatureId":"1R75W89I/SOUNDG/1283117895/190","provenance":{"cellId":"1R75W89I","checksum":"75b5e0c67f673d567bb1fae9d6aa2607be5c46177579e724278999342ef0b716","readerVersion":"GDAL 3.2.2","processedAt":"2026-08-11T13:43:44.753Z"}}},{"type":"Feature","geometry":{"type":"Point","coordinates":[3.7144058,51.5217055]},"properties":{"chartedValueMetres":4.1,"chartedValueRelationToDatum":"below","depthDatum":"Approximate LAT","depthDatumCode":42,"depthDatumStatus":"VERIFIED_FROM_OFFICIAL_DOCUMENTATION","verticalDatum":"Local Datum","verticalDatumCode":24,"napIdentityStatus":"UNVERIFIED","sourceFeatureLnam":"1F2B6A5E4FE07537","sourceCellId":"1R75W89I","sourceChecksum":"75b5e0c67f673d567bb1fae9d6aa2607be5c46177579e724278999342ef0b716","pipelineFeatureId":"1R75W89I/SOUNDG/1283117895/191","provenance":{"cellId":"1R75W89I","checksum":"75b5e0c67f673d567bb1fae9d6aa2607be5c46177579e724278999342ef0b716","readerVersion":"GDAL 3.2.2","processedAt":"2026-08-11T13:43:44.753Z"}}},{"type":"Feature","geometry":{"type":"Point","coordinates":[3.7010664,51.5165707]},"properties":{"chartedValueMetres":4.1,"chartedValueRelationToDatum":"below","depthDatum":"Approximate LAT","depthDatumCode":42,"depthDatumStatus":"VERIFIED_FROM_OFFICIAL_DOCUMENTATION","verticalDatum":"Local Datum","verticalDatumCode":24,"napIdentityStatus":"UNVERIFIED","sourceFeatureLnam":"1F2B6A5E4FE07537","sourceCellId":"1R75W89I","sourceChecksum":"75b5e0c67f673d567bb1fae9d6aa2607be5c46177579e724278999342ef0b716","pipelineFeatureId":"1R75W89I/SOUNDG/1283117895/192","provenance":{"cellId":"1R75W89I","checksum":"75b5e0c67f673d567bb1fae9d6aa2607be5c46177579e724278999342ef0b716","readerVersion":"GDAL 3.2.2","processedAt":"2026-08-11T13:43:44.753Z"}}},{"type":"Feature","geometry":{"type":"Point","coordinates":[3.7070124,51.5189628]},"properties":{"chartedValueMetres":4.2,"chartedValueRelationToDatum":"below","depthDatum":"Approximate LAT","depthDatumCode":42,"depthDatumStatus":"VERIFIED_FROM_OFFICIAL_DOCUMENTATION","verticalDatum":"Local Datum","verticalDatumCode":24,"napIdentityStatus":"UNVERIFIED","sourceFeatureLnam":"1F2B6A5E4FE07537","sourceCellId":"1R75W89I","sourceChecksum":"75b5e0c67f673d567bb1fae9d6aa2607be5c46177579e724278999342ef0b716","pipelineFeatureId":"1R75W89I/SOUNDG/1283117895/193","provenance":{"cellId":"1R75W89I","checksum":"75b5e0c67f673d567bb1fae9d6aa2607be5c46177579e724278999342ef0b716","readerVersion":"GDAL 3.2.2","processedAt":"2026-08-11T13:43:44.753Z"}}},{"type":"Feature","geometry":{"type":"Point","coordinates":[3.7032723,51.5194349]},"properties":{"chartedValueMetres":4.2,"chartedValueRelationToDatum":"below","depthDatum":"Approximate LAT","depthDatumCode":42,"depthDatumStatus":"VERIFIED_FROM_OFFICIAL_DOCUMENTATION","verticalDatum":"Local Datum","verticalDatumCode":24,"napIdentityStatus":"UNVERIFIED","sourceFeatureLnam":"1F2B6A5E4FE07537","sourceCellId":"1R75W89I","sourceChecksum":"75b5e0c67f673d567bb1fae9d6aa2607be5c46177579e724278999342ef0b716","pipelineFeatureId":"1R75W89I/SOUNDG/1283117895/194","provenance":{"cellId":"1R75W89I","checksum":"75b5e0c67f673d567bb1fae9d6aa2607be5c46177579e724278999342ef0b716","readerVersion":"GDAL 3.2.2","processedAt":"2026-08-11T13:43:44.753Z"}}},{"type":"Feature","geometry":{"type":"Point","coordinates":[3.6978509,51.523064]},"properties":{"chartedValueMetres":4.2,"chartedValueRelationToDatum":"below","depthDatum":"Approximate LAT","depthDatumCode":42,"depthDatumStatus":"VERIFIED_FROM_OFFICIAL_DOCUMENTATION","verticalDatum":"Local Datum","verticalDatumCode":24,"napIdentityStatus":"UNVERIFIED","sourceFeatureLnam":"1F2B6A5E4FE07537","sourceCellId":"1R75W89I","sourceChecksum":"75b5e0c67f673d567bb1fae9d6aa2607be5c46177579e724278999342ef0b716","pipelineFeatureId":"1R75W89I/SOUNDG/1283117895/195","provenance":{"cellId":"1R75W89I","checksum":"75b5e0c67f673d567bb1fae9d6aa2607be5c46177579e724278999342ef0b716","readerVersion":"GDAL 3.2.2","processedAt":"2026-08-11T13:43:44.753Z"}}},{"type":"Feature","geometry":{"type":"Point","coordinates":[3.7041246,51.5186205]},"properties":{"chartedValueMetres":4.3,"chartedValueRelationToDatum":"below","depthDatum":"Approximate LAT","depthDatumCode":42,"depthDatumStatus":"VERIFIED_FROM_OFFICIAL_DOCUMENTATION","verticalDatum":"Local Datum","verticalDatumCode":24,"napIdentityStatus":"UNVERIFIED","sourceFeatureLnam":"1F2B6A5E4FE07537","sourceCellId":"1R75W89I","sourceChecksum":"75b5e0c67f673d567bb1fae9d6aa2607be5c46177579e724278999342ef0b716","pipelineFeatureId":"1R75W89I/SOUNDG/1283117895/196","provenance":{"cellId":"1R75W89I","checksum":"75b5e0c67f673d567bb1fae9d6aa2607be5c46177579e724278999342ef0b716","readerVersion":"GDAL 3.2.2","processedAt":"2026-08-11T13:43:44.753Z"}}},{"type":"Feature","geometry":{"type":"Point","coordinates":[3.7053122,51.5208613]},"properties":{"chartedValueMetres":4.3,"chartedValueRelationToDatum":"below","depthDatum":"Approximate LAT","depthDatumCode":42,"depthDatumStatus":"VERIFIED_FROM_OFFICIAL_DOCUMENTATION","verticalDatum":"Local Datum","verticalDatumCode":24,"napIdentityStatus":"UNVERIFIED","sourceFeatureLnam":"1F2B6A5E4FE07537","sourceCellId":"1R75W89I","sourceChecksum":"75b5e0c67f673d567bb1fae9d6aa2607be5c46177579e724278999342ef0b716","pipelineFeatureId":"1R75W89I/SOUNDG/1283117895/197","provenance":{"cellId":"1R75W89I","checksum":"75b5e0c67f673d567bb1fae9d6aa2607be5c46177579e724278999342ef0b716","readerVersion":"GDAL 3.2.2","processedAt":"2026-08-11T13:43:44.753Z"}}},{"type":"Feature","geometry":{"type":"Point","coordinates":[3.7196169,51.5231123]},"properties":{"chartedValueMetres":4.3,"chartedValueRelationToDatum":"below","depthDatum":"Approximate LAT","depthDatumCode":42,"depthDatumStatus":"VERIFIED_FROM_OFFICIAL_DOCUMENTATION","verticalDatum":"Local Datum","verticalDatumCode":24,"napIdentityStatus":"UNVERIFIED","sourceFeatureLnam":"1F2B6A5E4FE07537","sourceCellId":"1R75W89I","sourceChecksum":"75b5e0c67f673d567bb1fae9d6aa2607be5c46177579e724278999342ef0b716","pipelineFeatureId":"1R75W89I/SOUNDG/1283117895/198","provenance":{"cellId":"1R75W89I","checksum":"75b5e0c67f673d567bb1fae9d6aa2607be5c46177579e724278999342ef0b716","readerVersion":"GDAL 3.2.2","processedAt":"2026-08-11T13:43:44.753Z"}}},{"type":"Feature","geometry":{"type":"Point","coordinates":[3.6910973,51.5244527]},"properties":{"chartedValueMetres":4.3,"chartedValueRelationToDatum":"below","depthDatum":"Approximate LAT","depthDatumCode":42,"depthDatumStatus":"VERIFIED_FROM_OFFICIAL_DOCUMENTATION","verticalDatum":"Local Datum","verticalDatumCode":24,"napIdentityStatus":"UNVERIFIED","sourceFeatureLnam":"1F2B6A5E4FE07537","sourceCellId":"1R75W89I","sourceChecksum":"75b5e0c67f673d567bb1fae9d6aa2607be5c46177579e724278999342ef0b716","pipelineFeatureId":"1R75W89I/SOUNDG/1283117895/199","provenance":{"cellId":"1R75W89I","checksum":"75b5e0c67f673d567bb1fae9d6aa2607be5c46177579e724278999342ef0b716","readerVersion":"GDAL 3.2.2","processedAt":"2026-08-11T13:43:44.753Z"}}},{"type":"Feature","geometry":{"type":"Point","coordinates":[3.6476838,51.5023108]},"properties":{"chartedValueMetres":4.4,"chartedValueRelationToDatum":"below","depthDatum":"Approximate LAT","depthDatumCode":42,"depthDatumStatus":"VERIFIED_FROM_OFFICIAL_DOCUMENTATION","verticalDatum":"Local Datum","verticalDatumCode":24,"napIdentityStatus":"UNVERIFIED","sourceFeatureLnam":"1F2B6A5E4FE07537","sourceCellId":"1R75W89I","sourceChecksum":"75b5e0c67f673d567bb1fae9d6aa2607be5c46177579e724278999342ef0b716","pipelineFeatureId":"1R75W89I/SOUNDG/1283117895/200","provenance":{"cellId":"1R75W89I","checksum":"75b5e0c67f673d567bb1fae9d6aa2607be5c46177579e724278999342ef0b716","readerVersion":"GDAL 3.2.2","processedAt":"2026-08-11T13:43:44.753Z"}}},{"type":"Feature","geometry":{"type":"Point","coordinates":[3.7093895,51.5235343]},"properties":{"chartedValueMetres":4.4,"chartedValueRelationToDatum":"below","depthDatum":"Approximate LAT","depthDatumCode":42,"depthDatumStatus":"VERIFIED_FROM_OFFICIAL_DOCUMENTATION","verticalDatum":"Local Datum","verticalDatumCode":24,"napIdentityStatus":"UNVERIFIED","sourceFeatureLnam":"1F2B6A5E4FE07537","sourceCellId":"1R75W89I","sourceChecksum":"75b5e0c67f673d567bb1fae9d6aa2607be5c46177579e724278999342ef0b716","pipelineFeatureId":"1R75W89I/SOUNDG/1283117895/201","provenance":{"cellId":"1R75W89I","checksum":"75b5e0c67f673d567bb1fae9d6aa2607be5c46177579e724278999342ef0b716","readerVersion":"GDAL 3.2.2","processedAt":"2026-08-11T13:43:44.753Z"}}},{"type":"Feature","geometry":{"type":"Point","coordinates":[3.7171414,51.521509]},"properties":{"chartedValueMetres":4.4,"chartedValueRelationToDatum":"below","depthDatum":"Approximate LAT","depthDatumCode":42,"depthDatumStatus":"VERIFIED_FROM_OFFICIAL_DOCUMENTATION","verticalDatum":"Local Datum","verticalDatumCode":24,"napIdentityStatus":"UNVERIFIED","sourceFeatureLnam":"1F2B6A5E4FE07537","sourceCellId":"1R75W89I","sourceChecksum":"75b5e0c67f673d567bb1fae9d6aa2607be5c46177579e724278999342ef0b716","pipelineFeatureId":"1R75W89I/SOUNDG/1283117895/202","provenance":{"cellId":"1R75W89I","checksum":"75b5e0c67f673d567bb1fae9d6aa2607be5c46177579e724278999342ef0b716","readerVersion":"GDAL 3.2.2","processedAt":"2026-08-11T13:43:44.753Z"}}},{"type":"Feature","geometry":{"type":"Point","coordinates":[3.703713,51.5199717]},"properties":{"chartedValueMetres":4.5,"chartedValueRelationToDatum":"below","depthDatum":"Approximate LAT","depthDatumCode":42,"depthDatumStatus":"VERIFIED_FROM_OFFICIAL_DOCUMENTATION","verticalDatum":"Local Datum","verticalDatumCode":24,"napIdentityStatus":"UNVERIFIED","sourceFeatureLnam":"1F2B6A5E4FE07537","sourceCellId":"1R75W89I","sourceChecksum":"75b5e0c67f673d567bb1fae9d6aa2607be5c46177579e724278999342ef0b716","pipelineFeatureId":"1R75W89I/SOUNDG/1283117895/203","provenance":{"cellId":"1R75W89I","checksum":"75b5e0c67f673d567bb1fae9d6aa2607be5c46177579e724278999342ef0b716","readerVersion":"GDAL 3.2.2","processedAt":"2026-08-11T13:43:44.753Z"}}},{"type":"Feature","geometry":{"type":"Point","coordinates":[3.7002886,51.5222402]},"properties":{"chartedValueMetres":4.5,"chartedValueRelationToDatum":"below","depthDatum":"Approximate LAT","depthDatumCode":42,"depthDatumStatus":"VERIFIED_FROM_OFFICIAL_DOCUMENTATION","verticalDatum":"Local Datum","verticalDatumCode":24,"napIdentityStatus":"UNVERIFIED","sourceFeatureLnam":"1F2B6A5E4FE07537","sourceCellId":"1R75W89I","sourceChecksum":"75b5e0c67f673d567bb1fae9d6aa2607be5c46177579e724278999342ef0b716","pipelineFeatureId":"1R75W89I/SOUNDG/1283117895/204","provenance":{"cellId":"1R75W89I","checksum":"75b5e0c67f673d567bb1fae9d6aa2607be5c46177579e724278999342ef0b716","readerVersion":"GDAL 3.2.2","processedAt":"2026-08-11T13:43:44.753Z"}}},{"type":"Feature","geometry":{"type":"Point","coordinates":[3.7037671,51.5234782]},"properties":{"chartedValueMetres":4.5,"chartedValueRelationToDatum":"below","depthDatum":"Approximate LAT","depthDatumCode":42,"depthDatumStatus":"VERIFIED_FROM_OFFICIAL_DOCUMENTATION","verticalDatum":"Local Datum","verticalDatumCode":24,"napIdentityStatus":"UNVERIFIED","sourceFeatureLnam":"1F2B6A5E4FE07537","sourceCellId":"1R75W89I","sourceChecksum":"75b5e0c67f673d567bb1fae9d6aa2607be5c46177579e724278999342ef0b716","pipelineFeatureId":"1R75W89I/SOUNDG/1283117895/205","provenance":{"cellId":"1R75W89I","checksum":"75b5e0c67f673d567bb1fae9d6aa2607be5c46177579e724278999342ef0b716","readerVersion":"GDAL 3.2.2","processedAt":"2026-08-11T13:43:44.753Z"}}},{"type":"Feature","geometry":{"type":"Point","coordinates":[3.7026071,51.5230356]},"properties":{"chartedValueMetres":4.5,"chartedValueRelationToDatum":"below","depthDatum":"Approximate LAT","depthDatumCode":42,"depthDatumStatus":"VERIFIED_FROM_OFFICIAL_DOCUMENTATION","verticalDatum":"Local Datum","verticalDatumCode":24,"napIdentityStatus":"UNVERIFIED","sourceFeatureLnam":"1F2B6A5E4FE07537","sourceCellId":"1R75W89I","sourceChecksum":"75b5e0c67f673d567bb1fae9d6aa2607be5c46177579e724278999342ef0b716","pipelineFeatureId":"1R75W89I/SOUNDG/1283117895/206","provenance":{"cellId":"1R75W89I","checksum":"75b5e0c67f673d567bb1fae9d6aa2607be5c46177579e724278999342ef0b716","readerVersion":"GDAL 3.2.2","processedAt":"2026-08-11T13:43:44.753Z"}}},{"type":"Feature","geometry":{"type":"Point","coordinates":[3.7219514,51.5248964]},"properties":{"chartedValueMetres":4.6,"chartedValueRelationToDatum":"below","depthDatum":"Approximate LAT","depthDatumCode":42,"depthDatumStatus":"VERIFIED_FROM_OFFICIAL_DOCUMENTATION","verticalDatum":"Local Datum","verticalDatumCode":24,"napIdentityStatus":"UNVERIFIED","sourceFeatureLnam":"1F2B6A5E4FE07537","sourceCellId":"1R75W89I","sourceChecksum":"75b5e0c67f673d567bb1fae9d6aa2607be5c46177579e724278999342ef0b716","pipelineFeatureId":"1R75W89I/SOUNDG/1283117895/207","provenance":{"cellId":"1R75W89I","checksum":"75b5e0c67f673d567bb1fae9d6aa2607be5c46177579e724278999342ef0b716","readerVersion":"GDAL 3.2.2","processedAt":"2026-08-11T13:43:44.753Z"}}},{"type":"Feature","geometry":{"type":"Point","coordinates":[3.7122258,51.5205498]},"properties":{"chartedValueMetres":4.6,"chartedValueRelationToDatum":"below","depthDatum":"Approximate LAT","depthDatumCode":42,"depthDatumStatus":"VERIFIED_FROM_OFFICIAL_DOCUMENTATION","verticalDatum":"Local Datum","verticalDatumCode":24,"napIdentityStatus":"UNVERIFIED","sourceFeatureLnam":"1F2B6A5E4FE07537","sourceCellId":"1R75W89I","sourceChecksum":"75b5e0c67f673d567bb1fae9d6aa2607be5c46177579e724278999342ef0b716","pipelineFeatureId":"1R75W89I/SOUNDG/1283117895/208","provenance":{"cellId":"1R75W89I","checksum":"75b5e0c67f673d567bb1fae9d6aa2607be5c46177579e724278999342ef0b716","readerVersion":"GDAL 3.2.2","processedAt":"2026-08-11T13:43:44.753Z"}}},{"type":"Feature","geometry":{"type":"Point","coordinates":[3.7206542,51.5249043]},"properties":{"chartedValueMetres":4.6,"chartedValueRelationToDatum":"below","depthDatum":"Approximate LAT","depthDatumCode":42,"depthDatumStatus":"VERIFIED_FROM_OFFICIAL_DOCUMENTATION","verticalDatum":"Local Datum","verticalDatumCode":24,"napIdentityStatus":"UNVERIFIED","sourceFeatureLnam":"1F2B6A5E4FE07537","sourceCellId":"1R75W89I","sourceChecksum":"75b5e0c67f673d567bb1fae9d6aa2607be5c46177579e724278999342ef0b716","pipelineFeatureId":"1R75W89I/SOUNDG/1283117895/209","provenance":{"cellId":"1R75W89I","checksum":"75b5e0c67f673d567bb1fae9d6aa2607be5c46177579e724278999342ef0b716","readerVersion":"GDAL 3.2.2","processedAt":"2026-08-11T13:43:44.753Z"}}},{"type":"Feature","geometry":{"type":"Point","coordinates":[3.7132149,51.5192849]},"properties":{"chartedValueMetres":4.6,"chartedValueRelationToDatum":"below","depthDatum":"Approximate LAT","depthDatumCode":42,"depthDatumStatus":"VERIFIED_FROM_OFFICIAL_DOCUMENTATION","verticalDatum":"Local Datum","verticalDatumCode":24,"napIdentityStatus":"UNVERIFIED","sourceFeatureLnam":"1F2B6A5E4FE07537","sourceCellId":"1R75W89I","sourceChecksum":"75b5e0c67f673d567bb1fae9d6aa2607be5c46177579e724278999342ef0b716","pipelineFeatureId":"1R75W89I/SOUNDG/1283117895/210","provenance":{"cellId":"1R75W89I","checksum":"75b5e0c67f673d567bb1fae9d6aa2607be5c46177579e724278999342ef0b716","readerVersion":"GDAL 3.2.2","processedAt":"2026-08-11T13:43:44.753Z"}}},{"type":"Feature","geometry":{"type":"Point","coordinates":[3.7025587,51.5198887]},"properties":{"chartedValueMetres":4.7,"chartedValueRelationToDatum":"below","depthDatum":"Approximate LAT","depthDatumCode":42,"depthDatumStatus":"VERIFIED_FROM_OFFICIAL_DOCUMENTATION","verticalDatum":"Local Datum","verticalDatumCode":24,"napIdentityStatus":"UNVERIFIED","sourceFeatureLnam":"1F2B6A5E4FE07537","sourceCellId":"1R75W89I","sourceChecksum":"75b5e0c67f673d567bb1fae9d6aa2607be5c46177579e724278999342ef0b716","pipelineFeatureId":"1R75W89I/SOUNDG/1283117895/211","provenance":{"cellId":"1R75W89I","checksum":"75b5e0c67f673d567bb1fae9d6aa2607be5c46177579e724278999342ef0b716","readerVersion":"GDAL 3.2.2","processedAt":"2026-08-11T13:43:44.753Z"}}},{"type":"Feature","geometry":{"type":"Point","coordinates":[3.7091152,51.5244351]},"properties":{"chartedValueMetres":4.7,"chartedValueRelationToDatum":"below","depthDatum":"Approximate LAT","depthDatumCode":42,"depthDatumStatus":"VERIFIED_FROM_OFFICIAL_DOCUMENTATION","verticalDatum":"Local Datum","verticalDatumCode":24,"napIdentityStatus":"UNVERIFIED","sourceFeatureLnam":"1F2B6A5E4FE07537","sourceCellId":"1R75W89I","sourceChecksum":"75b5e0c67f673d567bb1fae9d6aa2607be5c46177579e724278999342ef0b716","pipelineFeatureId":"1R75W89I/SOUNDG/1283117895/212","provenance":{"cellId":"1R75W89I","checksum":"75b5e0c67f673d567bb1fae9d6aa2607be5c46177579e724278999342ef0b716","readerVersion":"GDAL 3.2.2","processedAt":"2026-08-11T13:43:44.753Z"}}},{"type":"Feature","geometry":{"type":"Point","coordinates":[3.7031185,51.5188064]},"properties":{"chartedValueMetres":4.7,"chartedValueRelationToDatum":"below","depthDatum":"Approximate LAT","depthDatumCode":42,"depthDatumStatus":"VERIFIED_FROM_OFFICIAL_DOCUMENTATION","verticalDatum":"Local Datum","verticalDatumCode":24,"napIdentityStatus":"UNVERIFIED","sourceFeatureLnam":"1F2B6A5E4FE07537","sourceCellId":"1R75W89I","sourceChecksum":"75b5e0c67f673d567bb1fae9d6aa2607be5c46177579e724278999342ef0b716","pipelineFeatureId":"1R75W89I/SOUNDG/1283117895/213","provenance":{"cellId":"1R75W89I","checksum":"75b5e0c67f673d567bb1fae9d6aa2607be5c46177579e724278999342ef0b716","readerVersion":"GDAL 3.2.2","processedAt":"2026-08-11T13:43:44.753Z"}}},{"type":"Feature","geometry":{"type":"Point","coordinates":[3.7040123,51.5206893]},"properties":{"chartedValueMetres":4.8,"chartedValueRelationToDatum":"below","depthDatum":"Approximate LAT","depthDatumCode":42,"depthDatumStatus":"VERIFIED_FROM_OFFICIAL_DOCUMENTATION","verticalDatum":"Local Datum","verticalDatumCode":24,"napIdentityStatus":"UNVERIFIED","sourceFeatureLnam":"1F2B6A5E4FE07537","sourceCellId":"1R75W89I","sourceChecksum":"75b5e0c67f673d567bb1fae9d6aa2607be5c46177579e724278999342ef0b716","pipelineFeatureId":"1R75W89I/SOUNDG/1283117895/214","provenance":{"cellId":"1R75W89I","checksum":"75b5e0c67f673d567bb1fae9d6aa2607be5c46177579e724278999342ef0b716","readerVersion":"GDAL 3.2.2","processedAt":"2026-08-11T13:43:44.753Z"}}},{"type":"Feature","geometry":{"type":"Point","coordinates":[3.716148,51.5225041]},"properties":{"chartedValueMetres":4.8,"chartedValueRelationToDatum":"below","depthDatum":"Approximate LAT","depthDatumCode":42,"depthDatumStatus":"VERIFIED_FROM_OFFICIAL_DOCUMENTATION","verticalDatum":"Local Datum","verticalDatumCode":24,"napIdentityStatus":"UNVERIFIED","sourceFeatureLnam":"1F2B6A5E4FE07537","sourceCellId":"1R75W89I","sourceChecksum":"75b5e0c67f673d567bb1fae9d6aa2607be5c46177579e724278999342ef0b716","pipelineFeatureId":"1R75W89I/SOUNDG/1283117895/215","provenance":{"cellId":"1R75W89I","checksum":"75b5e0c67f673d567bb1fae9d6aa2607be5c46177579e724278999342ef0b716","readerVersion":"GDAL 3.2.2","processedAt":"2026-08-11T13:43:44.753Z"}}},{"type":"Feature","geometry":{"type":"Point","coordinates":[3.7100514,51.5197537]},"properties":{"chartedValueMetres":4.9,"chartedValueRelationToDatum":"below","depthDatum":"Approximate LAT","depthDatumCode":42,"depthDatumStatus":"VERIFIED_FROM_OFFICIAL_DOCUMENTATION","verticalDatum":"Local Datum","verticalDatumCode":24,"napIdentityStatus":"UNVERIFIED","sourceFeatureLnam":"1F2B6A5E4FE07537","sourceCellId":"1R75W89I","sourceChecksum":"75b5e0c67f673d567bb1fae9d6aa2607be5c46177579e724278999342ef0b716","pipelineFeatureId":"1R75W89I/SOUNDG/1283117895/216","provenance":{"cellId":"1R75W89I","checksum":"75b5e0c67f673d567bb1fae9d6aa2607be5c46177579e724278999342ef0b716","readerVersion":"GDAL 3.2.2","processedAt":"2026-08-11T13:43:44.753Z"}}},{"type":"Feature","geometry":{"type":"Point","coordinates":[3.7015927,51.522682]},"properties":{"chartedValueMetres":4.9,"chartedValueRelationToDatum":"below","depthDatum":"Approximate LAT","depthDatumCode":42,"depthDatumStatus":"VERIFIED_FROM_OFFICIAL_DOCUMENTATION","verticalDatum":"Local Datum","verticalDatumCode":24,"napIdentityStatus":"UNVERIFIED","sourceFeatureLnam":"1F2B6A5E4FE07537","sourceCellId":"1R75W89I","sourceChecksum":"75b5e0c67f673d567bb1fae9d6aa2607be5c46177579e724278999342ef0b716","pipelineFeatureId":"1R75W89I/SOUNDG/1283117895/217","provenance":{"cellId":"1R75W89I","checksum":"75b5e0c67f673d567bb1fae9d6aa2607be5c46177579e724278999342ef0b716","readerVersion":"GDAL 3.2.2","processedAt":"2026-08-11T13:43:44.753Z"}}},{"type":"Feature","geometry":{"type":"Point","coordinates":[3.7088046,51.5229983]},"properties":{"chartedValueMetres":4.9,"chartedValueRelationToDatum":"below","depthDatum":"Approximate LAT","depthDatumCode":42,"depthDatumStatus":"VERIFIED_FROM_OFFICIAL_DOCUMENTATION","verticalDatum":"Local Datum","verticalDatumCode":24,"napIdentityStatus":"UNVERIFIED","sourceFeatureLnam":"1F2B6A5E4FE07537","sourceCellId":"1R75W89I","sourceChecksum":"75b5e0c67f673d567bb1fae9d6aa2607be5c46177579e724278999342ef0b716","pipelineFeatureId":"1R75W89I/SOUNDG/1283117895/218","provenance":{"cellId":"1R75W89I","checksum":"75b5e0c67f673d567bb1fae9d6aa2607be5c46177579e724278999342ef0b716","readerVersion":"GDAL 3.2.2","processedAt":"2026-08-11T13:43:44.753Z"}}},{"type":"Feature","geometry":{"type":"Point","coordinates":[3.698275,51.522522]},"properties":{"chartedValueMetres":4.9,"chartedValueRelationToDatum":"below","depthDatum":"Approximate LAT","depthDatumCode":42,"depthDatumStatus":"VERIFIED_FROM_OFFICIAL_DOCUMENTATION","verticalDatum":"Local Datum","verticalDatumCode":24,"napIdentityStatus":"UNVERIFIED","sourceFeatureLnam":"1F2B6A5E4FE07537","sourceCellId":"1R75W89I","sourceChecksum":"75b5e0c67f673d567bb1fae9d6aa2607be5c46177579e724278999342ef0b716","pipelineFeatureId":"1R75W89I/SOUNDG/1283117895/219","provenance":{"cellId":"1R75W89I","checksum":"75b5e0c67f673d567bb1fae9d6aa2607be5c46177579e724278999342ef0b716","readerVersion":"GDAL 3.2.2","processedAt":"2026-08-11T13:43:44.753Z"}}},{"type":"Feature","geometry":{"type":"Point","coordinates":[3.7140881,51.5198191]},"properties":{"chartedValueMetres":5,"chartedValueRelationToDatum":"below","depthDatum":"Approximate LAT","depthDatumCode":42,"depthDatumStatus":"VERIFIED_FROM_OFFICIAL_DOCUMENTATION","verticalDatum":"Local Datum","verticalDatumCode":24,"napIdentityStatus":"UNVERIFIED","sourceFeatureLnam":"1F2B6A5E4FE07537","sourceCellId":"1R75W89I","sourceChecksum":"75b5e0c67f673d567bb1fae9d6aa2607be5c46177579e724278999342ef0b716","pipelineFeatureId":"1R75W89I/SOUNDG/1283117895/220","provenance":{"cellId":"1R75W89I","checksum":"75b5e0c67f673d567bb1fae9d6aa2607be5c46177579e724278999342ef0b716","readerVersion":"GDAL 3.2.2","processedAt":"2026-08-11T13:43:44.753Z"}}},{"type":"Feature","geometry":{"type":"Point","coordinates":[3.7190688,51.5249141]},"properties":{"chartedValueMetres":5,"chartedValueRelationToDatum":"below","depthDatum":"Approximate LAT","depthDatumCode":42,"depthDatumStatus":"VERIFIED_FROM_OFFICIAL_DOCUMENTATION","verticalDatum":"Local Datum","verticalDatumCode":24,"napIdentityStatus":"UNVERIFIED","sourceFeatureLnam":"1F2B6A5E4FE07537","sourceCellId":"1R75W89I","sourceChecksum":"75b5e0c67f673d567bb1fae9d6aa2607be5c46177579e724278999342ef0b716","pipelineFeatureId":"1R75W89I/SOUNDG/1283117895/221","provenance":{"cellId":"1R75W89I","checksum":"75b5e0c67f673d567bb1fae9d6aa2607be5c46177579e724278999342ef0b716","readerVersion":"GDAL 3.2.2","processedAt":"2026-08-11T13:43:44.753Z"}}},{"type":"Feature","geometry":{"type":"Point","coordinates":[3.7075046,51.5228263]},"properties":{"chartedValueMetres":5.2,"chartedValueRelationToDatum":"below","depthDatum":"Approximate LAT","depthDatumCode":42,"depthDatumStatus":"VERIFIED_FROM_OFFICIAL_DOCUMENTATION","verticalDatum":"Local Datum","verticalDatumCode":24,"napIdentityStatus":"UNVERIFIED","sourceFeatureLnam":"1F2B6A5E4FE07537","sourceCellId":"1R75W89I","sourceChecksum":"75b5e0c67f673d567bb1fae9d6aa2607be5c46177579e724278999342ef0b716","pipelineFeatureId":"1R75W89I/SOUNDG/1283117895/222","provenance":{"cellId":"1R75W89I","checksum":"75b5e0c67f673d567bb1fae9d6aa2607be5c46177579e724278999342ef0b716","readerVersion":"GDAL 3.2.2","processedAt":"2026-08-11T13:43:44.753Z"}}},{"type":"Feature","geometry":{"type":"Point","coordinates":[3.6994184,51.5218857]},"properties":{"chartedValueMetres":5.2,"chartedValueRelationToDatum":"below","depthDatum":"Approximate LAT","depthDatumCode":42,"depthDatumStatus":"VERIFIED_FROM_OFFICIAL_DOCUMENTATION","verticalDatum":"Local Datum","verticalDatumCode":24,"napIdentityStatus":"UNVERIFIED","sourceFeatureLnam":"1F2B6A5E4FE07537","sourceCellId":"1R75W89I","sourceChecksum":"75b5e0c67f673d567bb1fae9d6aa2607be5c46177579e724278999342ef0b716","pipelineFeatureId":"1R75W89I/SOUNDG/1283117895/223","provenance":{"cellId":"1R75W89I","checksum":"75b5e0c67f673d567bb1fae9d6aa2607be5c46177579e724278999342ef0b716","readerVersion":"GDAL 3.2.2","processedAt":"2026-08-11T13:43:44.753Z"}}},{"type":"Feature","geometry":{"type":"Point","coordinates":[3.7186279,51.5243772]},"properties":{"chartedValueMetres":5.2,"chartedValueRelationToDatum":"below","depthDatum":"Approximate LAT","depthDatumCode":42,"depthDatumStatus":"VERIFIED_FROM_OFFICIAL_DOCUMENTATION","verticalDatum":"Local Datum","verticalDatumCode":24,"napIdentityStatus":"UNVERIFIED","sourceFeatureLnam":"1F2B6A5E4FE07537","sourceCellId":"1R75W89I","sourceChecksum":"75b5e0c67f673d567bb1fae9d6aa2607be5c46177579e724278999342ef0b716","pipelineFeatureId":"1R75W89I/SOUNDG/1283117895/224","provenance":{"cellId":"1R75W89I","checksum":"75b5e0c67f673d567bb1fae9d6aa2607be5c46177579e724278999342ef0b716","readerVersion":"GDAL 3.2.2","processedAt":"2026-08-11T13:43:44.753Z"}}},{"type":"Feature","geometry":{"type":"Point","coordinates":[3.7085303,51.5238992]},"properties":{"chartedValueMetres":5.2,"chartedValueRelationToDatum":"below","depthDatum":"Approximate LAT","depthDatumCode":42,"depthDatumStatus":"VERIFIED_FROM_OFFICIAL_DOCUMENTATION","verticalDatum":"Local Datum","verticalDatumCode":24,"napIdentityStatus":"UNVERIFIED","sourceFeatureLnam":"1F2B6A5E4FE07537","sourceCellId":"1R75W89I","sourceChecksum":"75b5e0c67f673d567bb1fae9d6aa2607be5c46177579e724278999342ef0b716","pipelineFeatureId":"1R75W89I/SOUNDG/1283117895/225","provenance":{"cellId":"1R75W89I","checksum":"75b5e0c67f673d567bb1fae9d6aa2607be5c46177579e724278999342ef0b716","readerVersion":"GDAL 3.2.2","processedAt":"2026-08-11T13:43:44.753Z"}}},{"type":"Feature","geometry":{"type":"Point","coordinates":[3.6993619,51.5181994]},"properties":{"chartedValueMetres":5.2,"chartedValueRelationToDatum":"below","depthDatum":"Approximate LAT","depthDatumCode":42,"depthDatumStatus":"VERIFIED_FROM_OFFICIAL_DOCUMENTATION","verticalDatum":"Local Datum","verticalDatumCode":24,"napIdentityStatus":"UNVERIFIED","sourceFeatureLnam":"1F2B6A5E4FE07537","sourceCellId":"1R75W89I","sourceChecksum":"75b5e0c67f673d567bb1fae9d6aa2607be5c46177579e724278999342ef0b716","pipelineFeatureId":"1R75W89I/SOUNDG/1283117895/226","provenance":{"cellId":"1R75W89I","checksum":"75b5e0c67f673d567bb1fae9d6aa2607be5c46177579e724278999342ef0b716","readerVersion":"GDAL 3.2.2","processedAt":"2026-08-11T13:43:44.753Z"}}},{"type":"Feature","geometry":{"type":"Point","coordinates":[3.7193414,51.5239233]},"properties":{"chartedValueMetres":5.2,"chartedValueRelationToDatum":"below","depthDatum":"Approximate LAT","depthDatumCode":42,"depthDatumStatus":"VERIFIED_FROM_OFFICIAL_DOCUMENTATION","verticalDatum":"Local Datum","verticalDatumCode":24,"napIdentityStatus":"UNVERIFIED","sourceFeatureLnam":"1F2B6A5E4FE07537","sourceCellId":"1R75W89I","sourceChecksum":"75b5e0c67f673d567bb1fae9d6aa2607be5c46177579e724278999342ef0b716","pipelineFeatureId":"1R75W89I/SOUNDG/1283117895/227","provenance":{"cellId":"1R75W89I","checksum":"75b5e0c67f673d567bb1fae9d6aa2607be5c46177579e724278999342ef0b716","readerVersion":"GDAL 3.2.2","processedAt":"2026-08-11T13:43:44.753Z"}}},{"type":"Feature","geometry":{"type":"Point","coordinates":[3.7061839,51.5213057]},"properties":{"chartedValueMetres":5.3,"chartedValueRelationToDatum":"below","depthDatum":"Approximate LAT","depthDatumCode":42,"depthDatumStatus":"VERIFIED_FROM_OFFICIAL_DOCUMENTATION","verticalDatum":"Local Datum","verticalDatumCode":24,"napIdentityStatus":"UNVERIFIED","sourceFeatureLnam":"1F2B6A5E4FE07537","sourceCellId":"1R75W89I","sourceChecksum":"75b5e0c67f673d567bb1fae9d6aa2607be5c46177579e724278999342ef0b716","pipelineFeatureId":"1R75W89I/SOUNDG/1283117895/228","provenance":{"cellId":"1R75W89I","checksum":"75b5e0c67f673d567bb1fae9d6aa2607be5c46177579e724278999342ef0b716","readerVersion":"GDAL 3.2.2","processedAt":"2026-08-11T13:43:44.753Z"}}},{"type":"Feature","geometry":{"type":"Point","coordinates":[3.7086507,51.5223698]},"properties":{"chartedValueMetres":5.4,"chartedValueRelationToDatum":"below","depthDatum":"Approximate LAT","depthDatumCode":42,"depthDatumStatus":"VERIFIED_FROM_OFFICIAL_DOCUMENTATION","verticalDatum":"Local Datum","verticalDatumCode":24,"napIdentityStatus":"UNVERIFIED","sourceFeatureLnam":"1F2B6A5E4FE07537","sourceCellId":"1R75W89I","sourceChecksum":"75b5e0c67f673d567bb1fae9d6aa2607be5c46177579e724278999342ef0b716","pipelineFeatureId":"1R75W89I/SOUNDG/1283117895/229","provenance":{"cellId":"1R75W89I","checksum":"75b5e0c67f673d567bb1fae9d6aa2607be5c46177579e724278999342ef0b716","readerVersion":"GDAL 3.2.2","processedAt":"2026-08-11T13:43:44.753Z"}}},{"type":"Feature","geometry":{"type":"Point","coordinates":[3.6984095,51.5218917]},"properties":{"chartedValueMetres":5.4,"chartedValueRelationToDatum":"below","depthDatum":"Approximate LAT","depthDatumCode":42,"depthDatumStatus":"VERIFIED_FROM_OFFICIAL_DOCUMENTATION","verticalDatum":"Local Datum","verticalDatumCode":24,"napIdentityStatus":"UNVERIFIED","sourceFeatureLnam":"1F2B6A5E4FE07537","sourceCellId":"1R75W89I","sourceChecksum":"75b5e0c67f673d567bb1fae9d6aa2607be5c46177579e724278999342ef0b716","pipelineFeatureId":"1R75W89I/SOUNDG/1283117895/230","provenance":{"cellId":"1R75W89I","checksum":"75b5e0c67f673d567bb1fae9d6aa2607be5c46177579e724278999342ef0b716","readerVersion":"GDAL 3.2.2","processedAt":"2026-08-11T13:43:44.753Z"}}},{"type":"Feature","geometry":{"type":"Point","coordinates":[3.7000701,51.5173859]},"properties":{"chartedValueMetres":5.5,"chartedValueRelationToDatum":"below","depthDatum":"Approximate LAT","depthDatumCode":42,"depthDatumStatus":"VERIFIED_FROM_OFFICIAL_DOCUMENTATION","verticalDatum":"Local Datum","verticalDatumCode":24,"napIdentityStatus":"UNVERIFIED","sourceFeatureLnam":"1F2B6A5E4FE07537","sourceCellId":"1R75W89I","sourceChecksum":"75b5e0c67f673d567bb1fae9d6aa2607be5c46177579e724278999342ef0b716","pipelineFeatureId":"1R75W89I/SOUNDG/1283117895/231","provenance":{"cellId":"1R75W89I","checksum":"75b5e0c67f673d567bb1fae9d6aa2607be5c46177579e724278999342ef0b716","readerVersion":"GDAL 3.2.2","processedAt":"2026-08-11T13:43:44.753Z"}}},{"type":"Feature","geometry":{"type":"Point","coordinates":[3.7014044,51.5198057]},"properties":{"chartedValueMetres":5.5,"chartedValueRelationToDatum":"below","depthDatum":"Approximate LAT","depthDatumCode":42,"depthDatumStatus":"VERIFIED_FROM_OFFICIAL_DOCUMENTATION","verticalDatum":"Local Datum","verticalDatumCode":24,"napIdentityStatus":"UNVERIFIED","sourceFeatureLnam":"1F2B6A5E4FE07537","sourceCellId":"1R75W89I","sourceChecksum":"75b5e0c67f673d567bb1fae9d6aa2607be5c46177579e724278999342ef0b716","pipelineFeatureId":"1R75W89I/SOUNDG/1283117895/232","provenance":{"cellId":"1R75W89I","checksum":"75b5e0c67f673d567bb1fae9d6aa2607be5c46177579e724278999342ef0b716","readerVersion":"GDAL 3.2.2","processedAt":"2026-08-11T13:43:44.753Z"}}},{"type":"Feature","geometry":{"type":"Point","coordinates":[3.7112071,51.5199265]},"properties":{"chartedValueMetres":5.6,"chartedValueRelationToDatum":"below","depthDatum":"Approximate LAT","depthDatumCode":42,"depthDatumStatus":"VERIFIED_FROM_OFFICIAL_DOCUMENTATION","verticalDatum":"Local Datum","verticalDatumCode":24,"napIdentityStatus":"UNVERIFIED","sourceFeatureLnam":"1F2B6A5E4FE07537","sourceCellId":"1R75W89I","sourceChecksum":"75b5e0c67f673d567bb1fae9d6aa2607be5c46177579e724278999342ef0b716","pipelineFeatureId":"1R75W89I/SOUNDG/1283117895/233","provenance":{"cellId":"1R75W89I","checksum":"75b5e0c67f673d567bb1fae9d6aa2607be5c46177579e724278999342ef0b716","readerVersion":"GDAL 3.2.2","processedAt":"2026-08-11T13:43:44.753Z"}}},{"type":"Feature","geometry":{"type":"Point","coordinates":[3.7097001,51.5249711]},"properties":{"chartedValueMetres":5.6,"chartedValueRelationToDatum":"below","depthDatum":"Approximate LAT","depthDatumCode":42,"depthDatumStatus":"VERIFIED_FROM_OFFICIAL_DOCUMENTATION","verticalDatum":"Local Datum","verticalDatumCode":24,"napIdentityStatus":"UNVERIFIED","sourceFeatureLnam":"1F2B6A5E4FE07537","sourceCellId":"1R75W89I","sourceChecksum":"75b5e0c67f673d567bb1fae9d6aa2607be5c46177579e724278999342ef0b716","pipelineFeatureId":"1R75W89I/SOUNDG/1283117895/234","provenance":{"cellId":"1R75W89I","checksum":"75b5e0c67f673d567bb1fae9d6aa2607be5c46177579e724278999342ef0b716","readerVersion":"GDAL 3.2.2","processedAt":"2026-08-11T13:43:44.753Z"}}},{"type":"Feature","geometry":{"type":"Point","coordinates":[3.6415433,51.506211]},"properties":{"chartedValueMetres":5.6,"chartedValueRelationToDatum":"below","depthDatum":"Approximate LAT","depthDatumCode":42,"depthDatumStatus":"VERIFIED_FROM_OFFICIAL_DOCUMENTATION","verticalDatum":"Local Datum","verticalDatumCode":24,"napIdentityStatus":"UNVERIFIED","sourceFeatureLnam":"1F2B6A5E4FE07537","sourceCellId":"1R75W89I","sourceChecksum":"75b5e0c67f673d567bb1fae9d6aa2607be5c46177579e724278999342ef0b716","pipelineFeatureId":"1R75W89I/SOUNDG/1283117895/235","provenance":{"cellId":"1R75W89I","checksum":"75b5e0c67f673d567bb1fae9d6aa2607be5c46177579e724278999342ef0b716","readerVersion":"GDAL 3.2.2","processedAt":"2026-08-11T13:43:44.753Z"}}},{"type":"Feature","geometry":{"type":"Point","coordinates":[3.7186038,51.5228488]},"properties":{"chartedValueMetres":5.6,"chartedValueRelationToDatum":"below","depthDatum":"Approximate LAT","depthDatumCode":42,"depthDatumStatus":"VERIFIED_FROM_OFFICIAL_DOCUMENTATION","verticalDatum":"Local Datum","verticalDatumCode":24,"napIdentityStatus":"UNVERIFIED","sourceFeatureLnam":"1F2B6A5E4FE07537","sourceCellId":"1R75W89I","sourceChecksum":"75b5e0c67f673d567bb1fae9d6aa2607be5c46177579e724278999342ef0b716","pipelineFeatureId":"1R75W89I/SOUNDG/1283117895/236","provenance":{"cellId":"1R75W89I","checksum":"75b5e0c67f673d567bb1fae9d6aa2607be5c46177579e724278999342ef0b716","readerVersion":"GDAL 3.2.2","processedAt":"2026-08-11T13:43:44.753Z"}}},{"type":"Feature","geometry":{"type":"Point","coordinates":[3.7029592,51.5178182]},"properties":{"chartedValueMetres":5.6,"chartedValueRelationToDatum":"below","depthDatum":"Approximate LAT","depthDatumCode":42,"depthDatumStatus":"VERIFIED_FROM_OFFICIAL_DOCUMENTATION","verticalDatum":"Local Datum","verticalDatumCode":24,"napIdentityStatus":"UNVERIFIED","sourceFeatureLnam":"1F2B6A5E4FE07537","sourceCellId":"1R75W89I","sourceChecksum":"75b5e0c67f673d567bb1fae9d6aa2607be5c46177579e724278999342ef0b716","pipelineFeatureId":"1R75W89I/SOUNDG/1283117895/237","provenance":{"cellId":"1R75W89I","checksum":"75b5e0c67f673d567bb1fae9d6aa2607be5c46177579e724278999342ef0b716","readerVersion":"GDAL 3.2.2","processedAt":"2026-08-11T13:43:44.753Z"}}},{"type":"Feature","geometry":{"type":"Point","coordinates":[3.691807,51.5237292]},"properties":{"chartedValueMetres":5.7,"chartedValueRelationToDatum":"below","depthDatum":"Approximate LAT","depthDatumCode":42,"depthDatumStatus":"VERIFIED_FROM_OFFICIAL_DOCUMENTATION","verticalDatum":"Local Datum","verticalDatumCode":24,"napIdentityStatus":"UNVERIFIED","sourceFeatureLnam":"1F2B6A5E4FE07537","sourceCellId":"1R75W89I","sourceChecksum":"75b5e0c67f673d567bb1fae9d6aa2607be5c46177579e724278999342ef0b716","pipelineFeatureId":"1R75W89I/SOUNDG/1283117895/238","provenance":{"cellId":"1R75W89I","checksum":"75b5e0c67f673d567bb1fae9d6aa2607be5c46177579e724278999342ef0b716","readerVersion":"GDAL 3.2.2","processedAt":"2026-08-11T13:43:44.753Z"}}},{"type":"Feature","geometry":{"type":"Point","coordinates":[3.6970081,51.5245077]},"properties":{"chartedValueMetres":5.7,"chartedValueRelationToDatum":"below","depthDatum":"Approximate LAT","depthDatumCode":42,"depthDatumStatus":"VERIFIED_FROM_OFFICIAL_DOCUMENTATION","verticalDatum":"Local Datum","verticalDatumCode":24,"napIdentityStatus":"UNVERIFIED","sourceFeatureLnam":"1F2B6A5E4FE07537","sourceCellId":"1R75W89I","sourceChecksum":"75b5e0c67f673d567bb1fae9d6aa2607be5c46177579e724278999342ef0b716","pipelineFeatureId":"1R75W89I/SOUNDG/1283117895/239","provenance":{"cellId":"1R75W89I","checksum":"75b5e0c67f673d567bb1fae9d6aa2607be5c46177579e724278999342ef0b716","readerVersion":"GDAL 3.2.2","processedAt":"2026-08-11T13:43:44.753Z"}}},{"type":"Feature","geometry":{"type":"Point","coordinates":[3.7067033,51.5176159]},"properties":{"chartedValueMetres":5.7,"chartedValueRelationToDatum":"below","depthDatum":"Approximate LAT","depthDatumCode":42,"depthDatumStatus":"VERIFIED_FROM_OFFICIAL_DOCUMENTATION","verticalDatum":"Local Datum","verticalDatumCode":24,"napIdentityStatus":"UNVERIFIED","sourceFeatureLnam":"1F2B6A5E4FE07537","sourceCellId":"1R75W89I","sourceChecksum":"75b5e0c67f673d567bb1fae9d6aa2607be5c46177579e724278999342ef0b716","pipelineFeatureId":"1R75W89I/SOUNDG/1283117895/240","provenance":{"cellId":"1R75W89I","checksum":"75b5e0c67f673d567bb1fae9d6aa2607be5c46177579e724278999342ef0b716","readerVersion":"GDAL 3.2.2","processedAt":"2026-08-11T13:43:44.753Z"}}},{"type":"Feature","geometry":{"type":"Point","coordinates":[3.7148157,51.5202643]},"properties":{"chartedValueMetres":5.8,"chartedValueRelationToDatum":"below","depthDatum":"Approximate LAT","depthDatumCode":42,"depthDatumStatus":"VERIFIED_FROM_OFFICIAL_DOCUMENTATION","verticalDatum":"Local Datum","verticalDatumCode":24,"napIdentityStatus":"UNVERIFIED","sourceFeatureLnam":"1F2B6A5E4FE07537","sourceCellId":"1R75W89I","sourceChecksum":"75b5e0c67f673d567bb1fae9d6aa2607be5c46177579e724278999342ef0b716","pipelineFeatureId":"1R75W89I/SOUNDG/1283117895/241","provenance":{"cellId":"1R75W89I","checksum":"75b5e0c67f673d567bb1fae9d6aa2607be5c46177579e724278999342ef0b716","readerVersion":"GDAL 3.2.2","processedAt":"2026-08-11T13:43:44.753Z"}}},{"type":"Feature","geometry":{"type":"Point","coordinates":[3.7186137,51.5234782]},"properties":{"chartedValueMetres":5.9,"chartedValueRelationToDatum":"below","depthDatum":"Approximate LAT","depthDatumCode":42,"depthDatumStatus":"VERIFIED_FROM_OFFICIAL_DOCUMENTATION","verticalDatum":"Local Datum","verticalDatumCode":24,"napIdentityStatus":"UNVERIFIED","sourceFeatureLnam":"1F2B6A5E4FE07537","sourceCellId":"1R75W89I","sourceChecksum":"75b5e0c67f673d567bb1fae9d6aa2607be5c46177579e724278999342ef0b716","pipelineFeatureId":"1R75W89I/SOUNDG/1283117895/242","provenance":{"cellId":"1R75W89I","checksum":"75b5e0c67f673d567bb1fae9d6aa2607be5c46177579e724278999342ef0b716","readerVersion":"GDAL 3.2.2","processedAt":"2026-08-11T13:43:44.753Z"}}},{"type":"Feature","geometry":{"type":"Point","coordinates":[3.7008362,51.5203486]},"properties":{"chartedValueMetres":5.9,"chartedValueRelationToDatum":"below","depthDatum":"Approximate LAT","depthDatumCode":42,"depthDatumStatus":"VERIFIED_FROM_OFFICIAL_DOCUMENTATION","verticalDatum":"Local Datum","verticalDatumCode":24,"napIdentityStatus":"UNVERIFIED","sourceFeatureLnam":"1F2B6A5E4FE07537","sourceCellId":"1R75W89I","sourceChecksum":"75b5e0c67f673d567bb1fae9d6aa2607be5c46177579e724278999342ef0b716","pipelineFeatureId":"1R75W89I/SOUNDG/1283117895/243","provenance":{"cellId":"1R75W89I","checksum":"75b5e0c67f673d567bb1fae9d6aa2607be5c46177579e724278999342ef0b716","readerVersion":"GDAL 3.2.2","processedAt":"2026-08-11T13:43:44.753Z"}}},{"type":"Feature","geometry":{"type":"Point","coordinates":[3.7062395,51.5249021]},"properties":{"chartedValueMetres":5.9,"chartedValueRelationToDatum":"below","depthDatum":"Approximate LAT","depthDatumCode":42,"depthDatumStatus":"VERIFIED_FROM_OFFICIAL_DOCUMENTATION","verticalDatum":"Local Datum","verticalDatumCode":24,"napIdentityStatus":"UNVERIFIED","sourceFeatureLnam":"1F2B6A5E4FE07537","sourceCellId":"1R75W89I","sourceChecksum":"75b5e0c67f673d567bb1fae9d6aa2607be5c46177579e724278999342ef0b716","pipelineFeatureId":"1R75W89I/SOUNDG/1283117895/244","provenance":{"cellId":"1R75W89I","checksum":"75b5e0c67f673d567bb1fae9d6aa2607be5c46177579e724278999342ef0b716","readerVersion":"GDAL 3.2.2","processedAt":"2026-08-11T13:43:44.753Z"}}},{"type":"Feature","geometry":{"type":"Point","coordinates":[3.7066357,51.5225618]},"properties":{"chartedValueMetres":6,"chartedValueRelationToDatum":"below","depthDatum":"Approximate LAT","depthDatumCode":42,"depthDatumStatus":"VERIFIED_FROM_OFFICIAL_DOCUMENTATION","verticalDatum":"Local Datum","verticalDatumCode":24,"napIdentityStatus":"UNVERIFIED","sourceFeatureLnam":"1F2B6A5E4FE07537","sourceCellId":"1R75W89I","sourceChecksum":"75b5e0c67f673d567bb1fae9d6aa2607be5c46177579e724278999342ef0b716","pipelineFeatureId":"1R75W89I/SOUNDG/1283117895/245","provenance":{"cellId":"1R75W89I","checksum":"75b5e0c67f673d567bb1fae9d6aa2607be5c46177579e724278999342ef0b716","readerVersion":"GDAL 3.2.2","processedAt":"2026-08-11T13:43:44.753Z"}}},{"type":"Feature","geometry":{"type":"Point","coordinates":[3.7009637,51.5192689]},"properties":{"chartedValueMetres":6,"chartedValueRelationToDatum":"below","depthDatum":"Approximate LAT","depthDatumCode":42,"depthDatumStatus":"VERIFIED_FROM_OFFICIAL_DOCUMENTATION","verticalDatum":"Local Datum","verticalDatumCode":24,"napIdentityStatus":"UNVERIFIED","sourceFeatureLnam":"1F2B6A5E4FE07537","sourceCellId":"1R75W89I","sourceChecksum":"75b5e0c67f673d567bb1fae9d6aa2607be5c46177579e724278999342ef0b716","pipelineFeatureId":"1R75W89I/SOUNDG/1283117895/246","provenance":{"cellId":"1R75W89I","checksum":"75b5e0c67f673d567bb1fae9d6aa2607be5c46177579e724278999342ef0b716","readerVersion":"GDAL 3.2.2","processedAt":"2026-08-11T13:43:44.753Z"}}},{"type":"Feature","geometry":{"type":"Point","coordinates":[3.7162696,51.5210647]},"properties":{"chartedValueMetres":6,"chartedValueRelationToDatum":"below","depthDatum":"Approximate LAT","depthDatumCode":42,"depthDatumStatus":"VERIFIED_FROM_OFFICIAL_DOCUMENTATION","verticalDatum":"Local Datum","verticalDatumCode":24,"napIdentityStatus":"UNVERIFIED","sourceFeatureLnam":"1F2B6A5E4FE07537","sourceCellId":"1R75W89I","sourceChecksum":"75b5e0c67f673d567bb1fae9d6aa2607be5c46177579e724278999342ef0b716","pipelineFeatureId":"1R75W89I/SOUNDG/1283117895/247","provenance":{"cellId":"1R75W89I","checksum":"75b5e0c67f673d567bb1fae9d6aa2607be5c46177579e724278999342ef0b716","readerVersion":"GDAL 3.2.2","processedAt":"2026-08-11T13:43:44.753Z"}}},{"type":"Feature","geometry":{"type":"Point","coordinates":[3.7019642,51.5187234]},"properties":{"chartedValueMetres":6,"chartedValueRelationToDatum":"below","depthDatum":"Approximate LAT","depthDatumCode":42,"depthDatumStatus":"VERIFIED_FROM_OFFICIAL_DOCUMENTATION","verticalDatum":"Local Datum","verticalDatumCode":24,"napIdentityStatus":"UNVERIFIED","sourceFeatureLnam":"1F2B6A5E4FE07537","sourceCellId":"1R75W89I","sourceChecksum":"75b5e0c67f673d567bb1fae9d6aa2607be5c46177579e724278999342ef0b716","pipelineFeatureId":"1R75W89I/SOUNDG/1283117895/248","provenance":{"cellId":"1R75W89I","checksum":"75b5e0c67f673d567bb1fae9d6aa2607be5c46177579e724278999342ef0b716","readerVersion":"GDAL 3.2.2","processedAt":"2026-08-11T13:43:44.753Z"}}},{"type":"Feature","geometry":{"type":"Point","coordinates":[3.7094512,51.5182287]},"properties":{"chartedValueMetres":6,"chartedValueRelationToDatum":"below","depthDatum":"Approximate LAT","depthDatumCode":42,"depthDatumStatus":"VERIFIED_FROM_OFFICIAL_DOCUMENTATION","verticalDatum":"Local Datum","verticalDatumCode":24,"napIdentityStatus":"UNVERIFIED","sourceFeatureLnam":"1F2B6A5E4FE07537","sourceCellId":"1R75W89I","sourceChecksum":"75b5e0c67f673d567bb1fae9d6aa2607be5c46177579e724278999342ef0b716","pipelineFeatureId":"1R75W89I/SOUNDG/1283117895/249","provenance":{"cellId":"1R75W89I","checksum":"75b5e0c67f673d567bb1fae9d6aa2607be5c46177579e724278999342ef0b716","readerVersion":"GDAL 3.2.2","processedAt":"2026-08-11T13:43:44.753Z"}}},{"type":"Feature","geometry":{"type":"Point","coordinates":[3.717602,51.5233045]},"properties":{"chartedValueMetres":6.1,"chartedValueRelationToDatum":"below","depthDatum":"Approximate LAT","depthDatumCode":42,"depthDatumStatus":"VERIFIED_FROM_OFFICIAL_DOCUMENTATION","verticalDatum":"Local Datum","verticalDatumCode":24,"napIdentityStatus":"UNVERIFIED","sourceFeatureLnam":"1F2B6A5E4FE07537","sourceCellId":"1R75W89I","sourceChecksum":"75b5e0c67f673d567bb1fae9d6aa2607be5c46177579e724278999342ef0b716","pipelineFeatureId":"1R75W89I/SOUNDG/1283117895/250","provenance":{"cellId":"1R75W89I","checksum":"75b5e0c67f673d567bb1fae9d6aa2607be5c46177579e724278999342ef0b716","readerVersion":"GDAL 3.2.2","processedAt":"2026-08-11T13:43:44.753Z"}}},{"type":"Feature","geometry":{"type":"Point","coordinates":[3.7012948,51.5220543]},"properties":{"chartedValueMetres":6.1,"chartedValueRelationToDatum":"below","depthDatum":"Approximate LAT","depthDatumCode":42,"depthDatumStatus":"VERIFIED_FROM_OFFICIAL_DOCUMENTATION","verticalDatum":"Local Datum","verticalDatumCode":24,"napIdentityStatus":"UNVERIFIED","sourceFeatureLnam":"1F2B6A5E4FE07537","sourceCellId":"1R75W89I","sourceChecksum":"75b5e0c67f673d567bb1fae9d6aa2607be5c46177579e724278999342ef0b716","pipelineFeatureId":"1R75W89I/SOUNDG/1283117895/251","provenance":{"cellId":"1R75W89I","checksum":"75b5e0c67f673d567bb1fae9d6aa2607be5c46177579e724278999342ef0b716","readerVersion":"GDAL 3.2.2","processedAt":"2026-08-11T13:43:44.753Z"}}},{"type":"Feature","geometry":{"type":"Point","coordinates":[3.7143946,51.5209862]},"properties":{"chartedValueMetres":6.2,"chartedValueRelationToDatum":"below","depthDatum":"Approximate LAT","depthDatumCode":42,"depthDatumStatus":"VERIFIED_FROM_OFFICIAL_DOCUMENTATION","verticalDatum":"Local Datum","verticalDatumCode":24,"napIdentityStatus":"UNVERIFIED","sourceFeatureLnam":"1F2B6A5E4FE07537","sourceCellId":"1R75W89I","sourceChecksum":"75b5e0c67f673d567bb1fae9d6aa2607be5c46177579e724278999342ef0b716","pipelineFeatureId":"1R75W89I/SOUNDG/1283117895/252","provenance":{"cellId":"1R75W89I","checksum":"75b5e0c67f673d567bb1fae9d6aa2607be5c46177579e724278999342ef0b716","readerVersion":"GDAL 3.2.2","processedAt":"2026-08-11T13:43:44.753Z"}}},{"type":"Feature","geometry":{"type":"Point","coordinates":[3.7122159,51.5199204]},"properties":{"chartedValueMetres":6.3,"chartedValueRelationToDatum":"below","depthDatum":"Approximate LAT","depthDatumCode":42,"depthDatumStatus":"VERIFIED_FROM_OFFICIAL_DOCUMENTATION","verticalDatum":"Local Datum","verticalDatumCode":24,"napIdentityStatus":"UNVERIFIED","sourceFeatureLnam":"1F2B6A5E4FE07537","sourceCellId":"1R75W89I","sourceChecksum":"75b5e0c67f673d567bb1fae9d6aa2607be5c46177579e724278999342ef0b716","pipelineFeatureId":"1R75W89I/SOUNDG/1283117895/253","provenance":{"cellId":"1R75W89I","checksum":"75b5e0c67f673d567bb1fae9d6aa2607be5c46177579e724278999342ef0b716","readerVersion":"GDAL 3.2.2","processedAt":"2026-08-11T13:43:44.753Z"}}},{"type":"Feature","geometry":{"type":"Point","coordinates":[3.7175921,51.5226751]},"properties":{"chartedValueMetres":6.3,"chartedValueRelationToDatum":"below","depthDatum":"Approximate LAT","depthDatumCode":42,"depthDatumStatus":"VERIFIED_FROM_OFFICIAL_DOCUMENTATION","verticalDatum":"Local Datum","verticalDatumCode":24,"napIdentityStatus":"UNVERIFIED","sourceFeatureLnam":"1F2B6A5E4FE07537","sourceCellId":"1R75W89I","sourceChecksum":"75b5e0c67f673d567bb1fae9d6aa2607be5c46177579e724278999342ef0b716","pipelineFeatureId":"1R75W89I/SOUNDG/1283117895/254","provenance":{"cellId":"1R75W89I","checksum":"75b5e0c67f673d567bb1fae9d6aa2607be5c46177579e724278999342ef0b716","readerVersion":"GDAL 3.2.2","processedAt":"2026-08-11T13:43:44.753Z"}}},{"type":"Feature","geometry":{"type":"Point","coordinates":[3.7081667,51.5190458]},"properties":{"chartedValueMetres":6.4,"chartedValueRelationToDatum":"below","depthDatum":"Approximate LAT","depthDatumCode":42,"depthDatumStatus":"VERIFIED_FROM_OFFICIAL_DOCUMENTATION","verticalDatum":"Local Datum","verticalDatumCode":24,"napIdentityStatus":"UNVERIFIED","sourceFeatureLnam":"1F2B6A5E4FE07537","sourceCellId":"1R75W89I","sourceChecksum":"75b5e0c67f673d567bb1fae9d6aa2607be5c46177579e724278999342ef0b716","pipelineFeatureId":"1R75W89I/SOUNDG/1283117895/255","provenance":{"cellId":"1R75W89I","checksum":"75b5e0c67f673d567bb1fae9d6aa2607be5c46177579e724278999342ef0b716","readerVersion":"GDAL 3.2.2","processedAt":"2026-08-11T13:43:44.753Z"}}},{"type":"Feature","geometry":{"type":"Point","coordinates":[3.7154147,51.5216993]},"properties":{"chartedValueMetres":6.4,"chartedValueRelationToDatum":"below","depthDatum":"Approximate LAT","depthDatumCode":42,"depthDatumStatus":"VERIFIED_FROM_OFFICIAL_DOCUMENTATION","verticalDatum":"Local Datum","verticalDatumCode":24,"napIdentityStatus":"UNVERIFIED","sourceFeatureLnam":"1F2B6A5E4FE07537","sourceCellId":"1R75W89I","sourceChecksum":"75b5e0c67f673d567bb1fae9d6aa2607be5c46177579e724278999342ef0b716","pipelineFeatureId":"1R75W89I/SOUNDG/1283117895/256","provenance":{"cellId":"1R75W89I","checksum":"75b5e0c67f673d567bb1fae9d6aa2607be5c46177579e724278999342ef0b716","readerVersion":"GDAL 3.2.2","processedAt":"2026-08-11T13:43:44.753Z"}}},{"type":"Feature","geometry":{"type":"Point","coordinates":[3.6979222,51.5182979]},"properties":{"chartedValueMetres":6.4,"chartedValueRelationToDatum":"below","depthDatum":"Approximate LAT","depthDatumCode":42,"depthDatumStatus":"VERIFIED_FROM_OFFICIAL_DOCUMENTATION","verticalDatum":"Local Datum","verticalDatumCode":24,"napIdentityStatus":"UNVERIFIED","sourceFeatureLnam":"1F2B6A5E4FE07537","sourceCellId":"1R75W89I","sourceChecksum":"75b5e0c67f673d567bb1fae9d6aa2607be5c46177579e724278999342ef0b716","pipelineFeatureId":"1R75W89I/SOUNDG/1283117895/257","provenance":{"cellId":"1R75W89I","checksum":"75b5e0c67f673d567bb1fae9d6aa2607be5c46177579e724278999342ef0b716","readerVersion":"GDAL 3.2.2","processedAt":"2026-08-11T13:43:44.753Z"}}},{"type":"Feature","geometry":{"type":"Point","coordinates":[3.7019504,51.5178243]},"properties":{"chartedValueMetres":6.5,"chartedValueRelationToDatum":"below","depthDatum":"Approximate LAT","depthDatumCode":42,"depthDatumStatus":"VERIFIED_FROM_OFFICIAL_DOCUMENTATION","verticalDatum":"Local Datum","verticalDatumCode":24,"napIdentityStatus":"UNVERIFIED","sourceFeatureLnam":"1F2B6A5E4FE07537","sourceCellId":"1R75W89I","sourceChecksum":"75b5e0c67f673d567bb1fae9d6aa2607be5c46177579e724278999342ef0b716","pipelineFeatureId":"1R75W89I/SOUNDG/1283117895/258","provenance":{"cellId":"1R75W89I","checksum":"75b5e0c67f673d567bb1fae9d6aa2607be5c46177579e724278999342ef0b716","readerVersion":"GDAL 3.2.2","processedAt":"2026-08-11T13:43:44.753Z"}}},{"type":"Feature","geometry":{"type":"Point","coordinates":[3.7113358,51.5189367]},"properties":{"chartedValueMetres":6.6,"chartedValueRelationToDatum":"below","depthDatum":"Approximate LAT","depthDatumCode":42,"depthDatumStatus":"VERIFIED_FROM_OFFICIAL_DOCUMENTATION","verticalDatum":"Local Datum","verticalDatumCode":24,"napIdentityStatus":"UNVERIFIED","sourceFeatureLnam":"1F2B6A5E4FE07537","sourceCellId":"1R75W89I","sourceChecksum":"75b5e0c67f673d567bb1fae9d6aa2607be5c46177579e724278999342ef0b716","pipelineFeatureId":"1R75W89I/SOUNDG/1283117895/259","provenance":{"cellId":"1R75W89I","checksum":"75b5e0c67f673d567bb1fae9d6aa2607be5c46177579e724278999342ef0b716","readerVersion":"GDAL 3.2.2","processedAt":"2026-08-11T13:43:44.753Z"}}},{"type":"Feature","geometry":{"type":"Point","coordinates":[3.7154006,51.5208002]},"properties":{"chartedValueMetres":6.6,"chartedValueRelationToDatum":"below","depthDatum":"Approximate LAT","depthDatumCode":42,"depthDatumStatus":"VERIFIED_FROM_OFFICIAL_DOCUMENTATION","verticalDatum":"Local Datum","verticalDatumCode":24,"napIdentityStatus":"UNVERIFIED","sourceFeatureLnam":"1F2B6A5E4FE07537","sourceCellId":"1R75W89I","sourceChecksum":"75b5e0c67f673d567bb1fae9d6aa2607be5c46177579e724278999342ef0b716","pipelineFeatureId":"1R75W89I/SOUNDG/1283117895/260","provenance":{"cellId":"1R75W89I","checksum":"75b5e0c67f673d567bb1fae9d6aa2607be5c46177579e724278999342ef0b716","readerVersion":"GDAL 3.2.2","processedAt":"2026-08-11T13:43:44.753Z"}}},{"type":"Feature","geometry":{"type":"Point","coordinates":[3.7069365,51.5233693]},"properties":{"chartedValueMetres":6.6,"chartedValueRelationToDatum":"below","depthDatum":"Approximate LAT","depthDatumCode":42,"depthDatumStatus":"VERIFIED_FROM_OFFICIAL_DOCUMENTATION","verticalDatum":"Local Datum","verticalDatumCode":24,"napIdentityStatus":"UNVERIFIED","sourceFeatureLnam":"1F2B6A5E4FE07537","sourceCellId":"1R75W89I","sourceChecksum":"75b5e0c67f673d567bb1fae9d6aa2607be5c46177579e724278999342ef0b716","pipelineFeatureId":"1R75W89I/SOUNDG/1283117895/261","provenance":{"cellId":"1R75W89I","checksum":"75b5e0c67f673d567bb1fae9d6aa2607be5c46177579e724278999342ef0b716","readerVersion":"GDAL 3.2.2","processedAt":"2026-08-11T13:43:44.753Z"}}},{"type":"Feature","geometry":{"type":"Point","coordinates":[3.7170071,51.5221392]},"properties":{"chartedValueMetres":6.7,"chartedValueRelationToDatum":"below","depthDatum":"Approximate LAT","depthDatumCode":42,"depthDatumStatus":"VERIFIED_FROM_OFFICIAL_DOCUMENTATION","verticalDatum":"Local Datum","verticalDatumCode":24,"napIdentityStatus":"UNVERIFIED","sourceFeatureLnam":"1F2B6A5E4FE07537","sourceCellId":"1R75W89I","sourceChecksum":"75b5e0c67f673d567bb1fae9d6aa2607be5c46177579e724278999342ef0b716","pipelineFeatureId":"1R75W89I/SOUNDG/1283117895/262","provenance":{"cellId":"1R75W89I","checksum":"75b5e0c67f673d567bb1fae9d6aa2607be5c46177579e724278999342ef0b716","readerVersion":"GDAL 3.2.2","processedAt":"2026-08-11T13:43:44.753Z"}}},{"type":"Feature","geometry":{"type":"Point","coordinates":[3.700279,51.5216108]},"properties":{"chartedValueMetres":6.7,"chartedValueRelationToDatum":"below","depthDatum":"Approximate LAT","depthDatumCode":42,"depthDatumStatus":"VERIFIED_FROM_OFFICIAL_DOCUMENTATION","verticalDatum":"Local Datum","verticalDatumCode":24,"napIdentityStatus":"UNVERIFIED","sourceFeatureLnam":"1F2B6A5E4FE07537","sourceCellId":"1R75W89I","sourceChecksum":"75b5e0c67f673d567bb1fae9d6aa2607be5c46177579e724278999342ef0b716","pipelineFeatureId":"1R75W89I/SOUNDG/1283117895/263","provenance":{"cellId":"1R75W89I","checksum":"75b5e0c67f673d567bb1fae9d6aa2607be5c46177579e724278999342ef0b716","readerVersion":"GDAL 3.2.2","processedAt":"2026-08-11T13:43:44.753Z"}}},{"type":"Feature","geometry":{"type":"Point","coordinates":[3.6998287,51.5204446]},"properties":{"chartedValueMetres":6.7,"chartedValueRelationToDatum":"below","depthDatum":"Approximate LAT","depthDatumCode":42,"depthDatumStatus":"VERIFIED_FROM_OFFICIAL_DOCUMENTATION","verticalDatum":"Local Datum","verticalDatumCode":24,"napIdentityStatus":"UNVERIFIED","sourceFeatureLnam":"1F2B6A5E4FE07537","sourceCellId":"1R75W89I","sourceChecksum":"75b5e0c67f673d567bb1fae9d6aa2607be5c46177579e724278999342ef0b716","pipelineFeatureId":"1R75W89I/SOUNDG/1283117895/264","provenance":{"cellId":"1R75W89I","checksum":"75b5e0c67f673d567bb1fae9d6aa2607be5c46177579e724278999342ef0b716","readerVersion":"GDAL 3.2.2","processedAt":"2026-08-11T13:43:44.753Z"}}},{"type":"Feature","geometry":{"type":"Point","coordinates":[3.6962504,51.5220844]},"properties":{"chartedValueMetres":6.7,"chartedValueRelationToDatum":"below","depthDatum":"Approximate LAT","depthDatumCode":42,"depthDatumStatus":"VERIFIED_FROM_OFFICIAL_DOCUMENTATION","verticalDatum":"Local Datum","verticalDatumCode":24,"napIdentityStatus":"UNVERIFIED","sourceFeatureLnam":"1F2B6A5E4FE07537","sourceCellId":"1R75W89I","sourceChecksum":"75b5e0c67f673d567bb1fae9d6aa2607be5c46177579e724278999342ef0b716","pipelineFeatureId":"1R75W89I/SOUNDG/1283117895/265","provenance":{"cellId":"1R75W89I","checksum":"75b5e0c67f673d567bb1fae9d6aa2607be5c46177579e724278999342ef0b716","readerVersion":"GDAL 3.2.2","processedAt":"2026-08-11T13:43:44.753Z"}}},{"type":"Feature","geometry":{"type":"Point","coordinates":[3.7040359,51.5222178]},"properties":{"chartedValueMetres":6.7,"chartedValueRelationToDatum":"below","depthDatum":"Approximate LAT","depthDatumCode":42,"depthDatumStatus":"VERIFIED_FROM_OFFICIAL_DOCUMENTATION","verticalDatum":"Local Datum","verticalDatumCode":24,"napIdentityStatus":"UNVERIFIED","sourceFeatureLnam":"1F2B6A5E4FE07537","sourceCellId":"1R75W89I","sourceChecksum":"75b5e0c67f673d567bb1fae9d6aa2607be5c46177579e724278999342ef0b716","pipelineFeatureId":"1R75W89I/SOUNDG/1283117895/266","provenance":{"cellId":"1R75W89I","checksum":"75b5e0c67f673d567bb1fae9d6aa2607be5c46177579e724278999342ef0b716","readerVersion":"GDAL 3.2.2","processedAt":"2026-08-11T13:43:44.753Z"}}},{"type":"Feature","geometry":{"type":"Point","coordinates":[3.6989599,51.52018]},"properties":{"chartedValueMetres":6.7,"chartedValueRelationToDatum":"below","depthDatum":"Approximate LAT","depthDatumCode":42,"depthDatumStatus":"VERIFIED_FROM_OFFICIAL_DOCUMENTATION","verticalDatum":"Local Datum","verticalDatumCode":24,"napIdentityStatus":"UNVERIFIED","sourceFeatureLnam":"1F2B6A5E4FE07537","sourceCellId":"1R75W89I","sourceChecksum":"75b5e0c67f673d567bb1fae9d6aa2607be5c46177579e724278999342ef0b716","pipelineFeatureId":"1R75W89I/SOUNDG/1283117895/267","provenance":{"cellId":"1R75W89I","checksum":"75b5e0c67f673d567bb1fae9d6aa2607be5c46177579e724278999342ef0b716","readerVersion":"GDAL 3.2.2","processedAt":"2026-08-11T13:43:44.753Z"}}},{"type":"Feature","geometry":{"type":"Point","coordinates":[3.7094665,51.5192177]},"properties":{"chartedValueMetres":6.8,"chartedValueRelationToDatum":"below","depthDatum":"Approximate LAT","depthDatumCode":42,"depthDatumStatus":"VERIFIED_FROM_OFFICIAL_DOCUMENTATION","verticalDatum":"Local Datum","verticalDatumCode":24,"napIdentityStatus":"UNVERIFIED","sourceFeatureLnam":"1F2B6A5E4FE07537","sourceCellId":"1R75W89I","sourceChecksum":"75b5e0c67f673d567bb1fae9d6aa2607be5c46177579e724278999342ef0b716","pipelineFeatureId":"1R75W89I/SOUNDG/1283117895/268","provenance":{"cellId":"1R75W89I","checksum":"75b5e0c67f673d567bb1fae9d6aa2607be5c46177579e724278999342ef0b716","readerVersion":"GDAL 3.2.2","processedAt":"2026-08-11T13:43:44.753Z"}}},{"type":"Feature","geometry":{"type":"Point","coordinates":[3.701705,51.5206132]},"properties":{"chartedValueMetres":6.8,"chartedValueRelationToDatum":"below","depthDatum":"Approximate LAT","depthDatumCode":42,"depthDatumStatus":"VERIFIED_FROM_OFFICIAL_DOCUMENTATION","verticalDatum":"Local Datum","verticalDatumCode":24,"napIdentityStatus":"UNVERIFIED","sourceFeatureLnam":"1F2B6A5E4FE07537","sourceCellId":"1R75W89I","sourceChecksum":"75b5e0c67f673d567bb1fae9d6aa2607be5c46177579e724278999342ef0b716","pipelineFeatureId":"1R75W89I/SOUNDG/1283117895/269","provenance":{"cellId":"1R75W89I","checksum":"75b5e0c67f673d567bb1fae9d6aa2607be5c46177579e724278999342ef0b716","readerVersion":"GDAL 3.2.2","processedAt":"2026-08-11T13:43:44.753Z"}}},{"type":"Feature","geometry":{"type":"Point","coordinates":[3.7015084,51.5171975]},"properties":{"chartedValueMetres":6.8,"chartedValueRelationToDatum":"below","depthDatum":"Approximate LAT","depthDatumCode":42,"depthDatumStatus":"VERIFIED_FROM_OFFICIAL_DOCUMENTATION","verticalDatum":"Local Datum","verticalDatumCode":24,"napIdentityStatus":"UNVERIFIED","sourceFeatureLnam":"1F2B6A5E4FE07537","sourceCellId":"1R75W89I","sourceChecksum":"75b5e0c67f673d567bb1fae9d6aa2607be5c46177579e724278999342ef0b716","pipelineFeatureId":"1R75W89I/SOUNDG/1283117895/270","provenance":{"cellId":"1R75W89I","checksum":"75b5e0c67f673d567bb1fae9d6aa2607be5c46177579e724278999342ef0b716","readerVersion":"GDAL 3.2.2","processedAt":"2026-08-11T13:43:44.753Z"}}},{"type":"Feature","geometry":{"type":"Point","coordinates":[3.6939512,51.5225476]},"properties":{"chartedValueMetres":6.8,"chartedValueRelationToDatum":"below","depthDatum":"Approximate LAT","depthDatumCode":42,"depthDatumStatus":"VERIFIED_FROM_OFFICIAL_DOCUMENTATION","verticalDatum":"Local Datum","verticalDatumCode":24,"napIdentityStatus":"UNVERIFIED","sourceFeatureLnam":"1F2B6A5E4FE07537","sourceCellId":"1R75W89I","sourceChecksum":"75b5e0c67f673d567bb1fae9d6aa2607be5c46177579e724278999342ef0b716","pipelineFeatureId":"1R75W89I/SOUNDG/1283117895/271","provenance":{"cellId":"1R75W89I","checksum":"75b5e0c67f673d567bb1fae9d6aa2607be5c46177579e724278999342ef0b716","readerVersion":"GDAL 3.2.2","processedAt":"2026-08-11T13:43:44.753Z"}}},{"type":"Feature","geometry":{"type":"Point","coordinates":[3.7023648,51.5166528]},"properties":{"chartedValueMetres":6.9,"chartedValueRelationToDatum":"below","depthDatum":"Approximate LAT","depthDatumCode":42,"depthDatumStatus":"VERIFIED_FROM_OFFICIAL_DOCUMENTATION","verticalDatum":"Local Datum","verticalDatumCode":24,"napIdentityStatus":"UNVERIFIED","sourceFeatureLnam":"1F2B6A5E4FE07537","sourceCellId":"1R75W89I","sourceChecksum":"75b5e0c67f673d567bb1fae9d6aa2607be5c46177579e724278999342ef0b716","pipelineFeatureId":"1R75W89I/SOUNDG/1283117895/272","provenance":{"cellId":"1R75W89I","checksum":"75b5e0c67f673d567bb1fae9d6aa2607be5c46177579e724278999342ef0b716","readerVersion":"GDAL 3.2.2","processedAt":"2026-08-11T13:43:44.753Z"}}},{"type":"Feature","geometry":{"type":"Point","coordinates":[3.7104753,51.5192116]},"properties":{"chartedValueMetres":7.1,"chartedValueRelationToDatum":"below","depthDatum":"Approximate LAT","depthDatumCode":42,"depthDatumStatus":"VERIFIED_FROM_OFFICIAL_DOCUMENTATION","verticalDatum":"Local Datum","verticalDatumCode":24,"napIdentityStatus":"UNVERIFIED","sourceFeatureLnam":"1F2B6A5E4FE07537","sourceCellId":"1R75W89I","sourceChecksum":"75b5e0c67f673d567bb1fae9d6aa2607be5c46177579e724278999342ef0b716","pipelineFeatureId":"1R75W89I/SOUNDG/1283117895/273","provenance":{"cellId":"1R75W89I","checksum":"75b5e0c67f673d567bb1fae9d6aa2607be5c46177579e724278999342ef0b716","readerVersion":"GDAL 3.2.2","processedAt":"2026-08-11T13:43:44.753Z"}}},{"type":"Feature","geometry":{"type":"Point","coordinates":[3.7075214,51.5239052]},"properties":{"chartedValueMetres":7.2,"chartedValueRelationToDatum":"below","depthDatum":"Approximate LAT","depthDatumCode":42,"depthDatumStatus":"VERIFIED_FROM_OFFICIAL_DOCUMENTATION","verticalDatum":"Local Datum","verticalDatumCode":24,"napIdentityStatus":"UNVERIFIED","sourceFeatureLnam":"1F2B6A5E4FE07537","sourceCellId":"1R75W89I","sourceChecksum":"75b5e0c67f673d567bb1fae9d6aa2607be5c46177579e724278999342ef0b716","pipelineFeatureId":"1R75W89I/SOUNDG/1283117895/274","provenance":{"cellId":"1R75W89I","checksum":"75b5e0c67f673d567bb1fae9d6aa2607be5c46177579e724278999342ef0b716","readerVersion":"GDAL 3.2.2","processedAt":"2026-08-11T13:43:44.753Z"}}},{"type":"Feature","geometry":{"type":"Point","coordinates":[3.7040456,51.5228471]},"properties":{"chartedValueMetres":7.3,"chartedValueRelationToDatum":"below","depthDatum":"Approximate LAT","depthDatumCode":42,"depthDatumStatus":"VERIFIED_FROM_OFFICIAL_DOCUMENTATION","verticalDatum":"Local Datum","verticalDatumCode":24,"napIdentityStatus":"UNVERIFIED","sourceFeatureLnam":"1F2B6A5E4FE07537","sourceCellId":"1R75W89I","sourceChecksum":"75b5e0c67f673d567bb1fae9d6aa2607be5c46177579e724278999342ef0b716","pipelineFeatureId":"1R75W89I/SOUNDG/1283117895/275","provenance":{"cellId":"1R75W89I","checksum":"75b5e0c67f673d567bb1fae9d6aa2607be5c46177579e724278999342ef0b716","readerVersion":"GDAL 3.2.2","processedAt":"2026-08-11T13:43:44.753Z"}}},{"type":"Feature","geometry":{"type":"Point","coordinates":[3.7064818,51.5219333]},"properties":{"chartedValueMetres":7.3,"chartedValueRelationToDatum":"below","depthDatum":"Approximate LAT","depthDatumCode":42,"depthDatumStatus":"VERIFIED_FROM_OFFICIAL_DOCUMENTATION","verticalDatum":"Local Datum","verticalDatumCode":24,"napIdentityStatus":"UNVERIFIED","sourceFeatureLnam":"1F2B6A5E4FE07537","sourceCellId":"1R75W89I","sourceChecksum":"75b5e0c67f673d567bb1fae9d6aa2607be5c46177579e724278999342ef0b716","pipelineFeatureId":"1R75W89I/SOUNDG/1283117895/276","provenance":{"cellId":"1R75W89I","checksum":"75b5e0c67f673d567bb1fae9d6aa2607be5c46177579e724278999342ef0b716","readerVersion":"GDAL 3.2.2","processedAt":"2026-08-11T13:43:44.753Z"}}},{"type":"Feature","geometry":{"type":"Point","coordinates":[3.7054174,51.518343]},"properties":{"chartedValueMetres":7.4,"chartedValueRelationToDatum":"below","depthDatum":"Approximate LAT","depthDatumCode":42,"depthDatumStatus":"VERIFIED_FROM_OFFICIAL_DOCUMENTATION","verticalDatum":"Local Datum","verticalDatumCode":24,"napIdentityStatus":"UNVERIFIED","sourceFeatureLnam":"1F2B6A5E4FE07537","sourceCellId":"1R75W89I","sourceChecksum":"75b5e0c67f673d567bb1fae9d6aa2607be5c46177579e724278999342ef0b716","pipelineFeatureId":"1R75W89I/SOUNDG/1283117895/277","provenance":{"cellId":"1R75W89I","checksum":"75b5e0c67f673d567bb1fae9d6aa2607be5c46177579e724278999342ef0b716","readerVersion":"GDAL 3.2.2","processedAt":"2026-08-11T13:43:44.753Z"}}},{"type":"Feature","geometry":{"type":"Point","coordinates":[3.6990943,51.5195498]},"properties":{"chartedValueMetres":7.4,"chartedValueRelationToDatum":"below","depthDatum":"Approximate LAT","depthDatumCode":42,"depthDatumStatus":"VERIFIED_FROM_OFFICIAL_DOCUMENTATION","verticalDatum":"Local Datum","verticalDatumCode":24,"napIdentityStatus":"UNVERIFIED","sourceFeatureLnam":"1F2B6A5E4FE07537","sourceCellId":"1R75W89I","sourceChecksum":"75b5e0c67f673d567bb1fae9d6aa2607be5c46177579e724278999342ef0b716","pipelineFeatureId":"1R75W89I/SOUNDG/1283117895/278","provenance":{"cellId":"1R75W89I","checksum":"75b5e0c67f673d567bb1fae9d6aa2607be5c46177579e724278999342ef0b716","readerVersion":"GDAL 3.2.2","processedAt":"2026-08-11T13:43:44.753Z"}}},{"type":"Feature","geometry":{"type":"Point","coordinates":[3.6999535,51.519185]},"properties":{"chartedValueMetres":7.5,"chartedValueRelationToDatum":"below","depthDatum":"Approximate LAT","depthDatumCode":42,"depthDatumStatus":"VERIFIED_FROM_OFFICIAL_DOCUMENTATION","verticalDatum":"Local Datum","verticalDatumCode":24,"napIdentityStatus":"UNVERIFIED","sourceFeatureLnam":"1F2B6A5E4FE07537","sourceCellId":"1R75W89I","sourceChecksum":"75b5e0c67f673d567bb1fae9d6aa2607be5c46177579e724278999342ef0b716","pipelineFeatureId":"1R75W89I/SOUNDG/1283117895/279","provenance":{"cellId":"1R75W89I","checksum":"75b5e0c67f673d567bb1fae9d6aa2607be5c46177579e724278999342ef0b716","readerVersion":"GDAL 3.2.2","processedAt":"2026-08-11T13:43:44.753Z"}}},{"type":"Feature","geometry":{"type":"Point","coordinates":[3.7086912,51.5249772]},"properties":{"chartedValueMetres":7.5,"chartedValueRelationToDatum":"below","depthDatum":"Approximate LAT","depthDatumCode":42,"depthDatumStatus":"VERIFIED_FROM_OFFICIAL_DOCUMENTATION","verticalDatum":"Local Datum","verticalDatumCode":24,"napIdentityStatus":"UNVERIFIED","sourceFeatureLnam":"1F2B6A5E4FE07537","sourceCellId":"1R75W89I","sourceChecksum":"75b5e0c67f673d567bb1fae9d6aa2607be5c46177579e724278999342ef0b716","pipelineFeatureId":"1R75W89I/SOUNDG/1283117895/280","provenance":{"cellId":"1R75W89I","checksum":"75b5e0c67f673d567bb1fae9d6aa2607be5c46177579e724278999342ef0b716","readerVersion":"GDAL 3.2.2","processedAt":"2026-08-11T13:43:44.753Z"}}},{"type":"Feature","geometry":{"type":"Point","coordinates":[3.7081063,51.5244412]},"properties":{"chartedValueMetres":7.5,"chartedValueRelationToDatum":"below","depthDatum":"Approximate LAT","depthDatumCode":42,"depthDatumStatus":"VERIFIED_FROM_OFFICIAL_DOCUMENTATION","verticalDatum":"Local Datum","verticalDatumCode":24,"napIdentityStatus":"UNVERIFIED","sourceFeatureLnam":"1F2B6A5E4FE07537","sourceCellId":"1R75W89I","sourceChecksum":"75b5e0c67f673d567bb1fae9d6aa2607be5c46177579e724278999342ef0b716","pipelineFeatureId":"1R75W89I/SOUNDG/1283117895/281","provenance":{"cellId":"1R75W89I","checksum":"75b5e0c67f673d567bb1fae9d6aa2607be5c46177579e724278999342ef0b716","readerVersion":"GDAL 3.2.2","processedAt":"2026-08-11T13:43:44.753Z"}}},{"type":"Feature","geometry":{"type":"Point","coordinates":[3.6926609,51.5230048]},"properties":{"chartedValueMetres":7.5,"chartedValueRelationToDatum":"below","depthDatum":"Approximate LAT","depthDatumCode":42,"depthDatumStatus":"VERIFIED_FROM_OFFICIAL_DOCUMENTATION","verticalDatum":"Local Datum","verticalDatumCode":24,"napIdentityStatus":"UNVERIFIED","sourceFeatureLnam":"1F2B6A5E4FE07537","sourceCellId":"1R75W89I","sourceChecksum":"75b5e0c67f673d567bb1fae9d6aa2607be5c46177579e724278999342ef0b716","pipelineFeatureId":"1R75W89I/SOUNDG/1283117895/282","provenance":{"cellId":"1R75W89I","checksum":"75b5e0c67f673d567bb1fae9d6aa2607be5c46177579e724278999342ef0b716","readerVersion":"GDAL 3.2.2","processedAt":"2026-08-11T13:43:44.753Z"}}},{"type":"Feature","geometry":{"type":"Point","coordinates":[3.6973787,51.5204592]},"properties":{"chartedValueMetres":7.6,"chartedValueRelationToDatum":"below","depthDatum":"Approximate LAT","depthDatumCode":42,"depthDatumStatus":"VERIFIED_FROM_OFFICIAL_DOCUMENTATION","verticalDatum":"Local Datum","verticalDatumCode":24,"napIdentityStatus":"UNVERIFIED","sourceFeatureLnam":"1F2B6A5E4FE07537","sourceCellId":"1R75W89I","sourceChecksum":"75b5e0c67f673d567bb1fae9d6aa2607be5c46177579e724278999342ef0b716","pipelineFeatureId":"1R75W89I/SOUNDG/1283117895/283","provenance":{"cellId":"1R75W89I","checksum":"75b5e0c67f673d567bb1fae9d6aa2607be5c46177579e724278999342ef0b716","readerVersion":"GDAL 3.2.2","processedAt":"2026-08-11T13:43:44.753Z"}}},{"type":"Feature","geometry":{"type":"Point","coordinates":[3.7008099,51.5186403]},"properties":{"chartedValueMetres":7.7,"chartedValueRelationToDatum":"below","depthDatum":"Approximate LAT","depthDatumCode":42,"depthDatumStatus":"VERIFIED_FROM_OFFICIAL_DOCUMENTATION","verticalDatum":"Local Datum","verticalDatumCode":24,"napIdentityStatus":"UNVERIFIED","sourceFeatureLnam":"1F2B6A5E4FE07537","sourceCellId":"1R75W89I","sourceChecksum":"75b5e0c67f673d567bb1fae9d6aa2607be5c46177579e724278999342ef0b716","pipelineFeatureId":"1R75W89I/SOUNDG/1283117895/284","provenance":{"cellId":"1R75W89I","checksum":"75b5e0c67f673d567bb1fae9d6aa2607be5c46177579e724278999342ef0b716","readerVersion":"GDAL 3.2.2","processedAt":"2026-08-11T13:43:44.753Z"}}},{"type":"Feature","geometry":{"type":"Point","coordinates":[3.7049187,51.5233814]},"properties":{"chartedValueMetres":7.8,"chartedValueRelationToDatum":"below","depthDatum":"Approximate LAT","depthDatumCode":42,"depthDatumStatus":"VERIFIED_FROM_OFFICIAL_DOCUMENTATION","verticalDatum":"Local Datum","verticalDatumCode":24,"napIdentityStatus":"UNVERIFIED","sourceFeatureLnam":"1F2B6A5E4FE07537","sourceCellId":"1R75W89I","sourceChecksum":"75b5e0c67f673d567bb1fae9d6aa2607be5c46177579e724278999342ef0b716","pipelineFeatureId":"1R75W89I/SOUNDG/1283117895/285","provenance":{"cellId":"1R75W89I","checksum":"75b5e0c67f673d567bb1fae9d6aa2607be5c46177579e724278999342ef0b716","readerVersion":"GDAL 3.2.2","processedAt":"2026-08-11T13:43:44.753Z"}}},{"type":"Feature","geometry":{"type":"Point","coordinates":[3.7060676,51.5231047]},"properties":{"chartedValueMetres":7.9,"chartedValueRelationToDatum":"below","depthDatum":"Approximate LAT","depthDatumCode":42,"depthDatumStatus":"VERIFIED_FROM_OFFICIAL_DOCUMENTATION","verticalDatum":"Local Datum","verticalDatumCode":24,"napIdentityStatus":"UNVERIFIED","sourceFeatureLnam":"1F2B6A5E4FE07537","sourceCellId":"1R75W89I","sourceChecksum":"75b5e0c67f673d567bb1fae9d6aa2607be5c46177579e724278999342ef0b716","pipelineFeatureId":"1R75W89I/SOUNDG/1283117895/286","provenance":{"cellId":"1R75W89I","checksum":"75b5e0c67f673d567bb1fae9d6aa2607be5c46177579e724278999342ef0b716","readerVersion":"GDAL 3.2.2","processedAt":"2026-08-11T13:43:44.753Z"}}},{"type":"Feature","geometry":{"type":"Point","coordinates":[3.696982,51.5227994]},"properties":{"chartedValueMetres":7.9,"chartedValueRelationToDatum":"below","depthDatum":"Approximate LAT","depthDatumCode":42,"depthDatumStatus":"VERIFIED_FROM_OFFICIAL_DOCUMENTATION","verticalDatum":"Local Datum","verticalDatumCode":24,"napIdentityStatus":"UNVERIFIED","sourceFeatureLnam":"1F2B6A5E4FE07537","sourceCellId":"1R75W89I","sourceChecksum":"75b5e0c67f673d567bb1fae9d6aa2607be5c46177579e724278999342ef0b716","pipelineFeatureId":"1R75W89I/SOUNDG/1283117895/287","provenance":{"cellId":"1R75W89I","checksum":"75b5e0c67f673d567bb1fae9d6aa2607be5c46177579e724278999342ef0b716","readerVersion":"GDAL 3.2.2","processedAt":"2026-08-11T13:43:44.753Z"}}},{"type":"Feature","geometry":{"type":"Point","coordinates":[3.707247,51.5248061]},"properties":{"chartedValueMetres":7.9,"chartedValueRelationToDatum":"below","depthDatum":"Approximate LAT","depthDatumCode":42,"depthDatumStatus":"VERIFIED_FROM_OFFICIAL_DOCUMENTATION","verticalDatum":"Local Datum","verticalDatumCode":24,"napIdentityStatus":"UNVERIFIED","sourceFeatureLnam":"1F2B6A5E4FE07537","sourceCellId":"1R75W89I","sourceChecksum":"75b5e0c67f673d567bb1fae9d6aa2607be5c46177579e724278999342ef0b716","pipelineFeatureId":"1R75W89I/SOUNDG/1283117895/288","provenance":{"cellId":"1R75W89I","checksum":"75b5e0c67f673d567bb1fae9d6aa2607be5c46177579e724278999342ef0b716","readerVersion":"GDAL 3.2.2","processedAt":"2026-08-11T13:43:44.753Z"}}},{"type":"Feature","geometry":{"type":"Point","coordinates":[3.7033042,51.5215028]},"properties":{"chartedValueMetres":8.2,"chartedValueRelationToDatum":"below","depthDatum":"Approximate LAT","depthDatumCode":42,"depthDatumStatus":"VERIFIED_FROM_OFFICIAL_DOCUMENTATION","verticalDatum":"Local Datum","verticalDatumCode":24,"napIdentityStatus":"UNVERIFIED","sourceFeatureLnam":"1F2B6A5E4FE07537","sourceCellId":"1R75W89I","sourceChecksum":"75b5e0c67f673d567bb1fae9d6aa2607be5c46177579e724278999342ef0b716","pipelineFeatureId":"1R75W89I/SOUNDG/1283117895/289","provenance":{"cellId":"1R75W89I","checksum":"75b5e0c67f673d567bb1fae9d6aa2607be5c46177579e724278999342ef0b716","readerVersion":"GDAL 3.2.2","processedAt":"2026-08-11T13:43:44.753Z"}}},{"type":"Feature","geometry":{"type":"Point","coordinates":[3.7064276,51.5184268]},"properties":{"chartedValueMetres":8.3,"chartedValueRelationToDatum":"below","depthDatum":"Approximate LAT","depthDatumCode":42,"depthDatumStatus":"VERIFIED_FROM_OFFICIAL_DOCUMENTATION","verticalDatum":"Local Datum","verticalDatumCode":24,"napIdentityStatus":"UNVERIFIED","sourceFeatureLnam":"1F2B6A5E4FE07537","sourceCellId":"1R75W89I","sourceChecksum":"75b5e0c67f673d567bb1fae9d6aa2607be5c46177579e724278999342ef0b716","pipelineFeatureId":"1R75W89I/SOUNDG/1283117895/290","provenance":{"cellId":"1R75W89I","checksum":"75b5e0c67f673d567bb1fae9d6aa2607be5c46177579e724278999342ef0b716","readerVersion":"GDAL 3.2.2","processedAt":"2026-08-11T13:43:44.753Z"}}},{"type":"Feature","geometry":{"type":"Point","coordinates":[3.6937688,51.520031]},"properties":{"chartedValueMetres":8.4,"chartedValueRelationToDatum":"below","depthDatum":"Approximate LAT","depthDatumCode":42,"depthDatumStatus":"VERIFIED_FROM_OFFICIAL_DOCUMENTATION","verticalDatum":"Local Datum","verticalDatumCode":24,"napIdentityStatus":"UNVERIFIED","sourceFeatureLnam":"1F2B6A5E4FE07537","sourceCellId":"1R75W89I","sourceChecksum":"75b5e0c67f673d567bb1fae9d6aa2607be5c46177579e724278999342ef0b716","pipelineFeatureId":"1R75W89I/SOUNDG/1283117895/291","provenance":{"cellId":"1R75W89I","checksum":"75b5e0c67f673d567bb1fae9d6aa2607be5c46177579e724278999342ef0b716","readerVersion":"GDAL 3.2.2","processedAt":"2026-08-11T13:43:44.753Z"}}},{"type":"Feature","geometry":{"type":"Point","coordinates":[3.704453,51.5212262]},"properties":{"chartedValueMetres":8.4,"chartedValueRelationToDatum":"below","depthDatum":"Approximate LAT","depthDatumCode":42,"depthDatumStatus":"VERIFIED_FROM_OFFICIAL_DOCUMENTATION","verticalDatum":"Local Datum","verticalDatumCode":24,"napIdentityStatus":"UNVERIFIED","sourceFeatureLnam":"1F2B6A5E4FE07537","sourceCellId":"1R75W89I","sourceChecksum":"75b5e0c67f673d567bb1fae9d6aa2607be5c46177579e724278999342ef0b716","pipelineFeatureId":"1R75W89I/SOUNDG/1283117895/292","provenance":{"cellId":"1R75W89I","checksum":"75b5e0c67f673d567bb1fae9d6aa2607be5c46177579e724278999342ef0b716","readerVersion":"GDAL 3.2.2","processedAt":"2026-08-11T13:43:44.753Z"}}},{"type":"Feature","geometry":{"type":"Point","coordinates":[3.697063,51.5186627]},"properties":{"chartedValueMetres":8.4,"chartedValueRelationToDatum":"below","depthDatum":"Approximate LAT","depthDatumCode":42,"depthDatumStatus":"VERIFIED_FROM_OFFICIAL_DOCUMENTATION","verticalDatum":"Local Datum","verticalDatumCode":24,"napIdentityStatus":"UNVERIFIED","sourceFeatureLnam":"1F2B6A5E4FE07537","sourceCellId":"1R75W89I","sourceChecksum":"75b5e0c67f673d567bb1fae9d6aa2607be5c46177579e724278999342ef0b716","pipelineFeatureId":"1R75W89I/SOUNDG/1283117895/293","provenance":{"cellId":"1R75W89I","checksum":"75b5e0c67f673d567bb1fae9d6aa2607be5c46177579e724278999342ef0b716","readerVersion":"GDAL 3.2.2","processedAt":"2026-08-11T13:43:44.753Z"}}},{"type":"Feature","geometry":{"type":"Point","coordinates":[3.6961378,51.5241532]},"properties":{"chartedValueMetres":8.4,"chartedValueRelationToDatum":"below","depthDatum":"Approximate LAT","depthDatumCode":42,"depthDatumStatus":"VERIFIED_FROM_OFFICIAL_DOCUMENTATION","verticalDatum":"Local Datum","verticalDatumCode":24,"napIdentityStatus":"UNVERIFIED","sourceFeatureLnam":"1F2B6A5E4FE07537","sourceCellId":"1R75W89I","sourceChecksum":"75b5e0c67f673d567bb1fae9d6aa2607be5c46177579e724278999342ef0b716","pipelineFeatureId":"1R75W89I/SOUNDG/1283117895/294","provenance":{"cellId":"1R75W89I","checksum":"75b5e0c67f673d567bb1fae9d6aa2607be5c46177579e724278999342ef0b716","readerVersion":"GDAL 3.2.2","processedAt":"2026-08-11T13:43:44.753Z"}}},{"type":"Feature","geometry":{"type":"Point","coordinates":[3.6945195,51.5220047]},"properties":{"chartedValueMetres":8.5,"chartedValueRelationToDatum":"below","depthDatum":"Approximate LAT","depthDatumCode":42,"depthDatumStatus":"VERIFIED_FROM_OFFICIAL_DOCUMENTATION","verticalDatum":"Local Datum","verticalDatumCode":24,"napIdentityStatus":"UNVERIFIED","sourceFeatureLnam":"1F2B6A5E4FE07537","sourceCellId":"1R75W89I","sourceChecksum":"75b5e0c67f673d567bb1fae9d6aa2607be5c46177579e724278999342ef0b716","pipelineFeatureId":"1R75W89I/SOUNDG/1283117895/295","provenance":{"cellId":"1R75W89I","checksum":"75b5e0c67f673d567bb1fae9d6aa2607be5c46177579e724278999342ef0b716","readerVersion":"GDAL 3.2.2","processedAt":"2026-08-11T13:43:44.753Z"}}},{"type":"Feature","geometry":{"type":"Point","coordinates":[3.7051847,51.5219411]},"properties":{"chartedValueMetres":8.6,"chartedValueRelationToDatum":"below","depthDatum":"Approximate LAT","depthDatumCode":42,"depthDatumStatus":"VERIFIED_FROM_OFFICIAL_DOCUMENTATION","verticalDatum":"Local Datum","verticalDatumCode":24,"napIdentityStatus":"UNVERIFIED","sourceFeatureLnam":"1F2B6A5E4FE07537","sourceCellId":"1R75W89I","sourceChecksum":"75b5e0c67f673d567bb1fae9d6aa2607be5c46177579e724278999342ef0b716","pipelineFeatureId":"1R75W89I/SOUNDG/1283117895/296","provenance":{"cellId":"1R75W89I","checksum":"75b5e0c67f673d567bb1fae9d6aa2607be5c46177579e724278999342ef0b716","readerVersion":"GDAL 3.2.2","processedAt":"2026-08-11T13:43:44.753Z"}}},{"type":"Feature","geometry":{"type":"Point","coordinates":[3.6955202,51.5214593]},"properties":{"chartedValueMetres":8.6,"chartedValueRelationToDatum":"below","depthDatum":"Approximate LAT","depthDatumCode":42,"depthDatumStatus":"VERIFIED_FROM_OFFICIAL_DOCUMENTATION","verticalDatum":"Local Datum","verticalDatumCode":24,"napIdentityStatus":"UNVERIFIED","sourceFeatureLnam":"1F2B6A5E4FE07537","sourceCellId":"1R75W89I","sourceChecksum":"75b5e0c67f673d567bb1fae9d6aa2607be5c46177579e724278999342ef0b716","pipelineFeatureId":"1R75W89I/SOUNDG/1283117895/297","provenance":{"cellId":"1R75W89I","checksum":"75b5e0c67f673d567bb1fae9d6aa2607be5c46177579e724278999342ef0b716","readerVersion":"GDAL 3.2.2","processedAt":"2026-08-11T13:43:44.753Z"}}},{"type":"Feature","geometry":{"type":"Point","coordinates":[3.6963685,51.5203752]},"properties":{"chartedValueMetres":8.7,"chartedValueRelationToDatum":"below","depthDatum":"Approximate LAT","depthDatumCode":42,"depthDatumStatus":"VERIFIED_FROM_OFFICIAL_DOCUMENTATION","verticalDatum":"Local Datum","verticalDatumCode":24,"napIdentityStatus":"UNVERIFIED","sourceFeatureLnam":"1F2B6A5E4FE07537","sourceCellId":"1R75W89I","sourceChecksum":"75b5e0c67f673d567bb1fae9d6aa2607be5c46177579e724278999342ef0b716","pipelineFeatureId":"1R75W89I/SOUNDG/1283117895/298","provenance":{"cellId":"1R75W89I","checksum":"75b5e0c67f673d567bb1fae9d6aa2607be5c46177579e724278999342ef0b716","readerVersion":"GDAL 3.2.2","processedAt":"2026-08-11T13:43:44.753Z"}}},{"type":"Feature","geometry":{"type":"Point","coordinates":[3.6969545,51.5210012]},"properties":{"chartedValueMetres":8.9,"chartedValueRelationToDatum":"below","depthDatum":"Approximate LAT","depthDatumCode":42,"depthDatumStatus":"VERIFIED_FROM_OFFICIAL_DOCUMENTATION","verticalDatum":"Local Datum","verticalDatumCode":24,"napIdentityStatus":"UNVERIFIED","sourceFeatureLnam":"1F2B6A5E4FE07537","sourceCellId":"1R75W89I","sourceChecksum":"75b5e0c67f673d567bb1fae9d6aa2607be5c46177579e724278999342ef0b716","pipelineFeatureId":"1R75W89I/SOUNDG/1283117895/299","provenance":{"cellId":"1R75W89I","checksum":"75b5e0c67f673d567bb1fae9d6aa2607be5c46177579e724278999342ef0b716","readerVersion":"GDAL 3.2.2","processedAt":"2026-08-11T13:43:44.753Z"}}},{"type":"Feature","geometry":{"type":"Point","coordinates":[3.701613,51.477093]},"properties":{"chartedValueMetres":8.9,"chartedValueRelationToDatum":"below","depthDatum":"Approximate LAT","depthDatumCode":42,"depthDatumStatus":"VERIFIED_FROM_OFFICIAL_DOCUMENTATION","verticalDatum":"Local Datum","verticalDatumCode":24,"napIdentityStatus":"UNVERIFIED","sourceFeatureLnam":"1F2B6A5E4FE07537","sourceCellId":"1R75W89I","sourceChecksum":"75b5e0c67f673d567bb1fae9d6aa2607be5c46177579e724278999342ef0b716","pipelineFeatureId":"1R75W89I/SOUNDG/1283117895/300","provenance":{"cellId":"1R75W89I","checksum":"75b5e0c67f673d567bb1fae9d6aa2607be5c46177579e724278999342ef0b716","readerVersion":"GDAL 3.2.2","processedAt":"2026-08-11T13:43:44.753Z"}}},{"type":"Feature","geometry":{"type":"Point","coordinates":[3.7066608,51.5241802]},"properties":{"chartedValueMetres":8.9,"chartedValueRelationToDatum":"below","depthDatum":"Approximate LAT","depthDatumCode":42,"depthDatumStatus":"VERIFIED_FROM_OFFICIAL_DOCUMENTATION","verticalDatum":"Local Datum","verticalDatumCode":24,"napIdentityStatus":"UNVERIFIED","sourceFeatureLnam":"1F2B6A5E4FE07537","sourceCellId":"1R75W89I","sourceChecksum":"75b5e0c67f673d567bb1fae9d6aa2607be5c46177579e724278999342ef0b716","pipelineFeatureId":"1R75W89I/SOUNDG/1283117895/301","provenance":{"cellId":"1R75W89I","checksum":"75b5e0c67f673d567bb1fae9d6aa2607be5c46177579e724278999342ef0b716","readerVersion":"GDAL 3.2.2","processedAt":"2026-08-11T13:43:44.753Z"}}},{"type":"Feature","geometry":{"type":"Point","coordinates":[3.7023053,51.4752905]},"properties":{"chartedValueMetres":9.1,"chartedValueRelationToDatum":"below","depthDatum":"Approximate LAT","depthDatumCode":42,"depthDatumStatus":"VERIFIED_FROM_OFFICIAL_DOCUMENTATION","verticalDatum":"Local Datum","verticalDatumCode":24,"napIdentityStatus":"UNVERIFIED","sourceFeatureLnam":"1F2B6A5E4FE07537","sourceCellId":"1R75W89I","sourceChecksum":"75b5e0c67f673d567bb1fae9d6aa2607be5c46177579e724278999342ef0b716","pipelineFeatureId":"1R75W89I/SOUNDG/1283117895/302","provenance":{"cellId":"1R75W89I","checksum":"75b5e0c67f673d567bb1fae9d6aa2607be5c46177579e724278999342ef0b716","readerVersion":"GDAL 3.2.2","processedAt":"2026-08-11T13:43:44.753Z"}}},{"type":"Feature","geometry":{"type":"Point","coordinates":[3.7034958,51.4778011]},"properties":{"chartedValueMetres":9.2,"chartedValueRelationToDatum":"below","depthDatum":"Approximate LAT","depthDatumCode":42,"depthDatumStatus":"VERIFIED_FROM_OFFICIAL_DOCUMENTATION","verticalDatum":"Local Datum","verticalDatumCode":24,"napIdentityStatus":"UNVERIFIED","sourceFeatureLnam":"1F2B6A5E4FE07537","sourceCellId":"1R75W89I","sourceChecksum":"75b5e0c67f673d567bb1fae9d6aa2607be5c46177579e724278999342ef0b716","pipelineFeatureId":"1R75W89I/SOUNDG/1283117895/303","provenance":{"cellId":"1R75W89I","checksum":"75b5e0c67f673d567bb1fae9d6aa2607be5c46177579e724278999342ef0b716","readerVersion":"GDAL 3.2.2","processedAt":"2026-08-11T13:43:44.753Z"}}},{"type":"Feature","geometry":{"type":"Point","coordinates":[3.69451,51.5213754]},"properties":{"chartedValueMetres":9.4,"chartedValueRelationToDatum":"below","depthDatum":"Approximate LAT","depthDatumCode":42,"depthDatumStatus":"VERIFIED_FROM_OFFICIAL_DOCUMENTATION","verticalDatum":"Local Datum","verticalDatumCode":24,"napIdentityStatus":"UNVERIFIED","sourceFeatureLnam":"1F2B6A5E4FE07537","sourceCellId":"1R75W89I","sourceChecksum":"75b5e0c67f673d567bb1fae9d6aa2607be5c46177579e724278999342ef0b716","pipelineFeatureId":"1R75W89I/SOUNDG/1283117895/304","provenance":{"cellId":"1R75W89I","checksum":"75b5e0c67f673d567bb1fae9d6aa2607be5c46177579e724278999342ef0b716","readerVersion":"GDAL 3.2.2","processedAt":"2026-08-11T13:43:44.753Z"}}},{"type":"Feature","geometry":{"type":"Point","coordinates":[3.6970808,51.5198315]},"properties":{"chartedValueMetres":9.5,"chartedValueRelationToDatum":"below","depthDatum":"Approximate LAT","depthDatumCode":42,"depthDatumStatus":"VERIFIED_FROM_OFFICIAL_DOCUMENTATION","verticalDatum":"Local Datum","verticalDatumCode":24,"napIdentityStatus":"UNVERIFIED","sourceFeatureLnam":"1F2B6A5E4FE07537","sourceCellId":"1R75W89I","sourceChecksum":"75b5e0c67f673d567bb1fae9d6aa2607be5c46177579e724278999342ef0b716","pipelineFeatureId":"1R75W89I/SOUNDG/1283117895/305","provenance":{"cellId":"1R75W89I","checksum":"75b5e0c67f673d567bb1fae9d6aa2607be5c46177579e724278999342ef0b716","readerVersion":"GDAL 3.2.2","processedAt":"2026-08-11T13:43:44.753Z"}}},{"type":"Feature","geometry":{"type":"Point","coordinates":[3.6982475,51.5207237]},"properties":{"chartedValueMetres":9.5,"chartedValueRelationToDatum":"below","depthDatum":"Approximate LAT","depthDatumCode":42,"depthDatumStatus":"VERIFIED_FROM_OFFICIAL_DOCUMENTATION","verticalDatum":"Local Datum","verticalDatumCode":24,"napIdentityStatus":"UNVERIFIED","sourceFeatureLnam":"1F2B6A5E4FE07537","sourceCellId":"1R75W89I","sourceChecksum":"75b5e0c67f673d567bb1fae9d6aa2607be5c46177579e724278999342ef0b716","pipelineFeatureId":"1R75W89I/SOUNDG/1283117895/306","provenance":{"cellId":"1R75W89I","checksum":"75b5e0c67f673d567bb1fae9d6aa2607be5c46177579e724278999342ef0b716","readerVersion":"GDAL 3.2.2","processedAt":"2026-08-11T13:43:44.753Z"}}},{"type":"Feature","geometry":{"type":"Point","coordinates":[3.6969642,51.5216306]},"properties":{"chartedValueMetres":9.5,"chartedValueRelationToDatum":"below","depthDatum":"Approximate LAT","depthDatumCode":42,"depthDatumStatus":"VERIFIED_FROM_OFFICIAL_DOCUMENTATION","verticalDatum":"Local Datum","verticalDatumCode":24,"napIdentityStatus":"UNVERIFIED","sourceFeatureLnam":"1F2B6A5E4FE07537","sourceCellId":"1R75W89I","sourceChecksum":"75b5e0c67f673d567bb1fae9d6aa2607be5c46177579e724278999342ef0b716","pipelineFeatureId":"1R75W89I/SOUNDG/1283117895/307","provenance":{"cellId":"1R75W89I","checksum":"75b5e0c67f673d567bb1fae9d6aa2607be5c46177579e724278999342ef0b716","readerVersion":"GDAL 3.2.2","processedAt":"2026-08-11T13:43:44.753Z"}}},{"type":"Feature","geometry":{"type":"Point","coordinates":[3.6958304,51.5228961]},"properties":{"chartedValueMetres":9.6,"chartedValueRelationToDatum":"below","depthDatum":"Approximate LAT","depthDatumCode":42,"depthDatumStatus":"VERIFIED_FROM_OFFICIAL_DOCUMENTATION","verticalDatum":"Local Datum","verticalDatumCode":24,"napIdentityStatus":"UNVERIFIED","sourceFeatureLnam":"1F2B6A5E4FE07537","sourceCellId":"1R75W89I","sourceChecksum":"75b5e0c67f673d567bb1fae9d6aa2607be5c46177579e724278999342ef0b716","pipelineFeatureId":"1R75W89I/SOUNDG/1283117895/308","provenance":{"cellId":"1R75W89I","checksum":"75b5e0c67f673d567bb1fae9d6aa2607be5c46177579e724278999342ef0b716","readerVersion":"GDAL 3.2.2","processedAt":"2026-08-11T13:43:44.753Z"}}},{"type":"Feature","geometry":{"type":"Point","coordinates":[3.696271,51.523433]},"properties":{"chartedValueMetres":9.8,"chartedValueRelationToDatum":"below","depthDatum":"Approximate LAT","depthDatumCode":42,"depthDatumStatus":"VERIFIED_FROM_OFFICIAL_DOCUMENTATION","verticalDatum":"Local Datum","verticalDatumCode":24,"napIdentityStatus":"UNVERIFIED","sourceFeatureLnam":"1F2B6A5E4FE07537","sourceCellId":"1R75W89I","sourceChecksum":"75b5e0c67f673d567bb1fae9d6aa2607be5c46177579e724278999342ef0b716","pipelineFeatureId":"1R75W89I/SOUNDG/1283117895/309","provenance":{"cellId":"1R75W89I","checksum":"75b5e0c67f673d567bb1fae9d6aa2607be5c46177579e724278999342ef0b716","readerVersion":"GDAL 3.2.2","processedAt":"2026-08-11T13:43:44.753Z"}}},{"type":"Feature","geometry":{"type":"Point","coordinates":[3.7072881,51.5181519]},"properties":{"chartedValueMetres":9.8,"chartedValueRelationToDatum":"below","depthDatum":"Approximate LAT","depthDatumCode":42,"depthDatumStatus":"VERIFIED_FROM_OFFICIAL_DOCUMENTATION","verticalDatum":"Local Datum","verticalDatumCode":24,"napIdentityStatus":"UNVERIFIED","sourceFeatureLnam":"1F2B6A5E4FE07537","sourceCellId":"1R75W89I","sourceChecksum":"75b5e0c67f673d567bb1fae9d6aa2607be5c46177579e724278999342ef0b716","pipelineFeatureId":"1R75W89I/SOUNDG/1283117895/310","provenance":{"cellId":"1R75W89I","checksum":"75b5e0c67f673d567bb1fae9d6aa2607be5c46177579e724278999342ef0b716","readerVersion":"GDAL 3.2.2","processedAt":"2026-08-11T13:43:44.753Z"}}},{"type":"Feature","geometry":{"type":"Point","coordinates":[3.7059255,51.4766176]},"properties":{"chartedValueMetres":9.9,"chartedValueRelationToDatum":"below","depthDatum":"Approximate LAT","depthDatumCode":42,"depthDatumStatus":"VERIFIED_FROM_OFFICIAL_DOCUMENTATION","verticalDatum":"Local Datum","verticalDatumCode":24,"napIdentityStatus":"UNVERIFIED","sourceFeatureLnam":"1F2B6A5E4FE07537","sourceCellId":"1R75W89I","sourceChecksum":"75b5e0c67f673d567bb1fae9d6aa2607be5c46177579e724278999342ef0b716","pipelineFeatureId":"1R75W89I/SOUNDG/1283117895/311","provenance":{"cellId":"1R75W89I","checksum":"75b5e0c67f673d567bb1fae9d6aa2607be5c46177579e724278999342ef0b716","readerVersion":"GDAL 3.2.2","processedAt":"2026-08-11T13:43:44.753Z"}}},{"type":"Feature","geometry":{"type":"Point","coordinates":[3.6980773,51.5190163]},"properties":{"chartedValueMetres":9.9,"chartedValueRelationToDatum":"below","depthDatum":"Approximate LAT","depthDatumCode":42,"depthDatumStatus":"VERIFIED_FROM_OFFICIAL_DOCUMENTATION","verticalDatum":"Local Datum","verticalDatumCode":24,"napIdentityStatus":"UNVERIFIED","sourceFeatureLnam":"1F2B6A5E4FE07537","sourceCellId":"1R75W89I","sourceChecksum":"75b5e0c67f673d567bb1fae9d6aa2607be5c46177579e724278999342ef0b716","pipelineFeatureId":"1R75W89I/SOUNDG/1283117895/312","provenance":{"cellId":"1R75W89I","checksum":"75b5e0c67f673d567bb1fae9d6aa2607be5c46177579e724278999342ef0b716","readerVersion":"GDAL 3.2.2","processedAt":"2026-08-11T13:43:44.753Z"}}},{"type":"Feature","geometry":{"type":"Point","coordinates":[3.7021526,51.5215996]},"properties":{"chartedValueMetres":10,"chartedValueRelationToDatum":"below","depthDatum":"Approximate LAT","depthDatumCode":42,"depthDatumStatus":"VERIFIED_FROM_OFFICIAL_DOCUMENTATION","verticalDatum":"Local Datum","verticalDatumCode":24,"napIdentityStatus":"UNVERIFIED","sourceFeatureLnam":"1F2B6A5E4FE07537","sourceCellId":"1R75W89I","sourceChecksum":"75b5e0c67f673d567bb1fae9d6aa2607be5c46177579e724278999342ef0b716","pipelineFeatureId":"1R75W89I/SOUNDG/1283117895/313","provenance":{"cellId":"1R75W89I","checksum":"75b5e0c67f673d567bb1fae9d6aa2607be5c46177579e724278999342ef0b716","readerVersion":"GDAL 3.2.2","processedAt":"2026-08-11T13:43:44.753Z"}}},{"type":"Feature","geometry":{"type":"Point","coordinates":[3.6900612,51.5226605]},"properties":{"chartedValueMetres":10,"chartedValueRelationToDatum":"below","depthDatum":"Approximate LAT","depthDatumCode":42,"depthDatumStatus":"VERIFIED_FROM_OFFICIAL_DOCUMENTATION","verticalDatum":"Local Datum","verticalDatumCode":24,"napIdentityStatus":"UNVERIFIED","sourceFeatureLnam":"1F2B6A5E4FE07537","sourceCellId":"1R75W89I","sourceChecksum":"75b5e0c67f673d567bb1fae9d6aa2607be5c46177579e724278999342ef0b716","pipelineFeatureId":"1R75W89I/SOUNDG/1283117895/314","provenance":{"cellId":"1R75W89I","checksum":"75b5e0c67f673d567bb1fae9d6aa2607be5c46177579e724278999342ef0b716","readerVersion":"GDAL 3.2.2","processedAt":"2026-08-11T13:43:44.753Z"}}},{"type":"Feature","geometry":{"type":"Point","coordinates":[3.6978234,51.5212658]},"properties":{"chartedValueMetres":10.3,"chartedValueRelationToDatum":"below","depthDatum":"Approximate LAT","depthDatumCode":42,"depthDatumStatus":"VERIFIED_FROM_OFFICIAL_DOCUMENTATION","verticalDatum":"Local Datum","verticalDatumCode":24,"napIdentityStatus":"UNVERIFIED","sourceFeatureLnam":"1F2B6A5E4FE07537","sourceCellId":"1R75W89I","sourceChecksum":"75b5e0c67f673d567bb1fae9d6aa2607be5c46177579e724278999342ef0b716","pipelineFeatureId":"1R75W89I/SOUNDG/1283117895/315","provenance":{"cellId":"1R75W89I","checksum":"75b5e0c67f673d567bb1fae9d6aa2607be5c46177579e724278999342ef0b716","readerVersion":"GDAL 3.2.2","processedAt":"2026-08-11T13:43:44.753Z"}}},{"type":"Feature","geometry":{"type":"Point","coordinates":[3.6949341,51.5208333]},"properties":{"chartedValueMetres":10.5,"chartedValueRelationToDatum":"below","depthDatum":"Approximate LAT","depthDatumCode":42,"depthDatumStatus":"VERIFIED_FROM_OFFICIAL_DOCUMENTATION","verticalDatum":"Local Datum","verticalDatumCode":24,"napIdentityStatus":"UNVERIFIED","sourceFeatureLnam":"1F2B6A5E4FE07537","sourceCellId":"1R75W89I","sourceChecksum":"75b5e0c67f673d567bb1fae9d6aa2607be5c46177579e724278999342ef0b716","pipelineFeatureId":"1R75W89I/SOUNDG/1283117895/316","provenance":{"cellId":"1R75W89I","checksum":"75b5e0c67f673d567bb1fae9d6aa2607be5c46177579e724278999342ef0b716","readerVersion":"GDAL 3.2.2","processedAt":"2026-08-11T13:43:44.753Z"}}},{"type":"Feature","geometry":{"type":"Point","coordinates":[3.7026181,51.4769072]},"properties":{"chartedValueMetres":10.5,"chartedValueRelationToDatum":"below","depthDatum":"Approximate LAT","depthDatumCode":42,"depthDatumStatus":"VERIFIED_FROM_OFFICIAL_DOCUMENTATION","verticalDatum":"Local Datum","verticalDatumCode":24,"napIdentityStatus":"UNVERIFIED","sourceFeatureLnam":"1F2B6A5E4FE07537","sourceCellId":"1R75W89I","sourceChecksum":"75b5e0c67f673d567bb1fae9d6aa2607be5c46177579e724278999342ef0b716","pipelineFeatureId":"1R75W89I/SOUNDG/1283117895/317","provenance":{"cellId":"1R75W89I","checksum":"75b5e0c67f673d567bb1fae9d6aa2607be5c46177579e724278999342ef0b716","readerVersion":"GDAL 3.2.2","processedAt":"2026-08-11T13:43:44.753Z"}}},{"type":"Feature","geometry":{"type":"Point","coordinates":[3.7045486,51.5180784]},"properties":{"chartedValueMetres":10.6,"chartedValueRelationToDatum":"below","depthDatum":"Approximate LAT","depthDatumCode":42,"depthDatumStatus":"VERIFIED_FROM_OFFICIAL_DOCUMENTATION","verticalDatum":"Local Datum","verticalDatumCode":24,"napIdentityStatus":"UNVERIFIED","sourceFeatureLnam":"1F2B6A5E4FE07537","sourceCellId":"1R75W89I","sourceChecksum":"75b5e0c67f673d567bb1fae9d6aa2607be5c46177579e724278999342ef0b716","pipelineFeatureId":"1R75W89I/SOUNDG/1283117895/318","provenance":{"cellId":"1R75W89I","checksum":"75b5e0c67f673d567bb1fae9d6aa2607be5c46177579e724278999342ef0b716","readerVersion":"GDAL 3.2.2","processedAt":"2026-08-11T13:43:44.753Z"}}},{"type":"Feature","geometry":{"type":"Point","coordinates":[3.7041881,51.4759986]},"properties":{"chartedValueMetres":11,"chartedValueRelationToDatum":"below","depthDatum":"Approximate LAT","depthDatumCode":42,"depthDatumStatus":"VERIFIED_FROM_OFFICIAL_DOCUMENTATION","verticalDatum":"Local Datum","verticalDatumCode":24,"napIdentityStatus":"UNVERIFIED","sourceFeatureLnam":"1F2B6A5E4FE07537","sourceCellId":"1R75W89I","sourceChecksum":"75b5e0c67f673d567bb1fae9d6aa2607be5c46177579e724278999342ef0b716","pipelineFeatureId":"1R75W89I/SOUNDG/1283117895/319","provenance":{"cellId":"1R75W89I","checksum":"75b5e0c67f673d567bb1fae9d6aa2607be5c46177579e724278999342ef0b716","readerVersion":"GDAL 3.2.2","processedAt":"2026-08-11T13:43:44.753Z"}}},{"type":"Feature","geometry":{"type":"Point","coordinates":[3.7039098,51.4766297]},"properties":{"chartedValueMetres":11.1,"chartedValueRelationToDatum":"below","depthDatum":"Approximate LAT","depthDatumCode":42,"depthDatumStatus":"VERIFIED_FROM_OFFICIAL_DOCUMENTATION","verticalDatum":"Local Datum","verticalDatumCode":24,"napIdentityStatus":"UNVERIFIED","sourceFeatureLnam":"1F2B6A5E4FE07537","sourceCellId":"1R75W89I","sourceChecksum":"75b5e0c67f673d567bb1fae9d6aa2607be5c46177579e724278999342ef0b716","pipelineFeatureId":"1R75W89I/SOUNDG/1283117895/320","provenance":{"cellId":"1R75W89I","checksum":"75b5e0c67f673d567bb1fae9d6aa2607be5c46177579e724278999342ef0b716","readerVersion":"GDAL 3.2.2","processedAt":"2026-08-11T13:43:44.753Z"}}},{"type":"Feature","geometry":{"type":"Point","coordinates":[3.7042088,51.4773472]},"properties":{"chartedValueMetres":11.3,"chartedValueRelationToDatum":"below","depthDatum":"Approximate LAT","depthDatumCode":42,"depthDatumStatus":"VERIFIED_FROM_OFFICIAL_DOCUMENTATION","verticalDatum":"Local Datum","verticalDatumCode":24,"napIdentityStatus":"UNVERIFIED","sourceFeatureLnam":"1F2B6A5E4FE07537","sourceCellId":"1R75W89I","sourceChecksum":"75b5e0c67f673d567bb1fae9d6aa2607be5c46177579e724278999342ef0b716","pipelineFeatureId":"1R75W89I/SOUNDG/1283117895/321","provenance":{"cellId":"1R75W89I","checksum":"75b5e0c67f673d567bb1fae9d6aa2607be5c46177579e724278999342ef0b716","readerVersion":"GDAL 3.2.2","processedAt":"2026-08-11T13:43:44.753Z"}}},{"type":"Feature","geometry":{"type":"Point","coordinates":[3.7034599,51.4754634]},"properties":{"chartedValueMetres":11.4,"chartedValueRelationToDatum":"below","depthDatum":"Approximate LAT","depthDatumCode":42,"depthDatumStatus":"VERIFIED_FROM_OFFICIAL_DOCUMENTATION","verticalDatum":"Local Datum","verticalDatumCode":24,"napIdentityStatus":"UNVERIFIED","sourceFeatureLnam":"1F2B6A5E4FE07537","sourceCellId":"1R75W89I","sourceChecksum":"75b5e0c67f673d567bb1fae9d6aa2607be5c46177579e724278999342ef0b716","pipelineFeatureId":"1R75W89I/SOUNDG/1283117895/322","provenance":{"cellId":"1R75W89I","checksum":"75b5e0c67f673d567bb1fae9d6aa2607be5c46177579e724278999342ef0b716","readerVersion":"GDAL 3.2.2","processedAt":"2026-08-11T13:43:44.753Z"}}},{"type":"Feature","geometry":{"type":"Point","coordinates":[3.6916534,51.5231007]},"properties":{"chartedValueMetres":11.4,"chartedValueRelationToDatum":"below","depthDatum":"Approximate LAT","depthDatumCode":42,"depthDatumStatus":"VERIFIED_FROM_OFFICIAL_DOCUMENTATION","verticalDatum":"Local Datum","verticalDatumCode":24,"napIdentityStatus":"UNVERIFIED","sourceFeatureLnam":"1F2B6A5E4FE07537","sourceCellId":"1R75W89I","sourceChecksum":"75b5e0c67f673d567bb1fae9d6aa2607be5c46177579e724278999342ef0b716","pipelineFeatureId":"1R75W89I/SOUNDG/1283117895/323","provenance":{"cellId":"1R75W89I","checksum":"75b5e0c67f673d567bb1fae9d6aa2607be5c46177579e724278999342ef0b716","readerVersion":"GDAL 3.2.2","processedAt":"2026-08-11T13:43:44.753Z"}}},{"type":"Feature","geometry":{"type":"Point","coordinates":[3.7059158,51.4759882]},"properties":{"chartedValueMetres":11.6,"chartedValueRelationToDatum":"below","depthDatum":"Approximate LAT","depthDatumCode":42,"depthDatumStatus":"VERIFIED_FROM_OFFICIAL_DOCUMENTATION","verticalDatum":"Local Datum","verticalDatumCode":24,"napIdentityStatus":"UNVERIFIED","sourceFeatureLnam":"1F2B6A5E4FE07537","sourceCellId":"1R75W89I","sourceChecksum":"75b5e0c67f673d567bb1fae9d6aa2607be5c46177579e724278999342ef0b716","pipelineFeatureId":"1R75W89I/SOUNDG/1283117895/324","provenance":{"cellId":"1R75W89I","checksum":"75b5e0c67f673d567bb1fae9d6aa2607be5c46177579e724278999342ef0b716","readerVersion":"GDAL 3.2.2","processedAt":"2026-08-11T13:43:44.753Z"}}},{"type":"Feature","geometry":{"type":"Point","coordinates":[3.7050561,51.4762631]},"properties":{"chartedValueMetres":11.9,"chartedValueRelationToDatum":"below","depthDatum":"Approximate LAT","depthDatumCode":42,"depthDatumStatus":"VERIFIED_FROM_OFFICIAL_DOCUMENTATION","verticalDatum":"Local Datum","verticalDatumCode":24,"napIdentityStatus":"UNVERIFIED","sourceFeatureLnam":"1F2B6A5E4FE07537","sourceCellId":"1R75W89I","sourceChecksum":"75b5e0c67f673d567bb1fae9d6aa2607be5c46177579e724278999342ef0b716","pipelineFeatureId":"1R75W89I/SOUNDG/1283117895/325","provenance":{"cellId":"1R75W89I","checksum":"75b5e0c67f673d567bb1fae9d6aa2607be5c46177579e724278999342ef0b716","readerVersion":"GDAL 3.2.2","processedAt":"2026-08-11T13:43:44.753Z"}}},{"type":"Feature","geometry":{"type":"Point","coordinates":[3.6926514,51.5223755]},"properties":{"chartedValueMetres":11.9,"chartedValueRelationToDatum":"below","depthDatum":"Approximate LAT","depthDatumCode":42,"depthDatumStatus":"VERIFIED_FROM_OFFICIAL_DOCUMENTATION","verticalDatum":"Local Datum","verticalDatumCode":24,"napIdentityStatus":"UNVERIFIED","sourceFeatureLnam":"1F2B6A5E4FE07537","sourceCellId":"1R75W89I","sourceChecksum":"75b5e0c67f673d567bb1fae9d6aa2607be5c46177579e724278999342ef0b716","pipelineFeatureId":"1R75W89I/SOUNDG/1283117895/326","provenance":{"cellId":"1R75W89I","checksum":"75b5e0c67f673d567bb1fae9d6aa2607be5c46177579e724278999342ef0b716","readerVersion":"GDAL 3.2.2","processedAt":"2026-08-11T13:43:44.753Z"}}},{"type":"Feature","geometry":{"type":"Point","coordinates":[3.7057607,51.4752698]},"properties":{"chartedValueMetres":12.5,"chartedValueRelationToDatum":"below","depthDatum":"Approximate LAT","depthDatumCode":42,"depthDatumStatus":"VERIFIED_FROM_OFFICIAL_DOCUMENTATION","verticalDatum":"Local Datum","verticalDatumCode":24,"napIdentityStatus":"UNVERIFIED","sourceFeatureLnam":"1F2B6A5E4FE07537","sourceCellId":"1R75W89I","sourceChecksum":"75b5e0c67f673d567bb1fae9d6aa2607be5c46177579e724278999342ef0b716","pipelineFeatureId":"1R75W89I/SOUNDG/1283117895/327","provenance":{"cellId":"1R75W89I","checksum":"75b5e0c67f673d567bb1fae9d6aa2607be5c46177579e724278999342ef0b716","readerVersion":"GDAL 3.2.2","processedAt":"2026-08-11T13:43:44.753Z"}}},{"type":"Feature","geometry":{"type":"Point","coordinates":[3.6953583,51.5202913]},"properties":{"chartedValueMetres":13.1,"chartedValueRelationToDatum":"below","depthDatum":"Approximate LAT","depthDatumCode":42,"depthDatumStatus":"VERIFIED_FROM_OFFICIAL_DOCUMENTATION","verticalDatum":"Local Datum","verticalDatumCode":24,"napIdentityStatus":"UNVERIFIED","sourceFeatureLnam":"1F2B6A5E4FE07537","sourceCellId":"1R75W89I","sourceChecksum":"75b5e0c67f673d567bb1fae9d6aa2607be5c46177579e724278999342ef0b716","pipelineFeatureId":"1R75W89I/SOUNDG/1283117895/328","provenance":{"cellId":"1R75W89I","checksum":"75b5e0c67f673d567bb1fae9d6aa2607be5c46177579e724278999342ef0b716","readerVersion":"GDAL 3.2.2","processedAt":"2026-08-11T13:43:44.753Z"}}},{"type":"Feature","geometry":{"type":"Point","coordinates":[3.6900884,51.5244587]},"properties":{"chartedValueMetres":13.2,"chartedValueRelationToDatum":"below","depthDatum":"Approximate LAT","depthDatumCode":42,"depthDatumStatus":"VERIFIED_FROM_OFFICIAL_DOCUMENTATION","verticalDatum":"Local Datum","verticalDatumCode":24,"napIdentityStatus":"UNVERIFIED","sourceFeatureLnam":"1F2B6A5E4FE07537","sourceCellId":"1R75W89I","sourceChecksum":"75b5e0c67f673d567bb1fae9d6aa2607be5c46177579e724278999342ef0b716","pipelineFeatureId":"1R75W89I/SOUNDG/1283117895/329","provenance":{"cellId":"1R75W89I","checksum":"75b5e0c67f673d567bb1fae9d6aa2607be5c46177579e724278999342ef0b716","readerVersion":"GDAL 3.2.2","processedAt":"2026-08-11T13:43:44.753Z"}}},{"type":"Feature","geometry":{"type":"Point","coordinates":[3.6998384,51.5210739]},"properties":{"chartedValueMetres":13.9,"chartedValueRelationToDatum":"below","depthDatum":"Approximate LAT","depthDatumCode":42,"depthDatumStatus":"VERIFIED_FROM_OFFICIAL_DOCUMENTATION","verticalDatum":"Local Datum","verticalDatumCode":24,"napIdentityStatus":"UNVERIFIED","sourceFeatureLnam":"1F2B6A5E4FE07537","sourceCellId":"1R75W89I","sourceChecksum":"75b5e0c67f673d567bb1fae9d6aa2607be5c46177579e724278999342ef0b716","pipelineFeatureId":"1R75W89I/SOUNDG/1283117895/330","provenance":{"cellId":"1R75W89I","checksum":"75b5e0c67f673d567bb1fae9d6aa2607be5c46177579e724278999342ef0b716","readerVersion":"GDAL 3.2.2","processedAt":"2026-08-11T13:43:44.753Z"}}},{"type":"Feature","geometry":{"type":"Point","coordinates":[3.6935011,51.5213813]},"properties":{"chartedValueMetres":14.7,"chartedValueRelationToDatum":"below","depthDatum":"Approximate LAT","depthDatumCode":42,"depthDatumStatus":"VERIFIED_FROM_OFFICIAL_DOCUMENTATION","verticalDatum":"Local Datum","verticalDatumCode":24,"napIdentityStatus":"UNVERIFIED","sourceFeatureLnam":"1F2B6A5E4FE07537","sourceCellId":"1R75W89I","sourceChecksum":"75b5e0c67f673d567bb1fae9d6aa2607be5c46177579e724278999342ef0b716","pipelineFeatureId":"1R75W89I/SOUNDG/1283117895/331","provenance":{"cellId":"1R75W89I","checksum":"75b5e0c67f673d567bb1fae9d6aa2607be5c46177579e724278999342ef0b716","readerVersion":"GDAL 3.2.2","processedAt":"2026-08-11T13:43:44.753Z"}}},{"type":"Feature","geometry":{"type":"Point","coordinates":[3.6919185,51.5215705]},"properties":{"chartedValueMetres":14.7,"chartedValueRelationToDatum":"below","depthDatum":"Approximate LAT","depthDatumCode":42,"depthDatumStatus":"VERIFIED_FROM_OFFICIAL_DOCUMENTATION","verticalDatum":"Local Datum","verticalDatumCode":24,"napIdentityStatus":"UNVERIFIED","sourceFeatureLnam":"1F2B6A5E4FE07537","sourceCellId":"1R75W89I","sourceChecksum":"75b5e0c67f673d567bb1fae9d6aa2607be5c46177579e724278999342ef0b716","pipelineFeatureId":"1R75W89I/SOUNDG/1283117895/332","provenance":{"cellId":"1R75W89I","checksum":"75b5e0c67f673d567bb1fae9d6aa2607be5c46177579e724278999342ef0b716","readerVersion":"GDAL 3.2.2","processedAt":"2026-08-11T13:43:44.753Z"}}},{"type":"Feature","geometry":{"type":"Point","coordinates":[3.6884988,51.5241983]},"properties":{"chartedValueMetres":14.8,"chartedValueRelationToDatum":"below","depthDatum":"Approximate LAT","depthDatumCode":42,"depthDatumStatus":"VERIFIED_FROM_OFFICIAL_DOCUMENTATION","verticalDatum":"Local Datum","verticalDatumCode":24,"napIdentityStatus":"UNVERIFIED","sourceFeatureLnam":"1F2B6A5E4FE07537","sourceCellId":"1R75W89I","sourceChecksum":"75b5e0c67f673d567bb1fae9d6aa2607be5c46177579e724278999342ef0b716","pipelineFeatureId":"1R75W89I/SOUNDG/1283117895/333","provenance":{"cellId":"1R75W89I","checksum":"75b5e0c67f673d567bb1fae9d6aa2607be5c46177579e724278999342ef0b716","readerVersion":"GDAL 3.2.2","processedAt":"2026-08-11T13:43:44.753Z"}}},{"type":"Feature","geometry":{"type":"Point","coordinates":[3.68921,51.5235647]},"properties":{"chartedValueMetres":15.4,"chartedValueRelationToDatum":"below","depthDatum":"Approximate LAT","depthDatumCode":42,"depthDatumStatus":"VERIFIED_FROM_OFFICIAL_DOCUMENTATION","verticalDatum":"Local Datum","verticalDatumCode":24,"napIdentityStatus":"UNVERIFIED","sourceFeatureLnam":"1F2B6A5E4FE07537","sourceCellId":"1R75W89I","sourceChecksum":"75b5e0c67f673d567bb1fae9d6aa2607be5c46177579e724278999342ef0b716","pipelineFeatureId":"1R75W89I/SOUNDG/1283117895/334","provenance":{"cellId":"1R75W89I","checksum":"75b5e0c67f673d567bb1fae9d6aa2607be5c46177579e724278999342ef0b716","readerVersion":"GDAL 3.2.2","processedAt":"2026-08-11T13:43:44.753Z"}}},{"type":"Feature","geometry":{"type":"Point","coordinates":[3.6939253,51.5208393]},"properties":{"chartedValueMetres":16.2,"chartedValueRelationToDatum":"below","depthDatum":"Approximate LAT","depthDatumCode":42,"depthDatumStatus":"VERIFIED_FROM_OFFICIAL_DOCUMENTATION","verticalDatum":"Local Datum","verticalDatumCode":24,"napIdentityStatus":"UNVERIFIED","sourceFeatureLnam":"1F2B6A5E4FE07537","sourceCellId":"1R75W89I","sourceChecksum":"75b5e0c67f673d567bb1fae9d6aa2607be5c46177579e724278999342ef0b716","pipelineFeatureId":"1R75W89I/SOUNDG/1283117895/335","provenance":{"cellId":"1R75W89I","checksum":"75b5e0c67f673d567bb1fae9d6aa2607be5c46177579e724278999342ef0b716","readerVersion":"GDAL 3.2.2","processedAt":"2026-08-11T13:43:44.753Z"}}},{"type":"Feature","geometry":{"type":"Point","coordinates":[3.6906458,51.5231965]},"properties":{"chartedValueMetres":16.5,"chartedValueRelationToDatum":"below","depthDatum":"Approximate LAT","depthDatumCode":42,"depthDatumStatus":"VERIFIED_FROM_OFFICIAL_DOCUMENTATION","verticalDatum":"Local Datum","verticalDatumCode":24,"napIdentityStatus":"UNVERIFIED","sourceFeatureLnam":"1F2B6A5E4FE07537","sourceCellId":"1R75W89I","sourceChecksum":"75b5e0c67f673d567bb1fae9d6aa2607be5c46177579e724278999342ef0b716","pipelineFeatureId":"1R75W89I/SOUNDG/1283117895/336","provenance":{"cellId":"1R75W89I","checksum":"75b5e0c67f673d567bb1fae9d6aa2607be5c46177579e724278999342ef0b716","readerVersion":"GDAL 3.2.2","processedAt":"2026-08-11T13:43:44.753Z"}}}]}