{"type":"FeatureCollection","features":[{"type":"Feature","geometry":{"type":"Point","coordinates":[3.758851,51.347364]},"properties":{"dolphinKind":"beacon-special","rawObjectClass":"BCNSPP","sourceProperties":{"RCID":16823,"PRIM":1,"GRUP":2,"OBJL":9,"RVER":1,"AGEN":7979,"FIDN":1106834597,"FIDS":454,"LNAM":"1F2B41F8F4A501C6","LNAM_REFS":["1F2B41F8F4A501C7"],"FFPT_RIND":[2],"BCNSHP":1,"CATSPM":["6"],"COLOUR":["2"],"SCAMIN":200000,"SORIND":"NL,North Sea Port","sourceCellId":"1R7687RI","sourceChecksum":"3f67827210a60b8d0bc7484e27eadd0c3d90c2cbede864e1551bf3c0456621ee","rawObjectClass":"BCNSPP","sourceStableId":"1F2B41F8F4A501C6"},"sourceKind":"official","official":true,"sourceCellId":"1R7687RI","sourceStableId":"1F2B41F8F4A501C6","pipelineFeatureId":"1R7687RI/BCNSPP/16823","provenance":{"cellId":"1R7687RI","checksum":"3f67827210a60b8d0bc7484e27eadd0c3d90c2cbede864e1551bf3c0456621ee","readerVersion":"GDAL 3.2.2","processedAt":"2026-08-11T18:29:20.995Z"}}},{"type":"Feature","geometry":{"type":"Point","coordinates":[3.770312,51.348892]},"properties":{"dolphinKind":"beacon-special","rawObjectClass":"BCNSPP","sourceProperties":{"RCID":16825,"PRIM":1,"GRUP":2,"OBJL":9,"RVER":1,"AGEN":7979,"FIDN":1106834597,"FIDS":456,"LNAM":"1F2B41F8F4A501C8","LNAM_REFS":["1F2B41F8F4A501C9"],"FFPT_RIND":[2],"BCNSHP":1,"CATSPM":["6"],"COLOUR":["2"],"SCAMIN":200000,"SORIND":"NL,North Sea Port","sourceCellId":"1R7687RI","sourceChecksum":"3f67827210a60b8d0bc7484e27eadd0c3d90c2cbede864e1551bf3c0456621ee","rawObjectClass":"BCNSPP","sourceStableId":"1F2B41F8F4A501C8"},"sourceKind":"official","official":true,"sourceCellId":"1R7687RI","sourceStableId":"1F2B41F8F4A501C8","pipelineFeatureId":"1R7687RI/BCNSPP/16825","provenance":{"cellId":"1R7687RI","checksum":"3f67827210a60b8d0bc7484e27eadd0c3d90c2cbede864e1551bf3c0456621ee","readerVersion":"GDAL 3.2.2","processedAt":"2026-08-11T18:29:20.995Z"}}},{"type":"Feature","geometry":{"type":"Point","coordinates":[3.7376121,51.3748587]},"properties":{"dolphinKind":"buoy-lateral","rawObjectClass":"BOYLAT","sourceProperties":{"RCID":17018,"PRIM":1,"GRUP":2,"OBJL":17,"RVER":1,"AGEN":7979,"FIDN":1106834682,"FIDS":334,"LNAM":"1F2B41F8F4FA014E","LNAM_REFS":["1F2B41F8F4FA0186"],"FFPT_RIND":[2],"BOYSHP":2,"CATLAM":1,"COLOUR":["3"],"CONRAD":3,"OBJNAM":"10","SCAMIN":200000,"SORDAT":"20030930","sourceCellId":"1R7687RI","sourceChecksum":"3f67827210a60b8d0bc7484e27eadd0c3d90c2cbede864e1551bf3c0456621ee","rawObjectClass":"BOYLAT","sourceStableId":"1F2B41F8F4FA014E"},"sourceKind":"official","official":true,"sourceCellId":"1R7687RI","sourceStableId":"1F2B41F8F4FA014E","pipelineFeatureId":"1R7687RI/BOYLAT/17018","provenance":{"cellId":"1R7687RI","checksum":"3f67827210a60b8d0bc7484e27eadd0c3d90c2cbede864e1551bf3c0456621ee","readerVersion":"GDAL 3.2.2","processedAt":"2026-08-11T18:29:20.995Z"}}},{"type":"Feature","geometry":{"type":"Point","coordinates":[3.8183333,51.3591666]},"properties":{"dolphinKind":"buoy-lateral","rawObjectClass":"BOYLAT","sourceProperties":{"RCID":17041,"PRIM":1,"GRUP":2,"OBJL":17,"RVER":1,"AGEN":7979,"FIDN":1106834682,"FIDS":357,"LNAM":"1F2B41F8F4FA0165","BOYSHP":5,"CATLAM":2,"COLOUR":["4"],"CONRAD":3,"NATCON":["8"],"OBJNAM":"ZE 3","SCAMIN":200000,"SORDAT":"20141125","SORIND":"NL,1R,reprt,0525-14","sourceCellId":"1R7687RI","sourceChecksum":"3f67827210a60b8d0bc7484e27eadd0c3d90c2cbede864e1551bf3c0456621ee","rawObjectClass":"BOYLAT","sourceStableId":"1F2B41F8F4FA0165"},"sourceKind":"official","official":true,"sourceCellId":"1R7687RI","sourceStableId":"1F2B41F8F4FA0165","pipelineFeatureId":"1R7687RI/BOYLAT/17041","provenance":{"cellId":"1R7687RI","checksum":"3f67827210a60b8d0bc7484e27eadd0c3d90c2cbede864e1551bf3c0456621ee","readerVersion":"GDAL 3.2.2","processedAt":"2026-08-11T18:29:20.995Z"}}},{"type":"Feature","geometry":{"type":"Point","coordinates":[3.8086933,51.36541]},"properties":{"dolphinKind":"buoy-lateral","rawObjectClass":"BOYLAT","sourceProperties":{"RCID":17047,"PRIM":1,"GRUP":2,"OBJL":17,"RVER":1,"AGEN":7979,"FIDN":1106834682,"FIDS":363,"LNAM":"1F2B41F8F4FA016B","BOYSHP":5,"CATLAM":2,"COLOUR":["4"],"NATCON":["8"],"OBJNAM":"ZE 1A","SCAMIN":200000,"SORDAT":"20221202","SORIND":"NL,1R,reprt,MD 643-22","sourceCellId":"1R7687RI","sourceChecksum":"3f67827210a60b8d0bc7484e27eadd0c3d90c2cbede864e1551bf3c0456621ee","rawObjectClass":"BOYLAT","sourceStableId":"1F2B41F8F4FA016B"},"sourceKind":"official","official":true,"sourceCellId":"1R7687RI","sourceStableId":"1F2B41F8F4FA016B","pipelineFeatureId":"1R7687RI/BOYLAT/17047","provenance":{"cellId":"1R7687RI","checksum":"3f67827210a60b8d0bc7484e27eadd0c3d90c2cbede864e1551bf3c0456621ee","readerVersion":"GDAL 3.2.2","processedAt":"2026-08-11T18:29:20.995Z"}}},{"type":"Feature","geometry":{"type":"Point","coordinates":[3.8220083,51.3613783]},"properties":{"dolphinKind":"buoy-lateral","rawObjectClass":"BOYLAT","sourceProperties":{"RCID":17052,"PRIM":1,"GRUP":2,"OBJL":17,"RVER":1,"AGEN":7979,"FIDN":1106834682,"FIDS":368,"LNAM":"1F2B41F8F4FA0170","BOYSHP":5,"CATLAM":1,"COLOUR":["3"],"CONRAD":3,"NATCON":["8"],"OBJNAM":"ZE 4","SCAMIN":200000,"SORDAT":"20221202","SORIND":"NL,1R,reprt,MD 643-22","sourceCellId":"1R7687RI","sourceChecksum":"3f67827210a60b8d0bc7484e27eadd0c3d90c2cbede864e1551bf3c0456621ee","rawObjectClass":"BOYLAT","sourceStableId":"1F2B41F8F4FA0170"},"sourceKind":"official","official":true,"sourceCellId":"1R7687RI","sourceStableId":"1F2B41F8F4FA0170","pipelineFeatureId":"1R7687RI/BOYLAT/17052","provenance":{"cellId":"1R7687RI","checksum":"3f67827210a60b8d0bc7484e27eadd0c3d90c2cbede864e1551bf3c0456621ee","readerVersion":"GDAL 3.2.2","processedAt":"2026-08-11T18:29:20.995Z"}}},{"type":"Feature","geometry":{"type":"Point","coordinates":[3.8128667,51.3672183]},"properties":{"dolphinKind":"buoy-lateral","rawObjectClass":"BOYLAT","sourceProperties":{"RCID":17053,"PRIM":1,"GRUP":2,"OBJL":17,"RVER":1,"AGEN":7979,"FIDN":1106834682,"FIDS":369,"LNAM":"1F2B41F8F4FA0171","BOYSHP":5,"CATLAM":1,"COLOUR":["3"],"CONRAD":3,"NATCON":["8"],"OBJNAM":"ZE 2A","SCAMIN":200000,"SORDAT":"20221202","SORIND":"NL,1R,reprt,MD 643-22","sourceCellId":"1R7687RI","sourceChecksum":"3f67827210a60b8d0bc7484e27eadd0c3d90c2cbede864e1551bf3c0456621ee","rawObjectClass":"BOYLAT","sourceStableId":"1F2B41F8F4FA0171"},"sourceKind":"official","official":true,"sourceCellId":"1R7687RI","sourceStableId":"1F2B41F8F4FA0171","pipelineFeatureId":"1R7687RI/BOYLAT/17053","provenance":{"cellId":"1R7687RI","checksum":"3f67827210a60b8d0bc7484e27eadd0c3d90c2cbede864e1551bf3c0456621ee","readerVersion":"GDAL 3.2.2","processedAt":"2026-08-11T18:29:20.995Z"}}},{"type":"Feature","geometry":{"type":"Point","coordinates":[3.8381983,51.368365]},"properties":{"dolphinKind":"buoy-lateral","rawObjectClass":"BOYLAT","sourceProperties":{"RCID":17055,"PRIM":1,"GRUP":2,"OBJL":17,"RVER":1,"AGEN":7979,"FIDN":1106834682,"FIDS":371,"LNAM":"1F2B41F8F4FA0173","LNAM_REFS":["1F2B1A330E000001"],"FFPT_RIND":[2],"BOYSHP":1,"CATLAM":2,"COLOUR":["4"],"CONRAD":3,"OBJNAM":"E 9","SCAMIN":200000,"SORDAT":"20221201","SORIND":"NL,1R,reprt,MD 642-22","sourceCellId":"1R7687RI","sourceChecksum":"3f67827210a60b8d0bc7484e27eadd0c3d90c2cbede864e1551bf3c0456621ee","rawObjectClass":"BOYLAT","sourceStableId":"1F2B41F8F4FA0173"},"sourceKind":"official","official":true,"sourceCellId":"1R7687RI","sourceStableId":"1F2B41F8F4FA0173","pipelineFeatureId":"1R7687RI/BOYLAT/17055","provenance":{"cellId":"1R7687RI","checksum":"3f67827210a60b8d0bc7484e27eadd0c3d90c2cbede864e1551bf3c0456621ee","readerVersion":"GDAL 3.2.2","processedAt":"2026-08-11T18:29:20.995Z"}}},{"type":"Feature","geometry":{"type":"Point","coordinates":[3.8386433,51.3724817]},"properties":{"dolphinKind":"buoy-lateral","rawObjectClass":"BOYLAT","sourceProperties":{"RCID":17057,"PRIM":1,"GRUP":2,"OBJL":17,"RVER":1,"AGEN":7979,"FIDN":1106834682,"FIDS":373,"LNAM":"1F2B41F8F4FA0175","LNAM_REFS":["1F2B41F8F4FA0188"],"FFPT_RIND":[2],"BOYSHP":2,"CATLAM":1,"COLOUR":["3"],"CONRAD":3,"OBJNAM":"E 6","SCAMIN":200000,"SORDAT":"20240405","SORIND":"NL,1R,reprt,MD234-24","sourceCellId":"1R7687RI","sourceChecksum":"3f67827210a60b8d0bc7484e27eadd0c3d90c2cbede864e1551bf3c0456621ee","rawObjectClass":"BOYLAT","sourceStableId":"1F2B41F8F4FA0175"},"sourceKind":"official","official":true,"sourceCellId":"1R7687RI","sourceStableId":"1F2B41F8F4FA0175","pipelineFeatureId":"1R7687RI/BOYLAT/17057","provenance":{"cellId":"1R7687RI","checksum":"3f67827210a60b8d0bc7484e27eadd0c3d90c2cbede864e1551bf3c0456621ee","readerVersion":"GDAL 3.2.2","processedAt":"2026-08-11T18:29:20.995Z"}}},{"type":"Feature","geometry":{"type":"Point","coordinates":[3.751,51.3702833]},"properties":{"dolphinKind":"buoy-lateral","rawObjectClass":"BOYLAT","sourceProperties":{"RCID":17061,"PRIM":1,"GRUP":2,"OBJL":17,"RVER":1,"AGEN":7979,"FIDN":1106834682,"FIDS":377,"LNAM":"1F2B41F8F4FA0179","BOYSHP":5,"CATLAM":1,"COLOUR":["3"],"CONRAD":3,"OBJNAM":"12","SCAMIN":200000,"SORDAT":"20120127","SORIND":"NL,1R,reprt,MZ 8","sourceCellId":"1R7687RI","sourceChecksum":"3f67827210a60b8d0bc7484e27eadd0c3d90c2cbede864e1551bf3c0456621ee","rawObjectClass":"BOYLAT","sourceStableId":"1F2B41F8F4FA0179"},"sourceKind":"official","official":true,"sourceCellId":"1R7687RI","sourceStableId":"1F2B41F8F4FA0179","pipelineFeatureId":"1R7687RI/BOYLAT/17061","provenance":{"cellId":"1R7687RI","checksum":"3f67827210a60b8d0bc7484e27eadd0c3d90c2cbede864e1551bf3c0456621ee","readerVersion":"GDAL 3.2.2","processedAt":"2026-08-11T18:29:20.995Z"}}},{"type":"Feature","geometry":{"type":"Point","coordinates":[3.8637783,51.36504]},"properties":{"dolphinKind":"buoy-lateral","rawObjectClass":"BOYLAT","sourceProperties":{"RCID":17182,"PRIM":1,"GRUP":2,"OBJL":17,"RVER":1,"AGEN":7979,"FIDN":1106834682,"FIDS":498,"LNAM":"1F2B41F8F4FA01F2","LNAM_REFS":["1F2B07E6FDBE0001"],"FFPT_RIND":[2],"BOYSHP":1,"CATLAM":2,"COLOUR":["4"],"CONRAD":3,"OBJNAM":"E 13","SCAMIN":200000,"SORDAT":"20260618","SORIND":"NL,1R,rerpt,MD 294-26","sourceCellId":"1R7687RI","sourceChecksum":"3f67827210a60b8d0bc7484e27eadd0c3d90c2cbede864e1551bf3c0456621ee","rawObjectClass":"BOYLAT","sourceStableId":"1F2B41F8F4FA01F2"},"sourceKind":"official","official":true,"sourceCellId":"1R7687RI","sourceStableId":"1F2B41F8F4FA01F2","pipelineFeatureId":"1R7687RI/BOYLAT/17182","provenance":{"cellId":"1R7687RI","checksum":"3f67827210a60b8d0bc7484e27eadd0c3d90c2cbede864e1551bf3c0456621ee","readerVersion":"GDAL 3.2.2","processedAt":"2026-08-11T18:29:20.995Z"}}},{"type":"Feature","geometry":{"type":"Point","coordinates":[3.8771417,51.3682183]},"properties":{"dolphinKind":"buoy-lateral","rawObjectClass":"BOYLAT","sourceProperties":{"RCID":17185,"PRIM":1,"GRUP":2,"OBJL":17,"RVER":1,"AGEN":7979,"FIDN":1106834682,"FIDS":501,"LNAM":"1F2B41F8F4FA01F5","LNAM_REFS":["1F2B01EC92990001"],"FFPT_RIND":[2],"BOYSHP":5,"CATLAM":2,"COLOUR":["4"],"CONRAD":3,"OBJNAM":"E 15","SCAMIN":200000,"SORDAT":"20260618","SORIND":"NL,1R,rerpt,MD 294-26","sourceCellId":"1R7687RI","sourceChecksum":"3f67827210a60b8d0bc7484e27eadd0c3d90c2cbede864e1551bf3c0456621ee","rawObjectClass":"BOYLAT","sourceStableId":"1F2B41F8F4FA01F5"},"sourceKind":"official","official":true,"sourceCellId":"1R7687RI","sourceStableId":"1F2B41F8F4FA01F5","pipelineFeatureId":"1R7687RI/BOYLAT/17185","provenance":{"cellId":"1R7687RI","checksum":"3f67827210a60b8d0bc7484e27eadd0c3d90c2cbede864e1551bf3c0456621ee","readerVersion":"GDAL 3.2.2","processedAt":"2026-08-11T18:29:20.995Z"}}},{"type":"Feature","geometry":{"type":"Point","coordinates":[3.863685,51.3669133]},"properties":{"dolphinKind":"buoy-lateral","rawObjectClass":"BOYLAT","sourceProperties":{"RCID":17187,"PRIM":1,"GRUP":2,"OBJL":17,"RVER":1,"AGEN":7979,"FIDN":1106834682,"FIDS":503,"LNAM":"1F2B41F8F4FA01F7","LNAM_REFS":["1F2B430EBF600001"],"FFPT_RIND":[2],"BOYSHP":2,"CATLAM":1,"COLOUR":["3"],"CONRAD":3,"OBJNAM":"E 10","SCAMIN":200000,"SORDAT":"20260618","SORIND":"NL,1R,rerpt,MD 294-26","sourceCellId":"1R7687RI","sourceChecksum":"3f67827210a60b8d0bc7484e27eadd0c3d90c2cbede864e1551bf3c0456621ee","rawObjectClass":"BOYLAT","sourceStableId":"1F2B41F8F4FA01F7"},"sourceKind":"official","official":true,"sourceCellId":"1R7687RI","sourceStableId":"1F2B41F8F4FA01F7","pipelineFeatureId":"1R7687RI/BOYLAT/17187","provenance":{"cellId":"1R7687RI","checksum":"3f67827210a60b8d0bc7484e27eadd0c3d90c2cbede864e1551bf3c0456621ee","readerVersion":"GDAL 3.2.2","processedAt":"2026-08-11T18:29:20.995Z"}}},{"type":"Feature","geometry":{"type":"Point","coordinates":[3.7359666,51.3679334]},"properties":{"dolphinKind":"buoy-lateral","rawObjectClass":"BOYLAT","sourceProperties":{"RCID":17224,"PRIM":1,"GRUP":2,"OBJL":17,"RVER":1,"AGEN":7979,"FIDN":1106834683,"FIDS":285,"LNAM":"1F2B41F8F4FB011D","LNAM_REFS":["1F2B41F8F4FA01C2"],"FFPT_RIND":[2],"BOYSHP":1,"CATLAM":2,"COLOUR":["4"],"CONRAD":3,"OBJNAM":"19","SCAMIN":200000,"SORDAT":"20230719","SORIND":"NL,1R,reprt,NDB verbetering","sourceCellId":"1R7687RI","sourceChecksum":"3f67827210a60b8d0bc7484e27eadd0c3d90c2cbede864e1551bf3c0456621ee","rawObjectClass":"BOYLAT","sourceStableId":"1F2B41F8F4FB011D"},"sourceKind":"official","official":true,"sourceCellId":"1R7687RI","sourceStableId":"1F2B41F8F4FB011D","pipelineFeatureId":"1R7687RI/BOYLAT/17224","provenance":{"cellId":"1R7687RI","checksum":"3f67827210a60b8d0bc7484e27eadd0c3d90c2cbede864e1551bf3c0456621ee","readerVersion":"GDAL 3.2.2","processedAt":"2026-08-11T18:29:20.995Z"}}},{"type":"Feature","geometry":{"type":"Point","coordinates":[3.7477,51.3608667]},"properties":{"dolphinKind":"buoy-lateral","rawObjectClass":"BOYLAT","sourceProperties":{"RCID":17225,"PRIM":1,"GRUP":2,"OBJL":17,"RVER":1,"AGEN":7979,"FIDN":1106834683,"FIDS":286,"LNAM":"1F2B41F8F4FB011E","BOYSHP":5,"CATLAM":2,"COLOUR":["4"],"CONRAD":3,"OBJNAM":"21","SCAMIN":200000,"SORDAT":"20191018","SORIND":"NL,1R,Reprt,email F. de Pooter 03102019","sourceCellId":"1R7687RI","sourceChecksum":"3f67827210a60b8d0bc7484e27eadd0c3d90c2cbede864e1551bf3c0456621ee","rawObjectClass":"BOYLAT","sourceStableId":"1F2B41F8F4FB011E"},"sourceKind":"official","official":true,"sourceCellId":"1R7687RI","sourceStableId":"1F2B41F8F4FB011E","pipelineFeatureId":"1R7687RI/BOYLAT/17225","provenance":{"cellId":"1R7687RI","checksum":"3f67827210a60b8d0bc7484e27eadd0c3d90c2cbede864e1551bf3c0456621ee","readerVersion":"GDAL 3.2.2","processedAt":"2026-08-11T18:29:20.995Z"}}},{"type":"Feature","geometry":{"type":"Point","coordinates":[3.7597667,51.3553333]},"properties":{"dolphinKind":"buoy-lateral","rawObjectClass":"BOYLAT","sourceProperties":{"RCID":17227,"PRIM":1,"GRUP":2,"OBJL":17,"RVER":1,"AGEN":7979,"FIDN":1106834683,"FIDS":288,"LNAM":"1F2B41F8F4FB0120","LNAM_REFS":["1F2B41F8F4FB011F","1F2B487A14E40001"],"FFPT_RIND":[2,2],"BOYSHP":1,"CATLAM":2,"COLOUR":["4"],"CONRAD":3,"OBJNAM":"23","SCAMIN":200000,"SORDAT":"20030930","sourceCellId":"1R7687RI","sourceChecksum":"3f67827210a60b8d0bc7484e27eadd0c3d90c2cbede864e1551bf3c0456621ee","rawObjectClass":"BOYLAT","sourceStableId":"1F2B41F8F4FB0120"},"sourceKind":"official","official":true,"sourceCellId":"1R7687RI","sourceStableId":"1F2B41F8F4FB0120","pipelineFeatureId":"1R7687RI/BOYLAT/17227","provenance":{"cellId":"1R7687RI","checksum":"3f67827210a60b8d0bc7484e27eadd0c3d90c2cbede864e1551bf3c0456621ee","readerVersion":"GDAL 3.2.2","processedAt":"2026-08-11T18:29:20.995Z"}}},{"type":"Feature","geometry":{"type":"Point","coordinates":[3.7995283,51.3469583]},"properties":{"dolphinKind":"buoy-lateral","rawObjectClass":"BOYLAT","sourceProperties":{"RCID":17231,"PRIM":1,"GRUP":2,"OBJL":17,"RVER":1,"AGEN":7979,"FIDN":1106834683,"FIDS":292,"LNAM":"1F2B41F8F4FB0124","LNAM_REFS":["1F2B1B83221F0001"],"FFPT_RIND":[2],"BOYSHP":5,"CATLAM":2,"COLOUR":["4"],"CONRAD":3,"OBJNAM":"25B","SCAMIN":200000,"SORDAT":"20220524","SORIND":"NL,1R,Reprt,MD 305-22","sourceCellId":"1R7687RI","sourceChecksum":"3f67827210a60b8d0bc7484e27eadd0c3d90c2cbede864e1551bf3c0456621ee","rawObjectClass":"BOYLAT","sourceStableId":"1F2B41F8F4FB0124"},"sourceKind":"official","official":true,"sourceCellId":"1R7687RI","sourceStableId":"1F2B41F8F4FB0124","pipelineFeatureId":"1R7687RI/BOYLAT/17231","provenance":{"cellId":"1R7687RI","checksum":"3f67827210a60b8d0bc7484e27eadd0c3d90c2cbede864e1551bf3c0456621ee","readerVersion":"GDAL 3.2.2","processedAt":"2026-08-11T18:29:20.995Z"}}},{"type":"Feature","geometry":{"type":"Point","coordinates":[3.8407,51.3399666]},"properties":{"dolphinKind":"buoy-lateral","rawObjectClass":"BOYLAT","sourceProperties":{"RCID":17232,"PRIM":1,"GRUP":2,"OBJL":17,"RVER":1,"AGEN":7979,"FIDN":1106834683,"FIDS":293,"LNAM":"1F2B41F8F4FB0125","BOYSHP":5,"CATLAM":2,"COLOUR":["4"],"CONRAD":3,"OBJNAM":"27","SCAMIN":200000,"SORDAT":"20191018","SORIND":"NL,1R,Reprt,email F. de Pooter 03102019","sourceCellId":"1R7687RI","sourceChecksum":"3f67827210a60b8d0bc7484e27eadd0c3d90c2cbede864e1551bf3c0456621ee","rawObjectClass":"BOYLAT","sourceStableId":"1F2B41F8F4FB0125"},"sourceKind":"official","official":true,"sourceCellId":"1R7687RI","sourceStableId":"1F2B41F8F4FB0125","pipelineFeatureId":"1R7687RI/BOYLAT/17232","provenance":{"cellId":"1R7687RI","checksum":"3f67827210a60b8d0bc7484e27eadd0c3d90c2cbede864e1551bf3c0456621ee","readerVersion":"GDAL 3.2.2","processedAt":"2026-08-11T18:29:20.995Z"}}},{"type":"Feature","geometry":{"type":"Point","coordinates":[3.8491667,51.3402]},"properties":{"dolphinKind":"buoy-lateral","rawObjectClass":"BOYLAT","sourceProperties":{"RCID":17234,"PRIM":1,"GRUP":2,"OBJL":17,"RVER":1,"AGEN":7979,"FIDN":1106834683,"FIDS":295,"LNAM":"1F2B41F8F4FB0127","LNAM_REFS":["1F2B41F8F4FB0126","1F2B487A14E30001"],"FFPT_RIND":[2,2],"BOYSHP":1,"CATLAM":2,"COLOUR":["4"],"CONRAD":3,"OBJNAM":"27A","SCAMIN":200000,"SORDAT":"20030930","sourceCellId":"1R7687RI","sourceChecksum":"3f67827210a60b8d0bc7484e27eadd0c3d90c2cbede864e1551bf3c0456621ee","rawObjectClass":"BOYLAT","sourceStableId":"1F2B41F8F4FB0127"},"sourceKind":"official","official":true,"sourceCellId":"1R7687RI","sourceStableId":"1F2B41F8F4FB0127","pipelineFeatureId":"1R7687RI/BOYLAT/17234","provenance":{"cellId":"1R7687RI","checksum":"3f67827210a60b8d0bc7484e27eadd0c3d90c2cbede864e1551bf3c0456621ee","readerVersion":"GDAL 3.2.2","processedAt":"2026-08-11T18:29:20.995Z"}}},{"type":"Feature","geometry":{"type":"Point","coordinates":[3.9108667,51.3611833]},"properties":{"dolphinKind":"buoy-lateral","rawObjectClass":"BOYLAT","sourceProperties":{"RCID":17235,"PRIM":1,"GRUP":2,"OBJL":17,"RVER":1,"AGEN":7979,"FIDN":1106834683,"FIDS":296,"LNAM":"1F2B41F8F4FB0128","LNAM_REFS":["1F2B41F8F4FB0129"],"FFPT_RIND":[2],"BOYSHP":1,"CATLAM":2,"COLOUR":["4"],"CONRAD":3,"OBJNAM":"29","SCAMIN":200000,"SORDAT":"20200408","SORIND":"NL,1R,reprt,MD155-20","sourceCellId":"1R7687RI","sourceChecksum":"3f67827210a60b8d0bc7484e27eadd0c3d90c2cbede864e1551bf3c0456621ee","rawObjectClass":"BOYLAT","sourceStableId":"1F2B41F8F4FB0128"},"sourceKind":"official","official":true,"sourceCellId":"1R7687RI","sourceStableId":"1F2B41F8F4FB0128","pipelineFeatureId":"1R7687RI/BOYLAT/17235","provenance":{"cellId":"1R7687RI","checksum":"3f67827210a60b8d0bc7484e27eadd0c3d90c2cbede864e1551bf3c0456621ee","readerVersion":"GDAL 3.2.2","processedAt":"2026-08-11T18:29:20.995Z"}}},{"type":"Feature","geometry":{"type":"Point","coordinates":[3.9277,51.3689833]},"properties":{"dolphinKind":"buoy-lateral","rawObjectClass":"BOYLAT","sourceProperties":{"RCID":17237,"PRIM":1,"GRUP":2,"OBJL":17,"RVER":1,"AGEN":7979,"FIDN":1106834683,"FIDS":298,"LNAM":"1F2B41F8F4FB012A","LNAM_REFS":["1F2B1869E08E0001"],"FFPT_RIND":[2],"BOYSHP":1,"CATLAM":2,"COLOUR":["4"],"CONRAD":3,"OBJNAM":"31","SCAMIN":200000,"SORDAT":"20210313","SORIND":"NL,1R,reprt,MD215-21","sourceCellId":"1R7687RI","sourceChecksum":"3f67827210a60b8d0bc7484e27eadd0c3d90c2cbede864e1551bf3c0456621ee","rawObjectClass":"BOYLAT","sourceStableId":"1F2B41F8F4FB012A"},"sourceKind":"official","official":true,"sourceCellId":"1R7687RI","sourceStableId":"1F2B41F8F4FB012A","pipelineFeatureId":"1R7687RI/BOYLAT/17237","provenance":{"cellId":"1R7687RI","checksum":"3f67827210a60b8d0bc7484e27eadd0c3d90c2cbede864e1551bf3c0456621ee","readerVersion":"GDAL 3.2.2","processedAt":"2026-08-11T18:29:20.995Z"}}},{"type":"Feature","geometry":{"type":"Point","coordinates":[3.76425,51.3652167]},"properties":{"dolphinKind":"buoy-lateral","rawObjectClass":"BOYLAT","sourceProperties":{"RCID":17308,"PRIM":1,"GRUP":2,"OBJL":17,"RVER":1,"AGEN":7979,"FIDN":1106834683,"FIDS":369,"LNAM":"1F2B41F8F4FB0171","LNAM_REFS":["1F2B41F8F4FB0172"],"FFPT_RIND":[2],"BOYSHP":2,"CATLAM":1,"COLOUR":["3"],"CONRAD":3,"OBJNAM":"12A","SCAMIN":200000,"SORDAT":"20080904","SORIND":"NL,1R,Reprt,Bass 094/08","sourceCellId":"1R7687RI","sourceChecksum":"3f67827210a60b8d0bc7484e27eadd0c3d90c2cbede864e1551bf3c0456621ee","rawObjectClass":"BOYLAT","sourceStableId":"1F2B41F8F4FB0171"},"sourceKind":"official","official":true,"sourceCellId":"1R7687RI","sourceStableId":"1F2B41F8F4FB0171","pipelineFeatureId":"1R7687RI/BOYLAT/17308","provenance":{"cellId":"1R7687RI","checksum":"3f67827210a60b8d0bc7484e27eadd0c3d90c2cbede864e1551bf3c0456621ee","readerVersion":"GDAL 3.2.2","processedAt":"2026-08-11T18:29:20.995Z"}}},{"type":"Feature","geometry":{"type":"Point","coordinates":[3.7792,51.3603833]},"properties":{"dolphinKind":"buoy-lateral","rawObjectClass":"BOYLAT","sourceProperties":{"RCID":17310,"PRIM":1,"GRUP":2,"OBJL":17,"RVER":1,"AGEN":7979,"FIDN":1106834683,"FIDS":371,"LNAM":"1F2B41F8F4FB0173","BOYSHP":5,"CATLAM":1,"COLOUR":["3"],"CONRAD":3,"OBJNAM":"14","SCAMIN":200000,"SORDAT":"20191018","SORIND":"NL,1R,Reprt,email F. de Pooter 03102019","sourceCellId":"1R7687RI","sourceChecksum":"3f67827210a60b8d0bc7484e27eadd0c3d90c2cbede864e1551bf3c0456621ee","rawObjectClass":"BOYLAT","sourceStableId":"1F2B41F8F4FB0173"},"sourceKind":"official","official":true,"sourceCellId":"1R7687RI","sourceStableId":"1F2B41F8F4FB0173","pipelineFeatureId":"1R7687RI/BOYLAT/17310","provenance":{"cellId":"1R7687RI","checksum":"3f67827210a60b8d0bc7484e27eadd0c3d90c2cbede864e1551bf3c0456621ee","readerVersion":"GDAL 3.2.2","processedAt":"2026-08-11T18:29:20.995Z"}}},{"type":"Feature","geometry":{"type":"Point","coordinates":[3.8137833,51.3488]},"properties":{"dolphinKind":"buoy-lateral","rawObjectClass":"BOYLAT","sourceProperties":{"RCID":17313,"PRIM":1,"GRUP":2,"OBJL":17,"RVER":1,"AGEN":7979,"FIDN":1106834683,"FIDS":374,"LNAM":"1F2B41F8F4FB0176","LNAM_REFS":["1F2B41F8F4FB0177","1F2B487A14EC0001"],"FFPT_RIND":[2,2],"BOYSHP":2,"CATLAM":1,"COLOUR":["3"],"CONRAD":3,"OBJNAM":"18","SCAMIN":200000,"SORDAT":"20030930","sourceCellId":"1R7687RI","sourceChecksum":"3f67827210a60b8d0bc7484e27eadd0c3d90c2cbede864e1551bf3c0456621ee","rawObjectClass":"BOYLAT","sourceStableId":"1F2B41F8F4FB0176"},"sourceKind":"official","official":true,"sourceCellId":"1R7687RI","sourceStableId":"1F2B41F8F4FB0176","pipelineFeatureId":"1R7687RI/BOYLAT/17313","provenance":{"cellId":"1R7687RI","checksum":"3f67827210a60b8d0bc7484e27eadd0c3d90c2cbede864e1551bf3c0456621ee","readerVersion":"GDAL 3.2.2","processedAt":"2026-08-11T18:29:20.995Z"}}},{"type":"Feature","geometry":{"type":"Point","coordinates":[3.8258633,51.348725]},"properties":{"dolphinKind":"buoy-lateral","rawObjectClass":"BOYLAT","sourceProperties":{"RCID":17315,"PRIM":1,"GRUP":2,"OBJL":17,"RVER":1,"AGEN":7979,"FIDN":1106834683,"FIDS":376,"LNAM":"1F2B41F8F4FB0178","BOYSHP":5,"CATLAM":1,"COLOUR":["3"],"CONRAD":3,"OBJNAM":"20","SCAMIN":200000,"SORDAT":"20230628","SORIND":"NL,1R,reprt,ENC verbetering","sourceCellId":"1R7687RI","sourceChecksum":"3f67827210a60b8d0bc7484e27eadd0c3d90c2cbede864e1551bf3c0456621ee","rawObjectClass":"BOYLAT","sourceStableId":"1F2B41F8F4FB0178"},"sourceKind":"official","official":true,"sourceCellId":"1R7687RI","sourceStableId":"1F2B41F8F4FB0178","pipelineFeatureId":"1R7687RI/BOYLAT/17315","provenance":{"cellId":"1R7687RI","checksum":"3f67827210a60b8d0bc7484e27eadd0c3d90c2cbede864e1551bf3c0456621ee","readerVersion":"GDAL 3.2.2","processedAt":"2026-08-11T18:29:20.995Z"}}},{"type":"Feature","geometry":{"type":"Point","coordinates":[3.84625,51.3481666]},"properties":{"dolphinKind":"buoy-lateral","rawObjectClass":"BOYLAT","sourceProperties":{"RCID":17316,"PRIM":1,"GRUP":2,"OBJL":17,"RVER":1,"AGEN":7979,"FIDN":1106834683,"FIDS":377,"LNAM":"1F2B41F8F4FB0179","LNAM_REFS":["1F2B41F8F4FB017A","1F2B487A14F40001"],"FFPT_RIND":[2,2],"BOYSHP":2,"CATLAM":1,"COLOUR":["3"],"CONRAD":3,"OBJNAM":"22","SCAMIN":200000,"SORDAT":"20030930","sourceCellId":"1R7687RI","sourceChecksum":"3f67827210a60b8d0bc7484e27eadd0c3d90c2cbede864e1551bf3c0456621ee","rawObjectClass":"BOYLAT","sourceStableId":"1F2B41F8F4FB0179"},"sourceKind":"official","official":true,"sourceCellId":"1R7687RI","sourceStableId":"1F2B41F8F4FB0179","pipelineFeatureId":"1R7687RI/BOYLAT/17316","provenance":{"cellId":"1R7687RI","checksum":"3f67827210a60b8d0bc7484e27eadd0c3d90c2cbede864e1551bf3c0456621ee","readerVersion":"GDAL 3.2.2","processedAt":"2026-08-11T18:29:20.995Z"}}},{"type":"Feature","geometry":{"type":"Point","coordinates":[3.8656333,51.3523667]},"properties":{"dolphinKind":"buoy-lateral","rawObjectClass":"BOYLAT","sourceProperties":{"RCID":17318,"PRIM":1,"GRUP":2,"OBJL":17,"RVER":1,"AGEN":7979,"FIDN":1106834683,"FIDS":379,"LNAM":"1F2B41F8F4FB017B","LNAM_REFS":["1F2B41F8F4FB017C"],"FFPT_RIND":[2],"BOYSHP":2,"CATLAM":1,"COLOUR":["3"],"CONRAD":3,"OBJNAM":"24","SCAMIN":200000,"SORDAT":"20030930","sourceCellId":"1R7687RI","sourceChecksum":"3f67827210a60b8d0bc7484e27eadd0c3d90c2cbede864e1551bf3c0456621ee","rawObjectClass":"BOYLAT","sourceStableId":"1F2B41F8F4FB017B"},"sourceKind":"official","official":true,"sourceCellId":"1R7687RI","sourceStableId":"1F2B41F8F4FB017B","pipelineFeatureId":"1R7687RI/BOYLAT/17318","provenance":{"cellId":"1R7687RI","checksum":"3f67827210a60b8d0bc7484e27eadd0c3d90c2cbede864e1551bf3c0456621ee","readerVersion":"GDAL 3.2.2","processedAt":"2026-08-11T18:29:20.995Z"}}},{"type":"Feature","geometry":{"type":"Point","coordinates":[3.8854639,51.3561361]},"properties":{"dolphinKind":"buoy-lateral","rawObjectClass":"BOYLAT","sourceProperties":{"RCID":17320,"PRIM":1,"GRUP":2,"OBJL":17,"RVER":1,"AGEN":7979,"FIDN":1106834683,"FIDS":381,"LNAM":"1F2B41F8F4FB017D","LNAM_REFS":["1F2B41F8F4FB017E"],"FFPT_RIND":[2],"BOYSHP":2,"CATLAM":1,"COLOUR":["3"],"CONRAD":3,"OBJNAM":"26","SCAMIN":200000,"SORDAT":"20191018","SORIND":"NL,1R,Reprt,email F. de Pooter 03102019","sourceCellId":"1R7687RI","sourceChecksum":"3f67827210a60b8d0bc7484e27eadd0c3d90c2cbede864e1551bf3c0456621ee","rawObjectClass":"BOYLAT","sourceStableId":"1F2B41F8F4FB017D"},"sourceKind":"official","official":true,"sourceCellId":"1R7687RI","sourceStableId":"1F2B41F8F4FB017D","pipelineFeatureId":"1R7687RI/BOYLAT/17320","provenance":{"cellId":"1R7687RI","checksum":"3f67827210a60b8d0bc7484e27eadd0c3d90c2cbede864e1551bf3c0456621ee","readerVersion":"GDAL 3.2.2","processedAt":"2026-08-11T18:29:20.995Z"}}},{"type":"Feature","geometry":{"type":"Point","coordinates":[3.8986167,51.3623333]},"properties":{"dolphinKind":"buoy-lateral","rawObjectClass":"BOYLAT","sourceProperties":{"RCID":17322,"PRIM":1,"GRUP":2,"OBJL":17,"RVER":1,"AGEN":7979,"FIDN":1106834683,"FIDS":383,"LNAM":"1F2B41F8F4FB017F","BOYSHP":5,"CATLAM":1,"COLOUR":["3"],"CONRAD":3,"OBJNAM":"28","SCAMIN":200000,"SORDAT":"20230726","SORIND":"NL,1R,reprt,NDB verbetering","sourceCellId":"1R7687RI","sourceChecksum":"3f67827210a60b8d0bc7484e27eadd0c3d90c2cbede864e1551bf3c0456621ee","rawObjectClass":"BOYLAT","sourceStableId":"1F2B41F8F4FB017F"},"sourceKind":"official","official":true,"sourceCellId":"1R7687RI","sourceStableId":"1F2B41F8F4FB017F","pipelineFeatureId":"1R7687RI/BOYLAT/17322","provenance":{"cellId":"1R7687RI","checksum":"3f67827210a60b8d0bc7484e27eadd0c3d90c2cbede864e1551bf3c0456621ee","readerVersion":"GDAL 3.2.2","processedAt":"2026-08-11T18:29:20.995Z"}}},{"type":"Feature","geometry":{"type":"Point","coordinates":[3.9222283,51.3738633]},"properties":{"dolphinKind":"buoy-lateral","rawObjectClass":"BOYLAT","sourceProperties":{"RCID":17323,"PRIM":1,"GRUP":2,"OBJL":17,"RVER":1,"AGEN":7979,"FIDN":1106834683,"FIDS":384,"LNAM":"1F2B41F8F4FB0180","BOYSHP":5,"CATLAM":1,"COLOUR":["3"],"CONRAD":3,"OBJNAM":"28B","SCAMIN":200000,"SORDAT":"20191018","SORIND":"NL,1R,Reprt,email F. de Pooter 03102019","sourceCellId":"1R7687RI","sourceChecksum":"3f67827210a60b8d0bc7484e27eadd0c3d90c2cbede864e1551bf3c0456621ee","rawObjectClass":"BOYLAT","sourceStableId":"1F2B41F8F4FB0180"},"sourceKind":"official","official":true,"sourceCellId":"1R7687RI","sourceStableId":"1F2B41F8F4FB0180","pipelineFeatureId":"1R7687RI/BOYLAT/17323","provenance":{"cellId":"1R7687RI","checksum":"3f67827210a60b8d0bc7484e27eadd0c3d90c2cbede864e1551bf3c0456621ee","readerVersion":"GDAL 3.2.2","processedAt":"2026-08-11T18:29:20.995Z"}}},{"type":"Feature","geometry":{"type":"Point","coordinates":[3.8303528,51.3533]},"properties":{"dolphinKind":"buoy-lateral","rawObjectClass":"BOYLAT","sourceProperties":{"RCID":17497,"PRIM":1,"GRUP":2,"OBJL":17,"RVER":1,"AGEN":7979,"FIDN":1106834684,"FIDS":303,"LNAM":"1F2B41F8F4FC012F","BOYSHP":5,"CATLAM":2,"COLOUR":["4"],"CONRAD":3,"NATCON":["8"],"OBJNAM":"ZE5","SCAMIN":200000,"SORDAT":"20141125","SORIND":"NL,1R,reprt,0525-14","sourceCellId":"1R7687RI","sourceChecksum":"3f67827210a60b8d0bc7484e27eadd0c3d90c2cbede864e1551bf3c0456621ee","rawObjectClass":"BOYLAT","sourceStableId":"1F2B41F8F4FC012F"},"sourceKind":"official","official":true,"sourceCellId":"1R7687RI","sourceStableId":"1F2B41F8F4FC012F","pipelineFeatureId":"1R7687RI/BOYLAT/17497","provenance":{"cellId":"1R7687RI","checksum":"3f67827210a60b8d0bc7484e27eadd0c3d90c2cbede864e1551bf3c0456621ee","readerVersion":"GDAL 3.2.2","processedAt":"2026-08-11T18:29:20.995Z"}}},{"type":"Feature","geometry":{"type":"Point","coordinates":[3.8415717,51.3519783]},"properties":{"dolphinKind":"buoy-lateral","rawObjectClass":"BOYLAT","sourceProperties":{"RCID":17498,"PRIM":1,"GRUP":2,"OBJL":17,"RVER":1,"AGEN":7979,"FIDN":1106834684,"FIDS":304,"LNAM":"1F2B41F8F4FC0130","LNAM_REFS":["1F2B41F8F4FC0131"],"FFPT_RIND":[2],"BOYSHP":5,"CATLAM":2,"COLOUR":["4"],"NATCON":["8"],"OBJNAM":"ZE 7","SCAMIN":200000,"SORDAT":"20260709","SORIND":"NL,1R,reprt338-26","sourceCellId":"1R7687RI","sourceChecksum":"3f67827210a60b8d0bc7484e27eadd0c3d90c2cbede864e1551bf3c0456621ee","rawObjectClass":"BOYLAT","sourceStableId":"1F2B41F8F4FC0130"},"sourceKind":"official","official":true,"sourceCellId":"1R7687RI","sourceStableId":"1F2B41F8F4FC0130","pipelineFeatureId":"1R7687RI/BOYLAT/17498","provenance":{"cellId":"1R7687RI","checksum":"3f67827210a60b8d0bc7484e27eadd0c3d90c2cbede864e1551bf3c0456621ee","readerVersion":"GDAL 3.2.2","processedAt":"2026-08-11T18:29:20.995Z"}}},{"type":"Feature","geometry":{"type":"Point","coordinates":[3.8319117,51.3561317]},"properties":{"dolphinKind":"buoy-lateral","rawObjectClass":"BOYLAT","sourceProperties":{"RCID":17500,"PRIM":1,"GRUP":2,"OBJL":17,"RVER":1,"AGEN":7979,"FIDN":1106834684,"FIDS":306,"LNAM":"1F2B41F8F4FC0132","LNAM_REFS":["1F2B41F8F4FC0133"],"FFPT_RIND":[2],"BOYSHP":5,"CATLAM":1,"COLOUR":["3"],"CONRAD":3,"NATCON":["8"],"OBJNAM":"ZE 6","SCAMIN":200000,"SORDAT":"20250815","SORIND":"NL,1R,reprt,MD414-25","sourceCellId":"1R7687RI","sourceChecksum":"3f67827210a60b8d0bc7484e27eadd0c3d90c2cbede864e1551bf3c0456621ee","rawObjectClass":"BOYLAT","sourceStableId":"1F2B41F8F4FC0132"},"sourceKind":"official","official":true,"sourceCellId":"1R7687RI","sourceStableId":"1F2B41F8F4FC0132","pipelineFeatureId":"1R7687RI/BOYLAT/17500","provenance":{"cellId":"1R7687RI","checksum":"3f67827210a60b8d0bc7484e27eadd0c3d90c2cbede864e1551bf3c0456621ee","readerVersion":"GDAL 3.2.2","processedAt":"2026-08-11T18:29:20.995Z"}}},{"type":"Feature","geometry":{"type":"Point","coordinates":[3.8425117,51.3539683]},"properties":{"dolphinKind":"buoy-lateral","rawObjectClass":"BOYLAT","sourceProperties":{"RCID":17502,"PRIM":1,"GRUP":2,"OBJL":17,"RVER":1,"AGEN":7979,"FIDN":1106834684,"FIDS":308,"LNAM":"1F2B41F8F4FC0134","BOYSHP":5,"CATLAM":1,"COLOUR":["3"],"CONRAD":3,"NATCON":["8"],"OBJNAM":"ZE 8","SCAMIN":200000,"SORDAT":"20250815","SORIND":"NL,1R,reprt,MD414-25","sourceCellId":"1R7687RI","sourceChecksum":"3f67827210a60b8d0bc7484e27eadd0c3d90c2cbede864e1551bf3c0456621ee","rawObjectClass":"BOYLAT","sourceStableId":"1F2B41F8F4FC0134"},"sourceKind":"official","official":true,"sourceCellId":"1R7687RI","sourceStableId":"1F2B41F8F4FC0134","pipelineFeatureId":"1R7687RI/BOYLAT/17502","provenance":{"cellId":"1R7687RI","checksum":"3f67827210a60b8d0bc7484e27eadd0c3d90c2cbede864e1551bf3c0456621ee","readerVersion":"GDAL 3.2.2","processedAt":"2026-08-11T18:29:20.995Z"}}},{"type":"Feature","geometry":{"type":"Point","coordinates":[3.765918,51.341838]},"properties":{"dolphinKind":"buoy-lateral","rawObjectClass":"BOYLAT","sourceProperties":{"RCID":17652,"PRIM":1,"GRUP":2,"OBJL":17,"RVER":1,"AGEN":7979,"FIDN":1106834684,"FIDS":458,"LNAM":"1F2B41F8F4FC01CA","LNAM_REFS":["1F2B00DBB95F0001"],"FFPT_RIND":[2],"BOYSHP":2,"CATLAM":1,"COLOUR":["3"],"OBJNAM":"BRA 2","SCAMIN":200000,"SORIND":"NL,North Sea Port","sourceCellId":"1R7687RI","sourceChecksum":"3f67827210a60b8d0bc7484e27eadd0c3d90c2cbede864e1551bf3c0456621ee","rawObjectClass":"BOYLAT","sourceStableId":"1F2B41F8F4FC01CA"},"sourceKind":"official","official":true,"sourceCellId":"1R7687RI","sourceStableId":"1F2B41F8F4FC01CA","pipelineFeatureId":"1R7687RI/BOYLAT/17652","provenance":{"cellId":"1R7687RI","checksum":"3f67827210a60b8d0bc7484e27eadd0c3d90c2cbede864e1551bf3c0456621ee","readerVersion":"GDAL 3.2.2","processedAt":"2026-08-11T18:29:20.995Z"}}},{"type":"Feature","geometry":{"type":"Point","coordinates":[3.8719883,51.34618]},"properties":{"dolphinKind":"buoy-lateral","rawObjectClass":"BOYLAT","sourceProperties":{"RCID":17668,"PRIM":1,"GRUP":2,"OBJL":17,"RVER":1,"AGEN":7979,"FIDN":1106834684,"FIDS":474,"LNAM":"1F2B41F8F4FC01DA","LNAM_REFS":["1F2B41F8F4FC01D9"],"FFPT_RIND":[2],"BOYSHP":1,"CATLAM":2,"COLOUR":["4"],"CONRAD":3,"OBJNAM":"27B","SCAMIN":200000,"SORDAT":"20220111","SORIND":"NL,1R,reprt,MD 018-22","sourceCellId":"1R7687RI","sourceChecksum":"3f67827210a60b8d0bc7484e27eadd0c3d90c2cbede864e1551bf3c0456621ee","rawObjectClass":"BOYLAT","sourceStableId":"1F2B41F8F4FC01DA"},"sourceKind":"official","official":true,"sourceCellId":"1R7687RI","sourceStableId":"1F2B41F8F4FC01DA","pipelineFeatureId":"1R7687RI/BOYLAT/17668","provenance":{"cellId":"1R7687RI","checksum":"3f67827210a60b8d0bc7484e27eadd0c3d90c2cbede864e1551bf3c0456621ee","readerVersion":"GDAL 3.2.2","processedAt":"2026-08-11T18:29:20.995Z"}}},{"type":"Feature","geometry":{"type":"Point","coordinates":[3.8234333,51.3436833]},"properties":{"dolphinKind":"buoy-lateral","rawObjectClass":"BOYLAT","sourceProperties":{"RCID":9430977,"PRIM":1,"GRUP":2,"OBJL":17,"RVER":1,"AGEN":7979,"FIDN":9430977,"FIDS":1,"LNAM":"1F2B008FE7C10001","LNAM_REFS":["1F2B059A6C7B0001"],"FFPT_RIND":[2],"BOYSHP":5,"CATLAM":2,"COLOUR":["4"],"OBJNAM":"25 C","SCAMIN":200000,"SORDAT":"20120712","SORIND":"NL,1R,reprt,Bass 070/2012","sourceCellId":"1R7687RI","sourceChecksum":"3f67827210a60b8d0bc7484e27eadd0c3d90c2cbede864e1551bf3c0456621ee","rawObjectClass":"BOYLAT","sourceStableId":"1F2B008FE7C10001"},"sourceKind":"official","official":true,"sourceCellId":"1R7687RI","sourceStableId":"1F2B008FE7C10001","pipelineFeatureId":"1R7687RI/BOYLAT/9430977","provenance":{"cellId":"1R7687RI","checksum":"3f67827210a60b8d0bc7484e27eadd0c3d90c2cbede864e1551bf3c0456621ee","readerVersion":"GDAL 3.2.2","processedAt":"2026-08-11T18:29:20.995Z"}}},{"type":"Feature","geometry":{"type":"Point","coordinates":[3.8027667,51.3742683]},"properties":{"dolphinKind":"buoy-lateral","rawObjectClass":"BOYLAT","sourceProperties":{"RCID":12118415,"PRIM":1,"GRUP":2,"OBJL":17,"RVER":1,"AGEN":7979,"FIDN":12118415,"FIDS":1,"LNAM":"1F2B00B8E98F0001","LNAM_REFS":["1F2B00B8E9900001"],"FFPT_RIND":[2],"BOYSHP":5,"CATLAM":1,"COLOUR":["3"],"NATCON":["8"],"OBJNAM":"ZE 2","SCAMIN":200000,"SORDAT":"20260311","SORIND":"NL,1R,reprt,MD089-26","sourceCellId":"1R7687RI","sourceChecksum":"3f67827210a60b8d0bc7484e27eadd0c3d90c2cbede864e1551bf3c0456621ee","rawObjectClass":"BOYLAT","sourceStableId":"1F2B00B8E98F0001"},"sourceKind":"official","official":true,"sourceCellId":"1R7687RI","sourceStableId":"1F2B00B8E98F0001","pipelineFeatureId":"1R7687RI/BOYLAT/12118415","provenance":{"cellId":"1R7687RI","checksum":"3f67827210a60b8d0bc7484e27eadd0c3d90c2cbede864e1551bf3c0456621ee","readerVersion":"GDAL 3.2.2","processedAt":"2026-08-11T18:29:20.995Z"}}},{"type":"Feature","geometry":{"type":"Point","coordinates":[3.77161,51.3521817]},"properties":{"dolphinKind":"buoy-lateral","rawObjectClass":"BOYLAT","sourceProperties":{"RCID":19049479,"PRIM":1,"GRUP":2,"OBJL":17,"RVER":1,"AGEN":7979,"FIDN":19049479,"FIDS":1,"LNAM":"1F2B0122AC070001","LNAM_REFS":["1F2B1B83221D0001","1F2B49987E4B0001"],"FFPT_RIND":[2,2],"BOYSHP":5,"CATLAM":2,"COLOUR":["4"],"CONRAD":3,"OBJNAM":"25","SCAMIN":200000,"SORDAT":"20220524","SORIND":"NL,1R,Reprt,MD 305-22","sourceCellId":"1R7687RI","sourceChecksum":"3f67827210a60b8d0bc7484e27eadd0c3d90c2cbede864e1551bf3c0456621ee","rawObjectClass":"BOYLAT","sourceStableId":"1F2B0122AC070001"},"sourceKind":"official","official":true,"sourceCellId":"1R7687RI","sourceStableId":"1F2B0122AC070001","pipelineFeatureId":"1R7687RI/BOYLAT/19049479","provenance":{"cellId":"1R7687RI","checksum":"3f67827210a60b8d0bc7484e27eadd0c3d90c2cbede864e1551bf3c0456621ee","readerVersion":"GDAL 3.2.2","processedAt":"2026-08-11T18:29:20.995Z"}}},{"type":"Feature","geometry":{"type":"Point","coordinates":[3.7810083,51.3521867]},"properties":{"dolphinKind":"buoy-lateral","rawObjectClass":"BOYLAT","sourceProperties":{"RCID":19049483,"PRIM":1,"GRUP":2,"OBJL":17,"RVER":1,"AGEN":7979,"FIDN":19049483,"FIDS":1,"LNAM":"1F2B0122AC0B0001","LNAM_REFS":["1F2B1B83221C0001"],"FFPT_RIND":[2],"BOYSHP":5,"CATLAM":2,"COLOUR":["4"],"CONRAD":3,"OBJNAM":"25A","SCAMIN":200000,"SORDAT":"20220524","SORIND":"NL,1R,Reprt,MD 305-22","sourceCellId":"1R7687RI","sourceChecksum":"3f67827210a60b8d0bc7484e27eadd0c3d90c2cbede864e1551bf3c0456621ee","rawObjectClass":"BOYLAT","sourceStableId":"1F2B0122AC0B0001"},"sourceKind":"official","official":true,"sourceCellId":"1R7687RI","sourceStableId":"1F2B0122AC0B0001","pipelineFeatureId":"1R7687RI/BOYLAT/19049483","provenance":{"cellId":"1R7687RI","checksum":"3f67827210a60b8d0bc7484e27eadd0c3d90c2cbede864e1551bf3c0456621ee","readerVersion":"GDAL 3.2.2","processedAt":"2026-08-11T18:29:20.995Z"}}},{"type":"Feature","geometry":{"type":"Point","coordinates":[3.9105833,51.36765]},"properties":{"dolphinKind":"buoy-lateral","rawObjectClass":"BOYLAT","sourceProperties":{"RCID":28369301,"PRIM":1,"GRUP":2,"OBJL":17,"RVER":1,"AGEN":7979,"FIDN":28369301,"FIDS":1,"LNAM":"1F2B01B0E1950001","LNAM_REFS":["1F2B01B0E1940001","1F2B4BDDC5690001"],"FFPT_RIND":[2,2],"BOYSHP":2,"CATLAM":1,"COLOUR":["3"],"CONRAD":3,"OBJNAM":"28 A","SCAMIN":200000,"SORDAT":"20090420","SORIND":"NL,1R,Reprt,NavBer 36","sourceCellId":"1R7687RI","sourceChecksum":"3f67827210a60b8d0bc7484e27eadd0c3d90c2cbede864e1551bf3c0456621ee","rawObjectClass":"BOYLAT","sourceStableId":"1F2B01B0E1950001"},"sourceKind":"official","official":true,"sourceCellId":"1R7687RI","sourceStableId":"1F2B01B0E1950001","pipelineFeatureId":"1R7687RI/BOYLAT/28369301","provenance":{"cellId":"1R7687RI","checksum":"3f67827210a60b8d0bc7484e27eadd0c3d90c2cbede864e1551bf3c0456621ee","readerVersion":"GDAL 3.2.2","processedAt":"2026-08-11T18:29:20.995Z"}}},{"type":"Feature","geometry":{"type":"Point","coordinates":[3.8533467,51.35311]},"properties":{"dolphinKind":"buoy-lateral","rawObjectClass":"BOYLAT","sourceProperties":{"RCID":64093847,"PRIM":1,"GRUP":2,"OBJL":17,"RVER":1,"AGEN":7979,"FIDN":64093847,"FIDS":1,"LNAM":"1F2B03D1FE970001","LNAM_REFS":["1F2B03D20CDA0001"],"FFPT_RIND":[2],"BOYSHP":5,"CATLAM":1,"COLOUR":["3"],"CONRAD":3,"NATCON":["8"],"OBJNAM":"ZE 10","SCAMIN":200000,"SORDAT":"20250815","SORIND":"NL,1R,reprt,MD414-25","sourceCellId":"1R7687RI","sourceChecksum":"3f67827210a60b8d0bc7484e27eadd0c3d90c2cbede864e1551bf3c0456621ee","rawObjectClass":"BOYLAT","sourceStableId":"1F2B03D1FE970001"},"sourceKind":"official","official":true,"sourceCellId":"1R7687RI","sourceStableId":"1F2B03D1FE970001","pipelineFeatureId":"1R7687RI/BOYLAT/64093847","provenance":{"cellId":"1R7687RI","checksum":"3f67827210a60b8d0bc7484e27eadd0c3d90c2cbede864e1551bf3c0456621ee","readerVersion":"GDAL 3.2.2","processedAt":"2026-08-11T18:29:20.995Z"}}},{"type":"Feature","geometry":{"type":"Point","coordinates":[3.8751083,51.3705333]},"properties":{"dolphinKind":"buoy-lateral","rawObjectClass":"BOYLAT","sourceProperties":{"RCID":78143147,"PRIM":1,"GRUP":2,"OBJL":17,"RVER":1,"AGEN":7979,"FIDN":78143147,"FIDS":1,"LNAM":"1F2B04A85EAB0001","LNAM_REFS":["1F2B04A85EAD0001"],"FFPT_RIND":[2],"BOYSHP":2,"CATLAM":1,"COLOUR":["3"],"CONRAD":3,"OBJNAM":"E 12","SCAMIN":200000,"SORDAT":"20260618","SORIND":"NL,1R,rerpt,MD 294-26","sourceCellId":"1R7687RI","sourceChecksum":"3f67827210a60b8d0bc7484e27eadd0c3d90c2cbede864e1551bf3c0456621ee","rawObjectClass":"BOYLAT","sourceStableId":"1F2B04A85EAB0001"},"sourceKind":"official","official":true,"sourceCellId":"1R7687RI","sourceStableId":"1F2B04A85EAB0001","pipelineFeatureId":"1R7687RI/BOYLAT/78143147","provenance":{"cellId":"1R7687RI","checksum":"3f67827210a60b8d0bc7484e27eadd0c3d90c2cbede864e1551bf3c0456621ee","readerVersion":"GDAL 3.2.2","processedAt":"2026-08-11T18:29:20.995Z"}}},{"type":"Feature","geometry":{"type":"Point","coordinates":[3.7997933,51.3745967]},"properties":{"dolphinKind":"buoy-lateral","rawObjectClass":"BOYLAT","sourceProperties":{"RCID":90793246,"PRIM":1,"GRUP":2,"OBJL":17,"RVER":1,"AGEN":7979,"FIDN":90793246,"FIDS":1,"LNAM":"1F2B0569651E0001","LNAM_REFS":["1F2B0569651D0001"],"FFPT_RIND":[2],"BOYSHP":5,"CATLAM":2,"COLOUR":["4"],"CONRAD":3,"NATCON":["8"],"OBJNAM":"ZE 1","SCAMIN":200000,"SORDAT":"20260311","SORIND":"NL,1R,reprt,MD089-26","sourceCellId":"1R7687RI","sourceChecksum":"3f67827210a60b8d0bc7484e27eadd0c3d90c2cbede864e1551bf3c0456621ee","rawObjectClass":"BOYLAT","sourceStableId":"1F2B0569651E0001"},"sourceKind":"official","official":true,"sourceCellId":"1R7687RI","sourceStableId":"1F2B0569651E0001","pipelineFeatureId":"1R7687RI/BOYLAT/90793246","provenance":{"cellId":"1R7687RI","checksum":"3f67827210a60b8d0bc7484e27eadd0c3d90c2cbede864e1551bf3c0456621ee","readerVersion":"GDAL 3.2.2","processedAt":"2026-08-11T18:29:20.995Z"}}},{"type":"Feature","geometry":{"type":"Point","coordinates":[3.88515,51.349795]},"properties":{"dolphinKind":"buoy-lateral","rawObjectClass":"BOYLAT","sourceProperties":{"RCID":115708600,"PRIM":1,"GRUP":2,"OBJL":17,"RVER":1,"AGEN":7979,"FIDN":115708600,"FIDS":1,"LNAM":"1F2B06E592B80001","LNAM_REFS":["1F2B1AC980330001"],"FFPT_RIND":[2],"BOYSHP":5,"CATLAM":2,"COLOUR":["4"],"CONRAD":3,"OBJNAM":"27C","SCAMIN":200000,"SORDAT":"20220218","SORIND":"NL,1R,Reprt,Melding Kristian Cijsouw","sourceCellId":"1R7687RI","sourceChecksum":"3f67827210a60b8d0bc7484e27eadd0c3d90c2cbede864e1551bf3c0456621ee","rawObjectClass":"BOYLAT","sourceStableId":"1F2B06E592B80001"},"sourceKind":"official","official":true,"sourceCellId":"1R7687RI","sourceStableId":"1F2B06E592B80001","pipelineFeatureId":"1R7687RI/BOYLAT/115708600","provenance":{"cellId":"1R7687RI","checksum":"3f67827210a60b8d0bc7484e27eadd0c3d90c2cbede864e1551bf3c0456621ee","readerVersion":"GDAL 3.2.2","processedAt":"2026-08-11T18:29:20.995Z"}}},{"type":"Feature","geometry":{"type":"Point","coordinates":[3.8891583,51.3733883]},"properties":{"dolphinKind":"buoy-lateral","rawObjectClass":"BOYLAT","sourceProperties":{"RCID":162030053,"PRIM":1,"GRUP":2,"OBJL":17,"RVER":1,"AGEN":7979,"FIDN":162030053,"FIDS":1,"LNAM":"1F2B09A861E50001","LNAM_REFS":["1F2B167F56C50001"],"FFPT_RIND":[2],"BOYSHP":1,"CATLAM":2,"COLOUR":["4"],"CONRAD":3,"OBJNAM":"E 17","SCAMIN":200000,"SORDAT":"20260618","SORIND":"NL,1R,rerpt,MD 294-26","sourceCellId":"1R7687RI","sourceChecksum":"3f67827210a60b8d0bc7484e27eadd0c3d90c2cbede864e1551bf3c0456621ee","rawObjectClass":"BOYLAT","sourceStableId":"1F2B09A861E50001"},"sourceKind":"official","official":true,"sourceCellId":"1R7687RI","sourceStableId":"1F2B09A861E50001","pipelineFeatureId":"1R7687RI/BOYLAT/162030053","provenance":{"cellId":"1R7687RI","checksum":"3f67827210a60b8d0bc7484e27eadd0c3d90c2cbede864e1551bf3c0456621ee","readerVersion":"GDAL 3.2.2","processedAt":"2026-08-11T18:29:20.995Z"}}},{"type":"Feature","geometry":{"type":"Point","coordinates":[3.83339,51.3485333]},"properties":{"dolphinKind":"buoy-lateral","rawObjectClass":"BOYLAT","sourceProperties":{"RCID":187085668,"PRIM":1,"GRUP":2,"OBJL":17,"RVER":1,"AGEN":7979,"FIDN":187085668,"FIDS":1,"LNAM":"1F2B0B26B3640001","BOYSHP":5,"CATLAM":1,"COLOUR":["3"],"CONRAD":3,"NATCON":["8"],"OBJNAM":"20A","SCAMIN":200000,"SORDAT":"20160303","SORIND":"NL,1R,reprt,BASS 018-2016","sourceCellId":"1R7687RI","sourceChecksum":"3f67827210a60b8d0bc7484e27eadd0c3d90c2cbede864e1551bf3c0456621ee","rawObjectClass":"BOYLAT","sourceStableId":"1F2B0B26B3640001"},"sourceKind":"official","official":true,"sourceCellId":"1R7687RI","sourceStableId":"1F2B0B26B3640001","pipelineFeatureId":"1R7687RI/BOYLAT/187085668","provenance":{"cellId":"1R7687RI","checksum":"3f67827210a60b8d0bc7484e27eadd0c3d90c2cbede864e1551bf3c0456621ee","readerVersion":"GDAL 3.2.2","processedAt":"2026-08-11T18:29:20.995Z"}}},{"type":"Feature","geometry":{"type":"Point","coordinates":[3.7937783,51.35508]},"properties":{"dolphinKind":"buoy-lateral","rawObjectClass":"BOYLAT","sourceProperties":{"RCID":187830851,"PRIM":1,"GRUP":2,"OBJL":17,"RVER":1,"AGEN":7979,"FIDN":187830851,"FIDS":1,"LNAM":"1F2B0B3212430001","LNAM_REFS":["1F2B0B3212440001"],"FFPT_RIND":[2],"BOYSHP":2,"CATLAM":1,"COLOUR":["3"],"CONRAD":3,"OBJNAM":"16","SCAMIN":200000,"SORDAT":"20030930","sourceCellId":"1R7687RI","sourceChecksum":"3f67827210a60b8d0bc7484e27eadd0c3d90c2cbede864e1551bf3c0456621ee","rawObjectClass":"BOYLAT","sourceStableId":"1F2B0B3212430001"},"sourceKind":"official","official":true,"sourceCellId":"1R7687RI","sourceStableId":"1F2B0B3212430001","pipelineFeatureId":"1R7687RI/BOYLAT/187830851","provenance":{"cellId":"1R7687RI","checksum":"3f67827210a60b8d0bc7484e27eadd0c3d90c2cbede864e1551bf3c0456621ee","readerVersion":"GDAL 3.2.2","processedAt":"2026-08-11T18:29:20.995Z"}}},{"type":"Feature","geometry":{"type":"Point","coordinates":[3.82247,51.37099]},"properties":{"dolphinKind":"buoy-lateral","rawObjectClass":"BOYLAT","sourceProperties":{"RCID":219095366,"PRIM":1,"GRUP":2,"OBJL":17,"RVER":1,"AGEN":7979,"FIDN":219095366,"FIDS":1,"LNAM":"1F2B0D0F21460001","LNAM_REFS":["1F2B0D0F21470001"],"FFPT_RIND":[2],"BOYSHP":1,"CATLAM":2,"COLOUR":["4"],"CONRAD":3,"OBJNAM":"E 7","SCAMIN":200000,"SORDAT":"20240122","SORIND":"NL,1R,reprt,ENC verbetering (aangepast op verzoek Nicky)","sourceCellId":"1R7687RI","sourceChecksum":"3f67827210a60b8d0bc7484e27eadd0c3d90c2cbede864e1551bf3c0456621ee","rawObjectClass":"BOYLAT","sourceStableId":"1F2B0D0F21460001"},"sourceKind":"official","official":true,"sourceCellId":"1R7687RI","sourceStableId":"1F2B0D0F21460001","pipelineFeatureId":"1R7687RI/BOYLAT/219095366","provenance":{"cellId":"1R7687RI","checksum":"3f67827210a60b8d0bc7484e27eadd0c3d90c2cbede864e1551bf3c0456621ee","readerVersion":"GDAL 3.2.2","processedAt":"2026-08-11T18:29:20.995Z"}}},{"type":"Feature","geometry":{"type":"Point","coordinates":[3.8903183,51.3519467]},"properties":{"dolphinKind":"buoy-lateral","rawObjectClass":"BOYLAT","sourceProperties":{"RCID":443260005,"PRIM":1,"GRUP":2,"OBJL":17,"RVER":1,"AGEN":7979,"FIDN":443260005,"FIDS":1,"LNAM":"1F2B1A6B9C650001","LNAM_REFS":["1F2B1A6B9C640001"],"FFPT_RIND":[2],"BOYSHP":1,"CATLAM":2,"COLOUR":["4"],"CONRAD":3,"OBJNAM":"27D","SCAMIN":200000,"SORDAT":"20220218","SORIND":"NL,1R,Reprt,Melding Kristian Cijsouw","sourceCellId":"1R7687RI","sourceChecksum":"3f67827210a60b8d0bc7484e27eadd0c3d90c2cbede864e1551bf3c0456621ee","rawObjectClass":"BOYLAT","sourceStableId":"1F2B1A6B9C650001"},"sourceKind":"official","official":true,"sourceCellId":"1R7687RI","sourceStableId":"1F2B1A6B9C650001","pipelineFeatureId":"1R7687RI/BOYLAT/443260005","provenance":{"cellId":"1R7687RI","checksum":"3f67827210a60b8d0bc7484e27eadd0c3d90c2cbede864e1551bf3c0456621ee","readerVersion":"GDAL 3.2.2","processedAt":"2026-08-11T18:29:20.995Z"}}},{"type":"Feature","geometry":{"type":"Point","coordinates":[3.7961167,51.3737833]},"properties":{"dolphinKind":"buoy-special","rawObjectClass":"BOYSPP","sourceProperties":{"RCID":17062,"PRIM":1,"GRUP":2,"OBJL":19,"RVER":1,"AGEN":7979,"FIDN":1106834682,"FIDS":378,"LNAM":"1F2B41F8F4FA017A","BOYSHP":5,"CATSPM":["40"],"COLOUR":["6"],"CONRAD":3,"NATCON":["8"],"OBJNAM":"SPER 15<150kV>","SCAMIN":200000,"SORDAT":"20151208","SORIND":"NL,1R,reprt,MD 513-15","sourceCellId":"1R7687RI","sourceChecksum":"3f67827210a60b8d0bc7484e27eadd0c3d90c2cbede864e1551bf3c0456621ee","rawObjectClass":"BOYSPP","sourceStableId":"1F2B41F8F4FA017A"},"sourceKind":"official","official":true,"sourceCellId":"1R7687RI","sourceStableId":"1F2B41F8F4FA017A","pipelineFeatureId":"1R7687RI/BOYSPP/17062","provenance":{"cellId":"1R7687RI","checksum":"3f67827210a60b8d0bc7484e27eadd0c3d90c2cbede864e1551bf3c0456621ee","readerVersion":"GDAL 3.2.2","processedAt":"2026-08-11T18:29:20.995Z"}}},{"type":"Feature","geometry":{"type":"Point","coordinates":[3.7972333,51.3748833]},"properties":{"dolphinKind":"buoy-special","rawObjectClass":"BOYSPP","sourceProperties":{"RCID":17068,"PRIM":1,"GRUP":2,"OBJL":19,"RVER":1,"AGEN":7979,"FIDN":1106834682,"FIDS":384,"LNAM":"1F2B41F8F4FA0180","BOYSHP":5,"CATSPM":["40"],"COLOUR":["6"],"CONRAD":3,"NATCON":["8"],"OBJNAM":"SPER 11<150kV>","SCAMIN":200000,"SORDAT":"20151208","SORIND":"NL,1R,reprt,MD 513-15","sourceCellId":"1R7687RI","sourceChecksum":"3f67827210a60b8d0bc7484e27eadd0c3d90c2cbede864e1551bf3c0456621ee","rawObjectClass":"BOYSPP","sourceStableId":"1F2B41F8F4FA0180"},"sourceKind":"official","official":true,"sourceCellId":"1R7687RI","sourceStableId":"1F2B41F8F4FA0180","pipelineFeatureId":"1R7687RI/BOYSPP/17068","provenance":{"cellId":"1R7687RI","checksum":"3f67827210a60b8d0bc7484e27eadd0c3d90c2cbede864e1551bf3c0456621ee","readerVersion":"GDAL 3.2.2","processedAt":"2026-08-11T18:29:20.995Z"}}},{"type":"Feature","geometry":{"type":"Point","coordinates":[3.7966667,51.3742833]},"properties":{"dolphinKind":"buoy-special","rawObjectClass":"BOYSPP","sourceProperties":{"RCID":17069,"PRIM":1,"GRUP":2,"OBJL":19,"RVER":1,"AGEN":7979,"FIDN":1106834682,"FIDS":385,"LNAM":"1F2B41F8F4FA0181","BOYSHP":5,"CATSPM":["40"],"COLOUR":["6"],"CONRAD":3,"NATCON":["8"],"OBJNAM":"SPER 13<150kV>","SCAMIN":200000,"SORDAT":"20151208","SORIND":"NL,1R,reprt,MD 513-15","sourceCellId":"1R7687RI","sourceChecksum":"3f67827210a60b8d0bc7484e27eadd0c3d90c2cbede864e1551bf3c0456621ee","rawObjectClass":"BOYSPP","sourceStableId":"1F2B41F8F4FA0181"},"sourceKind":"official","official":true,"sourceCellId":"1R7687RI","sourceStableId":"1F2B41F8F4FA0181","pipelineFeatureId":"1R7687RI/BOYSPP/17069","provenance":{"cellId":"1R7687RI","checksum":"3f67827210a60b8d0bc7484e27eadd0c3d90c2cbede864e1551bf3c0456621ee","readerVersion":"GDAL 3.2.2","processedAt":"2026-08-11T18:29:20.995Z"}}},{"type":"Feature","geometry":{"type":"Point","coordinates":[3.8253833,51.3496834]},"properties":{"dolphinKind":"buoy-special","rawObjectClass":"BOYSPP","sourceProperties":{"RCID":17493,"PRIM":1,"GRUP":2,"OBJL":19,"RVER":1,"AGEN":7979,"FIDN":1106834684,"FIDS":299,"LNAM":"1F2B41F8F4FC012B","BOYSHP":5,"CATSPM":["16","35","41"],"COLOUR":["6"],"CONRAD":3,"NATCON":["8"],"OBJNAM":"F 20","SCAMIN":200000,"SORDAT":"20160303","SORIND":"NL,1R,reprt,BASS 018-2016","sourceCellId":"1R7687RI","sourceChecksum":"3f67827210a60b8d0bc7484e27eadd0c3d90c2cbede864e1551bf3c0456621ee","rawObjectClass":"BOYSPP","sourceStableId":"1F2B41F8F4FC012B"},"sourceKind":"official","official":true,"sourceCellId":"1R7687RI","sourceStableId":"1F2B41F8F4FC012B","pipelineFeatureId":"1R7687RI/BOYSPP/17493","provenance":{"cellId":"1R7687RI","checksum":"3f67827210a60b8d0bc7484e27eadd0c3d90c2cbede864e1551bf3c0456621ee","readerVersion":"GDAL 3.2.2","processedAt":"2026-08-11T18:29:20.995Z"}}},{"type":"Feature","geometry":{"type":"Point","coordinates":[3.83335,51.3494333]},"properties":{"dolphinKind":"buoy-special","rawObjectClass":"BOYSPP","sourceProperties":{"RCID":17494,"PRIM":1,"GRUP":2,"OBJL":19,"RVER":1,"AGEN":7979,"FIDN":1106834684,"FIDS":300,"LNAM":"1F2B41F8F4FC012C","BOYSHP":5,"CATSPM":["16","35","41"],"COLOUR":["6"],"CONRAD":3,"NATCON":["8"],"OBJNAM":"F 20A","SCAMIN":200000,"SORDAT":"20160303","SORIND":"NL,1R,reprt,BASS 018-2016","sourceCellId":"1R7687RI","sourceChecksum":"3f67827210a60b8d0bc7484e27eadd0c3d90c2cbede864e1551bf3c0456621ee","rawObjectClass":"BOYSPP","sourceStableId":"1F2B41F8F4FC012C"},"sourceKind":"official","official":true,"sourceCellId":"1R7687RI","sourceStableId":"1F2B41F8F4FC012C","pipelineFeatureId":"1R7687RI/BOYSPP/17494","provenance":{"cellId":"1R7687RI","checksum":"3f67827210a60b8d0bc7484e27eadd0c3d90c2cbede864e1551bf3c0456621ee","readerVersion":"GDAL 3.2.2","processedAt":"2026-08-11T18:29:20.995Z"}}},{"type":"Feature","geometry":{"type":"Point","coordinates":[3.846,51.3489667]},"properties":{"dolphinKind":"buoy-special","rawObjectClass":"BOYSPP","sourceProperties":{"RCID":17495,"PRIM":1,"GRUP":2,"OBJL":19,"RVER":1,"AGEN":7979,"FIDN":1106834684,"FIDS":301,"LNAM":"1F2B41F8F4FC012D","LNAM_REFS":["1F2B41F8F4FC012E"],"FFPT_RIND":[2],"BOYSHP":5,"CATSPM":["16","35","41"],"COLOUR":["6"],"CONRAD":3,"NATCON":["8"],"OBJNAM":"F 22","SCAMIN":200000,"SORDAT":"20160303","SORIND":"NL,1R,reprt,BASS 018-2016","sourceCellId":"1R7687RI","sourceChecksum":"3f67827210a60b8d0bc7484e27eadd0c3d90c2cbede864e1551bf3c0456621ee","rawObjectClass":"BOYSPP","sourceStableId":"1F2B41F8F4FC012D"},"sourceKind":"official","official":true,"sourceCellId":"1R7687RI","sourceStableId":"1F2B41F8F4FC012D","pipelineFeatureId":"1R7687RI/BOYSPP/17495","provenance":{"cellId":"1R7687RI","checksum":"3f67827210a60b8d0bc7484e27eadd0c3d90c2cbede864e1551bf3c0456621ee","readerVersion":"GDAL 3.2.2","processedAt":"2026-08-11T18:29:20.995Z"}}},{"type":"Feature","geometry":{"type":"Point","coordinates":[3.74385,51.3585333]},"properties":{"dolphinKind":"buoy-special","rawObjectClass":"BOYSPP","sourceProperties":{"RCID":17505,"PRIM":1,"GRUP":2,"OBJL":19,"RVER":1,"AGEN":7979,"FIDN":1106834684,"FIDS":311,"LNAM":"1F2B41F8F4FC0137","BOYSHP":5,"CATSPM":["40"],"COLOUR":["6"],"CONRAD":3,"NATCON":["8"],"OBJNAM":"A 5","SCAMIN":200000,"SORDAT":"20151208","SORIND":"NL,1R,reprt,MD 513-15","sourceCellId":"1R7687RI","sourceChecksum":"3f67827210a60b8d0bc7484e27eadd0c3d90c2cbede864e1551bf3c0456621ee","rawObjectClass":"BOYSPP","sourceStableId":"1F2B41F8F4FC0137"},"sourceKind":"official","official":true,"sourceCellId":"1R7687RI","sourceStableId":"1F2B41F8F4FC0137","pipelineFeatureId":"1R7687RI/BOYSPP/17505","provenance":{"cellId":"1R7687RI","checksum":"3f67827210a60b8d0bc7484e27eadd0c3d90c2cbede864e1551bf3c0456621ee","readerVersion":"GDAL 3.2.2","processedAt":"2026-08-11T18:29:20.995Z"}}},{"type":"Feature","geometry":{"type":"Point","coordinates":[3.757004,51.342006]},"properties":{"dolphinKind":"buoy-special","rawObjectClass":"BOYSPP","sourceProperties":{"RCID":17650,"PRIM":1,"GRUP":2,"OBJL":19,"RVER":1,"AGEN":7979,"FIDN":1106834684,"FIDS":456,"LNAM":"1F2B41F8F4FC01C8","BOYSHP":5,"CATSPM":["27"],"COLOUR":["6"],"OBJNAM":"BRA 1","SCAMIN":200000,"SORIND":"NL,North Sea Ports","sourceCellId":"1R7687RI","sourceChecksum":"3f67827210a60b8d0bc7484e27eadd0c3d90c2cbede864e1551bf3c0456621ee","rawObjectClass":"BOYSPP","sourceStableId":"1F2B41F8F4FC01C8"},"sourceKind":"official","official":true,"sourceCellId":"1R7687RI","sourceStableId":"1F2B41F8F4FC01C8","pipelineFeatureId":"1R7687RI/BOYSPP/17650","provenance":{"cellId":"1R7687RI","checksum":"3f67827210a60b8d0bc7484e27eadd0c3d90c2cbede864e1551bf3c0456621ee","readerVersion":"GDAL 3.2.2","processedAt":"2026-08-11T18:29:20.995Z"}}},{"type":"Feature","geometry":{"type":"Point","coordinates":[3.760681,51.340007]},"properties":{"dolphinKind":"buoy-special","rawObjectClass":"BOYSPP","sourceProperties":{"RCID":17651,"PRIM":1,"GRUP":2,"OBJL":19,"RVER":1,"AGEN":7979,"FIDN":1106834684,"FIDS":457,"LNAM":"1F2B41F8F4FC01C9","BOYSHP":5,"CATSPM":["27"],"COLOUR":["6"],"OBJNAM":"BRA 10","SCAMIN":200000,"SORDAT":"20110915","SORIND":"NL,North Sea Ports | Navber MZ83","sourceCellId":"1R7687RI","sourceChecksum":"3f67827210a60b8d0bc7484e27eadd0c3d90c2cbede864e1551bf3c0456621ee","rawObjectClass":"BOYSPP","sourceStableId":"1F2B41F8F4FC01C9"},"sourceKind":"official","official":true,"sourceCellId":"1R7687RI","sourceStableId":"1F2B41F8F4FC01C9","pipelineFeatureId":"1R7687RI/BOYSPP/17651","provenance":{"cellId":"1R7687RI","checksum":"3f67827210a60b8d0bc7484e27eadd0c3d90c2cbede864e1551bf3c0456621ee","readerVersion":"GDAL 3.2.2","processedAt":"2026-08-11T18:29:20.995Z"}}},{"type":"Feature","geometry":{"type":"Point","coordinates":[3.768393,51.342085]},"properties":{"dolphinKind":"buoy-special","rawObjectClass":"BOYSPP","sourceProperties":{"RCID":17653,"PRIM":1,"GRUP":2,"OBJL":19,"RVER":1,"AGEN":7979,"FIDN":1106834684,"FIDS":459,"LNAM":"1F2B41F8F4FC01CB","BOYSHP":5,"CATSPM":["27"],"COLOUR":["6"],"OBJNAM":"BRA  6","SCAMIN":200000,"SORDAT":"20110915","SORIND":"NL,North Sea Ports | Navber MZ83","sourceCellId":"1R7687RI","sourceChecksum":"3f67827210a60b8d0bc7484e27eadd0c3d90c2cbede864e1551bf3c0456621ee","rawObjectClass":"BOYSPP","sourceStableId":"1F2B41F8F4FC01CB"},"sourceKind":"official","official":true,"sourceCellId":"1R7687RI","sourceStableId":"1F2B41F8F4FC01CB","pipelineFeatureId":"1R7687RI/BOYSPP/17653","provenance":{"cellId":"1R7687RI","checksum":"3f67827210a60b8d0bc7484e27eadd0c3d90c2cbede864e1551bf3c0456621ee","readerVersion":"GDAL 3.2.2","processedAt":"2026-08-11T18:29:20.995Z"}}},{"type":"Feature","geometry":{"type":"Point","coordinates":[3.768519,51.341344]},"properties":{"dolphinKind":"buoy-special","rawObjectClass":"BOYSPP","sourceProperties":{"RCID":17654,"PRIM":1,"GRUP":2,"OBJL":19,"RVER":1,"AGEN":7979,"FIDN":1106834684,"FIDS":460,"LNAM":"1F2B41F8F4FC01CC","BOYSHP":5,"CATSPM":["27"],"COLOUR":["6"],"OBJNAM":"BRA 8","SCAMIN":200000,"SORDAT":"20110915","SORIND":"NL,North Sea Ports | Navber MZ83","sourceCellId":"1R7687RI","sourceChecksum":"3f67827210a60b8d0bc7484e27eadd0c3d90c2cbede864e1551bf3c0456621ee","rawObjectClass":"BOYSPP","sourceStableId":"1F2B41F8F4FC01CC"},"sourceKind":"official","official":true,"sourceCellId":"1R7687RI","sourceStableId":"1F2B41F8F4FC01CC","pipelineFeatureId":"1R7687RI/BOYSPP/17654","provenance":{"cellId":"1R7687RI","checksum":"3f67827210a60b8d0bc7484e27eadd0c3d90c2cbede864e1551bf3c0456621ee","readerVersion":"GDAL 3.2.2","processedAt":"2026-08-11T18:29:20.995Z"}}},{"type":"Feature","geometry":{"type":"Point","coordinates":[3.74515,51.3582]},"properties":{"dolphinKind":"buoy-special","rawObjectClass":"BOYSPP","sourceProperties":{"RCID":13017626,"PRIM":1,"GRUP":2,"OBJL":19,"RVER":1,"AGEN":7979,"FIDN":13017626,"FIDS":1,"LNAM":"1F2B00C6A21A0001","LNAM_REFS":["1F2B00C6A21B0001"],"FFPT_RIND":[2],"BOYSHP":3,"CATSPM":["10"],"COLOUR":["6"],"OBJNAM":"PvT","INFORM":"Wave measurement buoy","NINFOM":"Golfmeetboei","SCAMIN":200000,"SORDAT":"20081028","SORIND":"NL,1R,Reprt,Bass 111/08","sourceCellId":"1R7687RI","sourceChecksum":"3f67827210a60b8d0bc7484e27eadd0c3d90c2cbede864e1551bf3c0456621ee","rawObjectClass":"BOYSPP","sourceStableId":"1F2B00C6A21A0001"},"sourceKind":"official","official":true,"sourceCellId":"1R7687RI","sourceStableId":"1F2B00C6A21A0001","pipelineFeatureId":"1R7687RI/BOYSPP/13017626","provenance":{"cellId":"1R7687RI","checksum":"3f67827210a60b8d0bc7484e27eadd0c3d90c2cbede864e1551bf3c0456621ee","readerVersion":"GDAL 3.2.2","processedAt":"2026-08-11T18:29:20.995Z"}}},{"type":"Feature","geometry":{"type":"Point","coordinates":[3.91847,51.37379]},"properties":{"dolphinKind":"buoy-special","rawObjectClass":"BOYSPP","sourceProperties":{"RCID":21081180,"PRIM":1,"GRUP":2,"OBJL":19,"RVER":1,"AGEN":7979,"FIDN":21081180,"FIDS":1,"LNAM":"1F2B0141AC5C0001","LNAM_REFS":["1F2B0141AC5D0001"],"FFPT_RIND":[2],"BOYSHP":3,"CATSPM":["27"],"COLOUR":["6"],"NOBJNM":"Overloop van Hansweert","OBJNAM":"OVHW","INFORM":"Wave measurement buoy","NINFOM":"Golfmeetboei","SCAMIN":200000,"SORDAT":"20170627","SORIND":"NL,1R,reprt,OVHW","sourceCellId":"1R7687RI","sourceChecksum":"3f67827210a60b8d0bc7484e27eadd0c3d90c2cbede864e1551bf3c0456621ee","rawObjectClass":"BOYSPP","sourceStableId":"1F2B0141AC5C0001"},"sourceKind":"official","official":true,"sourceCellId":"1R7687RI","sourceStableId":"1F2B0141AC5C0001","pipelineFeatureId":"1R7687RI/BOYSPP/21081180","provenance":{"cellId":"1R7687RI","checksum":"3f67827210a60b8d0bc7484e27eadd0c3d90c2cbede864e1551bf3c0456621ee","readerVersion":"GDAL 3.2.2","processedAt":"2026-08-11T18:29:20.995Z"}}},{"type":"Feature","geometry":{"type":"Point","coordinates":[3.7690333,51.3434333]},"properties":{"dolphinKind":"buoy-special","rawObjectClass":"BOYSPP","sourceProperties":{"RCID":24758560,"PRIM":1,"GRUP":2,"OBJL":19,"RVER":1,"AGEN":7979,"FIDN":24758560,"FIDS":1,"LNAM":"1F2B0179C9200001","LNAM_REFS":["1F2B0179C9210001"],"FFPT_RIND":[2],"BOYSHP":5,"CATSPM":["27"],"COLOUR":["6"],"OBJNAM":"BRA 4","SCAMIN":200000,"SORDAT":"20110915","SORIND":"NL,North Sea Ports | Navber MZ83","sourceCellId":"1R7687RI","sourceChecksum":"3f67827210a60b8d0bc7484e27eadd0c3d90c2cbede864e1551bf3c0456621ee","rawObjectClass":"BOYSPP","sourceStableId":"1F2B0179C9200001"},"sourceKind":"official","official":true,"sourceCellId":"1R7687RI","sourceStableId":"1F2B0179C9200001","pipelineFeatureId":"1R7687RI/BOYSPP/24758560","provenance":{"cellId":"1R7687RI","checksum":"3f67827210a60b8d0bc7484e27eadd0c3d90c2cbede864e1551bf3c0456621ee","readerVersion":"GDAL 3.2.2","processedAt":"2026-08-11T18:29:20.995Z"}}},{"type":"Feature","geometry":{"type":"Point","coordinates":[3.7464933,51.35371]},"properties":{"dolphinKind":"buoy-special","rawObjectClass":"BOYSPP","sourceProperties":{"RCID":27736203,"PRIM":1,"GRUP":2,"OBJL":19,"RVER":1,"AGEN":7979,"FIDN":27736203,"FIDS":1,"LNAM":"1F2B01A7388B0001","BOYSHP":5,"CATSPM":["27"],"COLOUR":["6"],"CONRAD":3,"NATCON":["8"],"OBJNAM":"PP C","SCAMIN":200000,"SORDAT":"20230719","SORIND":"NL,1R,Reprt,MD 369-23","sourceCellId":"1R7687RI","sourceChecksum":"3f67827210a60b8d0bc7484e27eadd0c3d90c2cbede864e1551bf3c0456621ee","rawObjectClass":"BOYSPP","sourceStableId":"1F2B01A7388B0001"},"sourceKind":"official","official":true,"sourceCellId":"1R7687RI","sourceStableId":"1F2B01A7388B0001","pipelineFeatureId":"1R7687RI/BOYSPP/27736203","provenance":{"cellId":"1R7687RI","checksum":"3f67827210a60b8d0bc7484e27eadd0c3d90c2cbede864e1551bf3c0456621ee","readerVersion":"GDAL 3.2.2","processedAt":"2026-08-11T18:29:20.995Z"}}},{"type":"Feature","geometry":{"type":"Point","coordinates":[3.73731,51.3540817]},"properties":{"dolphinKind":"buoy-special","rawObjectClass":"BOYSPP","sourceProperties":{"RCID":27736204,"PRIM":1,"GRUP":2,"OBJL":19,"RVER":1,"AGEN":7979,"FIDN":27736204,"FIDS":1,"LNAM":"1F2B01A7388C0001","BOYSHP":5,"CATSPM":["27"],"COLOUR":["6"],"CONRAD":3,"NATCON":["8"],"OBJNAM":"PP B","SCAMIN":200000,"SORDAT":"20230719","SORIND":"NL,1R,Reprt,MD 369-23","sourceCellId":"1R7687RI","sourceChecksum":"3f67827210a60b8d0bc7484e27eadd0c3d90c2cbede864e1551bf3c0456621ee","rawObjectClass":"BOYSPP","sourceStableId":"1F2B01A7388C0001"},"sourceKind":"official","official":true,"sourceCellId":"1R7687RI","sourceStableId":"1F2B01A7388C0001","pipelineFeatureId":"1R7687RI/BOYSPP/27736204","provenance":{"cellId":"1R7687RI","checksum":"3f67827210a60b8d0bc7484e27eadd0c3d90c2cbede864e1551bf3c0456621ee","readerVersion":"GDAL 3.2.2","processedAt":"2026-08-11T18:29:20.995Z"}}},{"type":"Feature","geometry":{"type":"Point","coordinates":[3.7957,51.3732333]},"properties":{"dolphinKind":"buoy-special","rawObjectClass":"BOYSPP","sourceProperties":{"RCID":42501886,"PRIM":1,"GRUP":2,"OBJL":19,"RVER":1,"AGEN":7979,"FIDN":42501886,"FIDS":1,"LNAM":"1F2B028886FE0001","BOYSHP":5,"CATSPM":["40"],"COLOUR":["6"],"CONRAD":3,"NATCON":["8"],"OBJNAM":"SPER 17<150kV>","SCAMIN":200000,"SORDAT":"20151208","SORIND":"NL,1R,reprt,MD 513-15","sourceCellId":"1R7687RI","sourceChecksum":"3f67827210a60b8d0bc7484e27eadd0c3d90c2cbede864e1551bf3c0456621ee","rawObjectClass":"BOYSPP","sourceStableId":"1F2B028886FE0001"},"sourceKind":"official","official":true,"sourceCellId":"1R7687RI","sourceStableId":"1F2B028886FE0001","pipelineFeatureId":"1R7687RI/BOYSPP/42501886","provenance":{"cellId":"1R7687RI","checksum":"3f67827210a60b8d0bc7484e27eadd0c3d90c2cbede864e1551bf3c0456621ee","readerVersion":"GDAL 3.2.2","processedAt":"2026-08-11T18:29:20.995Z"}}},{"type":"Feature","geometry":{"type":"Point","coordinates":[3.9209833,51.3745333]},"properties":{"dolphinKind":"buoy-special","rawObjectClass":"BOYSPP","sourceProperties":{"RCID":152230654,"PRIM":1,"GRUP":2,"OBJL":19,"RVER":1,"AGEN":7979,"FIDN":152230654,"FIDS":1,"LNAM":"1F2B0912DAFE0001","BOYSHP":5,"CATSPM":["16","35","41"],"COLOUR":["6"],"CONRAD":3,"NATCON":["8"],"OBJNAM":"F 28B","SCAMIN":200000,"SORDAT":"20180613","SORIND":"NL,1R,reprt,MD262-18","sourceCellId":"1R7687RI","sourceChecksum":"3f67827210a60b8d0bc7484e27eadd0c3d90c2cbede864e1551bf3c0456621ee","rawObjectClass":"BOYSPP","sourceStableId":"1F2B0912DAFE0001"},"sourceKind":"official","official":true,"sourceCellId":"1R7687RI","sourceStableId":"1F2B0912DAFE0001","pipelineFeatureId":"1R7687RI/BOYSPP/152230654","provenance":{"cellId":"1R7687RI","checksum":"3f67827210a60b8d0bc7484e27eadd0c3d90c2cbede864e1551bf3c0456621ee","readerVersion":"GDAL 3.2.2","processedAt":"2026-08-11T18:29:20.995Z"}}},{"type":"Feature","geometry":{"type":"Point","coordinates":[3.8640233,51.3533417]},"properties":{"dolphinKind":"buoy-special","rawObjectClass":"BOYSPP","sourceProperties":{"RCID":187080109,"PRIM":1,"GRUP":2,"OBJL":19,"RVER":1,"AGEN":7979,"FIDN":187080109,"FIDS":1,"LNAM":"1F2B0B269DAD0001","LNAM_REFS":["1F2B0B269DAE0001"],"FFPT_RIND":[2],"BOYSHP":5,"CATSPM":["16","35","41"],"COLOUR":["6"],"CONRAD":3,"NATCON":["8"],"OBJNAM":"F 24","SCAMIN":200000,"SORDAT":"20160303","SORIND":"NL,1R,reprt,BASS 018-2016","sourceCellId":"1R7687RI","sourceChecksum":"3f67827210a60b8d0bc7484e27eadd0c3d90c2cbede864e1551bf3c0456621ee","rawObjectClass":"BOYSPP","sourceStableId":"1F2B0B269DAD0001"},"sourceKind":"official","official":true,"sourceCellId":"1R7687RI","sourceStableId":"1F2B0B269DAD0001","pipelineFeatureId":"1R7687RI/BOYSPP/187080109","provenance":{"cellId":"1R7687RI","checksum":"3f67827210a60b8d0bc7484e27eadd0c3d90c2cbede864e1551bf3c0456621ee","readerVersion":"GDAL 3.2.2","processedAt":"2026-08-11T18:29:20.995Z"}}},{"type":"Feature","geometry":{"type":"Point","coordinates":[3.8846333,51.3575667]},"properties":{"dolphinKind":"buoy-special","rawObjectClass":"BOYSPP","sourceProperties":{"RCID":187080811,"PRIM":1,"GRUP":2,"OBJL":19,"RVER":1,"AGEN":7979,"FIDN":187080811,"FIDS":1,"LNAM":"1F2B0B26A06B0001","LNAM_REFS":["1F2B0B26A06C0001"],"FFPT_RIND":[2],"BOYSHP":5,"CATSPM":["16","35","41"],"COLOUR":["6"],"NATCON":["8"],"OBJNAM":"F 26","SCAMIN":200000,"SORDAT":"20160418","SORIND":"NL,1R,reprt,BASS 018-2016","sourceCellId":"1R7687RI","sourceChecksum":"3f67827210a60b8d0bc7484e27eadd0c3d90c2cbede864e1551bf3c0456621ee","rawObjectClass":"BOYSPP","sourceStableId":"1F2B0B26A06B0001"},"sourceKind":"official","official":true,"sourceCellId":"1R7687RI","sourceStableId":"1F2B0B26A06B0001","pipelineFeatureId":"1R7687RI/BOYSPP/187080811","provenance":{"cellId":"1R7687RI","checksum":"3f67827210a60b8d0bc7484e27eadd0c3d90c2cbede864e1551bf3c0456621ee","readerVersion":"GDAL 3.2.2","processedAt":"2026-08-11T18:29:20.995Z"}}},{"type":"Feature","geometry":{"type":"Point","coordinates":[3.8973167,51.36285]},"properties":{"dolphinKind":"buoy-special","rawObjectClass":"BOYSPP","sourceProperties":{"RCID":187080813,"PRIM":1,"GRUP":2,"OBJL":19,"RVER":1,"AGEN":7979,"FIDN":187080813,"FIDS":1,"LNAM":"1F2B0B26A06D0001","BOYSHP":5,"CATSPM":["16","35","41"],"COLOUR":["6"],"NATCON":["8"],"OBJNAM":"F 28","SCAMIN":200000,"SORDAT":"20160303","SORIND":"NL,1R,reprt,BASS 018-2016","sourceCellId":"1R7687RI","sourceChecksum":"3f67827210a60b8d0bc7484e27eadd0c3d90c2cbede864e1551bf3c0456621ee","rawObjectClass":"BOYSPP","sourceStableId":"1F2B0B26A06D0001"},"sourceKind":"official","official":true,"sourceCellId":"1R7687RI","sourceStableId":"1F2B0B26A06D0001","pipelineFeatureId":"1R7687RI/BOYSPP/187080813","provenance":{"cellId":"1R7687RI","checksum":"3f67827210a60b8d0bc7484e27eadd0c3d90c2cbede864e1551bf3c0456621ee","readerVersion":"GDAL 3.2.2","processedAt":"2026-08-11T18:29:20.995Z"}}},{"type":"Feature","geometry":{"type":"Point","coordinates":[3.9095333,51.3687667]},"properties":{"dolphinKind":"buoy-special","rawObjectClass":"BOYSPP","sourceProperties":{"RCID":187080814,"PRIM":1,"GRUP":2,"OBJL":19,"RVER":1,"AGEN":7979,"FIDN":187080814,"FIDS":1,"LNAM":"1F2B0B26A06E0001","BOYSHP":5,"CATSPM":["16","35","41"],"COLOUR":["6"],"CONRAD":3,"NATCON":["8"],"OBJNAM":"F 28A","SCAMIN":200000,"SORDAT":"20180613","SORIND":"NL,1R,reprt,MD262-18","sourceCellId":"1R7687RI","sourceChecksum":"3f67827210a60b8d0bc7484e27eadd0c3d90c2cbede864e1551bf3c0456621ee","rawObjectClass":"BOYSPP","sourceStableId":"1F2B0B26A06E0001"},"sourceKind":"official","official":true,"sourceCellId":"1R7687RI","sourceStableId":"1F2B0B26A06E0001","pipelineFeatureId":"1R7687RI/BOYSPP/187080814","provenance":{"cellId":"1R7687RI","checksum":"3f67827210a60b8d0bc7484e27eadd0c3d90c2cbede864e1551bf3c0456621ee","readerVersion":"GDAL 3.2.2","processedAt":"2026-08-11T18:29:20.995Z"}}},{"type":"Feature","geometry":{"type":"Point","coordinates":[3.8143833,51.350165]},"properties":{"dolphinKind":"buoy-special","rawObjectClass":"BOYSPP","sourceProperties":{"RCID":187458903,"PRIM":1,"GRUP":2,"OBJL":19,"RVER":1,"AGEN":7979,"FIDN":187458903,"FIDS":1,"LNAM":"1F2B0B2C65570001","LNAM_REFS":["1F2B0B2C65560001"],"FFPT_RIND":[2],"BOYSHP":5,"CATSPM":["16","35","41"],"COLOUR":["6"],"CONRAD":3,"NATCON":["8"],"OBJNAM":"F 18","SCAMIN":200000,"SORDAT":"20160303","SORIND":"NL,1R,reprt,BASS 018-2016","sourceCellId":"1R7687RI","sourceChecksum":"3f67827210a60b8d0bc7484e27eadd0c3d90c2cbede864e1551bf3c0456621ee","rawObjectClass":"BOYSPP","sourceStableId":"1F2B0B2C65570001"},"sourceKind":"official","official":true,"sourceCellId":"1R7687RI","sourceStableId":"1F2B0B2C65570001","pipelineFeatureId":"1R7687RI/BOYSPP/187458903","provenance":{"cellId":"1R7687RI","checksum":"3f67827210a60b8d0bc7484e27eadd0c3d90c2cbede864e1551bf3c0456621ee","readerVersion":"GDAL 3.2.2","processedAt":"2026-08-11T18:29:20.995Z"}}},{"type":"Feature","geometry":{"type":"Point","coordinates":[3.7946383,51.35646]},"properties":{"dolphinKind":"buoy-special","rawObjectClass":"BOYSPP","sourceProperties":{"RCID":187458904,"PRIM":1,"GRUP":2,"OBJL":19,"RVER":1,"AGEN":7979,"FIDN":187458904,"FIDS":1,"LNAM":"1F2B0B2C65580001","BOYSHP":5,"CATSPM":["16","35","41"],"COLOUR":["6"],"CONRAD":3,"NATCON":["8"],"OBJNAM":"F 16","SCAMIN":200000,"SORDAT":"20160303","SORIND":"NL,1R,reprt,BASS 018-2016","sourceCellId":"1R7687RI","sourceChecksum":"3f67827210a60b8d0bc7484e27eadd0c3d90c2cbede864e1551bf3c0456621ee","rawObjectClass":"BOYSPP","sourceStableId":"1F2B0B2C65580001"},"sourceKind":"official","official":true,"sourceCellId":"1R7687RI","sourceStableId":"1F2B0B2C65580001","pipelineFeatureId":"1R7687RI/BOYSPP/187458904","provenance":{"cellId":"1R7687RI","checksum":"3f67827210a60b8d0bc7484e27eadd0c3d90c2cbede864e1551bf3c0456621ee","readerVersion":"GDAL 3.2.2","processedAt":"2026-08-11T18:29:20.995Z"}}},{"type":"Feature","geometry":{"type":"Point","coordinates":[3.7795317,51.3613767]},"properties":{"dolphinKind":"buoy-special","rawObjectClass":"BOYSPP","sourceProperties":{"RCID":187830853,"PRIM":1,"GRUP":2,"OBJL":19,"RVER":1,"AGEN":7979,"FIDN":187830853,"FIDS":1,"LNAM":"1F2B0B3212450001","LNAM_REFS":["1F2B0B3212460001"],"FFPT_RIND":[2],"BOYSHP":5,"CATSPM":["16","35","41"],"COLOUR":["6"],"CONRAD":3,"NATCON":["8"],"OBJNAM":"F 14","SCAMIN":200000,"SORDAT":"20160303","SORIND":"NL,1R,Reprt,Bass018-2016","sourceCellId":"1R7687RI","sourceChecksum":"3f67827210a60b8d0bc7484e27eadd0c3d90c2cbede864e1551bf3c0456621ee","rawObjectClass":"BOYSPP","sourceStableId":"1F2B0B3212450001"},"sourceKind":"official","official":true,"sourceCellId":"1R7687RI","sourceStableId":"1F2B0B3212450001","pipelineFeatureId":"1R7687RI/BOYSPP/187830853","provenance":{"cellId":"1R7687RI","checksum":"3f67827210a60b8d0bc7484e27eadd0c3d90c2cbede864e1551bf3c0456621ee","readerVersion":"GDAL 3.2.2","processedAt":"2026-08-11T18:29:20.995Z"}}},{"type":"Feature","geometry":{"type":"Point","coordinates":[3.737265,51.35274]},"properties":{"dolphinKind":"buoy-special","rawObjectClass":"BOYSPP","sourceProperties":{"RCID":223323608,"PRIM":1,"GRUP":2,"OBJL":19,"RVER":1,"AGEN":7979,"FIDN":223323608,"FIDS":1,"LNAM":"1F2B0D4FA5D80001","LNAM_REFS":["1F2B0D4FA5D90001"],"FFPT_RIND":[2],"BOYSHP":5,"CATSPM":["12"],"COLOUR":["6"],"CONRAD":3,"OBJNAM":"Kite-A","INFORM":"Kitesurf Area","NINFOM":"Kitesurf Gebied","SCAMIN":200000,"SORDAT":"20170503","SORIND":"NL,1R,reprt,MD 171-17","sourceCellId":"1R7687RI","sourceChecksum":"3f67827210a60b8d0bc7484e27eadd0c3d90c2cbede864e1551bf3c0456621ee","rawObjectClass":"BOYSPP","sourceStableId":"1F2B0D4FA5D80001"},"sourceKind":"official","official":true,"sourceCellId":"1R7687RI","sourceStableId":"1F2B0D4FA5D80001","pipelineFeatureId":"1R7687RI/BOYSPP/223323608","provenance":{"cellId":"1R7687RI","checksum":"3f67827210a60b8d0bc7484e27eadd0c3d90c2cbede864e1551bf3c0456621ee","readerVersion":"GDAL 3.2.2","processedAt":"2026-08-11T18:29:20.995Z"}}},{"type":"Feature","geometry":{"type":"Point","coordinates":[3.7464667,51.35242]},"properties":{"dolphinKind":"buoy-special","rawObjectClass":"BOYSPP","sourceProperties":{"RCID":223323611,"PRIM":1,"GRUP":2,"OBJL":19,"RVER":1,"AGEN":7979,"FIDN":223323611,"FIDS":1,"LNAM":"1F2B0D4FA5DB0001","LNAM_REFS":["1F2B0D4FA5DA0001"],"FFPT_RIND":[2],"BOYSHP":5,"CATSPM":["12"],"COLOUR":["6"],"CONRAD":3,"OBJNAM":"Kite-B","INFORM":"Kitesurf Area","NINFOM":"Kitesurf Gebied","SCAMIN":200000,"SORDAT":"20170503","SORIND":"NL,1R,reprt,MD 171-17","sourceCellId":"1R7687RI","sourceChecksum":"3f67827210a60b8d0bc7484e27eadd0c3d90c2cbede864e1551bf3c0456621ee","rawObjectClass":"BOYSPP","sourceStableId":"1F2B0D4FA5DB0001"},"sourceKind":"official","official":true,"sourceCellId":"1R7687RI","sourceStableId":"1F2B0D4FA5DB0001","pipelineFeatureId":"1R7687RI/BOYSPP/223323611","provenance":{"cellId":"1R7687RI","checksum":"3f67827210a60b8d0bc7484e27eadd0c3d90c2cbede864e1551bf3c0456621ee","readerVersion":"GDAL 3.2.2","processedAt":"2026-08-11T18:29:20.995Z"}}},{"type":"Feature","geometry":{"type":"Point","coordinates":[3.8465433,51.3670917]},"properties":{"dolphinKind":"buoy-special","rawObjectClass":"BOYSPP","sourceProperties":{"RCID":504757172,"PRIM":1,"GRUP":2,"OBJL":19,"RVER":1,"AGEN":7979,"FIDN":504757172,"FIDS":1,"LNAM":"1F2B1E15FBB40001","LNAM_REFS":["1F2B09A861B20001","1F2B1E15FBB20001"],"FFPT_RIND":[2,2],"BOYSHP":1,"CATSPM":["27"],"COLOUR":["6"],"OBJNAM":"E 11","SCAMIN":200000,"SORDAT":"20260422","SORIND":"NL,1R,reprt,MD 232-2026","sourceCellId":"1R7687RI","sourceChecksum":"3f67827210a60b8d0bc7484e27eadd0c3d90c2cbede864e1551bf3c0456621ee","rawObjectClass":"BOYSPP","sourceStableId":"1F2B1E15FBB40001"},"sourceKind":"official","official":true,"sourceCellId":"1R7687RI","sourceStableId":"1F2B1E15FBB40001","pipelineFeatureId":"1R7687RI/BOYSPP/504757172","provenance":{"cellId":"1R7687RI","checksum":"3f67827210a60b8d0bc7484e27eadd0c3d90c2cbede864e1551bf3c0456621ee","readerVersion":"GDAL 3.2.2","processedAt":"2026-08-11T18:29:20.995Z"}}},{"type":"Feature","geometry":{"type":"Point","coordinates":[3.848305,51.3689133]},"properties":{"dolphinKind":"buoy-special","rawObjectClass":"BOYSPP","sourceProperties":{"RCID":504757173,"PRIM":1,"GRUP":2,"OBJL":19,"RVER":1,"AGEN":7979,"FIDN":504757173,"FIDS":1,"LNAM":"1F2B1E15FBB50001","LNAM_REFS":["1F2B167EB9EB0001","1F2B1E15FBB30001"],"FFPT_RIND":[2,2],"BOYSHP":2,"CATSPM":["27"],"COLOUR":["6"],"OBJNAM":"E 8","SCAMIN":200000,"SORDAT":"20260318","SORIND":"NL,1R,reprt,MD 118-2026,C260303636","sourceCellId":"1R7687RI","sourceChecksum":"3f67827210a60b8d0bc7484e27eadd0c3d90c2cbede864e1551bf3c0456621ee","rawObjectClass":"BOYSPP","sourceStableId":"1F2B1E15FBB50001"},"sourceKind":"official","official":true,"sourceCellId":"1R7687RI","sourceStableId":"1F2B1E15FBB50001","pipelineFeatureId":"1R7687RI/BOYSPP/504757173","provenance":{"cellId":"1R7687RI","checksum":"3f67827210a60b8d0bc7484e27eadd0c3d90c2cbede864e1551bf3c0456621ee","readerVersion":"GDAL 3.2.2","processedAt":"2026-08-11T18:29:20.995Z"}}},{"type":"Feature","geometry":{"type":"Point","coordinates":[3.7551033,51.3533383]},"properties":{"dolphinKind":"buoy-special","rawObjectClass":"BOYSPP","sourceProperties":{"RCID":1146767992,"PRIM":1,"GRUP":2,"OBJL":19,"RVER":1,"AGEN":7979,"FIDN":1146767992,"FIDS":1,"LNAM":"1F2B445A4A780001","LNAM_REFS":["1F2B445A4A790001","1F2B4463BE9F0001"],"FFPT_RIND":[2,2],"BOYSHP":5,"CATSPM":["27"],"COLOUR":["6"],"CONRAD":3,"NATCON":["8"],"OBJNAM":"PP D","SCAMIN":200000,"SORDAT":"20230719","SORIND":"NL,1R,Reprt,MD 369-23","sourceCellId":"1R7687RI","sourceChecksum":"3f67827210a60b8d0bc7484e27eadd0c3d90c2cbede864e1551bf3c0456621ee","rawObjectClass":"BOYSPP","sourceStableId":"1F2B445A4A780001"},"sourceKind":"official","official":true,"sourceCellId":"1R7687RI","sourceStableId":"1F2B445A4A780001","pipelineFeatureId":"1R7687RI/BOYSPP/1146767992","provenance":{"cellId":"1R7687RI","checksum":"3f67827210a60b8d0bc7484e27eadd0c3d90c2cbede864e1551bf3c0456621ee","readerVersion":"GDAL 3.2.2","processedAt":"2026-08-11T18:29:20.995Z"}}},{"type":"Feature","geometry":{"type":"Point","coordinates":[3.7627417,51.3509736]},"properties":{"dolphinKind":"light","rawObjectClass":"LIGHTS","sourceProperties":{"RCID":16380,"PRIM":1,"GRUP":2,"OBJL":75,"RVER":1,"AGEN":7979,"FIDN":1106834596,"FIDS":266,"LNAM":"1F2B41F8F4A4010A","COLOUR":["4"],"HEIGHT":9,"LITCHR":1,"NOBJNM":"Havenlicht Braakmanhaven","OBJNAM":"Braakmanhaven harbour light","INFORM":"Bij mist: rivier- en havenwaarts F Y; bij stremmingen: river- en havenwaarts F R; bij uitvaart: Q Y","SCAMIN":200000,"SORDAT":"20140211","SORIND":"NL,North Sea Ports | Bass022-2014","sourceCellId":"1R7687RI","sourceChecksum":"3f67827210a60b8d0bc7484e27eadd0c3d90c2cbede864e1551bf3c0456621ee","rawObjectClass":"LIGHTS","sourceStableId":"1F2B41F8F4A4010A"},"sourceKind":"official","official":true,"sourceCellId":"1R7687RI","sourceStableId":"1F2B41F8F4A4010A","pipelineFeatureId":"1R7687RI/LIGHTS/16380","provenance":{"cellId":"1R7687RI","checksum":"3f67827210a60b8d0bc7484e27eadd0c3d90c2cbede864e1551bf3c0456621ee","readerVersion":"GDAL 3.2.2","processedAt":"2026-08-11T18:29:20.995Z"}}},{"type":"Feature","geometry":{"type":"Point","coordinates":[3.7688,51.3501833]},"properties":{"dolphinKind":"light","rawObjectClass":"LIGHTS","sourceProperties":{"RCID":16382,"PRIM":1,"GRUP":2,"OBJL":75,"RVER":1,"AGEN":7979,"FIDN":1106834596,"FIDS":268,"LNAM":"1F2B41F8F4A4010C","COLOUR":["3"],"HEIGHT":9,"LITCHR":1,"INFORM":"Bij stremming: rivier- en havenwaarts F R","SCAMIN":200000,"SORDAT":"20150601","SORIND":"NL,North Sea Port","sourceCellId":"1R7687RI","sourceChecksum":"3f67827210a60b8d0bc7484e27eadd0c3d90c2cbede864e1551bf3c0456621ee","rawObjectClass":"LIGHTS","sourceStableId":"1F2B41F8F4A4010C"},"sourceKind":"official","official":true,"sourceCellId":"1R7687RI","sourceStableId":"1F2B41F8F4A4010C","pipelineFeatureId":"1R7687RI/LIGHTS/16382","provenance":{"cellId":"1R7687RI","checksum":"3f67827210a60b8d0bc7484e27eadd0c3d90c2cbede864e1551bf3c0456621ee","readerVersion":"GDAL 3.2.2","processedAt":"2026-08-11T18:29:20.995Z"}}},{"type":"Feature","geometry":{"type":"Point","coordinates":[3.80775,51.34345]},"properties":{"dolphinKind":"light","rawObjectClass":"LIGHTS","sourceProperties":{"RCID":16384,"PRIM":1,"GRUP":2,"OBJL":75,"RVER":1,"AGEN":7979,"FIDN":1106834596,"FIDS":270,"LNAM":"1F2B41F8F4A4010E","CATLIT":["7","1"],"COLOUR":["6"],"LITCHR":1,"NOBJNM":"Mistlicht","OBJNAM":"Fog Light","ORIENT":340,"SCAMIN":200000,"SORDAT":"20210902","SORIND":"NL,1R,Reprt,Topdesk C241102837","sourceCellId":"1R7687RI","sourceChecksum":"3f67827210a60b8d0bc7484e27eadd0c3d90c2cbede864e1551bf3c0456621ee","rawObjectClass":"LIGHTS","sourceStableId":"1F2B41F8F4A4010E"},"sourceKind":"official","official":true,"sourceCellId":"1R7687RI","sourceStableId":"1F2B41F8F4A4010E","pipelineFeatureId":"1R7687RI/LIGHTS/16384","provenance":{"cellId":"1R7687RI","checksum":"3f67827210a60b8d0bc7484e27eadd0c3d90c2cbede864e1551bf3c0456621ee","readerVersion":"GDAL 3.2.2","processedAt":"2026-08-11T18:29:20.995Z"}}},{"type":"Feature","geometry":{"type":"Point","coordinates":[3.8142667,51.3427167]},"properties":{"dolphinKind":"light","rawObjectClass":"LIGHTS","sourceProperties":{"RCID":16387,"PRIM":1,"GRUP":2,"OBJL":75,"RVER":1,"AGEN":7979,"FIDN":1106834596,"FIDS":273,"LNAM":"1F2B41F8F4A40111","COLOUR":["3"],"EXCLIT":4,"LITCHR":1,"INFORM":"Haven ontoegankelijk: 2 F R(vert.)","SCAMIN":200000,"SORDAT":"20030923","sourceCellId":"1R7687RI","sourceChecksum":"3f67827210a60b8d0bc7484e27eadd0c3d90c2cbede864e1551bf3c0456621ee","rawObjectClass":"LIGHTS","sourceStableId":"1F2B41F8F4A40111"},"sourceKind":"official","official":true,"sourceCellId":"1R7687RI","sourceStableId":"1F2B41F8F4A40111","pipelineFeatureId":"1R7687RI/LIGHTS/16387","provenance":{"cellId":"1R7687RI","checksum":"3f67827210a60b8d0bc7484e27eadd0c3d90c2cbede864e1551bf3c0456621ee","readerVersion":"GDAL 3.2.2","processedAt":"2026-08-11T18:29:20.995Z"}}},{"type":"Feature","geometry":{"type":"Point","coordinates":[3.8174833,51.3428166]},"properties":{"dolphinKind":"light","rawObjectClass":"LIGHTS","sourceProperties":{"RCID":16390,"PRIM":1,"GRUP":2,"OBJL":75,"RVER":1,"AGEN":7979,"FIDN":1106834596,"FIDS":276,"LNAM":"1F2B41F8F4A40114","COLOUR":["4"],"EXCLIT":4,"LITCHR":1,"INFORM":"Bij mist tevens rivierwaarts F Y","SCAMIN":200000,"SORDAT":"20030923","sourceCellId":"1R7687RI","sourceChecksum":"3f67827210a60b8d0bc7484e27eadd0c3d90c2cbede864e1551bf3c0456621ee","rawObjectClass":"LIGHTS","sourceStableId":"1F2B41F8F4A40114"},"sourceKind":"official","official":true,"sourceCellId":"1R7687RI","sourceStableId":"1F2B41F8F4A40114","pipelineFeatureId":"1R7687RI/LIGHTS/16390","provenance":{"cellId":"1R7687RI","checksum":"3f67827210a60b8d0bc7484e27eadd0c3d90c2cbede864e1551bf3c0456621ee","readerVersion":"GDAL 3.2.2","processedAt":"2026-08-11T18:29:20.995Z"}}},{"type":"Feature","geometry":{"type":"Point","coordinates":[3.8201,51.3424667]},"properties":{"dolphinKind":"light","rawObjectClass":"LIGHTS","sourceProperties":{"RCID":16392,"PRIM":1,"GRUP":2,"OBJL":75,"RVER":1,"AGEN":7979,"FIDN":1106834596,"FIDS":278,"LNAM":"1F2B41F8F4A40116","COLOUR":["3"],"EXCLIT":4,"LITCHR":1,"INFORM":"Haven ontoegankelijk: 2 F R(vert.)","SCAMIN":200000,"SORDAT":"20030923","sourceCellId":"1R7687RI","sourceChecksum":"3f67827210a60b8d0bc7484e27eadd0c3d90c2cbede864e1551bf3c0456621ee","rawObjectClass":"LIGHTS","sourceStableId":"1F2B41F8F4A40116"},"sourceKind":"official","official":true,"sourceCellId":"1R7687RI","sourceStableId":"1F2B41F8F4A40116","pipelineFeatureId":"1R7687RI/LIGHTS/16392","provenance":{"cellId":"1R7687RI","checksum":"3f67827210a60b8d0bc7484e27eadd0c3d90c2cbede864e1551bf3c0456621ee","readerVersion":"GDAL 3.2.2","processedAt":"2026-08-11T18:29:20.995Z"}}},{"type":"Feature","geometry":{"type":"Point","coordinates":[3.8273,51.3429834]},"properties":{"dolphinKind":"light","rawObjectClass":"LIGHTS","sourceProperties":{"RCID":16394,"PRIM":1,"GRUP":2,"OBJL":75,"RVER":1,"AGEN":7979,"FIDN":1106834596,"FIDS":280,"LNAM":"1F2B41F8F4A40118","COLOUR":["4"],"EXCLIT":4,"LITCHR":1,"INFORM":"Bij mist tevens rivierwaarts F Y","SCAMIN":200000,"SORDAT":"20030923","sourceCellId":"1R7687RI","sourceChecksum":"3f67827210a60b8d0bc7484e27eadd0c3d90c2cbede864e1551bf3c0456621ee","rawObjectClass":"LIGHTS","sourceStableId":"1F2B41F8F4A40118"},"sourceKind":"official","official":true,"sourceCellId":"1R7687RI","sourceStableId":"1F2B41F8F4A40118","pipelineFeatureId":"1R7687RI/LIGHTS/16394","provenance":{"cellId":"1R7687RI","checksum":"3f67827210a60b8d0bc7484e27eadd0c3d90c2cbede864e1551bf3c0456621ee","readerVersion":"GDAL 3.2.2","processedAt":"2026-08-11T18:29:20.995Z"}}},{"type":"Feature","geometry":{"type":"Point","coordinates":[3.8289333,51.3424]},"properties":{"dolphinKind":"light","rawObjectClass":"LIGHTS","sourceProperties":{"RCID":16396,"PRIM":1,"GRUP":2,"OBJL":75,"RVER":1,"AGEN":7979,"FIDN":1106834596,"FIDS":282,"LNAM":"1F2B41F8F4A4011A","COLOUR":["3"],"EXCLIT":4,"LITCHR":1,"INFORM":"Haven ontoegankelijk: 2 F R(vert.)","SCAMIN":200000,"SORDAT":"20030923","sourceCellId":"1R7687RI","sourceChecksum":"3f67827210a60b8d0bc7484e27eadd0c3d90c2cbede864e1551bf3c0456621ee","rawObjectClass":"LIGHTS","sourceStableId":"1F2B41F8F4A4011A"},"sourceKind":"official","official":true,"sourceCellId":"1R7687RI","sourceStableId":"1F2B41F8F4A4011A","pipelineFeatureId":"1R7687RI/LIGHTS/16396","provenance":{"cellId":"1R7687RI","checksum":"3f67827210a60b8d0bc7484e27eadd0c3d90c2cbede864e1551bf3c0456621ee","readerVersion":"GDAL 3.2.2","processedAt":"2026-08-11T18:29:20.995Z"}}},{"type":"Feature","geometry":{"type":"Point","coordinates":[3.7874283,51.3495283]},"properties":{"dolphinKind":"light","rawObjectClass":"LIGHTS","sourceProperties":{"RCID":16562,"PRIM":1,"GRUP":2,"OBJL":75,"RVER":1,"AGEN":7979,"FIDN":1106834596,"FIDS":448,"LNAM":"1F2B41F8F4A401C0","CATLIT":["4","14"],"COLOUR":["1"],"HEIGHT":8,"LITCHR":8,"OBJNAM":"Lichtijelijn Nieuw Neuzenpolder 125 GR Laag (0126)","SIGGRP":"(1)","SIGPER":5,"VALNMR":14.8,"INFORM":"Versterkt: 117-133 (16) deg. Daglicht. Day: 3 NM","NINFOM":"Lampzichtbaarheid dag: 3 NM","SCAMIN":200000,"SORDAT":"20250120","SORIND":"NL,1R,rprt, MD 038-25","sourceCellId":"1R7687RI","sourceChecksum":"3f67827210a60b8d0bc7484e27eadd0c3d90c2cbede864e1551bf3c0456621ee","rawObjectClass":"LIGHTS","sourceStableId":"1F2B41F8F4A401C0"},"sourceKind":"official","official":true,"sourceCellId":"1R7687RI","sourceStableId":"1F2B41F8F4A401C0","pipelineFeatureId":"1R7687RI/LIGHTS/16562","provenance":{"cellId":"1R7687RI","checksum":"3f67827210a60b8d0bc7484e27eadd0c3d90c2cbede864e1551bf3c0456621ee","readerVersion":"GDAL 3.2.2","processedAt":"2026-08-11T18:29:20.995Z"}}},{"type":"Feature","geometry":{"type":"Point","coordinates":[3.791755,51.34763]},"properties":{"dolphinKind":"light","rawObjectClass":"LIGHTS","sourceProperties":{"RCID":16563,"PRIM":1,"GRUP":2,"OBJL":75,"RVER":1,"AGEN":7979,"FIDN":1106834596,"FIDS":449,"LNAM":"1F2B41F8F4A401C1","CATLIT":["4","15"],"COLOUR":["1"],"HEIGHT":18,"LITCHR":8,"SIGGRP":"(1)","SIGPER":5,"VALNMR":14.8,"INFORM":"Lichtenlijn Nieuw Neuzenpolder 125 GR Hoog (0126.1).  Day: 3 NM","NINFOM":"Lampzichtbaarheid dag: 3 NM","SCAMIN":200000,"SORDAT":"20250120","SORIND":"NL,1R,reprt,MD 038-25","sourceCellId":"1R7687RI","sourceChecksum":"3f67827210a60b8d0bc7484e27eadd0c3d90c2cbede864e1551bf3c0456621ee","rawObjectClass":"LIGHTS","sourceStableId":"1F2B41F8F4A401C1"},"sourceKind":"official","official":true,"sourceCellId":"1R7687RI","sourceStableId":"1F2B41F8F4A401C1","pipelineFeatureId":"1R7687RI/LIGHTS/16563","provenance":{"cellId":"1R7687RI","checksum":"3f67827210a60b8d0bc7484e27eadd0c3d90c2cbede864e1551bf3c0456621ee","readerVersion":"GDAL 3.2.2","processedAt":"2026-08-11T18:29:20.995Z"}}},{"type":"Feature","geometry":{"type":"Point","coordinates":[3.8066666,51.3415]},"properties":{"dolphinKind":"light","rawObjectClass":"LIGHTS","sourceProperties":{"RCID":16570,"PRIM":1,"GRUP":2,"OBJL":75,"RVER":1,"AGEN":7979,"FIDN":1106834596,"FIDS":456,"LNAM":"1F2B41F8F4A401C8","COLOUR":["1","3","4"],"HEIGHT":27,"LITCHR":29,"SIGGRP":"(1)","SIGPER":1,"INFORM":"Licht geeft leiding bij aanlopen van sluis","SCAMIN":200000,"SORDAT":"20030923","sourceCellId":"1R7687RI","sourceChecksum":"3f67827210a60b8d0bc7484e27eadd0c3d90c2cbede864e1551bf3c0456621ee","rawObjectClass":"LIGHTS","sourceStableId":"1F2B41F8F4A401C8"},"sourceKind":"official","official":true,"sourceCellId":"1R7687RI","sourceStableId":"1F2B41F8F4A401C8","pipelineFeatureId":"1R7687RI/LIGHTS/16570","provenance":{"cellId":"1R7687RI","checksum":"3f67827210a60b8d0bc7484e27eadd0c3d90c2cbede864e1551bf3c0456621ee","readerVersion":"GDAL 3.2.2","processedAt":"2026-08-11T18:29:20.995Z"}}},{"type":"Feature","geometry":{"type":"Point","coordinates":[3.80915,51.3353666]},"properties":{"dolphinKind":"light","rawObjectClass":"LIGHTS","sourceProperties":{"RCID":16572,"PRIM":1,"GRUP":2,"OBJL":75,"RVER":1,"AGEN":7979,"FIDN":1106834596,"FIDS":458,"LNAM":"1F2B41F8F4A401CA","CATLIT":["4","14"],"COLOUR":["1"],"HEIGHT":12.5,"LITCHR":7,"SIGGRP":"(1)","SIGPER":4,"SCAMIN":200000,"SORDAT":"20030923","sourceCellId":"1R7687RI","sourceChecksum":"3f67827210a60b8d0bc7484e27eadd0c3d90c2cbede864e1551bf3c0456621ee","rawObjectClass":"LIGHTS","sourceStableId":"1F2B41F8F4A401CA"},"sourceKind":"official","official":true,"sourceCellId":"1R7687RI","sourceStableId":"1F2B41F8F4A401CA","pipelineFeatureId":"1R7687RI/LIGHTS/16572","provenance":{"cellId":"1R7687RI","checksum":"3f67827210a60b8d0bc7484e27eadd0c3d90c2cbede864e1551bf3c0456621ee","readerVersion":"GDAL 3.2.2","processedAt":"2026-08-11T18:29:20.995Z"}}},{"type":"Feature","geometry":{"type":"Point","coordinates":[3.8088666,51.3345834]},"properties":{"dolphinKind":"light","rawObjectClass":"LIGHTS","sourceProperties":{"RCID":16573,"PRIM":1,"GRUP":2,"OBJL":75,"RVER":1,"AGEN":7979,"FIDN":1106834596,"FIDS":459,"LNAM":"1F2B41F8F4A401CB","CATLIT":["4","15"],"COLOUR":["1"],"HEIGHT":15.2,"LITCHR":7,"SIGGRP":"(1)","SIGPER":4,"SCAMIN":200000,"SORDAT":"20030923","sourceCellId":"1R7687RI","sourceChecksum":"3f67827210a60b8d0bc7484e27eadd0c3d90c2cbede864e1551bf3c0456621ee","rawObjectClass":"LIGHTS","sourceStableId":"1F2B41F8F4A401CB"},"sourceKind":"official","official":true,"sourceCellId":"1R7687RI","sourceStableId":"1F2B41F8F4A401CB","pipelineFeatureId":"1R7687RI/LIGHTS/16573","provenance":{"cellId":"1R7687RI","checksum":"3f67827210a60b8d0bc7484e27eadd0c3d90c2cbede864e1551bf3c0456621ee","readerVersion":"GDAL 3.2.2","processedAt":"2026-08-11T18:29:20.995Z"}}},{"type":"Feature","geometry":{"type":"Point","coordinates":[3.8263334,51.3423333]},"properties":{"dolphinKind":"light","rawObjectClass":"LIGHTS","sourceProperties":{"RCID":16577,"PRIM":1,"GRUP":2,"OBJL":75,"RVER":1,"AGEN":7979,"FIDN":1106834596,"FIDS":463,"LNAM":"1F2B41F8F4A401CF","COLOUR":["3"],"LITCHR":8,"SECTR1":90,"SECTR2":115,"SIGGRP":"(1)","SIGPER":5,"SCAMIN":250000,"SORDAT":"20030923","sourceCellId":"1R7687RI","sourceChecksum":"3f67827210a60b8d0bc7484e27eadd0c3d90c2cbede864e1551bf3c0456621ee","rawObjectClass":"LIGHTS","sourceStableId":"1F2B41F8F4A401CF"},"sourceKind":"official","official":true,"sourceCellId":"1R7687RI","sourceStableId":"1F2B41F8F4A401CF","pipelineFeatureId":"1R7687RI/LIGHTS/16577","provenance":{"cellId":"1R7687RI","checksum":"3f67827210a60b8d0bc7484e27eadd0c3d90c2cbede864e1551bf3c0456621ee","readerVersion":"GDAL 3.2.2","processedAt":"2026-08-11T18:29:20.995Z"}}},{"type":"Feature","geometry":{"type":"Point","coordinates":[3.8263334,51.3423333]},"properties":{"dolphinKind":"light","rawObjectClass":"LIGHTS","sourceProperties":{"RCID":16578,"PRIM":1,"GRUP":2,"OBJL":75,"RVER":1,"AGEN":7979,"FIDN":1106834596,"FIDS":464,"LNAM":"1F2B41F8F4A401D0","COLOUR":["1"],"LITCHR":8,"SECTR1":115,"SECTR2":120,"SIGGRP":"(1)","SIGPER":5,"SCAMIN":250000,"SORDAT":"20030923","sourceCellId":"1R7687RI","sourceChecksum":"3f67827210a60b8d0bc7484e27eadd0c3d90c2cbede864e1551bf3c0456621ee","rawObjectClass":"LIGHTS","sourceStableId":"1F2B41F8F4A401D0"},"sourceKind":"official","official":true,"sourceCellId":"1R7687RI","sourceStableId":"1F2B41F8F4A401D0","pipelineFeatureId":"1R7687RI/LIGHTS/16578","provenance":{"cellId":"1R7687RI","checksum":"3f67827210a60b8d0bc7484e27eadd0c3d90c2cbede864e1551bf3c0456621ee","readerVersion":"GDAL 3.2.2","processedAt":"2026-08-11T18:29:20.995Z"}}},{"type":"Feature","geometry":{"type":"Point","coordinates":[3.8263334,51.3423333]},"properties":{"dolphinKind":"light","rawObjectClass":"LIGHTS","sourceProperties":{"RCID":16579,"PRIM":1,"GRUP":2,"OBJL":75,"RVER":1,"AGEN":7979,"FIDN":1106834596,"FIDS":465,"LNAM":"1F2B41F8F4A401D1","COLOUR":["4"],"LITCHR":8,"SECTR1":245,"SECTR2":249,"SIGGRP":"(1)","SIGPER":5,"SCAMIN":250000,"SORDAT":"20030923","sourceCellId":"1R7687RI","sourceChecksum":"3f67827210a60b8d0bc7484e27eadd0c3d90c2cbede864e1551bf3c0456621ee","rawObjectClass":"LIGHTS","sourceStableId":"1F2B41F8F4A401D1"},"sourceKind":"official","official":true,"sourceCellId":"1R7687RI","sourceStableId":"1F2B41F8F4A401D1","pipelineFeatureId":"1R7687RI/LIGHTS/16579","provenance":{"cellId":"1R7687RI","checksum":"3f67827210a60b8d0bc7484e27eadd0c3d90c2cbede864e1551bf3c0456621ee","readerVersion":"GDAL 3.2.2","processedAt":"2026-08-11T18:29:20.995Z"}}},{"type":"Feature","geometry":{"type":"Point","coordinates":[3.8263334,51.3423333]},"properties":{"dolphinKind":"light","rawObjectClass":"LIGHTS","sourceProperties":{"RCID":16580,"PRIM":1,"GRUP":2,"OBJL":75,"RVER":1,"AGEN":7979,"FIDN":1106834596,"FIDS":466,"LNAM":"1F2B41F8F4A401D2","COLOUR":["1"],"LITCHR":8,"SECTR1":249,"SECTR2":279,"SIGGRP":"(1)","SIGPER":5,"SCAMIN":250000,"SORDAT":"20030923","sourceCellId":"1R7687RI","sourceChecksum":"3f67827210a60b8d0bc7484e27eadd0c3d90c2cbede864e1551bf3c0456621ee","rawObjectClass":"LIGHTS","sourceStableId":"1F2B41F8F4A401D2"},"sourceKind":"official","official":true,"sourceCellId":"1R7687RI","sourceStableId":"1F2B41F8F4A401D2","pipelineFeatureId":"1R7687RI/LIGHTS/16580","provenance":{"cellId":"1R7687RI","checksum":"3f67827210a60b8d0bc7484e27eadd0c3d90c2cbede864e1551bf3c0456621ee","readerVersion":"GDAL 3.2.2","processedAt":"2026-08-11T18:29:20.995Z"}}},{"type":"Feature","geometry":{"type":"Point","coordinates":[3.8263334,51.3423333]},"properties":{"dolphinKind":"light","rawObjectClass":"LIGHTS","sourceProperties":{"RCID":16581,"PRIM":1,"GRUP":2,"OBJL":75,"RVER":1,"AGEN":7979,"FIDN":1106834596,"FIDS":467,"LNAM":"1F2B41F8F4A401D3","COLOUR":["3"],"LITCHR":8,"SECTR1":279,"SECTR2":4,"SIGGRP":"(1)","SIGPER":5,"SCAMIN":250000,"SORDAT":"20030923","sourceCellId":"1R7687RI","sourceChecksum":"3f67827210a60b8d0bc7484e27eadd0c3d90c2cbede864e1551bf3c0456621ee","rawObjectClass":"LIGHTS","sourceStableId":"1F2B41F8F4A401D3"},"sourceKind":"official","official":true,"sourceCellId":"1R7687RI","sourceStableId":"1F2B41F8F4A401D3","pipelineFeatureId":"1R7687RI/LIGHTS/16581","provenance":{"cellId":"1R7687RI","checksum":"3f67827210a60b8d0bc7484e27eadd0c3d90c2cbede864e1551bf3c0456621ee","readerVersion":"GDAL 3.2.2","processedAt":"2026-08-11T18:29:20.995Z"}}},{"type":"Feature","geometry":{"type":"Point","coordinates":[3.8263334,51.3423333]},"properties":{"dolphinKind":"light","rawObjectClass":"LIGHTS","sourceProperties":{"RCID":16629,"PRIM":1,"GRUP":2,"OBJL":75,"RVER":1,"AGEN":7979,"FIDN":1106834597,"FIDS":260,"LNAM":"1F2B41F8F4A50104","COLOUR":["1"],"LITCHR":8,"SECTR1":130,"SECTR2":245,"SIGGRP":"(1)","SIGPER":5,"SCAMIN":250000,"SORDAT":"20030923","sourceCellId":"1R7687RI","sourceChecksum":"3f67827210a60b8d0bc7484e27eadd0c3d90c2cbede864e1551bf3c0456621ee","rawObjectClass":"LIGHTS","sourceStableId":"1F2B41F8F4A50104"},"sourceKind":"official","official":true,"sourceCellId":"1R7687RI","sourceStableId":"1F2B41F8F4A50104","pipelineFeatureId":"1R7687RI/LIGHTS/16629","provenance":{"cellId":"1R7687RI","checksum":"3f67827210a60b8d0bc7484e27eadd0c3d90c2cbede864e1551bf3c0456621ee","readerVersion":"GDAL 3.2.2","processedAt":"2026-08-11T18:29:20.995Z"}}},{"type":"Feature","geometry":{"type":"Point","coordinates":[3.9046033,51.3566183]},"properties":{"dolphinKind":"light","rawObjectClass":"LIGHTS","sourceProperties":{"RCID":16656,"PRIM":1,"GRUP":2,"OBJL":75,"RVER":1,"AGEN":7979,"FIDN":1106834597,"FIDS":287,"LNAM":"1F2B41F8F4A5011F","CATLIT":["14","4"],"COLOUR":["1"],"HEIGHT":3,"LITCHR":8,"OBJNAM":"Laag Licht Eendrachtpolder (0162)","SIGGRP":"(1)","SIGPER":5,"VALNMR":8,"SCAMIN":250000,"SORDAT":"20240411","SORIND":"NL,1R,reprt,MD230-24","sourceCellId":"1R7687RI","sourceChecksum":"3f67827210a60b8d0bc7484e27eadd0c3d90c2cbede864e1551bf3c0456621ee","rawObjectClass":"LIGHTS","sourceStableId":"1F2B41F8F4A5011F"},"sourceKind":"official","official":true,"sourceCellId":"1R7687RI","sourceStableId":"1F2B41F8F4A5011F","pipelineFeatureId":"1R7687RI/LIGHTS/16656","provenance":{"cellId":"1R7687RI","checksum":"3f67827210a60b8d0bc7484e27eadd0c3d90c2cbede864e1551bf3c0456621ee","readerVersion":"GDAL 3.2.2","processedAt":"2026-08-11T18:29:20.995Z"}}},{"type":"Feature","geometry":{"type":"Point","coordinates":[3.8263334,51.3423333]},"properties":{"dolphinKind":"light","rawObjectClass":"LIGHTS","sourceProperties":{"RCID":16716,"PRIM":1,"GRUP":2,"OBJL":75,"RVER":1,"AGEN":7979,"FIDN":1106834597,"FIDS":347,"LNAM":"1F2B41F8F4A5015B","COLOUR":["4"],"LITCHR":8,"SECTR1":120,"SECTR2":130,"SIGGRP":"(1)","SIGPER":5,"SCAMIN":250000,"SORDAT":"20030923","sourceCellId":"1R7687RI","sourceChecksum":"3f67827210a60b8d0bc7484e27eadd0c3d90c2cbede864e1551bf3c0456621ee","rawObjectClass":"LIGHTS","sourceStableId":"1F2B41F8F4A5015B"},"sourceKind":"official","official":true,"sourceCellId":"1R7687RI","sourceStableId":"1F2B41F8F4A5015B","pipelineFeatureId":"1R7687RI/LIGHTS/16716","provenance":{"cellId":"1R7687RI","checksum":"3f67827210a60b8d0bc7484e27eadd0c3d90c2cbede864e1551bf3c0456621ee","readerVersion":"GDAL 3.2.2","processedAt":"2026-08-11T18:29:20.995Z"}}},{"type":"Feature","geometry":{"type":"Point","coordinates":[3.757363,51.339324]},"properties":{"dolphinKind":"light","rawObjectClass":"LIGHTS","sourceProperties":{"RCID":16847,"PRIM":1,"GRUP":2,"OBJL":75,"RVER":1,"AGEN":7979,"FIDN":1106834597,"FIDS":478,"LNAM":"1F2B41F8F4A501DE","COLOUR":["4"],"HEIGHT":30,"LITCHR":1,"SECTR1":201.5,"SECTR2":206.5,"SCAMIN":200000,"SORIND":"NL,North Sea Port","sourceCellId":"1R7687RI","sourceChecksum":"3f67827210a60b8d0bc7484e27eadd0c3d90c2cbede864e1551bf3c0456621ee","rawObjectClass":"LIGHTS","sourceStableId":"1F2B41F8F4A501DE"},"sourceKind":"official","official":true,"sourceCellId":"1R7687RI","sourceStableId":"1F2B41F8F4A501DE","pipelineFeatureId":"1R7687RI/LIGHTS/16847","provenance":{"cellId":"1R7687RI","checksum":"3f67827210a60b8d0bc7484e27eadd0c3d90c2cbede864e1551bf3c0456621ee","readerVersion":"GDAL 3.2.2","processedAt":"2026-08-11T18:29:20.995Z"}}},{"type":"Feature","geometry":{"type":"Point","coordinates":[3.757363,51.339324]},"properties":{"dolphinKind":"light","rawObjectClass":"LIGHTS","sourceProperties":{"RCID":16848,"PRIM":1,"GRUP":2,"OBJL":75,"RVER":1,"AGEN":7979,"FIDN":1106834597,"FIDS":479,"LNAM":"1F2B41F8F4A501DF","COLOUR":["1"],"HEIGHT":30,"LITCHR":1,"SECTR1":210.5,"SECTR2":212.5,"SCAMIN":200000,"SORIND":"NL,North Sea Port","sourceCellId":"1R7687RI","sourceChecksum":"3f67827210a60b8d0bc7484e27eadd0c3d90c2cbede864e1551bf3c0456621ee","rawObjectClass":"LIGHTS","sourceStableId":"1F2B41F8F4A501DF"},"sourceKind":"official","official":true,"sourceCellId":"1R7687RI","sourceStableId":"1F2B41F8F4A501DF","pipelineFeatureId":"1R7687RI/LIGHTS/16848","provenance":{"cellId":"1R7687RI","checksum":"3f67827210a60b8d0bc7484e27eadd0c3d90c2cbede864e1551bf3c0456621ee","readerVersion":"GDAL 3.2.2","processedAt":"2026-08-11T18:29:20.995Z"}}},{"type":"Feature","geometry":{"type":"Point","coordinates":[3.757363,51.339324]},"properties":{"dolphinKind":"light","rawObjectClass":"LIGHTS","sourceProperties":{"RCID":16849,"PRIM":1,"GRUP":2,"OBJL":75,"RVER":1,"AGEN":7979,"FIDN":1106834597,"FIDS":480,"LNAM":"1F2B41F8F4A501E0","COLOUR":["3"],"HEIGHT":30,"LITCHR":1,"SECTR1":216.5,"SECTR2":221.5,"SCAMIN":200000,"SORIND":"NL,North Sea Port","sourceCellId":"1R7687RI","sourceChecksum":"3f67827210a60b8d0bc7484e27eadd0c3d90c2cbede864e1551bf3c0456621ee","rawObjectClass":"LIGHTS","sourceStableId":"1F2B41F8F4A501E0"},"sourceKind":"official","official":true,"sourceCellId":"1R7687RI","sourceStableId":"1F2B41F8F4A501E0","pipelineFeatureId":"1R7687RI/LIGHTS/16849","provenance":{"cellId":"1R7687RI","checksum":"3f67827210a60b8d0bc7484e27eadd0c3d90c2cbede864e1551bf3c0456621ee","readerVersion":"GDAL 3.2.2","processedAt":"2026-08-11T18:29:20.995Z"}}},{"type":"Feature","geometry":{"type":"Point","coordinates":[3.757363,51.339324]},"properties":{"dolphinKind":"light","rawObjectClass":"LIGHTS","sourceProperties":{"RCID":16850,"PRIM":1,"GRUP":2,"OBJL":75,"RVER":1,"AGEN":7979,"FIDN":1106834597,"FIDS":481,"LNAM":"1F2B41F8F4A501E1","COLOUR":["1","3"],"HEIGHT":30,"LITCHR":17,"SECTR1":212.5,"SECTR2":216.5,"SIGGRP":"(1)","SIGPER":3,"SCAMIN":200000,"SORIND":"NL,North Sea Port","sourceCellId":"1R7687RI","sourceChecksum":"3f67827210a60b8d0bc7484e27eadd0c3d90c2cbede864e1551bf3c0456621ee","rawObjectClass":"LIGHTS","sourceStableId":"1F2B41F8F4A501E1"},"sourceKind":"official","official":true,"sourceCellId":"1R7687RI","sourceStableId":"1F2B41F8F4A501E1","pipelineFeatureId":"1R7687RI/LIGHTS/16850","provenance":{"cellId":"1R7687RI","checksum":"3f67827210a60b8d0bc7484e27eadd0c3d90c2cbede864e1551bf3c0456621ee","readerVersion":"GDAL 3.2.2","processedAt":"2026-08-11T18:29:20.995Z"}}},{"type":"Feature","geometry":{"type":"Point","coordinates":[3.757363,51.339324]},"properties":{"dolphinKind":"light","rawObjectClass":"LIGHTS","sourceProperties":{"RCID":16851,"PRIM":1,"GRUP":2,"OBJL":75,"RVER":1,"AGEN":7979,"FIDN":1106834597,"FIDS":482,"LNAM":"1F2B41F8F4A501E2","COLOUR":["1","4"],"HEIGHT":30,"LITCHR":17,"SECTR1":206.5,"SECTR2":210.5,"SIGGRP":"(1)","SIGPER":3,"SCAMIN":200000,"SORIND":"NL,North Sea Port","sourceCellId":"1R7687RI","sourceChecksum":"3f67827210a60b8d0bc7484e27eadd0c3d90c2cbede864e1551bf3c0456621ee","rawObjectClass":"LIGHTS","sourceStableId":"1F2B41F8F4A501E2"},"sourceKind":"official","official":true,"sourceCellId":"1R7687RI","sourceStableId":"1F2B41F8F4A501E2","pipelineFeatureId":"1R7687RI/LIGHTS/16851","provenance":{"cellId":"1R7687RI","checksum":"3f67827210a60b8d0bc7484e27eadd0c3d90c2cbede864e1551bf3c0456621ee","readerVersion":"GDAL 3.2.2","processedAt":"2026-08-11T18:29:20.995Z"}}},{"type":"Feature","geometry":{"type":"Point","coordinates":[3.7376121,51.3748587]},"properties":{"dolphinKind":"light","rawObjectClass":"LIGHTS","sourceProperties":{"RCID":17074,"PRIM":1,"GRUP":2,"OBJL":75,"RVER":1,"AGEN":7979,"FIDN":1106834682,"FIDS":390,"LNAM":"1F2B41F8F4FA0186","COLOUR":["3"],"LITCHR":4,"SIGGRP":"(1)","SIGPER":1,"SCAMIN":200000,"SORDAT":"20030930","sourceCellId":"1R7687RI","sourceChecksum":"3f67827210a60b8d0bc7484e27eadd0c3d90c2cbede864e1551bf3c0456621ee","rawObjectClass":"LIGHTS","sourceStableId":"1F2B41F8F4FA0186"},"sourceKind":"official","official":true,"sourceCellId":"1R7687RI","sourceStableId":"1F2B41F8F4FA0186","pipelineFeatureId":"1R7687RI/LIGHTS/17074","provenance":{"cellId":"1R7687RI","checksum":"3f67827210a60b8d0bc7484e27eadd0c3d90c2cbede864e1551bf3c0456621ee","readerVersion":"GDAL 3.2.2","processedAt":"2026-08-11T18:29:20.995Z"}}},{"type":"Feature","geometry":{"type":"Point","coordinates":[3.8386433,51.3724817]},"properties":{"dolphinKind":"light","rawObjectClass":"LIGHTS","sourceProperties":{"RCID":17076,"PRIM":1,"GRUP":2,"OBJL":75,"RVER":1,"AGEN":7979,"FIDN":1106834682,"FIDS":392,"LNAM":"1F2B41F8F4FA0188","COLOUR":["3"],"LITCHR":7,"SIGGRP":"(1)","SIGPER":8,"SCAMIN":200000,"SORDAT":"20221202","SORIND":"NL,1R,reprt,MD 642-22","sourceCellId":"1R7687RI","sourceChecksum":"3f67827210a60b8d0bc7484e27eadd0c3d90c2cbede864e1551bf3c0456621ee","rawObjectClass":"LIGHTS","sourceStableId":"1F2B41F8F4FA0188"},"sourceKind":"official","official":true,"sourceCellId":"1R7687RI","sourceStableId":"1F2B41F8F4FA0188","pipelineFeatureId":"1R7687RI/LIGHTS/17076","provenance":{"cellId":"1R7687RI","checksum":"3f67827210a60b8d0bc7484e27eadd0c3d90c2cbede864e1551bf3c0456621ee","readerVersion":"GDAL 3.2.2","processedAt":"2026-08-11T18:29:20.995Z"}}},{"type":"Feature","geometry":{"type":"Point","coordinates":[3.7359666,51.3679334]},"properties":{"dolphinKind":"light","rawObjectClass":"LIGHTS","sourceProperties":{"RCID":17134,"PRIM":1,"GRUP":2,"OBJL":75,"RVER":1,"AGEN":7979,"FIDN":1106834682,"FIDS":450,"LNAM":"1F2B41F8F4FA01C2","COLOUR":["4"],"LITCHR":7,"SIGGRP":"(1)","SIGPER":8,"SCAMIN":200000,"SORDAT":"20030930","sourceCellId":"1R7687RI","sourceChecksum":"3f67827210a60b8d0bc7484e27eadd0c3d90c2cbede864e1551bf3c0456621ee","rawObjectClass":"LIGHTS","sourceStableId":"1F2B41F8F4FA01C2"},"sourceKind":"official","official":true,"sourceCellId":"1R7687RI","sourceStableId":"1F2B41F8F4FA01C2","pipelineFeatureId":"1R7687RI/LIGHTS/17134","provenance":{"cellId":"1R7687RI","checksum":"3f67827210a60b8d0bc7484e27eadd0c3d90c2cbede864e1551bf3c0456621ee","readerVersion":"GDAL 3.2.2","processedAt":"2026-08-11T18:29:20.995Z"}}},{"type":"Feature","geometry":{"type":"Point","coordinates":[3.7597667,51.3553333]},"properties":{"dolphinKind":"light","rawObjectClass":"LIGHTS","sourceProperties":{"RCID":17226,"PRIM":1,"GRUP":2,"OBJL":75,"RVER":1,"AGEN":7979,"FIDN":1106834683,"FIDS":287,"LNAM":"1F2B41F8F4FB011F","COLOUR":["4"],"LITCHR":7,"SIGGRP":"(1)","SIGPER":4,"SCAMIN":200000,"SORDAT":"20030930","sourceCellId":"1R7687RI","sourceChecksum":"3f67827210a60b8d0bc7484e27eadd0c3d90c2cbede864e1551bf3c0456621ee","rawObjectClass":"LIGHTS","sourceStableId":"1F2B41F8F4FB011F"},"sourceKind":"official","official":true,"sourceCellId":"1R7687RI","sourceStableId":"1F2B41F8F4FB011F","pipelineFeatureId":"1R7687RI/LIGHTS/17226","provenance":{"cellId":"1R7687RI","checksum":"3f67827210a60b8d0bc7484e27eadd0c3d90c2cbede864e1551bf3c0456621ee","readerVersion":"GDAL 3.2.2","processedAt":"2026-08-11T18:29:20.995Z"}}},{"type":"Feature","geometry":{"type":"Point","coordinates":[3.8491667,51.3402]},"properties":{"dolphinKind":"light","rawObjectClass":"LIGHTS","sourceProperties":{"RCID":17233,"PRIM":1,"GRUP":2,"OBJL":75,"RVER":1,"AGEN":7979,"FIDN":1106834683,"FIDS":294,"LNAM":"1F2B41F8F4FB0126","COLOUR":["4"],"LITCHR":4,"SIGGRP":"(1)","SIGPER":1,"SCAMIN":200000,"SORDAT":"20030930","sourceCellId":"1R7687RI","sourceChecksum":"3f67827210a60b8d0bc7484e27eadd0c3d90c2cbede864e1551bf3c0456621ee","rawObjectClass":"LIGHTS","sourceStableId":"1F2B41F8F4FB0126"},"sourceKind":"official","official":true,"sourceCellId":"1R7687RI","sourceStableId":"1F2B41F8F4FB0126","pipelineFeatureId":"1R7687RI/LIGHTS/17233","provenance":{"cellId":"1R7687RI","checksum":"3f67827210a60b8d0bc7484e27eadd0c3d90c2cbede864e1551bf3c0456621ee","readerVersion":"GDAL 3.2.2","processedAt":"2026-08-11T18:29:20.995Z"}}},{"type":"Feature","geometry":{"type":"Point","coordinates":[3.9108667,51.3611833]},"properties":{"dolphinKind":"light","rawObjectClass":"LIGHTS","sourceProperties":{"RCID":17236,"PRIM":1,"GRUP":2,"OBJL":75,"RVER":1,"AGEN":7979,"FIDN":1106834683,"FIDS":297,"LNAM":"1F2B41F8F4FB0129","COLOUR":["4"],"LITCHR":4,"SIGGRP":"(1)","SIGPER":1,"SCAMIN":200000,"SORDAT":"20030930","SORIND":"NL,1R,reprt,BASS029-2014","sourceCellId":"1R7687RI","sourceChecksum":"3f67827210a60b8d0bc7484e27eadd0c3d90c2cbede864e1551bf3c0456621ee","rawObjectClass":"LIGHTS","sourceStableId":"1F2B41F8F4FB0129"},"sourceKind":"official","official":true,"sourceCellId":"1R7687RI","sourceStableId":"1F2B41F8F4FB0129","pipelineFeatureId":"1R7687RI/LIGHTS/17236","provenance":{"cellId":"1R7687RI","checksum":"3f67827210a60b8d0bc7484e27eadd0c3d90c2cbede864e1551bf3c0456621ee","readerVersion":"GDAL 3.2.2","processedAt":"2026-08-11T18:29:20.995Z"}}},{"type":"Feature","geometry":{"type":"Point","coordinates":[3.76425,51.3652167]},"properties":{"dolphinKind":"light","rawObjectClass":"LIGHTS","sourceProperties":{"RCID":17309,"PRIM":1,"GRUP":2,"OBJL":75,"RVER":1,"AGEN":7979,"FIDN":1106834683,"FIDS":370,"LNAM":"1F2B41F8F4FB0172","COLOUR":["3"],"LITCHR":7,"SIGGRP":"(1)","SIGPER":8,"SCAMIN":200000,"SORDAT":"20030930","sourceCellId":"1R7687RI","sourceChecksum":"3f67827210a60b8d0bc7484e27eadd0c3d90c2cbede864e1551bf3c0456621ee","rawObjectClass":"LIGHTS","sourceStableId":"1F2B41F8F4FB0172"},"sourceKind":"official","official":true,"sourceCellId":"1R7687RI","sourceStableId":"1F2B41F8F4FB0172","pipelineFeatureId":"1R7687RI/LIGHTS/17309","provenance":{"cellId":"1R7687RI","checksum":"3f67827210a60b8d0bc7484e27eadd0c3d90c2cbede864e1551bf3c0456621ee","readerVersion":"GDAL 3.2.2","processedAt":"2026-08-11T18:29:20.995Z"}}},{"type":"Feature","geometry":{"type":"Point","coordinates":[3.8137833,51.3488]},"properties":{"dolphinKind":"light","rawObjectClass":"LIGHTS","sourceProperties":{"RCID":17314,"PRIM":1,"GRUP":2,"OBJL":75,"RVER":1,"AGEN":7979,"FIDN":1106834683,"FIDS":375,"LNAM":"1F2B41F8F4FB0177","COLOUR":["3"],"LITCHR":7,"SIGGRP":"(1)","SIGPER":8,"SCAMIN":200000,"SORDAT":"20030930","sourceCellId":"1R7687RI","sourceChecksum":"3f67827210a60b8d0bc7484e27eadd0c3d90c2cbede864e1551bf3c0456621ee","rawObjectClass":"LIGHTS","sourceStableId":"1F2B41F8F4FB0177"},"sourceKind":"official","official":true,"sourceCellId":"1R7687RI","sourceStableId":"1F2B41F8F4FB0177","pipelineFeatureId":"1R7687RI/LIGHTS/17314","provenance":{"cellId":"1R7687RI","checksum":"3f67827210a60b8d0bc7484e27eadd0c3d90c2cbede864e1551bf3c0456621ee","readerVersion":"GDAL 3.2.2","processedAt":"2026-08-11T18:29:20.995Z"}}},{"type":"Feature","geometry":{"type":"Point","coordinates":[3.84625,51.3481666]},"properties":{"dolphinKind":"light","rawObjectClass":"LIGHTS","sourceProperties":{"RCID":17317,"PRIM":1,"GRUP":2,"OBJL":75,"RVER":1,"AGEN":7979,"FIDN":1106834683,"FIDS":378,"LNAM":"1F2B41F8F4FB017A","COLOUR":["3"],"LITCHR":5,"SIGGRP":"(1)","SIGPER":1,"SCAMIN":200000,"SORDAT":"20030930","sourceCellId":"1R7687RI","sourceChecksum":"3f67827210a60b8d0bc7484e27eadd0c3d90c2cbede864e1551bf3c0456621ee","rawObjectClass":"LIGHTS","sourceStableId":"1F2B41F8F4FB017A"},"sourceKind":"official","official":true,"sourceCellId":"1R7687RI","sourceStableId":"1F2B41F8F4FB017A","pipelineFeatureId":"1R7687RI/LIGHTS/17317","provenance":{"cellId":"1R7687RI","checksum":"3f67827210a60b8d0bc7484e27eadd0c3d90c2cbede864e1551bf3c0456621ee","readerVersion":"GDAL 3.2.2","processedAt":"2026-08-11T18:29:20.995Z"}}},{"type":"Feature","geometry":{"type":"Point","coordinates":[3.8656333,51.3523667]},"properties":{"dolphinKind":"light","rawObjectClass":"LIGHTS","sourceProperties":{"RCID":17319,"PRIM":1,"GRUP":2,"OBJL":75,"RVER":1,"AGEN":7979,"FIDN":1106834683,"FIDS":380,"LNAM":"1F2B41F8F4FB017C","COLOUR":["3"],"LITCHR":7,"SIGGRP":"(1)","SIGPER":8,"SCAMIN":200000,"SORDAT":"20030930","sourceCellId":"1R7687RI","sourceChecksum":"3f67827210a60b8d0bc7484e27eadd0c3d90c2cbede864e1551bf3c0456621ee","rawObjectClass":"LIGHTS","sourceStableId":"1F2B41F8F4FB017C"},"sourceKind":"official","official":true,"sourceCellId":"1R7687RI","sourceStableId":"1F2B41F8F4FB017C","pipelineFeatureId":"1R7687RI/LIGHTS/17319","provenance":{"cellId":"1R7687RI","checksum":"3f67827210a60b8d0bc7484e27eadd0c3d90c2cbede864e1551bf3c0456621ee","readerVersion":"GDAL 3.2.2","processedAt":"2026-08-11T18:29:20.995Z"}}},{"type":"Feature","geometry":{"type":"Point","coordinates":[3.8854639,51.3561361]},"properties":{"dolphinKind":"light","rawObjectClass":"LIGHTS","sourceProperties":{"RCID":17321,"PRIM":1,"GRUP":2,"OBJL":75,"RVER":1,"AGEN":7979,"FIDN":1106834683,"FIDS":382,"LNAM":"1F2B41F8F4FB017E","COLOUR":["3"],"LITCHR":7,"SIGGRP":"(1)","SIGPER":4,"SCAMIN":200000,"SORDAT":"20080829","SORIND":"NL,1R,Reprt,Bass 092/08","sourceCellId":"1R7687RI","sourceChecksum":"3f67827210a60b8d0bc7484e27eadd0c3d90c2cbede864e1551bf3c0456621ee","rawObjectClass":"LIGHTS","sourceStableId":"1F2B41F8F4FB017E"},"sourceKind":"official","official":true,"sourceCellId":"1R7687RI","sourceStableId":"1F2B41F8F4FB017E","pipelineFeatureId":"1R7687RI/LIGHTS/17321","provenance":{"cellId":"1R7687RI","checksum":"3f67827210a60b8d0bc7484e27eadd0c3d90c2cbede864e1551bf3c0456621ee","readerVersion":"GDAL 3.2.2","processedAt":"2026-08-11T18:29:20.995Z"}}},{"type":"Feature","geometry":{"type":"Point","coordinates":[3.8719883,51.34618]},"properties":{"dolphinKind":"light","rawObjectClass":"LIGHTS","sourceProperties":{"RCID":17667,"PRIM":1,"GRUP":2,"OBJL":75,"RVER":1,"AGEN":7979,"FIDN":1106834684,"FIDS":473,"LNAM":"1F2B41F8F4FC01D9","COLOUR":["4"],"LITCHR":7,"SIGGRP":"(1)","SIGPER":8,"SCAMIN":200000,"SORDAT":"20030930","sourceCellId":"1R7687RI","sourceChecksum":"3f67827210a60b8d0bc7484e27eadd0c3d90c2cbede864e1551bf3c0456621ee","rawObjectClass":"LIGHTS","sourceStableId":"1F2B41F8F4FC01D9"},"sourceKind":"official","official":true,"sourceCellId":"1R7687RI","sourceStableId":"1F2B41F8F4FC01D9","pipelineFeatureId":"1R7687RI/LIGHTS/17667","provenance":{"cellId":"1R7687RI","checksum":"3f67827210a60b8d0bc7484e27eadd0c3d90c2cbede864e1551bf3c0456621ee","readerVersion":"GDAL 3.2.2","processedAt":"2026-08-11T18:29:20.995Z"}}},{"type":"Feature","geometry":{"type":"Point","coordinates":[3.7858468,51.3503213]},"properties":{"dolphinKind":"light","rawObjectClass":"LIGHTS","sourceProperties":{"RCID":25605,"PRIM":1,"GRUP":2,"OBJL":75,"RVER":1,"AGEN":7979,"FIDN":1114600938,"FIDS":264,"LNAM":"1F2B426F75EA0108","COLOUR":["6"],"LITCHR":2,"SIGGRP":"(3)","SIGPER":10,"SCAMIN":200000,"SORDAT":"20160705","SORIND":"NL,1R,Reprt,BASS087-2016","sourceCellId":"1R7687RI","sourceChecksum":"3f67827210a60b8d0bc7484e27eadd0c3d90c2cbede864e1551bf3c0456621ee","rawObjectClass":"LIGHTS","sourceStableId":"1F2B426F75EA0108"},"sourceKind":"official","official":true,"sourceCellId":"1R7687RI","sourceStableId":"1F2B426F75EA0108","pipelineFeatureId":"1R7687RI/LIGHTS/25605","provenance":{"cellId":"1R7687RI","checksum":"3f67827210a60b8d0bc7484e27eadd0c3d90c2cbede864e1551bf3c0456621ee","readerVersion":"GDAL 3.2.2","processedAt":"2026-08-11T18:29:20.995Z"}}},{"type":"Feature","geometry":{"type":"Point","coordinates":[3.7898482,51.3498113]},"properties":{"dolphinKind":"light","rawObjectClass":"LIGHTS","sourceProperties":{"RCID":25606,"PRIM":1,"GRUP":2,"OBJL":75,"RVER":1,"AGEN":7979,"FIDN":1114600938,"FIDS":265,"LNAM":"1F2B426F75EA0109","COLOUR":["6"],"LITCHR":2,"SIGGRP":"(3)","SIGPER":10,"SCAMIN":200000,"SORDAT":"20160705","SORIND":"NL,1R,Reprt,BASS087-2016","sourceCellId":"1R7687RI","sourceChecksum":"3f67827210a60b8d0bc7484e27eadd0c3d90c2cbede864e1551bf3c0456621ee","rawObjectClass":"LIGHTS","sourceStableId":"1F2B426F75EA0109"},"sourceKind":"official","official":true,"sourceCellId":"1R7687RI","sourceStableId":"1F2B426F75EA0109","pipelineFeatureId":"1R7687RI/LIGHTS/25606","provenance":{"cellId":"1R7687RI","checksum":"3f67827210a60b8d0bc7484e27eadd0c3d90c2cbede864e1551bf3c0456621ee","readerVersion":"GDAL 3.2.2","processedAt":"2026-08-11T18:29:20.995Z"}}},{"type":"Feature","geometry":{"type":"Point","coordinates":[3.863685,51.3669133]},"properties":{"dolphinKind":"light","rawObjectClass":"LIGHTS","sourceProperties":{"RCID":26578,"PRIM":1,"GRUP":2,"OBJL":75,"RVER":1,"AGEN":7979,"FIDN":1125039968,"FIDS":1,"LNAM":"1F2B430EBF600001","COLOUR":["3"],"LITCHR":4,"SIGGRP":"(1)","SCAMIN":200000,"SORDAT":"20230111","SORIND":"NL,1R,reprt,ENC verbetering","sourceCellId":"1R7687RI","sourceChecksum":"3f67827210a60b8d0bc7484e27eadd0c3d90c2cbede864e1551bf3c0456621ee","rawObjectClass":"LIGHTS","sourceStableId":"1F2B430EBF600001"},"sourceKind":"official","official":true,"sourceCellId":"1R7687RI","sourceStableId":"1F2B430EBF600001","pipelineFeatureId":"1R7687RI/LIGHTS/26578","provenance":{"cellId":"1R7687RI","checksum":"3f67827210a60b8d0bc7484e27eadd0c3d90c2cbede864e1551bf3c0456621ee","readerVersion":"GDAL 3.2.2","processedAt":"2026-08-11T18:29:20.995Z"}}},{"type":"Feature","geometry":{"type":"Point","coordinates":[3.76155,51.3367166]},"properties":{"dolphinKind":"light","rawObjectClass":"LIGHTS","sourceProperties":{"RCID":2928045,"PRIM":1,"GRUP":2,"OBJL":75,"RVER":1,"AGEN":7979,"FIDN":2928045,"FIDS":1,"LNAM":"1F2B002CADAD0001","CATLIT":["4","15"],"COLOUR":["1"],"HEIGHT":16.3,"LITCHR":7,"SIGGRP":"(1)","SIGPER":4,"SCAMIN":200000,"SORDAT":"20060923","SORIND":"NL,North Sea Port","sourceCellId":"1R7687RI","sourceChecksum":"3f67827210a60b8d0bc7484e27eadd0c3d90c2cbede864e1551bf3c0456621ee","rawObjectClass":"LIGHTS","sourceStableId":"1F2B002CADAD0001"},"sourceKind":"official","official":true,"sourceCellId":"1R7687RI","sourceStableId":"1F2B002CADAD0001","pipelineFeatureId":"1R7687RI/LIGHTS/2928045","provenance":{"cellId":"1R7687RI","checksum":"3f67827210a60b8d0bc7484e27eadd0c3d90c2cbede864e1551bf3c0456621ee","readerVersion":"GDAL 3.2.2","processedAt":"2026-08-11T18:29:20.995Z"}}},{"type":"Feature","geometry":{"type":"Point","coordinates":[3.7619187,51.3379118]},"properties":{"dolphinKind":"light","rawObjectClass":"LIGHTS","sourceProperties":{"RCID":2928046,"PRIM":1,"GRUP":2,"OBJL":75,"RVER":1,"AGEN":7979,"FIDN":2928046,"FIDS":1,"LNAM":"1F2B002CADAE0001","CATLIT":["4","14"],"COLOUR":["1"],"HEIGHT":12.5,"LITCHR":7,"SIGGRP":"(1)","SIGPER":4,"SCAMIN":200000,"SORDAT":"20030923","SORIND":"NL,North Sea Port","sourceCellId":"1R7687RI","sourceChecksum":"3f67827210a60b8d0bc7484e27eadd0c3d90c2cbede864e1551bf3c0456621ee","rawObjectClass":"LIGHTS","sourceStableId":"1F2B002CADAE0001"},"sourceKind":"official","official":true,"sourceCellId":"1R7687RI","sourceStableId":"1F2B002CADAE0001","pipelineFeatureId":"1R7687RI/LIGHTS/2928046","provenance":{"cellId":"1R7687RI","checksum":"3f67827210a60b8d0bc7484e27eadd0c3d90c2cbede864e1551bf3c0456621ee","readerVersion":"GDAL 3.2.2","processedAt":"2026-08-11T18:29:20.995Z"}}},{"type":"Feature","geometry":{"type":"Point","coordinates":[3.74515,51.3582]},"properties":{"dolphinKind":"light","rawObjectClass":"LIGHTS","sourceProperties":{"RCID":13017627,"PRIM":1,"GRUP":2,"OBJL":75,"RVER":1,"AGEN":7979,"FIDN":13017627,"FIDS":1,"LNAM":"1F2B00C6A21B0001","COLOUR":["6"],"LITCHR":2,"SIGGRP":"(5)","SIGPER":20,"SCAMIN":200000,"SORDAT":"20081028","SORIND":"NL,1R,Reprt,Bass 111/08","sourceCellId":"1R7687RI","sourceChecksum":"3f67827210a60b8d0bc7484e27eadd0c3d90c2cbede864e1551bf3c0456621ee","rawObjectClass":"LIGHTS","sourceStableId":"1F2B00C6A21B0001"},"sourceKind":"official","official":true,"sourceCellId":"1R7687RI","sourceStableId":"1F2B00C6A21B0001","pipelineFeatureId":"1R7687RI/LIGHTS/13017627","provenance":{"cellId":"1R7687RI","checksum":"3f67827210a60b8d0bc7484e27eadd0c3d90c2cbede864e1551bf3c0456621ee","readerVersion":"GDAL 3.2.2","processedAt":"2026-08-11T18:29:20.995Z"}}},{"type":"Feature","geometry":{"type":"Point","coordinates":[3.765918,51.341838]},"properties":{"dolphinKind":"light","rawObjectClass":"LIGHTS","sourceProperties":{"RCID":14399839,"PRIM":1,"GRUP":2,"OBJL":75,"RVER":1,"AGEN":7979,"FIDN":14399839,"FIDS":1,"LNAM":"1F2B00DBB95F0001","COLOUR":["3"],"LITCHR":7,"SIGGRP":"(1)","SIGPER":8,"SCAMIN":200000,"SORIND":"NL,North Sea Port","sourceCellId":"1R7687RI","sourceChecksum":"3f67827210a60b8d0bc7484e27eadd0c3d90c2cbede864e1551bf3c0456621ee","rawObjectClass":"LIGHTS","sourceStableId":"1F2B00DBB95F0001"},"sourceKind":"official","official":true,"sourceCellId":"1R7687RI","sourceStableId":"1F2B00DBB95F0001","pipelineFeatureId":"1R7687RI/LIGHTS/14399839","provenance":{"cellId":"1R7687RI","checksum":"3f67827210a60b8d0bc7484e27eadd0c3d90c2cbede864e1551bf3c0456621ee","readerVersion":"GDAL 3.2.2","processedAt":"2026-08-11T18:29:20.995Z"}}},{"type":"Feature","geometry":{"type":"Point","coordinates":[3.91847,51.37379]},"properties":{"dolphinKind":"light","rawObjectClass":"LIGHTS","sourceProperties":{"RCID":21081181,"PRIM":1,"GRUP":2,"OBJL":75,"RVER":1,"AGEN":7979,"FIDN":21081181,"FIDS":1,"LNAM":"1F2B0141AC5D0001","COLOUR":["6"],"LITCHR":2,"SIGGRP":"(5)","SIGPER":20,"SCAMIN":200000,"SORDAT":"20091007","SORIND":"NL,1R,reprt,Bass 101/09","sourceCellId":"1R7687RI","sourceChecksum":"3f67827210a60b8d0bc7484e27eadd0c3d90c2cbede864e1551bf3c0456621ee","rawObjectClass":"LIGHTS","sourceStableId":"1F2B0141AC5D0001"},"sourceKind":"official","official":true,"sourceCellId":"1R7687RI","sourceStableId":"1F2B0141AC5D0001","pipelineFeatureId":"1R7687RI/LIGHTS/21081181","provenance":{"cellId":"1R7687RI","checksum":"3f67827210a60b8d0bc7484e27eadd0c3d90c2cbede864e1551bf3c0456621ee","readerVersion":"GDAL 3.2.2","processedAt":"2026-08-11T18:29:20.995Z"}}},{"type":"Feature","geometry":{"type":"Point","coordinates":[3.9105833,51.36765]},"properties":{"dolphinKind":"light","rawObjectClass":"LIGHTS","sourceProperties":{"RCID":28369300,"PRIM":1,"GRUP":2,"OBJL":75,"RVER":1,"AGEN":7979,"FIDN":28369300,"FIDS":1,"LNAM":"1F2B01B0E1940001","COLOUR":["3"],"LITCHR":7,"SIGGRP":"(1)","SIGPER":8,"SCAMIN":200000,"SORDAT":"20090420","SORIND":"NL,1R,reprt,NavBer 36","sourceCellId":"1R7687RI","sourceChecksum":"3f67827210a60b8d0bc7484e27eadd0c3d90c2cbede864e1551bf3c0456621ee","rawObjectClass":"LIGHTS","sourceStableId":"1F2B01B0E1940001"},"sourceKind":"official","official":true,"sourceCellId":"1R7687RI","sourceStableId":"1F2B01B0E1940001","pipelineFeatureId":"1R7687RI/LIGHTS/28369300","provenance":{"cellId":"1R7687RI","checksum":"3f67827210a60b8d0bc7484e27eadd0c3d90c2cbede864e1551bf3c0456621ee","readerVersion":"GDAL 3.2.2","processedAt":"2026-08-11T18:29:20.995Z"}}},{"type":"Feature","geometry":{"type":"Point","coordinates":[3.8771417,51.3682183]},"properties":{"dolphinKind":"light","rawObjectClass":"LIGHTS","sourceProperties":{"RCID":32281241,"PRIM":1,"GRUP":2,"OBJL":75,"RVER":1,"AGEN":7979,"FIDN":32281241,"FIDS":1,"LNAM":"1F2B01EC92990001","COLOUR":["4"],"LITCHR":7,"SIGGRP":"(1)","SIGPER":4,"SCAMIN":200000,"SORDAT":"20221202","SORIND":"NL,1R,reprt,MD 642-22","sourceCellId":"1R7687RI","sourceChecksum":"3f67827210a60b8d0bc7484e27eadd0c3d90c2cbede864e1551bf3c0456621ee","rawObjectClass":"LIGHTS","sourceStableId":"1F2B01EC92990001"},"sourceKind":"official","official":true,"sourceCellId":"1R7687RI","sourceStableId":"1F2B01EC92990001","pipelineFeatureId":"1R7687RI/LIGHTS/32281241","provenance":{"cellId":"1R7687RI","checksum":"3f67827210a60b8d0bc7484e27eadd0c3d90c2cbede864e1551bf3c0456621ee","readerVersion":"GDAL 3.2.2","processedAt":"2026-08-11T18:29:20.995Z"}}},{"type":"Feature","geometry":{"type":"Point","coordinates":[3.8751083,51.3705333]},"properties":{"dolphinKind":"light","rawObjectClass":"LIGHTS","sourceProperties":{"RCID":78143149,"PRIM":1,"GRUP":2,"OBJL":75,"RVER":1,"AGEN":7979,"FIDN":78143149,"FIDS":1,"LNAM":"1F2B04A85EAD0001","COLOUR":["3"],"LITCHR":7,"SIGGRP":"(1)","SIGPER":4,"SCAMIN":200000,"SORDAT":"20221202","SORIND":"NL,1R,reprt,MD 642-22","sourceCellId":"1R7687RI","sourceChecksum":"3f67827210a60b8d0bc7484e27eadd0c3d90c2cbede864e1551bf3c0456621ee","rawObjectClass":"LIGHTS","sourceStableId":"1F2B04A85EAD0001"},"sourceKind":"official","official":true,"sourceCellId":"1R7687RI","sourceStableId":"1F2B04A85EAD0001","pipelineFeatureId":"1R7687RI/LIGHTS/78143149","provenance":{"cellId":"1R7687RI","checksum":"3f67827210a60b8d0bc7484e27eadd0c3d90c2cbede864e1551bf3c0456621ee","readerVersion":"GDAL 3.2.2","processedAt":"2026-08-11T18:29:20.995Z"}}},{"type":"Feature","geometry":{"type":"Point","coordinates":[3.8234333,51.3436833]},"properties":{"dolphinKind":"light","rawObjectClass":"LIGHTS","sourceProperties":{"RCID":94006395,"PRIM":1,"GRUP":2,"OBJL":75,"RVER":1,"AGEN":7979,"FIDN":94006395,"FIDS":1,"LNAM":"1F2B059A6C7B0001","COLOUR":["4"],"LITCHR":4,"OBJNAM":"25C","SIGGRP":"(1)","SCAMIN":200000,"SORDAT":"20230111","SORIND":"NL,1R,reprt,ENC verbetering","sourceCellId":"1R7687RI","sourceChecksum":"3f67827210a60b8d0bc7484e27eadd0c3d90c2cbede864e1551bf3c0456621ee","rawObjectClass":"LIGHTS","sourceStableId":"1F2B059A6C7B0001"},"sourceKind":"official","official":true,"sourceCellId":"1R7687RI","sourceStableId":"1F2B059A6C7B0001","pipelineFeatureId":"1R7687RI/LIGHTS/94006395","provenance":{"cellId":"1R7687RI","checksum":"3f67827210a60b8d0bc7484e27eadd0c3d90c2cbede864e1551bf3c0456621ee","readerVersion":"GDAL 3.2.2","processedAt":"2026-08-11T18:29:20.995Z"}}},{"type":"Feature","geometry":{"type":"Point","coordinates":[3.8637783,51.36504]},"properties":{"dolphinKind":"light","rawObjectClass":"LIGHTS","sourceProperties":{"RCID":132578750,"PRIM":1,"GRUP":2,"OBJL":75,"RVER":1,"AGEN":7979,"FIDN":132578750,"FIDS":1,"LNAM":"1F2B07E6FDBE0001","COLOUR":["4"],"LITCHR":4,"SIGGRP":"(1)","SCAMIN":200000,"SORDAT":"20221202","SORIND":"NL,1R,reprt,MD 642-22","sourceCellId":"1R7687RI","sourceChecksum":"3f67827210a60b8d0bc7484e27eadd0c3d90c2cbede864e1551bf3c0456621ee","rawObjectClass":"LIGHTS","sourceStableId":"1F2B07E6FDBE0001"},"sourceKind":"official","official":true,"sourceCellId":"1R7687RI","sourceStableId":"1F2B07E6FDBE0001","pipelineFeatureId":"1R7687RI/LIGHTS/132578750","provenance":{"cellId":"1R7687RI","checksum":"3f67827210a60b8d0bc7484e27eadd0c3d90c2cbede864e1551bf3c0456621ee","readerVersion":"GDAL 3.2.2","processedAt":"2026-08-11T18:29:20.995Z"}}},{"type":"Feature","geometry":{"type":"Point","coordinates":[3.8465433,51.3670917]},"properties":{"dolphinKind":"light","rawObjectClass":"LIGHTS","sourceProperties":{"RCID":162030002,"PRIM":1,"GRUP":2,"OBJL":75,"RVER":1,"AGEN":7979,"FIDN":162030002,"FIDS":1,"LNAM":"1F2B09A861B20001","COLOUR":["6"],"LITCHR":2,"SIGGRP":"(3)","SIGPER":10,"SCAMIN":200000,"SORDAT":"20230228","SORIND":"NL,1R,reprt,MD 070-23","sourceCellId":"1R7687RI","sourceChecksum":"3f67827210a60b8d0bc7484e27eadd0c3d90c2cbede864e1551bf3c0456621ee","rawObjectClass":"LIGHTS","sourceStableId":"1F2B09A861B20001"},"sourceKind":"official","official":true,"sourceCellId":"1R7687RI","sourceStableId":"1F2B09A861B20001","pipelineFeatureId":"1R7687RI/LIGHTS/162030002","provenance":{"cellId":"1R7687RI","checksum":"3f67827210a60b8d0bc7484e27eadd0c3d90c2cbede864e1551bf3c0456621ee","readerVersion":"GDAL 3.2.2","processedAt":"2026-08-11T18:29:20.995Z"}}},{"type":"Feature","geometry":{"type":"Point","coordinates":[3.7885019,51.350416]},"properties":{"dolphinKind":"light","rawObjectClass":"LIGHTS","sourceProperties":{"RCID":179967578,"PRIM":1,"GRUP":2,"OBJL":75,"RVER":1,"AGEN":7979,"FIDN":179967578,"FIDS":1,"LNAM":"1F2B0ABA165A0001","COLOUR":["3"],"LITCHR":2,"SIGGRP":"(3)","SIGPER":10,"SCAMIN":200000,"SORDAT":"20160705","SORIND":"NL,North Sea Ports | BASS087-2016","sourceCellId":"1R7687RI","sourceChecksum":"3f67827210a60b8d0bc7484e27eadd0c3d90c2cbede864e1551bf3c0456621ee","rawObjectClass":"LIGHTS","sourceStableId":"1F2B0ABA165A0001"},"sourceKind":"official","official":true,"sourceCellId":"1R7687RI","sourceStableId":"1F2B0ABA165A0001","pipelineFeatureId":"1R7687RI/LIGHTS/179967578","provenance":{"cellId":"1R7687RI","checksum":"3f67827210a60b8d0bc7484e27eadd0c3d90c2cbede864e1551bf3c0456621ee","readerVersion":"GDAL 3.2.2","processedAt":"2026-08-11T18:29:20.995Z"}}},{"type":"Feature","geometry":{"type":"Point","coordinates":[3.7875771,51.3505769]},"properties":{"dolphinKind":"light","rawObjectClass":"LIGHTS","sourceProperties":{"RCID":179967579,"PRIM":1,"GRUP":2,"OBJL":75,"RVER":1,"AGEN":7979,"FIDN":179967579,"FIDS":1,"LNAM":"1F2B0ABA165B0001","COLOUR":["3"],"LITCHR":2,"SIGGRP":"(3)","SIGPER":10,"SCAMIN":200000,"SORDAT":"20160705","SORIND":"NL,North Sea Ports | BASS087-2016","sourceCellId":"1R7687RI","sourceChecksum":"3f67827210a60b8d0bc7484e27eadd0c3d90c2cbede864e1551bf3c0456621ee","rawObjectClass":"LIGHTS","sourceStableId":"1F2B0ABA165B0001"},"sourceKind":"official","official":true,"sourceCellId":"1R7687RI","sourceStableId":"1F2B0ABA165B0001","pipelineFeatureId":"1R7687RI/LIGHTS/179967579","provenance":{"cellId":"1R7687RI","checksum":"3f67827210a60b8d0bc7484e27eadd0c3d90c2cbede864e1551bf3c0456621ee","readerVersion":"GDAL 3.2.2","processedAt":"2026-08-11T18:29:20.995Z"}}},{"type":"Feature","geometry":{"type":"Point","coordinates":[3.7937783,51.35508]},"properties":{"dolphinKind":"light","rawObjectClass":"LIGHTS","sourceProperties":{"RCID":187830852,"PRIM":1,"GRUP":2,"OBJL":75,"RVER":1,"AGEN":7979,"FIDN":187830852,"FIDS":1,"LNAM":"1F2B0B3212440001","COLOUR":["3"],"LITCHR":7,"SIGGRP":"(1)","SIGPER":4,"SCAMIN":200000,"sourceCellId":"1R7687RI","sourceChecksum":"3f67827210a60b8d0bc7484e27eadd0c3d90c2cbede864e1551bf3c0456621ee","rawObjectClass":"LIGHTS","sourceStableId":"1F2B0B3212440001"},"sourceKind":"official","official":true,"sourceCellId":"1R7687RI","sourceStableId":"1F2B0B3212440001","pipelineFeatureId":"1R7687RI/LIGHTS/187830852","provenance":{"cellId":"1R7687RI","checksum":"3f67827210a60b8d0bc7484e27eadd0c3d90c2cbede864e1551bf3c0456621ee","readerVersion":"GDAL 3.2.2","processedAt":"2026-08-11T18:29:20.995Z"}}},{"type":"Feature","geometry":{"type":"Point","coordinates":[3.82247,51.37099]},"properties":{"dolphinKind":"light","rawObjectClass":"LIGHTS","sourceProperties":{"RCID":219095367,"PRIM":1,"GRUP":2,"OBJL":75,"RVER":1,"AGEN":7979,"FIDN":219095367,"FIDS":1,"LNAM":"1F2B0D0F21470001","COLOUR":["4"],"LITCHR":7,"SIGGRP":"(1)","SIGPER":4,"SCAMIN":200000,"SORDAT":"20170321","SORIND":"NL,1R,reprt,MD 080-17","sourceCellId":"1R7687RI","sourceChecksum":"3f67827210a60b8d0bc7484e27eadd0c3d90c2cbede864e1551bf3c0456621ee","rawObjectClass":"LIGHTS","sourceStableId":"1F2B0D0F21470001"},"sourceKind":"official","official":true,"sourceCellId":"1R7687RI","sourceStableId":"1F2B0D0F21470001","pipelineFeatureId":"1R7687RI/LIGHTS/219095367","provenance":{"cellId":"1R7687RI","checksum":"3f67827210a60b8d0bc7484e27eadd0c3d90c2cbede864e1551bf3c0456621ee","readerVersion":"GDAL 3.2.2","processedAt":"2026-08-11T18:29:20.995Z"}}},{"type":"Feature","geometry":{"type":"Point","coordinates":[3.8246498,51.3257412]},"properties":{"dolphinKind":"light","rawObjectClass":"LIGHTS","sourceProperties":{"RCID":326456425,"PRIM":1,"GRUP":2,"OBJL":75,"RVER":1,"AGEN":7979,"FIDN":326456425,"FIDS":1,"LNAM":"1F2B137554690001","COLOUR":["3"],"LITCHR":7,"SIGGRP":"(1)","SIGPER":6,"SCAMIN":200000,"SORDAT":"20190920","SORIND":"NL,1R,reprt,RWS-ZLD","sourceCellId":"1R7687RI","sourceChecksum":"3f67827210a60b8d0bc7484e27eadd0c3d90c2cbede864e1551bf3c0456621ee","rawObjectClass":"LIGHTS","sourceStableId":"1F2B137554690001"},"sourceKind":"official","official":true,"sourceCellId":"1R7687RI","sourceStableId":"1F2B137554690001","pipelineFeatureId":"1R7687RI/LIGHTS/326456425","provenance":{"cellId":"1R7687RI","checksum":"3f67827210a60b8d0bc7484e27eadd0c3d90c2cbede864e1551bf3c0456621ee","readerVersion":"GDAL 3.2.2","processedAt":"2026-08-11T18:29:20.995Z"}}},{"type":"Feature","geometry":{"type":"Point","coordinates":[3.848305,51.3689133]},"properties":{"dolphinKind":"light","rawObjectClass":"LIGHTS","sourceProperties":{"RCID":377403883,"PRIM":1,"GRUP":2,"OBJL":75,"RVER":1,"AGEN":7979,"FIDN":377403883,"FIDS":1,"LNAM":"1F2B167EB9EB0001","COLOUR":["6"],"LITCHR":2,"SIGGRP":"(3)","SIGPER":10,"SCAMIN":200000,"SORDAT":"20230228","SORIND":"NL,1R,reprt,MD 070-23","sourceCellId":"1R7687RI","sourceChecksum":"3f67827210a60b8d0bc7484e27eadd0c3d90c2cbede864e1551bf3c0456621ee","rawObjectClass":"LIGHTS","sourceStableId":"1F2B167EB9EB0001"},"sourceKind":"official","official":true,"sourceCellId":"1R7687RI","sourceStableId":"1F2B167EB9EB0001","pipelineFeatureId":"1R7687RI/LIGHTS/377403883","provenance":{"cellId":"1R7687RI","checksum":"3f67827210a60b8d0bc7484e27eadd0c3d90c2cbede864e1551bf3c0456621ee","readerVersion":"GDAL 3.2.2","processedAt":"2026-08-11T18:29:20.995Z"}}},{"type":"Feature","geometry":{"type":"Point","coordinates":[3.8891583,51.3733883]},"properties":{"dolphinKind":"light","rawObjectClass":"LIGHTS","sourceProperties":{"RCID":377444037,"PRIM":1,"GRUP":2,"OBJL":75,"RVER":1,"AGEN":7979,"FIDN":377444037,"FIDS":1,"LNAM":"1F2B167F56C50001","COLOUR":["4"],"LITCHR":4,"SIGGRP":"(1)","SCAMIN":200000,"SORDAT":"20221202","SORIND":"NL,1R,reprt,MD 642-22","sourceCellId":"1R7687RI","sourceChecksum":"3f67827210a60b8d0bc7484e27eadd0c3d90c2cbede864e1551bf3c0456621ee","rawObjectClass":"LIGHTS","sourceStableId":"1F2B167F56C50001"},"sourceKind":"official","official":true,"sourceCellId":"1R7687RI","sourceStableId":"1F2B167F56C50001","pipelineFeatureId":"1R7687RI/LIGHTS/377444037","provenance":{"cellId":"1R7687RI","checksum":"3f67827210a60b8d0bc7484e27eadd0c3d90c2cbede864e1551bf3c0456621ee","readerVersion":"GDAL 3.2.2","processedAt":"2026-08-11T18:29:20.995Z"}}},{"type":"Feature","geometry":{"type":"Point","coordinates":[3.9277,51.3689833]},"properties":{"dolphinKind":"light","rawObjectClass":"LIGHTS","sourceProperties":{"RCID":409591950,"PRIM":1,"GRUP":2,"OBJL":75,"RVER":1,"AGEN":7979,"FIDN":409591950,"FIDS":1,"LNAM":"1F2B1869E08E0001","COLOUR":["4"],"LITCHR":7,"SIGGRP":"(1)","SIGPER":4,"SCAMIN":200000,"SORDAT":"20210313","sourceCellId":"1R7687RI","sourceChecksum":"3f67827210a60b8d0bc7484e27eadd0c3d90c2cbede864e1551bf3c0456621ee","rawObjectClass":"LIGHTS","sourceStableId":"1F2B1869E08E0001"},"sourceKind":"official","official":true,"sourceCellId":"1R7687RI","sourceStableId":"1F2B1869E08E0001","pipelineFeatureId":"1R7687RI/LIGHTS/409591950","provenance":{"cellId":"1R7687RI","checksum":"3f67827210a60b8d0bc7484e27eadd0c3d90c2cbede864e1551bf3c0456621ee","readerVersion":"GDAL 3.2.2","processedAt":"2026-08-11T18:29:20.995Z"}}},{"type":"Feature","geometry":{"type":"Point","coordinates":[3.807863,51.343409]},"properties":{"dolphinKind":"light","rawObjectClass":"LIGHTS","sourceProperties":{"RCID":431477766,"PRIM":1,"GRUP":2,"OBJL":75,"RVER":1,"AGEN":7979,"FIDN":431477766,"FIDS":1,"LNAM":"1F2B19B7D4060001","COLOUR":["1"],"LITCHR":1,"SCAMIN":200000,"SORDAT":"20210922","sourceCellId":"1R7687RI","sourceChecksum":"3f67827210a60b8d0bc7484e27eadd0c3d90c2cbede864e1551bf3c0456621ee","rawObjectClass":"LIGHTS","sourceStableId":"1F2B19B7D4060001"},"sourceKind":"official","official":true,"sourceCellId":"1R7687RI","sourceStableId":"1F2B19B7D4060001","pipelineFeatureId":"1R7687RI/LIGHTS/431477766","provenance":{"cellId":"1R7687RI","checksum":"3f67827210a60b8d0bc7484e27eadd0c3d90c2cbede864e1551bf3c0456621ee","readerVersion":"GDAL 3.2.2","processedAt":"2026-08-11T18:29:20.995Z"}}},{"type":"Feature","geometry":{"type":"Point","coordinates":[3.8078782,51.3434677]},"properties":{"dolphinKind":"light","rawObjectClass":"LIGHTS","sourceProperties":{"RCID":431477767,"PRIM":1,"GRUP":2,"OBJL":75,"RVER":1,"AGEN":7979,"FIDN":431477767,"FIDS":1,"LNAM":"1F2B19B7D4070001","COLOUR":["1"],"LITCHR":1,"SCAMIN":200000,"SORDAT":"20210922","sourceCellId":"1R7687RI","sourceChecksum":"3f67827210a60b8d0bc7484e27eadd0c3d90c2cbede864e1551bf3c0456621ee","rawObjectClass":"LIGHTS","sourceStableId":"1F2B19B7D4070001"},"sourceKind":"official","official":true,"sourceCellId":"1R7687RI","sourceStableId":"1F2B19B7D4070001","pipelineFeatureId":"1R7687RI/LIGHTS/431477767","provenance":{"cellId":"1R7687RI","checksum":"3f67827210a60b8d0bc7484e27eadd0c3d90c2cbede864e1551bf3c0456621ee","readerVersion":"GDAL 3.2.2","processedAt":"2026-08-11T18:29:20.995Z"}}},{"type":"Feature","geometry":{"type":"Point","coordinates":[3.8078413,51.343512]},"properties":{"dolphinKind":"light","rawObjectClass":"LIGHTS","sourceProperties":{"RCID":431477768,"PRIM":1,"GRUP":2,"OBJL":75,"RVER":1,"AGEN":7979,"FIDN":431477768,"FIDS":1,"LNAM":"1F2B19B7D4080001","COLOUR":["1"],"LITCHR":1,"SCAMIN":200000,"SORDAT":"20210922","sourceCellId":"1R7687RI","sourceChecksum":"3f67827210a60b8d0bc7484e27eadd0c3d90c2cbede864e1551bf3c0456621ee","rawObjectClass":"LIGHTS","sourceStableId":"1F2B19B7D4080001"},"sourceKind":"official","official":true,"sourceCellId":"1R7687RI","sourceStableId":"1F2B19B7D4080001","pipelineFeatureId":"1R7687RI/LIGHTS/431477768","provenance":{"cellId":"1R7687RI","checksum":"3f67827210a60b8d0bc7484e27eadd0c3d90c2cbede864e1551bf3c0456621ee","readerVersion":"GDAL 3.2.2","processedAt":"2026-08-11T18:29:20.995Z"}}},{"type":"Feature","geometry":{"type":"Point","coordinates":[3.8381983,51.368365]},"properties":{"dolphinKind":"light","rawObjectClass":"LIGHTS","sourceProperties":{"RCID":439553536,"PRIM":1,"GRUP":2,"OBJL":75,"RVER":1,"AGEN":7979,"FIDN":439553536,"FIDS":1,"LNAM":"1F2B1A330E000001","COLOUR":["4"],"LITCHR":7,"SIGGRP":"(1)","SIGPER":8,"SCAMIN":200000,"SORDAT":"20221202","SORIND":"NL,1R,reprt,MD 642-22","sourceCellId":"1R7687RI","sourceChecksum":"3f67827210a60b8d0bc7484e27eadd0c3d90c2cbede864e1551bf3c0456621ee","rawObjectClass":"LIGHTS","sourceStableId":"1F2B1A330E000001"},"sourceKind":"official","official":true,"sourceCellId":"1R7687RI","sourceStableId":"1F2B1A330E000001","pipelineFeatureId":"1R7687RI/LIGHTS/439553536","provenance":{"cellId":"1R7687RI","checksum":"3f67827210a60b8d0bc7484e27eadd0c3d90c2cbede864e1551bf3c0456621ee","readerVersion":"GDAL 3.2.2","processedAt":"2026-08-11T18:29:20.995Z"}}},{"type":"Feature","geometry":{"type":"Point","coordinates":[3.8903183,51.3519467]},"properties":{"dolphinKind":"light","rawObjectClass":"LIGHTS","sourceProperties":{"RCID":443260004,"PRIM":1,"GRUP":2,"OBJL":75,"RVER":1,"AGEN":7979,"FIDN":443260004,"FIDS":1,"LNAM":"1F2B1A6B9C640001","COLOUR":["4"],"LITCHR":7,"SIGGRP":"(1)","SIGPER":4,"SCAMIN":200000,"sourceCellId":"1R7687RI","sourceChecksum":"3f67827210a60b8d0bc7484e27eadd0c3d90c2cbede864e1551bf3c0456621ee","rawObjectClass":"LIGHTS","sourceStableId":"1F2B1A6B9C640001"},"sourceKind":"official","official":true,"sourceCellId":"1R7687RI","sourceStableId":"1F2B1A6B9C640001","pipelineFeatureId":"1R7687RI/LIGHTS/443260004","provenance":{"cellId":"1R7687RI","checksum":"3f67827210a60b8d0bc7484e27eadd0c3d90c2cbede864e1551bf3c0456621ee","readerVersion":"GDAL 3.2.2","processedAt":"2026-08-11T18:29:20.995Z"}}},{"type":"Feature","geometry":{"type":"Point","coordinates":[3.88515,51.349795]},"properties":{"dolphinKind":"light","rawObjectClass":"LIGHTS","sourceProperties":{"RCID":449413171,"PRIM":1,"GRUP":2,"OBJL":75,"RVER":1,"AGEN":7979,"FIDN":449413171,"FIDS":1,"LNAM":"1F2B1AC980330001","COLOUR":["4"],"LITCHR":7,"SIGGRP":"(1)","SIGPER":2,"SCAMIN":200000,"sourceCellId":"1R7687RI","sourceChecksum":"3f67827210a60b8d0bc7484e27eadd0c3d90c2cbede864e1551bf3c0456621ee","rawObjectClass":"LIGHTS","sourceStableId":"1F2B1AC980330001"},"sourceKind":"official","official":true,"sourceCellId":"1R7687RI","sourceStableId":"1F2B1AC980330001","pipelineFeatureId":"1R7687RI/LIGHTS/449413171","provenance":{"cellId":"1R7687RI","checksum":"3f67827210a60b8d0bc7484e27eadd0c3d90c2cbede864e1551bf3c0456621ee","readerVersion":"GDAL 3.2.2","processedAt":"2026-08-11T18:29:20.995Z"}}},{"type":"Feature","geometry":{"type":"Point","coordinates":[3.7810083,51.3521867]},"properties":{"dolphinKind":"light","rawObjectClass":"LIGHTS","sourceProperties":{"RCID":461578780,"PRIM":1,"GRUP":2,"OBJL":75,"RVER":1,"AGEN":7979,"FIDN":461578780,"FIDS":1,"LNAM":"1F2B1B83221C0001","COLOUR":["4"],"LITCHR":7,"SIGGRP":"(1)","SIGPER":4,"SCAMIN":200000,"SORDAT":"20030930","sourceCellId":"1R7687RI","sourceChecksum":"3f67827210a60b8d0bc7484e27eadd0c3d90c2cbede864e1551bf3c0456621ee","rawObjectClass":"LIGHTS","sourceStableId":"1F2B1B83221C0001"},"sourceKind":"official","official":true,"sourceCellId":"1R7687RI","sourceStableId":"1F2B1B83221C0001","pipelineFeatureId":"1R7687RI/LIGHTS/461578780","provenance":{"cellId":"1R7687RI","checksum":"3f67827210a60b8d0bc7484e27eadd0c3d90c2cbede864e1551bf3c0456621ee","readerVersion":"GDAL 3.2.2","processedAt":"2026-08-11T18:29:20.995Z"}}},{"type":"Feature","geometry":{"type":"Point","coordinates":[3.77161,51.3521817]},"properties":{"dolphinKind":"light","rawObjectClass":"LIGHTS","sourceProperties":{"RCID":461578781,"PRIM":1,"GRUP":2,"OBJL":75,"RVER":1,"AGEN":7979,"FIDN":461578781,"FIDS":1,"LNAM":"1F2B1B83221D0001","COLOUR":["4"],"LITCHR":7,"SIGGRP":"(1)","SIGPER":8,"SCAMIN":200000,"SORDAT":"20030930","sourceCellId":"1R7687RI","sourceChecksum":"3f67827210a60b8d0bc7484e27eadd0c3d90c2cbede864e1551bf3c0456621ee","rawObjectClass":"LIGHTS","sourceStableId":"1F2B1B83221D0001"},"sourceKind":"official","official":true,"sourceCellId":"1R7687RI","sourceStableId":"1F2B1B83221D0001","pipelineFeatureId":"1R7687RI/LIGHTS/461578781","provenance":{"cellId":"1R7687RI","checksum":"3f67827210a60b8d0bc7484e27eadd0c3d90c2cbede864e1551bf3c0456621ee","readerVersion":"GDAL 3.2.2","processedAt":"2026-08-11T18:29:20.995Z"}}},{"type":"Feature","geometry":{"type":"Point","coordinates":[3.7995283,51.3469583]},"properties":{"dolphinKind":"light","rawObjectClass":"LIGHTS","sourceProperties":{"RCID":461578783,"PRIM":1,"GRUP":2,"OBJL":75,"RVER":1,"AGEN":7979,"FIDN":461578783,"FIDS":1,"LNAM":"1F2B1B83221F0001","COLOUR":["4"],"LITCHR":7,"SIGGRP":"(1)","SIGPER":8,"SCAMIN":200000,"SORDAT":"20030930","sourceCellId":"1R7687RI","sourceChecksum":"3f67827210a60b8d0bc7484e27eadd0c3d90c2cbede864e1551bf3c0456621ee","rawObjectClass":"LIGHTS","sourceStableId":"1F2B1B83221F0001"},"sourceKind":"official","official":true,"sourceCellId":"1R7687RI","sourceStableId":"1F2B1B83221F0001","pipelineFeatureId":"1R7687RI/LIGHTS/461578783","provenance":{"cellId":"1R7687RI","checksum":"3f67827210a60b8d0bc7484e27eadd0c3d90c2cbede864e1551bf3c0456621ee","readerVersion":"GDAL 3.2.2","processedAt":"2026-08-11T18:29:20.995Z"}}},{"type":"Feature","geometry":{"type":"Point","coordinates":[3.8254919,51.3263175]},"properties":{"dolphinKind":"light","rawObjectClass":"LIGHTS","sourceProperties":{"RCID":506036141,"PRIM":1,"GRUP":2,"OBJL":75,"RVER":1,"AGEN":7979,"FIDN":506036141,"FIDS":1,"LNAM":"1F2B1E297FAD0001","COLOUR":["4"],"LITCHR":7,"SIGGRP":"(1)","SCAMIN":200000,"SORDAT":"20230314","SORIND":"NL,1R,Reprt,NSP","sourceCellId":"1R7687RI","sourceChecksum":"3f67827210a60b8d0bc7484e27eadd0c3d90c2cbede864e1551bf3c0456621ee","rawObjectClass":"LIGHTS","sourceStableId":"1F2B1E297FAD0001"},"sourceKind":"official","official":true,"sourceCellId":"1R7687RI","sourceStableId":"1F2B1E297FAD0001","pipelineFeatureId":"1R7687RI/LIGHTS/506036141","provenance":{"cellId":"1R7687RI","checksum":"3f67827210a60b8d0bc7484e27eadd0c3d90c2cbede864e1551bf3c0456621ee","readerVersion":"GDAL 3.2.2","processedAt":"2026-08-11T18:29:20.995Z"}}},{"type":"Feature","geometry":{"type":"Point","coordinates":[3.7551033,51.3533383]},"properties":{"dolphinKind":"light","rawObjectClass":"LIGHTS","sourceProperties":{"RCID":1146767993,"PRIM":1,"GRUP":2,"OBJL":75,"RVER":1,"AGEN":7979,"FIDN":1146767993,"FIDS":1,"LNAM":"1F2B445A4A790001","COLOUR":["6"],"LITCHR":2,"SIGGRP":"(3)","SIGPER":10,"SCAMIN":200000,"sourceCellId":"1R7687RI","sourceChecksum":"3f67827210a60b8d0bc7484e27eadd0c3d90c2cbede864e1551bf3c0456621ee","rawObjectClass":"LIGHTS","sourceStableId":"1F2B445A4A790001"},"sourceKind":"official","official":true,"sourceCellId":"1R7687RI","sourceStableId":"1F2B445A4A790001","pipelineFeatureId":"1R7687RI/LIGHTS/1146767993","provenance":{"cellId":"1R7687RI","checksum":"3f67827210a60b8d0bc7484e27eadd0c3d90c2cbede864e1551bf3c0456621ee","readerVersion":"GDAL 3.2.2","processedAt":"2026-08-11T18:29:20.995Z"}}},{"type":"Feature","geometry":{"type":"Point","coordinates":[3.8133707,51.3298387]},"properties":{"dolphinKind":"light","rawObjectClass":"LIGHTS","sourceProperties":{"RCID":1196251253,"PRIM":1,"GRUP":2,"OBJL":75,"RVER":1,"AGEN":7979,"FIDN":1196251253,"FIDS":1,"LNAM":"1F2B474D58750001","CATLIT":["4"],"COLOUR":["1"],"HEIGHT":30,"LITCHR":7,"SIGGRP":"(1)","SIGPER":8,"SCAMIN":200000,"SORDAT":"20250312","SORIND":"NL,1R,reprt,mail van der Helm","sourceCellId":"1R7687RI","sourceChecksum":"3f67827210a60b8d0bc7484e27eadd0c3d90c2cbede864e1551bf3c0456621ee","rawObjectClass":"LIGHTS","sourceStableId":"1F2B474D58750001"},"sourceKind":"official","official":true,"sourceCellId":"1R7687RI","sourceStableId":"1F2B474D58750001","pipelineFeatureId":"1R7687RI/LIGHTS/1196251253","provenance":{"cellId":"1R7687RI","checksum":"3f67827210a60b8d0bc7484e27eadd0c3d90c2cbede864e1551bf3c0456621ee","readerVersion":"GDAL 3.2.2","processedAt":"2026-08-11T18:29:20.995Z"}}},{"type":"Feature","geometry":{"type":"Point","coordinates":[3.8134807,51.329123]},"properties":{"dolphinKind":"light","rawObjectClass":"LIGHTS","sourceProperties":{"RCID":1196251254,"PRIM":1,"GRUP":2,"OBJL":75,"RVER":1,"AGEN":7979,"FIDN":1196251254,"FIDS":1,"LNAM":"1F2B474D58760001","CATLIT":["4"],"COLOUR":["1"],"HEIGHT":39,"LITCHR":7,"SIGGRP":"(1)","SIGPER":8,"SCAMIN":200000,"SORDAT":"20250312","SORIND":"NL,1R,reprt,mail van der Helm","sourceCellId":"1R7687RI","sourceChecksum":"3f67827210a60b8d0bc7484e27eadd0c3d90c2cbede864e1551bf3c0456621ee","rawObjectClass":"LIGHTS","sourceStableId":"1F2B474D58760001"},"sourceKind":"official","official":true,"sourceCellId":"1R7687RI","sourceStableId":"1F2B474D58760001","pipelineFeatureId":"1R7687RI/LIGHTS/1196251254","provenance":{"cellId":"1R7687RI","checksum":"3f67827210a60b8d0bc7484e27eadd0c3d90c2cbede864e1551bf3c0456621ee","readerVersion":"GDAL 3.2.2","processedAt":"2026-08-11T18:29:20.995Z"}}},{"type":"Feature","geometry":{"type":"Point","coordinates":[3.8119333,51.3333133]},"properties":{"dolphinKind":"light","rawObjectClass":"LIGHTS","sourceProperties":{"RCID":1198224753,"PRIM":1,"GRUP":2,"OBJL":75,"RVER":1,"AGEN":7979,"FIDN":1198224753,"FIDS":1,"LNAM":"1F2B476B75710001","COLOUR":["6"],"LITCHR":1,"SCAMIN":200000,"SORDAT":"20240805","SORIND":"NL,1R,reprt,mailMartijn","sourceCellId":"1R7687RI","sourceChecksum":"3f67827210a60b8d0bc7484e27eadd0c3d90c2cbede864e1551bf3c0456621ee","rawObjectClass":"LIGHTS","sourceStableId":"1F2B476B75710001"},"sourceKind":"official","official":true,"sourceCellId":"1R7687RI","sourceStableId":"1F2B476B75710001","pipelineFeatureId":"1R7687RI/LIGHTS/1198224753","provenance":{"cellId":"1R7687RI","checksum":"3f67827210a60b8d0bc7484e27eadd0c3d90c2cbede864e1551bf3c0456621ee","readerVersion":"GDAL 3.2.2","processedAt":"2026-08-11T18:29:20.995Z"}}},{"type":"Feature","geometry":{"type":"Point","coordinates":[3.8106567,51.334935]},"properties":{"dolphinKind":"light","rawObjectClass":"LIGHTS","sourceProperties":{"RCID":1198224754,"PRIM":1,"GRUP":2,"OBJL":75,"RVER":1,"AGEN":7979,"FIDN":1198224754,"FIDS":1,"LNAM":"1F2B476B75720001","COLOUR":["6"],"LITCHR":1,"SCAMIN":200000,"SORDAT":"20240805","SORIND":"NL,1R,Reprt,mailMartijn","sourceCellId":"1R7687RI","sourceChecksum":"3f67827210a60b8d0bc7484e27eadd0c3d90c2cbede864e1551bf3c0456621ee","rawObjectClass":"LIGHTS","sourceStableId":"1F2B476B75720001"},"sourceKind":"official","official":true,"sourceCellId":"1R7687RI","sourceStableId":"1F2B476B75720001","pipelineFeatureId":"1R7687RI/LIGHTS/1198224754","provenance":{"cellId":"1R7687RI","checksum":"3f67827210a60b8d0bc7484e27eadd0c3d90c2cbede864e1551bf3c0456621ee","readerVersion":"GDAL 3.2.2","processedAt":"2026-08-11T18:29:20.995Z"}}},{"type":"Feature","geometry":{"type":"Point","coordinates":[3.8096267,51.336215]},"properties":{"dolphinKind":"light","rawObjectClass":"LIGHTS","sourceProperties":{"RCID":1198224755,"PRIM":1,"GRUP":2,"OBJL":75,"RVER":1,"AGEN":7979,"FIDN":1198224755,"FIDS":1,"LNAM":"1F2B476B75730001","COLOUR":["6"],"LITCHR":1,"SCAMIN":200000,"SORDAT":"20240805","SORIND":"NL,1R,Reprt,mailMartijn","sourceCellId":"1R7687RI","sourceChecksum":"3f67827210a60b8d0bc7484e27eadd0c3d90c2cbede864e1551bf3c0456621ee","rawObjectClass":"LIGHTS","sourceStableId":"1F2B476B75730001"},"sourceKind":"official","official":true,"sourceCellId":"1R7687RI","sourceStableId":"1F2B476B75730001","pipelineFeatureId":"1R7687RI/LIGHTS/1198224755","provenance":{"cellId":"1R7687RI","checksum":"3f67827210a60b8d0bc7484e27eadd0c3d90c2cbede864e1551bf3c0456621ee","readerVersion":"GDAL 3.2.2","processedAt":"2026-08-11T18:29:20.995Z"}}},{"type":"Feature","geometry":{"type":"Point","coordinates":[3.81618,51.3369483]},"properties":{"dolphinKind":"light","rawObjectClass":"LIGHTS","sourceProperties":{"RCID":1229793042,"PRIM":1,"GRUP":2,"OBJL":75,"RVER":1,"AGEN":7979,"FIDN":1229793042,"FIDS":1,"LNAM":"1F2B494D27120001","COLOUR":["3"],"LITCHR":1,"SCAMIN":200000,"SORDAT":"20250506","SORIND":"NL,1R,reprt,mail M. van der Helm","sourceCellId":"1R7687RI","sourceChecksum":"3f67827210a60b8d0bc7484e27eadd0c3d90c2cbede864e1551bf3c0456621ee","rawObjectClass":"LIGHTS","sourceStableId":"1F2B494D27120001"},"sourceKind":"official","official":true,"sourceCellId":"1R7687RI","sourceStableId":"1F2B494D27120001","pipelineFeatureId":"1R7687RI/LIGHTS/1229793042","provenance":{"cellId":"1R7687RI","checksum":"3f67827210a60b8d0bc7484e27eadd0c3d90c2cbede864e1551bf3c0456621ee","readerVersion":"GDAL 3.2.2","processedAt":"2026-08-11T18:29:20.995Z"}}},{"type":"Feature","geometry":{"type":"Point","coordinates":[3.8166304,51.3363051]},"properties":{"dolphinKind":"light","rawObjectClass":"LIGHTS","sourceProperties":{"RCID":1229793143,"PRIM":1,"GRUP":2,"OBJL":75,"RVER":1,"AGEN":7979,"FIDN":1229793143,"FIDS":1,"LNAM":"1F2B494D27770001","COLOUR":["4"],"LITCHR":1,"SCAMIN":200000,"SORDAT":"20250506","SORIND":"NL,1R,reprt,mail M. van der Helm","sourceCellId":"1R7687RI","sourceChecksum":"3f67827210a60b8d0bc7484e27eadd0c3d90c2cbede864e1551bf3c0456621ee","rawObjectClass":"LIGHTS","sourceStableId":"1F2B494D27770001"},"sourceKind":"official","official":true,"sourceCellId":"1R7687RI","sourceStableId":"1F2B494D27770001","pipelineFeatureId":"1R7687RI/LIGHTS/1229793143","provenance":{"cellId":"1R7687RI","checksum":"3f67827210a60b8d0bc7484e27eadd0c3d90c2cbede864e1551bf3c0456621ee","readerVersion":"GDAL 3.2.2","processedAt":"2026-08-11T18:29:20.995Z"}}},{"type":"Feature","geometry":{"type":"Point","coordinates":[3.8228067,51.325905]},"properties":{"dolphinKind":"light","rawObjectClass":"LIGHTS","sourceProperties":{"RCID":1241374601,"PRIM":1,"GRUP":2,"OBJL":75,"RVER":1,"AGEN":7979,"FIDN":1241374601,"FIDS":1,"LNAM":"1F2B49FDDF890001","COLOUR":["6"],"HEIGHT":4,"LITCHR":2,"SIGPER":5,"VALNMR":2,"SCAMIN":200000,"SORDAT":"20260625","SORIND":"NL,1R,reprt,MD 307-26","sourceCellId":"1R7687RI","sourceChecksum":"3f67827210a60b8d0bc7484e27eadd0c3d90c2cbede864e1551bf3c0456621ee","rawObjectClass":"LIGHTS","sourceStableId":"1F2B49FDDF890001"},"sourceKind":"official","official":true,"sourceCellId":"1R7687RI","sourceStableId":"1F2B49FDDF890001","pipelineFeatureId":"1R7687RI/LIGHTS/1241374601","provenance":{"cellId":"1R7687RI","checksum":"3f67827210a60b8d0bc7484e27eadd0c3d90c2cbede864e1551bf3c0456621ee","readerVersion":"GDAL 3.2.2","processedAt":"2026-08-11T18:29:20.995Z"}}},{"type":"Feature","geometry":{"type":"Point","coordinates":[3.90843,51.357275]},"properties":{"dolphinKind":"light","rawObjectClass":"LIGHTS","sourceProperties":{"RCID":1260221084,"PRIM":1,"GRUP":2,"OBJL":75,"RVER":1,"AGEN":7979,"FIDN":1260221084,"FIDS":1,"LNAM":"1F2B4B1D729C0001","CATLIT":["15","4"],"COLOUR":["1"],"HEIGHT":18.5,"LITCHR":8,"OBJNAM":"Hoge Licht Eendrachtpolder (0164)","SIGGRP":"(1)","SIGPER":5,"VALNMR":8,"SCAMIN":250000,"SORDAT":"20260211","SORIND":"NL,1R,reprt,NDB verbetering","sourceCellId":"1R7687RI","sourceChecksum":"3f67827210a60b8d0bc7484e27eadd0c3d90c2cbede864e1551bf3c0456621ee","rawObjectClass":"LIGHTS","sourceStableId":"1F2B4B1D729C0001"},"sourceKind":"official","official":true,"sourceCellId":"1R7687RI","sourceStableId":"1F2B4B1D729C0001","pipelineFeatureId":"1R7687RI/LIGHTS/1260221084","provenance":{"cellId":"1R7687RI","checksum":"3f67827210a60b8d0bc7484e27eadd0c3d90c2cbede864e1551bf3c0456621ee","readerVersion":"GDAL 3.2.2","processedAt":"2026-08-11T18:29:20.995Z"}}},{"type":"Feature","geometry":{"type":"Point","coordinates":[3.80775,51.34345]},"properties":{"dolphinKind":"light","rawObjectClass":"LIGHTS","sourceProperties":{"RCID":1270565219,"PRIM":1,"GRUP":2,"OBJL":75,"RVER":1,"AGEN":7979,"FIDN":1270565219,"FIDS":1,"LNAM":"1F2B4BBB49630001","COLOUR":["4"],"HEIGHT":5.8,"LITCHR":1,"VALNMR":4,"SCAMIN":200000,"sourceCellId":"1R7687RI","sourceChecksum":"3f67827210a60b8d0bc7484e27eadd0c3d90c2cbede864e1551bf3c0456621ee","rawObjectClass":"LIGHTS","sourceStableId":"1F2B4BBB49630001"},"sourceKind":"official","official":true,"sourceCellId":"1R7687RI","sourceStableId":"1F2B4BBB49630001","pipelineFeatureId":"1R7687RI/LIGHTS/1270565219","provenance":{"cellId":"1R7687RI","checksum":"3f67827210a60b8d0bc7484e27eadd0c3d90c2cbede864e1551bf3c0456621ee","readerVersion":"GDAL 3.2.2","processedAt":"2026-08-11T18:29:20.995Z"}}},{"type":"Feature","geometry":{"type":"Point","coordinates":[3.758851,51.347364]},"properties":{"dolphinKind":"topmark","rawObjectClass":"TOPMAR","sourceProperties":{"RCID":16824,"PRIM":1,"GRUP":2,"OBJL":144,"RVER":1,"AGEN":7979,"FIDN":1106834597,"FIDS":455,"LNAM":"1F2B41F8F4A501C7","COLOUR":["6"],"TOPSHP":20,"SCAMIN":200000,"SORIND":"NL,North Sea Port","sourceCellId":"1R7687RI","sourceChecksum":"3f67827210a60b8d0bc7484e27eadd0c3d90c2cbede864e1551bf3c0456621ee","rawObjectClass":"TOPMAR","sourceStableId":"1F2B41F8F4A501C7"},"sourceKind":"official","official":true,"sourceCellId":"1R7687RI","sourceStableId":"1F2B41F8F4A501C7","pipelineFeatureId":"1R7687RI/TOPMAR/16824","provenance":{"cellId":"1R7687RI","checksum":"3f67827210a60b8d0bc7484e27eadd0c3d90c2cbede864e1551bf3c0456621ee","readerVersion":"GDAL 3.2.2","processedAt":"2026-08-11T18:29:20.995Z"},"associationRefsVerifiedInGdalOutput":false}},{"type":"Feature","geometry":{"type":"Point","coordinates":[3.770312,51.348892]},"properties":{"dolphinKind":"topmark","rawObjectClass":"TOPMAR","sourceProperties":{"RCID":16826,"PRIM":1,"GRUP":2,"OBJL":144,"RVER":1,"AGEN":7979,"FIDN":1106834597,"FIDS":457,"LNAM":"1F2B41F8F4A501C9","COLOUR":["6"],"TOPSHP":20,"SCAMIN":200000,"SORIND":"NL,North Sea Port","sourceCellId":"1R7687RI","sourceChecksum":"3f67827210a60b8d0bc7484e27eadd0c3d90c2cbede864e1551bf3c0456621ee","rawObjectClass":"TOPMAR","sourceStableId":"1F2B41F8F4A501C9"},"sourceKind":"official","official":true,"sourceCellId":"1R7687RI","sourceStableId":"1F2B41F8F4A501C9","pipelineFeatureId":"1R7687RI/TOPMAR/16826","provenance":{"cellId":"1R7687RI","checksum":"3f67827210a60b8d0bc7484e27eadd0c3d90c2cbede864e1551bf3c0456621ee","readerVersion":"GDAL 3.2.2","processedAt":"2026-08-11T18:29:20.995Z"},"associationRefsVerifiedInGdalOutput":false}},{"type":"Feature","geometry":{"type":"Point","coordinates":[3.8534167,51.3506]},"properties":{"dolphinKind":"topmark","rawObjectClass":"TOPMAR","sourceProperties":{"RCID":17193,"PRIM":1,"GRUP":2,"OBJL":144,"RVER":1,"AGEN":7979,"FIDN":1106834682,"FIDS":509,"LNAM":"1F2B41F8F4FA01FD","COLOUR":["2"],"TOPSHP":14,"SCAMIN":200000,"SORDAT":"20030930","sourceCellId":"1R7687RI","sourceChecksum":"3f67827210a60b8d0bc7484e27eadd0c3d90c2cbede864e1551bf3c0456621ee","rawObjectClass":"TOPMAR","sourceStableId":"1F2B41F8F4FA01FD"},"sourceKind":"official","official":true,"sourceCellId":"1R7687RI","sourceStableId":"1F2B41F8F4FA01FD","pipelineFeatureId":"1R7687RI/TOPMAR/17193","provenance":{"cellId":"1R7687RI","checksum":"3f67827210a60b8d0bc7484e27eadd0c3d90c2cbede864e1551bf3c0456621ee","readerVersion":"GDAL 3.2.2","processedAt":"2026-08-11T18:29:20.995Z"},"associationRefsVerifiedInGdalOutput":false}},{"type":"Feature","geometry":{"type":"Point","coordinates":[3.846,51.3489667]},"properties":{"dolphinKind":"topmark","rawObjectClass":"TOPMAR","sourceProperties":{"RCID":17496,"PRIM":1,"GRUP":2,"OBJL":144,"RVER":1,"AGEN":7979,"FIDN":1106834684,"FIDS":302,"LNAM":"1F2B41F8F4FC012E","COLOUR":["6"],"TOPSHP":7,"SCAMIN":200000,"SORDAT":"20160303","SORIND":"NL,1R,reprt,BASS 018-2016","sourceCellId":"1R7687RI","sourceChecksum":"3f67827210a60b8d0bc7484e27eadd0c3d90c2cbede864e1551bf3c0456621ee","rawObjectClass":"TOPMAR","sourceStableId":"1F2B41F8F4FC012E"},"sourceKind":"official","official":true,"sourceCellId":"1R7687RI","sourceStableId":"1F2B41F8F4FC012E","pipelineFeatureId":"1R7687RI/TOPMAR/17496","provenance":{"cellId":"1R7687RI","checksum":"3f67827210a60b8d0bc7484e27eadd0c3d90c2cbede864e1551bf3c0456621ee","readerVersion":"GDAL 3.2.2","processedAt":"2026-08-11T18:29:20.995Z"},"associationRefsVerifiedInGdalOutput":false}},{"type":"Feature","geometry":{"type":"Point","coordinates":[3.8415717,51.3519783]},"properties":{"dolphinKind":"topmark","rawObjectClass":"TOPMAR","sourceProperties":{"RCID":17499,"PRIM":1,"GRUP":2,"OBJL":144,"RVER":1,"AGEN":7979,"FIDN":1106834684,"FIDS":305,"LNAM":"1F2B41F8F4FC0131","COLOUR":["4"],"TOPSHP":1,"SCAMIN":200000,"SORDAT":"20030930","sourceCellId":"1R7687RI","sourceChecksum":"3f67827210a60b8d0bc7484e27eadd0c3d90c2cbede864e1551bf3c0456621ee","rawObjectClass":"TOPMAR","sourceStableId":"1F2B41F8F4FC0131"},"sourceKind":"official","official":true,"sourceCellId":"1R7687RI","sourceStableId":"1F2B41F8F4FC0131","pipelineFeatureId":"1R7687RI/TOPMAR/17499","provenance":{"cellId":"1R7687RI","checksum":"3f67827210a60b8d0bc7484e27eadd0c3d90c2cbede864e1551bf3c0456621ee","readerVersion":"GDAL 3.2.2","processedAt":"2026-08-11T18:29:20.995Z"},"associationRefsVerifiedInGdalOutput":false}},{"type":"Feature","geometry":{"type":"Point","coordinates":[3.8319117,51.3561317]},"properties":{"dolphinKind":"topmark","rawObjectClass":"TOPMAR","sourceProperties":{"RCID":17501,"PRIM":1,"GRUP":2,"OBJL":144,"RVER":1,"AGEN":7979,"FIDN":1106834684,"FIDS":307,"LNAM":"1F2B41F8F4FC0133","COLOUR":["3"],"TOPSHP":5,"SCAMIN":200000,"SORDAT":"20221202","sourceCellId":"1R7687RI","sourceChecksum":"3f67827210a60b8d0bc7484e27eadd0c3d90c2cbede864e1551bf3c0456621ee","rawObjectClass":"TOPMAR","sourceStableId":"1F2B41F8F4FC0133"},"sourceKind":"official","official":true,"sourceCellId":"1R7687RI","sourceStableId":"1F2B41F8F4FC0133","pipelineFeatureId":"1R7687RI/TOPMAR/17501","provenance":{"cellId":"1R7687RI","checksum":"3f67827210a60b8d0bc7484e27eadd0c3d90c2cbede864e1551bf3c0456621ee","readerVersion":"GDAL 3.2.2","processedAt":"2026-08-11T18:29:20.995Z"},"associationRefsVerifiedInGdalOutput":false}},{"type":"Feature","geometry":{"type":"Point","coordinates":[3.8027667,51.3742683]},"properties":{"dolphinKind":"topmark","rawObjectClass":"TOPMAR","sourceProperties":{"RCID":12118416,"PRIM":1,"GRUP":2,"OBJL":144,"RVER":1,"AGEN":7979,"FIDN":12118416,"FIDS":1,"LNAM":"1F2B00B8E9900001","COLOUR":["3"],"TOPSHP":5,"SCAMIN":200000,"SORDAT":"20221202","sourceCellId":"1R7687RI","sourceChecksum":"3f67827210a60b8d0bc7484e27eadd0c3d90c2cbede864e1551bf3c0456621ee","rawObjectClass":"TOPMAR","sourceStableId":"1F2B00B8E9900001"},"sourceKind":"official","official":true,"sourceCellId":"1R7687RI","sourceStableId":"1F2B00B8E9900001","pipelineFeatureId":"1R7687RI/TOPMAR/12118416","provenance":{"cellId":"1R7687RI","checksum":"3f67827210a60b8d0bc7484e27eadd0c3d90c2cbede864e1551bf3c0456621ee","readerVersion":"GDAL 3.2.2","processedAt":"2026-08-11T18:29:20.995Z"},"associationRefsVerifiedInGdalOutput":false}},{"type":"Feature","geometry":{"type":"Point","coordinates":[3.7690333,51.3434333]},"properties":{"dolphinKind":"topmark","rawObjectClass":"TOPMAR","sourceProperties":{"RCID":24758561,"PRIM":1,"GRUP":2,"OBJL":144,"RVER":1,"AGEN":7979,"FIDN":24758561,"FIDS":1,"LNAM":"1F2B0179C9210001","COLOUR":["6"],"TOPSHP":7,"SCAMIN":200000,"SORDAT":"20090211","SORIND":"NL,North Sea Ports | BASS 013/09","sourceCellId":"1R7687RI","sourceChecksum":"3f67827210a60b8d0bc7484e27eadd0c3d90c2cbede864e1551bf3c0456621ee","rawObjectClass":"TOPMAR","sourceStableId":"1F2B0179C9210001"},"sourceKind":"official","official":true,"sourceCellId":"1R7687RI","sourceStableId":"1F2B0179C9210001","pipelineFeatureId":"1R7687RI/TOPMAR/24758561","provenance":{"cellId":"1R7687RI","checksum":"3f67827210a60b8d0bc7484e27eadd0c3d90c2cbede864e1551bf3c0456621ee","readerVersion":"GDAL 3.2.2","processedAt":"2026-08-11T18:29:20.995Z"},"associationRefsVerifiedInGdalOutput":false}},{"type":"Feature","geometry":{"type":"Point","coordinates":[3.8533467,51.35311]},"properties":{"dolphinKind":"topmark","rawObjectClass":"TOPMAR","sourceProperties":{"RCID":64097498,"PRIM":1,"GRUP":2,"OBJL":144,"RVER":1,"AGEN":7979,"FIDN":64097498,"FIDS":1,"LNAM":"1F2B03D20CDA0001","COLOUR":["3"],"TOPSHP":5,"SCAMIN":200000,"SORDAT":"20221202","sourceCellId":"1R7687RI","sourceChecksum":"3f67827210a60b8d0bc7484e27eadd0c3d90c2cbede864e1551bf3c0456621ee","rawObjectClass":"TOPMAR","sourceStableId":"1F2B03D20CDA0001"},"sourceKind":"official","official":true,"sourceCellId":"1R7687RI","sourceStableId":"1F2B03D20CDA0001","pipelineFeatureId":"1R7687RI/TOPMAR/64097498","provenance":{"cellId":"1R7687RI","checksum":"3f67827210a60b8d0bc7484e27eadd0c3d90c2cbede864e1551bf3c0456621ee","readerVersion":"GDAL 3.2.2","processedAt":"2026-08-11T18:29:20.995Z"},"associationRefsVerifiedInGdalOutput":false}},{"type":"Feature","geometry":{"type":"Point","coordinates":[3.7997933,51.3745967]},"properties":{"dolphinKind":"topmark","rawObjectClass":"TOPMAR","sourceProperties":{"RCID":90793245,"PRIM":1,"GRUP":2,"OBJL":144,"RVER":1,"AGEN":7979,"FIDN":90793245,"FIDS":1,"LNAM":"1F2B0569651D0001","COLOUR":["4"],"TOPSHP":1,"SCAMIN":200000,"SORDAT":"20120522","SORIND":"NL,1R,Reprt,NavBer 2012/MZ72","sourceCellId":"1R7687RI","sourceChecksum":"3f67827210a60b8d0bc7484e27eadd0c3d90c2cbede864e1551bf3c0456621ee","rawObjectClass":"TOPMAR","sourceStableId":"1F2B0569651D0001"},"sourceKind":"official","official":true,"sourceCellId":"1R7687RI","sourceStableId":"1F2B0569651D0001","pipelineFeatureId":"1R7687RI/TOPMAR/90793245","provenance":{"cellId":"1R7687RI","checksum":"3f67827210a60b8d0bc7484e27eadd0c3d90c2cbede864e1551bf3c0456621ee","readerVersion":"GDAL 3.2.2","processedAt":"2026-08-11T18:29:20.995Z"},"associationRefsVerifiedInGdalOutput":false}},{"type":"Feature","geometry":{"type":"Point","coordinates":[3.8640233,51.3533417]},"properties":{"dolphinKind":"topmark","rawObjectClass":"TOPMAR","sourceProperties":{"RCID":187080110,"PRIM":1,"GRUP":2,"OBJL":144,"RVER":1,"AGEN":7979,"FIDN":187080110,"FIDS":1,"LNAM":"1F2B0B269DAE0001","COLOUR":["6"],"TOPSHP":7,"SCAMIN":200000,"SORDAT":"20160303","SORIND":"NL,1R,reprt,BASS 018-2016","sourceCellId":"1R7687RI","sourceChecksum":"3f67827210a60b8d0bc7484e27eadd0c3d90c2cbede864e1551bf3c0456621ee","rawObjectClass":"TOPMAR","sourceStableId":"1F2B0B269DAE0001"},"sourceKind":"official","official":true,"sourceCellId":"1R7687RI","sourceStableId":"1F2B0B269DAE0001","pipelineFeatureId":"1R7687RI/TOPMAR/187080110","provenance":{"cellId":"1R7687RI","checksum":"3f67827210a60b8d0bc7484e27eadd0c3d90c2cbede864e1551bf3c0456621ee","readerVersion":"GDAL 3.2.2","processedAt":"2026-08-11T18:29:20.995Z"},"associationRefsVerifiedInGdalOutput":false}},{"type":"Feature","geometry":{"type":"Point","coordinates":[3.8846333,51.3575667]},"properties":{"dolphinKind":"topmark","rawObjectClass":"TOPMAR","sourceProperties":{"RCID":187080812,"PRIM":1,"GRUP":2,"OBJL":144,"RVER":1,"AGEN":7979,"FIDN":187080812,"FIDS":1,"LNAM":"1F2B0B26A06C0001","COLOUR":["6"],"TOPSHP":7,"SCAMIN":200000,"SORDAT":"20160303","SORIND":"NL,1R,reprt,BASS 018-2016","sourceCellId":"1R7687RI","sourceChecksum":"3f67827210a60b8d0bc7484e27eadd0c3d90c2cbede864e1551bf3c0456621ee","rawObjectClass":"TOPMAR","sourceStableId":"1F2B0B26A06C0001"},"sourceKind":"official","official":true,"sourceCellId":"1R7687RI","sourceStableId":"1F2B0B26A06C0001","pipelineFeatureId":"1R7687RI/TOPMAR/187080812","provenance":{"cellId":"1R7687RI","checksum":"3f67827210a60b8d0bc7484e27eadd0c3d90c2cbede864e1551bf3c0456621ee","readerVersion":"GDAL 3.2.2","processedAt":"2026-08-11T18:29:20.995Z"},"associationRefsVerifiedInGdalOutput":false}},{"type":"Feature","geometry":{"type":"Point","coordinates":[3.8143833,51.350165]},"properties":{"dolphinKind":"topmark","rawObjectClass":"TOPMAR","sourceProperties":{"RCID":187458902,"PRIM":1,"GRUP":2,"OBJL":144,"RVER":1,"AGEN":7979,"FIDN":187458902,"FIDS":1,"LNAM":"1F2B0B2C65560001","COLOUR":["6"],"TOPSHP":7,"SCAMIN":200000,"SORDAT":"20160303","SORIND":"NL,1R,reprt,BASS 018-2016","sourceCellId":"1R7687RI","sourceChecksum":"3f67827210a60b8d0bc7484e27eadd0c3d90c2cbede864e1551bf3c0456621ee","rawObjectClass":"TOPMAR","sourceStableId":"1F2B0B2C65560001"},"sourceKind":"official","official":true,"sourceCellId":"1R7687RI","sourceStableId":"1F2B0B2C65560001","pipelineFeatureId":"1R7687RI/TOPMAR/187458902","provenance":{"cellId":"1R7687RI","checksum":"3f67827210a60b8d0bc7484e27eadd0c3d90c2cbede864e1551bf3c0456621ee","readerVersion":"GDAL 3.2.2","processedAt":"2026-08-11T18:29:20.995Z"},"associationRefsVerifiedInGdalOutput":false}},{"type":"Feature","geometry":{"type":"Point","coordinates":[3.7795317,51.3613767]},"properties":{"dolphinKind":"topmark","rawObjectClass":"TOPMAR","sourceProperties":{"RCID":187830854,"PRIM":1,"GRUP":2,"OBJL":144,"RVER":1,"AGEN":7979,"FIDN":187830854,"FIDS":1,"LNAM":"1F2B0B3212460001","COLOUR":["2"],"TOPSHP":7,"SCAMIN":200000,"SORDAT":"20160303","SORIND":"NL,1R,Reprt,BASS18-2016","sourceCellId":"1R7687RI","sourceChecksum":"3f67827210a60b8d0bc7484e27eadd0c3d90c2cbede864e1551bf3c0456621ee","rawObjectClass":"TOPMAR","sourceStableId":"1F2B0B3212460001"},"sourceKind":"official","official":true,"sourceCellId":"1R7687RI","sourceStableId":"1F2B0B3212460001","pipelineFeatureId":"1R7687RI/TOPMAR/187830854","provenance":{"cellId":"1R7687RI","checksum":"3f67827210a60b8d0bc7484e27eadd0c3d90c2cbede864e1551bf3c0456621ee","readerVersion":"GDAL 3.2.2","processedAt":"2026-08-11T18:29:20.995Z"},"associationRefsVerifiedInGdalOutput":false}},{"type":"Feature","geometry":{"type":"Point","coordinates":[3.737265,51.35274]},"properties":{"dolphinKind":"topmark","rawObjectClass":"TOPMAR","sourceProperties":{"RCID":223323609,"PRIM":1,"GRUP":2,"OBJL":144,"RVER":1,"AGEN":7979,"FIDN":223323609,"FIDS":1,"LNAM":"1F2B0D4FA5D90001","COLOUR":["6"],"TOPSHP":7,"SCAMIN":200000,"SORDAT":"20170503","SORIND":"NL,1R,reprt,MD 171-17","sourceCellId":"1R7687RI","sourceChecksum":"3f67827210a60b8d0bc7484e27eadd0c3d90c2cbede864e1551bf3c0456621ee","rawObjectClass":"TOPMAR","sourceStableId":"1F2B0D4FA5D90001"},"sourceKind":"official","official":true,"sourceCellId":"1R7687RI","sourceStableId":"1F2B0D4FA5D90001","pipelineFeatureId":"1R7687RI/TOPMAR/223323609","provenance":{"cellId":"1R7687RI","checksum":"3f67827210a60b8d0bc7484e27eadd0c3d90c2cbede864e1551bf3c0456621ee","readerVersion":"GDAL 3.2.2","processedAt":"2026-08-11T18:29:20.995Z"},"associationRefsVerifiedInGdalOutput":false}},{"type":"Feature","geometry":{"type":"Point","coordinates":[3.7464667,51.35242]},"properties":{"dolphinKind":"topmark","rawObjectClass":"TOPMAR","sourceProperties":{"RCID":223323610,"PRIM":1,"GRUP":2,"OBJL":144,"RVER":1,"AGEN":7979,"FIDN":223323610,"FIDS":1,"LNAM":"1F2B0D4FA5DA0001","COLOUR":["6"],"TOPSHP":7,"SCAMIN":200000,"SORDAT":"20170503","SORIND":"NL,1R,reprt,MD 171-17","sourceCellId":"1R7687RI","sourceChecksum":"3f67827210a60b8d0bc7484e27eadd0c3d90c2cbede864e1551bf3c0456621ee","rawObjectClass":"TOPMAR","sourceStableId":"1F2B0D4FA5DA0001"},"sourceKind":"official","official":true,"sourceCellId":"1R7687RI","sourceStableId":"1F2B0D4FA5DA0001","pipelineFeatureId":"1R7687RI/TOPMAR/223323610","provenance":{"cellId":"1R7687RI","checksum":"3f67827210a60b8d0bc7484e27eadd0c3d90c2cbede864e1551bf3c0456621ee","readerVersion":"GDAL 3.2.2","processedAt":"2026-08-11T18:29:20.995Z"},"associationRefsVerifiedInGdalOutput":false}},{"type":"Feature","geometry":{"type":"Point","coordinates":[3.887245,51.3497283]},"properties":{"dolphinKind":"topmark","rawObjectClass":"TOPMAR","sourceProperties":{"RCID":423789183,"PRIM":1,"GRUP":2,"OBJL":144,"RVER":1,"AGEN":7979,"FIDN":423789183,"FIDS":1,"LNAM":"1F2B1942827F0001","COLOUR":["2"],"TOPSHP":10,"SCAMIN":200000,"SORDAT":"20210716","sourceCellId":"1R7687RI","sourceChecksum":"3f67827210a60b8d0bc7484e27eadd0c3d90c2cbede864e1551bf3c0456621ee","rawObjectClass":"TOPMAR","sourceStableId":"1F2B1942827F0001"},"sourceKind":"official","official":true,"sourceCellId":"1R7687RI","sourceStableId":"1F2B1942827F0001","pipelineFeatureId":"1R7687RI/TOPMAR/423789183","provenance":{"cellId":"1R7687RI","checksum":"3f67827210a60b8d0bc7484e27eadd0c3d90c2cbede864e1551bf3c0456621ee","readerVersion":"GDAL 3.2.2","processedAt":"2026-08-11T18:29:20.995Z"},"associationRefsVerifiedInGdalOutput":false}},{"type":"Feature","geometry":{"type":"Point","coordinates":[3.8465433,51.3670917]},"properties":{"dolphinKind":"topmark","rawObjectClass":"TOPMAR","sourceProperties":{"RCID":504757170,"PRIM":1,"GRUP":2,"OBJL":144,"RVER":1,"AGEN":7979,"FIDN":504757170,"FIDS":1,"LNAM":"1F2B1E15FBB20001","COLOUR":["6"],"TOPSHP":7,"SCAMIN":200000,"SORDAT":"20230228","SORIND":"NL,1R,reprt,MD 070-23","sourceCellId":"1R7687RI","sourceChecksum":"3f67827210a60b8d0bc7484e27eadd0c3d90c2cbede864e1551bf3c0456621ee","rawObjectClass":"TOPMAR","sourceStableId":"1F2B1E15FBB20001"},"sourceKind":"official","official":true,"sourceCellId":"1R7687RI","sourceStableId":"1F2B1E15FBB20001","pipelineFeatureId":"1R7687RI/TOPMAR/504757170","provenance":{"cellId":"1R7687RI","checksum":"3f67827210a60b8d0bc7484e27eadd0c3d90c2cbede864e1551bf3c0456621ee","readerVersion":"GDAL 3.2.2","processedAt":"2026-08-11T18:29:20.995Z"},"associationRefsVerifiedInGdalOutput":false}},{"type":"Feature","geometry":{"type":"Point","coordinates":[3.848305,51.3689133]},"properties":{"dolphinKind":"topmark","rawObjectClass":"TOPMAR","sourceProperties":{"RCID":504757171,"PRIM":1,"GRUP":2,"OBJL":144,"RVER":1,"AGEN":7979,"FIDN":504757171,"FIDS":1,"LNAM":"1F2B1E15FBB30001","COLOUR":["6"],"TOPSHP":7,"SCAMIN":200000,"SORDAT":"20230228","SORIND":"NL,1R,reprt,MD 070-23","sourceCellId":"1R7687RI","sourceChecksum":"3f67827210a60b8d0bc7484e27eadd0c3d90c2cbede864e1551bf3c0456621ee","rawObjectClass":"TOPMAR","sourceStableId":"1F2B1E15FBB30001"},"sourceKind":"official","official":true,"sourceCellId":"1R7687RI","sourceStableId":"1F2B1E15FBB30001","pipelineFeatureId":"1R7687RI/TOPMAR/504757171","provenance":{"cellId":"1R7687RI","checksum":"3f67827210a60b8d0bc7484e27eadd0c3d90c2cbede864e1551bf3c0456621ee","readerVersion":"GDAL 3.2.2","processedAt":"2026-08-11T18:29:20.995Z"},"associationRefsVerifiedInGdalOutput":false}},{"type":"Feature","geometry":{"type":"Point","coordinates":[3.7551033,51.3533383]},"properties":{"dolphinKind":"topmark","rawObjectClass":"TOPMAR","sourceProperties":{"RCID":1147387551,"PRIM":1,"GRUP":2,"OBJL":144,"RVER":1,"AGEN":7979,"FIDN":1147387551,"FIDS":1,"LNAM":"1F2B4463BE9F0001","COLOUR":["6"],"TOPSHP":7,"SCAMIN":200000,"SORDAT":"20230724","sourceCellId":"1R7687RI","sourceChecksum":"3f67827210a60b8d0bc7484e27eadd0c3d90c2cbede864e1551bf3c0456621ee","rawObjectClass":"TOPMAR","sourceStableId":"1F2B4463BE9F0001"},"sourceKind":"official","official":true,"sourceCellId":"1R7687RI","sourceStableId":"1F2B4463BE9F0001","pipelineFeatureId":"1R7687RI/TOPMAR/1147387551","provenance":{"cellId":"1R7687RI","checksum":"3f67827210a60b8d0bc7484e27eadd0c3d90c2cbede864e1551bf3c0456621ee","readerVersion":"GDAL 3.2.2","processedAt":"2026-08-11T18:29:20.995Z"},"associationRefsVerifiedInGdalOutput":false}},{"type":"Feature","geometry":{"type":"Point","coordinates":[3.8491667,51.3402]},"properties":{"dolphinKind":"topmark","rawObjectClass":"TOPMAR","sourceProperties":{"RCID":1215960291,"PRIM":1,"GRUP":2,"OBJL":144,"RVER":1,"AGEN":7979,"FIDN":1215960291,"FIDS":1,"LNAM":"1F2B487A14E30001","COLOUR":["4"],"TOPSHP":1,"SCAMIN":200000,"SORDAT":"20250114","SORIND":"NL,1R,Reprt,MD 026-2025","sourceCellId":"1R7687RI","sourceChecksum":"3f67827210a60b8d0bc7484e27eadd0c3d90c2cbede864e1551bf3c0456621ee","rawObjectClass":"TOPMAR","sourceStableId":"1F2B487A14E30001"},"sourceKind":"official","official":true,"sourceCellId":"1R7687RI","sourceStableId":"1F2B487A14E30001","pipelineFeatureId":"1R7687RI/TOPMAR/1215960291","provenance":{"cellId":"1R7687RI","checksum":"3f67827210a60b8d0bc7484e27eadd0c3d90c2cbede864e1551bf3c0456621ee","readerVersion":"GDAL 3.2.2","processedAt":"2026-08-11T18:29:20.995Z"},"associationRefsVerifiedInGdalOutput":false}},{"type":"Feature","geometry":{"type":"Point","coordinates":[3.7597667,51.3553333]},"properties":{"dolphinKind":"topmark","rawObjectClass":"TOPMAR","sourceProperties":{"RCID":1215960292,"PRIM":1,"GRUP":2,"OBJL":144,"RVER":1,"AGEN":7979,"FIDN":1215960292,"FIDS":1,"LNAM":"1F2B487A14E40001","COLOUR":["4"],"TOPSHP":1,"SCAMIN":200000,"SORDAT":"20250114","SORIND":"NL,1R,Reprt,MD 026-2025","sourceCellId":"1R7687RI","sourceChecksum":"3f67827210a60b8d0bc7484e27eadd0c3d90c2cbede864e1551bf3c0456621ee","rawObjectClass":"TOPMAR","sourceStableId":"1F2B487A14E40001"},"sourceKind":"official","official":true,"sourceCellId":"1R7687RI","sourceStableId":"1F2B487A14E40001","pipelineFeatureId":"1R7687RI/TOPMAR/1215960292","provenance":{"cellId":"1R7687RI","checksum":"3f67827210a60b8d0bc7484e27eadd0c3d90c2cbede864e1551bf3c0456621ee","readerVersion":"GDAL 3.2.2","processedAt":"2026-08-11T18:29:20.995Z"},"associationRefsVerifiedInGdalOutput":false}},{"type":"Feature","geometry":{"type":"Point","coordinates":[3.8137833,51.3488]},"properties":{"dolphinKind":"topmark","rawObjectClass":"TOPMAR","sourceProperties":{"RCID":1215960300,"PRIM":1,"GRUP":2,"OBJL":144,"RVER":1,"AGEN":7979,"FIDN":1215960300,"FIDS":1,"LNAM":"1F2B487A14EC0001","COLOUR":["3"],"TOPSHP":5,"SCAMIN":200000,"SORDAT":"20250114","SORIND":"NL,1R,Reprt,MD 026-25","sourceCellId":"1R7687RI","sourceChecksum":"3f67827210a60b8d0bc7484e27eadd0c3d90c2cbede864e1551bf3c0456621ee","rawObjectClass":"TOPMAR","sourceStableId":"1F2B487A14EC0001"},"sourceKind":"official","official":true,"sourceCellId":"1R7687RI","sourceStableId":"1F2B487A14EC0001","pipelineFeatureId":"1R7687RI/TOPMAR/1215960300","provenance":{"cellId":"1R7687RI","checksum":"3f67827210a60b8d0bc7484e27eadd0c3d90c2cbede864e1551bf3c0456621ee","readerVersion":"GDAL 3.2.2","processedAt":"2026-08-11T18:29:20.995Z"},"associationRefsVerifiedInGdalOutput":false}},{"type":"Feature","geometry":{"type":"Point","coordinates":[3.84625,51.3481666]},"properties":{"dolphinKind":"topmark","rawObjectClass":"TOPMAR","sourceProperties":{"RCID":1215960308,"PRIM":1,"GRUP":2,"OBJL":144,"RVER":1,"AGEN":7979,"FIDN":1215960308,"FIDS":1,"LNAM":"1F2B487A14F40001","COLOUR":["3"],"TOPSHP":5,"SCAMIN":200000,"SORDAT":"20250114","SORIND":"NL,1R,Reprt,MD 026-25","sourceCellId":"1R7687RI","sourceChecksum":"3f67827210a60b8d0bc7484e27eadd0c3d90c2cbede864e1551bf3c0456621ee","rawObjectClass":"TOPMAR","sourceStableId":"1F2B487A14F40001"},"sourceKind":"official","official":true,"sourceCellId":"1R7687RI","sourceStableId":"1F2B487A14F40001","pipelineFeatureId":"1R7687RI/TOPMAR/1215960308","provenance":{"cellId":"1R7687RI","checksum":"3f67827210a60b8d0bc7484e27eadd0c3d90c2cbede864e1551bf3c0456621ee","readerVersion":"GDAL 3.2.2","processedAt":"2026-08-11T18:29:20.995Z"},"associationRefsVerifiedInGdalOutput":false}},{"type":"Feature","geometry":{"type":"Point","coordinates":[3.77161,51.3521817]},"properties":{"dolphinKind":"topmark","rawObjectClass":"TOPMAR","sourceProperties":{"RCID":1234730571,"PRIM":1,"GRUP":2,"OBJL":144,"RVER":1,"AGEN":7979,"FIDN":1234730571,"FIDS":1,"LNAM":"1F2B49987E4B0001","COLOUR":["4"],"TOPSHP":1,"SCAMIN":200000,"sourceCellId":"1R7687RI","sourceChecksum":"3f67827210a60b8d0bc7484e27eadd0c3d90c2cbede864e1551bf3c0456621ee","rawObjectClass":"TOPMAR","sourceStableId":"1F2B49987E4B0001"},"sourceKind":"official","official":true,"sourceCellId":"1R7687RI","sourceStableId":"1F2B49987E4B0001","pipelineFeatureId":"1R7687RI/TOPMAR/1234730571","provenance":{"cellId":"1R7687RI","checksum":"3f67827210a60b8d0bc7484e27eadd0c3d90c2cbede864e1551bf3c0456621ee","readerVersion":"GDAL 3.2.2","processedAt":"2026-08-11T18:29:20.995Z"},"associationRefsVerifiedInGdalOutput":false}},{"type":"Feature","geometry":{"type":"Point","coordinates":[3.9105833,51.36765]},"properties":{"dolphinKind":"topmark","rawObjectClass":"TOPMAR","sourceProperties":{"RCID":1272825193,"PRIM":1,"GRUP":2,"OBJL":144,"RVER":1,"AGEN":7979,"FIDN":1272825193,"FIDS":1,"LNAM":"1F2B4BDDC5690001","COLOUR":["3"],"TOPSHP":5,"SCAMIN":200000,"sourceCellId":"1R7687RI","sourceChecksum":"3f67827210a60b8d0bc7484e27eadd0c3d90c2cbede864e1551bf3c0456621ee","rawObjectClass":"TOPMAR","sourceStableId":"1F2B4BDDC5690001"},"sourceKind":"official","official":true,"sourceCellId":"1R7687RI","sourceStableId":"1F2B4BDDC5690001","pipelineFeatureId":"1R7687RI/TOPMAR/1272825193","provenance":{"cellId":"1R7687RI","checksum":"3f67827210a60b8d0bc7484e27eadd0c3d90c2cbede864e1551bf3c0456621ee","readerVersion":"GDAL 3.2.2","processedAt":"2026-08-11T18:29:20.995Z"},"associationRefsVerifiedInGdalOutput":false}},{"type":"Feature","geometry":{"type":"Point","coordinates":[3.9184717,51.364225]},"properties":{"dolphinKind":"topmark","rawObjectClass":"TOPMAR","sourceProperties":{"RCID":1279968426,"PRIM":1,"GRUP":2,"OBJL":144,"RVER":1,"AGEN":7979,"FIDN":1279968426,"FIDS":1,"LNAM":"1F2B4C4AC4AA0001","COLOUR":["2"],"TOPSHP":13,"SCAMIN":200000,"SORDAT":"20260626","sourceCellId":"1R7687RI","sourceChecksum":"3f67827210a60b8d0bc7484e27eadd0c3d90c2cbede864e1551bf3c0456621ee","rawObjectClass":"TOPMAR","sourceStableId":"1F2B4C4AC4AA0001"},"sourceKind":"official","official":true,"sourceCellId":"1R7687RI","sourceStableId":"1F2B4C4AC4AA0001","pipelineFeatureId":"1R7687RI/TOPMAR/1279968426","provenance":{"cellId":"1R7687RI","checksum":"3f67827210a60b8d0bc7484e27eadd0c3d90c2cbede864e1551bf3c0456621ee","readerVersion":"GDAL 3.2.2","processedAt":"2026-08-11T18:29:20.995Z"},"associationRefsVerifiedInGdalOutput":false}}]}