{"type":"FeatureCollection","features":[{"type":"Feature","geometry":{"type":"Point","coordinates":[4.1717111,51.3875861]},"properties":{"dolphinKind":"buoy-lateral","rawObjectClass":"BOYLAT","sourceProperties":{"RCID":17286,"PRIM":1,"GRUP":2,"OBJL":17,"RVER":1,"AGEN":7979,"FIDN":1106834683,"FIDS":347,"LNAM":"1F2B41F8F4FB015B","BOYSHP":5,"CATLAM":2,"COLOUR":["4"],"CONRAD":3,"OBJNAM":"71","SCAMIN":200000,"SORDAT":"20191018","SORIND":"NL,1R,Reprt,email F. de Pooter 03102019","sourceCellId":"1R76W7XI","sourceChecksum":"de2a790137a594cf48ea6efc0e5bb97f791616cff81433305327dd6470288365","rawObjectClass":"BOYLAT","sourceStableId":"1F2B41F8F4FB015B"},"sourceKind":"official","official":true,"sourceCellId":"1R76W7XI","sourceStableId":"1F2B41F8F4FB015B","pipelineFeatureId":"1R76W7XI/BOYLAT/17286","provenance":{"cellId":"1R76W7XI","checksum":"de2a790137a594cf48ea6efc0e5bb97f791616cff81433305327dd6470288365","readerVersion":"GDAL 3.2.2","processedAt":"2026-08-11T13:43:44.753Z"}}},{"type":"Feature","geometry":{"type":"Point","coordinates":[4.1768334,51.3915167]},"properties":{"dolphinKind":"buoy-lateral","rawObjectClass":"BOYLAT","sourceProperties":{"RCID":17287,"PRIM":1,"GRUP":2,"OBJL":17,"RVER":1,"AGEN":7979,"FIDN":1106834683,"FIDS":348,"LNAM":"1F2B41F8F4FB015C","LNAM_REFS":["1F2B41F8F4FB015D"],"FFPT_RIND":[2],"BOYSHP":1,"CATLAM":2,"COLOUR":["4"],"CONRAD":3,"OBJNAM":"73","SCAMIN":200000,"SORDAT":"20060106","SORIND":"NL,1R,reprt,BASS02/06","sourceCellId":"1R76W7XI","sourceChecksum":"de2a790137a594cf48ea6efc0e5bb97f791616cff81433305327dd6470288365","rawObjectClass":"BOYLAT","sourceStableId":"1F2B41F8F4FB015C"},"sourceKind":"official","official":true,"sourceCellId":"1R76W7XI","sourceStableId":"1F2B41F8F4FB015C","pipelineFeatureId":"1R76W7XI/BOYLAT/17287","provenance":{"cellId":"1R76W7XI","checksum":"de2a790137a594cf48ea6efc0e5bb97f791616cff81433305327dd6470288365","readerVersion":"GDAL 3.2.2","processedAt":"2026-08-11T13:43:44.753Z"}}},{"type":"Feature","geometry":{"type":"Point","coordinates":[4.1853217,51.39612]},"properties":{"dolphinKind":"buoy-lateral","rawObjectClass":"BOYLAT","sourceProperties":{"RCID":17289,"PRIM":1,"GRUP":2,"OBJL":17,"RVER":1,"AGEN":7979,"FIDN":1106834683,"FIDS":350,"LNAM":"1F2B41F8F4FB015E","LNAM_REFS":["1F2B41F8F4FB015F","1F2B4874B0CD0001"],"FFPT_RIND":[2,2],"BOYSHP":1,"CATLAM":2,"COLOUR":["4"],"CONRAD":3,"OBJNAM":"75","SCAMIN":200000,"SORDAT":"20150917","SORIND":"NL,1R,Reprt,BASS077-2015","sourceCellId":"1R76W7XI","sourceChecksum":"de2a790137a594cf48ea6efc0e5bb97f791616cff81433305327dd6470288365","rawObjectClass":"BOYLAT","sourceStableId":"1F2B41F8F4FB015E"},"sourceKind":"official","official":true,"sourceCellId":"1R76W7XI","sourceStableId":"1F2B41F8F4FB015E","pipelineFeatureId":"1R76W7XI/BOYLAT/17289","provenance":{"cellId":"1R76W7XI","checksum":"de2a790137a594cf48ea6efc0e5bb97f791616cff81433305327dd6470288365","readerVersion":"GDAL 3.2.2","processedAt":"2026-08-11T13:43:44.753Z"}}},{"type":"Feature","geometry":{"type":"Point","coordinates":[4.2015833,51.395865]},"properties":{"dolphinKind":"buoy-lateral","rawObjectClass":"BOYLAT","sourceProperties":{"RCID":17293,"PRIM":1,"GRUP":2,"OBJL":17,"RVER":1,"AGEN":7979,"FIDN":1106834683,"FIDS":354,"LNAM":"1F2B41F8F4FB0162","LNAM_REFS":["1F2B41F8F4FB0163","1F2B4874B0CC0001"],"FFPT_RIND":[2,2],"BOYSHP":1,"CATLAM":2,"COLOUR":["4"],"CONRAD":3,"OBJNAM":"77","SCAMIN":200000,"SORDAT":"20260205","SORIND":"NL,1R,MD027-26","sourceCellId":"1R76W7XI","sourceChecksum":"de2a790137a594cf48ea6efc0e5bb97f791616cff81433305327dd6470288365","rawObjectClass":"BOYLAT","sourceStableId":"1F2B41F8F4FB0162"},"sourceKind":"official","official":true,"sourceCellId":"1R76W7XI","sourceStableId":"1F2B41F8F4FB0162","pipelineFeatureId":"1R76W7XI/BOYLAT/17293","provenance":{"cellId":"1R76W7XI","checksum":"de2a790137a594cf48ea6efc0e5bb97f791616cff81433305327dd6470288365","readerVersion":"GDAL 3.2.2","processedAt":"2026-08-11T13:43:44.753Z"}}},{"type":"Feature","geometry":{"type":"Point","coordinates":[4.2071117,51.3917133]},"properties":{"dolphinKind":"buoy-lateral","rawObjectClass":"BOYLAT","sourceProperties":{"RCID":17295,"PRIM":1,"GRUP":2,"OBJL":17,"RVER":1,"AGEN":7979,"FIDN":1106834683,"FIDS":356,"LNAM":"1F2B41F8F4FB0164","LNAM_REFS":["1F2B41F8F4FB0165"],"FFPT_RIND":[2],"BOYSHP":1,"CATLAM":2,"COLOUR":["4"],"CONRAD":3,"OBJNAM":"79","SCAMIN":200000,"SORDAT":"20150917","SORIND":"NL,1R,Reprt,BASS077-2015","sourceCellId":"1R76W7XI","sourceChecksum":"de2a790137a594cf48ea6efc0e5bb97f791616cff81433305327dd6470288365","rawObjectClass":"BOYLAT","sourceStableId":"1F2B41F8F4FB0164"},"sourceKind":"official","official":true,"sourceCellId":"1R76W7XI","sourceStableId":"1F2B41F8F4FB0164","pipelineFeatureId":"1R76W7XI/BOYLAT/17295","provenance":{"cellId":"1R76W7XI","checksum":"de2a790137a594cf48ea6efc0e5bb97f791616cff81433305327dd6470288365","readerVersion":"GDAL 3.2.2","processedAt":"2026-08-11T13:43:44.753Z"}}},{"type":"Feature","geometry":{"type":"Point","coordinates":[4.2097417,51.3868283]},"properties":{"dolphinKind":"buoy-lateral","rawObjectClass":"BOYLAT","sourceProperties":{"RCID":17297,"PRIM":1,"GRUP":2,"OBJL":17,"RVER":1,"AGEN":7979,"FIDN":1106834683,"FIDS":358,"LNAM":"1F2B41F8F4FB0166","LNAM_REFS":["1F2B41F8F4FB0167","1F2B4874B0CB0001"],"FFPT_RIND":[2,2],"BOYSHP":1,"CATLAM":2,"COLOUR":["4"],"CONRAD":3,"OBJNAM":"81","SCAMIN":200000,"SORDAT":"20150917","SORIND":"NL,1R,Reprt,BASS077-2015","sourceCellId":"1R76W7XI","sourceChecksum":"de2a790137a594cf48ea6efc0e5bb97f791616cff81433305327dd6470288365","rawObjectClass":"BOYLAT","sourceStableId":"1F2B41F8F4FB0166"},"sourceKind":"official","official":true,"sourceCellId":"1R76W7XI","sourceStableId":"1F2B41F8F4FB0166","pipelineFeatureId":"1R76W7XI/BOYLAT/17297","provenance":{"cellId":"1R76W7XI","checksum":"de2a790137a594cf48ea6efc0e5bb97f791616cff81433305327dd6470288365","readerVersion":"GDAL 3.2.2","processedAt":"2026-08-11T13:43:44.753Z"}}},{"type":"Feature","geometry":{"type":"Point","coordinates":[4.21285,51.3782667]},"properties":{"dolphinKind":"buoy-lateral","rawObjectClass":"BOYLAT","sourceProperties":{"RCID":17299,"PRIM":1,"GRUP":2,"OBJL":17,"RVER":1,"AGEN":7979,"FIDN":1106834683,"FIDS":360,"LNAM":"1F2B41F8F4FB0168","LNAM_REFS":["1F2B41F8F4FB0169"],"FFPT_RIND":[2],"BOYSHP":1,"CATLAM":2,"COLOUR":["4"],"CONRAD":3,"OBJNAM":"81A","SCAMIN":200000,"SORDAT":"20101214","SORIND":"NL,1R,reprt,BASS106/10","sourceCellId":"1R76W7XI","sourceChecksum":"de2a790137a594cf48ea6efc0e5bb97f791616cff81433305327dd6470288365","rawObjectClass":"BOYLAT","sourceStableId":"1F2B41F8F4FB0168"},"sourceKind":"official","official":true,"sourceCellId":"1R76W7XI","sourceStableId":"1F2B41F8F4FB0168","pipelineFeatureId":"1R76W7XI/BOYLAT/17299","provenance":{"cellId":"1R76W7XI","checksum":"de2a790137a594cf48ea6efc0e5bb97f791616cff81433305327dd6470288365","readerVersion":"GDAL 3.2.2","processedAt":"2026-08-11T13:43:44.753Z"}}},{"type":"Feature","geometry":{"type":"Point","coordinates":[4.14365,51.3762667]},"properties":{"dolphinKind":"buoy-lateral","rawObjectClass":"BOYLAT","sourceProperties":{"RCID":17363,"PRIM":1,"GRUP":2,"OBJL":17,"RVER":1,"AGEN":7979,"FIDN":1106834683,"FIDS":424,"LNAM":"1F2B41F8F4FB01A8","LNAM_REFS":["1F2B41F8F4FB01A9","1F2B487A15030001"],"FFPT_RIND":[2,2],"BOYSHP":2,"CATLAM":1,"COLOUR":["3"],"CONRAD":3,"OBJNAM":"64","SCAMIN":200000,"SORDAT":"20100614","SORIND":"NL,1R,reprt,Bass 054/10","sourceCellId":"1R76W7XI","sourceChecksum":"de2a790137a594cf48ea6efc0e5bb97f791616cff81433305327dd6470288365","rawObjectClass":"BOYLAT","sourceStableId":"1F2B41F8F4FB01A8"},"sourceKind":"official","official":true,"sourceCellId":"1R76W7XI","sourceStableId":"1F2B41F8F4FB01A8","pipelineFeatureId":"1R76W7XI/BOYLAT/17363","provenance":{"cellId":"1R76W7XI","checksum":"de2a790137a594cf48ea6efc0e5bb97f791616cff81433305327dd6470288365","readerVersion":"GDAL 3.2.2","processedAt":"2026-08-11T13:43:44.753Z"}}},{"type":"Feature","geometry":{"type":"Point","coordinates":[4.1528333,51.3820167]},"properties":{"dolphinKind":"buoy-lateral","rawObjectClass":"BOYLAT","sourceProperties":{"RCID":17365,"PRIM":1,"GRUP":2,"OBJL":17,"RVER":1,"AGEN":7979,"FIDN":1106834683,"FIDS":426,"LNAM":"1F2B41F8F4FB01AA","BOYSHP":5,"CATLAM":1,"COLOUR":["3"],"CONRAD":3,"OBJNAM":"64B","SCAMIN":200000,"SORDAT":"20191018","SORIND":"NL,1R,Reprt,email F. de Pooter 03102019","sourceCellId":"1R76W7XI","sourceChecksum":"de2a790137a594cf48ea6efc0e5bb97f791616cff81433305327dd6470288365","rawObjectClass":"BOYLAT","sourceStableId":"1F2B41F8F4FB01AA"},"sourceKind":"official","official":true,"sourceCellId":"1R76W7XI","sourceStableId":"1F2B41F8F4FB01AA","pipelineFeatureId":"1R76W7XI/BOYLAT/17365","provenance":{"cellId":"1R76W7XI","checksum":"de2a790137a594cf48ea6efc0e5bb97f791616cff81433305327dd6470288365","readerVersion":"GDAL 3.2.2","processedAt":"2026-08-11T13:43:44.753Z"}}},{"type":"Feature","geometry":{"type":"Point","coordinates":[4.1717833,51.3933167]},"properties":{"dolphinKind":"buoy-lateral","rawObjectClass":"BOYLAT","sourceProperties":{"RCID":17366,"PRIM":1,"GRUP":2,"OBJL":17,"RVER":1,"AGEN":7979,"FIDN":1106834683,"FIDS":427,"LNAM":"1F2B41F8F4FB01AB","LNAM_REFS":["1F2B448DF7370001"],"FFPT_RIND":[2],"BOYSHP":5,"CATLAM":1,"COLOUR":["3"],"CONRAD":3,"OBJNAM":"66A","SCAMIN":200000,"SORDAT":"20180212","SORIND":"NL,1R,reprt,Sparren 66A en 66B","sourceCellId":"1R76W7XI","sourceChecksum":"de2a790137a594cf48ea6efc0e5bb97f791616cff81433305327dd6470288365","rawObjectClass":"BOYLAT","sourceStableId":"1F2B41F8F4FB01AB"},"sourceKind":"official","official":true,"sourceCellId":"1R76W7XI","sourceStableId":"1F2B41F8F4FB01AB","pipelineFeatureId":"1R76W7XI/BOYLAT/17366","provenance":{"cellId":"1R76W7XI","checksum":"de2a790137a594cf48ea6efc0e5bb97f791616cff81433305327dd6470288365","readerVersion":"GDAL 3.2.2","processedAt":"2026-08-11T13:43:44.753Z"}}},{"type":"Feature","geometry":{"type":"Point","coordinates":[4.183,51.3988333]},"properties":{"dolphinKind":"buoy-lateral","rawObjectClass":"BOYLAT","sourceProperties":{"RCID":17367,"PRIM":1,"GRUP":2,"OBJL":17,"RVER":1,"AGEN":7979,"FIDN":1106834683,"FIDS":428,"LNAM":"1F2B41F8F4FB01AC","LNAM_REFS":["1F2B0A57A8C80001"],"FFPT_RIND":[2],"BOYSHP":5,"CATLAM":1,"COLOUR":["3"],"CONRAD":3,"NATCON":["8"],"OBJNAM":"66C","SCAMIN":200000,"SORDAT":"20151215","SORIND":"NL,1R,Reprt,HYD-2015","sourceCellId":"1R76W7XI","sourceChecksum":"de2a790137a594cf48ea6efc0e5bb97f791616cff81433305327dd6470288365","rawObjectClass":"BOYLAT","sourceStableId":"1F2B41F8F4FB01AC"},"sourceKind":"official","official":true,"sourceCellId":"1R76W7XI","sourceStableId":"1F2B41F8F4FB01AC","pipelineFeatureId":"1R76W7XI/BOYLAT/17367","provenance":{"cellId":"1R76W7XI","checksum":"de2a790137a594cf48ea6efc0e5bb97f791616cff81433305327dd6470288365","readerVersion":"GDAL 3.2.2","processedAt":"2026-08-11T13:43:44.753Z"}}},{"type":"Feature","geometry":{"type":"Point","coordinates":[4.1893333,51.4003333]},"properties":{"dolphinKind":"buoy-lateral","rawObjectClass":"BOYLAT","sourceProperties":{"RCID":17368,"PRIM":1,"GRUP":2,"OBJL":17,"RVER":1,"AGEN":7979,"FIDN":1106834683,"FIDS":429,"LNAM":"1F2B41F8F4FB01AD","LNAM_REFS":["1F2B091469380001"],"FFPT_RIND":[2],"BOYSHP":5,"CATLAM":1,"COLOUR":["3"],"CONRAD":3,"NATCON":["8"],"OBJNAM":"66D","SCAMIN":200000,"SORDAT":"20151215","SORIND":"NL,1R,Reprt,HYD-2015","sourceCellId":"1R76W7XI","sourceChecksum":"de2a790137a594cf48ea6efc0e5bb97f791616cff81433305327dd6470288365","rawObjectClass":"BOYLAT","sourceStableId":"1F2B41F8F4FB01AD"},"sourceKind":"official","official":true,"sourceCellId":"1R76W7XI","sourceStableId":"1F2B41F8F4FB01AD","pipelineFeatureId":"1R76W7XI/BOYLAT/17368","provenance":{"cellId":"1R76W7XI","checksum":"de2a790137a594cf48ea6efc0e5bb97f791616cff81433305327dd6470288365","readerVersion":"GDAL 3.2.2","processedAt":"2026-08-11T13:43:44.753Z"}}},{"type":"Feature","geometry":{"type":"Point","coordinates":[4.1960633,51.4008083]},"properties":{"dolphinKind":"buoy-lateral","rawObjectClass":"BOYLAT","sourceProperties":{"RCID":17369,"PRIM":1,"GRUP":2,"OBJL":17,"RVER":1,"AGEN":7979,"FIDN":1106834683,"FIDS":430,"LNAM":"1F2B41F8F4FB01AE","LNAM_REFS":["1F2B0A57B7D40001"],"FFPT_RIND":[2],"BOYSHP":5,"CATLAM":1,"COLOUR":["3"],"CONRAD":3,"NATCON":["8"],"OBJNAM":"66E","SCAMIN":200000,"SORDAT":"20151215","SORIND":"NL,1R,Reprt,HYD-2015","sourceCellId":"1R76W7XI","sourceChecksum":"de2a790137a594cf48ea6efc0e5bb97f791616cff81433305327dd6470288365","rawObjectClass":"BOYLAT","sourceStableId":"1F2B41F8F4FB01AE"},"sourceKind":"official","official":true,"sourceCellId":"1R76W7XI","sourceStableId":"1F2B41F8F4FB01AE","pipelineFeatureId":"1R76W7XI/BOYLAT/17369","provenance":{"cellId":"1R76W7XI","checksum":"de2a790137a594cf48ea6efc0e5bb97f791616cff81433305327dd6470288365","readerVersion":"GDAL 3.2.2","processedAt":"2026-08-11T13:43:44.753Z"}}},{"type":"Feature","geometry":{"type":"Point","coordinates":[4.2041667,51.3995]},"properties":{"dolphinKind":"buoy-lateral","rawObjectClass":"BOYLAT","sourceProperties":{"RCID":17370,"PRIM":1,"GRUP":2,"OBJL":17,"RVER":1,"AGEN":7979,"FIDN":1106834683,"FIDS":431,"LNAM":"1F2B41F8F4FB01AF","LNAM_REFS":["1F2B0A57BE790001"],"FFPT_RIND":[2],"BOYSHP":5,"CATLAM":1,"COLOUR":["3"],"CONRAD":3,"NATCON":["8"],"OBJNAM":"66F","SCAMIN":200000,"SORDAT":"20151215","SORIND":"NL,1R,Reprt,HYD-2015","sourceCellId":"1R76W7XI","sourceChecksum":"de2a790137a594cf48ea6efc0e5bb97f791616cff81433305327dd6470288365","rawObjectClass":"BOYLAT","sourceStableId":"1F2B41F8F4FB01AF"},"sourceKind":"official","official":true,"sourceCellId":"1R76W7XI","sourceStableId":"1F2B41F8F4FB01AF","pipelineFeatureId":"1R76W7XI/BOYLAT/17370","provenance":{"cellId":"1R76W7XI","checksum":"de2a790137a594cf48ea6efc0e5bb97f791616cff81433305327dd6470288365","readerVersion":"GDAL 3.2.2","processedAt":"2026-08-11T13:43:44.753Z"}}},{"type":"Feature","geometry":{"type":"Point","coordinates":[4.21015,51.3958666]},"properties":{"dolphinKind":"buoy-lateral","rawObjectClass":"BOYLAT","sourceProperties":{"RCID":17371,"PRIM":1,"GRUP":2,"OBJL":17,"RVER":1,"AGEN":7979,"FIDN":1106834683,"FIDS":432,"LNAM":"1F2B41F8F4FB01B0","LNAM_REFS":["1F2B41F8F4FB01B1","1F2B487A15020001"],"FFPT_RIND":[2,2],"BOYSHP":2,"CATLAM":1,"COLOUR":["3"],"CONRAD":3,"OBJNAM":"68","SCAMIN":200000,"SORDAT":"20060106","SORIND":"NL,1R,reprt,BASS02/06","sourceCellId":"1R76W7XI","sourceChecksum":"de2a790137a594cf48ea6efc0e5bb97f791616cff81433305327dd6470288365","rawObjectClass":"BOYLAT","sourceStableId":"1F2B41F8F4FB01B0"},"sourceKind":"official","official":true,"sourceCellId":"1R76W7XI","sourceStableId":"1F2B41F8F4FB01B0","pipelineFeatureId":"1R76W7XI/BOYLAT/17371","provenance":{"cellId":"1R76W7XI","checksum":"de2a790137a594cf48ea6efc0e5bb97f791616cff81433305327dd6470288365","readerVersion":"GDAL 3.2.2","processedAt":"2026-08-11T13:43:44.753Z"}}},{"type":"Feature","geometry":{"type":"Point","coordinates":[4.2145166,51.3900167]},"properties":{"dolphinKind":"buoy-lateral","rawObjectClass":"BOYLAT","sourceProperties":{"RCID":17373,"PRIM":1,"GRUP":2,"OBJL":17,"RVER":1,"AGEN":7979,"FIDN":1106834683,"FIDS":434,"LNAM":"1F2B41F8F4FB01B2","LNAM_REFS":["1F2B41F8F4FB01B3"],"FFPT_RIND":[2],"BOYSHP":2,"CATLAM":1,"COLOUR":["3"],"CONRAD":3,"OBJNAM":"70","SCAMIN":200000,"SORDAT":"20060106","SORIND":"NL,1R,reprt,BASS02/06","sourceCellId":"1R76W7XI","sourceChecksum":"de2a790137a594cf48ea6efc0e5bb97f791616cff81433305327dd6470288365","rawObjectClass":"BOYLAT","sourceStableId":"1F2B41F8F4FB01B2"},"sourceKind":"official","official":true,"sourceCellId":"1R76W7XI","sourceStableId":"1F2B41F8F4FB01B2","pipelineFeatureId":"1R76W7XI/BOYLAT/17373","provenance":{"cellId":"1R76W7XI","checksum":"de2a790137a594cf48ea6efc0e5bb97f791616cff81433305327dd6470288365","readerVersion":"GDAL 3.2.2","processedAt":"2026-08-11T13:43:44.753Z"}}},{"type":"Feature","geometry":{"type":"Point","coordinates":[4.21705,51.3815166]},"properties":{"dolphinKind":"buoy-lateral","rawObjectClass":"BOYLAT","sourceProperties":{"RCID":17375,"PRIM":1,"GRUP":2,"OBJL":17,"RVER":1,"AGEN":7979,"FIDN":1106834683,"FIDS":436,"LNAM":"1F2B41F8F4FB01B4","LNAM_REFS":["1F2B41F8F4FB01B5"],"FFPT_RIND":[2],"BOYSHP":2,"CATLAM":1,"COLOUR":["3"],"CONRAD":3,"OBJNAM":"72","SCAMIN":200000,"SORDAT":"20060106","SORIND":"NL,1R,reprt,BASS02/06","sourceCellId":"1R76W7XI","sourceChecksum":"de2a790137a594cf48ea6efc0e5bb97f791616cff81433305327dd6470288365","rawObjectClass":"BOYLAT","sourceStableId":"1F2B41F8F4FB01B4"},"sourceKind":"official","official":true,"sourceCellId":"1R76W7XI","sourceStableId":"1F2B41F8F4FB01B4","pipelineFeatureId":"1R76W7XI/BOYLAT/17375","provenance":{"cellId":"1R76W7XI","checksum":"de2a790137a594cf48ea6efc0e5bb97f791616cff81433305327dd6470288365","readerVersion":"GDAL 3.2.2","processedAt":"2026-08-11T13:43:44.753Z"}}},{"type":"Feature","geometry":{"type":"Point","coordinates":[4.16265,51.3873833]},"properties":{"dolphinKind":"buoy-lateral","rawObjectClass":"BOYLAT","sourceProperties":{"RCID":17671,"PRIM":1,"GRUP":2,"OBJL":17,"RVER":1,"AGEN":7979,"FIDN":1106834684,"FIDS":477,"LNAM":"1F2B41F8F4FC01DD","LNAM_REFS":["1F2B41F8F4FC01DE"],"FFPT_RIND":[2],"BOYSHP":2,"CATLAM":1,"COLOUR":["3"],"CONRAD":3,"OBJNAM":"66","SCAMIN":200000,"SORDAT":"20030930","sourceCellId":"1R76W7XI","sourceChecksum":"de2a790137a594cf48ea6efc0e5bb97f791616cff81433305327dd6470288365","rawObjectClass":"BOYLAT","sourceStableId":"1F2B41F8F4FC01DD"},"sourceKind":"official","official":true,"sourceCellId":"1R76W7XI","sourceStableId":"1F2B41F8F4FC01DD","pipelineFeatureId":"1R76W7XI/BOYLAT/17671","provenance":{"cellId":"1R76W7XI","checksum":"de2a790137a594cf48ea6efc0e5bb97f791616cff81433305327dd6470288365","readerVersion":"GDAL 3.2.2","processedAt":"2026-08-11T13:43:44.753Z"}}},{"type":"Feature","geometry":{"type":"Point","coordinates":[4.1940517,51.3973017]},"properties":{"dolphinKind":"buoy-lateral","rawObjectClass":"BOYLAT","sourceProperties":{"RCID":17751,"PRIM":1,"GRUP":2,"OBJL":17,"RVER":1,"AGEN":7979,"FIDN":1106834685,"FIDS":302,"LNAM":"1F2B41F8F4FD012E","LNAM_REFS":["1F2B41F8F4FD012F"],"FFPT_RIND":[2],"BOYSHP":1,"CATLAM":2,"COLOUR":["4"],"CONRAD":3,"OBJNAM":"75A","SCAMIN":200000,"SORDAT":"20260205","SORIND":"NL,1R,Reprt,MD027-26","sourceCellId":"1R76W7XI","sourceChecksum":"de2a790137a594cf48ea6efc0e5bb97f791616cff81433305327dd6470288365","rawObjectClass":"BOYLAT","sourceStableId":"1F2B41F8F4FD012E"},"sourceKind":"official","official":true,"sourceCellId":"1R76W7XI","sourceStableId":"1F2B41F8F4FD012E","pipelineFeatureId":"1R76W7XI/BOYLAT/17751","provenance":{"cellId":"1R76W7XI","checksum":"de2a790137a594cf48ea6efc0e5bb97f791616cff81433305327dd6470288365","readerVersion":"GDAL 3.2.2","processedAt":"2026-08-11T13:43:44.753Z"}}},{"type":"Feature","geometry":{"type":"Point","coordinates":[4.1770889,51.3962528]},"properties":{"dolphinKind":"buoy-lateral","rawObjectClass":"BOYLAT","sourceProperties":{"RCID":879764,"PRIM":1,"GRUP":2,"OBJL":17,"RVER":1,"AGEN":7979,"FIDN":879764,"FIDS":1,"LNAM":"1F2B000D6C940001","LNAM_REFS":["1F2B448E08680001"],"FFPT_RIND":[2],"BOYSHP":5,"CATLAM":1,"COLOUR":["3"],"CONRAD":3,"OBJNAM":"66B","SCAMIN":200000,"SORDAT":"20180212","SORIND":"NL,1R,reprt,Sparren 66A en 66B","sourceCellId":"1R76W7XI","sourceChecksum":"de2a790137a594cf48ea6efc0e5bb97f791616cff81433305327dd6470288365","rawObjectClass":"BOYLAT","sourceStableId":"1F2B000D6C940001"},"sourceKind":"official","official":true,"sourceCellId":"1R76W7XI","sourceStableId":"1F2B000D6C940001","pipelineFeatureId":"1R76W7XI/BOYLAT/879764","provenance":{"cellId":"1R76W7XI","checksum":"de2a790137a594cf48ea6efc0e5bb97f791616cff81433305327dd6470288365","readerVersion":"GDAL 3.2.2","processedAt":"2026-08-11T13:43:44.753Z"}}},{"type":"Feature","geometry":{"type":"Point","coordinates":[4.1481817,51.378645]},"properties":{"dolphinKind":"buoy-lateral","rawObjectClass":"BOYLAT","sourceProperties":{"RCID":187574553,"PRIM":1,"GRUP":2,"OBJL":17,"RVER":1,"AGEN":7979,"FIDN":187574553,"FIDS":1,"LNAM":"1F2B0B2E29190001","LNAM_REFS":["1F2B0B2E29180001"],"FFPT_RIND":[2],"BOYSHP":2,"CATLAM":1,"COLOUR":["3"],"CONRAD":3,"OBJNAM":"64A","SCAMIN":200000,"SORDAT":"20160303","SORIND":"NL,1R,reprt,Bass 018-2016","sourceCellId":"1R76W7XI","sourceChecksum":"de2a790137a594cf48ea6efc0e5bb97f791616cff81433305327dd6470288365","rawObjectClass":"BOYLAT","sourceStableId":"1F2B0B2E29190001"},"sourceKind":"official","official":true,"sourceCellId":"1R76W7XI","sourceStableId":"1F2B0B2E29190001","pipelineFeatureId":"1R76W7XI/BOYLAT/187574553","provenance":{"cellId":"1R76W7XI","checksum":"de2a790137a594cf48ea6efc0e5bb97f791616cff81433305327dd6470288365","readerVersion":"GDAL 3.2.2","processedAt":"2026-08-11T13:43:44.753Z"}}},{"type":"Feature","geometry":{"type":"Point","coordinates":[4.1570483,51.3769633]},"properties":{"dolphinKind":"buoy-lateral","rawObjectClass":"BOYLAT","sourceProperties":{"RCID":450110672,"PRIM":1,"GRUP":2,"OBJL":17,"RVER":1,"AGEN":7979,"FIDN":450110672,"FIDS":1,"LNAM":"1F2B1AD424D00001","LNAM_REFS":["1F2B1AD424D10001"],"FFPT_RIND":[2],"BOYSHP":1,"CATLAM":2,"COLOUR":["4"],"OBJNAM":"69A","SCAMIN":200000,"SORDAT":"20230503","SORIND":"NL,1R,Reprt,MD 250-23","sourceCellId":"1R76W7XI","sourceChecksum":"de2a790137a594cf48ea6efc0e5bb97f791616cff81433305327dd6470288365","rawObjectClass":"BOYLAT","sourceStableId":"1F2B1AD424D00001"},"sourceKind":"official","official":true,"sourceCellId":"1R76W7XI","sourceStableId":"1F2B1AD424D00001","pipelineFeatureId":"1R76W7XI/BOYLAT/450110672","provenance":{"cellId":"1R76W7XI","checksum":"de2a790137a594cf48ea6efc0e5bb97f791616cff81433305327dd6470288365","readerVersion":"GDAL 3.2.2","processedAt":"2026-08-11T13:43:44.753Z"}}},{"type":"Feature","geometry":{"type":"Point","coordinates":[4.213,51.3762333]},"properties":{"dolphinKind":"buoy-special","rawObjectClass":"BOYSPP","sourceProperties":{"RCID":17217,"PRIM":1,"GRUP":2,"OBJL":19,"RVER":1,"AGEN":7979,"FIDN":1106834683,"FIDS":278,"LNAM":"1F2B41F8F4FB0116","LNAM_REFS":["1F2B16AB99E70001"],"FFPT_RIND":[2],"BOYSHP":5,"CATSPM":["16","35","41"],"COLOUR":["6"],"CONRAD":3,"NATCON":["8"],"OBJNAM":"ZS 1","SCAMIN":200000,"SORDAT":"20201030","SORIND":"NL,1R,reprt,MD505-20","sourceCellId":"1R76W7XI","sourceChecksum":"de2a790137a594cf48ea6efc0e5bb97f791616cff81433305327dd6470288365","rawObjectClass":"BOYSPP","sourceStableId":"1F2B41F8F4FB0116"},"sourceKind":"official","official":true,"sourceCellId":"1R76W7XI","sourceStableId":"1F2B41F8F4FB0116","pipelineFeatureId":"1R76W7XI/BOYSPP/17217","provenance":{"cellId":"1R76W7XI","checksum":"de2a790137a594cf48ea6efc0e5bb97f791616cff81433305327dd6470288365","readerVersion":"GDAL 3.2.2","processedAt":"2026-08-11T13:43:44.753Z"}}},{"type":"Feature","geometry":{"type":"Point","coordinates":[4.1585183,51.3760133]},"properties":{"dolphinKind":"buoy-special","rawObjectClass":"BOYSPP","sourceProperties":{"RCID":17379,"PRIM":1,"GRUP":2,"OBJL":19,"RVER":1,"AGEN":7979,"FIDN":1106834683,"FIDS":440,"LNAM":"1F2B41F8F4FB01B8","LNAM_REFS":["1F2B0F1E4C340001"],"FFPT_RIND":[2],"BOYSHP":5,"CATSPM":["40"],"COLOUR":["6"],"CONRAD":3,"OBJNAM":"MA 1","SCAMIN":200000,"SORDAT":"20220304","SORIND":"NL,1R,Reprt,BASS 23/2022","sourceCellId":"1R76W7XI","sourceChecksum":"de2a790137a594cf48ea6efc0e5bb97f791616cff81433305327dd6470288365","rawObjectClass":"BOYSPP","sourceStableId":"1F2B41F8F4FB01B8"},"sourceKind":"official","official":true,"sourceCellId":"1R76W7XI","sourceStableId":"1F2B41F8F4FB01B8","pipelineFeatureId":"1R76W7XI/BOYSPP/17379","provenance":{"cellId":"1R76W7XI","checksum":"de2a790137a594cf48ea6efc0e5bb97f791616cff81433305327dd6470288365","readerVersion":"GDAL 3.2.2","processedAt":"2026-08-11T13:43:44.753Z"}}},{"type":"Feature","geometry":{"type":"Point","coordinates":[4.1641933,51.3784233]},"properties":{"dolphinKind":"buoy-special","rawObjectClass":"BOYSPP","sourceProperties":{"RCID":17380,"PRIM":1,"GRUP":2,"OBJL":19,"RVER":1,"AGEN":7979,"FIDN":1106834683,"FIDS":441,"LNAM":"1F2B41F8F4FB01B9","BOYSHP":5,"CATSPM":["40"],"COLOUR":["6"],"CONRAD":3,"OBJNAM":"MA 3","SCAMIN":200000,"SORDAT":"20220304","SORIND":"NL,1R,Reprt,BASS 23/2022","sourceCellId":"1R76W7XI","sourceChecksum":"de2a790137a594cf48ea6efc0e5bb97f791616cff81433305327dd6470288365","rawObjectClass":"BOYSPP","sourceStableId":"1F2B41F8F4FB01B9"},"sourceKind":"official","official":true,"sourceCellId":"1R76W7XI","sourceStableId":"1F2B41F8F4FB01B9","pipelineFeatureId":"1R76W7XI/BOYSPP/17380","provenance":{"cellId":"1R76W7XI","checksum":"de2a790137a594cf48ea6efc0e5bb97f791616cff81433305327dd6470288365","readerVersion":"GDAL 3.2.2","processedAt":"2026-08-11T13:43:44.753Z"}}},{"type":"Feature","geometry":{"type":"Point","coordinates":[4.1700167,51.3810333]},"properties":{"dolphinKind":"buoy-special","rawObjectClass":"BOYSPP","sourceProperties":{"RCID":17381,"PRIM":1,"GRUP":2,"OBJL":19,"RVER":1,"AGEN":7979,"FIDN":1106834683,"FIDS":442,"LNAM":"1F2B41F8F4FB01BA","BOYSHP":5,"CATSPM":["40"],"COLOUR":["6"],"CONRAD":3,"OBJNAM":"MA 5","SCAMIN":200000,"SORDAT":"20060106","SORIND":"NL,1R,reprt,BASS02/06","sourceCellId":"1R76W7XI","sourceChecksum":"de2a790137a594cf48ea6efc0e5bb97f791616cff81433305327dd6470288365","rawObjectClass":"BOYSPP","sourceStableId":"1F2B41F8F4FB01BA"},"sourceKind":"official","official":true,"sourceCellId":"1R76W7XI","sourceStableId":"1F2B41F8F4FB01BA","pipelineFeatureId":"1R76W7XI/BOYSPP/17381","provenance":{"cellId":"1R76W7XI","checksum":"de2a790137a594cf48ea6efc0e5bb97f791616cff81433305327dd6470288365","readerVersion":"GDAL 3.2.2","processedAt":"2026-08-11T13:43:44.753Z"}}},{"type":"Feature","geometry":{"type":"Point","coordinates":[4.1515,51.38345]},"properties":{"dolphinKind":"buoy-special","rawObjectClass":"BOYSPP","sourceProperties":{"RCID":17507,"PRIM":1,"GRUP":2,"OBJL":19,"RVER":1,"AGEN":7979,"FIDN":1106834684,"FIDS":313,"LNAM":"1F2B41F8F4FC0139","BOYSHP":5,"CATSPM":["16","35","41"],"COLOUR":["6"],"CONRAD":3,"NATCON":["8"],"OBJNAM":"F 64B","SCAMIN":200000,"SORDAT":"20160303","SORIND":"NL,1R,reprt,BASS 018-2016","sourceCellId":"1R76W7XI","sourceChecksum":"de2a790137a594cf48ea6efc0e5bb97f791616cff81433305327dd6470288365","rawObjectClass":"BOYSPP","sourceStableId":"1F2B41F8F4FC0139"},"sourceKind":"official","official":true,"sourceCellId":"1R76W7XI","sourceStableId":"1F2B41F8F4FC0139","pipelineFeatureId":"1R76W7XI/BOYSPP/17507","provenance":{"cellId":"1R76W7XI","checksum":"de2a790137a594cf48ea6efc0e5bb97f791616cff81433305327dd6470288365","readerVersion":"GDAL 3.2.2","processedAt":"2026-08-11T13:43:44.753Z"}}},{"type":"Feature","geometry":{"type":"Point","coordinates":[4.1840834,51.3840166]},"properties":{"dolphinKind":"buoy-special","rawObjectClass":"BOYSPP","sourceProperties":{"RCID":17511,"PRIM":1,"GRUP":2,"OBJL":19,"RVER":1,"AGEN":7979,"FIDN":1106834684,"FIDS":317,"LNAM":"1F2B41F8F4FC013D","LNAM_REFS":["1F2B064C96160001"],"FFPT_RIND":[2],"BOYSHP":5,"CATSPM":["40"],"COLOUR":["6"],"CONRAD":3,"OBJNAM":"RS","SCAMIN":200000,"SORDAT":"20060106","SORIND":"NL,1R,reprt,BASS02/06","sourceCellId":"1R76W7XI","sourceChecksum":"de2a790137a594cf48ea6efc0e5bb97f791616cff81433305327dd6470288365","rawObjectClass":"BOYSPP","sourceStableId":"1F2B41F8F4FC013D"},"sourceKind":"official","official":true,"sourceCellId":"1R76W7XI","sourceStableId":"1F2B41F8F4FC013D","pipelineFeatureId":"1R76W7XI/BOYSPP/17511","provenance":{"cellId":"1R76W7XI","checksum":"de2a790137a594cf48ea6efc0e5bb97f791616cff81433305327dd6470288365","readerVersion":"GDAL 3.2.2","processedAt":"2026-08-11T13:43:44.753Z"}}},{"type":"Feature","geometry":{"type":"Point","coordinates":[4.1769017,51.38443]},"properties":{"dolphinKind":"buoy-special","rawObjectClass":"BOYSPP","sourceProperties":{"RCID":879766,"PRIM":1,"GRUP":2,"OBJL":19,"RVER":1,"AGEN":7979,"FIDN":879766,"FIDS":1,"LNAM":"1F2B000D6C960001","LNAM_REFS":["1F2B000D6C950001"],"FFPT_RIND":[2],"BOYSHP":5,"CATSPM":["35"],"COLOUR":["6"],"CONRAD":3,"OBJNAM":"SN 1","SCAMIN":200000,"SORDAT":"20160727","SORIND":"NL,1R,reprt, Bass 095-2016","sourceCellId":"1R76W7XI","sourceChecksum":"de2a790137a594cf48ea6efc0e5bb97f791616cff81433305327dd6470288365","rawObjectClass":"BOYSPP","sourceStableId":"1F2B000D6C960001"},"sourceKind":"official","official":true,"sourceCellId":"1R76W7XI","sourceStableId":"1F2B000D6C960001","pipelineFeatureId":"1R76W7XI/BOYSPP/879766","provenance":{"cellId":"1R76W7XI","checksum":"de2a790137a594cf48ea6efc0e5bb97f791616cff81433305327dd6470288365","readerVersion":"GDAL 3.2.2","processedAt":"2026-08-11T13:43:44.753Z"}}},{"type":"Feature","geometry":{"type":"Point","coordinates":[4.19162,51.38746]},"properties":{"dolphinKind":"buoy-special","rawObjectClass":"BOYSPP","sourceProperties":{"RCID":879767,"PRIM":1,"GRUP":2,"OBJL":19,"RVER":1,"AGEN":7979,"FIDN":879767,"FIDS":1,"LNAM":"1F2B000D6C970001","LNAM_REFS":["1F2B076CA9270001"],"FFPT_RIND":[2],"BOYSHP":5,"CATSPM":["35"],"COLOUR":["6"],"CONRAD":3,"OBJNAM":"SN 3","SCAMIN":200000,"SORDAT":"20161128","SORIND":"NL,1R,reprt, wijzigingSvdN2","sourceCellId":"1R76W7XI","sourceChecksum":"de2a790137a594cf48ea6efc0e5bb97f791616cff81433305327dd6470288365","rawObjectClass":"BOYSPP","sourceStableId":"1F2B000D6C970001"},"sourceKind":"official","official":true,"sourceCellId":"1R76W7XI","sourceStableId":"1F2B000D6C970001","pipelineFeatureId":"1R76W7XI/BOYSPP/879767","provenance":{"cellId":"1R76W7XI","checksum":"de2a790137a594cf48ea6efc0e5bb97f791616cff81433305327dd6470288365","readerVersion":"GDAL 3.2.2","processedAt":"2026-08-11T13:43:44.753Z"}}},{"type":"Feature","geometry":{"type":"Point","coordinates":[4.2045917,51.3858383]},"properties":{"dolphinKind":"buoy-special","rawObjectClass":"BOYSPP","sourceProperties":{"RCID":879775,"PRIM":1,"GRUP":2,"OBJL":19,"RVER":1,"AGEN":7979,"FIDN":879775,"FIDS":1,"LNAM":"1F2B000D6C9F0001","LNAM_REFS":["1F2B076CA9290001"],"FFPT_RIND":[2],"BOYSHP":5,"CATSPM":["35"],"COLOUR":["6"],"CONRAD":3,"OBJNAM":"SN 7","INFORM":"Super Buoy","NINFOM":"Superboei","SCAMIN":200000,"SORDAT":"20161128","SORIND":"NL,1R,reprt,wijziging-SvdN2","sourceCellId":"1R76W7XI","sourceChecksum":"de2a790137a594cf48ea6efc0e5bb97f791616cff81433305327dd6470288365","rawObjectClass":"BOYSPP","sourceStableId":"1F2B000D6C9F0001"},"sourceKind":"official","official":true,"sourceCellId":"1R76W7XI","sourceStableId":"1F2B000D6C9F0001","pipelineFeatureId":"1R76W7XI/BOYSPP/879775","provenance":{"cellId":"1R76W7XI","checksum":"de2a790137a594cf48ea6efc0e5bb97f791616cff81433305327dd6470288365","readerVersion":"GDAL 3.2.2","processedAt":"2026-08-11T13:43:44.753Z"}}},{"type":"Feature","geometry":{"type":"Point","coordinates":[4.20966,51.38153]},"properties":{"dolphinKind":"buoy-special","rawObjectClass":"BOYSPP","sourceProperties":{"RCID":879777,"PRIM":1,"GRUP":2,"OBJL":19,"RVER":1,"AGEN":7979,"FIDN":879777,"FIDS":1,"LNAM":"1F2B000D6CA10001","LNAM_REFS":["1F2B076CA92B0001"],"FFPT_RIND":[2],"BOYSHP":5,"CATSPM":["35"],"COLOUR":["6"],"CONRAD":3,"OBJNAM":"SN 09","SCAMIN":200000,"SORDAT":"20161128","SORIND":"NL,1R,reprt,Wijziging_SvdN2","sourceCellId":"1R76W7XI","sourceChecksum":"de2a790137a594cf48ea6efc0e5bb97f791616cff81433305327dd6470288365","rawObjectClass":"BOYSPP","sourceStableId":"1F2B000D6CA10001"},"sourceKind":"official","official":true,"sourceCellId":"1R76W7XI","sourceStableId":"1F2B000D6CA10001","pipelineFeatureId":"1R76W7XI/BOYSPP/879777","provenance":{"cellId":"1R76W7XI","checksum":"de2a790137a594cf48ea6efc0e5bb97f791616cff81433305327dd6470288365","readerVersion":"GDAL 3.2.2","processedAt":"2026-08-11T13:43:44.753Z"}}},{"type":"Feature","geometry":{"type":"Point","coordinates":[4.1614167,51.3882667]},"properties":{"dolphinKind":"buoy-special","rawObjectClass":"BOYSPP","sourceProperties":{"RCID":105683853,"PRIM":1,"GRUP":2,"OBJL":19,"RVER":1,"AGEN":7979,"FIDN":105683853,"FIDS":1,"LNAM":"1F2B064C9B8D0001","LNAM_REFS":["1F2B064C9B8C0001"],"FFPT_RIND":[2],"BOYSHP":5,"CATSPM":["16","35","41"],"COLOUR":["6"],"CONRAD":3,"NATCON":["8"],"OBJNAM":"F 66","SCAMIN":200000,"SORDAT":"20160303","SORIND":"NL,1R,reprt,BASS 018-2016","sourceCellId":"1R76W7XI","sourceChecksum":"de2a790137a594cf48ea6efc0e5bb97f791616cff81433305327dd6470288365","rawObjectClass":"BOYSPP","sourceStableId":"1F2B064C9B8D0001"},"sourceKind":"official","official":true,"sourceCellId":"1R76W7XI","sourceStableId":"1F2B064C9B8D0001","pipelineFeatureId":"1R76W7XI/BOYSPP/105683853","provenance":{"cellId":"1R76W7XI","checksum":"de2a790137a594cf48ea6efc0e5bb97f791616cff81433305327dd6470288365","readerVersion":"GDAL 3.2.2","processedAt":"2026-08-11T13:43:44.753Z"}}},{"type":"Feature","geometry":{"type":"Point","coordinates":[4.1426667,51.3803333]},"properties":{"dolphinKind":"buoy-special","rawObjectClass":"BOYSPP","sourceProperties":{"RCID":105683854,"PRIM":1,"GRUP":2,"OBJL":19,"RVER":1,"AGEN":7979,"FIDN":105683854,"FIDS":1,"LNAM":"1F2B064C9B8E0001","BOYSHP":5,"CATSPM":["16","35","41"],"COLOUR":["6"],"CONRAD":3,"NATCON":["8"],"OBJNAM":"F 64A","SCAMIN":200000,"SORDAT":"20160303","SORIND":"NL,1R,reprt,BASS 018-2016","sourceCellId":"1R76W7XI","sourceChecksum":"de2a790137a594cf48ea6efc0e5bb97f791616cff81433305327dd6470288365","rawObjectClass":"BOYSPP","sourceStableId":"1F2B064C9B8E0001"},"sourceKind":"official","official":true,"sourceCellId":"1R76W7XI","sourceStableId":"1F2B064C9B8E0001","pipelineFeatureId":"1R76W7XI/BOYSPP/105683854","provenance":{"cellId":"1R76W7XI","checksum":"de2a790137a594cf48ea6efc0e5bb97f791616cff81433305327dd6470288365","readerVersion":"GDAL 3.2.2","processedAt":"2026-08-11T13:43:44.753Z"}}},{"type":"Feature","geometry":{"type":"Point","coordinates":[4.1869133,51.3915917]},"properties":{"dolphinKind":"buoy-special","rawObjectClass":"BOYSPP","sourceProperties":{"RCID":105760900,"PRIM":1,"GRUP":2,"OBJL":19,"RVER":1,"AGEN":7979,"FIDN":105760900,"FIDS":1,"LNAM":"1F2B064DC8840001","LNAM_REFS":["1F2B06516A050001"],"FFPT_RIND":[2],"BOYSHP":5,"CATSPM":["35"],"COLOUR":["6"],"CONRAD":3,"OBJNAM":"SN 2","SCAMIN":200000,"SORDAT":"20161128","SORIND":"NL,1R,reprt,wijzigingSvdN2","sourceCellId":"1R76W7XI","sourceChecksum":"de2a790137a594cf48ea6efc0e5bb97f791616cff81433305327dd6470288365","rawObjectClass":"BOYSPP","sourceStableId":"1F2B064DC8840001"},"sourceKind":"official","official":true,"sourceCellId":"1R76W7XI","sourceStableId":"1F2B064DC8840001","pipelineFeatureId":"1R76W7XI/BOYSPP/105760900","provenance":{"cellId":"1R76W7XI","checksum":"de2a790137a594cf48ea6efc0e5bb97f791616cff81433305327dd6470288365","readerVersion":"GDAL 3.2.2","processedAt":"2026-08-11T13:43:44.753Z"}}},{"type":"Feature","geometry":{"type":"Point","coordinates":[4.197545,51.391655]},"properties":{"dolphinKind":"buoy-special","rawObjectClass":"BOYSPP","sourceProperties":{"RCID":108257650,"PRIM":1,"GRUP":2,"OBJL":19,"RVER":1,"AGEN":7979,"FIDN":108257650,"FIDS":1,"LNAM":"1F2B0673E1720001","LNAM_REFS":["1F2B0BAF0BD00001","1F2B0673E1A50001"],"FFPT_RIND":[2,2],"BOYSHP":2,"CATSPM":["35"],"COLOUR":["6"],"CONRAD":3,"OBJNAM":"SN 4","INFORM":"Super Buoy","NINFOM":"Superboei","SCAMIN":200000,"SORDAT":"20161128","SORIND":"NL,1R,reprt,wijzigingSvdN2","sourceCellId":"1R76W7XI","sourceChecksum":"de2a790137a594cf48ea6efc0e5bb97f791616cff81433305327dd6470288365","rawObjectClass":"BOYSPP","sourceStableId":"1F2B0673E1720001"},"sourceKind":"official","official":true,"sourceCellId":"1R76W7XI","sourceStableId":"1F2B0673E1720001","pipelineFeatureId":"1R76W7XI/BOYSPP/108257650","provenance":{"cellId":"1R76W7XI","checksum":"de2a790137a594cf48ea6efc0e5bb97f791616cff81433305327dd6470288365","readerVersion":"GDAL 3.2.2","processedAt":"2026-08-11T13:43:44.753Z"}}},{"type":"Feature","geometry":{"type":"Point","coordinates":[4.1983667,51.3877083]},"properties":{"dolphinKind":"buoy-special","rawObjectClass":"BOYSPP","sourceProperties":{"RCID":108488350,"PRIM":1,"GRUP":2,"OBJL":19,"RVER":1,"AGEN":7979,"FIDN":108488350,"FIDS":1,"LNAM":"1F2B0677669E0001","LNAM_REFS":["1F2B000D6C9B0001","1F2B0677669F0001"],"FFPT_RIND":[2,2],"BOYSHP":1,"CATSPM":["35"],"COLOUR":["6"],"CONRAD":3,"OBJNAM":"SN 5","SCAMIN":200000,"SORDAT":"20161128","SORIND":"NL,1R,reprt,wijziging-SvdN2","sourceCellId":"1R76W7XI","sourceChecksum":"de2a790137a594cf48ea6efc0e5bb97f791616cff81433305327dd6470288365","rawObjectClass":"BOYSPP","sourceStableId":"1F2B0677669E0001"},"sourceKind":"official","official":true,"sourceCellId":"1R76W7XI","sourceStableId":"1F2B0677669E0001","pipelineFeatureId":"1R76W7XI/BOYSPP/108488350","provenance":{"cellId":"1R76W7XI","checksum":"de2a790137a594cf48ea6efc0e5bb97f791616cff81433305327dd6470288365","readerVersion":"GDAL 3.2.2","processedAt":"2026-08-11T13:43:44.753Z"}}},{"type":"Feature","geometry":{"type":"Point","coordinates":[4.21302,51.39679]},"properties":{"dolphinKind":"buoy-special","rawObjectClass":"BOYSPP","sourceProperties":{"RCID":487785580,"PRIM":1,"GRUP":2,"OBJL":19,"RVER":1,"AGEN":7979,"FIDN":487785580,"FIDS":1,"LNAM":"1F2B1D13046C0001","LNAM_REFS":["1F2B1D13046D0001"],"FFPT_RIND":[2],"BOYSHP":5,"CATSPM":["27"],"COLOUR":["6"],"OBJNAM":"F 68","SCAMIN":200000,"SORDAT":"20221129","SORIND":"NL,1R,reprt,MD 639-22","sourceCellId":"1R76W7XI","sourceChecksum":"de2a790137a594cf48ea6efc0e5bb97f791616cff81433305327dd6470288365","rawObjectClass":"BOYSPP","sourceStableId":"1F2B1D13046C0001"},"sourceKind":"official","official":true,"sourceCellId":"1R76W7XI","sourceStableId":"1F2B1D13046C0001","pipelineFeatureId":"1R76W7XI/BOYSPP/487785580","provenance":{"cellId":"1R76W7XI","checksum":"de2a790137a594cf48ea6efc0e5bb97f791616cff81433305327dd6470288365","readerVersion":"GDAL 3.2.2","processedAt":"2026-08-11T13:43:44.753Z"}}},{"type":"Feature","geometry":{"type":"Point","coordinates":[4.2194583,51.3900017]},"properties":{"dolphinKind":"buoy-special","rawObjectClass":"BOYSPP","sourceProperties":{"RCID":487785582,"PRIM":1,"GRUP":2,"OBJL":19,"RVER":1,"AGEN":7979,"FIDN":487785582,"FIDS":1,"LNAM":"1F2B1D13046E0001","BOYSHP":5,"CATSPM":["27"],"COLOUR":["6"],"OBJNAM":"F70","SCAMIN":200000,"SORDAT":"20221129","SORIND":"NL,1R,reprt,MD 639-22","sourceCellId":"1R76W7XI","sourceChecksum":"de2a790137a594cf48ea6efc0e5bb97f791616cff81433305327dd6470288365","rawObjectClass":"BOYSPP","sourceStableId":"1F2B1D13046E0001"},"sourceKind":"official","official":true,"sourceCellId":"1R76W7XI","sourceStableId":"1F2B1D13046E0001","pipelineFeatureId":"1R76W7XI/BOYSPP/487785582","provenance":{"cellId":"1R76W7XI","checksum":"de2a790137a594cf48ea6efc0e5bb97f791616cff81433305327dd6470288365","readerVersion":"GDAL 3.2.2","processedAt":"2026-08-11T13:43:44.753Z"}}},{"type":"Feature","geometry":{"type":"Point","coordinates":[4.2208317,51.3815183]},"properties":{"dolphinKind":"buoy-special","rawObjectClass":"BOYSPP","sourceProperties":{"RCID":487785583,"PRIM":1,"GRUP":2,"OBJL":19,"RVER":1,"AGEN":7979,"FIDN":487785583,"FIDS":1,"LNAM":"1F2B1D13046F0001","LNAM_REFS":["1F2B1D1304700001"],"FFPT_RIND":[2],"BOYSHP":5,"CATSPM":["27"],"COLOUR":["6"],"OBJNAM":"F 72","SCAMIN":200000,"SORDAT":"20221129","SORIND":"NL,1R,reprt,MD 639-22","sourceCellId":"1R76W7XI","sourceChecksum":"de2a790137a594cf48ea6efc0e5bb97f791616cff81433305327dd6470288365","rawObjectClass":"BOYSPP","sourceStableId":"1F2B1D13046F0001"},"sourceKind":"official","official":true,"sourceCellId":"1R76W7XI","sourceStableId":"1F2B1D13046F0001","pipelineFeatureId":"1R76W7XI/BOYSPP/487785583","provenance":{"cellId":"1R76W7XI","checksum":"de2a790137a594cf48ea6efc0e5bb97f791616cff81433305327dd6470288365","readerVersion":"GDAL 3.2.2","processedAt":"2026-08-11T13:43:44.753Z"}}},{"type":"Feature","geometry":{"type":"Point","coordinates":[4.2341667,51.4218333]},"properties":{"dolphinKind":"light","rawObjectClass":"LIGHTS","sourceProperties":{"RCID":14304,"PRIM":1,"GRUP":2,"OBJL":75,"RVER":1,"AGEN":7979,"FIDN":1106210693,"FIDS":306,"LNAM":"1F2B41EF6F850132","COLOUR":["3"],"LITCHR":7,"SIGGRP":"(1)","SIGPER":4,"SCAMIN":200000,"sourceCellId":"1R76W7XI","sourceChecksum":"de2a790137a594cf48ea6efc0e5bb97f791616cff81433305327dd6470288365","rawObjectClass":"LIGHTS","sourceStableId":"1F2B41EF6F850132"},"sourceKind":"official","official":true,"sourceCellId":"1R76W7XI","sourceStableId":"1F2B41EF6F850132","pipelineFeatureId":"1R76W7XI/LIGHTS/14304","provenance":{"cellId":"1R76W7XI","checksum":"de2a790137a594cf48ea6efc0e5bb97f791616cff81433305327dd6470288365","readerVersion":"GDAL 3.2.2","processedAt":"2026-08-11T13:43:44.753Z"}}},{"type":"Feature","geometry":{"type":"Point","coordinates":[4.2352343,51.4172936]},"properties":{"dolphinKind":"light","rawObjectClass":"LIGHTS","sourceProperties":{"RCID":14306,"PRIM":1,"GRUP":2,"OBJL":75,"RVER":1,"AGEN":7979,"FIDN":1106210693,"FIDS":308,"LNAM":"1F2B41EF6F850134","COLOUR":["3"],"LITCHR":7,"SIGGRP":"(1)","SIGPER":4,"SCAMIN":200000,"sourceCellId":"1R76W7XI","sourceChecksum":"de2a790137a594cf48ea6efc0e5bb97f791616cff81433305327dd6470288365","rawObjectClass":"LIGHTS","sourceStableId":"1F2B41EF6F850134"},"sourceKind":"official","official":true,"sourceCellId":"1R76W7XI","sourceStableId":"1F2B41EF6F850134","pipelineFeatureId":"1R76W7XI/LIGHTS/14306","provenance":{"cellId":"1R76W7XI","checksum":"de2a790137a594cf48ea6efc0e5bb97f791616cff81433305327dd6470288365","readerVersion":"GDAL 3.2.2","processedAt":"2026-08-11T13:43:44.753Z"}}},{"type":"Feature","geometry":{"type":"Point","coordinates":[4.236133,51.4128702]},"properties":{"dolphinKind":"light","rawObjectClass":"LIGHTS","sourceProperties":{"RCID":14308,"PRIM":1,"GRUP":2,"OBJL":75,"RVER":1,"AGEN":7979,"FIDN":1106210693,"FIDS":310,"LNAM":"1F2B41EF6F850136","COLOUR":["3"],"LITCHR":7,"SIGGRP":"(1)","SIGPER":4,"SCAMIN":200000,"sourceCellId":"1R76W7XI","sourceChecksum":"de2a790137a594cf48ea6efc0e5bb97f791616cff81433305327dd6470288365","rawObjectClass":"LIGHTS","sourceStableId":"1F2B41EF6F850136"},"sourceKind":"official","official":true,"sourceCellId":"1R76W7XI","sourceStableId":"1F2B41EF6F850136","pipelineFeatureId":"1R76W7XI/LIGHTS/14308","provenance":{"cellId":"1R76W7XI","checksum":"de2a790137a594cf48ea6efc0e5bb97f791616cff81433305327dd6470288365","readerVersion":"GDAL 3.2.2","processedAt":"2026-08-11T13:43:44.753Z"}}},{"type":"Feature","geometry":{"type":"Point","coordinates":[4.2369421,51.4088305]},"properties":{"dolphinKind":"light","rawObjectClass":"LIGHTS","sourceProperties":{"RCID":14310,"PRIM":1,"GRUP":2,"OBJL":75,"RVER":1,"AGEN":7979,"FIDN":1106210693,"FIDS":312,"LNAM":"1F2B41EF6F850138","COLOUR":["3"],"LITCHR":7,"SIGGRP":"(1)","SIGPER":4,"SCAMIN":200000,"sourceCellId":"1R76W7XI","sourceChecksum":"de2a790137a594cf48ea6efc0e5bb97f791616cff81433305327dd6470288365","rawObjectClass":"LIGHTS","sourceStableId":"1F2B41EF6F850138"},"sourceKind":"official","official":true,"sourceCellId":"1R76W7XI","sourceStableId":"1F2B41EF6F850138","pipelineFeatureId":"1R76W7XI/LIGHTS/14310","provenance":{"cellId":"1R76W7XI","checksum":"de2a790137a594cf48ea6efc0e5bb97f791616cff81433305327dd6470288365","readerVersion":"GDAL 3.2.2","processedAt":"2026-08-11T13:43:44.753Z"}}},{"type":"Feature","geometry":{"type":"Point","coordinates":[4.2378315,51.4044619]},"properties":{"dolphinKind":"light","rawObjectClass":"LIGHTS","sourceProperties":{"RCID":14312,"PRIM":1,"GRUP":2,"OBJL":75,"RVER":1,"AGEN":7979,"FIDN":1106210693,"FIDS":314,"LNAM":"1F2B41EF6F85013A","COLOUR":["3"],"LITCHR":7,"SIGGRP":"(1)","SIGPER":4,"SCAMIN":200000,"sourceCellId":"1R76W7XI","sourceChecksum":"de2a790137a594cf48ea6efc0e5bb97f791616cff81433305327dd6470288365","rawObjectClass":"LIGHTS","sourceStableId":"1F2B41EF6F85013A"},"sourceKind":"official","official":true,"sourceCellId":"1R76W7XI","sourceStableId":"1F2B41EF6F85013A","pipelineFeatureId":"1R76W7XI/LIGHTS/14312","provenance":{"cellId":"1R76W7XI","checksum":"de2a790137a594cf48ea6efc0e5bb97f791616cff81433305327dd6470288365","readerVersion":"GDAL 3.2.2","processedAt":"2026-08-11T13:43:44.753Z"}}},{"type":"Feature","geometry":{"type":"Point","coordinates":[4.2387025,51.4002248]},"properties":{"dolphinKind":"light","rawObjectClass":"LIGHTS","sourceProperties":{"RCID":14314,"PRIM":1,"GRUP":2,"OBJL":75,"RVER":1,"AGEN":7979,"FIDN":1106210693,"FIDS":316,"LNAM":"1F2B41EF6F85013C","COLOUR":["3"],"LITCHR":7,"SIGGRP":"(1)","SIGPER":4,"SCAMIN":200000,"sourceCellId":"1R76W7XI","sourceChecksum":"de2a790137a594cf48ea6efc0e5bb97f791616cff81433305327dd6470288365","rawObjectClass":"LIGHTS","sourceStableId":"1F2B41EF6F85013C"},"sourceKind":"official","official":true,"sourceCellId":"1R76W7XI","sourceStableId":"1F2B41EF6F85013C","pipelineFeatureId":"1R76W7XI/LIGHTS/14314","provenance":{"cellId":"1R76W7XI","checksum":"de2a790137a594cf48ea6efc0e5bb97f791616cff81433305327dd6470288365","readerVersion":"GDAL 3.2.2","processedAt":"2026-08-11T13:43:44.753Z"}}},{"type":"Feature","geometry":{"type":"Point","coordinates":[4.2398097,51.3960157]},"properties":{"dolphinKind":"light","rawObjectClass":"LIGHTS","sourceProperties":{"RCID":14316,"PRIM":1,"GRUP":2,"OBJL":75,"RVER":1,"AGEN":7979,"FIDN":1106210693,"FIDS":318,"LNAM":"1F2B41EF6F85013E","COLOUR":["3"],"LITCHR":7,"SIGGRP":"(1)","SIGPER":4,"SCAMIN":200000,"sourceCellId":"1R76W7XI","sourceChecksum":"de2a790137a594cf48ea6efc0e5bb97f791616cff81433305327dd6470288365","rawObjectClass":"LIGHTS","sourceStableId":"1F2B41EF6F85013E"},"sourceKind":"official","official":true,"sourceCellId":"1R76W7XI","sourceStableId":"1F2B41EF6F85013E","pipelineFeatureId":"1R76W7XI/LIGHTS/14316","provenance":{"cellId":"1R76W7XI","checksum":"de2a790137a594cf48ea6efc0e5bb97f791616cff81433305327dd6470288365","readerVersion":"GDAL 3.2.2","processedAt":"2026-08-11T13:43:44.753Z"}}},{"type":"Feature","geometry":{"type":"Point","coordinates":[4.2412848,51.3917087]},"properties":{"dolphinKind":"light","rawObjectClass":"LIGHTS","sourceProperties":{"RCID":14318,"PRIM":1,"GRUP":2,"OBJL":75,"RVER":1,"AGEN":7979,"FIDN":1106210693,"FIDS":320,"LNAM":"1F2B41EF6F850140","COLOUR":["3"],"LITCHR":7,"SIGGRP":"(1)","SIGPER":4,"SCAMIN":200000,"sourceCellId":"1R76W7XI","sourceChecksum":"de2a790137a594cf48ea6efc0e5bb97f791616cff81433305327dd6470288365","rawObjectClass":"LIGHTS","sourceStableId":"1F2B41EF6F850140"},"sourceKind":"official","official":true,"sourceCellId":"1R76W7XI","sourceStableId":"1F2B41EF6F850140","pipelineFeatureId":"1R76W7XI/LIGHTS/14318","provenance":{"cellId":"1R76W7XI","checksum":"de2a790137a594cf48ea6efc0e5bb97f791616cff81433305327dd6470288365","readerVersion":"GDAL 3.2.2","processedAt":"2026-08-11T13:43:44.753Z"}}},{"type":"Feature","geometry":{"type":"Point","coordinates":[4.2442112,51.3877447]},"properties":{"dolphinKind":"light","rawObjectClass":"LIGHTS","sourceProperties":{"RCID":14320,"PRIM":1,"GRUP":2,"OBJL":75,"RVER":1,"AGEN":7979,"FIDN":1106210693,"FIDS":322,"LNAM":"1F2B41EF6F850142","COLOUR":["3"],"LITCHR":7,"SIGGRP":"(1)","SIGPER":4,"SCAMIN":200000,"sourceCellId":"1R76W7XI","sourceChecksum":"de2a790137a594cf48ea6efc0e5bb97f791616cff81433305327dd6470288365","rawObjectClass":"LIGHTS","sourceStableId":"1F2B41EF6F850142"},"sourceKind":"official","official":true,"sourceCellId":"1R76W7XI","sourceStableId":"1F2B41EF6F850142","pipelineFeatureId":"1R76W7XI/LIGHTS/14320","provenance":{"cellId":"1R76W7XI","checksum":"de2a790137a594cf48ea6efc0e5bb97f791616cff81433305327dd6470288365","readerVersion":"GDAL 3.2.2","processedAt":"2026-08-11T13:43:44.753Z"}}},{"type":"Feature","geometry":{"type":"Point","coordinates":[4.2480458,51.3840787]},"properties":{"dolphinKind":"light","rawObjectClass":"LIGHTS","sourceProperties":{"RCID":14322,"PRIM":1,"GRUP":2,"OBJL":75,"RVER":1,"AGEN":7979,"FIDN":1106210693,"FIDS":324,"LNAM":"1F2B41EF6F850144","COLOUR":["3"],"LITCHR":7,"SIGGRP":"(1)","SIGPER":4,"SCAMIN":200000,"sourceCellId":"1R76W7XI","sourceChecksum":"de2a790137a594cf48ea6efc0e5bb97f791616cff81433305327dd6470288365","rawObjectClass":"LIGHTS","sourceStableId":"1F2B41EF6F850144"},"sourceKind":"official","official":true,"sourceCellId":"1R76W7XI","sourceStableId":"1F2B41EF6F850144","pipelineFeatureId":"1R76W7XI/LIGHTS/14322","provenance":{"cellId":"1R76W7XI","checksum":"de2a790137a594cf48ea6efc0e5bb97f791616cff81433305327dd6470288365","readerVersion":"GDAL 3.2.2","processedAt":"2026-08-11T13:43:44.753Z"}}},{"type":"Feature","geometry":{"type":"Point","coordinates":[4.2527978,51.3806394]},"properties":{"dolphinKind":"light","rawObjectClass":"LIGHTS","sourceProperties":{"RCID":14324,"PRIM":1,"GRUP":2,"OBJL":75,"RVER":1,"AGEN":7979,"FIDN":1106210693,"FIDS":326,"LNAM":"1F2B41EF6F850146","COLOUR":["3"],"LITCHR":7,"SIGGRP":"(1)","SIGPER":4,"SCAMIN":200000,"sourceCellId":"1R76W7XI","sourceChecksum":"de2a790137a594cf48ea6efc0e5bb97f791616cff81433305327dd6470288365","rawObjectClass":"LIGHTS","sourceStableId":"1F2B41EF6F850146"},"sourceKind":"official","official":true,"sourceCellId":"1R76W7XI","sourceStableId":"1F2B41EF6F850146","pipelineFeatureId":"1R76W7XI/LIGHTS/14324","provenance":{"cellId":"1R76W7XI","checksum":"de2a790137a594cf48ea6efc0e5bb97f791616cff81433305327dd6470288365","readerVersion":"GDAL 3.2.2","processedAt":"2026-08-11T13:43:44.753Z"}}},{"type":"Feature","geometry":{"type":"Point","coordinates":[4.2581586,51.3778427]},"properties":{"dolphinKind":"light","rawObjectClass":"LIGHTS","sourceProperties":{"RCID":14326,"PRIM":1,"GRUP":2,"OBJL":75,"RVER":1,"AGEN":7979,"FIDN":1106210693,"FIDS":328,"LNAM":"1F2B41EF6F850148","COLOUR":["3"],"LITCHR":7,"SIGGRP":"(1)","SIGPER":4,"SCAMIN":200000,"sourceCellId":"1R76W7XI","sourceChecksum":"de2a790137a594cf48ea6efc0e5bb97f791616cff81433305327dd6470288365","rawObjectClass":"LIGHTS","sourceStableId":"1F2B41EF6F850148"},"sourceKind":"official","official":true,"sourceCellId":"1R76W7XI","sourceStableId":"1F2B41EF6F850148","pipelineFeatureId":"1R76W7XI/LIGHTS/14326","provenance":{"cellId":"1R76W7XI","checksum":"de2a790137a594cf48ea6efc0e5bb97f791616cff81433305327dd6470288365","readerVersion":"GDAL 3.2.2","processedAt":"2026-08-11T13:43:44.753Z"}}},{"type":"Feature","geometry":{"type":"Point","coordinates":[4.264058,51.3757815]},"properties":{"dolphinKind":"light","rawObjectClass":"LIGHTS","sourceProperties":{"RCID":14328,"PRIM":1,"GRUP":2,"OBJL":75,"RVER":1,"AGEN":7979,"FIDN":1106210693,"FIDS":330,"LNAM":"1F2B41EF6F85014A","COLOUR":["3"],"LITCHR":7,"SIGGRP":"(1)","SIGPER":4,"SCAMIN":200000,"sourceCellId":"1R76W7XI","sourceChecksum":"de2a790137a594cf48ea6efc0e5bb97f791616cff81433305327dd6470288365","rawObjectClass":"LIGHTS","sourceStableId":"1F2B41EF6F85014A"},"sourceKind":"official","official":true,"sourceCellId":"1R76W7XI","sourceStableId":"1F2B41EF6F85014A","pipelineFeatureId":"1R76W7XI/LIGHTS/14328","provenance":{"cellId":"1R76W7XI","checksum":"de2a790137a594cf48ea6efc0e5bb97f791616cff81433305327dd6470288365","readerVersion":"GDAL 3.2.2","processedAt":"2026-08-11T13:43:44.753Z"}}},{"type":"Feature","geometry":{"type":"Point","coordinates":[4.2366667,51.4219167]},"properties":{"dolphinKind":"light","rawObjectClass":"LIGHTS","sourceProperties":{"RCID":14360,"PRIM":1,"GRUP":2,"OBJL":75,"RVER":1,"AGEN":7979,"FIDN":1106210693,"FIDS":362,"LNAM":"1F2B41EF6F85016A","COLOUR":["4"],"LITCHR":7,"SIGGRP":"(1)","SIGPER":4,"SCAMIN":200000,"sourceCellId":"1R76W7XI","sourceChecksum":"de2a790137a594cf48ea6efc0e5bb97f791616cff81433305327dd6470288365","rawObjectClass":"LIGHTS","sourceStableId":"1F2B41EF6F85016A"},"sourceKind":"official","official":true,"sourceCellId":"1R76W7XI","sourceStableId":"1F2B41EF6F85016A","pipelineFeatureId":"1R76W7XI/LIGHTS/14360","provenance":{"cellId":"1R76W7XI","checksum":"de2a790137a594cf48ea6efc0e5bb97f791616cff81433305327dd6470288365","readerVersion":"GDAL 3.2.2","processedAt":"2026-08-11T13:43:44.753Z"}}},{"type":"Feature","geometry":{"type":"Point","coordinates":[4.2378084,51.4175187]},"properties":{"dolphinKind":"light","rawObjectClass":"LIGHTS","sourceProperties":{"RCID":14362,"PRIM":1,"GRUP":2,"OBJL":75,"RVER":1,"AGEN":7979,"FIDN":1106210693,"FIDS":364,"LNAM":"1F2B41EF6F85016C","COLOUR":["4"],"LITCHR":7,"SIGGRP":"(1)","SIGPER":4,"SCAMIN":200000,"sourceCellId":"1R76W7XI","sourceChecksum":"de2a790137a594cf48ea6efc0e5bb97f791616cff81433305327dd6470288365","rawObjectClass":"LIGHTS","sourceStableId":"1F2B41EF6F85016C"},"sourceKind":"official","official":true,"sourceCellId":"1R76W7XI","sourceStableId":"1F2B41EF6F85016C","pipelineFeatureId":"1R76W7XI/LIGHTS/14362","provenance":{"cellId":"1R76W7XI","checksum":"de2a790137a594cf48ea6efc0e5bb97f791616cff81433305327dd6470288365","readerVersion":"GDAL 3.2.2","processedAt":"2026-08-11T13:43:44.753Z"}}},{"type":"Feature","geometry":{"type":"Point","coordinates":[4.2386699,51.4134845]},"properties":{"dolphinKind":"light","rawObjectClass":"LIGHTS","sourceProperties":{"RCID":14364,"PRIM":1,"GRUP":2,"OBJL":75,"RVER":1,"AGEN":7979,"FIDN":1106210693,"FIDS":366,"LNAM":"1F2B41EF6F85016E","COLOUR":["4"],"LITCHR":7,"SIGGRP":"(1)","SIGPER":4,"SCAMIN":200000,"sourceCellId":"1R76W7XI","sourceChecksum":"de2a790137a594cf48ea6efc0e5bb97f791616cff81433305327dd6470288365","rawObjectClass":"LIGHTS","sourceStableId":"1F2B41EF6F85016E"},"sourceKind":"official","official":true,"sourceCellId":"1R76W7XI","sourceStableId":"1F2B41EF6F85016E","pipelineFeatureId":"1R76W7XI/LIGHTS/14364","provenance":{"cellId":"1R76W7XI","checksum":"de2a790137a594cf48ea6efc0e5bb97f791616cff81433305327dd6470288365","readerVersion":"GDAL 3.2.2","processedAt":"2026-08-11T13:43:44.753Z"}}},{"type":"Feature","geometry":{"type":"Point","coordinates":[4.2393491,51.4090934]},"properties":{"dolphinKind":"light","rawObjectClass":"LIGHTS","sourceProperties":{"RCID":14366,"PRIM":1,"GRUP":2,"OBJL":75,"RVER":1,"AGEN":7979,"FIDN":1106210693,"FIDS":368,"LNAM":"1F2B41EF6F850170","COLOUR":["4"],"LITCHR":7,"SIGGRP":"(1)","SIGPER":4,"SCAMIN":200000,"sourceCellId":"1R76W7XI","sourceChecksum":"de2a790137a594cf48ea6efc0e5bb97f791616cff81433305327dd6470288365","rawObjectClass":"LIGHTS","sourceStableId":"1F2B41EF6F850170"},"sourceKind":"official","official":true,"sourceCellId":"1R76W7XI","sourceStableId":"1F2B41EF6F850170","pipelineFeatureId":"1R76W7XI/LIGHTS/14366","provenance":{"cellId":"1R76W7XI","checksum":"de2a790137a594cf48ea6efc0e5bb97f791616cff81433305327dd6470288365","readerVersion":"GDAL 3.2.2","processedAt":"2026-08-11T13:43:44.753Z"}}},{"type":"Feature","geometry":{"type":"Point","coordinates":[4.240431,51.4047199]},"properties":{"dolphinKind":"light","rawObjectClass":"LIGHTS","sourceProperties":{"RCID":14368,"PRIM":1,"GRUP":2,"OBJL":75,"RVER":1,"AGEN":7979,"FIDN":1106210693,"FIDS":370,"LNAM":"1F2B41EF6F850172","COLOUR":["4"],"LITCHR":7,"SIGGRP":"(1)","SIGPER":4,"SCAMIN":200000,"sourceCellId":"1R76W7XI","sourceChecksum":"de2a790137a594cf48ea6efc0e5bb97f791616cff81433305327dd6470288365","rawObjectClass":"LIGHTS","sourceStableId":"1F2B41EF6F850172"},"sourceKind":"official","official":true,"sourceCellId":"1R76W7XI","sourceStableId":"1F2B41EF6F850172","pipelineFeatureId":"1R76W7XI/LIGHTS/14368","provenance":{"cellId":"1R76W7XI","checksum":"de2a790137a594cf48ea6efc0e5bb97f791616cff81433305327dd6470288365","readerVersion":"GDAL 3.2.2","processedAt":"2026-08-11T13:43:44.753Z"}}},{"type":"Feature","geometry":{"type":"Point","coordinates":[4.2412057,51.4004442]},"properties":{"dolphinKind":"light","rawObjectClass":"LIGHTS","sourceProperties":{"RCID":14370,"PRIM":1,"GRUP":2,"OBJL":75,"RVER":1,"AGEN":7979,"FIDN":1106210693,"FIDS":372,"LNAM":"1F2B41EF6F850174","COLOUR":["4"],"LITCHR":7,"SIGGRP":"(1)","SIGPER":4,"SCAMIN":200000,"sourceCellId":"1R76W7XI","sourceChecksum":"de2a790137a594cf48ea6efc0e5bb97f791616cff81433305327dd6470288365","rawObjectClass":"LIGHTS","sourceStableId":"1F2B41EF6F850174"},"sourceKind":"official","official":true,"sourceCellId":"1R76W7XI","sourceStableId":"1F2B41EF6F850174","pipelineFeatureId":"1R76W7XI/LIGHTS/14370","provenance":{"cellId":"1R76W7XI","checksum":"de2a790137a594cf48ea6efc0e5bb97f791616cff81433305327dd6470288365","readerVersion":"GDAL 3.2.2","processedAt":"2026-08-11T13:43:44.753Z"}}},{"type":"Feature","geometry":{"type":"Point","coordinates":[4.2423822,51.3963448]},"properties":{"dolphinKind":"light","rawObjectClass":"LIGHTS","sourceProperties":{"RCID":14372,"PRIM":1,"GRUP":2,"OBJL":75,"RVER":1,"AGEN":7979,"FIDN":1106210693,"FIDS":374,"LNAM":"1F2B41EF6F850176","COLOUR":["4"],"LITCHR":7,"SIGGRP":"(1)","SIGPER":4,"SCAMIN":200000,"sourceCellId":"1R76W7XI","sourceChecksum":"de2a790137a594cf48ea6efc0e5bb97f791616cff81433305327dd6470288365","rawObjectClass":"LIGHTS","sourceStableId":"1F2B41EF6F850176"},"sourceKind":"official","official":true,"sourceCellId":"1R76W7XI","sourceStableId":"1F2B41EF6F850176","pipelineFeatureId":"1R76W7XI/LIGHTS/14372","provenance":{"cellId":"1R76W7XI","checksum":"de2a790137a594cf48ea6efc0e5bb97f791616cff81433305327dd6470288365","readerVersion":"GDAL 3.2.2","processedAt":"2026-08-11T13:43:44.753Z"}}},{"type":"Feature","geometry":{"type":"Point","coordinates":[4.2436717,51.3923555]},"properties":{"dolphinKind":"light","rawObjectClass":"LIGHTS","sourceProperties":{"RCID":14374,"PRIM":1,"GRUP":2,"OBJL":75,"RVER":1,"AGEN":7979,"FIDN":1106210693,"FIDS":376,"LNAM":"1F2B41EF6F850178","COLOUR":["4"],"LITCHR":7,"SIGGRP":"(1)","SIGPER":4,"SCAMIN":200000,"sourceCellId":"1R76W7XI","sourceChecksum":"de2a790137a594cf48ea6efc0e5bb97f791616cff81433305327dd6470288365","rawObjectClass":"LIGHTS","sourceStableId":"1F2B41EF6F850178"},"sourceKind":"official","official":true,"sourceCellId":"1R76W7XI","sourceStableId":"1F2B41EF6F850178","pipelineFeatureId":"1R76W7XI/LIGHTS/14374","provenance":{"cellId":"1R76W7XI","checksum":"de2a790137a594cf48ea6efc0e5bb97f791616cff81433305327dd6470288365","readerVersion":"GDAL 3.2.2","processedAt":"2026-08-11T13:43:44.753Z"}}},{"type":"Feature","geometry":{"type":"Point","coordinates":[4.2464397,51.3885008]},"properties":{"dolphinKind":"light","rawObjectClass":"LIGHTS","sourceProperties":{"RCID":14376,"PRIM":1,"GRUP":2,"OBJL":75,"RVER":1,"AGEN":7979,"FIDN":1106210693,"FIDS":378,"LNAM":"1F2B41EF6F85017A","COLOUR":["4"],"LITCHR":7,"SIGGRP":"(1)","SIGPER":4,"SCAMIN":200000,"sourceCellId":"1R76W7XI","sourceChecksum":"de2a790137a594cf48ea6efc0e5bb97f791616cff81433305327dd6470288365","rawObjectClass":"LIGHTS","sourceStableId":"1F2B41EF6F85017A"},"sourceKind":"official","official":true,"sourceCellId":"1R76W7XI","sourceStableId":"1F2B41EF6F85017A","pipelineFeatureId":"1R76W7XI/LIGHTS/14376","provenance":{"cellId":"1R76W7XI","checksum":"de2a790137a594cf48ea6efc0e5bb97f791616cff81433305327dd6470288365","readerVersion":"GDAL 3.2.2","processedAt":"2026-08-11T13:43:44.753Z"}}},{"type":"Feature","geometry":{"type":"Point","coordinates":[4.2501329,51.3850867]},"properties":{"dolphinKind":"light","rawObjectClass":"LIGHTS","sourceProperties":{"RCID":14378,"PRIM":1,"GRUP":2,"OBJL":75,"RVER":1,"AGEN":7979,"FIDN":1106210693,"FIDS":380,"LNAM":"1F2B41EF6F85017C","COLOUR":["4"],"LITCHR":7,"SIGGRP":"(1)","SIGPER":4,"SCAMIN":200000,"sourceCellId":"1R76W7XI","sourceChecksum":"de2a790137a594cf48ea6efc0e5bb97f791616cff81433305327dd6470288365","rawObjectClass":"LIGHTS","sourceStableId":"1F2B41EF6F85017C"},"sourceKind":"official","official":true,"sourceCellId":"1R76W7XI","sourceStableId":"1F2B41EF6F85017C","pipelineFeatureId":"1R76W7XI/LIGHTS/14378","provenance":{"cellId":"1R76W7XI","checksum":"de2a790137a594cf48ea6efc0e5bb97f791616cff81433305327dd6470288365","readerVersion":"GDAL 3.2.2","processedAt":"2026-08-11T13:43:44.753Z"}}},{"type":"Feature","geometry":{"type":"Point","coordinates":[4.2545069,51.381981]},"properties":{"dolphinKind":"light","rawObjectClass":"LIGHTS","sourceProperties":{"RCID":14380,"PRIM":1,"GRUP":2,"OBJL":75,"RVER":1,"AGEN":7979,"FIDN":1106210693,"FIDS":382,"LNAM":"1F2B41EF6F85017E","COLOUR":["4"],"LITCHR":7,"SIGGRP":"(1)","SIGPER":4,"SCAMIN":200000,"sourceCellId":"1R76W7XI","sourceChecksum":"de2a790137a594cf48ea6efc0e5bb97f791616cff81433305327dd6470288365","rawObjectClass":"LIGHTS","sourceStableId":"1F2B41EF6F85017E"},"sourceKind":"official","official":true,"sourceCellId":"1R76W7XI","sourceStableId":"1F2B41EF6F85017E","pipelineFeatureId":"1R76W7XI/LIGHTS/14380","provenance":{"cellId":"1R76W7XI","checksum":"de2a790137a594cf48ea6efc0e5bb97f791616cff81433305327dd6470288365","readerVersion":"GDAL 3.2.2","processedAt":"2026-08-11T13:43:44.753Z"}}},{"type":"Feature","geometry":{"type":"Point","coordinates":[4.2596308,51.3793317]},"properties":{"dolphinKind":"light","rawObjectClass":"LIGHTS","sourceProperties":{"RCID":14382,"PRIM":1,"GRUP":2,"OBJL":75,"RVER":1,"AGEN":7979,"FIDN":1106210693,"FIDS":384,"LNAM":"1F2B41EF6F850180","COLOUR":["4"],"LITCHR":7,"SIGGRP":"(1)","SIGPER":4,"SCAMIN":200000,"sourceCellId":"1R76W7XI","sourceChecksum":"de2a790137a594cf48ea6efc0e5bb97f791616cff81433305327dd6470288365","rawObjectClass":"LIGHTS","sourceStableId":"1F2B41EF6F850180"},"sourceKind":"official","official":true,"sourceCellId":"1R76W7XI","sourceStableId":"1F2B41EF6F850180","pipelineFeatureId":"1R76W7XI/LIGHTS/14382","provenance":{"cellId":"1R76W7XI","checksum":"de2a790137a594cf48ea6efc0e5bb97f791616cff81433305327dd6470288365","readerVersion":"GDAL 3.2.2","processedAt":"2026-08-11T13:43:44.753Z"}}},{"type":"Feature","geometry":{"type":"Point","coordinates":[4.2654433,51.3771443]},"properties":{"dolphinKind":"light","rawObjectClass":"LIGHTS","sourceProperties":{"RCID":14384,"PRIM":1,"GRUP":2,"OBJL":75,"RVER":1,"AGEN":7979,"FIDN":1106210693,"FIDS":386,"LNAM":"1F2B41EF6F850182","COLOUR":["4"],"LITCHR":7,"SIGGRP":"(1)","SIGPER":4,"SCAMIN":200000,"sourceCellId":"1R76W7XI","sourceChecksum":"de2a790137a594cf48ea6efc0e5bb97f791616cff81433305327dd6470288365","rawObjectClass":"LIGHTS","sourceStableId":"1F2B41EF6F850182"},"sourceKind":"official","official":true,"sourceCellId":"1R76W7XI","sourceStableId":"1F2B41EF6F850182","pipelineFeatureId":"1R76W7XI/LIGHTS/14384","provenance":{"cellId":"1R76W7XI","checksum":"de2a790137a594cf48ea6efc0e5bb97f791616cff81433305327dd6470288365","readerVersion":"GDAL 3.2.2","processedAt":"2026-08-11T13:43:44.753Z"}}},{"type":"Feature","geometry":{"type":"Point","coordinates":[4.270598,51.3758012]},"properties":{"dolphinKind":"light","rawObjectClass":"LIGHTS","sourceProperties":{"RCID":14386,"PRIM":1,"GRUP":2,"OBJL":75,"RVER":1,"AGEN":7979,"FIDN":1106210693,"FIDS":388,"LNAM":"1F2B41EF6F850184","COLOUR":["4"],"LITCHR":7,"SIGGRP":"(1)","SIGPER":4,"SCAMIN":200000,"sourceCellId":"1R76W7XI","sourceChecksum":"de2a790137a594cf48ea6efc0e5bb97f791616cff81433305327dd6470288365","rawObjectClass":"LIGHTS","sourceStableId":"1F2B41EF6F850184"},"sourceKind":"official","official":true,"sourceCellId":"1R76W7XI","sourceStableId":"1F2B41EF6F850184","pipelineFeatureId":"1R76W7XI/LIGHTS/14386","provenance":{"cellId":"1R76W7XI","checksum":"de2a790137a594cf48ea6efc0e5bb97f791616cff81433305327dd6470288365","readerVersion":"GDAL 3.2.2","processedAt":"2026-08-11T13:43:44.753Z"}}},{"type":"Feature","geometry":{"type":"Point","coordinates":[4.191915,51.4035333]},"properties":{"dolphinKind":"light","rawObjectClass":"LIGHTS","sourceProperties":{"RCID":16690,"PRIM":1,"GRUP":2,"OBJL":75,"RVER":1,"AGEN":7979,"FIDN":1106834597,"FIDS":321,"LNAM":"1F2B41F8F4A50141","CATLIT":["4","15"],"COLOUR":["1"],"EXCLIT":4,"HEIGHT":14,"LITCHR":8,"SIGGRP":"(1)","SIGPER":3,"INFORM":"Lichenlijn 44  GR hoog 310 GR hoog","SCAMIN":200000,"SORDAT":"20240424","SORIND":"NL,1R,reprt,MD 229-24","sourceCellId":"1R76W7XI","sourceChecksum":"de2a790137a594cf48ea6efc0e5bb97f791616cff81433305327dd6470288365","rawObjectClass":"LIGHTS","sourceStableId":"1F2B41F8F4A50141"},"sourceKind":"official","official":true,"sourceCellId":"1R76W7XI","sourceStableId":"1F2B41F8F4A50141","pipelineFeatureId":"1R76W7XI/LIGHTS/16690","provenance":{"cellId":"1R76W7XI","checksum":"de2a790137a594cf48ea6efc0e5bb97f791616cff81433305327dd6470288365","readerVersion":"GDAL 3.2.2","processedAt":"2026-08-11T13:43:44.753Z"}}},{"type":"Feature","geometry":{"type":"Point","coordinates":[4.1966217,51.4010467]},"properties":{"dolphinKind":"light","rawObjectClass":"LIGHTS","sourceProperties":{"RCID":16692,"PRIM":1,"GRUP":2,"OBJL":75,"RVER":1,"AGEN":7979,"FIDN":1106834597,"FIDS":323,"LNAM":"1F2B41F8F4A50143","CATLIT":["4","14"],"COLOUR":["1"],"EXCLIT":4,"HEIGHT":8.5,"LITCHR":4,"SECTR1":90,"SECTR2":270,"SIGGRP":"(1)","SIGPER":1,"INFORM":"Sectorlicht Oostketel (0224)","SCAMIN":200000,"SORDAT":"20240424","SORIND":"NL,1R,reprt,MD 229-24","sourceCellId":"1R76W7XI","sourceChecksum":"de2a790137a594cf48ea6efc0e5bb97f791616cff81433305327dd6470288365","rawObjectClass":"LIGHTS","sourceStableId":"1F2B41F8F4A50143"},"sourceKind":"official","official":true,"sourceCellId":"1R76W7XI","sourceStableId":"1F2B41F8F4A50143","pipelineFeatureId":"1R76W7XI/LIGHTS/16692","provenance":{"cellId":"1R76W7XI","checksum":"de2a790137a594cf48ea6efc0e5bb97f791616cff81433305327dd6470288365","readerVersion":"GDAL 3.2.2","processedAt":"2026-08-11T13:43:44.753Z"}}},{"type":"Feature","geometry":{"type":"Point","coordinates":[4.1966217,51.4010467]},"properties":{"dolphinKind":"light","rawObjectClass":"LIGHTS","sourceProperties":{"RCID":16693,"PRIM":1,"GRUP":2,"OBJL":75,"RVER":1,"AGEN":7979,"FIDN":1106834597,"FIDS":324,"LNAM":"1F2B41F8F4A50144","CATLIT":["4","14"],"COLOUR":["3"],"EXCLIT":4,"HEIGHT":8.5,"LITCHR":4,"SECTR1":270,"SECTR2":301.5,"SIGGRP":"(1)","SIGPER":1,"INFORM":"Sectorlicht Oostketel (0224)","SCAMIN":200000,"SORDAT":"20240424","SORIND":"NL,1R,reprt,MD 229-24","sourceCellId":"1R76W7XI","sourceChecksum":"de2a790137a594cf48ea6efc0e5bb97f791616cff81433305327dd6470288365","rawObjectClass":"LIGHTS","sourceStableId":"1F2B41F8F4A50144"},"sourceKind":"official","official":true,"sourceCellId":"1R76W7XI","sourceStableId":"1F2B41F8F4A50144","pipelineFeatureId":"1R76W7XI/LIGHTS/16693","provenance":{"cellId":"1R76W7XI","checksum":"de2a790137a594cf48ea6efc0e5bb97f791616cff81433305327dd6470288365","readerVersion":"GDAL 3.2.2","processedAt":"2026-08-11T13:43:44.753Z"}}},{"type":"Feature","geometry":{"type":"Point","coordinates":[4.1966217,51.4010467]},"properties":{"dolphinKind":"light","rawObjectClass":"LIGHTS","sourceProperties":{"RCID":16695,"PRIM":1,"GRUP":2,"OBJL":75,"RVER":1,"AGEN":7979,"FIDN":1106834597,"FIDS":326,"LNAM":"1F2B41F8F4A50146","CATLIT":["4","14"],"COLOUR":["1"],"EXCLIT":4,"HEIGHT":8.5,"LITCHR":4,"SECTR1":301.5,"SECTR2":325,"SIGGRP":"(1)","SIGPER":1,"INFORM":"Sectorlicht Oostketel (0224)","SCAMIN":200000,"SORDAT":"20240424","SORIND":"NL,1R,reprt,MD 229-24","sourceCellId":"1R76W7XI","sourceChecksum":"de2a790137a594cf48ea6efc0e5bb97f791616cff81433305327dd6470288365","rawObjectClass":"LIGHTS","sourceStableId":"1F2B41F8F4A50146"},"sourceKind":"official","official":true,"sourceCellId":"1R76W7XI","sourceStableId":"1F2B41F8F4A50146","pipelineFeatureId":"1R76W7XI/LIGHTS/16695","provenance":{"cellId":"1R76W7XI","checksum":"de2a790137a594cf48ea6efc0e5bb97f791616cff81433305327dd6470288365","readerVersion":"GDAL 3.2.2","processedAt":"2026-08-11T13:43:44.753Z"}}},{"type":"Feature","geometry":{"type":"Point","coordinates":[4.1966217,51.4010467]},"properties":{"dolphinKind":"light","rawObjectClass":"LIGHTS","sourceProperties":{"RCID":16696,"PRIM":1,"GRUP":2,"OBJL":75,"RVER":1,"AGEN":7979,"FIDN":1106834597,"FIDS":327,"LNAM":"1F2B41F8F4A50147","CATLIT":["4","14"],"COLOUR":["4"],"EXCLIT":4,"HEIGHT":8.5,"LITCHR":4,"SECTR1":325,"SECTR2":55,"SIGGRP":"(1)","SIGPER":1,"INFORM":"Sectorlicht Oostketel (0224)","SCAMIN":200000,"SORDAT":"20240424","SORIND":"NL,1R,reprt,MD 229-24","sourceCellId":"1R76W7XI","sourceChecksum":"de2a790137a594cf48ea6efc0e5bb97f791616cff81433305327dd6470288365","rawObjectClass":"LIGHTS","sourceStableId":"1F2B41F8F4A50147"},"sourceKind":"official","official":true,"sourceCellId":"1R76W7XI","sourceStableId":"1F2B41F8F4A50147","pipelineFeatureId":"1R76W7XI/LIGHTS/16696","provenance":{"cellId":"1R76W7XI","checksum":"de2a790137a594cf48ea6efc0e5bb97f791616cff81433305327dd6470288365","readerVersion":"GDAL 3.2.2","processedAt":"2026-08-11T13:43:44.753Z"}}},{"type":"Feature","geometry":{"type":"Point","coordinates":[4.1966217,51.4010467]},"properties":{"dolphinKind":"light","rawObjectClass":"LIGHTS","sourceProperties":{"RCID":16697,"PRIM":1,"GRUP":2,"OBJL":75,"RVER":1,"AGEN":7979,"FIDN":1106834597,"FIDS":328,"LNAM":"1F2B41F8F4A50148","CATLIT":["4","14"],"COLOUR":["3"],"EXCLIT":4,"HEIGHT":8.5,"LITCHR":4,"SECTR1":65.5,"SECTR2":90,"SIGGRP":"(1)","SIGPER":1,"INFORM":"Sectorlicht Oostketel (0224)","SCAMIN":200000,"SORDAT":"20240424","SORIND":"NL,1R,reprt,MD 229-24","sourceCellId":"1R76W7XI","sourceChecksum":"de2a790137a594cf48ea6efc0e5bb97f791616cff81433305327dd6470288365","rawObjectClass":"LIGHTS","sourceStableId":"1F2B41F8F4A50148"},"sourceKind":"official","official":true,"sourceCellId":"1R76W7XI","sourceStableId":"1F2B41F8F4A50148","pipelineFeatureId":"1R76W7XI/LIGHTS/16697","provenance":{"cellId":"1R76W7XI","checksum":"de2a790137a594cf48ea6efc0e5bb97f791616cff81433305327dd6470288365","readerVersion":"GDAL 3.2.2","processedAt":"2026-08-11T13:43:44.753Z"}}},{"type":"Feature","geometry":{"type":"Point","coordinates":[4.1966217,51.4010467]},"properties":{"dolphinKind":"light","rawObjectClass":"LIGHTS","sourceProperties":{"RCID":16698,"PRIM":1,"GRUP":2,"OBJL":75,"RVER":1,"AGEN":7979,"FIDN":1106834597,"FIDS":329,"LNAM":"1F2B41F8F4A50149","CATLIT":["4","14"],"COLOUR":["1"],"EXCLIT":4,"HEIGHT":8.5,"LITCHR":4,"SECTR1":55,"SECTR2":65.5,"SIGGRP":"(1)","SIGPER":1,"INFORM":"Sectorlicht Oostketel (0224)","SCAMIN":200000,"SORDAT":"20240424","SORIND":"NL,1R,reprt,MD 229-24","sourceCellId":"1R76W7XI","sourceChecksum":"de2a790137a594cf48ea6efc0e5bb97f791616cff81433305327dd6470288365","rawObjectClass":"LIGHTS","sourceStableId":"1F2B41F8F4A50149"},"sourceKind":"official","official":true,"sourceCellId":"1R76W7XI","sourceStableId":"1F2B41F8F4A50149","pipelineFeatureId":"1R76W7XI/LIGHTS/16698","provenance":{"cellId":"1R76W7XI","checksum":"de2a790137a594cf48ea6efc0e5bb97f791616cff81433305327dd6470288365","readerVersion":"GDAL 3.2.2","processedAt":"2026-08-11T13:43:44.753Z"}}},{"type":"Feature","geometry":{"type":"Point","coordinates":[4.20684,51.3999733]},"properties":{"dolphinKind":"light","rawObjectClass":"LIGHTS","sourceProperties":{"RCID":16701,"PRIM":1,"GRUP":2,"OBJL":75,"RVER":1,"AGEN":7979,"FIDN":1106834597,"FIDS":332,"LNAM":"1F2B41F8F4A5014C","COLOUR":["3"],"EXCLIT":4,"HEIGHT":5,"LITCHR":8,"OBJNAM":"Sectorlicht Reigerbergse Polder (0226)","SECTR1":87,"SECTR2":112,"SIGGRP":"(1)","SIGPER":5,"SCAMIN":200000,"SORDAT":"20240424","SORIND":"NL,1R,reprt,MD 229-24","sourceCellId":"1R76W7XI","sourceChecksum":"de2a790137a594cf48ea6efc0e5bb97f791616cff81433305327dd6470288365","rawObjectClass":"LIGHTS","sourceStableId":"1F2B41F8F4A5014C"},"sourceKind":"official","official":true,"sourceCellId":"1R76W7XI","sourceStableId":"1F2B41F8F4A5014C","pipelineFeatureId":"1R76W7XI/LIGHTS/16701","provenance":{"cellId":"1R76W7XI","checksum":"de2a790137a594cf48ea6efc0e5bb97f791616cff81433305327dd6470288365","readerVersion":"GDAL 3.2.2","processedAt":"2026-08-11T13:43:44.753Z"}}},{"type":"Feature","geometry":{"type":"Point","coordinates":[4.20684,51.3999733]},"properties":{"dolphinKind":"light","rawObjectClass":"LIGHTS","sourceProperties":{"RCID":16702,"PRIM":1,"GRUP":2,"OBJL":75,"RVER":1,"AGEN":7979,"FIDN":1106834597,"FIDS":333,"LNAM":"1F2B41F8F4A5014D","COLOUR":["1"],"EXCLIT":4,"HEIGHT":5,"LITCHR":8,"OBJNAM":"Sectorlicht Reigerbergse Polder (0226)","SECTR1":112,"SECTR2":280,"SIGGRP":"(1)","SIGPER":5,"SCAMIN":200000,"SORDAT":"20240424","SORIND":"NL,1R,reprt,MD 229-24","sourceCellId":"1R76W7XI","sourceChecksum":"de2a790137a594cf48ea6efc0e5bb97f791616cff81433305327dd6470288365","rawObjectClass":"LIGHTS","sourceStableId":"1F2B41F8F4A5014D"},"sourceKind":"official","official":true,"sourceCellId":"1R76W7XI","sourceStableId":"1F2B41F8F4A5014D","pipelineFeatureId":"1R76W7XI/LIGHTS/16702","provenance":{"cellId":"1R76W7XI","checksum":"de2a790137a594cf48ea6efc0e5bb97f791616cff81433305327dd6470288365","readerVersion":"GDAL 3.2.2","processedAt":"2026-08-11T13:43:44.753Z"}}},{"type":"Feature","geometry":{"type":"Point","coordinates":[4.20684,51.3999733]},"properties":{"dolphinKind":"light","rawObjectClass":"LIGHTS","sourceProperties":{"RCID":16703,"PRIM":1,"GRUP":2,"OBJL":75,"RVER":1,"AGEN":7979,"FIDN":1106834597,"FIDS":334,"LNAM":"1F2B41F8F4A5014E","COLOUR":["1"],"EXCLIT":4,"HEIGHT":5,"LITCHR":8,"OBJNAM":"Sectorlicht Reigerbergse Polder (0226)","SECTR1":74,"SECTR2":87,"SIGGRP":"(1)","SIGPER":5,"SCAMIN":200000,"SORDAT":"20240424","SORIND":"NL,1R,reprt,MD 229-24","sourceCellId":"1R76W7XI","sourceChecksum":"de2a790137a594cf48ea6efc0e5bb97f791616cff81433305327dd6470288365","rawObjectClass":"LIGHTS","sourceStableId":"1F2B41F8F4A5014E"},"sourceKind":"official","official":true,"sourceCellId":"1R76W7XI","sourceStableId":"1F2B41F8F4A5014E","pipelineFeatureId":"1R76W7XI/LIGHTS/16703","provenance":{"cellId":"1R76W7XI","checksum":"de2a790137a594cf48ea6efc0e5bb97f791616cff81433305327dd6470288365","readerVersion":"GDAL 3.2.2","processedAt":"2026-08-11T13:43:44.753Z"}}},{"type":"Feature","geometry":{"type":"Point","coordinates":[4.20684,51.3999733]},"properties":{"dolphinKind":"light","rawObjectClass":"LIGHTS","sourceProperties":{"RCID":16704,"PRIM":1,"GRUP":2,"OBJL":75,"RVER":1,"AGEN":7979,"FIDN":1106834597,"FIDS":335,"LNAM":"1F2B41F8F4A5014F","COLOUR":["1"],"EXCLIT":4,"HEIGHT":5,"LITCHR":8,"OBJNAM":"Sectorlicht Reigerbergse Polder (0226)","SECTR1":342,"SECTR2":349,"SIGGRP":"(1)","SIGPER":5,"SCAMIN":200000,"SORDAT":"20240424","SORIND":"NL,1R,reprt,MD 229-24","sourceCellId":"1R76W7XI","sourceChecksum":"de2a790137a594cf48ea6efc0e5bb97f791616cff81433305327dd6470288365","rawObjectClass":"LIGHTS","sourceStableId":"1F2B41F8F4A5014F"},"sourceKind":"official","official":true,"sourceCellId":"1R76W7XI","sourceStableId":"1F2B41F8F4A5014F","pipelineFeatureId":"1R76W7XI/LIGHTS/16704","provenance":{"cellId":"1R76W7XI","checksum":"de2a790137a594cf48ea6efc0e5bb97f791616cff81433305327dd6470288365","readerVersion":"GDAL 3.2.2","processedAt":"2026-08-11T13:43:44.753Z"}}},{"type":"Feature","geometry":{"type":"Point","coordinates":[4.20684,51.3999733]},"properties":{"dolphinKind":"light","rawObjectClass":"LIGHTS","sourceProperties":{"RCID":16705,"PRIM":1,"GRUP":2,"OBJL":75,"RVER":1,"AGEN":7979,"FIDN":1106834597,"FIDS":336,"LNAM":"1F2B41F8F4A50150","COLOUR":["3"],"EXCLIT":4,"HEIGHT":5,"LITCHR":8,"OBJNAM":"Sectorlicht Reigerbergse Polder (0226)","SECTR1":280,"SECTR2":342,"SIGGRP":"(1)","SIGPER":5,"SCAMIN":200000,"SORDAT":"20240424","SORIND":"NL,1R,reprt,MD 229-24","sourceCellId":"1R76W7XI","sourceChecksum":"de2a790137a594cf48ea6efc0e5bb97f791616cff81433305327dd6470288365","rawObjectClass":"LIGHTS","sourceStableId":"1F2B41F8F4A50150"},"sourceKind":"official","official":true,"sourceCellId":"1R76W7XI","sourceStableId":"1F2B41F8F4A50150","pipelineFeatureId":"1R76W7XI/LIGHTS/16705","provenance":{"cellId":"1R76W7XI","checksum":"de2a790137a594cf48ea6efc0e5bb97f791616cff81433305327dd6470288365","readerVersion":"GDAL 3.2.2","processedAt":"2026-08-11T13:43:44.753Z"}}},{"type":"Feature","geometry":{"type":"Point","coordinates":[4.20684,51.3999733]},"properties":{"dolphinKind":"light","rawObjectClass":"LIGHTS","sourceProperties":{"RCID":16706,"PRIM":1,"GRUP":2,"OBJL":75,"RVER":1,"AGEN":7979,"FIDN":1106834597,"FIDS":337,"LNAM":"1F2B41F8F4A50151","COLOUR":["4"],"EXCLIT":4,"HEIGHT":5,"LITCHR":8,"OBJNAM":"Sectorlicht Reigerbergse Polder (0226)","SECTR1":349,"SECTR2":74,"SIGGRP":"(1)","SIGPER":5,"SCAMIN":200000,"SORDAT":"20240424","SORIND":"NL,1R,reprt,MD 229-24","sourceCellId":"1R76W7XI","sourceChecksum":"de2a790137a594cf48ea6efc0e5bb97f791616cff81433305327dd6470288365","rawObjectClass":"LIGHTS","sourceStableId":"1F2B41F8F4A50151"},"sourceKind":"official","official":true,"sourceCellId":"1R76W7XI","sourceStableId":"1F2B41F8F4A50151","pipelineFeatureId":"1R76W7XI/LIGHTS/16706","provenance":{"cellId":"1R76W7XI","checksum":"de2a790137a594cf48ea6efc0e5bb97f791616cff81433305327dd6470288365","readerVersion":"GDAL 3.2.2","processedAt":"2026-08-11T13:43:44.753Z"}}},{"type":"Feature","geometry":{"type":"Point","coordinates":[4.1703983,51.3938633]},"properties":{"dolphinKind":"light","rawObjectClass":"LIGHTS","sourceProperties":{"RCID":16722,"PRIM":1,"GRUP":2,"OBJL":75,"RVER":1,"AGEN":7979,"FIDN":1106834597,"FIDS":353,"LNAM":"1F2B41F8F4A50161","COLOUR":["3"],"EXCLIT":4,"HEIGHT":10.8,"LITCHR":8,"SECTR1":37,"SECTR2":90,"SIGGRP":"(1)","SIGPER":10,"VALNMR":0,"SCAMIN":200000,"SORDAT":"20240424","SORIND":"NL,1R,reprt,MD 229-24","sourceCellId":"1R76W7XI","sourceChecksum":"de2a790137a594cf48ea6efc0e5bb97f791616cff81433305327dd6470288365","rawObjectClass":"LIGHTS","sourceStableId":"1F2B41F8F4A50161"},"sourceKind":"official","official":true,"sourceCellId":"1R76W7XI","sourceStableId":"1F2B41F8F4A50161","pipelineFeatureId":"1R76W7XI/LIGHTS/16722","provenance":{"cellId":"1R76W7XI","checksum":"de2a790137a594cf48ea6efc0e5bb97f791616cff81433305327dd6470288365","readerVersion":"GDAL 3.2.2","processedAt":"2026-08-11T13:43:44.753Z"}}},{"type":"Feature","geometry":{"type":"Point","coordinates":[4.1703983,51.3938633]},"properties":{"dolphinKind":"light","rawObjectClass":"LIGHTS","sourceProperties":{"RCID":16723,"PRIM":1,"GRUP":2,"OBJL":75,"RVER":1,"AGEN":7979,"FIDN":1106834597,"FIDS":354,"LNAM":"1F2B41F8F4A50162","COLOUR":["1"],"EXCLIT":4,"HEIGHT":10.8,"LITCHR":8,"SECTR1":90,"SECTR2":200,"SIGGRP":"(1)","SIGPER":10,"VALNMR":0,"SCAMIN":200000,"SORDAT":"20240424","SORIND":"NL,1R,reprt,MD 229-24","sourceCellId":"1R76W7XI","sourceChecksum":"de2a790137a594cf48ea6efc0e5bb97f791616cff81433305327dd6470288365","rawObjectClass":"LIGHTS","sourceStableId":"1F2B41F8F4A50162"},"sourceKind":"official","official":true,"sourceCellId":"1R76W7XI","sourceStableId":"1F2B41F8F4A50162","pipelineFeatureId":"1R76W7XI/LIGHTS/16723","provenance":{"cellId":"1R76W7XI","checksum":"de2a790137a594cf48ea6efc0e5bb97f791616cff81433305327dd6470288365","readerVersion":"GDAL 3.2.2","processedAt":"2026-08-11T13:43:44.753Z"}}},{"type":"Feature","geometry":{"type":"Point","coordinates":[4.1703983,51.3938633]},"properties":{"dolphinKind":"light","rawObjectClass":"LIGHTS","sourceProperties":{"RCID":16724,"PRIM":1,"GRUP":2,"OBJL":75,"RVER":1,"AGEN":7979,"FIDN":1106834597,"FIDS":355,"LNAM":"1F2B41F8F4A50163","COLOUR":["1"],"EXCLIT":4,"HEIGHT":10.8,"LITCHR":8,"SECTR1":16,"SECTR2":37,"SIGGRP":"(1)","SIGPER":10,"VALNMR":0,"SCAMIN":200000,"SORDAT":"20240424","SORIND":"NL,1R,reprt,MD 229-24","sourceCellId":"1R76W7XI","sourceChecksum":"de2a790137a594cf48ea6efc0e5bb97f791616cff81433305327dd6470288365","rawObjectClass":"LIGHTS","sourceStableId":"1F2B41F8F4A50163"},"sourceKind":"official","official":true,"sourceCellId":"1R76W7XI","sourceStableId":"1F2B41F8F4A50163","pipelineFeatureId":"1R76W7XI/LIGHTS/16724","provenance":{"cellId":"1R76W7XI","checksum":"de2a790137a594cf48ea6efc0e5bb97f791616cff81433305327dd6470288365","readerVersion":"GDAL 3.2.2","processedAt":"2026-08-11T13:43:44.753Z"}}},{"type":"Feature","geometry":{"type":"Point","coordinates":[4.1703983,51.3938633]},"properties":{"dolphinKind":"light","rawObjectClass":"LIGHTS","sourceProperties":{"RCID":16725,"PRIM":1,"GRUP":2,"OBJL":75,"RVER":1,"AGEN":7979,"FIDN":1106834597,"FIDS":356,"LNAM":"1F2B41F8F4A50164","COLOUR":["3"],"EXCLIT":4,"HEIGHT":10.8,"LITCHR":8,"SECTR1":200,"SECTR2":246.5,"SIGGRP":"(1)","SIGPER":10,"VALNMR":0,"SCAMIN":200000,"SORDAT":"20240424","SORIND":"NL,1R,reprt,MD 229-24","sourceCellId":"1R76W7XI","sourceChecksum":"de2a790137a594cf48ea6efc0e5bb97f791616cff81433305327dd6470288365","rawObjectClass":"LIGHTS","sourceStableId":"1F2B41F8F4A50164"},"sourceKind":"official","official":true,"sourceCellId":"1R76W7XI","sourceStableId":"1F2B41F8F4A50164","pipelineFeatureId":"1R76W7XI/LIGHTS/16725","provenance":{"cellId":"1R76W7XI","checksum":"de2a790137a594cf48ea6efc0e5bb97f791616cff81433305327dd6470288365","readerVersion":"GDAL 3.2.2","processedAt":"2026-08-11T13:43:44.753Z"}}},{"type":"Feature","geometry":{"type":"Point","coordinates":[4.1703983,51.3938633]},"properties":{"dolphinKind":"light","rawObjectClass":"LIGHTS","sourceProperties":{"RCID":16726,"PRIM":1,"GRUP":2,"OBJL":75,"RVER":1,"AGEN":7979,"FIDN":1106834597,"FIDS":357,"LNAM":"1F2B41F8F4A50165","COLOUR":["1"],"EXCLIT":4,"HEIGHT":10.8,"LITCHR":8,"SECTR1":246.5,"SECTR2":256.5,"SIGGRP":"(1)","SIGPER":10,"VALNMR":0,"SCAMIN":200000,"SORDAT":"20240424","SORIND":"NL,1R,reprt,MD 229-24","sourceCellId":"1R76W7XI","sourceChecksum":"de2a790137a594cf48ea6efc0e5bb97f791616cff81433305327dd6470288365","rawObjectClass":"LIGHTS","sourceStableId":"1F2B41F8F4A50165"},"sourceKind":"official","official":true,"sourceCellId":"1R76W7XI","sourceStableId":"1F2B41F8F4A50165","pipelineFeatureId":"1R76W7XI/LIGHTS/16726","provenance":{"cellId":"1R76W7XI","checksum":"de2a790137a594cf48ea6efc0e5bb97f791616cff81433305327dd6470288365","readerVersion":"GDAL 3.2.2","processedAt":"2026-08-11T13:43:44.753Z"}}},{"type":"Feature","geometry":{"type":"Point","coordinates":[4.1703983,51.3938633]},"properties":{"dolphinKind":"light","rawObjectClass":"LIGHTS","sourceProperties":{"RCID":16727,"PRIM":1,"GRUP":2,"OBJL":75,"RVER":1,"AGEN":7979,"FIDN":1106834597,"FIDS":358,"LNAM":"1F2B41F8F4A50166","COLOUR":["4"],"EXCLIT":4,"HEIGHT":10.8,"LITCHR":8,"SECTR1":256.5,"SECTR2":301.5,"SIGGRP":"(1)","SIGPER":10,"VALNMR":0,"SCAMIN":200000,"SORDAT":"20240424","SORIND":"NL,1R,reprt,MD 229-24","sourceCellId":"1R76W7XI","sourceChecksum":"de2a790137a594cf48ea6efc0e5bb97f791616cff81433305327dd6470288365","rawObjectClass":"LIGHTS","sourceStableId":"1F2B41F8F4A50166"},"sourceKind":"official","official":true,"sourceCellId":"1R76W7XI","sourceStableId":"1F2B41F8F4A50166","pipelineFeatureId":"1R76W7XI/LIGHTS/16727","provenance":{"cellId":"1R76W7XI","checksum":"de2a790137a594cf48ea6efc0e5bb97f791616cff81433305327dd6470288365","readerVersion":"GDAL 3.2.2","processedAt":"2026-08-11T13:43:44.753Z"}}},{"type":"Feature","geometry":{"type":"Point","coordinates":[4.1703983,51.3938633]},"properties":{"dolphinKind":"light","rawObjectClass":"LIGHTS","sourceProperties":{"RCID":16728,"PRIM":1,"GRUP":2,"OBJL":75,"RVER":1,"AGEN":7979,"FIDN":1106834597,"FIDS":359,"LNAM":"1F2B41F8F4A50167","COLOUR":["4"],"EXCLIT":4,"HEIGHT":10.8,"LITCHR":8,"SECTR1":353,"SECTR2":16,"SIGGRP":"(1)","SIGPER":10,"VALNMR":0,"SCAMIN":200000,"SORDAT":"20240424","SORIND":"NL,1R,reprt,MD 229-24","sourceCellId":"1R76W7XI","sourceChecksum":"de2a790137a594cf48ea6efc0e5bb97f791616cff81433305327dd6470288365","rawObjectClass":"LIGHTS","sourceStableId":"1F2B41F8F4A50167"},"sourceKind":"official","official":true,"sourceCellId":"1R76W7XI","sourceStableId":"1F2B41F8F4A50167","pipelineFeatureId":"1R76W7XI/LIGHTS/16728","provenance":{"cellId":"1R76W7XI","checksum":"de2a790137a594cf48ea6efc0e5bb97f791616cff81433305327dd6470288365","readerVersion":"GDAL 3.2.2","processedAt":"2026-08-11T13:43:44.753Z"}}},{"type":"Feature","geometry":{"type":"Point","coordinates":[4.1703983,51.3938633]},"properties":{"dolphinKind":"light","rawObjectClass":"LIGHTS","sourceProperties":{"RCID":16729,"PRIM":1,"GRUP":2,"OBJL":75,"RVER":1,"AGEN":7979,"FIDN":1106834597,"FIDS":360,"LNAM":"1F2B41F8F4A50168","COLOUR":["1"],"EXCLIT":4,"HEIGHT":10.8,"LITCHR":8,"SECTR1":301.5,"SECTR2":353,"SIGGRP":"(1)","SIGPER":10,"VALNMR":0,"SCAMIN":200000,"SORDAT":"20240424","SORIND":"NL,1R,reprt,MD 229-24","sourceCellId":"1R76W7XI","sourceChecksum":"de2a790137a594cf48ea6efc0e5bb97f791616cff81433305327dd6470288365","rawObjectClass":"LIGHTS","sourceStableId":"1F2B41F8F4A50168"},"sourceKind":"official","official":true,"sourceCellId":"1R76W7XI","sourceStableId":"1F2B41F8F4A50168","pipelineFeatureId":"1R76W7XI/LIGHTS/16729","provenance":{"cellId":"1R76W7XI","checksum":"de2a790137a594cf48ea6efc0e5bb97f791616cff81433305327dd6470288365","readerVersion":"GDAL 3.2.2","processedAt":"2026-08-11T13:43:44.753Z"}}},{"type":"Feature","geometry":{"type":"Point","coordinates":[4.1655833,51.3836667]},"properties":{"dolphinKind":"light","rawObjectClass":"LIGHTS","sourceProperties":{"RCID":17214,"PRIM":1,"GRUP":2,"OBJL":75,"RVER":1,"AGEN":7979,"FIDN":1106834683,"FIDS":275,"LNAM":"1F2B41F8F4FB0113","COLOUR":["1"],"LITCHR":5,"SIGGRP":"(9)","SIGPER":10,"SCAMIN":200000,"SORDAT":"20030930","sourceCellId":"1R76W7XI","sourceChecksum":"de2a790137a594cf48ea6efc0e5bb97f791616cff81433305327dd6470288365","rawObjectClass":"LIGHTS","sourceStableId":"1F2B41F8F4FB0113"},"sourceKind":"official","official":true,"sourceCellId":"1R76W7XI","sourceStableId":"1F2B41F8F4FB0113","pipelineFeatureId":"1R76W7XI/LIGHTS/17214","provenance":{"cellId":"1R76W7XI","checksum":"de2a790137a594cf48ea6efc0e5bb97f791616cff81433305327dd6470288365","readerVersion":"GDAL 3.2.2","processedAt":"2026-08-11T13:43:44.753Z"}}},{"type":"Feature","geometry":{"type":"Point","coordinates":[4.1768334,51.3915167]},"properties":{"dolphinKind":"light","rawObjectClass":"LIGHTS","sourceProperties":{"RCID":17288,"PRIM":1,"GRUP":2,"OBJL":75,"RVER":1,"AGEN":7979,"FIDN":1106834683,"FIDS":349,"LNAM":"1F2B41F8F4FB015D","COLOUR":["4"],"EXCLIT":4,"LITCHR":7,"SIGGRP":"(1)","SIGPER":8,"SCAMIN":200000,"SORDAT":"20060106","SORIND":"NL,1R,reprt,BASS02/06","sourceCellId":"1R76W7XI","sourceChecksum":"de2a790137a594cf48ea6efc0e5bb97f791616cff81433305327dd6470288365","rawObjectClass":"LIGHTS","sourceStableId":"1F2B41F8F4FB015D"},"sourceKind":"official","official":true,"sourceCellId":"1R76W7XI","sourceStableId":"1F2B41F8F4FB015D","pipelineFeatureId":"1R76W7XI/LIGHTS/17288","provenance":{"cellId":"1R76W7XI","checksum":"de2a790137a594cf48ea6efc0e5bb97f791616cff81433305327dd6470288365","readerVersion":"GDAL 3.2.2","processedAt":"2026-08-11T13:43:44.753Z"}}},{"type":"Feature","geometry":{"type":"Point","coordinates":[4.1853217,51.39612]},"properties":{"dolphinKind":"light","rawObjectClass":"LIGHTS","sourceProperties":{"RCID":17290,"PRIM":1,"GRUP":2,"OBJL":75,"RVER":1,"AGEN":7979,"FIDN":1106834683,"FIDS":351,"LNAM":"1F2B41F8F4FB015F","COLOUR":["4"],"EXCLIT":4,"LITCHR":4,"SIGGRP":"(1)","SIGPER":1,"SCAMIN":200000,"SORDAT":"20090924","SORIND":"NL,1R,reprt,BASS088/09","sourceCellId":"1R76W7XI","sourceChecksum":"de2a790137a594cf48ea6efc0e5bb97f791616cff81433305327dd6470288365","rawObjectClass":"LIGHTS","sourceStableId":"1F2B41F8F4FB015F"},"sourceKind":"official","official":true,"sourceCellId":"1R76W7XI","sourceStableId":"1F2B41F8F4FB015F","pipelineFeatureId":"1R76W7XI/LIGHTS/17290","provenance":{"cellId":"1R76W7XI","checksum":"de2a790137a594cf48ea6efc0e5bb97f791616cff81433305327dd6470288365","readerVersion":"GDAL 3.2.2","processedAt":"2026-08-11T13:43:44.753Z"}}},{"type":"Feature","geometry":{"type":"Point","coordinates":[4.2015833,51.395865]},"properties":{"dolphinKind":"light","rawObjectClass":"LIGHTS","sourceProperties":{"RCID":17294,"PRIM":1,"GRUP":2,"OBJL":75,"RVER":1,"AGEN":7979,"FIDN":1106834683,"FIDS":355,"LNAM":"1F2B41F8F4FB0163","COLOUR":["4"],"EXCLIT":4,"LITCHR":7,"SIGGRP":"(1)","SIGPER":4,"SCAMIN":200000,"SORDAT":"20090924","SORIND":"NL,1R,reprt,Bass088/09","sourceCellId":"1R76W7XI","sourceChecksum":"de2a790137a594cf48ea6efc0e5bb97f791616cff81433305327dd6470288365","rawObjectClass":"LIGHTS","sourceStableId":"1F2B41F8F4FB0163"},"sourceKind":"official","official":true,"sourceCellId":"1R76W7XI","sourceStableId":"1F2B41F8F4FB0163","pipelineFeatureId":"1R76W7XI/LIGHTS/17294","provenance":{"cellId":"1R76W7XI","checksum":"de2a790137a594cf48ea6efc0e5bb97f791616cff81433305327dd6470288365","readerVersion":"GDAL 3.2.2","processedAt":"2026-08-11T13:43:44.753Z"}}},{"type":"Feature","geometry":{"type":"Point","coordinates":[4.2071117,51.3917133]},"properties":{"dolphinKind":"light","rawObjectClass":"LIGHTS","sourceProperties":{"RCID":17296,"PRIM":1,"GRUP":2,"OBJL":75,"RVER":1,"AGEN":7979,"FIDN":1106834683,"FIDS":357,"LNAM":"1F2B41F8F4FB0165","COLOUR":["4"],"EXCLIT":4,"LITCHR":7,"SIGGRP":"(1)","SIGPER":8,"SCAMIN":200000,"SORDAT":"20030930","sourceCellId":"1R76W7XI","sourceChecksum":"de2a790137a594cf48ea6efc0e5bb97f791616cff81433305327dd6470288365","rawObjectClass":"LIGHTS","sourceStableId":"1F2B41F8F4FB0165"},"sourceKind":"official","official":true,"sourceCellId":"1R76W7XI","sourceStableId":"1F2B41F8F4FB0165","pipelineFeatureId":"1R76W7XI/LIGHTS/17296","provenance":{"cellId":"1R76W7XI","checksum":"de2a790137a594cf48ea6efc0e5bb97f791616cff81433305327dd6470288365","readerVersion":"GDAL 3.2.2","processedAt":"2026-08-11T13:43:44.753Z"}}},{"type":"Feature","geometry":{"type":"Point","coordinates":[4.2097417,51.3868283]},"properties":{"dolphinKind":"light","rawObjectClass":"LIGHTS","sourceProperties":{"RCID":17298,"PRIM":1,"GRUP":2,"OBJL":75,"RVER":1,"AGEN":7979,"FIDN":1106834683,"FIDS":359,"LNAM":"1F2B41F8F4FB0167","COLOUR":["4"],"EXCLIT":4,"LITCHR":7,"SIGGRP":"(1)","SIGPER":4,"SCAMIN":200000,"SORDAT":"20030930","sourceCellId":"1R76W7XI","sourceChecksum":"de2a790137a594cf48ea6efc0e5bb97f791616cff81433305327dd6470288365","rawObjectClass":"LIGHTS","sourceStableId":"1F2B41F8F4FB0167"},"sourceKind":"official","official":true,"sourceCellId":"1R76W7XI","sourceStableId":"1F2B41F8F4FB0167","pipelineFeatureId":"1R76W7XI/LIGHTS/17298","provenance":{"cellId":"1R76W7XI","checksum":"de2a790137a594cf48ea6efc0e5bb97f791616cff81433305327dd6470288365","readerVersion":"GDAL 3.2.2","processedAt":"2026-08-11T13:43:44.753Z"}}},{"type":"Feature","geometry":{"type":"Point","coordinates":[4.21285,51.3782667]},"properties":{"dolphinKind":"light","rawObjectClass":"LIGHTS","sourceProperties":{"RCID":17300,"PRIM":1,"GRUP":2,"OBJL":75,"RVER":1,"AGEN":7979,"FIDN":1106834683,"FIDS":361,"LNAM":"1F2B41F8F4FB0169","COLOUR":["4"],"EXCLIT":4,"LITCHR":7,"SIGGRP":"(1)","SIGPER":8,"SCAMIN":200000,"SORDAT":"20030930","sourceCellId":"1R76W7XI","sourceChecksum":"de2a790137a594cf48ea6efc0e5bb97f791616cff81433305327dd6470288365","rawObjectClass":"LIGHTS","sourceStableId":"1F2B41F8F4FB0169"},"sourceKind":"official","official":true,"sourceCellId":"1R76W7XI","sourceStableId":"1F2B41F8F4FB0169","pipelineFeatureId":"1R76W7XI/LIGHTS/17300","provenance":{"cellId":"1R76W7XI","checksum":"de2a790137a594cf48ea6efc0e5bb97f791616cff81433305327dd6470288365","readerVersion":"GDAL 3.2.2","processedAt":"2026-08-11T13:43:44.753Z"}}},{"type":"Feature","geometry":{"type":"Point","coordinates":[4.14365,51.3762667]},"properties":{"dolphinKind":"light","rawObjectClass":"LIGHTS","sourceProperties":{"RCID":17364,"PRIM":1,"GRUP":2,"OBJL":75,"RVER":1,"AGEN":7979,"FIDN":1106834683,"FIDS":425,"LNAM":"1F2B41F8F4FB01A9","COLOUR":["3"],"LITCHR":4,"SIGGRP":"(1)","SIGPER":1,"SCAMIN":200000,"SORDAT":"20091211","SORIND":"NL,1R,reprt,Bass 114/09","sourceCellId":"1R76W7XI","sourceChecksum":"de2a790137a594cf48ea6efc0e5bb97f791616cff81433305327dd6470288365","rawObjectClass":"LIGHTS","sourceStableId":"1F2B41F8F4FB01A9"},"sourceKind":"official","official":true,"sourceCellId":"1R76W7XI","sourceStableId":"1F2B41F8F4FB01A9","pipelineFeatureId":"1R76W7XI/LIGHTS/17364","provenance":{"cellId":"1R76W7XI","checksum":"de2a790137a594cf48ea6efc0e5bb97f791616cff81433305327dd6470288365","readerVersion":"GDAL 3.2.2","processedAt":"2026-08-11T13:43:44.753Z"}}},{"type":"Feature","geometry":{"type":"Point","coordinates":[4.21015,51.3958666]},"properties":{"dolphinKind":"light","rawObjectClass":"LIGHTS","sourceProperties":{"RCID":17372,"PRIM":1,"GRUP":2,"OBJL":75,"RVER":1,"AGEN":7979,"FIDN":1106834683,"FIDS":433,"LNAM":"1F2B41F8F4FB01B1","COLOUR":["3"],"EXCLIT":4,"LITCHR":4,"SIGGRP":"(1)","SIGPER":1,"SCAMIN":200000,"SORDAT":"20030930","sourceCellId":"1R76W7XI","sourceChecksum":"de2a790137a594cf48ea6efc0e5bb97f791616cff81433305327dd6470288365","rawObjectClass":"LIGHTS","sourceStableId":"1F2B41F8F4FB01B1"},"sourceKind":"official","official":true,"sourceCellId":"1R76W7XI","sourceStableId":"1F2B41F8F4FB01B1","pipelineFeatureId":"1R76W7XI/LIGHTS/17372","provenance":{"cellId":"1R76W7XI","checksum":"de2a790137a594cf48ea6efc0e5bb97f791616cff81433305327dd6470288365","readerVersion":"GDAL 3.2.2","processedAt":"2026-08-11T13:43:44.753Z"}}},{"type":"Feature","geometry":{"type":"Point","coordinates":[4.2145166,51.3900167]},"properties":{"dolphinKind":"light","rawObjectClass":"LIGHTS","sourceProperties":{"RCID":17374,"PRIM":1,"GRUP":2,"OBJL":75,"RVER":1,"AGEN":7979,"FIDN":1106834683,"FIDS":435,"LNAM":"1F2B41F8F4FB01B3","COLOUR":["3"],"EXCLIT":4,"LITCHR":7,"SIGGRP":"(1)","SIGPER":8,"SCAMIN":200000,"SORDAT":"20030930","sourceCellId":"1R76W7XI","sourceChecksum":"de2a790137a594cf48ea6efc0e5bb97f791616cff81433305327dd6470288365","rawObjectClass":"LIGHTS","sourceStableId":"1F2B41F8F4FB01B3"},"sourceKind":"official","official":true,"sourceCellId":"1R76W7XI","sourceStableId":"1F2B41F8F4FB01B3","pipelineFeatureId":"1R76W7XI/LIGHTS/17374","provenance":{"cellId":"1R76W7XI","checksum":"de2a790137a594cf48ea6efc0e5bb97f791616cff81433305327dd6470288365","readerVersion":"GDAL 3.2.2","processedAt":"2026-08-11T13:43:44.753Z"}}},{"type":"Feature","geometry":{"type":"Point","coordinates":[4.21705,51.3815166]},"properties":{"dolphinKind":"light","rawObjectClass":"LIGHTS","sourceProperties":{"RCID":17376,"PRIM":1,"GRUP":2,"OBJL":75,"RVER":1,"AGEN":7979,"FIDN":1106834683,"FIDS":437,"LNAM":"1F2B41F8F4FB01B5","COLOUR":["3"],"EXCLIT":4,"LITCHR":7,"SIGGRP":"(1)","SIGPER":4,"SCAMIN":200000,"SORDAT":"20030930","sourceCellId":"1R76W7XI","sourceChecksum":"de2a790137a594cf48ea6efc0e5bb97f791616cff81433305327dd6470288365","rawObjectClass":"LIGHTS","sourceStableId":"1F2B41F8F4FB01B5"},"sourceKind":"official","official":true,"sourceCellId":"1R76W7XI","sourceStableId":"1F2B41F8F4FB01B5","pipelineFeatureId":"1R76W7XI/LIGHTS/17376","provenance":{"cellId":"1R76W7XI","checksum":"de2a790137a594cf48ea6efc0e5bb97f791616cff81433305327dd6470288365","readerVersion":"GDAL 3.2.2","processedAt":"2026-08-11T13:43:44.753Z"}}},{"type":"Feature","geometry":{"type":"Point","coordinates":[4.16265,51.3873833]},"properties":{"dolphinKind":"light","rawObjectClass":"LIGHTS","sourceProperties":{"RCID":17672,"PRIM":1,"GRUP":2,"OBJL":75,"RVER":1,"AGEN":7979,"FIDN":1106834684,"FIDS":478,"LNAM":"1F2B41F8F4FC01DE","COLOUR":["3"],"LITCHR":7,"SIGGRP":"(1)","SIGPER":8,"SCAMIN":200000,"SORDAT":"20030930","sourceCellId":"1R76W7XI","sourceChecksum":"de2a790137a594cf48ea6efc0e5bb97f791616cff81433305327dd6470288365","rawObjectClass":"LIGHTS","sourceStableId":"1F2B41F8F4FC01DE"},"sourceKind":"official","official":true,"sourceCellId":"1R76W7XI","sourceStableId":"1F2B41F8F4FC01DE","pipelineFeatureId":"1R76W7XI/LIGHTS/17672","provenance":{"cellId":"1R76W7XI","checksum":"de2a790137a594cf48ea6efc0e5bb97f791616cff81433305327dd6470288365","readerVersion":"GDAL 3.2.2","processedAt":"2026-08-11T13:43:44.753Z"}}},{"type":"Feature","geometry":{"type":"Point","coordinates":[4.1940517,51.3973017]},"properties":{"dolphinKind":"light","rawObjectClass":"LIGHTS","sourceProperties":{"RCID":17752,"PRIM":1,"GRUP":2,"OBJL":75,"RVER":1,"AGEN":7979,"FIDN":1106834685,"FIDS":303,"LNAM":"1F2B41F8F4FD012F","COLOUR":["4"],"EXCLIT":4,"LITCHR":7,"SIGGRP":"(1)","SIGPER":8,"SCAMIN":200000,"SORDAT":"20090924","SORIND":"NL,1R,reprt,BASS088/09","sourceCellId":"1R76W7XI","sourceChecksum":"de2a790137a594cf48ea6efc0e5bb97f791616cff81433305327dd6470288365","rawObjectClass":"LIGHTS","sourceStableId":"1F2B41F8F4FD012F"},"sourceKind":"official","official":true,"sourceCellId":"1R76W7XI","sourceStableId":"1F2B41F8F4FD012F","pipelineFeatureId":"1R76W7XI/LIGHTS/17752","provenance":{"cellId":"1R76W7XI","checksum":"de2a790137a594cf48ea6efc0e5bb97f791616cff81433305327dd6470288365","readerVersion":"GDAL 3.2.2","processedAt":"2026-08-11T13:43:44.753Z"}}},{"type":"Feature","geometry":{"type":"Point","coordinates":[4.186685,51.4001717]},"properties":{"dolphinKind":"light","rawObjectClass":"LIGHTS","sourceProperties":{"RCID":26581,"PRIM":1,"GRUP":2,"OBJL":75,"RVER":1,"AGEN":7979,"FIDN":1126605809,"FIDS":257,"LNAM":"1F2B4326A3F10101","CATLIT":["4","14"],"COLOUR":["1"],"EXCLIT":4,"HEIGHT":9.8,"LITCHR":7,"SECTR1":279,"SECTR2":248,"SIGGRP":"(1)","SIGPER":3,"INFORM":"Gemeenschappelijk laag","SCAMIN":200000,"SORDAT":"20240424","SORIND":"NL,1R,reprt,MD 229-24","sourceCellId":"1R76W7XI","sourceChecksum":"de2a790137a594cf48ea6efc0e5bb97f791616cff81433305327dd6470288365","rawObjectClass":"LIGHTS","sourceStableId":"1F2B4326A3F10101"},"sourceKind":"official","official":true,"sourceCellId":"1R76W7XI","sourceStableId":"1F2B4326A3F10101","pipelineFeatureId":"1R76W7XI/LIGHTS/26581","provenance":{"cellId":"1R76W7XI","checksum":"de2a790137a594cf48ea6efc0e5bb97f791616cff81433305327dd6470288365","readerVersion":"GDAL 3.2.2","processedAt":"2026-08-11T13:43:44.753Z"}}},{"type":"Feature","geometry":{"type":"Point","coordinates":[4.186685,51.4001717]},"properties":{"dolphinKind":"light","rawObjectClass":"LIGHTS","sourceProperties":{"RCID":26582,"PRIM":1,"GRUP":2,"OBJL":75,"RVER":1,"AGEN":7979,"FIDN":1126605809,"FIDS":258,"LNAM":"1F2B4326A3F10102","CATLIT":["4","14"],"COLOUR":["3"],"EXCLIT":4,"HEIGHT":9.6,"LITCHR":7,"SECTR1":248,"SECTR2":279,"SIGGRP":"(1)","SIGPER":3,"INFORM":"Gemeenschappelijk laag","SCAMIN":200000,"SORDAT":"20240424","SORIND":"NL,1R,reprt,MD 229-24","sourceCellId":"1R76W7XI","sourceChecksum":"de2a790137a594cf48ea6efc0e5bb97f791616cff81433305327dd6470288365","rawObjectClass":"LIGHTS","sourceStableId":"1F2B4326A3F10102"},"sourceKind":"official","official":true,"sourceCellId":"1R76W7XI","sourceStableId":"1F2B4326A3F10102","pipelineFeatureId":"1R76W7XI/LIGHTS/26582","provenance":{"cellId":"1R76W7XI","checksum":"de2a790137a594cf48ea6efc0e5bb97f791616cff81433305327dd6470288365","readerVersion":"GDAL 3.2.2","processedAt":"2026-08-11T13:43:44.753Z"}}},{"type":"Feature","geometry":{"type":"Point","coordinates":[4.21014,51.39878]},"properties":{"dolphinKind":"light","rawObjectClass":"LIGHTS","sourceProperties":{"RCID":13030326,"PRIM":1,"GRUP":2,"OBJL":75,"RVER":1,"AGEN":7979,"FIDN":13030326,"FIDS":1,"LNAM":"1F2B00C6D3B60001","COLOUR":["6"],"LITCHR":2,"SIGGRP":"(5)","SIGPER":20,"SCAMIN":200000,"sourceCellId":"1R76W7XI","sourceChecksum":"de2a790137a594cf48ea6efc0e5bb97f791616cff81433305327dd6470288365","rawObjectClass":"LIGHTS","sourceStableId":"1F2B00C6D3B60001"},"sourceKind":"official","official":true,"sourceCellId":"1R76W7XI","sourceStableId":"1F2B00C6D3B60001","pipelineFeatureId":"1R76W7XI/LIGHTS/13030326","provenance":{"cellId":"1R76W7XI","checksum":"de2a790137a594cf48ea6efc0e5bb97f791616cff81433305327dd6470288365","readerVersion":"GDAL 3.2.2","processedAt":"2026-08-11T13:43:44.753Z"}}},{"type":"Feature","geometry":{"type":"Point","coordinates":[4.1983667,51.3877083]},"properties":{"dolphinKind":"light","rawObjectClass":"LIGHTS","sourceProperties":{"RCID":108488351,"PRIM":1,"GRUP":2,"OBJL":75,"RVER":1,"AGEN":7979,"FIDN":108488351,"FIDS":1,"LNAM":"1F2B0677669F0001","COLOUR":["6"],"LITCHR":2,"SIGGRP":"(1)","SIGPER":5,"SCAMIN":200000,"SORDAT":"20221102","SORIND":"NL,1R,reprt,Team ENC","sourceCellId":"1R76W7XI","sourceChecksum":"de2a790137a594cf48ea6efc0e5bb97f791616cff81433305327dd6470288365","rawObjectClass":"LIGHTS","sourceStableId":"1F2B0677669F0001"},"sourceKind":"official","official":true,"sourceCellId":"1R76W7XI","sourceStableId":"1F2B0677669F0001","pipelineFeatureId":"1R76W7XI/LIGHTS/108488351","provenance":{"cellId":"1R76W7XI","checksum":"de2a790137a594cf48ea6efc0e5bb97f791616cff81433305327dd6470288365","readerVersion":"GDAL 3.2.2","processedAt":"2026-08-11T13:43:44.753Z"}}},{"type":"Feature","geometry":{"type":"Point","coordinates":[4.1893333,51.4003333]},"properties":{"dolphinKind":"light","rawObjectClass":"LIGHTS","sourceProperties":{"RCID":152332600,"PRIM":1,"GRUP":2,"OBJL":75,"RVER":1,"AGEN":7979,"FIDN":152332600,"FIDS":1,"LNAM":"1F2B091469380001","CATLIT":["10"],"COLOUR":["3"],"LITCHR":7,"SIGGRP":"(1)","SIGPER":2,"SCAMIN":200000,"SORDAT":"20151215","SORIND":"NL,1R,Reprt,HYD-2015","sourceCellId":"1R76W7XI","sourceChecksum":"de2a790137a594cf48ea6efc0e5bb97f791616cff81433305327dd6470288365","rawObjectClass":"LIGHTS","sourceStableId":"1F2B091469380001"},"sourceKind":"official","official":true,"sourceCellId":"1R76W7XI","sourceStableId":"1F2B091469380001","pipelineFeatureId":"1R76W7XI/LIGHTS/152332600","provenance":{"cellId":"1R76W7XI","checksum":"de2a790137a594cf48ea6efc0e5bb97f791616cff81433305327dd6470288365","readerVersion":"GDAL 3.2.2","processedAt":"2026-08-11T13:43:44.753Z"}}},{"type":"Feature","geometry":{"type":"Point","coordinates":[4.183,51.3988333]},"properties":{"dolphinKind":"light","rawObjectClass":"LIGHTS","sourceProperties":{"RCID":173517000,"PRIM":1,"GRUP":2,"OBJL":75,"RVER":1,"AGEN":7979,"FIDN":173517000,"FIDS":1,"LNAM":"1F2B0A57A8C80001","CATLIT":["10"],"COLOUR":["3"],"LITCHR":7,"SIGGRP":"(1)","SIGPER":2,"SCAMIN":200000,"SORDAT":"20151215","SORIND":"NL,1R,Reprt,HYD-2015","sourceCellId":"1R76W7XI","sourceChecksum":"de2a790137a594cf48ea6efc0e5bb97f791616cff81433305327dd6470288365","rawObjectClass":"LIGHTS","sourceStableId":"1F2B0A57A8C80001"},"sourceKind":"official","official":true,"sourceCellId":"1R76W7XI","sourceStableId":"1F2B0A57A8C80001","pipelineFeatureId":"1R76W7XI/LIGHTS/173517000","provenance":{"cellId":"1R76W7XI","checksum":"de2a790137a594cf48ea6efc0e5bb97f791616cff81433305327dd6470288365","readerVersion":"GDAL 3.2.2","processedAt":"2026-08-11T13:43:44.753Z"}}},{"type":"Feature","geometry":{"type":"Point","coordinates":[4.1960633,51.4008083]},"properties":{"dolphinKind":"light","rawObjectClass":"LIGHTS","sourceProperties":{"RCID":173520852,"PRIM":1,"GRUP":2,"OBJL":75,"RVER":1,"AGEN":7979,"FIDN":173520852,"FIDS":1,"LNAM":"1F2B0A57B7D40001","CATLIT":["10"],"COLOUR":["3"],"LITCHR":7,"SIGGRP":"(1)","SIGPER":2,"SCAMIN":200000,"SORDAT":"20151215","SORIND":"NL,1R,Reprt,HYD-2015","sourceCellId":"1R76W7XI","sourceChecksum":"de2a790137a594cf48ea6efc0e5bb97f791616cff81433305327dd6470288365","rawObjectClass":"LIGHTS","sourceStableId":"1F2B0A57B7D40001"},"sourceKind":"official","official":true,"sourceCellId":"1R76W7XI","sourceStableId":"1F2B0A57B7D40001","pipelineFeatureId":"1R76W7XI/LIGHTS/173520852","provenance":{"cellId":"1R76W7XI","checksum":"de2a790137a594cf48ea6efc0e5bb97f791616cff81433305327dd6470288365","readerVersion":"GDAL 3.2.2","processedAt":"2026-08-11T13:43:44.753Z"}}},{"type":"Feature","geometry":{"type":"Point","coordinates":[4.2041667,51.3995]},"properties":{"dolphinKind":"light","rawObjectClass":"LIGHTS","sourceProperties":{"RCID":173522553,"PRIM":1,"GRUP":2,"OBJL":75,"RVER":1,"AGEN":7979,"FIDN":173522553,"FIDS":1,"LNAM":"1F2B0A57BE790001","CATLIT":["10"],"COLOUR":["3"],"LITCHR":7,"SIGGRP":"(1)","SIGPER":2,"SCAMIN":200000,"SORDAT":"20151215","SORIND":"NL,1R,Reprt,HYD-2015","sourceCellId":"1R76W7XI","sourceChecksum":"de2a790137a594cf48ea6efc0e5bb97f791616cff81433305327dd6470288365","rawObjectClass":"LIGHTS","sourceStableId":"1F2B0A57BE790001"},"sourceKind":"official","official":true,"sourceCellId":"1R76W7XI","sourceStableId":"1F2B0A57BE790001","pipelineFeatureId":"1R76W7XI/LIGHTS/173522553","provenance":{"cellId":"1R76W7XI","checksum":"de2a790137a594cf48ea6efc0e5bb97f791616cff81433305327dd6470288365","readerVersion":"GDAL 3.2.2","processedAt":"2026-08-11T13:43:44.753Z"}}},{"type":"Feature","geometry":{"type":"Point","coordinates":[4.1481817,51.378645]},"properties":{"dolphinKind":"light","rawObjectClass":"LIGHTS","sourceProperties":{"RCID":187574552,"PRIM":1,"GRUP":2,"OBJL":75,"RVER":1,"AGEN":7979,"FIDN":187574552,"FIDS":1,"LNAM":"1F2B0B2E29180001","COLOUR":["3"],"LITCHR":7,"SIGGRP":"(1)","SIGPER":8,"SCAMIN":200000,"SORDAT":"20160303","SORIND":"NL,1R,reprt,BASS 018-2016","sourceCellId":"1R76W7XI","sourceChecksum":"de2a790137a594cf48ea6efc0e5bb97f791616cff81433305327dd6470288365","rawObjectClass":"LIGHTS","sourceStableId":"1F2B0B2E29180001"},"sourceKind":"official","official":true,"sourceCellId":"1R76W7XI","sourceStableId":"1F2B0B2E29180001","pipelineFeatureId":"1R76W7XI/LIGHTS/187574552","provenance":{"cellId":"1R76W7XI","checksum":"de2a790137a594cf48ea6efc0e5bb97f791616cff81433305327dd6470288365","readerVersion":"GDAL 3.2.2","processedAt":"2026-08-11T13:43:44.753Z"}}},{"type":"Feature","geometry":{"type":"Point","coordinates":[4.197545,51.391655]},"properties":{"dolphinKind":"light","rawObjectClass":"LIGHTS","sourceProperties":{"RCID":196021200,"PRIM":1,"GRUP":2,"OBJL":75,"RVER":1,"AGEN":7979,"FIDN":196021200,"FIDS":1,"LNAM":"1F2B0BAF0BD00001","COLOUR":["6"],"LITCHR":2,"SIGGRP":"(3)","SIGPER":10,"SCAMIN":200000,"SORDAT":"20190304","SORIND":"NL,1R,reprt, MD069-19","sourceCellId":"1R76W7XI","sourceChecksum":"de2a790137a594cf48ea6efc0e5bb97f791616cff81433305327dd6470288365","rawObjectClass":"LIGHTS","sourceStableId":"1F2B0BAF0BD00001"},"sourceKind":"official","official":true,"sourceCellId":"1R76W7XI","sourceStableId":"1F2B0BAF0BD00001","pipelineFeatureId":"1R76W7XI/LIGHTS/196021200","provenance":{"cellId":"1R76W7XI","checksum":"de2a790137a594cf48ea6efc0e5bb97f791616cff81433305327dd6470288365","readerVersion":"GDAL 3.2.2","processedAt":"2026-08-11T13:43:44.753Z"}}},{"type":"Feature","geometry":{"type":"Point","coordinates":[4.1851617,51.3872133]},"properties":{"dolphinKind":"light","rawObjectClass":"LIGHTS","sourceProperties":{"RCID":208016801,"PRIM":1,"GRUP":2,"OBJL":75,"RVER":1,"AGEN":7979,"FIDN":208016801,"FIDS":1,"LNAM":"1F2B0C6615A10001","COLOUR":["1"],"LITCHR":4,"SIGGRP":"(1)","SCAMIN":200000,"SORDAT":"20161128","SORIND":"NL,1R,reprt,wijzigingSvdN2","sourceCellId":"1R76W7XI","sourceChecksum":"de2a790137a594cf48ea6efc0e5bb97f791616cff81433305327dd6470288365","rawObjectClass":"LIGHTS","sourceStableId":"1F2B0C6615A10001"},"sourceKind":"official","official":true,"sourceCellId":"1R76W7XI","sourceStableId":"1F2B0C6615A10001","pipelineFeatureId":"1R76W7XI/LIGHTS/208016801","provenance":{"cellId":"1R76W7XI","checksum":"de2a790137a594cf48ea6efc0e5bb97f791616cff81433305327dd6470288365","readerVersion":"GDAL 3.2.2","processedAt":"2026-08-11T13:43:44.753Z"}}},{"type":"Feature","geometry":{"type":"Point","coordinates":[4.1585183,51.3760133]},"properties":{"dolphinKind":"light","rawObjectClass":"LIGHTS","sourceProperties":{"RCID":253643828,"PRIM":1,"GRUP":2,"OBJL":75,"RVER":1,"AGEN":7979,"FIDN":253643828,"FIDS":1,"LNAM":"1F2B0F1E4C340001","COLOUR":["6"],"LITCHR":2,"SIGGRP":"(2)","SIGPER":10,"SCAMIN":200000,"SORDAT":"20220308","SORIND":"NL,1R,Reprt,BASS 23/2022","sourceCellId":"1R76W7XI","sourceChecksum":"de2a790137a594cf48ea6efc0e5bb97f791616cff81433305327dd6470288365","rawObjectClass":"LIGHTS","sourceStableId":"1F2B0F1E4C340001"},"sourceKind":"official","official":true,"sourceCellId":"1R76W7XI","sourceStableId":"1F2B0F1E4C340001","pipelineFeatureId":"1R76W7XI/LIGHTS/253643828","provenance":{"cellId":"1R76W7XI","checksum":"de2a790137a594cf48ea6efc0e5bb97f791616cff81433305327dd6470288365","readerVersion":"GDAL 3.2.2","processedAt":"2026-08-11T13:43:44.753Z"}}},{"type":"Feature","geometry":{"type":"Point","coordinates":[4.1570483,51.3769633]},"properties":{"dolphinKind":"light","rawObjectClass":"LIGHTS","sourceProperties":{"RCID":450110673,"PRIM":1,"GRUP":2,"OBJL":75,"RVER":1,"AGEN":7979,"FIDN":450110673,"FIDS":1,"LNAM":"1F2B1AD424D10001","COLOUR":["4"],"LITCHR":7,"SIGGRP":"(1)","SIGPER":4,"SCAMIN":200000,"SORDAT":"20230503","sourceCellId":"1R76W7XI","sourceChecksum":"de2a790137a594cf48ea6efc0e5bb97f791616cff81433305327dd6470288365","rawObjectClass":"LIGHTS","sourceStableId":"1F2B1AD424D10001"},"sourceKind":"official","official":true,"sourceCellId":"1R76W7XI","sourceStableId":"1F2B1AD424D10001","pipelineFeatureId":"1R76W7XI/LIGHTS/450110673","provenance":{"cellId":"1R76W7XI","checksum":"de2a790137a594cf48ea6efc0e5bb97f791616cff81433305327dd6470288365","readerVersion":"GDAL 3.2.2","processedAt":"2026-08-11T13:43:44.753Z"}}},{"type":"Feature","geometry":{"type":"Point","coordinates":[4.1717833,51.3933167]},"properties":{"dolphinKind":"light","rawObjectClass":"LIGHTS","sourceProperties":{"RCID":1150154551,"PRIM":1,"GRUP":2,"OBJL":75,"RVER":1,"AGEN":7979,"FIDN":1150154551,"FIDS":1,"LNAM":"1F2B448DF7370001","COLOUR":["3"],"LITCHR":7,"SIGGRP":"(1)","SIGPER":2,"SCAMIN":200000,"SORDAT":"20230801","SORIND":"NL,1R,reprt,MD 385-23","sourceCellId":"1R76W7XI","sourceChecksum":"de2a790137a594cf48ea6efc0e5bb97f791616cff81433305327dd6470288365","rawObjectClass":"LIGHTS","sourceStableId":"1F2B448DF7370001"},"sourceKind":"official","official":true,"sourceCellId":"1R76W7XI","sourceStableId":"1F2B448DF7370001","pipelineFeatureId":"1R76W7XI/LIGHTS/1150154551","provenance":{"cellId":"1R76W7XI","checksum":"de2a790137a594cf48ea6efc0e5bb97f791616cff81433305327dd6470288365","readerVersion":"GDAL 3.2.2","processedAt":"2026-08-11T13:43:44.753Z"}}},{"type":"Feature","geometry":{"type":"Point","coordinates":[4.1770889,51.3962528]},"properties":{"dolphinKind":"light","rawObjectClass":"LIGHTS","sourceProperties":{"RCID":1150158952,"PRIM":1,"GRUP":2,"OBJL":75,"RVER":1,"AGEN":7979,"FIDN":1150158952,"FIDS":1,"LNAM":"1F2B448E08680001","COLOUR":["3"],"LITCHR":7,"SIGGRP":"(1)","SIGPER":2,"SCAMIN":200000,"SORDAT":"20230801","SORIND":"NL,1R,reprt,MD 385-23","sourceCellId":"1R76W7XI","sourceChecksum":"de2a790137a594cf48ea6efc0e5bb97f791616cff81433305327dd6470288365","rawObjectClass":"LIGHTS","sourceStableId":"1F2B448E08680001"},"sourceKind":"official","official":true,"sourceCellId":"1R76W7XI","sourceStableId":"1F2B448E08680001","pipelineFeatureId":"1R76W7XI/LIGHTS/1150158952","provenance":{"cellId":"1R76W7XI","checksum":"de2a790137a594cf48ea6efc0e5bb97f791616cff81433305327dd6470288365","readerVersion":"GDAL 3.2.2","processedAt":"2026-08-11T13:43:44.753Z"}}},{"type":"Feature","geometry":{"type":"Point","coordinates":[4.186685,51.4001717]},"properties":{"dolphinKind":"light","rawObjectClass":"LIGHTS","sourceProperties":{"RCID":1187681954,"PRIM":1,"GRUP":2,"OBJL":75,"RVER":1,"AGEN":7979,"FIDN":1187681954,"FIDS":1,"LNAM":"1F2B46CA96A20001","CATLIT":["4","14"],"COLOUR":["1"],"EXCLIT":4,"HEIGHT":10.8,"LITCHR":8,"SIGGRP":"(1)","SIGPER":3,"INFORM":"Lichenlijn 44  GR laag (0222)","SCAMIN":200000,"SORDAT":"20240424","SORIND":"NL,1R,reprt,MD 229-24","sourceCellId":"1R76W7XI","sourceChecksum":"de2a790137a594cf48ea6efc0e5bb97f791616cff81433305327dd6470288365","rawObjectClass":"LIGHTS","sourceStableId":"1F2B46CA96A20001"},"sourceKind":"official","official":true,"sourceCellId":"1R76W7XI","sourceStableId":"1F2B46CA96A20001","pipelineFeatureId":"1R76W7XI/LIGHTS/1187681954","provenance":{"cellId":"1R76W7XI","checksum":"de2a790137a594cf48ea6efc0e5bb97f791616cff81433305327dd6470288365","readerVersion":"GDAL 3.2.2","processedAt":"2026-08-11T13:43:44.753Z"}}},{"type":"Feature","geometry":{"type":"Point","coordinates":[4.1966217,51.4010467]},"properties":{"dolphinKind":"light","rawObjectClass":"LIGHTS","sourceProperties":{"RCID":1187681955,"PRIM":1,"GRUP":2,"OBJL":75,"RVER":1,"AGEN":7979,"FIDN":1187681955,"FIDS":1,"LNAM":"1F2B46CA96A30001","CATLIT":["4","14"],"COLOUR":["1"],"EXCLIT":4,"HEIGHT":10.8,"LITCHR":8,"SIGGRP":"(1)","SIGPER":3,"INFORM":"Sectorlicht Oostketel (0224)","SCAMIN":200000,"SORDAT":"20240424","SORIND":"NL,1R,reprt,MD 229-24","sourceCellId":"1R76W7XI","sourceChecksum":"de2a790137a594cf48ea6efc0e5bb97f791616cff81433305327dd6470288365","rawObjectClass":"LIGHTS","sourceStableId":"1F2B46CA96A30001"},"sourceKind":"official","official":true,"sourceCellId":"1R76W7XI","sourceStableId":"1F2B46CA96A30001","pipelineFeatureId":"1R76W7XI/LIGHTS/1187681955","provenance":{"cellId":"1R76W7XI","checksum":"de2a790137a594cf48ea6efc0e5bb97f791616cff81433305327dd6470288365","readerVersion":"GDAL 3.2.2","processedAt":"2026-08-11T13:43:44.753Z"}}},{"type":"Feature","geometry":{"type":"Point","coordinates":[4.1655833,51.3836667]},"properties":{"dolphinKind":"topmark","rawObjectClass":"TOPMAR","sourceProperties":{"RCID":17213,"PRIM":1,"GRUP":2,"OBJL":144,"RVER":1,"AGEN":7979,"FIDN":1106834683,"FIDS":274,"LNAM":"1F2B41F8F4FB0112","COLOUR":["2"],"TOPSHP":10,"SCAMIN":200000,"SORDAT":"20030930","sourceCellId":"1R76W7XI","sourceChecksum":"de2a790137a594cf48ea6efc0e5bb97f791616cff81433305327dd6470288365","rawObjectClass":"TOPMAR","sourceStableId":"1F2B41F8F4FB0112"},"sourceKind":"official","official":true,"sourceCellId":"1R76W7XI","sourceStableId":"1F2B41F8F4FB0112","pipelineFeatureId":"1R76W7XI/TOPMAR/17213","provenance":{"cellId":"1R76W7XI","checksum":"de2a790137a594cf48ea6efc0e5bb97f791616cff81433305327dd6470288365","readerVersion":"GDAL 3.2.2","processedAt":"2026-08-11T13:43:44.753Z"},"associationRefsVerifiedInGdalOutput":false}},{"type":"Feature","geometry":{"type":"Point","coordinates":[4.1769017,51.38443]},"properties":{"dolphinKind":"topmark","rawObjectClass":"TOPMAR","sourceProperties":{"RCID":879765,"PRIM":1,"GRUP":2,"OBJL":144,"RVER":1,"AGEN":7979,"FIDN":879765,"FIDS":1,"LNAM":"1F2B000D6C950001","COLOUR":["6"],"TOPSHP":7,"SCAMIN":200000,"SORDAT":"20130924","SORIND":"NL,1R,reprt,BASS107-2013","sourceCellId":"1R76W7XI","sourceChecksum":"de2a790137a594cf48ea6efc0e5bb97f791616cff81433305327dd6470288365","rawObjectClass":"TOPMAR","sourceStableId":"1F2B000D6C950001"},"sourceKind":"official","official":true,"sourceCellId":"1R76W7XI","sourceStableId":"1F2B000D6C950001","pipelineFeatureId":"1R76W7XI/TOPMAR/879765","provenance":{"cellId":"1R76W7XI","checksum":"de2a790137a594cf48ea6efc0e5bb97f791616cff81433305327dd6470288365","readerVersion":"GDAL 3.2.2","processedAt":"2026-08-11T13:43:44.753Z"},"associationRefsVerifiedInGdalOutput":false}},{"type":"Feature","geometry":{"type":"Point","coordinates":[4.1851617,51.3872133]},"properties":{"dolphinKind":"topmark","rawObjectClass":"TOPMAR","sourceProperties":{"RCID":879768,"PRIM":1,"GRUP":2,"OBJL":144,"RVER":1,"AGEN":7979,"FIDN":879768,"FIDS":1,"LNAM":"1F2B000D6C980001","COLOUR":["2"],"TOPSHP":13,"SCAMIN":200000,"SORDAT":"20161128","SORIND":"NL,1R,reprt,wijzigingSvdN2","sourceCellId":"1R76W7XI","sourceChecksum":"de2a790137a594cf48ea6efc0e5bb97f791616cff81433305327dd6470288365","rawObjectClass":"TOPMAR","sourceStableId":"1F2B000D6C980001"},"sourceKind":"official","official":true,"sourceCellId":"1R76W7XI","sourceStableId":"1F2B000D6C980001","pipelineFeatureId":"1R76W7XI/TOPMAR/879768","provenance":{"cellId":"1R76W7XI","checksum":"de2a790137a594cf48ea6efc0e5bb97f791616cff81433305327dd6470288365","readerVersion":"GDAL 3.2.2","processedAt":"2026-08-11T13:43:44.753Z"},"associationRefsVerifiedInGdalOutput":false}},{"type":"Feature","geometry":{"type":"Point","coordinates":[4.1983667,51.3877083]},"properties":{"dolphinKind":"topmark","rawObjectClass":"TOPMAR","sourceProperties":{"RCID":879771,"PRIM":1,"GRUP":2,"OBJL":144,"RVER":1,"AGEN":7979,"FIDN":879771,"FIDS":1,"LNAM":"1F2B000D6C9B0001","COLOUR":["6"],"TOPSHP":7,"SCAMIN":200000,"SORDAT":"20130924","SORIND":"NL,1R,reprt,BASS107-2013","sourceCellId":"1R76W7XI","sourceChecksum":"de2a790137a594cf48ea6efc0e5bb97f791616cff81433305327dd6470288365","rawObjectClass":"TOPMAR","sourceStableId":"1F2B000D6C9B0001"},"sourceKind":"official","official":true,"sourceCellId":"1R76W7XI","sourceStableId":"1F2B000D6C9B0001","pipelineFeatureId":"1R76W7XI/TOPMAR/879771","provenance":{"cellId":"1R76W7XI","checksum":"de2a790137a594cf48ea6efc0e5bb97f791616cff81433305327dd6470288365","readerVersion":"GDAL 3.2.2","processedAt":"2026-08-11T13:43:44.753Z"},"associationRefsVerifiedInGdalOutput":false}},{"type":"Feature","geometry":{"type":"Point","coordinates":[4.1840834,51.3840166]},"properties":{"dolphinKind":"topmark","rawObjectClass":"TOPMAR","sourceProperties":{"RCID":105682454,"PRIM":1,"GRUP":2,"OBJL":144,"RVER":1,"AGEN":7979,"FIDN":105682454,"FIDS":1,"LNAM":"1F2B064C96160001","COLOUR":["6"],"TOPSHP":7,"SCAMIN":200000,"SORIND":"NL,1R,Reprt,Bass2012-117","sourceCellId":"1R76W7XI","sourceChecksum":"de2a790137a594cf48ea6efc0e5bb97f791616cff81433305327dd6470288365","rawObjectClass":"TOPMAR","sourceStableId":"1F2B064C96160001"},"sourceKind":"official","official":true,"sourceCellId":"1R76W7XI","sourceStableId":"1F2B064C96160001","pipelineFeatureId":"1R76W7XI/TOPMAR/105682454","provenance":{"cellId":"1R76W7XI","checksum":"de2a790137a594cf48ea6efc0e5bb97f791616cff81433305327dd6470288365","readerVersion":"GDAL 3.2.2","processedAt":"2026-08-11T13:43:44.753Z"},"associationRefsVerifiedInGdalOutput":false}},{"type":"Feature","geometry":{"type":"Point","coordinates":[4.1614167,51.3882667]},"properties":{"dolphinKind":"topmark","rawObjectClass":"TOPMAR","sourceProperties":{"RCID":105683852,"PRIM":1,"GRUP":2,"OBJL":144,"RVER":1,"AGEN":7979,"FIDN":105683852,"FIDS":1,"LNAM":"1F2B064C9B8C0001","COLOUR":["6"],"TOPSHP":7,"SCAMIN":200000,"SORDAT":"20121101","SORIND":"NL,1R,reprt,WSN 2012 nr.026","sourceCellId":"1R76W7XI","sourceChecksum":"de2a790137a594cf48ea6efc0e5bb97f791616cff81433305327dd6470288365","rawObjectClass":"TOPMAR","sourceStableId":"1F2B064C9B8C0001"},"sourceKind":"official","official":true,"sourceCellId":"1R76W7XI","sourceStableId":"1F2B064C9B8C0001","pipelineFeatureId":"1R76W7XI/TOPMAR/105683852","provenance":{"cellId":"1R76W7XI","checksum":"de2a790137a594cf48ea6efc0e5bb97f791616cff81433305327dd6470288365","readerVersion":"GDAL 3.2.2","processedAt":"2026-08-11T13:43:44.753Z"},"associationRefsVerifiedInGdalOutput":false}},{"type":"Feature","geometry":{"type":"Point","coordinates":[4.1337167,51.3771333]},"properties":{"dolphinKind":"topmark","rawObjectClass":"TOPMAR","sourceProperties":{"RCID":105683855,"PRIM":1,"GRUP":2,"OBJL":144,"RVER":1,"AGEN":7979,"FIDN":105683855,"FIDS":1,"LNAM":"1F2B064C9B8F0001","COLOUR":["2"],"TOPSHP":14,"SCAMIN":200000,"SORDAT":"20121101","SORIND":"NL,1R,reprt,WSN 2012 nr.026","sourceCellId":"1R76W7XI","sourceChecksum":"de2a790137a594cf48ea6efc0e5bb97f791616cff81433305327dd6470288365","rawObjectClass":"TOPMAR","sourceStableId":"1F2B064C9B8F0001"},"sourceKind":"official","official":true,"sourceCellId":"1R76W7XI","sourceStableId":"1F2B064C9B8F0001","pipelineFeatureId":"1R76W7XI/TOPMAR/105683855","provenance":{"cellId":"1R76W7XI","checksum":"de2a790137a594cf48ea6efc0e5bb97f791616cff81433305327dd6470288365","readerVersion":"GDAL 3.2.2","processedAt":"2026-08-11T13:43:44.753Z"},"associationRefsVerifiedInGdalOutput":false}},{"type":"Feature","geometry":{"type":"Point","coordinates":[4.1869133,51.3915917]},"properties":{"dolphinKind":"topmark","rawObjectClass":"TOPMAR","sourceProperties":{"RCID":105998853,"PRIM":1,"GRUP":2,"OBJL":144,"RVER":1,"AGEN":7979,"FIDN":105998853,"FIDS":1,"LNAM":"1F2B06516A050001","COLOUR":["6"],"TOPSHP":7,"SCAMIN":200000,"SORDAT":"20130924","SORIND":"NL,1R,reprt,Bass107/2013","sourceCellId":"1R76W7XI","sourceChecksum":"de2a790137a594cf48ea6efc0e5bb97f791616cff81433305327dd6470288365","rawObjectClass":"TOPMAR","sourceStableId":"1F2B06516A050001"},"sourceKind":"official","official":true,"sourceCellId":"1R76W7XI","sourceStableId":"1F2B06516A050001","pipelineFeatureId":"1R76W7XI/TOPMAR/105998853","provenance":{"cellId":"1R76W7XI","checksum":"de2a790137a594cf48ea6efc0e5bb97f791616cff81433305327dd6470288365","readerVersion":"GDAL 3.2.2","processedAt":"2026-08-11T13:43:44.753Z"},"associationRefsVerifiedInGdalOutput":false}},{"type":"Feature","geometry":{"type":"Point","coordinates":[4.197545,51.391655]},"properties":{"dolphinKind":"topmark","rawObjectClass":"TOPMAR","sourceProperties":{"RCID":108257701,"PRIM":1,"GRUP":2,"OBJL":144,"RVER":1,"AGEN":7979,"FIDN":108257701,"FIDS":1,"LNAM":"1F2B0673E1A50001","COLOUR":["6"],"TOPSHP":7,"SCAMIN":200000,"SORDAT":"20130924","SORIND":"NL,1R,Reprt,BASS107-2013","sourceCellId":"1R76W7XI","sourceChecksum":"de2a790137a594cf48ea6efc0e5bb97f791616cff81433305327dd6470288365","rawObjectClass":"TOPMAR","sourceStableId":"1F2B0673E1A50001"},"sourceKind":"official","official":true,"sourceCellId":"1R76W7XI","sourceStableId":"1F2B0673E1A50001","pipelineFeatureId":"1R76W7XI/TOPMAR/108257701","provenance":{"cellId":"1R76W7XI","checksum":"de2a790137a594cf48ea6efc0e5bb97f791616cff81433305327dd6470288365","readerVersion":"GDAL 3.2.2","processedAt":"2026-08-11T13:43:44.753Z"},"associationRefsVerifiedInGdalOutput":false}},{"type":"Feature","geometry":{"type":"Point","coordinates":[4.19162,51.38746]},"properties":{"dolphinKind":"topmark","rawObjectClass":"TOPMAR","sourceProperties":{"RCID":124561703,"PRIM":1,"GRUP":2,"OBJL":144,"RVER":1,"AGEN":7979,"FIDN":124561703,"FIDS":1,"LNAM":"1F2B076CA9270001","COLOUR":["6"],"TOPSHP":7,"SCAMIN":200000,"SORDAT":"20130924","SORIND":"NL,1R,reprt,BASS107-2013","sourceCellId":"1R76W7XI","sourceChecksum":"de2a790137a594cf48ea6efc0e5bb97f791616cff81433305327dd6470288365","rawObjectClass":"TOPMAR","sourceStableId":"1F2B076CA9270001"},"sourceKind":"official","official":true,"sourceCellId":"1R76W7XI","sourceStableId":"1F2B076CA9270001","pipelineFeatureId":"1R76W7XI/TOPMAR/124561703","provenance":{"cellId":"1R76W7XI","checksum":"de2a790137a594cf48ea6efc0e5bb97f791616cff81433305327dd6470288365","readerVersion":"GDAL 3.2.2","processedAt":"2026-08-11T13:43:44.753Z"},"associationRefsVerifiedInGdalOutput":false}},{"type":"Feature","geometry":{"type":"Point","coordinates":[4.2045917,51.3858383]},"properties":{"dolphinKind":"topmark","rawObjectClass":"TOPMAR","sourceProperties":{"RCID":124561705,"PRIM":1,"GRUP":2,"OBJL":144,"RVER":1,"AGEN":7979,"FIDN":124561705,"FIDS":1,"LNAM":"1F2B076CA9290001","COLOUR":["6"],"TOPSHP":7,"SCAMIN":200000,"SORDAT":"20130924","SORIND":"NL,1R,reprt,BASS107-2013","sourceCellId":"1R76W7XI","sourceChecksum":"de2a790137a594cf48ea6efc0e5bb97f791616cff81433305327dd6470288365","rawObjectClass":"TOPMAR","sourceStableId":"1F2B076CA9290001"},"sourceKind":"official","official":true,"sourceCellId":"1R76W7XI","sourceStableId":"1F2B076CA9290001","pipelineFeatureId":"1R76W7XI/TOPMAR/124561705","provenance":{"cellId":"1R76W7XI","checksum":"de2a790137a594cf48ea6efc0e5bb97f791616cff81433305327dd6470288365","readerVersion":"GDAL 3.2.2","processedAt":"2026-08-11T13:43:44.753Z"},"associationRefsVerifiedInGdalOutput":false}},{"type":"Feature","geometry":{"type":"Point","coordinates":[4.20966,51.38153]},"properties":{"dolphinKind":"topmark","rawObjectClass":"TOPMAR","sourceProperties":{"RCID":124561707,"PRIM":1,"GRUP":2,"OBJL":144,"RVER":1,"AGEN":7979,"FIDN":124561707,"FIDS":1,"LNAM":"1F2B076CA92B0001","COLOUR":["6"],"TOPSHP":7,"SCAMIN":200000,"SORDAT":"20130924","SORIND":"NL,1R,reprt,BASS107-2013","sourceCellId":"1R76W7XI","sourceChecksum":"de2a790137a594cf48ea6efc0e5bb97f791616cff81433305327dd6470288365","rawObjectClass":"TOPMAR","sourceStableId":"1F2B076CA92B0001"},"sourceKind":"official","official":true,"sourceCellId":"1R76W7XI","sourceStableId":"1F2B076CA92B0001","pipelineFeatureId":"1R76W7XI/TOPMAR/124561707","provenance":{"cellId":"1R76W7XI","checksum":"de2a790137a594cf48ea6efc0e5bb97f791616cff81433305327dd6470288365","readerVersion":"GDAL 3.2.2","processedAt":"2026-08-11T13:43:44.753Z"},"associationRefsVerifiedInGdalOutput":false}},{"type":"Feature","geometry":{"type":"Point","coordinates":[4.213,51.3762333]},"properties":{"dolphinKind":"topmark","rawObjectClass":"TOPMAR","sourceProperties":{"RCID":380344807,"PRIM":1,"GRUP":2,"OBJL":144,"RVER":1,"AGEN":7979,"FIDN":380344807,"FIDS":1,"LNAM":"1F2B16AB99E70001","COLOUR":["6"],"TOPSHP":7,"SCAMIN":200000,"sourceCellId":"1R76W7XI","sourceChecksum":"de2a790137a594cf48ea6efc0e5bb97f791616cff81433305327dd6470288365","rawObjectClass":"TOPMAR","sourceStableId":"1F2B16AB99E70001"},"sourceKind":"official","official":true,"sourceCellId":"1R76W7XI","sourceStableId":"1F2B16AB99E70001","pipelineFeatureId":"1R76W7XI/TOPMAR/380344807","provenance":{"cellId":"1R76W7XI","checksum":"de2a790137a594cf48ea6efc0e5bb97f791616cff81433305327dd6470288365","readerVersion":"GDAL 3.2.2","processedAt":"2026-08-11T13:43:44.753Z"},"associationRefsVerifiedInGdalOutput":false}},{"type":"Feature","geometry":{"type":"Point","coordinates":[4.21302,51.39679]},"properties":{"dolphinKind":"topmark","rawObjectClass":"TOPMAR","sourceProperties":{"RCID":487785581,"PRIM":1,"GRUP":2,"OBJL":144,"RVER":1,"AGEN":7979,"FIDN":487785581,"FIDS":1,"LNAM":"1F2B1D13046D0001","COLOUR":["6"],"TOPSHP":7,"SCAMIN":200000,"SORDAT":"20221129","SORIND":"NL,1R,reprt,MD 639-22","sourceCellId":"1R76W7XI","sourceChecksum":"de2a790137a594cf48ea6efc0e5bb97f791616cff81433305327dd6470288365","rawObjectClass":"TOPMAR","sourceStableId":"1F2B1D13046D0001"},"sourceKind":"official","official":true,"sourceCellId":"1R76W7XI","sourceStableId":"1F2B1D13046D0001","pipelineFeatureId":"1R76W7XI/TOPMAR/487785581","provenance":{"cellId":"1R76W7XI","checksum":"de2a790137a594cf48ea6efc0e5bb97f791616cff81433305327dd6470288365","readerVersion":"GDAL 3.2.2","processedAt":"2026-08-11T13:43:44.753Z"},"associationRefsVerifiedInGdalOutput":false}},{"type":"Feature","geometry":{"type":"Point","coordinates":[4.2208317,51.3815183]},"properties":{"dolphinKind":"topmark","rawObjectClass":"TOPMAR","sourceProperties":{"RCID":487785584,"PRIM":1,"GRUP":2,"OBJL":144,"RVER":1,"AGEN":7979,"FIDN":487785584,"FIDS":1,"LNAM":"1F2B1D1304700001","COLOUR":["6"],"TOPSHP":7,"SCAMIN":200000,"SORDAT":"20221129","SORIND":"NL,1R,reprt,MD 639-22","sourceCellId":"1R76W7XI","sourceChecksum":"de2a790137a594cf48ea6efc0e5bb97f791616cff81433305327dd6470288365","rawObjectClass":"TOPMAR","sourceStableId":"1F2B1D1304700001"},"sourceKind":"official","official":true,"sourceCellId":"1R76W7XI","sourceStableId":"1F2B1D1304700001","pipelineFeatureId":"1R76W7XI/TOPMAR/487785584","provenance":{"cellId":"1R76W7XI","checksum":"de2a790137a594cf48ea6efc0e5bb97f791616cff81433305327dd6470288365","readerVersion":"GDAL 3.2.2","processedAt":"2026-08-11T13:43:44.753Z"},"associationRefsVerifiedInGdalOutput":false}},{"type":"Feature","geometry":{"type":"Point","coordinates":[4.2097417,51.3868283]},"properties":{"dolphinKind":"topmark","rawObjectClass":"TOPMAR","sourceProperties":{"RCID":1215606987,"PRIM":1,"GRUP":2,"OBJL":144,"RVER":1,"AGEN":7979,"FIDN":1215606987,"FIDS":1,"LNAM":"1F2B4874B0CB0001","COLOUR":["4"],"TOPSHP":1,"SCAMIN":200000,"SORDAT":"20250114","SORIND":"NL,1R,Reprt,MD 026-25","sourceCellId":"1R76W7XI","sourceChecksum":"de2a790137a594cf48ea6efc0e5bb97f791616cff81433305327dd6470288365","rawObjectClass":"TOPMAR","sourceStableId":"1F2B4874B0CB0001"},"sourceKind":"official","official":true,"sourceCellId":"1R76W7XI","sourceStableId":"1F2B4874B0CB0001","pipelineFeatureId":"1R76W7XI/TOPMAR/1215606987","provenance":{"cellId":"1R76W7XI","checksum":"de2a790137a594cf48ea6efc0e5bb97f791616cff81433305327dd6470288365","readerVersion":"GDAL 3.2.2","processedAt":"2026-08-11T13:43:44.753Z"},"associationRefsVerifiedInGdalOutput":false}},{"type":"Feature","geometry":{"type":"Point","coordinates":[4.2015833,51.395865]},"properties":{"dolphinKind":"topmark","rawObjectClass":"TOPMAR","sourceProperties":{"RCID":1215606988,"PRIM":1,"GRUP":2,"OBJL":144,"RVER":1,"AGEN":7979,"FIDN":1215606988,"FIDS":1,"LNAM":"1F2B4874B0CC0001","COLOUR":["4"],"TOPSHP":1,"SCAMIN":200000,"SORDAT":"20250114","SORIND":"NL,1R,Reprt,MD 026-25","sourceCellId":"1R76W7XI","sourceChecksum":"de2a790137a594cf48ea6efc0e5bb97f791616cff81433305327dd6470288365","rawObjectClass":"TOPMAR","sourceStableId":"1F2B4874B0CC0001"},"sourceKind":"official","official":true,"sourceCellId":"1R76W7XI","sourceStableId":"1F2B4874B0CC0001","pipelineFeatureId":"1R76W7XI/TOPMAR/1215606988","provenance":{"cellId":"1R76W7XI","checksum":"de2a790137a594cf48ea6efc0e5bb97f791616cff81433305327dd6470288365","readerVersion":"GDAL 3.2.2","processedAt":"2026-08-11T13:43:44.753Z"},"associationRefsVerifiedInGdalOutput":false}},{"type":"Feature","geometry":{"type":"Point","coordinates":[4.1853217,51.39612]},"properties":{"dolphinKind":"topmark","rawObjectClass":"TOPMAR","sourceProperties":{"RCID":1215606989,"PRIM":1,"GRUP":2,"OBJL":144,"RVER":1,"AGEN":7979,"FIDN":1215606989,"FIDS":1,"LNAM":"1F2B4874B0CD0001","COLOUR":["4"],"TOPSHP":1,"SCAMIN":200000,"SORDAT":"20250114","SORIND":"NL,1R,Reprt,MD 026-25","sourceCellId":"1R76W7XI","sourceChecksum":"de2a790137a594cf48ea6efc0e5bb97f791616cff81433305327dd6470288365","rawObjectClass":"TOPMAR","sourceStableId":"1F2B4874B0CD0001"},"sourceKind":"official","official":true,"sourceCellId":"1R76W7XI","sourceStableId":"1F2B4874B0CD0001","pipelineFeatureId":"1R76W7XI/TOPMAR/1215606989","provenance":{"cellId":"1R76W7XI","checksum":"de2a790137a594cf48ea6efc0e5bb97f791616cff81433305327dd6470288365","readerVersion":"GDAL 3.2.2","processedAt":"2026-08-11T13:43:44.753Z"},"associationRefsVerifiedInGdalOutput":false}},{"type":"Feature","geometry":{"type":"Point","coordinates":[4.21015,51.3958666]},"properties":{"dolphinKind":"topmark","rawObjectClass":"TOPMAR","sourceProperties":{"RCID":1215960322,"PRIM":1,"GRUP":2,"OBJL":144,"RVER":1,"AGEN":7979,"FIDN":1215960322,"FIDS":1,"LNAM":"1F2B487A15020001","COLOUR":["3"],"TOPSHP":5,"SCAMIN":200000,"SORDAT":"20250114","SORIND":"NL,1R,Reprt,MD 026-2025","sourceCellId":"1R76W7XI","sourceChecksum":"de2a790137a594cf48ea6efc0e5bb97f791616cff81433305327dd6470288365","rawObjectClass":"TOPMAR","sourceStableId":"1F2B487A15020001"},"sourceKind":"official","official":true,"sourceCellId":"1R76W7XI","sourceStableId":"1F2B487A15020001","pipelineFeatureId":"1R76W7XI/TOPMAR/1215960322","provenance":{"cellId":"1R76W7XI","checksum":"de2a790137a594cf48ea6efc0e5bb97f791616cff81433305327dd6470288365","readerVersion":"GDAL 3.2.2","processedAt":"2026-08-11T13:43:44.753Z"},"associationRefsVerifiedInGdalOutput":false}},{"type":"Feature","geometry":{"type":"Point","coordinates":[4.14365,51.3762667]},"properties":{"dolphinKind":"topmark","rawObjectClass":"TOPMAR","sourceProperties":{"RCID":1215960323,"PRIM":1,"GRUP":2,"OBJL":144,"RVER":1,"AGEN":7979,"FIDN":1215960323,"FIDS":1,"LNAM":"1F2B487A15030001","COLOUR":["3"],"TOPSHP":5,"SCAMIN":200000,"SORDAT":"20250114","SORIND":"NL,1R,Reprt,MD 026-2025","sourceCellId":"1R76W7XI","sourceChecksum":"de2a790137a594cf48ea6efc0e5bb97f791616cff81433305327dd6470288365","rawObjectClass":"TOPMAR","sourceStableId":"1F2B487A15030001"},"sourceKind":"official","official":true,"sourceCellId":"1R76W7XI","sourceStableId":"1F2B487A15030001","pipelineFeatureId":"1R76W7XI/TOPMAR/1215960323","provenance":{"cellId":"1R76W7XI","checksum":"de2a790137a594cf48ea6efc0e5bb97f791616cff81433305327dd6470288365","readerVersion":"GDAL 3.2.2","processedAt":"2026-08-11T13:43:44.753Z"},"associationRefsVerifiedInGdalOutput":false}}]}