{"type":"FeatureCollection","features":[{"type":"Feature","geometry":{"type":"Point","coordinates":[4.2030306,51.6620278]},"properties":{"dolphinKind":"buoy-lateral","rawObjectClass":"BOYLAT","sourceProperties":{"RCID":10247061,"PRIM":1,"GRUP":2,"OBJL":17,"RVER":1,"AGEN":7979,"FIDN":10247061,"FIDS":1,"LNAM":"1F2B009C5B950001","LNAM_REFS":["1F2B009C5B960001"],"FFPT_RIND":[2],"BOYSHP":3,"CATLAM":3,"COLOUR":["3","4"],"COLPAT":["1"],"CONRAD":3,"OBJNAM":"ZV 2A-OT 1","SCAMIN":200000,"SORDAT":"20040817","sourceCellId":"1R76W8RI","sourceChecksum":"594255262298aa1b16b325273dc86e44bd51ffb998448d4f86f0258df69fafd7","rawObjectClass":"BOYLAT","sourceStableId":"1F2B009C5B950001"},"sourceKind":"official","official":true,"sourceCellId":"1R76W8RI","sourceStableId":"1F2B009C5B950001","pipelineFeatureId":"1R76W8RI/BOYLAT/10247061","provenance":{"cellId":"1R76W8RI","checksum":"594255262298aa1b16b325273dc86e44bd51ffb998448d4f86f0258df69fafd7","readerVersion":"GDAL 3.2.2","processedAt":"2026-08-11T18:29:20.995Z"}}},{"type":"Feature","geometry":{"type":"Point","coordinates":[4.1397983,51.6640167]},"properties":{"dolphinKind":"buoy-lateral","rawObjectClass":"BOYLAT","sourceProperties":{"RCID":12566736,"PRIM":1,"GRUP":2,"OBJL":17,"RVER":1,"AGEN":7979,"FIDN":12566736,"FIDS":1,"LNAM":"1F2B00BFC0D00001","BOYSHP":5,"CATLAM":1,"COLOUR":["4"],"CONRAD":3,"OBJNAM":"K 3","SCAMIN":200000,"SORDAT":"20210913","SORIND":"NL,1R,reprt,BASS 2021-116","sourceCellId":"1R76W8RI","sourceChecksum":"594255262298aa1b16b325273dc86e44bd51ffb998448d4f86f0258df69fafd7","rawObjectClass":"BOYLAT","sourceStableId":"1F2B00BFC0D00001"},"sourceKind":"official","official":true,"sourceCellId":"1R76W8RI","sourceStableId":"1F2B00BFC0D00001","pipelineFeatureId":"1R76W8RI/BOYLAT/12566736","provenance":{"cellId":"1R76W8RI","checksum":"594255262298aa1b16b325273dc86e44bd51ffb998448d4f86f0258df69fafd7","readerVersion":"GDAL 3.2.2","processedAt":"2026-08-11T18:29:20.995Z"}}},{"type":"Feature","geometry":{"type":"Point","coordinates":[4.2542221,51.6356028]},"properties":{"dolphinKind":"buoy-lateral","rawObjectClass":"BOYLAT","sourceProperties":{"RCID":279213233,"PRIM":1,"GRUP":2,"OBJL":17,"RVER":1,"AGEN":7979,"FIDN":279213233,"FIDS":1,"LNAM":"1F2B10A474B10001","LNAM_REFS":["1F2B0083BA100001"],"FFPT_RIND":[2],"BOYSHP":3,"CATLAM":3,"COLOUR":["4","3"],"COLPAT":["1"],"CONRAD":3,"OBJNAM":"ZV 11A-SV2","SCAMIN":200000,"sourceCellId":"1R76W8RI","sourceChecksum":"594255262298aa1b16b325273dc86e44bd51ffb998448d4f86f0258df69fafd7","rawObjectClass":"BOYLAT","sourceStableId":"1F2B10A474B10001"},"sourceKind":"official","official":true,"sourceCellId":"1R76W8RI","sourceStableId":"1F2B10A474B10001","pipelineFeatureId":"1R76W8RI/BOYLAT/279213233","provenance":{"cellId":"1R76W8RI","checksum":"594255262298aa1b16b325273dc86e44bd51ffb998448d4f86f0258df69fafd7","readerVersion":"GDAL 3.2.2","processedAt":"2026-08-11T18:29:20.995Z"}}},{"type":"Feature","geometry":{"type":"Point","coordinates":[4.2584817,51.63656]},"properties":{"dolphinKind":"buoy-special","rawObjectClass":"BOYSPP","sourceProperties":{"RCID":23815682,"PRIM":1,"GRUP":2,"OBJL":19,"RVER":1,"AGEN":7979,"FIDN":23815682,"FIDS":1,"LNAM":"1F2B016B66020001","LNAM_REFS":["1F2B016B66030001"],"FFPT_RIND":[2],"BOYSHP":5,"CATSPM":["50"],"COLOUR":["6"],"CONRAD":3,"OBJNAM":"DG-OW 1","SCAMIN":200000,"SORDAT":"20260402","SORIND":"NL,1R,reprt,MD181-2026","sourceCellId":"1R76W8RI","sourceChecksum":"594255262298aa1b16b325273dc86e44bd51ffb998448d4f86f0258df69fafd7","rawObjectClass":"BOYSPP","sourceStableId":"1F2B016B66020001"},"sourceKind":"official","official":true,"sourceCellId":"1R76W8RI","sourceStableId":"1F2B016B66020001","pipelineFeatureId":"1R76W8RI/BOYSPP/23815682","provenance":{"cellId":"1R76W8RI","checksum":"594255262298aa1b16b325273dc86e44bd51ffb998448d4f86f0258df69fafd7","readerVersion":"GDAL 3.2.2","processedAt":"2026-08-11T18:29:20.995Z"}}},{"type":"Feature","geometry":{"type":"Point","coordinates":[4.2653233,51.6384817]},"properties":{"dolphinKind":"buoy-special","rawObjectClass":"BOYSPP","sourceProperties":{"RCID":23815687,"PRIM":1,"GRUP":2,"OBJL":19,"RVER":1,"AGEN":7979,"FIDN":23815687,"FIDS":1,"LNAM":"1F2B016B66070001","LNAM_REFS":["1F2B016B66060001"],"FFPT_RIND":[2],"BOYSHP":5,"CATSPM":["50"],"COLOUR":["6"],"CONRAD":3,"OBJNAM":"DG-OW 3","SCAMIN":200000,"SORDAT":"20260402","SORIND":"NL,1R,reprt,MD181-2026","sourceCellId":"1R76W8RI","sourceChecksum":"594255262298aa1b16b325273dc86e44bd51ffb998448d4f86f0258df69fafd7","rawObjectClass":"BOYSPP","sourceStableId":"1F2B016B66070001"},"sourceKind":"official","official":true,"sourceCellId":"1R76W8RI","sourceStableId":"1F2B016B66070001","pipelineFeatureId":"1R76W8RI/BOYSPP/23815687","provenance":{"cellId":"1R76W8RI","checksum":"594255262298aa1b16b325273dc86e44bd51ffb998448d4f86f0258df69fafd7","readerVersion":"GDAL 3.2.2","processedAt":"2026-08-11T18:29:20.995Z"}}},{"type":"Feature","geometry":{"type":"Point","coordinates":[4.2727883,51.6404133]},"properties":{"dolphinKind":"buoy-special","rawObjectClass":"BOYSPP","sourceProperties":{"RCID":23815689,"PRIM":1,"GRUP":2,"OBJL":19,"RVER":1,"AGEN":7979,"FIDN":23815689,"FIDS":1,"LNAM":"1F2B016B66090001","LNAM_REFS":["1F2B016B66080001"],"FFPT_RIND":[2],"BOYSHP":5,"CATSPM":["50"],"COLOUR":["6"],"CONRAD":3,"OBJNAM":"DG-OW 5","SCAMIN":200000,"SORDAT":"20260402","SORIND":"NL,1R,reprt,MD181-2026","sourceCellId":"1R76W8RI","sourceChecksum":"594255262298aa1b16b325273dc86e44bd51ffb998448d4f86f0258df69fafd7","rawObjectClass":"BOYSPP","sourceStableId":"1F2B016B66090001"},"sourceKind":"official","official":true,"sourceCellId":"1R76W8RI","sourceStableId":"1F2B016B66090001","pipelineFeatureId":"1R76W8RI/BOYSPP/23815689","provenance":{"cellId":"1R76W8RI","checksum":"594255262298aa1b16b325273dc86e44bd51ffb998448d4f86f0258df69fafd7","readerVersion":"GDAL 3.2.2","processedAt":"2026-08-11T18:29:20.995Z"}}},{"type":"Feature","geometry":{"type":"Point","coordinates":[4.2792367,51.64256]},"properties":{"dolphinKind":"buoy-special","rawObjectClass":"BOYSPP","sourceProperties":{"RCID":23815695,"PRIM":1,"GRUP":2,"OBJL":19,"RVER":1,"AGEN":7979,"FIDN":23815695,"FIDS":1,"LNAM":"1F2B016B660F0001","LNAM_REFS":["1F2B016B660E0001"],"FFPT_RIND":[2],"BOYSHP":5,"CATSPM":["50"],"COLOUR":["6"],"CONRAD":3,"OBJNAM":"DG-OW 7","SCAMIN":200000,"SORDAT":"20260402","SORIND":"NL,1R,reprt,MD181-2026","sourceCellId":"1R76W8RI","sourceChecksum":"594255262298aa1b16b325273dc86e44bd51ffb998448d4f86f0258df69fafd7","rawObjectClass":"BOYSPP","sourceStableId":"1F2B016B660F0001"},"sourceKind":"official","official":true,"sourceCellId":"1R76W8RI","sourceStableId":"1F2B016B660F0001","pipelineFeatureId":"1R76W8RI/BOYSPP/23815695","provenance":{"cellId":"1R76W8RI","checksum":"594255262298aa1b16b325273dc86e44bd51ffb998448d4f86f0258df69fafd7","readerVersion":"GDAL 3.2.2","processedAt":"2026-08-11T18:29:20.995Z"}}},{"type":"Feature","geometry":{"type":"Point","coordinates":[4.2862083,51.64414]},"properties":{"dolphinKind":"buoy-special","rawObjectClass":"BOYSPP","sourceProperties":{"RCID":23815797,"PRIM":1,"GRUP":2,"OBJL":19,"RVER":1,"AGEN":7979,"FIDN":23815797,"FIDS":1,"LNAM":"1F2B016B66750001","LNAM_REFS":["1F2B016B66740001"],"FFPT_RIND":[2],"BOYSHP":5,"CATSPM":["50"],"COLOUR":["6"],"CONRAD":3,"OBJNAM":"DG-OW 9","SCAMIN":200000,"SORDAT":"20260402","SORIND":"NL,1R,reprt,MD181-2026","sourceCellId":"1R76W8RI","sourceChecksum":"594255262298aa1b16b325273dc86e44bd51ffb998448d4f86f0258df69fafd7","rawObjectClass":"BOYSPP","sourceStableId":"1F2B016B66750001"},"sourceKind":"official","official":true,"sourceCellId":"1R76W8RI","sourceStableId":"1F2B016B66750001","pipelineFeatureId":"1R76W8RI/BOYSPP/23815797","provenance":{"cellId":"1R76W8RI","checksum":"594255262298aa1b16b325273dc86e44bd51ffb998448d4f86f0258df69fafd7","readerVersion":"GDAL 3.2.2","processedAt":"2026-08-11T18:29:20.995Z"}}},{"type":"Feature","geometry":{"type":"Point","coordinates":[4.2931917,51.64571]},"properties":{"dolphinKind":"buoy-special","rawObjectClass":"BOYSPP","sourceProperties":{"RCID":23815801,"PRIM":1,"GRUP":2,"OBJL":19,"RVER":1,"AGEN":7979,"FIDN":23815801,"FIDS":1,"LNAM":"1F2B016B66790001","LNAM_REFS":["1F2B016B66780001"],"FFPT_RIND":[2],"BOYSHP":5,"CATSPM":["50"],"COLOUR":["6"],"CONRAD":3,"OBJNAM":"DG-OW 11","SCAMIN":200000,"SORDAT":"20260402","SORIND":"NL,1R,reprt,MD181-2026","sourceCellId":"1R76W8RI","sourceChecksum":"594255262298aa1b16b325273dc86e44bd51ffb998448d4f86f0258df69fafd7","rawObjectClass":"BOYSPP","sourceStableId":"1F2B016B66790001"},"sourceKind":"official","official":true,"sourceCellId":"1R76W8RI","sourceStableId":"1F2B016B66790001","pipelineFeatureId":"1R76W8RI/BOYSPP/23815801","provenance":{"cellId":"1R76W8RI","checksum":"594255262298aa1b16b325273dc86e44bd51ffb998448d4f86f0258df69fafd7","readerVersion":"GDAL 3.2.2","processedAt":"2026-08-11T18:29:20.995Z"}}},{"type":"Feature","geometry":{"type":"Point","coordinates":[4.2993317,51.6471433]},"properties":{"dolphinKind":"buoy-special","rawObjectClass":"BOYSPP","sourceProperties":{"RCID":23815803,"PRIM":1,"GRUP":2,"OBJL":19,"RVER":1,"AGEN":7979,"FIDN":23815803,"FIDS":1,"LNAM":"1F2B016B667B0001","LNAM_REFS":["1F2B016B667A0001"],"FFPT_RIND":[2],"BOYSHP":5,"CATSPM":["50"],"COLOUR":["6"],"CONRAD":3,"OBJNAM":"DG-OW 13","SCAMIN":200000,"SORDAT":"20260402","SORIND":"NL,1R,reprt,MD181-2026","sourceCellId":"1R76W8RI","sourceChecksum":"594255262298aa1b16b325273dc86e44bd51ffb998448d4f86f0258df69fafd7","rawObjectClass":"BOYSPP","sourceStableId":"1F2B016B667B0001"},"sourceKind":"official","official":true,"sourceCellId":"1R76W8RI","sourceStableId":"1F2B016B667B0001","pipelineFeatureId":"1R76W8RI/BOYSPP/23815803","provenance":{"cellId":"1R76W8RI","checksum":"594255262298aa1b16b325273dc86e44bd51ffb998448d4f86f0258df69fafd7","readerVersion":"GDAL 3.2.2","processedAt":"2026-08-11T18:29:20.995Z"}}},{"type":"Feature","geometry":{"type":"Point","coordinates":[4.305095,51.6484517]},"properties":{"dolphinKind":"buoy-special","rawObjectClass":"BOYSPP","sourceProperties":{"RCID":23820557,"PRIM":1,"GRUP":2,"OBJL":19,"RVER":1,"AGEN":7979,"FIDN":23820557,"FIDS":1,"LNAM":"1F2B016B790D0001","LNAM_REFS":["1F2B016B790C0001"],"FFPT_RIND":[2],"BOYSHP":5,"CATSPM":["50"],"COLOUR":["6"],"CONRAD":3,"OBJNAM":"DG-OW 15","SCAMIN":200000,"SORDAT":"20260402","SORIND":"NL,1R,reprt,MD181-2026","sourceCellId":"1R76W8RI","sourceChecksum":"594255262298aa1b16b325273dc86e44bd51ffb998448d4f86f0258df69fafd7","rawObjectClass":"BOYSPP","sourceStableId":"1F2B016B790D0001"},"sourceKind":"official","official":true,"sourceCellId":"1R76W8RI","sourceStableId":"1F2B016B790D0001","pipelineFeatureId":"1R76W8RI/BOYSPP/23820557","provenance":{"cellId":"1R76W8RI","checksum":"594255262298aa1b16b325273dc86e44bd51ffb998448d4f86f0258df69fafd7","readerVersion":"GDAL 3.2.2","processedAt":"2026-08-11T18:29:20.995Z"}}},{"type":"Feature","geometry":{"type":"Point","coordinates":[4.31039,51.6495233]},"properties":{"dolphinKind":"buoy-special","rawObjectClass":"BOYSPP","sourceProperties":{"RCID":23824309,"PRIM":1,"GRUP":2,"OBJL":19,"RVER":1,"AGEN":7979,"FIDN":23824309,"FIDS":1,"LNAM":"1F2B016B87B50001","LNAM_REFS":["1F2B016B87B40001"],"FFPT_RIND":[2],"BOYSHP":5,"CATSPM":["50"],"COLOUR":["6"],"CONRAD":3,"OBJNAM":"DG-OW 17","SCAMIN":200000,"SORDAT":"20260402","SORIND":"NL,1R,reprt,MD181-2026","sourceCellId":"1R76W8RI","sourceChecksum":"594255262298aa1b16b325273dc86e44bd51ffb998448d4f86f0258df69fafd7","rawObjectClass":"BOYSPP","sourceStableId":"1F2B016B87B50001"},"sourceKind":"official","official":true,"sourceCellId":"1R76W8RI","sourceStableId":"1F2B016B87B50001","pipelineFeatureId":"1R76W8RI/BOYSPP/23824309","provenance":{"cellId":"1R76W8RI","checksum":"594255262298aa1b16b325273dc86e44bd51ffb998448d4f86f0258df69fafd7","readerVersion":"GDAL 3.2.2","processedAt":"2026-08-11T18:29:20.995Z"}}},{"type":"Feature","geometry":{"type":"Point","coordinates":[4.3167367,51.6500367]},"properties":{"dolphinKind":"buoy-special","rawObjectClass":"BOYSPP","sourceProperties":{"RCID":23824363,"PRIM":1,"GRUP":2,"OBJL":19,"RVER":1,"AGEN":7979,"FIDN":23824363,"FIDS":1,"LNAM":"1F2B016B87EB0001","LNAM_REFS":["1F2B016B87EA0001"],"FFPT_RIND":[2],"BOYSHP":5,"CATSPM":["50"],"COLOUR":["6"],"CONRAD":3,"OBJNAM":"DG-OW 19","SCAMIN":200000,"SORDAT":"20260402","SORIND":"NL,1R,reprt,MD181-2026","sourceCellId":"1R76W8RI","sourceChecksum":"594255262298aa1b16b325273dc86e44bd51ffb998448d4f86f0258df69fafd7","rawObjectClass":"BOYSPP","sourceStableId":"1F2B016B87EB0001"},"sourceKind":"official","official":true,"sourceCellId":"1R76W8RI","sourceStableId":"1F2B016B87EB0001","pipelineFeatureId":"1R76W8RI/BOYSPP/23824363","provenance":{"cellId":"1R76W8RI","checksum":"594255262298aa1b16b325273dc86e44bd51ffb998448d4f86f0258df69fafd7","readerVersion":"GDAL 3.2.2","processedAt":"2026-08-11T18:29:20.995Z"}}},{"type":"Feature","geometry":{"type":"Point","coordinates":[4.3227717,51.6494833]},"properties":{"dolphinKind":"buoy-special","rawObjectClass":"BOYSPP","sourceProperties":{"RCID":23824365,"PRIM":1,"GRUP":2,"OBJL":19,"RVER":1,"AGEN":7979,"FIDN":23824365,"FIDS":1,"LNAM":"1F2B016B87ED0001","LNAM_REFS":["1F2B016B87EC0001"],"FFPT_RIND":[2],"BOYSHP":5,"CATSPM":["50"],"COLOUR":["6"],"CONRAD":3,"OBJNAM":"DG-OW 21","SCAMIN":200000,"SORDAT":"20260402","SORIND":"NL,1R,reprt,MD181-2026","sourceCellId":"1R76W8RI","sourceChecksum":"594255262298aa1b16b325273dc86e44bd51ffb998448d4f86f0258df69fafd7","rawObjectClass":"BOYSPP","sourceStableId":"1F2B016B87ED0001"},"sourceKind":"official","official":true,"sourceCellId":"1R76W8RI","sourceStableId":"1F2B016B87ED0001","pipelineFeatureId":"1R76W8RI/BOYSPP/23824365","provenance":{"cellId":"1R76W8RI","checksum":"594255262298aa1b16b325273dc86e44bd51ffb998448d4f86f0258df69fafd7","readerVersion":"GDAL 3.2.2","processedAt":"2026-08-11T18:29:20.995Z"}}},{"type":"Feature","geometry":{"type":"Point","coordinates":[4.3284367,51.6479683]},"properties":{"dolphinKind":"buoy-special","rawObjectClass":"BOYSPP","sourceProperties":{"RCID":23826767,"PRIM":1,"GRUP":2,"OBJL":19,"RVER":1,"AGEN":7979,"FIDN":23826767,"FIDS":1,"LNAM":"1F2B016B914F0001","LNAM_REFS":["1F2B016B914E0001"],"FFPT_RIND":[2],"BOYSHP":5,"CATSPM":["50"],"COLOUR":["6"],"CONRAD":3,"OBJNAM":"DG-OW 23","SCAMIN":200000,"SORDAT":"20260402","SORIND":"NL,1R,reprt,MD181-2026","sourceCellId":"1R76W8RI","sourceChecksum":"594255262298aa1b16b325273dc86e44bd51ffb998448d4f86f0258df69fafd7","rawObjectClass":"BOYSPP","sourceStableId":"1F2B016B914F0001"},"sourceKind":"official","official":true,"sourceCellId":"1R76W8RI","sourceStableId":"1F2B016B914F0001","pipelineFeatureId":"1R76W8RI/BOYSPP/23826767","provenance":{"cellId":"1R76W8RI","checksum":"594255262298aa1b16b325273dc86e44bd51ffb998448d4f86f0258df69fafd7","readerVersion":"GDAL 3.2.2","processedAt":"2026-08-11T18:29:20.995Z"}}},{"type":"Feature","geometry":{"type":"Point","coordinates":[4.25724,51.6508367]},"properties":{"dolphinKind":"buoy-special","rawObjectClass":"BOYSPP","sourceProperties":{"RCID":23880031,"PRIM":1,"GRUP":2,"OBJL":19,"RVER":1,"AGEN":7979,"FIDN":23880031,"FIDS":1,"LNAM":"1F2B016C615F0001","LNAM_REFS":["1F2B016C615E0001"],"FFPT_RIND":[2],"BOYSHP":5,"CATSPM":["50"],"COLOUR":["6"],"CONRAD":3,"OBJNAM":"KS-OW 18","SCAMIN":200000,"SORDAT":"20260402","SORIND":"NL,1R,reprt,MD180-2026","sourceCellId":"1R76W8RI","sourceChecksum":"594255262298aa1b16b325273dc86e44bd51ffb998448d4f86f0258df69fafd7","rawObjectClass":"BOYSPP","sourceStableId":"1F2B016C615F0001"},"sourceKind":"official","official":true,"sourceCellId":"1R76W8RI","sourceStableId":"1F2B016C615F0001","pipelineFeatureId":"1R76W8RI/BOYSPP/23880031","provenance":{"cellId":"1R76W8RI","checksum":"594255262298aa1b16b325273dc86e44bd51ffb998448d4f86f0258df69fafd7","readerVersion":"GDAL 3.2.2","processedAt":"2026-08-11T18:29:20.995Z"}}},{"type":"Feature","geometry":{"type":"Point","coordinates":[4.2645867,51.6505967]},"properties":{"dolphinKind":"buoy-special","rawObjectClass":"BOYSPP","sourceProperties":{"RCID":23880033,"PRIM":1,"GRUP":2,"OBJL":19,"RVER":1,"AGEN":7979,"FIDN":23880033,"FIDS":1,"LNAM":"1F2B016C61610001","LNAM_REFS":["1F2B016C61600001"],"FFPT_RIND":[2],"BOYSHP":5,"CATSPM":["50"],"COLOUR":["6"],"CONRAD":3,"OBJNAM":"KS-OW 20","SCAMIN":200000,"SORDAT":"20260402","SORIND":"NL,1R,reprt,MD180-2026","sourceCellId":"1R76W8RI","sourceChecksum":"594255262298aa1b16b325273dc86e44bd51ffb998448d4f86f0258df69fafd7","rawObjectClass":"BOYSPP","sourceStableId":"1F2B016C61610001"},"sourceKind":"official","official":true,"sourceCellId":"1R76W8RI","sourceStableId":"1F2B016C61610001","pipelineFeatureId":"1R76W8RI/BOYSPP/23880033","provenance":{"cellId":"1R76W8RI","checksum":"594255262298aa1b16b325273dc86e44bd51ffb998448d4f86f0258df69fafd7","readerVersion":"GDAL 3.2.2","processedAt":"2026-08-11T18:29:20.995Z"}}},{"type":"Feature","geometry":{"type":"Point","coordinates":[4.2765817,51.651325]},"properties":{"dolphinKind":"buoy-special","rawObjectClass":"BOYSPP","sourceProperties":{"RCID":23880039,"PRIM":1,"GRUP":2,"OBJL":19,"RVER":1,"AGEN":7979,"FIDN":23880039,"FIDS":1,"LNAM":"1F2B016C61670001","LNAM_REFS":["1F2B016C61660001"],"FFPT_RIND":[2],"BOYSHP":5,"CATSPM":["50"],"COLOUR":["6"],"CONRAD":3,"OBJNAM":"KS-OW 24","SCAMIN":200000,"SORDAT":"20260402","SORIND":"NL,1R,reprt,MD180-2026","sourceCellId":"1R76W8RI","sourceChecksum":"594255262298aa1b16b325273dc86e44bd51ffb998448d4f86f0258df69fafd7","rawObjectClass":"BOYSPP","sourceStableId":"1F2B016C61670001"},"sourceKind":"official","official":true,"sourceCellId":"1R76W8RI","sourceStableId":"1F2B016C61670001","pipelineFeatureId":"1R76W8RI/BOYSPP/23880039","provenance":{"cellId":"1R76W8RI","checksum":"594255262298aa1b16b325273dc86e44bd51ffb998448d4f86f0258df69fafd7","readerVersion":"GDAL 3.2.2","processedAt":"2026-08-11T18:29:20.995Z"}}},{"type":"Feature","geometry":{"type":"Point","coordinates":[4.2827417,51.65317]},"properties":{"dolphinKind":"buoy-special","rawObjectClass":"BOYSPP","sourceProperties":{"RCID":23880041,"PRIM":1,"GRUP":2,"OBJL":19,"RVER":1,"AGEN":7979,"FIDN":23880041,"FIDS":1,"LNAM":"1F2B016C61690001","LNAM_REFS":["1F2B016C61680001"],"FFPT_RIND":[2],"BOYSHP":5,"CATSPM":["50"],"COLOUR":["6"],"CONRAD":3,"OBJNAM":"KS-OW 26","SCAMIN":200000,"SORDAT":"20260402","SORIND":"NL,1R,reprt,MD180-2026","sourceCellId":"1R76W8RI","sourceChecksum":"594255262298aa1b16b325273dc86e44bd51ffb998448d4f86f0258df69fafd7","rawObjectClass":"BOYSPP","sourceStableId":"1F2B016C61690001"},"sourceKind":"official","official":true,"sourceCellId":"1R76W8RI","sourceStableId":"1F2B016C61690001","pipelineFeatureId":"1R76W8RI/BOYSPP/23880041","provenance":{"cellId":"1R76W8RI","checksum":"594255262298aa1b16b325273dc86e44bd51ffb998448d4f86f0258df69fafd7","readerVersion":"GDAL 3.2.2","processedAt":"2026-08-11T18:29:20.995Z"}}},{"type":"Feature","geometry":{"type":"Point","coordinates":[4.2893583,51.655215]},"properties":{"dolphinKind":"buoy-special","rawObjectClass":"BOYSPP","sourceProperties":{"RCID":23880045,"PRIM":1,"GRUP":2,"OBJL":19,"RVER":1,"AGEN":7979,"FIDN":23880045,"FIDS":1,"LNAM":"1F2B016C616D0001","LNAM_REFS":["1F2B016C616C0001"],"FFPT_RIND":[2],"BOYSHP":5,"CATSPM":["50"],"COLOUR":["6"],"CONRAD":3,"OBJNAM":"KS-OW 28","SCAMIN":200000,"SORDAT":"20260402","SORIND":"NL,1R,reprt,MD180-2026","sourceCellId":"1R76W8RI","sourceChecksum":"594255262298aa1b16b325273dc86e44bd51ffb998448d4f86f0258df69fafd7","rawObjectClass":"BOYSPP","sourceStableId":"1F2B016C616D0001"},"sourceKind":"official","official":true,"sourceCellId":"1R76W8RI","sourceStableId":"1F2B016C616D0001","pipelineFeatureId":"1R76W8RI/BOYSPP/23880045","provenance":{"cellId":"1R76W8RI","checksum":"594255262298aa1b16b325273dc86e44bd51ffb998448d4f86f0258df69fafd7","readerVersion":"GDAL 3.2.2","processedAt":"2026-08-11T18:29:20.995Z"}}},{"type":"Feature","geometry":{"type":"Point","coordinates":[4.2963667,51.6569883]},"properties":{"dolphinKind":"buoy-special","rawObjectClass":"BOYSPP","sourceProperties":{"RCID":23880047,"PRIM":1,"GRUP":2,"OBJL":19,"RVER":1,"AGEN":7979,"FIDN":23880047,"FIDS":1,"LNAM":"1F2B016C616F0001","LNAM_REFS":["1F2B016C616E0001"],"FFPT_RIND":[2],"BOYSHP":5,"CATSPM":["50"],"COLOUR":["6"],"CONRAD":3,"OBJNAM":"KS-OW 30","SCAMIN":200000,"SORDAT":"20260402","SORIND":"NL,1R,reprt,MD180-2026","sourceCellId":"1R76W8RI","sourceChecksum":"594255262298aa1b16b325273dc86e44bd51ffb998448d4f86f0258df69fafd7","rawObjectClass":"BOYSPP","sourceStableId":"1F2B016C616F0001"},"sourceKind":"official","official":true,"sourceCellId":"1R76W8RI","sourceStableId":"1F2B016C616F0001","pipelineFeatureId":"1R76W8RI/BOYSPP/23880047","provenance":{"cellId":"1R76W8RI","checksum":"594255262298aa1b16b325273dc86e44bd51ffb998448d4f86f0258df69fafd7","readerVersion":"GDAL 3.2.2","processedAt":"2026-08-11T18:29:20.995Z"}}},{"type":"Feature","geometry":{"type":"Point","coordinates":[4.303105,51.6580017]},"properties":{"dolphinKind":"buoy-special","rawObjectClass":"BOYSPP","sourceProperties":{"RCID":23880051,"PRIM":1,"GRUP":2,"OBJL":19,"RVER":1,"AGEN":7979,"FIDN":23880051,"FIDS":1,"LNAM":"1F2B016C61730001","LNAM_REFS":["1F2B016C61720001"],"FFPT_RIND":[2],"BOYSHP":5,"CATSPM":["50"],"COLOUR":["6"],"CONRAD":3,"OBJNAM":"KS-OW 32","SCAMIN":200000,"SORDAT":"20260402","SORIND":"NL,1R,reprt,MD180-2026","sourceCellId":"1R76W8RI","sourceChecksum":"594255262298aa1b16b325273dc86e44bd51ffb998448d4f86f0258df69fafd7","rawObjectClass":"BOYSPP","sourceStableId":"1F2B016C61730001"},"sourceKind":"official","official":true,"sourceCellId":"1R76W8RI","sourceStableId":"1F2B016C61730001","pipelineFeatureId":"1R76W8RI/BOYSPP/23880051","provenance":{"cellId":"1R76W8RI","checksum":"594255262298aa1b16b325273dc86e44bd51ffb998448d4f86f0258df69fafd7","readerVersion":"GDAL 3.2.2","processedAt":"2026-08-11T18:29:20.995Z"}}},{"type":"Feature","geometry":{"type":"Point","coordinates":[4.3104817,51.6589483]},"properties":{"dolphinKind":"buoy-special","rawObjectClass":"BOYSPP","sourceProperties":{"RCID":23880053,"PRIM":1,"GRUP":2,"OBJL":19,"RVER":1,"AGEN":7979,"FIDN":23880053,"FIDS":1,"LNAM":"1F2B016C61750001","LNAM_REFS":["1F2B016C61740001"],"FFPT_RIND":[2],"BOYSHP":5,"CATSPM":["50"],"COLOUR":["6"],"CONRAD":3,"OBJNAM":"KS-OW 34","SCAMIN":200000,"SORDAT":"20260402","SORIND":"NL,1R,reprt,MD180-2026","sourceCellId":"1R76W8RI","sourceChecksum":"594255262298aa1b16b325273dc86e44bd51ffb998448d4f86f0258df69fafd7","rawObjectClass":"BOYSPP","sourceStableId":"1F2B016C61750001"},"sourceKind":"official","official":true,"sourceCellId":"1R76W8RI","sourceStableId":"1F2B016C61750001","pipelineFeatureId":"1R76W8RI/BOYSPP/23880053","provenance":{"cellId":"1R76W8RI","checksum":"594255262298aa1b16b325273dc86e44bd51ffb998448d4f86f0258df69fafd7","readerVersion":"GDAL 3.2.2","processedAt":"2026-08-11T18:29:20.995Z"}}},{"type":"Feature","geometry":{"type":"Point","coordinates":[4.320505,51.650555]},"properties":{"dolphinKind":"buoy-special","rawObjectClass":"BOYSPP","sourceProperties":{"RCID":24156804,"PRIM":1,"GRUP":2,"OBJL":19,"RVER":1,"AGEN":7979,"FIDN":24156804,"FIDS":1,"LNAM":"1F2B01709A840001","BOYSHP":5,"CATSPM":["27"],"COLOUR":["6"],"CONRAD":3,"OBJNAM":"SM-18","PEREND":"--1001","PERSTA":"--0301","SCAMIN":200000,"SORDAT":"20260227","SORIND":"NL,1R,Reprt,MD 061-2026","sourceCellId":"1R76W8RI","sourceChecksum":"594255262298aa1b16b325273dc86e44bd51ffb998448d4f86f0258df69fafd7","rawObjectClass":"BOYSPP","sourceStableId":"1F2B01709A840001"},"sourceKind":"official","official":true,"sourceCellId":"1R76W8RI","sourceStableId":"1F2B01709A840001","pipelineFeatureId":"1R76W8RI/BOYSPP/24156804","provenance":{"cellId":"1R76W8RI","checksum":"594255262298aa1b16b325273dc86e44bd51ffb998448d4f86f0258df69fafd7","readerVersion":"GDAL 3.2.2","processedAt":"2026-08-11T18:29:20.995Z"}}},{"type":"Feature","geometry":{"type":"Point","coordinates":[4.3331167,51.6505833]},"properties":{"dolphinKind":"buoy-special","rawObjectClass":"BOYSPP","sourceProperties":{"RCID":24156805,"PRIM":1,"GRUP":2,"OBJL":19,"RVER":1,"AGEN":7979,"FIDN":24156805,"FIDS":1,"LNAM":"1F2B01709A850001","BOYSHP":5,"CATSPM":["27"],"COLOUR":["6"],"CONRAD":3,"OBJNAM":"SM-17","PEREND":"--1001","PERSTA":"--0301","SCAMIN":200000,"SORDAT":"20260227","SORIND":"NL,1R,Reprt,MD 061-2026","sourceCellId":"1R76W8RI","sourceChecksum":"594255262298aa1b16b325273dc86e44bd51ffb998448d4f86f0258df69fafd7","rawObjectClass":"BOYSPP","sourceStableId":"1F2B01709A850001"},"sourceKind":"official","official":true,"sourceCellId":"1R76W8RI","sourceStableId":"1F2B01709A850001","pipelineFeatureId":"1R76W8RI/BOYSPP/24156805","provenance":{"cellId":"1R76W8RI","checksum":"594255262298aa1b16b325273dc86e44bd51ffb998448d4f86f0258df69fafd7","readerVersion":"GDAL 3.2.2","processedAt":"2026-08-11T18:29:20.995Z"}}},{"type":"Feature","geometry":{"type":"Point","coordinates":[4.317005,51.6525283]},"properties":{"dolphinKind":"buoy-special","rawObjectClass":"BOYSPP","sourceProperties":{"RCID":24156807,"PRIM":1,"GRUP":2,"OBJL":19,"RVER":1,"AGEN":7979,"FIDN":24156807,"FIDS":1,"LNAM":"1F2B01709A870001","BOYSHP":5,"CATSPM":["27"],"COLOUR":["6"],"CONRAD":3,"OBJNAM":"SM-11","PEREND":"--1001","PERSTA":"--0301","SCAMIN":200000,"SORDAT":"20260227","SORIND":"NL,1R,Reprt,MD 061-2026","sourceCellId":"1R76W8RI","sourceChecksum":"594255262298aa1b16b325273dc86e44bd51ffb998448d4f86f0258df69fafd7","rawObjectClass":"BOYSPP","sourceStableId":"1F2B01709A870001"},"sourceKind":"official","official":true,"sourceCellId":"1R76W8RI","sourceStableId":"1F2B01709A870001","pipelineFeatureId":"1R76W8RI/BOYSPP/24156807","provenance":{"cellId":"1R76W8RI","checksum":"594255262298aa1b16b325273dc86e44bd51ffb998448d4f86f0258df69fafd7","readerVersion":"GDAL 3.2.2","processedAt":"2026-08-11T18:29:20.995Z"}}},{"type":"Feature","geometry":{"type":"Point","coordinates":[4.3253383,51.6550283]},"properties":{"dolphinKind":"buoy-special","rawObjectClass":"BOYSPP","sourceProperties":{"RCID":24156809,"PRIM":1,"GRUP":2,"OBJL":19,"RVER":1,"AGEN":7979,"FIDN":24156809,"FIDS":1,"LNAM":"1F2B01709A890001","BOYSHP":5,"CATSPM":["27"],"COLOUR":["6"],"CONRAD":3,"OBJNAM":"SM-12","PEREND":"--1001","PERSTA":"--0301","SCAMIN":200000,"SORDAT":"20260227","SORIND":"NL,1R,Reprt,MD 061-2026","sourceCellId":"1R76W8RI","sourceChecksum":"594255262298aa1b16b325273dc86e44bd51ffb998448d4f86f0258df69fafd7","rawObjectClass":"BOYSPP","sourceStableId":"1F2B01709A890001"},"sourceKind":"official","official":true,"sourceCellId":"1R76W8RI","sourceStableId":"1F2B01709A890001","pipelineFeatureId":"1R76W8RI/BOYSPP/24156809","provenance":{"cellId":"1R76W8RI","checksum":"594255262298aa1b16b325273dc86e44bd51ffb998448d4f86f0258df69fafd7","readerVersion":"GDAL 3.2.2","processedAt":"2026-08-11T18:29:20.995Z"}}},{"type":"Feature","geometry":{"type":"Point","coordinates":[4.25128,51.6450283]},"properties":{"dolphinKind":"buoy-special","rawObjectClass":"BOYSPP","sourceProperties":{"RCID":24410143,"PRIM":1,"GRUP":2,"OBJL":19,"RVER":1,"AGEN":7979,"FIDN":24410143,"FIDS":1,"LNAM":"1F2B0174781F0001","LNAM_REFS":["1F2B0174781E0001"],"FFPT_RIND":[2],"BOYSHP":5,"CATSPM":["50"],"COLOUR":["6"],"CONRAD":3,"OBJNAM":"NP-OW 8","SCAMIN":200000,"SORDAT":"20260402","SORIND":"NL,1R,reprt,MD181-2026","sourceCellId":"1R76W8RI","sourceChecksum":"594255262298aa1b16b325273dc86e44bd51ffb998448d4f86f0258df69fafd7","rawObjectClass":"BOYSPP","sourceStableId":"1F2B0174781F0001"},"sourceKind":"official","official":true,"sourceCellId":"1R76W8RI","sourceStableId":"1F2B0174781F0001","pipelineFeatureId":"1R76W8RI/BOYSPP/24410143","provenance":{"cellId":"1R76W8RI","checksum":"594255262298aa1b16b325273dc86e44bd51ffb998448d4f86f0258df69fafd7","readerVersion":"GDAL 3.2.2","processedAt":"2026-08-11T18:29:20.995Z"}}},{"type":"Feature","geometry":{"type":"Point","coordinates":[4.2457967,51.6428833]},"properties":{"dolphinKind":"buoy-special","rawObjectClass":"BOYSPP","sourceProperties":{"RCID":24410145,"PRIM":1,"GRUP":2,"OBJL":19,"RVER":1,"AGEN":7979,"FIDN":24410145,"FIDS":1,"LNAM":"1F2B017478210001","LNAM_REFS":["1F2B017478200001"],"FFPT_RIND":[2],"BOYSHP":5,"CATSPM":["50"],"COLOUR":["6"],"CONRAD":3,"OBJNAM":"NP-OW 6","SCAMIN":200000,"SORDAT":"20260407","SORIND":"NL,1R,reprt,MD181-2026","sourceCellId":"1R76W8RI","sourceChecksum":"594255262298aa1b16b325273dc86e44bd51ffb998448d4f86f0258df69fafd7","rawObjectClass":"BOYSPP","sourceStableId":"1F2B017478210001"},"sourceKind":"official","official":true,"sourceCellId":"1R76W8RI","sourceStableId":"1F2B017478210001","pipelineFeatureId":"1R76W8RI/BOYSPP/24410145","provenance":{"cellId":"1R76W8RI","checksum":"594255262298aa1b16b325273dc86e44bd51ffb998448d4f86f0258df69fafd7","readerVersion":"GDAL 3.2.2","processedAt":"2026-08-11T18:29:20.995Z"}}},{"type":"Feature","geometry":{"type":"Point","coordinates":[4.23891,51.6421717]},"properties":{"dolphinKind":"buoy-special","rawObjectClass":"BOYSPP","sourceProperties":{"RCID":24410147,"PRIM":1,"GRUP":2,"OBJL":19,"RVER":1,"AGEN":7979,"FIDN":24410147,"FIDS":1,"LNAM":"1F2B017478230001","LNAM_REFS":["1F2B017478220001"],"FFPT_RIND":[2],"BOYSHP":5,"CATSPM":["50"],"COLOUR":["6"],"CONRAD":3,"OBJNAM":"NP-OW 4","SCAMIN":200000,"SORDAT":"20260402","SORIND":"NL,1R,reprt,MD181-2026","sourceCellId":"1R76W8RI","sourceChecksum":"594255262298aa1b16b325273dc86e44bd51ffb998448d4f86f0258df69fafd7","rawObjectClass":"BOYSPP","sourceStableId":"1F2B017478230001"},"sourceKind":"official","official":true,"sourceCellId":"1R76W8RI","sourceStableId":"1F2B017478230001","pipelineFeatureId":"1R76W8RI/BOYSPP/24410147","provenance":{"cellId":"1R76W8RI","checksum":"594255262298aa1b16b325273dc86e44bd51ffb998448d4f86f0258df69fafd7","readerVersion":"GDAL 3.2.2","processedAt":"2026-08-11T18:29:20.995Z"}}},{"type":"Feature","geometry":{"type":"Point","coordinates":[4.250025,51.6513183]},"properties":{"dolphinKind":"buoy-special","rawObjectClass":"BOYSPP","sourceProperties":{"RCID":24410149,"PRIM":1,"GRUP":2,"OBJL":19,"RVER":1,"AGEN":7979,"FIDN":24410149,"FIDS":1,"LNAM":"1F2B017478250001","LNAM_REFS":["1F2B017478240001"],"FFPT_RIND":[2],"BOYSHP":5,"CATSPM":["50"],"COLOUR":["6"],"CONRAD":3,"OBJNAM":"KS-OW 16","SCAMIN":200000,"SORDAT":"20260402","SORIND":"NL,1R,reprt,MD180-2026","sourceCellId":"1R76W8RI","sourceChecksum":"594255262298aa1b16b325273dc86e44bd51ffb998448d4f86f0258df69fafd7","rawObjectClass":"BOYSPP","sourceStableId":"1F2B017478250001"},"sourceKind":"official","official":true,"sourceCellId":"1R76W8RI","sourceStableId":"1F2B017478250001","pipelineFeatureId":"1R76W8RI/BOYSPP/24410149","provenance":{"cellId":"1R76W8RI","checksum":"594255262298aa1b16b325273dc86e44bd51ffb998448d4f86f0258df69fafd7","readerVersion":"GDAL 3.2.2","processedAt":"2026-08-11T18:29:20.995Z"}}},{"type":"Feature","geometry":{"type":"Point","coordinates":[4.2427133,51.6522367]},"properties":{"dolphinKind":"buoy-special","rawObjectClass":"BOYSPP","sourceProperties":{"RCID":24410151,"PRIM":1,"GRUP":2,"OBJL":19,"RVER":1,"AGEN":7979,"FIDN":24410151,"FIDS":1,"LNAM":"1F2B017478270001","LNAM_REFS":["1F2B017478260001"],"FFPT_RIND":[2],"BOYSHP":5,"CATSPM":["50"],"COLOUR":["6"],"CONRAD":3,"OBJNAM":"KS-OW 14","SCAMIN":200000,"SORDAT":"20260402","SORIND":"NL,1R,reprt,MD180-2026","sourceCellId":"1R76W8RI","sourceChecksum":"594255262298aa1b16b325273dc86e44bd51ffb998448d4f86f0258df69fafd7","rawObjectClass":"BOYSPP","sourceStableId":"1F2B017478270001"},"sourceKind":"official","official":true,"sourceCellId":"1R76W8RI","sourceStableId":"1F2B017478270001","pipelineFeatureId":"1R76W8RI/BOYSPP/24410151","provenance":{"cellId":"1R76W8RI","checksum":"594255262298aa1b16b325273dc86e44bd51ffb998448d4f86f0258df69fafd7","readerVersion":"GDAL 3.2.2","processedAt":"2026-08-11T18:29:20.995Z"}}},{"type":"Feature","geometry":{"type":"Point","coordinates":[4.2356033,51.6530233]},"properties":{"dolphinKind":"buoy-special","rawObjectClass":"BOYSPP","sourceProperties":{"RCID":24410153,"PRIM":1,"GRUP":2,"OBJL":19,"RVER":1,"AGEN":7979,"FIDN":24410153,"FIDS":1,"LNAM":"1F2B017478290001","LNAM_REFS":["1F2B017478280001"],"FFPT_RIND":[2],"BOYSHP":5,"CATSPM":["50"],"COLOUR":["6"],"CONRAD":3,"OBJNAM":"KS-OW 12","SCAMIN":200000,"SORDAT":"20260402","SORIND":"NL,1R,reprt,MD180-2026","sourceCellId":"1R76W8RI","sourceChecksum":"594255262298aa1b16b325273dc86e44bd51ffb998448d4f86f0258df69fafd7","rawObjectClass":"BOYSPP","sourceStableId":"1F2B017478290001"},"sourceKind":"official","official":true,"sourceCellId":"1R76W8RI","sourceStableId":"1F2B017478290001","pipelineFeatureId":"1R76W8RI/BOYSPP/24410153","provenance":{"cellId":"1R76W8RI","checksum":"594255262298aa1b16b325273dc86e44bd51ffb998448d4f86f0258df69fafd7","readerVersion":"GDAL 3.2.2","processedAt":"2026-08-11T18:29:20.995Z"}}},{"type":"Feature","geometry":{"type":"Point","coordinates":[4.228385,51.6540067]},"properties":{"dolphinKind":"buoy-special","rawObjectClass":"BOYSPP","sourceProperties":{"RCID":24410155,"PRIM":1,"GRUP":2,"OBJL":19,"RVER":1,"AGEN":7979,"FIDN":24410155,"FIDS":1,"LNAM":"1F2B0174782B0001","LNAM_REFS":["1F2B0174782A0001"],"FFPT_RIND":[2],"BOYSHP":5,"CATSPM":["50"],"COLOUR":["6"],"CONRAD":3,"OBJNAM":"KS-OW 10","SCAMIN":200000,"SORDAT":"20260402","SORIND":"NL,1R,reprt,MD180-2026","sourceCellId":"1R76W8RI","sourceChecksum":"594255262298aa1b16b325273dc86e44bd51ffb998448d4f86f0258df69fafd7","rawObjectClass":"BOYSPP","sourceStableId":"1F2B0174782B0001"},"sourceKind":"official","official":true,"sourceCellId":"1R76W8RI","sourceStableId":"1F2B0174782B0001","pipelineFeatureId":"1R76W8RI/BOYSPP/24410155","provenance":{"cellId":"1R76W8RI","checksum":"594255262298aa1b16b325273dc86e44bd51ffb998448d4f86f0258df69fafd7","readerVersion":"GDAL 3.2.2","processedAt":"2026-08-11T18:29:20.995Z"}}},{"type":"Feature","geometry":{"type":"Point","coordinates":[4.221365,51.6550767]},"properties":{"dolphinKind":"buoy-special","rawObjectClass":"BOYSPP","sourceProperties":{"RCID":24410157,"PRIM":1,"GRUP":2,"OBJL":19,"RVER":1,"AGEN":7979,"FIDN":24410157,"FIDS":1,"LNAM":"1F2B0174782D0001","LNAM_REFS":["1F2B0174782C0001"],"FFPT_RIND":[2],"BOYSHP":5,"CATSPM":["50"],"COLOUR":["6"],"CONRAD":3,"OBJNAM":"KS-OW 8","SCAMIN":200000,"SORDAT":"20260402","SORIND":"NL,1R,reprt,MD180-2026","sourceCellId":"1R76W8RI","sourceChecksum":"594255262298aa1b16b325273dc86e44bd51ffb998448d4f86f0258df69fafd7","rawObjectClass":"BOYSPP","sourceStableId":"1F2B0174782D0001"},"sourceKind":"official","official":true,"sourceCellId":"1R76W8RI","sourceStableId":"1F2B0174782D0001","pipelineFeatureId":"1R76W8RI/BOYSPP/24410157","provenance":{"cellId":"1R76W8RI","checksum":"594255262298aa1b16b325273dc86e44bd51ffb998448d4f86f0258df69fafd7","readerVersion":"GDAL 3.2.2","processedAt":"2026-08-11T18:29:20.995Z"}}},{"type":"Feature","geometry":{"type":"Point","coordinates":[4.2154917,51.656015]},"properties":{"dolphinKind":"buoy-special","rawObjectClass":"BOYSPP","sourceProperties":{"RCID":24410159,"PRIM":1,"GRUP":2,"OBJL":19,"RVER":1,"AGEN":7979,"FIDN":24410159,"FIDS":1,"LNAM":"1F2B0174782F0001","LNAM_REFS":["1F2B0174782E0001"],"FFPT_RIND":[2],"BOYSHP":5,"CATSPM":["50"],"COLOUR":["6"],"CONRAD":3,"OBJNAM":"KS-OW 6","SCAMIN":200000,"SORDAT":"20260402","SORIND":"NL,1R,reprt,MD180-2026","sourceCellId":"1R76W8RI","sourceChecksum":"594255262298aa1b16b325273dc86e44bd51ffb998448d4f86f0258df69fafd7","rawObjectClass":"BOYSPP","sourceStableId":"1F2B0174782F0001"},"sourceKind":"official","official":true,"sourceCellId":"1R76W8RI","sourceStableId":"1F2B0174782F0001","pipelineFeatureId":"1R76W8RI/BOYSPP/24410159","provenance":{"cellId":"1R76W8RI","checksum":"594255262298aa1b16b325273dc86e44bd51ffb998448d4f86f0258df69fafd7","readerVersion":"GDAL 3.2.2","processedAt":"2026-08-11T18:29:20.995Z"}}},{"type":"Feature","geometry":{"type":"Point","coordinates":[4.2105183,51.658115]},"properties":{"dolphinKind":"buoy-special","rawObjectClass":"BOYSPP","sourceProperties":{"RCID":24410161,"PRIM":1,"GRUP":2,"OBJL":19,"RVER":1,"AGEN":7979,"FIDN":24410161,"FIDS":1,"LNAM":"1F2B017478310001","LNAM_REFS":["1F2B017478300001"],"FFPT_RIND":[2],"BOYSHP":5,"CATSPM":["50"],"COLOUR":["6"],"CONRAD":3,"OBJNAM":"KS-OW 4","SCAMIN":200000,"SORDAT":"20260402","SORIND":"NL,1R,reprt,MD180-2026","sourceCellId":"1R76W8RI","sourceChecksum":"594255262298aa1b16b325273dc86e44bd51ffb998448d4f86f0258df69fafd7","rawObjectClass":"BOYSPP","sourceStableId":"1F2B017478310001"},"sourceKind":"official","official":true,"sourceCellId":"1R76W8RI","sourceStableId":"1F2B017478310001","pipelineFeatureId":"1R76W8RI/BOYSPP/24410161","provenance":{"cellId":"1R76W8RI","checksum":"594255262298aa1b16b325273dc86e44bd51ffb998448d4f86f0258df69fafd7","readerVersion":"GDAL 3.2.2","processedAt":"2026-08-11T18:29:20.995Z"}}},{"type":"Feature","geometry":{"type":"Point","coordinates":[4.205735,51.660875]},"properties":{"dolphinKind":"buoy-special","rawObjectClass":"BOYSPP","sourceProperties":{"RCID":24410165,"PRIM":1,"GRUP":2,"OBJL":19,"RVER":1,"AGEN":7979,"FIDN":24410165,"FIDS":1,"LNAM":"1F2B017478350001","LNAM_REFS":["1F2B017478340001"],"FFPT_RIND":[2],"BOYSHP":5,"CATSPM":["50"],"COLOUR":["6"],"CONRAD":3,"OBJNAM":"KS-OW 2","SCAMIN":200000,"SORDAT":"20260402","SORIND":"NL,1R,reprt,MD180-2026","sourceCellId":"1R76W8RI","sourceChecksum":"594255262298aa1b16b325273dc86e44bd51ffb998448d4f86f0258df69fafd7","rawObjectClass":"BOYSPP","sourceStableId":"1F2B017478350001"},"sourceKind":"official","official":true,"sourceCellId":"1R76W8RI","sourceStableId":"1F2B017478350001","pipelineFeatureId":"1R76W8RI/BOYSPP/24410165","provenance":{"cellId":"1R76W8RI","checksum":"594255262298aa1b16b325273dc86e44bd51ffb998448d4f86f0258df69fafd7","readerVersion":"GDAL 3.2.2","processedAt":"2026-08-11T18:29:20.995Z"}}},{"type":"Feature","geometry":{"type":"Point","coordinates":[4.201605,51.6665267]},"properties":{"dolphinKind":"buoy-special","rawObjectClass":"BOYSPP","sourceProperties":{"RCID":24410167,"PRIM":1,"GRUP":2,"OBJL":19,"RVER":1,"AGEN":7979,"FIDN":24410167,"FIDS":1,"LNAM":"1F2B017478370001","LNAM_REFS":["1F2B017478360001"],"FFPT_RIND":[2],"BOYSHP":5,"CATSPM":["50"],"COLOUR":["6"],"CONRAD":3,"OBJNAM":"NE-OW 10","SCAMIN":200000,"SORDAT":"20260402","SORIND":"NL,1R,reprt,MD180-2026","sourceCellId":"1R76W8RI","sourceChecksum":"594255262298aa1b16b325273dc86e44bd51ffb998448d4f86f0258df69fafd7","rawObjectClass":"BOYSPP","sourceStableId":"1F2B017478370001"},"sourceKind":"official","official":true,"sourceCellId":"1R76W8RI","sourceStableId":"1F2B017478370001","pipelineFeatureId":"1R76W8RI/BOYSPP/24410167","provenance":{"cellId":"1R76W8RI","checksum":"594255262298aa1b16b325273dc86e44bd51ffb998448d4f86f0258df69fafd7","readerVersion":"GDAL 3.2.2","processedAt":"2026-08-11T18:29:20.995Z"}}},{"type":"Feature","geometry":{"type":"Point","coordinates":[4.1975033,51.666465]},"properties":{"dolphinKind":"buoy-special","rawObjectClass":"BOYSPP","sourceProperties":{"RCID":24410169,"PRIM":1,"GRUP":2,"OBJL":19,"RVER":1,"AGEN":7979,"FIDN":24410169,"FIDS":1,"LNAM":"1F2B017478390001","LNAM_REFS":["1F2B017478380001"],"FFPT_RIND":[2],"BOYSHP":5,"CATSPM":["50"],"COLOUR":["6"],"CONRAD":3,"OBJNAM":"NE-OW 8","SCAMIN":200000,"SORDAT":"20260402","SORIND":"NL,1R,reprt,MD180-2026","sourceCellId":"1R76W8RI","sourceChecksum":"594255262298aa1b16b325273dc86e44bd51ffb998448d4f86f0258df69fafd7","rawObjectClass":"BOYSPP","sourceStableId":"1F2B017478390001"},"sourceKind":"official","official":true,"sourceCellId":"1R76W8RI","sourceStableId":"1F2B017478390001","pipelineFeatureId":"1R76W8RI/BOYSPP/24410169","provenance":{"cellId":"1R76W8RI","checksum":"594255262298aa1b16b325273dc86e44bd51ffb998448d4f86f0258df69fafd7","readerVersion":"GDAL 3.2.2","processedAt":"2026-08-11T18:29:20.995Z"}}},{"type":"Feature","geometry":{"type":"Point","coordinates":[4.192385,51.668755]},"properties":{"dolphinKind":"buoy-special","rawObjectClass":"BOYSPP","sourceProperties":{"RCID":24410171,"PRIM":1,"GRUP":2,"OBJL":19,"RVER":1,"AGEN":7979,"FIDN":24410171,"FIDS":1,"LNAM":"1F2B0174783B0001","LNAM_REFS":["1F2B0174783A0001"],"FFPT_RIND":[2],"BOYSHP":5,"CATSPM":["50"],"COLOUR":["6"],"CONRAD":3,"OBJNAM":"NE-OW 6","SCAMIN":200000,"SORDAT":"20260402","SORIND":"NL,1R,reprt,MD180-2026","sourceCellId":"1R76W8RI","sourceChecksum":"594255262298aa1b16b325273dc86e44bd51ffb998448d4f86f0258df69fafd7","rawObjectClass":"BOYSPP","sourceStableId":"1F2B0174783B0001"},"sourceKind":"official","official":true,"sourceCellId":"1R76W8RI","sourceStableId":"1F2B0174783B0001","pipelineFeatureId":"1R76W8RI/BOYSPP/24410171","provenance":{"cellId":"1R76W8RI","checksum":"594255262298aa1b16b325273dc86e44bd51ffb998448d4f86f0258df69fafd7","readerVersion":"GDAL 3.2.2","processedAt":"2026-08-11T18:29:20.995Z"}}},{"type":"Feature","geometry":{"type":"Point","coordinates":[4.1873367,51.6713083]},"properties":{"dolphinKind":"buoy-special","rawObjectClass":"BOYSPP","sourceProperties":{"RCID":24410175,"PRIM":1,"GRUP":2,"OBJL":19,"RVER":1,"AGEN":7979,"FIDN":24410175,"FIDS":1,"LNAM":"1F2B0174783F0001","LNAM_REFS":["1F2B0174783E0001"],"FFPT_RIND":[2],"BOYSHP":5,"CATSPM":["50"],"COLOUR":["6"],"CONRAD":3,"OBJNAM":"NE-OW 4","SCAMIN":200000,"SORDAT":"20260402","SORIND":"NL,1R,reprt,MD180-2026","sourceCellId":"1R76W8RI","sourceChecksum":"594255262298aa1b16b325273dc86e44bd51ffb998448d4f86f0258df69fafd7","rawObjectClass":"BOYSPP","sourceStableId":"1F2B0174783F0001"},"sourceKind":"official","official":true,"sourceCellId":"1R76W8RI","sourceStableId":"1F2B0174783F0001","pipelineFeatureId":"1R76W8RI/BOYSPP/24410175","provenance":{"cellId":"1R76W8RI","checksum":"594255262298aa1b16b325273dc86e44bd51ffb998448d4f86f0258df69fafd7","readerVersion":"GDAL 3.2.2","processedAt":"2026-08-11T18:29:20.995Z"}}},{"type":"Feature","geometry":{"type":"Point","coordinates":[4.1811667,51.6734167]},"properties":{"dolphinKind":"buoy-special","rawObjectClass":"BOYSPP","sourceProperties":{"RCID":24410177,"PRIM":1,"GRUP":2,"OBJL":19,"RVER":1,"AGEN":7979,"FIDN":24410177,"FIDS":1,"LNAM":"1F2B017478410001","LNAM_REFS":["1F2B017478400001"],"FFPT_RIND":[2],"BOYSHP":5,"CATSPM":["50"],"COLOUR":["6"],"CONRAD":3,"OBJNAM":"NE-OW 2","SCAMIN":200000,"SORDAT":"20260402","SORIND":"NL,1R,reprt,MD180-2026","sourceCellId":"1R76W8RI","sourceChecksum":"594255262298aa1b16b325273dc86e44bd51ffb998448d4f86f0258df69fafd7","rawObjectClass":"BOYSPP","sourceStableId":"1F2B017478410001"},"sourceKind":"official","official":true,"sourceCellId":"1R76W8RI","sourceStableId":"1F2B017478410001","pipelineFeatureId":"1R76W8RI/BOYSPP/24410177","provenance":{"cellId":"1R76W8RI","checksum":"594255262298aa1b16b325273dc86e44bd51ffb998448d4f86f0258df69fafd7","readerVersion":"GDAL 3.2.2","processedAt":"2026-08-11T18:29:20.995Z"}}},{"type":"Feature","geometry":{"type":"Point","coordinates":[4.2705167,51.6503883]},"properties":{"dolphinKind":"buoy-special","rawObjectClass":"BOYSPP","sourceProperties":{"RCID":24758488,"PRIM":1,"GRUP":2,"OBJL":19,"RVER":1,"AGEN":7979,"FIDN":24758488,"FIDS":1,"LNAM":"1F2B0179C8D80001","LNAM_REFS":["1F2B0179C8D70001"],"FFPT_RIND":[2],"BOYSHP":5,"CATSPM":["50"],"COLOUR":["6"],"CONRAD":3,"OBJNAM":"KS-OW 22","SCAMIN":200000,"SORDAT":"20260402","SORIND":"NL,1R,reprt,MD180-2026","sourceCellId":"1R76W8RI","sourceChecksum":"594255262298aa1b16b325273dc86e44bd51ffb998448d4f86f0258df69fafd7","rawObjectClass":"BOYSPP","sourceStableId":"1F2B0179C8D80001"},"sourceKind":"official","official":true,"sourceCellId":"1R76W8RI","sourceStableId":"1F2B0179C8D80001","pipelineFeatureId":"1R76W8RI/BOYSPP/24758488","provenance":{"cellId":"1R76W8RI","checksum":"594255262298aa1b16b325273dc86e44bd51ffb998448d4f86f0258df69fafd7","readerVersion":"GDAL 3.2.2","processedAt":"2026-08-11T18:29:20.995Z"}}},{"type":"Feature","geometry":{"type":"Point","coordinates":[4.13375,51.6577]},"properties":{"dolphinKind":"buoy-special","rawObjectClass":"BOYSPP","sourceProperties":{"RCID":29630624,"PRIM":1,"GRUP":2,"OBJL":19,"RVER":1,"AGEN":7979,"FIDN":29630624,"FIDS":1,"LNAM":"1F2B01C420A00001","LNAM_REFS":["1F2B01C420A30001"],"FFPT_RIND":[2],"BOYSHP":5,"CATSPM":["50"],"COLOUR":["6"],"CONRAD":3,"OBJNAM":"SL-C","INFORM":"Mussel seed installation","NINFOM":"Mosselzaadinvanginstallatie","SCAMIN":200000,"SORDAT":"20160108","SORIND":"NL,1R,reprt,MZI 2016","sourceCellId":"1R76W8RI","sourceChecksum":"594255262298aa1b16b325273dc86e44bd51ffb998448d4f86f0258df69fafd7","rawObjectClass":"BOYSPP","sourceStableId":"1F2B01C420A00001"},"sourceKind":"official","official":true,"sourceCellId":"1R76W8RI","sourceStableId":"1F2B01C420A00001","pipelineFeatureId":"1R76W8RI/BOYSPP/29630624","provenance":{"cellId":"1R76W8RI","checksum":"594255262298aa1b16b325273dc86e44bd51ffb998448d4f86f0258df69fafd7","readerVersion":"GDAL 3.2.2","processedAt":"2026-08-11T18:29:20.995Z"}}},{"type":"Feature","geometry":{"type":"Point","coordinates":[4.14785,51.6734]},"properties":{"dolphinKind":"buoy-special","rawObjectClass":"BOYSPP","sourceProperties":{"RCID":86286965,"PRIM":1,"GRUP":2,"OBJL":19,"RVER":1,"AGEN":7979,"FIDN":86286965,"FIDS":1,"LNAM":"1F2B0524A2750001","LNAM_REFS":["1F2B0524A2740001"],"FFPT_RIND":[2],"BOYSHP":2,"CATSPM":["50"],"COLOUR":["6"],"OBJNAM":"K-B","INFORM":"Mussel seed installation","NINFOM":"Mosselzaadinvanginstallatie","SCAMIN":200000,"SORDAT":"20120227","SORIND":"NL,1R,reprt,NavBer 2012/MZ36","sourceCellId":"1R76W8RI","sourceChecksum":"594255262298aa1b16b325273dc86e44bd51ffb998448d4f86f0258df69fafd7","rawObjectClass":"BOYSPP","sourceStableId":"1F2B0524A2750001"},"sourceKind":"official","official":true,"sourceCellId":"1R76W8RI","sourceStableId":"1F2B0524A2750001","pipelineFeatureId":"1R76W8RI/BOYSPP/86286965","provenance":{"cellId":"1R76W8RI","checksum":"594255262298aa1b16b325273dc86e44bd51ffb998448d4f86f0258df69fafd7","readerVersion":"GDAL 3.2.2","processedAt":"2026-08-11T18:29:20.995Z"}}},{"type":"Feature","geometry":{"type":"Point","coordinates":[4.1512167,51.6695833]},"properties":{"dolphinKind":"buoy-special","rawObjectClass":"BOYSPP","sourceProperties":{"RCID":86286967,"PRIM":1,"GRUP":2,"OBJL":19,"RVER":1,"AGEN":7979,"FIDN":86286967,"FIDS":1,"LNAM":"1F2B0524A2770001","LNAM_REFS":["1F2B0524A2760001"],"FFPT_RIND":[2],"BOYSHP":2,"CATSPM":["50"],"COLOUR":["6"],"OBJNAM":"K-C","INFORM":"Mussel seed installation","NINFOM":"Mosselzaadinvanginstallatie","SCAMIN":200000,"SORDAT":"20120227","SORIND":"NL,1R,reprt,NavBer 2012/MZ36","sourceCellId":"1R76W8RI","sourceChecksum":"594255262298aa1b16b325273dc86e44bd51ffb998448d4f86f0258df69fafd7","rawObjectClass":"BOYSPP","sourceStableId":"1F2B0524A2770001"},"sourceKind":"official","official":true,"sourceCellId":"1R76W8RI","sourceStableId":"1F2B0524A2770001","pipelineFeatureId":"1R76W8RI/BOYSPP/86286967","provenance":{"cellId":"1R76W8RI","checksum":"594255262298aa1b16b325273dc86e44bd51ffb998448d4f86f0258df69fafd7","readerVersion":"GDAL 3.2.2","processedAt":"2026-08-11T18:29:20.995Z"}}},{"type":"Feature","geometry":{"type":"Point","coordinates":[4.13435,51.6655067]},"properties":{"dolphinKind":"buoy-special","rawObjectClass":"BOYSPP","sourceProperties":{"RCID":86286969,"PRIM":1,"GRUP":2,"OBJL":19,"RVER":1,"AGEN":7979,"FIDN":86286969,"FIDS":1,"LNAM":"1F2B0524A2790001","LNAM_REFS":["1F2B0524A2780001"],"FFPT_RIND":[2],"BOYSHP":2,"CATSPM":["50"],"COLOUR":["6"],"OBJNAM":"K-D","INFORM":"Mussel seed installation","NINFOM":"Mosselzaadinvanginstallatie","SCAMIN":200000,"SORDAT":"20120227","SORIND":"NL,1R,reprt,NavBer 2012/MZ36","sourceCellId":"1R76W8RI","sourceChecksum":"594255262298aa1b16b325273dc86e44bd51ffb998448d4f86f0258df69fafd7","rawObjectClass":"BOYSPP","sourceStableId":"1F2B0524A2790001"},"sourceKind":"official","official":true,"sourceCellId":"1R76W8RI","sourceStableId":"1F2B0524A2790001","pipelineFeatureId":"1R76W8RI/BOYSPP/86286969","provenance":{"cellId":"1R76W8RI","checksum":"594255262298aa1b16b325273dc86e44bd51ffb998448d4f86f0258df69fafd7","readerVersion":"GDAL 3.2.2","processedAt":"2026-08-11T18:29:20.995Z"}}},{"type":"Feature","geometry":{"type":"Point","coordinates":[4.1445833,51.6735667]},"properties":{"dolphinKind":"buoy-special","rawObjectClass":"BOYSPP","sourceProperties":{"RCID":219438653,"PRIM":1,"GRUP":2,"OBJL":19,"RVER":1,"AGEN":7979,"FIDN":219438653,"FIDS":1,"LNAM":"1F2B0D145E3D0001","BOYSHP":5,"CATSPM":["12"],"COLOUR":["6"],"OBJNAM":"GD F","INFORM":"Kitesurfing area","NINFOM":"Kitesurfgebied","SCAMIN":200000,"SORDAT":"20170330","SORIND":"NL,1R,reprt,MD 187-17","sourceCellId":"1R76W8RI","sourceChecksum":"594255262298aa1b16b325273dc86e44bd51ffb998448d4f86f0258df69fafd7","rawObjectClass":"BOYSPP","sourceStableId":"1F2B0D145E3D0001"},"sourceKind":"official","official":true,"sourceCellId":"1R76W8RI","sourceStableId":"1F2B0D145E3D0001","pipelineFeatureId":"1R76W8RI/BOYSPP/219438653","provenance":{"cellId":"1R76W8RI","checksum":"594255262298aa1b16b325273dc86e44bd51ffb998448d4f86f0258df69fafd7","readerVersion":"GDAL 3.2.2","processedAt":"2026-08-11T18:29:20.995Z"}}},{"type":"Feature","geometry":{"type":"Point","coordinates":[4.1395667,51.6724667]},"properties":{"dolphinKind":"buoy-special","rawObjectClass":"BOYSPP","sourceProperties":{"RCID":219438655,"PRIM":1,"GRUP":2,"OBJL":19,"RVER":1,"AGEN":7979,"FIDN":219438655,"FIDS":1,"LNAM":"1F2B0D145E3F0001","BOYSHP":5,"CATSPM":["12"],"COLOUR":["6"],"OBJNAM":"GD E","INFORM":"Kitesurfing area","NINFOM":"Kitesurfgebied","SCAMIN":200000,"SORDAT":"20170330","SORIND":"NL,1R,reprt,Kitesurfgebieden","sourceCellId":"1R76W8RI","sourceChecksum":"594255262298aa1b16b325273dc86e44bd51ffb998448d4f86f0258df69fafd7","rawObjectClass":"BOYSPP","sourceStableId":"1F2B0D145E3F0001"},"sourceKind":"official","official":true,"sourceCellId":"1R76W8RI","sourceStableId":"1F2B0D145E3F0001","pipelineFeatureId":"1R76W8RI/BOYSPP/219438655","provenance":{"cellId":"1R76W8RI","checksum":"594255262298aa1b16b325273dc86e44bd51ffb998448d4f86f0258df69fafd7","readerVersion":"GDAL 3.2.2","processedAt":"2026-08-11T18:29:20.995Z"}}},{"type":"Feature","geometry":{"type":"Point","coordinates":[4.1576896,51.6643499]},"properties":{"dolphinKind":"buoy-special","rawObjectClass":"BOYSPP","sourceProperties":{"RCID":452621602,"PRIM":1,"GRUP":2,"OBJL":19,"RVER":1,"AGEN":7979,"FIDN":452621602,"FIDS":1,"LNAM":"1F2B1AFA75220001","BOYSHP":3,"CATSPM":["50"],"COLOUR":["6"],"SCAMIN":200000,"SORDAT":"20220321","sourceCellId":"1R76W8RI","sourceChecksum":"594255262298aa1b16b325273dc86e44bd51ffb998448d4f86f0258df69fafd7","rawObjectClass":"BOYSPP","sourceStableId":"1F2B1AFA75220001"},"sourceKind":"official","official":true,"sourceCellId":"1R76W8RI","sourceStableId":"1F2B1AFA75220001","pipelineFeatureId":"1R76W8RI/BOYSPP/452621602","provenance":{"cellId":"1R76W8RI","checksum":"594255262298aa1b16b325273dc86e44bd51ffb998448d4f86f0258df69fafd7","readerVersion":"GDAL 3.2.2","processedAt":"2026-08-11T18:29:20.995Z"}}},{"type":"Feature","geometry":{"type":"Point","coordinates":[4.1576838,51.6644264]},"properties":{"dolphinKind":"buoy-special","rawObjectClass":"BOYSPP","sourceProperties":{"RCID":452621603,"PRIM":1,"GRUP":2,"OBJL":19,"RVER":1,"AGEN":7979,"FIDN":452621603,"FIDS":1,"LNAM":"1F2B1AFA75230001","BOYSHP":3,"CATSPM":["50"],"COLOUR":["6"],"SCAMIN":200000,"SORDAT":"20220321","sourceCellId":"1R76W8RI","sourceChecksum":"594255262298aa1b16b325273dc86e44bd51ffb998448d4f86f0258df69fafd7","rawObjectClass":"BOYSPP","sourceStableId":"1F2B1AFA75230001"},"sourceKind":"official","official":true,"sourceCellId":"1R76W8RI","sourceStableId":"1F2B1AFA75230001","pipelineFeatureId":"1R76W8RI/BOYSPP/452621603","provenance":{"cellId":"1R76W8RI","checksum":"594255262298aa1b16b325273dc86e44bd51ffb998448d4f86f0258df69fafd7","readerVersion":"GDAL 3.2.2","processedAt":"2026-08-11T18:29:20.995Z"}}},{"type":"Feature","geometry":{"type":"Point","coordinates":[4.1576795,51.6644912]},"properties":{"dolphinKind":"buoy-special","rawObjectClass":"BOYSPP","sourceProperties":{"RCID":452621604,"PRIM":1,"GRUP":2,"OBJL":19,"RVER":1,"AGEN":7979,"FIDN":452621604,"FIDS":1,"LNAM":"1F2B1AFA75240001","BOYSHP":3,"CATSPM":["50"],"COLOUR":["6"],"SCAMIN":200000,"SORDAT":"20220321","sourceCellId":"1R76W8RI","sourceChecksum":"594255262298aa1b16b325273dc86e44bd51ffb998448d4f86f0258df69fafd7","rawObjectClass":"BOYSPP","sourceStableId":"1F2B1AFA75240001"},"sourceKind":"official","official":true,"sourceCellId":"1R76W8RI","sourceStableId":"1F2B1AFA75240001","pipelineFeatureId":"1R76W8RI/BOYSPP/452621604","provenance":{"cellId":"1R76W8RI","checksum":"594255262298aa1b16b325273dc86e44bd51ffb998448d4f86f0258df69fafd7","readerVersion":"GDAL 3.2.2","processedAt":"2026-08-11T18:29:20.995Z"}}},{"type":"Feature","geometry":{"type":"Point","coordinates":[4.1576708,51.6645614]},"properties":{"dolphinKind":"buoy-special","rawObjectClass":"BOYSPP","sourceProperties":{"RCID":452621605,"PRIM":1,"GRUP":2,"OBJL":19,"RVER":1,"AGEN":7979,"FIDN":452621605,"FIDS":1,"LNAM":"1F2B1AFA75250001","BOYSHP":3,"CATSPM":["50"],"COLOUR":["6"],"SCAMIN":200000,"SORDAT":"20220321","sourceCellId":"1R76W8RI","sourceChecksum":"594255262298aa1b16b325273dc86e44bd51ffb998448d4f86f0258df69fafd7","rawObjectClass":"BOYSPP","sourceStableId":"1F2B1AFA75250001"},"sourceKind":"official","official":true,"sourceCellId":"1R76W8RI","sourceStableId":"1F2B1AFA75250001","pipelineFeatureId":"1R76W8RI/BOYSPP/452621605","provenance":{"cellId":"1R76W8RI","checksum":"594255262298aa1b16b325273dc86e44bd51ffb998448d4f86f0258df69fafd7","readerVersion":"GDAL 3.2.2","processedAt":"2026-08-11T18:29:20.995Z"}}},{"type":"Feature","geometry":{"type":"Point","coordinates":[4.1576129,51.6655]},"properties":{"dolphinKind":"buoy-special","rawObjectClass":"BOYSPP","sourceProperties":{"RCID":452621606,"PRIM":1,"GRUP":2,"OBJL":19,"RVER":1,"AGEN":7979,"FIDN":452621606,"FIDS":1,"LNAM":"1F2B1AFA75260001","BOYSHP":3,"CATSPM":["50"],"COLOUR":["6"],"SCAMIN":200000,"SORDAT":"20220321","sourceCellId":"1R76W8RI","sourceChecksum":"594255262298aa1b16b325273dc86e44bd51ffb998448d4f86f0258df69fafd7","rawObjectClass":"BOYSPP","sourceStableId":"1F2B1AFA75260001"},"sourceKind":"official","official":true,"sourceCellId":"1R76W8RI","sourceStableId":"1F2B1AFA75260001","pipelineFeatureId":"1R76W8RI/BOYSPP/452621606","provenance":{"cellId":"1R76W8RI","checksum":"594255262298aa1b16b325273dc86e44bd51ffb998448d4f86f0258df69fafd7","readerVersion":"GDAL 3.2.2","processedAt":"2026-08-11T18:29:20.995Z"}}},{"type":"Feature","geometry":{"type":"Point","coordinates":[4.1576154,51.6654314]},"properties":{"dolphinKind":"buoy-special","rawObjectClass":"BOYSPP","sourceProperties":{"RCID":452621607,"PRIM":1,"GRUP":2,"OBJL":19,"RVER":1,"AGEN":7979,"FIDN":452621607,"FIDS":1,"LNAM":"1F2B1AFA75270001","BOYSHP":3,"CATSPM":["50"],"COLOUR":["6"],"SCAMIN":200000,"SORDAT":"20220321","sourceCellId":"1R76W8RI","sourceChecksum":"594255262298aa1b16b325273dc86e44bd51ffb998448d4f86f0258df69fafd7","rawObjectClass":"BOYSPP","sourceStableId":"1F2B1AFA75270001"},"sourceKind":"official","official":true,"sourceCellId":"1R76W8RI","sourceStableId":"1F2B1AFA75270001","pipelineFeatureId":"1R76W8RI/BOYSPP/452621607","provenance":{"cellId":"1R76W8RI","checksum":"594255262298aa1b16b325273dc86e44bd51ffb998448d4f86f0258df69fafd7","readerVersion":"GDAL 3.2.2","processedAt":"2026-08-11T18:29:20.995Z"}}},{"type":"Feature","geometry":{"type":"Point","coordinates":[4.1576129,51.6653552]},"properties":{"dolphinKind":"buoy-special","rawObjectClass":"BOYSPP","sourceProperties":{"RCID":452621608,"PRIM":1,"GRUP":2,"OBJL":19,"RVER":1,"AGEN":7979,"FIDN":452621608,"FIDS":1,"LNAM":"1F2B1AFA75280001","BOYSHP":3,"CATSPM":["50"],"COLOUR":["6"],"SCAMIN":200000,"SORDAT":"20220321","sourceCellId":"1R76W8RI","sourceChecksum":"594255262298aa1b16b325273dc86e44bd51ffb998448d4f86f0258df69fafd7","rawObjectClass":"BOYSPP","sourceStableId":"1F2B1AFA75280001"},"sourceKind":"official","official":true,"sourceCellId":"1R76W8RI","sourceStableId":"1F2B1AFA75280001","pipelineFeatureId":"1R76W8RI/BOYSPP/452621608","provenance":{"cellId":"1R76W8RI","checksum":"594255262298aa1b16b325273dc86e44bd51ffb998448d4f86f0258df69fafd7","readerVersion":"GDAL 3.2.2","processedAt":"2026-08-11T18:29:20.995Z"}}},{"type":"Feature","geometry":{"type":"Point","coordinates":[4.1576203,51.6652745]},"properties":{"dolphinKind":"buoy-special","rawObjectClass":"BOYSPP","sourceProperties":{"RCID":452621609,"PRIM":1,"GRUP":2,"OBJL":19,"RVER":1,"AGEN":7979,"FIDN":452621609,"FIDS":1,"LNAM":"1F2B1AFA75290001","BOYSHP":3,"CATSPM":["50"],"COLOUR":["6"],"SCAMIN":200000,"SORDAT":"20220321","sourceCellId":"1R76W8RI","sourceChecksum":"594255262298aa1b16b325273dc86e44bd51ffb998448d4f86f0258df69fafd7","rawObjectClass":"BOYSPP","sourceStableId":"1F2B1AFA75290001"},"sourceKind":"official","official":true,"sourceCellId":"1R76W8RI","sourceStableId":"1F2B1AFA75290001","pipelineFeatureId":"1R76W8RI/BOYSPP/452621609","provenance":{"cellId":"1R76W8RI","checksum":"594255262298aa1b16b325273dc86e44bd51ffb998448d4f86f0258df69fafd7","readerVersion":"GDAL 3.2.2","processedAt":"2026-08-11T18:29:20.995Z"}}},{"type":"Feature","geometry":{"type":"Point","coordinates":[4.1576203,51.6651998]},"properties":{"dolphinKind":"buoy-special","rawObjectClass":"BOYSPP","sourceProperties":{"RCID":452621610,"PRIM":1,"GRUP":2,"OBJL":19,"RVER":1,"AGEN":7979,"FIDN":452621610,"FIDS":1,"LNAM":"1F2B1AFA752A0001","BOYSHP":3,"CATSPM":["50"],"COLOUR":["6"],"SCAMIN":200000,"SORDAT":"20220321","sourceCellId":"1R76W8RI","sourceChecksum":"594255262298aa1b16b325273dc86e44bd51ffb998448d4f86f0258df69fafd7","rawObjectClass":"BOYSPP","sourceStableId":"1F2B1AFA752A0001"},"sourceKind":"official","official":true,"sourceCellId":"1R76W8RI","sourceStableId":"1F2B1AFA752A0001","pipelineFeatureId":"1R76W8RI/BOYSPP/452621610","provenance":{"cellId":"1R76W8RI","checksum":"594255262298aa1b16b325273dc86e44bd51ffb998448d4f86f0258df69fafd7","readerVersion":"GDAL 3.2.2","processedAt":"2026-08-11T18:29:20.995Z"}}},{"type":"Feature","geometry":{"type":"Point","coordinates":[4.1639058,51.6654855]},"properties":{"dolphinKind":"buoy-special","rawObjectClass":"BOYSPP","sourceProperties":{"RCID":452621611,"PRIM":1,"GRUP":2,"OBJL":19,"RVER":1,"AGEN":7979,"FIDN":452621611,"FIDS":1,"LNAM":"1F2B1AFA752B0001","BOYSHP":3,"CATSPM":["50"],"COLOUR":["6"],"SCAMIN":200000,"SORDAT":"20220321","sourceCellId":"1R76W8RI","sourceChecksum":"594255262298aa1b16b325273dc86e44bd51ffb998448d4f86f0258df69fafd7","rawObjectClass":"BOYSPP","sourceStableId":"1F2B1AFA752B0001"},"sourceKind":"official","official":true,"sourceCellId":"1R76W8RI","sourceStableId":"1F2B1AFA752B0001","pipelineFeatureId":"1R76W8RI/BOYSPP/452621611","provenance":{"cellId":"1R76W8RI","checksum":"594255262298aa1b16b325273dc86e44bd51ffb998448d4f86f0258df69fafd7","readerVersion":"GDAL 3.2.2","processedAt":"2026-08-11T18:29:20.995Z"}}},{"type":"Feature","geometry":{"type":"Point","coordinates":[4.1639125,51.6654509]},"properties":{"dolphinKind":"buoy-special","rawObjectClass":"BOYSPP","sourceProperties":{"RCID":452621612,"PRIM":1,"GRUP":2,"OBJL":19,"RVER":1,"AGEN":7979,"FIDN":452621612,"FIDS":1,"LNAM":"1F2B1AFA752C0001","BOYSHP":3,"CATSPM":["50"],"COLOUR":["6"],"SCAMIN":200000,"SORDAT":"20220321","sourceCellId":"1R76W8RI","sourceChecksum":"594255262298aa1b16b325273dc86e44bd51ffb998448d4f86f0258df69fafd7","rawObjectClass":"BOYSPP","sourceStableId":"1F2B1AFA752C0001"},"sourceKind":"official","official":true,"sourceCellId":"1R76W8RI","sourceStableId":"1F2B1AFA752C0001","pipelineFeatureId":"1R76W8RI/BOYSPP/452621612","provenance":{"cellId":"1R76W8RI","checksum":"594255262298aa1b16b325273dc86e44bd51ffb998448d4f86f0258df69fafd7","readerVersion":"GDAL 3.2.2","processedAt":"2026-08-11T18:29:20.995Z"}}},{"type":"Feature","geometry":{"type":"Point","coordinates":[4.1639182,51.6654203]},"properties":{"dolphinKind":"buoy-special","rawObjectClass":"BOYSPP","sourceProperties":{"RCID":452621613,"PRIM":1,"GRUP":2,"OBJL":19,"RVER":1,"AGEN":7979,"FIDN":452621613,"FIDS":1,"LNAM":"1F2B1AFA752D0001","BOYSHP":3,"CATSPM":["50"],"COLOUR":["6"],"SCAMIN":200000,"SORDAT":"20220321","sourceCellId":"1R76W8RI","sourceChecksum":"594255262298aa1b16b325273dc86e44bd51ffb998448d4f86f0258df69fafd7","rawObjectClass":"BOYSPP","sourceStableId":"1F2B1AFA752D0001"},"sourceKind":"official","official":true,"sourceCellId":"1R76W8RI","sourceStableId":"1F2B1AFA752D0001","pipelineFeatureId":"1R76W8RI/BOYSPP/452621613","provenance":{"cellId":"1R76W8RI","checksum":"594255262298aa1b16b325273dc86e44bd51ffb998448d4f86f0258df69fafd7","readerVersion":"GDAL 3.2.2","processedAt":"2026-08-11T18:29:20.995Z"}}},{"type":"Feature","geometry":{"type":"Point","coordinates":[4.1639239,51.6653879]},"properties":{"dolphinKind":"buoy-special","rawObjectClass":"BOYSPP","sourceProperties":{"RCID":452621614,"PRIM":1,"GRUP":2,"OBJL":19,"RVER":1,"AGEN":7979,"FIDN":452621614,"FIDS":1,"LNAM":"1F2B1AFA752E0001","BOYSHP":3,"CATSPM":["50"],"COLOUR":["6"],"SCAMIN":200000,"SORDAT":"20220321","sourceCellId":"1R76W8RI","sourceChecksum":"594255262298aa1b16b325273dc86e44bd51ffb998448d4f86f0258df69fafd7","rawObjectClass":"BOYSPP","sourceStableId":"1F2B1AFA752E0001"},"sourceKind":"official","official":true,"sourceCellId":"1R76W8RI","sourceStableId":"1F2B1AFA752E0001","pipelineFeatureId":"1R76W8RI/BOYSPP/452621614","provenance":{"cellId":"1R76W8RI","checksum":"594255262298aa1b16b325273dc86e44bd51ffb998448d4f86f0258df69fafd7","readerVersion":"GDAL 3.2.2","processedAt":"2026-08-11T18:29:20.995Z"}}},{"type":"Feature","geometry":{"type":"Point","coordinates":[4.1639286,51.6653591]},"properties":{"dolphinKind":"buoy-special","rawObjectClass":"BOYSPP","sourceProperties":{"RCID":452621615,"PRIM":1,"GRUP":2,"OBJL":19,"RVER":1,"AGEN":7979,"FIDN":452621615,"FIDS":1,"LNAM":"1F2B1AFA752F0001","BOYSHP":3,"CATSPM":["50"],"COLOUR":["6"],"SCAMIN":200000,"SORDAT":"20220321","sourceCellId":"1R76W8RI","sourceChecksum":"594255262298aa1b16b325273dc86e44bd51ffb998448d4f86f0258df69fafd7","rawObjectClass":"BOYSPP","sourceStableId":"1F2B1AFA752F0001"},"sourceKind":"official","official":true,"sourceCellId":"1R76W8RI","sourceStableId":"1F2B1AFA752F0001","pipelineFeatureId":"1R76W8RI/BOYSPP/452621615","provenance":{"cellId":"1R76W8RI","checksum":"594255262298aa1b16b325273dc86e44bd51ffb998448d4f86f0258df69fafd7","readerVersion":"GDAL 3.2.2","processedAt":"2026-08-11T18:29:20.995Z"}}},{"type":"Feature","geometry":{"type":"Point","coordinates":[4.1639773,51.6646482]},"properties":{"dolphinKind":"buoy-special","rawObjectClass":"BOYSPP","sourceProperties":{"RCID":452621616,"PRIM":1,"GRUP":2,"OBJL":19,"RVER":1,"AGEN":7979,"FIDN":452621616,"FIDS":1,"LNAM":"1F2B1AFA75300001","BOYSHP":3,"CATSPM":["50"],"COLOUR":["6"],"SCAMIN":200000,"SORDAT":"20220321","sourceCellId":"1R76W8RI","sourceChecksum":"594255262298aa1b16b325273dc86e44bd51ffb998448d4f86f0258df69fafd7","rawObjectClass":"BOYSPP","sourceStableId":"1F2B1AFA75300001"},"sourceKind":"official","official":true,"sourceCellId":"1R76W8RI","sourceStableId":"1F2B1AFA75300001","pipelineFeatureId":"1R76W8RI/BOYSPP/452621616","provenance":{"cellId":"1R76W8RI","checksum":"594255262298aa1b16b325273dc86e44bd51ffb998448d4f86f0258df69fafd7","readerVersion":"GDAL 3.2.2","processedAt":"2026-08-11T18:29:20.995Z"}}},{"type":"Feature","geometry":{"type":"Point","coordinates":[4.1639755,51.6647104]},"properties":{"dolphinKind":"buoy-special","rawObjectClass":"BOYSPP","sourceProperties":{"RCID":452621667,"PRIM":1,"GRUP":2,"OBJL":19,"RVER":1,"AGEN":7979,"FIDN":452621667,"FIDS":1,"LNAM":"1F2B1AFA75630001","BOYSHP":3,"CATSPM":["50"],"COLOUR":["6"],"SCAMIN":200000,"SORDAT":"20220321","sourceCellId":"1R76W8RI","sourceChecksum":"594255262298aa1b16b325273dc86e44bd51ffb998448d4f86f0258df69fafd7","rawObjectClass":"BOYSPP","sourceStableId":"1F2B1AFA75630001"},"sourceKind":"official","official":true,"sourceCellId":"1R76W8RI","sourceStableId":"1F2B1AFA75630001","pipelineFeatureId":"1R76W8RI/BOYSPP/452621667","provenance":{"cellId":"1R76W8RI","checksum":"594255262298aa1b16b325273dc86e44bd51ffb998448d4f86f0258df69fafd7","readerVersion":"GDAL 3.2.2","processedAt":"2026-08-11T18:29:20.995Z"}}},{"type":"Feature","geometry":{"type":"Point","coordinates":[4.1639738,51.6647692]},"properties":{"dolphinKind":"buoy-special","rawObjectClass":"BOYSPP","sourceProperties":{"RCID":452621668,"PRIM":1,"GRUP":2,"OBJL":19,"RVER":1,"AGEN":7979,"FIDN":452621668,"FIDS":1,"LNAM":"1F2B1AFA75640001","BOYSHP":3,"CATSPM":["50"],"COLOUR":["6"],"SCAMIN":200000,"SORDAT":"20220321","sourceCellId":"1R76W8RI","sourceChecksum":"594255262298aa1b16b325273dc86e44bd51ffb998448d4f86f0258df69fafd7","rawObjectClass":"BOYSPP","sourceStableId":"1F2B1AFA75640001"},"sourceKind":"official","official":true,"sourceCellId":"1R76W8RI","sourceStableId":"1F2B1AFA75640001","pipelineFeatureId":"1R76W8RI/BOYSPP/452621668","provenance":{"cellId":"1R76W8RI","checksum":"594255262298aa1b16b325273dc86e44bd51ffb998448d4f86f0258df69fafd7","readerVersion":"GDAL 3.2.2","processedAt":"2026-08-11T18:29:20.995Z"}}},{"type":"Feature","geometry":{"type":"Point","coordinates":[4.1642333,51.66161]},"properties":{"dolphinKind":"buoy-special","rawObjectClass":"BOYSPP","sourceProperties":{"RCID":1221778964,"PRIM":1,"GRUP":2,"OBJL":19,"RVER":1,"AGEN":7979,"FIDN":1221778964,"FIDS":1,"LNAM":"1F2B48D2DE140001","LNAM_REFS":["1F2B48D2EDB60001","1F2B48D2EE1C0001"],"FFPT_RIND":[2,2],"BOYSHP":3,"CATSPM":["50"],"COLOUR":["6"],"OBJNAM":"KW-O","SCAMIN":200000,"SORDAT":"20250417","SORIND":"NL,1R,Reprt,MD 247-25","sourceCellId":"1R76W8RI","sourceChecksum":"594255262298aa1b16b325273dc86e44bd51ffb998448d4f86f0258df69fafd7","rawObjectClass":"BOYSPP","sourceStableId":"1F2B48D2DE140001"},"sourceKind":"official","official":true,"sourceCellId":"1R76W8RI","sourceStableId":"1F2B48D2DE140001","pipelineFeatureId":"1R76W8RI/BOYSPP/1221778964","provenance":{"cellId":"1R76W8RI","checksum":"594255262298aa1b16b325273dc86e44bd51ffb998448d4f86f0258df69fafd7","readerVersion":"GDAL 3.2.2","processedAt":"2026-08-11T18:29:20.995Z"}}},{"type":"Feature","geometry":{"type":"Point","coordinates":[4.1549,51.6613117]},"properties":{"dolphinKind":"buoy-special","rawObjectClass":"BOYSPP","sourceProperties":{"RCID":1221778965,"PRIM":1,"GRUP":2,"OBJL":19,"RVER":1,"AGEN":7979,"FIDN":1221778965,"FIDS":1,"LNAM":"1F2B48D2DE150001","LNAM_REFS":["1F2B48D2EDB70001","1F2B48D2EE1D0001"],"FFPT_RIND":[2,2],"BOYSHP":3,"CATSPM":["50"],"COLOUR":["6"],"OBJNAM":"KW-W","SCAMIN":200000,"SORDAT":"20250417","SORIND":"NL,1R,Reprt,MD 247-25","sourceCellId":"1R76W8RI","sourceChecksum":"594255262298aa1b16b325273dc86e44bd51ffb998448d4f86f0258df69fafd7","rawObjectClass":"BOYSPP","sourceStableId":"1F2B48D2DE150001"},"sourceKind":"official","official":true,"sourceCellId":"1R76W8RI","sourceStableId":"1F2B48D2DE150001","pipelineFeatureId":"1R76W8RI/BOYSPP/1221778965","provenance":{"cellId":"1R76W8RI","checksum":"594255262298aa1b16b325273dc86e44bd51ffb998448d4f86f0258df69fafd7","readerVersion":"GDAL 3.2.2","processedAt":"2026-08-11T18:29:20.995Z"}}},{"type":"Feature","geometry":{"type":"Point","coordinates":[4.188185,51.6582083]},"properties":{"dolphinKind":"buoy-special","rawObjectClass":"BOYSPP","sourceProperties":{"RCID":1269168337,"PRIM":1,"GRUP":2,"OBJL":19,"RVER":1,"AGEN":7979,"FIDN":1269168337,"FIDS":1,"LNAM":"1F2B4BA5F8D10001","LNAM_REFS":["1F2B4BA5F8D00001"],"FFPT_RIND":[2],"BOYSHP":5,"CATSPM":["50"],"COLOUR":["6"],"CONRAD":3,"OBJNAM":"PV-OW 1","SCAMIN":200000,"SORDAT":"20260402","SORIND":"NL,1R,reprt,MD181-2026","sourceCellId":"1R76W8RI","sourceChecksum":"594255262298aa1b16b325273dc86e44bd51ffb998448d4f86f0258df69fafd7","rawObjectClass":"BOYSPP","sourceStableId":"1F2B4BA5F8D10001"},"sourceKind":"official","official":true,"sourceCellId":"1R76W8RI","sourceStableId":"1F2B4BA5F8D10001","pipelineFeatureId":"1R76W8RI/BOYSPP/1269168337","provenance":{"cellId":"1R76W8RI","checksum":"594255262298aa1b16b325273dc86e44bd51ffb998448d4f86f0258df69fafd7","readerVersion":"GDAL 3.2.2","processedAt":"2026-08-11T18:29:20.995Z"}}},{"type":"Feature","geometry":{"type":"Point","coordinates":[4.1922333,51.654415]},"properties":{"dolphinKind":"buoy-special","rawObjectClass":"BOYSPP","sourceProperties":{"RCID":1269168339,"PRIM":1,"GRUP":2,"OBJL":19,"RVER":1,"AGEN":7979,"FIDN":1269168339,"FIDS":1,"LNAM":"1F2B4BA5F8D30001","LNAM_REFS":["1F2B4BA5F8D20001"],"FFPT_RIND":[2],"BOYSHP":5,"CATSPM":["50"],"COLOUR":["6"],"CONRAD":3,"OBJNAM":"PV-OW 3","SCAMIN":200000,"SORDAT":"20260402","SORIND":"NL,1R,reprt,MD181-2026","sourceCellId":"1R76W8RI","sourceChecksum":"594255262298aa1b16b325273dc86e44bd51ffb998448d4f86f0258df69fafd7","rawObjectClass":"BOYSPP","sourceStableId":"1F2B4BA5F8D30001"},"sourceKind":"official","official":true,"sourceCellId":"1R76W8RI","sourceStableId":"1F2B4BA5F8D30001","pipelineFeatureId":"1R76W8RI/BOYSPP/1269168339","provenance":{"cellId":"1R76W8RI","checksum":"594255262298aa1b16b325273dc86e44bd51ffb998448d4f86f0258df69fafd7","readerVersion":"GDAL 3.2.2","processedAt":"2026-08-11T18:29:20.995Z"}}},{"type":"Feature","geometry":{"type":"Point","coordinates":[4.19643,51.6507233]},"properties":{"dolphinKind":"buoy-special","rawObjectClass":"BOYSPP","sourceProperties":{"RCID":1269168341,"PRIM":1,"GRUP":2,"OBJL":19,"RVER":1,"AGEN":7979,"FIDN":1269168341,"FIDS":1,"LNAM":"1F2B4BA5F8D50001","LNAM_REFS":["1F2B4BA5F8D40001"],"FFPT_RIND":[2],"BOYSHP":5,"CATSPM":["50"],"COLOUR":["6"],"CONRAD":3,"OBJNAM":"PV-OW 5","SCAMIN":200000,"SORDAT":"20260402","SORIND":"NL,1R,reprt,MD181-2026","sourceCellId":"1R76W8RI","sourceChecksum":"594255262298aa1b16b325273dc86e44bd51ffb998448d4f86f0258df69fafd7","rawObjectClass":"BOYSPP","sourceStableId":"1F2B4BA5F8D50001"},"sourceKind":"official","official":true,"sourceCellId":"1R76W8RI","sourceStableId":"1F2B4BA5F8D50001","pipelineFeatureId":"1R76W8RI/BOYSPP/1269168341","provenance":{"cellId":"1R76W8RI","checksum":"594255262298aa1b16b325273dc86e44bd51ffb998448d4f86f0258df69fafd7","readerVersion":"GDAL 3.2.2","processedAt":"2026-08-11T18:29:20.995Z"}}},{"type":"Feature","geometry":{"type":"Point","coordinates":[4.20137,51.6474017]},"properties":{"dolphinKind":"buoy-special","rawObjectClass":"BOYSPP","sourceProperties":{"RCID":1269168343,"PRIM":1,"GRUP":2,"OBJL":19,"RVER":1,"AGEN":7979,"FIDN":1269168343,"FIDS":1,"LNAM":"1F2B4BA5F8D70001","LNAM_REFS":["1F2B4BA5F8D60001"],"FFPT_RIND":[2],"BOYSHP":5,"CATSPM":["50"],"COLOUR":["6"],"CONRAD":3,"OBJNAM":"PV-OW 7","SCAMIN":200000,"SORDAT":"20260402","SORIND":"NL,1R,reprt,MD181-2026","sourceCellId":"1R76W8RI","sourceChecksum":"594255262298aa1b16b325273dc86e44bd51ffb998448d4f86f0258df69fafd7","rawObjectClass":"BOYSPP","sourceStableId":"1F2B4BA5F8D70001"},"sourceKind":"official","official":true,"sourceCellId":"1R76W8RI","sourceStableId":"1F2B4BA5F8D70001","pipelineFeatureId":"1R76W8RI/BOYSPP/1269168343","provenance":{"cellId":"1R76W8RI","checksum":"594255262298aa1b16b325273dc86e44bd51ffb998448d4f86f0258df69fafd7","readerVersion":"GDAL 3.2.2","processedAt":"2026-08-11T18:29:20.995Z"}}},{"type":"Feature","geometry":{"type":"Point","coordinates":[4.20736,51.6448783]},"properties":{"dolphinKind":"buoy-special","rawObjectClass":"BOYSPP","sourceProperties":{"RCID":1269168345,"PRIM":1,"GRUP":2,"OBJL":19,"RVER":1,"AGEN":7979,"FIDN":1269168345,"FIDS":1,"LNAM":"1F2B4BA5F8D90001","LNAM_REFS":["1F2B4BA5F8D80001"],"FFPT_RIND":[2],"BOYSHP":5,"CATSPM":["50"],"COLOUR":["6"],"CONRAD":3,"OBJNAM":"SH-OW 1","SCAMIN":200000,"SORDAT":"20260402","SORIND":"NL,1R,reprt,MD181-2026","sourceCellId":"1R76W8RI","sourceChecksum":"594255262298aa1b16b325273dc86e44bd51ffb998448d4f86f0258df69fafd7","rawObjectClass":"BOYSPP","sourceStableId":"1F2B4BA5F8D90001"},"sourceKind":"official","official":true,"sourceCellId":"1R76W8RI","sourceStableId":"1F2B4BA5F8D90001","pipelineFeatureId":"1R76W8RI/BOYSPP/1269168345","provenance":{"cellId":"1R76W8RI","checksum":"594255262298aa1b16b325273dc86e44bd51ffb998448d4f86f0258df69fafd7","readerVersion":"GDAL 3.2.2","processedAt":"2026-08-11T18:29:20.995Z"}}},{"type":"Feature","geometry":{"type":"Point","coordinates":[4.2126417,51.6416233]},"properties":{"dolphinKind":"buoy-special","rawObjectClass":"BOYSPP","sourceProperties":{"RCID":1269168347,"PRIM":1,"GRUP":2,"OBJL":19,"RVER":1,"AGEN":7979,"FIDN":1269168347,"FIDS":1,"LNAM":"1F2B4BA5F8DB0001","LNAM_REFS":["1F2B4BA5F8DA0001"],"FFPT_RIND":[2],"BOYSHP":5,"CATSPM":["50"],"COLOUR":["6"],"CONRAD":3,"OBJNAM":"SH-OW 3","SCAMIN":200000,"SORDAT":"20260402","SORIND":"NL,1R,reprt,MD181-2026","sourceCellId":"1R76W8RI","sourceChecksum":"594255262298aa1b16b325273dc86e44bd51ffb998448d4f86f0258df69fafd7","rawObjectClass":"BOYSPP","sourceStableId":"1F2B4BA5F8DB0001"},"sourceKind":"official","official":true,"sourceCellId":"1R76W8RI","sourceStableId":"1F2B4BA5F8DB0001","pipelineFeatureId":"1R76W8RI/BOYSPP/1269168347","provenance":{"cellId":"1R76W8RI","checksum":"594255262298aa1b16b325273dc86e44bd51ffb998448d4f86f0258df69fafd7","readerVersion":"GDAL 3.2.2","processedAt":"2026-08-11T18:29:20.995Z"}}},{"type":"Feature","geometry":{"type":"Point","coordinates":[4.2184,51.6390283]},"properties":{"dolphinKind":"buoy-special","rawObjectClass":"BOYSPP","sourceProperties":{"RCID":1269168349,"PRIM":1,"GRUP":2,"OBJL":19,"RVER":1,"AGEN":7979,"FIDN":1269168349,"FIDS":1,"LNAM":"1F2B4BA5F8DD0001","LNAM_REFS":["1F2B4BA5F8DC0001"],"FFPT_RIND":[2],"BOYSHP":5,"CATSPM":["50"],"COLOUR":["6"],"CONRAD":3,"OBJNAM":"SH-OW 5","SCAMIN":200000,"SORDAT":"20260402","SORIND":"NL,1R,reprt,MD181-2026","sourceCellId":"1R76W8RI","sourceChecksum":"594255262298aa1b16b325273dc86e44bd51ffb998448d4f86f0258df69fafd7","rawObjectClass":"BOYSPP","sourceStableId":"1F2B4BA5F8DD0001"},"sourceKind":"official","official":true,"sourceCellId":"1R76W8RI","sourceStableId":"1F2B4BA5F8DD0001","pipelineFeatureId":"1R76W8RI/BOYSPP/1269168349","provenance":{"cellId":"1R76W8RI","checksum":"594255262298aa1b16b325273dc86e44bd51ffb998448d4f86f0258df69fafd7","readerVersion":"GDAL 3.2.2","processedAt":"2026-08-11T18:29:20.995Z"}}},{"type":"Feature","geometry":{"type":"Point","coordinates":[4.2245817,51.6373867]},"properties":{"dolphinKind":"buoy-special","rawObjectClass":"BOYSPP","sourceProperties":{"RCID":1269168351,"PRIM":1,"GRUP":2,"OBJL":19,"RVER":1,"AGEN":7979,"FIDN":1269168351,"FIDS":1,"LNAM":"1F2B4BA5F8DF0001","LNAM_REFS":["1F2B4BA5F8DE0001"],"FFPT_RIND":[2],"BOYSHP":5,"CATSPM":["50"],"COLOUR":["6"],"CONRAD":3,"OBJNAM":"SH-OW 7","SCAMIN":200000,"SORDAT":"20260402","SORIND":"NL,1R,reprt,MD181-2026","sourceCellId":"1R76W8RI","sourceChecksum":"594255262298aa1b16b325273dc86e44bd51ffb998448d4f86f0258df69fafd7","rawObjectClass":"BOYSPP","sourceStableId":"1F2B4BA5F8DF0001"},"sourceKind":"official","official":true,"sourceCellId":"1R76W8RI","sourceStableId":"1F2B4BA5F8DF0001","pipelineFeatureId":"1R76W8RI/BOYSPP/1269168351","provenance":{"cellId":"1R76W8RI","checksum":"594255262298aa1b16b325273dc86e44bd51ffb998448d4f86f0258df69fafd7","readerVersion":"GDAL 3.2.2","processedAt":"2026-08-11T18:29:20.995Z"}}},{"type":"Feature","geometry":{"type":"Point","coordinates":[4.2314533,51.6436833]},"properties":{"dolphinKind":"buoy-special","rawObjectClass":"BOYSPP","sourceProperties":{"RCID":1269168353,"PRIM":1,"GRUP":2,"OBJL":19,"RVER":1,"AGEN":7979,"FIDN":1269168353,"FIDS":1,"LNAM":"1F2B4BA5F8E10001","LNAM_REFS":["1F2B4BA5F8E00001"],"FFPT_RIND":[2],"BOYSHP":5,"CATSPM":["50"],"COLOUR":["6"],"CONRAD":3,"OBJNAM":"NP-OW 2","SCAMIN":200000,"SORDAT":"20260402","SORIND":"NL,1R,reprt,MD181-2026","sourceCellId":"1R76W8RI","sourceChecksum":"594255262298aa1b16b325273dc86e44bd51ffb998448d4f86f0258df69fafd7","rawObjectClass":"BOYSPP","sourceStableId":"1F2B4BA5F8E10001"},"sourceKind":"official","official":true,"sourceCellId":"1R76W8RI","sourceStableId":"1F2B4BA5F8E10001","pipelineFeatureId":"1R76W8RI/BOYSPP/1269168353","provenance":{"cellId":"1R76W8RI","checksum":"594255262298aa1b16b325273dc86e44bd51ffb998448d4f86f0258df69fafd7","readerVersion":"GDAL 3.2.2","processedAt":"2026-08-11T18:29:20.995Z"}}},{"type":"Feature","geometry":{"type":"Point","coordinates":[4.2455933,51.6474383]},"properties":{"dolphinKind":"buoy-special","rawObjectClass":"BOYSPP","sourceProperties":{"RCID":1269168355,"PRIM":1,"GRUP":2,"OBJL":19,"RVER":1,"AGEN":7979,"FIDN":1269168355,"FIDS":1,"LNAM":"1F2B4BA5F8E30001","LNAM_REFS":["1F2B4BA5F8E20001"],"FFPT_RIND":[2],"BOYSHP":5,"CATSPM":["50"],"COLOUR":["6"],"CONRAD":3,"OBJNAM":"NP-OW 5","SCAMIN":200000,"SORDAT":"20260402","SORIND":"NL,1R,reprt,MD181-2026","sourceCellId":"1R76W8RI","sourceChecksum":"594255262298aa1b16b325273dc86e44bd51ffb998448d4f86f0258df69fafd7","rawObjectClass":"BOYSPP","sourceStableId":"1F2B4BA5F8E30001"},"sourceKind":"official","official":true,"sourceCellId":"1R76W8RI","sourceStableId":"1F2B4BA5F8E30001","pipelineFeatureId":"1R76W8RI/BOYSPP/1269168355","provenance":{"cellId":"1R76W8RI","checksum":"594255262298aa1b16b325273dc86e44bd51ffb998448d4f86f0258df69fafd7","readerVersion":"GDAL 3.2.2","processedAt":"2026-08-11T18:29:20.995Z"}}},{"type":"Feature","geometry":{"type":"Point","coordinates":[4.2399617,51.6484233]},"properties":{"dolphinKind":"buoy-special","rawObjectClass":"BOYSPP","sourceProperties":{"RCID":1269168357,"PRIM":1,"GRUP":2,"OBJL":19,"RVER":1,"AGEN":7979,"FIDN":1269168357,"FIDS":1,"LNAM":"1F2B4BA5F8E50001","LNAM_REFS":["1F2B4BA5F8E40001"],"FFPT_RIND":[2],"BOYSHP":5,"CATSPM":["50"],"COLOUR":["6"],"CONRAD":3,"OBJNAM":"NP-OW 3","SCAMIN":200000,"SORDAT":"20260402","SORIND":"NL,1R,reprt,MD181-2026","sourceCellId":"1R76W8RI","sourceChecksum":"594255262298aa1b16b325273dc86e44bd51ffb998448d4f86f0258df69fafd7","rawObjectClass":"BOYSPP","sourceStableId":"1F2B4BA5F8E50001"},"sourceKind":"official","official":true,"sourceCellId":"1R76W8RI","sourceStableId":"1F2B4BA5F8E50001","pipelineFeatureId":"1R76W8RI/BOYSPP/1269168357","provenance":{"cellId":"1R76W8RI","checksum":"594255262298aa1b16b325273dc86e44bd51ffb998448d4f86f0258df69fafd7","readerVersion":"GDAL 3.2.2","processedAt":"2026-08-11T18:29:20.995Z"}}},{"type":"Feature","geometry":{"type":"Point","coordinates":[4.2344683,51.6475717]},"properties":{"dolphinKind":"buoy-special","rawObjectClass":"BOYSPP","sourceProperties":{"RCID":1269168359,"PRIM":1,"GRUP":2,"OBJL":19,"RVER":1,"AGEN":7979,"FIDN":1269168359,"FIDS":1,"LNAM":"1F2B4BA5F8E70001","LNAM_REFS":["1F2B4BA5F8E60001"],"FFPT_RIND":[2],"BOYSHP":5,"CATSPM":["50"],"COLOUR":["6"],"CONRAD":3,"OBJNAM":"NP-OW 1","SCAMIN":200000,"SORDAT":"20260402","SORIND":"NL,1R,reprt,MD181-2026","sourceCellId":"1R76W8RI","sourceChecksum":"594255262298aa1b16b325273dc86e44bd51ffb998448d4f86f0258df69fafd7","rawObjectClass":"BOYSPP","sourceStableId":"1F2B4BA5F8E70001"},"sourceKind":"official","official":true,"sourceCellId":"1R76W8RI","sourceStableId":"1F2B4BA5F8E70001","pipelineFeatureId":"1R76W8RI/BOYSPP/1269168359","provenance":{"cellId":"1R76W8RI","checksum":"594255262298aa1b16b325273dc86e44bd51ffb998448d4f86f0258df69fafd7","readerVersion":"GDAL 3.2.2","processedAt":"2026-08-11T18:29:20.995Z"}}},{"type":"Feature","geometry":{"type":"Point","coordinates":[4.1826434,51.6607705]},"properties":{"dolphinKind":"light","rawObjectClass":"LIGHTS","sourceProperties":{"RCID":19670,"PRIM":1,"GRUP":2,"OBJL":75,"RVER":1,"AGEN":7979,"FIDN":1106834753,"FIDS":371,"LNAM":"1F2B41F8F5410173","COLOUR":["3"],"LITCHR":1,"SCAMIN":200000,"sourceCellId":"1R76W8RI","sourceChecksum":"594255262298aa1b16b325273dc86e44bd51ffb998448d4f86f0258df69fafd7","rawObjectClass":"LIGHTS","sourceStableId":"1F2B41F8F5410173"},"sourceKind":"official","official":true,"sourceCellId":"1R76W8RI","sourceStableId":"1F2B41F8F5410173","pipelineFeatureId":"1R76W8RI/LIGHTS/19670","provenance":{"cellId":"1R76W8RI","checksum":"594255262298aa1b16b325273dc86e44bd51ffb998448d4f86f0258df69fafd7","readerVersion":"GDAL 3.2.2","processedAt":"2026-08-11T18:29:20.995Z"}}},{"type":"Feature","geometry":{"type":"Point","coordinates":[4.1828601,51.6629481]},"properties":{"dolphinKind":"light","rawObjectClass":"LIGHTS","sourceProperties":{"RCID":19671,"PRIM":1,"GRUP":2,"OBJL":75,"RVER":1,"AGEN":7979,"FIDN":1106834753,"FIDS":372,"LNAM":"1F2B41F8F5410174","COLOUR":["4","1","4","1"],"LITCHR":1,"SCAMIN":200000,"sourceCellId":"1R76W8RI","sourceChecksum":"594255262298aa1b16b325273dc86e44bd51ffb998448d4f86f0258df69fafd7","rawObjectClass":"LIGHTS","sourceStableId":"1F2B41F8F5410174"},"sourceKind":"official","official":true,"sourceCellId":"1R76W8RI","sourceStableId":"1F2B41F8F5410174","pipelineFeatureId":"1R76W8RI/LIGHTS/19671","provenance":{"cellId":"1R76W8RI","checksum":"594255262298aa1b16b325273dc86e44bd51ffb998448d4f86f0258df69fafd7","readerVersion":"GDAL 3.2.2","processedAt":"2026-08-11T18:29:20.995Z"}}},{"type":"Feature","geometry":{"type":"Point","coordinates":[4.1742852,51.6654877]},"properties":{"dolphinKind":"light","rawObjectClass":"LIGHTS","sourceProperties":{"RCID":19672,"PRIM":1,"GRUP":2,"OBJL":75,"RVER":1,"AGEN":7979,"FIDN":1106834753,"FIDS":373,"LNAM":"1F2B41F8F5410175","COLOUR":["3"],"LITCHR":1,"SCAMIN":200000,"sourceCellId":"1R76W8RI","sourceChecksum":"594255262298aa1b16b325273dc86e44bd51ffb998448d4f86f0258df69fafd7","rawObjectClass":"LIGHTS","sourceStableId":"1F2B41F8F5410175"},"sourceKind":"official","official":true,"sourceCellId":"1R76W8RI","sourceStableId":"1F2B41F8F5410175","pipelineFeatureId":"1R76W8RI/LIGHTS/19672","provenance":{"cellId":"1R76W8RI","checksum":"594255262298aa1b16b325273dc86e44bd51ffb998448d4f86f0258df69fafd7","readerVersion":"GDAL 3.2.2","processedAt":"2026-08-11T18:29:20.995Z"}}},{"type":"Feature","geometry":{"type":"Point","coordinates":[4.1742403,51.6668288]},"properties":{"dolphinKind":"light","rawObjectClass":"LIGHTS","sourceProperties":{"RCID":19673,"PRIM":1,"GRUP":2,"OBJL":75,"RVER":1,"AGEN":7979,"FIDN":1106834753,"FIDS":374,"LNAM":"1F2B41F8F5410176","COLOUR":["4"],"LITCHR":1,"SCAMIN":200000,"sourceCellId":"1R76W8RI","sourceChecksum":"594255262298aa1b16b325273dc86e44bd51ffb998448d4f86f0258df69fafd7","rawObjectClass":"LIGHTS","sourceStableId":"1F2B41F8F5410176"},"sourceKind":"official","official":true,"sourceCellId":"1R76W8RI","sourceStableId":"1F2B41F8F5410176","pipelineFeatureId":"1R76W8RI/LIGHTS/19673","provenance":{"cellId":"1R76W8RI","checksum":"594255262298aa1b16b325273dc86e44bd51ffb998448d4f86f0258df69fafd7","readerVersion":"GDAL 3.2.2","processedAt":"2026-08-11T18:29:20.995Z"}}},{"type":"Feature","geometry":{"type":"Point","coordinates":[4.2355576,51.6321056]},"properties":{"dolphinKind":"light","rawObjectClass":"LIGHTS","sourceProperties":{"RCID":19679,"PRIM":1,"GRUP":2,"OBJL":75,"RVER":1,"AGEN":7979,"FIDN":1106834753,"FIDS":380,"LNAM":"1F2B41F8F541017C","COLOUR":["4"],"LITCHR":7,"SIGGRP":"(1)","SIGPER":4,"SCAMIN":200000,"sourceCellId":"1R76W8RI","sourceChecksum":"594255262298aa1b16b325273dc86e44bd51ffb998448d4f86f0258df69fafd7","rawObjectClass":"LIGHTS","sourceStableId":"1F2B41F8F541017C"},"sourceKind":"official","official":true,"sourceCellId":"1R76W8RI","sourceStableId":"1F2B41F8F541017C","pipelineFeatureId":"1R76W8RI/LIGHTS/19679","provenance":{"cellId":"1R76W8RI","checksum":"594255262298aa1b16b325273dc86e44bd51ffb998448d4f86f0258df69fafd7","readerVersion":"GDAL 3.2.2","processedAt":"2026-08-11T18:29:20.995Z"}}},{"type":"Feature","geometry":{"type":"Point","coordinates":[4.2424205,51.6336646]},"properties":{"dolphinKind":"light","rawObjectClass":"LIGHTS","sourceProperties":{"RCID":19681,"PRIM":1,"GRUP":2,"OBJL":75,"RVER":1,"AGEN":7979,"FIDN":1106834753,"FIDS":382,"LNAM":"1F2B41F8F541017E","COLOUR":["4"],"LITCHR":7,"SIGGRP":"(1)","SIGPER":4,"SCAMIN":200000,"sourceCellId":"1R76W8RI","sourceChecksum":"594255262298aa1b16b325273dc86e44bd51ffb998448d4f86f0258df69fafd7","rawObjectClass":"LIGHTS","sourceStableId":"1F2B41F8F541017E"},"sourceKind":"official","official":true,"sourceCellId":"1R76W8RI","sourceStableId":"1F2B41F8F541017E","pipelineFeatureId":"1R76W8RI/LIGHTS/19681","provenance":{"cellId":"1R76W8RI","checksum":"594255262298aa1b16b325273dc86e44bd51ffb998448d4f86f0258df69fafd7","readerVersion":"GDAL 3.2.2","processedAt":"2026-08-11T18:29:20.995Z"}}},{"type":"Feature","geometry":{"type":"Point","coordinates":[4.2286857,51.6303845]},"properties":{"dolphinKind":"light","rawObjectClass":"LIGHTS","sourceProperties":{"RCID":19683,"PRIM":1,"GRUP":2,"OBJL":75,"RVER":1,"AGEN":7979,"FIDN":1106834753,"FIDS":384,"LNAM":"1F2B41F8F5410180","COLOUR":["4"],"LITCHR":7,"SIGGRP":"(1)","SIGPER":4,"SCAMIN":200000,"sourceCellId":"1R76W8RI","sourceChecksum":"594255262298aa1b16b325273dc86e44bd51ffb998448d4f86f0258df69fafd7","rawObjectClass":"LIGHTS","sourceStableId":"1F2B41F8F5410180"},"sourceKind":"official","official":true,"sourceCellId":"1R76W8RI","sourceStableId":"1F2B41F8F5410180","pipelineFeatureId":"1R76W8RI/LIGHTS/19683","provenance":{"cellId":"1R76W8RI","checksum":"594255262298aa1b16b325273dc86e44bd51ffb998448d4f86f0258df69fafd7","readerVersion":"GDAL 3.2.2","processedAt":"2026-08-11T18:29:20.995Z"}}},{"type":"Feature","geometry":{"type":"Point","coordinates":[4.2335726,51.6344412]},"properties":{"dolphinKind":"light","rawObjectClass":"LIGHTS","sourceProperties":{"RCID":19686,"PRIM":1,"GRUP":2,"OBJL":75,"RVER":1,"AGEN":7979,"FIDN":1106834753,"FIDS":387,"LNAM":"1F2B41F8F5410183","CATLIT":["4"],"COLOUR":["1"],"LITCHR":7,"SIGGRP":"(1)","SIGPER":8,"INFORM":"Gedeeld licht van lijnen 134 en 245 deg.","SCAMIN":200000,"sourceCellId":"1R76W8RI","sourceChecksum":"594255262298aa1b16b325273dc86e44bd51ffb998448d4f86f0258df69fafd7","rawObjectClass":"LIGHTS","sourceStableId":"1F2B41F8F5410183"},"sourceKind":"official","official":true,"sourceCellId":"1R76W8RI","sourceStableId":"1F2B41F8F5410183","pipelineFeatureId":"1R76W8RI/LIGHTS/19686","provenance":{"cellId":"1R76W8RI","checksum":"594255262298aa1b16b325273dc86e44bd51ffb998448d4f86f0258df69fafd7","readerVersion":"GDAL 3.2.2","processedAt":"2026-08-11T18:29:20.995Z"}}},{"type":"Feature","geometry":{"type":"Point","coordinates":[4.2328774,51.6348582]},"properties":{"dolphinKind":"light","rawObjectClass":"LIGHTS","sourceProperties":{"RCID":19687,"PRIM":1,"GRUP":2,"OBJL":75,"RVER":1,"AGEN":7979,"FIDN":1106834753,"FIDS":388,"LNAM":"1F2B41F8F5410184","CATLIT":["4"],"COLOUR":["1"],"LITCHR":7,"SIGGRP":"(1)","SIGPER":8,"INFORM":"Lage licht van lijn 134 deg.","SCAMIN":200000,"sourceCellId":"1R76W8RI","sourceChecksum":"594255262298aa1b16b325273dc86e44bd51ffb998448d4f86f0258df69fafd7","rawObjectClass":"LIGHTS","sourceStableId":"1F2B41F8F5410184"},"sourceKind":"official","official":true,"sourceCellId":"1R76W8RI","sourceStableId":"1F2B41F8F5410184","pipelineFeatureId":"1R76W8RI/LIGHTS/19687","provenance":{"cellId":"1R76W8RI","checksum":"594255262298aa1b16b325273dc86e44bd51ffb998448d4f86f0258df69fafd7","readerVersion":"GDAL 3.2.2","processedAt":"2026-08-11T18:29:20.995Z"}}},{"type":"Feature","geometry":{"type":"Point","coordinates":[4.2304283,51.6335305]},"properties":{"dolphinKind":"light","rawObjectClass":"LIGHTS","sourceProperties":{"RCID":19688,"PRIM":1,"GRUP":2,"OBJL":75,"RVER":1,"AGEN":7979,"FIDN":1106834753,"FIDS":389,"LNAM":"1F2B41F8F5410185","CATLIT":["4"],"COLOUR":["1"],"LITCHR":7,"SIGGRP":"(1)","SIGPER":8,"INFORM":"Hoge licht van lijn 245 deg.","SCAMIN":200000,"sourceCellId":"1R76W8RI","sourceChecksum":"594255262298aa1b16b325273dc86e44bd51ffb998448d4f86f0258df69fafd7","rawObjectClass":"LIGHTS","sourceStableId":"1F2B41F8F5410185"},"sourceKind":"official","official":true,"sourceCellId":"1R76W8RI","sourceStableId":"1F2B41F8F5410185","pipelineFeatureId":"1R76W8RI/LIGHTS/19688","provenance":{"cellId":"1R76W8RI","checksum":"594255262298aa1b16b325273dc86e44bd51ffb998448d4f86f0258df69fafd7","readerVersion":"GDAL 3.2.2","processedAt":"2026-08-11T18:29:20.995Z"}}},{"type":"Feature","geometry":{"type":"Point","coordinates":[4.1376116,51.6621537]},"properties":{"dolphinKind":"light","rawObjectClass":"LIGHTS","sourceProperties":{"RCID":19829,"PRIM":1,"GRUP":2,"OBJL":75,"RVER":1,"AGEN":7979,"FIDN":1106834754,"FIDS":275,"LNAM":"1F2B41F8F5420113","COLOUR":["3"],"LITCHR":1,"SCAMIN":200000,"sourceCellId":"1R76W8RI","sourceChecksum":"594255262298aa1b16b325273dc86e44bd51ffb998448d4f86f0258df69fafd7","rawObjectClass":"LIGHTS","sourceStableId":"1F2B41F8F5420113"},"sourceKind":"official","official":true,"sourceCellId":"1R76W8RI","sourceStableId":"1F2B41F8F5420113","pipelineFeatureId":"1R76W8RI/LIGHTS/19829","provenance":{"cellId":"1R76W8RI","checksum":"594255262298aa1b16b325273dc86e44bd51ffb998448d4f86f0258df69fafd7","readerVersion":"GDAL 3.2.2","processedAt":"2026-08-11T18:29:20.995Z"}}},{"type":"Feature","geometry":{"type":"Point","coordinates":[4.1378092,51.6596719]},"properties":{"dolphinKind":"light","rawObjectClass":"LIGHTS","sourceProperties":{"RCID":19830,"PRIM":1,"GRUP":2,"OBJL":75,"RVER":1,"AGEN":7979,"FIDN":1106834754,"FIDS":276,"LNAM":"1F2B41F8F5420114","COLOUR":["4"],"LITCHR":1,"SCAMIN":200000,"sourceCellId":"1R76W8RI","sourceChecksum":"594255262298aa1b16b325273dc86e44bd51ffb998448d4f86f0258df69fafd7","rawObjectClass":"LIGHTS","sourceStableId":"1F2B41F8F5420114"},"sourceKind":"official","official":true,"sourceCellId":"1R76W8RI","sourceStableId":"1F2B41F8F5420114","pipelineFeatureId":"1R76W8RI/LIGHTS/19830","provenance":{"cellId":"1R76W8RI","checksum":"594255262298aa1b16b325273dc86e44bd51ffb998448d4f86f0258df69fafd7","readerVersion":"GDAL 3.2.2","processedAt":"2026-08-11T18:29:20.995Z"}}},{"type":"Feature","geometry":{"type":"Point","coordinates":[4.153961,51.6656081]},"properties":{"dolphinKind":"light","rawObjectClass":"LIGHTS","sourceProperties":{"RCID":19833,"PRIM":1,"GRUP":2,"OBJL":75,"RVER":1,"AGEN":7979,"FIDN":1106834754,"FIDS":279,"LNAM":"1F2B41F8F5420117","COLOUR":["4"],"LITCHR":1,"SCAMIN":200000,"sourceCellId":"1R76W8RI","sourceChecksum":"594255262298aa1b16b325273dc86e44bd51ffb998448d4f86f0258df69fafd7","rawObjectClass":"LIGHTS","sourceStableId":"1F2B41F8F5420117"},"sourceKind":"official","official":true,"sourceCellId":"1R76W8RI","sourceStableId":"1F2B41F8F5420117","pipelineFeatureId":"1R76W8RI/LIGHTS/19833","provenance":{"cellId":"1R76W8RI","checksum":"594255262298aa1b16b325273dc86e44bd51ffb998448d4f86f0258df69fafd7","readerVersion":"GDAL 3.2.2","processedAt":"2026-08-11T18:29:20.995Z"}}},{"type":"Feature","geometry":{"type":"Point","coordinates":[4.1556588,51.6656752]},"properties":{"dolphinKind":"light","rawObjectClass":"LIGHTS","sourceProperties":{"RCID":19834,"PRIM":1,"GRUP":2,"OBJL":75,"RVER":1,"AGEN":7979,"FIDN":1106834754,"FIDS":280,"LNAM":"1F2B41F8F5420118","COLOUR":["3"],"LITCHR":1,"SCAMIN":200000,"sourceCellId":"1R76W8RI","sourceChecksum":"594255262298aa1b16b325273dc86e44bd51ffb998448d4f86f0258df69fafd7","rawObjectClass":"LIGHTS","sourceStableId":"1F2B41F8F5420118"},"sourceKind":"official","official":true,"sourceCellId":"1R76W8RI","sourceStableId":"1F2B41F8F5420118","pipelineFeatureId":"1R76W8RI/LIGHTS/19834","provenance":{"cellId":"1R76W8RI","checksum":"594255262298aa1b16b325273dc86e44bd51ffb998448d4f86f0258df69fafd7","readerVersion":"GDAL 3.2.2","processedAt":"2026-08-11T18:29:20.995Z"}}},{"type":"Feature","geometry":{"type":"Point","coordinates":[4.2805,51.655]},"properties":{"dolphinKind":"light","rawObjectClass":"LIGHTS","sourceProperties":{"RCID":20144,"PRIM":1,"GRUP":2,"OBJL":75,"RVER":1,"AGEN":7979,"FIDN":1106834755,"FIDS":335,"LNAM":"1F2B41F8F543014F","CATLIT":["4","15"],"COLOUR":["1"],"LITCHR":7,"SIGGRP":"(1)","SIGPER":6,"SCAMIN":200000,"sourceCellId":"1R76W8RI","sourceChecksum":"594255262298aa1b16b325273dc86e44bd51ffb998448d4f86f0258df69fafd7","rawObjectClass":"LIGHTS","sourceStableId":"1F2B41F8F543014F"},"sourceKind":"official","official":true,"sourceCellId":"1R76W8RI","sourceStableId":"1F2B41F8F543014F","pipelineFeatureId":"1R76W8RI/LIGHTS/20144","provenance":{"cellId":"1R76W8RI","checksum":"594255262298aa1b16b325273dc86e44bd51ffb998448d4f86f0258df69fafd7","readerVersion":"GDAL 3.2.2","processedAt":"2026-08-11T18:29:20.995Z"}}},{"type":"Feature","geometry":{"type":"Point","coordinates":[4.2833293,51.6551847]},"properties":{"dolphinKind":"light","rawObjectClass":"LIGHTS","sourceProperties":{"RCID":20145,"PRIM":1,"GRUP":2,"OBJL":75,"RVER":1,"AGEN":7979,"FIDN":1106834755,"FIDS":336,"LNAM":"1F2B41F8F5430150","CATLIT":["4","14"],"COLOUR":["1"],"LITCHR":7,"SIGGRP":"(1)","SIGPER":6,"SCAMIN":200000,"sourceCellId":"1R76W8RI","sourceChecksum":"594255262298aa1b16b325273dc86e44bd51ffb998448d4f86f0258df69fafd7","rawObjectClass":"LIGHTS","sourceStableId":"1F2B41F8F5430150"},"sourceKind":"official","official":true,"sourceCellId":"1R76W8RI","sourceStableId":"1F2B41F8F5430150","pipelineFeatureId":"1R76W8RI/LIGHTS/20145","provenance":{"cellId":"1R76W8RI","checksum":"594255262298aa1b16b325273dc86e44bd51ffb998448d4f86f0258df69fafd7","readerVersion":"GDAL 3.2.2","processedAt":"2026-08-11T18:29:20.995Z"}}},{"type":"Feature","geometry":{"type":"Point","coordinates":[4.14646,51.6747471]},"properties":{"dolphinKind":"light","rawObjectClass":"LIGHTS","sourceProperties":{"RCID":20200,"PRIM":1,"GRUP":2,"OBJL":75,"RVER":1,"AGEN":7979,"FIDN":1106834755,"FIDS":391,"LNAM":"1F2B41F8F5430187","COLOUR":["3"],"LITCHR":1,"SCAMIN":200000,"sourceCellId":"1R76W8RI","sourceChecksum":"594255262298aa1b16b325273dc86e44bd51ffb998448d4f86f0258df69fafd7","rawObjectClass":"LIGHTS","sourceStableId":"1F2B41F8F5430187"},"sourceKind":"official","official":true,"sourceCellId":"1R76W8RI","sourceStableId":"1F2B41F8F5430187","pipelineFeatureId":"1R76W8RI/LIGHTS/20200","provenance":{"cellId":"1R76W8RI","checksum":"594255262298aa1b16b325273dc86e44bd51ffb998448d4f86f0258df69fafd7","readerVersion":"GDAL 3.2.2","processedAt":"2026-08-11T18:29:20.995Z"}}},{"type":"Feature","geometry":{"type":"Point","coordinates":[4.2159194,51.6408611]},"properties":{"dolphinKind":"light","rawObjectClass":"LIGHTS","sourceProperties":{"RCID":8631374,"PRIM":1,"GRUP":2,"OBJL":75,"RVER":1,"AGEN":7979,"FIDN":8631374,"FIDS":1,"LNAM":"1F2B0083B44E0001","COLOUR":["4"],"LITCHR":3,"SIGGRP":"(1)","SIGPER":8,"SCAMIN":200000,"sourceCellId":"1R76W8RI","sourceChecksum":"594255262298aa1b16b325273dc86e44bd51ffb998448d4f86f0258df69fafd7","rawObjectClass":"LIGHTS","sourceStableId":"1F2B0083B44E0001"},"sourceKind":"official","official":true,"sourceCellId":"1R76W8RI","sourceStableId":"1F2B0083B44E0001","pipelineFeatureId":"1R76W8RI/LIGHTS/8631374","provenance":{"cellId":"1R76W8RI","checksum":"594255262298aa1b16b325273dc86e44bd51ffb998448d4f86f0258df69fafd7","readerVersion":"GDAL 3.2.2","processedAt":"2026-08-11T18:29:20.995Z"}}},{"type":"Feature","geometry":{"type":"Point","coordinates":[4.2396695,51.6361389]},"properties":{"dolphinKind":"light","rawObjectClass":"LIGHTS","sourceProperties":{"RCID":8632817,"PRIM":1,"GRUP":2,"OBJL":75,"RVER":1,"AGEN":7979,"FIDN":8632817,"FIDS":1,"LNAM":"1F2B0083B9F10001","COLOUR":["1"],"LITCHR":7,"SIGGRP":"(1)","SIGPER":2,"SCAMIN":200000,"sourceCellId":"1R76W8RI","sourceChecksum":"594255262298aa1b16b325273dc86e44bd51ffb998448d4f86f0258df69fafd7","rawObjectClass":"LIGHTS","sourceStableId":"1F2B0083B9F10001"},"sourceKind":"official","official":true,"sourceCellId":"1R76W8RI","sourceStableId":"1F2B0083B9F10001","pipelineFeatureId":"1R76W8RI/LIGHTS/8632817","provenance":{"cellId":"1R76W8RI","checksum":"594255262298aa1b16b325273dc86e44bd51ffb998448d4f86f0258df69fafd7","readerVersion":"GDAL 3.2.2","processedAt":"2026-08-11T18:29:20.995Z"}}},{"type":"Feature","geometry":{"type":"Point","coordinates":[4.2268917,51.6371111]},"properties":{"dolphinKind":"light","rawObjectClass":"LIGHTS","sourceProperties":{"RCID":8632818,"PRIM":1,"GRUP":2,"OBJL":75,"RVER":1,"AGEN":7979,"FIDN":8632818,"FIDS":1,"LNAM":"1F2B0083B9F20001","COLOUR":["4"],"LITCHR":3,"SIGGRP":"(1)","SIGPER":5,"SCAMIN":200000,"sourceCellId":"1R76W8RI","sourceChecksum":"594255262298aa1b16b325273dc86e44bd51ffb998448d4f86f0258df69fafd7","rawObjectClass":"LIGHTS","sourceStableId":"1F2B0083B9F20001"},"sourceKind":"official","official":true,"sourceCellId":"1R76W8RI","sourceStableId":"1F2B0083B9F20001","pipelineFeatureId":"1R76W8RI/LIGHTS/8632818","provenance":{"cellId":"1R76W8RI","checksum":"594255262298aa1b16b325273dc86e44bd51ffb998448d4f86f0258df69fafd7","readerVersion":"GDAL 3.2.2","processedAt":"2026-08-11T18:29:20.995Z"}}},{"type":"Feature","geometry":{"type":"Point","coordinates":[4.3238383,51.6611383]},"properties":{"dolphinKind":"light","rawObjectClass":"LIGHTS","sourceProperties":{"RCID":8632821,"PRIM":1,"GRUP":2,"OBJL":75,"RVER":1,"AGEN":7979,"FIDN":8632821,"FIDS":1,"LNAM":"1F2B0083B9F50001","COLOUR":["3"],"LITCHR":3,"SIGGRP":"(1)","SIGPER":5,"SCAMIN":200000,"sourceCellId":"1R76W8RI","sourceChecksum":"594255262298aa1b16b325273dc86e44bd51ffb998448d4f86f0258df69fafd7","rawObjectClass":"LIGHTS","sourceStableId":"1F2B0083B9F50001"},"sourceKind":"official","official":true,"sourceCellId":"1R76W8RI","sourceStableId":"1F2B0083B9F50001","pipelineFeatureId":"1R76W8RI/LIGHTS/8632821","provenance":{"cellId":"1R76W8RI","checksum":"594255262298aa1b16b325273dc86e44bd51ffb998448d4f86f0258df69fafd7","readerVersion":"GDAL 3.2.2","processedAt":"2026-08-11T18:29:20.995Z"}}},{"type":"Feature","geometry":{"type":"Point","coordinates":[4.1934167,51.6628055]},"properties":{"dolphinKind":"light","rawObjectClass":"LIGHTS","sourceProperties":{"RCID":8632823,"PRIM":1,"GRUP":2,"OBJL":75,"RVER":1,"AGEN":7979,"FIDN":8632823,"FIDS":1,"LNAM":"1F2B0083B9F70001","COLOUR":["3"],"LITCHR":3,"SIGGRP":"(1)","SIGPER":5,"SCAMIN":200000,"sourceCellId":"1R76W8RI","sourceChecksum":"594255262298aa1b16b325273dc86e44bd51ffb998448d4f86f0258df69fafd7","rawObjectClass":"LIGHTS","sourceStableId":"1F2B0083B9F70001"},"sourceKind":"official","official":true,"sourceCellId":"1R76W8RI","sourceStableId":"1F2B0083B9F70001","pipelineFeatureId":"1R76W8RI/LIGHTS/8632823","provenance":{"cellId":"1R76W8RI","checksum":"594255262298aa1b16b325273dc86e44bd51ffb998448d4f86f0258df69fafd7","readerVersion":"GDAL 3.2.2","processedAt":"2026-08-11T18:29:20.995Z"}}},{"type":"Feature","geometry":{"type":"Point","coordinates":[4.2945305,51.6500278]},"properties":{"dolphinKind":"light","rawObjectClass":"LIGHTS","sourceProperties":{"RCID":8632824,"PRIM":1,"GRUP":2,"OBJL":75,"RVER":1,"AGEN":7979,"FIDN":8632824,"FIDS":1,"LNAM":"1F2B0083B9F80001","COLOUR":["4"],"LITCHR":3,"SIGGRP":"(1)","SIGPER":5,"SCAMIN":200000,"sourceCellId":"1R76W8RI","sourceChecksum":"594255262298aa1b16b325273dc86e44bd51ffb998448d4f86f0258df69fafd7","rawObjectClass":"LIGHTS","sourceStableId":"1F2B0083B9F80001"},"sourceKind":"official","official":true,"sourceCellId":"1R76W8RI","sourceStableId":"1F2B0083B9F80001","pipelineFeatureId":"1R76W8RI/LIGHTS/8632824","provenance":{"cellId":"1R76W8RI","checksum":"594255262298aa1b16b325273dc86e44bd51ffb998448d4f86f0258df69fafd7","readerVersion":"GDAL 3.2.2","processedAt":"2026-08-11T18:29:20.995Z"}}},{"type":"Feature","geometry":{"type":"Point","coordinates":[4.3248111,51.6555833]},"properties":{"dolphinKind":"light","rawObjectClass":"LIGHTS","sourceProperties":{"RCID":8632825,"PRIM":1,"GRUP":2,"OBJL":75,"RVER":1,"AGEN":7979,"FIDN":8632825,"FIDS":1,"LNAM":"1F2B0083B9F90001","COLOUR":["4"],"LITCHR":3,"SIGGRP":"(1)","SIGPER":5,"SCAMIN":200000,"sourceCellId":"1R76W8RI","sourceChecksum":"594255262298aa1b16b325273dc86e44bd51ffb998448d4f86f0258df69fafd7","rawObjectClass":"LIGHTS","sourceStableId":"1F2B0083B9F90001"},"sourceKind":"official","official":true,"sourceCellId":"1R76W8RI","sourceStableId":"1F2B0083B9F90001","pipelineFeatureId":"1R76W8RI/LIGHTS/8632825","provenance":{"cellId":"1R76W8RI","checksum":"594255262298aa1b16b325273dc86e44bd51ffb998448d4f86f0258df69fafd7","readerVersion":"GDAL 3.2.2","processedAt":"2026-08-11T18:29:20.995Z"}}},{"type":"Feature","geometry":{"type":"Point","coordinates":[4.2067167,51.647475]},"properties":{"dolphinKind":"light","rawObjectClass":"LIGHTS","sourceProperties":{"RCID":8632826,"PRIM":1,"GRUP":2,"OBJL":75,"RVER":1,"AGEN":7979,"FIDN":8632826,"FIDS":1,"LNAM":"1F2B0083B9FA0001","COLOUR":["4"],"LITCHR":3,"SIGGRP":"(1)","SIGPER":5,"SCAMIN":200000,"sourceCellId":"1R76W8RI","sourceChecksum":"594255262298aa1b16b325273dc86e44bd51ffb998448d4f86f0258df69fafd7","rawObjectClass":"LIGHTS","sourceStableId":"1F2B0083B9FA0001"},"sourceKind":"official","official":true,"sourceCellId":"1R76W8RI","sourceStableId":"1F2B0083B9FA0001","pipelineFeatureId":"1R76W8RI/LIGHTS/8632826","provenance":{"cellId":"1R76W8RI","checksum":"594255262298aa1b16b325273dc86e44bd51ffb998448d4f86f0258df69fafd7","readerVersion":"GDAL 3.2.2","processedAt":"2026-08-11T18:29:20.995Z"}}},{"type":"Feature","geometry":{"type":"Point","coordinates":[4.1871667,51.659889]},"properties":{"dolphinKind":"light","rawObjectClass":"LIGHTS","sourceProperties":{"RCID":8632827,"PRIM":1,"GRUP":2,"OBJL":75,"RVER":1,"AGEN":7979,"FIDN":8632827,"FIDS":1,"LNAM":"1F2B0083B9FB0001","COLOUR":["4"],"LITCHR":3,"SIGGRP":"(1)","SIGPER":5,"SCAMIN":200000,"sourceCellId":"1R76W8RI","sourceChecksum":"594255262298aa1b16b325273dc86e44bd51ffb998448d4f86f0258df69fafd7","rawObjectClass":"LIGHTS","sourceStableId":"1F2B0083B9FB0001"},"sourceKind":"official","official":true,"sourceCellId":"1R76W8RI","sourceStableId":"1F2B0083B9FB0001","pipelineFeatureId":"1R76W8RI/LIGHTS/8632827","provenance":{"cellId":"1R76W8RI","checksum":"594255262298aa1b16b325273dc86e44bd51ffb998448d4f86f0258df69fafd7","readerVersion":"GDAL 3.2.2","processedAt":"2026-08-11T18:29:20.995Z"}}},{"type":"Feature","geometry":{"type":"Point","coordinates":[4.2691139,51.6411389]},"properties":{"dolphinKind":"light","rawObjectClass":"LIGHTS","sourceProperties":{"RCID":8632828,"PRIM":1,"GRUP":2,"OBJL":75,"RVER":1,"AGEN":7979,"FIDN":8632828,"FIDS":1,"LNAM":"1F2B0083B9FC0001","COLOUR":["4"],"LITCHR":3,"SIGGRP":"(1)","SIGPER":5,"SCAMIN":200000,"sourceCellId":"1R76W8RI","sourceChecksum":"594255262298aa1b16b325273dc86e44bd51ffb998448d4f86f0258df69fafd7","rawObjectClass":"LIGHTS","sourceStableId":"1F2B0083B9FC0001"},"sourceKind":"official","official":true,"sourceCellId":"1R76W8RI","sourceStableId":"1F2B0083B9FC0001","pipelineFeatureId":"1R76W8RI/LIGHTS/8632828","provenance":{"cellId":"1R76W8RI","checksum":"594255262298aa1b16b325273dc86e44bd51ffb998448d4f86f0258df69fafd7","readerVersion":"GDAL 3.2.2","processedAt":"2026-08-11T18:29:20.995Z"}}},{"type":"Feature","geometry":{"type":"Point","coordinates":[4.3095333,51.6536389]},"properties":{"dolphinKind":"light","rawObjectClass":"LIGHTS","sourceProperties":{"RCID":8632829,"PRIM":1,"GRUP":2,"OBJL":75,"RVER":1,"AGEN":7979,"FIDN":8632829,"FIDS":1,"LNAM":"1F2B0083B9FD0001","COLOUR":["4"],"LITCHR":3,"SIGGRP":"(1)","SIGPER":8,"SCAMIN":200000,"sourceCellId":"1R76W8RI","sourceChecksum":"594255262298aa1b16b325273dc86e44bd51ffb998448d4f86f0258df69fafd7","rawObjectClass":"LIGHTS","sourceStableId":"1F2B0083B9FD0001"},"sourceKind":"official","official":true,"sourceCellId":"1R76W8RI","sourceStableId":"1F2B0083B9FD0001","pipelineFeatureId":"1R76W8RI/LIGHTS/8632829","provenance":{"cellId":"1R76W8RI","checksum":"594255262298aa1b16b325273dc86e44bd51ffb998448d4f86f0258df69fafd7","readerVersion":"GDAL 3.2.2","processedAt":"2026-08-11T18:29:20.995Z"}}},{"type":"Feature","geometry":{"type":"Point","coordinates":[4.2817528,51.6455833]},"properties":{"dolphinKind":"light","rawObjectClass":"LIGHTS","sourceProperties":{"RCID":8632831,"PRIM":1,"GRUP":2,"OBJL":75,"RVER":1,"AGEN":7979,"FIDN":8632831,"FIDS":1,"LNAM":"1F2B0083B9FF0001","COLOUR":["4"],"LITCHR":3,"SIGGRP":"(1)","SIGPER":8,"SCAMIN":200000,"sourceCellId":"1R76W8RI","sourceChecksum":"594255262298aa1b16b325273dc86e44bd51ffb998448d4f86f0258df69fafd7","rawObjectClass":"LIGHTS","sourceStableId":"1F2B0083B9FF0001"},"sourceKind":"official","official":true,"sourceCellId":"1R76W8RI","sourceStableId":"1F2B0083B9FF0001","pipelineFeatureId":"1R76W8RI/LIGHTS/8632831","provenance":{"cellId":"1R76W8RI","checksum":"594255262298aa1b16b325273dc86e44bd51ffb998448d4f86f0258df69fafd7","readerVersion":"GDAL 3.2.2","processedAt":"2026-08-11T18:29:20.995Z"}}},{"type":"Feature","geometry":{"type":"Point","coordinates":[4.2396695,51.6408611]},"properties":{"dolphinKind":"light","rawObjectClass":"LIGHTS","sourceProperties":{"RCID":8632832,"PRIM":1,"GRUP":2,"OBJL":75,"RVER":1,"AGEN":7979,"FIDN":8632832,"FIDS":1,"LNAM":"1F2B0083BA000001","COLOUR":["3"],"LITCHR":7,"SIGGRP":"(1)","SIGPER":2,"SCAMIN":200000,"sourceCellId":"1R76W8RI","sourceChecksum":"594255262298aa1b16b325273dc86e44bd51ffb998448d4f86f0258df69fafd7","rawObjectClass":"LIGHTS","sourceStableId":"1F2B0083BA000001"},"sourceKind":"official","official":true,"sourceCellId":"1R76W8RI","sourceStableId":"1F2B0083BA000001","pipelineFeatureId":"1R76W8RI/LIGHTS/8632832","provenance":{"cellId":"1R76W8RI","checksum":"594255262298aa1b16b325273dc86e44bd51ffb998448d4f86f0258df69fafd7","readerVersion":"GDAL 3.2.2","processedAt":"2026-08-11T18:29:20.995Z"}}},{"type":"Feature","geometry":{"type":"Point","coordinates":[4.2919283,51.6549217]},"properties":{"dolphinKind":"light","rawObjectClass":"LIGHTS","sourceProperties":{"RCID":8632833,"PRIM":1,"GRUP":2,"OBJL":75,"RVER":1,"AGEN":7979,"FIDN":8632833,"FIDS":1,"LNAM":"1F2B0083BA010001","COLOUR":["3"],"LITCHR":3,"SIGGRP":"(1)","SIGPER":5,"SCAMIN":200000,"sourceCellId":"1R76W8RI","sourceChecksum":"594255262298aa1b16b325273dc86e44bd51ffb998448d4f86f0258df69fafd7","rawObjectClass":"LIGHTS","sourceStableId":"1F2B0083BA010001"},"sourceKind":"official","official":true,"sourceCellId":"1R76W8RI","sourceStableId":"1F2B0083BA010001","pipelineFeatureId":"1R76W8RI/LIGHTS/8632833","provenance":{"cellId":"1R76W8RI","checksum":"594255262298aa1b16b325273dc86e44bd51ffb998448d4f86f0258df69fafd7","readerVersion":"GDAL 3.2.2","processedAt":"2026-08-11T18:29:20.995Z"}}},{"type":"Feature","geometry":{"type":"Point","coordinates":[4.2123083,51.6505834]},"properties":{"dolphinKind":"light","rawObjectClass":"LIGHTS","sourceProperties":{"RCID":8632834,"PRIM":1,"GRUP":2,"OBJL":75,"RVER":1,"AGEN":7979,"FIDN":8632834,"FIDS":1,"LNAM":"1F2B0083BA020001","COLOUR":["3"],"LITCHR":3,"SIGGRP":"(1)","SIGPER":5,"SCAMIN":200000,"sourceCellId":"1R76W8RI","sourceChecksum":"594255262298aa1b16b325273dc86e44bd51ffb998448d4f86f0258df69fafd7","rawObjectClass":"LIGHTS","sourceStableId":"1F2B0083BA020001"},"sourceKind":"official","official":true,"sourceCellId":"1R76W8RI","sourceStableId":"1F2B0083BA020001","pipelineFeatureId":"1R76W8RI/LIGHTS/8632834","provenance":{"cellId":"1R76W8RI","checksum":"594255262298aa1b16b325273dc86e44bd51ffb998448d4f86f0258df69fafd7","readerVersion":"GDAL 3.2.2","processedAt":"2026-08-11T18:29:20.995Z"}}},{"type":"Feature","geometry":{"type":"Point","coordinates":[4.2298082,51.6415556]},"properties":{"dolphinKind":"light","rawObjectClass":"LIGHTS","sourceProperties":{"RCID":8632835,"PRIM":1,"GRUP":2,"OBJL":75,"RVER":1,"AGEN":7979,"FIDN":8632835,"FIDS":1,"LNAM":"1F2B0083BA030001","COLOUR":["3"],"LITCHR":3,"SIGGRP":"(1)","SIGPER":5,"SCAMIN":200000,"sourceCellId":"1R76W8RI","sourceChecksum":"594255262298aa1b16b325273dc86e44bd51ffb998448d4f86f0258df69fafd7","rawObjectClass":"LIGHTS","sourceStableId":"1F2B0083BA030001"},"sourceKind":"official","official":true,"sourceCellId":"1R76W8RI","sourceStableId":"1F2B0083BA030001","pipelineFeatureId":"1R76W8RI/LIGHTS/8632835","provenance":{"cellId":"1R76W8RI","checksum":"594255262298aa1b16b325273dc86e44bd51ffb998448d4f86f0258df69fafd7","readerVersion":"GDAL 3.2.2","processedAt":"2026-08-11T18:29:20.995Z"}}},{"type":"Feature","geometry":{"type":"Point","coordinates":[4.2661972,51.6480833]},"properties":{"dolphinKind":"light","rawObjectClass":"LIGHTS","sourceProperties":{"RCID":8632836,"PRIM":1,"GRUP":2,"OBJL":75,"RVER":1,"AGEN":7979,"FIDN":8632836,"FIDS":1,"LNAM":"1F2B0083BA040001","COLOUR":["3"],"LITCHR":3,"SIGGRP":"(1)","SIGPER":5,"SCAMIN":200000,"sourceCellId":"1R76W8RI","sourceChecksum":"594255262298aa1b16b325273dc86e44bd51ffb998448d4f86f0258df69fafd7","rawObjectClass":"LIGHTS","sourceStableId":"1F2B0083BA040001"},"sourceKind":"official","official":true,"sourceCellId":"1R76W8RI","sourceStableId":"1F2B0083BA040001","pipelineFeatureId":"1R76W8RI/LIGHTS/8632836","provenance":{"cellId":"1R76W8RI","checksum":"594255262298aa1b16b325273dc86e44bd51ffb998448d4f86f0258df69fafd7","readerVersion":"GDAL 3.2.2","processedAt":"2026-08-11T18:29:20.995Z"}}},{"type":"Feature","geometry":{"type":"Point","coordinates":[4.3098083,51.6582222]},"properties":{"dolphinKind":"light","rawObjectClass":"LIGHTS","sourceProperties":{"RCID":8632838,"PRIM":1,"GRUP":2,"OBJL":75,"RVER":1,"AGEN":7979,"FIDN":8632838,"FIDS":1,"LNAM":"1F2B0083BA060001","COLOUR":["3"],"LITCHR":3,"SIGGRP":"(1)","SIGPER":8,"SCAMIN":200000,"sourceCellId":"1R76W8RI","sourceChecksum":"594255262298aa1b16b325273dc86e44bd51ffb998448d4f86f0258df69fafd7","rawObjectClass":"LIGHTS","sourceStableId":"1F2B0083BA060001"},"sourceKind":"official","official":true,"sourceCellId":"1R76W8RI","sourceStableId":"1F2B0083BA060001","pipelineFeatureId":"1R76W8RI/LIGHTS/8632838","provenance":{"cellId":"1R76W8RI","checksum":"594255262298aa1b16b325273dc86e44bd51ffb998448d4f86f0258df69fafd7","readerVersion":"GDAL 3.2.2","processedAt":"2026-08-11T18:29:20.995Z"}}},{"type":"Feature","geometry":{"type":"Point","coordinates":[4.221475,51.6450283]},"properties":{"dolphinKind":"light","rawObjectClass":"LIGHTS","sourceProperties":{"RCID":8632840,"PRIM":1,"GRUP":2,"OBJL":75,"RVER":1,"AGEN":7979,"FIDN":8632840,"FIDS":1,"LNAM":"1F2B0083BA080001","COLOUR":["3"],"LITCHR":3,"SIGGRP":"(1)","SIGPER":8,"SCAMIN":200000,"sourceCellId":"1R76W8RI","sourceChecksum":"594255262298aa1b16b325273dc86e44bd51ffb998448d4f86f0258df69fafd7","rawObjectClass":"LIGHTS","sourceStableId":"1F2B0083BA080001"},"sourceKind":"official","official":true,"sourceCellId":"1R76W8RI","sourceStableId":"1F2B0083BA080001","pipelineFeatureId":"1R76W8RI/LIGHTS/8632840","provenance":{"cellId":"1R76W8RI","checksum":"594255262298aa1b16b325273dc86e44bd51ffb998448d4f86f0258df69fafd7","readerVersion":"GDAL 3.2.2","processedAt":"2026-08-11T18:29:20.995Z"}}},{"type":"Feature","geometry":{"type":"Point","coordinates":[4.2528638,51.6444472]},"properties":{"dolphinKind":"light","rawObjectClass":"LIGHTS","sourceProperties":{"RCID":8632841,"PRIM":1,"GRUP":2,"OBJL":75,"RVER":1,"AGEN":7979,"FIDN":8632841,"FIDS":1,"LNAM":"1F2B0083BA090001","COLOUR":["3"],"LITCHR":3,"SIGGRP":"(1)","SIGPER":8,"SCAMIN":200000,"sourceCellId":"1R76W8RI","sourceChecksum":"594255262298aa1b16b325273dc86e44bd51ffb998448d4f86f0258df69fafd7","rawObjectClass":"LIGHTS","sourceStableId":"1F2B0083BA090001"},"sourceKind":"official","official":true,"sourceCellId":"1R76W8RI","sourceStableId":"1F2B0083BA090001","pipelineFeatureId":"1R76W8RI/LIGHTS/8632841","provenance":{"cellId":"1R76W8RI","checksum":"594255262298aa1b16b325273dc86e44bd51ffb998448d4f86f0258df69fafd7","readerVersion":"GDAL 3.2.2","processedAt":"2026-08-11T18:29:20.995Z"}}},{"type":"Feature","geometry":{"type":"Point","coordinates":[4.1339883,51.6650783]},"properties":{"dolphinKind":"light","rawObjectClass":"LIGHTS","sourceProperties":{"RCID":12566733,"PRIM":1,"GRUP":2,"OBJL":75,"RVER":1,"AGEN":7979,"FIDN":12566733,"FIDS":1,"LNAM":"1F2B00BFC0CD0001","COLOUR":["3"],"LITCHR":3,"SIGGRP":"(1)","SIGPER":8,"SCAMIN":200000,"SORDAT":"20210912","sourceCellId":"1R76W8RI","sourceChecksum":"594255262298aa1b16b325273dc86e44bd51ffb998448d4f86f0258df69fafd7","rawObjectClass":"LIGHTS","sourceStableId":"1F2B00BFC0CD0001"},"sourceKind":"official","official":true,"sourceCellId":"1R76W8RI","sourceStableId":"1F2B00BFC0CD0001","pipelineFeatureId":"1R76W8RI/LIGHTS/12566733","provenance":{"cellId":"1R76W8RI","checksum":"594255262298aa1b16b325273dc86e44bd51ffb998448d4f86f0258df69fafd7","readerVersion":"GDAL 3.2.2","processedAt":"2026-08-11T18:29:20.995Z"}}},{"type":"Feature","geometry":{"type":"Point","coordinates":[4.154245,51.6680383]},"properties":{"dolphinKind":"light","rawObjectClass":"LIGHTS","sourceProperties":{"RCID":12566740,"PRIM":1,"GRUP":2,"OBJL":75,"RVER":1,"AGEN":7979,"FIDN":12566740,"FIDS":1,"LNAM":"1F2B00BFC0D40001","COLOUR":["3"],"LITCHR":3,"SIGGRP":"(1)","SIGPER":8,"SCAMIN":200000,"SORDAT":"20031209","sourceCellId":"1R76W8RI","sourceChecksum":"594255262298aa1b16b325273dc86e44bd51ffb998448d4f86f0258df69fafd7","rawObjectClass":"LIGHTS","sourceStableId":"1F2B00BFC0D40001"},"sourceKind":"official","official":true,"sourceCellId":"1R76W8RI","sourceStableId":"1F2B00BFC0D40001","pipelineFeatureId":"1R76W8RI/LIGHTS/12566740","provenance":{"cellId":"1R76W8RI","checksum":"594255262298aa1b16b325273dc86e44bd51ffb998448d4f86f0258df69fafd7","readerVersion":"GDAL 3.2.2","processedAt":"2026-08-11T18:29:20.995Z"}}},{"type":"Feature","geometry":{"type":"Point","coordinates":[4.2561972,51.6369722]},"properties":{"dolphinKind":"light","rawObjectClass":"LIGHTS","sourceProperties":{"RCID":20037231,"PRIM":1,"GRUP":2,"OBJL":75,"RVER":1,"AGEN":7979,"FIDN":20037231,"FIDS":1,"LNAM":"1F2B0131BE6F0001","COLOUR":["4"],"LITCHR":3,"SIGGRP":"(1)","SIGPER":8,"SCAMIN":200000,"sourceCellId":"1R76W8RI","sourceChecksum":"594255262298aa1b16b325273dc86e44bd51ffb998448d4f86f0258df69fafd7","rawObjectClass":"LIGHTS","sourceStableId":"1F2B0131BE6F0001"},"sourceKind":"official","official":true,"sourceCellId":"1R76W8RI","sourceStableId":"1F2B0131BE6F0001","pipelineFeatureId":"1R76W8RI/LIGHTS/20037231","provenance":{"cellId":"1R76W8RI","checksum":"594255262298aa1b16b325273dc86e44bd51ffb998448d4f86f0258df69fafd7","readerVersion":"GDAL 3.2.2","processedAt":"2026-08-11T18:29:20.995Z"}}},{"type":"Feature","geometry":{"type":"Point","coordinates":[4.2792528,51.6515556]},"properties":{"dolphinKind":"light","rawObjectClass":"LIGHTS","sourceProperties":{"RCID":20037233,"PRIM":1,"GRUP":2,"OBJL":75,"RVER":1,"AGEN":7979,"FIDN":20037233,"FIDS":1,"LNAM":"1F2B0131BE710001","COLOUR":["3"],"LITCHR":3,"SIGGRP":"(1)","SIGPER":8,"SCAMIN":200000,"SORDAT":"20160712","SORIND":"NL,1R,reprt, Topdeks M-160705749","sourceCellId":"1R76W8RI","sourceChecksum":"594255262298aa1b16b325273dc86e44bd51ffb998448d4f86f0258df69fafd7","rawObjectClass":"LIGHTS","sourceStableId":"1F2B0131BE710001"},"sourceKind":"official","official":true,"sourceCellId":"1R76W8RI","sourceStableId":"1F2B0131BE710001","pipelineFeatureId":"1R76W8RI/LIGHTS/20037233","provenance":{"cellId":"1R76W8RI","checksum":"594255262298aa1b16b325273dc86e44bd51ffb998448d4f86f0258df69fafd7","readerVersion":"GDAL 3.2.2","processedAt":"2026-08-11T18:29:20.995Z"}}},{"type":"Feature","geometry":{"type":"Point","coordinates":[4.3166283,51.6529667]},"properties":{"dolphinKind":"light","rawObjectClass":"LIGHTS","sourceProperties":{"RCID":20037434,"PRIM":1,"GRUP":2,"OBJL":75,"RVER":1,"AGEN":7979,"FIDN":20037434,"FIDS":1,"LNAM":"1F2B0131BF3A0001","COLOUR":["6"],"LITCHR":2,"SIGGRP":"(1)","SIGPER":5,"SCAMIN":200000,"sourceCellId":"1R76W8RI","sourceChecksum":"594255262298aa1b16b325273dc86e44bd51ffb998448d4f86f0258df69fafd7","rawObjectClass":"LIGHTS","sourceStableId":"1F2B0131BF3A0001"},"sourceKind":"official","official":true,"sourceCellId":"1R76W8RI","sourceStableId":"1F2B0131BF3A0001","pipelineFeatureId":"1R76W8RI/LIGHTS/20037434","provenance":{"cellId":"1R76W8RI","checksum":"594255262298aa1b16b325273dc86e44bd51ffb998448d4f86f0258df69fafd7","readerVersion":"GDAL 3.2.2","processedAt":"2026-08-11T18:29:20.995Z"}}},{"type":"Feature","geometry":{"type":"Point","coordinates":[4.2031417,51.6564167]},"properties":{"dolphinKind":"light","rawObjectClass":"LIGHTS","sourceProperties":{"RCID":23694236,"PRIM":1,"GRUP":2,"OBJL":75,"RVER":1,"AGEN":7979,"FIDN":23694236,"FIDS":1,"LNAM":"1F2B01698B9C0001","COLOUR":["3"],"LITCHR":3,"SIGGRP":"(1)","SIGPER":5,"SCAMIN":200000,"SORDAT":"20090115","SORIND":"NL,1R,reprt,DZD-BAS-2009/1_corr","sourceCellId":"1R76W8RI","sourceChecksum":"594255262298aa1b16b325273dc86e44bd51ffb998448d4f86f0258df69fafd7","rawObjectClass":"LIGHTS","sourceStableId":"1F2B01698B9C0001"},"sourceKind":"official","official":true,"sourceCellId":"1R76W8RI","sourceStableId":"1F2B01698B9C0001","pipelineFeatureId":"1R76W8RI/LIGHTS/23694236","provenance":{"cellId":"1R76W8RI","checksum":"594255262298aa1b16b325273dc86e44bd51ffb998448d4f86f0258df69fafd7","readerVersion":"GDAL 3.2.2","processedAt":"2026-08-11T18:29:20.995Z"}}},{"type":"Feature","geometry":{"type":"Point","coordinates":[4.1978639,51.6530834]},"properties":{"dolphinKind":"light","rawObjectClass":"LIGHTS","sourceProperties":{"RCID":23694237,"PRIM":1,"GRUP":2,"OBJL":75,"RVER":1,"AGEN":7979,"FIDN":23694237,"FIDS":1,"LNAM":"1F2B01698B9D0001","COLOUR":["4"],"LITCHR":3,"SIGGRP":"(1)","SIGPER":5,"SCAMIN":200000,"SORDAT":"20090115","SORIND":"NL,1R,reprt,DZD-BAS_2009/1_Corr","sourceCellId":"1R76W8RI","sourceChecksum":"594255262298aa1b16b325273dc86e44bd51ffb998448d4f86f0258df69fafd7","rawObjectClass":"LIGHTS","sourceStableId":"1F2B01698B9D0001"},"sourceKind":"official","official":true,"sourceCellId":"1R76W8RI","sourceStableId":"1F2B01698B9D0001","pipelineFeatureId":"1R76W8RI/LIGHTS/23694237","provenance":{"cellId":"1R76W8RI","checksum":"594255262298aa1b16b325273dc86e44bd51ffb998448d4f86f0258df69fafd7","readerVersion":"GDAL 3.2.2","processedAt":"2026-08-11T18:29:20.995Z"}}},{"type":"Feature","geometry":{"type":"Point","coordinates":[4.2278633,51.63171]},"properties":{"dolphinKind":"light","rawObjectClass":"LIGHTS","sourceProperties":{"RCID":197986208,"PRIM":1,"GRUP":2,"OBJL":75,"RVER":1,"AGEN":7979,"FIDN":197986208,"FIDS":1,"LNAM":"1F2B0BCD07A00001","COLOUR":["3"],"LITCHR":7,"SIGGRP":"(1)","SIGPER":4,"INFORM":"SRK 86","SCAMIN":200000,"SORDAT":"20160806","SORIND":"NL,1R,Reprt,MD253-16","sourceCellId":"1R76W8RI","sourceChecksum":"594255262298aa1b16b325273dc86e44bd51ffb998448d4f86f0258df69fafd7","rawObjectClass":"LIGHTS","sourceStableId":"1F2B0BCD07A00001"},"sourceKind":"official","official":true,"sourceCellId":"1R76W8RI","sourceStableId":"1F2B0BCD07A00001","pipelineFeatureId":"1R76W8RI/LIGHTS/197986208","provenance":{"cellId":"1R76W8RI","checksum":"594255262298aa1b16b325273dc86e44bd51ffb998448d4f86f0258df69fafd7","readerVersion":"GDAL 3.2.2","processedAt":"2026-08-11T18:29:20.995Z"}}},{"type":"Feature","geometry":{"type":"Point","coordinates":[4.1532167,51.6674]},"properties":{"dolphinKind":"light","rawObjectClass":"LIGHTS","sourceProperties":{"RCID":256713203,"PRIM":1,"GRUP":2,"OBJL":75,"RVER":1,"AGEN":7979,"FIDN":256713203,"FIDS":1,"LNAM":"1F2B0F4D21F30001","COLOUR":["4"],"LITCHR":7,"SIGGRP":"(1)","SIGPER":8,"SCAMIN":200000,"sourceCellId":"1R76W8RI","sourceChecksum":"594255262298aa1b16b325273dc86e44bd51ffb998448d4f86f0258df69fafd7","rawObjectClass":"LIGHTS","sourceStableId":"1F2B0F4D21F30001"},"sourceKind":"official","official":true,"sourceCellId":"1R76W8RI","sourceStableId":"1F2B0F4D21F30001","pipelineFeatureId":"1R76W8RI/LIGHTS/256713203","provenance":{"cellId":"1R76W8RI","checksum":"594255262298aa1b16b325273dc86e44bd51ffb998448d4f86f0258df69fafd7","readerVersion":"GDAL 3.2.2","processedAt":"2026-08-11T18:29:20.995Z"}}},{"type":"Feature","geometry":{"type":"Point","coordinates":[4.214625,51.6283383]},"properties":{"dolphinKind":"light","rawObjectClass":"LIGHTS","sourceProperties":{"RCID":490682835,"PRIM":1,"GRUP":2,"OBJL":75,"RVER":1,"AGEN":7979,"FIDN":490682835,"FIDS":1,"LNAM":"1F2B1D3F39D30001","COLOUR":["3"],"LITCHR":7,"SIGGRP":"(1)","SIGPER":4,"SCAMIN":200000,"sourceCellId":"1R76W8RI","sourceChecksum":"594255262298aa1b16b325273dc86e44bd51ffb998448d4f86f0258df69fafd7","rawObjectClass":"LIGHTS","sourceStableId":"1F2B1D3F39D30001"},"sourceKind":"official","official":true,"sourceCellId":"1R76W8RI","sourceStableId":"1F2B1D3F39D30001","pipelineFeatureId":"1R76W8RI/LIGHTS/490682835","provenance":{"cellId":"1R76W8RI","checksum":"594255262298aa1b16b325273dc86e44bd51ffb998448d4f86f0258df69fafd7","readerVersion":"GDAL 3.2.2","processedAt":"2026-08-11T18:29:20.995Z"}}},{"type":"Feature","geometry":{"type":"Point","coordinates":[4.2153367,51.627155]},"properties":{"dolphinKind":"light","rawObjectClass":"LIGHTS","sourceProperties":{"RCID":1149537825,"PRIM":1,"GRUP":2,"OBJL":75,"RVER":1,"AGEN":7979,"FIDN":1149537825,"FIDS":1,"LNAM":"1F2B44848E210001","COLOUR":["4"],"LITCHR":7,"SIGGRP":"(1)","SIGPER":4,"SCAMIN":200000,"sourceCellId":"1R76W8RI","sourceChecksum":"594255262298aa1b16b325273dc86e44bd51ffb998448d4f86f0258df69fafd7","rawObjectClass":"LIGHTS","sourceStableId":"1F2B44848E210001"},"sourceKind":"official","official":true,"sourceCellId":"1R76W8RI","sourceStableId":"1F2B44848E210001","pipelineFeatureId":"1R76W8RI/LIGHTS/1149537825","provenance":{"cellId":"1R76W8RI","checksum":"594255262298aa1b16b325273dc86e44bd51ffb998448d4f86f0258df69fafd7","readerVersion":"GDAL 3.2.2","processedAt":"2026-08-11T18:29:20.995Z"}}},{"type":"Feature","geometry":{"type":"Point","coordinates":[4.2346233,51.634145]},"properties":{"dolphinKind":"light","rawObjectClass":"LIGHTS","sourceProperties":{"RCID":1178886586,"PRIM":1,"GRUP":2,"OBJL":75,"RVER":1,"AGEN":7979,"FIDN":1178886586,"FIDS":1,"LNAM":"1F2B464461BA0001","COLOUR":["3"],"LITCHR":7,"SIGGRP":"(1)","SIGPER":4,"SCAMIN":200000,"sourceCellId":"1R76W8RI","sourceChecksum":"594255262298aa1b16b325273dc86e44bd51ffb998448d4f86f0258df69fafd7","rawObjectClass":"LIGHTS","sourceStableId":"1F2B464461BA0001"},"sourceKind":"official","official":true,"sourceCellId":"1R76W8RI","sourceStableId":"1F2B464461BA0001","pipelineFeatureId":"1R76W8RI/LIGHTS/1178886586","provenance":{"cellId":"1R76W8RI","checksum":"594255262298aa1b16b325273dc86e44bd51ffb998448d4f86f0258df69fafd7","readerVersion":"GDAL 3.2.2","processedAt":"2026-08-11T18:29:20.995Z"}}},{"type":"Feature","geometry":{"type":"Point","coordinates":[4.2153717,51.6272083]},"properties":{"dolphinKind":"light","rawObjectClass":"LIGHTS","sourceProperties":{"RCID":1178903590,"PRIM":1,"GRUP":2,"OBJL":75,"RVER":1,"AGEN":7979,"FIDN":1178903590,"FIDS":1,"LNAM":"1F2B4644A4260001","COLOUR":["4"],"LITCHR":7,"SIGGRP":"(1)","SIGPER":4,"SCAMIN":200000,"sourceCellId":"1R76W8RI","sourceChecksum":"594255262298aa1b16b325273dc86e44bd51ffb998448d4f86f0258df69fafd7","rawObjectClass":"LIGHTS","sourceStableId":"1F2B4644A4260001"},"sourceKind":"official","official":true,"sourceCellId":"1R76W8RI","sourceStableId":"1F2B4644A4260001","pipelineFeatureId":"1R76W8RI/LIGHTS/1178903590","provenance":{"cellId":"1R76W8RI","checksum":"594255262298aa1b16b325273dc86e44bd51ffb998448d4f86f0258df69fafd7","readerVersion":"GDAL 3.2.2","processedAt":"2026-08-11T18:29:20.995Z"}}},{"type":"Feature","geometry":{"type":"Point","coordinates":[4.2080217,51.6258567]},"properties":{"dolphinKind":"light","rawObjectClass":"LIGHTS","sourceProperties":{"RCID":1191079452,"PRIM":1,"GRUP":2,"OBJL":75,"RVER":1,"AGEN":7979,"FIDN":1191079452,"FIDS":1,"LNAM":"1F2B46FE6E1C0001","COLOUR":["3"],"LITCHR":7,"SIGGRP":"(1)","SIGPER":4,"SCAMIN":200000,"sourceCellId":"1R76W8RI","sourceChecksum":"594255262298aa1b16b325273dc86e44bd51ffb998448d4f86f0258df69fafd7","rawObjectClass":"LIGHTS","sourceStableId":"1F2B46FE6E1C0001"},"sourceKind":"official","official":true,"sourceCellId":"1R76W8RI","sourceStableId":"1F2B46FE6E1C0001","pipelineFeatureId":"1R76W8RI/LIGHTS/1191079452","provenance":{"cellId":"1R76W8RI","checksum":"594255262298aa1b16b325273dc86e44bd51ffb998448d4f86f0258df69fafd7","readerVersion":"GDAL 3.2.2","processedAt":"2026-08-11T18:29:20.995Z"}}},{"type":"Feature","geometry":{"type":"Point","coordinates":[4.1642333,51.66161]},"properties":{"dolphinKind":"light","rawObjectClass":"LIGHTS","sourceProperties":{"RCID":1221782966,"PRIM":1,"GRUP":2,"OBJL":75,"RVER":1,"AGEN":7979,"FIDN":1221782966,"FIDS":1,"LNAM":"1F2B48D2EDB60001","COLOUR":["6"],"LITCHR":2,"SIGGRP":"(3)","SIGPER":10,"VALNMR":3,"SCAMIN":200000,"sourceCellId":"1R76W8RI","sourceChecksum":"594255262298aa1b16b325273dc86e44bd51ffb998448d4f86f0258df69fafd7","rawObjectClass":"LIGHTS","sourceStableId":"1F2B48D2EDB60001"},"sourceKind":"official","official":true,"sourceCellId":"1R76W8RI","sourceStableId":"1F2B48D2EDB60001","pipelineFeatureId":"1R76W8RI/LIGHTS/1221782966","provenance":{"cellId":"1R76W8RI","checksum":"594255262298aa1b16b325273dc86e44bd51ffb998448d4f86f0258df69fafd7","readerVersion":"GDAL 3.2.2","processedAt":"2026-08-11T18:29:20.995Z"}}},{"type":"Feature","geometry":{"type":"Point","coordinates":[4.1549,51.6613117]},"properties":{"dolphinKind":"light","rawObjectClass":"LIGHTS","sourceProperties":{"RCID":1221782967,"PRIM":1,"GRUP":2,"OBJL":75,"RVER":1,"AGEN":7979,"FIDN":1221782967,"FIDS":1,"LNAM":"1F2B48D2EDB70001","COLOUR":["6"],"LITCHR":2,"SIGGRP":"(3)","SIGPER":10,"VALNMR":3,"SCAMIN":200000,"sourceCellId":"1R76W8RI","sourceChecksum":"594255262298aa1b16b325273dc86e44bd51ffb998448d4f86f0258df69fafd7","rawObjectClass":"LIGHTS","sourceStableId":"1F2B48D2EDB70001"},"sourceKind":"official","official":true,"sourceCellId":"1R76W8RI","sourceStableId":"1F2B48D2EDB70001","pipelineFeatureId":"1R76W8RI/LIGHTS/1221782967","provenance":{"cellId":"1R76W8RI","checksum":"594255262298aa1b16b325273dc86e44bd51ffb998448d4f86f0258df69fafd7","readerVersion":"GDAL 3.2.2","processedAt":"2026-08-11T18:29:20.995Z"}}},{"type":"Feature","geometry":{"type":"Point","coordinates":[4.3159883,51.66]},"properties":{"dolphinKind":"topmark","rawObjectClass":"TOPMAR","sourceProperties":{"RCID":20140,"PRIM":1,"GRUP":2,"OBJL":144,"RVER":1,"AGEN":7979,"FIDN":1106834755,"FIDS":331,"LNAM":"1F2B41F8F543014B","COLOUR":["3"],"TOPSHP":5,"SCAMIN":200000,"sourceCellId":"1R76W8RI","sourceChecksum":"594255262298aa1b16b325273dc86e44bd51ffb998448d4f86f0258df69fafd7","rawObjectClass":"TOPMAR","sourceStableId":"1F2B41F8F543014B"},"sourceKind":"official","official":true,"sourceCellId":"1R76W8RI","sourceStableId":"1F2B41F8F543014B","pipelineFeatureId":"1R76W8RI/TOPMAR/20140","provenance":{"cellId":"1R76W8RI","checksum":"594255262298aa1b16b325273dc86e44bd51ffb998448d4f86f0258df69fafd7","readerVersion":"GDAL 3.2.2","processedAt":"2026-08-11T18:29:20.995Z"},"associationRefsVerifiedInGdalOutput":false}},{"type":"Feature","geometry":{"type":"Point","coordinates":[4.2542221,51.6356028]},"properties":{"dolphinKind":"topmark","rawObjectClass":"TOPMAR","sourceProperties":{"RCID":8632848,"PRIM":1,"GRUP":2,"OBJL":144,"RVER":1,"AGEN":7979,"FIDN":8632848,"FIDS":1,"LNAM":"1F2B0083BA100001","COLOUR":["4"],"TOPSHP":5,"SCAMIN":200000,"sourceCellId":"1R76W8RI","sourceChecksum":"594255262298aa1b16b325273dc86e44bd51ffb998448d4f86f0258df69fafd7","rawObjectClass":"TOPMAR","sourceStableId":"1F2B0083BA100001"},"sourceKind":"official","official":true,"sourceCellId":"1R76W8RI","sourceStableId":"1F2B0083BA100001","pipelineFeatureId":"1R76W8RI/TOPMAR/8632848","provenance":{"cellId":"1R76W8RI","checksum":"594255262298aa1b16b325273dc86e44bd51ffb998448d4f86f0258df69fafd7","readerVersion":"GDAL 3.2.2","processedAt":"2026-08-11T18:29:20.995Z"},"associationRefsVerifiedInGdalOutput":false}},{"type":"Feature","geometry":{"type":"Point","coordinates":[4.2396695,51.6361389]},"properties":{"dolphinKind":"topmark","rawObjectClass":"TOPMAR","sourceProperties":{"RCID":8632849,"PRIM":1,"GRUP":2,"OBJL":144,"RVER":1,"AGEN":7979,"FIDN":8632849,"FIDS":1,"LNAM":"1F2B0083BA110001","COLOUR":["3","4"],"COLPAT":["1"],"TOPSHP":3,"SCAMIN":200000,"sourceCellId":"1R76W8RI","sourceChecksum":"594255262298aa1b16b325273dc86e44bd51ffb998448d4f86f0258df69fafd7","rawObjectClass":"TOPMAR","sourceStableId":"1F2B0083BA110001"},"sourceKind":"official","official":true,"sourceCellId":"1R76W8RI","sourceStableId":"1F2B0083BA110001","pipelineFeatureId":"1R76W8RI/TOPMAR/8632849","provenance":{"cellId":"1R76W8RI","checksum":"594255262298aa1b16b325273dc86e44bd51ffb998448d4f86f0258df69fafd7","readerVersion":"GDAL 3.2.2","processedAt":"2026-08-11T18:29:20.995Z"},"associationRefsVerifiedInGdalOutput":false}},{"type":"Feature","geometry":{"type":"Point","coordinates":[4.2530194,51.63555]},"properties":{"dolphinKind":"topmark","rawObjectClass":"TOPMAR","sourceProperties":{"RCID":8632850,"PRIM":1,"GRUP":2,"OBJL":144,"RVER":1,"AGEN":7979,"FIDN":8632850,"FIDS":1,"LNAM":"1F2B0083BA120001","COLOUR":["4"],"TOPSHP":1,"SCAMIN":200000,"sourceCellId":"1R76W8RI","sourceChecksum":"594255262298aa1b16b325273dc86e44bd51ffb998448d4f86f0258df69fafd7","rawObjectClass":"TOPMAR","sourceStableId":"1F2B0083BA120001"},"sourceKind":"official","official":true,"sourceCellId":"1R76W8RI","sourceStableId":"1F2B0083BA120001","pipelineFeatureId":"1R76W8RI/TOPMAR/8632850","provenance":{"cellId":"1R76W8RI","checksum":"594255262298aa1b16b325273dc86e44bd51ffb998448d4f86f0258df69fafd7","readerVersion":"GDAL 3.2.2","processedAt":"2026-08-11T18:29:20.995Z"},"associationRefsVerifiedInGdalOutput":false}},{"type":"Feature","geometry":{"type":"Point","coordinates":[4.2030306,51.6620278]},"properties":{"dolphinKind":"topmark","rawObjectClass":"TOPMAR","sourceProperties":{"RCID":10247062,"PRIM":1,"GRUP":2,"OBJL":144,"RVER":1,"AGEN":7979,"FIDN":10247062,"FIDS":1,"LNAM":"1F2B009C5B960001","COLOUR":["3"],"TOPSHP":5,"SCAMIN":200000,"sourceCellId":"1R76W8RI","sourceChecksum":"594255262298aa1b16b325273dc86e44bd51ffb998448d4f86f0258df69fafd7","rawObjectClass":"TOPMAR","sourceStableId":"1F2B009C5B960001"},"sourceKind":"official","official":true,"sourceCellId":"1R76W8RI","sourceStableId":"1F2B009C5B960001","pipelineFeatureId":"1R76W8RI/TOPMAR/10247062","provenance":{"cellId":"1R76W8RI","checksum":"594255262298aa1b16b325273dc86e44bd51ffb998448d4f86f0258df69fafd7","readerVersion":"GDAL 3.2.2","processedAt":"2026-08-11T18:29:20.995Z"},"associationRefsVerifiedInGdalOutput":false}},{"type":"Feature","geometry":{"type":"Point","coordinates":[4.2584817,51.63656]},"properties":{"dolphinKind":"topmark","rawObjectClass":"TOPMAR","sourceProperties":{"RCID":23815683,"PRIM":1,"GRUP":2,"OBJL":144,"RVER":1,"AGEN":7979,"FIDN":23815683,"FIDS":1,"LNAM":"1F2B016B66030001","COLOUR":["3","1","3"],"COLPAT":["1"],"TOPSHP":5,"SCAMIN":200000,"SORDAT":"20090121","sourceCellId":"1R76W8RI","sourceChecksum":"594255262298aa1b16b325273dc86e44bd51ffb998448d4f86f0258df69fafd7","rawObjectClass":"TOPMAR","sourceStableId":"1F2B016B66030001"},"sourceKind":"official","official":true,"sourceCellId":"1R76W8RI","sourceStableId":"1F2B016B66030001","pipelineFeatureId":"1R76W8RI/TOPMAR/23815683","provenance":{"cellId":"1R76W8RI","checksum":"594255262298aa1b16b325273dc86e44bd51ffb998448d4f86f0258df69fafd7","readerVersion":"GDAL 3.2.2","processedAt":"2026-08-11T18:29:20.995Z"},"associationRefsVerifiedInGdalOutput":false}},{"type":"Feature","geometry":{"type":"Point","coordinates":[4.2653233,51.6384817]},"properties":{"dolphinKind":"topmark","rawObjectClass":"TOPMAR","sourceProperties":{"RCID":23815686,"PRIM":1,"GRUP":2,"OBJL":144,"RVER":1,"AGEN":7979,"FIDN":23815686,"FIDS":1,"LNAM":"1F2B016B66060001","COLOUR":["3","1","3"],"COLPAT":["1"],"TOPSHP":5,"SCAMIN":200000,"SORDAT":"20090121","sourceCellId":"1R76W8RI","sourceChecksum":"594255262298aa1b16b325273dc86e44bd51ffb998448d4f86f0258df69fafd7","rawObjectClass":"TOPMAR","sourceStableId":"1F2B016B66060001"},"sourceKind":"official","official":true,"sourceCellId":"1R76W8RI","sourceStableId":"1F2B016B66060001","pipelineFeatureId":"1R76W8RI/TOPMAR/23815686","provenance":{"cellId":"1R76W8RI","checksum":"594255262298aa1b16b325273dc86e44bd51ffb998448d4f86f0258df69fafd7","readerVersion":"GDAL 3.2.2","processedAt":"2026-08-11T18:29:20.995Z"},"associationRefsVerifiedInGdalOutput":false}},{"type":"Feature","geometry":{"type":"Point","coordinates":[4.2727883,51.6404133]},"properties":{"dolphinKind":"topmark","rawObjectClass":"TOPMAR","sourceProperties":{"RCID":23815688,"PRIM":1,"GRUP":2,"OBJL":144,"RVER":1,"AGEN":7979,"FIDN":23815688,"FIDS":1,"LNAM":"1F2B016B66080001","COLOUR":["3","1","3"],"COLPAT":["1"],"TOPSHP":5,"SCAMIN":200000,"SORDAT":"20090121","sourceCellId":"1R76W8RI","sourceChecksum":"594255262298aa1b16b325273dc86e44bd51ffb998448d4f86f0258df69fafd7","rawObjectClass":"TOPMAR","sourceStableId":"1F2B016B66080001"},"sourceKind":"official","official":true,"sourceCellId":"1R76W8RI","sourceStableId":"1F2B016B66080001","pipelineFeatureId":"1R76W8RI/TOPMAR/23815688","provenance":{"cellId":"1R76W8RI","checksum":"594255262298aa1b16b325273dc86e44bd51ffb998448d4f86f0258df69fafd7","readerVersion":"GDAL 3.2.2","processedAt":"2026-08-11T18:29:20.995Z"},"associationRefsVerifiedInGdalOutput":false}},{"type":"Feature","geometry":{"type":"Point","coordinates":[4.2792367,51.64256]},"properties":{"dolphinKind":"topmark","rawObjectClass":"TOPMAR","sourceProperties":{"RCID":23815694,"PRIM":1,"GRUP":2,"OBJL":144,"RVER":1,"AGEN":7979,"FIDN":23815694,"FIDS":1,"LNAM":"1F2B016B660E0001","COLOUR":["3","1","3"],"COLPAT":["1"],"TOPSHP":5,"SCAMIN":200000,"SORDAT":"20090121","sourceCellId":"1R76W8RI","sourceChecksum":"594255262298aa1b16b325273dc86e44bd51ffb998448d4f86f0258df69fafd7","rawObjectClass":"TOPMAR","sourceStableId":"1F2B016B660E0001"},"sourceKind":"official","official":true,"sourceCellId":"1R76W8RI","sourceStableId":"1F2B016B660E0001","pipelineFeatureId":"1R76W8RI/TOPMAR/23815694","provenance":{"cellId":"1R76W8RI","checksum":"594255262298aa1b16b325273dc86e44bd51ffb998448d4f86f0258df69fafd7","readerVersion":"GDAL 3.2.2","processedAt":"2026-08-11T18:29:20.995Z"},"associationRefsVerifiedInGdalOutput":false}},{"type":"Feature","geometry":{"type":"Point","coordinates":[4.2862083,51.64414]},"properties":{"dolphinKind":"topmark","rawObjectClass":"TOPMAR","sourceProperties":{"RCID":23815796,"PRIM":1,"GRUP":2,"OBJL":144,"RVER":1,"AGEN":7979,"FIDN":23815796,"FIDS":1,"LNAM":"1F2B016B66740001","COLOUR":["3","1","3"],"COLPAT":["1"],"TOPSHP":5,"SCAMIN":200000,"SORDAT":"20090121","sourceCellId":"1R76W8RI","sourceChecksum":"594255262298aa1b16b325273dc86e44bd51ffb998448d4f86f0258df69fafd7","rawObjectClass":"TOPMAR","sourceStableId":"1F2B016B66740001"},"sourceKind":"official","official":true,"sourceCellId":"1R76W8RI","sourceStableId":"1F2B016B66740001","pipelineFeatureId":"1R76W8RI/TOPMAR/23815796","provenance":{"cellId":"1R76W8RI","checksum":"594255262298aa1b16b325273dc86e44bd51ffb998448d4f86f0258df69fafd7","readerVersion":"GDAL 3.2.2","processedAt":"2026-08-11T18:29:20.995Z"},"associationRefsVerifiedInGdalOutput":false}},{"type":"Feature","geometry":{"type":"Point","coordinates":[4.2931917,51.64571]},"properties":{"dolphinKind":"topmark","rawObjectClass":"TOPMAR","sourceProperties":{"RCID":23815800,"PRIM":1,"GRUP":2,"OBJL":144,"RVER":1,"AGEN":7979,"FIDN":23815800,"FIDS":1,"LNAM":"1F2B016B66780001","COLOUR":["3","1","3"],"COLPAT":["1"],"TOPSHP":5,"SCAMIN":200000,"SORDAT":"20090121","sourceCellId":"1R76W8RI","sourceChecksum":"594255262298aa1b16b325273dc86e44bd51ffb998448d4f86f0258df69fafd7","rawObjectClass":"TOPMAR","sourceStableId":"1F2B016B66780001"},"sourceKind":"official","official":true,"sourceCellId":"1R76W8RI","sourceStableId":"1F2B016B66780001","pipelineFeatureId":"1R76W8RI/TOPMAR/23815800","provenance":{"cellId":"1R76W8RI","checksum":"594255262298aa1b16b325273dc86e44bd51ffb998448d4f86f0258df69fafd7","readerVersion":"GDAL 3.2.2","processedAt":"2026-08-11T18:29:20.995Z"},"associationRefsVerifiedInGdalOutput":false}},{"type":"Feature","geometry":{"type":"Point","coordinates":[4.2993317,51.6471433]},"properties":{"dolphinKind":"topmark","rawObjectClass":"TOPMAR","sourceProperties":{"RCID":23815802,"PRIM":1,"GRUP":2,"OBJL":144,"RVER":1,"AGEN":7979,"FIDN":23815802,"FIDS":1,"LNAM":"1F2B016B667A0001","COLOUR":["3","1","3"],"COLPAT":["1"],"TOPSHP":5,"SCAMIN":200000,"SORDAT":"20090121","sourceCellId":"1R76W8RI","sourceChecksum":"594255262298aa1b16b325273dc86e44bd51ffb998448d4f86f0258df69fafd7","rawObjectClass":"TOPMAR","sourceStableId":"1F2B016B667A0001"},"sourceKind":"official","official":true,"sourceCellId":"1R76W8RI","sourceStableId":"1F2B016B667A0001","pipelineFeatureId":"1R76W8RI/TOPMAR/23815802","provenance":{"cellId":"1R76W8RI","checksum":"594255262298aa1b16b325273dc86e44bd51ffb998448d4f86f0258df69fafd7","readerVersion":"GDAL 3.2.2","processedAt":"2026-08-11T18:29:20.995Z"},"associationRefsVerifiedInGdalOutput":false}},{"type":"Feature","geometry":{"type":"Point","coordinates":[4.305095,51.6484517]},"properties":{"dolphinKind":"topmark","rawObjectClass":"TOPMAR","sourceProperties":{"RCID":23820556,"PRIM":1,"GRUP":2,"OBJL":144,"RVER":1,"AGEN":7979,"FIDN":23820556,"FIDS":1,"LNAM":"1F2B016B790C0001","COLOUR":["3","1","3"],"COLPAT":["1"],"TOPSHP":5,"SCAMIN":200000,"SORDAT":"20090121","sourceCellId":"1R76W8RI","sourceChecksum":"594255262298aa1b16b325273dc86e44bd51ffb998448d4f86f0258df69fafd7","rawObjectClass":"TOPMAR","sourceStableId":"1F2B016B790C0001"},"sourceKind":"official","official":true,"sourceCellId":"1R76W8RI","sourceStableId":"1F2B016B790C0001","pipelineFeatureId":"1R76W8RI/TOPMAR/23820556","provenance":{"cellId":"1R76W8RI","checksum":"594255262298aa1b16b325273dc86e44bd51ffb998448d4f86f0258df69fafd7","readerVersion":"GDAL 3.2.2","processedAt":"2026-08-11T18:29:20.995Z"},"associationRefsVerifiedInGdalOutput":false}},{"type":"Feature","geometry":{"type":"Point","coordinates":[4.31039,51.6495233]},"properties":{"dolphinKind":"topmark","rawObjectClass":"TOPMAR","sourceProperties":{"RCID":23824308,"PRIM":1,"GRUP":2,"OBJL":144,"RVER":1,"AGEN":7979,"FIDN":23824308,"FIDS":1,"LNAM":"1F2B016B87B40001","COLOUR":["3","1","3"],"COLPAT":["1"],"TOPSHP":5,"SCAMIN":200000,"SORDAT":"20090121","sourceCellId":"1R76W8RI","sourceChecksum":"594255262298aa1b16b325273dc86e44bd51ffb998448d4f86f0258df69fafd7","rawObjectClass":"TOPMAR","sourceStableId":"1F2B016B87B40001"},"sourceKind":"official","official":true,"sourceCellId":"1R76W8RI","sourceStableId":"1F2B016B87B40001","pipelineFeatureId":"1R76W8RI/TOPMAR/23824308","provenance":{"cellId":"1R76W8RI","checksum":"594255262298aa1b16b325273dc86e44bd51ffb998448d4f86f0258df69fafd7","readerVersion":"GDAL 3.2.2","processedAt":"2026-08-11T18:29:20.995Z"},"associationRefsVerifiedInGdalOutput":false}},{"type":"Feature","geometry":{"type":"Point","coordinates":[4.3167367,51.6500367]},"properties":{"dolphinKind":"topmark","rawObjectClass":"TOPMAR","sourceProperties":{"RCID":23824362,"PRIM":1,"GRUP":2,"OBJL":144,"RVER":1,"AGEN":7979,"FIDN":23824362,"FIDS":1,"LNAM":"1F2B016B87EA0001","COLOUR":["3","1","3"],"COLPAT":["1"],"TOPSHP":5,"SCAMIN":200000,"SORDAT":"20090121","sourceCellId":"1R76W8RI","sourceChecksum":"594255262298aa1b16b325273dc86e44bd51ffb998448d4f86f0258df69fafd7","rawObjectClass":"TOPMAR","sourceStableId":"1F2B016B87EA0001"},"sourceKind":"official","official":true,"sourceCellId":"1R76W8RI","sourceStableId":"1F2B016B87EA0001","pipelineFeatureId":"1R76W8RI/TOPMAR/23824362","provenance":{"cellId":"1R76W8RI","checksum":"594255262298aa1b16b325273dc86e44bd51ffb998448d4f86f0258df69fafd7","readerVersion":"GDAL 3.2.2","processedAt":"2026-08-11T18:29:20.995Z"},"associationRefsVerifiedInGdalOutput":false}},{"type":"Feature","geometry":{"type":"Point","coordinates":[4.3227717,51.6494833]},"properties":{"dolphinKind":"topmark","rawObjectClass":"TOPMAR","sourceProperties":{"RCID":23824364,"PRIM":1,"GRUP":2,"OBJL":144,"RVER":1,"AGEN":7979,"FIDN":23824364,"FIDS":1,"LNAM":"1F2B016B87EC0001","COLOUR":["3","1","3"],"COLPAT":["1"],"TOPSHP":5,"SCAMIN":200000,"SORDAT":"20090121","sourceCellId":"1R76W8RI","sourceChecksum":"594255262298aa1b16b325273dc86e44bd51ffb998448d4f86f0258df69fafd7","rawObjectClass":"TOPMAR","sourceStableId":"1F2B016B87EC0001"},"sourceKind":"official","official":true,"sourceCellId":"1R76W8RI","sourceStableId":"1F2B016B87EC0001","pipelineFeatureId":"1R76W8RI/TOPMAR/23824364","provenance":{"cellId":"1R76W8RI","checksum":"594255262298aa1b16b325273dc86e44bd51ffb998448d4f86f0258df69fafd7","readerVersion":"GDAL 3.2.2","processedAt":"2026-08-11T18:29:20.995Z"},"associationRefsVerifiedInGdalOutput":false}},{"type":"Feature","geometry":{"type":"Point","coordinates":[4.3284367,51.6479683]},"properties":{"dolphinKind":"topmark","rawObjectClass":"TOPMAR","sourceProperties":{"RCID":23826766,"PRIM":1,"GRUP":2,"OBJL":144,"RVER":1,"AGEN":7979,"FIDN":23826766,"FIDS":1,"LNAM":"1F2B016B914E0001","COLOUR":["3","1","3"],"COLPAT":["1"],"TOPSHP":5,"SCAMIN":200000,"SORDAT":"20090121","sourceCellId":"1R76W8RI","sourceChecksum":"594255262298aa1b16b325273dc86e44bd51ffb998448d4f86f0258df69fafd7","rawObjectClass":"TOPMAR","sourceStableId":"1F2B016B914E0001"},"sourceKind":"official","official":true,"sourceCellId":"1R76W8RI","sourceStableId":"1F2B016B914E0001","pipelineFeatureId":"1R76W8RI/TOPMAR/23826766","provenance":{"cellId":"1R76W8RI","checksum":"594255262298aa1b16b325273dc86e44bd51ffb998448d4f86f0258df69fafd7","readerVersion":"GDAL 3.2.2","processedAt":"2026-08-11T18:29:20.995Z"},"associationRefsVerifiedInGdalOutput":false}},{"type":"Feature","geometry":{"type":"Point","coordinates":[4.25724,51.6508367]},"properties":{"dolphinKind":"topmark","rawObjectClass":"TOPMAR","sourceProperties":{"RCID":23880030,"PRIM":1,"GRUP":2,"OBJL":144,"RVER":1,"AGEN":7979,"FIDN":23880030,"FIDS":1,"LNAM":"1F2B016C615E0001","COLOUR":["3","1","3"],"COLPAT":["1"],"TOPSHP":5,"SCAMIN":200000,"SORDAT":"20090121","sourceCellId":"1R76W8RI","sourceChecksum":"594255262298aa1b16b325273dc86e44bd51ffb998448d4f86f0258df69fafd7","rawObjectClass":"TOPMAR","sourceStableId":"1F2B016C615E0001"},"sourceKind":"official","official":true,"sourceCellId":"1R76W8RI","sourceStableId":"1F2B016C615E0001","pipelineFeatureId":"1R76W8RI/TOPMAR/23880030","provenance":{"cellId":"1R76W8RI","checksum":"594255262298aa1b16b325273dc86e44bd51ffb998448d4f86f0258df69fafd7","readerVersion":"GDAL 3.2.2","processedAt":"2026-08-11T18:29:20.995Z"},"associationRefsVerifiedInGdalOutput":false}},{"type":"Feature","geometry":{"type":"Point","coordinates":[4.2645867,51.6505967]},"properties":{"dolphinKind":"topmark","rawObjectClass":"TOPMAR","sourceProperties":{"RCID":23880032,"PRIM":1,"GRUP":2,"OBJL":144,"RVER":1,"AGEN":7979,"FIDN":23880032,"FIDS":1,"LNAM":"1F2B016C61600001","COLOUR":["3","1","3"],"COLPAT":["1"],"TOPSHP":5,"SCAMIN":200000,"SORDAT":"20090121","sourceCellId":"1R76W8RI","sourceChecksum":"594255262298aa1b16b325273dc86e44bd51ffb998448d4f86f0258df69fafd7","rawObjectClass":"TOPMAR","sourceStableId":"1F2B016C61600001"},"sourceKind":"official","official":true,"sourceCellId":"1R76W8RI","sourceStableId":"1F2B016C61600001","pipelineFeatureId":"1R76W8RI/TOPMAR/23880032","provenance":{"cellId":"1R76W8RI","checksum":"594255262298aa1b16b325273dc86e44bd51ffb998448d4f86f0258df69fafd7","readerVersion":"GDAL 3.2.2","processedAt":"2026-08-11T18:29:20.995Z"},"associationRefsVerifiedInGdalOutput":false}},{"type":"Feature","geometry":{"type":"Point","coordinates":[4.2765817,51.651325]},"properties":{"dolphinKind":"topmark","rawObjectClass":"TOPMAR","sourceProperties":{"RCID":23880038,"PRIM":1,"GRUP":2,"OBJL":144,"RVER":1,"AGEN":7979,"FIDN":23880038,"FIDS":1,"LNAM":"1F2B016C61660001","COLOUR":["3","1","3"],"COLPAT":["1"],"TOPSHP":5,"SCAMIN":200000,"SORDAT":"20090121","sourceCellId":"1R76W8RI","sourceChecksum":"594255262298aa1b16b325273dc86e44bd51ffb998448d4f86f0258df69fafd7","rawObjectClass":"TOPMAR","sourceStableId":"1F2B016C61660001"},"sourceKind":"official","official":true,"sourceCellId":"1R76W8RI","sourceStableId":"1F2B016C61660001","pipelineFeatureId":"1R76W8RI/TOPMAR/23880038","provenance":{"cellId":"1R76W8RI","checksum":"594255262298aa1b16b325273dc86e44bd51ffb998448d4f86f0258df69fafd7","readerVersion":"GDAL 3.2.2","processedAt":"2026-08-11T18:29:20.995Z"},"associationRefsVerifiedInGdalOutput":false}},{"type":"Feature","geometry":{"type":"Point","coordinates":[4.2827417,51.65317]},"properties":{"dolphinKind":"topmark","rawObjectClass":"TOPMAR","sourceProperties":{"RCID":23880040,"PRIM":1,"GRUP":2,"OBJL":144,"RVER":1,"AGEN":7979,"FIDN":23880040,"FIDS":1,"LNAM":"1F2B016C61680001","COLOUR":["3","1","3"],"COLPAT":["1"],"TOPSHP":5,"SCAMIN":200000,"SORDAT":"20090121","sourceCellId":"1R76W8RI","sourceChecksum":"594255262298aa1b16b325273dc86e44bd51ffb998448d4f86f0258df69fafd7","rawObjectClass":"TOPMAR","sourceStableId":"1F2B016C61680001"},"sourceKind":"official","official":true,"sourceCellId":"1R76W8RI","sourceStableId":"1F2B016C61680001","pipelineFeatureId":"1R76W8RI/TOPMAR/23880040","provenance":{"cellId":"1R76W8RI","checksum":"594255262298aa1b16b325273dc86e44bd51ffb998448d4f86f0258df69fafd7","readerVersion":"GDAL 3.2.2","processedAt":"2026-08-11T18:29:20.995Z"},"associationRefsVerifiedInGdalOutput":false}},{"type":"Feature","geometry":{"type":"Point","coordinates":[4.2893583,51.655215]},"properties":{"dolphinKind":"topmark","rawObjectClass":"TOPMAR","sourceProperties":{"RCID":23880044,"PRIM":1,"GRUP":2,"OBJL":144,"RVER":1,"AGEN":7979,"FIDN":23880044,"FIDS":1,"LNAM":"1F2B016C616C0001","COLOUR":["3","1","3"],"COLPAT":["1"],"TOPSHP":5,"SCAMIN":200000,"SORDAT":"20090121","sourceCellId":"1R76W8RI","sourceChecksum":"594255262298aa1b16b325273dc86e44bd51ffb998448d4f86f0258df69fafd7","rawObjectClass":"TOPMAR","sourceStableId":"1F2B016C616C0001"},"sourceKind":"official","official":true,"sourceCellId":"1R76W8RI","sourceStableId":"1F2B016C616C0001","pipelineFeatureId":"1R76W8RI/TOPMAR/23880044","provenance":{"cellId":"1R76W8RI","checksum":"594255262298aa1b16b325273dc86e44bd51ffb998448d4f86f0258df69fafd7","readerVersion":"GDAL 3.2.2","processedAt":"2026-08-11T18:29:20.995Z"},"associationRefsVerifiedInGdalOutput":false}},{"type":"Feature","geometry":{"type":"Point","coordinates":[4.2963667,51.6569883]},"properties":{"dolphinKind":"topmark","rawObjectClass":"TOPMAR","sourceProperties":{"RCID":23880046,"PRIM":1,"GRUP":2,"OBJL":144,"RVER":1,"AGEN":7979,"FIDN":23880046,"FIDS":1,"LNAM":"1F2B016C616E0001","COLOUR":["3","1","3"],"COLPAT":["1"],"TOPSHP":5,"SCAMIN":200000,"SORDAT":"20090121","sourceCellId":"1R76W8RI","sourceChecksum":"594255262298aa1b16b325273dc86e44bd51ffb998448d4f86f0258df69fafd7","rawObjectClass":"TOPMAR","sourceStableId":"1F2B016C616E0001"},"sourceKind":"official","official":true,"sourceCellId":"1R76W8RI","sourceStableId":"1F2B016C616E0001","pipelineFeatureId":"1R76W8RI/TOPMAR/23880046","provenance":{"cellId":"1R76W8RI","checksum":"594255262298aa1b16b325273dc86e44bd51ffb998448d4f86f0258df69fafd7","readerVersion":"GDAL 3.2.2","processedAt":"2026-08-11T18:29:20.995Z"},"associationRefsVerifiedInGdalOutput":false}},{"type":"Feature","geometry":{"type":"Point","coordinates":[4.303105,51.6580017]},"properties":{"dolphinKind":"topmark","rawObjectClass":"TOPMAR","sourceProperties":{"RCID":23880050,"PRIM":1,"GRUP":2,"OBJL":144,"RVER":1,"AGEN":7979,"FIDN":23880050,"FIDS":1,"LNAM":"1F2B016C61720001","COLOUR":["3","1","3"],"COLPAT":["1"],"TOPSHP":5,"SCAMIN":200000,"SORDAT":"20090121","sourceCellId":"1R76W8RI","sourceChecksum":"594255262298aa1b16b325273dc86e44bd51ffb998448d4f86f0258df69fafd7","rawObjectClass":"TOPMAR","sourceStableId":"1F2B016C61720001"},"sourceKind":"official","official":true,"sourceCellId":"1R76W8RI","sourceStableId":"1F2B016C61720001","pipelineFeatureId":"1R76W8RI/TOPMAR/23880050","provenance":{"cellId":"1R76W8RI","checksum":"594255262298aa1b16b325273dc86e44bd51ffb998448d4f86f0258df69fafd7","readerVersion":"GDAL 3.2.2","processedAt":"2026-08-11T18:29:20.995Z"},"associationRefsVerifiedInGdalOutput":false}},{"type":"Feature","geometry":{"type":"Point","coordinates":[4.3104817,51.6589483]},"properties":{"dolphinKind":"topmark","rawObjectClass":"TOPMAR","sourceProperties":{"RCID":23880052,"PRIM":1,"GRUP":2,"OBJL":144,"RVER":1,"AGEN":7979,"FIDN":23880052,"FIDS":1,"LNAM":"1F2B016C61740001","COLOUR":["3","1","3"],"COLPAT":["1"],"TOPSHP":5,"SCAMIN":200000,"SORDAT":"20090121","sourceCellId":"1R76W8RI","sourceChecksum":"594255262298aa1b16b325273dc86e44bd51ffb998448d4f86f0258df69fafd7","rawObjectClass":"TOPMAR","sourceStableId":"1F2B016C61740001"},"sourceKind":"official","official":true,"sourceCellId":"1R76W8RI","sourceStableId":"1F2B016C61740001","pipelineFeatureId":"1R76W8RI/TOPMAR/23880052","provenance":{"cellId":"1R76W8RI","checksum":"594255262298aa1b16b325273dc86e44bd51ffb998448d4f86f0258df69fafd7","readerVersion":"GDAL 3.2.2","processedAt":"2026-08-11T18:29:20.995Z"},"associationRefsVerifiedInGdalOutput":false}},{"type":"Feature","geometry":{"type":"Point","coordinates":[4.316555,51.66012]},"properties":{"dolphinKind":"topmark","rawObjectClass":"TOPMAR","sourceProperties":{"RCID":24165570,"PRIM":1,"GRUP":2,"OBJL":144,"RVER":1,"AGEN":7979,"FIDN":24165570,"FIDS":1,"LNAM":"1F2B0170BCC20001","COLOUR":["4"],"TOPSHP":1,"SCAMIN":200000,"sourceCellId":"1R76W8RI","sourceChecksum":"594255262298aa1b16b325273dc86e44bd51ffb998448d4f86f0258df69fafd7","rawObjectClass":"TOPMAR","sourceStableId":"1F2B0170BCC20001"},"sourceKind":"official","official":true,"sourceCellId":"1R76W8RI","sourceStableId":"1F2B0170BCC20001","pipelineFeatureId":"1R76W8RI/TOPMAR/24165570","provenance":{"cellId":"1R76W8RI","checksum":"594255262298aa1b16b325273dc86e44bd51ffb998448d4f86f0258df69fafd7","readerVersion":"GDAL 3.2.2","processedAt":"2026-08-11T18:29:20.995Z"},"associationRefsVerifiedInGdalOutput":false}},{"type":"Feature","geometry":{"type":"Point","coordinates":[4.25128,51.6450283]},"properties":{"dolphinKind":"topmark","rawObjectClass":"TOPMAR","sourceProperties":{"RCID":24410142,"PRIM":1,"GRUP":2,"OBJL":144,"RVER":1,"AGEN":7979,"FIDN":24410142,"FIDS":1,"LNAM":"1F2B0174781E0001","COLOUR":["3","1","3"],"COLPAT":["1"],"TOPSHP":5,"SCAMIN":200000,"SORDAT":"20090121","sourceCellId":"1R76W8RI","sourceChecksum":"594255262298aa1b16b325273dc86e44bd51ffb998448d4f86f0258df69fafd7","rawObjectClass":"TOPMAR","sourceStableId":"1F2B0174781E0001"},"sourceKind":"official","official":true,"sourceCellId":"1R76W8RI","sourceStableId":"1F2B0174781E0001","pipelineFeatureId":"1R76W8RI/TOPMAR/24410142","provenance":{"cellId":"1R76W8RI","checksum":"594255262298aa1b16b325273dc86e44bd51ffb998448d4f86f0258df69fafd7","readerVersion":"GDAL 3.2.2","processedAt":"2026-08-11T18:29:20.995Z"},"associationRefsVerifiedInGdalOutput":false}},{"type":"Feature","geometry":{"type":"Point","coordinates":[4.2457967,51.6428833]},"properties":{"dolphinKind":"topmark","rawObjectClass":"TOPMAR","sourceProperties":{"RCID":24410144,"PRIM":1,"GRUP":2,"OBJL":144,"RVER":1,"AGEN":7979,"FIDN":24410144,"FIDS":1,"LNAM":"1F2B017478200001","COLOUR":["3","1","3"],"COLPAT":["1"],"TOPSHP":5,"SCAMIN":200000,"SORDAT":"20090121","sourceCellId":"1R76W8RI","sourceChecksum":"594255262298aa1b16b325273dc86e44bd51ffb998448d4f86f0258df69fafd7","rawObjectClass":"TOPMAR","sourceStableId":"1F2B017478200001"},"sourceKind":"official","official":true,"sourceCellId":"1R76W8RI","sourceStableId":"1F2B017478200001","pipelineFeatureId":"1R76W8RI/TOPMAR/24410144","provenance":{"cellId":"1R76W8RI","checksum":"594255262298aa1b16b325273dc86e44bd51ffb998448d4f86f0258df69fafd7","readerVersion":"GDAL 3.2.2","processedAt":"2026-08-11T18:29:20.995Z"},"associationRefsVerifiedInGdalOutput":false}},{"type":"Feature","geometry":{"type":"Point","coordinates":[4.23891,51.6421717]},"properties":{"dolphinKind":"topmark","rawObjectClass":"TOPMAR","sourceProperties":{"RCID":24410146,"PRIM":1,"GRUP":2,"OBJL":144,"RVER":1,"AGEN":7979,"FIDN":24410146,"FIDS":1,"LNAM":"1F2B017478220001","COLOUR":["3","1","3"],"COLPAT":["1"],"TOPSHP":5,"SCAMIN":200000,"SORDAT":"20090121","sourceCellId":"1R76W8RI","sourceChecksum":"594255262298aa1b16b325273dc86e44bd51ffb998448d4f86f0258df69fafd7","rawObjectClass":"TOPMAR","sourceStableId":"1F2B017478220001"},"sourceKind":"official","official":true,"sourceCellId":"1R76W8RI","sourceStableId":"1F2B017478220001","pipelineFeatureId":"1R76W8RI/TOPMAR/24410146","provenance":{"cellId":"1R76W8RI","checksum":"594255262298aa1b16b325273dc86e44bd51ffb998448d4f86f0258df69fafd7","readerVersion":"GDAL 3.2.2","processedAt":"2026-08-11T18:29:20.995Z"},"associationRefsVerifiedInGdalOutput":false}},{"type":"Feature","geometry":{"type":"Point","coordinates":[4.250025,51.6513183]},"properties":{"dolphinKind":"topmark","rawObjectClass":"TOPMAR","sourceProperties":{"RCID":24410148,"PRIM":1,"GRUP":2,"OBJL":144,"RVER":1,"AGEN":7979,"FIDN":24410148,"FIDS":1,"LNAM":"1F2B017478240001","COLOUR":["3","1","3"],"COLPAT":["1"],"TOPSHP":5,"SCAMIN":200000,"SORDAT":"20090121","sourceCellId":"1R76W8RI","sourceChecksum":"594255262298aa1b16b325273dc86e44bd51ffb998448d4f86f0258df69fafd7","rawObjectClass":"TOPMAR","sourceStableId":"1F2B017478240001"},"sourceKind":"official","official":true,"sourceCellId":"1R76W8RI","sourceStableId":"1F2B017478240001","pipelineFeatureId":"1R76W8RI/TOPMAR/24410148","provenance":{"cellId":"1R76W8RI","checksum":"594255262298aa1b16b325273dc86e44bd51ffb998448d4f86f0258df69fafd7","readerVersion":"GDAL 3.2.2","processedAt":"2026-08-11T18:29:20.995Z"},"associationRefsVerifiedInGdalOutput":false}},{"type":"Feature","geometry":{"type":"Point","coordinates":[4.2427133,51.6522367]},"properties":{"dolphinKind":"topmark","rawObjectClass":"TOPMAR","sourceProperties":{"RCID":24410150,"PRIM":1,"GRUP":2,"OBJL":144,"RVER":1,"AGEN":7979,"FIDN":24410150,"FIDS":1,"LNAM":"1F2B017478260001","COLOUR":["3","1","3"],"COLPAT":["1"],"TOPSHP":5,"SCAMIN":200000,"SORDAT":"20090121","sourceCellId":"1R76W8RI","sourceChecksum":"594255262298aa1b16b325273dc86e44bd51ffb998448d4f86f0258df69fafd7","rawObjectClass":"TOPMAR","sourceStableId":"1F2B017478260001"},"sourceKind":"official","official":true,"sourceCellId":"1R76W8RI","sourceStableId":"1F2B017478260001","pipelineFeatureId":"1R76W8RI/TOPMAR/24410150","provenance":{"cellId":"1R76W8RI","checksum":"594255262298aa1b16b325273dc86e44bd51ffb998448d4f86f0258df69fafd7","readerVersion":"GDAL 3.2.2","processedAt":"2026-08-11T18:29:20.995Z"},"associationRefsVerifiedInGdalOutput":false}},{"type":"Feature","geometry":{"type":"Point","coordinates":[4.2356033,51.6530233]},"properties":{"dolphinKind":"topmark","rawObjectClass":"TOPMAR","sourceProperties":{"RCID":24410152,"PRIM":1,"GRUP":2,"OBJL":144,"RVER":1,"AGEN":7979,"FIDN":24410152,"FIDS":1,"LNAM":"1F2B017478280001","COLOUR":["3","1","3"],"COLPAT":["1"],"TOPSHP":5,"SCAMIN":200000,"SORDAT":"20090121","sourceCellId":"1R76W8RI","sourceChecksum":"594255262298aa1b16b325273dc86e44bd51ffb998448d4f86f0258df69fafd7","rawObjectClass":"TOPMAR","sourceStableId":"1F2B017478280001"},"sourceKind":"official","official":true,"sourceCellId":"1R76W8RI","sourceStableId":"1F2B017478280001","pipelineFeatureId":"1R76W8RI/TOPMAR/24410152","provenance":{"cellId":"1R76W8RI","checksum":"594255262298aa1b16b325273dc86e44bd51ffb998448d4f86f0258df69fafd7","readerVersion":"GDAL 3.2.2","processedAt":"2026-08-11T18:29:20.995Z"},"associationRefsVerifiedInGdalOutput":false}},{"type":"Feature","geometry":{"type":"Point","coordinates":[4.228385,51.6540067]},"properties":{"dolphinKind":"topmark","rawObjectClass":"TOPMAR","sourceProperties":{"RCID":24410154,"PRIM":1,"GRUP":2,"OBJL":144,"RVER":1,"AGEN":7979,"FIDN":24410154,"FIDS":1,"LNAM":"1F2B0174782A0001","COLOUR":["3","1","3"],"COLPAT":["1"],"TOPSHP":5,"SCAMIN":200000,"SORDAT":"20090121","sourceCellId":"1R76W8RI","sourceChecksum":"594255262298aa1b16b325273dc86e44bd51ffb998448d4f86f0258df69fafd7","rawObjectClass":"TOPMAR","sourceStableId":"1F2B0174782A0001"},"sourceKind":"official","official":true,"sourceCellId":"1R76W8RI","sourceStableId":"1F2B0174782A0001","pipelineFeatureId":"1R76W8RI/TOPMAR/24410154","provenance":{"cellId":"1R76W8RI","checksum":"594255262298aa1b16b325273dc86e44bd51ffb998448d4f86f0258df69fafd7","readerVersion":"GDAL 3.2.2","processedAt":"2026-08-11T18:29:20.995Z"},"associationRefsVerifiedInGdalOutput":false}},{"type":"Feature","geometry":{"type":"Point","coordinates":[4.221365,51.6550767]},"properties":{"dolphinKind":"topmark","rawObjectClass":"TOPMAR","sourceProperties":{"RCID":24410156,"PRIM":1,"GRUP":2,"OBJL":144,"RVER":1,"AGEN":7979,"FIDN":24410156,"FIDS":1,"LNAM":"1F2B0174782C0001","COLOUR":["3","1","3"],"COLPAT":["1"],"TOPSHP":5,"SCAMIN":200000,"SORDAT":"20090121","sourceCellId":"1R76W8RI","sourceChecksum":"594255262298aa1b16b325273dc86e44bd51ffb998448d4f86f0258df69fafd7","rawObjectClass":"TOPMAR","sourceStableId":"1F2B0174782C0001"},"sourceKind":"official","official":true,"sourceCellId":"1R76W8RI","sourceStableId":"1F2B0174782C0001","pipelineFeatureId":"1R76W8RI/TOPMAR/24410156","provenance":{"cellId":"1R76W8RI","checksum":"594255262298aa1b16b325273dc86e44bd51ffb998448d4f86f0258df69fafd7","readerVersion":"GDAL 3.2.2","processedAt":"2026-08-11T18:29:20.995Z"},"associationRefsVerifiedInGdalOutput":false}},{"type":"Feature","geometry":{"type":"Point","coordinates":[4.2154917,51.656015]},"properties":{"dolphinKind":"topmark","rawObjectClass":"TOPMAR","sourceProperties":{"RCID":24410158,"PRIM":1,"GRUP":2,"OBJL":144,"RVER":1,"AGEN":7979,"FIDN":24410158,"FIDS":1,"LNAM":"1F2B0174782E0001","COLOUR":["3","1","3"],"COLPAT":["1"],"TOPSHP":5,"SCAMIN":200000,"SORDAT":"20090121","sourceCellId":"1R76W8RI","sourceChecksum":"594255262298aa1b16b325273dc86e44bd51ffb998448d4f86f0258df69fafd7","rawObjectClass":"TOPMAR","sourceStableId":"1F2B0174782E0001"},"sourceKind":"official","official":true,"sourceCellId":"1R76W8RI","sourceStableId":"1F2B0174782E0001","pipelineFeatureId":"1R76W8RI/TOPMAR/24410158","provenance":{"cellId":"1R76W8RI","checksum":"594255262298aa1b16b325273dc86e44bd51ffb998448d4f86f0258df69fafd7","readerVersion":"GDAL 3.2.2","processedAt":"2026-08-11T18:29:20.995Z"},"associationRefsVerifiedInGdalOutput":false}},{"type":"Feature","geometry":{"type":"Point","coordinates":[4.2105183,51.658115]},"properties":{"dolphinKind":"topmark","rawObjectClass":"TOPMAR","sourceProperties":{"RCID":24410160,"PRIM":1,"GRUP":2,"OBJL":144,"RVER":1,"AGEN":7979,"FIDN":24410160,"FIDS":1,"LNAM":"1F2B017478300001","COLOUR":["3","1","3"],"COLPAT":["1"],"TOPSHP":5,"SCAMIN":200000,"SORDAT":"20090121","sourceCellId":"1R76W8RI","sourceChecksum":"594255262298aa1b16b325273dc86e44bd51ffb998448d4f86f0258df69fafd7","rawObjectClass":"TOPMAR","sourceStableId":"1F2B017478300001"},"sourceKind":"official","official":true,"sourceCellId":"1R76W8RI","sourceStableId":"1F2B017478300001","pipelineFeatureId":"1R76W8RI/TOPMAR/24410160","provenance":{"cellId":"1R76W8RI","checksum":"594255262298aa1b16b325273dc86e44bd51ffb998448d4f86f0258df69fafd7","readerVersion":"GDAL 3.2.2","processedAt":"2026-08-11T18:29:20.995Z"},"associationRefsVerifiedInGdalOutput":false}},{"type":"Feature","geometry":{"type":"Point","coordinates":[4.205735,51.660875]},"properties":{"dolphinKind":"topmark","rawObjectClass":"TOPMAR","sourceProperties":{"RCID":24410164,"PRIM":1,"GRUP":2,"OBJL":144,"RVER":1,"AGEN":7979,"FIDN":24410164,"FIDS":1,"LNAM":"1F2B017478340001","COLOUR":["3","1","3"],"COLPAT":["1"],"TOPSHP":5,"SCAMIN":200000,"SORDAT":"20090121","sourceCellId":"1R76W8RI","sourceChecksum":"594255262298aa1b16b325273dc86e44bd51ffb998448d4f86f0258df69fafd7","rawObjectClass":"TOPMAR","sourceStableId":"1F2B017478340001"},"sourceKind":"official","official":true,"sourceCellId":"1R76W8RI","sourceStableId":"1F2B017478340001","pipelineFeatureId":"1R76W8RI/TOPMAR/24410164","provenance":{"cellId":"1R76W8RI","checksum":"594255262298aa1b16b325273dc86e44bd51ffb998448d4f86f0258df69fafd7","readerVersion":"GDAL 3.2.2","processedAt":"2026-08-11T18:29:20.995Z"},"associationRefsVerifiedInGdalOutput":false}},{"type":"Feature","geometry":{"type":"Point","coordinates":[4.201605,51.6665267]},"properties":{"dolphinKind":"topmark","rawObjectClass":"TOPMAR","sourceProperties":{"RCID":24410166,"PRIM":1,"GRUP":2,"OBJL":144,"RVER":1,"AGEN":7979,"FIDN":24410166,"FIDS":1,"LNAM":"1F2B017478360001","COLOUR":["3","1","3"],"COLPAT":["1"],"TOPSHP":5,"SCAMIN":200000,"SORDAT":"20090121","sourceCellId":"1R76W8RI","sourceChecksum":"594255262298aa1b16b325273dc86e44bd51ffb998448d4f86f0258df69fafd7","rawObjectClass":"TOPMAR","sourceStableId":"1F2B017478360001"},"sourceKind":"official","official":true,"sourceCellId":"1R76W8RI","sourceStableId":"1F2B017478360001","pipelineFeatureId":"1R76W8RI/TOPMAR/24410166","provenance":{"cellId":"1R76W8RI","checksum":"594255262298aa1b16b325273dc86e44bd51ffb998448d4f86f0258df69fafd7","readerVersion":"GDAL 3.2.2","processedAt":"2026-08-11T18:29:20.995Z"},"associationRefsVerifiedInGdalOutput":false}},{"type":"Feature","geometry":{"type":"Point","coordinates":[4.1975033,51.666465]},"properties":{"dolphinKind":"topmark","rawObjectClass":"TOPMAR","sourceProperties":{"RCID":24410168,"PRIM":1,"GRUP":2,"OBJL":144,"RVER":1,"AGEN":7979,"FIDN":24410168,"FIDS":1,"LNAM":"1F2B017478380001","COLOUR":["3","1","3"],"COLPAT":["1"],"TOPSHP":5,"SCAMIN":200000,"SORDAT":"20090121","sourceCellId":"1R76W8RI","sourceChecksum":"594255262298aa1b16b325273dc86e44bd51ffb998448d4f86f0258df69fafd7","rawObjectClass":"TOPMAR","sourceStableId":"1F2B017478380001"},"sourceKind":"official","official":true,"sourceCellId":"1R76W8RI","sourceStableId":"1F2B017478380001","pipelineFeatureId":"1R76W8RI/TOPMAR/24410168","provenance":{"cellId":"1R76W8RI","checksum":"594255262298aa1b16b325273dc86e44bd51ffb998448d4f86f0258df69fafd7","readerVersion":"GDAL 3.2.2","processedAt":"2026-08-11T18:29:20.995Z"},"associationRefsVerifiedInGdalOutput":false}},{"type":"Feature","geometry":{"type":"Point","coordinates":[4.192385,51.668755]},"properties":{"dolphinKind":"topmark","rawObjectClass":"TOPMAR","sourceProperties":{"RCID":24410170,"PRIM":1,"GRUP":2,"OBJL":144,"RVER":1,"AGEN":7979,"FIDN":24410170,"FIDS":1,"LNAM":"1F2B0174783A0001","COLOUR":["3","1","3"],"COLPAT":["1"],"TOPSHP":5,"SCAMIN":200000,"SORDAT":"20090121","sourceCellId":"1R76W8RI","sourceChecksum":"594255262298aa1b16b325273dc86e44bd51ffb998448d4f86f0258df69fafd7","rawObjectClass":"TOPMAR","sourceStableId":"1F2B0174783A0001"},"sourceKind":"official","official":true,"sourceCellId":"1R76W8RI","sourceStableId":"1F2B0174783A0001","pipelineFeatureId":"1R76W8RI/TOPMAR/24410170","provenance":{"cellId":"1R76W8RI","checksum":"594255262298aa1b16b325273dc86e44bd51ffb998448d4f86f0258df69fafd7","readerVersion":"GDAL 3.2.2","processedAt":"2026-08-11T18:29:20.995Z"},"associationRefsVerifiedInGdalOutput":false}},{"type":"Feature","geometry":{"type":"Point","coordinates":[4.1873367,51.6713083]},"properties":{"dolphinKind":"topmark","rawObjectClass":"TOPMAR","sourceProperties":{"RCID":24410174,"PRIM":1,"GRUP":2,"OBJL":144,"RVER":1,"AGEN":7979,"FIDN":24410174,"FIDS":1,"LNAM":"1F2B0174783E0001","COLOUR":["3","1","3"],"COLPAT":["1"],"TOPSHP":5,"SCAMIN":200000,"SORDAT":"20090121","sourceCellId":"1R76W8RI","sourceChecksum":"594255262298aa1b16b325273dc86e44bd51ffb998448d4f86f0258df69fafd7","rawObjectClass":"TOPMAR","sourceStableId":"1F2B0174783E0001"},"sourceKind":"official","official":true,"sourceCellId":"1R76W8RI","sourceStableId":"1F2B0174783E0001","pipelineFeatureId":"1R76W8RI/TOPMAR/24410174","provenance":{"cellId":"1R76W8RI","checksum":"594255262298aa1b16b325273dc86e44bd51ffb998448d4f86f0258df69fafd7","readerVersion":"GDAL 3.2.2","processedAt":"2026-08-11T18:29:20.995Z"},"associationRefsVerifiedInGdalOutput":false}},{"type":"Feature","geometry":{"type":"Point","coordinates":[4.1811667,51.6734167]},"properties":{"dolphinKind":"topmark","rawObjectClass":"TOPMAR","sourceProperties":{"RCID":24410176,"PRIM":1,"GRUP":2,"OBJL":144,"RVER":1,"AGEN":7979,"FIDN":24410176,"FIDS":1,"LNAM":"1F2B017478400001","COLOUR":["3","1","3"],"COLPAT":["1"],"TOPSHP":5,"SCAMIN":200000,"SORDAT":"20090121","sourceCellId":"1R76W8RI","sourceChecksum":"594255262298aa1b16b325273dc86e44bd51ffb998448d4f86f0258df69fafd7","rawObjectClass":"TOPMAR","sourceStableId":"1F2B017478400001"},"sourceKind":"official","official":true,"sourceCellId":"1R76W8RI","sourceStableId":"1F2B017478400001","pipelineFeatureId":"1R76W8RI/TOPMAR/24410176","provenance":{"cellId":"1R76W8RI","checksum":"594255262298aa1b16b325273dc86e44bd51ffb998448d4f86f0258df69fafd7","readerVersion":"GDAL 3.2.2","processedAt":"2026-08-11T18:29:20.995Z"},"associationRefsVerifiedInGdalOutput":false}},{"type":"Feature","geometry":{"type":"Point","coordinates":[4.2705167,51.6503883]},"properties":{"dolphinKind":"topmark","rawObjectClass":"TOPMAR","sourceProperties":{"RCID":24758487,"PRIM":1,"GRUP":2,"OBJL":144,"RVER":1,"AGEN":7979,"FIDN":24758487,"FIDS":1,"LNAM":"1F2B0179C8D70001","COLOUR":["3","1","3"],"COLPAT":["1"],"TOPSHP":5,"SCAMIN":200000,"SORDAT":"20090121","sourceCellId":"1R76W8RI","sourceChecksum":"594255262298aa1b16b325273dc86e44bd51ffb998448d4f86f0258df69fafd7","rawObjectClass":"TOPMAR","sourceStableId":"1F2B0179C8D70001"},"sourceKind":"official","official":true,"sourceCellId":"1R76W8RI","sourceStableId":"1F2B0179C8D70001","pipelineFeatureId":"1R76W8RI/TOPMAR/24758487","provenance":{"cellId":"1R76W8RI","checksum":"594255262298aa1b16b325273dc86e44bd51ffb998448d4f86f0258df69fafd7","readerVersion":"GDAL 3.2.2","processedAt":"2026-08-11T18:29:20.995Z"},"associationRefsVerifiedInGdalOutput":false}},{"type":"Feature","geometry":{"type":"Point","coordinates":[4.2434717,51.6479383]},"properties":{"dolphinKind":"topmark","rawObjectClass":"TOPMAR","sourceProperties":{"RCID":24758506,"PRIM":1,"GRUP":2,"OBJL":144,"RVER":1,"AGEN":7979,"FIDN":24758506,"FIDS":1,"LNAM":"1F2B0179C8EA0001","COLOUR":["4"],"TOPSHP":1,"SCAMIN":200000,"sourceCellId":"1R76W8RI","sourceChecksum":"594255262298aa1b16b325273dc86e44bd51ffb998448d4f86f0258df69fafd7","rawObjectClass":"TOPMAR","sourceStableId":"1F2B0179C8EA0001"},"sourceKind":"official","official":true,"sourceCellId":"1R76W8RI","sourceStableId":"1F2B0179C8EA0001","pipelineFeatureId":"1R76W8RI/TOPMAR/24758506","provenance":{"cellId":"1R76W8RI","checksum":"594255262298aa1b16b325273dc86e44bd51ffb998448d4f86f0258df69fafd7","readerVersion":"GDAL 3.2.2","processedAt":"2026-08-11T18:29:20.995Z"},"associationRefsVerifiedInGdalOutput":false}},{"type":"Feature","geometry":{"type":"Point","coordinates":[4.2478217,51.6472567]},"properties":{"dolphinKind":"topmark","rawObjectClass":"TOPMAR","sourceProperties":{"RCID":24758508,"PRIM":1,"GRUP":2,"OBJL":144,"RVER":1,"AGEN":7979,"FIDN":24758508,"FIDS":1,"LNAM":"1F2B0179C8EC0001","COLOUR":["4"],"TOPSHP":1,"SCAMIN":200000,"sourceCellId":"1R76W8RI","sourceChecksum":"594255262298aa1b16b325273dc86e44bd51ffb998448d4f86f0258df69fafd7","rawObjectClass":"TOPMAR","sourceStableId":"1F2B0179C8EC0001"},"sourceKind":"official","official":true,"sourceCellId":"1R76W8RI","sourceStableId":"1F2B0179C8EC0001","pipelineFeatureId":"1R76W8RI/TOPMAR/24758508","provenance":{"cellId":"1R76W8RI","checksum":"594255262298aa1b16b325273dc86e44bd51ffb998448d4f86f0258df69fafd7","readerVersion":"GDAL 3.2.2","processedAt":"2026-08-11T18:29:20.995Z"},"associationRefsVerifiedInGdalOutput":false}},{"type":"Feature","geometry":{"type":"Point","coordinates":[4.2392333,51.6486317]},"properties":{"dolphinKind":"topmark","rawObjectClass":"TOPMAR","sourceProperties":{"RCID":24758510,"PRIM":1,"GRUP":2,"OBJL":144,"RVER":1,"AGEN":7979,"FIDN":24758510,"FIDS":1,"LNAM":"1F2B0179C8EE0001","COLOUR":["4"],"TOPSHP":1,"SCAMIN":200000,"sourceCellId":"1R76W8RI","sourceChecksum":"594255262298aa1b16b325273dc86e44bd51ffb998448d4f86f0258df69fafd7","rawObjectClass":"TOPMAR","sourceStableId":"1F2B0179C8EE0001"},"sourceKind":"official","official":true,"sourceCellId":"1R76W8RI","sourceStableId":"1F2B0179C8EE0001","pipelineFeatureId":"1R76W8RI/TOPMAR/24758510","provenance":{"cellId":"1R76W8RI","checksum":"594255262298aa1b16b325273dc86e44bd51ffb998448d4f86f0258df69fafd7","readerVersion":"GDAL 3.2.2","processedAt":"2026-08-11T18:29:20.995Z"},"associationRefsVerifiedInGdalOutput":false}},{"type":"Feature","geometry":{"type":"Point","coordinates":[4.2343467,51.6493767]},"properties":{"dolphinKind":"topmark","rawObjectClass":"TOPMAR","sourceProperties":{"RCID":24758512,"PRIM":1,"GRUP":2,"OBJL":144,"RVER":1,"AGEN":7979,"FIDN":24758512,"FIDS":1,"LNAM":"1F2B0179C8F00001","COLOUR":["4"],"TOPSHP":1,"SCAMIN":200000,"sourceCellId":"1R76W8RI","sourceChecksum":"594255262298aa1b16b325273dc86e44bd51ffb998448d4f86f0258df69fafd7","rawObjectClass":"TOPMAR","sourceStableId":"1F2B0179C8F00001"},"sourceKind":"official","official":true,"sourceCellId":"1R76W8RI","sourceStableId":"1F2B0179C8F00001","pipelineFeatureId":"1R76W8RI/TOPMAR/24758512","provenance":{"cellId":"1R76W8RI","checksum":"594255262298aa1b16b325273dc86e44bd51ffb998448d4f86f0258df69fafd7","readerVersion":"GDAL 3.2.2","processedAt":"2026-08-11T18:29:20.995Z"},"associationRefsVerifiedInGdalOutput":false}},{"type":"Feature","geometry":{"type":"Point","coordinates":[4.2308567,51.6488817]},"properties":{"dolphinKind":"topmark","rawObjectClass":"TOPMAR","sourceProperties":{"RCID":24758514,"PRIM":1,"GRUP":2,"OBJL":144,"RVER":1,"AGEN":7979,"FIDN":24758514,"FIDS":1,"LNAM":"1F2B0179C8F20001","COLOUR":["4"],"TOPSHP":1,"SCAMIN":200000,"sourceCellId":"1R76W8RI","sourceChecksum":"594255262298aa1b16b325273dc86e44bd51ffb998448d4f86f0258df69fafd7","rawObjectClass":"TOPMAR","sourceStableId":"1F2B0179C8F20001"},"sourceKind":"official","official":true,"sourceCellId":"1R76W8RI","sourceStableId":"1F2B0179C8F20001","pipelineFeatureId":"1R76W8RI/TOPMAR/24758514","provenance":{"cellId":"1R76W8RI","checksum":"594255262298aa1b16b325273dc86e44bd51ffb998448d4f86f0258df69fafd7","readerVersion":"GDAL 3.2.2","processedAt":"2026-08-11T18:29:20.995Z"},"associationRefsVerifiedInGdalOutput":false}},{"type":"Feature","geometry":{"type":"Point","coordinates":[4.227925,51.64838]},"properties":{"dolphinKind":"topmark","rawObjectClass":"TOPMAR","sourceProperties":{"RCID":24758516,"PRIM":1,"GRUP":2,"OBJL":144,"RVER":1,"AGEN":7979,"FIDN":24758516,"FIDS":1,"LNAM":"1F2B0179C8F40001","COLOUR":["4"],"TOPSHP":1,"SCAMIN":200000,"sourceCellId":"1R76W8RI","sourceChecksum":"594255262298aa1b16b325273dc86e44bd51ffb998448d4f86f0258df69fafd7","rawObjectClass":"TOPMAR","sourceStableId":"1F2B0179C8F40001"},"sourceKind":"official","official":true,"sourceCellId":"1R76W8RI","sourceStableId":"1F2B0179C8F40001","pipelineFeatureId":"1R76W8RI/TOPMAR/24758516","provenance":{"cellId":"1R76W8RI","checksum":"594255262298aa1b16b325273dc86e44bd51ffb998448d4f86f0258df69fafd7","readerVersion":"GDAL 3.2.2","processedAt":"2026-08-11T18:29:20.995Z"},"associationRefsVerifiedInGdalOutput":false}},{"type":"Feature","geometry":{"type":"Point","coordinates":[4.221675,51.6523133]},"properties":{"dolphinKind":"topmark","rawObjectClass":"TOPMAR","sourceProperties":{"RCID":24758518,"PRIM":1,"GRUP":2,"OBJL":144,"RVER":1,"AGEN":7979,"FIDN":24758518,"FIDS":1,"LNAM":"1F2B0179C8F60001","COLOUR":["3"],"TOPSHP":5,"SCAMIN":200000,"sourceCellId":"1R76W8RI","sourceChecksum":"594255262298aa1b16b325273dc86e44bd51ffb998448d4f86f0258df69fafd7","rawObjectClass":"TOPMAR","sourceStableId":"1F2B0179C8F60001"},"sourceKind":"official","official":true,"sourceCellId":"1R76W8RI","sourceStableId":"1F2B0179C8F60001","pipelineFeatureId":"1R76W8RI/TOPMAR/24758518","provenance":{"cellId":"1R76W8RI","checksum":"594255262298aa1b16b325273dc86e44bd51ffb998448d4f86f0258df69fafd7","readerVersion":"GDAL 3.2.2","processedAt":"2026-08-11T18:29:20.995Z"},"associationRefsVerifiedInGdalOutput":false}},{"type":"Feature","geometry":{"type":"Point","coordinates":[4.225955,51.651825]},"properties":{"dolphinKind":"topmark","rawObjectClass":"TOPMAR","sourceProperties":{"RCID":24758520,"PRIM":1,"GRUP":2,"OBJL":144,"RVER":1,"AGEN":7979,"FIDN":24758520,"FIDS":1,"LNAM":"1F2B0179C8F80001","COLOUR":["3"],"TOPSHP":5,"SCAMIN":200000,"sourceCellId":"1R76W8RI","sourceChecksum":"594255262298aa1b16b325273dc86e44bd51ffb998448d4f86f0258df69fafd7","rawObjectClass":"TOPMAR","sourceStableId":"1F2B0179C8F80001"},"sourceKind":"official","official":true,"sourceCellId":"1R76W8RI","sourceStableId":"1F2B0179C8F80001","pipelineFeatureId":"1R76W8RI/TOPMAR/24758520","provenance":{"cellId":"1R76W8RI","checksum":"594255262298aa1b16b325273dc86e44bd51ffb998448d4f86f0258df69fafd7","readerVersion":"GDAL 3.2.2","processedAt":"2026-08-11T18:29:20.995Z"},"associationRefsVerifiedInGdalOutput":false}},{"type":"Feature","geometry":{"type":"Point","coordinates":[4.2301633,51.6511467]},"properties":{"dolphinKind":"topmark","rawObjectClass":"TOPMAR","sourceProperties":{"RCID":24758522,"PRIM":1,"GRUP":2,"OBJL":144,"RVER":1,"AGEN":7979,"FIDN":24758522,"FIDS":1,"LNAM":"1F2B0179C8FA0001","COLOUR":["3"],"TOPSHP":5,"SCAMIN":200000,"sourceCellId":"1R76W8RI","sourceChecksum":"594255262298aa1b16b325273dc86e44bd51ffb998448d4f86f0258df69fafd7","rawObjectClass":"TOPMAR","sourceStableId":"1F2B0179C8FA0001"},"sourceKind":"official","official":true,"sourceCellId":"1R76W8RI","sourceStableId":"1F2B0179C8FA0001","pipelineFeatureId":"1R76W8RI/TOPMAR/24758522","provenance":{"cellId":"1R76W8RI","checksum":"594255262298aa1b16b325273dc86e44bd51ffb998448d4f86f0258df69fafd7","readerVersion":"GDAL 3.2.2","processedAt":"2026-08-11T18:29:20.995Z"},"associationRefsVerifiedInGdalOutput":false}},{"type":"Feature","geometry":{"type":"Point","coordinates":[4.2343,51.6504667]},"properties":{"dolphinKind":"topmark","rawObjectClass":"TOPMAR","sourceProperties":{"RCID":24758524,"PRIM":1,"GRUP":2,"OBJL":144,"RVER":1,"AGEN":7979,"FIDN":24758524,"FIDS":1,"LNAM":"1F2B0179C8FC0001","COLOUR":["3"],"TOPSHP":5,"SCAMIN":200000,"sourceCellId":"1R76W8RI","sourceChecksum":"594255262298aa1b16b325273dc86e44bd51ffb998448d4f86f0258df69fafd7","rawObjectClass":"TOPMAR","sourceStableId":"1F2B0179C8FC0001"},"sourceKind":"official","official":true,"sourceCellId":"1R76W8RI","sourceStableId":"1F2B0179C8FC0001","pipelineFeatureId":"1R76W8RI/TOPMAR/24758524","provenance":{"cellId":"1R76W8RI","checksum":"594255262298aa1b16b325273dc86e44bd51ffb998448d4f86f0258df69fafd7","readerVersion":"GDAL 3.2.2","processedAt":"2026-08-11T18:29:20.995Z"},"associationRefsVerifiedInGdalOutput":false}},{"type":"Feature","geometry":{"type":"Point","coordinates":[4.2384367,51.6497883]},"properties":{"dolphinKind":"topmark","rawObjectClass":"TOPMAR","sourceProperties":{"RCID":24758526,"PRIM":1,"GRUP":2,"OBJL":144,"RVER":1,"AGEN":7979,"FIDN":24758526,"FIDS":1,"LNAM":"1F2B0179C8FE0001","COLOUR":["3"],"TOPSHP":5,"SCAMIN":200000,"sourceCellId":"1R76W8RI","sourceChecksum":"594255262298aa1b16b325273dc86e44bd51ffb998448d4f86f0258df69fafd7","rawObjectClass":"TOPMAR","sourceStableId":"1F2B0179C8FE0001"},"sourceKind":"official","official":true,"sourceCellId":"1R76W8RI","sourceStableId":"1F2B0179C8FE0001","pipelineFeatureId":"1R76W8RI/TOPMAR/24758526","provenance":{"cellId":"1R76W8RI","checksum":"594255262298aa1b16b325273dc86e44bd51ffb998448d4f86f0258df69fafd7","readerVersion":"GDAL 3.2.2","processedAt":"2026-08-11T18:29:20.995Z"},"associationRefsVerifiedInGdalOutput":false}},{"type":"Feature","geometry":{"type":"Point","coordinates":[4.2079567,51.6589267]},"properties":{"dolphinKind":"topmark","rawObjectClass":"TOPMAR","sourceProperties":{"RCID":24758528,"PRIM":1,"GRUP":2,"OBJL":144,"RVER":1,"AGEN":7979,"FIDN":24758528,"FIDS":1,"LNAM":"1F2B0179C9000001","COLOUR":["3"],"TOPSHP":5,"SCAMIN":200000,"sourceCellId":"1R76W8RI","sourceChecksum":"594255262298aa1b16b325273dc86e44bd51ffb998448d4f86f0258df69fafd7","rawObjectClass":"TOPMAR","sourceStableId":"1F2B0179C9000001"},"sourceKind":"official","official":true,"sourceCellId":"1R76W8RI","sourceStableId":"1F2B0179C9000001","pipelineFeatureId":"1R76W8RI/TOPMAR/24758528","provenance":{"cellId":"1R76W8RI","checksum":"594255262298aa1b16b325273dc86e44bd51ffb998448d4f86f0258df69fafd7","readerVersion":"GDAL 3.2.2","processedAt":"2026-08-11T18:29:20.995Z"},"associationRefsVerifiedInGdalOutput":false}},{"type":"Feature","geometry":{"type":"Point","coordinates":[4.2105317,51.6568367]},"properties":{"dolphinKind":"topmark","rawObjectClass":"TOPMAR","sourceProperties":{"RCID":24758530,"PRIM":1,"GRUP":2,"OBJL":144,"RVER":1,"AGEN":7979,"FIDN":24758530,"FIDS":1,"LNAM":"1F2B0179C9020001","COLOUR":["3"],"TOPSHP":5,"SCAMIN":200000,"sourceCellId":"1R76W8RI","sourceChecksum":"594255262298aa1b16b325273dc86e44bd51ffb998448d4f86f0258df69fafd7","rawObjectClass":"TOPMAR","sourceStableId":"1F2B0179C9020001"},"sourceKind":"official","official":true,"sourceCellId":"1R76W8RI","sourceStableId":"1F2B0179C9020001","pipelineFeatureId":"1R76W8RI/TOPMAR/24758530","provenance":{"cellId":"1R76W8RI","checksum":"594255262298aa1b16b325273dc86e44bd51ffb998448d4f86f0258df69fafd7","readerVersion":"GDAL 3.2.2","processedAt":"2026-08-11T18:29:20.995Z"},"associationRefsVerifiedInGdalOutput":false}},{"type":"Feature","geometry":{"type":"Point","coordinates":[4.2139217,51.6546267]},"properties":{"dolphinKind":"topmark","rawObjectClass":"TOPMAR","sourceProperties":{"RCID":24758532,"PRIM":1,"GRUP":2,"OBJL":144,"RVER":1,"AGEN":7979,"FIDN":24758532,"FIDS":1,"LNAM":"1F2B0179C9040001","COLOUR":["3"],"TOPSHP":5,"SCAMIN":200000,"sourceCellId":"1R76W8RI","sourceChecksum":"594255262298aa1b16b325273dc86e44bd51ffb998448d4f86f0258df69fafd7","rawObjectClass":"TOPMAR","sourceStableId":"1F2B0179C9040001"},"sourceKind":"official","official":true,"sourceCellId":"1R76W8RI","sourceStableId":"1F2B0179C9040001","pipelineFeatureId":"1R76W8RI/TOPMAR/24758532","provenance":{"cellId":"1R76W8RI","checksum":"594255262298aa1b16b325273dc86e44bd51ffb998448d4f86f0258df69fafd7","readerVersion":"GDAL 3.2.2","processedAt":"2026-08-11T18:29:20.995Z"},"associationRefsVerifiedInGdalOutput":false}},{"type":"Feature","geometry":{"type":"Point","coordinates":[4.2175383,51.6529917]},"properties":{"dolphinKind":"topmark","rawObjectClass":"TOPMAR","sourceProperties":{"RCID":24758534,"PRIM":1,"GRUP":2,"OBJL":144,"RVER":1,"AGEN":7979,"FIDN":24758534,"FIDS":1,"LNAM":"1F2B0179C9060001","COLOUR":["3"],"TOPSHP":5,"SCAMIN":200000,"sourceCellId":"1R76W8RI","sourceChecksum":"594255262298aa1b16b325273dc86e44bd51ffb998448d4f86f0258df69fafd7","rawObjectClass":"TOPMAR","sourceStableId":"1F2B0179C9060001"},"sourceKind":"official","official":true,"sourceCellId":"1R76W8RI","sourceStableId":"1F2B0179C9060001","pipelineFeatureId":"1R76W8RI/TOPMAR/24758534","provenance":{"cellId":"1R76W8RI","checksum":"594255262298aa1b16b325273dc86e44bd51ffb998448d4f86f0258df69fafd7","readerVersion":"GDAL 3.2.2","processedAt":"2026-08-11T18:29:20.995Z"},"associationRefsVerifiedInGdalOutput":false}},{"type":"Feature","geometry":{"type":"Point","coordinates":[4.2238367,51.6477517]},"properties":{"dolphinKind":"topmark","rawObjectClass":"TOPMAR","sourceProperties":{"RCID":24758540,"PRIM":1,"GRUP":2,"OBJL":144,"RVER":1,"AGEN":7979,"FIDN":24758540,"FIDS":1,"LNAM":"1F2B0179C90C0001","COLOUR":["4"],"TOPSHP":1,"SCAMIN":200000,"sourceCellId":"1R76W8RI","sourceChecksum":"594255262298aa1b16b325273dc86e44bd51ffb998448d4f86f0258df69fafd7","rawObjectClass":"TOPMAR","sourceStableId":"1F2B0179C90C0001"},"sourceKind":"official","official":true,"sourceCellId":"1R76W8RI","sourceStableId":"1F2B0179C90C0001","pipelineFeatureId":"1R76W8RI/TOPMAR/24758540","provenance":{"cellId":"1R76W8RI","checksum":"594255262298aa1b16b325273dc86e44bd51ffb998448d4f86f0258df69fafd7","readerVersion":"GDAL 3.2.2","processedAt":"2026-08-11T18:29:20.995Z"},"associationRefsVerifiedInGdalOutput":false}},{"type":"Feature","geometry":{"type":"Point","coordinates":[4.2205867,51.6471417]},"properties":{"dolphinKind":"topmark","rawObjectClass":"TOPMAR","sourceProperties":{"RCID":24758547,"PRIM":1,"GRUP":2,"OBJL":144,"RVER":1,"AGEN":7979,"FIDN":24758547,"FIDS":1,"LNAM":"1F2B0179C9130001","COLOUR":["3"],"TOPSHP":31,"SCAMIN":200000,"SORDAT":"20260402","SORIND":"NL,1R,reprt,MD183-2026","sourceCellId":"1R76W8RI","sourceChecksum":"594255262298aa1b16b325273dc86e44bd51ffb998448d4f86f0258df69fafd7","rawObjectClass":"TOPMAR","sourceStableId":"1F2B0179C9130001"},"sourceKind":"official","official":true,"sourceCellId":"1R76W8RI","sourceStableId":"1F2B0179C9130001","pipelineFeatureId":"1R76W8RI/TOPMAR/24758547","provenance":{"cellId":"1R76W8RI","checksum":"594255262298aa1b16b325273dc86e44bd51ffb998448d4f86f0258df69fafd7","readerVersion":"GDAL 3.2.2","processedAt":"2026-08-11T18:29:20.995Z"},"associationRefsVerifiedInGdalOutput":false}},{"type":"Feature","geometry":{"type":"Point","coordinates":[4.252975,51.646195]},"properties":{"dolphinKind":"topmark","rawObjectClass":"TOPMAR","sourceProperties":{"RCID":24758548,"PRIM":1,"GRUP":2,"OBJL":144,"RVER":1,"AGEN":7979,"FIDN":24758548,"FIDS":1,"LNAM":"1F2B0179C9140001","COLOUR":["3"],"TOPSHP":31,"SCAMIN":200000,"SORDAT":"20260402","SORIND":"NL,1R,reprt,MD183-2026","sourceCellId":"1R76W8RI","sourceChecksum":"594255262298aa1b16b325273dc86e44bd51ffb998448d4f86f0258df69fafd7","rawObjectClass":"TOPMAR","sourceStableId":"1F2B0179C9140001"},"sourceKind":"official","official":true,"sourceCellId":"1R76W8RI","sourceStableId":"1F2B0179C9140001","pipelineFeatureId":"1R76W8RI/TOPMAR/24758548","provenance":{"cellId":"1R76W8RI","checksum":"594255262298aa1b16b325273dc86e44bd51ffb998448d4f86f0258df69fafd7","readerVersion":"GDAL 3.2.2","processedAt":"2026-08-11T18:29:20.995Z"},"associationRefsVerifiedInGdalOutput":false}},{"type":"Feature","geometry":{"type":"Point","coordinates":[4.1784883,51.6670333]},"properties":{"dolphinKind":"topmark","rawObjectClass":"TOPMAR","sourceProperties":{"RCID":24758550,"PRIM":1,"GRUP":2,"OBJL":144,"RVER":1,"AGEN":7979,"FIDN":24758550,"FIDS":1,"LNAM":"1F2B0179C9160001","COLOUR":["3"],"TOPSHP":5,"SCAMIN":200000,"sourceCellId":"1R76W8RI","sourceChecksum":"594255262298aa1b16b325273dc86e44bd51ffb998448d4f86f0258df69fafd7","rawObjectClass":"TOPMAR","sourceStableId":"1F2B0179C9160001"},"sourceKind":"official","official":true,"sourceCellId":"1R76W8RI","sourceStableId":"1F2B0179C9160001","pipelineFeatureId":"1R76W8RI/TOPMAR/24758550","provenance":{"cellId":"1R76W8RI","checksum":"594255262298aa1b16b325273dc86e44bd51ffb998448d4f86f0258df69fafd7","readerVersion":"GDAL 3.2.2","processedAt":"2026-08-11T18:29:20.995Z"},"associationRefsVerifiedInGdalOutput":false}},{"type":"Feature","geometry":{"type":"Point","coordinates":[4.1819133,51.6670583]},"properties":{"dolphinKind":"topmark","rawObjectClass":"TOPMAR","sourceProperties":{"RCID":24758552,"PRIM":1,"GRUP":2,"OBJL":144,"RVER":1,"AGEN":7979,"FIDN":24758552,"FIDS":1,"LNAM":"1F2B0179C9180001","COLOUR":["3"],"TOPSHP":5,"SCAMIN":200000,"sourceCellId":"1R76W8RI","sourceChecksum":"594255262298aa1b16b325273dc86e44bd51ffb998448d4f86f0258df69fafd7","rawObjectClass":"TOPMAR","sourceStableId":"1F2B0179C9180001"},"sourceKind":"official","official":true,"sourceCellId":"1R76W8RI","sourceStableId":"1F2B0179C9180001","pipelineFeatureId":"1R76W8RI/TOPMAR/24758552","provenance":{"cellId":"1R76W8RI","checksum":"594255262298aa1b16b325273dc86e44bd51ffb998448d4f86f0258df69fafd7","readerVersion":"GDAL 3.2.2","processedAt":"2026-08-11T18:29:20.995Z"},"associationRefsVerifiedInGdalOutput":false}},{"type":"Feature","geometry":{"type":"Point","coordinates":[4.1853383,51.66712]},"properties":{"dolphinKind":"topmark","rawObjectClass":"TOPMAR","sourceProperties":{"RCID":24758554,"PRIM":1,"GRUP":2,"OBJL":144,"RVER":1,"AGEN":7979,"FIDN":24758554,"FIDS":1,"LNAM":"1F2B0179C91A0001","COLOUR":["3"],"TOPSHP":5,"SCAMIN":200000,"sourceCellId":"1R76W8RI","sourceChecksum":"594255262298aa1b16b325273dc86e44bd51ffb998448d4f86f0258df69fafd7","rawObjectClass":"TOPMAR","sourceStableId":"1F2B0179C91A0001"},"sourceKind":"official","official":true,"sourceCellId":"1R76W8RI","sourceStableId":"1F2B0179C91A0001","pipelineFeatureId":"1R76W8RI/TOPMAR/24758554","provenance":{"cellId":"1R76W8RI","checksum":"594255262298aa1b16b325273dc86e44bd51ffb998448d4f86f0258df69fafd7","readerVersion":"GDAL 3.2.2","processedAt":"2026-08-11T18:29:20.995Z"},"associationRefsVerifiedInGdalOutput":false}},{"type":"Feature","geometry":{"type":"Point","coordinates":[4.1888217,51.6671567]},"properties":{"dolphinKind":"topmark","rawObjectClass":"TOPMAR","sourceProperties":{"RCID":24758556,"PRIM":1,"GRUP":2,"OBJL":144,"RVER":1,"AGEN":7979,"FIDN":24758556,"FIDS":1,"LNAM":"1F2B0179C91C0001","COLOUR":["3"],"TOPSHP":5,"SCAMIN":200000,"sourceCellId":"1R76W8RI","sourceChecksum":"594255262298aa1b16b325273dc86e44bd51ffb998448d4f86f0258df69fafd7","rawObjectClass":"TOPMAR","sourceStableId":"1F2B0179C91C0001"},"sourceKind":"official","official":true,"sourceCellId":"1R76W8RI","sourceStableId":"1F2B0179C91C0001","pipelineFeatureId":"1R76W8RI/TOPMAR/24758556","provenance":{"cellId":"1R76W8RI","checksum":"594255262298aa1b16b325273dc86e44bd51ffb998448d4f86f0258df69fafd7","readerVersion":"GDAL 3.2.2","processedAt":"2026-08-11T18:29:20.995Z"},"associationRefsVerifiedInGdalOutput":false}},{"type":"Feature","geometry":{"type":"Point","coordinates":[4.1956383,51.66725]},"properties":{"dolphinKind":"topmark","rawObjectClass":"TOPMAR","sourceProperties":{"RCID":24758558,"PRIM":1,"GRUP":2,"OBJL":144,"RVER":1,"AGEN":7979,"FIDN":24758558,"FIDS":1,"LNAM":"1F2B0179C91E0001","COLOUR":["3","4"],"COLPAT":["1"],"TOPSHP":3,"SCAMIN":200000,"SORDAT":"20230208","SORIND":"NL,1R,reprt,ENC verbetering","sourceCellId":"1R76W8RI","sourceChecksum":"594255262298aa1b16b325273dc86e44bd51ffb998448d4f86f0258df69fafd7","rawObjectClass":"TOPMAR","sourceStableId":"1F2B0179C91E0001"},"sourceKind":"official","official":true,"sourceCellId":"1R76W8RI","sourceStableId":"1F2B0179C91E0001","pipelineFeatureId":"1R76W8RI/TOPMAR/24758558","provenance":{"cellId":"1R76W8RI","checksum":"594255262298aa1b16b325273dc86e44bd51ffb998448d4f86f0258df69fafd7","readerVersion":"GDAL 3.2.2","processedAt":"2026-08-11T18:29:20.995Z"},"associationRefsVerifiedInGdalOutput":false}},{"type":"Feature","geometry":{"type":"Point","coordinates":[4.13375,51.6577]},"properties":{"dolphinKind":"topmark","rawObjectClass":"TOPMAR","sourceProperties":{"RCID":29630627,"PRIM":1,"GRUP":2,"OBJL":144,"RVER":1,"AGEN":7979,"FIDN":29630627,"FIDS":1,"LNAM":"1F2B01C420A30001","COLOUR":["3","1","3"],"COLPAT":["1"],"TOPSHP":5,"SCAMIN":200000,"SORIND":"NL,1R,reprt,DZD-BAS-2009/30","sourceCellId":"1R76W8RI","sourceChecksum":"594255262298aa1b16b325273dc86e44bd51ffb998448d4f86f0258df69fafd7","rawObjectClass":"TOPMAR","sourceStableId":"1F2B01C420A30001"},"sourceKind":"official","official":true,"sourceCellId":"1R76W8RI","sourceStableId":"1F2B01C420A30001","pipelineFeatureId":"1R76W8RI/TOPMAR/29630627","provenance":{"cellId":"1R76W8RI","checksum":"594255262298aa1b16b325273dc86e44bd51ffb998448d4f86f0258df69fafd7","readerVersion":"GDAL 3.2.2","processedAt":"2026-08-11T18:29:20.995Z"},"associationRefsVerifiedInGdalOutput":false}},{"type":"Feature","geometry":{"type":"Point","coordinates":[4.14785,51.6734]},"properties":{"dolphinKind":"topmark","rawObjectClass":"TOPMAR","sourceProperties":{"RCID":86286964,"PRIM":1,"GRUP":2,"OBJL":144,"RVER":1,"AGEN":7979,"FIDN":86286964,"FIDS":1,"LNAM":"1F2B0524A2740001","COLOUR":["3","1","3"],"COLPAT":["1"],"TOPSHP":5,"SCAMIN":200000,"SORIND":"NL,1R,reprt,NavBer 2012/MZ36","sourceCellId":"1R76W8RI","sourceChecksum":"594255262298aa1b16b325273dc86e44bd51ffb998448d4f86f0258df69fafd7","rawObjectClass":"TOPMAR","sourceStableId":"1F2B0524A2740001"},"sourceKind":"official","official":true,"sourceCellId":"1R76W8RI","sourceStableId":"1F2B0524A2740001","pipelineFeatureId":"1R76W8RI/TOPMAR/86286964","provenance":{"cellId":"1R76W8RI","checksum":"594255262298aa1b16b325273dc86e44bd51ffb998448d4f86f0258df69fafd7","readerVersion":"GDAL 3.2.2","processedAt":"2026-08-11T18:29:20.995Z"},"associationRefsVerifiedInGdalOutput":false}},{"type":"Feature","geometry":{"type":"Point","coordinates":[4.1512167,51.6695833]},"properties":{"dolphinKind":"topmark","rawObjectClass":"TOPMAR","sourceProperties":{"RCID":86286966,"PRIM":1,"GRUP":2,"OBJL":144,"RVER":1,"AGEN":7979,"FIDN":86286966,"FIDS":1,"LNAM":"1F2B0524A2760001","COLOUR":["3","1","3"],"COLPAT":["1"],"TOPSHP":5,"SCAMIN":200000,"SORIND":"NL,1R,reprt,NavBer 2012/MZ36","sourceCellId":"1R76W8RI","sourceChecksum":"594255262298aa1b16b325273dc86e44bd51ffb998448d4f86f0258df69fafd7","rawObjectClass":"TOPMAR","sourceStableId":"1F2B0524A2760001"},"sourceKind":"official","official":true,"sourceCellId":"1R76W8RI","sourceStableId":"1F2B0524A2760001","pipelineFeatureId":"1R76W8RI/TOPMAR/86286966","provenance":{"cellId":"1R76W8RI","checksum":"594255262298aa1b16b325273dc86e44bd51ffb998448d4f86f0258df69fafd7","readerVersion":"GDAL 3.2.2","processedAt":"2026-08-11T18:29:20.995Z"},"associationRefsVerifiedInGdalOutput":false}},{"type":"Feature","geometry":{"type":"Point","coordinates":[4.13435,51.6655067]},"properties":{"dolphinKind":"topmark","rawObjectClass":"TOPMAR","sourceProperties":{"RCID":86286968,"PRIM":1,"GRUP":2,"OBJL":144,"RVER":1,"AGEN":7979,"FIDN":86286968,"FIDS":1,"LNAM":"1F2B0524A2780001","COLOUR":["3","1","3"],"COLPAT":["1"],"TOPSHP":5,"SCAMIN":200000,"SORIND":"NL,1R,reprt,NavBer 2012/MZ36","sourceCellId":"1R76W8RI","sourceChecksum":"594255262298aa1b16b325273dc86e44bd51ffb998448d4f86f0258df69fafd7","rawObjectClass":"TOPMAR","sourceStableId":"1F2B0524A2780001"},"sourceKind":"official","official":true,"sourceCellId":"1R76W8RI","sourceStableId":"1F2B0524A2780001","pipelineFeatureId":"1R76W8RI/TOPMAR/86286968","provenance":{"cellId":"1R76W8RI","checksum":"594255262298aa1b16b325273dc86e44bd51ffb998448d4f86f0258df69fafd7","readerVersion":"GDAL 3.2.2","processedAt":"2026-08-11T18:29:20.995Z"},"associationRefsVerifiedInGdalOutput":false}},{"type":"Feature","geometry":{"type":"Point","coordinates":[4.1421933,51.6670833]},"properties":{"dolphinKind":"topmark","rawObjectClass":"TOPMAR","sourceProperties":{"RCID":245267450,"PRIM":1,"GRUP":2,"OBJL":144,"RVER":1,"AGEN":7979,"FIDN":245267450,"FIDS":1,"LNAM":"1F2B0E9E7BFA0001","COLOUR":["3"],"TOPSHP":5,"SCAMIN":200000,"SORDAT":"20180118","SORIND":"NL,1R,reprt,ZDZ_BAS_2017/171","sourceCellId":"1R76W8RI","sourceChecksum":"594255262298aa1b16b325273dc86e44bd51ffb998448d4f86f0258df69fafd7","rawObjectClass":"TOPMAR","sourceStableId":"1F2B0E9E7BFA0001"},"sourceKind":"official","official":true,"sourceCellId":"1R76W8RI","sourceStableId":"1F2B0E9E7BFA0001","pipelineFeatureId":"1R76W8RI/TOPMAR/245267450","provenance":{"cellId":"1R76W8RI","checksum":"594255262298aa1b16b325273dc86e44bd51ffb998448d4f86f0258df69fafd7","readerVersion":"GDAL 3.2.2","processedAt":"2026-08-11T18:29:20.995Z"},"associationRefsVerifiedInGdalOutput":false}},{"type":"Feature","geometry":{"type":"Point","coordinates":[4.1532167,51.6674]},"properties":{"dolphinKind":"topmark","rawObjectClass":"TOPMAR","sourceProperties":{"RCID":245267451,"PRIM":1,"GRUP":2,"OBJL":144,"RVER":1,"AGEN":7979,"FIDN":245267451,"FIDS":1,"LNAM":"1F2B0E9E7BFB0001","COLOUR":["4"],"TOPSHP":1,"SCAMIN":200000,"SORDAT":"20180118","SORIND":"NL,1R,reprt,DZD BAS 2017-141","sourceCellId":"1R76W8RI","sourceChecksum":"594255262298aa1b16b325273dc86e44bd51ffb998448d4f86f0258df69fafd7","rawObjectClass":"TOPMAR","sourceStableId":"1F2B0E9E7BFB0001"},"sourceKind":"official","official":true,"sourceCellId":"1R76W8RI","sourceStableId":"1F2B0E9E7BFB0001","pipelineFeatureId":"1R76W8RI/TOPMAR/245267451","provenance":{"cellId":"1R76W8RI","checksum":"594255262298aa1b16b325273dc86e44bd51ffb998448d4f86f0258df69fafd7","readerVersion":"GDAL 3.2.2","processedAt":"2026-08-11T18:29:20.995Z"},"associationRefsVerifiedInGdalOutput":false}},{"type":"Feature","geometry":{"type":"Point","coordinates":[4.154245,51.6680383]},"properties":{"dolphinKind":"topmark","rawObjectClass":"TOPMAR","sourceProperties":{"RCID":245267452,"PRIM":1,"GRUP":2,"OBJL":144,"RVER":1,"AGEN":7979,"FIDN":245267452,"FIDS":1,"LNAM":"1F2B0E9E7BFC0001","COLOUR":["3"],"TOPSHP":5,"SCAMIN":200000,"sourceCellId":"1R76W8RI","sourceChecksum":"594255262298aa1b16b325273dc86e44bd51ffb998448d4f86f0258df69fafd7","rawObjectClass":"TOPMAR","sourceStableId":"1F2B0E9E7BFC0001"},"sourceKind":"official","official":true,"sourceCellId":"1R76W8RI","sourceStableId":"1F2B0E9E7BFC0001","pipelineFeatureId":"1R76W8RI/TOPMAR/245267452","provenance":{"cellId":"1R76W8RI","checksum":"594255262298aa1b16b325273dc86e44bd51ffb998448d4f86f0258df69fafd7","readerVersion":"GDAL 3.2.2","processedAt":"2026-08-11T18:29:20.995Z"},"associationRefsVerifiedInGdalOutput":false}},{"type":"Feature","geometry":{"type":"Point","coordinates":[4.1922267,51.6671683]},"properties":{"dolphinKind":"topmark","rawObjectClass":"TOPMAR","sourceProperties":{"RCID":299410550,"PRIM":1,"GRUP":2,"OBJL":144,"RVER":1,"AGEN":7979,"FIDN":299410550,"FIDS":1,"LNAM":"1F2B11D8A4760001","COLOUR":["3"],"TOPSHP":5,"SCAMIN":200000,"sourceCellId":"1R76W8RI","sourceChecksum":"594255262298aa1b16b325273dc86e44bd51ffb998448d4f86f0258df69fafd7","rawObjectClass":"TOPMAR","sourceStableId":"1F2B11D8A4760001"},"sourceKind":"official","official":true,"sourceCellId":"1R76W8RI","sourceStableId":"1F2B11D8A4760001","pipelineFeatureId":"1R76W8RI/TOPMAR/299410550","provenance":{"cellId":"1R76W8RI","checksum":"594255262298aa1b16b325273dc86e44bd51ffb998448d4f86f0258df69fafd7","readerVersion":"GDAL 3.2.2","processedAt":"2026-08-11T18:29:20.995Z"},"associationRefsVerifiedInGdalOutput":false}},{"type":"Feature","geometry":{"type":"Point","coordinates":[4.1642333,51.66161]},"properties":{"dolphinKind":"topmark","rawObjectClass":"TOPMAR","sourceProperties":{"RCID":1221783068,"PRIM":1,"GRUP":2,"OBJL":144,"RVER":1,"AGEN":7979,"FIDN":1221783068,"FIDS":1,"LNAM":"1F2B48D2EE1C0001","COLOUR":["6"],"TOPSHP":7,"SCAMIN":200000,"sourceCellId":"1R76W8RI","sourceChecksum":"594255262298aa1b16b325273dc86e44bd51ffb998448d4f86f0258df69fafd7","rawObjectClass":"TOPMAR","sourceStableId":"1F2B48D2EE1C0001"},"sourceKind":"official","official":true,"sourceCellId":"1R76W8RI","sourceStableId":"1F2B48D2EE1C0001","pipelineFeatureId":"1R76W8RI/TOPMAR/1221783068","provenance":{"cellId":"1R76W8RI","checksum":"594255262298aa1b16b325273dc86e44bd51ffb998448d4f86f0258df69fafd7","readerVersion":"GDAL 3.2.2","processedAt":"2026-08-11T18:29:20.995Z"},"associationRefsVerifiedInGdalOutput":false}},{"type":"Feature","geometry":{"type":"Point","coordinates":[4.1549,51.6613117]},"properties":{"dolphinKind":"topmark","rawObjectClass":"TOPMAR","sourceProperties":{"RCID":1221783069,"PRIM":1,"GRUP":2,"OBJL":144,"RVER":1,"AGEN":7979,"FIDN":1221783069,"FIDS":1,"LNAM":"1F2B48D2EE1D0001","COLOUR":["6"],"TOPSHP":7,"SCAMIN":200000,"sourceCellId":"1R76W8RI","sourceChecksum":"594255262298aa1b16b325273dc86e44bd51ffb998448d4f86f0258df69fafd7","rawObjectClass":"TOPMAR","sourceStableId":"1F2B48D2EE1D0001"},"sourceKind":"official","official":true,"sourceCellId":"1R76W8RI","sourceStableId":"1F2B48D2EE1D0001","pipelineFeatureId":"1R76W8RI/TOPMAR/1221783069","provenance":{"cellId":"1R76W8RI","checksum":"594255262298aa1b16b325273dc86e44bd51ffb998448d4f86f0258df69fafd7","readerVersion":"GDAL 3.2.2","processedAt":"2026-08-11T18:29:20.995Z"},"associationRefsVerifiedInGdalOutput":false}},{"type":"Feature","geometry":{"type":"Point","coordinates":[4.188185,51.6582083]},"properties":{"dolphinKind":"topmark","rawObjectClass":"TOPMAR","sourceProperties":{"RCID":1269168336,"PRIM":1,"GRUP":2,"OBJL":144,"RVER":1,"AGEN":7979,"FIDN":1269168336,"FIDS":1,"LNAM":"1F2B4BA5F8D00001","COLOUR":["3","1","3"],"COLPAT":["1"],"TOPSHP":5,"SCAMIN":200000,"SORDAT":"20090121","sourceCellId":"1R76W8RI","sourceChecksum":"594255262298aa1b16b325273dc86e44bd51ffb998448d4f86f0258df69fafd7","rawObjectClass":"TOPMAR","sourceStableId":"1F2B4BA5F8D00001"},"sourceKind":"official","official":true,"sourceCellId":"1R76W8RI","sourceStableId":"1F2B4BA5F8D00001","pipelineFeatureId":"1R76W8RI/TOPMAR/1269168336","provenance":{"cellId":"1R76W8RI","checksum":"594255262298aa1b16b325273dc86e44bd51ffb998448d4f86f0258df69fafd7","readerVersion":"GDAL 3.2.2","processedAt":"2026-08-11T18:29:20.995Z"},"associationRefsVerifiedInGdalOutput":false}},{"type":"Feature","geometry":{"type":"Point","coordinates":[4.1922333,51.654415]},"properties":{"dolphinKind":"topmark","rawObjectClass":"TOPMAR","sourceProperties":{"RCID":1269168338,"PRIM":1,"GRUP":2,"OBJL":144,"RVER":1,"AGEN":7979,"FIDN":1269168338,"FIDS":1,"LNAM":"1F2B4BA5F8D20001","COLOUR":["3","1","3"],"COLPAT":["1"],"TOPSHP":5,"SCAMIN":200000,"SORDAT":"20090121","sourceCellId":"1R76W8RI","sourceChecksum":"594255262298aa1b16b325273dc86e44bd51ffb998448d4f86f0258df69fafd7","rawObjectClass":"TOPMAR","sourceStableId":"1F2B4BA5F8D20001"},"sourceKind":"official","official":true,"sourceCellId":"1R76W8RI","sourceStableId":"1F2B4BA5F8D20001","pipelineFeatureId":"1R76W8RI/TOPMAR/1269168338","provenance":{"cellId":"1R76W8RI","checksum":"594255262298aa1b16b325273dc86e44bd51ffb998448d4f86f0258df69fafd7","readerVersion":"GDAL 3.2.2","processedAt":"2026-08-11T18:29:20.995Z"},"associationRefsVerifiedInGdalOutput":false}},{"type":"Feature","geometry":{"type":"Point","coordinates":[4.19643,51.6507233]},"properties":{"dolphinKind":"topmark","rawObjectClass":"TOPMAR","sourceProperties":{"RCID":1269168340,"PRIM":1,"GRUP":2,"OBJL":144,"RVER":1,"AGEN":7979,"FIDN":1269168340,"FIDS":1,"LNAM":"1F2B4BA5F8D40001","COLOUR":["3","1","3"],"COLPAT":["1"],"TOPSHP":5,"SCAMIN":200000,"SORDAT":"20090121","sourceCellId":"1R76W8RI","sourceChecksum":"594255262298aa1b16b325273dc86e44bd51ffb998448d4f86f0258df69fafd7","rawObjectClass":"TOPMAR","sourceStableId":"1F2B4BA5F8D40001"},"sourceKind":"official","official":true,"sourceCellId":"1R76W8RI","sourceStableId":"1F2B4BA5F8D40001","pipelineFeatureId":"1R76W8RI/TOPMAR/1269168340","provenance":{"cellId":"1R76W8RI","checksum":"594255262298aa1b16b325273dc86e44bd51ffb998448d4f86f0258df69fafd7","readerVersion":"GDAL 3.2.2","processedAt":"2026-08-11T18:29:20.995Z"},"associationRefsVerifiedInGdalOutput":false}},{"type":"Feature","geometry":{"type":"Point","coordinates":[4.20137,51.6474017]},"properties":{"dolphinKind":"topmark","rawObjectClass":"TOPMAR","sourceProperties":{"RCID":1269168342,"PRIM":1,"GRUP":2,"OBJL":144,"RVER":1,"AGEN":7979,"FIDN":1269168342,"FIDS":1,"LNAM":"1F2B4BA5F8D60001","COLOUR":["3","1","3"],"COLPAT":["1"],"TOPSHP":5,"SCAMIN":200000,"SORDAT":"20090121","sourceCellId":"1R76W8RI","sourceChecksum":"594255262298aa1b16b325273dc86e44bd51ffb998448d4f86f0258df69fafd7","rawObjectClass":"TOPMAR","sourceStableId":"1F2B4BA5F8D60001"},"sourceKind":"official","official":true,"sourceCellId":"1R76W8RI","sourceStableId":"1F2B4BA5F8D60001","pipelineFeatureId":"1R76W8RI/TOPMAR/1269168342","provenance":{"cellId":"1R76W8RI","checksum":"594255262298aa1b16b325273dc86e44bd51ffb998448d4f86f0258df69fafd7","readerVersion":"GDAL 3.2.2","processedAt":"2026-08-11T18:29:20.995Z"},"associationRefsVerifiedInGdalOutput":false}},{"type":"Feature","geometry":{"type":"Point","coordinates":[4.20736,51.6448783]},"properties":{"dolphinKind":"topmark","rawObjectClass":"TOPMAR","sourceProperties":{"RCID":1269168344,"PRIM":1,"GRUP":2,"OBJL":144,"RVER":1,"AGEN":7979,"FIDN":1269168344,"FIDS":1,"LNAM":"1F2B4BA5F8D80001","COLOUR":["3","1","3"],"COLPAT":["1"],"TOPSHP":5,"SCAMIN":200000,"SORDAT":"20090121","sourceCellId":"1R76W8RI","sourceChecksum":"594255262298aa1b16b325273dc86e44bd51ffb998448d4f86f0258df69fafd7","rawObjectClass":"TOPMAR","sourceStableId":"1F2B4BA5F8D80001"},"sourceKind":"official","official":true,"sourceCellId":"1R76W8RI","sourceStableId":"1F2B4BA5F8D80001","pipelineFeatureId":"1R76W8RI/TOPMAR/1269168344","provenance":{"cellId":"1R76W8RI","checksum":"594255262298aa1b16b325273dc86e44bd51ffb998448d4f86f0258df69fafd7","readerVersion":"GDAL 3.2.2","processedAt":"2026-08-11T18:29:20.995Z"},"associationRefsVerifiedInGdalOutput":false}},{"type":"Feature","geometry":{"type":"Point","coordinates":[4.2126417,51.6416233]},"properties":{"dolphinKind":"topmark","rawObjectClass":"TOPMAR","sourceProperties":{"RCID":1269168346,"PRIM":1,"GRUP":2,"OBJL":144,"RVER":1,"AGEN":7979,"FIDN":1269168346,"FIDS":1,"LNAM":"1F2B4BA5F8DA0001","COLOUR":["3","1","3"],"COLPAT":["1"],"TOPSHP":5,"SCAMIN":200000,"SORDAT":"20090121","sourceCellId":"1R76W8RI","sourceChecksum":"594255262298aa1b16b325273dc86e44bd51ffb998448d4f86f0258df69fafd7","rawObjectClass":"TOPMAR","sourceStableId":"1F2B4BA5F8DA0001"},"sourceKind":"official","official":true,"sourceCellId":"1R76W8RI","sourceStableId":"1F2B4BA5F8DA0001","pipelineFeatureId":"1R76W8RI/TOPMAR/1269168346","provenance":{"cellId":"1R76W8RI","checksum":"594255262298aa1b16b325273dc86e44bd51ffb998448d4f86f0258df69fafd7","readerVersion":"GDAL 3.2.2","processedAt":"2026-08-11T18:29:20.995Z"},"associationRefsVerifiedInGdalOutput":false}},{"type":"Feature","geometry":{"type":"Point","coordinates":[4.2184,51.6390283]},"properties":{"dolphinKind":"topmark","rawObjectClass":"TOPMAR","sourceProperties":{"RCID":1269168348,"PRIM":1,"GRUP":2,"OBJL":144,"RVER":1,"AGEN":7979,"FIDN":1269168348,"FIDS":1,"LNAM":"1F2B4BA5F8DC0001","COLOUR":["3","1","3"],"COLPAT":["1"],"TOPSHP":5,"SCAMIN":200000,"SORDAT":"20090121","sourceCellId":"1R76W8RI","sourceChecksum":"594255262298aa1b16b325273dc86e44bd51ffb998448d4f86f0258df69fafd7","rawObjectClass":"TOPMAR","sourceStableId":"1F2B4BA5F8DC0001"},"sourceKind":"official","official":true,"sourceCellId":"1R76W8RI","sourceStableId":"1F2B4BA5F8DC0001","pipelineFeatureId":"1R76W8RI/TOPMAR/1269168348","provenance":{"cellId":"1R76W8RI","checksum":"594255262298aa1b16b325273dc86e44bd51ffb998448d4f86f0258df69fafd7","readerVersion":"GDAL 3.2.2","processedAt":"2026-08-11T18:29:20.995Z"},"associationRefsVerifiedInGdalOutput":false}},{"type":"Feature","geometry":{"type":"Point","coordinates":[4.2245817,51.6373867]},"properties":{"dolphinKind":"topmark","rawObjectClass":"TOPMAR","sourceProperties":{"RCID":1269168350,"PRIM":1,"GRUP":2,"OBJL":144,"RVER":1,"AGEN":7979,"FIDN":1269168350,"FIDS":1,"LNAM":"1F2B4BA5F8DE0001","COLOUR":["3","1","3"],"COLPAT":["1"],"TOPSHP":5,"SCAMIN":200000,"SORDAT":"20090121","sourceCellId":"1R76W8RI","sourceChecksum":"594255262298aa1b16b325273dc86e44bd51ffb998448d4f86f0258df69fafd7","rawObjectClass":"TOPMAR","sourceStableId":"1F2B4BA5F8DE0001"},"sourceKind":"official","official":true,"sourceCellId":"1R76W8RI","sourceStableId":"1F2B4BA5F8DE0001","pipelineFeatureId":"1R76W8RI/TOPMAR/1269168350","provenance":{"cellId":"1R76W8RI","checksum":"594255262298aa1b16b325273dc86e44bd51ffb998448d4f86f0258df69fafd7","readerVersion":"GDAL 3.2.2","processedAt":"2026-08-11T18:29:20.995Z"},"associationRefsVerifiedInGdalOutput":false}},{"type":"Feature","geometry":{"type":"Point","coordinates":[4.2314533,51.6436833]},"properties":{"dolphinKind":"topmark","rawObjectClass":"TOPMAR","sourceProperties":{"RCID":1269168352,"PRIM":1,"GRUP":2,"OBJL":144,"RVER":1,"AGEN":7979,"FIDN":1269168352,"FIDS":1,"LNAM":"1F2B4BA5F8E00001","COLOUR":["3","1","3"],"COLPAT":["1"],"TOPSHP":5,"SCAMIN":200000,"SORDAT":"20090121","sourceCellId":"1R76W8RI","sourceChecksum":"594255262298aa1b16b325273dc86e44bd51ffb998448d4f86f0258df69fafd7","rawObjectClass":"TOPMAR","sourceStableId":"1F2B4BA5F8E00001"},"sourceKind":"official","official":true,"sourceCellId":"1R76W8RI","sourceStableId":"1F2B4BA5F8E00001","pipelineFeatureId":"1R76W8RI/TOPMAR/1269168352","provenance":{"cellId":"1R76W8RI","checksum":"594255262298aa1b16b325273dc86e44bd51ffb998448d4f86f0258df69fafd7","readerVersion":"GDAL 3.2.2","processedAt":"2026-08-11T18:29:20.995Z"},"associationRefsVerifiedInGdalOutput":false}},{"type":"Feature","geometry":{"type":"Point","coordinates":[4.2455933,51.6474383]},"properties":{"dolphinKind":"topmark","rawObjectClass":"TOPMAR","sourceProperties":{"RCID":1269168354,"PRIM":1,"GRUP":2,"OBJL":144,"RVER":1,"AGEN":7979,"FIDN":1269168354,"FIDS":1,"LNAM":"1F2B4BA5F8E20001","COLOUR":["3","1","3"],"COLPAT":["1"],"TOPSHP":5,"SCAMIN":200000,"SORDAT":"20090121","sourceCellId":"1R76W8RI","sourceChecksum":"594255262298aa1b16b325273dc86e44bd51ffb998448d4f86f0258df69fafd7","rawObjectClass":"TOPMAR","sourceStableId":"1F2B4BA5F8E20001"},"sourceKind":"official","official":true,"sourceCellId":"1R76W8RI","sourceStableId":"1F2B4BA5F8E20001","pipelineFeatureId":"1R76W8RI/TOPMAR/1269168354","provenance":{"cellId":"1R76W8RI","checksum":"594255262298aa1b16b325273dc86e44bd51ffb998448d4f86f0258df69fafd7","readerVersion":"GDAL 3.2.2","processedAt":"2026-08-11T18:29:20.995Z"},"associationRefsVerifiedInGdalOutput":false}},{"type":"Feature","geometry":{"type":"Point","coordinates":[4.2399617,51.6484233]},"properties":{"dolphinKind":"topmark","rawObjectClass":"TOPMAR","sourceProperties":{"RCID":1269168356,"PRIM":1,"GRUP":2,"OBJL":144,"RVER":1,"AGEN":7979,"FIDN":1269168356,"FIDS":1,"LNAM":"1F2B4BA5F8E40001","COLOUR":["3","1","3"],"COLPAT":["1"],"TOPSHP":5,"SCAMIN":200000,"SORDAT":"20090121","sourceCellId":"1R76W8RI","sourceChecksum":"594255262298aa1b16b325273dc86e44bd51ffb998448d4f86f0258df69fafd7","rawObjectClass":"TOPMAR","sourceStableId":"1F2B4BA5F8E40001"},"sourceKind":"official","official":true,"sourceCellId":"1R76W8RI","sourceStableId":"1F2B4BA5F8E40001","pipelineFeatureId":"1R76W8RI/TOPMAR/1269168356","provenance":{"cellId":"1R76W8RI","checksum":"594255262298aa1b16b325273dc86e44bd51ffb998448d4f86f0258df69fafd7","readerVersion":"GDAL 3.2.2","processedAt":"2026-08-11T18:29:20.995Z"},"associationRefsVerifiedInGdalOutput":false}},{"type":"Feature","geometry":{"type":"Point","coordinates":[4.2344683,51.6475717]},"properties":{"dolphinKind":"topmark","rawObjectClass":"TOPMAR","sourceProperties":{"RCID":1269168358,"PRIM":1,"GRUP":2,"OBJL":144,"RVER":1,"AGEN":7979,"FIDN":1269168358,"FIDS":1,"LNAM":"1F2B4BA5F8E60001","COLOUR":["3","1","3"],"COLPAT":["1"],"TOPSHP":5,"SCAMIN":200000,"SORDAT":"20090121","sourceCellId":"1R76W8RI","sourceChecksum":"594255262298aa1b16b325273dc86e44bd51ffb998448d4f86f0258df69fafd7","rawObjectClass":"TOPMAR","sourceStableId":"1F2B4BA5F8E60001"},"sourceKind":"official","official":true,"sourceCellId":"1R76W8RI","sourceStableId":"1F2B4BA5F8E60001","pipelineFeatureId":"1R76W8RI/TOPMAR/1269168358","provenance":{"cellId":"1R76W8RI","checksum":"594255262298aa1b16b325273dc86e44bd51ffb998448d4f86f0258df69fafd7","readerVersion":"GDAL 3.2.2","processedAt":"2026-08-11T18:29:20.995Z"},"associationRefsVerifiedInGdalOutput":false}},{"type":"Feature","geometry":{"type":"Point","coordinates":[4.2427883,51.6491133]},"properties":{"dolphinKind":"topmark","rawObjectClass":"TOPMAR","sourceProperties":{"RCID":1269325723,"PRIM":1,"GRUP":2,"OBJL":144,"RVER":1,"AGEN":7979,"FIDN":1269325723,"FIDS":1,"LNAM":"1F2B4BA85F9B0001","COLOUR":["3"],"TOPSHP":5,"SCAMIN":200000,"sourceCellId":"1R76W8RI","sourceChecksum":"594255262298aa1b16b325273dc86e44bd51ffb998448d4f86f0258df69fafd7","rawObjectClass":"TOPMAR","sourceStableId":"1F2B4BA85F9B0001"},"sourceKind":"official","official":true,"sourceCellId":"1R76W8RI","sourceStableId":"1F2B4BA85F9B0001","pipelineFeatureId":"1R76W8RI/TOPMAR/1269325723","provenance":{"cellId":"1R76W8RI","checksum":"594255262298aa1b16b325273dc86e44bd51ffb998448d4f86f0258df69fafd7","readerVersion":"GDAL 3.2.2","processedAt":"2026-08-11T18:29:20.995Z"},"associationRefsVerifiedInGdalOutput":false}},{"type":"Feature","geometry":{"type":"Point","coordinates":[4.2471283,51.6486967]},"properties":{"dolphinKind":"topmark","rawObjectClass":"TOPMAR","sourceProperties":{"RCID":1269325725,"PRIM":1,"GRUP":2,"OBJL":144,"RVER":1,"AGEN":7979,"FIDN":1269325725,"FIDS":1,"LNAM":"1F2B4BA85F9D0001","COLOUR":["3"],"TOPSHP":5,"SCAMIN":200000,"sourceCellId":"1R76W8RI","sourceChecksum":"594255262298aa1b16b325273dc86e44bd51ffb998448d4f86f0258df69fafd7","rawObjectClass":"TOPMAR","sourceStableId":"1F2B4BA85F9D0001"},"sourceKind":"official","official":true,"sourceCellId":"1R76W8RI","sourceStableId":"1F2B4BA85F9D0001","pipelineFeatureId":"1R76W8RI/TOPMAR/1269325725","provenance":{"cellId":"1R76W8RI","checksum":"594255262298aa1b16b325273dc86e44bd51ffb998448d4f86f0258df69fafd7","readerVersion":"GDAL 3.2.2","processedAt":"2026-08-11T18:29:20.995Z"},"associationRefsVerifiedInGdalOutput":false}},{"type":"Feature","geometry":{"type":"Point","coordinates":[4.2513,51.6485133]},"properties":{"dolphinKind":"topmark","rawObjectClass":"TOPMAR","sourceProperties":{"RCID":1269325727,"PRIM":1,"GRUP":2,"OBJL":144,"RVER":1,"AGEN":7979,"FIDN":1269325727,"FIDS":1,"LNAM":"1F2B4BA85F9F0001","COLOUR":["3"],"TOPSHP":5,"SCAMIN":200000,"sourceCellId":"1R76W8RI","sourceChecksum":"594255262298aa1b16b325273dc86e44bd51ffb998448d4f86f0258df69fafd7","rawObjectClass":"TOPMAR","sourceStableId":"1F2B4BA85F9F0001"},"sourceKind":"official","official":true,"sourceCellId":"1R76W8RI","sourceStableId":"1F2B4BA85F9F0001","pipelineFeatureId":"1R76W8RI/TOPMAR/1269325727","provenance":{"cellId":"1R76W8RI","checksum":"594255262298aa1b16b325273dc86e44bd51ffb998448d4f86f0258df69fafd7","readerVersion":"GDAL 3.2.2","processedAt":"2026-08-11T18:29:20.995Z"},"associationRefsVerifiedInGdalOutput":false}},{"type":"Feature","geometry":{"type":"Point","coordinates":[4.2564083,51.6484367]},"properties":{"dolphinKind":"topmark","rawObjectClass":"TOPMAR","sourceProperties":{"RCID":1269325729,"PRIM":1,"GRUP":2,"OBJL":144,"RVER":1,"AGEN":7979,"FIDN":1269325729,"FIDS":1,"LNAM":"1F2B4BA85FA10001","COLOUR":["3"],"TOPSHP":5,"SCAMIN":200000,"sourceCellId":"1R76W8RI","sourceChecksum":"594255262298aa1b16b325273dc86e44bd51ffb998448d4f86f0258df69fafd7","rawObjectClass":"TOPMAR","sourceStableId":"1F2B4BA85FA10001"},"sourceKind":"official","official":true,"sourceCellId":"1R76W8RI","sourceStableId":"1F2B4BA85FA10001","pipelineFeatureId":"1R76W8RI/TOPMAR/1269325729","provenance":{"cellId":"1R76W8RI","checksum":"594255262298aa1b16b325273dc86e44bd51ffb998448d4f86f0258df69fafd7","readerVersion":"GDAL 3.2.2","processedAt":"2026-08-11T18:29:20.995Z"},"associationRefsVerifiedInGdalOutput":false}},{"type":"Feature","geometry":{"type":"Point","coordinates":[4.2598417,51.6489017]},"properties":{"dolphinKind":"topmark","rawObjectClass":"TOPMAR","sourceProperties":{"RCID":1269327881,"PRIM":1,"GRUP":2,"OBJL":144,"RVER":1,"AGEN":7979,"FIDN":1269327881,"FIDS":1,"LNAM":"1F2B4BA868090001","COLOUR":["3"],"TOPSHP":5,"SCAMIN":200000,"sourceCellId":"1R76W8RI","sourceChecksum":"594255262298aa1b16b325273dc86e44bd51ffb998448d4f86f0258df69fafd7","rawObjectClass":"TOPMAR","sourceStableId":"1F2B4BA868090001"},"sourceKind":"official","official":true,"sourceCellId":"1R76W8RI","sourceStableId":"1F2B4BA868090001","pipelineFeatureId":"1R76W8RI/TOPMAR/1269327881","provenance":{"cellId":"1R76W8RI","checksum":"594255262298aa1b16b325273dc86e44bd51ffb998448d4f86f0258df69fafd7","readerVersion":"GDAL 3.2.2","processedAt":"2026-08-11T18:29:20.995Z"},"associationRefsVerifiedInGdalOutput":false}},{"type":"Feature","geometry":{"type":"Point","coordinates":[4.2636183,51.649475]},"properties":{"dolphinKind":"topmark","rawObjectClass":"TOPMAR","sourceProperties":{"RCID":1269327983,"PRIM":1,"GRUP":2,"OBJL":144,"RVER":1,"AGEN":7979,"FIDN":1269327983,"FIDS":1,"LNAM":"1F2B4BA8686F0001","COLOUR":["3"],"TOPSHP":5,"SCAMIN":200000,"sourceCellId":"1R76W8RI","sourceChecksum":"594255262298aa1b16b325273dc86e44bd51ffb998448d4f86f0258df69fafd7","rawObjectClass":"TOPMAR","sourceStableId":"1F2B4BA8686F0001"},"sourceKind":"official","official":true,"sourceCellId":"1R76W8RI","sourceStableId":"1F2B4BA8686F0001","pipelineFeatureId":"1R76W8RI/TOPMAR/1269327983","provenance":{"cellId":"1R76W8RI","checksum":"594255262298aa1b16b325273dc86e44bd51ffb998448d4f86f0258df69fafd7","readerVersion":"GDAL 3.2.2","processedAt":"2026-08-11T18:29:20.995Z"},"associationRefsVerifiedInGdalOutput":false}},{"type":"Feature","geometry":{"type":"Point","coordinates":[4.2674667,51.6499667]},"properties":{"dolphinKind":"topmark","rawObjectClass":"TOPMAR","sourceProperties":{"RCID":1269327985,"PRIM":1,"GRUP":2,"OBJL":144,"RVER":1,"AGEN":7979,"FIDN":1269327985,"FIDS":1,"LNAM":"1F2B4BA868710001","COLOUR":["3"],"TOPSHP":5,"SCAMIN":200000,"sourceCellId":"1R76W8RI","sourceChecksum":"594255262298aa1b16b325273dc86e44bd51ffb998448d4f86f0258df69fafd7","rawObjectClass":"TOPMAR","sourceStableId":"1F2B4BA868710001"},"sourceKind":"official","official":true,"sourceCellId":"1R76W8RI","sourceStableId":"1F2B4BA868710001","pipelineFeatureId":"1R76W8RI/TOPMAR/1269327985","provenance":{"cellId":"1R76W8RI","checksum":"594255262298aa1b16b325273dc86e44bd51ffb998448d4f86f0258df69fafd7","readerVersion":"GDAL 3.2.2","processedAt":"2026-08-11T18:29:20.995Z"},"associationRefsVerifiedInGdalOutput":false}}]}