{"type":"FeatureCollection","features":[{"type":"Feature","geometry":{"type":"Point","coordinates":[3.9256289,51.4464945]},"properties":{"chartedValueMetres":-3.5,"chartedValueRelationToDatum":"above","depthDatum":"Approximate LAT","depthDatumCode":42,"depthDatumStatus":"VERIFIED_FROM_OFFICIAL_DOCUMENTATION","verticalDatum":"Local Datum","verticalDatumCode":24,"napIdentityStatus":"UNVERIFIED","sourceFeatureLnam":"1F2B6A42B3957534","sourceCellId":"1R768ZBI","sourceChecksum":"3882591018ee8c2c622e5d3fad12629ad1cd467cd148b39008bf6c9cec5cb7f4","pipelineFeatureId":"1R768ZBI/SOUNDG/1280595966/0","provenance":{"cellId":"1R768ZBI","checksum":"3882591018ee8c2c622e5d3fad12629ad1cd467cd148b39008bf6c9cec5cb7f4","readerVersion":"GDAL 3.2.2","processedAt":"2026-08-11T13:43:44.753Z"}}},{"type":"Feature","geometry":{"type":"Point","coordinates":[3.9246357,51.4258205]},"properties":{"chartedValueMetres":7.9,"chartedValueRelationToDatum":"below","depthDatum":"Approximate LAT","depthDatumCode":42,"depthDatumStatus":"VERIFIED_FROM_OFFICIAL_DOCUMENTATION","verticalDatum":"Local Datum","verticalDatumCode":24,"napIdentityStatus":"UNVERIFIED","sourceFeatureLnam":"1F2B6A42B3957534","sourceCellId":"1R768ZBI","sourceChecksum":"3882591018ee8c2c622e5d3fad12629ad1cd467cd148b39008bf6c9cec5cb7f4","pipelineFeatureId":"1R768ZBI/SOUNDG/1280595966/1","provenance":{"cellId":"1R768ZBI","checksum":"3882591018ee8c2c622e5d3fad12629ad1cd467cd148b39008bf6c9cec5cb7f4","readerVersion":"GDAL 3.2.2","processedAt":"2026-08-11T13:43:44.753Z"}}},{"type":"Feature","geometry":{"type":"Point","coordinates":[3.9295373,51.4476325]},"properties":{"chartedValueMetres":-3.5,"chartedValueRelationToDatum":"above","depthDatum":"Approximate LAT","depthDatumCode":42,"depthDatumStatus":"VERIFIED_FROM_OFFICIAL_DOCUMENTATION","verticalDatum":"Local Datum","verticalDatumCode":24,"napIdentityStatus":"UNVERIFIED","sourceFeatureLnam":"1F2B6A42B3957535","sourceCellId":"1R768ZBI","sourceChecksum":"3882591018ee8c2c622e5d3fad12629ad1cd467cd148b39008bf6c9cec5cb7f4","pipelineFeatureId":"1R768ZBI/SOUNDG/1280595967/0","provenance":{"cellId":"1R768ZBI","checksum":"3882591018ee8c2c622e5d3fad12629ad1cd467cd148b39008bf6c9cec5cb7f4","readerVersion":"GDAL 3.2.2","processedAt":"2026-08-11T13:43:44.753Z"}}},{"type":"Feature","geometry":{"type":"Point","coordinates":[3.9254232,51.4434388]},"properties":{"chartedValueMetres":-3.4,"chartedValueRelationToDatum":"above","depthDatum":"Approximate LAT","depthDatumCode":42,"depthDatumStatus":"VERIFIED_FROM_OFFICIAL_DOCUMENTATION","verticalDatum":"Local Datum","verticalDatumCode":24,"napIdentityStatus":"UNVERIFIED","sourceFeatureLnam":"1F2B6A42B3957535","sourceCellId":"1R768ZBI","sourceChecksum":"3882591018ee8c2c622e5d3fad12629ad1cd467cd148b39008bf6c9cec5cb7f4","pipelineFeatureId":"1R768ZBI/SOUNDG/1280595967/1","provenance":{"cellId":"1R768ZBI","checksum":"3882591018ee8c2c622e5d3fad12629ad1cd467cd148b39008bf6c9cec5cb7f4","readerVersion":"GDAL 3.2.2","processedAt":"2026-08-11T13:43:44.753Z"}}},{"type":"Feature","geometry":{"type":"Point","coordinates":[3.9268018,51.4404605]},"properties":{"chartedValueMetres":-3.4,"chartedValueRelationToDatum":"above","depthDatum":"Approximate LAT","depthDatumCode":42,"depthDatumStatus":"VERIFIED_FROM_OFFICIAL_DOCUMENTATION","verticalDatum":"Local Datum","verticalDatumCode":24,"napIdentityStatus":"UNVERIFIED","sourceFeatureLnam":"1F2B6A42B3957535","sourceCellId":"1R768ZBI","sourceChecksum":"3882591018ee8c2c622e5d3fad12629ad1cd467cd148b39008bf6c9cec5cb7f4","pipelineFeatureId":"1R768ZBI/SOUNDG/1280595967/2","provenance":{"cellId":"1R768ZBI","checksum":"3882591018ee8c2c622e5d3fad12629ad1cd467cd148b39008bf6c9cec5cb7f4","readerVersion":"GDAL 3.2.2","processedAt":"2026-08-11T13:43:44.753Z"}}},{"type":"Feature","geometry":{"type":"Point","coordinates":[3.9286211,51.4450321]},"properties":{"chartedValueMetres":-3.1,"chartedValueRelationToDatum":"above","depthDatum":"Approximate LAT","depthDatumCode":42,"depthDatumStatus":"VERIFIED_FROM_OFFICIAL_DOCUMENTATION","verticalDatum":"Local Datum","verticalDatumCode":24,"napIdentityStatus":"UNVERIFIED","sourceFeatureLnam":"1F2B6A42B3957535","sourceCellId":"1R768ZBI","sourceChecksum":"3882591018ee8c2c622e5d3fad12629ad1cd467cd148b39008bf6c9cec5cb7f4","pipelineFeatureId":"1R768ZBI/SOUNDG/1280595967/3","provenance":{"cellId":"1R768ZBI","checksum":"3882591018ee8c2c622e5d3fad12629ad1cd467cd148b39008bf6c9cec5cb7f4","readerVersion":"GDAL 3.2.2","processedAt":"2026-08-11T13:43:44.753Z"}}},{"type":"Feature","geometry":{"type":"Point","coordinates":[3.9294351,51.4425978]},"properties":{"chartedValueMetres":1,"chartedValueRelationToDatum":"below","depthDatum":"Approximate LAT","depthDatumCode":42,"depthDatumStatus":"VERIFIED_FROM_OFFICIAL_DOCUMENTATION","verticalDatum":"Local Datum","verticalDatumCode":24,"napIdentityStatus":"UNVERIFIED","sourceFeatureLnam":"1F2B6A42B3957535","sourceCellId":"1R768ZBI","sourceChecksum":"3882591018ee8c2c622e5d3fad12629ad1cd467cd148b39008bf6c9cec5cb7f4","pipelineFeatureId":"1R768ZBI/SOUNDG/1280595967/4","provenance":{"cellId":"1R768ZBI","checksum":"3882591018ee8c2c622e5d3fad12629ad1cd467cd148b39008bf6c9cec5cb7f4","readerVersion":"GDAL 3.2.2","processedAt":"2026-08-11T13:43:44.753Z"}}},{"type":"Feature","geometry":{"type":"Point","coordinates":[3.9203394,51.4267535]},"properties":{"chartedValueMetres":6.9,"chartedValueRelationToDatum":"below","depthDatum":"Approximate LAT","depthDatumCode":42,"depthDatumStatus":"VERIFIED_FROM_OFFICIAL_DOCUMENTATION","verticalDatum":"Local Datum","verticalDatumCode":24,"napIdentityStatus":"UNVERIFIED","sourceFeatureLnam":"1F2B6A42B3957535","sourceCellId":"1R768ZBI","sourceChecksum":"3882591018ee8c2c622e5d3fad12629ad1cd467cd148b39008bf6c9cec5cb7f4","pipelineFeatureId":"1R768ZBI/SOUNDG/1280595967/5","provenance":{"cellId":"1R768ZBI","checksum":"3882591018ee8c2c622e5d3fad12629ad1cd467cd148b39008bf6c9cec5cb7f4","readerVersion":"GDAL 3.2.2","processedAt":"2026-08-11T13:43:44.753Z"}}},{"type":"Feature","geometry":{"type":"Point","coordinates":[3.9238254,51.4284346]},"properties":{"chartedValueMetres":8.3,"chartedValueRelationToDatum":"below","depthDatum":"Approximate LAT","depthDatumCode":42,"depthDatumStatus":"VERIFIED_FROM_OFFICIAL_DOCUMENTATION","verticalDatum":"Local Datum","verticalDatumCode":24,"napIdentityStatus":"UNVERIFIED","sourceFeatureLnam":"1F2B6A42B3957535","sourceCellId":"1R768ZBI","sourceChecksum":"3882591018ee8c2c622e5d3fad12629ad1cd467cd148b39008bf6c9cec5cb7f4","pipelineFeatureId":"1R768ZBI/SOUNDG/1280595967/6","provenance":{"cellId":"1R768ZBI","checksum":"3882591018ee8c2c622e5d3fad12629ad1cd467cd148b39008bf6c9cec5cb7f4","readerVersion":"GDAL 3.2.2","processedAt":"2026-08-11T13:43:44.753Z"}}},{"type":"Feature","geometry":{"type":"Point","coordinates":[3.9275484,51.4275959]},"properties":{"chartedValueMetres":9.5,"chartedValueRelationToDatum":"below","depthDatum":"Approximate LAT","depthDatumCode":42,"depthDatumStatus":"VERIFIED_FROM_OFFICIAL_DOCUMENTATION","verticalDatum":"Local Datum","verticalDatumCode":24,"napIdentityStatus":"UNVERIFIED","sourceFeatureLnam":"1F2B6A42B3957535","sourceCellId":"1R768ZBI","sourceChecksum":"3882591018ee8c2c622e5d3fad12629ad1cd467cd148b39008bf6c9cec5cb7f4","pipelineFeatureId":"1R768ZBI/SOUNDG/1280595967/7","provenance":{"cellId":"1R768ZBI","checksum":"3882591018ee8c2c622e5d3fad12629ad1cd467cd148b39008bf6c9cec5cb7f4","readerVersion":"GDAL 3.2.2","processedAt":"2026-08-11T13:43:44.753Z"}}},{"type":"Feature","geometry":{"type":"Point","coordinates":[3.9309019,51.4298174]},"properties":{"chartedValueMetres":9.9,"chartedValueRelationToDatum":"below","depthDatum":"Approximate LAT","depthDatumCode":42,"depthDatumStatus":"VERIFIED_FROM_OFFICIAL_DOCUMENTATION","verticalDatum":"Local Datum","verticalDatumCode":24,"napIdentityStatus":"UNVERIFIED","sourceFeatureLnam":"1F2B6A42B3957535","sourceCellId":"1R768ZBI","sourceChecksum":"3882591018ee8c2c622e5d3fad12629ad1cd467cd148b39008bf6c9cec5cb7f4","pipelineFeatureId":"1R768ZBI/SOUNDG/1280595967/8","provenance":{"cellId":"1R768ZBI","checksum":"3882591018ee8c2c622e5d3fad12629ad1cd467cd148b39008bf6c9cec5cb7f4","readerVersion":"GDAL 3.2.2","processedAt":"2026-08-11T13:43:44.753Z"}}},{"type":"Feature","geometry":{"type":"Point","coordinates":[3.9265981,51.430391]},"properties":{"chartedValueMetres":11.4,"chartedValueRelationToDatum":"below","depthDatum":"Approximate LAT","depthDatumCode":42,"depthDatumStatus":"VERIFIED_FROM_OFFICIAL_DOCUMENTATION","verticalDatum":"Local Datum","verticalDatumCode":24,"napIdentityStatus":"UNVERIFIED","sourceFeatureLnam":"1F2B6A42B3957535","sourceCellId":"1R768ZBI","sourceChecksum":"3882591018ee8c2c622e5d3fad12629ad1cd467cd148b39008bf6c9cec5cb7f4","pipelineFeatureId":"1R768ZBI/SOUNDG/1280595967/9","provenance":{"cellId":"1R768ZBI","checksum":"3882591018ee8c2c622e5d3fad12629ad1cd467cd148b39008bf6c9cec5cb7f4","readerVersion":"GDAL 3.2.2","processedAt":"2026-08-11T13:43:44.753Z"}}},{"type":"Feature","geometry":{"type":"Point","coordinates":[3.9284661,51.43739]},"properties":{"chartedValueMetres":12.1,"chartedValueRelationToDatum":"below","depthDatum":"Approximate LAT","depthDatumCode":42,"depthDatumStatus":"VERIFIED_FROM_OFFICIAL_DOCUMENTATION","verticalDatum":"Local Datum","verticalDatumCode":24,"napIdentityStatus":"UNVERIFIED","sourceFeatureLnam":"1F2B6A42B3957535","sourceCellId":"1R768ZBI","sourceChecksum":"3882591018ee8c2c622e5d3fad12629ad1cd467cd148b39008bf6c9cec5cb7f4","pipelineFeatureId":"1R768ZBI/SOUNDG/1280595967/10","provenance":{"cellId":"1R768ZBI","checksum":"3882591018ee8c2c622e5d3fad12629ad1cd467cd148b39008bf6c9cec5cb7f4","readerVersion":"GDAL 3.2.2","processedAt":"2026-08-11T13:43:44.753Z"}}},{"type":"Feature","geometry":{"type":"Point","coordinates":[3.9305294,51.4398016]},"properties":{"chartedValueMetres":14.3,"chartedValueRelationToDatum":"below","depthDatum":"Approximate LAT","depthDatumCode":42,"depthDatumStatus":"VERIFIED_FROM_OFFICIAL_DOCUMENTATION","verticalDatum":"Local Datum","verticalDatumCode":24,"napIdentityStatus":"UNVERIFIED","sourceFeatureLnam":"1F2B6A42B3957535","sourceCellId":"1R768ZBI","sourceChecksum":"3882591018ee8c2c622e5d3fad12629ad1cd467cd148b39008bf6c9cec5cb7f4","pipelineFeatureId":"1R768ZBI/SOUNDG/1280595967/11","provenance":{"cellId":"1R768ZBI","checksum":"3882591018ee8c2c622e5d3fad12629ad1cd467cd148b39008bf6c9cec5cb7f4","readerVersion":"GDAL 3.2.2","processedAt":"2026-08-11T13:43:44.753Z"}}},{"type":"Feature","geometry":{"type":"Point","coordinates":[3.9280819,51.4326273]},"properties":{"chartedValueMetres":18.2,"chartedValueRelationToDatum":"below","depthDatum":"Approximate LAT","depthDatumCode":42,"depthDatumStatus":"VERIFIED_FROM_OFFICIAL_DOCUMENTATION","verticalDatum":"Local Datum","verticalDatumCode":24,"napIdentityStatus":"UNVERIFIED","sourceFeatureLnam":"1F2B6A42B3957535","sourceCellId":"1R768ZBI","sourceChecksum":"3882591018ee8c2c622e5d3fad12629ad1cd467cd148b39008bf6c9cec5cb7f4","pipelineFeatureId":"1R768ZBI/SOUNDG/1280595967/12","provenance":{"cellId":"1R768ZBI","checksum":"3882591018ee8c2c622e5d3fad12629ad1cd467cd148b39008bf6c9cec5cb7f4","readerVersion":"GDAL 3.2.2","processedAt":"2026-08-11T13:43:44.753Z"}}},{"type":"Feature","geometry":{"type":"Point","coordinates":[3.9330611,51.4440077]},"properties":{"chartedValueMetres":19.6,"chartedValueRelationToDatum":"below","depthDatum":"Approximate LAT","depthDatumCode":42,"depthDatumStatus":"VERIFIED_FROM_OFFICIAL_DOCUMENTATION","verticalDatum":"Local Datum","verticalDatumCode":24,"napIdentityStatus":"UNVERIFIED","sourceFeatureLnam":"1F2B6A42B3957535","sourceCellId":"1R768ZBI","sourceChecksum":"3882591018ee8c2c622e5d3fad12629ad1cd467cd148b39008bf6c9cec5cb7f4","pipelineFeatureId":"1R768ZBI/SOUNDG/1280595967/13","provenance":{"cellId":"1R768ZBI","checksum":"3882591018ee8c2c622e5d3fad12629ad1cd467cd148b39008bf6c9cec5cb7f4","readerVersion":"GDAL 3.2.2","processedAt":"2026-08-11T13:43:44.753Z"}}},{"type":"Feature","geometry":{"type":"Point","coordinates":[3.9304399,51.4353961]},"properties":{"chartedValueMetres":28.8,"chartedValueRelationToDatum":"below","depthDatum":"Approximate LAT","depthDatumCode":42,"depthDatumStatus":"VERIFIED_FROM_OFFICIAL_DOCUMENTATION","verticalDatum":"Local Datum","verticalDatumCode":24,"napIdentityStatus":"UNVERIFIED","sourceFeatureLnam":"1F2B6A42B3957535","sourceCellId":"1R768ZBI","sourceChecksum":"3882591018ee8c2c622e5d3fad12629ad1cd467cd148b39008bf6c9cec5cb7f4","pipelineFeatureId":"1R768ZBI/SOUNDG/1280595967/14","provenance":{"cellId":"1R768ZBI","checksum":"3882591018ee8c2c622e5d3fad12629ad1cd467cd148b39008bf6c9cec5cb7f4","readerVersion":"GDAL 3.2.2","processedAt":"2026-08-11T13:43:44.753Z"}}},{"type":"Feature","geometry":{"type":"Point","coordinates":[3.9248858,51.4453314]},"properties":{"chartedValueMetres":-8.8,"chartedValueRelationToDatum":"above","depthDatum":"Approximate LAT","depthDatumCode":42,"depthDatumStatus":"VERIFIED_FROM_OFFICIAL_DOCUMENTATION","verticalDatum":"Local Datum","verticalDatumCode":24,"napIdentityStatus":"UNVERIFIED","sourceFeatureLnam":"1F2B6A42B3957536","sourceCellId":"1R768ZBI","sourceChecksum":"3882591018ee8c2c622e5d3fad12629ad1cd467cd148b39008bf6c9cec5cb7f4","pipelineFeatureId":"1R768ZBI/SOUNDG/1280595968/0","provenance":{"cellId":"1R768ZBI","checksum":"3882591018ee8c2c622e5d3fad12629ad1cd467cd148b39008bf6c9cec5cb7f4","readerVersion":"GDAL 3.2.2","processedAt":"2026-08-11T13:43:44.753Z"}}},{"type":"Feature","geometry":{"type":"Point","coordinates":[3.9257439,51.4379511]},"properties":{"chartedValueMetres":-6.7,"chartedValueRelationToDatum":"above","depthDatum":"Approximate LAT","depthDatumCode":42,"depthDatumStatus":"VERIFIED_FROM_OFFICIAL_DOCUMENTATION","verticalDatum":"Local Datum","verticalDatumCode":24,"napIdentityStatus":"UNVERIFIED","sourceFeatureLnam":"1F2B6A42B3957536","sourceCellId":"1R768ZBI","sourceChecksum":"3882591018ee8c2c622e5d3fad12629ad1cd467cd148b39008bf6c9cec5cb7f4","pipelineFeatureId":"1R768ZBI/SOUNDG/1280595968/1","provenance":{"cellId":"1R768ZBI","checksum":"3882591018ee8c2c622e5d3fad12629ad1cd467cd148b39008bf6c9cec5cb7f4","readerVersion":"GDAL 3.2.2","processedAt":"2026-08-11T13:43:44.753Z"}}},{"type":"Feature","geometry":{"type":"Point","coordinates":[3.9234308,51.4445336]},"properties":{"chartedValueMetres":-3.9,"chartedValueRelationToDatum":"above","depthDatum":"Approximate LAT","depthDatumCode":42,"depthDatumStatus":"VERIFIED_FROM_OFFICIAL_DOCUMENTATION","verticalDatum":"Local Datum","verticalDatumCode":24,"napIdentityStatus":"UNVERIFIED","sourceFeatureLnam":"1F2B6A42B3957536","sourceCellId":"1R768ZBI","sourceChecksum":"3882591018ee8c2c622e5d3fad12629ad1cd467cd148b39008bf6c9cec5cb7f4","pipelineFeatureId":"1R768ZBI/SOUNDG/1280595968/2","provenance":{"cellId":"1R768ZBI","checksum":"3882591018ee8c2c622e5d3fad12629ad1cd467cd148b39008bf6c9cec5cb7f4","readerVersion":"GDAL 3.2.2","processedAt":"2026-08-11T13:43:44.753Z"}}},{"type":"Feature","geometry":{"type":"Point","coordinates":[3.9284355,51.4500691]},"properties":{"chartedValueMetres":-3.9,"chartedValueRelationToDatum":"above","depthDatum":"Approximate LAT","depthDatumCode":42,"depthDatumStatus":"VERIFIED_FROM_OFFICIAL_DOCUMENTATION","verticalDatum":"Local Datum","verticalDatumCode":24,"napIdentityStatus":"UNVERIFIED","sourceFeatureLnam":"1F2B6A42B3957536","sourceCellId":"1R768ZBI","sourceChecksum":"3882591018ee8c2c622e5d3fad12629ad1cd467cd148b39008bf6c9cec5cb7f4","pipelineFeatureId":"1R768ZBI/SOUNDG/1280595968/3","provenance":{"cellId":"1R768ZBI","checksum":"3882591018ee8c2c622e5d3fad12629ad1cd467cd148b39008bf6c9cec5cb7f4","readerVersion":"GDAL 3.2.2","processedAt":"2026-08-11T13:43:44.753Z"}}},{"type":"Feature","geometry":{"type":"Point","coordinates":[3.9254211,51.4504526]},"properties":{"chartedValueMetres":-3.8,"chartedValueRelationToDatum":"above","depthDatum":"Approximate LAT","depthDatumCode":42,"depthDatumStatus":"VERIFIED_FROM_OFFICIAL_DOCUMENTATION","verticalDatum":"Local Datum","verticalDatumCode":24,"napIdentityStatus":"UNVERIFIED","sourceFeatureLnam":"1F2B6A42B3957536","sourceCellId":"1R768ZBI","sourceChecksum":"3882591018ee8c2c622e5d3fad12629ad1cd467cd148b39008bf6c9cec5cb7f4","pipelineFeatureId":"1R768ZBI/SOUNDG/1280595968/4","provenance":{"cellId":"1R768ZBI","checksum":"3882591018ee8c2c622e5d3fad12629ad1cd467cd148b39008bf6c9cec5cb7f4","readerVersion":"GDAL 3.2.2","processedAt":"2026-08-11T13:43:44.753Z"}}},{"type":"Feature","geometry":{"type":"Point","coordinates":[3.9269766,51.4490915]},"properties":{"chartedValueMetres":-3.7,"chartedValueRelationToDatum":"above","depthDatum":"Approximate LAT","depthDatumCode":42,"depthDatumStatus":"VERIFIED_FROM_OFFICIAL_DOCUMENTATION","verticalDatum":"Local Datum","verticalDatumCode":24,"napIdentityStatus":"UNVERIFIED","sourceFeatureLnam":"1F2B6A42B3957536","sourceCellId":"1R768ZBI","sourceChecksum":"3882591018ee8c2c622e5d3fad12629ad1cd467cd148b39008bf6c9cec5cb7f4","pipelineFeatureId":"1R768ZBI/SOUNDG/1280595968/5","provenance":{"cellId":"1R768ZBI","checksum":"3882591018ee8c2c622e5d3fad12629ad1cd467cd148b39008bf6c9cec5cb7f4","readerVersion":"GDAL 3.2.2","processedAt":"2026-08-11T13:43:44.753Z"}}},{"type":"Feature","geometry":{"type":"Point","coordinates":[3.9242523,51.4424589]},"properties":{"chartedValueMetres":-3.6,"chartedValueRelationToDatum":"above","depthDatum":"Approximate LAT","depthDatumCode":42,"depthDatumStatus":"VERIFIED_FROM_OFFICIAL_DOCUMENTATION","verticalDatum":"Local Datum","verticalDatumCode":24,"napIdentityStatus":"UNVERIFIED","sourceFeatureLnam":"1F2B6A42B3957536","sourceCellId":"1R768ZBI","sourceChecksum":"3882591018ee8c2c622e5d3fad12629ad1cd467cd148b39008bf6c9cec5cb7f4","pipelineFeatureId":"1R768ZBI/SOUNDG/1280595968/6","provenance":{"cellId":"1R768ZBI","checksum":"3882591018ee8c2c622e5d3fad12629ad1cd467cd148b39008bf6c9cec5cb7f4","readerVersion":"GDAL 3.2.2","processedAt":"2026-08-11T13:43:44.753Z"}}},{"type":"Feature","geometry":{"type":"Point","coordinates":[3.9272388,51.4478306]},"properties":{"chartedValueMetres":-3.5,"chartedValueRelationToDatum":"above","depthDatum":"Approximate LAT","depthDatumCode":42,"depthDatumStatus":"VERIFIED_FROM_OFFICIAL_DOCUMENTATION","verticalDatum":"Local Datum","verticalDatumCode":24,"napIdentityStatus":"UNVERIFIED","sourceFeatureLnam":"1F2B6A42B3957536","sourceCellId":"1R768ZBI","sourceChecksum":"3882591018ee8c2c622e5d3fad12629ad1cd467cd148b39008bf6c9cec5cb7f4","pipelineFeatureId":"1R768ZBI/SOUNDG/1280595968/7","provenance":{"cellId":"1R768ZBI","checksum":"3882591018ee8c2c622e5d3fad12629ad1cd467cd148b39008bf6c9cec5cb7f4","readerVersion":"GDAL 3.2.2","processedAt":"2026-08-11T13:43:44.753Z"}}},{"type":"Feature","geometry":{"type":"Point","coordinates":[3.9253814,51.441371]},"properties":{"chartedValueMetres":-3.4,"chartedValueRelationToDatum":"above","depthDatum":"Approximate LAT","depthDatumCode":42,"depthDatumStatus":"VERIFIED_FROM_OFFICIAL_DOCUMENTATION","verticalDatum":"Local Datum","verticalDatumCode":24,"napIdentityStatus":"UNVERIFIED","sourceFeatureLnam":"1F2B6A42B3957536","sourceCellId":"1R768ZBI","sourceChecksum":"3882591018ee8c2c622e5d3fad12629ad1cd467cd148b39008bf6c9cec5cb7f4","pipelineFeatureId":"1R768ZBI/SOUNDG/1280595968/8","provenance":{"cellId":"1R768ZBI","checksum":"3882591018ee8c2c622e5d3fad12629ad1cd467cd148b39008bf6c9cec5cb7f4","readerVersion":"GDAL 3.2.2","processedAt":"2026-08-11T13:43:44.753Z"}}},{"type":"Feature","geometry":{"type":"Point","coordinates":[3.9318431,51.4477941]},"properties":{"chartedValueMetres":-3.4,"chartedValueRelationToDatum":"above","depthDatum":"Approximate LAT","depthDatumCode":42,"depthDatumStatus":"VERIFIED_FROM_OFFICIAL_DOCUMENTATION","verticalDatum":"Local Datum","verticalDatumCode":24,"napIdentityStatus":"UNVERIFIED","sourceFeatureLnam":"1F2B6A42B3957536","sourceCellId":"1R768ZBI","sourceChecksum":"3882591018ee8c2c622e5d3fad12629ad1cd467cd148b39008bf6c9cec5cb7f4","pipelineFeatureId":"1R768ZBI/SOUNDG/1280595968/9","provenance":{"cellId":"1R768ZBI","checksum":"3882591018ee8c2c622e5d3fad12629ad1cd467cd148b39008bf6c9cec5cb7f4","readerVersion":"GDAL 3.2.2","processedAt":"2026-08-11T13:43:44.753Z"}}},{"type":"Feature","geometry":{"type":"Point","coordinates":[3.9265541,51.4424407]},"properties":{"chartedValueMetres":-3.3,"chartedValueRelationToDatum":"above","depthDatum":"Approximate LAT","depthDatumCode":42,"depthDatumStatus":"VERIFIED_FROM_OFFICIAL_DOCUMENTATION","verticalDatum":"Local Datum","verticalDatumCode":24,"napIdentityStatus":"UNVERIFIED","sourceFeatureLnam":"1F2B6A42B3957536","sourceCellId":"1R768ZBI","sourceChecksum":"3882591018ee8c2c622e5d3fad12629ad1cd467cd148b39008bf6c9cec5cb7f4","pipelineFeatureId":"1R768ZBI/SOUNDG/1280595968/10","provenance":{"cellId":"1R768ZBI","checksum":"3882591018ee8c2c622e5d3fad12629ad1cd467cd148b39008bf6c9cec5cb7f4","readerVersion":"GDAL 3.2.2","processedAt":"2026-08-11T13:43:44.753Z"}}},{"type":"Feature","geometry":{"type":"Point","coordinates":[3.9276468,51.4466584]},"properties":{"chartedValueMetres":-3.3,"chartedValueRelationToDatum":"above","depthDatum":"Approximate LAT","depthDatumCode":42,"depthDatumStatus":"VERIFIED_FROM_OFFICIAL_DOCUMENTATION","verticalDatum":"Local Datum","verticalDatumCode":24,"napIdentityStatus":"UNVERIFIED","sourceFeatureLnam":"1F2B6A42B3957536","sourceCellId":"1R768ZBI","sourceChecksum":"3882591018ee8c2c622e5d3fad12629ad1cd467cd148b39008bf6c9cec5cb7f4","pipelineFeatureId":"1R768ZBI/SOUNDG/1280595968/11","provenance":{"cellId":"1R768ZBI","checksum":"3882591018ee8c2c622e5d3fad12629ad1cd467cd148b39008bf6c9cec5cb7f4","readerVersion":"GDAL 3.2.2","processedAt":"2026-08-11T13:43:44.753Z"}}},{"type":"Feature","geometry":{"type":"Point","coordinates":[3.9250628,51.4398448]},"properties":{"chartedValueMetres":-3.3,"chartedValueRelationToDatum":"above","depthDatum":"Approximate LAT","depthDatumCode":42,"depthDatumStatus":"VERIFIED_FROM_OFFICIAL_DOCUMENTATION","verticalDatum":"Local Datum","verticalDatumCode":24,"napIdentityStatus":"UNVERIFIED","sourceFeatureLnam":"1F2B6A42B3957536","sourceCellId":"1R768ZBI","sourceChecksum":"3882591018ee8c2c622e5d3fad12629ad1cd467cd148b39008bf6c9cec5cb7f4","pipelineFeatureId":"1R768ZBI/SOUNDG/1280595968/12","provenance":{"cellId":"1R768ZBI","checksum":"3882591018ee8c2c622e5d3fad12629ad1cd467cd148b39008bf6c9cec5cb7f4","readerVersion":"GDAL 3.2.2","processedAt":"2026-08-11T13:43:44.753Z"}}},{"type":"Feature","geometry":{"type":"Point","coordinates":[3.9264503,51.4444198]},"properties":{"chartedValueMetres":-3.2,"chartedValueRelationToDatum":"above","depthDatum":"Approximate LAT","depthDatumCode":42,"depthDatumStatus":"VERIFIED_FROM_OFFICIAL_DOCUMENTATION","verticalDatum":"Local Datum","verticalDatumCode":24,"napIdentityStatus":"UNVERIFIED","sourceFeatureLnam":"1F2B6A42B3957536","sourceCellId":"1R768ZBI","sourceChecksum":"3882591018ee8c2c622e5d3fad12629ad1cd467cd148b39008bf6c9cec5cb7f4","pipelineFeatureId":"1R768ZBI/SOUNDG/1280595968/13","provenance":{"cellId":"1R768ZBI","checksum":"3882591018ee8c2c622e5d3fad12629ad1cd467cd148b39008bf6c9cec5cb7f4","readerVersion":"GDAL 3.2.2","processedAt":"2026-08-11T13:43:44.753Z"}}},{"type":"Feature","geometry":{"type":"Point","coordinates":[3.9299397,51.4461906]},"properties":{"chartedValueMetres":-3.1,"chartedValueRelationToDatum":"above","depthDatum":"Approximate LAT","depthDatumCode":42,"depthDatumStatus":"VERIFIED_FROM_OFFICIAL_DOCUMENTATION","verticalDatum":"Local Datum","verticalDatumCode":24,"napIdentityStatus":"UNVERIFIED","sourceFeatureLnam":"1F2B6A42B3957536","sourceCellId":"1R768ZBI","sourceChecksum":"3882591018ee8c2c622e5d3fad12629ad1cd467cd148b39008bf6c9cec5cb7f4","pipelineFeatureId":"1R768ZBI/SOUNDG/1280595968/14","provenance":{"cellId":"1R768ZBI","checksum":"3882591018ee8c2c622e5d3fad12629ad1cd467cd148b39008bf6c9cec5cb7f4","readerVersion":"GDAL 3.2.2","processedAt":"2026-08-11T13:43:44.753Z"}}},{"type":"Feature","geometry":{"type":"Point","coordinates":[3.9283097,51.4438656]},"properties":{"chartedValueMetres":-3.1,"chartedValueRelationToDatum":"above","depthDatum":"Approximate LAT","depthDatumCode":42,"depthDatumStatus":"VERIFIED_FROM_OFFICIAL_DOCUMENTATION","verticalDatum":"Local Datum","verticalDatumCode":24,"napIdentityStatus":"UNVERIFIED","sourceFeatureLnam":"1F2B6A42B3957536","sourceCellId":"1R768ZBI","sourceChecksum":"3882591018ee8c2c622e5d3fad12629ad1cd467cd148b39008bf6c9cec5cb7f4","pipelineFeatureId":"1R768ZBI/SOUNDG/1280595968/15","provenance":{"cellId":"1R768ZBI","checksum":"3882591018ee8c2c622e5d3fad12629ad1cd467cd148b39008bf6c9cec5cb7f4","readerVersion":"GDAL 3.2.2","processedAt":"2026-08-11T13:43:44.753Z"}}},{"type":"Feature","geometry":{"type":"Point","coordinates":[3.9304897,51.4449274]},"properties":{"chartedValueMetres":-2.4,"chartedValueRelationToDatum":"above","depthDatum":"Approximate LAT","depthDatumCode":42,"depthDatumStatus":"VERIFIED_FROM_OFFICIAL_DOCUMENTATION","verticalDatum":"Local Datum","verticalDatumCode":24,"napIdentityStatus":"UNVERIFIED","sourceFeatureLnam":"1F2B6A42B3957536","sourceCellId":"1R768ZBI","sourceChecksum":"3882591018ee8c2c622e5d3fad12629ad1cd467cd148b39008bf6c9cec5cb7f4","pipelineFeatureId":"1R768ZBI/SOUNDG/1280595968/16","provenance":{"cellId":"1R768ZBI","checksum":"3882591018ee8c2c622e5d3fad12629ad1cd467cd148b39008bf6c9cec5cb7f4","readerVersion":"GDAL 3.2.2","processedAt":"2026-08-11T13:43:44.753Z"}}},{"type":"Feature","geometry":{"type":"Point","coordinates":[3.926922,51.4392906]},"properties":{"chartedValueMetres":-2.3,"chartedValueRelationToDatum":"above","depthDatum":"Approximate LAT","depthDatumCode":42,"depthDatumStatus":"VERIFIED_FROM_OFFICIAL_DOCUMENTATION","verticalDatum":"Local Datum","verticalDatumCode":24,"napIdentityStatus":"UNVERIFIED","sourceFeatureLnam":"1F2B6A42B3957536","sourceCellId":"1R768ZBI","sourceChecksum":"3882591018ee8c2c622e5d3fad12629ad1cd467cd148b39008bf6c9cec5cb7f4","pipelineFeatureId":"1R768ZBI/SOUNDG/1280595968/17","provenance":{"cellId":"1R768ZBI","checksum":"3882591018ee8c2c622e5d3fad12629ad1cd467cd148b39008bf6c9cec5cb7f4","readerVersion":"GDAL 3.2.2","processedAt":"2026-08-11T13:43:44.753Z"}}},{"type":"Feature","geometry":{"type":"Point","coordinates":[3.9268674,51.4365934]},"properties":{"chartedValueMetres":-1.9,"chartedValueRelationToDatum":"above","depthDatum":"Approximate LAT","depthDatumCode":42,"depthDatumStatus":"VERIFIED_FROM_OFFICIAL_DOCUMENTATION","verticalDatum":"Local Datum","verticalDatumCode":24,"napIdentityStatus":"UNVERIFIED","sourceFeatureLnam":"1F2B6A42B3957536","sourceCellId":"1R768ZBI","sourceChecksum":"3882591018ee8c2c622e5d3fad12629ad1cd467cd148b39008bf6c9cec5cb7f4","pipelineFeatureId":"1R768ZBI/SOUNDG/1280595968/18","provenance":{"cellId":"1R768ZBI","checksum":"3882591018ee8c2c622e5d3fad12629ad1cd467cd148b39008bf6c9cec5cb7f4","readerVersion":"GDAL 3.2.2","processedAt":"2026-08-11T13:43:44.753Z"}}},{"type":"Feature","geometry":{"type":"Point","coordinates":[3.9283989,51.4411673]},"properties":{"chartedValueMetres":0.3,"chartedValueRelationToDatum":"below","depthDatum":"Approximate LAT","depthDatumCode":42,"depthDatumStatus":"VERIFIED_FROM_OFFICIAL_DOCUMENTATION","verticalDatum":"Local Datum","verticalDatumCode":24,"napIdentityStatus":"UNVERIFIED","sourceFeatureLnam":"1F2B6A42B3957536","sourceCellId":"1R768ZBI","sourceChecksum":"3882591018ee8c2c622e5d3fad12629ad1cd467cd148b39008bf6c9cec5cb7f4","pipelineFeatureId":"1R768ZBI/SOUNDG/1280595968/19","provenance":{"cellId":"1R768ZBI","checksum":"3882591018ee8c2c622e5d3fad12629ad1cd467cd148b39008bf6c9cec5cb7f4","readerVersion":"GDAL 3.2.2","processedAt":"2026-08-11T13:43:44.753Z"}}},{"type":"Feature","geometry":{"type":"Point","coordinates":[3.926405,51.4350684]},"properties":{"chartedValueMetres":1.6,"chartedValueRelationToDatum":"below","depthDatum":"Approximate LAT","depthDatumCode":42,"depthDatumStatus":"VERIFIED_FROM_OFFICIAL_DOCUMENTATION","verticalDatum":"Local Datum","verticalDatumCode":24,"napIdentityStatus":"UNVERIFIED","sourceFeatureLnam":"1F2B6A42B3957536","sourceCellId":"1R768ZBI","sourceChecksum":"3882591018ee8c2c622e5d3fad12629ad1cd467cd148b39008bf6c9cec5cb7f4","pipelineFeatureId":"1R768ZBI/SOUNDG/1280595968/20","provenance":{"cellId":"1R768ZBI","checksum":"3882591018ee8c2c622e5d3fad12629ad1cd467cd148b39008bf6c9cec5cb7f4","readerVersion":"GDAL 3.2.2","processedAt":"2026-08-11T13:43:44.753Z"}}},{"type":"Feature","geometry":{"type":"Point","coordinates":[3.9318246,51.4256737]},"properties":{"chartedValueMetres":2.2,"chartedValueRelationToDatum":"below","depthDatum":"Approximate LAT","depthDatumCode":42,"depthDatumStatus":"VERIFIED_FROM_OFFICIAL_DOCUMENTATION","verticalDatum":"Local Datum","verticalDatumCode":24,"napIdentityStatus":"UNVERIFIED","sourceFeatureLnam":"1F2B6A42B3957536","sourceCellId":"1R768ZBI","sourceChecksum":"3882591018ee8c2c622e5d3fad12629ad1cd467cd148b39008bf6c9cec5cb7f4","pipelineFeatureId":"1R768ZBI/SOUNDG/1280595968/21","provenance":{"cellId":"1R768ZBI","checksum":"3882591018ee8c2c622e5d3fad12629ad1cd467cd148b39008bf6c9cec5cb7f4","readerVersion":"GDAL 3.2.2","processedAt":"2026-08-11T13:43:44.753Z"}}},{"type":"Feature","geometry":{"type":"Point","coordinates":[3.9323692,51.445362]},"properties":{"chartedValueMetres":2.8,"chartedValueRelationToDatum":"below","depthDatum":"Approximate LAT","depthDatumCode":42,"depthDatumStatus":"VERIFIED_FROM_OFFICIAL_DOCUMENTATION","verticalDatum":"Local Datum","verticalDatumCode":24,"napIdentityStatus":"UNVERIFIED","sourceFeatureLnam":"1F2B6A42B3957536","sourceCellId":"1R768ZBI","sourceChecksum":"3882591018ee8c2c622e5d3fad12629ad1cd467cd148b39008bf6c9cec5cb7f4","pipelineFeatureId":"1R768ZBI/SOUNDG/1280595968/22","provenance":{"cellId":"1R768ZBI","checksum":"3882591018ee8c2c622e5d3fad12629ad1cd467cd148b39008bf6c9cec5cb7f4","readerVersion":"GDAL 3.2.2","processedAt":"2026-08-11T13:43:44.753Z"}}},{"type":"Feature","geometry":{"type":"Point","coordinates":[3.9331482,51.4271019]},"properties":{"chartedValueMetres":4.9,"chartedValueRelationToDatum":"below","depthDatum":"Approximate LAT","depthDatumCode":42,"depthDatumStatus":"VERIFIED_FROM_OFFICIAL_DOCUMENTATION","verticalDatum":"Local Datum","verticalDatumCode":24,"napIdentityStatus":"UNVERIFIED","sourceFeatureLnam":"1F2B6A42B3957536","sourceCellId":"1R768ZBI","sourceChecksum":"3882591018ee8c2c622e5d3fad12629ad1cd467cd148b39008bf6c9cec5cb7f4","pipelineFeatureId":"1R768ZBI/SOUNDG/1280595968/23","provenance":{"cellId":"1R768ZBI","checksum":"3882591018ee8c2c622e5d3fad12629ad1cd467cd148b39008bf6c9cec5cb7f4","readerVersion":"GDAL 3.2.2","processedAt":"2026-08-11T13:43:44.753Z"}}},{"type":"Feature","geometry":{"type":"Point","coordinates":[3.9220833,51.427639]},"properties":{"chartedValueMetres":7.1,"chartedValueRelationToDatum":"below","depthDatum":"Approximate LAT","depthDatumCode":42,"depthDatumStatus":"VERIFIED_FROM_OFFICIAL_DOCUMENTATION","verticalDatum":"Local Datum","verticalDatumCode":24,"napIdentityStatus":"UNVERIFIED","sourceFeatureLnam":"1F2B6A42B3957536","sourceCellId":"1R768ZBI","sourceChecksum":"3882591018ee8c2c622e5d3fad12629ad1cd467cd148b39008bf6c9cec5cb7f4","pipelineFeatureId":"1R768ZBI/SOUNDG/1280595968/24","provenance":{"cellId":"1R768ZBI","checksum":"3882591018ee8c2c622e5d3fad12629ad1cd467cd148b39008bf6c9cec5cb7f4","readerVersion":"GDAL 3.2.2","processedAt":"2026-08-11T13:43:44.753Z"}}},{"type":"Feature","geometry":{"type":"Point","coordinates":[3.9222633,51.4294361]},"properties":{"chartedValueMetres":7.1,"chartedValueRelationToDatum":"below","depthDatum":"Approximate LAT","depthDatumCode":42,"depthDatumStatus":"VERIFIED_FROM_OFFICIAL_DOCUMENTATION","verticalDatum":"Local Datum","verticalDatumCode":24,"napIdentityStatus":"UNVERIFIED","sourceFeatureLnam":"1F2B6A42B3957536","sourceCellId":"1R768ZBI","sourceChecksum":"3882591018ee8c2c622e5d3fad12629ad1cd467cd148b39008bf6c9cec5cb7f4","pipelineFeatureId":"1R768ZBI/SOUNDG/1280595968/25","provenance":{"cellId":"1R768ZBI","checksum":"3882591018ee8c2c622e5d3fad12629ad1cd467cd148b39008bf6c9cec5cb7f4","readerVersion":"GDAL 3.2.2","processedAt":"2026-08-11T13:43:44.753Z"}}},{"type":"Feature","geometry":{"type":"Point","coordinates":[3.9322293,51.4314254]},"properties":{"chartedValueMetres":7.2,"chartedValueRelationToDatum":"below","depthDatum":"Approximate LAT","depthDatumCode":42,"depthDatumStatus":"VERIFIED_FROM_OFFICIAL_DOCUMENTATION","verticalDatum":"Local Datum","verticalDatumCode":24,"napIdentityStatus":"UNVERIFIED","sourceFeatureLnam":"1F2B6A42B3957536","sourceCellId":"1R768ZBI","sourceChecksum":"3882591018ee8c2c622e5d3fad12629ad1cd467cd148b39008bf6c9cec5cb7f4","pipelineFeatureId":"1R768ZBI/SOUNDG/1280595968/26","provenance":{"cellId":"1R768ZBI","checksum":"3882591018ee8c2c622e5d3fad12629ad1cd467cd148b39008bf6c9cec5cb7f4","readerVersion":"GDAL 3.2.2","processedAt":"2026-08-11T13:43:44.753Z"}}},{"type":"Feature","geometry":{"type":"Point","coordinates":[3.9259334,51.4330939]},"properties":{"chartedValueMetres":7.3,"chartedValueRelationToDatum":"below","depthDatum":"Approximate LAT","depthDatumCode":42,"depthDatumStatus":"VERIFIED_FROM_OFFICIAL_DOCUMENTATION","verticalDatum":"Local Datum","verticalDatumCode":24,"napIdentityStatus":"UNVERIFIED","sourceFeatureLnam":"1F2B6A42B3957536","sourceCellId":"1R768ZBI","sourceChecksum":"3882591018ee8c2c622e5d3fad12629ad1cd467cd148b39008bf6c9cec5cb7f4","pipelineFeatureId":"1R768ZBI/SOUNDG/1280595968/27","provenance":{"cellId":"1R768ZBI","checksum":"3882591018ee8c2c622e5d3fad12629ad1cd467cd148b39008bf6c9cec5cb7f4","readerVersion":"GDAL 3.2.2","processedAt":"2026-08-11T13:43:44.753Z"}}},{"type":"Feature","geometry":{"type":"Point","coordinates":[3.9226242,51.4259263]},"properties":{"chartedValueMetres":7.6,"chartedValueRelationToDatum":"below","depthDatum":"Approximate LAT","depthDatumCode":42,"depthDatumStatus":"VERIFIED_FROM_OFFICIAL_DOCUMENTATION","verticalDatum":"Local Datum","verticalDatumCode":24,"napIdentityStatus":"UNVERIFIED","sourceFeatureLnam":"1F2B6A42B3957536","sourceCellId":"1R768ZBI","sourceChecksum":"3882591018ee8c2c622e5d3fad12629ad1cd467cd148b39008bf6c9cec5cb7f4","pipelineFeatureId":"1R768ZBI/SOUNDG/1280595968/28","provenance":{"cellId":"1R768ZBI","checksum":"3882591018ee8c2c622e5d3fad12629ad1cd467cd148b39008bf6c9cec5cb7f4","readerVersion":"GDAL 3.2.2","processedAt":"2026-08-11T13:43:44.753Z"}}},{"type":"Feature","geometry":{"type":"Point","coordinates":[3.9235831,51.4306846]},"properties":{"chartedValueMetres":7.7,"chartedValueRelationToDatum":"below","depthDatum":"Approximate LAT","depthDatumCode":42,"depthDatumStatus":"VERIFIED_FROM_OFFICIAL_DOCUMENTATION","verticalDatum":"Local Datum","verticalDatumCode":24,"napIdentityStatus":"UNVERIFIED","sourceFeatureLnam":"1F2B6A42B3957536","sourceCellId":"1R768ZBI","sourceChecksum":"3882591018ee8c2c622e5d3fad12629ad1cd467cd148b39008bf6c9cec5cb7f4","pipelineFeatureId":"1R768ZBI/SOUNDG/1280595968/29","provenance":{"cellId":"1R768ZBI","checksum":"3882591018ee8c2c622e5d3fad12629ad1cd467cd148b39008bf6c9cec5cb7f4","readerVersion":"GDAL 3.2.2","processedAt":"2026-08-11T13:43:44.753Z"}}},{"type":"Feature","geometry":{"type":"Point","coordinates":[3.9245155,51.4269904]},"properties":{"chartedValueMetres":8.2,"chartedValueRelationToDatum":"below","depthDatum":"Approximate LAT","depthDatumCode":42,"depthDatumStatus":"VERIFIED_FROM_OFFICIAL_DOCUMENTATION","verticalDatum":"Local Datum","verticalDatumCode":24,"napIdentityStatus":"UNVERIFIED","sourceFeatureLnam":"1F2B6A42B3957536","sourceCellId":"1R768ZBI","sourceChecksum":"3882591018ee8c2c622e5d3fad12629ad1cd467cd148b39008bf6c9cec5cb7f4","pipelineFeatureId":"1R768ZBI/SOUNDG/1280595968/30","provenance":{"cellId":"1R768ZBI","checksum":"3882591018ee8c2c622e5d3fad12629ad1cd467cd148b39008bf6c9cec5cb7f4","readerVersion":"GDAL 3.2.2","processedAt":"2026-08-11T13:43:44.753Z"}}},{"type":"Feature","geometry":{"type":"Point","coordinates":[3.924903,51.431933]},"properties":{"chartedValueMetres":8.5,"chartedValueRelationToDatum":"below","depthDatum":"Approximate LAT","depthDatumCode":42,"depthDatumStatus":"VERIFIED_FROM_OFFICIAL_DOCUMENTATION","verticalDatum":"Local Datum","verticalDatumCode":24,"napIdentityStatus":"UNVERIFIED","sourceFeatureLnam":"1F2B6A42B3957536","sourceCellId":"1R768ZBI","sourceChecksum":"3882591018ee8c2c622e5d3fad12629ad1cd467cd148b39008bf6c9cec5cb7f4","pipelineFeatureId":"1R768ZBI/SOUNDG/1280595968/31","provenance":{"cellId":"1R768ZBI","checksum":"3882591018ee8c2c622e5d3fad12629ad1cd467cd148b39008bf6c9cec5cb7f4","readerVersion":"GDAL 3.2.2","processedAt":"2026-08-11T13:43:44.753Z"}}},{"type":"Feature","geometry":{"type":"Point","coordinates":[3.9324061,51.4330426]},"properties":{"chartedValueMetres":8.5,"chartedValueRelationToDatum":"below","depthDatum":"Approximate LAT","depthDatumCode":42,"depthDatumStatus":"VERIFIED_FROM_OFFICIAL_DOCUMENTATION","verticalDatum":"Local Datum","verticalDatumCode":24,"napIdentityStatus":"UNVERIFIED","sourceFeatureLnam":"1F2B6A42B3957536","sourceCellId":"1R768ZBI","sourceChecksum":"3882591018ee8c2c622e5d3fad12629ad1cd467cd148b39008bf6c9cec5cb7f4","pipelineFeatureId":"1R768ZBI/SOUNDG/1280595968/32","provenance":{"cellId":"1R768ZBI","checksum":"3882591018ee8c2c622e5d3fad12629ad1cd467cd148b39008bf6c9cec5cb7f4","readerVersion":"GDAL 3.2.2","processedAt":"2026-08-11T13:43:44.753Z"}}},{"type":"Feature","geometry":{"type":"Point","coordinates":[3.9256915,51.4282401]},"properties":{"chartedValueMetres":9,"chartedValueRelationToDatum":"below","depthDatum":"Approximate LAT","depthDatumCode":42,"depthDatumStatus":"VERIFIED_FROM_OFFICIAL_DOCUMENTATION","verticalDatum":"Local Datum","verticalDatumCode":24,"napIdentityStatus":"UNVERIFIED","sourceFeatureLnam":"1F2B6A42B3957536","sourceCellId":"1R768ZBI","sourceChecksum":"3882591018ee8c2c622e5d3fad12629ad1cd467cd148b39008bf6c9cec5cb7f4","pipelineFeatureId":"1R768ZBI/SOUNDG/1280595968/33","provenance":{"cellId":"1R768ZBI","checksum":"3882591018ee8c2c622e5d3fad12629ad1cd467cd148b39008bf6c9cec5cb7f4","readerVersion":"GDAL 3.2.2","processedAt":"2026-08-11T13:43:44.753Z"}}},{"type":"Feature","geometry":{"type":"Point","coordinates":[3.9248558,51.4295955]},"properties":{"chartedValueMetres":9.5,"chartedValueRelationToDatum":"below","depthDatum":"Approximate LAT","depthDatumCode":42,"depthDatumStatus":"VERIFIED_FROM_OFFICIAL_DOCUMENTATION","verticalDatum":"Local Datum","verticalDatumCode":24,"napIdentityStatus":"UNVERIFIED","sourceFeatureLnam":"1F2B6A42B3957536","sourceCellId":"1R768ZBI","sourceChecksum":"3882591018ee8c2c622e5d3fad12629ad1cd467cd148b39008bf6c9cec5cb7f4","pipelineFeatureId":"1R768ZBI/SOUNDG/1280595968/34","provenance":{"cellId":"1R768ZBI","checksum":"3882591018ee8c2c622e5d3fad12629ad1cd467cd148b39008bf6c9cec5cb7f4","readerVersion":"GDAL 3.2.2","processedAt":"2026-08-11T13:43:44.753Z"}}},{"type":"Feature","geometry":{"type":"Point","coordinates":[3.9266619,51.426434]},"properties":{"chartedValueMetres":9.8,"chartedValueRelationToDatum":"below","depthDatum":"Approximate LAT","depthDatumCode":42,"depthDatumStatus":"VERIFIED_FROM_OFFICIAL_DOCUMENTATION","verticalDatum":"Local Datum","verticalDatumCode":24,"napIdentityStatus":"UNVERIFIED","sourceFeatureLnam":"1F2B6A42B3957536","sourceCellId":"1R768ZBI","sourceChecksum":"3882591018ee8c2c622e5d3fad12629ad1cd467cd148b39008bf6c9cec5cb7f4","pipelineFeatureId":"1R768ZBI/SOUNDG/1280595968/35","provenance":{"cellId":"1R768ZBI","checksum":"3882591018ee8c2c622e5d3fad12629ad1cd467cd148b39008bf6c9cec5cb7f4","readerVersion":"GDAL 3.2.2","processedAt":"2026-08-11T13:43:44.753Z"}}},{"type":"Feature","geometry":{"type":"Point","coordinates":[3.9288628,51.4285747]},"properties":{"chartedValueMetres":9.8,"chartedValueRelationToDatum":"below","depthDatum":"Approximate LAT","depthDatumCode":42,"depthDatumStatus":"VERIFIED_FROM_OFFICIAL_DOCUMENTATION","verticalDatum":"Local Datum","verticalDatumCode":24,"napIdentityStatus":"UNVERIFIED","sourceFeatureLnam":"1F2B6A42B3957536","sourceCellId":"1R768ZBI","sourceChecksum":"3882591018ee8c2c622e5d3fad12629ad1cd467cd148b39008bf6c9cec5cb7f4","pipelineFeatureId":"1R768ZBI/SOUNDG/1280595968/36","provenance":{"cellId":"1R768ZBI","checksum":"3882591018ee8c2c622e5d3fad12629ad1cd467cd148b39008bf6c9cec5cb7f4","readerVersion":"GDAL 3.2.2","processedAt":"2026-08-11T13:43:44.753Z"}}},{"type":"Feature","geometry":{"type":"Point","coordinates":[3.9284569,51.4298368]},"properties":{"chartedValueMetres":12.6,"chartedValueRelationToDatum":"below","depthDatum":"Approximate LAT","depthDatumCode":42,"depthDatumStatus":"VERIFIED_FROM_OFFICIAL_DOCUMENTATION","verticalDatum":"Local Datum","verticalDatumCode":24,"napIdentityStatus":"UNVERIFIED","sourceFeatureLnam":"1F2B6A42B3957536","sourceCellId":"1R768ZBI","sourceChecksum":"3882591018ee8c2c622e5d3fad12629ad1cd467cd148b39008bf6c9cec5cb7f4","pipelineFeatureId":"1R768ZBI/SOUNDG/1280595968/37","provenance":{"cellId":"1R768ZBI","checksum":"3882591018ee8c2c622e5d3fad12629ad1cd467cd148b39008bf6c9cec5cb7f4","readerVersion":"GDAL 3.2.2","processedAt":"2026-08-11T13:43:44.753Z"}}},{"type":"Feature","geometry":{"type":"Point","coordinates":[3.9287301,51.436219]},"properties":{"chartedValueMetres":12.9,"chartedValueRelationToDatum":"below","depthDatum":"Approximate LAT","depthDatumCode":42,"depthDatumStatus":"VERIFIED_FROM_OFFICIAL_DOCUMENTATION","verticalDatum":"Local Datum","verticalDatumCode":24,"napIdentityStatus":"UNVERIFIED","sourceFeatureLnam":"1F2B6A42B3957536","sourceCellId":"1R768ZBI","sourceChecksum":"3882591018ee8c2c622e5d3fad12629ad1cd467cd148b39008bf6c9cec5cb7f4","pipelineFeatureId":"1R768ZBI/SOUNDG/1280595968/38","provenance":{"cellId":"1R768ZBI","checksum":"3882591018ee8c2c622e5d3fad12629ad1cd467cd148b39008bf6c9cec5cb7f4","readerVersion":"GDAL 3.2.2","processedAt":"2026-08-11T13:43:44.753Z"}}},{"type":"Feature","geometry":{"type":"Point","coordinates":[3.9324335,51.4343912]},"properties":{"chartedValueMetres":13.6,"chartedValueRelationToDatum":"below","depthDatum":"Approximate LAT","depthDatumCode":42,"depthDatumStatus":"VERIFIED_FROM_OFFICIAL_DOCUMENTATION","verticalDatum":"Local Datum","verticalDatumCode":24,"napIdentityStatus":"UNVERIFIED","sourceFeatureLnam":"1F2B6A42B3957536","sourceCellId":"1R768ZBI","sourceChecksum":"3882591018ee8c2c622e5d3fad12629ad1cd467cd148b39008bf6c9cec5cb7f4","pipelineFeatureId":"1R768ZBI/SOUNDG/1280595968/39","provenance":{"cellId":"1R768ZBI","checksum":"3882591018ee8c2c622e5d3fad12629ad1cd467cd148b39008bf6c9cec5cb7f4","readerVersion":"GDAL 3.2.2","processedAt":"2026-08-11T13:43:44.753Z"}}},{"type":"Feature","geometry":{"type":"Point","coordinates":[3.9270532,51.4315564]},"properties":{"chartedValueMetres":13.7,"chartedValueRelationToDatum":"below","depthDatum":"Approximate LAT","depthDatumCode":42,"depthDatumStatus":"VERIFIED_FROM_OFFICIAL_DOCUMENTATION","verticalDatum":"Local Datum","verticalDatumCode":24,"napIdentityStatus":"UNVERIFIED","sourceFeatureLnam":"1F2B6A42B3957536","sourceCellId":"1R768ZBI","sourceChecksum":"3882591018ee8c2c622e5d3fad12629ad1cd467cd148b39008bf6c9cec5cb7f4","pipelineFeatureId":"1R768ZBI/SOUNDG/1280595968/40","provenance":{"cellId":"1R768ZBI","checksum":"3882591018ee8c2c622e5d3fad12629ad1cd467cd148b39008bf6c9cec5cb7f4","readerVersion":"GDAL 3.2.2","processedAt":"2026-08-11T13:43:44.753Z"}}},{"type":"Feature","geometry":{"type":"Point","coordinates":[3.9297732,51.4309054]},"properties":{"chartedValueMetres":14.5,"chartedValueRelationToDatum":"below","depthDatum":"Approximate LAT","depthDatumCode":42,"depthDatumStatus":"VERIFIED_FROM_OFFICIAL_DOCUMENTATION","verticalDatum":"Local Datum","verticalDatumCode":24,"napIdentityStatus":"UNVERIFIED","sourceFeatureLnam":"1F2B6A42B3957536","sourceCellId":"1R768ZBI","sourceChecksum":"3882591018ee8c2c622e5d3fad12629ad1cd467cd148b39008bf6c9cec5cb7f4","pipelineFeatureId":"1R768ZBI/SOUNDG/1280595968/41","provenance":{"cellId":"1R768ZBI","checksum":"3882591018ee8c2c622e5d3fad12629ad1cd467cd148b39008bf6c9cec5cb7f4","readerVersion":"GDAL 3.2.2","processedAt":"2026-08-11T13:43:44.753Z"}}},{"type":"Feature","geometry":{"type":"Point","coordinates":[3.9310012,51.4417761]},"properties":{"chartedValueMetres":14.8,"chartedValueRelationToDatum":"below","depthDatum":"Approximate LAT","depthDatumCode":42,"depthDatumStatus":"VERIFIED_FROM_OFFICIAL_DOCUMENTATION","verticalDatum":"Local Datum","verticalDatumCode":24,"napIdentityStatus":"UNVERIFIED","sourceFeatureLnam":"1F2B6A42B3957536","sourceCellId":"1R768ZBI","sourceChecksum":"3882591018ee8c2c622e5d3fad12629ad1cd467cd148b39008bf6c9cec5cb7f4","pipelineFeatureId":"1R768ZBI/SOUNDG/1280595968/42","provenance":{"cellId":"1R768ZBI","checksum":"3882591018ee8c2c622e5d3fad12629ad1cd467cd148b39008bf6c9cec5cb7f4","readerVersion":"GDAL 3.2.2","processedAt":"2026-08-11T13:43:44.753Z"}}},{"type":"Feature","geometry":{"type":"Point","coordinates":[3.9323171,51.4357409]},"properties":{"chartedValueMetres":15.8,"chartedValueRelationToDatum":"below","depthDatum":"Approximate LAT","depthDatumCode":42,"depthDatumStatus":"VERIFIED_FROM_OFFICIAL_DOCUMENTATION","verticalDatum":"Local Datum","verticalDatumCode":24,"napIdentityStatus":"UNVERIFIED","sourceFeatureLnam":"1F2B6A42B3957536","sourceCellId":"1R768ZBI","sourceChecksum":"3882591018ee8c2c622e5d3fad12629ad1cd467cd148b39008bf6c9cec5cb7f4","pipelineFeatureId":"1R768ZBI/SOUNDG/1280595968/43","provenance":{"cellId":"1R768ZBI","checksum":"3882591018ee8c2c622e5d3fad12629ad1cd467cd148b39008bf6c9cec5cb7f4","readerVersion":"GDAL 3.2.2","processedAt":"2026-08-11T13:43:44.753Z"}}},{"type":"Feature","geometry":{"type":"Point","coordinates":[3.9275302,51.4338006]},"properties":{"chartedValueMetres":16.2,"chartedValueRelationToDatum":"below","depthDatum":"Approximate LAT","depthDatumCode":42,"depthDatumStatus":"VERIFIED_FROM_OFFICIAL_DOCUMENTATION","verticalDatum":"Local Datum","verticalDatumCode":24,"napIdentityStatus":"UNVERIFIED","sourceFeatureLnam":"1F2B6A42B3957536","sourceCellId":"1R768ZBI","sourceChecksum":"3882591018ee8c2c622e5d3fad12629ad1cd467cd148b39008bf6c9cec5cb7f4","pipelineFeatureId":"1R768ZBI/SOUNDG/1280595968/44","provenance":{"cellId":"1R768ZBI","checksum":"3882591018ee8c2c622e5d3fad12629ad1cd467cd148b39008bf6c9cec5cb7f4","readerVersion":"GDAL 3.2.2","processedAt":"2026-08-11T13:43:44.753Z"}}},{"type":"Feature","geometry":{"type":"Point","coordinates":[3.9323201,51.428817]},"properties":{"chartedValueMetres":16.4,"chartedValueRelationToDatum":"below","depthDatum":"Approximate LAT","depthDatumCode":42,"depthDatumStatus":"VERIFIED_FROM_OFFICIAL_DOCUMENTATION","verticalDatum":"Local Datum","verticalDatumCode":24,"napIdentityStatus":"UNVERIFIED","sourceFeatureLnam":"1F2B6A42B3957536","sourceCellId":"1R768ZBI","sourceChecksum":"3882591018ee8c2c622e5d3fad12629ad1cd467cd148b39008bf6c9cec5cb7f4","pipelineFeatureId":"1R768ZBI/SOUNDG/1280595968/45","provenance":{"cellId":"1R768ZBI","checksum":"3882591018ee8c2c622e5d3fad12629ad1cd467cd148b39008bf6c9cec5cb7f4","readerVersion":"GDAL 3.2.2","processedAt":"2026-08-11T13:43:44.753Z"}}},{"type":"Feature","geometry":{"type":"Point","coordinates":[3.9302284,51.4320707]},"properties":{"chartedValueMetres":17.5,"chartedValueRelationToDatum":"below","depthDatum":"Approximate LAT","depthDatumCode":42,"depthDatumStatus":"VERIFIED_FROM_OFFICIAL_DOCUMENTATION","verticalDatum":"Local Datum","verticalDatumCode":24,"napIdentityStatus":"UNVERIFIED","sourceFeatureLnam":"1F2B6A42B3957536","sourceCellId":"1R768ZBI","sourceChecksum":"3882591018ee8c2c622e5d3fad12629ad1cd467cd148b39008bf6c9cec5cb7f4","pipelineFeatureId":"1R768ZBI/SOUNDG/1280595968/46","provenance":{"cellId":"1R768ZBI","checksum":"3882591018ee8c2c622e5d3fad12629ad1cd467cd148b39008bf6c9cec5cb7f4","readerVersion":"GDAL 3.2.2","processedAt":"2026-08-11T13:43:44.753Z"}}},{"type":"Feature","geometry":{"type":"Point","coordinates":[3.9325452,51.4398755]},"properties":{"chartedValueMetres":17.7,"chartedValueRelationToDatum":"below","depthDatum":"Approximate LAT","depthDatumCode":42,"depthDatumStatus":"VERIFIED_FROM_OFFICIAL_DOCUMENTATION","verticalDatum":"Local Datum","verticalDatumCode":24,"napIdentityStatus":"UNVERIFIED","sourceFeatureLnam":"1F2B6A42B3957536","sourceCellId":"1R768ZBI","sourceChecksum":"3882591018ee8c2c622e5d3fad12629ad1cd467cd148b39008bf6c9cec5cb7f4","pipelineFeatureId":"1R768ZBI/SOUNDG/1280595968/47","provenance":{"cellId":"1R768ZBI","checksum":"3882591018ee8c2c622e5d3fad12629ad1cd467cd148b39008bf6c9cec5cb7f4","readerVersion":"GDAL 3.2.2","processedAt":"2026-08-11T13:43:44.753Z"}}},{"type":"Feature","geometry":{"type":"Point","coordinates":[3.9314352,51.427745]},"properties":{"chartedValueMetres":18.3,"chartedValueRelationToDatum":"below","depthDatum":"Approximate LAT","depthDatumCode":42,"depthDatumStatus":"VERIFIED_FROM_OFFICIAL_DOCUMENTATION","verticalDatum":"Local Datum","verticalDatumCode":24,"napIdentityStatus":"UNVERIFIED","sourceFeatureLnam":"1F2B6A42B3957536","sourceCellId":"1R768ZBI","sourceChecksum":"3882591018ee8c2c622e5d3fad12629ad1cd467cd148b39008bf6c9cec5cb7f4","pipelineFeatureId":"1R768ZBI/SOUNDG/1280595968/48","provenance":{"cellId":"1R768ZBI","checksum":"3882591018ee8c2c622e5d3fad12629ad1cd467cd148b39008bf6c9cec5cb7f4","readerVersion":"GDAL 3.2.2","processedAt":"2026-08-11T13:43:44.753Z"}}},{"type":"Feature","geometry":{"type":"Point","coordinates":[3.9310719,51.4381787]},"properties":{"chartedValueMetres":18.5,"chartedValueRelationToDatum":"below","depthDatum":"Approximate LAT","depthDatumCode":42,"depthDatumStatus":"VERIFIED_FROM_OFFICIAL_DOCUMENTATION","verticalDatum":"Local Datum","verticalDatumCode":24,"napIdentityStatus":"UNVERIFIED","sourceFeatureLnam":"1F2B6A42B3957536","sourceCellId":"1R768ZBI","sourceChecksum":"3882591018ee8c2c622e5d3fad12629ad1cd467cd148b39008bf6c9cec5cb7f4","pipelineFeatureId":"1R768ZBI/SOUNDG/1280595968/49","provenance":{"cellId":"1R768ZBI","checksum":"3882591018ee8c2c622e5d3fad12629ad1cd467cd148b39008bf6c9cec5cb7f4","readerVersion":"GDAL 3.2.2","processedAt":"2026-08-11T13:43:44.753Z"}}},{"type":"Feature","geometry":{"type":"Point","coordinates":[3.9298148,51.4258695]},"properties":{"chartedValueMetres":19,"chartedValueRelationToDatum":"below","depthDatum":"Approximate LAT","depthDatumCode":42,"depthDatumStatus":"VERIFIED_FROM_OFFICIAL_DOCUMENTATION","verticalDatum":"Local Datum","verticalDatumCode":24,"napIdentityStatus":"UNVERIFIED","sourceFeatureLnam":"1F2B6A42B3957536","sourceCellId":"1R768ZBI","sourceChecksum":"3882591018ee8c2c622e5d3fad12629ad1cd467cd148b39008bf6c9cec5cb7f4","pipelineFeatureId":"1R768ZBI/SOUNDG/1280595968/50","provenance":{"cellId":"1R768ZBI","checksum":"3882591018ee8c2c622e5d3fad12629ad1cd467cd148b39008bf6c9cec5cb7f4","readerVersion":"GDAL 3.2.2","processedAt":"2026-08-11T13:43:44.753Z"}}},{"type":"Feature","geometry":{"type":"Point","coordinates":[3.9320569,51.4370918]},"properties":{"chartedValueMetres":23.6,"chartedValueRelationToDatum":"below","depthDatum":"Approximate LAT","depthDatumCode":42,"depthDatumStatus":"VERIFIED_FROM_OFFICIAL_DOCUMENTATION","verticalDatum":"Local Datum","verticalDatumCode":24,"napIdentityStatus":"UNVERIFIED","sourceFeatureLnam":"1F2B6A42B3957536","sourceCellId":"1R768ZBI","sourceChecksum":"3882591018ee8c2c622e5d3fad12629ad1cd467cd148b39008bf6c9cec5cb7f4","pipelineFeatureId":"1R768ZBI/SOUNDG/1280595968/51","provenance":{"cellId":"1R768ZBI","checksum":"3882591018ee8c2c622e5d3fad12629ad1cd467cd148b39008bf6c9cec5cb7f4","readerVersion":"GDAL 3.2.2","processedAt":"2026-08-11T13:43:44.753Z"}}},{"type":"Feature","geometry":{"type":"Point","coordinates":[3.9305417,51.4333272]},"properties":{"chartedValueMetres":23.6,"chartedValueRelationToDatum":"below","depthDatum":"Approximate LAT","depthDatumCode":42,"depthDatumStatus":"VERIFIED_FROM_OFFICIAL_DOCUMENTATION","verticalDatum":"Local Datum","verticalDatumCode":24,"napIdentityStatus":"UNVERIFIED","sourceFeatureLnam":"1F2B6A42B3957536","sourceCellId":"1R768ZBI","sourceChecksum":"3882591018ee8c2c622e5d3fad12629ad1cd467cd148b39008bf6c9cec5cb7f4","pipelineFeatureId":"1R768ZBI/SOUNDG/1280595968/52","provenance":{"cellId":"1R768ZBI","checksum":"3882591018ee8c2c622e5d3fad12629ad1cd467cd148b39008bf6c9cec5cb7f4","readerVersion":"GDAL 3.2.2","processedAt":"2026-08-11T13:43:44.753Z"}}},{"type":"Feature","geometry":{"type":"Point","coordinates":[3.9238751,51.4451595]},"properties":{"chartedValueMetres":-8.8,"chartedValueRelationToDatum":"above","depthDatum":"Approximate LAT","depthDatumCode":42,"depthDatumStatus":"VERIFIED_FROM_OFFICIAL_DOCUMENTATION","verticalDatum":"Local Datum","verticalDatumCode":24,"napIdentityStatus":"UNVERIFIED","sourceFeatureLnam":"1F2B6A42B3957537","sourceCellId":"1R768ZBI","sourceChecksum":"3882591018ee8c2c622e5d3fad12629ad1cd467cd148b39008bf6c9cec5cb7f4","pipelineFeatureId":"1R768ZBI/SOUNDG/1280595969/0","provenance":{"cellId":"1R768ZBI","checksum":"3882591018ee8c2c622e5d3fad12629ad1cd467cd148b39008bf6c9cec5cb7f4","readerVersion":"GDAL 3.2.2","processedAt":"2026-08-11T13:43:44.753Z"}}},{"type":"Feature","geometry":{"type":"Point","coordinates":[3.9264541,51.4374959]},"properties":{"chartedValueMetres":-6.1,"chartedValueRelationToDatum":"above","depthDatum":"Approximate LAT","depthDatumCode":42,"depthDatumStatus":"VERIFIED_FROM_OFFICIAL_DOCUMENTATION","verticalDatum":"Local Datum","verticalDatumCode":24,"napIdentityStatus":"UNVERIFIED","sourceFeatureLnam":"1F2B6A42B3957537","sourceCellId":"1R768ZBI","sourceChecksum":"3882591018ee8c2c622e5d3fad12629ad1cd467cd148b39008bf6c9cec5cb7f4","pipelineFeatureId":"1R768ZBI/SOUNDG/1280595969/1","provenance":{"cellId":"1R768ZBI","checksum":"3882591018ee8c2c622e5d3fad12629ad1cd467cd148b39008bf6c9cec5cb7f4","readerVersion":"GDAL 3.2.2","processedAt":"2026-08-11T13:43:44.753Z"}}},{"type":"Feature","geometry":{"type":"Point","coordinates":[3.9273099,51.4371294]},"properties":{"chartedValueMetres":-5.3,"chartedValueRelationToDatum":"above","depthDatum":"Approximate LAT","depthDatumCode":42,"depthDatumStatus":"VERIFIED_FROM_OFFICIAL_DOCUMENTATION","verticalDatum":"Local Datum","verticalDatumCode":24,"napIdentityStatus":"UNVERIFIED","sourceFeatureLnam":"1F2B6A42B3957537","sourceCellId":"1R768ZBI","sourceChecksum":"3882591018ee8c2c622e5d3fad12629ad1cd467cd148b39008bf6c9cec5cb7f4","pipelineFeatureId":"1R768ZBI/SOUNDG/1280595969/2","provenance":{"cellId":"1R768ZBI","checksum":"3882591018ee8c2c622e5d3fad12629ad1cd467cd148b39008bf6c9cec5cb7f4","readerVersion":"GDAL 3.2.2","processedAt":"2026-08-11T13:43:44.753Z"}}},{"type":"Feature","geometry":{"type":"Point","coordinates":[3.9256767,51.4346246]},"properties":{"chartedValueMetres":-5,"chartedValueRelationToDatum":"above","depthDatum":"Approximate LAT","depthDatumCode":42,"depthDatumStatus":"VERIFIED_FROM_OFFICIAL_DOCUMENTATION","verticalDatum":"Local Datum","verticalDatumCode":24,"napIdentityStatus":"UNVERIFIED","sourceFeatureLnam":"1F2B6A42B3957537","sourceCellId":"1R768ZBI","sourceChecksum":"3882591018ee8c2c622e5d3fad12629ad1cd467cd148b39008bf6c9cec5cb7f4","pipelineFeatureId":"1R768ZBI/SOUNDG/1280595969/3","provenance":{"cellId":"1R768ZBI","checksum":"3882591018ee8c2c622e5d3fad12629ad1cd467cd148b39008bf6c9cec5cb7f4","readerVersion":"GDAL 3.2.2","processedAt":"2026-08-11T13:43:44.753Z"}}},{"type":"Feature","geometry":{"type":"Point","coordinates":[3.9236998,51.450736]},"properties":{"chartedValueMetres":-4.7,"chartedValueRelationToDatum":"above","depthDatum":"Approximate LAT","depthDatumCode":42,"depthDatumStatus":"VERIFIED_FROM_OFFICIAL_DOCUMENTATION","verticalDatum":"Local Datum","verticalDatumCode":24,"napIdentityStatus":"UNVERIFIED","sourceFeatureLnam":"1F2B6A42B3957537","sourceCellId":"1R768ZBI","sourceChecksum":"3882591018ee8c2c622e5d3fad12629ad1cd467cd148b39008bf6c9cec5cb7f4","pipelineFeatureId":"1R768ZBI/SOUNDG/1280595969/4","provenance":{"cellId":"1R768ZBI","checksum":"3882591018ee8c2c622e5d3fad12629ad1cd467cd148b39008bf6c9cec5cb7f4","readerVersion":"GDAL 3.2.2","processedAt":"2026-08-11T13:43:44.753Z"}}},{"type":"Feature","geometry":{"type":"Point","coordinates":[3.9260116,51.4369599]},"properties":{"chartedValueMetres":-4.4,"chartedValueRelationToDatum":"above","depthDatum":"Approximate LAT","depthDatumCode":42,"depthDatumStatus":"VERIFIED_FROM_OFFICIAL_DOCUMENTATION","verticalDatum":"Local Datum","verticalDatumCode":24,"napIdentityStatus":"UNVERIFIED","sourceFeatureLnam":"1F2B6A42B3957537","sourceCellId":"1R768ZBI","sourceChecksum":"3882591018ee8c2c622e5d3fad12629ad1cd467cd148b39008bf6c9cec5cb7f4","pipelineFeatureId":"1R768ZBI/SOUNDG/1280595969/5","provenance":{"cellId":"1R768ZBI","checksum":"3882591018ee8c2c622e5d3fad12629ad1cd467cd148b39008bf6c9cec5cb7f4","readerVersion":"GDAL 3.2.2","processedAt":"2026-08-11T13:43:44.753Z"}}},{"type":"Feature","geometry":{"type":"Point","coordinates":[3.9235432,51.4501078]},"properties":{"chartedValueMetres":-4.3,"chartedValueRelationToDatum":"above","depthDatum":"Approximate LAT","depthDatumCode":42,"depthDatumStatus":"VERIFIED_FROM_OFFICIAL_DOCUMENTATION","verticalDatum":"Local Datum","verticalDatumCode":24,"napIdentityStatus":"UNVERIFIED","sourceFeatureLnam":"1F2B6A42B3957537","sourceCellId":"1R768ZBI","sourceChecksum":"3882591018ee8c2c622e5d3fad12629ad1cd467cd148b39008bf6c9cec5cb7f4","pipelineFeatureId":"1R768ZBI/SOUNDG/1280595969/6","provenance":{"cellId":"1R768ZBI","checksum":"3882591018ee8c2c622e5d3fad12629ad1cd467cd148b39008bf6c9cec5cb7f4","readerVersion":"GDAL 3.2.2","processedAt":"2026-08-11T13:43:44.753Z"}}},{"type":"Feature","geometry":{"type":"Point","coordinates":[3.9216953,51.4440976]},"properties":{"chartedValueMetres":-4.3,"chartedValueRelationToDatum":"above","depthDatum":"Approximate LAT","depthDatumCode":42,"depthDatumStatus":"VERIFIED_FROM_OFFICIAL_DOCUMENTATION","verticalDatum":"Local Datum","verticalDatumCode":24,"napIdentityStatus":"UNVERIFIED","sourceFeatureLnam":"1F2B6A42B3957537","sourceCellId":"1R768ZBI","sourceChecksum":"3882591018ee8c2c622e5d3fad12629ad1cd467cd148b39008bf6c9cec5cb7f4","pipelineFeatureId":"1R768ZBI/SOUNDG/1280595969/7","provenance":{"cellId":"1R768ZBI","checksum":"3882591018ee8c2c622e5d3fad12629ad1cd467cd148b39008bf6c9cec5cb7f4","readerVersion":"GDAL 3.2.2","processedAt":"2026-08-11T13:43:44.753Z"}}},{"type":"Feature","geometry":{"type":"Point","coordinates":[3.9252899,51.4510831]},"properties":{"chartedValueMetres":-4.1,"chartedValueRelationToDatum":"above","depthDatum":"Approximate LAT","depthDatumCode":42,"depthDatumStatus":"VERIFIED_FROM_OFFICIAL_DOCUMENTATION","verticalDatum":"Local Datum","verticalDatumCode":24,"napIdentityStatus":"UNVERIFIED","sourceFeatureLnam":"1F2B6A42B3957537","sourceCellId":"1R768ZBI","sourceChecksum":"3882591018ee8c2c622e5d3fad12629ad1cd467cd148b39008bf6c9cec5cb7f4","pipelineFeatureId":"1R768ZBI/SOUNDG/1280595969/8","provenance":{"cellId":"1R768ZBI","checksum":"3882591018ee8c2c622e5d3fad12629ad1cd467cd148b39008bf6c9cec5cb7f4","readerVersion":"GDAL 3.2.2","processedAt":"2026-08-11T13:43:44.753Z"}}},{"type":"Feature","geometry":{"type":"Point","coordinates":[3.9224237,51.4445415]},"properties":{"chartedValueMetres":-4.1,"chartedValueRelationToDatum":"above","depthDatum":"Approximate LAT","depthDatumCode":42,"depthDatumStatus":"VERIFIED_FROM_OFFICIAL_DOCUMENTATION","verticalDatum":"Local Datum","verticalDatumCode":24,"napIdentityStatus":"UNVERIFIED","sourceFeatureLnam":"1F2B6A42B3957537","sourceCellId":"1R768ZBI","sourceChecksum":"3882591018ee8c2c622e5d3fad12629ad1cd467cd148b39008bf6c9cec5cb7f4","pipelineFeatureId":"1R768ZBI/SOUNDG/1280595969/9","provenance":{"cellId":"1R768ZBI","checksum":"3882591018ee8c2c622e5d3fad12629ad1cd467cd148b39008bf6c9cec5cb7f4","readerVersion":"GDAL 3.2.2","processedAt":"2026-08-11T13:43:44.753Z"}}},{"type":"Feature","geometry":{"type":"Point","coordinates":[3.925855,51.4363316]},"properties":{"chartedValueMetres":-4,"chartedValueRelationToDatum":"above","depthDatum":"Approximate LAT","depthDatumCode":42,"depthDatumStatus":"VERIFIED_FROM_OFFICIAL_DOCUMENTATION","verticalDatum":"Local Datum","verticalDatumCode":24,"napIdentityStatus":"UNVERIFIED","sourceFeatureLnam":"1F2B6A42B3957537","sourceCellId":"1R768ZBI","sourceChecksum":"3882591018ee8c2c622e5d3fad12629ad1cd467cd148b39008bf6c9cec5cb7f4","pipelineFeatureId":"1R768ZBI/SOUNDG/1280595969/10","provenance":{"cellId":"1R768ZBI","checksum":"3882591018ee8c2c622e5d3fad12629ad1cd467cd148b39008bf6c9cec5cb7f4","readerVersion":"GDAL 3.2.2","processedAt":"2026-08-11T13:43:44.753Z"}}},{"type":"Feature","geometry":{"type":"Point","coordinates":[3.91916,51.4253241]},"properties":{"chartedValueMetres":-4,"chartedValueRelationToDatum":"above","depthDatum":"Approximate LAT","depthDatumCode":42,"depthDatumStatus":"VERIFIED_FROM_OFFICIAL_DOCUMENTATION","verticalDatum":"Local Datum","verticalDatumCode":24,"napIdentityStatus":"UNVERIFIED","sourceFeatureLnam":"1F2B6A42B3957537","sourceCellId":"1R768ZBI","sourceChecksum":"3882591018ee8c2c622e5d3fad12629ad1cd467cd148b39008bf6c9cec5cb7f4","pipelineFeatureId":"1R768ZBI/SOUNDG/1280595969/11","provenance":{"cellId":"1R768ZBI","checksum":"3882591018ee8c2c622e5d3fad12629ad1cd467cd148b39008bf6c9cec5cb7f4","readerVersion":"GDAL 3.2.2","processedAt":"2026-08-11T13:43:44.753Z"}}},{"type":"Feature","geometry":{"type":"Point","coordinates":[3.9219703,51.443466]},"properties":{"chartedValueMetres":-4,"chartedValueRelationToDatum":"above","depthDatum":"Approximate LAT","depthDatumCode":42,"depthDatumStatus":"VERIFIED_FROM_OFFICIAL_DOCUMENTATION","verticalDatum":"Local Datum","verticalDatumCode":24,"napIdentityStatus":"UNVERIFIED","sourceFeatureLnam":"1F2B6A42B3957537","sourceCellId":"1R768ZBI","sourceChecksum":"3882591018ee8c2c622e5d3fad12629ad1cd467cd148b39008bf6c9cec5cb7f4","pipelineFeatureId":"1R768ZBI/SOUNDG/1280595969/12","provenance":{"cellId":"1R768ZBI","checksum":"3882591018ee8c2c622e5d3fad12629ad1cd467cd148b39008bf6c9cec5cb7f4","readerVersion":"GDAL 3.2.2","processedAt":"2026-08-11T13:43:44.753Z"}}},{"type":"Feature","geometry":{"type":"Point","coordinates":[3.9262917,51.4508054]},"properties":{"chartedValueMetres":-3.9,"chartedValueRelationToDatum":"above","depthDatum":"Approximate LAT","depthDatumCode":42,"depthDatumStatus":"VERIFIED_FROM_OFFICIAL_DOCUMENTATION","verticalDatum":"Local Datum","verticalDatumCode":24,"napIdentityStatus":"UNVERIFIED","sourceFeatureLnam":"1F2B6A42B3957537","sourceCellId":"1R768ZBI","sourceChecksum":"3882591018ee8c2c622e5d3fad12629ad1cd467cd148b39008bf6c9cec5cb7f4","pipelineFeatureId":"1R768ZBI/SOUNDG/1280595969/13","provenance":{"cellId":"1R768ZBI","checksum":"3882591018ee8c2c622e5d3fad12629ad1cd467cd148b39008bf6c9cec5cb7f4","readerVersion":"GDAL 3.2.2","processedAt":"2026-08-11T13:43:44.753Z"}}},{"type":"Feature","geometry":{"type":"Point","coordinates":[3.9272935,51.4505278]},"properties":{"chartedValueMetres":-3.9,"chartedValueRelationToDatum":"above","depthDatum":"Approximate LAT","depthDatumCode":42,"depthDatumStatus":"VERIFIED_FROM_OFFICIAL_DOCUMENTATION","verticalDatum":"Local Datum","verticalDatumCode":24,"napIdentityStatus":"UNVERIFIED","sourceFeatureLnam":"1F2B6A42B3957537","sourceCellId":"1R768ZBI","sourceChecksum":"3882591018ee8c2c622e5d3fad12629ad1cd467cd148b39008bf6c9cec5cb7f4","pipelineFeatureId":"1R768ZBI/SOUNDG/1280595969/14","provenance":{"cellId":"1R768ZBI","checksum":"3882591018ee8c2c622e5d3fad12629ad1cd467cd148b39008bf6c9cec5cb7f4","readerVersion":"GDAL 3.2.2","processedAt":"2026-08-11T13:43:44.753Z"}}},{"type":"Feature","geometry":{"type":"Point","coordinates":[3.9292915,51.4497027]},"properties":{"chartedValueMetres":-3.9,"chartedValueRelationToDatum":"above","depthDatum":"Approximate LAT","depthDatumCode":42,"depthDatumStatus":"VERIFIED_FROM_OFFICIAL_DOCUMENTATION","verticalDatum":"Local Datum","verticalDatumCode":24,"napIdentityStatus":"UNVERIFIED","sourceFeatureLnam":"1F2B6A42B3957537","sourceCellId":"1R768ZBI","sourceChecksum":"3882591018ee8c2c622e5d3fad12629ad1cd467cd148b39008bf6c9cec5cb7f4","pipelineFeatureId":"1R768ZBI/SOUNDG/1280595969/15","provenance":{"cellId":"1R768ZBI","checksum":"3882591018ee8c2c622e5d3fad12629ad1cd467cd148b39008bf6c9cec5cb7f4","readerVersion":"GDAL 3.2.2","processedAt":"2026-08-11T13:43:44.753Z"}}},{"type":"Feature","geometry":{"type":"Point","coordinates":[3.9226987,51.4439099]},"properties":{"chartedValueMetres":-3.8,"chartedValueRelationToDatum":"above","depthDatum":"Approximate LAT","depthDatumCode":42,"depthDatumStatus":"VERIFIED_FROM_OFFICIAL_DOCUMENTATION","verticalDatum":"Local Datum","verticalDatumCode":24,"napIdentityStatus":"UNVERIFIED","sourceFeatureLnam":"1F2B6A42B3957537","sourceCellId":"1R768ZBI","sourceChecksum":"3882591018ee8c2c622e5d3fad12629ad1cd467cd148b39008bf6c9cec5cb7f4","pipelineFeatureId":"1R768ZBI/SOUNDG/1280595969/16","provenance":{"cellId":"1R768ZBI","checksum":"3882591018ee8c2c622e5d3fad12629ad1cd467cd148b39008bf6c9cec5cb7f4","readerVersion":"GDAL 3.2.2","processedAt":"2026-08-11T13:43:44.753Z"}}},{"type":"Feature","geometry":{"type":"Point","coordinates":[3.9243993,51.4497413]},"properties":{"chartedValueMetres":-3.8,"chartedValueRelationToDatum":"above","depthDatum":"Approximate LAT","depthDatumCode":42,"depthDatumStatus":"VERIFIED_FROM_OFFICIAL_DOCUMENTATION","verticalDatum":"Local Datum","verticalDatumCode":24,"napIdentityStatus":"UNVERIFIED","sourceFeatureLnam":"1F2B6A42B3957537","sourceCellId":"1R768ZBI","sourceChecksum":"3882591018ee8c2c622e5d3fad12629ad1cd467cd148b39008bf6c9cec5cb7f4","pipelineFeatureId":"1R768ZBI/SOUNDG/1280595969/17","provenance":{"cellId":"1R768ZBI","checksum":"3882591018ee8c2c622e5d3fad12629ad1cd467cd148b39008bf6c9cec5cb7f4","readerVersion":"GDAL 3.2.2","processedAt":"2026-08-11T13:43:44.753Z"}}},{"type":"Feature","geometry":{"type":"Point","coordinates":[3.9264228,51.450175]},"properties":{"chartedValueMetres":-3.8,"chartedValueRelationToDatum":"above","depthDatum":"Approximate LAT","depthDatumCode":42,"depthDatumStatus":"VERIFIED_FROM_OFFICIAL_DOCUMENTATION","verticalDatum":"Local Datum","verticalDatumCode":24,"napIdentityStatus":"UNVERIFIED","sourceFeatureLnam":"1F2B6A42B3957537","sourceCellId":"1R768ZBI","sourceChecksum":"3882591018ee8c2c622e5d3fad12629ad1cd467cd148b39008bf6c9cec5cb7f4","pipelineFeatureId":"1R768ZBI/SOUNDG/1280595969/18","provenance":{"cellId":"1R768ZBI","checksum":"3882591018ee8c2c622e5d3fad12629ad1cd467cd148b39008bf6c9cec5cb7f4","readerVersion":"GDAL 3.2.2","processedAt":"2026-08-11T13:43:44.753Z"}}},{"type":"Feature","geometry":{"type":"Point","coordinates":[3.9272771,51.4497186]},"properties":{"chartedValueMetres":-3.8,"chartedValueRelationToDatum":"above","depthDatum":"Approximate LAT","depthDatumCode":42,"depthDatumStatus":"VERIFIED_FROM_OFFICIAL_DOCUMENTATION","verticalDatum":"Local Datum","verticalDatumCode":24,"napIdentityStatus":"UNVERIFIED","sourceFeatureLnam":"1F2B6A42B3957537","sourceCellId":"1R768ZBI","sourceChecksum":"3882591018ee8c2c622e5d3fad12629ad1cd467cd148b39008bf6c9cec5cb7f4","pipelineFeatureId":"1R768ZBI/SOUNDG/1280595969/19","provenance":{"cellId":"1R768ZBI","checksum":"3882591018ee8c2c622e5d3fad12629ad1cd467cd148b39008bf6c9cec5cb7f4","readerVersion":"GDAL 3.2.2","processedAt":"2026-08-11T13:43:44.753Z"}}},{"type":"Feature","geometry":{"type":"Point","coordinates":[3.9284227,51.4494398]},"properties":{"chartedValueMetres":-3.7,"chartedValueRelationToDatum":"above","depthDatum":"Approximate LAT","depthDatumCode":42,"depthDatumStatus":"VERIFIED_FROM_OFFICIAL_DOCUMENTATION","verticalDatum":"Local Datum","verticalDatumCode":24,"napIdentityStatus":"UNVERIFIED","sourceFeatureLnam":"1F2B6A42B3957537","sourceCellId":"1R768ZBI","sourceChecksum":"3882591018ee8c2c622e5d3fad12629ad1cd467cd148b39008bf6c9cec5cb7f4","pipelineFeatureId":"1R768ZBI/SOUNDG/1280595969/20","provenance":{"cellId":"1R768ZBI","checksum":"3882591018ee8c2c622e5d3fad12629ad1cd467cd148b39008bf6c9cec5cb7f4","readerVersion":"GDAL 3.2.2","processedAt":"2026-08-11T13:43:44.753Z"}}},{"type":"Feature","geometry":{"type":"Point","coordinates":[3.9251097,51.4492861]},"properties":{"chartedValueMetres":-3.7,"chartedValueRelationToDatum":"above","depthDatum":"Approximate LAT","depthDatumCode":42,"depthDatumStatus":"VERIFIED_FROM_OFFICIAL_DOCUMENTATION","verticalDatum":"Local Datum","verticalDatumCode":24,"napIdentityStatus":"UNVERIFIED","sourceFeatureLnam":"1F2B6A42B3957537","sourceCellId":"1R768ZBI","sourceChecksum":"3882591018ee8c2c622e5d3fad12629ad1cd467cd148b39008bf6c9cec5cb7f4","pipelineFeatureId":"1R768ZBI/SOUNDG/1280595969/21","provenance":{"cellId":"1R768ZBI","checksum":"3882591018ee8c2c622e5d3fad12629ad1cd467cd148b39008bf6c9cec5cb7f4","readerVersion":"GDAL 3.2.2","processedAt":"2026-08-11T13:43:44.753Z"}}},{"type":"Feature","geometry":{"type":"Point","coordinates":[3.9301475,51.4493362]},"properties":{"chartedValueMetres":-3.7,"chartedValueRelationToDatum":"above","depthDatum":"Approximate LAT","depthDatumCode":42,"depthDatumStatus":"VERIFIED_FROM_OFFICIAL_DOCUMENTATION","verticalDatum":"Local Datum","verticalDatumCode":24,"napIdentityStatus":"UNVERIFIED","sourceFeatureLnam":"1F2B6A42B3957537","sourceCellId":"1R768ZBI","sourceChecksum":"3882591018ee8c2c622e5d3fad12629ad1cd467cd148b39008bf6c9cec5cb7f4","pipelineFeatureId":"1R768ZBI/SOUNDG/1280595969/22","provenance":{"cellId":"1R768ZBI","checksum":"3882591018ee8c2c622e5d3fad12629ad1cd467cd148b39008bf6c9cec5cb7f4","readerVersion":"GDAL 3.2.2","processedAt":"2026-08-11T13:43:44.753Z"}}},{"type":"Feature","geometry":{"type":"Point","coordinates":[3.9292787,51.4490733]},"properties":{"chartedValueMetres":-3.7,"chartedValueRelationToDatum":"above","depthDatum":"Approximate LAT","depthDatumCode":42,"depthDatumStatus":"VERIFIED_FROM_OFFICIAL_DOCUMENTATION","verticalDatum":"Local Datum","verticalDatumCode":24,"napIdentityStatus":"UNVERIFIED","sourceFeatureLnam":"1F2B6A42B3957537","sourceCellId":"1R768ZBI","sourceChecksum":"3882591018ee8c2c622e5d3fad12629ad1cd467cd148b39008bf6c9cec5cb7f4","pipelineFeatureId":"1R768ZBI/SOUNDG/1280595969/23","provenance":{"cellId":"1R768ZBI","checksum":"3882591018ee8c2c622e5d3fad12629ad1cd467cd148b39008bf6c9cec5cb7f4","readerVersion":"GDAL 3.2.2","processedAt":"2026-08-11T13:43:44.753Z"}}},{"type":"Feature","geometry":{"type":"Point","coordinates":[3.9258984,51.4455931]},"properties":{"chartedValueMetres":-3.7,"chartedValueRelationToDatum":"above","depthDatum":"Approximate LAT","depthDatumCode":42,"depthDatumStatus":"VERIFIED_FROM_OFFICIAL_DOCUMENTATION","verticalDatum":"Local Datum","verticalDatumCode":24,"napIdentityStatus":"UNVERIFIED","sourceFeatureLnam":"1F2B6A42B3957537","sourceCellId":"1R768ZBI","sourceChecksum":"3882591018ee8c2c622e5d3fad12629ad1cd467cd148b39008bf6c9cec5cb7f4","pipelineFeatureId":"1R768ZBI/SOUNDG/1280595969/24","provenance":{"cellId":"1R768ZBI","checksum":"3882591018ee8c2c622e5d3fad12629ad1cd467cd148b39008bf6c9cec5cb7f4","readerVersion":"GDAL 3.2.2","processedAt":"2026-08-11T13:43:44.753Z"}}},{"type":"Feature","geometry":{"type":"Point","coordinates":[3.9262662,51.4495468]},"properties":{"chartedValueMetres":-3.7,"chartedValueRelationToDatum":"above","depthDatum":"Approximate LAT","depthDatumCode":42,"depthDatumStatus":"VERIFIED_FROM_OFFICIAL_DOCUMENTATION","verticalDatum":"Local Datum","verticalDatumCode":24,"napIdentityStatus":"UNVERIFIED","sourceFeatureLnam":"1F2B6A42B3957537","sourceCellId":"1R768ZBI","sourceChecksum":"3882591018ee8c2c622e5d3fad12629ad1cd467cd148b39008bf6c9cec5cb7f4","pipelineFeatureId":"1R768ZBI/SOUNDG/1280595969/25","provenance":{"cellId":"1R768ZBI","checksum":"3882591018ee8c2c622e5d3fad12629ad1cd467cd148b39008bf6c9cec5cb7f4","readerVersion":"GDAL 3.2.2","processedAt":"2026-08-11T13:43:44.753Z"}}},{"type":"Feature","geometry":{"type":"Point","coordinates":[3.9237022,51.4437221]},"properties":{"chartedValueMetres":-3.7,"chartedValueRelationToDatum":"above","depthDatum":"Approximate LAT","depthDatumCode":42,"depthDatumStatus":"VERIFIED_FROM_OFFICIAL_DOCUMENTATION","verticalDatum":"Local Datum","verticalDatumCode":24,"napIdentityStatus":"UNVERIFIED","sourceFeatureLnam":"1F2B6A42B3957537","sourceCellId":"1R768ZBI","sourceChecksum":"3882591018ee8c2c622e5d3fad12629ad1cd467cd148b39008bf6c9cec5cb7f4","pipelineFeatureId":"1R768ZBI/SOUNDG/1280595969/26","provenance":{"cellId":"1R768ZBI","checksum":"3882591018ee8c2c622e5d3fad12629ad1cd467cd148b39008bf6c9cec5cb7f4","readerVersion":"GDAL 3.2.2","processedAt":"2026-08-11T13:43:44.753Z"}}},{"type":"Feature","geometry":{"type":"Point","coordinates":[3.9250951,51.4485669]},"properties":{"chartedValueMetres":-3.7,"chartedValueRelationToDatum":"above","depthDatum":"Approximate LAT","depthDatumCode":42,"depthDatumStatus":"VERIFIED_FROM_OFFICIAL_DOCUMENTATION","verticalDatum":"Local Datum","verticalDatumCode":24,"napIdentityStatus":"UNVERIFIED","sourceFeatureLnam":"1F2B6A42B3957537","sourceCellId":"1R768ZBI","sourceChecksum":"3882591018ee8c2c622e5d3fad12629ad1cd467cd148b39008bf6c9cec5cb7f4","pipelineFeatureId":"1R768ZBI/SOUNDG/1280595969/27","provenance":{"cellId":"1R768ZBI","checksum":"3882591018ee8c2c622e5d3fad12629ad1cd467cd148b39008bf6c9cec5cb7f4","readerVersion":"GDAL 3.2.2","processedAt":"2026-08-11T13:43:44.753Z"}}},{"type":"Feature","geometry":{"type":"Point","coordinates":[3.9223893,51.4428333]},"properties":{"chartedValueMetres":-3.6,"chartedValueRelationToDatum":"above","depthDatum":"Approximate LAT","depthDatumCode":42,"depthDatumStatus":"VERIFIED_FROM_OFFICIAL_DOCUMENTATION","verticalDatum":"Local Datum","verticalDatumCode":24,"napIdentityStatus":"UNVERIFIED","sourceFeatureLnam":"1F2B6A42B3957537","sourceCellId":"1R768ZBI","sourceChecksum":"3882591018ee8c2c622e5d3fad12629ad1cd467cd148b39008bf6c9cec5cb7f4","pipelineFeatureId":"1R768ZBI/SOUNDG/1280595969/28","provenance":{"cellId":"1R768ZBI","checksum":"3882591018ee8c2c622e5d3fad12629ad1cd467cd148b39008bf6c9cec5cb7f4","readerVersion":"GDAL 3.2.2","processedAt":"2026-08-11T13:43:44.753Z"}}},{"type":"Feature","geometry":{"type":"Point","coordinates":[3.9278344,51.448815]},"properties":{"chartedValueMetres":-3.6,"chartedValueRelationToDatum":"above","depthDatum":"Approximate LAT","depthDatumCode":42,"depthDatumStatus":"VERIFIED_FROM_OFFICIAL_DOCUMENTATION","verticalDatum":"Local Datum","verticalDatumCode":24,"napIdentityStatus":"UNVERIFIED","sourceFeatureLnam":"1F2B6A42B3957537","sourceCellId":"1R768ZBI","sourceChecksum":"3882591018ee8c2c622e5d3fad12629ad1cd467cd148b39008bf6c9cec5cb7f4","pipelineFeatureId":"1R768ZBI/SOUNDG/1280595969/29","provenance":{"cellId":"1R768ZBI","checksum":"3882591018ee8c2c622e5d3fad12629ad1cd467cd148b39008bf6c9cec5cb7f4","readerVersion":"GDAL 3.2.2","processedAt":"2026-08-11T13:43:44.753Z"}}},{"type":"Feature","geometry":{"type":"Point","coordinates":[3.9226643,51.4422017]},"properties":{"chartedValueMetres":-3.6,"chartedValueRelationToDatum":"above","depthDatum":"Approximate LAT","depthDatumCode":42,"depthDatumStatus":"VERIFIED_FROM_OFFICIAL_DOCUMENTATION","verticalDatum":"Local Datum","verticalDatumCode":24,"napIdentityStatus":"UNVERIFIED","sourceFeatureLnam":"1F2B6A42B3957537","sourceCellId":"1R768ZBI","sourceChecksum":"3882591018ee8c2c622e5d3fad12629ad1cd467cd148b39008bf6c9cec5cb7f4","pipelineFeatureId":"1R768ZBI/SOUNDG/1280595969/30","provenance":{"cellId":"1R768ZBI","checksum":"3882591018ee8c2c622e5d3fad12629ad1cd467cd148b39008bf6c9cec5cb7f4","readerVersion":"GDAL 3.2.2","processedAt":"2026-08-11T13:43:44.753Z"}}},{"type":"Feature","geometry":{"type":"Point","coordinates":[3.9305682,51.4487933]},"properties":{"chartedValueMetres":-3.6,"chartedValueRelationToDatum":"above","depthDatum":"Approximate LAT","depthDatumCode":42,"depthDatumStatus":"VERIFIED_FROM_OFFICIAL_DOCUMENTATION","verticalDatum":"Local Datum","verticalDatumCode":24,"napIdentityStatus":"UNVERIFIED","sourceFeatureLnam":"1F2B6A42B3957537","sourceCellId":"1R768ZBI","sourceChecksum":"3882591018ee8c2c622e5d3fad12629ad1cd467cd148b39008bf6c9cec5cb7f4","pipelineFeatureId":"1R768ZBI/SOUNDG/1280595969/31","provenance":{"cellId":"1R768ZBI","checksum":"3882591018ee8c2c622e5d3fad12629ad1cd467cd148b39008bf6c9cec5cb7f4","readerVersion":"GDAL 3.2.2","processedAt":"2026-08-11T13:43:44.753Z"}}},{"type":"Feature","geometry":{"type":"Point","coordinates":[3.9291221,51.4484451]},"properties":{"chartedValueMetres":-3.6,"chartedValueRelationToDatum":"above","depthDatum":"Approximate LAT","depthDatumCode":42,"depthDatumStatus":"VERIFIED_FROM_OFFICIAL_DOCUMENTATION","verticalDatum":"Local Datum","verticalDatumCode":24,"napIdentityStatus":"UNVERIFIED","sourceFeatureLnam":"1F2B6A42B3957537","sourceCellId":"1R768ZBI","sourceChecksum":"3882591018ee8c2c622e5d3fad12629ad1cd467cd148b39008bf6c9cec5cb7f4","pipelineFeatureId":"1R768ZBI/SOUNDG/1280595969/32","provenance":{"cellId":"1R768ZBI","checksum":"3882591018ee8c2c622e5d3fad12629ad1cd467cd148b39008bf6c9cec5cb7f4","readerVersion":"GDAL 3.2.2","processedAt":"2026-08-11T13:43:44.753Z"}}},{"type":"Feature","geometry":{"type":"Point","coordinates":[3.9244397,51.4446155]},"properties":{"chartedValueMetres":-3.6,"chartedValueRelationToDatum":"above","depthDatum":"Approximate LAT","depthDatumCode":42,"depthDatumStatus":"VERIFIED_FROM_OFFICIAL_DOCUMENTATION","verticalDatum":"Local Datum","verticalDatumCode":24,"napIdentityStatus":"UNVERIFIED","sourceFeatureLnam":"1F2B6A42B3957537","sourceCellId":"1R768ZBI","sourceChecksum":"3882591018ee8c2c622e5d3fad12629ad1cd467cd148b39008bf6c9cec5cb7f4","pipelineFeatureId":"1R768ZBI/SOUNDG/1280595969/33","provenance":{"cellId":"1R768ZBI","checksum":"3882591018ee8c2c622e5d3fad12629ad1cd467cd148b39008bf6c9cec5cb7f4","readerVersion":"GDAL 3.2.2","processedAt":"2026-08-11T13:43:44.753Z"}}},{"type":"Feature","geometry":{"type":"Point","coordinates":[3.9253702,51.4479353]},"properties":{"chartedValueMetres":-3.6,"chartedValueRelationToDatum":"above","depthDatum":"Approximate LAT","depthDatumCode":42,"depthDatumStatus":"VERIFIED_FROM_OFFICIAL_DOCUMENTATION","verticalDatum":"Local Datum","verticalDatumCode":24,"napIdentityStatus":"UNVERIFIED","sourceFeatureLnam":"1F2B6A42B3957537","sourceCellId":"1R768ZBI","sourceChecksum":"3882591018ee8c2c622e5d3fad12629ad1cd467cd148b39008bf6c9cec5cb7f4","pipelineFeatureId":"1R768ZBI/SOUNDG/1280595969/34","provenance":{"cellId":"1R768ZBI","checksum":"3882591018ee8c2c622e5d3fad12629ad1cd467cd148b39008bf6c9cec5cb7f4","readerVersion":"GDAL 3.2.2","processedAt":"2026-08-11T13:43:44.753Z"}}},{"type":"Feature","geometry":{"type":"Point","coordinates":[3.9321473,51.4486009]},"properties":{"chartedValueMetres":-3.6,"chartedValueRelationToDatum":"above","depthDatum":"Approximate LAT","depthDatumCode":42,"depthDatumStatus":"VERIFIED_FROM_OFFICIAL_DOCUMENTATION","verticalDatum":"Local Datum","verticalDatumCode":24,"napIdentityStatus":"UNVERIFIED","sourceFeatureLnam":"1F2B6A42B3957537","sourceCellId":"1R768ZBI","sourceChecksum":"3882591018ee8c2c622e5d3fad12629ad1cd467cd148b39008bf6c9cec5cb7f4","pipelineFeatureId":"1R768ZBI/SOUNDG/1280595969/35","provenance":{"cellId":"1R768ZBI","checksum":"3882591018ee8c2c622e5d3fad12629ad1cd467cd148b39008bf6c9cec5cb7f4","readerVersion":"GDAL 3.2.2","processedAt":"2026-08-11T13:43:44.753Z"}}},{"type":"Feature","geometry":{"type":"Point","coordinates":[3.9232597,51.4431861]},"properties":{"chartedValueMetres":-3.5,"chartedValueRelationToDatum":"above","depthDatum":"Approximate LAT","depthDatumCode":42,"depthDatumStatus":"VERIFIED_FROM_OFFICIAL_DOCUMENTATION","verticalDatum":"Local Datum","verticalDatumCode":24,"napIdentityStatus":"UNVERIFIED","sourceFeatureLnam":"1F2B6A42B3957537","sourceCellId":"1R768ZBI","sourceChecksum":"3882591018ee8c2c622e5d3fad12629ad1cd467cd148b39008bf6c9cec5cb7f4","pipelineFeatureId":"1R768ZBI/SOUNDG/1280595969/36","provenance":{"cellId":"1R768ZBI","checksum":"3882591018ee8c2c622e5d3fad12629ad1cd467cd148b39008bf6c9cec5cb7f4","readerVersion":"GDAL 3.2.2","processedAt":"2026-08-11T13:43:44.753Z"}}},{"type":"Feature","geometry":{"type":"Point","coordinates":[3.9260987,51.4483791]},"properties":{"chartedValueMetres":-3.5,"chartedValueRelationToDatum":"above","depthDatum":"Approximate LAT","depthDatumCode":42,"depthDatumStatus":"VERIFIED_FROM_OFFICIAL_DOCUMENTATION","verticalDatum":"Local Datum","verticalDatumCode":24,"napIdentityStatus":"UNVERIFIED","sourceFeatureLnam":"1F2B6A42B3957537","sourceCellId":"1R768ZBI","sourceChecksum":"3882591018ee8c2c622e5d3fad12629ad1cd467cd148b39008bf6c9cec5cb7f4","pipelineFeatureId":"1R768ZBI/SOUNDG/1280595969/37","provenance":{"cellId":"1R768ZBI","checksum":"3882591018ee8c2c622e5d3fad12629ad1cd467cd148b39008bf6c9cec5cb7f4","readerVersion":"GDAL 3.2.2","processedAt":"2026-08-11T13:43:44.753Z"}}},{"type":"Feature","geometry":{"type":"Point","coordinates":[3.9255013,51.4473048]},"properties":{"chartedValueMetres":-3.5,"chartedValueRelationToDatum":"above","depthDatum":"Approximate LAT","depthDatumCode":42,"depthDatumStatus":"VERIFIED_FROM_OFFICIAL_DOCUMENTATION","verticalDatum":"Local Datum","verticalDatumCode":24,"napIdentityStatus":"UNVERIFIED","sourceFeatureLnam":"1F2B6A42B3957537","sourceCellId":"1R768ZBI","sourceChecksum":"3882591018ee8c2c622e5d3fad12629ad1cd467cd148b39008bf6c9cec5cb7f4","pipelineFeatureId":"1R768ZBI/SOUNDG/1280595969/38","provenance":{"cellId":"1R768ZBI","checksum":"3882591018ee8c2c622e5d3fad12629ad1cd467cd148b39008bf6c9cec5cb7f4","readerVersion":"GDAL 3.2.2","processedAt":"2026-08-11T13:43:44.753Z"}}},{"type":"Feature","geometry":{"type":"Point","coordinates":[3.9301238,51.4481674]},"properties":{"chartedValueMetres":-3.5,"chartedValueRelationToDatum":"above","depthDatum":"Approximate LAT","depthDatumCode":42,"depthDatumStatus":"VERIFIED_FROM_OFFICIAL_DOCUMENTATION","verticalDatum":"Local Datum","verticalDatumCode":24,"napIdentityStatus":"UNVERIFIED","sourceFeatureLnam":"1F2B6A42B3957537","sourceCellId":"1R768ZBI","sourceChecksum":"3882591018ee8c2c622e5d3fad12629ad1cd467cd148b39008bf6c9cec5cb7f4","pipelineFeatureId":"1R768ZBI/SOUNDG/1280595969/39","provenance":{"cellId":"1R768ZBI","checksum":"3882591018ee8c2c622e5d3fad12629ad1cd467cd148b39008bf6c9cec5cb7f4","readerVersion":"GDAL 3.2.2","processedAt":"2026-08-11T13:43:44.753Z"}}},{"type":"Feature","geometry":{"type":"Point","coordinates":[3.9285301,51.4476405]},"properties":{"chartedValueMetres":-3.5,"chartedValueRelationToDatum":"above","depthDatum":"Approximate LAT","depthDatumCode":42,"depthDatumStatus":"VERIFIED_FROM_OFFICIAL_DOCUMENTATION","verticalDatum":"Local Datum","verticalDatumCode":24,"napIdentityStatus":"UNVERIFIED","sourceFeatureLnam":"1F2B6A42B3957537","sourceCellId":"1R768ZBI","sourceChecksum":"3882591018ee8c2c622e5d3fad12629ad1cd467cd148b39008bf6c9cec5cb7f4","pipelineFeatureId":"1R768ZBI/SOUNDG/1280595969/40","provenance":{"cellId":"1R768ZBI","checksum":"3882591018ee8c2c622e5d3fad12629ad1cd467cd148b39008bf6c9cec5cb7f4","readerVersion":"GDAL 3.2.2","processedAt":"2026-08-11T13:43:44.753Z"}}},{"type":"Feature","geometry":{"type":"Point","coordinates":[3.9263701,51.4475677]},"properties":{"chartedValueMetres":-3.5,"chartedValueRelationToDatum":"above","depthDatum":"Approximate LAT","depthDatumCode":42,"depthDatumStatus":"VERIFIED_FROM_OFFICIAL_DOCUMENTATION","verticalDatum":"Local Datum","verticalDatumCode":24,"napIdentityStatus":"UNVERIFIED","sourceFeatureLnam":"1F2B6A42B3957537","sourceCellId":"1R768ZBI","sourceChecksum":"3882591018ee8c2c622e5d3fad12629ad1cd467cd148b39008bf6c9cec5cb7f4","pipelineFeatureId":"1R768ZBI/SOUNDG/1280595969/41","provenance":{"cellId":"1R768ZBI","checksum":"3882591018ee8c2c622e5d3fad12629ad1cd467cd148b39008bf6c9cec5cb7f4","readerVersion":"GDAL 3.2.2","processedAt":"2026-08-11T13:43:44.753Z"}}},{"type":"Feature","geometry":{"type":"Point","coordinates":[3.9257912,51.4402887]},"properties":{"chartedValueMetres":-3.5,"chartedValueRelationToDatum":"above","depthDatum":"Approximate LAT","depthDatumCode":42,"depthDatumStatus":"VERIFIED_FROM_OFFICIAL_DOCUMENTATION","verticalDatum":"Local Datum","verticalDatumCode":24,"napIdentityStatus":"UNVERIFIED","sourceFeatureLnam":"1F2B6A42B3957537","sourceCellId":"1R768ZBI","sourceChecksum":"3882591018ee8c2c622e5d3fad12629ad1cd467cd148b39008bf6c9cec5cb7f4","pipelineFeatureId":"1R768ZBI/SOUNDG/1280595969/42","provenance":{"cellId":"1R768ZBI","checksum":"3882591018ee8c2c622e5d3fad12629ad1cd467cd148b39008bf6c9cec5cb7f4","readerVersion":"GDAL 3.2.2","processedAt":"2026-08-11T13:43:44.753Z"}}},{"type":"Feature","geometry":{"type":"Point","coordinates":[3.9245709,51.4439851]},"properties":{"chartedValueMetres":-3.5,"chartedValueRelationToDatum":"above","depthDatum":"Approximate LAT","depthDatumCode":42,"depthDatumStatus":"VERIFIED_FROM_OFFICIAL_DOCUMENTATION","verticalDatum":"Local Datum","verticalDatumCode":24,"napIdentityStatus":"UNVERIFIED","sourceFeatureLnam":"1F2B6A42B3957537","sourceCellId":"1R768ZBI","sourceChecksum":"3882591018ee8c2c622e5d3fad12629ad1cd467cd148b39008bf6c9cec5cb7f4","pipelineFeatureId":"1R768ZBI/SOUNDG/1280595969/43","provenance":{"cellId":"1R768ZBI","checksum":"3882591018ee8c2c622e5d3fad12629ad1cd467cd148b39008bf6c9cec5cb7f4","readerVersion":"GDAL 3.2.2","processedAt":"2026-08-11T13:43:44.753Z"}}},{"type":"Feature","geometry":{"type":"Point","coordinates":[3.9242668,51.4431782]},"properties":{"chartedValueMetres":-3.5,"chartedValueRelationToDatum":"above","depthDatum":"Approximate LAT","depthDatumCode":42,"depthDatumStatus":"VERIFIED_FROM_OFFICIAL_DOCUMENTATION","verticalDatum":"Local Datum","verticalDatumCode":24,"napIdentityStatus":"UNVERIFIED","sourceFeatureLnam":"1F2B6A42B3957537","sourceCellId":"1R768ZBI","sourceChecksum":"3882591018ee8c2c622e5d3fad12629ad1cd467cd148b39008bf6c9cec5cb7f4","pipelineFeatureId":"1R768ZBI/SOUNDG/1280595969/44","provenance":{"cellId":"1R768ZBI","checksum":"3882591018ee8c2c622e5d3fad12629ad1cd467cd148b39008bf6c9cec5cb7f4","readerVersion":"GDAL 3.2.2","processedAt":"2026-08-11T13:43:44.753Z"}}},{"type":"Feature","geometry":{"type":"Point","coordinates":[3.9260916,51.4409157]},"properties":{"chartedValueMetres":-3.5,"chartedValueRelationToDatum":"above","depthDatum":"Approximate LAT","depthDatumCode":42,"depthDatumStatus":"VERIFIED_FROM_OFFICIAL_DOCUMENTATION","verticalDatum":"Local Datum","verticalDatumCode":24,"napIdentityStatus":"UNVERIFIED","sourceFeatureLnam":"1F2B6A42B3957537","sourceCellId":"1R768ZBI","sourceChecksum":"3882591018ee8c2c622e5d3fad12629ad1cd467cd148b39008bf6c9cec5cb7f4","pipelineFeatureId":"1R768ZBI/SOUNDG/1280595969/45","provenance":{"cellId":"1R768ZBI","checksum":"3882591018ee8c2c622e5d3fad12629ad1cd467cd148b39008bf6c9cec5cb7f4","readerVersion":"GDAL 3.2.2","processedAt":"2026-08-11T13:43:44.753Z"}}},{"type":"Feature","geometry":{"type":"Point","coordinates":[3.9312785,51.4483381]},"properties":{"chartedValueMetres":-3.5,"chartedValueRelationToDatum":"above","depthDatum":"Approximate LAT","depthDatumCode":42,"depthDatumStatus":"VERIFIED_FROM_OFFICIAL_DOCUMENTATION","verticalDatum":"Local Datum","verticalDatumCode":24,"napIdentityStatus":"UNVERIFIED","sourceFeatureLnam":"1F2B6A42B3957537","sourceCellId":"1R768ZBI","sourceChecksum":"3882591018ee8c2c622e5d3fad12629ad1cd467cd148b39008bf6c9cec5cb7f4","pipelineFeatureId":"1R768ZBI/SOUNDG/1280595969/46","provenance":{"cellId":"1R768ZBI","checksum":"3882591018ee8c2c622e5d3fad12629ad1cd467cd148b39008bf6c9cec5cb7f4","readerVersion":"GDAL 3.2.2","processedAt":"2026-08-11T13:43:44.753Z"}}},{"type":"Feature","geometry":{"type":"Point","coordinates":[3.9281094,51.4481834]},"properties":{"chartedValueMetres":-3.5,"chartedValueRelationToDatum":"above","depthDatum":"Approximate LAT","depthDatumCode":42,"depthDatumStatus":"VERIFIED_FROM_OFFICIAL_DOCUMENTATION","verticalDatum":"Local Datum","verticalDatumCode":24,"napIdentityStatus":"UNVERIFIED","sourceFeatureLnam":"1F2B6A42B3957537","sourceCellId":"1R768ZBI","sourceChecksum":"3882591018ee8c2c622e5d3fad12629ad1cd467cd148b39008bf6c9cec5cb7f4","pipelineFeatureId":"1R768ZBI/SOUNDG/1280595969/47","provenance":{"cellId":"1R768ZBI","checksum":"3882591018ee8c2c622e5d3fad12629ad1cd467cd148b39008bf6c9cec5cb7f4","readerVersion":"GDAL 3.2.2","processedAt":"2026-08-11T13:43:44.753Z"}}},{"type":"Feature","geometry":{"type":"Point","coordinates":[3.9249625,51.4420037]},"properties":{"chartedValueMetres":-3.4,"chartedValueRelationToDatum":"above","depthDatum":"Approximate LAT","depthDatumCode":42,"depthDatumStatus":"VERIFIED_FROM_OFFICIAL_DOCUMENTATION","verticalDatum":"Local Datum","verticalDatumCode":24,"napIdentityStatus":"UNVERIFIED","sourceFeatureLnam":"1F2B6A42B3957537","sourceCellId":"1R768ZBI","sourceChecksum":"3882591018ee8c2c622e5d3fad12629ad1cd467cd148b39008bf6c9cec5cb7f4","pipelineFeatureId":"1R768ZBI/SOUNDG/1280595969/48","provenance":{"cellId":"1R768ZBI","checksum":"3882591018ee8c2c622e5d3fad12629ad1cd467cd148b39008bf6c9cec5cb7f4","readerVersion":"GDAL 3.2.2","processedAt":"2026-08-11T13:43:44.753Z"}}},{"type":"Feature","geometry":{"type":"Point","coordinates":[3.9305445,51.4476245]},"properties":{"chartedValueMetres":-3.4,"chartedValueRelationToDatum":"above","depthDatum":"Approximate LAT","depthDatumCode":42,"depthDatumStatus":"VERIFIED_FROM_OFFICIAL_DOCUMENTATION","verticalDatum":"Local Datum","verticalDatumCode":24,"napIdentityStatus":"UNVERIFIED","sourceFeatureLnam":"1F2B6A42B3957537","sourceCellId":"1R768ZBI","sourceChecksum":"3882591018ee8c2c622e5d3fad12629ad1cd467cd148b39008bf6c9cec5cb7f4","pipelineFeatureId":"1R768ZBI/SOUNDG/1280595969/49","provenance":{"cellId":"1R768ZBI","checksum":"3882591018ee8c2c622e5d3fad12629ad1cd467cd148b39008bf6c9cec5cb7f4","readerVersion":"GDAL 3.2.2","processedAt":"2026-08-11T13:43:44.753Z"}}},{"type":"Feature","geometry":{"type":"Point","coordinates":[3.9251209,51.4427218]},"properties":{"chartedValueMetres":-3.4,"chartedValueRelationToDatum":"above","depthDatum":"Approximate LAT","depthDatumCode":42,"depthDatumStatus":"VERIFIED_FROM_OFFICIAL_DOCUMENTATION","verticalDatum":"Local Datum","verticalDatumCode":24,"napIdentityStatus":"UNVERIFIED","sourceFeatureLnam":"1F2B6A42B3957537","sourceCellId":"1R768ZBI","sourceChecksum":"3882591018ee8c2c622e5d3fad12629ad1cd467cd148b39008bf6c9cec5cb7f4","pipelineFeatureId":"1R768ZBI/SOUNDG/1280595969/50","provenance":{"cellId":"1R768ZBI","checksum":"3882591018ee8c2c622e5d3fad12629ad1cd467cd148b39008bf6c9cec5cb7f4","readerVersion":"GDAL 3.2.2","processedAt":"2026-08-11T13:43:44.753Z"}}},{"type":"Feature","geometry":{"type":"Point","coordinates":[3.9271023,51.4410876]},"properties":{"chartedValueMetres":-3.4,"chartedValueRelationToDatum":"above","depthDatum":"Approximate LAT","depthDatumCode":42,"depthDatumStatus":"VERIFIED_FROM_OFFICIAL_DOCUMENTATION","verticalDatum":"Local Datum","verticalDatumCode":24,"napIdentityStatus":"UNVERIFIED","sourceFeatureLnam":"1F2B6A42B3957537","sourceCellId":"1R768ZBI","sourceChecksum":"3882591018ee8c2c622e5d3fad12629ad1cd467cd148b39008bf6c9cec5cb7f4","pipelineFeatureId":"1R768ZBI/SOUNDG/1280595969/51","provenance":{"cellId":"1R768ZBI","checksum":"3882591018ee8c2c622e5d3fad12629ad1cd467cd148b39008bf6c9cec5cb7f4","readerVersion":"GDAL 3.2.2","processedAt":"2026-08-11T13:43:44.753Z"}}},{"type":"Feature","geometry":{"type":"Point","coordinates":[3.9265012,51.4469372]},"properties":{"chartedValueMetres":-3.4,"chartedValueRelationToDatum":"above","depthDatum":"Approximate LAT","depthDatumCode":42,"depthDatumStatus":"VERIFIED_FROM_OFFICIAL_DOCUMENTATION","verticalDatum":"Local Datum","verticalDatumCode":24,"napIdentityStatus":"UNVERIFIED","sourceFeatureLnam":"1F2B6A42B3957537","sourceCellId":"1R768ZBI","sourceChecksum":"3882591018ee8c2c622e5d3fad12629ad1cd467cd148b39008bf6c9cec5cb7f4","pipelineFeatureId":"1R768ZBI/SOUNDG/1280595969/52","provenance":{"cellId":"1R768ZBI","checksum":"3882591018ee8c2c622e5d3fad12629ad1cd467cd148b39008bf6c9cec5cb7f4","readerVersion":"GDAL 3.2.2","processedAt":"2026-08-11T13:43:44.753Z"}}},{"type":"Feature","geometry":{"type":"Point","coordinates":[3.925445,51.4445177]},"properties":{"chartedValueMetres":-3.4,"chartedValueRelationToDatum":"above","depthDatum":"Approximate LAT","depthDatumCode":42,"depthDatumStatus":"VERIFIED_FROM_OFFICIAL_DOCUMENTATION","verticalDatum":"Local Datum","verticalDatumCode":24,"napIdentityStatus":"UNVERIFIED","sourceFeatureLnam":"1F2B6A42B3957537","sourceCellId":"1R768ZBI","sourceChecksum":"3882591018ee8c2c622e5d3fad12629ad1cd467cd148b39008bf6c9cec5cb7f4","pipelineFeatureId":"1R768ZBI/SOUNDG/1280595969/53","provenance":{"cellId":"1R768ZBI","checksum":"3882591018ee8c2c622e5d3fad12629ad1cd467cd148b39008bf6c9cec5cb7f4","readerVersion":"GDAL 3.2.2","processedAt":"2026-08-11T13:43:44.753Z"}}},{"type":"Feature","geometry":{"type":"Point","coordinates":[3.9259677,51.4419058]},"properties":{"chartedValueMetres":-3.4,"chartedValueRelationToDatum":"above","depthDatum":"Approximate LAT","depthDatumCode":42,"depthDatumStatus":"VERIFIED_FROM_OFFICIAL_DOCUMENTATION","verticalDatum":"Local Datum","verticalDatumCode":24,"napIdentityStatus":"UNVERIFIED","sourceFeatureLnam":"1F2B6A42B3957537","sourceCellId":"1R768ZBI","sourceChecksum":"3882591018ee8c2c622e5d3fad12629ad1cd467cd148b39008bf6c9cec5cb7f4","pipelineFeatureId":"1R768ZBI/SOUNDG/1280595969/54","provenance":{"cellId":"1R768ZBI","checksum":"3882591018ee8c2c622e5d3fad12629ad1cd467cd148b39008bf6c9cec5cb7f4","readerVersion":"GDAL 3.2.2","processedAt":"2026-08-11T13:43:44.753Z"}}},{"type":"Feature","geometry":{"type":"Point","coordinates":[3.929958,51.4470897]},"properties":{"chartedValueMetres":-3.4,"chartedValueRelationToDatum":"above","depthDatum":"Approximate LAT","depthDatumCode":42,"depthDatumStatus":"VERIFIED_FROM_OFFICIAL_DOCUMENTATION","verticalDatum":"Local Datum","verticalDatumCode":24,"napIdentityStatus":"UNVERIFIED","sourceFeatureLnam":"1F2B6A42B3957537","sourceCellId":"1R768ZBI","sourceChecksum":"3882591018ee8c2c622e5d3fad12629ad1cd467cd148b39008bf6c9cec5cb7f4","pipelineFeatureId":"1R768ZBI/SOUNDG/1280595969/55","provenance":{"cellId":"1R768ZBI","checksum":"3882591018ee8c2c622e5d3fad12629ad1cd467cd148b39008bf6c9cec5cb7f4","readerVersion":"GDAL 3.2.2","processedAt":"2026-08-11T13:43:44.753Z"}}},{"type":"Feature","geometry":{"type":"Point","coordinates":[3.9242341,51.4415598]},"properties":{"chartedValueMetres":-3.4,"chartedValueRelationToDatum":"above","depthDatum":"Approximate LAT","depthDatumCode":42,"depthDatumStatus":"VERIFIED_FROM_OFFICIAL_DOCUMENTATION","verticalDatum":"Local Datum","verticalDatumCode":24,"napIdentityStatus":"UNVERIFIED","sourceFeatureLnam":"1F2B6A42B3957537","sourceCellId":"1R768ZBI","sourceChecksum":"3882591018ee8c2c622e5d3fad12629ad1cd467cd148b39008bf6c9cec5cb7f4","pipelineFeatureId":"1R768ZBI/SOUNDG/1280595969/56","provenance":{"cellId":"1R768ZBI","checksum":"3882591018ee8c2c622e5d3fad12629ad1cd467cd148b39008bf6c9cec5cb7f4","readerVersion":"GDAL 3.2.2","processedAt":"2026-08-11T13:43:44.753Z"}}},{"type":"Feature","geometry":{"type":"Point","coordinates":[3.9262118,51.4397458]},"properties":{"chartedValueMetres":-3.4,"chartedValueRelationToDatum":"above","depthDatum":"Approximate LAT","depthDatumCode":42,"depthDatumStatus":"VERIFIED_FROM_OFFICIAL_DOCUMENTATION","verticalDatum":"Local Datum","verticalDatumCode":24,"napIdentityStatus":"UNVERIFIED","sourceFeatureLnam":"1F2B6A42B3957537","sourceCellId":"1R768ZBI","sourceChecksum":"3882591018ee8c2c622e5d3fad12629ad1cd467cd148b39008bf6c9cec5cb7f4","pipelineFeatureId":"1R768ZBI/SOUNDG/1280595969/57","provenance":{"cellId":"1R768ZBI","checksum":"3882591018ee8c2c622e5d3fad12629ad1cd467cd148b39008bf6c9cec5cb7f4","readerVersion":"GDAL 3.2.2","processedAt":"2026-08-11T13:43:44.753Z"}}},{"type":"Feature","geometry":{"type":"Point","coordinates":[3.923085,51.4416588]},"properties":{"chartedValueMetres":-3.3,"chartedValueRelationToDatum":"above","depthDatum":"Approximate LAT","depthDatumCode":42,"depthDatumStatus":"VERIFIED_FROM_OFFICIAL_DOCUMENTATION","verticalDatum":"Local Datum","verticalDatumCode":24,"napIdentityStatus":"UNVERIFIED","sourceFeatureLnam":"1F2B6A42B3957537","sourceCellId":"1R768ZBI","sourceChecksum":"3882591018ee8c2c622e5d3fad12629ad1cd467cd148b39008bf6c9cec5cb7f4","pipelineFeatureId":"1R768ZBI/SOUNDG/1280595969/58","provenance":{"cellId":"1R768ZBI","checksum":"3882591018ee8c2c622e5d3fad12629ad1cd467cd148b39008bf6c9cec5cb7f4","readerVersion":"GDAL 3.2.2","processedAt":"2026-08-11T13:43:44.753Z"}}},{"type":"Feature","geometry":{"type":"Point","coordinates":[3.9249389,51.4408349]},"properties":{"chartedValueMetres":-3.3,"chartedValueRelationToDatum":"above","depthDatum":"Approximate LAT","depthDatumCode":42,"depthDatumStatus":"VERIFIED_FROM_OFFICIAL_DOCUMENTATION","verticalDatum":"Local Datum","verticalDatumCode":24,"napIdentityStatus":"UNVERIFIED","sourceFeatureLnam":"1F2B6A42B3957537","sourceCellId":"1R768ZBI","sourceChecksum":"3882591018ee8c2c622e5d3fad12629ad1cd467cd148b39008bf6c9cec5cb7f4","pipelineFeatureId":"1R768ZBI/SOUNDG/1280595969/59","provenance":{"cellId":"1R768ZBI","checksum":"3882591018ee8c2c622e5d3fad12629ad1cd467cd148b39008bf6c9cec5cb7f4","readerVersion":"GDAL 3.2.2","processedAt":"2026-08-11T13:43:44.753Z"}}},{"type":"Feature","geometry":{"type":"Point","coordinates":[3.9276596,51.4472877]},"properties":{"chartedValueMetres":-3.3,"chartedValueRelationToDatum":"above","depthDatum":"Approximate LAT","depthDatumCode":42,"depthDatumStatus":"VERIFIED_FROM_OFFICIAL_DOCUMENTATION","verticalDatum":"Local Datum","verticalDatumCode":24,"napIdentityStatus":"UNVERIFIED","sourceFeatureLnam":"1F2B6A42B3957537","sourceCellId":"1R768ZBI","sourceChecksum":"3882591018ee8c2c622e5d3fad12629ad1cd467cd148b39008bf6c9cec5cb7f4","pipelineFeatureId":"1R768ZBI/SOUNDG/1280595969/60","provenance":{"cellId":"1R768ZBI","checksum":"3882591018ee8c2c622e5d3fad12629ad1cd467cd148b39008bf6c9cec5cb7f4","readerVersion":"GDAL 3.2.2","processedAt":"2026-08-11T13:43:44.753Z"}}},{"type":"Feature","geometry":{"type":"Point","coordinates":[3.9266324,51.4463067]},"properties":{"chartedValueMetres":-3.3,"chartedValueRelationToDatum":"above","depthDatum":"Approximate LAT","depthDatumCode":42,"depthDatumStatus":"VERIFIED_FROM_OFFICIAL_DOCUMENTATION","verticalDatum":"Local Datum","verticalDatumCode":24,"napIdentityStatus":"UNVERIFIED","sourceFeatureLnam":"1F2B6A42B3957537","sourceCellId":"1R768ZBI","sourceChecksum":"3882591018ee8c2c622e5d3fad12629ad1cd467cd148b39008bf6c9cec5cb7f4","pipelineFeatureId":"1R768ZBI/SOUNDG/1280595969/61","provenance":{"cellId":"1R768ZBI","checksum":"3882591018ee8c2c622e5d3fad12629ad1cd467cd148b39008bf6c9cec5cb7f4","readerVersion":"GDAL 3.2.2","processedAt":"2026-08-11T13:43:44.753Z"}}},{"type":"Feature","geometry":{"type":"Point","coordinates":[3.9262937,51.4437916]},"properties":{"chartedValueMetres":-3.3,"chartedValueRelationToDatum":"above","depthDatum":"Approximate LAT","depthDatumCode":42,"depthDatumStatus":"VERIFIED_FROM_OFFICIAL_DOCUMENTATION","verticalDatum":"Local Datum","verticalDatumCode":24,"napIdentityStatus":"UNVERIFIED","sourceFeatureLnam":"1F2B6A42B3957537","sourceCellId":"1R768ZBI","sourceChecksum":"3882591018ee8c2c622e5d3fad12629ad1cd467cd148b39008bf6c9cec5cb7f4","pipelineFeatureId":"1R768ZBI/SOUNDG/1280595969/62","provenance":{"cellId":"1R768ZBI","checksum":"3882591018ee8c2c622e5d3fad12629ad1cd467cd148b39008bf6c9cec5cb7f4","readerVersion":"GDAL 3.2.2","processedAt":"2026-08-11T13:43:44.753Z"}}},{"type":"Feature","geometry":{"type":"Point","coordinates":[3.9261334,51.4429836]},"properties":{"chartedValueMetres":-3.3,"chartedValueRelationToDatum":"above","depthDatum":"Approximate LAT","depthDatumCode":42,"depthDatumStatus":"VERIFIED_FROM_OFFICIAL_DOCUMENTATION","verticalDatum":"Local Datum","verticalDatumCode":24,"napIdentityStatus":"UNVERIFIED","sourceFeatureLnam":"1F2B6A42B3957537","sourceCellId":"1R768ZBI","sourceChecksum":"3882591018ee8c2c622e5d3fad12629ad1cd467cd148b39008bf6c9cec5cb7f4","pipelineFeatureId":"1R768ZBI/SOUNDG/1280595969/63","provenance":{"cellId":"1R768ZBI","checksum":"3882591018ee8c2c622e5d3fad12629ad1cd467cd148b39008bf6c9cec5cb7f4","readerVersion":"GDAL 3.2.2","processedAt":"2026-08-11T13:43:44.753Z"}}},{"type":"Feature","geometry":{"type":"Point","coordinates":[3.926463,51.4450492]},"properties":{"chartedValueMetres":-3.3,"chartedValueRelationToDatum":"above","depthDatum":"Approximate LAT","depthDatumCode":42,"depthDatumStatus":"VERIFIED_FROM_OFFICIAL_DOCUMENTATION","verticalDatum":"Local Datum","verticalDatumCode":24,"napIdentityStatus":"UNVERIFIED","sourceFeatureLnam":"1F2B6A42B3957537","sourceCellId":"1R768ZBI","sourceChecksum":"3882591018ee8c2c622e5d3fad12629ad1cd467cd148b39008bf6c9cec5cb7f4","pipelineFeatureId":"1R768ZBI/SOUNDG/1280595969/64","provenance":{"cellId":"1R768ZBI","checksum":"3882591018ee8c2c622e5d3fad12629ad1cd467cd148b39008bf6c9cec5cb7f4","readerVersion":"GDAL 3.2.2","processedAt":"2026-08-11T13:43:44.753Z"}}},{"type":"Feature","geometry":{"type":"Point","coordinates":[3.92792,51.4459368]},"properties":{"chartedValueMetres":-3.3,"chartedValueRelationToDatum":"above","depthDatum":"Approximate LAT","depthDatumCode":42,"depthDatumStatus":"VERIFIED_FROM_OFFICIAL_DOCUMENTATION","verticalDatum":"Local Datum","verticalDatumCode":24,"napIdentityStatus":"UNVERIFIED","sourceFeatureLnam":"1F2B6A42B3957537","sourceCellId":"1R768ZBI","sourceChecksum":"3882591018ee8c2c622e5d3fad12629ad1cd467cd148b39008bf6c9cec5cb7f4","pipelineFeatureId":"1R768ZBI/SOUNDG/1280595969/65","provenance":{"cellId":"1R768ZBI","checksum":"3882591018ee8c2c622e5d3fad12629ad1cd467cd148b39008bf6c9cec5cb7f4","readerVersion":"GDAL 3.2.2","processedAt":"2026-08-11T13:43:44.753Z"}}},{"type":"Feature","geometry":{"type":"Point","coordinates":[3.9269056,51.4455852]},"properties":{"chartedValueMetres":-3.3,"chartedValueRelationToDatum":"above","depthDatum":"Approximate LAT","depthDatumCode":42,"depthDatumStatus":"VERIFIED_FROM_OFFICIAL_DOCUMENTATION","verticalDatum":"Local Datum","verticalDatumCode":24,"napIdentityStatus":"UNVERIFIED","sourceFeatureLnam":"1F2B6A42B3957537","sourceCellId":"1R768ZBI","sourceChecksum":"3882591018ee8c2c622e5d3fad12629ad1cd467cd148b39008bf6c9cec5cb7f4","pipelineFeatureId":"1R768ZBI/SOUNDG/1280595969/66","provenance":{"cellId":"1R768ZBI","checksum":"3882591018ee8c2c622e5d3fad12629ad1cd467cd148b39008bf6c9cec5cb7f4","readerVersion":"GDAL 3.2.2","processedAt":"2026-08-11T13:43:44.753Z"}}},{"type":"Feature","geometry":{"type":"Point","coordinates":[3.9272953,51.4435139]},"properties":{"chartedValueMetres":-3.3,"chartedValueRelationToDatum":"above","depthDatum":"Approximate LAT","depthDatumCode":42,"depthDatumStatus":"VERIFIED_FROM_OFFICIAL_DOCUMENTATION","verticalDatum":"Local Datum","verticalDatumCode":24,"napIdentityStatus":"UNVERIFIED","sourceFeatureLnam":"1F2B6A42B3957537","sourceCellId":"1R768ZBI","sourceChecksum":"3882591018ee8c2c622e5d3fad12629ad1cd467cd148b39008bf6c9cec5cb7f4","pipelineFeatureId":"1R768ZBI/SOUNDG/1280595969/67","provenance":{"cellId":"1R768ZBI","checksum":"3882591018ee8c2c622e5d3fad12629ad1cd467cd148b39008bf6c9cec5cb7f4","readerVersion":"GDAL 3.2.2","processedAt":"2026-08-11T13:43:44.753Z"}}},{"type":"Feature","geometry":{"type":"Point","coordinates":[3.9328576,51.4481457]},"properties":{"chartedValueMetres":-3.3,"chartedValueRelationToDatum":"above","depthDatum":"Approximate LAT","depthDatumCode":42,"depthDatumStatus":"VERIFIED_FROM_OFFICIAL_DOCUMENTATION","verticalDatum":"Local Datum","verticalDatumCode":24,"napIdentityStatus":"UNVERIFIED","sourceFeatureLnam":"1F2B6A42B3957537","sourceCellId":"1R768ZBI","sourceChecksum":"3882591018ee8c2c622e5d3fad12629ad1cd467cd148b39008bf6c9cec5cb7f4","pipelineFeatureId":"1R768ZBI/SOUNDG/1280595969/68","provenance":{"cellId":"1R768ZBI","checksum":"3882591018ee8c2c622e5d3fad12629ad1cd467cd148b39008bf6c9cec5cb7f4","readerVersion":"GDAL 3.2.2","processedAt":"2026-08-11T13:43:44.753Z"}}},{"type":"Feature","geometry":{"type":"Point","coordinates":[3.9269712,51.4417181]},"properties":{"chartedValueMetres":-3.3,"chartedValueRelationToDatum":"above","depthDatum":"Approximate LAT","depthDatumCode":42,"depthDatumStatus":"VERIFIED_FROM_OFFICIAL_DOCUMENTATION","verticalDatum":"Local Datum","verticalDatumCode":24,"napIdentityStatus":"UNVERIFIED","sourceFeatureLnam":"1F2B6A42B3957537","sourceCellId":"1R768ZBI","sourceChecksum":"3882591018ee8c2c622e5d3fad12629ad1cd467cd148b39008bf6c9cec5cb7f4","pipelineFeatureId":"1R768ZBI/SOUNDG/1280595969/69","provenance":{"cellId":"1R768ZBI","checksum":"3882591018ee8c2c622e5d3fad12629ad1cd467cd148b39008bf6c9cec5cb7f4","readerVersion":"GDAL 3.2.2","processedAt":"2026-08-11T13:43:44.753Z"}}},{"type":"Feature","geometry":{"type":"Point","coordinates":[3.9289344,51.4462885]},"properties":{"chartedValueMetres":-3.3,"chartedValueRelationToDatum":"above","depthDatum":"Approximate LAT","depthDatumCode":42,"depthDatumStatus":"VERIFIED_FROM_OFFICIAL_DOCUMENTATION","verticalDatum":"Local Datum","verticalDatumCode":24,"napIdentityStatus":"UNVERIFIED","sourceFeatureLnam":"1F2B6A42B3957537","sourceCellId":"1R768ZBI","sourceChecksum":"3882591018ee8c2c622e5d3fad12629ad1cd467cd148b39008bf6c9cec5cb7f4","pipelineFeatureId":"1R768ZBI/SOUNDG/1280595969/70","provenance":{"cellId":"1R768ZBI","checksum":"3882591018ee8c2c622e5d3fad12629ad1cd467cd148b39008bf6c9cec5cb7f4","readerVersion":"GDAL 3.2.2","processedAt":"2026-08-11T13:43:44.753Z"}}},{"type":"Feature","geometry":{"type":"Point","coordinates":[3.9257693,51.4392098]},"properties":{"chartedValueMetres":-3.2,"chartedValueRelationToDatum":"above","depthDatum":"Approximate LAT","depthDatumCode":42,"depthDatumStatus":"VERIFIED_FROM_OFFICIAL_DOCUMENTATION","verticalDatum":"Local Datum","verticalDatumCode":24,"napIdentityStatus":"UNVERIFIED","sourceFeatureLnam":"1F2B6A42B3957537","sourceCellId":"1R768ZBI","sourceChecksum":"3882591018ee8c2c622e5d3fad12629ad1cd467cd148b39008bf6c9cec5cb7f4","pipelineFeatureId":"1R768ZBI/SOUNDG/1280595969/71","provenance":{"cellId":"1R768ZBI","checksum":"3882591018ee8c2c622e5d3fad12629ad1cd467cd148b39008bf6c9cec5cb7f4","readerVersion":"GDAL 3.2.2","processedAt":"2026-08-11T13:43:44.753Z"}}},{"type":"Feature","geometry":{"type":"Point","coordinates":[3.9308158,51.4468131]},"properties":{"chartedValueMetres":-3.2,"chartedValueRelationToDatum":"above","depthDatum":"Approximate LAT","depthDatumCode":42,"depthDatumStatus":"VERIFIED_FROM_OFFICIAL_DOCUMENTATION","verticalDatum":"Local Datum","verticalDatumCode":24,"napIdentityStatus":"UNVERIFIED","sourceFeatureLnam":"1F2B6A42B3957537","sourceCellId":"1R768ZBI","sourceChecksum":"3882591018ee8c2c622e5d3fad12629ad1cd467cd148b39008bf6c9cec5cb7f4","pipelineFeatureId":"1R768ZBI/SOUNDG/1280595969/72","provenance":{"cellId":"1R768ZBI","checksum":"3882591018ee8c2c622e5d3fad12629ad1cd467cd148b39008bf6c9cec5cb7f4","readerVersion":"GDAL 3.2.2","processedAt":"2026-08-11T13:43:44.753Z"}}},{"type":"Feature","geometry":{"type":"Point","coordinates":[3.9287778,51.4456603]},"properties":{"chartedValueMetres":-3.2,"chartedValueRelationToDatum":"above","depthDatum":"Approximate LAT","depthDatumCode":42,"depthDatumStatus":"VERIFIED_FROM_OFFICIAL_DOCUMENTATION","verticalDatum":"Local Datum","verticalDatumCode":24,"napIdentityStatus":"UNVERIFIED","sourceFeatureLnam":"1F2B6A42B3957537","sourceCellId":"1R768ZBI","sourceChecksum":"3882591018ee8c2c622e5d3fad12629ad1cd467cd148b39008bf6c9cec5cb7f4","pipelineFeatureId":"1R768ZBI/SOUNDG/1280595969/73","provenance":{"cellId":"1R768ZBI","checksum":"3882591018ee8c2c622e5d3fad12629ad1cd467cd148b39008bf6c9cec5cb7f4","readerVersion":"GDAL 3.2.2","processedAt":"2026-08-11T13:43:44.753Z"}}},{"type":"Feature","geometry":{"type":"Point","coordinates":[3.9277633,51.4453086]},"properties":{"chartedValueMetres":-3.2,"chartedValueRelationToDatum":"above","depthDatum":"Approximate LAT","depthDatumCode":42,"depthDatumStatus":"VERIFIED_FROM_OFFICIAL_DOCUMENTATION","verticalDatum":"Local Datum","verticalDatumCode":24,"napIdentityStatus":"UNVERIFIED","sourceFeatureLnam":"1F2B6A42B3957537","sourceCellId":"1R768ZBI","sourceChecksum":"3882591018ee8c2c622e5d3fad12629ad1cd467cd148b39008bf6c9cec5cb7f4","pipelineFeatureId":"1R768ZBI/SOUNDG/1280595969/74","provenance":{"cellId":"1R768ZBI","checksum":"3882591018ee8c2c622e5d3fad12629ad1cd467cd148b39008bf6c9cec5cb7f4","readerVersion":"GDAL 3.2.2","processedAt":"2026-08-11T13:43:44.753Z"}}},{"type":"Feature","geometry":{"type":"Point","coordinates":[3.9243526,51.4403]},"properties":{"chartedValueMetres":-3.2,"chartedValueRelationToDatum":"above","depthDatum":"Approximate LAT","depthDatumCode":42,"depthDatumStatus":"VERIFIED_FROM_OFFICIAL_DOCUMENTATION","verticalDatum":"Local Datum","verticalDatumCode":24,"napIdentityStatus":"UNVERIFIED","sourceFeatureLnam":"1F2B6A42B3957537","sourceCellId":"1R768ZBI","sourceChecksum":"3882591018ee8c2c622e5d3fad12629ad1cd467cd148b39008bf6c9cec5cb7f4","pipelineFeatureId":"1R768ZBI/SOUNDG/1280595969/75","provenance":{"cellId":"1R768ZBI","checksum":"3882591018ee8c2c622e5d3fad12629ad1cd467cd148b39008bf6c9cec5cb7f4","readerVersion":"GDAL 3.2.2","processedAt":"2026-08-11T13:43:44.753Z"}}},{"type":"Feature","geometry":{"type":"Point","coordinates":[3.9273208,51.4447726]},"properties":{"chartedValueMetres":-3.2,"chartedValueRelationToDatum":"above","depthDatum":"Approximate LAT","depthDatumCode":42,"depthDatumStatus":"VERIFIED_FROM_OFFICIAL_DOCUMENTATION","verticalDatum":"Local Datum","verticalDatumCode":24,"napIdentityStatus":"UNVERIFIED","sourceFeatureLnam":"1F2B6A42B3957537","sourceCellId":"1R768ZBI","sourceChecksum":"3882591018ee8c2c622e5d3fad12629ad1cd467cd148b39008bf6c9cec5cb7f4","pipelineFeatureId":"1R768ZBI/SOUNDG/1280595969/76","provenance":{"cellId":"1R768ZBI","checksum":"3882591018ee8c2c622e5d3fad12629ad1cd467cd148b39008bf6c9cec5cb7f4","readerVersion":"GDAL 3.2.2","processedAt":"2026-08-11T13:43:44.753Z"}}},{"type":"Feature","geometry":{"type":"Point","coordinates":[3.927308,51.4441433]},"properties":{"chartedValueMetres":-3.2,"chartedValueRelationToDatum":"above","depthDatum":"Approximate LAT","depthDatumCode":42,"depthDatumStatus":"VERIFIED_FROM_OFFICIAL_DOCUMENTATION","verticalDatum":"Local Datum","verticalDatumCode":24,"napIdentityStatus":"UNVERIFIED","sourceFeatureLnam":"1F2B6A42B3957537","sourceCellId":"1R768ZBI","sourceChecksum":"3882591018ee8c2c622e5d3fad12629ad1cd467cd148b39008bf6c9cec5cb7f4","pipelineFeatureId":"1R768ZBI/SOUNDG/1280595969/77","provenance":{"cellId":"1R768ZBI","checksum":"3882591018ee8c2c622e5d3fad12629ad1cd467cd148b39008bf6c9cec5cb7f4","readerVersion":"GDAL 3.2.2","processedAt":"2026-08-11T13:43:44.753Z"}}},{"type":"Feature","geometry":{"type":"Point","coordinates":[3.9318303,51.4471647]},"properties":{"chartedValueMetres":-3.2,"chartedValueRelationToDatum":"above","depthDatum":"Approximate LAT","depthDatumCode":42,"depthDatumStatus":"VERIFIED_FROM_OFFICIAL_DOCUMENTATION","verticalDatum":"Local Datum","verticalDatumCode":24,"napIdentityStatus":"UNVERIFIED","sourceFeatureLnam":"1F2B6A42B3957537","sourceCellId":"1R768ZBI","sourceChecksum":"3882591018ee8c2c622e5d3fad12629ad1cd467cd148b39008bf6c9cec5cb7f4","pipelineFeatureId":"1R768ZBI/SOUNDG/1280595969/78","provenance":{"cellId":"1R768ZBI","checksum":"3882591018ee8c2c622e5d3fad12629ad1cd467cd148b39008bf6c9cec5cb7f4","readerVersion":"GDAL 3.2.2","processedAt":"2026-08-11T13:43:44.753Z"}}},{"type":"Feature","geometry":{"type":"Point","coordinates":[3.9272826,51.4428846]},"properties":{"chartedValueMetres":-3.2,"chartedValueRelationToDatum":"above","depthDatum":"Approximate LAT","depthDatumCode":42,"depthDatumStatus":"VERIFIED_FROM_OFFICIAL_DOCUMENTATION","verticalDatum":"Local Datum","verticalDatumCode":24,"napIdentityStatus":"UNVERIFIED","sourceFeatureLnam":"1F2B6A42B3957537","sourceCellId":"1R768ZBI","sourceChecksum":"3882591018ee8c2c622e5d3fad12629ad1cd467cd148b39008bf6c9cec5cb7f4","pipelineFeatureId":"1R768ZBI/SOUNDG/1280595969/79","provenance":{"cellId":"1R768ZBI","checksum":"3882591018ee8c2c622e5d3fad12629ad1cd467cd148b39008bf6c9cec5cb7f4","readerVersion":"GDAL 3.2.2","processedAt":"2026-08-11T13:43:44.753Z"}}},{"type":"Feature","geometry":{"type":"Point","coordinates":[3.9233582,51.4409373]},"properties":{"chartedValueMetres":-3.2,"chartedValueRelationToDatum":"above","depthDatum":"Approximate LAT","depthDatumCode":42,"depthDatumStatus":"VERIFIED_FROM_OFFICIAL_DOCUMENTATION","verticalDatum":"Local Datum","verticalDatumCode":24,"napIdentityStatus":"UNVERIFIED","sourceFeatureLnam":"1F2B6A42B3957537","sourceCellId":"1R768ZBI","sourceChecksum":"3882591018ee8c2c622e5d3fad12629ad1cd467cd148b39008bf6c9cec5cb7f4","pipelineFeatureId":"1R768ZBI/SOUNDG/1280595969/80","provenance":{"cellId":"1R768ZBI","checksum":"3882591018ee8c2c622e5d3fad12629ad1cd467cd148b39008bf6c9cec5cb7f4","readerVersion":"GDAL 3.2.2","processedAt":"2026-08-11T13:43:44.753Z"}}},{"type":"Feature","geometry":{"type":"Point","coordinates":[3.9286594,51.4469201]},"properties":{"chartedValueMetres":-3.2,"chartedValueRelationToDatum":"above","depthDatum":"Approximate LAT","depthDatumCode":42,"depthDatumStatus":"VERIFIED_FROM_OFFICIAL_DOCUMENTATION","verticalDatum":"Local Datum","verticalDatumCode":24,"napIdentityStatus":"UNVERIFIED","sourceFeatureLnam":"1F2B6A42B3957537","sourceCellId":"1R768ZBI","sourceChecksum":"3882591018ee8c2c622e5d3fad12629ad1cd467cd148b39008bf6c9cec5cb7f4","pipelineFeatureId":"1R768ZBI/SOUNDG/1280595969/81","provenance":{"cellId":"1R768ZBI","checksum":"3882591018ee8c2c622e5d3fad12629ad1cd467cd148b39008bf6c9cec5cb7f4","readerVersion":"GDAL 3.2.2","processedAt":"2026-08-11T13:43:44.753Z"}}},{"type":"Feature","geometry":{"type":"Point","coordinates":[3.9327009,51.4475175]},"properties":{"chartedValueMetres":-3.2,"chartedValueRelationToDatum":"above","depthDatum":"Approximate LAT","depthDatumCode":42,"depthDatumStatus":"VERIFIED_FROM_OFFICIAL_DOCUMENTATION","verticalDatum":"Local Datum","verticalDatumCode":24,"napIdentityStatus":"UNVERIFIED","sourceFeatureLnam":"1F2B6A42B3957537","sourceCellId":"1R768ZBI","sourceChecksum":"3882591018ee8c2c622e5d3fad12629ad1cd467cd148b39008bf6c9cec5cb7f4","pipelineFeatureId":"1R768ZBI/SOUNDG/1280595969/82","provenance":{"cellId":"1R768ZBI","checksum":"3882591018ee8c2c622e5d3fad12629ad1cd467cd148b39008bf6c9cec5cb7f4","readerVersion":"GDAL 3.2.2","processedAt":"2026-08-11T13:43:44.753Z"}}},{"type":"Feature","geometry":{"type":"Point","coordinates":[3.9275575,51.442253]},"properties":{"chartedValueMetres":-3.1,"chartedValueRelationToDatum":"above","depthDatum":"Approximate LAT","depthDatumCode":42,"depthDatumStatus":"VERIFIED_FROM_OFFICIAL_DOCUMENTATION","verticalDatum":"Local Datum","verticalDatumCode":24,"napIdentityStatus":"UNVERIFIED","sourceFeatureLnam":"1F2B6A42B3957537","sourceCellId":"1R768ZBI","sourceChecksum":"3882591018ee8c2c622e5d3fad12629ad1cd467cd148b39008bf6c9cec5cb7f4","pipelineFeatureId":"1R768ZBI/SOUNDG/1280595969/83","provenance":{"cellId":"1R768ZBI","checksum":"3882591018ee8c2c622e5d3fad12629ad1cd467cd148b39008bf6c9cec5cb7f4","readerVersion":"GDAL 3.2.2","processedAt":"2026-08-11T13:43:44.753Z"}}},{"type":"Feature","geometry":{"type":"Point","coordinates":[3.9281786,51.4444961]},"properties":{"chartedValueMetres":-3.1,"chartedValueRelationToDatum":"above","depthDatum":"Approximate LAT","depthDatumCode":42,"depthDatumStatus":"VERIFIED_FROM_OFFICIAL_DOCUMENTATION","verticalDatum":"Local Datum","verticalDatumCode":24,"napIdentityStatus":"UNVERIFIED","sourceFeatureLnam":"1F2B6A42B3957537","sourceCellId":"1R768ZBI","sourceChecksum":"3882591018ee8c2c622e5d3fad12629ad1cd467cd148b39008bf6c9cec5cb7f4","pipelineFeatureId":"1R768ZBI/SOUNDG/1280595969/84","provenance":{"cellId":"1R768ZBI","checksum":"3882591018ee8c2c622e5d3fad12629ad1cd467cd148b39008bf6c9cec5cb7f4","readerVersion":"GDAL 3.2.2","processedAt":"2026-08-11T13:43:44.753Z"}}},{"type":"Feature","geometry":{"type":"Point","coordinates":[3.9264795,51.4387546]},"properties":{"chartedValueMetres":-3.1,"chartedValueRelationToDatum":"above","depthDatum":"Approximate LAT","depthDatumCode":42,"depthDatumStatus":"VERIFIED_FROM_OFFICIAL_DOCUMENTATION","verticalDatum":"Local Datum","verticalDatumCode":24,"napIdentityStatus":"UNVERIFIED","sourceFeatureLnam":"1F2B6A42B3957537","sourceCellId":"1R768ZBI","sourceChecksum":"3882591018ee8c2c622e5d3fad12629ad1cd467cd148b39008bf6c9cec5cb7f4","pipelineFeatureId":"1R768ZBI/SOUNDG/1280595969/85","provenance":{"cellId":"1R768ZBI","checksum":"3882591018ee8c2c622e5d3fad12629ad1cd467cd148b39008bf6c9cec5cb7f4","readerVersion":"GDAL 3.2.2","processedAt":"2026-08-11T13:43:44.753Z"}}},{"type":"Feature","geometry":{"type":"Point","coordinates":[3.928153,51.4432374]},"properties":{"chartedValueMetres":-3.1,"chartedValueRelationToDatum":"above","depthDatum":"Approximate LAT","depthDatumCode":42,"depthDatumStatus":"VERIFIED_FROM_OFFICIAL_DOCUMENTATION","verticalDatum":"Local Datum","verticalDatumCode":24,"napIdentityStatus":"UNVERIFIED","sourceFeatureLnam":"1F2B6A42B3957537","sourceCellId":"1R768ZBI","sourceChecksum":"3882591018ee8c2c622e5d3fad12629ad1cd467cd148b39008bf6c9cec5cb7f4","pipelineFeatureId":"1R768ZBI/SOUNDG/1280595969/86","provenance":{"cellId":"1R768ZBI","checksum":"3882591018ee8c2c622e5d3fad12629ad1cd467cd148b39008bf6c9cec5cb7f4","readerVersion":"GDAL 3.2.2","processedAt":"2026-08-11T13:43:44.753Z"}}},{"type":"Feature","geometry":{"type":"Point","coordinates":[3.9256966,51.4356135]},"properties":{"chartedValueMetres":-3.1,"chartedValueRelationToDatum":"above","depthDatum":"Approximate LAT","depthDatumCode":42,"depthDatumStatus":"VERIFIED_FROM_OFFICIAL_DOCUMENTATION","verticalDatum":"Local Datum","verticalDatumCode":24,"napIdentityStatus":"UNVERIFIED","sourceFeatureLnam":"1F2B6A42B3957537","sourceCellId":"1R768ZBI","sourceChecksum":"3882591018ee8c2c622e5d3fad12629ad1cd467cd148b39008bf6c9cec5cb7f4","pipelineFeatureId":"1R768ZBI/SOUNDG/1280595969/87","provenance":{"cellId":"1R768ZBI","checksum":"3882591018ee8c2c622e5d3fad12629ad1cd467cd148b39008bf6c9cec5cb7f4","readerVersion":"GDAL 3.2.2","processedAt":"2026-08-11T13:43:44.753Z"}}},{"type":"Feature","geometry":{"type":"Point","coordinates":[3.9291857,51.4444881]},"properties":{"chartedValueMetres":-3.1,"chartedValueRelationToDatum":"above","depthDatum":"Approximate LAT","depthDatumCode":42,"depthDatumStatus":"VERIFIED_FROM_OFFICIAL_DOCUMENTATION","verticalDatum":"Local Datum","verticalDatumCode":24,"napIdentityStatus":"UNVERIFIED","sourceFeatureLnam":"1F2B6A42B3957537","sourceCellId":"1R768ZBI","sourceChecksum":"3882591018ee8c2c622e5d3fad12629ad1cd467cd148b39008bf6c9cec5cb7f4","pipelineFeatureId":"1R768ZBI/SOUNDG/1280595969/88","provenance":{"cellId":"1R768ZBI","checksum":"3882591018ee8c2c622e5d3fad12629ad1cd467cd148b39008bf6c9cec5cb7f4","readerVersion":"GDAL 3.2.2","processedAt":"2026-08-11T13:43:44.753Z"}}},{"type":"Feature","geometry":{"type":"Point","coordinates":[3.9296319,51.4452039]},"properties":{"chartedValueMetres":-3.1,"chartedValueRelationToDatum":"above","depthDatum":"Approximate LAT","depthDatumCode":42,"depthDatumStatus":"VERIFIED_FROM_OFFICIAL_DOCUMENTATION","verticalDatum":"Local Datum","verticalDatumCode":24,"napIdentityStatus":"UNVERIFIED","sourceFeatureLnam":"1F2B6A42B3957537","sourceCellId":"1R768ZBI","sourceChecksum":"3882591018ee8c2c622e5d3fad12629ad1cd467cd148b39008bf6c9cec5cb7f4","pipelineFeatureId":"1R768ZBI/SOUNDG/1280595969/89","provenance":{"cellId":"1R768ZBI","checksum":"3882591018ee8c2c622e5d3fad12629ad1cd467cd148b39008bf6c9cec5cb7f4","readerVersion":"GDAL 3.2.2","processedAt":"2026-08-11T13:43:44.753Z"}}},{"type":"Feature","geometry":{"type":"Point","coordinates":[3.9316736,51.4465365]},"properties":{"chartedValueMetres":-3,"chartedValueRelationToDatum":"above","depthDatum":"Approximate LAT","depthDatumCode":42,"depthDatumStatus":"VERIFIED_FROM_OFFICIAL_DOCUMENTATION","verticalDatum":"Local Datum","verticalDatumCode":24,"napIdentityStatus":"UNVERIFIED","sourceFeatureLnam":"1F2B6A42B3957537","sourceCellId":"1R768ZBI","sourceChecksum":"3882591018ee8c2c622e5d3fad12629ad1cd467cd148b39008bf6c9cec5cb7f4","pipelineFeatureId":"1R768ZBI/SOUNDG/1280595969/90","provenance":{"cellId":"1R768ZBI","checksum":"3882591018ee8c2c622e5d3fad12629ad1cd467cd148b39008bf6c9cec5cb7f4","readerVersion":"GDAL 3.2.2","processedAt":"2026-08-11T13:43:44.753Z"}}},{"type":"Feature","geometry":{"type":"Point","coordinates":[3.9239101,51.439764]},"properties":{"chartedValueMetres":-2.9,"chartedValueRelationToDatum":"above","depthDatum":"Approximate LAT","depthDatumCode":42,"depthDatumStatus":"VERIFIED_FROM_OFFICIAL_DOCUMENTATION","verticalDatum":"Local Datum","verticalDatumCode":24,"napIdentityStatus":"UNVERIFIED","sourceFeatureLnam":"1F2B6A42B3957537","sourceCellId":"1R768ZBI","sourceChecksum":"3882591018ee8c2c622e5d3fad12629ad1cd467cd148b39008bf6c9cec5cb7f4","pipelineFeatureId":"1R768ZBI/SOUNDG/1280595969/91","provenance":{"cellId":"1R768ZBI","checksum":"3882591018ee8c2c622e5d3fad12629ad1cd467cd148b39008bf6c9cec5cb7f4","readerVersion":"GDAL 3.2.2","processedAt":"2026-08-11T13:43:44.753Z"}}},{"type":"Feature","geometry":{"type":"Point","coordinates":[3.9303604,51.4456477]},"properties":{"chartedValueMetres":-2.9,"chartedValueRelationToDatum":"above","depthDatum":"Approximate LAT","depthDatumCode":42,"depthDatumStatus":"VERIFIED_FROM_OFFICIAL_DOCUMENTATION","verticalDatum":"Local Datum","verticalDatumCode":24,"napIdentityStatus":"UNVERIFIED","sourceFeatureLnam":"1F2B6A42B3957537","sourceCellId":"1R768ZBI","sourceChecksum":"3882591018ee8c2c622e5d3fad12629ad1cd467cd148b39008bf6c9cec5cb7f4","pipelineFeatureId":"1R768ZBI/SOUNDG/1280595969/92","provenance":{"cellId":"1R768ZBI","checksum":"3882591018ee8c2c622e5d3fad12629ad1cd467cd148b39008bf6c9cec5cb7f4","readerVersion":"GDAL 3.2.2","processedAt":"2026-08-11T13:43:44.753Z"}}},{"type":"Feature","geometry":{"type":"Point","coordinates":[3.9246203,51.4393088]},"properties":{"chartedValueMetres":-2.7,"chartedValueRelationToDatum":"above","depthDatum":"Approximate LAT","depthDatumCode":42,"depthDatumStatus":"VERIFIED_FROM_OFFICIAL_DOCUMENTATION","verticalDatum":"Local Datum","verticalDatumCode":24,"napIdentityStatus":"UNVERIFIED","sourceFeatureLnam":"1F2B6A42B3957537","sourceCellId":"1R768ZBI","sourceChecksum":"3882591018ee8c2c622e5d3fad12629ad1cd467cd148b39008bf6c9cec5cb7f4","pipelineFeatureId":"1R768ZBI/SOUNDG/1280595969/93","provenance":{"cellId":"1R768ZBI","checksum":"3882591018ee8c2c622e5d3fad12629ad1cd467cd148b39008bf6c9cec5cb7f4","readerVersion":"GDAL 3.2.2","processedAt":"2026-08-11T13:43:44.753Z"}}},{"type":"Feature","geometry":{"type":"Point","coordinates":[3.9267545,51.438123]},"properties":{"chartedValueMetres":-2.7,"chartedValueRelationToDatum":"above","depthDatum":"Approximate LAT","depthDatumCode":42,"depthDatumStatus":"VERIFIED_FROM_OFFICIAL_DOCUMENTATION","verticalDatum":"Local Datum","verticalDatumCode":24,"napIdentityStatus":"UNVERIFIED","sourceFeatureLnam":"1F2B6A42B3957537","sourceCellId":"1R768ZBI","sourceChecksum":"3882591018ee8c2c622e5d3fad12629ad1cd467cd148b39008bf6c9cec5cb7f4","pipelineFeatureId":"1R768ZBI/SOUNDG/1280595969/94","provenance":{"cellId":"1R768ZBI","checksum":"3882591018ee8c2c622e5d3fad12629ad1cd467cd148b39008bf6c9cec5cb7f4","readerVersion":"GDAL 3.2.2","processedAt":"2026-08-11T13:43:44.753Z"}}},{"type":"Feature","geometry":{"type":"Point","coordinates":[3.9293168,51.4438576]},"properties":{"chartedValueMetres":-2.7,"chartedValueRelationToDatum":"above","depthDatum":"Approximate LAT","depthDatumCode":42,"depthDatumStatus":"VERIFIED_FROM_OFFICIAL_DOCUMENTATION","verticalDatum":"Local Datum","verticalDatumCode":24,"napIdentityStatus":"UNVERIFIED","sourceFeatureLnam":"1F2B6A42B3957537","sourceCellId":"1R768ZBI","sourceChecksum":"3882591018ee8c2c622e5d3fad12629ad1cd467cd148b39008bf6c9cec5cb7f4","pipelineFeatureId":"1R768ZBI/SOUNDG/1280595969/95","provenance":{"cellId":"1R768ZBI","checksum":"3882591018ee8c2c622e5d3fad12629ad1cd467cd148b39008bf6c9cec5cb7f4","readerVersion":"GDAL 3.2.2","processedAt":"2026-08-11T13:43:44.753Z"}}},{"type":"Feature","geometry":{"type":"Point","coordinates":[3.9326881,51.4468881]},"properties":{"chartedValueMetres":-2.5,"chartedValueRelationToDatum":"above","depthDatum":"Approximate LAT","depthDatumCode":42,"depthDatumStatus":"VERIFIED_FROM_OFFICIAL_DOCUMENTATION","verticalDatum":"Local Datum","verticalDatumCode":24,"napIdentityStatus":"UNVERIFIED","sourceFeatureLnam":"1F2B6A42B3957537","sourceCellId":"1R768ZBI","sourceChecksum":"3882591018ee8c2c622e5d3fad12629ad1cd467cd148b39008bf6c9cec5cb7f4","pipelineFeatureId":"1R768ZBI/SOUNDG/1280595969/96","provenance":{"cellId":"1R768ZBI","checksum":"3882591018ee8c2c622e5d3fad12629ad1cd467cd148b39008bf6c9cec5cb7f4","readerVersion":"GDAL 3.2.2","processedAt":"2026-08-11T13:43:44.753Z"}}},{"type":"Feature","geometry":{"type":"Point","coordinates":[3.9312291,51.4459106]},"properties":{"chartedValueMetres":-2.3,"chartedValueRelationToDatum":"above","depthDatum":"Approximate LAT","depthDatumCode":42,"depthDatumStatus":"VERIFIED_FROM_OFFICIAL_DOCUMENTATION","verticalDatum":"Local Datum","verticalDatumCode":24,"napIdentityStatus":"UNVERIFIED","sourceFeatureLnam":"1F2B6A42B3957537","sourceCellId":"1R768ZBI","sourceChecksum":"3882591018ee8c2c622e5d3fad12629ad1cd467cd148b39008bf6c9cec5cb7f4","pipelineFeatureId":"1R768ZBI/SOUNDG/1280595969/97","provenance":{"cellId":"1R768ZBI","checksum":"3882591018ee8c2c622e5d3fad12629ad1cd467cd148b39008bf6c9cec5cb7f4","readerVersion":"GDAL 3.2.2","processedAt":"2026-08-11T13:43:44.753Z"}}},{"type":"Feature","geometry":{"type":"Point","coordinates":[3.9193363,51.4269413]},"properties":{"chartedValueMetres":-2.2,"chartedValueRelationToDatum":"above","depthDatum":"Approximate LAT","depthDatumCode":42,"depthDatumStatus":"VERIFIED_FROM_OFFICIAL_DOCUMENTATION","verticalDatum":"Local Datum","verticalDatumCode":24,"napIdentityStatus":"UNVERIFIED","sourceFeatureLnam":"1F2B6A42B3957537","sourceCellId":"1R768ZBI","sourceChecksum":"3882591018ee8c2c622e5d3fad12629ad1cd467cd148b39008bf6c9cec5cb7f4","pipelineFeatureId":"1R768ZBI/SOUNDG/1280595969/98","provenance":{"cellId":"1R768ZBI","checksum":"3882591018ee8c2c622e5d3fad12629ad1cd467cd148b39008bf6c9cec5cb7f4","readerVersion":"GDAL 3.2.2","processedAt":"2026-08-11T13:43:44.753Z"}}},{"type":"Feature","geometry":{"type":"Point","coordinates":[3.928428,51.4426058]},"properties":{"chartedValueMetres":-2.1,"chartedValueRelationToDatum":"above","depthDatum":"Approximate LAT","depthDatumCode":42,"depthDatumStatus":"VERIFIED_FROM_OFFICIAL_DOCUMENTATION","verticalDatum":"Local Datum","verticalDatumCode":24,"napIdentityStatus":"UNVERIFIED","sourceFeatureLnam":"1F2B6A42B3957537","sourceCellId":"1R768ZBI","sourceChecksum":"3882591018ee8c2c622e5d3fad12629ad1cd467cd148b39008bf6c9cec5cb7f4","pipelineFeatureId":"1R768ZBI/SOUNDG/1280595969/99","provenance":{"cellId":"1R768ZBI","checksum":"3882591018ee8c2c622e5d3fad12629ad1cd467cd148b39008bf6c9cec5cb7f4","readerVersion":"GDAL 3.2.2","processedAt":"2026-08-11T13:43:44.753Z"}}},{"type":"Feature","geometry":{"type":"Point","coordinates":[3.9326929,51.4259365]},"properties":{"chartedValueMetres":-2,"chartedValueRelationToDatum":"above","depthDatum":"Approximate LAT","depthDatumCode":42,"depthDatumStatus":"VERIFIED_FROM_OFFICIAL_DOCUMENTATION","verticalDatum":"Local Datum","verticalDatumCode":24,"napIdentityStatus":"UNVERIFIED","sourceFeatureLnam":"1F2B6A42B3957537","sourceCellId":"1R768ZBI","sourceChecksum":"3882591018ee8c2c622e5d3fad12629ad1cd467cd148b39008bf6c9cec5cb7f4","pipelineFeatureId":"1R768ZBI/SOUNDG/1280595969/100","provenance":{"cellId":"1R768ZBI","checksum":"3882591018ee8c2c622e5d3fad12629ad1cd467cd148b39008bf6c9cec5cb7f4","readerVersion":"GDAL 3.2.2","processedAt":"2026-08-11T13:43:44.753Z"}}},{"type":"Feature","geometry":{"type":"Point","coordinates":[3.9291601,51.4432294]},"properties":{"chartedValueMetres":-1.9,"chartedValueRelationToDatum":"above","depthDatum":"Approximate LAT","depthDatumCode":42,"depthDatumStatus":"VERIFIED_FROM_OFFICIAL_DOCUMENTATION","verticalDatum":"Local Datum","verticalDatumCode":24,"napIdentityStatus":"UNVERIFIED","sourceFeatureLnam":"1F2B6A42B3957537","sourceCellId":"1R768ZBI","sourceChecksum":"3882591018ee8c2c622e5d3fad12629ad1cd467cd148b39008bf6c9cec5cb7f4","pipelineFeatureId":"1R768ZBI/SOUNDG/1280595969/101","provenance":{"cellId":"1R768ZBI","checksum":"3882591018ee8c2c622e5d3fad12629ad1cd467cd148b39008bf6c9cec5cb7f4","readerVersion":"GDAL 3.2.2","processedAt":"2026-08-11T13:43:44.753Z"}}},{"type":"Feature","geometry":{"type":"Point","coordinates":[3.9212547,51.4293541]},"properties":{"chartedValueMetres":-1.9,"chartedValueRelationToDatum":"above","depthDatum":"Approximate LAT","depthDatumCode":42,"depthDatumStatus":"VERIFIED_FROM_OFFICIAL_DOCUMENTATION","verticalDatum":"Local Datum","verticalDatumCode":24,"napIdentityStatus":"UNVERIFIED","sourceFeatureLnam":"1F2B6A42B3957537","sourceCellId":"1R768ZBI","sourceChecksum":"3882591018ee8c2c622e5d3fad12629ad1cd467cd148b39008bf6c9cec5cb7f4","pipelineFeatureId":"1R768ZBI/SOUNDG/1280595969/102","provenance":{"cellId":"1R768ZBI","checksum":"3882591018ee8c2c622e5d3fad12629ad1cd467cd148b39008bf6c9cec5cb7f4","readerVersion":"GDAL 3.2.2","processedAt":"2026-08-11T13:43:44.753Z"}}},{"type":"Feature","geometry":{"type":"Point","coordinates":[3.920077,51.4280145]},"properties":{"chartedValueMetres":-1.8,"chartedValueRelationToDatum":"above","depthDatum":"Approximate LAT","depthDatumCode":42,"depthDatumStatus":"VERIFIED_FROM_OFFICIAL_DOCUMENTATION","verticalDatum":"Local Datum","verticalDatumCode":24,"napIdentityStatus":"UNVERIFIED","sourceFeatureLnam":"1F2B6A42B3957537","sourceCellId":"1R768ZBI","sourceChecksum":"3882591018ee8c2c622e5d3fad12629ad1cd467cd148b39008bf6c9cec5cb7f4","pipelineFeatureId":"1R768ZBI/SOUNDG/1280595969/103","provenance":{"cellId":"1R768ZBI","checksum":"3882591018ee8c2c622e5d3fad12629ad1cd467cd148b39008bf6c9cec5cb7f4","readerVersion":"GDAL 3.2.2","processedAt":"2026-08-11T13:43:44.753Z"}}},{"type":"Feature","geometry":{"type":"Point","coordinates":[3.9331134,51.4253937]},"properties":{"chartedValueMetres":-1.8,"chartedValueRelationToDatum":"above","depthDatum":"Approximate LAT","depthDatumCode":42,"depthDatumStatus":"VERIFIED_FROM_OFFICIAL_DOCUMENTATION","verticalDatum":"Local Datum","verticalDatumCode":24,"napIdentityStatus":"UNVERIFIED","sourceFeatureLnam":"1F2B6A42B3957537","sourceCellId":"1R768ZBI","sourceChecksum":"3882591018ee8c2c622e5d3fad12629ad1cd467cd148b39008bf6c9cec5cb7f4","pipelineFeatureId":"1R768ZBI/SOUNDG/1280595969/104","provenance":{"cellId":"1R768ZBI","checksum":"3882591018ee8c2c622e5d3fad12629ad1cd467cd148b39008bf6c9cec5cb7f4","readerVersion":"GDAL 3.2.2","processedAt":"2026-08-11T13:43:44.753Z"}}},{"type":"Feature","geometry":{"type":"Point","coordinates":[3.9272225,51.4399177]},"properties":{"chartedValueMetres":-1.8,"chartedValueRelationToDatum":"above","depthDatum":"Approximate LAT","depthDatumCode":42,"depthDatumStatus":"VERIFIED_FROM_OFFICIAL_DOCUMENTATION","verticalDatum":"Local Datum","verticalDatumCode":24,"napIdentityStatus":"UNVERIFIED","sourceFeatureLnam":"1F2B6A42B3957537","sourceCellId":"1R768ZBI","sourceChecksum":"3882591018ee8c2c622e5d3fad12629ad1cd467cd148b39008bf6c9cec5cb7f4","pipelineFeatureId":"1R768ZBI/SOUNDG/1280595969/105","provenance":{"cellId":"1R768ZBI","checksum":"3882591018ee8c2c622e5d3fad12629ad1cd467cd148b39008bf6c9cec5cb7f4","readerVersion":"GDAL 3.2.2","processedAt":"2026-08-11T13:43:44.753Z"}}},{"type":"Feature","geometry":{"type":"Point","coordinates":[3.9313602,51.4452801]},"properties":{"chartedValueMetres":-1.7,"chartedValueRelationToDatum":"above","depthDatum":"Approximate LAT","depthDatumCode":42,"depthDatumStatus":"VERIFIED_FROM_OFFICIAL_DOCUMENTATION","verticalDatum":"Local Datum","verticalDatumCode":24,"napIdentityStatus":"UNVERIFIED","sourceFeatureLnam":"1F2B6A42B3957537","sourceCellId":"1R768ZBI","sourceChecksum":"3882591018ee8c2c622e5d3fad12629ad1cd467cd148b39008bf6c9cec5cb7f4","pipelineFeatureId":"1R768ZBI/SOUNDG/1280595969/106","provenance":{"cellId":"1R768ZBI","checksum":"3882591018ee8c2c622e5d3fad12629ad1cd467cd148b39008bf6c9cec5cb7f4","readerVersion":"GDAL 3.2.2","processedAt":"2026-08-11T13:43:44.753Z"}}},{"type":"Feature","geometry":{"type":"Point","coordinates":[3.9322381,51.4459925]},"properties":{"chartedValueMetres":-1.7,"chartedValueRelationToDatum":"above","depthDatum":"Approximate LAT","depthDatumCode":42,"depthDatumStatus":"VERIFIED_FROM_OFFICIAL_DOCUMENTATION","verticalDatum":"Local Datum","verticalDatumCode":24,"napIdentityStatus":"UNVERIFIED","sourceFeatureLnam":"1F2B6A42B3957537","sourceCellId":"1R768ZBI","sourceChecksum":"3882591018ee8c2c622e5d3fad12629ad1cd467cd148b39008bf6c9cec5cb7f4","pipelineFeatureId":"1R768ZBI/SOUNDG/1280595969/107","provenance":{"cellId":"1R768ZBI","checksum":"3882591018ee8c2c622e5d3fad12629ad1cd467cd148b39008bf6c9cec5cb7f4","readerVersion":"GDAL 3.2.2","processedAt":"2026-08-11T13:43:44.753Z"}}},{"type":"Feature","geometry":{"type":"Point","coordinates":[3.9301891,51.4443003]},"properties":{"chartedValueMetres":-1.6,"chartedValueRelationToDatum":"above","depthDatum":"Approximate LAT","depthDatumCode":42,"depthDatumStatus":"VERIFIED_FROM_OFFICIAL_DOCUMENTATION","verticalDatum":"Local Datum","verticalDatumCode":24,"napIdentityStatus":"UNVERIFIED","sourceFeatureLnam":"1F2B6A42B3957537","sourceCellId":"1R768ZBI","sourceChecksum":"3882591018ee8c2c622e5d3fad12629ad1cd467cd148b39008bf6c9cec5cb7f4","pipelineFeatureId":"1R768ZBI/SOUNDG/1280595969/108","provenance":{"cellId":"1R768ZBI","checksum":"3882591018ee8c2c622e5d3fad12629ad1cd467cd148b39008bf6c9cec5cb7f4","readerVersion":"GDAL 3.2.2","processedAt":"2026-08-11T13:43:44.753Z"}}},{"type":"Feature","geometry":{"type":"Point","coordinates":[3.9279782,51.4417101]},"properties":{"chartedValueMetres":-1.5,"chartedValueRelationToDatum":"above","depthDatum":"Approximate LAT","depthDatumCode":42,"depthDatumStatus":"VERIFIED_FROM_OFFICIAL_DOCUMENTATION","verticalDatum":"Local Datum","verticalDatumCode":24,"napIdentityStatus":"UNVERIFIED","sourceFeatureLnam":"1F2B6A42B3957537","sourceCellId":"1R768ZBI","sourceChecksum":"3882591018ee8c2c622e5d3fad12629ad1cd467cd148b39008bf6c9cec5cb7f4","pipelineFeatureId":"1R768ZBI/SOUNDG/1280595969/109","provenance":{"cellId":"1R768ZBI","checksum":"3882591018ee8c2c622e5d3fad12629ad1cd467cd148b39008bf6c9cec5cb7f4","readerVersion":"GDAL 3.2.2","processedAt":"2026-08-11T13:43:44.753Z"}}},{"type":"Feature","geometry":{"type":"Point","coordinates":[3.932245,51.4251308]},"properties":{"chartedValueMetres":-1.4,"chartedValueRelationToDatum":"above","depthDatum":"Approximate LAT","depthDatumCode":42,"depthDatumStatus":"VERIFIED_FROM_OFFICIAL_DOCUMENTATION","verticalDatum":"Local Datum","verticalDatumCode":24,"napIdentityStatus":"UNVERIFIED","sourceFeatureLnam":"1F2B6A42B3957537","sourceCellId":"1R768ZBI","sourceChecksum":"3882591018ee8c2c622e5d3fad12629ad1cd467cd148b39008bf6c9cec5cb7f4","pipelineFeatureId":"1R768ZBI/SOUNDG/1280595969/110","provenance":{"cellId":"1R768ZBI","checksum":"3882591018ee8c2c622e5d3fad12629ad1cd467cd148b39008bf6c9cec5cb7f4","readerVersion":"GDAL 3.2.2","processedAt":"2026-08-11T13:43:44.753Z"}}},{"type":"Feature","geometry":{"type":"Point","coordinates":[3.9208088,51.4286382]},"properties":{"chartedValueMetres":-0.9,"chartedValueRelationToDatum":"above","depthDatum":"Approximate LAT","depthDatumCode":42,"depthDatumStatus":"VERIFIED_FROM_OFFICIAL_DOCUMENTATION","verticalDatum":"Local Datum","verticalDatumCode":24,"napIdentityStatus":"UNVERIFIED","sourceFeatureLnam":"1F2B6A42B3957537","sourceCellId":"1R768ZBI","sourceChecksum":"3882591018ee8c2c622e5d3fad12629ad1cd467cd148b39008bf6c9cec5cb7f4","pipelineFeatureId":"1R768ZBI/SOUNDG/1280595969/111","provenance":{"cellId":"1R768ZBI","checksum":"3882591018ee8c2c622e5d3fad12629ad1cd467cd148b39008bf6c9cec5cb7f4","readerVersion":"GDAL 3.2.2","processedAt":"2026-08-11T13:43:44.753Z"}}},{"type":"Feature","geometry":{"type":"Point","coordinates":[3.9278125,51.4406324]},"properties":{"chartedValueMetres":-0.7,"chartedValueRelationToDatum":"above","depthDatum":"Approximate LAT","depthDatumCode":42,"depthDatumStatus":"VERIFIED_FROM_OFFICIAL_DOCUMENTATION","verticalDatum":"Local Datum","verticalDatumCode":24,"napIdentityStatus":"UNVERIFIED","sourceFeatureLnam":"1F2B6A42B3957537","sourceCellId":"1R768ZBI","sourceChecksum":"3882591018ee8c2c622e5d3fad12629ad1cd467cd148b39008bf6c9cec5cb7f4","pipelineFeatureId":"1R768ZBI/SOUNDG/1280595969/112","provenance":{"cellId":"1R768ZBI","checksum":"3882591018ee8c2c622e5d3fad12629ad1cd467cd148b39008bf6c9cec5cb7f4","readerVersion":"GDAL 3.2.2","processedAt":"2026-08-11T13:43:44.753Z"}}},{"type":"Feature","geometry":{"type":"Point","coordinates":[3.9301745,51.443581]},"properties":{"chartedValueMetres":-0.1,"chartedValueRelationToDatum":"above","depthDatum":"Approximate LAT","depthDatumCode":42,"depthDatumStatus":"VERIFIED_FROM_OFFICIAL_DOCUMENTATION","verticalDatum":"Local Datum","verticalDatumCode":24,"napIdentityStatus":"UNVERIFIED","sourceFeatureLnam":"1F2B6A42B3957537","sourceCellId":"1R768ZBI","sourceChecksum":"3882591018ee8c2c622e5d3fad12629ad1cd467cd148b39008bf6c9cec5cb7f4","pipelineFeatureId":"1R768ZBI/SOUNDG/1280595969/113","provenance":{"cellId":"1R768ZBI","checksum":"3882591018ee8c2c622e5d3fad12629ad1cd467cd148b39008bf6c9cec5cb7f4","readerVersion":"GDAL 3.2.2","processedAt":"2026-08-11T13:43:44.753Z"}}},{"type":"Feature","geometry":{"type":"Point","coordinates":[3.9255128,51.4336367]},"properties":{"chartedValueMetres":0.1,"chartedValueRelationToDatum":"below","depthDatum":"Approximate LAT","depthDatumCode":42,"depthDatumStatus":"VERIFIED_FROM_OFFICIAL_DOCUMENTATION","verticalDatum":"Local Datum","verticalDatumCode":24,"napIdentityStatus":"UNVERIFIED","sourceFeatureLnam":"1F2B6A42B3957537","sourceCellId":"1R768ZBI","sourceChecksum":"3882591018ee8c2c622e5d3fad12629ad1cd467cd148b39008bf6c9cec5cb7f4","pipelineFeatureId":"1R768ZBI/SOUNDG/1280595969/114","provenance":{"cellId":"1R768ZBI","checksum":"3882591018ee8c2c622e5d3fad12629ad1cd467cd148b39008bf6c9cec5cb7f4","readerVersion":"GDAL 3.2.2","processedAt":"2026-08-11T13:43:44.753Z"}}},{"type":"Feature","geometry":{"type":"Point","coordinates":[3.9313474,51.4446508]},"properties":{"chartedValueMetres":0.1,"chartedValueRelationToDatum":"below","depthDatum":"Approximate LAT","depthDatumCode":42,"depthDatumStatus":"VERIFIED_FROM_OFFICIAL_DOCUMENTATION","verticalDatum":"Local Datum","verticalDatumCode":24,"napIdentityStatus":"UNVERIFIED","sourceFeatureLnam":"1F2B6A42B3957537","sourceCellId":"1R768ZBI","sourceChecksum":"3882591018ee8c2c622e5d3fad12629ad1cd467cd148b39008bf6c9cec5cb7f4","pipelineFeatureId":"1R768ZBI/SOUNDG/1280595969/115","provenance":{"cellId":"1R768ZBI","checksum":"3882591018ee8c2c622e5d3fad12629ad1cd467cd148b39008bf6c9cec5cb7f4","readerVersion":"GDAL 3.2.2","processedAt":"2026-08-11T13:43:44.753Z"}}},{"type":"Feature","geometry":{"type":"Point","coordinates":[3.9288487,51.4420629]},"properties":{"chartedValueMetres":0.2,"chartedValueRelationToDatum":"below","depthDatum":"Approximate LAT","depthDatumCode":42,"depthDatumStatus":"VERIFIED_FROM_OFFICIAL_DOCUMENTATION","verticalDatum":"Local Datum","verticalDatumCode":24,"napIdentityStatus":"UNVERIFIED","sourceFeatureLnam":"1F2B6A42B3957537","sourceCellId":"1R768ZBI","sourceChecksum":"3882591018ee8c2c622e5d3fad12629ad1cd467cd148b39008bf6c9cec5cb7f4","pipelineFeatureId":"1R768ZBI/SOUNDG/1280595969/116","provenance":{"cellId":"1R768ZBI","checksum":"3882591018ee8c2c622e5d3fad12629ad1cd467cd148b39008bf6c9cec5cb7f4","readerVersion":"GDAL 3.2.2","processedAt":"2026-08-11T13:43:44.753Z"}}},{"type":"Feature","geometry":{"type":"Point","coordinates":[3.92802,51.4366742]},"properties":{"chartedValueMetres":0.6,"chartedValueRelationToDatum":"below","depthDatum":"Approximate LAT","depthDatumCode":42,"depthDatumStatus":"VERIFIED_FROM_OFFICIAL_DOCUMENTATION","verticalDatum":"Local Datum","verticalDatumCode":24,"napIdentityStatus":"UNVERIFIED","sourceFeatureLnam":"1F2B6A42B3957537","sourceCellId":"1R768ZBI","sourceChecksum":"3882591018ee8c2c622e5d3fad12629ad1cd467cd148b39008bf6c9cec5cb7f4","pipelineFeatureId":"1R768ZBI/SOUNDG/1280595969/117","provenance":{"cellId":"1R768ZBI","checksum":"3882591018ee8c2c622e5d3fad12629ad1cd467cd148b39008bf6c9cec5cb7f4","readerVersion":"GDAL 3.2.2","processedAt":"2026-08-11T13:43:44.753Z"}}},{"type":"Feature","geometry":{"type":"Point","coordinates":[3.9249266,51.4331018]},"properties":{"chartedValueMetres":0.8,"chartedValueRelationToDatum":"below","depthDatum":"Approximate LAT","depthDatumCode":42,"depthDatumStatus":"VERIFIED_FROM_OFFICIAL_DOCUMENTATION","verticalDatum":"Local Datum","verticalDatumCode":24,"napIdentityStatus":"UNVERIFIED","sourceFeatureLnam":"1F2B6A42B3957537","sourceCellId":"1R768ZBI","sourceChecksum":"3882591018ee8c2c622e5d3fad12629ad1cd467cd148b39008bf6c9cec5cb7f4","pipelineFeatureId":"1R768ZBI/SOUNDG/1280595969/118","provenance":{"cellId":"1R768ZBI","checksum":"3882591018ee8c2c622e5d3fad12629ad1cd467cd148b39008bf6c9cec5cb7f4","readerVersion":"GDAL 3.2.2","processedAt":"2026-08-11T13:43:44.753Z"}}},{"type":"Feature","geometry":{"type":"Point","coordinates":[3.9274865,51.4387466]},"properties":{"chartedValueMetres":1.1,"chartedValueRelationToDatum":"below","depthDatum":"Approximate LAT","depthDatumCode":42,"depthDatumStatus":"VERIFIED_FROM_OFFICIAL_DOCUMENTATION","verticalDatum":"Local Datum","verticalDatumCode":24,"napIdentityStatus":"UNVERIFIED","sourceFeatureLnam":"1F2B6A42B3957537","sourceCellId":"1R768ZBI","sourceChecksum":"3882591018ee8c2c622e5d3fad12629ad1cd467cd148b39008bf6c9cec5cb7f4","pipelineFeatureId":"1R768ZBI/SOUNDG/1280595969/119","provenance":{"cellId":"1R768ZBI","checksum":"3882591018ee8c2c622e5d3fad12629ad1cd467cd148b39008bf6c9cec5cb7f4","readerVersion":"GDAL 3.2.2","processedAt":"2026-08-11T13:43:44.753Z"}}},{"type":"Feature","geometry":{"type":"Point","coordinates":[3.9221321,51.4300665]},"properties":{"chartedValueMetres":1.7,"chartedValueRelationToDatum":"below","depthDatum":"Approximate LAT","depthDatumCode":42,"depthDatumStatus":"VERIFIED_FROM_OFFICIAL_DOCUMENTATION","verticalDatum":"Local Datum","verticalDatumCode":24,"napIdentityStatus":"UNVERIFIED","sourceFeatureLnam":"1F2B6A42B3957537","sourceCellId":"1R768ZBI","sourceChecksum":"3882591018ee8c2c622e5d3fad12629ad1cd467cd148b39008bf6c9cec5cb7f4","pipelineFeatureId":"1R768ZBI/SOUNDG/1280595969/120","provenance":{"cellId":"1R768ZBI","checksum":"3882591018ee8c2c622e5d3fad12629ad1cd467cd148b39008bf6c9cec5cb7f4","readerVersion":"GDAL 3.2.2","processedAt":"2026-08-11T13:43:44.753Z"}}},{"type":"Feature","geometry":{"type":"Point","coordinates":[3.9225745,51.4306026]},"properties":{"chartedValueMetres":2.2,"chartedValueRelationToDatum":"below","depthDatum":"Approximate LAT","depthDatumCode":42,"depthDatumStatus":"VERIFIED_FROM_OFFICIAL_DOCUMENTATION","verticalDatum":"Local Datum","verticalDatumCode":24,"napIdentityStatus":"UNVERIFIED","sourceFeatureLnam":"1F2B6A42B3957537","sourceCellId":"1R768ZBI","sourceChecksum":"3882591018ee8c2c622e5d3fad12629ad1cd467cd148b39008bf6c9cec5cb7f4","pipelineFeatureId":"1R768ZBI/SOUNDG/1280595969/121","provenance":{"cellId":"1R768ZBI","checksum":"3882591018ee8c2c622e5d3fad12629ad1cd467cd148b39008bf6c9cec5cb7f4","readerVersion":"GDAL 3.2.2","processedAt":"2026-08-11T13:43:44.753Z"}}},{"type":"Feature","geometry":{"type":"Point","coordinates":[3.9231625,51.4312274]},"properties":{"chartedValueMetres":3.1,"chartedValueRelationToDatum":"below","depthDatum":"Approximate LAT","depthDatumCode":42,"depthDatumStatus":"VERIFIED_FROM_OFFICIAL_DOCUMENTATION","verticalDatum":"Local Datum","verticalDatumCode":24,"napIdentityStatus":"UNVERIFIED","sourceFeatureLnam":"1F2B6A42B3957537","sourceCellId":"1R768ZBI","sourceChecksum":"3882591018ee8c2c622e5d3fad12629ad1cd467cd148b39008bf6c9cec5cb7f4","pipelineFeatureId":"1R768ZBI/SOUNDG/1280595969/122","provenance":{"cellId":"1R768ZBI","checksum":"3882591018ee8c2c622e5d3fad12629ad1cd467cd148b39008bf6c9cec5cb7f4","readerVersion":"GDAL 3.2.2","processedAt":"2026-08-11T13:43:44.753Z"}}},{"type":"Feature","geometry":{"type":"Point","coordinates":[3.9262411,51.4340806]},"properties":{"chartedValueMetres":3.3,"chartedValueRelationToDatum":"below","depthDatum":"Approximate LAT","depthDatumCode":42,"depthDatumStatus":"VERIFIED_FROM_OFFICIAL_DOCUMENTATION","verticalDatum":"Local Datum","verticalDatumCode":24,"napIdentityStatus":"UNVERIFIED","sourceFeatureLnam":"1F2B6A42B3957537","sourceCellId":"1R768ZBI","sourceChecksum":"3882591018ee8c2c622e5d3fad12629ad1cd467cd148b39008bf6c9cec5cb7f4","pipelineFeatureId":"1R768ZBI/SOUNDG/1280595969/123","provenance":{"cellId":"1R768ZBI","checksum":"3882591018ee8c2c622e5d3fad12629ad1cd467cd148b39008bf6c9cec5cb7f4","readerVersion":"GDAL 3.2.2","processedAt":"2026-08-11T13:43:44.753Z"}}},{"type":"Feature","geometry":{"type":"Point","coordinates":[3.9238962,51.431941]},"properties":{"chartedValueMetres":3.3,"chartedValueRelationToDatum":"below","depthDatum":"Approximate LAT","depthDatumCode":42,"depthDatumStatus":"VERIFIED_FROM_OFFICIAL_DOCUMENTATION","verticalDatum":"Local Datum","verticalDatumCode":24,"napIdentityStatus":"UNVERIFIED","sourceFeatureLnam":"1F2B6A42B3957537","sourceCellId":"1R768ZBI","sourceChecksum":"3882591018ee8c2c622e5d3fad12629ad1cd467cd148b39008bf6c9cec5cb7f4","pipelineFeatureId":"1R768ZBI/SOUNDG/1280595969/124","provenance":{"cellId":"1R768ZBI","checksum":"3882591018ee8c2c622e5d3fad12629ad1cd467cd148b39008bf6c9cec5cb7f4","readerVersion":"GDAL 3.2.2","processedAt":"2026-08-11T13:43:44.753Z"}}},{"type":"Feature","geometry":{"type":"Point","coordinates":[3.926709,51.4358753]},"properties":{"chartedValueMetres":3.5,"chartedValueRelationToDatum":"below","depthDatum":"Approximate LAT","depthDatumCode":42,"depthDatumStatus":"VERIFIED_FROM_OFFICIAL_DOCUMENTATION","verticalDatum":"Local Datum","verticalDatumCode":24,"napIdentityStatus":"UNVERIFIED","sourceFeatureLnam":"1F2B6A42B3957537","sourceCellId":"1R768ZBI","sourceChecksum":"3882591018ee8c2c622e5d3fad12629ad1cd467cd148b39008bf6c9cec5cb7f4","pipelineFeatureId":"1R768ZBI/SOUNDG/1280595969/125","provenance":{"cellId":"1R768ZBI","checksum":"3882591018ee8c2c622e5d3fad12629ad1cd467cd148b39008bf6c9cec5cb7f4","readerVersion":"GDAL 3.2.2","processedAt":"2026-08-11T13:43:44.753Z"}}},{"type":"Feature","geometry":{"type":"Point","coordinates":[3.9332782,51.4334852]},"properties":{"chartedValueMetres":3.6,"chartedValueRelationToDatum":"below","depthDatum":"Approximate LAT","depthDatumCode":42,"depthDatumStatus":"VERIFIED_FROM_OFFICIAL_DOCUMENTATION","verticalDatum":"Local Datum","verticalDatumCode":24,"napIdentityStatus":"UNVERIFIED","sourceFeatureLnam":"1F2B6A42B3957537","sourceCellId":"1R768ZBI","sourceChecksum":"3882591018ee8c2c622e5d3fad12629ad1cd467cd148b39008bf6c9cec5cb7f4","pipelineFeatureId":"1R768ZBI/SOUNDG/1280595969/126","provenance":{"cellId":"1R768ZBI","checksum":"3882591018ee8c2c622e5d3fad12629ad1cd467cd148b39008bf6c9cec5cb7f4","readerVersion":"GDAL 3.2.2","processedAt":"2026-08-11T13:43:44.753Z"}}},{"type":"Feature","geometry":{"type":"Point","coordinates":[3.9331161,51.4325873]},"properties":{"chartedValueMetres":3.7,"chartedValueRelationToDatum":"below","depthDatum":"Approximate LAT","depthDatumCode":42,"depthDatumStatus":"VERIFIED_FROM_OFFICIAL_DOCUMENTATION","verticalDatum":"Local Datum","verticalDatumCode":24,"napIdentityStatus":"UNVERIFIED","sourceFeatureLnam":"1F2B6A42B3957537","sourceCellId":"1R768ZBI","sourceChecksum":"3882591018ee8c2c622e5d3fad12629ad1cd467cd148b39008bf6c9cec5cb7f4","pipelineFeatureId":"1R768ZBI/SOUNDG/1280595969/127","provenance":{"cellId":"1R768ZBI","checksum":"3882591018ee8c2c622e5d3fad12629ad1cd467cd148b39008bf6c9cec5cb7f4","readerVersion":"GDAL 3.2.2","processedAt":"2026-08-11T13:43:44.753Z"}}},{"type":"Feature","geometry":{"type":"Point","coordinates":[3.9244824,51.4324759]},"properties":{"chartedValueMetres":3.8,"chartedValueRelationToDatum":"below","depthDatum":"Approximate LAT","depthDatumCode":42,"depthDatumStatus":"VERIFIED_FROM_OFFICIAL_DOCUMENTATION","verticalDatum":"Local Datum","verticalDatumCode":24,"napIdentityStatus":"UNVERIFIED","sourceFeatureLnam":"1F2B6A42B3957537","sourceCellId":"1R768ZBI","sourceChecksum":"3882591018ee8c2c622e5d3fad12629ad1cd467cd148b39008bf6c9cec5cb7f4","pipelineFeatureId":"1R768ZBI/SOUNDG/1280595969/128","provenance":{"cellId":"1R768ZBI","checksum":"3882591018ee8c2c622e5d3fad12629ad1cd467cd148b39008bf6c9cec5cb7f4","readerVersion":"GDAL 3.2.2","processedAt":"2026-08-11T13:43:44.753Z"}}},{"type":"Feature","geometry":{"type":"Point","coordinates":[3.9194657,51.4262209]},"properties":{"chartedValueMetres":3.9,"chartedValueRelationToDatum":"below","depthDatum":"Approximate LAT","depthDatumCode":42,"depthDatumStatus":"VERIFIED_FROM_OFFICIAL_DOCUMENTATION","verticalDatum":"Local Datum","verticalDatumCode":24,"napIdentityStatus":"UNVERIFIED","sourceFeatureLnam":"1F2B6A42B3957537","sourceCellId":"1R768ZBI","sourceChecksum":"3882591018ee8c2c622e5d3fad12629ad1cd467cd148b39008bf6c9cec5cb7f4","pipelineFeatureId":"1R768ZBI/SOUNDG/1280595969/129","provenance":{"cellId":"1R768ZBI","checksum":"3882591018ee8c2c622e5d3fad12629ad1cd467cd148b39008bf6c9cec5cb7f4","readerVersion":"GDAL 3.2.2","processedAt":"2026-08-11T13:43:44.753Z"}}},{"type":"Feature","geometry":{"type":"Point","coordinates":[3.9332434,51.4458946]},"properties":{"chartedValueMetres":4,"chartedValueRelationToDatum":"below","depthDatum":"Approximate LAT","depthDatumCode":42,"depthDatumStatus":"VERIFIED_FROM_OFFICIAL_DOCUMENTATION","verticalDatum":"Local Datum","verticalDatumCode":24,"napIdentityStatus":"UNVERIFIED","sourceFeatureLnam":"1F2B6A42B3957537","sourceCellId":"1R768ZBI","sourceChecksum":"3882591018ee8c2c622e5d3fad12629ad1cd467cd148b39008bf6c9cec5cb7f4","pipelineFeatureId":"1R768ZBI/SOUNDG/1280595969/130","provenance":{"cellId":"1R768ZBI","checksum":"3882591018ee8c2c622e5d3fad12629ad1cd467cd148b39008bf6c9cec5cb7f4","readerVersion":"GDAL 3.2.2","processedAt":"2026-08-11T13:43:44.753Z"}}},{"type":"Feature","geometry":{"type":"Point","coordinates":[3.9200644,51.4273851]},"properties":{"chartedValueMetres":4.2,"chartedValueRelationToDatum":"below","depthDatum":"Approximate LAT","depthDatumCode":42,"depthDatumStatus":"VERIFIED_FROM_OFFICIAL_DOCUMENTATION","verticalDatum":"Local Datum","verticalDatumCode":24,"napIdentityStatus":"UNVERIFIED","sourceFeatureLnam":"1F2B6A42B3957537","sourceCellId":"1R768ZBI","sourceChecksum":"3882591018ee8c2c622e5d3fad12629ad1cd467cd148b39008bf6c9cec5cb7f4","pipelineFeatureId":"1R768ZBI/SOUNDG/1280595969/131","provenance":{"cellId":"1R768ZBI","checksum":"3882591018ee8c2c622e5d3fad12629ad1cd467cd148b39008bf6c9cec5cb7f4","readerVersion":"GDAL 3.2.2","processedAt":"2026-08-11T13:43:44.753Z"}}},{"type":"Feature","geometry":{"type":"Point","coordinates":[3.9327058,51.4265659]},"properties":{"chartedValueMetres":4.4,"chartedValueRelationToDatum":"below","depthDatum":"Approximate LAT","depthDatumCode":42,"depthDatumStatus":"VERIFIED_FROM_OFFICIAL_DOCUMENTATION","verticalDatum":"Local Datum","verticalDatumCode":24,"napIdentityStatus":"UNVERIFIED","sourceFeatureLnam":"1F2B6A42B3957537","sourceCellId":"1R768ZBI","sourceChecksum":"3882591018ee8c2c622e5d3fad12629ad1cd467cd148b39008bf6c9cec5cb7f4","pipelineFeatureId":"1R768ZBI/SOUNDG/1280595969/132","provenance":{"cellId":"1R768ZBI","checksum":"3882591018ee8c2c622e5d3fad12629ad1cd467cd148b39008bf6c9cec5cb7f4","readerVersion":"GDAL 3.2.2","processedAt":"2026-08-11T13:43:44.753Z"}}},{"type":"Feature","geometry":{"type":"Point","coordinates":[3.9328156,51.4319603]},"properties":{"chartedValueMetres":5.1,"chartedValueRelationToDatum":"below","depthDatum":"Approximate LAT","depthDatumCode":42,"depthDatumStatus":"VERIFIED_FROM_OFFICIAL_DOCUMENTATION","verticalDatum":"Local Datum","verticalDatumCode":24,"napIdentityStatus":"UNVERIFIED","sourceFeatureLnam":"1F2B6A42B3957537","sourceCellId":"1R768ZBI","sourceChecksum":"3882591018ee8c2c622e5d3fad12629ad1cd467cd148b39008bf6c9cec5cb7f4","pipelineFeatureId":"1R768ZBI/SOUNDG/1280595969/133","provenance":{"cellId":"1R768ZBI","checksum":"3882591018ee8c2c622e5d3fad12629ad1cd467cd148b39008bf6c9cec5cb7f4","readerVersion":"GDAL 3.2.2","processedAt":"2026-08-11T13:43:44.753Z"}}},{"type":"Feature","geometry":{"type":"Point","coordinates":[3.9332911,51.4341146]},"properties":{"chartedValueMetres":5.7,"chartedValueRelationToDatum":"below","depthDatum":"Approximate LAT","depthDatumCode":42,"depthDatumStatus":"VERIFIED_FROM_OFFICIAL_DOCUMENTATION","verticalDatum":"Local Datum","verticalDatumCode":24,"napIdentityStatus":"UNVERIFIED","sourceFeatureLnam":"1F2B6A42B3957537","sourceCellId":"1R768ZBI","sourceChecksum":"3882591018ee8c2c622e5d3fad12629ad1cd467cd148b39008bf6c9cec5cb7f4","pipelineFeatureId":"1R768ZBI/SOUNDG/1280595969/134","provenance":{"cellId":"1R768ZBI","checksum":"3882591018ee8c2c622e5d3fad12629ad1cd467cd148b39008bf6c9cec5cb7f4","readerVersion":"GDAL 3.2.2","processedAt":"2026-08-11T13:43:44.753Z"}}},{"type":"Feature","geometry":{"type":"Point","coordinates":[3.9332361,51.4314174]},"properties":{"chartedValueMetres":6,"chartedValueRelationToDatum":"below","depthDatum":"Approximate LAT","depthDatumCode":42,"depthDatumStatus":"VERIFIED_FROM_OFFICIAL_DOCUMENTATION","verticalDatum":"Local Datum","verticalDatumCode":24,"napIdentityStatus":"UNVERIFIED","sourceFeatureLnam":"1F2B6A42B3957537","sourceCellId":"1R768ZBI","sourceChecksum":"3882591018ee8c2c622e5d3fad12629ad1cd467cd148b39008bf6c9cec5cb7f4","pipelineFeatureId":"1R768ZBI/SOUNDG/1280595969/135","provenance":{"cellId":"1R768ZBI","checksum":"3882591018ee8c2c622e5d3fad12629ad1cd467cd148b39008bf6c9cec5cb7f4","readerVersion":"GDAL 3.2.2","processedAt":"2026-08-11T13:43:44.753Z"}}},{"type":"Feature","geometry":{"type":"Point","coordinates":[3.9275666,51.4355988]},"properties":{"chartedValueMetres":6.4,"chartedValueRelationToDatum":"below","depthDatum":"Approximate LAT","depthDatumCode":42,"depthDatumStatus":"VERIFIED_FROM_OFFICIAL_DOCUMENTATION","verticalDatum":"Local Datum","verticalDatumCode":24,"napIdentityStatus":"UNVERIFIED","sourceFeatureLnam":"1F2B6A42B3957537","sourceCellId":"1R768ZBI","sourceChecksum":"3882591018ee8c2c622e5d3fad12629ad1cd467cd148b39008bf6c9cec5cb7f4","pipelineFeatureId":"1R768ZBI/SOUNDG/1280595969/136","provenance":{"cellId":"1R768ZBI","checksum":"3882591018ee8c2c622e5d3fad12629ad1cd467cd148b39008bf6c9cec5cb7f4","readerVersion":"GDAL 3.2.2","processedAt":"2026-08-11T13:43:44.753Z"}}},{"type":"Feature","geometry":{"type":"Point","coordinates":[3.9276103,51.4377565]},"properties":{"chartedValueMetres":6.8,"chartedValueRelationToDatum":"below","depthDatum":"Approximate LAT","depthDatumCode":42,"depthDatumStatus":"VERIFIED_FROM_OFFICIAL_DOCUMENTATION","verticalDatum":"Local Datum","verticalDatumCode":24,"napIdentityStatus":"UNVERIFIED","sourceFeatureLnam":"1F2B6A42B3957537","sourceCellId":"1R768ZBI","sourceChecksum":"3882591018ee8c2c622e5d3fad12629ad1cd467cd148b39008bf6c9cec5cb7f4","pipelineFeatureId":"1R768ZBI/SOUNDG/1280595969/137","provenance":{"cellId":"1R768ZBI","checksum":"3882591018ee8c2c622e5d3fad12629ad1cd467cd148b39008bf6c9cec5cb7f4","readerVersion":"GDAL 3.2.2","processedAt":"2026-08-11T13:43:44.753Z"}}},{"type":"Feature","geometry":{"type":"Point","coordinates":[3.9214953,51.4270142]},"properties":{"chartedValueMetres":6.8,"chartedValueRelationToDatum":"below","depthDatum":"Approximate LAT","depthDatumCode":42,"depthDatumStatus":"VERIFIED_FROM_OFFICIAL_DOCUMENTATION","verticalDatum":"Local Datum","verticalDatumCode":24,"napIdentityStatus":"UNVERIFIED","sourceFeatureLnam":"1F2B6A42B3957537","sourceCellId":"1R768ZBI","sourceChecksum":"3882591018ee8c2c622e5d3fad12629ad1cd467cd148b39008bf6c9cec5cb7f4","pipelineFeatureId":"1R768ZBI/SOUNDG/1280595969/138","provenance":{"cellId":"1R768ZBI","checksum":"3882591018ee8c2c622e5d3fad12629ad1cd467cd148b39008bf6c9cec5cb7f4","readerVersion":"GDAL 3.2.2","processedAt":"2026-08-11T13:43:44.753Z"}}},{"type":"Feature","geometry":{"type":"Point","coordinates":[3.9209345,51.427738]},"properties":{"chartedValueMetres":7,"chartedValueRelationToDatum":"below","depthDatum":"Approximate LAT","depthDatumCode":42,"depthDatumStatus":"VERIFIED_FROM_OFFICIAL_DOCUMENTATION","verticalDatum":"Local Datum","verticalDatumCode":24,"napIdentityStatus":"UNVERIFIED","sourceFeatureLnam":"1F2B6A42B3957537","sourceCellId":"1R768ZBI","sourceChecksum":"3882591018ee8c2c622e5d3fad12629ad1cd467cd148b39008bf6c9cec5cb7f4","pipelineFeatureId":"1R768ZBI/SOUNDG/1280595969/139","provenance":{"cellId":"1R768ZBI","checksum":"3882591018ee8c2c622e5d3fad12629ad1cd467cd148b39008bf6c9cec5cb7f4","readerVersion":"GDAL 3.2.2","processedAt":"2026-08-11T13:43:44.753Z"}}},{"type":"Feature","geometry":{"type":"Point","coordinates":[3.92076,51.4262107]},"properties":{"chartedValueMetres":7.1,"chartedValueRelationToDatum":"below","depthDatum":"Approximate LAT","depthDatumCode":42,"depthDatumStatus":"VERIFIED_FROM_OFFICIAL_DOCUMENTATION","verticalDatum":"Local Datum","verticalDatumCode":24,"napIdentityStatus":"UNVERIFIED","sourceFeatureLnam":"1F2B6A42B3957537","sourceCellId":"1R768ZBI","sourceChecksum":"3882591018ee8c2c622e5d3fad12629ad1cd467cd148b39008bf6c9cec5cb7f4","pipelineFeatureId":"1R768ZBI/SOUNDG/1280595969/140","provenance":{"cellId":"1R768ZBI","checksum":"3882591018ee8c2c622e5d3fad12629ad1cd467cd148b39008bf6c9cec5cb7f4","readerVersion":"GDAL 3.2.2","processedAt":"2026-08-11T13:43:44.753Z"}}},{"type":"Feature","geometry":{"type":"Point","coordinates":[3.9225256,51.4281751]},"properties":{"chartedValueMetres":7.3,"chartedValueRelationToDatum":"below","depthDatum":"Approximate LAT","depthDatumCode":42,"depthDatumStatus":"VERIFIED_FROM_OFFICIAL_DOCUMENTATION","verticalDatum":"Local Datum","verticalDatumCode":24,"napIdentityStatus":"UNVERIFIED","sourceFeatureLnam":"1F2B6A42B3957537","sourceCellId":"1R768ZBI","sourceChecksum":"3882591018ee8c2c622e5d3fad12629ad1cd467cd148b39008bf6c9cec5cb7f4","pipelineFeatureId":"1R768ZBI/SOUNDG/1280595969/141","provenance":{"cellId":"1R768ZBI","checksum":"3882591018ee8c2c622e5d3fad12629ad1cd467cd148b39008bf6c9cec5cb7f4","readerVersion":"GDAL 3.2.2","processedAt":"2026-08-11T13:43:44.753Z"}}},{"type":"Feature","geometry":{"type":"Point","coordinates":[3.921896,51.4254824]},"properties":{"chartedValueMetres":7.5,"chartedValueRelationToDatum":"below","depthDatum":"Approximate LAT","depthDatumCode":42,"depthDatumStatus":"VERIFIED_FROM_OFFICIAL_DOCUMENTATION","verticalDatum":"Local Datum","verticalDatumCode":24,"napIdentityStatus":"UNVERIFIED","sourceFeatureLnam":"1F2B6A42B3957537","sourceCellId":"1R768ZBI","sourceChecksum":"3882591018ee8c2c622e5d3fad12629ad1cd467cd148b39008bf6c9cec5cb7f4","pipelineFeatureId":"1R768ZBI/SOUNDG/1280595969/142","provenance":{"cellId":"1R768ZBI","checksum":"3882591018ee8c2c622e5d3fad12629ad1cd467cd148b39008bf6c9cec5cb7f4","readerVersion":"GDAL 3.2.2","processedAt":"2026-08-11T13:43:44.753Z"}}},{"type":"Feature","geometry":{"type":"Point","coordinates":[3.9227499,51.4250261]},"properties":{"chartedValueMetres":7.7,"chartedValueRelationToDatum":"below","depthDatum":"Approximate LAT","depthDatumCode":42,"depthDatumStatus":"VERIFIED_FROM_OFFICIAL_DOCUMENTATION","verticalDatum":"Local Datum","verticalDatumCode":24,"napIdentityStatus":"UNVERIFIED","sourceFeatureLnam":"1F2B6A42B3957537","sourceCellId":"1R768ZBI","sourceChecksum":"3882591018ee8c2c622e5d3fad12629ad1cd467cd148b39008bf6c9cec5cb7f4","pipelineFeatureId":"1R768ZBI/SOUNDG/1280595969/143","provenance":{"cellId":"1R768ZBI","checksum":"3882591018ee8c2c622e5d3fad12629ad1cd467cd148b39008bf6c9cec5cb7f4","readerVersion":"GDAL 3.2.2","processedAt":"2026-08-11T13:43:44.753Z"}}},{"type":"Feature","geometry":{"type":"Point","coordinates":[3.9241711,51.4313094]},"properties":{"chartedValueMetres":7.8,"chartedValueRelationToDatum":"below","depthDatum":"Approximate LAT","depthDatumCode":42,"depthDatumStatus":"VERIFIED_FROM_OFFICIAL_DOCUMENTATION","verticalDatum":"Local Datum","verticalDatumCode":24,"napIdentityStatus":"UNVERIFIED","sourceFeatureLnam":"1F2B6A42B3957537","sourceCellId":"1R768ZBI","sourceChecksum":"3882591018ee8c2c622e5d3fad12629ad1cd467cd148b39008bf6c9cec5cb7f4","pipelineFeatureId":"1R768ZBI/SOUNDG/1280595969/144","provenance":{"cellId":"1R768ZBI","checksum":"3882591018ee8c2c622e5d3fad12629ad1cd467cd148b39008bf6c9cec5cb7f4","readerVersion":"GDAL 3.2.2","processedAt":"2026-08-11T13:43:44.753Z"}}},{"type":"Feature","geometry":{"type":"Point","coordinates":[3.9231389,51.4300586]},"properties":{"chartedValueMetres":7.8,"chartedValueRelationToDatum":"below","depthDatum":"Approximate LAT","depthDatumCode":42,"depthDatumStatus":"VERIFIED_FROM_OFFICIAL_DOCUMENTATION","verticalDatum":"Local Datum","verticalDatumCode":24,"napIdentityStatus":"UNVERIFIED","sourceFeatureLnam":"1F2B6A42B3957537","sourceCellId":"1R768ZBI","sourceChecksum":"3882591018ee8c2c622e5d3fad12629ad1cd467cd148b39008bf6c9cec5cb7f4","pipelineFeatureId":"1R768ZBI/SOUNDG/1280595969/145","provenance":{"cellId":"1R768ZBI","checksum":"3882591018ee8c2c622e5d3fad12629ad1cd467cd148b39008bf6c9cec5cb7f4","readerVersion":"GDAL 3.2.2","processedAt":"2026-08-11T13:43:44.753Z"}}},{"type":"Feature","geometry":{"type":"Point","coordinates":[3.9222506,51.4288067]},"properties":{"chartedValueMetres":7.8,"chartedValueRelationToDatum":"below","depthDatum":"Approximate LAT","depthDatumCode":42,"depthDatumStatus":"VERIFIED_FROM_OFFICIAL_DOCUMENTATION","verticalDatum":"Local Datum","verticalDatumCode":24,"napIdentityStatus":"UNVERIFIED","sourceFeatureLnam":"1F2B6A42B3957537","sourceCellId":"1R768ZBI","sourceChecksum":"3882591018ee8c2c622e5d3fad12629ad1cd467cd148b39008bf6c9cec5cb7f4","pipelineFeatureId":"1R768ZBI/SOUNDG/1280595969/146","provenance":{"cellId":"1R768ZBI","checksum":"3882591018ee8c2c622e5d3fad12629ad1cd467cd148b39008bf6c9cec5cb7f4","readerVersion":"GDAL 3.2.2","processedAt":"2026-08-11T13:43:44.753Z"}}},{"type":"Feature","geometry":{"type":"Point","coordinates":[3.9217703,51.4263826]},"properties":{"chartedValueMetres":7.9,"chartedValueRelationToDatum":"below","depthDatum":"Approximate LAT","depthDatumCode":42,"depthDatumStatus":"VERIFIED_FROM_OFFICIAL_DOCUMENTATION","verticalDatum":"Local Datum","verticalDatumCode":24,"napIdentityStatus":"UNVERIFIED","sourceFeatureLnam":"1F2B6A42B3957537","sourceCellId":"1R768ZBI","sourceChecksum":"3882591018ee8c2c622e5d3fad12629ad1cd467cd148b39008bf6c9cec5cb7f4","pipelineFeatureId":"1R768ZBI/SOUNDG/1280595969/147","provenance":{"cellId":"1R768ZBI","checksum":"3882591018ee8c2c622e5d3fad12629ad1cd467cd148b39008bf6c9cec5cb7f4","readerVersion":"GDAL 3.2.2","processedAt":"2026-08-11T13:43:44.753Z"}}},{"type":"Feature","geometry":{"type":"Point","coordinates":[3.9240496,51.4252856]},"properties":{"chartedValueMetres":8,"chartedValueRelationToDatum":"below","depthDatum":"Approximate LAT","depthDatumCode":42,"depthDatumStatus":"VERIFIED_FROM_OFFICIAL_DOCUMENTATION","verticalDatum":"Local Datum","verticalDatumCode":24,"napIdentityStatus":"UNVERIFIED","sourceFeatureLnam":"1F2B6A42B3957537","sourceCellId":"1R768ZBI","sourceChecksum":"3882591018ee8c2c622e5d3fad12629ad1cd467cd148b39008bf6c9cec5cb7f4","pipelineFeatureId":"1R768ZBI/SOUNDG/1280595969/148","provenance":{"cellId":"1R768ZBI","checksum":"3882591018ee8c2c622e5d3fad12629ad1cd467cd148b39008bf6c9cec5cb7f4","readerVersion":"GDAL 3.2.2","processedAt":"2026-08-11T13:43:44.753Z"}}},{"type":"Feature","geometry":{"type":"Point","coordinates":[3.9249361,51.4264476]},"properties":{"chartedValueMetres":8,"chartedValueRelationToDatum":"below","depthDatum":"Approximate LAT","depthDatumCode":42,"depthDatumStatus":"VERIFIED_FROM_OFFICIAL_DOCUMENTATION","verticalDatum":"Local Datum","verticalDatumCode":24,"napIdentityStatus":"UNVERIFIED","sourceFeatureLnam":"1F2B6A42B3957537","sourceCellId":"1R768ZBI","sourceChecksum":"3882591018ee8c2c622e5d3fad12629ad1cd467cd148b39008bf6c9cec5cb7f4","pipelineFeatureId":"1R768ZBI/SOUNDG/1280595969/149","provenance":{"cellId":"1R768ZBI","checksum":"3882591018ee8c2c622e5d3fad12629ad1cd467cd148b39008bf6c9cec5cb7f4","readerVersion":"GDAL 3.2.2","processedAt":"2026-08-11T13:43:44.753Z"}}},{"type":"Feature","geometry":{"type":"Point","coordinates":[3.9233541,51.4264601]},"properties":{"chartedValueMetres":8,"chartedValueRelationToDatum":"below","depthDatum":"Approximate LAT","depthDatumCode":42,"depthDatumStatus":"VERIFIED_FROM_OFFICIAL_DOCUMENTATION","verticalDatum":"Local Datum","verticalDatumCode":24,"napIdentityStatus":"UNVERIFIED","sourceFeatureLnam":"1F2B6A42B3957537","sourceCellId":"1R768ZBI","sourceChecksum":"3882591018ee8c2c622e5d3fad12629ad1cd467cd148b39008bf6c9cec5cb7f4","pipelineFeatureId":"1R768ZBI/SOUNDG/1280595969/150","provenance":{"cellId":"1R768ZBI","checksum":"3882591018ee8c2c622e5d3fad12629ad1cd467cd148b39008bf6c9cec5cb7f4","readerVersion":"GDAL 3.2.2","processedAt":"2026-08-11T13:43:44.753Z"}}},{"type":"Feature","geometry":{"type":"Point","coordinates":[3.9327936,51.4308814]},"properties":{"chartedValueMetres":8.1,"chartedValueRelationToDatum":"below","depthDatum":"Approximate LAT","depthDatumCode":42,"depthDatumStatus":"VERIFIED_FROM_OFFICIAL_DOCUMENTATION","verticalDatum":"Local Datum","verticalDatumCode":24,"napIdentityStatus":"UNVERIFIED","sourceFeatureLnam":"1F2B6A42B3957537","sourceCellId":"1R768ZBI","sourceChecksum":"3882591018ee8c2c622e5d3fad12629ad1cd467cd148b39008bf6c9cec5cb7f4","pipelineFeatureId":"1R768ZBI/SOUNDG/1280595969/151","provenance":{"cellId":"1R768ZBI","checksum":"3882591018ee8c2c622e5d3fad12629ad1cd467cd148b39008bf6c9cec5cb7f4","readerVersion":"GDAL 3.2.2","processedAt":"2026-08-11T13:43:44.753Z"}}},{"type":"Feature","geometry":{"type":"Point","coordinates":[3.923629,51.4258285]},"properties":{"chartedValueMetres":8.1,"chartedValueRelationToDatum":"below","depthDatum":"Approximate LAT","depthDatumCode":42,"depthDatumStatus":"VERIFIED_FROM_OFFICIAL_DOCUMENTATION","verticalDatum":"Local Datum","verticalDatumCode":24,"napIdentityStatus":"UNVERIFIED","sourceFeatureLnam":"1F2B6A42B3957537","sourceCellId":"1R768ZBI","sourceChecksum":"3882591018ee8c2c622e5d3fad12629ad1cd467cd148b39008bf6c9cec5cb7f4","pipelineFeatureId":"1R768ZBI/SOUNDG/1280595969/152","provenance":{"cellId":"1R768ZBI","checksum":"3882591018ee8c2c622e5d3fad12629ad1cd467cd148b39008bf6c9cec5cb7f4","readerVersion":"GDAL 3.2.2","processedAt":"2026-08-11T13:43:44.753Z"}}},{"type":"Feature","geometry":{"type":"Point","coordinates":[3.9231208,51.4291595]},"properties":{"chartedValueMetres":8.2,"chartedValueRelationToDatum":"below","depthDatum":"Approximate LAT","depthDatumCode":42,"depthDatumStatus":"VERIFIED_FROM_OFFICIAL_DOCUMENTATION","verticalDatum":"Local Datum","verticalDatumCode":24,"napIdentityStatus":"UNVERIFIED","sourceFeatureLnam":"1F2B6A42B3957537","sourceCellId":"1R768ZBI","sourceChecksum":"3882591018ee8c2c622e5d3fad12629ad1cd467cd148b39008bf6c9cec5cb7f4","pipelineFeatureId":"1R768ZBI/SOUNDG/1280595969/153","provenance":{"cellId":"1R768ZBI","checksum":"3882591018ee8c2c622e5d3fad12629ad1cd467cd148b39008bf6c9cec5cb7f4","readerVersion":"GDAL 3.2.2","processedAt":"2026-08-11T13:43:44.753Z"}}},{"type":"Feature","geometry":{"type":"Point","coordinates":[3.9208912,51.4255802]},"properties":{"chartedValueMetres":8.2,"chartedValueRelationToDatum":"below","depthDatum":"Approximate LAT","depthDatumCode":42,"depthDatumStatus":"VERIFIED_FROM_OFFICIAL_DOCUMENTATION","verticalDatum":"Local Datum","verticalDatumCode":24,"napIdentityStatus":"UNVERIFIED","sourceFeatureLnam":"1F2B6A42B3957537","sourceCellId":"1R768ZBI","sourceChecksum":"3882591018ee8c2c622e5d3fad12629ad1cd467cd148b39008bf6c9cec5cb7f4","pipelineFeatureId":"1R768ZBI/SOUNDG/1280595969/154","provenance":{"cellId":"1R768ZBI","checksum":"3882591018ee8c2c622e5d3fad12629ad1cd467cd148b39008bf6c9cec5cb7f4","readerVersion":"GDAL 3.2.2","processedAt":"2026-08-11T13:43:44.753Z"}}},{"type":"Feature","geometry":{"type":"Point","coordinates":[3.9317868,51.4308894]},"properties":{"chartedValueMetres":8.3,"chartedValueRelationToDatum":"below","depthDatum":"Approximate LAT","depthDatumCode":42,"depthDatumStatus":"VERIFIED_FROM_OFFICIAL_DOCUMENTATION","verticalDatum":"Local Datum","verticalDatumCode":24,"napIdentityStatus":"UNVERIFIED","sourceFeatureLnam":"1F2B6A42B3957537","sourceCellId":"1R768ZBI","sourceChecksum":"3882591018ee8c2c622e5d3fad12629ad1cd467cd148b39008bf6c9cec5cb7f4","pipelineFeatureId":"1R768ZBI/SOUNDG/1280595969/155","provenance":{"cellId":"1R768ZBI","checksum":"3882591018ee8c2c622e5d3fad12629ad1cd467cd148b39008bf6c9cec5cb7f4","readerVersion":"GDAL 3.2.2","processedAt":"2026-08-11T13:43:44.753Z"}}},{"type":"Feature","geometry":{"type":"Point","coordinates":[3.9226441,51.4269153]},"properties":{"chartedValueMetres":8.3,"chartedValueRelationToDatum":"below","depthDatum":"Approximate LAT","depthDatumCode":42,"depthDatumStatus":"VERIFIED_FROM_OFFICIAL_DOCUMENTATION","verticalDatum":"Local Datum","verticalDatumCode":24,"napIdentityStatus":"UNVERIFIED","sourceFeatureLnam":"1F2B6A42B3957537","sourceCellId":"1R768ZBI","sourceChecksum":"3882591018ee8c2c622e5d3fad12629ad1cd467cd148b39008bf6c9cec5cb7f4","pipelineFeatureId":"1R768ZBI/SOUNDG/1280595969/156","provenance":{"cellId":"1R768ZBI","checksum":"3882591018ee8c2c622e5d3fad12629ad1cd467cd148b39008bf6c9cec5cb7f4","readerVersion":"GDAL 3.2.2","processedAt":"2026-08-11T13:43:44.753Z"}}},{"type":"Feature","geometry":{"type":"Point","coordinates":[3.9236653,51.4276266]},"properties":{"chartedValueMetres":8.3,"chartedValueRelationToDatum":"below","depthDatum":"Approximate LAT","depthDatumCode":42,"depthDatumStatus":"VERIFIED_FROM_OFFICIAL_DOCUMENTATION","verticalDatum":"Local Datum","verticalDatumCode":24,"napIdentityStatus":"UNVERIFIED","sourceFeatureLnam":"1F2B6A42B3957537","sourceCellId":"1R768ZBI","sourceChecksum":"3882591018ee8c2c622e5d3fad12629ad1cd467cd148b39008bf6c9cec5cb7f4","pipelineFeatureId":"1R768ZBI/SOUNDG/1280595969/157","provenance":{"cellId":"1R768ZBI","checksum":"3882591018ee8c2c622e5d3fad12629ad1cd467cd148b39008bf6c9cec5cb7f4","readerVersion":"GDAL 3.2.2","processedAt":"2026-08-11T13:43:44.753Z"}}},{"type":"Feature","geometry":{"type":"Point","coordinates":[3.925491,51.4325578]},"properties":{"chartedValueMetres":8.4,"chartedValueRelationToDatum":"below","depthDatum":"Approximate LAT","depthDatumCode":42,"depthDatumStatus":"VERIFIED_FROM_OFFICIAL_DOCUMENTATION","verticalDatum":"Local Datum","verticalDatumCode":24,"napIdentityStatus":"UNVERIFIED","sourceFeatureLnam":"1F2B6A42B3957537","sourceCellId":"1R768ZBI","sourceChecksum":"3882591018ee8c2c622e5d3fad12629ad1cd467cd148b39008bf6c9cec5cb7f4","pipelineFeatureId":"1R768ZBI/SOUNDG/1280595969/158","provenance":{"cellId":"1R768ZBI","checksum":"3882591018ee8c2c622e5d3fad12629ad1cd467cd148b39008bf6c9cec5cb7f4","readerVersion":"GDAL 3.2.2","processedAt":"2026-08-11T13:43:44.753Z"}}},{"type":"Feature","geometry":{"type":"Point","coordinates":[3.925808,51.4268903]},"properties":{"chartedValueMetres":8.4,"chartedValueRelationToDatum":"below","depthDatum":"Approximate LAT","depthDatumCode":42,"depthDatumStatus":"VERIFIED_FROM_OFFICIAL_DOCUMENTATION","verticalDatum":"Local Datum","verticalDatumCode":24,"napIdentityStatus":"UNVERIFIED","sourceFeatureLnam":"1F2B6A42B3957537","sourceCellId":"1R768ZBI","sourceChecksum":"3882591018ee8c2c622e5d3fad12629ad1cd467cd148b39008bf6c9cec5cb7f4","pipelineFeatureId":"1R768ZBI/SOUNDG/1280595969/159","provenance":{"cellId":"1R768ZBI","checksum":"3882591018ee8c2c622e5d3fad12629ad1cd467cd148b39008bf6c9cec5cb7f4","readerVersion":"GDAL 3.2.2","processedAt":"2026-08-11T13:43:44.753Z"}}},{"type":"Feature","geometry":{"type":"Point","coordinates":[3.9310469,51.4440237]},"properties":{"chartedValueMetres":8.5,"chartedValueRelationToDatum":"below","depthDatum":"Approximate LAT","depthDatumCode":42,"depthDatumStatus":"VERIFIED_FROM_OFFICIAL_DOCUMENTATION","verticalDatum":"Local Datum","verticalDatumCode":24,"napIdentityStatus":"UNVERIFIED","sourceFeatureLnam":"1F2B6A42B3957537","sourceCellId":"1R768ZBI","sourceChecksum":"3882591018ee8c2c622e5d3fad12629ad1cd467cd148b39008bf6c9cec5cb7f4","pipelineFeatureId":"1R768ZBI/SOUNDG/1280595969/160","provenance":{"cellId":"1R768ZBI","checksum":"3882591018ee8c2c622e5d3fad12629ad1cd467cd148b39008bf6c9cec5cb7f4","readerVersion":"GDAL 3.2.2","processedAt":"2026-08-11T13:43:44.753Z"}}},{"type":"Feature","geometry":{"type":"Point","coordinates":[3.9252437,51.4274343]},"properties":{"chartedValueMetres":8.6,"chartedValueRelationToDatum":"below","depthDatum":"Approximate LAT","depthDatumCode":42,"depthDatumStatus":"VERIFIED_FROM_OFFICIAL_DOCUMENTATION","verticalDatum":"Local Datum","verticalDatumCode":24,"napIdentityStatus":"UNVERIFIED","sourceFeatureLnam":"1F2B6A42B3957537","sourceCellId":"1R768ZBI","sourceChecksum":"3882591018ee8c2c622e5d3fad12629ad1cd467cd148b39008bf6c9cec5cb7f4","pipelineFeatureId":"1R768ZBI/SOUNDG/1280595969/161","provenance":{"cellId":"1R768ZBI","checksum":"3882591018ee8c2c622e5d3fad12629ad1cd467cd148b39008bf6c9cec5cb7f4","readerVersion":"GDAL 3.2.2","processedAt":"2026-08-11T13:43:44.753Z"}}},{"type":"Feature","geometry":{"type":"Point","coordinates":[3.9246829,51.4281581]},"properties":{"chartedValueMetres":8.6,"chartedValueRelationToDatum":"below","depthDatum":"Approximate LAT","depthDatumCode":42,"depthDatumStatus":"VERIFIED_FROM_OFFICIAL_DOCUMENTATION","verticalDatum":"Local Datum","verticalDatumCode":24,"napIdentityStatus":"UNVERIFIED","sourceFeatureLnam":"1F2B6A42B3957537","sourceCellId":"1R768ZBI","sourceChecksum":"3882591018ee8c2c622e5d3fad12629ad1cd467cd148b39008bf6c9cec5cb7f4","pipelineFeatureId":"1R768ZBI/SOUNDG/1280595969/162","provenance":{"cellId":"1R768ZBI","checksum":"3882591018ee8c2c622e5d3fad12629ad1cd467cd148b39008bf6c9cec5cb7f4","readerVersion":"GDAL 3.2.2","processedAt":"2026-08-11T13:43:44.753Z"}}},{"type":"Feature","geometry":{"type":"Point","coordinates":[3.9257935,51.4261711]},"properties":{"chartedValueMetres":8.7,"chartedValueRelationToDatum":"below","depthDatum":"Approximate LAT","depthDatumCode":42,"depthDatumStatus":"VERIFIED_FROM_OFFICIAL_DOCUMENTATION","verticalDatum":"Local Datum","verticalDatumCode":24,"napIdentityStatus":"UNVERIFIED","sourceFeatureLnam":"1F2B6A42B3957537","sourceCellId":"1R768ZBI","sourceChecksum":"3882591018ee8c2c622e5d3fad12629ad1cd467cd148b39008bf6c9cec5cb7f4","pipelineFeatureId":"1R768ZBI/SOUNDG/1280595969/163","provenance":{"cellId":"1R768ZBI","checksum":"3882591018ee8c2c622e5d3fad12629ad1cd467cd148b39008bf6c9cec5cb7f4","readerVersion":"GDAL 3.2.2","processedAt":"2026-08-11T13:43:44.753Z"}}},{"type":"Feature","geometry":{"type":"Point","coordinates":[3.923849,51.4296034]},"properties":{"chartedValueMetres":8.7,"chartedValueRelationToDatum":"below","depthDatum":"Approximate LAT","depthDatumCode":42,"depthDatumStatus":"VERIFIED_FROM_OFFICIAL_DOCUMENTATION","verticalDatum":"Local Datum","verticalDatumCode":24,"napIdentityStatus":"UNVERIFIED","sourceFeatureLnam":"1F2B6A42B3957537","sourceCellId":"1R768ZBI","sourceChecksum":"3882591018ee8c2c622e5d3fad12629ad1cd467cd148b39008bf6c9cec5cb7f4","pipelineFeatureId":"1R768ZBI/SOUNDG/1280595969/164","provenance":{"cellId":"1R768ZBI","checksum":"3882591018ee8c2c622e5d3fad12629ad1cd467cd148b39008bf6c9cec5cb7f4","readerVersion":"GDAL 3.2.2","processedAt":"2026-08-11T13:43:44.753Z"}}},{"type":"Feature","geometry":{"type":"Point","coordinates":[3.9333057,51.4348338]},"properties":{"chartedValueMetres":8.8,"chartedValueRelationToDatum":"below","depthDatum":"Approximate LAT","depthDatumCode":42,"depthDatumStatus":"VERIFIED_FROM_OFFICIAL_DOCUMENTATION","verticalDatum":"Local Datum","verticalDatumCode":24,"napIdentityStatus":"UNVERIFIED","sourceFeatureLnam":"1F2B6A42B3957537","sourceCellId":"1R768ZBI","sourceChecksum":"3882591018ee8c2c622e5d3fad12629ad1cd467cd148b39008bf6c9cec5cb7f4","pipelineFeatureId":"1R768ZBI/SOUNDG/1280595969/165","provenance":{"cellId":"1R768ZBI","checksum":"3882591018ee8c2c622e5d3fad12629ad1cd467cd148b39008bf6c9cec5cb7f4","readerVersion":"GDAL 3.2.2","processedAt":"2026-08-11T13:43:44.753Z"}}},{"type":"Feature","geometry":{"type":"Point","coordinates":[3.926112,51.4276972]},"properties":{"chartedValueMetres":8.8,"chartedValueRelationToDatum":"below","depthDatum":"Approximate LAT","depthDatumCode":42,"depthDatumStatus":"VERIFIED_FROM_OFFICIAL_DOCUMENTATION","verticalDatum":"Local Datum","verticalDatumCode":24,"napIdentityStatus":"UNVERIFIED","sourceFeatureLnam":"1F2B6A42B3957537","sourceCellId":"1R768ZBI","sourceChecksum":"3882591018ee8c2c622e5d3fad12629ad1cd467cd148b39008bf6c9cec5cb7f4","pipelineFeatureId":"1R768ZBI/SOUNDG/1280595969/166","provenance":{"cellId":"1R768ZBI","checksum":"3882591018ee8c2c622e5d3fad12629ad1cd467cd148b39008bf6c9cec5cb7f4","readerVersion":"GDAL 3.2.2","processedAt":"2026-08-11T13:43:44.753Z"}}},{"type":"Feature","geometry":{"type":"Point","coordinates":[3.9331647,51.427911]},"properties":{"chartedValueMetres":8.8,"chartedValueRelationToDatum":"below","depthDatum":"Approximate LAT","depthDatumCode":42,"depthDatumStatus":"VERIFIED_FROM_OFFICIAL_DOCUMENTATION","verticalDatum":"Local Datum","verticalDatumCode":24,"napIdentityStatus":"UNVERIFIED","sourceFeatureLnam":"1F2B6A42B3957537","sourceCellId":"1R768ZBI","sourceChecksum":"3882591018ee8c2c622e5d3fad12629ad1cd467cd148b39008bf6c9cec5cb7f4","pipelineFeatureId":"1R768ZBI/SOUNDG/1280595969/167","provenance":{"cellId":"1R768ZBI","checksum":"3882591018ee8c2c622e5d3fad12629ad1cd467cd148b39008bf6c9cec5cb7f4","readerVersion":"GDAL 3.2.2","processedAt":"2026-08-11T13:43:44.753Z"}}},{"type":"Feature","geometry":{"type":"Point","coordinates":[3.9321056,51.4324155]},"properties":{"chartedValueMetres":8.9,"chartedValueRelationToDatum":"below","depthDatum":"Approximate LAT","depthDatumCode":42,"depthDatumStatus":"VERIFIED_FROM_OFFICIAL_DOCUMENTATION","verticalDatum":"Local Datum","verticalDatumCode":24,"napIdentityStatus":"UNVERIFIED","sourceFeatureLnam":"1F2B6A42B3957537","sourceCellId":"1R768ZBI","sourceChecksum":"3882591018ee8c2c622e5d3fad12629ad1cd467cd148b39008bf6c9cec5cb7f4","pipelineFeatureId":"1R768ZBI/SOUNDG/1280595969/168","provenance":{"cellId":"1R768ZBI","checksum":"3882591018ee8c2c622e5d3fad12629ad1cd467cd148b39008bf6c9cec5cb7f4","readerVersion":"GDAL 3.2.2","processedAt":"2026-08-11T13:43:44.753Z"}}},{"type":"Feature","geometry":{"type":"Point","coordinates":[3.9242696,51.4290606]},"properties":{"chartedValueMetres":8.9,"chartedValueRelationToDatum":"below","depthDatum":"Approximate LAT","depthDatumCode":42,"depthDatumStatus":"VERIFIED_FROM_OFFICIAL_DOCUMENTATION","verticalDatum":"Local Datum","verticalDatumCode":24,"napIdentityStatus":"UNVERIFIED","sourceFeatureLnam":"1F2B6A42B3957537","sourceCellId":"1R768ZBI","sourceChecksum":"3882591018ee8c2c622e5d3fad12629ad1cd467cd148b39008bf6c9cec5cb7f4","pipelineFeatureId":"1R768ZBI/SOUNDG/1280595969/169","provenance":{"cellId":"1R768ZBI","checksum":"3882591018ee8c2c622e5d3fad12629ad1cd467cd148b39008bf6c9cec5cb7f4","readerVersion":"GDAL 3.2.2","processedAt":"2026-08-11T13:43:44.753Z"}}},{"type":"Feature","geometry":{"type":"Point","coordinates":[3.9279326,51.4394625]},"properties":{"chartedValueMetres":9,"chartedValueRelationToDatum":"below","depthDatum":"Approximate LAT","depthDatumCode":42,"depthDatumStatus":"VERIFIED_FROM_OFFICIAL_DOCUMENTATION","verticalDatum":"Local Datum","verticalDatumCode":24,"napIdentityStatus":"UNVERIFIED","sourceFeatureLnam":"1F2B6A42B3957537","sourceCellId":"1R768ZBI","sourceChecksum":"3882591018ee8c2c622e5d3fad12629ad1cd467cd148b39008bf6c9cec5cb7f4","pipelineFeatureId":"1R768ZBI/SOUNDG/1280595969/170","provenance":{"cellId":"1R768ZBI","checksum":"3882591018ee8c2c622e5d3fad12629ad1cd467cd148b39008bf6c9cec5cb7f4","readerVersion":"GDAL 3.2.2","processedAt":"2026-08-11T13:43:44.753Z"}}},{"type":"Feature","geometry":{"type":"Point","coordinates":[3.9254932,51.425544]},"properties":{"chartedValueMetres":9,"chartedValueRelationToDatum":"below","depthDatum":"Approximate LAT","depthDatumCode":42,"depthDatumStatus":"VERIFIED_FROM_OFFICIAL_DOCUMENTATION","verticalDatum":"Local Datum","verticalDatumCode":24,"napIdentityStatus":"UNVERIFIED","sourceFeatureLnam":"1F2B6A42B3957537","sourceCellId":"1R768ZBI","sourceChecksum":"3882591018ee8c2c622e5d3fad12629ad1cd467cd148b39008bf6c9cec5cb7f4","pipelineFeatureId":"1R768ZBI/SOUNDG/1280595969/171","provenance":{"cellId":"1R768ZBI","checksum":"3882591018ee8c2c622e5d3fad12629ad1cd467cd148b39008bf6c9cec5cb7f4","readerVersion":"GDAL 3.2.2","processedAt":"2026-08-11T13:43:44.753Z"}}},{"type":"Feature","geometry":{"type":"Point","coordinates":[3.9313444,51.4303534]},"properties":{"chartedValueMetres":9,"chartedValueRelationToDatum":"below","depthDatum":"Approximate LAT","depthDatumCode":42,"depthDatumStatus":"VERIFIED_FROM_OFFICIAL_DOCUMENTATION","verticalDatum":"Local Datum","verticalDatumCode":24,"napIdentityStatus":"UNVERIFIED","sourceFeatureLnam":"1F2B6A42B3957537","sourceCellId":"1R768ZBI","sourceChecksum":"3882591018ee8c2c622e5d3fad12629ad1cd467cd148b39008bf6c9cec5cb7f4","pipelineFeatureId":"1R768ZBI/SOUNDG/1280595969/172","provenance":{"cellId":"1R768ZBI","checksum":"3882591018ee8c2c622e5d3fad12629ad1cd467cd148b39008bf6c9cec5cb7f4","readerVersion":"GDAL 3.2.2","processedAt":"2026-08-11T13:43:44.753Z"}}},{"type":"Feature","geometry":{"type":"Point","coordinates":[3.9242932,51.4302294]},"properties":{"chartedValueMetres":9.1,"chartedValueRelationToDatum":"below","depthDatum":"Approximate LAT","depthDatumCode":42,"depthDatumStatus":"VERIFIED_FROM_OFFICIAL_DOCUMENTATION","verticalDatum":"Local Datum","verticalDatumCode":24,"napIdentityStatus":"UNVERIFIED","sourceFeatureLnam":"1F2B6A42B3957537","sourceCellId":"1R768ZBI","sourceChecksum":"3882591018ee8c2c622e5d3fad12629ad1cd467cd148b39008bf6c9cec5cb7f4","pipelineFeatureId":"1R768ZBI/SOUNDG/1280595969/173","provenance":{"cellId":"1R768ZBI","checksum":"3882591018ee8c2c622e5d3fad12629ad1cd467cd148b39008bf6c9cec5cb7f4","readerVersion":"GDAL 3.2.2","processedAt":"2026-08-11T13:43:44.753Z"}}},{"type":"Feature","geometry":{"type":"Point","coordinates":[3.9268184,51.4270622]},"properties":{"chartedValueMetres":9.1,"chartedValueRelationToDatum":"below","depthDatum":"Approximate LAT","depthDatumCode":42,"depthDatumStatus":"VERIFIED_FROM_OFFICIAL_DOCUMENTATION","verticalDatum":"Local Datum","verticalDatumCode":24,"napIdentityStatus":"UNVERIFIED","sourceFeatureLnam":"1F2B6A42B3957537","sourceCellId":"1R768ZBI","sourceChecksum":"3882591018ee8c2c622e5d3fad12629ad1cd467cd148b39008bf6c9cec5cb7f4","pipelineFeatureId":"1R768ZBI/SOUNDG/1280595969/174","provenance":{"cellId":"1R768ZBI","checksum":"3882591018ee8c2c622e5d3fad12629ad1cd467cd148b39008bf6c9cec5cb7f4","readerVersion":"GDAL 3.2.2","processedAt":"2026-08-11T13:43:44.753Z"}}},{"type":"Feature","geometry":{"type":"Point","coordinates":[3.9266617,51.4335377]},"properties":{"chartedValueMetres":9.2,"chartedValueRelationToDatum":"below","depthDatum":"Approximate LAT","depthDatumCode":42,"depthDatumStatus":"VERIFIED_FROM_OFFICIAL_DOCUMENTATION","verticalDatum":"Local Datum","verticalDatumCode":24,"napIdentityStatus":"UNVERIFIED","sourceFeatureLnam":"1F2B6A42B3957537","sourceCellId":"1R768ZBI","sourceChecksum":"3882591018ee8c2c622e5d3fad12629ad1cd467cd148b39008bf6c9cec5cb7f4","pipelineFeatureId":"1R768ZBI/SOUNDG/1280595969/175","provenance":{"cellId":"1R768ZBI","checksum":"3882591018ee8c2c622e5d3fad12629ad1cd467cd148b39008bf6c9cec5cb7f4","readerVersion":"GDAL 3.2.2","processedAt":"2026-08-11T13:43:44.753Z"}}},{"type":"Feature","geometry":{"type":"Point","coordinates":[3.9252709,51.4287829]},"properties":{"chartedValueMetres":9.2,"chartedValueRelationToDatum":"below","depthDatum":"Approximate LAT","depthDatumCode":42,"depthDatumStatus":"VERIFIED_FROM_OFFICIAL_DOCUMENTATION","verticalDatum":"Local Datum","verticalDatumCode":24,"napIdentityStatus":"UNVERIFIED","sourceFeatureLnam":"1F2B6A42B3957537","sourceCellId":"1R768ZBI","sourceChecksum":"3882591018ee8c2c622e5d3fad12629ad1cd467cd148b39008bf6c9cec5cb7f4","pipelineFeatureId":"1R768ZBI/SOUNDG/1280595969/176","provenance":{"cellId":"1R768ZBI","checksum":"3882591018ee8c2c622e5d3fad12629ad1cd467cd148b39008bf6c9cec5cb7f4","readerVersion":"GDAL 3.2.2","processedAt":"2026-08-11T13:43:44.753Z"}}},{"type":"Feature","geometry":{"type":"Point","coordinates":[3.9266982,51.4282321]},"properties":{"chartedValueMetres":9.4,"chartedValueRelationToDatum":"below","depthDatum":"Approximate LAT","depthDatumCode":42,"depthDatumStatus":"VERIFIED_FROM_OFFICIAL_DOCUMENTATION","verticalDatum":"Local Datum","verticalDatumCode":24,"napIdentityStatus":"UNVERIFIED","sourceFeatureLnam":"1F2B6A42B3957537","sourceCellId":"1R768ZBI","sourceChecksum":"3882591018ee8c2c622e5d3fad12629ad1cd467cd148b39008bf6c9cec5cb7f4","pipelineFeatureId":"1R768ZBI/SOUNDG/1280595969/177","provenance":{"cellId":"1R768ZBI","checksum":"3882591018ee8c2c622e5d3fad12629ad1cd467cd148b39008bf6c9cec5cb7f4","readerVersion":"GDAL 3.2.2","processedAt":"2026-08-11T13:43:44.753Z"}}},{"type":"Feature","geometry":{"type":"Point","coordinates":[3.9262777,51.428775]},"properties":{"chartedValueMetres":9.7,"chartedValueRelationToDatum":"below","depthDatum":"Approximate LAT","depthDatumCode":42,"depthDatumStatus":"VERIFIED_FROM_OFFICIAL_DOCUMENTATION","verticalDatum":"Local Datum","verticalDatumCode":24,"napIdentityStatus":"UNVERIFIED","sourceFeatureLnam":"1F2B6A42B3957537","sourceCellId":"1R768ZBI","sourceChecksum":"3882591018ee8c2c622e5d3fad12629ad1cd467cd148b39008bf6c9cec5cb7f4","pipelineFeatureId":"1R768ZBI/SOUNDG/1280595969/178","provenance":{"cellId":"1R768ZBI","checksum":"3882591018ee8c2c622e5d3fad12629ad1cd467cd148b39008bf6c9cec5cb7f4","readerVersion":"GDAL 3.2.2","processedAt":"2026-08-11T13:43:44.753Z"}}},{"type":"Feature","geometry":{"type":"Point","coordinates":[3.9309526,51.425231]},"properties":{"chartedValueMetres":9.7,"chartedValueRelationToDatum":"below","depthDatum":"Approximate LAT","depthDatumCode":42,"depthDatumStatus":"VERIFIED_FROM_OFFICIAL_DOCUMENTATION","verticalDatum":"Local Datum","verticalDatumCode":24,"napIdentityStatus":"UNVERIFIED","sourceFeatureLnam":"1F2B6A42B3957537","sourceCellId":"1R768ZBI","sourceChecksum":"3882591018ee8c2c622e5d3fad12629ad1cd467cd148b39008bf6c9cec5cb7f4","pipelineFeatureId":"1R768ZBI/SOUNDG/1280595969/179","provenance":{"cellId":"1R768ZBI","checksum":"3882591018ee8c2c622e5d3fad12629ad1cd467cd148b39008bf6c9cec5cb7f4","readerVersion":"GDAL 3.2.2","processedAt":"2026-08-11T13:43:44.753Z"}}},{"type":"Feature","geometry":{"type":"Point","coordinates":[3.9247356,51.4307654]},"properties":{"chartedValueMetres":9.7,"chartedValueRelationToDatum":"below","depthDatum":"Approximate LAT","depthDatumCode":42,"depthDatumStatus":"VERIFIED_FROM_OFFICIAL_DOCUMENTATION","verticalDatum":"Local Datum","verticalDatumCode":24,"napIdentityStatus":"UNVERIFIED","sourceFeatureLnam":"1F2B6A42B3957537","sourceCellId":"1R768ZBI","sourceChecksum":"3882591018ee8c2c622e5d3fad12629ad1cd467cd148b39008bf6c9cec5cb7f4","pipelineFeatureId":"1R768ZBI/SOUNDG/1280595969/180","provenance":{"cellId":"1R768ZBI","checksum":"3882591018ee8c2c622e5d3fad12629ad1cd467cd148b39008bf6c9cec5cb7f4","readerVersion":"GDAL 3.2.2","processedAt":"2026-08-11T13:43:44.753Z"}}},{"type":"Feature","geometry":{"type":"Point","coordinates":[3.9331775,51.4285404]},"properties":{"chartedValueMetres":9.8,"chartedValueRelationToDatum":"below","depthDatum":"Approximate LAT","depthDatumCode":42,"depthDatumStatus":"VERIFIED_FROM_OFFICIAL_DOCUMENTATION","verticalDatum":"Local Datum","verticalDatumCode":24,"napIdentityStatus":"UNVERIFIED","sourceFeatureLnam":"1F2B6A42B3957537","sourceCellId":"1R768ZBI","sourceChecksum":"3882591018ee8c2c622e5d3fad12629ad1cd467cd148b39008bf6c9cec5cb7f4","pipelineFeatureId":"1R768ZBI/SOUNDG/1280595969/181","provenance":{"cellId":"1R768ZBI","checksum":"3882591018ee8c2c622e5d3fad12629ad1cd467cd148b39008bf6c9cec5cb7f4","readerVersion":"GDAL 3.2.2","processedAt":"2026-08-11T13:43:44.753Z"}}},{"type":"Feature","geometry":{"type":"Point","coordinates":[3.9257133,51.4293189]},"properties":{"chartedValueMetres":10,"chartedValueRelationToDatum":"below","depthDatum":"Approximate LAT","depthDatumCode":42,"depthDatumStatus":"VERIFIED_FROM_OFFICIAL_DOCUMENTATION","verticalDatum":"Local Datum","verticalDatumCode":24,"napIdentityStatus":"UNVERIFIED","sourceFeatureLnam":"1F2B6A42B3957537","sourceCellId":"1R768ZBI","sourceChecksum":"3882591018ee8c2c622e5d3fad12629ad1cd467cd148b39008bf6c9cec5cb7f4","pipelineFeatureId":"1R768ZBI/SOUNDG/1280595969/182","provenance":{"cellId":"1R768ZBI","checksum":"3882591018ee8c2c622e5d3fad12629ad1cd467cd148b39008bf6c9cec5cb7f4","readerVersion":"GDAL 3.2.2","processedAt":"2026-08-11T13:43:44.753Z"}}},{"type":"Feature","geometry":{"type":"Point","coordinates":[3.9292693,51.44152]},"properties":{"chartedValueMetres":10,"chartedValueRelationToDatum":"below","depthDatum":"Approximate LAT","depthDatumCode":42,"depthDatumStatus":"VERIFIED_FROM_OFFICIAL_DOCUMENTATION","verticalDatum":"Local Datum","verticalDatumCode":24,"napIdentityStatus":"UNVERIFIED","sourceFeatureLnam":"1F2B6A42B3957537","sourceCellId":"1R768ZBI","sourceChecksum":"3882591018ee8c2c622e5d3fad12629ad1cd467cd148b39008bf6c9cec5cb7f4","pipelineFeatureId":"1R768ZBI/SOUNDG/1280595969/183","provenance":{"cellId":"1R768ZBI","checksum":"3882591018ee8c2c622e5d3fad12629ad1cd467cd148b39008bf6c9cec5cb7f4","readerVersion":"GDAL 3.2.2","processedAt":"2026-08-11T13:43:44.753Z"}}},{"type":"Feature","geometry":{"type":"Point","coordinates":[3.9278488,51.428223]},"properties":{"chartedValueMetres":10,"chartedValueRelationToDatum":"below","depthDatum":"Approximate LAT","depthDatumCode":42,"depthDatumStatus":"VERIFIED_FROM_OFFICIAL_DOCUMENTATION","verticalDatum":"Local Datum","verticalDatumCode":24,"napIdentityStatus":"UNVERIFIED","sourceFeatureLnam":"1F2B6A42B3957537","sourceCellId":"1R768ZBI","sourceChecksum":"3882591018ee8c2c622e5d3fad12629ad1cd467cd148b39008bf6c9cec5cb7f4","pipelineFeatureId":"1R768ZBI/SOUNDG/1280595969/184","provenance":{"cellId":"1R768ZBI","checksum":"3882591018ee8c2c622e5d3fad12629ad1cd467cd148b39008bf6c9cec5cb7f4","readerVersion":"GDAL 3.2.2","processedAt":"2026-08-11T13:43:44.753Z"}}},{"type":"Feature","geometry":{"type":"Point","coordinates":[3.9267201,51.429311]},"properties":{"chartedValueMetres":10.3,"chartedValueRelationToDatum":"below","depthDatum":"Approximate LAT","depthDatumCode":42,"depthDatumStatus":"VERIFIED_FROM_OFFICIAL_DOCUMENTATION","verticalDatum":"Local Datum","verticalDatumCode":24,"napIdentityStatus":"UNVERIFIED","sourceFeatureLnam":"1F2B6A42B3957537","sourceCellId":"1R768ZBI","sourceChecksum":"3882591018ee8c2c622e5d3fad12629ad1cd467cd148b39008bf6c9cec5cb7f4","pipelineFeatureId":"1R768ZBI/SOUNDG/1280595969/185","provenance":{"cellId":"1R768ZBI","checksum":"3882591018ee8c2c622e5d3fad12629ad1cd467cd148b39008bf6c9cec5cb7f4","readerVersion":"GDAL 3.2.2","processedAt":"2026-08-11T13:43:44.753Z"}}},{"type":"Feature","geometry":{"type":"Point","coordinates":[3.9252982,51.4301315]},"properties":{"chartedValueMetres":10.3,"chartedValueRelationToDatum":"below","depthDatum":"Approximate LAT","depthDatumCode":42,"depthDatumStatus":"VERIFIED_FROM_OFFICIAL_DOCUMENTATION","verticalDatum":"Local Datum","verticalDatumCode":24,"napIdentityStatus":"UNVERIFIED","sourceFeatureLnam":"1F2B6A42B3957537","sourceCellId":"1R768ZBI","sourceChecksum":"3882591018ee8c2c622e5d3fad12629ad1cd467cd148b39008bf6c9cec5cb7f4","pipelineFeatureId":"1R768ZBI/SOUNDG/1280595969/186","provenance":{"cellId":"1R768ZBI","checksum":"3882591018ee8c2c622e5d3fad12629ad1cd467cd148b39008bf6c9cec5cb7f4","readerVersion":"GDAL 3.2.2","processedAt":"2026-08-11T13:43:44.753Z"}}},{"type":"Feature","geometry":{"type":"Point","coordinates":[3.9272844,51.428767]},"properties":{"chartedValueMetres":10.3,"chartedValueRelationToDatum":"below","depthDatum":"Approximate LAT","depthDatumCode":42,"depthDatumStatus":"VERIFIED_FROM_OFFICIAL_DOCUMENTATION","verticalDatum":"Local Datum","verticalDatumCode":24,"napIdentityStatus":"UNVERIFIED","sourceFeatureLnam":"1F2B6A42B3957537","sourceCellId":"1R768ZBI","sourceChecksum":"3882591018ee8c2c622e5d3fad12629ad1cd467cd148b39008bf6c9cec5cb7f4","pipelineFeatureId":"1R768ZBI/SOUNDG/1280595969/187","provenance":{"cellId":"1R768ZBI","checksum":"3882591018ee8c2c622e5d3fad12629ad1cd467cd148b39008bf6c9cec5cb7f4","readerVersion":"GDAL 3.2.2","processedAt":"2026-08-11T13:43:44.753Z"}}},{"type":"Feature","geometry":{"type":"Point","coordinates":[3.9301737,51.4293735]},"properties":{"chartedValueMetres":10.3,"chartedValueRelationToDatum":"below","depthDatum":"Approximate LAT","depthDatumCode":42,"depthDatumStatus":"VERIFIED_FROM_OFFICIAL_DOCUMENTATION","verticalDatum":"Local Datum","verticalDatumCode":24,"napIdentityStatus":"UNVERIFIED","sourceFeatureLnam":"1F2B6A42B3957537","sourceCellId":"1R768ZBI","sourceChecksum":"3882591018ee8c2c622e5d3fad12629ad1cd467cd148b39008bf6c9cec5cb7f4","pipelineFeatureId":"1R768ZBI/SOUNDG/1280595969/188","provenance":{"cellId":"1R768ZBI","checksum":"3882591018ee8c2c622e5d3fad12629ad1cd467cd148b39008bf6c9cec5cb7f4","readerVersion":"GDAL 3.2.2","processedAt":"2026-08-11T13:43:44.753Z"}}},{"type":"Feature","geometry":{"type":"Point","coordinates":[3.9324207,51.4337618]},"properties":{"chartedValueMetres":10.4,"chartedValueRelationToDatum":"below","depthDatum":"Approximate LAT","depthDatumCode":42,"depthDatumStatus":"VERIFIED_FROM_OFFICIAL_DOCUMENTATION","verticalDatum":"Local Datum","verticalDatumCode":24,"napIdentityStatus":"UNVERIFIED","sourceFeatureLnam":"1F2B6A42B3957537","sourceCellId":"1R768ZBI","sourceChecksum":"3882591018ee8c2c622e5d3fad12629ad1cd467cd148b39008bf6c9cec5cb7f4","pipelineFeatureId":"1R768ZBI/SOUNDG/1280595969/189","provenance":{"cellId":"1R768ZBI","checksum":"3882591018ee8c2c622e5d3fad12629ad1cd467cd148b39008bf6c9cec5cb7f4","readerVersion":"GDAL 3.2.2","processedAt":"2026-08-11T13:43:44.753Z"}}},{"type":"Feature","geometry":{"type":"Point","coordinates":[3.9286665,51.440176]},"properties":{"chartedValueMetres":10.5,"chartedValueRelationToDatum":"below","depthDatum":"Approximate LAT","depthDatumCode":42,"depthDatumStatus":"VERIFIED_FROM_OFFICIAL_DOCUMENTATION","verticalDatum":"Local Datum","verticalDatumCode":24,"napIdentityStatus":"UNVERIFIED","sourceFeatureLnam":"1F2B6A42B3957537","sourceCellId":"1R768ZBI","sourceChecksum":"3882591018ee8c2c622e5d3fad12629ad1cd467cd148b39008bf6c9cec5cb7f4","pipelineFeatureId":"1R768ZBI/SOUNDG/1280595969/190","provenance":{"cellId":"1R768ZBI","checksum":"3882591018ee8c2c622e5d3fad12629ad1cd467cd148b39008bf6c9cec5cb7f4","readerVersion":"GDAL 3.2.2","processedAt":"2026-08-11T13:43:44.753Z"}}},{"type":"Feature","geometry":{"type":"Point","coordinates":[3.9297312,51.4288375]},"properties":{"chartedValueMetres":10.6,"chartedValueRelationToDatum":"below","depthDatum":"Approximate LAT","depthDatumCode":42,"depthDatumStatus":"VERIFIED_FROM_OFFICIAL_DOCUMENTATION","verticalDatum":"Local Datum","verticalDatumCode":24,"napIdentityStatus":"UNVERIFIED","sourceFeatureLnam":"1F2B6A42B3957537","sourceCellId":"1R768ZBI","sourceChecksum":"3882591018ee8c2c622e5d3fad12629ad1cd467cd148b39008bf6c9cec5cb7f4","pipelineFeatureId":"1R768ZBI/SOUNDG/1280595969/191","provenance":{"cellId":"1R768ZBI","checksum":"3882591018ee8c2c622e5d3fad12629ad1cd467cd148b39008bf6c9cec5cb7f4","readerVersion":"GDAL 3.2.2","processedAt":"2026-08-11T13:43:44.753Z"}}},{"type":"Feature","geometry":{"type":"Point","coordinates":[3.9285588,51.4277678]},"properties":{"chartedValueMetres":10.6,"chartedValueRelationToDatum":"below","depthDatum":"Approximate LAT","depthDatumCode":42,"depthDatumStatus":"VERIFIED_FROM_OFFICIAL_DOCUMENTATION","verticalDatum":"Local Datum","verticalDatumCode":24,"napIdentityStatus":"UNVERIFIED","sourceFeatureLnam":"1F2B6A42B3957537","sourceCellId":"1R768ZBI","sourceChecksum":"3882591018ee8c2c622e5d3fad12629ad1cd467cd148b39008bf6c9cec5cb7f4","pipelineFeatureId":"1R768ZBI/SOUNDG/1280595969/192","provenance":{"cellId":"1R768ZBI","checksum":"3882591018ee8c2c622e5d3fad12629ad1cd467cd148b39008bf6c9cec5cb7f4","readerVersion":"GDAL 3.2.2","processedAt":"2026-08-11T13:43:44.753Z"}}},{"type":"Feature","geometry":{"type":"Point","coordinates":[3.9251779,51.4313014]},"properties":{"chartedValueMetres":10.6,"chartedValueRelationToDatum":"below","depthDatum":"Approximate LAT","depthDatumCode":42,"depthDatumStatus":"VERIFIED_FROM_OFFICIAL_DOCUMENTATION","verticalDatum":"Local Datum","verticalDatumCode":24,"napIdentityStatus":"UNVERIFIED","sourceFeatureLnam":"1F2B6A42B3957537","sourceCellId":"1R768ZBI","sourceChecksum":"3882591018ee8c2c622e5d3fad12629ad1cd467cd148b39008bf6c9cec5cb7f4","pipelineFeatureId":"1R768ZBI/SOUNDG/1280595969/193","provenance":{"cellId":"1R768ZBI","checksum":"3882591018ee8c2c622e5d3fad12629ad1cd467cd148b39008bf6c9cec5cb7f4","readerVersion":"GDAL 3.2.2","processedAt":"2026-08-11T13:43:44.753Z"}}},{"type":"Feature","geometry":{"type":"Point","coordinates":[3.9271096,51.4343435]},"properties":{"chartedValueMetres":10.7,"chartedValueRelationToDatum":"below","depthDatum":"Approximate LAT","depthDatumCode":42,"depthDatumStatus":"VERIFIED_FROM_OFFICIAL_DOCUMENTATION","verticalDatum":"Local Datum","verticalDatumCode":24,"napIdentityStatus":"UNVERIFIED","sourceFeatureLnam":"1F2B6A42B3957537","sourceCellId":"1R768ZBI","sourceChecksum":"3882591018ee8c2c622e5d3fad12629ad1cd467cd148b39008bf6c9cec5cb7f4","pipelineFeatureId":"1R768ZBI/SOUNDG/1280595969/194","provenance":{"cellId":"1R768ZBI","checksum":"3882591018ee8c2c622e5d3fad12629ad1cd467cd148b39008bf6c9cec5cb7f4","readerVersion":"GDAL 3.2.2","processedAt":"2026-08-11T13:43:44.753Z"}}},{"type":"Feature","geometry":{"type":"Point","coordinates":[3.9261557,51.429855]},"properties":{"chartedValueMetres":10.7,"chartedValueRelationToDatum":"below","depthDatum":"Approximate LAT","depthDatumCode":42,"depthDatumStatus":"VERIFIED_FROM_OFFICIAL_DOCUMENTATION","verticalDatum":"Local Datum","verticalDatumCode":24,"napIdentityStatus":"UNVERIFIED","sourceFeatureLnam":"1F2B6A42B3957537","sourceCellId":"1R768ZBI","sourceChecksum":"3882591018ee8c2c622e5d3fad12629ad1cd467cd148b39008bf6c9cec5cb7f4","pipelineFeatureId":"1R768ZBI/SOUNDG/1280595969/195","provenance":{"cellId":"1R768ZBI","checksum":"3882591018ee8c2c622e5d3fad12629ad1cd467cd148b39008bf6c9cec5cb7f4","readerVersion":"GDAL 3.2.2","processedAt":"2026-08-11T13:43:44.753Z"}}},{"type":"Feature","geometry":{"type":"Point","coordinates":[3.9257405,51.4306675]},"properties":{"chartedValueMetres":10.8,"chartedValueRelationToDatum":"below","depthDatum":"Approximate LAT","depthDatumCode":42,"depthDatumStatus":"VERIFIED_FROM_OFFICIAL_DOCUMENTATION","verticalDatum":"Local Datum","verticalDatumCode":24,"napIdentityStatus":"UNVERIFIED","sourceFeatureLnam":"1F2B6A42B3957537","sourceCellId":"1R768ZBI","sourceChecksum":"3882591018ee8c2c622e5d3fad12629ad1cd467cd148b39008bf6c9cec5cb7f4","pipelineFeatureId":"1R768ZBI/SOUNDG/1280595969/196","provenance":{"cellId":"1R768ZBI","checksum":"3882591018ee8c2c622e5d3fad12629ad1cd467cd148b39008bf6c9cec5cb7f4","readerVersion":"GDAL 3.2.2","processedAt":"2026-08-11T13:43:44.753Z"}}},{"type":"Feature","geometry":{"type":"Point","coordinates":[3.92741,51.4349705]},"properties":{"chartedValueMetres":10.8,"chartedValueRelationToDatum":"below","depthDatum":"Approximate LAT","depthDatumCode":42,"depthDatumStatus":"VERIFIED_FROM_OFFICIAL_DOCUMENTATION","verticalDatum":"Local Datum","verticalDatumCode":24,"napIdentityStatus":"UNVERIFIED","sourceFeatureLnam":"1F2B6A42B3957537","sourceCellId":"1R768ZBI","sourceChecksum":"3882591018ee8c2c622e5d3fad12629ad1cd467cd148b39008bf6c9cec5cb7f4","pipelineFeatureId":"1R768ZBI/SOUNDG/1280595969/197","provenance":{"cellId":"1R768ZBI","checksum":"3882591018ee8c2c622e5d3fad12629ad1cd467cd148b39008bf6c9cec5cb7f4","readerVersion":"GDAL 3.2.2","processedAt":"2026-08-11T13:43:44.753Z"}}},{"type":"Feature","geometry":{"type":"Point","coordinates":[3.9331921,51.4292596]},"properties":{"chartedValueMetres":10.9,"chartedValueRelationToDatum":"below","depthDatum":"Approximate LAT","depthDatumCode":42,"depthDatumStatus":"VERIFIED_FROM_OFFICIAL_DOCUMENTATION","verticalDatum":"Local Datum","verticalDatumCode":24,"napIdentityStatus":"UNVERIFIED","sourceFeatureLnam":"1F2B6A42B3957537","sourceCellId":"1R768ZBI","sourceChecksum":"3882591018ee8c2c622e5d3fad12629ad1cd467cd148b39008bf6c9cec5cb7f4","pipelineFeatureId":"1R768ZBI/SOUNDG/1280595969/198","provenance":{"cellId":"1R768ZBI","checksum":"3882591018ee8c2c622e5d3fad12629ad1cd467cd148b39008bf6c9cec5cb7f4","readerVersion":"GDAL 3.2.2","processedAt":"2026-08-11T13:43:44.753Z"}}},{"type":"Feature","geometry":{"type":"Point","coordinates":[3.9323512,51.4303454]},"properties":{"chartedValueMetres":11,"chartedValueRelationToDatum":"below","depthDatum":"Approximate LAT","depthDatumCode":42,"depthDatumStatus":"VERIFIED_FROM_OFFICIAL_DOCUMENTATION","verticalDatum":"Local Datum","verticalDatumCode":24,"napIdentityStatus":"UNVERIFIED","sourceFeatureLnam":"1F2B6A42B3957537","sourceCellId":"1R768ZBI","sourceChecksum":"3882591018ee8c2c622e5d3fad12629ad1cd467cd148b39008bf6c9cec5cb7f4","pipelineFeatureId":"1R768ZBI/SOUNDG/1280595969/199","provenance":{"cellId":"1R768ZBI","checksum":"3882591018ee8c2c622e5d3fad12629ad1cd467cd148b39008bf6c9cec5cb7f4","readerVersion":"GDAL 3.2.2","processedAt":"2026-08-11T13:43:44.753Z"}}},{"type":"Feature","geometry":{"type":"Point","coordinates":[3.9315193,51.4318807]},"properties":{"chartedValueMetres":11,"chartedValueRelationToDatum":"below","depthDatum":"Approximate LAT","depthDatumCode":42,"depthDatumStatus":"VERIFIED_FROM_OFFICIAL_DOCUMENTATION","verticalDatum":"Local Datum","verticalDatumCode":24,"napIdentityStatus":"UNVERIFIED","sourceFeatureLnam":"1F2B6A42B3957537","sourceCellId":"1R768ZBI","sourceChecksum":"3882591018ee8c2c622e5d3fad12629ad1cd467cd148b39008bf6c9cec5cb7f4","pipelineFeatureId":"1R768ZBI/SOUNDG/1280595969/200","provenance":{"cellId":"1R768ZBI","checksum":"3882591018ee8c2c622e5d3fad12629ad1cd467cd148b39008bf6c9cec5cb7f4","readerVersion":"GDAL 3.2.2","processedAt":"2026-08-11T13:43:44.753Z"}}},{"type":"Feature","geometry":{"type":"Point","coordinates":[3.9281528,51.4290299]},"properties":{"chartedValueMetres":11.1,"chartedValueRelationToDatum":"below","depthDatum":"Approximate LAT","depthDatumCode":42,"depthDatumStatus":"VERIFIED_FROM_OFFICIAL_DOCUMENTATION","verticalDatum":"Local Datum","verticalDatumCode":24,"napIdentityStatus":"UNVERIFIED","sourceFeatureLnam":"1F2B6A42B3957537","sourceCellId":"1R768ZBI","sourceChecksum":"3882591018ee8c2c622e5d3fad12629ad1cd467cd148b39008bf6c9cec5cb7f4","pipelineFeatureId":"1R768ZBI/SOUNDG/1280595969/201","provenance":{"cellId":"1R768ZBI","checksum":"3882591018ee8c2c622e5d3fad12629ad1cd467cd148b39008bf6c9cec5cb7f4","readerVersion":"GDAL 3.2.2","processedAt":"2026-08-11T13:43:44.753Z"}}},{"type":"Feature","geometry":{"type":"Point","coordinates":[3.93078,51.4308974]},"properties":{"chartedValueMetres":11.2,"chartedValueRelationToDatum":"below","depthDatum":"Approximate LAT","depthDatumCode":42,"depthDatumStatus":"VERIFIED_FROM_OFFICIAL_DOCUMENTATION","verticalDatum":"Local Datum","verticalDatumCode":24,"napIdentityStatus":"UNVERIFIED","sourceFeatureLnam":"1F2B6A42B3957537","sourceCellId":"1R768ZBI","sourceChecksum":"3882591018ee8c2c622e5d3fad12629ad1cd467cd148b39008bf6c9cec5cb7f4","pipelineFeatureId":"1R768ZBI/SOUNDG/1280595969/202","provenance":{"cellId":"1R768ZBI","checksum":"3882591018ee8c2c622e5d3fad12629ad1cd467cd148b39008bf6c9cec5cb7f4","readerVersion":"GDAL 3.2.2","processedAt":"2026-08-11T13:43:44.753Z"}}},{"type":"Feature","geometry":{"type":"Point","coordinates":[3.9275885,51.4295739]},"properties":{"chartedValueMetres":11.3,"chartedValueRelationToDatum":"below","depthDatum":"Approximate LAT","depthDatumCode":42,"depthDatumStatus":"VERIFIED_FROM_OFFICIAL_DOCUMENTATION","verticalDatum":"Local Datum","verticalDatumCode":24,"napIdentityStatus":"UNVERIFIED","sourceFeatureLnam":"1F2B6A42B3957537","sourceCellId":"1R768ZBI","sourceChecksum":"3882591018ee8c2c622e5d3fad12629ad1cd467cd148b39008bf6c9cec5cb7f4","pipelineFeatureId":"1R768ZBI/SOUNDG/1280595969/203","provenance":{"cellId":"1R768ZBI","checksum":"3882591018ee8c2c622e5d3fad12629ad1cd467cd148b39008bf6c9cec5cb7f4","readerVersion":"GDAL 3.2.2","processedAt":"2026-08-11T13:43:44.753Z"}}},{"type":"Feature","geometry":{"type":"Point","coordinates":[3.9278233,51.4269643]},"properties":{"chartedValueMetres":11.3,"chartedValueRelationToDatum":"below","depthDatum":"Approximate LAT","depthDatumCode":42,"depthDatumStatus":"VERIFIED_FROM_OFFICIAL_DOCUMENTATION","verticalDatum":"Local Datum","verticalDatumCode":24,"napIdentityStatus":"UNVERIFIED","sourceFeatureLnam":"1F2B6A42B3957537","sourceCellId":"1R768ZBI","sourceChecksum":"3882591018ee8c2c622e5d3fad12629ad1cd467cd148b39008bf6c9cec5cb7f4","pipelineFeatureId":"1R768ZBI/SOUNDG/1280595969/204","provenance":{"cellId":"1R768ZBI","checksum":"3882591018ee8c2c622e5d3fad12629ad1cd467cd148b39008bf6c9cec5cb7f4","readerVersion":"GDAL 3.2.2","processedAt":"2026-08-11T13:43:44.753Z"}}},{"type":"Feature","geometry":{"type":"Point","coordinates":[3.9300444,51.4300939]},"properties":{"chartedValueMetres":11.3,"chartedValueRelationToDatum":"below","depthDatum":"Approximate LAT","depthDatumCode":42,"depthDatumStatus":"VERIFIED_FROM_OFFICIAL_DOCUMENTATION","verticalDatum":"Local Datum","verticalDatumCode":24,"napIdentityStatus":"UNVERIFIED","sourceFeatureLnam":"1F2B6A42B3957537","sourceCellId":"1R768ZBI","sourceChecksum":"3882591018ee8c2c622e5d3fad12629ad1cd467cd148b39008bf6c9cec5cb7f4","pipelineFeatureId":"1R768ZBI/SOUNDG/1280595969/205","provenance":{"cellId":"1R768ZBI","checksum":"3882591018ee8c2c622e5d3fad12629ad1cd467cd148b39008bf6c9cec5cb7f4","readerVersion":"GDAL 3.2.2","processedAt":"2026-08-11T13:43:44.753Z"}}},{"type":"Feature","geometry":{"type":"Point","coordinates":[3.9290212,51.4292928]},"properties":{"chartedValueMetres":11.4,"chartedValueRelationToDatum":"below","depthDatum":"Approximate LAT","depthDatumCode":42,"depthDatumStatus":"VERIFIED_FROM_OFFICIAL_DOCUMENTATION","verticalDatum":"Local Datum","verticalDatumCode":24,"napIdentityStatus":"UNVERIFIED","sourceFeatureLnam":"1F2B6A42B3957537","sourceCellId":"1R768ZBI","sourceChecksum":"3882591018ee8c2c622e5d3fad12629ad1cd467cd148b39008bf6c9cec5cb7f4","pipelineFeatureId":"1R768ZBI/SOUNDG/1280595969/206","provenance":{"cellId":"1R768ZBI","checksum":"3882591018ee8c2c622e5d3fad12629ad1cd467cd148b39008bf6c9cec5cb7f4","readerVersion":"GDAL 3.2.2","processedAt":"2026-08-11T13:43:44.753Z"}}},{"type":"Feature","geometry":{"type":"Point","coordinates":[3.9261829,51.4312036]},"properties":{"chartedValueMetres":11.4,"chartedValueRelationToDatum":"below","depthDatum":"Approximate LAT","depthDatumCode":42,"depthDatumStatus":"VERIFIED_FROM_OFFICIAL_DOCUMENTATION","verticalDatum":"Local Datum","verticalDatumCode":24,"napIdentityStatus":"UNVERIFIED","sourceFeatureLnam":"1F2B6A42B3957537","sourceCellId":"1R768ZBI","sourceChecksum":"3882591018ee8c2c622e5d3fad12629ad1cd467cd148b39008bf6c9cec5cb7f4","pipelineFeatureId":"1R768ZBI/SOUNDG/1280595969/207","provenance":{"cellId":"1R768ZBI","checksum":"3882591018ee8c2c622e5d3fad12629ad1cd467cd148b39008bf6c9cec5cb7f4","readerVersion":"GDAL 3.2.2","processedAt":"2026-08-11T13:43:44.753Z"}}},{"type":"Feature","geometry":{"type":"Point","coordinates":[3.9265035,51.4257159]},"properties":{"chartedValueMetres":11.6,"chartedValueRelationToDatum":"below","depthDatum":"Approximate LAT","depthDatumCode":42,"depthDatumStatus":"VERIFIED_FROM_OFFICIAL_DOCUMENTATION","verticalDatum":"Local Datum","verticalDatumCode":24,"napIdentityStatus":"UNVERIFIED","sourceFeatureLnam":"1F2B6A42B3957537","sourceCellId":"1R768ZBI","sourceChecksum":"3882591018ee8c2c622e5d3fad12629ad1cd467cd148b39008bf6c9cec5cb7f4","pipelineFeatureId":"1R768ZBI/SOUNDG/1280595969/208","provenance":{"cellId":"1R768ZBI","checksum":"3882591018ee8c2c622e5d3fad12629ad1cd467cd148b39008bf6c9cec5cb7f4","readerVersion":"GDAL 3.2.2","processedAt":"2026-08-11T13:43:44.753Z"}}},{"type":"Feature","geometry":{"type":"Point","coordinates":[3.9318483,51.4268425]},"properties":{"chartedValueMetres":11.7,"chartedValueRelationToDatum":"below","depthDatum":"Approximate LAT","depthDatumCode":42,"depthDatumStatus":"VERIFIED_FROM_OFFICIAL_DOCUMENTATION","verticalDatum":"Local Datum","verticalDatumCode":24,"napIdentityStatus":"UNVERIFIED","sourceFeatureLnam":"1F2B6A42B3957537","sourceCellId":"1R768ZBI","sourceChecksum":"3882591018ee8c2c622e5d3fad12629ad1cd467cd148b39008bf6c9cec5cb7f4","pipelineFeatureId":"1R768ZBI/SOUNDG/1280595969/209","provenance":{"cellId":"1R768ZBI","checksum":"3882591018ee8c2c622e5d3fad12629ad1cd467cd148b39008bf6c9cec5cb7f4","readerVersion":"GDAL 3.2.2","processedAt":"2026-08-11T13:43:44.753Z"}}},{"type":"Feature","geometry":{"type":"Point","coordinates":[3.9259098,51.4319251]},"properties":{"chartedValueMetres":11.9,"chartedValueRelationToDatum":"below","depthDatum":"Approximate LAT","depthDatumCode":42,"depthDatumStatus":"VERIFIED_FROM_OFFICIAL_DOCUMENTATION","verticalDatum":"Local Datum","verticalDatumCode":24,"napIdentityStatus":"UNVERIFIED","sourceFeatureLnam":"1F2B6A42B3957537","sourceCellId":"1R768ZBI","sourceChecksum":"3882591018ee8c2c622e5d3fad12629ad1cd467cd148b39008bf6c9cec5cb7f4","pipelineFeatureId":"1R768ZBI/SOUNDG/1280595969/210","provenance":{"cellId":"1R768ZBI","checksum":"3882591018ee8c2c622e5d3fad12629ad1cd467cd148b39008bf6c9cec5cb7f4","readerVersion":"GDAL 3.2.2","processedAt":"2026-08-11T13:43:44.753Z"}}},{"type":"Feature","geometry":{"type":"Point","coordinates":[3.929109,51.440712]},"properties":{"chartedValueMetres":11.9,"chartedValueRelationToDatum":"below","depthDatum":"Approximate LAT","depthDatumCode":42,"depthDatumStatus":"VERIFIED_FROM_OFFICIAL_DOCUMENTATION","verticalDatum":"Local Datum","verticalDatumCode":24,"napIdentityStatus":"UNVERIFIED","sourceFeatureLnam":"1F2B6A42B3957537","sourceCellId":"1R768ZBI","sourceChecksum":"3882591018ee8c2c622e5d3fad12629ad1cd467cd148b39008bf6c9cec5cb7f4","pipelineFeatureId":"1R768ZBI/SOUNDG/1280595969/211","provenance":{"cellId":"1R768ZBI","checksum":"3882591018ee8c2c622e5d3fad12629ad1cd467cd148b39008bf6c9cec5cb7f4","readerVersion":"GDAL 3.2.2","processedAt":"2026-08-11T13:43:44.753Z"}}},{"type":"Feature","geometry":{"type":"Point","coordinates":[3.9308215,51.4258615]},"properties":{"chartedValueMetres":12.4,"chartedValueRelationToDatum":"below","depthDatum":"Approximate LAT","depthDatumCode":42,"depthDatumStatus":"VERIFIED_FROM_OFFICIAL_DOCUMENTATION","verticalDatum":"Local Datum","verticalDatumCode":24,"napIdentityStatus":"UNVERIFIED","sourceFeatureLnam":"1F2B6A42B3957537","sourceCellId":"1R768ZBI","sourceChecksum":"3882591018ee8c2c622e5d3fad12629ad1cd467cd148b39008bf6c9cec5cb7f4","pipelineFeatureId":"1R768ZBI/SOUNDG/1280595969/212","provenance":{"cellId":"1R768ZBI","checksum":"3882591018ee8c2c622e5d3fad12629ad1cd467cd148b39008bf6c9cec5cb7f4","readerVersion":"GDAL 3.2.2","processedAt":"2026-08-11T13:43:44.753Z"}}},{"type":"Feature","geometry":{"type":"Point","coordinates":[3.9276012,51.4302032]},"properties":{"chartedValueMetres":12.5,"chartedValueRelationToDatum":"below","depthDatum":"Approximate LAT","depthDatumCode":42,"depthDatumStatus":"VERIFIED_FROM_OFFICIAL_DOCUMENTATION","verticalDatum":"Local Datum","verticalDatumCode":24,"napIdentityStatus":"UNVERIFIED","sourceFeatureLnam":"1F2B6A42B3957537","sourceCellId":"1R768ZBI","sourceChecksum":"3882591018ee8c2c622e5d3fad12629ad1cd467cd148b39008bf6c9cec5cb7f4","pipelineFeatureId":"1R768ZBI/SOUNDG/1280595969/213","provenance":{"cellId":"1R768ZBI","checksum":"3882591018ee8c2c622e5d3fad12629ad1cd467cd148b39008bf6c9cec5cb7f4","readerVersion":"GDAL 3.2.2","processedAt":"2026-08-11T13:43:44.753Z"}}},{"type":"Feature","geometry":{"type":"Point","coordinates":[3.9332068,51.4299789]},"properties":{"chartedValueMetres":12.6,"chartedValueRelationToDatum":"below","depthDatum":"Approximate LAT","depthDatumCode":42,"depthDatumStatus":"VERIFIED_FROM_OFFICIAL_DOCUMENTATION","verticalDatum":"Local Datum","verticalDatumCode":24,"napIdentityStatus":"UNVERIFIED","sourceFeatureLnam":"1F2B6A42B3957537","sourceCellId":"1R768ZBI","sourceChecksum":"3882591018ee8c2c622e5d3fad12629ad1cd467cd148b39008bf6c9cec5cb7f4","pipelineFeatureId":"1R768ZBI/SOUNDG/1280595969/214","provenance":{"cellId":"1R768ZBI","checksum":"3882591018ee8c2c622e5d3fad12629ad1cd467cd148b39008bf6c9cec5cb7f4","readerVersion":"GDAL 3.2.2","processedAt":"2026-08-11T13:43:44.753Z"}}},{"type":"Feature","geometry":{"type":"Point","coordinates":[3.9319087,51.4298094]},"properties":{"chartedValueMetres":12.7,"chartedValueRelationToDatum":"below","depthDatum":"Approximate LAT","depthDatumCode":42,"depthDatumStatus":"VERIFIED_FROM_OFFICIAL_DOCUMENTATION","verticalDatum":"Local Datum","verticalDatumCode":24,"napIdentityStatus":"UNVERIFIED","sourceFeatureLnam":"1F2B6A42B3957537","sourceCellId":"1R768ZBI","sourceChecksum":"3882591018ee8c2c622e5d3fad12629ad1cd467cd148b39008bf6c9cec5cb7f4","pipelineFeatureId":"1R768ZBI/SOUNDG/1280595969/215","provenance":{"cellId":"1R768ZBI","checksum":"3882591018ee8c2c622e5d3fad12629ad1cd467cd148b39008bf6c9cec5cb7f4","readerVersion":"GDAL 3.2.2","processedAt":"2026-08-11T13:43:44.753Z"}}},{"type":"Feature","geometry":{"type":"Point","coordinates":[3.9299459,51.425239]},"properties":{"chartedValueMetres":12.7,"chartedValueRelationToDatum":"below","depthDatum":"Approximate LAT","depthDatumCode":42,"depthDatumStatus":"VERIFIED_FROM_OFFICIAL_DOCUMENTATION","verticalDatum":"Local Datum","verticalDatumCode":24,"napIdentityStatus":"UNVERIFIED","sourceFeatureLnam":"1F2B6A42B3957537","sourceCellId":"1R768ZBI","sourceChecksum":"3882591018ee8c2c622e5d3fad12629ad1cd467cd148b39008bf6c9cec5cb7f4","pipelineFeatureId":"1R768ZBI/SOUNDG/1280595969/216","provenance":{"cellId":"1R768ZBI","checksum":"3882591018ee8c2c622e5d3fad12629ad1cd467cd148b39008bf6c9cec5cb7f4","readerVersion":"GDAL 3.2.2","processedAt":"2026-08-11T13:43:44.753Z"}}},{"type":"Feature","geometry":{"type":"Point","coordinates":[3.9322908,51.4273785]},"properties":{"chartedValueMetres":12.8,"chartedValueRelationToDatum":"below","depthDatum":"Approximate LAT","depthDatumCode":42,"depthDatumStatus":"VERIFIED_FROM_OFFICIAL_DOCUMENTATION","verticalDatum":"Local Datum","verticalDatumCode":24,"napIdentityStatus":"UNVERIFIED","sourceFeatureLnam":"1F2B6A42B3957537","sourceCellId":"1R768ZBI","sourceChecksum":"3882591018ee8c2c622e5d3fad12629ad1cd467cd148b39008bf6c9cec5cb7f4","pipelineFeatureId":"1R768ZBI/SOUNDG/1280595969/217","provenance":{"cellId":"1R768ZBI","checksum":"3882591018ee8c2c622e5d3fad12629ad1cd467cd148b39008bf6c9cec5cb7f4","readerVersion":"GDAL 3.2.2","processedAt":"2026-08-11T13:43:44.753Z"}}},{"type":"Feature","geometry":{"type":"Point","coordinates":[3.9270405,51.430927]},"properties":{"chartedValueMetres":12.8,"chartedValueRelationToDatum":"below","depthDatum":"Approximate LAT","depthDatumCode":42,"depthDatumStatus":"VERIFIED_FROM_OFFICIAL_DOCUMENTATION","verticalDatum":"Local Datum","verticalDatumCode":24,"napIdentityStatus":"UNVERIFIED","sourceFeatureLnam":"1F2B6A42B3957537","sourceCellId":"1R768ZBI","sourceChecksum":"3882591018ee8c2c622e5d3fad12629ad1cd467cd148b39008bf6c9cec5cb7f4","pipelineFeatureId":"1R768ZBI/SOUNDG/1280595969/218","provenance":{"cellId":"1R768ZBI","checksum":"3882591018ee8c2c622e5d3fad12629ad1cd467cd148b39008bf6c9cec5cb7f4","readerVersion":"GDAL 3.2.2","processedAt":"2026-08-11T13:43:44.753Z"}}},{"type":"Feature","geometry":{"type":"Point","coordinates":[3.9267783,51.432188]},"properties":{"chartedValueMetres":12.9,"chartedValueRelationToDatum":"below","depthDatum":"Approximate LAT","depthDatumCode":42,"depthDatumStatus":"VERIFIED_FROM_OFFICIAL_DOCUMENTATION","verticalDatum":"Local Datum","verticalDatumCode":24,"napIdentityStatus":"UNVERIFIED","sourceFeatureLnam":"1F2B6A42B3957537","sourceCellId":"1R768ZBI","sourceChecksum":"3882591018ee8c2c622e5d3fad12629ad1cd467cd148b39008bf6c9cec5cb7f4","pipelineFeatureId":"1R768ZBI/SOUNDG/1280595969/219","provenance":{"cellId":"1R768ZBI","checksum":"3882591018ee8c2c622e5d3fad12629ad1cd467cd148b39008bf6c9cec5cb7f4","readerVersion":"GDAL 3.2.2","processedAt":"2026-08-11T13:43:44.753Z"}}},{"type":"Feature","geometry":{"type":"Point","coordinates":[3.9303056,51.4429506]},"properties":{"chartedValueMetres":13.6,"chartedValueRelationToDatum":"below","depthDatum":"Approximate LAT","depthDatumCode":42,"depthDatumStatus":"VERIFIED_FROM_OFFICIAL_DOCUMENTATION","verticalDatum":"Local Datum","verticalDatumCode":24,"napIdentityStatus":"UNVERIFIED","sourceFeatureLnam":"1F2B6A42B3957537","sourceCellId":"1R768ZBI","sourceChecksum":"3882591018ee8c2c622e5d3fad12629ad1cd467cd148b39008bf6c9cec5cb7f4","pipelineFeatureId":"1R768ZBI/SOUNDG/1280595969/220","provenance":{"cellId":"1R768ZBI","checksum":"3882591018ee8c2c622e5d3fad12629ad1cd467cd148b39008bf6c9cec5cb7f4","readerVersion":"GDAL 3.2.2","processedAt":"2026-08-11T13:43:44.753Z"}}},{"type":"Feature","geometry":{"type":"Point","coordinates":[3.929187,51.4303705]},"properties":{"chartedValueMetres":13.8,"chartedValueRelationToDatum":"below","depthDatum":"Approximate LAT","depthDatumCode":42,"depthDatumStatus":"VERIFIED_FROM_OFFICIAL_DOCUMENTATION","verticalDatum":"Local Datum","verticalDatumCode":24,"napIdentityStatus":"UNVERIFIED","sourceFeatureLnam":"1F2B6A42B3957537","sourceCellId":"1R768ZBI","sourceChecksum":"3882591018ee8c2c622e5d3fad12629ad1cd467cd148b39008bf6c9cec5cb7f4","pipelineFeatureId":"1R768ZBI/SOUNDG/1280595969/221","provenance":{"cellId":"1R768ZBI","checksum":"3882591018ee8c2c622e5d3fad12629ad1cd467cd148b39008bf6c9cec5cb7f4","readerVersion":"GDAL 3.2.2","processedAt":"2026-08-11T13:43:44.753Z"}}},{"type":"Feature","geometry":{"type":"Point","coordinates":[3.9294272,51.4280307]},"properties":{"chartedValueMetres":13.8,"chartedValueRelationToDatum":"below","depthDatum":"Approximate LAT","depthDatumCode":42,"depthDatumStatus":"VERIFIED_FROM_OFFICIAL_DOCUMENTATION","verticalDatum":"Local Datum","verticalDatumCode":24,"napIdentityStatus":"UNVERIFIED","sourceFeatureLnam":"1F2B6A42B3957537","sourceCellId":"1R768ZBI","sourceChecksum":"3882591018ee8c2c622e5d3fad12629ad1cd467cd148b39008bf6c9cec5cb7f4","pipelineFeatureId":"1R768ZBI/SOUNDG/1280595969/222","provenance":{"cellId":"1R768ZBI","checksum":"3882591018ee8c2c622e5d3fad12629ad1cd467cd148b39008bf6c9cec5cb7f4","readerVersion":"GDAL 3.2.2","processedAt":"2026-08-11T13:43:44.753Z"}}},{"type":"Feature","geometry":{"type":"Point","coordinates":[3.930649,51.4315279]},"properties":{"chartedValueMetres":13.9,"chartedValueRelationToDatum":"below","depthDatum":"Approximate LAT","depthDatumCode":42,"depthDatumStatus":"VERIFIED_FROM_OFFICIAL_DOCUMENTATION","verticalDatum":"Local Datum","verticalDatumCode":24,"napIdentityStatus":"UNVERIFIED","sourceFeatureLnam":"1F2B6A42B3957537","sourceCellId":"1R768ZBI","sourceChecksum":"3882591018ee8c2c622e5d3fad12629ad1cd467cd148b39008bf6c9cec5cb7f4","pipelineFeatureId":"1R768ZBI/SOUNDG/1280595969/223","provenance":{"cellId":"1R768ZBI","checksum":"3882591018ee8c2c622e5d3fad12629ad1cd467cd148b39008bf6c9cec5cb7f4","readerVersion":"GDAL 3.2.2","processedAt":"2026-08-11T13:43:44.753Z"}}},{"type":"Feature","geometry":{"type":"Point","coordinates":[3.9280436,51.4307392]},"properties":{"chartedValueMetres":13.9,"chartedValueRelationToDatum":"below","depthDatum":"Approximate LAT","depthDatumCode":42,"depthDatumStatus":"VERIFIED_FROM_OFFICIAL_DOCUMENTATION","verticalDatum":"Local Datum","verticalDatumCode":24,"napIdentityStatus":"UNVERIFIED","sourceFeatureLnam":"1F2B6A42B3957537","sourceCellId":"1R768ZBI","sourceChecksum":"3882591018ee8c2c622e5d3fad12629ad1cd467cd148b39008bf6c9cec5cb7f4","pipelineFeatureId":"1R768ZBI/SOUNDG/1280595969/224","provenance":{"cellId":"1R768ZBI","checksum":"3882591018ee8c2c622e5d3fad12629ad1cd467cd148b39008bf6c9cec5cb7f4","readerVersion":"GDAL 3.2.2","processedAt":"2026-08-11T13:43:44.753Z"}}},{"type":"Feature","geometry":{"type":"Point","coordinates":[3.9281967,51.4382914]},"properties":{"chartedValueMetres":13.9,"chartedValueRelationToDatum":"below","depthDatum":"Approximate LAT","depthDatumCode":42,"depthDatumStatus":"VERIFIED_FROM_OFFICIAL_DOCUMENTATION","verticalDatum":"Local Datum","verticalDatumCode":24,"napIdentityStatus":"UNVERIFIED","sourceFeatureLnam":"1F2B6A42B3957537","sourceCellId":"1R768ZBI","sourceChecksum":"3882591018ee8c2c622e5d3fad12629ad1cd467cd148b39008bf6c9cec5cb7f4","pipelineFeatureId":"1R768ZBI/SOUNDG/1280595969/225","provenance":{"cellId":"1R768ZBI","checksum":"3882591018ee8c2c622e5d3fad12629ad1cd467cd148b39008bf6c9cec5cb7f4","readerVersion":"GDAL 3.2.2","processedAt":"2026-08-11T13:43:44.753Z"}}},{"type":"Feature","geometry":{"type":"Point","coordinates":[3.926791,51.4328173]},"properties":{"chartedValueMetres":14,"chartedValueRelationToDatum":"below","depthDatum":"Approximate LAT","depthDatumCode":42,"depthDatumStatus":"VERIFIED_FROM_OFFICIAL_DOCUMENTATION","verticalDatum":"Local Datum","verticalDatumCode":24,"napIdentityStatus":"UNVERIFIED","sourceFeatureLnam":"1F2B6A42B3957537","sourceCellId":"1R768ZBI","sourceChecksum":"3882591018ee8c2c622e5d3fad12629ad1cd467cd148b39008bf6c9cec5cb7f4","pipelineFeatureId":"1R768ZBI/SOUNDG/1280595969/226","provenance":{"cellId":"1R768ZBI","checksum":"3882591018ee8c2c622e5d3fad12629ad1cd467cd148b39008bf6c9cec5cb7f4","readerVersion":"GDAL 3.2.2","processedAt":"2026-08-11T13:43:44.753Z"}}},{"type":"Feature","geometry":{"type":"Point","coordinates":[3.9333204,51.4355531]},"properties":{"chartedValueMetres":14,"chartedValueRelationToDatum":"below","depthDatum":"Approximate LAT","depthDatumCode":42,"depthDatumStatus":"VERIFIED_FROM_OFFICIAL_DOCUMENTATION","verticalDatum":"Local Datum","verticalDatumCode":24,"napIdentityStatus":"UNVERIFIED","sourceFeatureLnam":"1F2B6A42B3957537","sourceCellId":"1R768ZBI","sourceChecksum":"3882591018ee8c2c622e5d3fad12629ad1cd467cd148b39008bf6c9cec5cb7f4","pipelineFeatureId":"1R768ZBI/SOUNDG/1280595969/227","provenance":{"cellId":"1R768ZBI","checksum":"3882591018ee8c2c622e5d3fad12629ad1cd467cd148b39008bf6c9cec5cb7f4","readerVersion":"GDAL 3.2.2","processedAt":"2026-08-11T13:43:44.753Z"}}},{"type":"Feature","geometry":{"type":"Point","coordinates":[3.9323072,51.4281876]},"properties":{"chartedValueMetres":14.5,"chartedValueRelationToDatum":"below","depthDatum":"Approximate LAT","depthDatumCode":42,"depthDatumStatus":"VERIFIED_FROM_OFFICIAL_DOCUMENTATION","verticalDatum":"Local Datum","verticalDatumCode":24,"napIdentityStatus":"UNVERIFIED","sourceFeatureLnam":"1F2B6A42B3957537","sourceCellId":"1R768ZBI","sourceChecksum":"3882591018ee8c2c622e5d3fad12629ad1cd467cd148b39008bf6c9cec5cb7f4","pipelineFeatureId":"1R768ZBI/SOUNDG/1280595969/228","provenance":{"cellId":"1R768ZBI","checksum":"3882591018ee8c2c622e5d3fad12629ad1cd467cd148b39008bf6c9cec5cb7f4","readerVersion":"GDAL 3.2.2","processedAt":"2026-08-11T13:43:44.753Z"}}},{"type":"Feature","geometry":{"type":"Point","coordinates":[3.9276667,51.4263361]},"properties":{"chartedValueMetres":14.7,"chartedValueRelationToDatum":"below","depthDatum":"Approximate LAT","depthDatumCode":42,"depthDatumStatus":"VERIFIED_FROM_OFFICIAL_DOCUMENTATION","verticalDatum":"Local Datum","verticalDatumCode":24,"napIdentityStatus":"UNVERIFIED","sourceFeatureLnam":"1F2B6A42B3957537","sourceCellId":"1R768ZBI","sourceChecksum":"3882591018ee8c2c622e5d3fad12629ad1cd467cd148b39008bf6c9cec5cb7f4","pipelineFeatureId":"1R768ZBI/SOUNDG/1280595969/229","provenance":{"cellId":"1R768ZBI","checksum":"3882591018ee8c2c622e5d3fad12629ad1cd467cd148b39008bf6c9cec5cb7f4","readerVersion":"GDAL 3.2.2","processedAt":"2026-08-11T13:43:44.753Z"}}},{"type":"Feature","geometry":{"type":"Point","coordinates":[3.929231,51.439632]},"properties":{"chartedValueMetres":14.7,"chartedValueRelationToDatum":"below","depthDatum":"Approximate LAT","depthDatumCode":42,"depthDatumStatus":"VERIFIED_FROM_OFFICIAL_DOCUMENTATION","verticalDatum":"Local Datum","verticalDatumCode":24,"napIdentityStatus":"UNVERIFIED","sourceFeatureLnam":"1F2B6A42B3957537","sourceCellId":"1R768ZBI","sourceChecksum":"3882591018ee8c2c622e5d3fad12629ad1cd467cd148b39008bf6c9cec5cb7f4","pipelineFeatureId":"1R768ZBI/SOUNDG/1280595969/230","provenance":{"cellId":"1R768ZBI","checksum":"3882591018ee8c2c622e5d3fad12629ad1cd467cd148b39008bf6c9cec5cb7f4","readerVersion":"GDAL 3.2.2","processedAt":"2026-08-11T13:43:44.753Z"}}},{"type":"Feature","geometry":{"type":"Point","coordinates":[3.9331894,51.4361836]},"properties":{"chartedValueMetres":14.8,"chartedValueRelationToDatum":"below","depthDatum":"Approximate LAT","depthDatumCode":42,"depthDatumStatus":"VERIFIED_FROM_OFFICIAL_DOCUMENTATION","verticalDatum":"Local Datum","verticalDatumCode":24,"napIdentityStatus":"UNVERIFIED","sourceFeatureLnam":"1F2B6A42B3957537","sourceCellId":"1R768ZBI","sourceChecksum":"3882591018ee8c2c622e5d3fad12629ad1cd467cd148b39008bf6c9cec5cb7f4","pipelineFeatureId":"1R768ZBI/SOUNDG/1280595969/231","provenance":{"cellId":"1R768ZBI","checksum":"3882591018ee8c2c622e5d3fad12629ad1cd467cd148b39008bf6c9cec5cb7f4","readerVersion":"GDAL 3.2.2","processedAt":"2026-08-11T13:43:44.753Z"}}},{"type":"Feature","geometry":{"type":"Point","coordinates":[3.9310311,51.429097]},"properties":{"chartedValueMetres":14.8,"chartedValueRelationToDatum":"below","depthDatum":"Approximate LAT","depthDatumCode":42,"depthDatumStatus":"VERIFIED_FROM_OFFICIAL_DOCUMENTATION","verticalDatum":"Local Datum","verticalDatumCode":24,"napIdentityStatus":"UNVERIFIED","sourceFeatureLnam":"1F2B6A42B3957537","sourceCellId":"1R768ZBI","sourceChecksum":"3882591018ee8c2c622e5d3fad12629ad1cd467cd148b39008bf6c9cec5cb7f4","pipelineFeatureId":"1R768ZBI/SOUNDG/1280595969/232","provenance":{"cellId":"1R768ZBI","checksum":"3882591018ee8c2c622e5d3fad12629ad1cd467cd148b39008bf6c9cec5cb7f4","readerVersion":"GDAL 3.2.2","processedAt":"2026-08-11T13:43:44.753Z"}}},{"type":"Feature","geometry":{"type":"Point","coordinates":[3.9298557,51.4420549]},"properties":{"chartedValueMetres":14.9,"chartedValueRelationToDatum":"below","depthDatum":"Approximate LAT","depthDatumCode":42,"depthDatumStatus":"VERIFIED_FROM_OFFICIAL_DOCUMENTATION","verticalDatum":"Local Datum","verticalDatumCode":24,"napIdentityStatus":"UNVERIFIED","sourceFeatureLnam":"1F2B6A42B3957537","sourceCellId":"1R768ZBI","sourceChecksum":"3882591018ee8c2c622e5d3fad12629ad1cd467cd148b39008bf6c9cec5cb7f4","pipelineFeatureId":"1R768ZBI/SOUNDG/1280595969/233","provenance":{"cellId":"1R768ZBI","checksum":"3882591018ee8c2c622e5d3fad12629ad1cd467cd148b39008bf6c9cec5cb7f4","readerVersion":"GDAL 3.2.2","processedAt":"2026-08-11T13:43:44.753Z"}}},{"type":"Feature","geometry":{"type":"Point","coordinates":[3.9310987,51.4324235]},"properties":{"chartedValueMetres":15,"chartedValueRelationToDatum":"below","depthDatum":"Approximate LAT","depthDatumCode":42,"depthDatumStatus":"VERIFIED_FROM_OFFICIAL_DOCUMENTATION","verticalDatum":"Local Datum","verticalDatumCode":24,"napIdentityStatus":"UNVERIFIED","sourceFeatureLnam":"1F2B6A42B3957537","sourceCellId":"1R768ZBI","sourceChecksum":"3882591018ee8c2c622e5d3fad12629ad1cd467cd148b39008bf6c9cec5cb7f4","pipelineFeatureId":"1R768ZBI/SOUNDG/1280595969/234","provenance":{"cellId":"1R768ZBI","checksum":"3882591018ee8c2c622e5d3fad12629ad1cd467cd148b39008bf6c9cec5cb7f4","readerVersion":"GDAL 3.2.2","processedAt":"2026-08-11T13:43:44.753Z"}}},{"type":"Feature","geometry":{"type":"Point","coordinates":[3.9280564,51.4313686]},"properties":{"chartedValueMetres":15.1,"chartedValueRelationToDatum":"below","depthDatum":"Approximate LAT","depthDatumCode":42,"depthDatumStatus":"VERIFIED_FROM_OFFICIAL_DOCUMENTATION","verticalDatum":"Local Datum","verticalDatumCode":24,"napIdentityStatus":"UNVERIFIED","sourceFeatureLnam":"1F2B6A42B3957537","sourceCellId":"1R768ZBI","sourceChecksum":"3882591018ee8c2c622e5d3fad12629ad1cd467cd148b39008bf6c9cec5cb7f4","pipelineFeatureId":"1R768ZBI/SOUNDG/1280595969/235","provenance":{"cellId":"1R768ZBI","checksum":"3882591018ee8c2c622e5d3fad12629ad1cd467cd148b39008bf6c9cec5cb7f4","readerVersion":"GDAL 3.2.2","processedAt":"2026-08-11T13:43:44.753Z"}}},{"type":"Feature","geometry":{"type":"Point","coordinates":[3.9284971,51.4389185]},"properties":{"chartedValueMetres":15.4,"chartedValueRelationToDatum":"below","depthDatum":"Approximate LAT","depthDatumCode":42,"depthDatumStatus":"VERIFIED_FROM_OFFICIAL_DOCUMENTATION","verticalDatum":"Local Datum","verticalDatumCode":24,"napIdentityStatus":"UNVERIFIED","sourceFeatureLnam":"1F2B6A42B3957537","sourceCellId":"1R768ZBI","sourceChecksum":"3882591018ee8c2c622e5d3fad12629ad1cd467cd148b39008bf6c9cec5cb7f4","pipelineFeatureId":"1R768ZBI/SOUNDG/1280595969/236","provenance":{"cellId":"1R768ZBI","checksum":"3882591018ee8c2c622e5d3fad12629ad1cd467cd148b39008bf6c9cec5cb7f4","readerVersion":"GDAL 3.2.2","processedAt":"2026-08-11T13:43:44.753Z"}}},{"type":"Feature","geometry":{"type":"Point","coordinates":[3.9313992,51.4330506]},"properties":{"chartedValueMetres":15.5,"chartedValueRelationToDatum":"below","depthDatum":"Approximate LAT","depthDatumCode":42,"depthDatumStatus":"VERIFIED_FROM_OFFICIAL_DOCUMENTATION","verticalDatum":"Local Datum","verticalDatumCode":24,"napIdentityStatus":"UNVERIFIED","sourceFeatureLnam":"1F2B6A42B3957537","sourceCellId":"1R768ZBI","sourceChecksum":"3882591018ee8c2c622e5d3fad12629ad1cd467cd148b39008bf6c9cec5cb7f4","pipelineFeatureId":"1R768ZBI/SOUNDG/1280595969/237","provenance":{"cellId":"1R768ZBI","checksum":"3882591018ee8c2c622e5d3fad12629ad1cd467cd148b39008bf6c9cec5cb7f4","readerVersion":"GDAL 3.2.2","processedAt":"2026-08-11T13:43:44.753Z"}}},{"type":"Feature","geometry":{"type":"Point","coordinates":[3.9277815,51.4320002]},"properties":{"chartedValueMetres":15.5,"chartedValueRelationToDatum":"below","depthDatum":"Approximate LAT","depthDatumCode":42,"depthDatumStatus":"VERIFIED_FROM_OFFICIAL_DOCUMENTATION","verticalDatum":"Local Datum","verticalDatumCode":24,"napIdentityStatus":"UNVERIFIED","sourceFeatureLnam":"1F2B6A42B3957537","sourceCellId":"1R768ZBI","sourceChecksum":"3882591018ee8c2c622e5d3fad12629ad1cd467cd148b39008bf6c9cec5cb7f4","pipelineFeatureId":"1R768ZBI/SOUNDG/1280595969/238","provenance":{"cellId":"1R768ZBI","checksum":"3882591018ee8c2c622e5d3fad12629ad1cd467cd148b39008bf6c9cec5cb7f4","readerVersion":"GDAL 3.2.2","processedAt":"2026-08-11T13:43:44.753Z"}}},{"type":"Feature","geometry":{"type":"Point","coordinates":[3.9299795,51.4410648]},"properties":{"chartedValueMetres":15.8,"chartedValueRelationToDatum":"below","depthDatum":"Approximate LAT","depthDatumCode":42,"depthDatumStatus":"VERIFIED_FROM_OFFICIAL_DOCUMENTATION","verticalDatum":"Local Datum","verticalDatumCode":24,"napIdentityStatus":"UNVERIFIED","sourceFeatureLnam":"1F2B6A42B3957537","sourceCellId":"1R768ZBI","sourceChecksum":"3882591018ee8c2c622e5d3fad12629ad1cd467cd148b39008bf6c9cec5cb7f4","pipelineFeatureId":"1R768ZBI/SOUNDG/1280595969/239","provenance":{"cellId":"1R768ZBI","checksum":"3882591018ee8c2c622e5d3fad12629ad1cd467cd148b39008bf6c9cec5cb7f4","readerVersion":"GDAL 3.2.2","processedAt":"2026-08-11T13:43:44.753Z"}}},{"type":"Feature","geometry":{"type":"Point","coordinates":[3.9296735,51.440168]},"properties":{"chartedValueMetres":15.8,"chartedValueRelationToDatum":"below","depthDatum":"Approximate LAT","depthDatumCode":42,"depthDatumStatus":"VERIFIED_FROM_OFFICIAL_DOCUMENTATION","verticalDatum":"Local Datum","verticalDatumCode":24,"napIdentityStatus":"UNVERIFIED","sourceFeatureLnam":"1F2B6A42B3957537","sourceCellId":"1R768ZBI","sourceChecksum":"3882591018ee8c2c622e5d3fad12629ad1cd467cd148b39008bf6c9cec5cb7f4","pipelineFeatureId":"1R768ZBI/SOUNDG/1280595969/240","provenance":{"cellId":"1R768ZBI","checksum":"3882591018ee8c2c622e5d3fad12629ad1cd467cd148b39008bf6c9cec5cb7f4","readerVersion":"GDAL 3.2.2","processedAt":"2026-08-11T13:43:44.753Z"}}},{"type":"Feature","geometry":{"type":"Point","coordinates":[3.9314675,51.4434809]},"properties":{"chartedValueMetres":16.5,"chartedValueRelationToDatum":"below","depthDatum":"Approximate LAT","depthDatumCode":42,"depthDatumStatus":"VERIFIED_FROM_OFFICIAL_DOCUMENTATION","verticalDatum":"Local Datum","verticalDatumCode":24,"napIdentityStatus":"UNVERIFIED","sourceFeatureLnam":"1F2B6A42B3957537","sourceCellId":"1R768ZBI","sourceChecksum":"3882591018ee8c2c622e5d3fad12629ad1cd467cd148b39008bf6c9cec5cb7f4","pipelineFeatureId":"1R768ZBI/SOUNDG/1280595969/241","provenance":{"cellId":"1R768ZBI","checksum":"3882591018ee8c2c622e5d3fad12629ad1cd467cd148b39008bf6c9cec5cb7f4","readerVersion":"GDAL 3.2.2","processedAt":"2026-08-11T13:43:44.753Z"}}},{"type":"Feature","geometry":{"type":"Point","coordinates":[3.9305166,51.4391722]},"properties":{"chartedValueMetres":16.6,"chartedValueRelationToDatum":"below","depthDatum":"Approximate LAT","depthDatumCode":42,"depthDatumStatus":"VERIFIED_FROM_OFFICIAL_DOCUMENTATION","verticalDatum":"Local Datum","verticalDatumCode":24,"napIdentityStatus":"UNVERIFIED","sourceFeatureLnam":"1F2B6A42B3957537","sourceCellId":"1R768ZBI","sourceChecksum":"3882591018ee8c2c622e5d3fad12629ad1cd467cd148b39008bf6c9cec5cb7f4","pipelineFeatureId":"1R768ZBI/SOUNDG/1280595969/242","provenance":{"cellId":"1R768ZBI","checksum":"3882591018ee8c2c622e5d3fad12629ad1cd467cd148b39008bf6c9cec5cb7f4","readerVersion":"GDAL 3.2.2","processedAt":"2026-08-11T13:43:44.753Z"}}},{"type":"Feature","geometry":{"type":"Point","coordinates":[3.9323563,51.4447327]},"properties":{"chartedValueMetres":16.9,"chartedValueRelationToDatum":"below","depthDatum":"Approximate LAT","depthDatumCode":42,"depthDatumStatus":"VERIFIED_FROM_OFFICIAL_DOCUMENTATION","verticalDatum":"Local Datum","verticalDatumCode":24,"napIdentityStatus":"UNVERIFIED","sourceFeatureLnam":"1F2B6A42B3957537","sourceCellId":"1R768ZBI","sourceChecksum":"3882591018ee8c2c622e5d3fad12629ad1cd467cd148b39008bf6c9cec5cb7f4","pipelineFeatureId":"1R768ZBI/SOUNDG/1280595969/243","provenance":{"cellId":"1R768ZBI","checksum":"3882591018ee8c2c622e5d3fad12629ad1cd467cd148b39008bf6c9cec5cb7f4","readerVersion":"GDAL 3.2.2","processedAt":"2026-08-11T13:43:44.753Z"}}},{"type":"Feature","geometry":{"type":"Point","coordinates":[3.9276613,51.4331701]},"properties":{"chartedValueMetres":17,"chartedValueRelationToDatum":"below","depthDatum":"Approximate LAT","depthDatumCode":42,"depthDatumStatus":"VERIFIED_FROM_OFFICIAL_DOCUMENTATION","verticalDatum":"Local Datum","verticalDatumCode":24,"napIdentityStatus":"UNVERIFIED","sourceFeatureLnam":"1F2B6A42B3957537","sourceCellId":"1R768ZBI","sourceChecksum":"3882591018ee8c2c622e5d3fad12629ad1cd467cd148b39008bf6c9cec5cb7f4","pipelineFeatureId":"1R768ZBI/SOUNDG/1280595969/244","provenance":{"cellId":"1R768ZBI","checksum":"3882591018ee8c2c622e5d3fad12629ad1cd467cd148b39008bf6c9cec5cb7f4","readerVersion":"GDAL 3.2.2","processedAt":"2026-08-11T13:43:44.753Z"}}},{"type":"Feature","geometry":{"type":"Point","coordinates":[3.9324482,51.4351104]},"properties":{"chartedValueMetres":17,"chartedValueRelationToDatum":"below","depthDatum":"Approximate LAT","depthDatumCode":42,"depthDatumStatus":"VERIFIED_FROM_OFFICIAL_DOCUMENTATION","verticalDatum":"Local Datum","verticalDatumCode":24,"napIdentityStatus":"UNVERIFIED","sourceFeatureLnam":"1F2B6A42B3957537","sourceCellId":"1R768ZBI","sourceChecksum":"3882591018ee8c2c622e5d3fad12629ad1cd467cd148b39008bf6c9cec5cb7f4","pipelineFeatureId":"1R768ZBI/SOUNDG/1280595969/245","provenance":{"cellId":"1R768ZBI","checksum":"3882591018ee8c2c622e5d3fad12629ad1cd467cd148b39008bf6c9cec5cb7f4","readerVersion":"GDAL 3.2.2","processedAt":"2026-08-11T13:43:44.753Z"}}},{"type":"Feature","geometry":{"type":"Point","coordinates":[3.932054,51.4440157]},"properties":{"chartedValueMetres":17,"chartedValueRelationToDatum":"below","depthDatum":"Approximate LAT","depthDatumCode":42,"depthDatumStatus":"VERIFIED_FROM_OFFICIAL_DOCUMENTATION","verticalDatum":"Local Datum","verticalDatumCode":24,"napIdentityStatus":"UNVERIFIED","sourceFeatureLnam":"1F2B6A42B3957537","sourceCellId":"1R768ZBI","sourceChecksum":"3882591018ee8c2c622e5d3fad12629ad1cd467cd148b39008bf6c9cec5cb7f4","pipelineFeatureId":"1R768ZBI/SOUNDG/1280595969/246","provenance":{"cellId":"1R768ZBI","checksum":"3882591018ee8c2c622e5d3fad12629ad1cd467cd148b39008bf6c9cec5cb7f4","readerVersion":"GDAL 3.2.2","processedAt":"2026-08-11T13:43:44.753Z"}}},{"type":"Feature","geometry":{"type":"Point","coordinates":[3.9296422,51.4315359]},"properties":{"chartedValueMetres":17.1,"chartedValueRelationToDatum":"below","depthDatum":"Approximate LAT","depthDatumCode":42,"depthDatumStatus":"VERIFIED_FROM_OFFICIAL_DOCUMENTATION","verticalDatum":"Local Datum","verticalDatumCode":24,"napIdentityStatus":"UNVERIFIED","sourceFeatureLnam":"1F2B6A42B3957537","sourceCellId":"1R768ZBI","sourceChecksum":"3882591018ee8c2c622e5d3fad12629ad1cd467cd148b39008bf6c9cec5cb7f4","pipelineFeatureId":"1R768ZBI/SOUNDG/1280595969/247","provenance":{"cellId":"1R768ZBI","checksum":"3882591018ee8c2c622e5d3fad12629ad1cd467cd148b39008bf6c9cec5cb7f4","readerVersion":"GDAL 3.2.2","processedAt":"2026-08-11T13:43:44.753Z"}}},{"type":"Feature","geometry":{"type":"Point","coordinates":[3.9318698,51.4420389]},"properties":{"chartedValueMetres":17.1,"chartedValueRelationToDatum":"below","depthDatum":"Approximate LAT","depthDatumCode":42,"depthDatumStatus":"VERIFIED_FROM_OFFICIAL_DOCUMENTATION","verticalDatum":"Local Datum","verticalDatumCode":24,"napIdentityStatus":"UNVERIFIED","sourceFeatureLnam":"1F2B6A42B3957537","sourceCellId":"1R768ZBI","sourceChecksum":"3882591018ee8c2c622e5d3fad12629ad1cd467cd148b39008bf6c9cec5cb7f4","pipelineFeatureId":"1R768ZBI/SOUNDG/1280595969/248","provenance":{"cellId":"1R768ZBI","checksum":"3882591018ee8c2c622e5d3fad12629ad1cd467cd148b39008bf6c9cec5cb7f4","readerVersion":"GDAL 3.2.2","processedAt":"2026-08-11T13:43:44.753Z"}}},{"type":"Feature","geometry":{"type":"Point","coordinates":[3.93098,51.4265796]},"properties":{"chartedValueMetres":17.2,"chartedValueRelationToDatum":"below","depthDatum":"Approximate LAT","depthDatumCode":42,"depthDatumStatus":"VERIFIED_FROM_OFFICIAL_DOCUMENTATION","verticalDatum":"Local Datum","verticalDatumCode":24,"napIdentityStatus":"UNVERIFIED","sourceFeatureLnam":"1F2B6A42B3957537","sourceCellId":"1R768ZBI","sourceChecksum":"3882591018ee8c2c622e5d3fad12629ad1cd467cd148b39008bf6c9cec5cb7f4","pipelineFeatureId":"1R768ZBI/SOUNDG/1280595969/249","provenance":{"cellId":"1R768ZBI","checksum":"3882591018ee8c2c622e5d3fad12629ad1cd467cd148b39008bf6c9cec5cb7f4","readerVersion":"GDAL 3.2.2","processedAt":"2026-08-11T13:43:44.753Z"}}},{"type":"Feature","geometry":{"type":"Point","coordinates":[3.9326744,51.4391551]},"properties":{"chartedValueMetres":17.3,"chartedValueRelationToDatum":"below","depthDatum":"Approximate LAT","depthDatumCode":42,"depthDatumStatus":"VERIFIED_FROM_OFFICIAL_DOCUMENTATION","verticalDatum":"Local Datum","verticalDatumCode":24,"napIdentityStatus":"UNVERIFIED","sourceFeatureLnam":"1F2B6A42B3957537","sourceCellId":"1R768ZBI","sourceChecksum":"3882591018ee8c2c622e5d3fad12629ad1cd467cd148b39008bf6c9cec5cb7f4","pipelineFeatureId":"1R768ZBI/SOUNDG/1280595969/250","provenance":{"cellId":"1R768ZBI","checksum":"3882591018ee8c2c622e5d3fad12629ad1cd467cd148b39008bf6c9cec5cb7f4","readerVersion":"GDAL 3.2.2","processedAt":"2026-08-11T13:43:44.753Z"}}},{"type":"Feature","geometry":{"type":"Point","coordinates":[3.9305887,51.428561]},"properties":{"chartedValueMetres":17.3,"chartedValueRelationToDatum":"below","depthDatum":"Approximate LAT","depthDatumCode":42,"depthDatumStatus":"VERIFIED_FROM_OFFICIAL_DOCUMENTATION","verticalDatum":"Local Datum","verticalDatumCode":24,"napIdentityStatus":"UNVERIFIED","sourceFeatureLnam":"1F2B6A42B3957537","sourceCellId":"1R768ZBI","sourceChecksum":"3882591018ee8c2c622e5d3fad12629ad1cd467cd148b39008bf6c9cec5cb7f4","pipelineFeatureId":"1R768ZBI/SOUNDG/1280595969/251","provenance":{"cellId":"1R768ZBI","checksum":"3882591018ee8c2c622e5d3fad12629ad1cd467cd148b39008bf6c9cec5cb7f4","readerVersion":"GDAL 3.2.2","processedAt":"2026-08-11T13:43:44.753Z"}}},{"type":"Feature","geometry":{"type":"Point","coordinates":[3.9288337,51.4271361]},"properties":{"chartedValueMetres":17.4,"chartedValueRelationToDatum":"below","depthDatum":"Approximate LAT","depthDatumCode":42,"depthDatumStatus":"VERIFIED_FROM_OFFICIAL_DOCUMENTATION","verticalDatum":"Local Datum","verticalDatumCode":24,"napIdentityStatus":"UNVERIFIED","sourceFeatureLnam":"1F2B6A42B3957537","sourceCellId":"1R768ZBI","sourceChecksum":"3882591018ee8c2c622e5d3fad12629ad1cd467cd148b39008bf6c9cec5cb7f4","pipelineFeatureId":"1R768ZBI/SOUNDG/1280595969/252","provenance":{"cellId":"1R768ZBI","checksum":"3882591018ee8c2c622e5d3fad12629ad1cd467cd148b39008bf6c9cec5cb7f4","readerVersion":"GDAL 3.2.2","processedAt":"2026-08-11T13:43:44.753Z"}}},{"type":"Feature","geometry":{"type":"Point","coordinates":[3.9307262,51.4424077]},"properties":{"chartedValueMetres":17.8,"chartedValueRelationToDatum":"below","depthDatum":"Approximate LAT","depthDatumCode":42,"depthDatumStatus":"VERIFIED_FROM_OFFICIAL_DOCUMENTATION","verticalDatum":"Local Datum","verticalDatumCode":24,"napIdentityStatus":"UNVERIFIED","sourceFeatureLnam":"1F2B6A42B3957537","sourceCellId":"1R768ZBI","sourceChecksum":"3882591018ee8c2c622e5d3fad12629ad1cd467cd148b39008bf6c9cec5cb7f4","pipelineFeatureId":"1R768ZBI/SOUNDG/1280595969/253","provenance":{"cellId":"1R768ZBI","checksum":"3882591018ee8c2c622e5d3fad12629ad1cd467cd148b39008bf6c9cec5cb7f4","readerVersion":"GDAL 3.2.2","processedAt":"2026-08-11T13:43:44.753Z"}}},{"type":"Feature","geometry":{"type":"Point","coordinates":[3.9267784,51.4250842]},"properties":{"chartedValueMetres":17.8,"chartedValueRelationToDatum":"below","depthDatum":"Approximate LAT","depthDatumCode":42,"depthDatumStatus":"VERIFIED_FROM_OFFICIAL_DOCUMENTATION","verticalDatum":"Local Datum","verticalDatumCode":24,"napIdentityStatus":"UNVERIFIED","sourceFeatureLnam":"1F2B6A42B3957537","sourceCellId":"1R768ZBI","sourceChecksum":"3882591018ee8c2c622e5d3fad12629ad1cd467cd148b39008bf6c9cec5cb7f4","pipelineFeatureId":"1R768ZBI/SOUNDG/1280595969/254","provenance":{"cellId":"1R768ZBI","checksum":"3882591018ee8c2c622e5d3fad12629ad1cd467cd148b39008bf6c9cec5cb7f4","readerVersion":"GDAL 3.2.2","processedAt":"2026-08-11T13:43:44.753Z"}}},{"type":"Feature","geometry":{"type":"Point","coordinates":[3.9311158,51.4403364]},"properties":{"chartedValueMetres":17.9,"chartedValueRelationToDatum":"below","depthDatum":"Approximate LAT","depthDatumCode":42,"depthDatumStatus":"VERIFIED_FROM_OFFICIAL_DOCUMENTATION","verticalDatum":"Local Datum","verticalDatumCode":24,"napIdentityStatus":"UNVERIFIED","sourceFeatureLnam":"1F2B6A42B3957537","sourceCellId":"1R768ZBI","sourceChecksum":"3882591018ee8c2c622e5d3fad12629ad1cd467cd148b39008bf6c9cec5cb7f4","pipelineFeatureId":"1R768ZBI/SOUNDG/1280595969/255","provenance":{"cellId":"1R768ZBI","checksum":"3882591018ee8c2c622e5d3fad12629ad1cd467cd148b39008bf6c9cec5cb7f4","readerVersion":"GDAL 3.2.2","processedAt":"2026-08-11T13:43:44.753Z"}}},{"type":"Feature","geometry":{"type":"Point","coordinates":[3.9318826,51.4426683]},"properties":{"chartedValueMetres":17.9,"chartedValueRelationToDatum":"below","depthDatum":"Approximate LAT","depthDatumCode":42,"depthDatumStatus":"VERIFIED_FROM_OFFICIAL_DOCUMENTATION","verticalDatum":"Local Datum","verticalDatumCode":24,"napIdentityStatus":"UNVERIFIED","sourceFeatureLnam":"1F2B6A42B3957537","sourceCellId":"1R768ZBI","sourceChecksum":"3882591018ee8c2c622e5d3fad12629ad1cd467cd148b39008bf6c9cec5cb7f4","pipelineFeatureId":"1R768ZBI/SOUNDG/1280595969/256","provenance":{"cellId":"1R768ZBI","checksum":"3882591018ee8c2c622e5d3fad12629ad1cd467cd148b39008bf6c9cec5cb7f4","readerVersion":"GDAL 3.2.2","processedAt":"2026-08-11T13:43:44.753Z"}}},{"type":"Feature","geometry":{"type":"Point","coordinates":[3.9295059,51.4390004]},"properties":{"chartedValueMetres":18.5,"chartedValueRelationToDatum":"below","depthDatum":"Approximate LAT","depthDatumCode":42,"depthDatumStatus":"VERIFIED_FROM_OFFICIAL_DOCUMENTATION","verticalDatum":"Local Datum","verticalDatumCode":24,"napIdentityStatus":"UNVERIFIED","sourceFeatureLnam":"1F2B6A42B3957537","sourceCellId":"1R768ZBI","sourceChecksum":"3882591018ee8c2c622e5d3fad12629ad1cd467cd148b39008bf6c9cec5cb7f4","pipelineFeatureId":"1R768ZBI/SOUNDG/1280595969/257","provenance":{"cellId":"1R768ZBI","checksum":"3882591018ee8c2c622e5d3fad12629ad1cd467cd148b39008bf6c9cec5cb7f4","readerVersion":"GDAL 3.2.2","processedAt":"2026-08-11T13:43:44.753Z"}}},{"type":"Feature","geometry":{"type":"Point","coordinates":[3.9275102,51.4257079]},"properties":{"chartedValueMetres":18.5,"chartedValueRelationToDatum":"below","depthDatum":"Approximate LAT","depthDatumCode":42,"depthDatumStatus":"VERIFIED_FROM_OFFICIAL_DOCUMENTATION","verticalDatum":"Local Datum","verticalDatumCode":24,"napIdentityStatus":"UNVERIFIED","sourceFeatureLnam":"1F2B6A42B3957537","sourceCellId":"1R768ZBI","sourceChecksum":"3882591018ee8c2c622e5d3fad12629ad1cd467cd148b39008bf6c9cec5cb7f4","pipelineFeatureId":"1R768ZBI/SOUNDG/1280595969/258","provenance":{"cellId":"1R768ZBI","checksum":"3882591018ee8c2c622e5d3fad12629ad1cd467cd148b39008bf6c9cec5cb7f4","readerVersion":"GDAL 3.2.2","processedAt":"2026-08-11T13:43:44.753Z"}}},{"type":"Feature","geometry":{"type":"Point","coordinates":[3.9292055,51.4383733]},"properties":{"chartedValueMetres":18.5,"chartedValueRelationToDatum":"below","depthDatum":"Approximate LAT","depthDatumCode":42,"depthDatumStatus":"VERIFIED_FROM_OFFICIAL_DOCUMENTATION","verticalDatum":"Local Datum","verticalDatumCode":24,"napIdentityStatus":"UNVERIFIED","sourceFeatureLnam":"1F2B6A42B3957537","sourceCellId":"1R768ZBI","sourceChecksum":"3882591018ee8c2c622e5d3fad12629ad1cd467cd148b39008bf6c9cec5cb7f4","pipelineFeatureId":"1R768ZBI/SOUNDG/1280595969/259","provenance":{"cellId":"1R768ZBI","checksum":"3882591018ee8c2c622e5d3fad12629ad1cd467cd148b39008bf6c9cec5cb7f4","readerVersion":"GDAL 3.2.2","processedAt":"2026-08-11T13:43:44.753Z"}}},{"type":"Feature","geometry":{"type":"Point","coordinates":[3.931857,51.4414096]},"properties":{"chartedValueMetres":18.6,"chartedValueRelationToDatum":"below","depthDatum":"Approximate LAT","depthDatumCode":42,"depthDatumStatus":"VERIFIED_FROM_OFFICIAL_DOCUMENTATION","verticalDatum":"Local Datum","verticalDatumCode":24,"napIdentityStatus":"UNVERIFIED","sourceFeatureLnam":"1F2B6A42B3957537","sourceCellId":"1R768ZBI","sourceChecksum":"3882591018ee8c2c622e5d3fad12629ad1cd467cd148b39008bf6c9cec5cb7f4","pipelineFeatureId":"1R768ZBI/SOUNDG/1280595969/260","provenance":{"cellId":"1R768ZBI","checksum":"3882591018ee8c2c622e5d3fad12629ad1cd467cd148b39008bf6c9cec5cb7f4","readerVersion":"GDAL 3.2.2","processedAt":"2026-08-11T13:43:44.753Z"}}},{"type":"Feature","geometry":{"type":"Point","coordinates":[3.9287865,51.4319023]},"properties":{"chartedValueMetres":18.6,"chartedValueRelationToDatum":"below","depthDatum":"Approximate LAT","depthDatumCode":42,"depthDatumStatus":"VERIFIED_FROM_OFFICIAL_DOCUMENTATION","verticalDatum":"Local Datum","verticalDatumCode":24,"napIdentityStatus":"UNVERIFIED","sourceFeatureLnam":"1F2B6A42B3957537","sourceCellId":"1R768ZBI","sourceChecksum":"3882591018ee8c2c622e5d3fad12629ad1cd467cd148b39008bf6c9cec5cb7f4","pipelineFeatureId":"1R768ZBI/SOUNDG/1280595969/261","provenance":{"cellId":"1R768ZBI","checksum":"3882591018ee8c2c622e5d3fad12629ad1cd467cd148b39008bf6c9cec5cb7f4","readerVersion":"GDAL 3.2.2","processedAt":"2026-08-11T13:43:44.753Z"}}},{"type":"Feature","geometry":{"type":"Point","coordinates":[3.932558,51.4405048]},"properties":{"chartedValueMetres":18.7,"chartedValueRelationToDatum":"below","depthDatum":"Approximate LAT","depthDatumCode":42,"depthDatumStatus":"VERIFIED_FROM_OFFICIAL_DOCUMENTATION","verticalDatum":"Local Datum","verticalDatumCode":24,"napIdentityStatus":"UNVERIFIED","sourceFeatureLnam":"1F2B6A42B3957537","sourceCellId":"1R768ZBI","sourceChecksum":"3882591018ee8c2c622e5d3fad12629ad1cd467cd148b39008bf6c9cec5cb7f4","pipelineFeatureId":"1R768ZBI/SOUNDG/1280595969/262","provenance":{"cellId":"1R768ZBI","checksum":"3882591018ee8c2c622e5d3fad12629ad1cd467cd148b39008bf6c9cec5cb7f4","readerVersion":"GDAL 3.2.2","processedAt":"2026-08-11T13:43:44.753Z"}}},{"type":"Feature","geometry":{"type":"Point","coordinates":[3.932088,51.4386202]},"properties":{"chartedValueMetres":18.9,"chartedValueRelationToDatum":"below","depthDatum":"Approximate LAT","depthDatumCode":42,"depthDatumStatus":"VERIFIED_FROM_OFFICIAL_DOCUMENTATION","verticalDatum":"Local Datum","verticalDatumCode":24,"napIdentityStatus":"UNVERIFIED","sourceFeatureLnam":"1F2B6A42B3957537","sourceCellId":"1R768ZBI","sourceChecksum":"3882591018ee8c2c622e5d3fad12629ad1cd467cd148b39008bf6c9cec5cb7f4","pipelineFeatureId":"1R768ZBI/SOUNDG/1280595969/263","provenance":{"cellId":"1R768ZBI","checksum":"3882591018ee8c2c622e5d3fad12629ad1cd467cd148b39008bf6c9cec5cb7f4","readerVersion":"GDAL 3.2.2","processedAt":"2026-08-11T13:43:44.753Z"}}},{"type":"Feature","geometry":{"type":"Point","coordinates":[3.931412,51.4336799]},"properties":{"chartedValueMetres":19,"chartedValueRelationToDatum":"below","depthDatum":"Approximate LAT","depthDatumCode":42,"depthDatumStatus":"VERIFIED_FROM_OFFICIAL_DOCUMENTATION","verticalDatum":"Local Datum","verticalDatumCode":24,"napIdentityStatus":"UNVERIFIED","sourceFeatureLnam":"1F2B6A42B3957537","sourceCellId":"1R768ZBI","sourceChecksum":"3882591018ee8c2c622e5d3fad12629ad1cd467cd148b39008bf6c9cec5cb7f4","pipelineFeatureId":"1R768ZBI/SOUNDG/1280595969/264","provenance":{"cellId":"1R768ZBI","checksum":"3882591018ee8c2c622e5d3fad12629ad1cd467cd148b39008bf6c9cec5cb7f4","readerVersion":"GDAL 3.2.2","processedAt":"2026-08-11T13:43:44.753Z"}}},{"type":"Feature","geometry":{"type":"Point","coordinates":[3.9316693,51.439253]},"properties":{"chartedValueMetres":19.1,"chartedValueRelationToDatum":"below","depthDatum":"Approximate LAT","depthDatumCode":42,"depthDatumStatus":"VERIFIED_FROM_OFFICIAL_DOCUMENTATION","verticalDatum":"Local Datum","verticalDatumCode":24,"napIdentityStatus":"UNVERIFIED","sourceFeatureLnam":"1F2B6A42B3957537","sourceCellId":"1R768ZBI","sourceChecksum":"3882591018ee8c2c622e5d3fad12629ad1cd467cd148b39008bf6c9cec5cb7f4","pipelineFeatureId":"1R768ZBI/SOUNDG/1280595969/265","provenance":{"cellId":"1R768ZBI","checksum":"3882591018ee8c2c622e5d3fad12629ad1cd467cd148b39008bf6c9cec5cb7f4","readerVersion":"GDAL 3.2.2","processedAt":"2026-08-11T13:43:44.753Z"}}},{"type":"Feature","geometry":{"type":"Point","coordinates":[3.9309884,51.4411467]},"properties":{"chartedValueMetres":19.1,"chartedValueRelationToDatum":"below","depthDatum":"Approximate LAT","depthDatumCode":42,"depthDatumStatus":"VERIFIED_FROM_OFFICIAL_DOCUMENTATION","verticalDatum":"Local Datum","verticalDatumCode":24,"napIdentityStatus":"UNVERIFIED","sourceFeatureLnam":"1F2B6A42B3957537","sourceCellId":"1R768ZBI","sourceChecksum":"3882591018ee8c2c622e5d3fad12629ad1cd467cd148b39008bf6c9cec5cb7f4","pipelineFeatureId":"1R768ZBI/SOUNDG/1280595969/266","provenance":{"cellId":"1R768ZBI","checksum":"3882591018ee8c2c622e5d3fad12629ad1cd467cd148b39008bf6c9cec5cb7f4","readerVersion":"GDAL 3.2.2","processedAt":"2026-08-11T13:43:44.753Z"}}},{"type":"Feature","geometry":{"type":"Point","coordinates":[3.9323252,51.4432043]},"properties":{"chartedValueMetres":19.3,"chartedValueRelationToDatum":"below","depthDatum":"Approximate LAT","depthDatumCode":42,"depthDatumStatus":"VERIFIED_FROM_OFFICIAL_DOCUMENTATION","verticalDatum":"Local Datum","verticalDatumCode":24,"napIdentityStatus":"UNVERIFIED","sourceFeatureLnam":"1F2B6A42B3957537","sourceCellId":"1R768ZBI","sourceChecksum":"3882591018ee8c2c622e5d3fad12629ad1cd467cd148b39008bf6c9cec5cb7f4","pipelineFeatureId":"1R768ZBI/SOUNDG/1280595969/267","provenance":{"cellId":"1R768ZBI","checksum":"3882591018ee8c2c622e5d3fad12629ad1cd467cd148b39008bf6c9cec5cb7f4","readerVersion":"GDAL 3.2.2","processedAt":"2026-08-11T13:43:44.753Z"}}},{"type":"Feature","geometry":{"type":"Point","coordinates":[3.9289447,51.4255167]},"properties":{"chartedValueMetres":20,"chartedValueRelationToDatum":"below","depthDatum":"Approximate LAT","depthDatumCode":42,"depthDatumStatus":"VERIFIED_FROM_OFFICIAL_DOCUMENTATION","verticalDatum":"Local Datum","verticalDatumCode":24,"napIdentityStatus":"UNVERIFIED","sourceFeatureLnam":"1F2B6A42B3957537","sourceCellId":"1R768ZBI","sourceChecksum":"3882591018ee8c2c622e5d3fad12629ad1cd467cd148b39008bf6c9cec5cb7f4","pipelineFeatureId":"1R768ZBI/SOUNDG/1280595969/268","provenance":{"cellId":"1R768ZBI","checksum":"3882591018ee8c2c622e5d3fad12629ad1cd467cd148b39008bf6c9cec5cb7f4","readerVersion":"GDAL 3.2.2","processedAt":"2026-08-11T13:43:44.753Z"}}},{"type":"Feature","geometry":{"type":"Point","coordinates":[3.9309928,51.4272089]},"properties":{"chartedValueMetres":20.1,"chartedValueRelationToDatum":"below","depthDatum":"Approximate LAT","depthDatumCode":42,"depthDatumStatus":"VERIFIED_FROM_OFFICIAL_DOCUMENTATION","verticalDatum":"Local Datum","verticalDatumCode":24,"napIdentityStatus":"UNVERIFIED","sourceFeatureLnam":"1F2B6A42B3957537","sourceCellId":"1R768ZBI","sourceChecksum":"3882591018ee8c2c622e5d3fad12629ad1cd467cd148b39008bf6c9cec5cb7f4","pipelineFeatureId":"1R768ZBI/SOUNDG/1280595969/269","provenance":{"cellId":"1R768ZBI","checksum":"3882591018ee8c2c622e5d3fad12629ad1cd467cd148b39008bf6c9cec5cb7f4","readerVersion":"GDAL 3.2.2","processedAt":"2026-08-11T13:43:44.753Z"}}},{"type":"Feature","geometry":{"type":"Point","coordinates":[3.9323318,51.4364602]},"properties":{"chartedValueMetres":20.2,"chartedValueRelationToDatum":"below","depthDatum":"Approximate LAT","depthDatumCode":42,"depthDatumStatus":"VERIFIED_FROM_OFFICIAL_DOCUMENTATION","verticalDatum":"Local Datum","verticalDatumCode":24,"napIdentityStatus":"UNVERIFIED","sourceFeatureLnam":"1F2B6A42B3957537","sourceCellId":"1R768ZBI","sourceChecksum":"3882591018ee8c2c622e5d3fad12629ad1cd467cd148b39008bf6c9cec5cb7f4","pipelineFeatureId":"1R768ZBI/SOUNDG/1280595969/270","provenance":{"cellId":"1R768ZBI","checksum":"3882591018ee8c2c622e5d3fad12629ad1cd467cd148b39008bf6c9cec5cb7f4","readerVersion":"GDAL 3.2.2","processedAt":"2026-08-11T13:43:44.753Z"}}},{"type":"Feature","geometry":{"type":"Point","coordinates":[3.9302161,51.4385451]},"properties":{"chartedValueMetres":20.6,"chartedValueRelationToDatum":"below","depthDatum":"Approximate LAT","depthDatumCode":42,"depthDatumStatus":"VERIFIED_FROM_OFFICIAL_DOCUMENTATION","verticalDatum":"Local Datum","verticalDatumCode":24,"napIdentityStatus":"UNVERIFIED","sourceFeatureLnam":"1F2B6A42B3957537","sourceCellId":"1R768ZBI","sourceChecksum":"3882591018ee8c2c622e5d3fad12629ad1cd467cd148b39008bf6c9cec5cb7f4","pipelineFeatureId":"1R768ZBI/SOUNDG/1280595969/271","provenance":{"cellId":"1R768ZBI","checksum":"3882591018ee8c2c622e5d3fad12629ad1cd467cd148b39008bf6c9cec5cb7f4","readerVersion":"GDAL 3.2.2","processedAt":"2026-08-11T13:43:44.753Z"}}},{"type":"Feature","geometry":{"type":"Point","coordinates":[3.9286771,51.4265079]},"properties":{"chartedValueMetres":20.7,"chartedValueRelationToDatum":"below","depthDatum":"Approximate LAT","depthDatumCode":42,"depthDatumStatus":"VERIFIED_FROM_OFFICIAL_DOCUMENTATION","verticalDatum":"Local Datum","verticalDatumCode":24,"napIdentityStatus":"UNVERIFIED","sourceFeatureLnam":"1F2B6A42B3957537","sourceCellId":"1R768ZBI","sourceChecksum":"3882591018ee8c2c622e5d3fad12629ad1cd467cd148b39008bf6c9cec5cb7f4","pipelineFeatureId":"1R768ZBI/SOUNDG/1280595969/272","provenance":{"cellId":"1R768ZBI","checksum":"3882591018ee8c2c622e5d3fad12629ad1cd467cd148b39008bf6c9cec5cb7f4","readerVersion":"GDAL 3.2.2","processedAt":"2026-08-11T13:43:44.753Z"}}},{"type":"Feature","geometry":{"type":"Point","coordinates":[3.9302412,51.4327001]},"properties":{"chartedValueMetres":20.8,"chartedValueRelationToDatum":"below","depthDatum":"Approximate LAT","depthDatumCode":42,"depthDatumStatus":"VERIFIED_FROM_OFFICIAL_DOCUMENTATION","verticalDatum":"Local Datum","verticalDatumCode":24,"napIdentityStatus":"UNVERIFIED","sourceFeatureLnam":"1F2B6A42B3957537","sourceCellId":"1R768ZBI","sourceChecksum":"3882591018ee8c2c622e5d3fad12629ad1cd467cd148b39008bf6c9cec5cb7f4","pipelineFeatureId":"1R768ZBI/SOUNDG/1280595969/273","provenance":{"cellId":"1R768ZBI","checksum":"3882591018ee8c2c622e5d3fad12629ad1cd467cd148b39008bf6c9cec5cb7f4","readerVersion":"GDAL 3.2.2","processedAt":"2026-08-11T13:43:44.753Z"}}},{"type":"Feature","geometry":{"type":"Point","coordinates":[3.9330354,51.442749]},"properties":{"chartedValueMetres":21,"chartedValueRelationToDatum":"below","depthDatum":"Approximate LAT","depthDatumCode":42,"depthDatumStatus":"VERIFIED_FROM_OFFICIAL_DOCUMENTATION","verticalDatum":"Local Datum","verticalDatumCode":24,"napIdentityStatus":"UNVERIFIED","sourceFeatureLnam":"1F2B6A42B3957537","sourceCellId":"1R768ZBI","sourceChecksum":"3882591018ee8c2c622e5d3fad12629ad1cd467cd148b39008bf6c9cec5cb7f4","pipelineFeatureId":"1R768ZBI/SOUNDG/1280595969/274","provenance":{"cellId":"1R768ZBI","checksum":"3882591018ee8c2c622e5d3fad12629ad1cd467cd148b39008bf6c9cec5cb7f4","readerVersion":"GDAL 3.2.2","processedAt":"2026-08-11T13:43:44.753Z"}}},{"type":"Feature","geometry":{"type":"Point","coordinates":[3.9281201,51.4345153]},"properties":{"chartedValueMetres":21.2,"chartedValueRelationToDatum":"below","depthDatum":"Approximate LAT","depthDatumCode":42,"depthDatumStatus":"VERIFIED_FROM_OFFICIAL_DOCUMENTATION","verticalDatum":"Local Datum","verticalDatumCode":24,"napIdentityStatus":"UNVERIFIED","sourceFeatureLnam":"1F2B6A42B3957537","sourceCellId":"1R768ZBI","sourceChecksum":"3882591018ee8c2c622e5d3fad12629ad1cd467cd148b39008bf6c9cec5cb7f4","pipelineFeatureId":"1R768ZBI/SOUNDG/1280595969/275","provenance":{"cellId":"1R768ZBI","checksum":"3882591018ee8c2c622e5d3fad12629ad1cd467cd148b39008bf6c9cec5cb7f4","readerVersion":"GDAL 3.2.2","processedAt":"2026-08-11T13:43:44.753Z"}}},{"type":"Feature","geometry":{"type":"Point","coordinates":[3.9299714,51.4264977]},"properties":{"chartedValueMetres":21.2,"chartedValueRelationToDatum":"below","depthDatum":"Approximate LAT","depthDatumCode":42,"depthDatumStatus":"VERIFIED_FROM_OFFICIAL_DOCUMENTATION","verticalDatum":"Local Datum","verticalDatumCode":24,"napIdentityStatus":"UNVERIFIED","sourceFeatureLnam":"1F2B6A42B3957537","sourceCellId":"1R768ZBI","sourceChecksum":"3882591018ee8c2c622e5d3fad12629ad1cd467cd148b39008bf6c9cec5cb7f4","pipelineFeatureId":"1R768ZBI/SOUNDG/1280595969/276","provenance":{"cellId":"1R768ZBI","checksum":"3882591018ee8c2c622e5d3fad12629ad1cd467cd148b39008bf6c9cec5cb7f4","readerVersion":"GDAL 3.2.2","processedAt":"2026-08-11T13:43:44.753Z"}}},{"type":"Feature","geometry":{"type":"Point","coordinates":[3.9329255,51.4373546]},"properties":{"chartedValueMetres":21.2,"chartedValueRelationToDatum":"below","depthDatum":"Approximate LAT","depthDatumCode":42,"depthDatumStatus":"VERIFIED_FROM_OFFICIAL_DOCUMENTATION","verticalDatum":"Local Datum","verticalDatumCode":24,"napIdentityStatus":"UNVERIFIED","sourceFeatureLnam":"1F2B6A42B3957537","sourceCellId":"1R768ZBI","sourceChecksum":"3882591018ee8c2c622e5d3fad12629ad1cd467cd148b39008bf6c9cec5cb7f4","pipelineFeatureId":"1R768ZBI/SOUNDG/1280595969/277","provenance":{"cellId":"1R768ZBI","checksum":"3882591018ee8c2c622e5d3fad12629ad1cd467cd148b39008bf6c9cec5cb7f4","readerVersion":"GDAL 3.2.2","processedAt":"2026-08-11T13:43:44.753Z"}}},{"type":"Feature","geometry":{"type":"Point","coordinates":[3.9292289,51.4324384]},"properties":{"chartedValueMetres":21.5,"chartedValueRelationToDatum":"below","depthDatum":"Approximate LAT","depthDatumCode":42,"depthDatumStatus":"VERIFIED_FROM_OFFICIAL_DOCUMENTATION","verticalDatum":"Local Datum","verticalDatumCode":24,"napIdentityStatus":"UNVERIFIED","sourceFeatureLnam":"1F2B6A42B3957537","sourceCellId":"1R768ZBI","sourceChecksum":"3882591018ee8c2c622e5d3fad12629ad1cd467cd148b39008bf6c9cec5cb7f4","pipelineFeatureId":"1R768ZBI/SOUNDG/1280595969/278","provenance":{"cellId":"1R768ZBI","checksum":"3882591018ee8c2c622e5d3fad12629ad1cd467cd148b39008bf6c9cec5cb7f4","readerVersion":"GDAL 3.2.2","processedAt":"2026-08-11T13:43:44.753Z"}}},{"type":"Feature","geometry":{"type":"Point","coordinates":[3.9314486,51.4354781]},"properties":{"chartedValueMetres":21.7,"chartedValueRelationToDatum":"below","depthDatum":"Approximate LAT","depthDatumCode":42,"depthDatumStatus":"VERIFIED_FROM_OFFICIAL_DOCUMENTATION","verticalDatum":"Local Datum","verticalDatumCode":24,"napIdentityStatus":"UNVERIFIED","sourceFeatureLnam":"1F2B6A42B3957537","sourceCellId":"1R768ZBI","sourceChecksum":"3882591018ee8c2c622e5d3fad12629ad1cd467cd148b39008bf6c9cec5cb7f4","pipelineFeatureId":"1R768ZBI/SOUNDG/1280595969/279","provenance":{"cellId":"1R768ZBI","checksum":"3882591018ee8c2c622e5d3fad12629ad1cd467cd148b39008bf6c9cec5cb7f4","readerVersion":"GDAL 3.2.2","processedAt":"2026-08-11T13:43:44.753Z"}}},{"type":"Feature","geometry":{"type":"Point","coordinates":[3.929702,51.427399]},"properties":{"chartedValueMetres":21.8,"chartedValueRelationToDatum":"below","depthDatum":"Approximate LAT","depthDatumCode":42,"depthDatumStatus":"VERIFIED_FROM_OFFICIAL_DOCUMENTATION","verticalDatum":"Local Datum","verticalDatumCode":24,"napIdentityStatus":"UNVERIFIED","sourceFeatureLnam":"1F2B6A42B3957537","sourceCellId":"1R768ZBI","sourceChecksum":"3882591018ee8c2c622e5d3fad12629ad1cd467cd148b39008bf6c9cec5cb7f4","pipelineFeatureId":"1R768ZBI/SOUNDG/1280595969/280","provenance":{"cellId":"1R768ZBI","checksum":"3882591018ee8c2c622e5d3fad12629ad1cd467cd148b39008bf6c9cec5cb7f4","readerVersion":"GDAL 3.2.2","processedAt":"2026-08-11T13:43:44.753Z"}}},{"type":"Feature","geometry":{"type":"Point","coordinates":[3.931576,51.4346677]},"properties":{"chartedValueMetres":21.9,"chartedValueRelationToDatum":"below","depthDatum":"Approximate LAT","depthDatumCode":42,"depthDatumStatus":"VERIFIED_FROM_OFFICIAL_DOCUMENTATION","verticalDatum":"Local Datum","verticalDatumCode":24,"napIdentityStatus":"UNVERIFIED","sourceFeatureLnam":"1F2B6A42B3957537","sourceCellId":"1R768ZBI","sourceChecksum":"3882591018ee8c2c622e5d3fad12629ad1cd467cd148b39008bf6c9cec5cb7f4","pipelineFeatureId":"1R768ZBI/SOUNDG/1280595969/281","provenance":{"cellId":"1R768ZBI","checksum":"3882591018ee8c2c622e5d3fad12629ad1cd467cd148b39008bf6c9cec5cb7f4","readerVersion":"GDAL 3.2.2","processedAt":"2026-08-11T13:43:44.753Z"}}},{"type":"Feature","geometry":{"type":"Point","coordinates":[3.9304321,51.4279328]},"properties":{"chartedValueMetres":21.9,"chartedValueRelationToDatum":"below","depthDatum":"Approximate LAT","depthDatumCode":42,"depthDatumStatus":"VERIFIED_FROM_OFFICIAL_DOCUMENTATION","verticalDatum":"Local Datum","verticalDatumCode":24,"napIdentityStatus":"UNVERIFIED","sourceFeatureLnam":"1F2B6A42B3957537","sourceCellId":"1R768ZBI","sourceChecksum":"3882591018ee8c2c622e5d3fad12629ad1cd467cd148b39008bf6c9cec5cb7f4","pipelineFeatureId":"1R768ZBI/SOUNDG/1280595969/282","provenance":{"cellId":"1R768ZBI","checksum":"3882591018ee8c2c622e5d3fad12629ad1cd467cd148b39008bf6c9cec5cb7f4","readerVersion":"GDAL 3.2.2","processedAt":"2026-08-11T13:43:44.753Z"}}},{"type":"Feature","geometry":{"type":"Point","coordinates":[3.931782,51.4377234]},"properties":{"chartedValueMetres":22.2,"chartedValueRelationToDatum":"below","depthDatum":"Approximate LAT","depthDatumCode":42,"depthDatumStatus":"VERIFIED_FROM_OFFICIAL_DOCUMENTATION","verticalDatum":"Local Datum","verticalDatumCode":24,"napIdentityStatus":"UNVERIFIED","sourceFeatureLnam":"1F2B6A42B3957537","sourceCellId":"1R768ZBI","sourceChecksum":"3882591018ee8c2c622e5d3fad12629ad1cd467cd148b39008bf6c9cec5cb7f4","pipelineFeatureId":"1R768ZBI/SOUNDG/1280595969/283","provenance":{"cellId":"1R768ZBI","checksum":"3882591018ee8c2c622e5d3fad12629ad1cd467cd148b39008bf6c9cec5cb7f4","readerVersion":"GDAL 3.2.2","processedAt":"2026-08-11T13:43:44.753Z"}}},{"type":"Feature","geometry":{"type":"Point","coordinates":[3.9302033,51.4379158]},"properties":{"chartedValueMetres":22.4,"chartedValueRelationToDatum":"below","depthDatum":"Approximate LAT","depthDatumCode":42,"depthDatumStatus":"VERIFIED_FROM_OFFICIAL_DOCUMENTATION","verticalDatum":"Local Datum","verticalDatumCode":24,"napIdentityStatus":"UNVERIFIED","sourceFeatureLnam":"1F2B6A42B3957537","sourceCellId":"1R768ZBI","sourceChecksum":"3882591018ee8c2c622e5d3fad12629ad1cd467cd148b39008bf6c9cec5cb7f4","pipelineFeatureId":"1R768ZBI/SOUNDG/1280595969/284","provenance":{"cellId":"1R768ZBI","checksum":"3882591018ee8c2c622e5d3fad12629ad1cd467cd148b39008bf6c9cec5cb7f4","readerVersion":"GDAL 3.2.2","processedAt":"2026-08-11T13:43:44.753Z"}}},{"type":"Feature","geometry":{"type":"Point","coordinates":[3.9286682,51.4331622]},"properties":{"chartedValueMetres":22.8,"chartedValueRelationToDatum":"below","depthDatum":"Approximate LAT","depthDatumCode":42,"depthDatumStatus":"VERIFIED_FROM_OFFICIAL_DOCUMENTATION","verticalDatum":"Local Datum","verticalDatumCode":24,"napIdentityStatus":"UNVERIFIED","sourceFeatureLnam":"1F2B6A42B3957537","sourceCellId":"1R768ZBI","sourceChecksum":"3882591018ee8c2c622e5d3fad12629ad1cd467cd148b39008bf6c9cec5cb7f4","pipelineFeatureId":"1R768ZBI/SOUNDG/1280595969/285","provenance":{"cellId":"1R768ZBI","checksum":"3882591018ee8c2c622e5d3fad12629ad1cd467cd148b39008bf6c9cec5cb7f4","readerVersion":"GDAL 3.2.2","processedAt":"2026-08-11T13:43:44.753Z"}}},{"type":"Feature","geometry":{"type":"Point","coordinates":[3.9309134,51.4374606]},"properties":{"chartedValueMetres":23.1,"chartedValueRelationToDatum":"below","depthDatum":"Approximate LAT","depthDatumCode":42,"depthDatumStatus":"VERIFIED_FROM_OFFICIAL_DOCUMENTATION","verticalDatum":"Local Datum","verticalDatumCode":24,"napIdentityStatus":"UNVERIFIED","sourceFeatureLnam":"1F2B6A42B3957537","sourceCellId":"1R768ZBI","sourceChecksum":"3882591018ee8c2c622e5d3fad12629ad1cd467cd148b39008bf6c9cec5cb7f4","pipelineFeatureId":"1R768ZBI/SOUNDG/1280595969/286","provenance":{"cellId":"1R768ZBI","checksum":"3882591018ee8c2c622e5d3fad12629ad1cd467cd148b39008bf6c9cec5cb7f4","readerVersion":"GDAL 3.2.2","processedAt":"2026-08-11T13:43:44.753Z"}}},{"type":"Feature","geometry":{"type":"Point","coordinates":[3.9293347,51.4376529]},"properties":{"chartedValueMetres":23.4,"chartedValueRelationToDatum":"below","depthDatum":"Approximate LAT","depthDatumCode":42,"depthDatumStatus":"VERIFIED_FROM_OFFICIAL_DOCUMENTATION","verticalDatum":"Local Datum","verticalDatumCode":24,"napIdentityStatus":"UNVERIFIED","sourceFeatureLnam":"1F2B6A42B3957537","sourceCellId":"1R768ZBI","sourceChecksum":"3882591018ee8c2c622e5d3fad12629ad1cd467cd148b39008bf6c9cec5cb7f4","pipelineFeatureId":"1R768ZBI/SOUNDG/1280595969/287","provenance":{"cellId":"1R768ZBI","checksum":"3882591018ee8c2c622e5d3fad12629ad1cd467cd148b39008bf6c9cec5cb7f4","readerVersion":"GDAL 3.2.2","processedAt":"2026-08-11T13:43:44.753Z"}}},{"type":"Feature","geometry":{"type":"Point","coordinates":[3.9314614,51.4361074]},"properties":{"chartedValueMetres":23.7,"chartedValueRelationToDatum":"below","depthDatum":"Approximate LAT","depthDatumCode":42,"depthDatumStatus":"VERIFIED_FROM_OFFICIAL_DOCUMENTATION","verticalDatum":"Local Datum","verticalDatumCode":24,"napIdentityStatus":"UNVERIFIED","sourceFeatureLnam":"1F2B6A42B3957537","sourceCellId":"1R768ZBI","sourceChecksum":"3882591018ee8c2c622e5d3fad12629ad1cd467cd148b39008bf6c9cec5cb7f4","pipelineFeatureId":"1R768ZBI/SOUNDG/1280595969/288","provenance":{"cellId":"1R768ZBI","checksum":"3882591018ee8c2c622e5d3fad12629ad1cd467cd148b39008bf6c9cec5cb7f4","readerVersion":"GDAL 3.2.2","processedAt":"2026-08-11T13:43:44.753Z"}}},{"type":"Feature","geometry":{"type":"Point","coordinates":[3.9300448,51.4371977]},"properties":{"chartedValueMetres":24.5,"chartedValueRelationToDatum":"below","depthDatum":"Approximate LAT","depthDatumCode":42,"depthDatumStatus":"VERIFIED_FROM_OFFICIAL_DOCUMENTATION","verticalDatum":"Local Datum","verticalDatumCode":24,"napIdentityStatus":"UNVERIFIED","sourceFeatureLnam":"1F2B6A42B3957537","sourceCellId":"1R768ZBI","sourceChecksum":"3882591018ee8c2c622e5d3fad12629ad1cd467cd148b39008bf6c9cec5cb7f4","pipelineFeatureId":"1R768ZBI/SOUNDG/1280595969/289","provenance":{"cellId":"1R768ZBI","checksum":"3882591018ee8c2c622e5d3fad12629ad1cd467cd148b39008bf6c9cec5cb7f4","readerVersion":"GDAL 3.2.2","processedAt":"2026-08-11T13:43:44.753Z"}}},{"type":"Feature","geometry":{"type":"Point","coordinates":[3.9311883,51.4368289]},"properties":{"chartedValueMetres":25.6,"chartedValueRelationToDatum":"below","depthDatum":"Approximate LAT","depthDatumCode":42,"depthDatumStatus":"VERIFIED_FROM_OFFICIAL_DOCUMENTATION","verticalDatum":"Local Datum","verticalDatumCode":24,"napIdentityStatus":"UNVERIFIED","sourceFeatureLnam":"1F2B6A42B3957537","sourceCellId":"1R768ZBI","sourceChecksum":"3882591018ee8c2c622e5d3fad12629ad1cd467cd148b39008bf6c9cec5cb7f4","pipelineFeatureId":"1R768ZBI/SOUNDG/1280595969/290","provenance":{"cellId":"1R768ZBI","checksum":"3882591018ee8c2c622e5d3fad12629ad1cd467cd148b39008bf6c9cec5cb7f4","readerVersion":"GDAL 3.2.2","processedAt":"2026-08-11T13:43:44.753Z"}}},{"type":"Feature","geometry":{"type":"Point","coordinates":[3.9285371,51.4337927]},"properties":{"chartedValueMetres":25.7,"chartedValueRelationToDatum":"below","depthDatum":"Approximate LAT","depthDatumCode":42,"depthDatumStatus":"VERIFIED_FROM_OFFICIAL_DOCUMENTATION","verticalDatum":"Local Datum","verticalDatumCode":24,"napIdentityStatus":"UNVERIFIED","sourceFeatureLnam":"1F2B6A42B3957537","sourceCellId":"1R768ZBI","sourceChecksum":"3882591018ee8c2c622e5d3fad12629ad1cd467cd148b39008bf6c9cec5cb7f4","pipelineFeatureId":"1R768ZBI/SOUNDG/1280595969/291","provenance":{"cellId":"1R768ZBI","checksum":"3882591018ee8c2c622e5d3fad12629ad1cd467cd148b39008bf6c9cec5cb7f4","readerVersion":"GDAL 3.2.2","processedAt":"2026-08-11T13:43:44.753Z"}}},{"type":"Feature","geometry":{"type":"Point","coordinates":[3.9308476,51.4342239]},"properties":{"chartedValueMetres":26.7,"chartedValueRelationToDatum":"below","depthDatum":"Approximate LAT","depthDatumCode":42,"depthDatumStatus":"VERIFIED_FROM_OFFICIAL_DOCUMENTATION","verticalDatum":"Local Datum","verticalDatumCode":24,"napIdentityStatus":"UNVERIFIED","sourceFeatureLnam":"1F2B6A42B3957537","sourceCellId":"1R768ZBI","sourceChecksum":"3882591018ee8c2c622e5d3fad12629ad1cd467cd148b39008bf6c9cec5cb7f4","pipelineFeatureId":"1R768ZBI/SOUNDG/1280595969/292","provenance":{"cellId":"1R768ZBI","checksum":"3882591018ee8c2c622e5d3fad12629ad1cd467cd148b39008bf6c9cec5cb7f4","readerVersion":"GDAL 3.2.2","processedAt":"2026-08-11T13:43:44.753Z"}}},{"type":"Feature","geometry":{"type":"Point","coordinates":[3.9284206,51.4351424]},"properties":{"chartedValueMetres":27.1,"chartedValueRelationToDatum":"below","depthDatum":"Approximate LAT","depthDatumCode":42,"depthDatumStatus":"VERIFIED_FROM_OFFICIAL_DOCUMENTATION","verticalDatum":"Local Datum","verticalDatumCode":24,"napIdentityStatus":"UNVERIFIED","sourceFeatureLnam":"1F2B6A42B3957537","sourceCellId":"1R768ZBI","sourceChecksum":"3882591018ee8c2c622e5d3fad12629ad1cd467cd148b39008bf6c9cec5cb7f4","pipelineFeatureId":"1R768ZBI/SOUNDG/1280595969/293","provenance":{"cellId":"1R768ZBI","checksum":"3882591018ee8c2c622e5d3fad12629ad1cd467cd148b39008bf6c9cec5cb7f4","readerVersion":"GDAL 3.2.2","processedAt":"2026-08-11T13:43:44.753Z"}}},{"type":"Feature","geometry":{"type":"Point","coordinates":[3.9295366,51.433425]},"properties":{"chartedValueMetres":27.2,"chartedValueRelationToDatum":"below","depthDatum":"Approximate LAT","depthDatumCode":42,"depthDatumStatus":"VERIFIED_FROM_OFFICIAL_DOCUMENTATION","verticalDatum":"Local Datum","verticalDatumCode":24,"napIdentityStatus":"UNVERIFIED","sourceFeatureLnam":"1F2B6A42B3957537","sourceCellId":"1R768ZBI","sourceChecksum":"3882591018ee8c2c622e5d3fad12629ad1cd467cd148b39008bf6c9cec5cb7f4","pipelineFeatureId":"1R768ZBI/SOUNDG/1280595969/294","provenance":{"cellId":"1R768ZBI","checksum":"3882591018ee8c2c622e5d3fad12629ad1cd467cd148b39008bf6c9cec5cb7f4","readerVersion":"GDAL 3.2.2","processedAt":"2026-08-11T13:43:44.753Z"}}},{"type":"Feature","geometry":{"type":"Point","coordinates":[3.9290306,51.4368461]},"properties":{"chartedValueMetres":27.4,"chartedValueRelationToDatum":"below","depthDatum":"Approximate LAT","depthDatumCode":42,"depthDatumStatus":"VERIFIED_FROM_OFFICIAL_DOCUMENTATION","verticalDatum":"Local Datum","verticalDatumCode":24,"napIdentityStatus":"UNVERIFIED","sourceFeatureLnam":"1F2B6A42B3957537","sourceCellId":"1R768ZBI","sourceChecksum":"3882591018ee8c2c622e5d3fad12629ad1cd467cd148b39008bf6c9cec5cb7f4","pipelineFeatureId":"1R768ZBI/SOUNDG/1280595969/295","provenance":{"cellId":"1R768ZBI","checksum":"3882591018ee8c2c622e5d3fad12629ad1cd467cd148b39008bf6c9cec5cb7f4","readerVersion":"GDAL 3.2.2","processedAt":"2026-08-11T13:43:44.753Z"}}},{"type":"Feature","geometry":{"type":"Point","coordinates":[3.9303198,51.4365661]},"properties":{"chartedValueMetres":29.3,"chartedValueRelationToDatum":"below","depthDatum":"Approximate LAT","depthDatumCode":42,"depthDatumStatus":"VERIFIED_FROM_OFFICIAL_DOCUMENTATION","verticalDatum":"Local Datum","verticalDatumCode":24,"napIdentityStatus":"UNVERIFIED","sourceFeatureLnam":"1F2B6A42B3957537","sourceCellId":"1R768ZBI","sourceChecksum":"3882591018ee8c2c622e5d3fad12629ad1cd467cd148b39008bf6c9cec5cb7f4","pipelineFeatureId":"1R768ZBI/SOUNDG/1280595969/296","provenance":{"cellId":"1R768ZBI","checksum":"3882591018ee8c2c622e5d3fad12629ad1cd467cd148b39008bf6c9cec5cb7f4","readerVersion":"GDAL 3.2.2","processedAt":"2026-08-11T13:43:44.753Z"}}},{"type":"Feature","geometry":{"type":"Point","coordinates":[3.9294056,51.4340555]},"properties":{"chartedValueMetres":30.3,"chartedValueRelationToDatum":"below","depthDatum":"Approximate LAT","depthDatumCode":42,"depthDatumStatus":"VERIFIED_FROM_OFFICIAL_DOCUMENTATION","verticalDatum":"Local Datum","verticalDatumCode":24,"napIdentityStatus":"UNVERIFIED","sourceFeatureLnam":"1F2B6A42B3957537","sourceCellId":"1R768ZBI","sourceChecksum":"3882591018ee8c2c622e5d3fad12629ad1cd467cd148b39008bf6c9cec5cb7f4","pipelineFeatureId":"1R768ZBI/SOUNDG/1280595969/297","provenance":{"cellId":"1R768ZBI","checksum":"3882591018ee8c2c622e5d3fad12629ad1cd467cd148b39008bf6c9cec5cb7f4","readerVersion":"GDAL 3.2.2","processedAt":"2026-08-11T13:43:44.753Z"}}},{"type":"Feature","geometry":{"type":"Point","coordinates":[3.9298535,51.4348613]},"properties":{"chartedValueMetres":31.3,"chartedValueRelationToDatum":"below","depthDatum":"Approximate LAT","depthDatumCode":42,"depthDatumStatus":"VERIFIED_FROM_OFFICIAL_DOCUMENTATION","verticalDatum":"Local Datum","verticalDatumCode":24,"napIdentityStatus":"UNVERIFIED","sourceFeatureLnam":"1F2B6A42B3957537","sourceCellId":"1R768ZBI","sourceChecksum":"3882591018ee8c2c622e5d3fad12629ad1cd467cd148b39008bf6c9cec5cb7f4","pipelineFeatureId":"1R768ZBI/SOUNDG/1280595969/298","provenance":{"cellId":"1R768ZBI","checksum":"3882591018ee8c2c622e5d3fad12629ad1cd467cd148b39008bf6c9cec5cb7f4","readerVersion":"GDAL 3.2.2","processedAt":"2026-08-11T13:43:44.753Z"}}},{"type":"Feature","geometry":{"type":"Point","coordinates":[3.9295877,51.4359424]},"properties":{"chartedValueMetres":31.7,"chartedValueRelationToDatum":"below","depthDatum":"Approximate LAT","depthDatumCode":42,"depthDatumStatus":"VERIFIED_FROM_OFFICIAL_DOCUMENTATION","verticalDatum":"Local Datum","verticalDatumCode":24,"napIdentityStatus":"UNVERIFIED","sourceFeatureLnam":"1F2B6A42B3957537","sourceCellId":"1R768ZBI","sourceChecksum":"3882591018ee8c2c622e5d3fad12629ad1cd467cd148b39008bf6c9cec5cb7f4","pipelineFeatureId":"1R768ZBI/SOUNDG/1280595969/299","provenance":{"cellId":"1R768ZBI","checksum":"3882591018ee8c2c622e5d3fad12629ad1cd467cd148b39008bf6c9cec5cb7f4","readerVersion":"GDAL 3.2.2","processedAt":"2026-08-11T13:43:44.753Z"}}}]}