{"type":"FeatureCollection","features":[{"type":"Feature","geometry":{"type":"LineString","coordinates":[[3.3333333,51.4281506],[3.3332287,51.4280943],[3.3332049,51.428086],[3.3331222,51.4280432],[3.3330605,51.4280108],[3.3330512,51.4280049],[3.3330494,51.4279981],[3.3330139,51.4279151],[3.3329612,51.4278539],[3.3329321,51.4278254],[3.3329152,51.4278034],[3.332853,51.4277357],[3.3327722,51.4276473],[3.3327708,51.4276461],[3.3327702,51.4276448],[3.3326611,51.4275564],[3.3326256,51.427537],[3.332544,51.4274669],[3.3324831,51.4273787],[3.3324822,51.4273771],[3.3324806,51.4273759],[3.3323503,51.4272876],[3.3322839,51.4271978],[3.3322722,51.4271585],[3.3322522,51.427108],[3.3322117,51.4270315],[3.332207,51.4270182],[3.3321902,51.4270112],[3.3321563,51.4269972],[3.332046,51.4269606],[3.331952,51.426929],[3.3319052,51.4268417],[3.3319051,51.4268392],[3.3319064,51.426836],[3.3319061,51.4267493],[3.3319007,51.4267468],[3.3318851,51.4267494],[3.3317571,51.4267916],[3.3316921,51.4267499],[3.3316128,51.4267176],[3.3314763,51.426746],[3.3314692,51.4267475],[3.3314617,51.4267459],[3.3313253,51.4267465],[3.3313115,51.426751],[3.3313254,51.4267601],[3.3314541,51.4267601],[3.3314692,51.426755],[3.3315412,51.4268403],[3.3314705,51.4269266],[3.3314576,51.4269224],[3.3314575,51.4269304],[3.3313268,51.4269585],[3.3311857,51.4270197],[3.3311835,51.4270205],[3.3310973,51.4270214],[3.3310396,51.4270219],[3.3310178,51.4270216],[3.3308983,51.4270204],[3.3308958,51.4270204],[3.3308939,51.4270208],[3.3307517,51.4269831],[3.330637,51.4269327],[3.3307508,51.4268621],[3.3307903,51.4268424],[3.3307503,51.4267936],[3.3306126,51.4268393],[3.3306062,51.4267569],[3.3306061,51.426753],[3.330462,51.4267077],[3.3303896,51.4267083],[3.3303181,51.4266895],[3.3302227,51.4267239],[3.3301744,51.4267097],[3.3300405,51.4266647],[3.330033,51.4266629],[3.3300302,51.4266638],[3.3300279,51.4266647],[3.3298869,51.4267399],[3.3298582,51.4267551],[3.3298162,51.4267997],[3.3298876,51.4268375],[3.329894,51.4268449],[3.3298989,51.4268519],[3.3299573,51.4269347],[3.3298889,51.4270211],[3.3298833,51.4270248],[3.3297454,51.4270686],[3.3296711,51.4270719],[3.3296018,51.4271013],[3.3295293,51.4271157],[3.3294583,51.4271369],[3.3293717,51.4272061],[3.3294088,51.4272644],[3.3293824,51.427296],[3.3293159,51.4273392],[3.3292387,51.4273381],[3.3291718,51.4273125],[3.3291464,51.4273125],[3.329028,51.4273137],[3.3289626,51.4272971],[3.3288839,51.4272724],[3.3287779,51.4272077],[3.3287394,51.4271887],[3.3286878,51.4271757],[3.3285953,51.4271471],[3.3285402,51.4271185],[3.3284549,51.4270315],[3.3284533,51.4270288],[3.3284506,51.4270263],[3.3283122,51.4269393],[3.3283061,51.4269354],[3.3282484,51.4268495],[3.3281613,51.4267599],[3.328161,51.4267597],[3.3281602,51.4267593],[3.328017,51.4267305],[3.3279209,51.4267307],[3.3278731,51.4267309],[3.3278025,51.4267609],[3.3277297,51.4267916],[3.3276548,51.4267613],[3.3276535,51.426714],[3.3276068,51.4266715],[3.327585,51.4266626],[3.3275592,51.4266716],[3.3274416,51.4267324],[3.3273226,51.4266723],[3.3272973,51.4266594],[3.3271761,51.4266585],[3.3271535,51.4266603],[3.3271302,51.4266728],[3.3270103,51.4267484],[3.3268671,51.4267631],[3.3268665,51.4267633],[3.326864,51.4267619],[3.3268397,51.4267636],[3.3267332,51.4267704],[3.3267227,51.4267663],[3.3267116,51.4267709],[3.3267105,51.4267639],[3.3265786,51.4267227],[3.3265099,51.4267215],[3.3265525,51.4267644],[3.3264355,51.4268249],[3.3263419,51.4267965],[3.3262914,51.4267979],[3.3261534,51.4268554],[3.326148,51.4268623],[3.3260616,51.4269099],[3.3260048,51.4269418],[3.3259251,51.426856],[3.3259231,51.4268166],[3.3258602,51.4268366],[3.325726,51.4268566],[3.3257165,51.4268624],[3.3256531,51.4269467],[3.3257177,51.4270255],[3.3257853,51.4269887],[3.3258614,51.4270051],[3.3259344,51.4270358],[3.3258619,51.4270829],[3.3257348,51.427047],[3.3258287,51.427126],[3.3257187,51.4271708],[3.3256131,51.4271506],[3.3255748,51.4271598],[3.3254998,51.4271739],[3.3254313,51.4271991],[3.3253617,51.4272173],[3.3253583,51.4272632],[3.3253167,51.4273073],[3.3252884,51.4273366],[3.3252419,51.4273075],[3.3251441,51.4272709],[3.3250488,51.427308],[3.3250011,51.4273923],[3.3249294,51.4273084],[3.3249999,51.4272217],[3.3250019,51.4272183],[3.3249999,51.4272171],[3.3249979,51.427217],[3.3248559,51.4271963],[3.3247887,51.4272188],[3.3247176,51.427306],[3.3247173,51.427309],[3.3248569,51.4273388],[3.3249964,51.4273981],[3.3250012,51.4273997],[3.3250061,51.4274012],[3.3251453,51.4274432],[3.325241,51.4274572],[3.3252892,51.4274566],[3.3253386,51.4274871],[3.3254241,51.4275706],[3.3254233,51.4275768],[3.3254343,51.4276304],[3.3254414,51.4276666],[3.325579,51.4277518],[3.3255864,51.4277515],[3.3255815,51.4277562],[3.3255857,51.4277603],[3.3255793,51.4277969],[3.3255006,51.4277564],[3.3254349,51.4277151],[3.3254291,51.4277528],[3.3254321,51.4277566],[3.3254352,51.4277585],[3.3255753,51.4278461],[3.3255797,51.4278475],[3.3255882,51.4278514],[3.3257239,51.4278926],[3.3257756,51.427878],[3.3258677,51.4278917],[3.3259629,51.4279349],[3.3259387,51.427981],[3.3259374,51.4280249],[3.3260128,51.4280736],[3.3261554,51.4281133],[3.326157,51.4281137],[3.3261586,51.4281132],[3.326204,51.4281141],[3.3261575,51.4281962],[3.3261574,51.428204],[3.3261575,51.4282042],[3.3261578,51.4282043],[3.3261577,51.4282042],[3.3263008,51.4281146],[3.326408,51.4282035],[3.3264456,51.4282487],[3.326512,51.4282931],[3.3264462,51.4283355],[3.3263683,51.4283834],[3.3264468,51.4284157],[3.3265312,51.4284356],[3.3265904,51.4283855],[3.3265917,51.4283836],[3.3267346,51.4284296],[3.3268458,51.4284515],[3.3268786,51.4284552],[3.3269996,51.4284716],[3.3270227,51.4284872],[3.3271565,51.428561],[3.327167,51.4285619],[3.3271684,51.4285619],[3.327311,51.4285733],[3.3273526,51.4285865],[3.327455,51.4285985],[3.3275125,51.42865],[3.3275235,51.4286924],[3.3275718,51.4287397],[3.3276,51.4287597],[3.3276345,51.4287611],[3.3277438,51.428761],[3.3277949,51.428771],[3.3278878,51.4287767],[3.3279642,51.4287808],[3.3280316,51.4287768],[3.328121,51.4287722],[3.3281754,51.4287668],[3.3282731,51.4287666],[3.3283192,51.4287547],[3.3284412,51.4288133],[3.3284634,51.4288133],[3.3285209,51.428827],[3.3286074,51.4288328],[3.3286185,51.4288336],[3.3287512,51.4288334],[3.3287623,51.4288333],[3.3288952,51.4288502],[3.32897,51.4288724],[3.3290392,51.4288765],[3.3290925,51.428882],[3.3291831,51.4288742],[3.32929,51.4288916],[3.329327,51.4288918],[3.3294095,51.4289144],[3.3294712,51.4289354],[3.3295414,51.4289602],[3.3296151,51.4289446],[3.3297015,51.4289675],[3.3297591,51.4289724],[3.3298799,51.4289885],[3.3299031,51.4289898],[3.3299226,51.4289907],[3.3300469,51.4289849],[3.330083,51.4289798],[3.3301906,51.4289582],[3.3302566,51.4289607],[3.3303344,51.4289555],[3.330401,51.4289599],[3.3304782,51.4289537],[3.3305933,51.429001],[3.3306228,51.4290588],[3.3307151,51.4290583],[3.3307668,51.4290723],[3.330796,51.4290903],[3.3309113,51.4291712],[3.3309393,51.4291623],[3.3309651,51.4291798],[3.3310553,51.4291924],[3.3311566,51.4292059],[3.3311992,51.4291965],[3.3312895,51.4292688],[3.3313439,51.4293149],[3.3314757,51.4293505],[3.3314879,51.4293346],[3.3315986,51.4293371],[3.3316318,51.4293428],[3.3316454,51.4293577],[3.3317762,51.4294202],[3.3318402,51.4294471],[3.3319085,51.4295291],[3.3319135,51.4295368],[3.3319209,51.4295443],[3.3320173,51.4296264],[3.3320655,51.4296419],[3.3320986,51.4296262],[3.3322088,51.4295729],[3.3322552,51.4295358],[3.3322084,51.4295116],[3.3320944,51.4294463],[3.3320638,51.4294051],[3.3319836,51.4293567],[3.3320632,51.4293342],[3.3320882,51.4293564],[3.3322076,51.4294101],[3.3323314,51.4293681],[3.3323515,51.4294161],[3.3323762,51.4294302],[3.3324952,51.4293854],[3.3326133,51.4294286],[3.3326393,51.4294237],[3.3326951,51.4293898],[3.33267,51.4293548],[3.3327824,51.4293206],[3.3328964,51.4293542],[3.3329268,51.4293957],[3.3329747,51.4294439],[3.3329274,51.429478],[3.3328031,51.4295343],[3.332784,51.4295464],[3.3326853,51.4295965],[3.3326405,51.4295986],[3.3325892,51.4295349],[3.3325891,51.4294765],[3.3324961,51.4295198],[3.3324722,51.4295352],[3.3324963,51.4295472],[3.3326359,51.4296247],[3.3324975,51.4297036],[3.3324331,51.429675],[3.3324367,51.4297151],[3.3324742,51.42979],[3.3324911,51.4298049],[3.3324982,51.4298083],[3.3325044,51.4298049],[3.3325179,51.4297276],[3.3326418,51.4297779],[3.332742,51.4297414],[3.3327854,51.4297372],[3.3328553,51.4297576],[3.3328828,51.4297139],[3.3329285,51.4296396],[3.3329799,51.4296557],[3.3329442,51.4296238],[3.3329381,51.4296177],[3.3329975,51.4295337],[3.3330713,51.4294918],[3.3331674,51.4295332],[3.333216,51.4296046],[3.3332256,51.429623],[3.3332443,51.4296405],[3.3332455,51.4297128],[3.3333105,51.4297441],[3.3332519,51.4298027],[3.3333128,51.4298619],[3.3332179,51.4298717],[3.3331507,51.429851],[3.3330741,51.4298796],[3.3330635,51.4298865],[3.3329301,51.429858],[3.3328263,51.4298689],[3.3327865,51.4298829],[3.3327687,51.429894],[3.3327734,51.4299022],[3.3326976,51.4299842],[3.3327659,51.4300602],[3.332761,51.4300739],[3.3326444,51.4301244],[3.332536,51.4301424],[3.3325006,51.4301426],[3.3324761,51.4301646],[3.3324599,51.4301904],[3.3324229,51.4302547],[3.3323767,51.4303331],[3.3323721,51.4303447],[3.3324154,51.4303802],[3.3323874,51.4304346],[3.332503,51.4304611],[3.3325759,51.430524],[3.3326475,51.4305588],[3.3327122,51.4305236],[3.3326845,51.4305003],[3.3327208,51.4304337],[3.3327102,51.4303838],[3.3327172,51.4303438],[3.3327344,51.4302882],[3.3327434,51.4302538],[3.3327201,51.4302109],[3.3327548,51.4301638],[3.3327882,51.4301175],[3.3328761,51.4301285],[3.3328045,51.4300738],[3.3328726,51.4300203],[3.332921,51.4299835],[3.3328514,51.4299342],[3.3329308,51.4299458],[3.3330535,51.4299062],[3.3330744,51.4299194],[3.333122,51.4299533],[3.3330857,51.429983],[3.3332191,51.4300329],[3.3333148,51.4300124],[3.3333333,51.4300154]]},"properties":{"rawObjectClass":"DEPCNT","VALDCO":8,"depthDatum":"Approximate LAT","depthDatumCode":42,"depthDatumStatus":"VERIFIED_FROM_OFFICIAL_DOCUMENTATION","verticalDatum":"Local Datum","verticalDatumCode":24,"napIdentityStatus":"UNVERIFIED","sourceKind":"official","sourceCellId":"1R75883I","sourceStableId":"1F2B6A4B9FC67537","sourceChecksum":"7c265c9fd48cb0677b21c9e60c88de7230e0e5b27a4f98bc2d44d93527f2082a","pipelineFeatureId":"1R75883I/DEPCNT/1281233235","provenance":{"cellId":"1R75883I","checksum":"7c265c9fd48cb0677b21c9e60c88de7230e0e5b27a4f98bc2d44d93527f2082a","readerVersion":"GDAL 3.2.2","processedAt":"2026-08-11T13:43:44.753Z"},"sourceProperties":{"RCID":1281233235,"PRIM":2,"GRUP":2,"OBJL":43,"RVER":1,"AGEN":7979,"FIDN":1783340998,"FIDS":30007,"LNAM":"1F2B6A4B9FC67537","VALDCO":8,"SCAMIN":300000,"sourceCellId":"1R75883I","sourceChecksum":"7c265c9fd48cb0677b21c9e60c88de7230e0e5b27a4f98bc2d44d93527f2082a","rawObjectClass":"DEPCNT","sourceStableId":"1F2B6A4B9FC67537"}}},{"type":"Feature","geometry":{"type":"LineString","coordinates":[[3.3318542,51.430616],[3.3317852,51.4306662],[3.3317183,51.4307063],[3.3317336,51.4307635],[3.3317519,51.4307961],[3.3316428,51.430872],[3.3316057,51.4308864],[3.3316431,51.4309052],[3.3317126,51.4308861],[3.3317865,51.4308507],[3.3318712,51.4308327],[3.3319302,51.4308177],[3.3319522,51.4307955],[3.3319485,51.4307839],[3.331978,51.4307055],[3.3320728,51.43065],[3.3321511,51.4306151],[3.3320719,51.4305305],[3.3320608,51.4305255],[3.3320605,51.4305184],[3.3320086,51.4304357],[3.3320709,51.4303898],[3.332136,51.4303454],[3.3321468,51.4303033],[3.3321207,51.4302555],[3.3320904,51.4301788],[3.3320822,51.4301657],[3.3322127,51.4301009],[3.3322913,51.4300752],[3.3322948,51.430037],[3.332257,51.4299854],[3.3322115,51.4299411],[3.3321496,51.4299857],[3.3321446,51.4300279],[3.3321488,51.4300756],[3.3320692,51.4301508],[3.3320507,51.4301658],[3.3320453,51.4301809],[3.3320137,51.4302558],[3.3319264,51.4303015],[3.3317878,51.4303433],[3.3317829,51.4303423],[3.3317792,51.4303464],[3.3317829,51.4303489],[3.3318795,51.4304361],[3.3318616,51.4304774],[3.3318612,51.430526],[3.3318689,51.4305632],[3.3318542,51.430616]]},"properties":{"rawObjectClass":"DEPCNT","VALDCO":8,"depthDatum":"Approximate LAT","depthDatumCode":42,"depthDatumStatus":"VERIFIED_FROM_OFFICIAL_DOCUMENTATION","verticalDatum":"Local Datum","verticalDatumCode":24,"napIdentityStatus":"UNVERIFIED","sourceKind":"official","sourceCellId":"1R75883I","sourceStableId":"1F2B6A4B9FC67538","sourceChecksum":"7c265c9fd48cb0677b21c9e60c88de7230e0e5b27a4f98bc2d44d93527f2082a","pipelineFeatureId":"1R75883I/DEPCNT/1281233240","provenance":{"cellId":"1R75883I","checksum":"7c265c9fd48cb0677b21c9e60c88de7230e0e5b27a4f98bc2d44d93527f2082a","readerVersion":"GDAL 3.2.2","processedAt":"2026-08-11T13:43:44.753Z"},"sourceProperties":{"RCID":1281233240,"PRIM":2,"GRUP":2,"OBJL":43,"RVER":1,"AGEN":7979,"FIDN":1783340998,"FIDS":30008,"LNAM":"1F2B6A4B9FC67538","VALDCO":8,"SCAMIN":300000,"sourceCellId":"1R75883I","sourceChecksum":"7c265c9fd48cb0677b21c9e60c88de7230e0e5b27a4f98bc2d44d93527f2082a","rawObjectClass":"DEPCNT","sourceStableId":"1F2B6A4B9FC67538"}}},{"type":"Feature","geometry":{"type":"LineString","coordinates":[[3.3316355,51.4298528],[3.3315756,51.4298974],[3.3314925,51.4299682],[3.3314536,51.4299877],[3.3314928,51.4300104],[3.3315994,51.4300105],[3.3316366,51.4300051],[3.3316889,51.429987],[3.3316787,51.4299605],[3.3317102,51.429897],[3.3316355,51.4298528]]},"properties":{"rawObjectClass":"DEPCNT","VALDCO":8,"depthDatum":"Approximate LAT","depthDatumCode":42,"depthDatumStatus":"VERIFIED_FROM_OFFICIAL_DOCUMENTATION","verticalDatum":"Local Datum","verticalDatumCode":24,"napIdentityStatus":"UNVERIFIED","sourceKind":"official","sourceCellId":"1R75883I","sourceStableId":"1F2B6A4B9FC67539","sourceChecksum":"7c265c9fd48cb0677b21c9e60c88de7230e0e5b27a4f98bc2d44d93527f2082a","pipelineFeatureId":"1R75883I/DEPCNT/1281233241","provenance":{"cellId":"1R75883I","checksum":"7c265c9fd48cb0677b21c9e60c88de7230e0e5b27a4f98bc2d44d93527f2082a","readerVersion":"GDAL 3.2.2","processedAt":"2026-08-11T13:43:44.753Z"},"sourceProperties":{"RCID":1281233241,"PRIM":2,"GRUP":2,"OBJL":43,"RVER":1,"AGEN":7979,"FIDN":1783340998,"FIDS":30009,"LNAM":"1F2B6A4B9FC67539","VALDCO":8,"SCAMIN":300000,"sourceCellId":"1R75883I","sourceChecksum":"7c265c9fd48cb0677b21c9e60c88de7230e0e5b27a4f98bc2d44d93527f2082a","rawObjectClass":"DEPCNT","sourceStableId":"1F2B6A4B9FC67539"}}},{"type":"Feature","geometry":{"type":"LineString","coordinates":[[3.3325058,51.430855],[3.3326422,51.4308787],[3.3326498,51.4308776],[3.3326757,51.4308834],[3.3327938,51.4308999],[3.3328095,51.430883],[3.3327936,51.4308722],[3.3326922,51.4307934],[3.3327312,51.4307419],[3.3327352,51.4307034],[3.3327922,51.4306673],[3.3329125,51.430613],[3.3327914,51.4305629],[3.3327203,51.4306135],[3.3326482,51.4306588],[3.3325718,51.4306618],[3.3325044,51.4306622],[3.3324329,51.4307043],[3.3323613,51.4307662],[3.3323119,51.4307945],[3.3323617,51.430815],[3.3324243,51.4308332],[3.3325058,51.430855]]},"properties":{"rawObjectClass":"DEPCNT","VALDCO":8,"depthDatum":"Approximate LAT","depthDatumCode":42,"depthDatumStatus":"VERIFIED_FROM_OFFICIAL_DOCUMENTATION","verticalDatum":"Local Datum","verticalDatumCode":24,"napIdentityStatus":"UNVERIFIED","sourceKind":"official","sourceCellId":"1R75883I","sourceStableId":"1F2B6A4B9FC6753A","sourceChecksum":"7c265c9fd48cb0677b21c9e60c88de7230e0e5b27a4f98bc2d44d93527f2082a","pipelineFeatureId":"1R75883I/DEPCNT/1281233242","provenance":{"cellId":"1R75883I","checksum":"7c265c9fd48cb0677b21c9e60c88de7230e0e5b27a4f98bc2d44d93527f2082a","readerVersion":"GDAL 3.2.2","processedAt":"2026-08-11T13:43:44.753Z"},"sourceProperties":{"RCID":1281233242,"PRIM":2,"GRUP":2,"OBJL":43,"RVER":1,"AGEN":7979,"FIDN":1783340998,"FIDS":30010,"LNAM":"1F2B6A4B9FC6753A","VALDCO":8,"SCAMIN":300000,"sourceCellId":"1R75883I","sourceChecksum":"7c265c9fd48cb0677b21c9e60c88de7230e0e5b27a4f98bc2d44d93527f2082a","rawObjectClass":"DEPCNT","sourceStableId":"1F2B6A4B9FC6753A"}}},{"type":"Feature","geometry":{"type":"LineString","coordinates":[[3.3328161,51.4310628],[3.3327952,51.4310848],[3.3327307,51.431153],[3.3326521,51.4311914],[3.3325215,51.4312355],[3.3325086,51.4312409],[3.3325038,51.4312405],[3.3323646,51.4312237],[3.332339,51.431244],[3.3323649,51.4312562],[3.332411,51.4312726],[3.3325087,51.4312484],[3.3325172,51.4312489],[3.3326528,51.4312848],[3.3327645,51.4312628],[3.3327966,51.4312746],[3.332841,51.4312704],[3.3328183,51.4312427],[3.3328317,51.4311752],[3.3328238,51.4311527],[3.3329391,51.4310906],[3.3329898,51.4310623],[3.3329387,51.4310333],[3.3328161,51.4310628]]},"properties":{"rawObjectClass":"DEPCNT","VALDCO":8,"depthDatum":"Approximate LAT","depthDatumCode":42,"depthDatumStatus":"VERIFIED_FROM_OFFICIAL_DOCUMENTATION","verticalDatum":"Local Datum","verticalDatumCode":24,"napIdentityStatus":"UNVERIFIED","sourceKind":"official","sourceCellId":"1R75883I","sourceStableId":"1F2B6A4B9FC6753B","sourceChecksum":"7c265c9fd48cb0677b21c9e60c88de7230e0e5b27a4f98bc2d44d93527f2082a","pipelineFeatureId":"1R75883I/DEPCNT/1281233243","provenance":{"cellId":"1R75883I","checksum":"7c265c9fd48cb0677b21c9e60c88de7230e0e5b27a4f98bc2d44d93527f2082a","readerVersion":"GDAL 3.2.2","processedAt":"2026-08-11T13:43:44.753Z"},"sourceProperties":{"RCID":1281233243,"PRIM":2,"GRUP":2,"OBJL":43,"RVER":1,"AGEN":7979,"FIDN":1783340998,"FIDS":30011,"LNAM":"1F2B6A4B9FC6753B","VALDCO":8,"SCAMIN":300000,"sourceCellId":"1R75883I","sourceChecksum":"7c265c9fd48cb0677b21c9e60c88de7230e0e5b27a4f98bc2d44d93527f2082a","rawObjectClass":"DEPCNT","sourceStableId":"1F2B6A4B9FC6753B"}}},{"type":"Feature","geometry":{"type":"LineString","coordinates":[[3.3312078,51.43039],[3.3312941,51.4303837],[3.3313515,51.4303716],[3.3314671,51.4304372],[3.3314963,51.4305032],[3.3315412,51.430437],[3.3315467,51.4303791],[3.3315314,51.4303471],[3.3314949,51.4303038],[3.3314321,51.4302575],[3.3313504,51.4302107],[3.3312337,51.4302581],[3.331207,51.4302733],[3.3310726,51.4302645],[3.3310631,51.4302653],[3.3309818,51.4302977],[3.3310233,51.4303486],[3.3310638,51.4303728],[3.3311262,51.4303872],[3.3312078,51.43039]]},"properties":{"rawObjectClass":"DEPCNT","VALDCO":8,"depthDatum":"Approximate LAT","depthDatumCode":42,"depthDatumStatus":"VERIFIED_FROM_OFFICIAL_DOCUMENTATION","verticalDatum":"Local Datum","verticalDatumCode":24,"napIdentityStatus":"UNVERIFIED","sourceKind":"official","sourceCellId":"1R75883I","sourceStableId":"1F2B6A4B9FC6753C","sourceChecksum":"7c265c9fd48cb0677b21c9e60c88de7230e0e5b27a4f98bc2d44d93527f2082a","pipelineFeatureId":"1R75883I/DEPCNT/1281233245","provenance":{"cellId":"1R75883I","checksum":"7c265c9fd48cb0677b21c9e60c88de7230e0e5b27a4f98bc2d44d93527f2082a","readerVersion":"GDAL 3.2.2","processedAt":"2026-08-11T13:43:44.753Z"},"sourceProperties":{"RCID":1281233245,"PRIM":2,"GRUP":2,"OBJL":43,"RVER":1,"AGEN":7979,"FIDN":1783340998,"FIDS":30012,"LNAM":"1F2B6A4B9FC6753C","VALDCO":8,"SCAMIN":300000,"sourceCellId":"1R75883I","sourceChecksum":"7c265c9fd48cb0677b21c9e60c88de7230e0e5b27a4f98bc2d44d93527f2082a","rawObjectClass":"DEPCNT","sourceStableId":"1F2B6A4B9FC6753C"}}},{"type":"Feature","geometry":{"type":"LineString","coordinates":[[3.3304633,51.43053],[3.3304897,51.4305464],[3.3305538,51.4305697],[3.3306005,51.4305296],[3.33051,51.430453],[3.3306329,51.4304573],[3.3306357,51.4304414],[3.330635,51.4304396],[3.3306345,51.4303511],[3.330634,51.4303497],[3.3306321,51.4303424],[3.3306276,51.4303497],[3.3304889,51.4304381],[3.3304871,51.43044],[3.3304873,51.430441],[3.3304633,51.43053]]},"properties":{"rawObjectClass":"DEPCNT","VALDCO":8,"depthDatum":"Approximate LAT","depthDatumCode":42,"depthDatumStatus":"VERIFIED_FROM_OFFICIAL_DOCUMENTATION","verticalDatum":"Local Datum","verticalDatumCode":24,"napIdentityStatus":"UNVERIFIED","sourceKind":"official","sourceCellId":"1R75883I","sourceStableId":"1F2B6A4B9FC6753D","sourceChecksum":"7c265c9fd48cb0677b21c9e60c88de7230e0e5b27a4f98bc2d44d93527f2082a","pipelineFeatureId":"1R75883I/DEPCNT/1281233248","provenance":{"cellId":"1R75883I","checksum":"7c265c9fd48cb0677b21c9e60c88de7230e0e5b27a4f98bc2d44d93527f2082a","readerVersion":"GDAL 3.2.2","processedAt":"2026-08-11T13:43:44.753Z"},"sourceProperties":{"RCID":1281233248,"PRIM":2,"GRUP":2,"OBJL":43,"RVER":1,"AGEN":7979,"FIDN":1783340998,"FIDS":30013,"LNAM":"1F2B6A4B9FC6753D","VALDCO":8,"SCAMIN":300000,"sourceCellId":"1R75883I","sourceChecksum":"7c265c9fd48cb0677b21c9e60c88de7230e0e5b27a4f98bc2d44d93527f2082a","rawObjectClass":"DEPCNT","sourceStableId":"1F2B6A4B9FC6753D"}}},{"type":"Feature","geometry":{"type":"LineString","coordinates":[[3.3311683,51.4307977],[3.331195,51.4308774],[3.3312006,51.4308876],[3.3312006,51.4309703],[3.3312031,51.4309775],[3.3312123,51.4310097],[3.3312465,51.4309774],[3.3313146,51.4309128],[3.3313126,51.4308873],[3.331275,51.4308474],[3.3313148,51.4307973],[3.3312106,51.4307789],[3.3310778,51.4307081],[3.3310849,51.4306964],[3.3310661,51.4306868],[3.3310564,51.4307081],[3.3310663,51.430719],[3.3311683,51.4307977]]},"properties":{"rawObjectClass":"DEPCNT","VALDCO":8,"depthDatum":"Approximate LAT","depthDatumCode":42,"depthDatumStatus":"VERIFIED_FROM_OFFICIAL_DOCUMENTATION","verticalDatum":"Local Datum","verticalDatumCode":24,"napIdentityStatus":"UNVERIFIED","sourceKind":"official","sourceCellId":"1R75883I","sourceStableId":"1F2B6A4B9FC6753E","sourceChecksum":"7c265c9fd48cb0677b21c9e60c88de7230e0e5b27a4f98bc2d44d93527f2082a","pipelineFeatureId":"1R75883I/DEPCNT/1281233250","provenance":{"cellId":"1R75883I","checksum":"7c265c9fd48cb0677b21c9e60c88de7230e0e5b27a4f98bc2d44d93527f2082a","readerVersion":"GDAL 3.2.2","processedAt":"2026-08-11T13:43:44.753Z"},"sourceProperties":{"RCID":1281233250,"PRIM":2,"GRUP":2,"OBJL":43,"RVER":1,"AGEN":7979,"FIDN":1783340998,"FIDS":30014,"LNAM":"1F2B6A4B9FC6753E","VALDCO":8,"SCAMIN":300000,"sourceCellId":"1R75883I","sourceChecksum":"7c265c9fd48cb0677b21c9e60c88de7230e0e5b27a4f98bc2d44d93527f2082a","rawObjectClass":"DEPCNT","sourceStableId":"1F2B6A4B9FC6753E"}}},{"type":"Feature","geometry":{"type":"LineString","coordinates":[[3.3333333,51.4278006],[3.3332393,51.4277576],[3.3332024,51.4277402],[3.3331958,51.4277348],[3.3331904,51.4277274],[3.3331194,51.4276451],[3.3330573,51.4275639],[3.3330508,51.4275553],[3.3330368,51.4275427],[3.3329593,51.4274657],[3.3329124,51.427419],[3.3328791,51.427376],[3.3328481,51.4273363],[3.3328258,51.4272862],[3.3327954,51.4272141],[3.3327844,51.4271964],[3.3327667,51.4271581],[3.3327363,51.4271066],[3.332661,51.4270413],[3.3326311,51.427017],[3.3326217,51.4270046],[3.3325783,51.4269273],[3.3325508,51.4268835],[3.3325339,51.4268375],[3.3325283,51.4267801],[3.33252,51.4267476],[3.3325017,51.4266741],[3.3324957,51.4266577],[3.3324749,51.4265895],[3.3324606,51.4265679],[3.3324459,51.42655],[3.3323742,51.4264782],[3.3323454,51.4263983],[3.3323389,51.4263884],[3.3323407,51.4263814],[3.3323556,51.4262985],[3.3323678,51.426274],[3.3323566,51.4262085],[3.3323516,51.4261939],[3.332382,51.4261185],[3.3324001,51.426073],[3.3323933,51.4260286],[3.3324287,51.4259646],[3.3324516,51.4259385],[3.3324699,51.425912],[3.3325139,51.4258484],[3.3325166,51.4258188],[3.3325499,51.4257584],[3.3326121,51.4256763],[3.3326179,51.4256683],[3.3326208,51.4256627],[3.3326475,51.4255783],[3.3326913,51.425528],[3.3327161,51.4254882],[3.3327543,51.4254553],[3.3327995,51.425398],[3.3328207,51.425356],[3.3328364,51.425308],[3.3328966,51.4252522],[3.3329674,51.4252177],[3.3330397,51.4251412],[3.3330464,51.4251275],[3.3330821,51.4251007],[3.3331079,51.4250375],[3.3330492,51.425]]},"properties":{"rawObjectClass":"DEPCNT","VALDCO":7.5,"depthDatum":"Approximate LAT","depthDatumCode":42,"depthDatumStatus":"VERIFIED_FROM_OFFICIAL_DOCUMENTATION","verticalDatum":"Local Datum","verticalDatumCode":24,"napIdentityStatus":"UNVERIFIED","sourceKind":"official","sourceCellId":"1R75883I","sourceStableId":"1F2B6A4B9FC6753F","sourceChecksum":"7c265c9fd48cb0677b21c9e60c88de7230e0e5b27a4f98bc2d44d93527f2082a","pipelineFeatureId":"1R75883I/DEPCNT/1281233258","provenance":{"cellId":"1R75883I","checksum":"7c265c9fd48cb0677b21c9e60c88de7230e0e5b27a4f98bc2d44d93527f2082a","readerVersion":"GDAL 3.2.2","processedAt":"2026-08-11T13:43:44.753Z"},"sourceProperties":{"RCID":1281233258,"PRIM":2,"GRUP":2,"OBJL":43,"RVER":1,"AGEN":7979,"FIDN":1783340998,"FIDS":30015,"LNAM":"1F2B6A4B9FC6753F","VALDCO":7.5,"SCAMIN":15000,"sourceCellId":"1R75883I","sourceChecksum":"7c265c9fd48cb0677b21c9e60c88de7230e0e5b27a4f98bc2d44d93527f2082a","rawObjectClass":"DEPCNT","sourceStableId":"1F2B6A4B9FC6753F"}}},{"type":"Feature","geometry":{"type":"LineString","coordinates":[[3.313057,51.4271063],[3.3130606,51.4271075],[3.313184,51.4270833],[3.3132043,51.427081],[3.3132275,51.427085],[3.3133483,51.4271013],[3.3134105,51.42707],[3.3134917,51.427036],[3.3135993,51.427002],[3.3136352,51.4269966],[3.3137275,51.4270691],[3.31378,51.427137],[3.3139137,51.4270686],[3.3139234,51.4270647],[3.3139309,51.4270639],[3.3140672,51.4270673],[3.3140689,51.4270682],[3.3142116,51.427141],[3.3142437,51.4271577],[3.3143558,51.4272],[3.3144732,51.4271571],[3.3144992,51.4271348],[3.3145251,51.4271408],[3.3146427,51.4270944],[3.3147872,51.4271847],[3.3148915,51.4271559],[3.3148884,51.4270923],[3.3149003,51.427066],[3.3149038,51.4270495],[3.3148626,51.4269762],[3.3148379,51.4269191],[3.3148364,51.4268863],[3.3149286,51.4268288],[3.3149912,51.4268859],[3.3150032,51.4269321],[3.3150021,51.4269758],[3.3149599,51.4270472],[3.3149504,51.4270659],[3.3150746,51.4271442],[3.3151353,51.4271172],[3.315218,51.4270844],[3.3153162,51.4271548],[3.3152801,51.4272065],[3.3152626,51.4272449],[3.3153635,51.4273203],[3.3154067,51.4273073],[3.315507,51.4272722],[3.3155612,51.4272779],[3.315651,51.4272923],[3.3156945,51.4273336],[3.3157955,51.4273968],[3.3158661,51.4274231],[3.31594,51.4274899],[3.3159857,51.4274841],[3.3160836,51.4274532],[3.3161509,51.4274644],[3.3162276,51.4274769],[3.3162899,51.4274728],[3.3163713,51.4274544],[3.3164358,51.4274618],[3.3165153,51.4274743],[3.3165853,51.427511],[3.3166596,51.4275499],[3.316757,51.4275396],[3.3168033,51.4275331],[3.3168507,51.4275399],[3.316947,51.4275139],[3.3169532,51.4275101],[3.3170904,51.4274444],[3.317141,51.4274512],[3.3172344,51.4274688],[3.3172777,51.4275092],[3.3173791,51.4275961],[3.3174694,51.4275087],[3.3175219,51.4274461],[3.3175968,51.4275083],[3.3175833,51.4275604],[3.3175774,51.4275983],[3.3176672,51.4276595],[3.3177428,51.4276404],[3.3177827,51.4276876],[3.3178114,51.4277023],[3.3179323,51.4277772],[3.3179559,51.4277957],[3.3180647,51.4278667],[3.3179722,51.4279473],[3.3181003,51.4278763],[3.3182065,51.4279563],[3.3182065,51.4279802],[3.3181907,51.4280462],[3.3181053,51.4281343],[3.3182463,51.4281921],[3.3183013,51.4281914],[3.3183899,51.4281641],[3.3184432,51.4281922],[3.3185338,51.4281598],[3.3185626,51.4281351],[3.3185334,51.4281072],[3.3184246,51.4280456],[3.3185324,51.4279696],[3.3185443,51.4279553],[3.3186001,51.4279127],[3.318532,51.4279042],[3.3184274,51.4279557],[3.3183886,51.4279715],[3.3183505,51.4279559],[3.3182443,51.4279027],[3.3181476,51.4278665],[3.3181,51.4278455],[3.3179841,51.427777],[3.3180828,51.4276969],[3.3179557,51.4277651],[3.3178306,51.4276875],[3.3178679,51.4276519],[3.3179118,51.4275974],[3.3179542,51.4275613],[3.3179719,51.4275863],[3.3179678,51.4275972],[3.3180989,51.427686],[3.3181004,51.4276859],[3.3182428,51.427686],[3.3182432,51.4276864],[3.3183871,51.4277526],[3.3184264,51.4277512],[3.3185308,51.427742],[3.3185866,51.4277406],[3.3186747,51.4277404],[3.3187674,51.4277429],[3.3188185,51.4277443],[3.3189117,51.4277745],[3.3188191,51.4278239],[3.3187256,51.4278649],[3.3188196,51.4278912],[3.3189322,51.4279543],[3.3188206,51.4280338],[3.318812,51.4280445],[3.3188207,51.4280499],[3.3189382,51.4281341],[3.3188218,51.4282096],[3.3187952,51.4282244],[3.3187904,51.4282442],[3.3187954,51.4283143],[3.3187638,51.4283513],[3.3187641,51.4284043],[3.3188233,51.4284274],[3.318967,51.4284937],[3.3189676,51.4284941],[3.3190929,51.428505],[3.3191115,51.4284995],[3.3191255,51.428502],[3.3191678,51.4284931],[3.3192548,51.428425],[3.319384,51.4284832],[3.319399,51.4284824],[3.3195323,51.4284022],[3.3195423,51.4284007],[3.3195443,51.4284022],[3.319644,51.4284652],[3.3195423,51.4284052],[3.3194071,51.4284925],[3.3195254,51.4285032],[3.319543,51.4284994],[3.3195989,51.4285268],[3.3196868,51.4284926],[3.3197853,51.4285528],[3.3196906,51.4284917],[3.3198305,51.4284685],[3.3199699,51.4284035],[3.3199738,51.4284024],[3.3199758,51.4284023],[3.320118,51.4284537],[3.3202613,51.4284002],[3.3202614,51.4284002],[3.3202126,51.4283105],[3.3202604,51.4282408],[3.3203669,51.4282435],[3.3204042,51.4282317],[3.3204339,51.4282385],[3.3204771,51.4282198],[3.3204039,51.428189],[3.320304,51.4281928],[3.3203746,51.4281302],[3.3204033,51.4281076],[3.3204257,51.42813],[3.3205479,51.428212],[3.3205851,51.4281962],[3.3206917,51.428216],[3.3208334,51.4282174],[3.3208356,51.4282184],[3.3208369,51.428218],[3.3209789,51.4281454],[3.3210888,51.4282181],[3.3210902,51.4282389],[3.3210837,51.4283081],[3.3209806,51.4283772],[3.3209417,51.4283984],[3.3208374,51.4284698],[3.3208127,51.4284887],[3.3207164,51.428565],[3.3207075,51.4285789],[3.3206944,51.4285907],[3.3206751,51.428579],[3.3206754,51.4285672],[3.3205788,51.4284893],[3.3205492,51.4284005],[3.320408,51.4284898],[3.3204081,51.4284911],[3.3205027,51.4285794],[3.320465,51.4286332],[3.3204594,51.4286695],[3.3204074,51.4286996],[3.32035,51.4287057],[3.3202636,51.4286927],[3.320241,51.4286701],[3.3202343,51.428652],[3.3202621,51.4285801],[3.3201184,51.4285091],[3.3200132,51.4285808],[3.3199752,51.4286012],[3.3199141,51.4286193],[3.3198313,51.4285816],[3.3198309,51.4285815],[3.3196877,51.4286163],[3.3196154,51.4286271],[3.3195441,51.428661],[3.3195183,51.4286559],[3.3194002,51.4286485],[3.3192565,51.4286677],[3.319247,51.4286728],[3.3192428,51.4286814],[3.3191929,51.4287628],[3.3192169,51.4288272],[3.3192194,51.4288527],[3.3192139,51.4288802],[3.3191901,51.4289427],[3.3192586,51.4289772],[3.3193569,51.4290321],[3.3192596,51.4291154],[3.3192547,51.4291223],[3.3192535,51.4291262],[3.3192243,51.4292123],[3.3192608,51.4292842],[3.319365,51.429212],[3.319404,51.4291895],[3.3194803,51.4291217],[3.3194656,51.4290709],[3.3194391,51.4290319],[3.3195463,51.4289669],[3.3196091,51.4289415],[3.3195459,51.42891],[3.3194863,51.4289047],[3.319402,51.4289047],[3.3192987,51.4288525],[3.3193099,51.4288197],[3.3193347,51.4287625],[3.3194006,51.4287103],[3.3195004,51.4286996],[3.3195444,51.4286967],[3.3196499,51.4287616],[3.3196618,51.4287784],[3.3196168,51.4288516],[3.3196897,51.4289047],[3.3197519,51.4288512],[3.3198327,51.4287902],[3.3198908,51.4287609],[3.319976,51.4287117],[3.3200509,51.4287137],[3.3201198,51.4287116],[3.3202186,51.42876],[3.3202643,51.4287985],[3.3203283,51.4288497],[3.3204088,51.4288887],[3.3204814,51.4288946],[3.3205527,51.4288964],[3.3206585,51.4288488],[3.3205521,51.428817],[3.3204492,51.4287594],[3.3205512,51.4286927],[3.3206047,51.4287024],[3.3206951,51.4286991],[3.3207578,51.4287078],[3.320839,51.4287072],[3.3209212,51.4287581],[3.3208396,51.4287958],[3.3207338,51.4288486],[3.3208405,51.4289141],[3.3209468,51.4289144],[3.3209843,51.4289158],[3.3210052,51.4289377],[3.3211287,51.4289906],[3.321208,51.4289775],[3.3212724,51.4289736],[3.3213714,51.4289985],[3.3214165,51.4290043],[3.321482,51.4289853],[3.3215602,51.4289891],[3.3216519,51.428936],[3.3217032,51.4288637],[3.3217979,51.4289356],[3.3217971,51.4289672],[3.3217659,51.4290256],[3.3218474,51.4291144],[3.3217049,51.4291137],[3.3216984,51.4291157],[3.321629,51.4291581],[3.3216759,51.4292056],[3.3217057,51.4292211],[3.3217303,51.4292055],[3.3218488,51.4291156],[3.3218497,51.4291152],[3.3218496,51.4291148],[3.3219093,51.4290252],[3.3219918,51.4289904],[3.3220586,51.4290248],[3.3221364,51.4291049],[3.3221559,51.4291144],[3.3221563,51.4291923],[3.3221462,51.4292044],[3.3222812,51.4292464],[3.3223781,51.4292037],[3.322349,51.4291566],[3.3224242,51.4291265],[3.3225095,51.4291665],[3.3224781,51.4291135],[3.3225678,51.4290887],[3.3225953,51.4291132],[3.3226142,51.4291419],[3.3225922,51.4292031],[3.3225687,51.4292152],[3.3225074,51.4292548],[3.3225303,51.4292932],[3.3225694,51.4293109],[3.3226083,51.4293173],[3.3227132,51.4293091],[3.3227779,51.4293328],[3.3227576,51.4292926],[3.3228566,51.4292447],[3.3229557,51.429264],[3.3230007,51.4292806],[3.3231025,51.4292278],[3.3231441,51.4292129],[3.3232478,51.4292912],[3.3232542,51.4293127],[3.3231835,51.4293813],[3.3231454,51.4294083],[3.3230453,51.4294716],[3.3231465,51.4295585],[3.3231509,51.4295585],[3.3232903,51.4295452],[3.323429,51.4294706],[3.3234333,51.4294332],[3.3235539,51.4294702],[3.323572,51.4294736],[3.323489,51.4295603],[3.3234348,51.4296463],[3.3234311,51.4296504],[3.3232912,51.4296814],[3.3231696,51.4297273],[3.3231933,51.4296511],[3.3231466,51.429578],[3.3231086,51.4296513],[3.3230037,51.4297045],[3.3228782,51.4297305],[3.32286,51.4297305],[3.3228374,51.429742],[3.3228297,51.4297611],[3.3227404,51.4298321],[3.3228613,51.4299097],[3.3229391,51.4298727],[3.3229282,51.4299216],[3.3229221,51.4299593],[3.322953,51.4300114],[3.3230062,51.4300577],[3.323069,51.4300618],[3.32315,51.4300511],[3.3232426,51.4301005],[3.3232627,51.4301704],[3.3232633,51.4301904],[3.3231516,51.4302782],[3.3231465,51.4302806],[3.3231478,51.430283],[3.3231096,51.4303706],[3.3231526,51.4304293],[3.3231885,51.4303704],[3.3232956,51.4302969],[3.323359,51.43028],[3.323439,51.4302381],[3.3235578,51.4301896],[3.3235824,51.4301772],[3.323616,51.4301894],[3.3237268,51.430258],[3.3237772,51.4302789],[3.323871,51.4303012],[3.3239327,51.430317],[3.3240149,51.4303157],[3.3240741,51.4303151],[3.3241589,51.4303369],[3.3242089,51.4303676],[3.3241593,51.4303867],[3.3241183,51.4303935],[3.3240155,51.4303935],[3.3239398,51.4304583],[3.3238723,51.430489],[3.3238121,51.4304963],[3.3237284,51.4304812],[3.3236348,51.430549],[3.3235853,51.4305801],[3.3235413,51.4305767],[3.3234415,51.4305993],[3.3233405,51.430613],[3.3232978,51.4306171],[3.3232448,51.4306069],[3.3231537,51.4305821],[3.3230786,51.4305506],[3.3231171,51.430483],[3.3230095,51.4305284],[3.322987,51.4305508],[3.3228664,51.4306316],[3.3228552,51.4306411],[3.3227232,51.4307307],[3.3225866,51.4306418],[3.3225786,51.4306192],[3.3225707,51.4306419],[3.3224354,51.4307075],[3.3223715,51.4307324],[3.3224359,51.4307858],[3.3225617,51.4307429],[3.322552,51.4308218],[3.3225059,51.4308653],[3.3225292,51.4309118],[3.3224984,51.4309635],[3.3225808,51.4309285],[3.3226124,51.4309313],[3.3227246,51.4309207],[3.3227772,51.4309439],[3.3228021,51.430911],[3.322724,51.4308471],[3.3226622,51.4308215],[3.3227233,51.4307444],[3.3228077,51.4308211],[3.3228679,51.4308436],[3.3228984,51.4308399],[3.3230118,51.4308498],[3.3230935,51.4308713],[3.3231557,51.4308582],[3.3232175,51.4308713],[3.3231868,51.4309099],[3.3232173,51.430948],[3.3232702,51.4309996],[3.3231573,51.4310873],[3.3231525,51.4310869],[3.323156,51.4310899],[3.3230141,51.431179],[3.322985,51.4311803],[3.3230141,51.4311841],[3.3230255,51.4311801],[3.3231573,51.4310947],[3.3231668,51.4310898],[3.3233008,51.4310346],[3.3233378,51.4310226],[3.3233159,51.4309995],[3.3233203,51.4309871],[3.3233434,51.4309095],[3.3234432,51.43084],[3.323488,51.4308192],[3.3234694,51.4307461],[3.3234693,51.4307293],[3.3235859,51.4306708],[3.32362,51.430639],[3.323729,51.4305701],[3.3238292,51.4305758],[3.3238729,51.4305728],[3.323952,51.4306381],[3.3239714,51.430699],[3.3239597,51.430728],[3.3240182,51.4307744],[3.3241569,51.4308173],[3.3241624,51.430825],[3.3242076,51.4308454],[3.3242091,51.4308172],[3.3242983,51.430812],[3.3243061,51.4308132],[3.3243924,51.4307268],[3.324305,51.4306496],[3.3242734,51.4306372],[3.3243043,51.430556],[3.3243111,51.4305472],[3.3244478,51.4305004],[3.3245164,51.4305466],[3.3245923,51.4305939],[3.3246931,51.4306091],[3.3247364,51.4306244],[3.324759,51.4306217],[3.3248801,51.4306137],[3.324908,51.4306354],[3.3248857,51.4307224],[3.324886,51.4307254],[3.3248809,51.4307286],[3.3248759,51.4307286],[3.3247373,51.4307569],[3.324623,51.4308161],[3.3245941,51.4308458],[3.3245099,51.4308691],[3.3244505,51.4308819],[3.3243321,51.430833],[3.3243337,51.4309068],[3.3244031,51.4309665],[3.3244474,51.4309964],[3.3244425,51.4310019],[3.3243493,51.4310866],[3.3244522,51.4311292],[3.3245709,51.4311759],[3.3245966,51.4312035],[3.3247053,51.4311975],[3.3247403,51.4311839],[3.3247563,51.4311754],[3.3247898,51.4311441],[3.3248089,51.4310853],[3.3247782,51.4310611],[3.324832,51.4309953],[3.3248824,51.4309332],[3.3249948,51.4309245],[3.3250262,51.4309221],[3.3251456,51.430979],[3.3251705,51.4309856],[3.3251812,51.4309877],[3.3253142,51.4309671],[3.3253786,51.4309535],[3.3254579,51.4309472],[3.3255644,51.4309698],[3.3256019,51.4309643],[3.3256972,51.430903],[3.3256649,51.4308531],[3.325622,51.4308133],[3.3256007,51.4307987],[3.3255797,51.4308003],[3.3254568,51.4307924],[3.3253456,51.4307241],[3.3254557,51.4306376],[3.3255996,51.4306478],[3.3256256,51.4306497],[3.3257436,51.4306654],[3.3258121,51.4307228],[3.3258462,51.4307863],[3.3258541,51.4308126],[3.3258038,51.4308659],[3.3257841,51.4309028],[3.3257454,51.430924],[3.3256343,51.4309931],[3.3256598,51.4310471],[3.325626,51.431083],[3.3257471,51.4311657],[3.3258216,51.4311257],[3.3258907,51.4311248],[3.3259304,51.4310822],[3.3260338,51.4310168],[3.3260845,51.4310235],[3.3261775,51.4310046],[3.3262093,51.4310113],[3.3263217,51.4310527],[3.3263358,51.4310811],[3.32636,51.4311047],[3.3263401,51.431171],[3.3263227,51.4311817],[3.3262941,51.431189],[3.3261791,51.4312176],[3.3261095,51.4312615],[3.3261222,51.4312974],[3.326058,51.4313516],[3.3261219,51.4314048],[3.3261112,51.4314414],[3.3260916,51.4314973],[3.3260616,51.4315314],[3.3261816,51.4315705],[3.326316,51.4316146],[3.3263004,51.4315307],[3.326325,51.4315166],[3.326373,51.4314406],[3.326324,51.4313655],[3.3262673,51.4313865],[3.3263132,51.4313509],[3.3262657,51.4313148],[3.3263237,51.4313267],[3.3263822,51.431314],[3.3264672,51.4312783],[3.3265101,51.4312872],[3.326611,51.4312667],[3.3266718,51.43126],[3.3267547,51.431249],[3.3267595,51.4312597],[3.3267593,51.4312625],[3.3267887,51.4313496],[3.3268359,51.4313995],[3.3268194,51.4314394],[3.3268424,51.4314754],[3.3268156,51.4315293],[3.3269008,51.4315739],[3.3269908,51.4315288],[3.327044,51.4314722],[3.3270981,51.4314386],[3.3271871,51.4313756],[3.3272743,51.4314026],[3.3273313,51.4314206],[3.3273475,51.4314379],[3.3274757,51.4315029],[3.327594,51.4314372],[3.3276189,51.4313987],[3.3276503,51.4314371],[3.3277634,51.4315025],[3.3278193,51.4314915],[3.3277854,51.4315266],[3.3277637,51.4315452],[3.3276252,51.431617],[3.3277648,51.4316973],[3.3279035,51.4317029],[3.3279087,51.4317033],[3.3279179,51.4317003],[3.3280525,51.4316905],[3.3281721,51.4316154],[3.3280514,51.4315418],[3.3280405,51.4315259],[3.3280188,51.4315057],[3.3280512,51.4315115],[3.3280892,51.4315258],[3.3281956,51.4315932],[3.3282069,51.4316153],[3.3281961,51.4316597],[3.3281246,51.4317055],[3.3280529,51.4317509],[3.3279453,51.4317288],[3.3279088,51.4317151],[3.3278504,51.4317962],[3.3279096,51.4318185],[3.3279633,51.4318294],[3.3280533,51.4318103],[3.3281058,51.4317955],[3.3281967,51.4317383],[3.3282715,51.431795],[3.3282978,51.431822],[3.3282648,51.4318849],[3.3283421,51.4319578],[3.3284453,51.4319097],[3.3284858,51.4319327],[3.3285212,51.4319741],[3.3286301,51.4320012],[3.3287147,51.4320635],[3.3287746,51.4320883],[3.3288354,51.4321011],[3.3287967,51.4320633],[3.3289179,51.4320121],[3.3290262,51.4319948],[3.3290616,51.4319916],[3.3290937,51.4319926],[3.3292055,51.4319988],[3.3292777,51.4320619],[3.3292806,51.4321083],[3.3292832,51.4321518],[3.3292072,51.4322392],[3.329182,51.432242],[3.3292073,51.4322467],[3.3292829,51.4323317],[3.329352,51.43236],[3.3294925,51.432421],[3.3294963,51.4324256],[3.3295003,51.432421],[3.3295212,51.4324053],[3.3296213,51.4323307],[3.3296394,51.4323199],[3.3297787,51.4322404],[3.3297826,51.4322348],[3.3298069,51.432225],[3.3297856,51.4322403],[3.3298164,51.4322612],[3.3298802,51.43233],[3.3298323,51.4323606],[3.3298781,51.4324199],[3.329861,51.4324619],[3.3298445,51.4325099],[3.3297849,51.4325519],[3.3296829,51.4326003],[3.3296416,51.4326229],[3.3295798,51.4326393],[3.3294981,51.4326734],[3.3294376,51.4326532],[3.3293645,51.4326911],[3.3294984,51.4327206],[3.329543,51.4327185],[3.3296424,51.4327356],[3.3297784,51.4327799],[3.329787,51.4328391],[3.3298678,51.4327796],[3.3299246,51.4327759],[3.3299304,51.4327766],[3.3299416,51.4327724],[3.3300741,51.4327619],[3.3300988,51.432779],[3.3302187,51.4328622],[3.3303553,51.4327783],[3.3303617,51.4327476],[3.3304108,51.4327781],[3.3305058,51.4327828],[3.3306303,51.4328674],[3.3305917,51.4329043],[3.3305658,51.4329575],[3.3305073,51.4329891],[3.3304251,51.4330478],[3.330508,51.4330849],[3.3305735,51.4331373],[3.3306524,51.4331563],[3.330703,51.4331685],[3.3307963,51.4331586],[3.3308519,51.4331712],[3.3309403,51.433185],[3.3310442,51.433136],[3.3310834,51.4330764],[3.3311443,51.4330838],[3.331105,51.4330459],[3.3310831,51.4330391],[3.3309663,51.4329736],[3.3309387,51.4329637],[3.3309088,51.4329565],[3.3309385,51.4329382],[3.3309499,51.4328665],[3.3309379,51.4328489],[3.3308237,51.4328483],[3.3308954,51.4327767],[3.3308661,51.4327325],[3.3308714,51.4326869],[3.3307924,51.4326209],[3.3307351,51.4325973],[3.3307921,51.432582],[3.3308952,51.432507],[3.3307911,51.4324494],[3.3307443,51.4324175],[3.3307907,51.4323813],[3.3308685,51.4323684],[3.3309346,51.4323886],[3.3309912,51.4323624],[3.3310785,51.4323937],[3.3311361,51.4324164],[3.3311161,51.4324832],[3.3311163,51.4325064],[3.3311363,51.4325418],[3.3310886,51.4325963],[3.331224,51.4326243],[3.3313301,51.4326619],[3.3313682,51.4326729],[3.3313863,51.4326741],[3.3315118,51.4326464],[3.3316012,51.4326848],[3.3316562,51.4327161],[3.3317717,51.4327743],[3.3318006,51.4327852],[3.3318251,51.4327894],[3.3319447,51.4328214],[3.3320346,51.4328634],[3.3320844,51.43295],[3.3320844,51.4329532],[3.3320895,51.432957],[3.3320986,51.4329532],[3.332174,51.4328999],[3.3322269,51.4328629],[3.3322327,51.43286],[3.3322451,51.4328628],[3.3323292,51.4328923],[3.3323767,51.4328785],[3.3324876,51.4329313],[3.3325097,51.4328621],[3.3325204,51.4328587],[3.3325292,51.432862],[3.3326649,51.4329458],[3.3326711,51.4329515],[3.332809,51.4329849],[3.3329466,51.4330407],[3.3329534,51.4330558],[3.3329779,51.4330559],[3.3330975,51.4330928],[3.3331824,51.4330931],[3.3332413,51.4330926],[3.3333157,51.4330396],[3.3333333,51.4330319]]},"properties":{"rawObjectClass":"DEPCNT","VALDCO":7.5,"depthDatum":"Approximate LAT","depthDatumCode":42,"depthDatumStatus":"VERIFIED_FROM_OFFICIAL_DOCUMENTATION","verticalDatum":"Local Datum","verticalDatumCode":24,"napIdentityStatus":"UNVERIFIED","sourceKind":"official","sourceCellId":"1R75883I","sourceStableId":"1F2B6A4B9FC67540","sourceChecksum":"7c265c9fd48cb0677b21c9e60c88de7230e0e5b27a4f98bc2d44d93527f2082a","pipelineFeatureId":"1R75883I/DEPCNT/1281233259","provenance":{"cellId":"1R75883I","checksum":"7c265c9fd48cb0677b21c9e60c88de7230e0e5b27a4f98bc2d44d93527f2082a","readerVersion":"GDAL 3.2.2","processedAt":"2026-08-11T13:43:44.753Z"},"sourceProperties":{"RCID":1281233259,"PRIM":2,"GRUP":2,"OBJL":43,"RVER":1,"AGEN":7979,"FIDN":1783340998,"FIDS":30016,"LNAM":"1F2B6A4B9FC67540","VALDCO":7.5,"SCAMIN":15000,"sourceCellId":"1R75883I","sourceChecksum":"7c265c9fd48cb0677b21c9e60c88de7230e0e5b27a4f98bc2d44d93527f2082a","rawObjectClass":"DEPCNT","sourceStableId":"1F2B6A4B9FC67540"}}},{"type":"Feature","geometry":{"type":"LineString","coordinates":[[3.3296336,51.4315116],[3.3296509,51.4315105],[3.3297775,51.4315169],[3.3297847,51.431521],[3.3297776,51.4315341],[3.3296409,51.4316113],[3.3296425,51.4316164],[3.3296896,51.4317011],[3.3296354,51.4317599],[3.3295634,51.4317914],[3.3294923,51.4318657],[3.3294522,51.4318165],[3.3294749,51.4317916],[3.3294469,51.4317638],[3.3293934,51.4317019],[3.3294907,51.431644],[3.3296248,51.4316114],[3.32949,51.4315476],[3.3294367,51.431522],[3.3293457,51.4314829],[3.329215,51.4314411],[3.3292015,51.4314379],[3.3291959,51.4314362],[3.3291992,51.4314327],[3.3292014,51.4314258],[3.329273,51.4313426],[3.3293445,51.4313149],[3.3293654,51.4313423],[3.3293656,51.4313554],[3.3293667,51.4314323],[3.3294897,51.4315152],[3.3296157,51.4315103],[3.3296336,51.4315116]]},"properties":{"rawObjectClass":"DEPCNT","VALDCO":7.5,"depthDatum":"Approximate LAT","depthDatumCode":42,"depthDatumStatus":"VERIFIED_FROM_OFFICIAL_DOCUMENTATION","verticalDatum":"Local Datum","verticalDatumCode":24,"napIdentityStatus":"UNVERIFIED","sourceKind":"official","sourceCellId":"1R75883I","sourceStableId":"1F2B6A4B9FC67541","sourceChecksum":"7c265c9fd48cb0677b21c9e60c88de7230e0e5b27a4f98bc2d44d93527f2082a","pipelineFeatureId":"1R75883I/DEPCNT/1281233265","provenance":{"cellId":"1R75883I","checksum":"7c265c9fd48cb0677b21c9e60c88de7230e0e5b27a4f98bc2d44d93527f2082a","readerVersion":"GDAL 3.2.2","processedAt":"2026-08-11T13:43:44.753Z"},"sourceProperties":{"RCID":1281233265,"PRIM":2,"GRUP":2,"OBJL":43,"RVER":1,"AGEN":7979,"FIDN":1783340998,"FIDS":30017,"LNAM":"1F2B6A4B9FC67541","VALDCO":7.5,"SCAMIN":15000,"sourceCellId":"1R75883I","sourceChecksum":"7c265c9fd48cb0677b21c9e60c88de7230e0e5b27a4f98bc2d44d93527f2082a","rawObjectClass":"DEPCNT","sourceStableId":"1F2B6A4B9FC67541"}}},{"type":"Feature","geometry":{"type":"LineString","coordinates":[[3.3277494,51.4295359],[3.3278319,51.4294965],[3.3278516,51.4295482],[3.3277499,51.4296059],[3.3276346,51.4296387],[3.3276063,51.4296415],[3.3276003,51.4296388],[3.3275936,51.4295565],[3.3275985,51.4295489],[3.3276055,51.4295372],[3.3277006,51.4295183],[3.3277494,51.4295359]]},"properties":{"rawObjectClass":"DEPCNT","VALDCO":7.5,"depthDatum":"Approximate LAT","depthDatumCode":42,"depthDatumStatus":"VERIFIED_FROM_OFFICIAL_DOCUMENTATION","verticalDatum":"Local Datum","verticalDatumCode":24,"napIdentityStatus":"UNVERIFIED","sourceKind":"official","sourceCellId":"1R75883I","sourceStableId":"1F2B6A4B9FC67542","sourceChecksum":"7c265c9fd48cb0677b21c9e60c88de7230e0e5b27a4f98bc2d44d93527f2082a","pipelineFeatureId":"1R75883I/DEPCNT/1281233267","provenance":{"cellId":"1R75883I","checksum":"7c265c9fd48cb0677b21c9e60c88de7230e0e5b27a4f98bc2d44d93527f2082a","readerVersion":"GDAL 3.2.2","processedAt":"2026-08-11T13:43:44.753Z"},"sourceProperties":{"RCID":1281233267,"PRIM":2,"GRUP":2,"OBJL":43,"RVER":1,"AGEN":7979,"FIDN":1783340998,"FIDS":30018,"LNAM":"1F2B6A4B9FC67542","VALDCO":7.5,"SCAMIN":15000,"sourceCellId":"1R75883I","sourceChecksum":"7c265c9fd48cb0677b21c9e60c88de7230e0e5b27a4f98bc2d44d93527f2082a","rawObjectClass":"DEPCNT","sourceStableId":"1F2B6A4B9FC67542"}}},{"type":"Feature","geometry":{"type":"LineString","coordinates":[[3.3142338,51.4256602],[3.3142558,51.425663],[3.3143454,51.4256794],[3.3143784,51.4257186],[3.3144899,51.4257881],[3.3145195,51.4258082],[3.314523,51.4258778],[3.3145205,51.4258981],[3.3144909,51.4259208],[3.3144591,51.4258982],[3.314457,51.4258773],[3.3144597,51.4258083],[3.3143458,51.4257381],[3.3142456,51.4258089],[3.3142026,51.4258392],[3.3141613,51.4258091],[3.3141634,51.4257467]]},"properties":{"rawObjectClass":"DEPCNT","VALDCO":7.5,"depthDatum":"Approximate LAT","depthDatumCode":42,"depthDatumStatus":"VERIFIED_FROM_OFFICIAL_DOCUMENTATION","verticalDatum":"Local Datum","verticalDatumCode":24,"napIdentityStatus":"UNVERIFIED","sourceKind":"official","sourceCellId":"1R75883I","sourceStableId":"1F2B6A4B9FC67543","sourceChecksum":"7c265c9fd48cb0677b21c9e60c88de7230e0e5b27a4f98bc2d44d93527f2082a","pipelineFeatureId":"1R75883I/DEPCNT/1281233268","provenance":{"cellId":"1R75883I","checksum":"7c265c9fd48cb0677b21c9e60c88de7230e0e5b27a4f98bc2d44d93527f2082a","readerVersion":"GDAL 3.2.2","processedAt":"2026-08-11T13:43:44.753Z"},"sourceProperties":{"RCID":1281233268,"PRIM":2,"GRUP":2,"OBJL":43,"RVER":1,"AGEN":7979,"FIDN":1783340998,"FIDS":30019,"LNAM":"1F2B6A4B9FC67543","VALDCO":7.5,"SCAMIN":15000,"sourceCellId":"1R75883I","sourceChecksum":"7c265c9fd48cb0677b21c9e60c88de7230e0e5b27a4f98bc2d44d93527f2082a","rawObjectClass":"DEPCNT","sourceStableId":"1F2B6A4B9FC67543"}}},{"type":"Feature","geometry":{"type":"LineString","coordinates":[[3.3244367,51.4289384],[3.3243911,51.428957],[3.3242929,51.428937],[3.3242283,51.4289289],[3.3242506,51.4289025],[3.3241981,51.428839],[3.324292,51.4288185],[3.3243225,51.4288387],[3.3244365,51.4289093],[3.3244587,51.4289282],[3.3244367,51.4289384]]},"properties":{"rawObjectClass":"DEPCNT","VALDCO":7.5,"depthDatum":"Approximate LAT","depthDatumCode":42,"depthDatumStatus":"VERIFIED_FROM_OFFICIAL_DOCUMENTATION","verticalDatum":"Local Datum","verticalDatumCode":24,"napIdentityStatus":"UNVERIFIED","sourceKind":"official","sourceCellId":"1R75883I","sourceStableId":"1F2B6A4B9FC67544","sourceChecksum":"7c265c9fd48cb0677b21c9e60c88de7230e0e5b27a4f98bc2d44d93527f2082a","pipelineFeatureId":"1R75883I/DEPCNT/1281233269","provenance":{"cellId":"1R75883I","checksum":"7c265c9fd48cb0677b21c9e60c88de7230e0e5b27a4f98bc2d44d93527f2082a","readerVersion":"GDAL 3.2.2","processedAt":"2026-08-11T13:43:44.753Z"},"sourceProperties":{"RCID":1281233269,"PRIM":2,"GRUP":2,"OBJL":43,"RVER":1,"AGEN":7979,"FIDN":1783340998,"FIDS":30020,"LNAM":"1F2B6A4B9FC67544","VALDCO":7.5,"SCAMIN":15000,"sourceCellId":"1R75883I","sourceChecksum":"7c265c9fd48cb0677b21c9e60c88de7230e0e5b27a4f98bc2d44d93527f2082a","rawObjectClass":"DEPCNT","sourceStableId":"1F2B6A4B9FC67544"}}},{"type":"Feature","geometry":{"type":"LineString","coordinates":[[3.3254436,51.4289392],[3.3254193,51.4289408],[3.3252997,51.4289325],[3.3252891,51.4289259],[3.3252996,51.4289158],[3.3254193,51.4288356],[3.3252986,51.4287744],[3.3251884,51.4287464],[3.3252982,51.4287177],[3.3253646,51.4287459],[3.3254427,51.4288117],[3.3254665,51.4288355],[3.3254788,51.4289032],[3.3254706,51.4289254],[3.3254436,51.4289392]]},"properties":{"rawObjectClass":"DEPCNT","VALDCO":7.5,"depthDatum":"Approximate LAT","depthDatumCode":42,"depthDatumStatus":"VERIFIED_FROM_OFFICIAL_DOCUMENTATION","verticalDatum":"Local Datum","verticalDatumCode":24,"napIdentityStatus":"UNVERIFIED","sourceKind":"official","sourceCellId":"1R75883I","sourceStableId":"1F2B6A4B9FC67545","sourceChecksum":"7c265c9fd48cb0677b21c9e60c88de7230e0e5b27a4f98bc2d44d93527f2082a","pipelineFeatureId":"1R75883I/DEPCNT/1281233272","provenance":{"cellId":"1R75883I","checksum":"7c265c9fd48cb0677b21c9e60c88de7230e0e5b27a4f98bc2d44d93527f2082a","readerVersion":"GDAL 3.2.2","processedAt":"2026-08-11T13:43:44.753Z"},"sourceProperties":{"RCID":1281233272,"PRIM":2,"GRUP":2,"OBJL":43,"RVER":1,"AGEN":7979,"FIDN":1783340998,"FIDS":30021,"LNAM":"1F2B6A4B9FC67545","VALDCO":7.5,"SCAMIN":15000,"sourceCellId":"1R75883I","sourceChecksum":"7c265c9fd48cb0677b21c9e60c88de7230e0e5b27a4f98bc2d44d93527f2082a","rawObjectClass":"DEPCNT","sourceStableId":"1F2B6A4B9FC67545"}}},{"type":"Feature","geometry":{"type":"LineString","coordinates":[[3.3157819,51.4254242],[3.3158165,51.425445],[3.3158606,51.4254938],[3.3158241,51.4255349],[3.3158563,51.4255806],[3.3157828,51.4255436],[3.3156429,51.4256253],[3.3156665,51.425642],[3.3156397,51.4256511],[3.315614,51.4256991],[3.3154958,51.4256472],[3.315439,51.4256614],[3.315352,51.4256501],[3.315331,51.4256261],[3.3153517,51.425609],[3.3154885,51.4255358],[3.3154902,51.4255328],[3.3154532,51.425446],[3.3154941,51.4254011],[3.3155856,51.4254456],[3.3155137,51.425524],[3.3155133,51.4255357],[3.3156394,51.4256161],[3.3157353,51.4255351],[3.3157341,51.4255049],[3.3156959,51.4254453],[3.3157164,51.4254044],[3.3157819,51.4254242]]},"properties":{"rawObjectClass":"DEPCNT","VALDCO":7.5,"depthDatum":"Approximate LAT","depthDatumCode":42,"depthDatumStatus":"VERIFIED_FROM_OFFICIAL_DOCUMENTATION","verticalDatum":"Local Datum","verticalDatumCode":24,"napIdentityStatus":"UNVERIFIED","sourceKind":"official","sourceCellId":"1R75883I","sourceStableId":"1F2B6A4B9FC67546","sourceChecksum":"7c265c9fd48cb0677b21c9e60c88de7230e0e5b27a4f98bc2d44d93527f2082a","pipelineFeatureId":"1R75883I/DEPCNT/1281233273","provenance":{"cellId":"1R75883I","checksum":"7c265c9fd48cb0677b21c9e60c88de7230e0e5b27a4f98bc2d44d93527f2082a","readerVersion":"GDAL 3.2.2","processedAt":"2026-08-11T13:43:44.753Z"},"sourceProperties":{"RCID":1281233273,"PRIM":2,"GRUP":2,"OBJL":43,"RVER":1,"AGEN":7979,"FIDN":1783340998,"FIDS":30022,"LNAM":"1F2B6A4B9FC67546","VALDCO":7.5,"SCAMIN":15000,"sourceCellId":"1R75883I","sourceChecksum":"7c265c9fd48cb0677b21c9e60c88de7230e0e5b27a4f98bc2d44d93527f2082a","rawObjectClass":"DEPCNT","sourceStableId":"1F2B6A4B9FC67546"}}},{"type":"Feature","geometry":{"type":"LineString","coordinates":[[3.3252893,51.4306344],[3.3252885,51.4306199],[3.3252732,51.4305445],[3.3253109,51.4305103],[3.3253897,51.4304949],[3.3254547,51.4305042],[3.3255226,51.4305014],[3.3255985,51.4304974],[3.3257051,51.4305433],[3.3255994,51.4306193],[3.3255732,51.4306172],[3.3254556,51.430629],[3.3254462,51.4306339],[3.3253122,51.4306947],[3.3252506,51.4306729],[3.3252893,51.4306344]]},"properties":{"rawObjectClass":"DEPCNT","VALDCO":7.5,"depthDatum":"Approximate LAT","depthDatumCode":42,"depthDatumStatus":"VERIFIED_FROM_OFFICIAL_DOCUMENTATION","verticalDatum":"Local Datum","verticalDatumCode":24,"napIdentityStatus":"UNVERIFIED","sourceKind":"official","sourceCellId":"1R75883I","sourceStableId":"1F2B6A4B9FC67547","sourceChecksum":"7c265c9fd48cb0677b21c9e60c88de7230e0e5b27a4f98bc2d44d93527f2082a","pipelineFeatureId":"1R75883I/DEPCNT/1281233274","provenance":{"cellId":"1R75883I","checksum":"7c265c9fd48cb0677b21c9e60c88de7230e0e5b27a4f98bc2d44d93527f2082a","readerVersion":"GDAL 3.2.2","processedAt":"2026-08-11T13:43:44.753Z"},"sourceProperties":{"RCID":1281233274,"PRIM":2,"GRUP":2,"OBJL":43,"RVER":1,"AGEN":7979,"FIDN":1783340998,"FIDS":30023,"LNAM":"1F2B6A4B9FC67547","VALDCO":7.5,"SCAMIN":15000,"sourceCellId":"1R75883I","sourceChecksum":"7c265c9fd48cb0677b21c9e60c88de7230e0e5b27a4f98bc2d44d93527f2082a","rawObjectClass":"DEPCNT","sourceStableId":"1F2B6A4B9FC67547"}}},{"type":"Feature","geometry":{"type":"LineString","coordinates":[[3.322677,51.4287533],[3.3226655,51.4287261],[3.3226569,51.4286634],[3.3226567,51.4286311],[3.3226531,51.4285735],[3.3226238,51.4285212],[3.3226642,51.4284836],[3.3227072,51.42845],[3.3227886,51.4283933],[3.3228504,51.4283681],[3.3229073,51.428393],[3.3229947,51.4284227],[3.3231182,51.4284823],[3.323139,51.4284919],[3.3231571,51.4284936],[3.323283,51.4285122],[3.3233423,51.4285716],[3.3233708,51.428626],[3.3233655,51.4286615],[3.323347,51.4287123],[3.3233685,51.4287514],[3.3233558,51.428797],[3.3233104,51.4288415],[3.3232854,51.4288625],[3.3232317,51.4288753],[3.3231415,51.4288513],[3.3231263,51.428842],[3.3231184,51.4288276],[3.3230523,51.4287523],[3.3230485,51.4287199],[3.3230909,51.4286622],[3.3229959,51.4285959],[3.3229018,51.4286628],[3.3228529,51.4287161],[3.3227859,51.428753],[3.3227096,51.4287947],[3.322677,51.4287533]]},"properties":{"rawObjectClass":"DEPCNT","VALDCO":7.5,"depthDatum":"Approximate LAT","depthDatumCode":42,"depthDatumStatus":"VERIFIED_FROM_OFFICIAL_DOCUMENTATION","verticalDatum":"Local Datum","verticalDatumCode":24,"napIdentityStatus":"UNVERIFIED","sourceKind":"official","sourceCellId":"1R75883I","sourceStableId":"1F2B6A4B9FC67548","sourceChecksum":"7c265c9fd48cb0677b21c9e60c88de7230e0e5b27a4f98bc2d44d93527f2082a","pipelineFeatureId":"1R75883I/DEPCNT/1281233275","provenance":{"cellId":"1R75883I","checksum":"7c265c9fd48cb0677b21c9e60c88de7230e0e5b27a4f98bc2d44d93527f2082a","readerVersion":"GDAL 3.2.2","processedAt":"2026-08-11T13:43:44.753Z"},"sourceProperties":{"RCID":1281233275,"PRIM":2,"GRUP":2,"OBJL":43,"RVER":1,"AGEN":7979,"FIDN":1783340998,"FIDS":30024,"LNAM":"1F2B6A4B9FC67548","VALDCO":7.5,"SCAMIN":15000,"sourceCellId":"1R75883I","sourceChecksum":"7c265c9fd48cb0677b21c9e60c88de7230e0e5b27a4f98bc2d44d93527f2082a","rawObjectClass":"DEPCNT","sourceStableId":"1F2B6A4B9FC67548"}}},{"type":"Feature","geometry":{"type":"LineString","coordinates":[[3.3222015,51.4285748],[3.3221331,51.4286298],[3.3220492,51.4286651],[3.3219899,51.4287211],[3.3218794,51.4286656],[3.3218454,51.4286353],[3.3217877,51.4285759],[3.3218448,51.428542],[3.3219167,51.4284856],[3.3218441,51.4284407],[3.3217992,51.428486],[3.321701,51.4285498],[3.3216288,51.4285313],[3.321557,51.4285291],[3.3214917,51.4284868],[3.321464,51.4284292],[3.3214483,51.428397],[3.3214413,51.4283256],[3.3214333,51.4283071],[3.3215549,51.4282337],[3.3216514,51.4283065],[3.3216997,51.4283685],[3.3218322,51.428306],[3.3218429,51.4282779],[3.3218885,51.4282774],[3.3219863,51.4282207],[3.3221118,51.4283053],[3.3221021,51.4283233],[3.3221124,51.4283952],[3.3221315,51.4284057],[3.3222349,51.4284848],[3.3222339,51.4285111],[3.3222015,51.4285748]]},"properties":{"rawObjectClass":"DEPCNT","VALDCO":7.5,"depthDatum":"Approximate LAT","depthDatumCode":42,"depthDatumStatus":"VERIFIED_FROM_OFFICIAL_DOCUMENTATION","verticalDatum":"Local Datum","verticalDatumCode":24,"napIdentityStatus":"UNVERIFIED","sourceKind":"official","sourceCellId":"1R75883I","sourceStableId":"1F2B6A4B9FC67549","sourceChecksum":"7c265c9fd48cb0677b21c9e60c88de7230e0e5b27a4f98bc2d44d93527f2082a","pipelineFeatureId":"1R75883I/DEPCNT/1281233276","provenance":{"cellId":"1R75883I","checksum":"7c265c9fd48cb0677b21c9e60c88de7230e0e5b27a4f98bc2d44d93527f2082a","readerVersion":"GDAL 3.2.2","processedAt":"2026-08-11T13:43:44.753Z"},"sourceProperties":{"RCID":1281233276,"PRIM":2,"GRUP":2,"OBJL":43,"RVER":1,"AGEN":7979,"FIDN":1783340998,"FIDS":30025,"LNAM":"1F2B6A4B9FC67549","VALDCO":7.5,"SCAMIN":15000,"sourceCellId":"1R75883I","sourceChecksum":"7c265c9fd48cb0677b21c9e60c88de7230e0e5b27a4f98bc2d44d93527f2082a","rawObjectClass":"DEPCNT","sourceStableId":"1F2B6A4B9FC67549"}}},{"type":"Feature","geometry":{"type":"LineString","coordinates":[[3.3288758,51.4315236],[3.3289141,51.4314804],[3.3289764,51.4315233],[3.3290588,51.431597],[3.3291483,51.4316127],[3.3291865,51.4316228],[3.3291087,51.4317027],[3.3290636,51.4317906],[3.3290636,51.4317928],[3.3290663,51.4317966],[3.3290602,51.4318009],[3.3289778,51.4318448],[3.3289169,51.4318703],[3.3288859,51.4318639],[3.3287727,51.4318209],[3.3286585,51.4317939],[3.328772,51.4317232],[3.3287921,51.4317036],[3.3287818,51.4316974],[3.3288684,51.4316135],[3.3288528,51.4315623],[3.3288758,51.4315236]]},"properties":{"rawObjectClass":"DEPCNT","VALDCO":7.5,"depthDatum":"Approximate LAT","depthDatumCode":42,"depthDatumStatus":"VERIFIED_FROM_OFFICIAL_DOCUMENTATION","verticalDatum":"Local Datum","verticalDatumCode":24,"napIdentityStatus":"UNVERIFIED","sourceKind":"official","sourceCellId":"1R75883I","sourceStableId":"1F2B6A4B9FC6754A","sourceChecksum":"7c265c9fd48cb0677b21c9e60c88de7230e0e5b27a4f98bc2d44d93527f2082a","pipelineFeatureId":"1R75883I/DEPCNT/1281233277","provenance":{"cellId":"1R75883I","checksum":"7c265c9fd48cb0677b21c9e60c88de7230e0e5b27a4f98bc2d44d93527f2082a","readerVersion":"GDAL 3.2.2","processedAt":"2026-08-11T13:43:44.753Z"},"sourceProperties":{"RCID":1281233277,"PRIM":2,"GRUP":2,"OBJL":43,"RVER":1,"AGEN":7979,"FIDN":1783340998,"FIDS":30026,"LNAM":"1F2B6A4B9FC6754A","VALDCO":7.5,"SCAMIN":15000,"sourceCellId":"1R75883I","sourceChecksum":"7c265c9fd48cb0677b21c9e60c88de7230e0e5b27a4f98bc2d44d93527f2082a","rawObjectClass":"DEPCNT","sourceStableId":"1F2B6A4B9FC6754A"}}},{"type":"Feature","geometry":{"type":"LineString","coordinates":[[3.3307673,51.431788],[3.3307858,51.4317098],[3.3307966,51.431698],[3.3309294,51.4316718],[3.3309854,51.4316975],[3.3309299,51.4317367],[3.3308287,51.4317878],[3.3308432,51.4318232],[3.3308518,51.4318777],[3.3307873,51.4319117],[3.3307066,51.4318781],[3.3307146,51.4318332],[3.3307673,51.431788]]},"properties":{"rawObjectClass":"DEPCNT","VALDCO":7.5,"depthDatum":"Approximate LAT","depthDatumCode":42,"depthDatumStatus":"VERIFIED_FROM_OFFICIAL_DOCUMENTATION","verticalDatum":"Local Datum","verticalDatumCode":24,"napIdentityStatus":"UNVERIFIED","sourceKind":"official","sourceCellId":"1R75883I","sourceStableId":"1F2B6A4B9FC6754B","sourceChecksum":"7c265c9fd48cb0677b21c9e60c88de7230e0e5b27a4f98bc2d44d93527f2082a","pipelineFeatureId":"1R75883I/DEPCNT/1281233278","provenance":{"cellId":"1R75883I","checksum":"7c265c9fd48cb0677b21c9e60c88de7230e0e5b27a4f98bc2d44d93527f2082a","readerVersion":"GDAL 3.2.2","processedAt":"2026-08-11T13:43:44.753Z"},"sourceProperties":{"RCID":1281233278,"PRIM":2,"GRUP":2,"OBJL":43,"RVER":1,"AGEN":7979,"FIDN":1783340998,"FIDS":30027,"LNAM":"1F2B6A4B9FC6754B","VALDCO":7.5,"SCAMIN":15000,"sourceCellId":"1R75883I","sourceChecksum":"7c265c9fd48cb0677b21c9e60c88de7230e0e5b27a4f98bc2d44d93527f2082a","rawObjectClass":"DEPCNT","sourceStableId":"1F2B6A4B9FC6754B"}}},{"type":"Feature","geometry":{"type":"LineString","coordinates":[[3.3227726,51.4301018],[3.3228432,51.430179],[3.3227841,51.4301917],[3.3228099,51.4302251],[3.3228634,51.430207],[3.3228993,51.4301914],[3.3229087,51.4301628],[3.3229818,51.4301012],[3.3228622,51.4300365],[3.3227726,51.4301018]]},"properties":{"rawObjectClass":"DEPCNT","VALDCO":7.5,"depthDatum":"Approximate LAT","depthDatumCode":42,"depthDatumStatus":"VERIFIED_FROM_OFFICIAL_DOCUMENTATION","verticalDatum":"Local Datum","verticalDatumCode":24,"napIdentityStatus":"UNVERIFIED","sourceKind":"official","sourceCellId":"1R75883I","sourceStableId":"1F2B6A4B9FC6754C","sourceChecksum":"7c265c9fd48cb0677b21c9e60c88de7230e0e5b27a4f98bc2d44d93527f2082a","pipelineFeatureId":"1R75883I/DEPCNT/1281233279","provenance":{"cellId":"1R75883I","checksum":"7c265c9fd48cb0677b21c9e60c88de7230e0e5b27a4f98bc2d44d93527f2082a","readerVersion":"GDAL 3.2.2","processedAt":"2026-08-11T13:43:44.753Z"},"sourceProperties":{"RCID":1281233279,"PRIM":2,"GRUP":2,"OBJL":43,"RVER":1,"AGEN":7979,"FIDN":1783340998,"FIDS":30028,"LNAM":"1F2B6A4B9FC6754C","VALDCO":7.5,"SCAMIN":15000,"sourceCellId":"1R75883I","sourceChecksum":"7c265c9fd48cb0677b21c9e60c88de7230e0e5b27a4f98bc2d44d93527f2082a","rawObjectClass":"DEPCNT","sourceStableId":"1F2B6A4B9FC6754C"}}},{"type":"Feature","geometry":{"type":"LineString","coordinates":[[3.3329519,51.432849],[3.3330132,51.4328222],[3.3330955,51.4328226],[3.3331392,51.4328331],[3.3331158,51.4328604],[3.3331302,51.4328817],[3.3331216,51.4329503],[3.3330967,51.4329794],[3.3330495,51.4329505],[3.3329522,51.4328989],[3.3329139,51.4328609],[3.3329519,51.432849]]},"properties":{"rawObjectClass":"DEPCNT","VALDCO":7.5,"depthDatum":"Approximate LAT","depthDatumCode":42,"depthDatumStatus":"VERIFIED_FROM_OFFICIAL_DOCUMENTATION","verticalDatum":"Local Datum","verticalDatumCode":24,"napIdentityStatus":"UNVERIFIED","sourceKind":"official","sourceCellId":"1R75883I","sourceStableId":"1F2B6A4B9FC6754D","sourceChecksum":"7c265c9fd48cb0677b21c9e60c88de7230e0e5b27a4f98bc2d44d93527f2082a","pipelineFeatureId":"1R75883I/DEPCNT/1281233281","provenance":{"cellId":"1R75883I","checksum":"7c265c9fd48cb0677b21c9e60c88de7230e0e5b27a4f98bc2d44d93527f2082a","readerVersion":"GDAL 3.2.2","processedAt":"2026-08-11T13:43:44.753Z"},"sourceProperties":{"RCID":1281233281,"PRIM":2,"GRUP":2,"OBJL":43,"RVER":1,"AGEN":7979,"FIDN":1783340998,"FIDS":30029,"LNAM":"1F2B6A4B9FC6754D","VALDCO":7.5,"SCAMIN":15000,"sourceCellId":"1R75883I","sourceChecksum":"7c265c9fd48cb0677b21c9e60c88de7230e0e5b27a4f98bc2d44d93527f2082a","rawObjectClass":"DEPCNT","sourceStableId":"1F2B6A4B9FC6754D"}}},{"type":"Feature","geometry":{"type":"LineString","coordinates":[[3.330789,51.4321491],[3.3307798,51.4321534],[3.3306455,51.4322049],[3.3305996,51.4321481],[3.3306448,51.4321074],[3.3307715,51.4320577],[3.3307882,51.4320424],[3.3308253,51.4320344],[3.3307979,51.4320577],[3.3308041,51.4320675],[3.3307932,51.4321476],[3.330789,51.4321491]]},"properties":{"rawObjectClass":"DEPCNT","VALDCO":7.5,"depthDatum":"Approximate LAT","depthDatumCode":42,"depthDatumStatus":"VERIFIED_FROM_OFFICIAL_DOCUMENTATION","verticalDatum":"Local Datum","verticalDatumCode":24,"napIdentityStatus":"UNVERIFIED","sourceKind":"official","sourceCellId":"1R75883I","sourceStableId":"1F2B6A4B9FC6754E","sourceChecksum":"7c265c9fd48cb0677b21c9e60c88de7230e0e5b27a4f98bc2d44d93527f2082a","pipelineFeatureId":"1R75883I/DEPCNT/1281233282","provenance":{"cellId":"1R75883I","checksum":"7c265c9fd48cb0677b21c9e60c88de7230e0e5b27a4f98bc2d44d93527f2082a","readerVersion":"GDAL 3.2.2","processedAt":"2026-08-11T13:43:44.753Z"},"sourceProperties":{"RCID":1281233282,"PRIM":2,"GRUP":2,"OBJL":43,"RVER":1,"AGEN":7979,"FIDN":1783340998,"FIDS":30030,"LNAM":"1F2B6A4B9FC6754E","VALDCO":7.5,"SCAMIN":15000,"sourceCellId":"1R75883I","sourceChecksum":"7c265c9fd48cb0677b21c9e60c88de7230e0e5b27a4f98bc2d44d93527f2082a","rawObjectClass":"DEPCNT","sourceStableId":"1F2B6A4B9FC6754E"}}},{"type":"Feature","geometry":{"type":"LineString","coordinates":[[3.3226119,51.4294728],[3.322571,51.4295343],[3.3225411,51.4295629],[3.3225714,51.4295942],[3.3225962,51.4295784],[3.3227153,51.4296053],[3.3228018,51.4295622],[3.322828,51.4294912],[3.3228324,51.4294722],[3.322714,51.4294172],[3.3226119,51.4294728]]},"properties":{"rawObjectClass":"DEPCNT","VALDCO":7.5,"depthDatum":"Approximate LAT","depthDatumCode":42,"depthDatumStatus":"VERIFIED_FROM_OFFICIAL_DOCUMENTATION","verticalDatum":"Local Datum","verticalDatumCode":24,"napIdentityStatus":"UNVERIFIED","sourceKind":"official","sourceCellId":"1R75883I","sourceStableId":"1F2B6A4B9FC6754F","sourceChecksum":"7c265c9fd48cb0677b21c9e60c88de7230e0e5b27a4f98bc2d44d93527f2082a","pipelineFeatureId":"1R75883I/DEPCNT/1281233283","provenance":{"cellId":"1R75883I","checksum":"7c265c9fd48cb0677b21c9e60c88de7230e0e5b27a4f98bc2d44d93527f2082a","readerVersion":"GDAL 3.2.2","processedAt":"2026-08-11T13:43:44.753Z"},"sourceProperties":{"RCID":1281233283,"PRIM":2,"GRUP":2,"OBJL":43,"RVER":1,"AGEN":7979,"FIDN":1783340998,"FIDS":30031,"LNAM":"1F2B6A4B9FC6754F","VALDCO":7.5,"SCAMIN":15000,"sourceCellId":"1R75883I","sourceChecksum":"7c265c9fd48cb0677b21c9e60c88de7230e0e5b27a4f98bc2d44d93527f2082a","rawObjectClass":"DEPCNT","sourceStableId":"1F2B6A4B9FC6754F"}}},{"type":"Feature","geometry":{"type":"LineString","coordinates":[[3.32386,51.4287425],[3.3238898,51.42875],[3.3240043,51.4288199],[3.3240758,51.4288394],[3.3240051,51.4289262],[3.3239493,51.4288397],[3.3238602,51.428783],[3.3237719,51.4287503],[3.3238422,51.428739],[3.32386,51.4287425]]},"properties":{"rawObjectClass":"DEPCNT","VALDCO":7.5,"depthDatum":"Approximate LAT","depthDatumCode":42,"depthDatumStatus":"VERIFIED_FROM_OFFICIAL_DOCUMENTATION","verticalDatum":"Local Datum","verticalDatumCode":24,"napIdentityStatus":"UNVERIFIED","sourceKind":"official","sourceCellId":"1R75883I","sourceStableId":"1F2B6A4B9FC67550","sourceChecksum":"7c265c9fd48cb0677b21c9e60c88de7230e0e5b27a4f98bc2d44d93527f2082a","pipelineFeatureId":"1R75883I/DEPCNT/1281233285","provenance":{"cellId":"1R75883I","checksum":"7c265c9fd48cb0677b21c9e60c88de7230e0e5b27a4f98bc2d44d93527f2082a","readerVersion":"GDAL 3.2.2","processedAt":"2026-08-11T13:43:44.753Z"},"sourceProperties":{"RCID":1281233285,"PRIM":2,"GRUP":2,"OBJL":43,"RVER":1,"AGEN":7979,"FIDN":1783340998,"FIDS":30032,"LNAM":"1F2B6A4B9FC67550","VALDCO":7.5,"SCAMIN":15000,"sourceCellId":"1R75883I","sourceChecksum":"7c265c9fd48cb0677b21c9e60c88de7230e0e5b27a4f98bc2d44d93527f2082a","rawObjectClass":"DEPCNT","sourceStableId":"1F2B6A4B9FC67550"}}},{"type":"Feature","geometry":{"type":"LineString","coordinates":[[3.3199713,51.4280361],[3.3200083,51.4280181],[3.3201151,51.4280381],[3.3201175,51.428041],[3.3201152,51.4280423],[3.319991,51.4281312],[3.3199821,51.4281375],[3.3200573,51.428221],[3.3199736,51.4283109],[3.3199742,51.4283111],[3.3199751,51.4283123],[3.3199736,51.4283626],[3.3199714,51.4283111],[3.3198293,51.4282954],[3.319703,51.4282219],[3.3198283,51.4281612],[3.3199528,51.4281313],[3.3199341,51.4281078],[3.3199338,51.4280415],[3.3199496,51.4280279],[3.3199713,51.4280361]]},"properties":{"rawObjectClass":"DEPCNT","VALDCO":7.5,"depthDatum":"Approximate LAT","depthDatumCode":42,"depthDatumStatus":"VERIFIED_FROM_OFFICIAL_DOCUMENTATION","verticalDatum":"Local Datum","verticalDatumCode":24,"napIdentityStatus":"UNVERIFIED","sourceKind":"official","sourceCellId":"1R75883I","sourceStableId":"1F2B6A4B9FC67551","sourceChecksum":"7c265c9fd48cb0677b21c9e60c88de7230e0e5b27a4f98bc2d44d93527f2082a","pipelineFeatureId":"1R75883I/DEPCNT/1281233286","provenance":{"cellId":"1R75883I","checksum":"7c265c9fd48cb0677b21c9e60c88de7230e0e5b27a4f98bc2d44d93527f2082a","readerVersion":"GDAL 3.2.2","processedAt":"2026-08-11T13:43:44.753Z"},"sourceProperties":{"RCID":1281233286,"PRIM":2,"GRUP":2,"OBJL":43,"RVER":1,"AGEN":7979,"FIDN":1783340998,"FIDS":30033,"LNAM":"1F2B6A4B9FC67551","VALDCO":7.5,"SCAMIN":15000,"sourceCellId":"1R75883I","sourceChecksum":"7c265c9fd48cb0677b21c9e60c88de7230e0e5b27a4f98bc2d44d93527f2082a","rawObjectClass":"DEPCNT","sourceStableId":"1F2B6A4B9FC67551"}}},{"type":"Feature","geometry":{"type":"LineString","coordinates":[[3.3318239,51.4326842],[3.3318001,51.4327277],[3.3317562,51.4326844],[3.3316554,51.4326091],[3.3316436,51.4325948],[3.33162,51.4325729],[3.331655,51.4325509],[3.3317082,51.4325946],[3.3317995,51.432633],[3.3319229,51.4326066],[3.3318239,51.4326842]]},"properties":{"rawObjectClass":"DEPCNT","VALDCO":7.5,"depthDatum":"Approximate LAT","depthDatumCode":42,"depthDatumStatus":"VERIFIED_FROM_OFFICIAL_DOCUMENTATION","verticalDatum":"Local Datum","verticalDatumCode":24,"napIdentityStatus":"UNVERIFIED","sourceKind":"official","sourceCellId":"1R75883I","sourceStableId":"1F2B6A4B9FC67552","sourceChecksum":"7c265c9fd48cb0677b21c9e60c88de7230e0e5b27a4f98bc2d44d93527f2082a","pipelineFeatureId":"1R75883I/DEPCNT/1281233287","provenance":{"cellId":"1R75883I","checksum":"7c265c9fd48cb0677b21c9e60c88de7230e0e5b27a4f98bc2d44d93527f2082a","readerVersion":"GDAL 3.2.2","processedAt":"2026-08-11T13:43:44.753Z"},"sourceProperties":{"RCID":1281233287,"PRIM":2,"GRUP":2,"OBJL":43,"RVER":1,"AGEN":7979,"FIDN":1783340998,"FIDS":30034,"LNAM":"1F2B6A4B9FC67552","VALDCO":7.5,"SCAMIN":15000,"sourceCellId":"1R75883I","sourceChecksum":"7c265c9fd48cb0677b21c9e60c88de7230e0e5b27a4f98bc2d44d93527f2082a","rawObjectClass":"DEPCNT","sourceStableId":"1F2B6A4B9FC67552"}}},{"type":"Feature","geometry":{"type":"LineString","coordinates":[[3.3202193,51.4295693],[3.32027,51.429613],[3.320405,51.4296587],[3.3204142,51.4296616],[3.3204199,51.4296622],[3.3205581,51.4296699],[3.3205829,51.4296582],[3.3205774,51.4295808],[3.320565,51.4295684],[3.3205703,51.4295602],[3.320557,51.4295121],[3.3205174,51.4294786],[3.3205221,51.429457],[3.3204538,51.4293888],[3.3204488,51.429322],[3.3204354,51.429299],[3.3205549,51.429218],[3.3205789,51.4292086],[3.3206629,51.4291406],[3.3205546,51.4291745],[3.3204761,51.4291681],[3.3204108,51.4291757],[3.320358,51.4292093],[3.3202947,51.4292825],[3.32029,51.4292994],[3.3202679,51.429307],[3.3202543,51.4292995],[3.3201237,51.4292642],[3.3200696,51.4293],[3.3201242,51.42933],[3.3202165,51.4293895],[3.3202079,51.4294414],[3.320218,51.4294794],[3.3202116,51.4295332],[3.3202193,51.4295693]]},"properties":{"rawObjectClass":"DEPCNT","VALDCO":7.5,"depthDatum":"Approximate LAT","depthDatumCode":42,"depthDatumStatus":"VERIFIED_FROM_OFFICIAL_DOCUMENTATION","verticalDatum":"Local Datum","verticalDatumCode":24,"napIdentityStatus":"UNVERIFIED","sourceKind":"official","sourceCellId":"1R75883I","sourceStableId":"1F2B6A4B9FC67553","sourceChecksum":"7c265c9fd48cb0677b21c9e60c88de7230e0e5b27a4f98bc2d44d93527f2082a","pipelineFeatureId":"1R75883I/DEPCNT/1281233288","provenance":{"cellId":"1R75883I","checksum":"7c265c9fd48cb0677b21c9e60c88de7230e0e5b27a4f98bc2d44d93527f2082a","readerVersion":"GDAL 3.2.2","processedAt":"2026-08-11T13:43:44.753Z"},"sourceProperties":{"RCID":1281233288,"PRIM":2,"GRUP":2,"OBJL":43,"RVER":1,"AGEN":7979,"FIDN":1783340998,"FIDS":30035,"LNAM":"1F2B6A4B9FC67553","VALDCO":7.5,"SCAMIN":15000,"sourceCellId":"1R75883I","sourceChecksum":"7c265c9fd48cb0677b21c9e60c88de7230e0e5b27a4f98bc2d44d93527f2082a","rawObjectClass":"DEPCNT","sourceStableId":"1F2B6A4B9FC67553"}}},{"type":"Feature","geometry":{"type":"LineString","coordinates":[[3.3225112,51.4299227],[3.3225055,51.4298802],[3.3225021,51.4298328],[3.3225727,51.4297781],[3.3226515,51.4297425],[3.3225721,51.4296963],[3.3225471,51.4297428],[3.3224291,51.4298103],[3.3223819,51.4298037],[3.3222852,51.4298054],[3.3222177,51.4298336],[3.3222062,51.4298833],[3.3222011,51.4299236],[3.3222864,51.4299841],[3.3224243,51.4300129],[3.3224305,51.4300151],[3.3224415,51.4300197],[3.3224444,51.4300128],[3.3224341,51.4300106],[3.3225112,51.4299227]]},"properties":{"rawObjectClass":"DEPCNT","VALDCO":7.5,"depthDatum":"Approximate LAT","depthDatumCode":42,"depthDatumStatus":"VERIFIED_FROM_OFFICIAL_DOCUMENTATION","verticalDatum":"Local Datum","verticalDatumCode":24,"napIdentityStatus":"UNVERIFIED","sourceKind":"official","sourceCellId":"1R75883I","sourceStableId":"1F2B6A4B9FC67554","sourceChecksum":"7c265c9fd48cb0677b21c9e60c88de7230e0e5b27a4f98bc2d44d93527f2082a","pipelineFeatureId":"1R75883I/DEPCNT/1281233289","provenance":{"cellId":"1R75883I","checksum":"7c265c9fd48cb0677b21c9e60c88de7230e0e5b27a4f98bc2d44d93527f2082a","readerVersion":"GDAL 3.2.2","processedAt":"2026-08-11T13:43:44.753Z"},"sourceProperties":{"RCID":1281233289,"PRIM":2,"GRUP":2,"OBJL":43,"RVER":1,"AGEN":7979,"FIDN":1783340998,"FIDS":30036,"LNAM":"1F2B6A4B9FC67554","VALDCO":7.5,"SCAMIN":15000,"sourceCellId":"1R75883I","sourceChecksum":"7c265c9fd48cb0677b21c9e60c88de7230e0e5b27a4f98bc2d44d93527f2082a","rawObjectClass":"DEPCNT","sourceStableId":"1F2B6A4B9FC67554"}}},{"type":"Feature","geometry":{"type":"LineString","coordinates":[[3.3316604,51.4332972],[3.3317297,51.4332705],[3.3318042,51.4332891],[3.3318926,51.4332788],[3.3318411,51.4332237],[3.3318036,51.4332032],[3.3317281,51.4331769],[3.3316593,51.4331508],[3.3315387,51.4332103],[3.3316056,51.4331344],[3.3315151,51.4330958],[3.3314186,51.4331053],[3.3313714,51.4331148],[3.3312837,51.4331353],[3.3313387,51.4332042],[3.3313402,51.4332251],[3.3313722,51.4332298],[3.3314059,51.4332459],[3.3315162,51.4332439],[3.3315384,51.4332384],[3.3316604,51.4332972]]},"properties":{"rawObjectClass":"DEPCNT","VALDCO":7.5,"depthDatum":"Approximate LAT","depthDatumCode":42,"depthDatumStatus":"VERIFIED_FROM_OFFICIAL_DOCUMENTATION","verticalDatum":"Local Datum","verticalDatumCode":24,"napIdentityStatus":"UNVERIFIED","sourceKind":"official","sourceCellId":"1R75883I","sourceStableId":"1F2B6A4B9FC67555","sourceChecksum":"7c265c9fd48cb0677b21c9e60c88de7230e0e5b27a4f98bc2d44d93527f2082a","pipelineFeatureId":"1R75883I/DEPCNT/1281233290","provenance":{"cellId":"1R75883I","checksum":"7c265c9fd48cb0677b21c9e60c88de7230e0e5b27a4f98bc2d44d93527f2082a","readerVersion":"GDAL 3.2.2","processedAt":"2026-08-11T13:43:44.753Z"},"sourceProperties":{"RCID":1281233290,"PRIM":2,"GRUP":2,"OBJL":43,"RVER":1,"AGEN":7979,"FIDN":1783340998,"FIDS":30037,"LNAM":"1F2B6A4B9FC67555","VALDCO":7.5,"SCAMIN":15000,"sourceCellId":"1R75883I","sourceChecksum":"7c265c9fd48cb0677b21c9e60c88de7230e0e5b27a4f98bc2d44d93527f2082a","rawObjectClass":"DEPCNT","sourceStableId":"1F2B6A4B9FC67555"}}},{"type":"Feature","geometry":{"type":"LineString","coordinates":[[3.3220424,51.4294744],[3.3219954,51.4295159],[3.3219643,51.4295645],[3.321996,51.4295992],[3.3220932,51.4296541],[3.3221404,51.4296705],[3.3221645,51.4296539],[3.3222836,51.4295808],[3.3223288,51.4295635],[3.3222832,51.4295314],[3.3222141,51.4294739],[3.3221386,51.4294188],[3.3220424,51.4294744]]},"properties":{"rawObjectClass":"DEPCNT","VALDCO":7.5,"depthDatum":"Approximate LAT","depthDatumCode":42,"depthDatumStatus":"VERIFIED_FROM_OFFICIAL_DOCUMENTATION","verticalDatum":"Local Datum","verticalDatumCode":24,"napIdentityStatus":"UNVERIFIED","sourceKind":"official","sourceCellId":"1R75883I","sourceStableId":"1F2B6A4B9FC67556","sourceChecksum":"7c265c9fd48cb0677b21c9e60c88de7230e0e5b27a4f98bc2d44d93527f2082a","pipelineFeatureId":"1R75883I/DEPCNT/1281233291","provenance":{"cellId":"1R75883I","checksum":"7c265c9fd48cb0677b21c9e60c88de7230e0e5b27a4f98bc2d44d93527f2082a","readerVersion":"GDAL 3.2.2","processedAt":"2026-08-11T13:43:44.753Z"},"sourceProperties":{"RCID":1281233291,"PRIM":2,"GRUP":2,"OBJL":43,"RVER":1,"AGEN":7979,"FIDN":1783340998,"FIDS":30038,"LNAM":"1F2B6A4B9FC67556","VALDCO":7.5,"SCAMIN":15000,"sourceCellId":"1R75883I","sourceChecksum":"7c265c9fd48cb0677b21c9e60c88de7230e0e5b27a4f98bc2d44d93527f2082a","rawObjectClass":"DEPCNT","sourceStableId":"1F2B6A4B9FC67556"}}},{"type":"Feature","geometry":{"type":"LineString","coordinates":[[3.3217071,51.4294176],[3.3216229,51.4294755],[3.321564,51.4295312],[3.3215327,51.4295657],[3.3215645,51.4295947],[3.3215995,51.4295655],[3.3217077,51.4295137],[3.3217639,51.4294752],[3.3217071,51.4294176]]},"properties":{"rawObjectClass":"DEPCNT","VALDCO":7.5,"depthDatum":"Approximate LAT","depthDatumCode":42,"depthDatumStatus":"VERIFIED_FROM_OFFICIAL_DOCUMENTATION","verticalDatum":"Local Datum","verticalDatumCode":24,"napIdentityStatus":"UNVERIFIED","sourceKind":"official","sourceCellId":"1R75883I","sourceStableId":"1F2B6A4B9FC67557","sourceChecksum":"7c265c9fd48cb0677b21c9e60c88de7230e0e5b27a4f98bc2d44d93527f2082a","pipelineFeatureId":"1R75883I/DEPCNT/1281233292","provenance":{"cellId":"1R75883I","checksum":"7c265c9fd48cb0677b21c9e60c88de7230e0e5b27a4f98bc2d44d93527f2082a","readerVersion":"GDAL 3.2.2","processedAt":"2026-08-11T13:43:44.753Z"},"sourceProperties":{"RCID":1281233292,"PRIM":2,"GRUP":2,"OBJL":43,"RVER":1,"AGEN":7979,"FIDN":1783340998,"FIDS":30039,"LNAM":"1F2B6A4B9FC67557","VALDCO":7.5,"SCAMIN":15000,"sourceCellId":"1R75883I","sourceChecksum":"7c265c9fd48cb0677b21c9e60c88de7230e0e5b27a4f98bc2d44d93527f2082a","rawObjectClass":"DEPCNT","sourceStableId":"1F2B6A4B9FC67557"}}},{"type":"Feature","geometry":{"type":"LineString","coordinates":[[3.3212688,51.4284639],[3.3214132,51.4285389],[3.3214773,51.4285768],[3.3214138,51.4286246],[3.3212861,51.4286572],[3.3212702,51.4286583],[3.3212521,51.428656],[3.3211285,51.4286676],[3.3211264,51.4286679],[3.3211261,51.4286679],[3.3209827,51.4286804],[3.3209628,51.4286681],[3.3209825,51.4286584],[3.3210587,51.4285779],[3.3211255,51.4285294],[3.3212038,51.4284876],[3.3212688,51.4284639]]},"properties":{"rawObjectClass":"DEPCNT","VALDCO":7.5,"depthDatum":"Approximate LAT","depthDatumCode":42,"depthDatumStatus":"VERIFIED_FROM_OFFICIAL_DOCUMENTATION","verticalDatum":"Local Datum","verticalDatumCode":24,"napIdentityStatus":"UNVERIFIED","sourceKind":"official","sourceCellId":"1R75883I","sourceStableId":"1F2B6A4B9FC67558","sourceChecksum":"7c265c9fd48cb0677b21c9e60c88de7230e0e5b27a4f98bc2d44d93527f2082a","pipelineFeatureId":"1R75883I/DEPCNT/1281233293","provenance":{"cellId":"1R75883I","checksum":"7c265c9fd48cb0677b21c9e60c88de7230e0e5b27a4f98bc2d44d93527f2082a","readerVersion":"GDAL 3.2.2","processedAt":"2026-08-11T13:43:44.753Z"},"sourceProperties":{"RCID":1281233293,"PRIM":2,"GRUP":2,"OBJL":43,"RVER":1,"AGEN":7979,"FIDN":1783340998,"FIDS":30040,"LNAM":"1F2B6A4B9FC67558","VALDCO":7.5,"SCAMIN":15000,"sourceCellId":"1R75883I","sourceChecksum":"7c265c9fd48cb0677b21c9e60c88de7230e0e5b27a4f98bc2d44d93527f2082a","rawObjectClass":"DEPCNT","sourceStableId":"1F2B6A4B9FC67558"}}},{"type":"Feature","geometry":{"type":"LineString","coordinates":[[3.319109,51.4278639],[3.3191113,51.4278665],[3.319144,51.4279537],[3.3192521,51.4280428],[3.3192532,51.4280433],[3.3192576,51.4280467],[3.3192521,51.4280444],[3.3192516,51.4280433],[3.3191078,51.4279691],[3.3190594,51.4279539],[3.3189627,51.4278643],[3.3189632,51.4278638],[3.318964,51.4278638],[3.319107,51.42786],[3.319109,51.4278639]]},"properties":{"rawObjectClass":"DEPCNT","VALDCO":7.5,"depthDatum":"Approximate LAT","depthDatumCode":42,"depthDatumStatus":"VERIFIED_FROM_OFFICIAL_DOCUMENTATION","verticalDatum":"Local Datum","verticalDatumCode":24,"napIdentityStatus":"UNVERIFIED","sourceKind":"official","sourceCellId":"1R75883I","sourceStableId":"1F2B6A4B9FC67559","sourceChecksum":"7c265c9fd48cb0677b21c9e60c88de7230e0e5b27a4f98bc2d44d93527f2082a","pipelineFeatureId":"1R75883I/DEPCNT/1281233294","provenance":{"cellId":"1R75883I","checksum":"7c265c9fd48cb0677b21c9e60c88de7230e0e5b27a4f98bc2d44d93527f2082a","readerVersion":"GDAL 3.2.2","processedAt":"2026-08-11T13:43:44.753Z"},"sourceProperties":{"RCID":1281233294,"PRIM":2,"GRUP":2,"OBJL":43,"RVER":1,"AGEN":7979,"FIDN":1783340998,"FIDS":30041,"LNAM":"1F2B6A4B9FC67559","VALDCO":7.5,"SCAMIN":15000,"sourceCellId":"1R75883I","sourceChecksum":"7c265c9fd48cb0677b21c9e60c88de7230e0e5b27a4f98bc2d44d93527f2082a","rawObjectClass":"DEPCNT","sourceStableId":"1F2B6A4B9FC67559"}}},{"type":"Feature","geometry":{"type":"LineString","coordinates":[[3.3305612,51.4325079],[3.330605,51.4325707],[3.3306227,51.4325977],[3.33062,51.4326155],[3.3305996,51.4326876],[3.3305058,51.4327742],[3.3303671,51.4326883],[3.3303612,51.4326747],[3.3303052,51.4325986],[3.3302959,51.4325489],[3.3303175,51.4325086],[3.3303598,51.4324819],[3.3304401,51.432458],[3.3305034,51.4324447],[3.3305612,51.4325079]]},"properties":{"rawObjectClass":"DEPCNT","VALDCO":7.5,"depthDatum":"Approximate LAT","depthDatumCode":42,"depthDatumStatus":"VERIFIED_FROM_OFFICIAL_DOCUMENTATION","verticalDatum":"Local Datum","verticalDatumCode":24,"napIdentityStatus":"UNVERIFIED","sourceKind":"official","sourceCellId":"1R75883I","sourceStableId":"1F2B6A4B9FC6755A","sourceChecksum":"7c265c9fd48cb0677b21c9e60c88de7230e0e5b27a4f98bc2d44d93527f2082a","pipelineFeatureId":"1R75883I/DEPCNT/1281233295","provenance":{"cellId":"1R75883I","checksum":"7c265c9fd48cb0677b21c9e60c88de7230e0e5b27a4f98bc2d44d93527f2082a","readerVersion":"GDAL 3.2.2","processedAt":"2026-08-11T13:43:44.753Z"},"sourceProperties":{"RCID":1281233295,"PRIM":2,"GRUP":2,"OBJL":43,"RVER":1,"AGEN":7979,"FIDN":1783340998,"FIDS":30042,"LNAM":"1F2B6A4B9FC6755A","VALDCO":7.5,"SCAMIN":15000,"sourceCellId":"1R75883I","sourceChecksum":"7c265c9fd48cb0677b21c9e60c88de7230e0e5b27a4f98bc2d44d93527f2082a","rawObjectClass":"DEPCNT","sourceStableId":"1F2B6A4B9FC6755A"}}},{"type":"Feature","geometry":{"type":"LineString","coordinates":[[3.3149558,51.4266162],[3.3149623,51.4266381],[3.3149524,51.4267062],[3.314928,51.4267397],[3.314888,51.4267063],[3.3148872,51.4266811],[3.3148728,51.4266165],[3.3147829,51.4265538],[3.3147433,51.4265269],[3.3147825,51.4264992],[3.3148335,51.4265267],[3.3149269,51.4265771],[3.3149878,51.4265781],[3.3149558,51.4266162]]},"properties":{"rawObjectClass":"DEPCNT","VALDCO":7.5,"depthDatum":"Approximate LAT","depthDatumCode":42,"depthDatumStatus":"VERIFIED_FROM_OFFICIAL_DOCUMENTATION","verticalDatum":"Local Datum","verticalDatumCode":24,"napIdentityStatus":"UNVERIFIED","sourceKind":"official","sourceCellId":"1R75883I","sourceStableId":"1F2B6A4B9FC6755B","sourceChecksum":"7c265c9fd48cb0677b21c9e60c88de7230e0e5b27a4f98bc2d44d93527f2082a","pipelineFeatureId":"1R75883I/DEPCNT/1281233296","provenance":{"cellId":"1R75883I","checksum":"7c265c9fd48cb0677b21c9e60c88de7230e0e5b27a4f98bc2d44d93527f2082a","readerVersion":"GDAL 3.2.2","processedAt":"2026-08-11T13:43:44.753Z"},"sourceProperties":{"RCID":1281233296,"PRIM":2,"GRUP":2,"OBJL":43,"RVER":1,"AGEN":7979,"FIDN":1783340998,"FIDS":30043,"LNAM":"1F2B6A4B9FC6755B","VALDCO":7.5,"SCAMIN":15000,"sourceCellId":"1R75883I","sourceChecksum":"7c265c9fd48cb0677b21c9e60c88de7230e0e5b27a4f98bc2d44d93527f2082a","rawObjectClass":"DEPCNT","sourceStableId":"1F2B6A4B9FC6755B"}}},{"type":"Feature","geometry":{"type":"LineString","coordinates":[[3.3191092,51.4281661],[3.3192179,51.4282233],[3.3192106,51.4282502],[3.3192317,51.4283131],[3.3191498,51.4283788],[3.3191873,51.4284032],[3.319111,51.4284361],[3.3189751,51.428489],[3.3190793,51.4284035],[3.3190335,51.4283555],[3.3189744,51.4283138],[3.3189882,51.4282379],[3.3189835,51.4282239],[3.3191092,51.4281661]]},"properties":{"rawObjectClass":"DEPCNT","VALDCO":7.5,"depthDatum":"Approximate LAT","depthDatumCode":42,"depthDatumStatus":"VERIFIED_FROM_OFFICIAL_DOCUMENTATION","verticalDatum":"Local Datum","verticalDatumCode":24,"napIdentityStatus":"UNVERIFIED","sourceKind":"official","sourceCellId":"1R75883I","sourceStableId":"1F2B6A4B9FC6755C","sourceChecksum":"7c265c9fd48cb0677b21c9e60c88de7230e0e5b27a4f98bc2d44d93527f2082a","pipelineFeatureId":"1R75883I/DEPCNT/1281233297","provenance":{"cellId":"1R75883I","checksum":"7c265c9fd48cb0677b21c9e60c88de7230e0e5b27a4f98bc2d44d93527f2082a","readerVersion":"GDAL 3.2.2","processedAt":"2026-08-11T13:43:44.753Z"},"sourceProperties":{"RCID":1281233297,"PRIM":2,"GRUP":2,"OBJL":43,"RVER":1,"AGEN":7979,"FIDN":1783340998,"FIDS":30044,"LNAM":"1F2B6A4B9FC6755C","VALDCO":7.5,"SCAMIN":15000,"sourceCellId":"1R75883I","sourceChecksum":"7c265c9fd48cb0677b21c9e60c88de7230e0e5b27a4f98bc2d44d93527f2082a","rawObjectClass":"DEPCNT","sourceStableId":"1F2B6A4B9FC6755C"}}},{"type":"Feature","geometry":{"type":"LineString","coordinates":[[3.3317425,51.4322348],[3.3317114,51.4321819],[3.3317173,51.432145],[3.3317956,51.4321074],[3.3318609,51.4321446],[3.3319261,51.4322254],[3.3319282,51.4322343],[3.331797,51.4322987],[3.3317425,51.4322348]]},"properties":{"rawObjectClass":"DEPCNT","VALDCO":7.5,"depthDatum":"Approximate LAT","depthDatumCode":42,"depthDatumStatus":"VERIFIED_FROM_OFFICIAL_DOCUMENTATION","verticalDatum":"Local Datum","verticalDatumCode":24,"napIdentityStatus":"UNVERIFIED","sourceKind":"official","sourceCellId":"1R75883I","sourceStableId":"1F2B6A4B9FC6755D","sourceChecksum":"7c265c9fd48cb0677b21c9e60c88de7230e0e5b27a4f98bc2d44d93527f2082a","pipelineFeatureId":"1R75883I/DEPCNT/1281233298","provenance":{"cellId":"1R75883I","checksum":"7c265c9fd48cb0677b21c9e60c88de7230e0e5b27a4f98bc2d44d93527f2082a","readerVersion":"GDAL 3.2.2","processedAt":"2026-08-11T13:43:44.753Z"},"sourceProperties":{"RCID":1281233298,"PRIM":2,"GRUP":2,"OBJL":43,"RVER":1,"AGEN":7979,"FIDN":1783340998,"FIDS":30045,"LNAM":"1F2B6A4B9FC6755D","VALDCO":7.5,"SCAMIN":15000,"sourceCellId":"1R75883I","sourceChecksum":"7c265c9fd48cb0677b21c9e60c88de7230e0e5b27a4f98bc2d44d93527f2082a","rawObjectClass":"DEPCNT","sourceStableId":"1F2B6A4B9FC6755D"}}},{"type":"Feature","geometry":{"type":"LineString","coordinates":[[3.3285053,51.4323339],[3.3285971,51.4324011],[3.3286096,51.4324235],[3.3284896,51.4324593],[3.3283598,51.4325141],[3.3283464,51.4325546],[3.3283293,51.4325932],[3.3282025,51.4325486],[3.3281055,51.4325755],[3.3280589,51.4325866],[3.3279837,51.4325582],[3.3279442,51.4326052],[3.3280592,51.4326258],[3.3281696,51.4326734],[3.3282035,51.432687],[3.3282776,51.4326476],[3.3283471,51.4326538],[3.3283644,51.432615],[3.328491,51.4326596],[3.3286037,51.4326033],[3.3286341,51.4325587],[3.3287079,51.4325131],[3.3287772,51.4324479],[3.3288576,51.4324228],[3.3287816,51.4324201],[3.328777,51.4324206],[3.3286831,51.4323334],[3.3287759,51.4322703],[3.3288242,51.432243],[3.3287753,51.4321923],[3.328683,51.4322113],[3.3286316,51.432208],[3.3286015,51.4322248],[3.3286146,51.4322436],[3.3285286,51.4323087],[3.3285053,51.4323339]]},"properties":{"rawObjectClass":"DEPCNT","VALDCO":7.5,"depthDatum":"Approximate LAT","depthDatumCode":42,"depthDatumStatus":"VERIFIED_FROM_OFFICIAL_DOCUMENTATION","verticalDatum":"Local Datum","verticalDatumCode":24,"napIdentityStatus":"UNVERIFIED","sourceKind":"official","sourceCellId":"1R75883I","sourceStableId":"1F2B6A4B9FC6755E","sourceChecksum":"7c265c9fd48cb0677b21c9e60c88de7230e0e5b27a4f98bc2d44d93527f2082a","pipelineFeatureId":"1R75883I/DEPCNT/1281233299","provenance":{"cellId":"1R75883I","checksum":"7c265c9fd48cb0677b21c9e60c88de7230e0e5b27a4f98bc2d44d93527f2082a","readerVersion":"GDAL 3.2.2","processedAt":"2026-08-11T13:43:44.753Z"},"sourceProperties":{"RCID":1281233299,"PRIM":2,"GRUP":2,"OBJL":43,"RVER":1,"AGEN":7979,"FIDN":1783340998,"FIDS":30046,"LNAM":"1F2B6A4B9FC6755E","VALDCO":7.5,"SCAMIN":15000,"sourceCellId":"1R75883I","sourceChecksum":"7c265c9fd48cb0677b21c9e60c88de7230e0e5b27a4f98bc2d44d93527f2082a","rawObjectClass":"DEPCNT","sourceStableId":"1F2B6A4B9FC6755E"}}},{"type":"Feature","geometry":{"type":"LineString","coordinates":[[3.3213526,51.4299259],[3.3214225,51.429867],[3.3214596,51.4298357],[3.3214221,51.4298028],[3.3213405,51.429836],[3.3212786,51.4298611],[3.3211992,51.4298862],[3.3211352,51.4299151],[3.321119,51.4299265],[3.3211353,51.4299379],[3.3212523,51.4300161],[3.3211365,51.4301054],[3.3211314,51.4301063],[3.3211337,51.4301081],[3.3211365,51.4301069],[3.3211377,51.4301063],[3.3212798,51.4300304],[3.3213071,51.4300159],[3.3213292,51.4299848],[3.3213526,51.4299259]]},"properties":{"rawObjectClass":"DEPCNT","VALDCO":7.5,"depthDatum":"Approximate LAT","depthDatumCode":42,"depthDatumStatus":"VERIFIED_FROM_OFFICIAL_DOCUMENTATION","verticalDatum":"Local Datum","verticalDatumCode":24,"napIdentityStatus":"UNVERIFIED","sourceKind":"official","sourceCellId":"1R75883I","sourceStableId":"1F2B6A4B9FC6755F","sourceChecksum":"7c265c9fd48cb0677b21c9e60c88de7230e0e5b27a4f98bc2d44d93527f2082a","pipelineFeatureId":"1R75883I/DEPCNT/1281233300","provenance":{"cellId":"1R75883I","checksum":"7c265c9fd48cb0677b21c9e60c88de7230e0e5b27a4f98bc2d44d93527f2082a","readerVersion":"GDAL 3.2.2","processedAt":"2026-08-11T13:43:44.753Z"},"sourceProperties":{"RCID":1281233300,"PRIM":2,"GRUP":2,"OBJL":43,"RVER":1,"AGEN":7979,"FIDN":1783340998,"FIDS":30047,"LNAM":"1F2B6A4B9FC6755F","VALDCO":7.5,"SCAMIN":15000,"sourceCellId":"1R75883I","sourceChecksum":"7c265c9fd48cb0677b21c9e60c88de7230e0e5b27a4f98bc2d44d93527f2082a","rawObjectClass":"DEPCNT","sourceStableId":"1F2B6A4B9FC6755F"}}},{"type":"Feature","geometry":{"type":"LineString","coordinates":[[3.3224338,51.4304829],[3.3225179,51.4305146],[3.3224894,51.4304623],[3.322577,51.430396],[3.3226102,51.430372],[3.3226609,51.4303191],[3.3225763,51.4302933],[3.3225181,51.4303723],[3.3224333,51.4304133],[3.3223536,51.4304226],[3.3222896,51.4304349],[3.322265,51.4304629],[3.3222899,51.4304779],[3.3223135,51.4304775],[3.3224338,51.4304829]]},"properties":{"rawObjectClass":"DEPCNT","VALDCO":7.5,"depthDatum":"Approximate LAT","depthDatumCode":42,"depthDatumStatus":"VERIFIED_FROM_OFFICIAL_DOCUMENTATION","verticalDatum":"Local Datum","verticalDatumCode":24,"napIdentityStatus":"UNVERIFIED","sourceKind":"official","sourceCellId":"1R75883I","sourceStableId":"1F2B6A4B9FC67560","sourceChecksum":"7c265c9fd48cb0677b21c9e60c88de7230e0e5b27a4f98bc2d44d93527f2082a","pipelineFeatureId":"1R75883I/DEPCNT/1281233301","provenance":{"cellId":"1R75883I","checksum":"7c265c9fd48cb0677b21c9e60c88de7230e0e5b27a4f98bc2d44d93527f2082a","readerVersion":"GDAL 3.2.2","processedAt":"2026-08-11T13:43:44.753Z"},"sourceProperties":{"RCID":1281233301,"PRIM":2,"GRUP":2,"OBJL":43,"RVER":1,"AGEN":7979,"FIDN":1783340998,"FIDS":30048,"LNAM":"1F2B6A4B9FC67560","VALDCO":7.5,"SCAMIN":15000,"sourceCellId":"1R75883I","sourceChecksum":"7c265c9fd48cb0677b21c9e60c88de7230e0e5b27a4f98bc2d44d93527f2082a","rawObjectClass":"DEPCNT","sourceStableId":"1F2B6A4B9FC67560"}}},{"type":"Feature","geometry":{"type":"LineString","coordinates":[[3.318309,51.429035],[3.318338,51.4290883],[3.3183732,51.4291247],[3.3183967,51.4291368],[3.3184308,51.4291246],[3.3184272,51.4291054],[3.3184503,51.4290346],[3.3185394,51.4289783],[3.3185956,51.4289443],[3.3185388,51.4288903],[3.3184528,51.4289447],[3.3183956,51.4289806],[3.318309,51.429035]]},"properties":{"rawObjectClass":"DEPCNT","VALDCO":7.5,"depthDatum":"Approximate LAT","depthDatumCode":42,"depthDatumStatus":"VERIFIED_FROM_OFFICIAL_DOCUMENTATION","verticalDatum":"Local Datum","verticalDatumCode":24,"napIdentityStatus":"UNVERIFIED","sourceKind":"official","sourceCellId":"1R75883I","sourceStableId":"1F2B6A4B9FC67561","sourceChecksum":"7c265c9fd48cb0677b21c9e60c88de7230e0e5b27a4f98bc2d44d93527f2082a","pipelineFeatureId":"1R75883I/DEPCNT/1281233302","provenance":{"cellId":"1R75883I","checksum":"7c265c9fd48cb0677b21c9e60c88de7230e0e5b27a4f98bc2d44d93527f2082a","readerVersion":"GDAL 3.2.2","processedAt":"2026-08-11T13:43:44.753Z"},"sourceProperties":{"RCID":1281233302,"PRIM":2,"GRUP":2,"OBJL":43,"RVER":1,"AGEN":7979,"FIDN":1783340998,"FIDS":30049,"LNAM":"1F2B6A4B9FC67561","VALDCO":7.5,"SCAMIN":15000,"sourceCellId":"1R75883I","sourceChecksum":"7c265c9fd48cb0677b21c9e60c88de7230e0e5b27a4f98bc2d44d93527f2082a","rawObjectClass":"DEPCNT","sourceStableId":"1F2B6A4B9FC67561"}}},{"type":"Feature","geometry":{"type":"LineString","coordinates":[[3.3195847,51.4280424],[3.3196049,51.4280829],[3.3196504,51.4281322],[3.3196249,51.4281695],[3.3196526,51.4282221],[3.3195415,51.4282802],[3.3194156,51.4282227],[3.3194138,51.4281435],[3.3194046,51.4281328],[3.3194237,51.4281158],[3.3194753,51.4280427],[3.3195395,51.4279964],[3.3195847,51.4280424]]},"properties":{"rawObjectClass":"DEPCNT","VALDCO":7.5,"depthDatum":"Approximate LAT","depthDatumCode":42,"depthDatumStatus":"VERIFIED_FROM_OFFICIAL_DOCUMENTATION","verticalDatum":"Local Datum","verticalDatumCode":24,"napIdentityStatus":"UNVERIFIED","sourceKind":"official","sourceCellId":"1R75883I","sourceStableId":"1F2B6A4B9FC67562","sourceChecksum":"7c265c9fd48cb0677b21c9e60c88de7230e0e5b27a4f98bc2d44d93527f2082a","pipelineFeatureId":"1R75883I/DEPCNT/1281233303","provenance":{"cellId":"1R75883I","checksum":"7c265c9fd48cb0677b21c9e60c88de7230e0e5b27a4f98bc2d44d93527f2082a","readerVersion":"GDAL 3.2.2","processedAt":"2026-08-11T13:43:44.753Z"},"sourceProperties":{"RCID":1281233303,"PRIM":2,"GRUP":2,"OBJL":43,"RVER":1,"AGEN":7979,"FIDN":1783340998,"FIDS":30050,"LNAM":"1F2B6A4B9FC67562","VALDCO":7.5,"SCAMIN":15000,"sourceCellId":"1R75883I","sourceChecksum":"7c265c9fd48cb0677b21c9e60c88de7230e0e5b27a4f98bc2d44d93527f2082a","rawObjectClass":"DEPCNT","sourceStableId":"1F2B6A4B9FC67562"}}},{"type":"Feature","geometry":{"type":"LineString","coordinates":[[3.3276233,51.4320218],[3.3275557,51.4320668],[3.3275014,51.4321436],[3.3275222,51.4321568],[3.3274806,51.432183],[3.3274388,51.4321832],[3.327337,51.432215],[3.3272518,51.4321575],[3.3272424,51.4320989],[3.3272194,51.4320677],[3.3272329,51.432042],[3.3271915,51.4319908],[3.3271777,51.4319779],[3.3271914,51.4319692],[3.3272779,51.4318877],[3.3273017,51.431818],[3.3272959,51.4317977],[3.3271899,51.4317649],[3.3270534,51.431794],[3.3270463,51.4317955],[3.3270158,51.4317795],[3.3270401,51.4317984],[3.3270407,51.431802],[3.3269793,51.4318885],[3.3269036,51.4319549],[3.3267658,51.4318891],[3.3267592,51.4318757],[3.3267248,51.4317993],[3.3266142,51.431723],[3.3265571,51.4317998],[3.3265389,51.4318474],[3.3265546,51.4318897],[3.3266157,51.4319275],[3.326751,51.4318943],[3.3267593,51.4318961],[3.3268482,51.4319788],[3.3268329,51.4320233],[3.3268107,51.4320688],[3.3268902,51.4321493],[3.3268904,51.4321585],[3.326905,51.4321618],[3.3269147,51.4321645],[3.3269253,51.4321584],[3.3270487,51.4321338],[3.3270997,51.432158],[3.3271932,51.4322245],[3.3272368,51.4322475],[3.3273376,51.4322996],[3.3274392,51.4323104],[3.3274815,51.4323103],[3.3275538,51.4323365],[3.3276257,51.4323513],[3.3276997,51.4323822],[3.3277696,51.4323592],[3.3278738,51.4324255],[3.3279141,51.4324494],[3.3280172,51.4324506],[3.3280578,51.4324326],[3.3280792,51.4324383],[3.3282019,51.432471],[3.3283275,51.4324243],[3.3283303,51.4323434],[3.3283382,51.4323343],[3.3283153,51.432316],[3.328211,51.4322448],[3.3282208,51.4322319],[3.3282001,51.4322096],[3.3281599,51.432155],[3.3280556,51.4321232],[3.3279846,51.4321112],[3.3279118,51.4321389],[3.3278901,51.4321557],[3.3277687,51.4322407],[3.3276669,51.4321564],[3.3276608,51.4321335],[3.3276882,51.4320664],[3.3276233,51.4320218]]},"properties":{"rawObjectClass":"DEPCNT","VALDCO":7.5,"depthDatum":"Approximate LAT","depthDatumCode":42,"depthDatumStatus":"VERIFIED_FROM_OFFICIAL_DOCUMENTATION","verticalDatum":"Local Datum","verticalDatumCode":24,"napIdentityStatus":"UNVERIFIED","sourceKind":"official","sourceCellId":"1R75883I","sourceStableId":"1F2B6A4B9FC67563","sourceChecksum":"7c265c9fd48cb0677b21c9e60c88de7230e0e5b27a4f98bc2d44d93527f2082a","pipelineFeatureId":"1R75883I/DEPCNT/1281233304","provenance":{"cellId":"1R75883I","checksum":"7c265c9fd48cb0677b21c9e60c88de7230e0e5b27a4f98bc2d44d93527f2082a","readerVersion":"GDAL 3.2.2","processedAt":"2026-08-11T13:43:44.753Z"},"sourceProperties":{"RCID":1281233304,"PRIM":2,"GRUP":2,"OBJL":43,"RVER":1,"AGEN":7979,"FIDN":1783340998,"FIDS":30051,"LNAM":"1F2B6A4B9FC67563","VALDCO":7.5,"SCAMIN":15000,"sourceCellId":"1R75883I","sourceChecksum":"7c265c9fd48cb0677b21c9e60c88de7230e0e5b27a4f98bc2d44d93527f2082a","rawObjectClass":"DEPCNT","sourceStableId":"1F2B6A4B9FC67563"}}},{"type":"Feature","geometry":{"type":"LineString","coordinates":[[3.3251657,51.431449],[3.3250302,51.4314982],[3.3249095,51.4314593],[3.3249925,51.4315344],[3.3249753,51.4315691],[3.3250168,51.4316242],[3.3250313,51.4316432],[3.3251325,51.4316239],[3.3251006,51.4315804],[3.3251517,51.4315339],[3.3251657,51.431449]]},"properties":{"rawObjectClass":"DEPCNT","VALDCO":7.5,"depthDatum":"Approximate LAT","depthDatumCode":42,"depthDatumStatus":"VERIFIED_FROM_OFFICIAL_DOCUMENTATION","verticalDatum":"Local Datum","verticalDatumCode":24,"napIdentityStatus":"UNVERIFIED","sourceKind":"official","sourceCellId":"1R75883I","sourceStableId":"1F2B6A4B9FC67564","sourceChecksum":"7c265c9fd48cb0677b21c9e60c88de7230e0e5b27a4f98bc2d44d93527f2082a","pipelineFeatureId":"1R75883I/DEPCNT/1281233305","provenance":{"cellId":"1R75883I","checksum":"7c265c9fd48cb0677b21c9e60c88de7230e0e5b27a4f98bc2d44d93527f2082a","readerVersion":"GDAL 3.2.2","processedAt":"2026-08-11T13:43:44.753Z"},"sourceProperties":{"RCID":1281233305,"PRIM":2,"GRUP":2,"OBJL":43,"RVER":1,"AGEN":7979,"FIDN":1783340998,"FIDS":30052,"LNAM":"1F2B6A4B9FC67564","VALDCO":7.5,"SCAMIN":15000,"sourceCellId":"1R75883I","sourceChecksum":"7c265c9fd48cb0677b21c9e60c88de7230e0e5b27a4f98bc2d44d93527f2082a","rawObjectClass":"DEPCNT","sourceStableId":"1F2B6A4B9FC67564"}}},{"type":"Feature","geometry":{"type":"LineString","coordinates":[[3.3239008,51.4311777],[3.3240213,51.4312132],[3.3241288,51.4311998],[3.324165,51.4311984],[3.3241958,51.4311769],[3.3241647,51.4311528],[3.3240384,51.4310987],[3.3240204,51.4310936],[3.3239008,51.4311777]]},"properties":{"rawObjectClass":"DEPCNT","VALDCO":7.5,"depthDatum":"Approximate LAT","depthDatumCode":42,"depthDatumStatus":"VERIFIED_FROM_OFFICIAL_DOCUMENTATION","verticalDatum":"Local Datum","verticalDatumCode":24,"napIdentityStatus":"UNVERIFIED","sourceKind":"official","sourceCellId":"1R75883I","sourceStableId":"1F2B6A4B9FC67565","sourceChecksum":"7c265c9fd48cb0677b21c9e60c88de7230e0e5b27a4f98bc2d44d93527f2082a","pipelineFeatureId":"1R75883I/DEPCNT/1281233306","provenance":{"cellId":"1R75883I","checksum":"7c265c9fd48cb0677b21c9e60c88de7230e0e5b27a4f98bc2d44d93527f2082a","readerVersion":"GDAL 3.2.2","processedAt":"2026-08-11T13:43:44.753Z"},"sourceProperties":{"RCID":1281233306,"PRIM":2,"GRUP":2,"OBJL":43,"RVER":1,"AGEN":7979,"FIDN":1783340998,"FIDS":30053,"LNAM":"1F2B6A4B9FC67565","VALDCO":7.5,"SCAMIN":15000,"sourceCellId":"1R75883I","sourceChecksum":"7c265c9fd48cb0677b21c9e60c88de7230e0e5b27a4f98bc2d44d93527f2082a","rawObjectClass":"DEPCNT","sourceStableId":"1F2B6A4B9FC67565"}}},{"type":"Feature","geometry":{"type":"LineString","coordinates":[[3.3162595,51.4282313],[3.3162794,51.4282602],[3.3163408,51.428321],[3.3163776,51.4283635],[3.3164362,51.4283207],[3.3164621,51.4282839],[3.316441,51.4282308],[3.3163762,51.4281741],[3.3162595,51.4282313]]},"properties":{"rawObjectClass":"DEPCNT","VALDCO":7.5,"depthDatum":"Approximate LAT","depthDatumCode":42,"depthDatumStatus":"VERIFIED_FROM_OFFICIAL_DOCUMENTATION","verticalDatum":"Local Datum","verticalDatumCode":24,"napIdentityStatus":"UNVERIFIED","sourceKind":"official","sourceCellId":"1R75883I","sourceStableId":"1F2B6A4B9FC67566","sourceChecksum":"7c265c9fd48cb0677b21c9e60c88de7230e0e5b27a4f98bc2d44d93527f2082a","pipelineFeatureId":"1R75883I/DEPCNT/1281233308","provenance":{"cellId":"1R75883I","checksum":"7c265c9fd48cb0677b21c9e60c88de7230e0e5b27a4f98bc2d44d93527f2082a","readerVersion":"GDAL 3.2.2","processedAt":"2026-08-11T13:43:44.753Z"},"sourceProperties":{"RCID":1281233308,"PRIM":2,"GRUP":2,"OBJL":43,"RVER":1,"AGEN":7979,"FIDN":1783340998,"FIDS":30054,"LNAM":"1F2B6A4B9FC67566","VALDCO":7.5,"SCAMIN":15000,"sourceCellId":"1R75883I","sourceChecksum":"7c265c9fd48cb0677b21c9e60c88de7230e0e5b27a4f98bc2d44d93527f2082a","rawObjectClass":"DEPCNT","sourceStableId":"1F2B6A4B9FC67566"}}},{"type":"Feature","geometry":{"type":"LineString","coordinates":[[3.3292107,51.4327249],[3.3293458,51.4326912],[3.329341,51.4326829],[3.3292603,51.4326015],[3.3292095,51.4325571],[3.3291079,51.4325756],[3.3290659,51.432591],[3.3290422,51.4326021],[3.3289226,51.4326628],[3.3288715,51.4326925],[3.328923,51.4327154],[3.3289664,51.4327194],[3.3290668,51.4327068],[3.3290882,51.4327053],[3.3292107,51.4327249]]},"properties":{"rawObjectClass":"DEPCNT","VALDCO":7.5,"depthDatum":"Approximate LAT","depthDatumCode":42,"depthDatumStatus":"VERIFIED_FROM_OFFICIAL_DOCUMENTATION","verticalDatum":"Local Datum","verticalDatumCode":24,"napIdentityStatus":"UNVERIFIED","sourceKind":"official","sourceCellId":"1R75883I","sourceStableId":"1F2B6A4B9FC67567","sourceChecksum":"7c265c9fd48cb0677b21c9e60c88de7230e0e5b27a4f98bc2d44d93527f2082a","pipelineFeatureId":"1R75883I/DEPCNT/1281233309","provenance":{"cellId":"1R75883I","checksum":"7c265c9fd48cb0677b21c9e60c88de7230e0e5b27a4f98bc2d44d93527f2082a","readerVersion":"GDAL 3.2.2","processedAt":"2026-08-11T13:43:44.753Z"},"sourceProperties":{"RCID":1281233309,"PRIM":2,"GRUP":2,"OBJL":43,"RVER":1,"AGEN":7979,"FIDN":1783340998,"FIDS":30055,"LNAM":"1F2B6A4B9FC67567","VALDCO":7.5,"SCAMIN":15000,"sourceCellId":"1R75883I","sourceChecksum":"7c265c9fd48cb0677b21c9e60c88de7230e0e5b27a4f98bc2d44d93527f2082a","rawObjectClass":"DEPCNT","sourceStableId":"1F2B6A4B9FC67567"}}},{"type":"Feature","geometry":{"type":"LineString","coordinates":[[3.3219997,51.430125],[3.3220433,51.4301038],[3.3219994,51.4300793],[3.3218676,51.4300968],[3.3218557,51.4300958],[3.3218394,51.4300942],[3.3217118,51.430088],[3.3216919,51.4301048],[3.321712,51.430119],[3.3218421,51.430113],[3.3218558,51.4301102],[3.3218657,51.4301105],[3.3219997,51.430125]]},"properties":{"rawObjectClass":"DEPCNT","VALDCO":7.5,"depthDatum":"Approximate LAT","depthDatumCode":42,"depthDatumStatus":"VERIFIED_FROM_OFFICIAL_DOCUMENTATION","verticalDatum":"Local Datum","verticalDatumCode":24,"napIdentityStatus":"UNVERIFIED","sourceKind":"official","sourceCellId":"1R75883I","sourceStableId":"1F2B6A4B9FC67568","sourceChecksum":"7c265c9fd48cb0677b21c9e60c88de7230e0e5b27a4f98bc2d44d93527f2082a","pipelineFeatureId":"1R75883I/DEPCNT/1281233310","provenance":{"cellId":"1R75883I","checksum":"7c265c9fd48cb0677b21c9e60c88de7230e0e5b27a4f98bc2d44d93527f2082a","readerVersion":"GDAL 3.2.2","processedAt":"2026-08-11T13:43:44.753Z"},"sourceProperties":{"RCID":1281233310,"PRIM":2,"GRUP":2,"OBJL":43,"RVER":1,"AGEN":7979,"FIDN":1783340998,"FIDS":30056,"LNAM":"1F2B6A4B9FC67568","VALDCO":7.5,"SCAMIN":15000,"sourceCellId":"1R75883I","sourceChecksum":"7c265c9fd48cb0677b21c9e60c88de7230e0e5b27a4f98bc2d44d93527f2082a","rawObjectClass":"DEPCNT","sourceStableId":"1F2B6A4B9FC67568"}}},{"type":"Feature","geometry":{"type":"LineString","coordinates":[[3.3181487,51.4284339],[3.3181348,51.428406],[3.3181744,51.4283617],[3.3181033,51.4283169],[3.3181019,51.4283171],[3.31796,51.4283886],[3.3179157,51.4284066],[3.3179605,51.4284669],[3.3181016,51.428496],[3.3181046,51.4284963],[3.3181051,51.428496],[3.3181487,51.4284339]]},"properties":{"rawObjectClass":"DEPCNT","VALDCO":7.5,"depthDatum":"Approximate LAT","depthDatumCode":42,"depthDatumStatus":"VERIFIED_FROM_OFFICIAL_DOCUMENTATION","verticalDatum":"Local Datum","verticalDatumCode":24,"napIdentityStatus":"UNVERIFIED","sourceKind":"official","sourceCellId":"1R75883I","sourceStableId":"1F2B6A4B9FC67569","sourceChecksum":"7c265c9fd48cb0677b21c9e60c88de7230e0e5b27a4f98bc2d44d93527f2082a","pipelineFeatureId":"1R75883I/DEPCNT/1281233311","provenance":{"cellId":"1R75883I","checksum":"7c265c9fd48cb0677b21c9e60c88de7230e0e5b27a4f98bc2d44d93527f2082a","readerVersion":"GDAL 3.2.2","processedAt":"2026-08-11T13:43:44.753Z"},"sourceProperties":{"RCID":1281233311,"PRIM":2,"GRUP":2,"OBJL":43,"RVER":1,"AGEN":7979,"FIDN":1783340998,"FIDS":30057,"LNAM":"1F2B6A4B9FC67569","VALDCO":7.5,"SCAMIN":15000,"sourceCellId":"1R75883I","sourceChecksum":"7c265c9fd48cb0677b21c9e60c88de7230e0e5b27a4f98bc2d44d93527f2082a","rawObjectClass":"DEPCNT","sourceStableId":"1F2B6A4B9FC67569"}}},{"type":"Feature","geometry":{"type":"LineString","coordinates":[[3.3175061,51.4283178],[3.31751,51.4283962],[3.3175101,51.4284077],[3.3175289,51.4284469],[3.3176411,51.4284074],[3.3176455,51.4283906],[3.317628,51.4283175],[3.3176692,51.4282287],[3.3175279,51.4283063],[3.3175061,51.4283178]]},"properties":{"rawObjectClass":"DEPCNT","VALDCO":7.5,"depthDatum":"Approximate LAT","depthDatumCode":42,"depthDatumStatus":"VERIFIED_FROM_OFFICIAL_DOCUMENTATION","verticalDatum":"Local Datum","verticalDatumCode":24,"napIdentityStatus":"UNVERIFIED","sourceKind":"official","sourceCellId":"1R75883I","sourceStableId":"1F2B6A4B9FC6756A","sourceChecksum":"7c265c9fd48cb0677b21c9e60c88de7230e0e5b27a4f98bc2d44d93527f2082a","pipelineFeatureId":"1R75883I/DEPCNT/1281233312","provenance":{"cellId":"1R75883I","checksum":"7c265c9fd48cb0677b21c9e60c88de7230e0e5b27a4f98bc2d44d93527f2082a","readerVersion":"GDAL 3.2.2","processedAt":"2026-08-11T13:43:44.753Z"},"sourceProperties":{"RCID":1281233312,"PRIM":2,"GRUP":2,"OBJL":43,"RVER":1,"AGEN":7979,"FIDN":1783340998,"FIDS":30058,"LNAM":"1F2B6A4B9FC6756A","VALDCO":7.5,"SCAMIN":15000,"sourceCellId":"1R75883I","sourceChecksum":"7c265c9fd48cb0677b21c9e60c88de7230e0e5b27a4f98bc2d44d93527f2082a","rawObjectClass":"DEPCNT","sourceStableId":"1F2B6A4B9FC6756A"}}},{"type":"Feature","geometry":{"type":"LineString","coordinates":[[3.3164514,51.4280509],[3.3165196,51.4280988],[3.3165359,51.4280507],[3.3166625,51.427962],[3.3166656,51.4279624],[3.3168063,51.4279654],[3.3168446,51.4279838],[3.3169503,51.4279913],[3.3170731,51.4280492],[3.316969,51.4281284],[3.3169602,51.4281395],[3.3170955,51.4281816],[3.3171878,51.4281388],[3.3171606,51.4280901],[3.317127,51.4280491],[3.3171268,51.4280288],[3.3171619,51.4279591],[3.317144,51.4279277],[3.3170939,51.4279435],[3.3170131,51.4279092],[3.3169498,51.4279092],[3.3168379,51.42787],[3.3168503,51.427842],[3.3168831,51.42778],[3.3168049,51.4277563],[3.316732,51.4277804],[3.3166615,51.4278258],[3.3165872,51.4278707],[3.3165472,51.4279428],[3.3165735,51.4279607],[3.3165187,51.4279677],[3.3164514,51.4280509]]},"properties":{"rawObjectClass":"DEPCNT","VALDCO":7.5,"depthDatum":"Approximate LAT","depthDatumCode":42,"depthDatumStatus":"VERIFIED_FROM_OFFICIAL_DOCUMENTATION","verticalDatum":"Local Datum","verticalDatumCode":24,"napIdentityStatus":"UNVERIFIED","sourceKind":"official","sourceCellId":"1R75883I","sourceStableId":"1F2B6A4B9FC6756B","sourceChecksum":"7c265c9fd48cb0677b21c9e60c88de7230e0e5b27a4f98bc2d44d93527f2082a","pipelineFeatureId":"1R75883I/DEPCNT/1281233313","provenance":{"cellId":"1R75883I","checksum":"7c265c9fd48cb0677b21c9e60c88de7230e0e5b27a4f98bc2d44d93527f2082a","readerVersion":"GDAL 3.2.2","processedAt":"2026-08-11T13:43:44.753Z"},"sourceProperties":{"RCID":1281233313,"PRIM":2,"GRUP":2,"OBJL":43,"RVER":1,"AGEN":7979,"FIDN":1783340998,"FIDS":30059,"LNAM":"1F2B6A4B9FC6756B","VALDCO":7.5,"SCAMIN":15000,"sourceCellId":"1R75883I","sourceChecksum":"7c265c9fd48cb0677b21c9e60c88de7230e0e5b27a4f98bc2d44d93527f2082a","rawObjectClass":"DEPCNT","sourceStableId":"1F2B6A4B9FC6756B"}}},{"type":"Feature","geometry":{"type":"LineString","coordinates":[[3.3217963,51.4303743],[3.3218176,51.4304388],[3.3218178,51.4304641],[3.3218231,51.4304862],[3.3218583,51.4304699],[3.3218701,51.4304714],[3.3220021,51.4304681],[3.3220082,51.4304636],[3.3220111,51.4304579],[3.3220017,51.4304037],[3.3219687,51.4303944],[3.321982,51.4303737],[3.3220013,51.4303531],[3.3220168,51.4302837],[3.3220008,51.4302733],[3.3219863,51.4302838],[3.3218575,51.4303583],[3.3217963,51.4303743]]},"properties":{"rawObjectClass":"DEPCNT","VALDCO":7.5,"depthDatum":"Approximate LAT","depthDatumCode":42,"depthDatumStatus":"VERIFIED_FROM_OFFICIAL_DOCUMENTATION","verticalDatum":"Local Datum","verticalDatumCode":24,"napIdentityStatus":"UNVERIFIED","sourceKind":"official","sourceCellId":"1R75883I","sourceStableId":"1F2B6A4B9FC6756C","sourceChecksum":"7c265c9fd48cb0677b21c9e60c88de7230e0e5b27a4f98bc2d44d93527f2082a","pipelineFeatureId":"1R75883I/DEPCNT/1281233315","provenance":{"cellId":"1R75883I","checksum":"7c265c9fd48cb0677b21c9e60c88de7230e0e5b27a4f98bc2d44d93527f2082a","readerVersion":"GDAL 3.2.2","processedAt":"2026-08-11T13:43:44.753Z"},"sourceProperties":{"RCID":1281233315,"PRIM":2,"GRUP":2,"OBJL":43,"RVER":1,"AGEN":7979,"FIDN":1783340998,"FIDS":30060,"LNAM":"1F2B6A4B9FC6756C","VALDCO":7.5,"SCAMIN":15000,"sourceCellId":"1R75883I","sourceChecksum":"7c265c9fd48cb0677b21c9e60c88de7230e0e5b27a4f98bc2d44d93527f2082a","rawObjectClass":"DEPCNT","sourceStableId":"1F2B6A4B9FC6756C"}}},{"type":"Feature","geometry":{"type":"LineString","coordinates":[[3.32773,51.4324511],[3.3276266,51.4324866],[3.32757,51.4325163],[3.3275263,51.4325795],[3.3275531,51.4326063],[3.3276276,51.4326184],[3.3276739,51.4326059],[3.3277429,51.4325333],[3.3277565,51.4325158],[3.32773,51.4324511]]},"properties":{"rawObjectClass":"DEPCNT","VALDCO":7.5,"depthDatum":"Approximate LAT","depthDatumCode":42,"depthDatumStatus":"VERIFIED_FROM_OFFICIAL_DOCUMENTATION","verticalDatum":"Local Datum","verticalDatumCode":24,"napIdentityStatus":"UNVERIFIED","sourceKind":"official","sourceCellId":"1R75883I","sourceStableId":"1F2B6A4B9FC6756D","sourceChecksum":"7c265c9fd48cb0677b21c9e60c88de7230e0e5b27a4f98bc2d44d93527f2082a","pipelineFeatureId":"1R75883I/DEPCNT/1281233316","provenance":{"cellId":"1R75883I","checksum":"7c265c9fd48cb0677b21c9e60c88de7230e0e5b27a4f98bc2d44d93527f2082a","readerVersion":"GDAL 3.2.2","processedAt":"2026-08-11T13:43:44.753Z"},"sourceProperties":{"RCID":1281233316,"PRIM":2,"GRUP":2,"OBJL":43,"RVER":1,"AGEN":7979,"FIDN":1783340998,"FIDS":30061,"LNAM":"1F2B6A4B9FC6756D","VALDCO":7.5,"SCAMIN":15000,"sourceCellId":"1R75883I","sourceChecksum":"7c265c9fd48cb0677b21c9e60c88de7230e0e5b27a4f98bc2d44d93527f2082a","rawObjectClass":"DEPCNT","sourceStableId":"1F2B6A4B9FC6756D"}}},{"type":"Feature","geometry":{"type":"LineString","coordinates":[[3.3157916,51.4283225],[3.3158023,51.4283857],[3.3159057,51.4284121],[3.3158028,51.4284463],[3.315794,51.4285023],[3.3157829,51.428515],[3.3158033,51.4285222],[3.3159384,51.4285073],[3.315947,51.4285051],[3.3160843,51.4285056],[3.3160908,51.4285028],[3.3162328,51.428591],[3.3162291,51.4285949],[3.3162353,51.4285977],[3.3162485,51.428591],[3.3162352,51.4285828],[3.3161019,51.4285015],[3.3160908,51.4284928],[3.3159583,51.4284119],[3.3160339,51.4283568],[3.3159464,51.42841],[3.3158192,51.4283224],[3.3158203,51.4283108],[3.3158145,51.4282325],[3.3159445,51.4281475],[3.3159637,51.4281422],[3.3159792,51.4281203],[3.3159443,51.42811],[3.3158446,51.4281425],[3.3158008,51.4281619],[3.3157833,51.4282214],[3.3157909,51.4282325],[3.3157872,51.4283133],[3.3157916,51.4283225]]},"properties":{"rawObjectClass":"DEPCNT","VALDCO":7.5,"depthDatum":"Approximate LAT","depthDatumCode":42,"depthDatumStatus":"VERIFIED_FROM_OFFICIAL_DOCUMENTATION","verticalDatum":"Local Datum","verticalDatumCode":24,"napIdentityStatus":"UNVERIFIED","sourceKind":"official","sourceCellId":"1R75883I","sourceStableId":"1F2B6A4B9FC6756E","sourceChecksum":"7c265c9fd48cb0677b21c9e60c88de7230e0e5b27a4f98bc2d44d93527f2082a","pipelineFeatureId":"1R75883I/DEPCNT/1281233317","provenance":{"cellId":"1R75883I","checksum":"7c265c9fd48cb0677b21c9e60c88de7230e0e5b27a4f98bc2d44d93527f2082a","readerVersion":"GDAL 3.2.2","processedAt":"2026-08-11T13:43:44.753Z"},"sourceProperties":{"RCID":1281233317,"PRIM":2,"GRUP":2,"OBJL":43,"RVER":1,"AGEN":7979,"FIDN":1783340998,"FIDS":30062,"LNAM":"1F2B6A4B9FC6756E","VALDCO":7.5,"SCAMIN":15000,"sourceCellId":"1R75883I","sourceChecksum":"7c265c9fd48cb0677b21c9e60c88de7230e0e5b27a4f98bc2d44d93527f2082a","rawObjectClass":"DEPCNT","sourceStableId":"1F2B6A4B9FC6756E"}}},{"type":"Feature","geometry":{"type":"LineString","coordinates":[[3.3162989,51.4275561],[3.3162285,51.4276014],[3.316228,51.4276019],[3.3162278,51.4276023],[3.3162285,51.4276036],[3.3162918,51.4276917],[3.3162293,51.4277292],[3.3161868,51.4277819],[3.3160864,51.4278641],[3.3160767,51.4278721],[3.3160865,51.427881],[3.3162152,51.4279616],[3.316231,51.4279771],[3.3162393,51.4279668],[3.3162363,51.4279616],[3.3162309,51.427958],[3.3160917,51.4278721],[3.3162298,51.4277944],[3.3162669,51.4278048],[3.3163736,51.4277865],[3.3163924,51.4277931],[3.316379,51.4277814],[3.3164102,51.4277583],[3.3164657,51.4276912],[3.3164921,51.4276758],[3.3164468,51.4276013],[3.3163721,51.4275735],[3.3162989,51.4275561]]},"properties":{"rawObjectClass":"DEPCNT","VALDCO":7.5,"depthDatum":"Approximate LAT","depthDatumCode":42,"depthDatumStatus":"VERIFIED_FROM_OFFICIAL_DOCUMENTATION","verticalDatum":"Local Datum","verticalDatumCode":24,"napIdentityStatus":"UNVERIFIED","sourceKind":"official","sourceCellId":"1R75883I","sourceStableId":"1F2B6A4B9FC6756F","sourceChecksum":"7c265c9fd48cb0677b21c9e60c88de7230e0e5b27a4f98bc2d44d93527f2082a","pipelineFeatureId":"1R75883I/DEPCNT/1281233318","provenance":{"cellId":"1R75883I","checksum":"7c265c9fd48cb0677b21c9e60c88de7230e0e5b27a4f98bc2d44d93527f2082a","readerVersion":"GDAL 3.2.2","processedAt":"2026-08-11T13:43:44.753Z"},"sourceProperties":{"RCID":1281233318,"PRIM":2,"GRUP":2,"OBJL":43,"RVER":1,"AGEN":7979,"FIDN":1783340998,"FIDS":30063,"LNAM":"1F2B6A4B9FC6756F","VALDCO":7.5,"SCAMIN":15000,"sourceCellId":"1R75883I","sourceChecksum":"7c265c9fd48cb0677b21c9e60c88de7230e0e5b27a4f98bc2d44d93527f2082a","rawObjectClass":"DEPCNT","sourceStableId":"1F2B6A4B9FC6756F"}}},{"type":"Feature","geometry":{"type":"LineString","coordinates":[[3.3246541,51.4313555],[3.324598,51.4314017],[3.3245561,51.4314194],[3.3245849,51.4314456],[3.3245984,51.4314526],[3.3246246,51.4314455],[3.3247417,51.4313793],[3.3248278,51.4314087],[3.3248272,51.431355],[3.324761,51.431343],[3.3247415,51.4313468],[3.3247064,51.4313334],[3.3246541,51.4313555]]},"properties":{"rawObjectClass":"DEPCNT","VALDCO":7.5,"depthDatum":"Approximate LAT","depthDatumCode":42,"depthDatumStatus":"VERIFIED_FROM_OFFICIAL_DOCUMENTATION","verticalDatum":"Local Datum","verticalDatumCode":24,"napIdentityStatus":"UNVERIFIED","sourceKind":"official","sourceCellId":"1R75883I","sourceStableId":"1F2B6A4B9FC67570","sourceChecksum":"7c265c9fd48cb0677b21c9e60c88de7230e0e5b27a4f98bc2d44d93527f2082a","pipelineFeatureId":"1R75883I/DEPCNT/1281233319","provenance":{"cellId":"1R75883I","checksum":"7c265c9fd48cb0677b21c9e60c88de7230e0e5b27a4f98bc2d44d93527f2082a","readerVersion":"GDAL 3.2.2","processedAt":"2026-08-11T13:43:44.753Z"},"sourceProperties":{"RCID":1281233319,"PRIM":2,"GRUP":2,"OBJL":43,"RVER":1,"AGEN":7979,"FIDN":1783340998,"FIDS":30064,"LNAM":"1F2B6A4B9FC67570","VALDCO":7.5,"SCAMIN":15000,"sourceCellId":"1R75883I","sourceChecksum":"7c265c9fd48cb0677b21c9e60c88de7230e0e5b27a4f98bc2d44d93527f2082a","rawObjectClass":"DEPCNT","sourceStableId":"1F2B6A4B9FC67570"}}},{"type":"Feature","geometry":{"type":"LineString","coordinates":[[3.3189587,51.4295727],[3.3189753,51.4295943],[3.3191191,51.4296622],[3.3191196,51.4296623],[3.3191199,51.4296624],[3.3191198,51.4296622],[3.3191196,51.4296615],[3.3190383,51.4295725],[3.3190501,51.4295254],[3.318975,51.4295513],[3.3188495,51.4294831],[3.3189098,51.4294332],[3.3188305,51.4294589],[3.3188116,51.4294714],[3.318824,51.4294832],[3.3188307,51.4294884],[3.3189587,51.4295727]]},"properties":{"rawObjectClass":"DEPCNT","VALDCO":7.5,"depthDatum":"Approximate LAT","depthDatumCode":42,"depthDatumStatus":"VERIFIED_FROM_OFFICIAL_DOCUMENTATION","verticalDatum":"Local Datum","verticalDatumCode":24,"napIdentityStatus":"UNVERIFIED","sourceKind":"official","sourceCellId":"1R75883I","sourceStableId":"1F2B6A4B9FC67571","sourceChecksum":"7c265c9fd48cb0677b21c9e60c88de7230e0e5b27a4f98bc2d44d93527f2082a","pipelineFeatureId":"1R75883I/DEPCNT/1281233321","provenance":{"cellId":"1R75883I","checksum":"7c265c9fd48cb0677b21c9e60c88de7230e0e5b27a4f98bc2d44d93527f2082a","readerVersion":"GDAL 3.2.2","processedAt":"2026-08-11T13:43:44.753Z"},"sourceProperties":{"RCID":1281233321,"PRIM":2,"GRUP":2,"OBJL":43,"RVER":1,"AGEN":7979,"FIDN":1783340998,"FIDS":30065,"LNAM":"1F2B6A4B9FC67571","VALDCO":7.5,"SCAMIN":15000,"sourceCellId":"1R75883I","sourceChecksum":"7c265c9fd48cb0677b21c9e60c88de7230e0e5b27a4f98bc2d44d93527f2082a","rawObjectClass":"DEPCNT","sourceStableId":"1F2B6A4B9FC67571"}}},{"type":"Feature","geometry":{"type":"LineString","coordinates":[[3.3301443,51.425],[3.3300341,51.4250461],[3.3300186,51.4250527],[3.3299929,51.4250624],[3.3298751,51.4251053],[3.3298118,51.4251367],[3.329732,51.4251987],[3.3296642,51.425227],[3.3295888,51.4252841],[3.3294775,51.4252971],[3.3294451,51.4253039],[3.3294118,51.4252969],[3.3293011,51.4252841],[3.3292333,51.4253182],[3.3291577,51.4253416],[3.329124,51.4253185],[3.3291215,51.4252508],[3.3291281,51.4252285],[3.3291211,51.4252063],[3.3291209,51.4251386],[3.3291167,51.425114],[3.329117,51.4250487],[3.3291365,51.425]]},"properties":{"rawObjectClass":"DEPCNT","VALDCO":7,"depthDatum":"Approximate LAT","depthDatumCode":42,"depthDatumStatus":"VERIFIED_FROM_OFFICIAL_DOCUMENTATION","verticalDatum":"Local Datum","verticalDatumCode":24,"napIdentityStatus":"UNVERIFIED","sourceKind":"official","sourceCellId":"1R75883I","sourceStableId":"1F2B6A4B9FC67572","sourceChecksum":"7c265c9fd48cb0677b21c9e60c88de7230e0e5b27a4f98bc2d44d93527f2082a","pipelineFeatureId":"1R75883I/DEPCNT/1281233326","provenance":{"cellId":"1R75883I","checksum":"7c265c9fd48cb0677b21c9e60c88de7230e0e5b27a4f98bc2d44d93527f2082a","readerVersion":"GDAL 3.2.2","processedAt":"2026-08-11T13:43:44.753Z"},"sourceProperties":{"RCID":1281233326,"PRIM":2,"GRUP":2,"OBJL":43,"RVER":1,"AGEN":7979,"FIDN":1783340998,"FIDS":30066,"LNAM":"1F2B6A4B9FC67572","VALDCO":7,"SCAMIN":15000,"sourceCellId":"1R75883I","sourceChecksum":"7c265c9fd48cb0677b21c9e60c88de7230e0e5b27a4f98bc2d44d93527f2082a","rawObjectClass":"DEPCNT","sourceStableId":"1F2B6A4B9FC67572"}}},{"type":"Feature","geometry":{"type":"LineString","coordinates":[[3.3333333,51.4270984],[3.3333318,51.4270989],[3.3331976,51.4270788],[3.3331454,51.4270156],[3.3331449,51.4269831],[3.3331353,51.4269257],[3.3331569,51.4268601],[3.3331506,51.4268357],[3.3331711,51.4267608],[3.3331706,51.4267457],[3.333051,51.4266926],[3.3330099,51.4266563],[3.3329818,51.4266135],[3.3329559,51.4265665],[3.3329092,51.426479],[3.3329071,51.4264767],[3.3329055,51.4264723],[3.3328631,51.4263869],[3.332852,51.426354],[3.332816,51.4262971],[3.3328157,51.4262624],[3.3328213,51.4262072],[3.3328316,51.426162],[3.3328496,51.4261172],[3.3329024,51.4260402],[3.3329114,51.4260271],[3.3329021,51.4259957],[3.3328743,51.4259545],[3.3328846,51.4259373],[3.3329014,51.4259031],[3.3329305,51.4258472],[3.3329452,51.4258194],[3.3329855,51.4257572],[3.3329816,51.4257182],[3.332972,51.4256673],[3.3330428,51.4255777],[3.3330433,51.4255772],[3.3330847,51.4254871],[3.3330935,51.4254549],[3.333139,51.425397],[3.333185,51.4253431],[3.3332361,51.4253068],[3.333328,51.4252166],[3.3333333,51.4252117]]},"properties":{"rawObjectClass":"DEPCNT","VALDCO":7,"depthDatum":"Approximate LAT","depthDatumCode":42,"depthDatumStatus":"VERIFIED_FROM_OFFICIAL_DOCUMENTATION","verticalDatum":"Local Datum","verticalDatumCode":24,"napIdentityStatus":"UNVERIFIED","sourceKind":"official","sourceCellId":"1R75883I","sourceStableId":"1F2B6A4B9FC67573","sourceChecksum":"7c265c9fd48cb0677b21c9e60c88de7230e0e5b27a4f98bc2d44d93527f2082a","pipelineFeatureId":"1R75883I/DEPCNT/1281233327","provenance":{"cellId":"1R75883I","checksum":"7c265c9fd48cb0677b21c9e60c88de7230e0e5b27a4f98bc2d44d93527f2082a","readerVersion":"GDAL 3.2.2","processedAt":"2026-08-11T13:43:44.753Z"},"sourceProperties":{"RCID":1281233327,"PRIM":2,"GRUP":2,"OBJL":43,"RVER":1,"AGEN":7979,"FIDN":1783340998,"FIDS":30067,"LNAM":"1F2B6A4B9FC67573","VALDCO":7,"SCAMIN":15000,"sourceCellId":"1R75883I","sourceChecksum":"7c265c9fd48cb0677b21c9e60c88de7230e0e5b27a4f98bc2d44d93527f2082a","rawObjectClass":"DEPCNT","sourceStableId":"1F2B6A4B9FC67573"}}},{"type":"Feature","geometry":{"type":"LineString","coordinates":[[3.2436685,51.475],[3.2436403,51.4749823],[3.243554,51.4749149],[3.2435175,51.4748927],[3.2434095,51.4748236],[3.2433562,51.4748031],[3.2434093,51.4747695],[3.24346,51.4747712],[3.2435531,51.474751],[3.2436384,51.4748025],[3.2436976,51.4748399],[3.2437773,51.4748921],[3.243842,51.4749224],[3.2439379,51.4749817],[3.2439682,51.475]]},"properties":{"rawObjectClass":"DEPCNT","VALDCO":7,"depthDatum":"Approximate LAT","depthDatumCode":42,"depthDatumStatus":"VERIFIED_FROM_OFFICIAL_DOCUMENTATION","verticalDatum":"Local Datum","verticalDatumCode":24,"napIdentityStatus":"UNVERIFIED","sourceKind":"official","sourceCellId":"1R75883I","sourceStableId":"1F2B6A4B9FC67574","sourceChecksum":"7c265c9fd48cb0677b21c9e60c88de7230e0e5b27a4f98bc2d44d93527f2082a","pipelineFeatureId":"1R75883I/DEPCNT/1281233332","provenance":{"cellId":"1R75883I","checksum":"7c265c9fd48cb0677b21c9e60c88de7230e0e5b27a4f98bc2d44d93527f2082a","readerVersion":"GDAL 3.2.2","processedAt":"2026-08-11T13:43:44.753Z"},"sourceProperties":{"RCID":1281233332,"PRIM":2,"GRUP":2,"OBJL":43,"RVER":1,"AGEN":7979,"FIDN":1783340998,"FIDS":30068,"LNAM":"1F2B6A4B9FC67574","VALDCO":7,"SCAMIN":15000,"sourceCellId":"1R75883I","sourceChecksum":"7c265c9fd48cb0677b21c9e60c88de7230e0e5b27a4f98bc2d44d93527f2082a","rawObjectClass":"DEPCNT","sourceStableId":"1F2B6A4B9FC67574"}}},{"type":"Feature","geometry":{"type":"LineString","coordinates":[[3.2475028,51.475],[3.2474525,51.4749743],[3.247442,51.4749679],[3.2473909,51.4749427],[3.2472976,51.4748992],[3.2472654,51.4748848],[3.2471532,51.4748326],[3.2471066,51.4747952],[3.2470088,51.4747446],[3.2469312,51.4747057],[3.2468644,51.4746649],[3.2467676,51.4746161],[3.24672,51.4745858],[3.246622,51.4745265],[3.2465755,51.4745078],[3.2464368,51.474437],[3.2464311,51.4744312],[3.246402,51.4744189],[3.2462871,51.4744126],[3.2462356,51.4743475],[3.2461424,51.4742903],[3.246086,51.4742579],[3.2459981,51.4742214],[3.245911,51.4741683],[3.2458535,51.474116],[3.245815,51.4740786],[3.2457391,51.4740077],[3.2457194,51.4739889],[3.2457088,51.4739795],[3.2455694,51.4738993],[3.2457079,51.4738119],[3.245717,51.4738091],[3.2457177,51.4738029],[3.2457125,51.4737191],[3.2457074,51.4737161],[3.2455748,51.4736295],[3.2455629,51.4736226],[3.2454352,51.4735399],[3.2454184,51.4735296],[3.2452918,51.4734503],[3.2452739,51.4734399],[3.2451991,51.4733606],[3.2451293,51.4733155],[3.2450569,51.4732709],[3.2451288,51.4732267],[3.2452667,51.4732705],[3.2452731,51.4732741],[3.2452797,51.4732705],[3.245273,51.4732685],[3.2451769,51.4731808],[3.2451285,51.4731594],[3.2450588,51.473181],[3.2449849,51.4732285],[3.2448417,51.4732714],[3.2448416,51.4732717],[3.2448411,51.4732715],[3.2448405,51.4732717],[3.2446972,51.4732895],[3.2445763,51.4733619],[3.2445537,51.4733753],[3.2445291,51.4733773],[3.2444098,51.4733835],[3.2443109,51.4733905],[3.2442657,51.4733733],[3.2442372,51.4733804],[3.2441218,51.4733825],[3.2440477,51.473363],[3.2439776,51.4733455],[3.2439288,51.4733632],[3.2438339,51.4733957],[3.243723,51.473433],[3.2436901,51.4734326],[3.2436581,51.4734537],[3.2436491,51.4734795],[3.243623,51.4735437],[3.2436205,51.4735876],[3.2436232,51.4736336],[3.2435473,51.4736561],[3.2434474,51.4736614],[3.2434033,51.4736542],[3.243355,51.4736644],[3.2432594,51.4736669],[3.2431518,51.4737019],[3.2431157,51.4737137],[3.2429791,51.4737202],[3.2429717,51.4737217],[3.242965,51.4737207],[3.242865,51.4737251],[3.2428279,51.4737502],[3.2427309,51.4737547],[3.2428142,51.4738151],[3.2428283,51.4738196],[3.2428461,51.4738261],[3.2429725,51.4738743],[3.2430684,51.4738446],[3.2431164,51.4738541],[3.2431805,51.4739043],[3.243261,51.4739685],[3.2433743,51.4739746],[3.2434051,51.4739869],[3.2434154,51.4739937],[3.2435494,51.4740531],[3.2435943,51.4740832],[3.2436939,51.4741475],[3.2437339,51.4741729],[3.2438384,51.474237],[3.2438978,51.4742624],[3.2439828,51.4743155],[3.2440448,51.4743521],[3.2441273,51.474407],[3.2442291,51.4744416],[3.2441278,51.4745102],[3.2440089,51.4745163],[3.2439839,51.4745177],[3.2438637,51.4744424],[3.2438394,51.4744279],[3.2437248,51.4743527],[3.2436949,51.4743325],[3.2436641,51.4743336],[3.2435507,51.4742994],[3.2434912,51.4742633],[3.2434064,51.4742292],[3.2433291,51.4742154],[3.2432623,51.4742166],[3.2431371,51.4741859],[3.2431182,51.4741889],[3.2430933,51.4741897],[3.2429742,51.474194],[3.2429357,51.4741745],[3.24283,51.4741475],[3.2427518,51.4741749],[3.2426864,51.4742172],[3.2426465,51.474265],[3.2426868,51.4742947],[3.2427672,51.4743547],[3.2428313,51.4743974],[3.2429663,51.4744442],[3.242832,51.4745282],[3.2428209,51.4745344],[3.2428101,51.4746104],[3.2426882,51.4745555],[3.2426442,51.4745623],[3.2425441,51.4745398],[3.2425247,51.474535],[3.2424,51.4745138],[3.2422914,51.4745134],[3.242256,51.4745142],[3.242206,51.4745045],[3.242112,51.4745113],[3.2419993,51.4745166],[3.2419681,51.4745186],[3.2419077,51.4745363],[3.2418244,51.4745858],[3.2417729,51.4745943],[3.2416803,51.4745594],[3.2415969,51.4746269],[3.2415369,51.4746766],[3.2413927,51.4746223],[3.2413686,51.4746273],[3.2412489,51.4746665],[3.2411248,51.4747055],[3.2411051,51.4747074],[3.2410865,51.4747178],[3.2411052,51.4747244],[3.2412275,51.4748075],[3.2412018,51.4748375],[3.2412498,51.4748377],[3.2412915,51.4748973],[3.2412504,51.4749458],[3.2411712,51.4749469],[3.2411064,51.4749474],[3.2410474,51.4749508],[3.2409623,51.4749317],[3.2409047,51.474988],[3.2409155,51.475]]},"properties":{"rawObjectClass":"DEPCNT","VALDCO":7,"depthDatum":"Approximate LAT","depthDatumCode":42,"depthDatumStatus":"VERIFIED_FROM_OFFICIAL_DOCUMENTATION","verticalDatum":"Local Datum","verticalDatumCode":24,"napIdentityStatus":"UNVERIFIED","sourceKind":"official","sourceCellId":"1R75883I","sourceStableId":"1F2B6A4B9FC67575","sourceChecksum":"7c265c9fd48cb0677b21c9e60c88de7230e0e5b27a4f98bc2d44d93527f2082a","pipelineFeatureId":"1R75883I/DEPCNT/1281233336","provenance":{"cellId":"1R75883I","checksum":"7c265c9fd48cb0677b21c9e60c88de7230e0e5b27a4f98bc2d44d93527f2082a","readerVersion":"GDAL 3.2.2","processedAt":"2026-08-11T13:43:44.753Z"},"sourceProperties":{"RCID":1281233336,"PRIM":2,"GRUP":2,"OBJL":43,"RVER":1,"AGEN":7979,"FIDN":1783340998,"FIDS":30069,"LNAM":"1F2B6A4B9FC67575","VALDCO":7,"SCAMIN":15000,"sourceCellId":"1R75883I","sourceChecksum":"7c265c9fd48cb0677b21c9e60c88de7230e0e5b27a4f98bc2d44d93527f2082a","rawObjectClass":"DEPCNT","sourceStableId":"1F2B6A4B9FC67575"}}},{"type":"Feature","geometry":{"type":"LineString","coordinates":[[3.3115678,51.4289364],[3.3115962,51.4289391],[3.3116347,51.4289368],[3.3116729,51.4289629],[3.311635,51.428987],[3.3115463,51.4290532],[3.3115875,51.4291127],[3.3116118,51.4291429],[3.3116012,51.4291649],[3.3115926,51.4292329],[3.3116369,51.4292538],[3.3116914,51.4292326],[3.3117766,51.4291446],[3.3117754,51.4291425],[3.3116926,51.4291072],[3.3117329,51.4290527],[3.3117791,51.4290238],[3.3118521,51.4290524],[3.3119236,51.4291113],[3.3119756,51.429052],[3.3119878,51.4290114],[3.3119871,51.4289621],[3.3119943,51.4289172],[3.3119351,51.4288723],[3.3119367,51.428863],[3.3119274,51.4287824],[3.3119213,51.4287781],[3.3117945,51.4287038],[3.3117769,51.4286987],[3.311774,51.4286947],[3.3117748,51.4286929],[3.3117744,51.4286913],[3.311772,51.4286854]]},"properties":{"rawObjectClass":"DEPCNT","VALDCO":7,"depthDatum":"Approximate LAT","depthDatumCode":42,"depthDatumStatus":"VERIFIED_FROM_OFFICIAL_DOCUMENTATION","verticalDatum":"Local Datum","verticalDatumCode":24,"napIdentityStatus":"UNVERIFIED","sourceKind":"official","sourceCellId":"1R75883I","sourceStableId":"1F2B6A4B9FC67576","sourceChecksum":"7c265c9fd48cb0677b21c9e60c88de7230e0e5b27a4f98bc2d44d93527f2082a","pipelineFeatureId":"1R75883I/DEPCNT/1281233338","provenance":{"cellId":"1R75883I","checksum":"7c265c9fd48cb0677b21c9e60c88de7230e0e5b27a4f98bc2d44d93527f2082a","readerVersion":"GDAL 3.2.2","processedAt":"2026-08-11T13:43:44.753Z"},"sourceProperties":{"RCID":1281233338,"PRIM":2,"GRUP":2,"OBJL":43,"RVER":1,"AGEN":7979,"FIDN":1783340998,"FIDS":30070,"LNAM":"1F2B6A4B9FC67576","VALDCO":7,"SCAMIN":15000,"sourceCellId":"1R75883I","sourceChecksum":"7c265c9fd48cb0677b21c9e60c88de7230e0e5b27a4f98bc2d44d93527f2082a","rawObjectClass":"DEPCNT","sourceStableId":"1F2B6A4B9FC67576"}}},{"type":"Feature","geometry":{"type":"LineString","coordinates":[[3.3159989,51.4295808],[3.3160047,51.4296121],[3.3160106,51.4296706],[3.3160993,51.429733],[3.3161508,51.4297602],[3.3161,51.4298382],[3.3160851,51.4298503],[3.3159568,51.4299186],[3.3159169,51.4299158],[3.3158129,51.429912],[3.3157176,51.4298513],[3.315712,51.429824],[3.3157444,51.4297613],[3.3157336,51.4297126],[3.3157304,51.4296714],[3.3157413,51.429625],[3.3157515,51.4295814],[3.3156889,51.4295059],[3.3157309,51.4294916],[3.315666,51.4294728],[3.3156318,51.4294918],[3.3155225,51.4295202],[3.3154705,51.4295248],[3.3153788,51.4295443],[3.3153062,51.4295826],[3.3152356,51.4296403],[3.3151623,51.4296271],[3.3150916,51.4296205],[3.3150263,51.4295834],[3.3150129,51.4295346],[3.3149906,51.4294936],[3.3150904,51.4294453],[3.3151628,51.4294032],[3.3152337,51.4293658],[3.3153323,51.4293744],[3.3153776,51.4293727],[3.3155024,51.4293123],[3.315491,51.4292937],[3.315505,51.4292224],[3.3154673,51.4291655],[3.3154864,51.4291325],[3.3155197,51.4291148],[3.3155774,51.4290961],[3.3156634,51.4290936],[3.3156872,51.429132],[3.3157749,51.429201],[3.3157822,51.4292217],[3.3157867,51.4292351],[3.3157298,51.4293117],[3.3157279,51.4293625],[3.3157299,51.4294016],[3.3158098,51.4294726],[3.3158709,51.4294013],[3.3158722,51.4293509],[3.3158691,51.4293114],[3.3159521,51.4292504],[3.3160067,51.4292551],[3.3160962,51.4292763],[3.3161456,51.4293106],[3.3161303,51.4293797],[3.3161352,51.4294006],[3.3160972,51.4294196],[3.3159958,51.4294908],[3.3160043,51.4295494],[3.3159989,51.4295808]]},"properties":{"rawObjectClass":"DEPCNT","VALDCO":7,"depthDatum":"Approximate LAT","depthDatumCode":42,"depthDatumStatus":"VERIFIED_FROM_OFFICIAL_DOCUMENTATION","verticalDatum":"Local Datum","verticalDatumCode":24,"napIdentityStatus":"UNVERIFIED","sourceKind":"official","sourceCellId":"1R75883I","sourceStableId":"1F2B6A4B9FC67577","sourceChecksum":"7c265c9fd48cb0677b21c9e60c88de7230e0e5b27a4f98bc2d44d93527f2082a","pipelineFeatureId":"1R75883I/DEPCNT/1281233339","provenance":{"cellId":"1R75883I","checksum":"7c265c9fd48cb0677b21c9e60c88de7230e0e5b27a4f98bc2d44d93527f2082a","readerVersion":"GDAL 3.2.2","processedAt":"2026-08-11T13:43:44.753Z"},"sourceProperties":{"RCID":1281233339,"PRIM":2,"GRUP":2,"OBJL":43,"RVER":1,"AGEN":7979,"FIDN":1783340998,"FIDS":30071,"LNAM":"1F2B6A4B9FC67577","VALDCO":7,"SCAMIN":15000,"sourceCellId":"1R75883I","sourceChecksum":"7c265c9fd48cb0677b21c9e60c88de7230e0e5b27a4f98bc2d44d93527f2082a","rawObjectClass":"DEPCNT","sourceStableId":"1F2B6A4B9FC67577"}}},{"type":"Feature","geometry":{"type":"LineString","coordinates":[[3.3151002,51.4289537],[3.3151116,51.428969],[3.3151079,51.4290436],[3.3150878,51.4290606],[3.3150718,51.4290437],[3.3150708,51.4290332],[3.3150666,51.4289538],[3.3150666,51.4289411],[3.3150453,51.4288384],[3.3150218,51.4287741],[3.3150365,51.4287147],[3.3150429,51.4286841],[3.3150846,51.4285949],[3.3150869,51.4285956],[3.3150887,51.4285941],[3.3151323,51.4285342],[3.3151041,51.4285041],[3.3152273,51.4284321],[3.3152767,51.4284446],[3.3153711,51.428429],[3.3153958,51.4284134],[3.3155146,51.428381],[3.3155895,51.4283661],[3.3156585,51.4283827],[3.3156661,51.4284127],[3.3156588,51.4284267],[3.3155563,51.4285029],[3.3155155,51.4285142],[3.3154973,51.4285145],[3.3153717,51.4285149],[3.3152412,51.4285937],[3.3152413,51.4286017],[3.3152506,51.4286836],[3.3152293,51.4287162],[3.3151753,51.4287737],[3.3151508,51.4288233],[3.3151875,51.4288636],[3.3151645,51.4289049],[3.3151002,51.4289537]]},"properties":{"rawObjectClass":"DEPCNT","VALDCO":7,"depthDatum":"Approximate LAT","depthDatumCode":42,"depthDatumStatus":"VERIFIED_FROM_OFFICIAL_DOCUMENTATION","verticalDatum":"Local Datum","verticalDatumCode":24,"napIdentityStatus":"UNVERIFIED","sourceKind":"official","sourceCellId":"1R75883I","sourceStableId":"1F2B6A4B9FC67578","sourceChecksum":"7c265c9fd48cb0677b21c9e60c88de7230e0e5b27a4f98bc2d44d93527f2082a","pipelineFeatureId":"1R75883I/DEPCNT/1281233340","provenance":{"cellId":"1R75883I","checksum":"7c265c9fd48cb0677b21c9e60c88de7230e0e5b27a4f98bc2d44d93527f2082a","readerVersion":"GDAL 3.2.2","processedAt":"2026-08-11T13:43:44.753Z"},"sourceProperties":{"RCID":1281233340,"PRIM":2,"GRUP":2,"OBJL":43,"RVER":1,"AGEN":7979,"FIDN":1783340998,"FIDS":30072,"LNAM":"1F2B6A4B9FC67578","VALDCO":7,"SCAMIN":15000,"sourceCellId":"1R75883I","sourceChecksum":"7c265c9fd48cb0677b21c9e60c88de7230e0e5b27a4f98bc2d44d93527f2082a","rawObjectClass":"DEPCNT","sourceStableId":"1F2B6A4B9FC67578"}}},{"type":"Feature","geometry":{"type":"LineString","coordinates":[[3.3178289,51.4298456],[3.3178263,51.4298481],[3.3178214,51.4298486],[3.3176825,51.4298577],[3.3176693,51.429846],[3.3176672,51.4298365],[3.31766,51.4297561],[3.3176593,51.4297421],[3.3176559,51.4296662],[3.3176811,51.4296533],[3.3177715,51.4296092],[3.3178249,51.4296481],[3.3178449,51.4296657],[3.3178813,51.4297205],[3.3178386,51.4297556],[3.3178295,51.4298435],[3.3178289,51.4298456]]},"properties":{"rawObjectClass":"DEPCNT","VALDCO":7,"depthDatum":"Approximate LAT","depthDatumCode":42,"depthDatumStatus":"VERIFIED_FROM_OFFICIAL_DOCUMENTATION","verticalDatum":"Local Datum","verticalDatumCode":24,"napIdentityStatus":"UNVERIFIED","sourceKind":"official","sourceCellId":"1R75883I","sourceStableId":"1F2B6A4B9FC67579","sourceChecksum":"7c265c9fd48cb0677b21c9e60c88de7230e0e5b27a4f98bc2d44d93527f2082a","pipelineFeatureId":"1R75883I/DEPCNT/1281233341","provenance":{"cellId":"1R75883I","checksum":"7c265c9fd48cb0677b21c9e60c88de7230e0e5b27a4f98bc2d44d93527f2082a","readerVersion":"GDAL 3.2.2","processedAt":"2026-08-11T13:43:44.753Z"},"sourceProperties":{"RCID":1281233341,"PRIM":2,"GRUP":2,"OBJL":43,"RVER":1,"AGEN":7979,"FIDN":1783340998,"FIDS":30073,"LNAM":"1F2B6A4B9FC67579","VALDCO":7,"SCAMIN":15000,"sourceCellId":"1R75883I","sourceChecksum":"7c265c9fd48cb0677b21c9e60c88de7230e0e5b27a4f98bc2d44d93527f2082a","rawObjectClass":"DEPCNT","sourceStableId":"1F2B6A4B9FC67579"}}},{"type":"Feature","geometry":{"type":"LineString","coordinates":[[3.3263415,51.432436],[3.3264159,51.4325195],[3.3264754,51.4326085],[3.3264726,51.4326093],[3.3263331,51.4326506],[3.3262277,51.4326341],[3.3261892,51.4326356],[3.3261408,51.4326405],[3.3260453,51.4326408],[3.3259123,51.4326177],[3.3259013,51.4326174],[3.3258829,51.4326109],[3.3257569,51.432539],[3.3257287,51.4325214],[3.3257158,51.432496],[3.3256789,51.4324317],[3.3257057,51.4323729],[3.3256934,51.4323417],[3.3256545,51.4322789],[3.3256806,51.4322518],[3.3257095,51.4322235],[3.3257548,51.4322398],[3.3257711,51.4322516],[3.3257865,51.432322],[3.3257701,51.4323415],[3.3258998,51.4323983],[3.3259463,51.4324019],[3.3260436,51.4323914],[3.3261038,51.4323928],[3.3261874,51.4323853],[3.3263195,51.4324224],[3.3263315,51.4324198],[3.3263458,51.4324298],[3.3263415,51.432436]]},"properties":{"rawObjectClass":"DEPCNT","VALDCO":7,"depthDatum":"Approximate LAT","depthDatumCode":42,"depthDatumStatus":"VERIFIED_FROM_OFFICIAL_DOCUMENTATION","verticalDatum":"Local Datum","verticalDatumCode":24,"napIdentityStatus":"UNVERIFIED","sourceKind":"official","sourceCellId":"1R75883I","sourceStableId":"1F2B6A4B9FC6757A","sourceChecksum":"7c265c9fd48cb0677b21c9e60c88de7230e0e5b27a4f98bc2d44d93527f2082a","pipelineFeatureId":"1R75883I/DEPCNT/1281233342","provenance":{"cellId":"1R75883I","checksum":"7c265c9fd48cb0677b21c9e60c88de7230e0e5b27a4f98bc2d44d93527f2082a","readerVersion":"GDAL 3.2.2","processedAt":"2026-08-11T13:43:44.753Z"},"sourceProperties":{"RCID":1281233342,"PRIM":2,"GRUP":2,"OBJL":43,"RVER":1,"AGEN":7979,"FIDN":1783340998,"FIDS":30074,"LNAM":"1F2B6A4B9FC6757A","VALDCO":7,"SCAMIN":15000,"sourceCellId":"1R75883I","sourceChecksum":"7c265c9fd48cb0677b21c9e60c88de7230e0e5b27a4f98bc2d44d93527f2082a","rawObjectClass":"DEPCNT","sourceStableId":"1F2B6A4B9FC6757A"}}},{"type":"Feature","geometry":{"type":"LineString","coordinates":[[3.3269474,51.432608],[3.3270525,51.4326643],[3.3271588,51.4326738],[3.3271964,51.4326729],[3.3272809,51.432697],[3.3271968,51.4327287],[3.3270972,51.4327874],[3.3270536,51.4328191],[3.3269498,51.4328129],[3.3269097,51.4328156],[3.3268414,51.4327881],[3.3267655,51.4327657],[3.3266477,51.4327152],[3.3266212,51.4327077],[3.3266031,51.4326988],[3.3265064,51.4326277],[3.3264807,51.4326093],[3.3266203,51.4325773],[3.3266676,51.4325792],[3.3267641,51.4325688],[3.3268671,51.4325826],[3.326908,51.4325828],[3.3269474,51.432608]]},"properties":{"rawObjectClass":"DEPCNT","VALDCO":7,"depthDatum":"Approximate LAT","depthDatumCode":42,"depthDatumStatus":"VERIFIED_FROM_OFFICIAL_DOCUMENTATION","verticalDatum":"Local Datum","verticalDatumCode":24,"napIdentityStatus":"UNVERIFIED","sourceKind":"official","sourceCellId":"1R75883I","sourceStableId":"1F2B6A4B9FC6757B","sourceChecksum":"7c265c9fd48cb0677b21c9e60c88de7230e0e5b27a4f98bc2d44d93527f2082a","pipelineFeatureId":"1R75883I/DEPCNT/1281233343","provenance":{"cellId":"1R75883I","checksum":"7c265c9fd48cb0677b21c9e60c88de7230e0e5b27a4f98bc2d44d93527f2082a","readerVersion":"GDAL 3.2.2","processedAt":"2026-08-11T13:43:44.753Z"},"sourceProperties":{"RCID":1281233343,"PRIM":2,"GRUP":2,"OBJL":43,"RVER":1,"AGEN":7979,"FIDN":1783340998,"FIDS":30075,"LNAM":"1F2B6A4B9FC6757B","VALDCO":7,"SCAMIN":15000,"sourceCellId":"1R75883I","sourceChecksum":"7c265c9fd48cb0677b21c9e60c88de7230e0e5b27a4f98bc2d44d93527f2082a","rawObjectClass":"DEPCNT","sourceStableId":"1F2B6A4B9FC6757B"}}},{"type":"Feature","geometry":{"type":"LineString","coordinates":[[3.3172691,51.4297572],[3.3172753,51.4297728],[3.317255,51.4298471],[3.317276,51.4299216],[3.317272,51.429937],[3.3172516,51.4299499],[3.3171623,51.4299933],[3.3171081,51.4300024],[3.3170769,51.4300079],[3.3169641,51.4299796],[3.316906,51.429938],[3.3168195,51.4298671],[3.3167946,51.4298484],[3.3168192,51.4298341],[3.3169031,51.4297955],[3.3169627,51.4297777],[3.3171055,51.4298475],[3.317107,51.4298488],[3.3171103,51.4298495],[3.3171269,51.4298475],[3.317107,51.4298455],[3.3170168,51.4297578],[3.3170084,51.4297291],[3.3170683,51.4296678],[3.3171056,51.4296473],[3.3171318,51.4296676],[3.3172502,51.4297439],[3.3172691,51.4297572]]},"properties":{"rawObjectClass":"DEPCNT","VALDCO":7,"depthDatum":"Approximate LAT","depthDatumCode":42,"depthDatumStatus":"VERIFIED_FROM_OFFICIAL_DOCUMENTATION","verticalDatum":"Local Datum","verticalDatumCode":24,"napIdentityStatus":"UNVERIFIED","sourceKind":"official","sourceCellId":"1R75883I","sourceStableId":"1F2B6A4B9FC6757C","sourceChecksum":"7c265c9fd48cb0677b21c9e60c88de7230e0e5b27a4f98bc2d44d93527f2082a","pipelineFeatureId":"1R75883I/DEPCNT/1281233344","provenance":{"cellId":"1R75883I","checksum":"7c265c9fd48cb0677b21c9e60c88de7230e0e5b27a4f98bc2d44d93527f2082a","readerVersion":"GDAL 3.2.2","processedAt":"2026-08-11T13:43:44.753Z"},"sourceProperties":{"RCID":1281233344,"PRIM":2,"GRUP":2,"OBJL":43,"RVER":1,"AGEN":7979,"FIDN":1783340998,"FIDS":30076,"LNAM":"1F2B6A4B9FC6757C","VALDCO":7,"SCAMIN":15000,"sourceCellId":"1R75883I","sourceChecksum":"7c265c9fd48cb0677b21c9e60c88de7230e0e5b27a4f98bc2d44d93527f2082a","rawObjectClass":"DEPCNT","sourceStableId":"1F2B6A4B9FC6757C"}}},{"type":"Feature","geometry":{"type":"LineString","coordinates":[[3.3195549,51.4301988],[3.319564,51.4301948],[3.3196986,51.4301843],[3.3198334,51.4301099],[3.3198419,51.4301031],[3.3198498,51.4301098],[3.319842,51.4301166],[3.3197296,51.4302001],[3.3196989,51.4302212],[3.3195677,51.4302085],[3.3195549,51.4302086],[3.3194409,51.4302009],[3.3195504,51.4301978],[3.3195549,51.4301988]]},"properties":{"rawObjectClass":"DEPCNT","VALDCO":7,"depthDatum":"Approximate LAT","depthDatumCode":42,"depthDatumStatus":"VERIFIED_FROM_OFFICIAL_DOCUMENTATION","verticalDatum":"Local Datum","verticalDatumCode":24,"napIdentityStatus":"UNVERIFIED","sourceKind":"official","sourceCellId":"1R75883I","sourceStableId":"1F2B6A4B9FC6757D","sourceChecksum":"7c265c9fd48cb0677b21c9e60c88de7230e0e5b27a4f98bc2d44d93527f2082a","pipelineFeatureId":"1R75883I/DEPCNT/1281233345","provenance":{"cellId":"1R75883I","checksum":"7c265c9fd48cb0677b21c9e60c88de7230e0e5b27a4f98bc2d44d93527f2082a","readerVersion":"GDAL 3.2.2","processedAt":"2026-08-11T13:43:44.753Z"},"sourceProperties":{"RCID":1281233345,"PRIM":2,"GRUP":2,"OBJL":43,"RVER":1,"AGEN":7979,"FIDN":1783340998,"FIDS":30077,"LNAM":"1F2B6A4B9FC6757D","VALDCO":7,"SCAMIN":15000,"sourceCellId":"1R75883I","sourceChecksum":"7c265c9fd48cb0677b21c9e60c88de7230e0e5b27a4f98bc2d44d93527f2082a","rawObjectClass":"DEPCNT","sourceStableId":"1F2B6A4B9FC6757D"}}},{"type":"Feature","geometry":{"type":"LineString","coordinates":[[3.320316,51.4305581],[3.3203662,51.4306138],[3.3203623,51.4306479],[3.3202775,51.4306831],[3.3202214,51.4306834],[3.3201336,51.4306835],[3.3200864,51.4306487],[3.3201331,51.4306117],[3.3202132,51.4305584],[3.3202761,51.4304793],[3.320316,51.4305581]]},"properties":{"rawObjectClass":"DEPCNT","VALDCO":7,"depthDatum":"Approximate LAT","depthDatumCode":42,"depthDatumStatus":"VERIFIED_FROM_OFFICIAL_DOCUMENTATION","verticalDatum":"Local Datum","verticalDatumCode":24,"napIdentityStatus":"UNVERIFIED","sourceKind":"official","sourceCellId":"1R75883I","sourceStableId":"1F2B6A4B9FC6757E","sourceChecksum":"7c265c9fd48cb0677b21c9e60c88de7230e0e5b27a4f98bc2d44d93527f2082a","pipelineFeatureId":"1R75883I/DEPCNT/1281233346","provenance":{"cellId":"1R75883I","checksum":"7c265c9fd48cb0677b21c9e60c88de7230e0e5b27a4f98bc2d44d93527f2082a","readerVersion":"GDAL 3.2.2","processedAt":"2026-08-11T13:43:44.753Z"},"sourceProperties":{"RCID":1281233346,"PRIM":2,"GRUP":2,"OBJL":43,"RVER":1,"AGEN":7979,"FIDN":1783340998,"FIDS":30078,"LNAM":"1F2B6A4B9FC6757E","VALDCO":7,"SCAMIN":15000,"sourceCellId":"1R75883I","sourceChecksum":"7c265c9fd48cb0677b21c9e60c88de7230e0e5b27a4f98bc2d44d93527f2082a","rawObjectClass":"DEPCNT","sourceStableId":"1F2B6A4B9FC6757E"}}},{"type":"Feature","geometry":{"type":"LineString","coordinates":[[3.3205637,51.4304732],[3.3205506,51.4304676],[3.3204193,51.4303912],[3.3203223,51.4304391],[3.3202758,51.4304386],[3.3202472,51.4303785],[3.320242,51.4303091],[3.3202531,51.4302886],[3.3202746,51.4302754],[3.3204115,51.4302837],[3.3204185,51.4302837],[3.3204606,51.430288],[3.3205627,51.4303355],[3.3205908,51.4303601],[3.3205813,51.4303776],[3.3205782,51.4304584],[3.3205734,51.4304675],[3.3205637,51.4304732]]},"properties":{"rawObjectClass":"DEPCNT","VALDCO":7,"depthDatum":"Approximate LAT","depthDatumCode":42,"depthDatumStatus":"VERIFIED_FROM_OFFICIAL_DOCUMENTATION","verticalDatum":"Local Datum","verticalDatumCode":24,"napIdentityStatus":"UNVERIFIED","sourceKind":"official","sourceCellId":"1R75883I","sourceStableId":"1F2B6A4B9FC6757F","sourceChecksum":"7c265c9fd48cb0677b21c9e60c88de7230e0e5b27a4f98bc2d44d93527f2082a","pipelineFeatureId":"1R75883I/DEPCNT/1281233347","provenance":{"cellId":"1R75883I","checksum":"7c265c9fd48cb0677b21c9e60c88de7230e0e5b27a4f98bc2d44d93527f2082a","readerVersion":"GDAL 3.2.2","processedAt":"2026-08-11T13:43:44.753Z"},"sourceProperties":{"RCID":1281233347,"PRIM":2,"GRUP":2,"OBJL":43,"RVER":1,"AGEN":7979,"FIDN":1783340998,"FIDS":30079,"LNAM":"1F2B6A4B9FC6757F","VALDCO":7,"SCAMIN":15000,"sourceCellId":"1R75883I","sourceChecksum":"7c265c9fd48cb0677b21c9e60c88de7230e0e5b27a4f98bc2d44d93527f2082a","rawObjectClass":"DEPCNT","sourceStableId":"1F2B6A4B9FC6757F"}}},{"type":"Feature","geometry":{"type":"LineString","coordinates":[[3.3300766,51.4331078],[3.330162,51.4331385],[3.3301206,51.4332015],[3.3301474,51.4332284],[3.3300778,51.4332664],[3.3299868,51.4332289],[3.3299335,51.4332158],[3.329852,51.4331393],[3.3299328,51.4331081],[3.3300766,51.4331078]]},"properties":{"rawObjectClass":"DEPCNT","VALDCO":7,"depthDatum":"Approximate LAT","depthDatumCode":42,"depthDatumStatus":"VERIFIED_FROM_OFFICIAL_DOCUMENTATION","verticalDatum":"Local Datum","verticalDatumCode":24,"napIdentityStatus":"UNVERIFIED","sourceKind":"official","sourceCellId":"1R75883I","sourceStableId":"1F2B6A4B9FC67580","sourceChecksum":"7c265c9fd48cb0677b21c9e60c88de7230e0e5b27a4f98bc2d44d93527f2082a","pipelineFeatureId":"1R75883I/DEPCNT/1281233348","provenance":{"cellId":"1R75883I","checksum":"7c265c9fd48cb0677b21c9e60c88de7230e0e5b27a4f98bc2d44d93527f2082a","readerVersion":"GDAL 3.2.2","processedAt":"2026-08-11T13:43:44.753Z"},"sourceProperties":{"RCID":1281233348,"PRIM":2,"GRUP":2,"OBJL":43,"RVER":1,"AGEN":7979,"FIDN":1783340998,"FIDS":30080,"LNAM":"1F2B6A4B9FC67580","VALDCO":7,"SCAMIN":15000,"sourceCellId":"1R75883I","sourceChecksum":"7c265c9fd48cb0677b21c9e60c88de7230e0e5b27a4f98bc2d44d93527f2082a","rawObjectClass":"DEPCNT","sourceStableId":"1F2B6A4B9FC67580"}}},{"type":"Feature","geometry":{"type":"LineString","coordinates":[[3.3137632,51.4285077],[3.3137893,51.4284871],[3.3138257,51.4284848],[3.3139331,51.4284912],[3.3139568,51.4285072],[3.3140776,51.4285821],[3.3140999,51.4285968],[3.3141679,51.4286527],[3.314167,51.4286865],[3.3141778,51.4287143],[3.3142222,51.4286999],[3.314355,51.4286929],[3.314366,51.428692],[3.3143791,51.4286941],[3.3145102,51.4287443],[3.3145648,51.4287412],[3.3146541,51.428741],[3.3146976,51.428775],[3.3147065,51.4288075],[3.3147174,51.4288649],[3.314705,51.4289237],[3.3146953,51.4289548],[3.3147834,51.4290342],[3.314656,51.4290235],[3.3146317,51.4290297],[3.3145121,51.4290091],[3.3144209,51.4289556],[3.3143675,51.4289087],[3.3143033,51.4289061],[3.3142237,51.4289127],[3.3141445,51.4289159],[3.3140799,51.4289162],[3.3140046,51.4288668],[3.3140311,51.4288068],[3.3140326,51.4287768],[3.3139347,51.4287268],[3.3138118,51.4287006],[3.3137907,51.4287014],[3.3137731,51.4286876],[3.3137906,51.4286765],[3.3138072,51.4286771],[3.3139342,51.4286534],[3.3140472,51.4285969],[3.3139334,51.4285263],[3.3139014,51.4285274],[3.3137896,51.4285353],[3.3137632,51.4285077]]},"properties":{"rawObjectClass":"DEPCNT","VALDCO":7,"depthDatum":"Approximate LAT","depthDatumCode":42,"depthDatumStatus":"VERIFIED_FROM_OFFICIAL_DOCUMENTATION","verticalDatum":"Local Datum","verticalDatumCode":24,"napIdentityStatus":"UNVERIFIED","sourceKind":"official","sourceCellId":"1R75883I","sourceStableId":"1F2B6A4B9FC67581","sourceChecksum":"7c265c9fd48cb0677b21c9e60c88de7230e0e5b27a4f98bc2d44d93527f2082a","pipelineFeatureId":"1R75883I/DEPCNT/1281233349","provenance":{"cellId":"1R75883I","checksum":"7c265c9fd48cb0677b21c9e60c88de7230e0e5b27a4f98bc2d44d93527f2082a","readerVersion":"GDAL 3.2.2","processedAt":"2026-08-11T13:43:44.753Z"},"sourceProperties":{"RCID":1281233349,"PRIM":2,"GRUP":2,"OBJL":43,"RVER":1,"AGEN":7979,"FIDN":1783340998,"FIDS":30081,"LNAM":"1F2B6A4B9FC67581","VALDCO":7,"SCAMIN":15000,"sourceCellId":"1R75883I","sourceChecksum":"7c265c9fd48cb0677b21c9e60c88de7230e0e5b27a4f98bc2d44d93527f2082a","rawObjectClass":"DEPCNT","sourceStableId":"1F2B6A4B9FC67581"}}},{"type":"Feature","geometry":{"type":"LineString","coordinates":[[3.3163871,51.429739],[3.3164246,51.429736],[3.3165308,51.429722],[3.3165916,51.429759],[3.3165942,51.4297983],[3.3165946,51.4298489],[3.3165989,51.4298907],[3.3165992,51.4299388],[3.3165326,51.4299922],[3.3164179,51.4299577],[3.3163886,51.4299578],[3.3163604,51.4299395],[3.3163486,51.4298742],[3.3163623,51.4298495],[3.3163654,51.4298356],[3.3163512,51.4297596],[3.3163871,51.429739]]},"properties":{"rawObjectClass":"DEPCNT","VALDCO":7,"depthDatum":"Approximate LAT","depthDatumCode":42,"depthDatumStatus":"VERIFIED_FROM_OFFICIAL_DOCUMENTATION","verticalDatum":"Local Datum","verticalDatumCode":24,"napIdentityStatus":"UNVERIFIED","sourceKind":"official","sourceCellId":"1R75883I","sourceStableId":"1F2B6A4B9FC67582","sourceChecksum":"7c265c9fd48cb0677b21c9e60c88de7230e0e5b27a4f98bc2d44d93527f2082a","pipelineFeatureId":"1R75883I/DEPCNT/1281233350","provenance":{"cellId":"1R75883I","checksum":"7c265c9fd48cb0677b21c9e60c88de7230e0e5b27a4f98bc2d44d93527f2082a","readerVersion":"GDAL 3.2.2","processedAt":"2026-08-11T13:43:44.753Z"},"sourceProperties":{"RCID":1281233350,"PRIM":2,"GRUP":2,"OBJL":43,"RVER":1,"AGEN":7979,"FIDN":1783340998,"FIDS":30082,"LNAM":"1F2B6A4B9FC67582","VALDCO":7,"SCAMIN":15000,"sourceCellId":"1R75883I","sourceChecksum":"7c265c9fd48cb0677b21c9e60c88de7230e0e5b27a4f98bc2d44d93527f2082a","rawObjectClass":"DEPCNT","sourceStableId":"1F2B6A4B9FC67582"}}},{"type":"Feature","geometry":{"type":"LineString","coordinates":[[3.3208449,51.4295422],[3.3209395,51.429508],[3.32095,51.4295673],[3.3208846,51.429633],[3.3208685,51.4296575],[3.3208458,51.4296745],[3.3208263,51.4296697],[3.3208371,51.4296575],[3.3207013,51.4295847],[3.3206847,51.429568],[3.320701,51.4295432],[3.3207823,51.4295287],[3.3208449,51.4295422]]},"properties":{"rawObjectClass":"DEPCNT","VALDCO":7,"depthDatum":"Approximate LAT","depthDatumCode":42,"depthDatumStatus":"VERIFIED_FROM_OFFICIAL_DOCUMENTATION","verticalDatum":"Local Datum","verticalDatumCode":24,"napIdentityStatus":"UNVERIFIED","sourceKind":"official","sourceCellId":"1R75883I","sourceStableId":"1F2B6A4B9FC67583","sourceChecksum":"7c265c9fd48cb0677b21c9e60c88de7230e0e5b27a4f98bc2d44d93527f2082a","pipelineFeatureId":"1R75883I/DEPCNT/1281233351","provenance":{"cellId":"1R75883I","checksum":"7c265c9fd48cb0677b21c9e60c88de7230e0e5b27a4f98bc2d44d93527f2082a","readerVersion":"GDAL 3.2.2","processedAt":"2026-08-11T13:43:44.753Z"},"sourceProperties":{"RCID":1281233351,"PRIM":2,"GRUP":2,"OBJL":43,"RVER":1,"AGEN":7979,"FIDN":1783340998,"FIDS":30083,"LNAM":"1F2B6A4B9FC67583","VALDCO":7,"SCAMIN":15000,"sourceCellId":"1R75883I","sourceChecksum":"7c265c9fd48cb0677b21c9e60c88de7230e0e5b27a4f98bc2d44d93527f2082a","rawObjectClass":"DEPCNT","sourceStableId":"1F2B6A4B9FC67583"}}},{"type":"Feature","geometry":{"type":"LineString","coordinates":[[3.3133782,51.4283289],[3.3133814,51.4283443],[3.3133822,51.4284188],[3.3133574,51.4284349],[3.31331,51.4284487],[3.3132137,51.4284571],[3.3131677,51.4284194],[3.3132131,51.4283732],[3.3132971,51.4283291],[3.3133084,51.4282691],[3.3133113,51.4282392],[3.3132119,51.4281939],[3.3131592,51.4281497],[3.3131588,51.4281168],[3.3131481,51.4280598],[3.3131568,51.4280035],[3.3131725,51.4279698],[3.3132101,51.4279298],[3.3132733,51.4279192],[3.3133539,51.4279306],[3.3134111,51.4279692],[3.3134335,51.4280185],[3.3134316,51.428059],[3.3134077,51.4281162],[3.3133873,51.4281491],[3.3133768,51.428226],[3.3133791,51.428239],[3.3133872,51.4283097],[3.3133782,51.4283289]]},"properties":{"rawObjectClass":"DEPCNT","VALDCO":7,"depthDatum":"Approximate LAT","depthDatumCode":42,"depthDatumStatus":"VERIFIED_FROM_OFFICIAL_DOCUMENTATION","verticalDatum":"Local Datum","verticalDatumCode":24,"napIdentityStatus":"UNVERIFIED","sourceKind":"official","sourceCellId":"1R75883I","sourceStableId":"1F2B6A4B9FC67584","sourceChecksum":"7c265c9fd48cb0677b21c9e60c88de7230e0e5b27a4f98bc2d44d93527f2082a","pipelineFeatureId":"1R75883I/DEPCNT/1281233352","provenance":{"cellId":"1R75883I","checksum":"7c265c9fd48cb0677b21c9e60c88de7230e0e5b27a4f98bc2d44d93527f2082a","readerVersion":"GDAL 3.2.2","processedAt":"2026-08-11T13:43:44.753Z"},"sourceProperties":{"RCID":1281233352,"PRIM":2,"GRUP":2,"OBJL":43,"RVER":1,"AGEN":7979,"FIDN":1783340998,"FIDS":30084,"LNAM":"1F2B6A4B9FC67584","VALDCO":7,"SCAMIN":15000,"sourceCellId":"1R75883I","sourceChecksum":"7c265c9fd48cb0677b21c9e60c88de7230e0e5b27a4f98bc2d44d93527f2082a","rawObjectClass":"DEPCNT","sourceStableId":"1F2B6A4B9FC67584"}}},{"type":"Feature","geometry":{"type":"LineString","coordinates":[[3.3185491,51.4303681],[3.3185781,51.4303649],[3.3186929,51.4303601],[3.318724,51.4303826],[3.3187281,51.4304045],[3.318732,51.4304725],[3.3186939,51.4305031],[3.3186488,51.4305009],[3.3185501,51.4305089],[3.3184409,51.4304733],[3.3184652,51.4304361],[3.3185094,51.4303832],[3.3185491,51.4303681]]},"properties":{"rawObjectClass":"DEPCNT","VALDCO":7,"depthDatum":"Approximate LAT","depthDatumCode":42,"depthDatumStatus":"VERIFIED_FROM_OFFICIAL_DOCUMENTATION","verticalDatum":"Local Datum","verticalDatumCode":24,"napIdentityStatus":"UNVERIFIED","sourceKind":"official","sourceCellId":"1R75883I","sourceStableId":"1F2B6A4B9FC67585","sourceChecksum":"7c265c9fd48cb0677b21c9e60c88de7230e0e5b27a4f98bc2d44d93527f2082a","pipelineFeatureId":"1R75883I/DEPCNT/1281233358","provenance":{"cellId":"1R75883I","checksum":"7c265c9fd48cb0677b21c9e60c88de7230e0e5b27a4f98bc2d44d93527f2082a","readerVersion":"GDAL 3.2.2","processedAt":"2026-08-11T13:43:44.753Z"},"sourceProperties":{"RCID":1281233358,"PRIM":2,"GRUP":2,"OBJL":43,"RVER":1,"AGEN":7979,"FIDN":1783340998,"FIDS":30085,"LNAM":"1F2B6A4B9FC67585","VALDCO":7,"SCAMIN":15000,"sourceCellId":"1R75883I","sourceChecksum":"7c265c9fd48cb0677b21c9e60c88de7230e0e5b27a4f98bc2d44d93527f2082a","rawObjectClass":"DEPCNT","sourceStableId":"1F2B6A4B9FC67585"}}},{"type":"Feature","geometry":{"type":"LineString","coordinates":[[3.3253329,51.4336041],[3.3253063,51.4336183],[3.3251895,51.4336615],[3.3250672,51.4336023],[3.3251887,51.433559],[3.325319,51.433593],[3.3253328,51.4335895],[3.3253609,51.4335839],[3.3254766,51.4335848],[3.3254854,51.4336011],[3.3254942,51.433612],[3.3254769,51.4336174],[3.325361,51.433619],[3.3253329,51.4336041]]},"properties":{"rawObjectClass":"DEPCNT","VALDCO":7,"depthDatum":"Approximate LAT","depthDatumCode":42,"depthDatumStatus":"VERIFIED_FROM_OFFICIAL_DOCUMENTATION","verticalDatum":"Local Datum","verticalDatumCode":24,"napIdentityStatus":"UNVERIFIED","sourceKind":"official","sourceCellId":"1R75883I","sourceStableId":"1F2B6A4B9FC67586","sourceChecksum":"7c265c9fd48cb0677b21c9e60c88de7230e0e5b27a4f98bc2d44d93527f2082a","pipelineFeatureId":"1R75883I/DEPCNT/1281233364","provenance":{"cellId":"1R75883I","checksum":"7c265c9fd48cb0677b21c9e60c88de7230e0e5b27a4f98bc2d44d93527f2082a","readerVersion":"GDAL 3.2.2","processedAt":"2026-08-11T13:43:44.753Z"},"sourceProperties":{"RCID":1281233364,"PRIM":2,"GRUP":2,"OBJL":43,"RVER":1,"AGEN":7979,"FIDN":1783340998,"FIDS":30086,"LNAM":"1F2B6A4B9FC67586","VALDCO":7,"SCAMIN":15000,"sourceCellId":"1R75883I","sourceChecksum":"7c265c9fd48cb0677b21c9e60c88de7230e0e5b27a4f98bc2d44d93527f2082a","rawObjectClass":"DEPCNT","sourceStableId":"1F2B6A4B9FC67586"}}},{"type":"Feature","geometry":{"type":"LineString","coordinates":[[3.3250439,51.4334197],[3.3250541,51.4334225],[3.325044,51.433436],[3.3249667,51.4335127],[3.3249999,51.4335743],[3.3250224,51.4336024],[3.3249016,51.4336452],[3.3247819,51.4336031],[3.3247573,51.4335738],[3.3246614,51.4335135],[3.3247233,51.4334925],[3.3247567,51.4334995],[3.3248773,51.433423],[3.3248999,51.4334067],[3.3250379,51.4334188],[3.3250439,51.4334197]]},"properties":{"rawObjectClass":"DEPCNT","VALDCO":7,"depthDatum":"Approximate LAT","depthDatumCode":42,"depthDatumStatus":"VERIFIED_FROM_OFFICIAL_DOCUMENTATION","verticalDatum":"Local Datum","verticalDatumCode":24,"napIdentityStatus":"UNVERIFIED","sourceKind":"official","sourceCellId":"1R75883I","sourceStableId":"1F2B6A4B9FC67587","sourceChecksum":"7c265c9fd48cb0677b21c9e60c88de7230e0e5b27a4f98bc2d44d93527f2082a","pipelineFeatureId":"1R75883I/DEPCNT/1281233366","provenance":{"cellId":"1R75883I","checksum":"7c265c9fd48cb0677b21c9e60c88de7230e0e5b27a4f98bc2d44d93527f2082a","readerVersion":"GDAL 3.2.2","processedAt":"2026-08-11T13:43:44.753Z"},"sourceProperties":{"RCID":1281233366,"PRIM":2,"GRUP":2,"OBJL":43,"RVER":1,"AGEN":7979,"FIDN":1783340998,"FIDS":30087,"LNAM":"1F2B6A4B9FC67587","VALDCO":7,"SCAMIN":15000,"sourceCellId":"1R75883I","sourceChecksum":"7c265c9fd48cb0677b21c9e60c88de7230e0e5b27a4f98bc2d44d93527f2082a","rawObjectClass":"DEPCNT","sourceStableId":"1F2B6A4B9FC67587"}}},{"type":"Feature","geometry":{"type":"LineString","coordinates":[[3.3143291,51.4301248],[3.314376,51.4301404],[3.3144467,51.4301685],[3.3145199,51.43015],[3.3146643,51.4302321],[3.3147064,51.4302137],[3.314664,51.430188],[3.3145714,51.4301241],[3.3145194,51.4300723],[3.3144379,51.4300736],[3.3143754,51.4300565],[3.3143221,51.4300349],[3.3142309,51.4299677],[3.3141855,51.4299738],[3.3140872,51.4299762],[3.3140531,51.4300356],[3.3140623,51.4300514],[3.3140876,51.4300428],[3.3141106,51.4300497],[3.3142315,51.4300538],[3.3143291,51.4301248]]},"properties":{"rawObjectClass":"DEPCNT","VALDCO":7,"depthDatum":"Approximate LAT","depthDatumCode":42,"depthDatumStatus":"VERIFIED_FROM_OFFICIAL_DOCUMENTATION","verticalDatum":"Local Datum","verticalDatumCode":24,"napIdentityStatus":"UNVERIFIED","sourceKind":"official","sourceCellId":"1R75883I","sourceStableId":"1F2B6A4B9FC67588","sourceChecksum":"7c265c9fd48cb0677b21c9e60c88de7230e0e5b27a4f98bc2d44d93527f2082a","pipelineFeatureId":"1R75883I/DEPCNT/1281233371","provenance":{"cellId":"1R75883I","checksum":"7c265c9fd48cb0677b21c9e60c88de7230e0e5b27a4f98bc2d44d93527f2082a","readerVersion":"GDAL 3.2.2","processedAt":"2026-08-11T13:43:44.753Z"},"sourceProperties":{"RCID":1281233371,"PRIM":2,"GRUP":2,"OBJL":43,"RVER":1,"AGEN":7979,"FIDN":1783340998,"FIDS":30088,"LNAM":"1F2B6A4B9FC67588","VALDCO":7,"SCAMIN":15000,"sourceCellId":"1R75883I","sourceChecksum":"7c265c9fd48cb0677b21c9e60c88de7230e0e5b27a4f98bc2d44d93527f2082a","rawObjectClass":"DEPCNT","sourceStableId":"1F2B6A4B9FC67588"}}},{"type":"Feature","geometry":{"type":"LineString","coordinates":[[3.246204,51.475],[3.2461461,51.4749717],[3.2460133,51.4748875],[3.2460016,51.4748804],[3.2459419,51.4748504],[3.2458573,51.4748234],[3.2458295,51.4747979],[3.2457128,51.4747276],[3.2455684,51.4746403],[3.2455331,51.4746187],[3.245424,51.4745684],[3.2453613,51.4745291],[3.2452795,51.4744775],[3.2452286,51.4744395],[3.2451349,51.4743683],[3.2451052,51.4743498],[3.2449905,51.4742786],[3.2448667,51.4742604],[3.2448725,51.474187],[3.2449903,51.4742452],[3.2450135,51.4742456],[3.2451342,51.474234],[3.2451756,51.4742598],[3.2452786,51.4743141],[3.2453358,51.4743494],[3.2454231,51.4744038],[3.2455012,51.4744389],[3.2455675,51.4744796],[3.2456651,51.4745285],[3.2457119,51.4745587],[3.2458043,51.4745858],[3.2458559,51.4745518],[3.2458746,51.4745398],[3.2460001,51.4745948],[3.2460424,51.4746176],[3.2460837,51.4746695],[3.246121,51.4747074],[3.2461447,51.4747219],[3.2461934,51.4747376],[3.246289,51.4747679],[3.246336,51.4747969],[3.2464333,51.4748364],[3.2465071,51.4748864],[3.2465778,51.47492],[3.2466808,51.474976],[3.2467143,51.475]]},"properties":{"rawObjectClass":"DEPCNT","VALDCO":7,"depthDatum":"Approximate LAT","depthDatumCode":42,"depthDatumStatus":"VERIFIED_FROM_OFFICIAL_DOCUMENTATION","verticalDatum":"Local Datum","verticalDatumCode":24,"napIdentityStatus":"UNVERIFIED","sourceKind":"official","sourceCellId":"1R75883I","sourceStableId":"1F2B6A4B9FC67589","sourceChecksum":"7c265c9fd48cb0677b21c9e60c88de7230e0e5b27a4f98bc2d44d93527f2082a","pipelineFeatureId":"1R75883I/DEPCNT/1281233372","provenance":{"cellId":"1R75883I","checksum":"7c265c9fd48cb0677b21c9e60c88de7230e0e5b27a4f98bc2d44d93527f2082a","readerVersion":"GDAL 3.2.2","processedAt":"2026-08-11T13:43:44.753Z"},"sourceProperties":{"RCID":1281233372,"PRIM":2,"GRUP":2,"OBJL":43,"RVER":1,"AGEN":7979,"FIDN":1783340998,"FIDS":30089,"LNAM":"1F2B6A4B9FC67589","VALDCO":7,"SCAMIN":15000,"sourceCellId":"1R75883I","sourceChecksum":"7c265c9fd48cb0677b21c9e60c88de7230e0e5b27a4f98bc2d44d93527f2082a","rawObjectClass":"DEPCNT","sourceStableId":"1F2B6A4B9FC67589"}}},{"type":"Feature","geometry":{"type":"LineString","coordinates":[[3.3191801,51.4316403],[3.3192776,51.4316999],[3.3193328,51.4316953],[3.3194214,51.4316952],[3.3195096,51.4316394],[3.3194207,51.4315906],[3.3193466,51.4315499],[3.3192763,51.4315163],[3.3192361,51.4315502],[3.319195,51.4316015],[3.3191801,51.4316403]]},"properties":{"rawObjectClass":"DEPCNT","VALDCO":7,"depthDatum":"Approximate LAT","depthDatumCode":42,"depthDatumStatus":"VERIFIED_FROM_OFFICIAL_DOCUMENTATION","verticalDatum":"Local Datum","verticalDatumCode":24,"napIdentityStatus":"UNVERIFIED","sourceKind":"official","sourceCellId":"1R75883I","sourceStableId":"1F2B6A4B9FC6758A","sourceChecksum":"7c265c9fd48cb0677b21c9e60c88de7230e0e5b27a4f98bc2d44d93527f2082a","pipelineFeatureId":"1R75883I/DEPCNT/1281233373","provenance":{"cellId":"1R75883I","checksum":"7c265c9fd48cb0677b21c9e60c88de7230e0e5b27a4f98bc2d44d93527f2082a","readerVersion":"GDAL 3.2.2","processedAt":"2026-08-11T13:43:44.753Z"},"sourceProperties":{"RCID":1281233373,"PRIM":2,"GRUP":2,"OBJL":43,"RVER":1,"AGEN":7979,"FIDN":1783340998,"FIDS":30090,"LNAM":"1F2B6A4B9FC6758A","VALDCO":7,"SCAMIN":15000,"sourceCellId":"1R75883I","sourceChecksum":"7c265c9fd48cb0677b21c9e60c88de7230e0e5b27a4f98bc2d44d93527f2082a","rawObjectClass":"DEPCNT","sourceStableId":"1F2B6A4B9FC6758A"}}},{"type":"Feature","geometry":{"type":"LineString","coordinates":[[3.2447841,51.475],[3.2447996,51.4749799],[3.2448501,51.4749465],[3.2449037,51.4749462],[3.244994,51.4749281],[3.2451135,51.4749793],[3.2450805,51.475]]},"properties":{"rawObjectClass":"DEPCNT","VALDCO":7,"depthDatum":"Approximate LAT","depthDatumCode":42,"depthDatumStatus":"VERIFIED_FROM_OFFICIAL_DOCUMENTATION","verticalDatum":"Local Datum","verticalDatumCode":24,"napIdentityStatus":"UNVERIFIED","sourceKind":"official","sourceCellId":"1R75883I","sourceStableId":"1F2B6A4B9FC6758B","sourceChecksum":"7c265c9fd48cb0677b21c9e60c88de7230e0e5b27a4f98bc2d44d93527f2082a","pipelineFeatureId":"1R75883I/DEPCNT/1281233378","provenance":{"cellId":"1R75883I","checksum":"7c265c9fd48cb0677b21c9e60c88de7230e0e5b27a4f98bc2d44d93527f2082a","readerVersion":"GDAL 3.2.2","processedAt":"2026-08-11T13:43:44.753Z"},"sourceProperties":{"RCID":1281233378,"PRIM":2,"GRUP":2,"OBJL":43,"RVER":1,"AGEN":7979,"FIDN":1783340998,"FIDS":30091,"LNAM":"1F2B6A4B9FC6758B","VALDCO":7,"SCAMIN":15000,"sourceCellId":"1R75883I","sourceChecksum":"7c265c9fd48cb0677b21c9e60c88de7230e0e5b27a4f98bc2d44d93527f2082a","rawObjectClass":"DEPCNT","sourceStableId":"1F2B6A4B9FC6758B"}}},{"type":"Feature","geometry":{"type":"LineString","coordinates":[[3.2442509,51.475],[3.2442393,51.4749811],[3.2441299,51.4749102],[3.2441006,51.4748914],[3.2440341,51.474832],[3.2441295,51.4748242],[3.244164,51.474823],[3.2442737,51.4748764],[3.2442971,51.474891],[3.2443201,51.4749198],[3.2443244,51.4749809],[3.2443079,51.475]]},"properties":{"rawObjectClass":"DEPCNT","VALDCO":7,"depthDatum":"Approximate LAT","depthDatumCode":42,"depthDatumStatus":"VERIFIED_FROM_OFFICIAL_DOCUMENTATION","verticalDatum":"Local Datum","verticalDatumCode":24,"napIdentityStatus":"UNVERIFIED","sourceKind":"official","sourceCellId":"1R75883I","sourceStableId":"1F2B6A4B9FC6758C","sourceChecksum":"7c265c9fd48cb0677b21c9e60c88de7230e0e5b27a4f98bc2d44d93527f2082a","pipelineFeatureId":"1R75883I/DEPCNT/1281233379","provenance":{"cellId":"1R75883I","checksum":"7c265c9fd48cb0677b21c9e60c88de7230e0e5b27a4f98bc2d44d93527f2082a","readerVersion":"GDAL 3.2.2","processedAt":"2026-08-11T13:43:44.753Z"},"sourceProperties":{"RCID":1281233379,"PRIM":2,"GRUP":2,"OBJL":43,"RVER":1,"AGEN":7979,"FIDN":1783340998,"FIDS":30092,"LNAM":"1F2B6A4B9FC6758C","VALDCO":7,"SCAMIN":15000,"sourceCellId":"1R75883I","sourceChecksum":"7c265c9fd48cb0677b21c9e60c88de7230e0e5b27a4f98bc2d44d93527f2082a","rawObjectClass":"DEPCNT","sourceStableId":"1F2B6A4B9FC6758C"}}},{"type":"Feature","geometry":{"type":"LineString","coordinates":[[3.2445398,51.4748905],[3.2445616,51.474861],[3.2446505,51.4748347],[3.2447054,51.4748162],[3.2447896,51.47489],[3.244706,51.4749407],[3.2446064,51.4749182],[3.2445621,51.4749501],[3.2445178,51.4749182],[3.2445398,51.4748905]]},"properties":{"rawObjectClass":"DEPCNT","VALDCO":7,"depthDatum":"Approximate LAT","depthDatumCode":42,"depthDatumStatus":"VERIFIED_FROM_OFFICIAL_DOCUMENTATION","verticalDatum":"Local Datum","verticalDatumCode":24,"napIdentityStatus":"UNVERIFIED","sourceKind":"official","sourceCellId":"1R75883I","sourceStableId":"1F2B6A4B9FC6758D","sourceChecksum":"7c265c9fd48cb0677b21c9e60c88de7230e0e5b27a4f98bc2d44d93527f2082a","pipelineFeatureId":"1R75883I/DEPCNT/1281233380","provenance":{"cellId":"1R75883I","checksum":"7c265c9fd48cb0677b21c9e60c88de7230e0e5b27a4f98bc2d44d93527f2082a","readerVersion":"GDAL 3.2.2","processedAt":"2026-08-11T13:43:44.753Z"},"sourceProperties":{"RCID":1281233380,"PRIM":2,"GRUP":2,"OBJL":43,"RVER":1,"AGEN":7979,"FIDN":1783340998,"FIDS":30093,"LNAM":"1F2B6A4B9FC6758D","VALDCO":7,"SCAMIN":15000,"sourceCellId":"1R75883I","sourceChecksum":"7c265c9fd48cb0677b21c9e60c88de7230e0e5b27a4f98bc2d44d93527f2082a","rawObjectClass":"DEPCNT","sourceStableId":"1F2B6A4B9FC6758D"}}},{"type":"Feature","geometry":{"type":"LineString","coordinates":[[3.2485351,51.473893],[3.2485882,51.4739261],[3.2486917,51.4739826],[3.2487326,51.4740116],[3.2488303,51.4740722],[3.2488772,51.4741131],[3.248973,51.4741619],[3.2490216,51.4741916],[3.2491209,51.4742515],[3.2491661,51.4742902],[3.2492867,51.474341],[3.2493104,51.4743553],[3.2493642,51.4743744],[3.2494547,51.4744053],[3.2494963,51.4744305],[3.2494955,51.4744558],[3.2495328,51.4745203],[3.2495995,51.4745452],[3.2497013,51.4746099],[3.2497439,51.4746361],[3.2498469,51.4746995],[3.2498884,51.4747327],[3.2500083,51.4747142],[3.2500324,51.4747206],[3.2501444,51.4747888],[3.2501768,51.4748101],[3.250288,51.4748784],[3.2502526,51.4749215],[3.2503213,51.4748919],[3.2504404,51.474968],[3.2504658,51.4749837],[3.2504913,51.4749679],[3.2504656,51.4749437],[3.2503552,51.4748783],[3.2503211,51.4748647],[3.2501993,51.4747887],[3.2501766,51.4747691],[3.2500657,51.474699],[3.250032,51.4746545],[3.2499607,51.4746094],[3.2498876,51.4745682],[3.2498424,51.4745197],[3.249743,51.4744586],[3.2496966,51.4744301],[3.2497425,51.4743706],[3.2498382,51.4744298],[3.249887,51.4744606],[3.2499103,51.4744442],[3.2498962,51.4744297],[3.2498868,51.4744249],[3.2497501,51.47434],[3.2497423,51.4743302],[3.2497191,51.4743401],[3.2495986,51.4743905],[3.2495192,51.4743405],[3.2494541,51.4743002],[3.2493709,51.4742509],[3.2493096,51.4741957],[3.2492565,51.4741613],[3.2491651,51.4741032],[3.2491139,51.4740716],[3.2490206,51.4740151],[3.2489272,51.4740137],[3.2488766,51.4740039],[3.2488416,51.4739823],[3.2487321,51.4739138],[3.2487072,51.4738927],[3.2485876,51.4738184],[3.2485543,51.4738031],[3.2484432,51.4737373],[3.2484043,51.4737135],[3.2483146,51.4736337],[3.2483141,51.4736238],[3.2482985,51.4736136],[3.248185,51.4735341],[3.2481541,51.4735247],[3.2481388,51.4735342],[3.2481002,51.4735903],[3.2481144,51.4736242],[3.2481547,51.4736447],[3.2482452,51.4737138],[3.2482992,51.4737424],[3.248397,51.4738034],[3.2484437,51.473829],[3.2485351,51.473893]]},"properties":{"rawObjectClass":"DEPCNT","VALDCO":7,"depthDatum":"Approximate LAT","depthDatumCode":42,"depthDatumStatus":"VERIFIED_FROM_OFFICIAL_DOCUMENTATION","verticalDatum":"Local Datum","verticalDatumCode":24,"napIdentityStatus":"UNVERIFIED","sourceKind":"official","sourceCellId":"1R75883I","sourceStableId":"1F2B6A4B9FC6758E","sourceChecksum":"7c265c9fd48cb0677b21c9e60c88de7230e0e5b27a4f98bc2d44d93527f2082a","pipelineFeatureId":"1R75883I/DEPCNT/1281233381","provenance":{"cellId":"1R75883I","checksum":"7c265c9fd48cb0677b21c9e60c88de7230e0e5b27a4f98bc2d44d93527f2082a","readerVersion":"GDAL 3.2.2","processedAt":"2026-08-11T13:43:44.753Z"},"sourceProperties":{"RCID":1281233381,"PRIM":2,"GRUP":2,"OBJL":43,"RVER":1,"AGEN":7979,"FIDN":1783340998,"FIDS":30094,"LNAM":"1F2B6A4B9FC6758E","VALDCO":7,"SCAMIN":15000,"sourceCellId":"1R75883I","sourceChecksum":"7c265c9fd48cb0677b21c9e60c88de7230e0e5b27a4f98bc2d44d93527f2082a","rawObjectClass":"DEPCNT","sourceStableId":"1F2B6A4B9FC6758E"}}},{"type":"Feature","geometry":{"type":"LineString","coordinates":[[3.2463175,51.4725489],[3.2464214,51.4726151],[3.2464725,51.4726385],[3.2464217,51.472685],[3.2463451,51.4726388],[3.2462773,51.4725988],[3.2461368,51.4726392],[3.246278,51.4727272],[3.2462806,51.4727289],[3.246278,51.4727304],[3.2462752,51.4727289],[3.2461335,51.4726413],[3.2459897,51.4726397],[3.2460665,51.4727293],[3.2461342,51.4727697],[3.2462103,51.4728189],[3.2461422,51.4729045],[3.246279,51.472908],[3.2464109,51.4728185],[3.2464224,51.4728111],[3.2464341,51.4728185],[3.2464225,51.4728263],[3.2462802,51.4729087],[3.2464234,51.4729903],[3.2464349,51.4729983],[3.2464993,51.4730454],[3.2464867,51.4730881],[3.2465679,51.4730951],[3.2467048,51.4731776],[3.2467067,51.4732636],[3.2467073,51.4732675],[3.2466991,51.4733486],[3.2467081,51.4733574],[3.2467133,51.4733608],[3.2468482,51.473447],[3.2468578,51.4734506],[3.2468712,51.473447],[3.2470013,51.4733621],[3.2471444,51.4734464],[3.2471458,51.4734473],[3.2471486,51.4734482],[3.2472898,51.473452],[3.2474074,51.4735358],[3.2474343,51.473545],[3.2474496,51.4735357],[3.2474342,51.4735261],[3.2472948,51.4734461],[3.2472897,51.4734429],[3.2471558,51.4733564],[3.2472889,51.4732984],[3.2473653,51.4732661],[3.2474325,51.4732234],[3.2475559,51.4731885],[3.2475763,51.4731885],[3.2476953,51.4732654],[3.2477208,51.4732811],[3.2478547,51.473355],[3.2478652,51.4733616],[3.2480002,51.4734446],[3.2480006,51.4734502],[3.2480097,51.4734474],[3.2480141,51.4734446],[3.2480096,51.4734418],[3.2478701,51.4733549],[3.2478765,51.4733478],[3.2478652,51.4733528],[3.2477295,51.4732653],[3.2478642,51.4731804],[3.2478907,51.4731915],[3.2478694,51.4731751],[3.2478642,51.4731719],[3.2478591,51.4731751],[3.2477207,51.4732621],[3.2475803,51.4731757],[3.2477201,51.4730855],[3.2477197,51.4730854],[3.247718,51.4730844],[3.2477188,51.4730855],[3.2475762,51.4731696],[3.2474395,51.4730861],[3.2474459,51.4730772],[3.2474396,51.4729962],[3.2474313,51.4729944],[3.2473404,51.4729398],[3.247287,51.4729347],[3.2472818,51.4729066],[3.2471424,51.4728234],[3.2471321,51.472817],[3.2469981,51.4727739],[3.2469238,51.4727275],[3.2468537,51.4726968],[3.2467552,51.4726379],[3.2467092,51.4725969],[3.2466311,51.4725483],[3.246655,51.4725147],[3.2466331,51.4724584],[3.2465643,51.4724154],[3.2464645,51.4724312],[3.2464203,51.4724189],[3.2463381,51.4724204],[3.2462764,51.472424],[3.246216,51.4724592],[3.2462768,51.4724973],[3.2463575,51.4724984],[3.2463175,51.4725489]]},"properties":{"rawObjectClass":"DEPCNT","VALDCO":7,"depthDatum":"Approximate LAT","depthDatumCode":42,"depthDatumStatus":"VERIFIED_FROM_OFFICIAL_DOCUMENTATION","verticalDatum":"Local Datum","verticalDatumCode":24,"napIdentityStatus":"UNVERIFIED","sourceKind":"official","sourceCellId":"1R75883I","sourceStableId":"1F2B6A4B9FC6758F","sourceChecksum":"7c265c9fd48cb0677b21c9e60c88de7230e0e5b27a4f98bc2d44d93527f2082a","pipelineFeatureId":"1R75883I/DEPCNT/1281233385","provenance":{"cellId":"1R75883I","checksum":"7c265c9fd48cb0677b21c9e60c88de7230e0e5b27a4f98bc2d44d93527f2082a","readerVersion":"GDAL 3.2.2","processedAt":"2026-08-11T13:43:44.753Z"},"sourceProperties":{"RCID":1281233385,"PRIM":2,"GRUP":2,"OBJL":43,"RVER":1,"AGEN":7979,"FIDN":1783340998,"FIDS":30095,"LNAM":"1F2B6A4B9FC6758F","VALDCO":7,"SCAMIN":15000,"sourceCellId":"1R75883I","sourceChecksum":"7c265c9fd48cb0677b21c9e60c88de7230e0e5b27a4f98bc2d44d93527f2082a","rawObjectClass":"DEPCNT","sourceStableId":"1F2B6A4B9FC6758F"}}},{"type":"Feature","geometry":{"type":"LineString","coordinates":[[3.2511579,51.475],[3.2511857,51.474991],[3.2512,51.475]]},"properties":{"rawObjectClass":"DEPCNT","VALDCO":7,"depthDatum":"Approximate LAT","depthDatumCode":42,"depthDatumStatus":"VERIFIED_FROM_OFFICIAL_DOCUMENTATION","verticalDatum":"Local Datum","verticalDatumCode":24,"napIdentityStatus":"UNVERIFIED","sourceKind":"official","sourceCellId":"1R75883I","sourceStableId":"1F2B6A4B9FC67590","sourceChecksum":"7c265c9fd48cb0677b21c9e60c88de7230e0e5b27a4f98bc2d44d93527f2082a","pipelineFeatureId":"1R75883I/DEPCNT/1281233387","provenance":{"cellId":"1R75883I","checksum":"7c265c9fd48cb0677b21c9e60c88de7230e0e5b27a4f98bc2d44d93527f2082a","readerVersion":"GDAL 3.2.2","processedAt":"2026-08-11T13:43:44.753Z"},"sourceProperties":{"RCID":1281233387,"PRIM":2,"GRUP":2,"OBJL":43,"RVER":1,"AGEN":7979,"FIDN":1783340998,"FIDS":30096,"LNAM":"1F2B6A4B9FC67590","VALDCO":7,"SCAMIN":15000,"sourceCellId":"1R75883I","sourceChecksum":"7c265c9fd48cb0677b21c9e60c88de7230e0e5b27a4f98bc2d44d93527f2082a","rawObjectClass":"DEPCNT","sourceStableId":"1F2B6A4B9FC67590"}}},{"type":"Feature","geometry":{"type":"LineString","coordinates":[[3.24542,51.4738335],[3.2453815,51.4738098],[3.2452756,51.4737458],[3.2451334,51.4737204],[3.245275,51.4736322],[3.2452781,51.4736321],[3.245419,51.4736391],[3.2455483,51.4737195],[3.2455461,51.4737303],[3.2455634,51.4737242],[3.2457034,51.4738091],[3.2455644,51.4738962],[3.2455527,51.4738921],[3.24542,51.4738335]]},"properties":{"rawObjectClass":"DEPCNT","VALDCO":7,"depthDatum":"Approximate LAT","depthDatumCode":42,"depthDatumStatus":"VERIFIED_FROM_OFFICIAL_DOCUMENTATION","verticalDatum":"Local Datum","verticalDatumCode":24,"napIdentityStatus":"UNVERIFIED","sourceKind":"official","sourceCellId":"1R75883I","sourceStableId":"1F2B6A4B9FC67591","sourceChecksum":"7c265c9fd48cb0677b21c9e60c88de7230e0e5b27a4f98bc2d44d93527f2082a","pipelineFeatureId":"1R75883I/DEPCNT/1281233391","provenance":{"cellId":"1R75883I","checksum":"7c265c9fd48cb0677b21c9e60c88de7230e0e5b27a4f98bc2d44d93527f2082a","readerVersion":"GDAL 3.2.2","processedAt":"2026-08-11T13:43:44.753Z"},"sourceProperties":{"RCID":1281233391,"PRIM":2,"GRUP":2,"OBJL":43,"RVER":1,"AGEN":7979,"FIDN":1783340998,"FIDS":30097,"LNAM":"1F2B6A4B9FC67591","VALDCO":7,"SCAMIN":15000,"sourceCellId":"1R75883I","sourceChecksum":"7c265c9fd48cb0677b21c9e60c88de7230e0e5b27a4f98bc2d44d93527f2082a","rawObjectClass":"DEPCNT","sourceStableId":"1F2B6A4B9FC67591"}}},{"type":"Feature","geometry":{"type":"LineString","coordinates":[[3.2430685,51.4746238],[3.2429762,51.4745702],[3.2428574,51.4746087],[3.2428446,51.4745344],[3.2429756,51.4744515],[3.2430964,51.4745339],[3.2431201,51.4745508],[3.2432184,51.4746235],[3.2431209,51.4746925],[3.2430685,51.4746238]]},"properties":{"rawObjectClass":"DEPCNT","VALDCO":7,"depthDatum":"Approximate LAT","depthDatumCode":42,"depthDatumStatus":"VERIFIED_FROM_OFFICIAL_DOCUMENTATION","verticalDatum":"Local Datum","verticalDatumCode":24,"napIdentityStatus":"UNVERIFIED","sourceKind":"official","sourceCellId":"1R75883I","sourceStableId":"1F2B6A4B9FC67592","sourceChecksum":"7c265c9fd48cb0677b21c9e60c88de7230e0e5b27a4f98bc2d44d93527f2082a","pipelineFeatureId":"1R75883I/DEPCNT/1281233396","provenance":{"cellId":"1R75883I","checksum":"7c265c9fd48cb0677b21c9e60c88de7230e0e5b27a4f98bc2d44d93527f2082a","readerVersion":"GDAL 3.2.2","processedAt":"2026-08-11T13:43:44.753Z"},"sourceProperties":{"RCID":1281233396,"PRIM":2,"GRUP":2,"OBJL":43,"RVER":1,"AGEN":7979,"FIDN":1783340998,"FIDS":30098,"LNAM":"1F2B6A4B9FC67592","VALDCO":7,"SCAMIN":15000,"sourceCellId":"1R75883I","sourceChecksum":"7c265c9fd48cb0677b21c9e60c88de7230e0e5b27a4f98bc2d44d93527f2082a","rawObjectClass":"DEPCNT","sourceStableId":"1F2B6A4B9FC67592"}}},{"type":"Feature","geometry":{"type":"LineString","coordinates":[[3.247288,51.4731192],[3.2473823,51.4731761],[3.2472886,51.4732346],[3.2471945,51.4732353],[3.2471446,51.4732363],[3.2470488,51.4731768],[3.2471438,51.473088],[3.2471459,51.473088],[3.247288,51.4731192]]},"properties":{"rawObjectClass":"DEPCNT","VALDCO":7,"depthDatum":"Approximate LAT","depthDatumCode":42,"depthDatumStatus":"VERIFIED_FROM_OFFICIAL_DOCUMENTATION","verticalDatum":"Local Datum","verticalDatumCode":24,"napIdentityStatus":"UNVERIFIED","sourceKind":"official","sourceCellId":"1R75883I","sourceStableId":"1F2B6A4B9FC67593","sourceChecksum":"7c265c9fd48cb0677b21c9e60c88de7230e0e5b27a4f98bc2d44d93527f2082a","pipelineFeatureId":"1R75883I/DEPCNT/1281233398","provenance":{"cellId":"1R75883I","checksum":"7c265c9fd48cb0677b21c9e60c88de7230e0e5b27a4f98bc2d44d93527f2082a","readerVersion":"GDAL 3.2.2","processedAt":"2026-08-11T13:43:44.753Z"},"sourceProperties":{"RCID":1281233398,"PRIM":2,"GRUP":2,"OBJL":43,"RVER":1,"AGEN":7979,"FIDN":1783340998,"FIDS":30099,"LNAM":"1F2B6A4B9FC67593","VALDCO":7,"SCAMIN":15000,"sourceCellId":"1R75883I","sourceChecksum":"7c265c9fd48cb0677b21c9e60c88de7230e0e5b27a4f98bc2d44d93527f2082a","rawObjectClass":"DEPCNT","sourceStableId":"1F2B6A4B9FC67593"}}},{"type":"Feature","geometry":{"type":"LineString","coordinates":[[3.2468551,51.472952],[3.2469928,51.4729971],[3.2469994,51.4730016],[3.2471398,51.4730867],[3.2470001,51.4731315],[3.2469296,51.4730872],[3.2468556,51.4730432],[3.2467802,51.4729976],[3.2468551,51.472952]]},"properties":{"rawObjectClass":"DEPCNT","VALDCO":7,"depthDatum":"Approximate LAT","depthDatumCode":42,"depthDatumStatus":"VERIFIED_FROM_OFFICIAL_DOCUMENTATION","verticalDatum":"Local Datum","verticalDatumCode":24,"napIdentityStatus":"UNVERIFIED","sourceKind":"official","sourceCellId":"1R75883I","sourceStableId":"1F2B6A4B9FC67594","sourceChecksum":"7c265c9fd48cb0677b21c9e60c88de7230e0e5b27a4f98bc2d44d93527f2082a","pipelineFeatureId":"1R75883I/DEPCNT/1281233399","provenance":{"cellId":"1R75883I","checksum":"7c265c9fd48cb0677b21c9e60c88de7230e0e5b27a4f98bc2d44d93527f2082a","readerVersion":"GDAL 3.2.2","processedAt":"2026-08-11T13:43:44.753Z"},"sourceProperties":{"RCID":1281233399,"PRIM":2,"GRUP":2,"OBJL":43,"RVER":1,"AGEN":7979,"FIDN":1783340998,"FIDS":30100,"LNAM":"1F2B6A4B9FC67594","VALDCO":7,"SCAMIN":15000,"sourceCellId":"1R75883I","sourceChecksum":"7c265c9fd48cb0677b21c9e60c88de7230e0e5b27a4f98bc2d44d93527f2082a","rawObjectClass":"DEPCNT","sourceStableId":"1F2B6A4B9FC67594"}}},{"type":"Feature","geometry":{"type":"LineString","coordinates":[[3.2466613,51.4723684],[3.2467081,51.4723972],[3.2468422,51.4724515],[3.2468277,51.472368],[3.2467076,51.4722866],[3.2465679,51.4722814],[3.2466613,51.4723684]]},"properties":{"rawObjectClass":"DEPCNT","VALDCO":7,"depthDatum":"Approximate LAT","depthDatumCode":42,"depthDatumStatus":"VERIFIED_FROM_OFFICIAL_DOCUMENTATION","verticalDatum":"Local Datum","verticalDatumCode":24,"napIdentityStatus":"UNVERIFIED","sourceKind":"official","sourceCellId":"1R75883I","sourceStableId":"1F2B6A4B9FC67595","sourceChecksum":"7c265c9fd48cb0677b21c9e60c88de7230e0e5b27a4f98bc2d44d93527f2082a","pipelineFeatureId":"1R75883I/DEPCNT/1281233402","provenance":{"cellId":"1R75883I","checksum":"7c265c9fd48cb0677b21c9e60c88de7230e0e5b27a4f98bc2d44d93527f2082a","readerVersion":"GDAL 3.2.2","processedAt":"2026-08-11T13:43:44.753Z"},"sourceProperties":{"RCID":1281233402,"PRIM":2,"GRUP":2,"OBJL":43,"RVER":1,"AGEN":7979,"FIDN":1783340998,"FIDS":30101,"LNAM":"1F2B6A4B9FC67595","VALDCO":7,"SCAMIN":15000,"sourceCellId":"1R75883I","sourceChecksum":"7c265c9fd48cb0677b21c9e60c88de7230e0e5b27a4f98bc2d44d93527f2082a","rawObjectClass":"DEPCNT","sourceStableId":"1F2B6A4B9FC67595"}}},{"type":"Feature","geometry":{"type":"LineString","coordinates":[[3.2445535,51.4733459],[3.244665,51.4732718],[3.2445528,51.4732141],[3.2444943,51.4732188],[3.2444089,51.4732201],[3.2443662,51.4732724],[3.2443192,51.4733289],[3.2444095,51.4733363],[3.244523,51.4733429],[3.2445535,51.4733459]]},"properties":{"rawObjectClass":"DEPCNT","VALDCO":7,"depthDatum":"Approximate LAT","depthDatumCode":42,"depthDatumStatus":"VERIFIED_FROM_OFFICIAL_DOCUMENTATION","verticalDatum":"Local Datum","verticalDatumCode":24,"napIdentityStatus":"UNVERIFIED","sourceKind":"official","sourceCellId":"1R75883I","sourceStableId":"1F2B6A4B9FC67596","sourceChecksum":"7c265c9fd48cb0677b21c9e60c88de7230e0e5b27a4f98bc2d44d93527f2082a","pipelineFeatureId":"1R75883I/DEPCNT/1281233404","provenance":{"cellId":"1R75883I","checksum":"7c265c9fd48cb0677b21c9e60c88de7230e0e5b27a4f98bc2d44d93527f2082a","readerVersion":"GDAL 3.2.2","processedAt":"2026-08-11T13:43:44.753Z"},"sourceProperties":{"RCID":1281233404,"PRIM":2,"GRUP":2,"OBJL":43,"RVER":1,"AGEN":7979,"FIDN":1783340998,"FIDS":30102,"LNAM":"1F2B6A4B9FC67596","VALDCO":7,"SCAMIN":15000,"sourceCellId":"1R75883I","sourceChecksum":"7c265c9fd48cb0677b21c9e60c88de7230e0e5b27a4f98bc2d44d93527f2082a","rawObjectClass":"DEPCNT","sourceStableId":"1F2B6A4B9FC67596"}}},{"type":"Feature","geometry":{"type":"LineString","coordinates":[[3.2517327,51.4746955],[3.2517602,51.474713],[3.2518013,51.4746953],[3.25176,51.4746848],[3.2516271,51.4746058],[3.2516156,51.4746],[3.251484,51.4745162],[3.2514711,51.4745081],[3.2513389,51.4744266],[3.2513266,51.474419],[3.2511904,51.474337],[3.2511821,51.4743309],[3.2511312,51.4743054],[3.2511653,51.474337],[3.2511822,51.4743474],[3.2513028,51.4744266],[3.2513267,51.4744379],[3.2514518,51.4745162],[3.2514712,51.474528],[3.2516018,51.4746058],[3.2516157,51.4746177],[3.2517327,51.4746955]]},"properties":{"rawObjectClass":"DEPCNT","VALDCO":7,"depthDatum":"Approximate LAT","depthDatumCode":42,"depthDatumStatus":"VERIFIED_FROM_OFFICIAL_DOCUMENTATION","verticalDatum":"Local Datum","verticalDatumCode":24,"napIdentityStatus":"UNVERIFIED","sourceKind":"official","sourceCellId":"1R75883I","sourceStableId":"1F2B6A4B9FC67597","sourceChecksum":"7c265c9fd48cb0677b21c9e60c88de7230e0e5b27a4f98bc2d44d93527f2082a","pipelineFeatureId":"1R75883I/DEPCNT/1281233407","provenance":{"cellId":"1R75883I","checksum":"7c265c9fd48cb0677b21c9e60c88de7230e0e5b27a4f98bc2d44d93527f2082a","readerVersion":"GDAL 3.2.2","processedAt":"2026-08-11T13:43:44.753Z"},"sourceProperties":{"RCID":1281233407,"PRIM":2,"GRUP":2,"OBJL":43,"RVER":1,"AGEN":7979,"FIDN":1783340998,"FIDS":30103,"LNAM":"1F2B6A4B9FC67597","VALDCO":7,"SCAMIN":15000,"sourceCellId":"1R75883I","sourceChecksum":"7c265c9fd48cb0677b21c9e60c88de7230e0e5b27a4f98bc2d44d93527f2082a","rawObjectClass":"DEPCNT","sourceStableId":"1F2B6A4B9FC67597"}}},{"type":"Feature","geometry":{"type":"LineString","coordinates":[[3.2488307,51.4738924],[3.2488761,51.4739199],[3.248918,51.4739184],[3.2488872,51.4738923],[3.2488759,51.4738853],[3.2487426,51.4738027],[3.2487315,51.4737958],[3.2485947,51.4737131],[3.248587,51.4737099],[3.2485579,51.473695],[3.2485573,51.4737132],[3.2485871,51.4737346],[3.2486862,51.4738028],[3.2487317,51.4738309],[3.2488307,51.4738924]]},"properties":{"rawObjectClass":"DEPCNT","VALDCO":7,"depthDatum":"Approximate LAT","depthDatumCode":42,"depthDatumStatus":"VERIFIED_FROM_OFFICIAL_DOCUMENTATION","verticalDatum":"Local Datum","verticalDatumCode":24,"napIdentityStatus":"UNVERIFIED","sourceKind":"official","sourceCellId":"1R75883I","sourceStableId":"1F2B6A4B9FC67598","sourceChecksum":"7c265c9fd48cb0677b21c9e60c88de7230e0e5b27a4f98bc2d44d93527f2082a","pipelineFeatureId":"1R75883I/DEPCNT/1281233410","provenance":{"cellId":"1R75883I","checksum":"7c265c9fd48cb0677b21c9e60c88de7230e0e5b27a4f98bc2d44d93527f2082a","readerVersion":"GDAL 3.2.2","processedAt":"2026-08-11T13:43:44.753Z"},"sourceProperties":{"RCID":1281233410,"PRIM":2,"GRUP":2,"OBJL":43,"RVER":1,"AGEN":7979,"FIDN":1783340998,"FIDS":30104,"LNAM":"1F2B6A4B9FC67598","VALDCO":7,"SCAMIN":15000,"sourceCellId":"1R75883I","sourceChecksum":"7c265c9fd48cb0677b21c9e60c88de7230e0e5b27a4f98bc2d44d93527f2082a","rawObjectClass":"DEPCNT","sourceStableId":"1F2B6A4B9FC67598"}}},{"type":"Feature","geometry":{"type":"LineString","coordinates":[[3.2733592,51.475],[3.2733598,51.4749983],[3.2734799,51.4749165],[3.2735032,51.4749009],[3.2735614,51.4748264],[3.2736465,51.4747714],[3.273703,51.4748261],[3.2737913,51.4749099],[3.2738539,51.4748257],[3.2738552,51.4747854],[3.2738556,51.4747358],[3.2738737,51.4746834],[3.273873,51.4746459],[3.2739333,51.4745869],[3.2740201,51.4746455],[3.2740368,51.4746711],[3.2740777,51.474655],[3.2741017,51.4746453],[3.274102,51.47463],[3.2741537,51.4745553],[3.2742151,51.4744686],[3.2742072,51.4744652],[3.2742343,51.4744566],[3.2742498,51.4744651],[3.2743648,51.4744991],[3.2744,51.4744868],[3.2743797,51.4744648],[3.2743991,51.4744431],[3.2744264,51.4743748],[3.274424,51.4743226],[3.2744246,51.4742849],[3.2743632,51.4742481],[3.2742957,51.4741953],[3.2743626,51.4741432],[3.2744783,51.4741226],[3.2745065,51.4741322],[3.2745358,51.4741048],[3.27465,51.4740532],[3.2747347,51.4740515],[3.274794,51.4740502],[3.2748748,51.4740141],[3.2749374,51.473952],[3.2749779,51.4739239],[3.2749369,51.4738735],[3.2748719,51.4738343],[3.2749365,51.4737932],[3.2749616,51.4737441],[3.274936,51.4737207],[3.2748366,51.4736545],[3.2748311,51.4735895],[3.2748178,51.4735646],[3.2748718,51.4735139],[3.2749024,51.4734745],[3.2747901,51.473404],[3.2747596,51.4733849],[3.2746458,51.4733403],[3.2745352,51.4732955],[3.2745014,51.4732817],[3.2744654,51.4732733],[3.2744325,51.4732958],[3.2743757,51.4733072],[3.2743576,51.4733025],[3.274343,51.4733051],[3.2742841,51.4732961],[3.2742134,51.4732747],[3.2741455,51.4732541],[3.2740691,51.4732226],[3.2739885,51.4732069],[3.2739563,51.4731874],[3.273925,51.473194],[3.2738638,51.4731691],[3.2737808,51.4731636],[3.2737047,51.47316],[3.2736366,51.4731325],[3.2735599,51.473118],[3.2736363,51.4730675],[3.2737024,51.4730277],[3.2736359,51.4730092],[3.2735263,51.4729382],[3.2734914,51.4729179],[3.2734288,51.4728994],[3.2733473,51.4729061],[3.2732567,51.4728489],[3.2733467,51.4727967],[3.273415,51.4727587],[3.2733999,51.4727024],[3.2734903,51.4727351],[3.273527,51.4727355],[3.2736343,51.472733],[3.273722,51.472703],[3.2737779,51.4726848],[3.2738058,51.4726852],[3.273922,51.472689],[3.273956,51.4726887],[3.2740661,51.4727102],[3.2741781,51.4726868],[3.2742099,51.4726859],[3.2742713,51.472705],[3.2743541,51.4727291],[3.2744573,51.4727307],[3.2744981,51.4727312],[3.2745955,51.4727268],[3.2746421,51.4727367],[3.2746735,51.4727361],[3.2747861,51.4727363],[3.2748168,51.4727362],[3.2749301,51.4727357],[3.2750183,51.4727549],[3.2750743,51.4727736],[3.2751924,51.4727706],[3.2752183,51.4727709],[3.2752443,51.4727707],[3.2753623,51.4727743],[3.2754807,51.4727697],[3.2755062,51.4727702],[3.2756186,51.4727733],[3.2756502,51.4727661],[3.2756703,51.472766],[3.2757943,51.4727859],[3.2758853,51.472786],[3.2759382,51.47278],[3.2760397,51.4727791],[3.2760822,51.4727782],[3.2761346,51.472785],[3.2762263,51.4727958],[3.2763002,51.4727956],[3.2763703,51.4727947],[3.2764456,51.4727944],[3.2765142,51.4727942],[3.2765835,51.4727945],[3.2766583,51.4728082],[3.2767205,51.4728019],[3.2768022,51.4728024],[3.2769251,51.4728403],[3.2769465,51.4728452],[3.2769544,51.4728452],[3.2770905,51.4728453],[3.277104,51.4728483],[3.2771632,51.4728398],[3.2772207,51.4728311],[3.2772344,51.4728325],[3.2772707,51.4728395],[3.2773785,51.4728647],[3.2774645,51.4728754],[3.2775225,51.4728661],[3.2775805,51.4728749],[3.2776666,51.4728757],[3.2777561,51.4728942],[3.2778107,51.472901],[3.277865,51.4728941],[3.2779546,51.4728933],[3.2780781,51.4729146],[3.2780988,51.472918],[3.2782238,51.4729154],[3.2782427,51.4729176],[3.278318,51.472927],[3.2783868,51.472934],[3.2784012,51.4729357],[3.2785308,51.4729365],[3.2785467,51.4729363],[3.2786749,51.472948],[3.2787167,51.4729521],[3.2788189,51.4729526],[3.2789039,51.4729624],[3.2789628,51.4729478],[3.279002,51.4729498],[3.2791068,51.4729497],[3.2791512,51.4729527],[3.2792508,51.4729527],[3.2793654,51.4729428],[3.2793948,51.4729458],[3.2794374,51.4729509],[3.2795388,51.4729515],[3.2796673,51.4729333],[3.2796827,51.4729331],[3.2796974,51.4729237],[3.2798263,51.4728712],[3.2799288,51.472859],[3.2799701,51.4728548],[3.280072,51.4728329],[3.2800722,51.4728069],[3.2800226,51.4727431],[3.2799693,51.4727217],[3.2798668,51.4726796],[3.279825,51.4726643],[3.2798041,51.4726537],[3.2796808,51.47263],[3.279619,51.4726541],[3.2795371,51.4726787],[3.2794546,51.4727061],[3.2793932,51.472693],[3.2792713,51.4726549],[3.2792489,51.4726444],[3.2792265,51.472641],[3.2791047,51.4726032],[3.2789833,51.4725657],[3.2789604,51.472555],[3.2789264,51.4725446],[3.2788162,51.4725039],[3.2787417,51.4724764],[3.2786718,51.4724438],[3.2786043,51.4724346],[3.2785277,51.4724235],[3.2784677,51.4723871],[3.2783831,51.472318],[3.278271,51.4723175],[3.2782391,51.4723121],[3.278223,51.4722978],[3.2780945,51.4722192],[3.2779944,51.4722084],[3.2779503,51.4721805],[3.2779017,51.4721187],[3.2778057,51.4720778],[3.2776886,51.4720293],[3.2777087,51.4719996],[3.2777053,51.4719393],[3.2776992,51.4718736],[3.2777004,51.4718494],[3.2778039,51.471776],[3.2778349,51.4717785],[3.2778122,51.4717592],[3.2778037,51.4717553],[3.2777903,51.4717509],[3.2776596,51.4717219],[3.2775766,51.4716699],[3.2775151,51.4716413],[3.2774221,51.4716122],[3.2773708,51.471593],[3.2773366,51.4716019],[3.2773159,51.4715806],[3.2772266,51.4715552],[3.2770885,51.4715775],[3.2770828,51.4715776],[3.2770624,51.4715685],[3.2769384,51.4715131],[3.2768317,51.4715586],[3.2767948,51.4715709],[3.2767606,51.4715606],[3.2766508,51.471563],[3.2765288,51.4715687],[3.2765069,51.4715759],[3.2764857,51.4715693],[3.2763628,51.4715607],[3.2762572,51.4715591],[3.2762189,51.4715707],[3.2761979,51.4715701],[3.2760749,51.4715739],[3.2759517,51.4715708],[3.2759309,51.4715716],[3.2757984,51.471577],[3.275787,51.4715766],[3.2756433,51.4716205],[3.2755369,51.4716513],[3.2754995,51.4716531],[3.2753753,51.4716627],[3.2753556,51.4716619],[3.2752439,51.4716552],[3.2752116,51.4716648],[3.2751945,51.4716648],[3.2750675,51.4716389],[3.274982,51.4716227],[3.2749233,51.471604],[3.2748096,51.4716054],[3.2747793,51.4715996],[3.2747209,51.4715867],[3.2746351,51.4715591],[3.2745886,51.471558],[3.274491,51.4715382],[3.2743752,51.4715152],[3.2743469,51.4715156],[3.2742311,51.4714979],[3.2742084,51.4714945],[3.2742028,51.4714951],[3.2741959,51.4714937],[3.2740587,51.471476],[3.2740134,51.4714702],[3.2739146,51.4714601],[3.2737743,51.471409],[3.2737703,51.4714078],[3.2737673,51.4714072],[3.2736263,51.4714051],[3.2736125,51.4714008],[3.2734822,51.4713755],[3.2733968,51.4713567],[3.2733381,51.4713536],[3.2732512,51.471356],[3.273194,51.4713453],[3.2730729,51.4713208],[3.2730499,51.471316],[3.2730385,51.4713138],[3.2729057,51.4712873],[3.2728237,51.4712702],[3.2727616,51.4712577],[3.2726375,51.4712319],[3.2726174,51.4712288],[3.2726078,51.4712259],[3.2724732,51.4711852],[3.2723706,51.4711685],[3.2723291,51.4711689],[3.272269,51.4711428],[3.2721849,51.4711256],[3.272142,51.4711163],[3.2720408,51.4711052],[3.2719662,51.4710969],[3.2718967,51.4710881],[3.2717598,51.4710541],[3.2717525,51.4710511],[3.2717455,51.4710497],[3.2716085,51.4710484],[3.2715989,51.4710484],[3.2714644,51.4710244],[3.2713884,51.4710549],[3.2713208,51.4710932],[3.2712636,51.4711451],[3.2711777,51.4712266],[3.2711122,51.4711862],[3.2710335,51.4712029],[3.270896,51.471232],[3.2708897,51.4712284],[3.2708814,51.4712307],[3.2707455,51.471179],[3.2706608,51.4711465],[3.2706012,51.4711235],[3.2705042,51.4710865],[3.270457,51.4710853],[3.2703896,51.4710572],[3.2703127,51.4710373],[3.2701721,51.4709678],[3.2701683,51.4709667],[3.2701606,51.470963],[3.2700243,51.4709622],[3.2700071,51.4709682],[3.2700103,51.4710491],[3.2700197,51.4710581],[3.2700249,51.4710614],[3.2701682,51.4711477],[3.2701694,51.4711487],[3.270258,51.4712374],[3.2703142,51.4712929],[3.2703503,51.4713271],[3.2704588,51.4713935],[3.2704967,51.4714167],[3.2705188,51.4714539],[3.2705173,51.4715065],[3.2705623,51.4715704],[3.2705632,51.4715963],[3.2704602,51.4716305],[3.2703727,51.4716321],[3.2703161,51.4716114],[3.2702785,51.471597],[3.2701717,51.4715481],[3.2700409,51.4715076],[3.2700275,51.4715034],[3.2700204,51.4715032],[3.2698834,51.4714857],[3.269775,51.4714183],[3.2697389,51.4713915],[3.2695995,51.4713288],[3.2695945,51.4713269],[3.2695778,51.4713185],[3.2694501,51.471254],[3.2694205,51.4712393],[3.2693174,51.471157],[3.269307,51.4711496],[3.2693055,51.4711486],[3.2691637,51.47106],[3.269161,51.4710576],[3.2690502,51.4709704],[3.2690164,51.4709444],[3.2689106,51.4708808],[3.2688717,51.4708323],[3.268806,51.4707911],[3.2687388,51.4707087],[3.268871,51.4707037],[3.2688749,51.4707035],[3.268873,51.470701],[3.2688752,51.4706984],[3.268871,51.4706987],[3.2687375,51.4706948],[3.2688226,51.4706112],[3.2687257,51.4705215],[3.2685814,51.4704328],[3.2685771,51.4704293],[3.2685814,51.4704291],[3.2687195,51.4703417],[3.2685804,51.4702567],[3.2685734,51.4702565],[3.2685769,51.4702521],[3.2685804,51.47025],[3.2685867,51.4702521],[3.2687249,51.4703388],[3.2687298,51.4703417],[3.2688691,51.4703866],[3.2690018,51.470431],[3.2690134,51.4704378],[3.269146,51.4705206],[3.2691579,51.4705246],[3.2691709,51.4705287],[3.2693021,51.4705673],[3.2694364,51.4706098],[3.2694421,51.4706968],[3.2694446,51.4706997],[3.2694469,51.4707007],[3.2695885,51.4707893],[3.2695914,51.4707911],[3.2695994,51.4707943],[3.2696,51.4707893],[3.2695988,51.4707043],[3.2695924,51.4706994],[3.2695908,51.4706978],[3.2694497,51.4706098],[3.2694463,51.4706086],[3.2693267,51.4705202],[3.2693017,51.470502],[3.2691875,51.4704306],[3.2691572,51.4704115],[3.2690416,51.470341],[3.2690127,51.470323],[3.2689159,51.4702514],[3.2690119,51.4701905],[3.2691503,51.4702471],[3.2691046,51.470161],[3.2691555,51.4701284],[3.2692955,51.4700706],[3.2692914,51.4700658],[3.2691725,51.469981],[3.2691546,51.4699681],[3.2690618,51.4698914],[3.26901,51.4698544],[3.2689361,51.4698017],[3.2688653,51.4697441],[3.2688368,51.469712],[3.2687207,51.4696325],[3.2687073,51.4696224],[3.2686797,51.469597],[3.2686566,51.4695326],[3.2685759,51.4694815],[3.2684991,51.469443],[3.2684313,51.469387],[3.2683443,51.4693535],[3.268287,51.4693182],[3.2682038,51.4692639],[3.2681425,51.4692286],[3.2681059,51.4691742],[3.2679978,51.4691068],[3.267936,51.4690847],[3.2678535,51.4690467],[3.2677405,51.4689952],[3.2677091,51.4689759],[3.2676624,51.4689663],[3.2675648,51.4689177],[3.267541,51.4689057],[3.2675373,51.4688887],[3.2675227,51.4688159],[3.2674198,51.4687517],[3.2673727,51.4687263],[3.2672754,51.4686665],[3.2672191,51.4686367],[3.2671309,51.4685828],[3.2670442,51.4685472],[3.2669866,51.468518],[3.266877,51.4684793],[3.2668425,51.4684959],[3.2667682,51.4685014],[3.2666984,51.468476],[3.2666513,51.4684582],[3.2665541,51.4684295],[3.2664098,51.4683679],[3.2664055,51.4683661],[3.2662656,51.4683299],[3.2661803,51.4682794],[3.2661212,51.4682429],[3.2660244,51.4681898],[3.2659767,51.4681639],[3.2658638,51.4681003],[3.2658323,51.4680818],[3.2657739,51.4680641],[3.2656881,51.4680376],[3.2656416,51.4680109],[3.2655856,51.4679473],[3.2655625,51.4679211],[3.2655434,51.46791],[3.2654137,51.4678315],[3.2653989,51.4678228],[3.2652886,51.4677632],[3.2652547,51.4677878],[3.2651765,51.4677422],[3.2651105,51.4677383],[3.2650529,51.4676525],[3.2649656,51.4675759],[3.2649435,51.4675629],[3.2648211,51.4674936],[3.2647846,51.4674733],[3.2646767,51.4674088],[3.2646017,51.4674307],[3.2645328,51.4674318],[3.264456,51.4673841],[3.2643884,51.4673463],[3.2643241,51.4673443],[3.2642443,51.467322],[3.2641641,51.4673451],[3.2641402,51.4672949],[3.2642437,51.4672258],[3.264274,51.4672047],[3.2642435,51.4671903],[3.2641107,51.4671151],[3.2640991,51.4671082],[3.2640856,51.4671152],[3.2639556,51.4671979],[3.2638655,51.4671495],[3.2638112,51.4671197],[3.2637524,51.4671528],[3.2637617,51.4671159],[3.2636672,51.4671095],[3.2635403,51.4670374],[3.263561,51.4671164],[3.2635695,51.4671451],[3.2635233,51.4671273],[3.2634989,51.4671318],[3.2634365,51.4671167],[3.2634695,51.46706],[3.2633793,51.467115],[3.2633635,51.467107],[3.2633426,51.4671169],[3.2632762,51.4671424],[3.2632354,51.4671219],[3.2632269,51.4671171],[3.263091,51.4670389],[3.2630717,51.4670276],[3.2630669,51.4670127],[3.2630011,51.4669378],[3.2629462,51.4669075],[3.262858,51.4668831],[3.2628021,51.4668848],[3.2627367,51.4668485],[3.2626577,51.4667994],[3.2625732,51.4668488],[3.2626583,51.4669067],[3.2627033,51.4669385],[3.2628026,51.4669718],[3.2628819,51.467028],[3.2629472,51.4670699],[3.2630217,51.4671176],[3.2630917,51.467168],[3.2631509,51.4672072],[3.2632361,51.467242],[3.2633218,51.4672968],[3.2633806,51.467337],[3.2634546,51.4673864],[3.2635252,51.4674522],[3.2635612,51.4674761],[3.2636698,51.4675542],[3.2636872,51.4675657],[3.26367,51.4675864],[3.2636112,51.4676558],[3.2636706,51.4676947],[3.2637474,51.4677454],[3.2636714,51.4678318],[3.2636659,51.4678321],[3.2635272,51.4677928],[3.2634488,51.4677461],[3.2633827,51.4677079],[3.2632943,51.4676565],[3.2632383,51.4676222],[3.2631473,51.4675669],[3.2630938,51.4675365],[3.2630423,51.4675671],[3.2630942,51.4676012],[3.263182,51.4676567],[3.2632387,51.4676964],[3.2633135,51.4677464],[3.2632394,51.4678244],[3.2632199,51.4678243],[3.2630953,51.4677879],[3.2630228,51.467747],[3.2629508,51.4677055],[3.2628672,51.4676574],[3.2628062,51.4675892],[3.2627871,51.4675677],[3.2626617,51.4674962],[3.2626303,51.4674781],[3.2625863,51.4674314],[3.2625457,51.4673884],[3.262517,51.4673717],[3.2623969,51.4672988],[3.2623725,51.4672727],[3.2623072,51.4672091],[3.2622279,51.4671623],[3.26216,51.4671195],[3.2620834,51.4670753],[3.2619635,51.4670451],[3.2619393,51.4670387],[3.2619236,51.4670301],[3.2617948,51.4669489],[3.2617813,51.4669405],[3.2616503,51.4668678],[3.2616309,51.466851],[3.2616184,51.4668312],[3.2615593,51.4667612],[3.2615054,51.4666999],[3.2614717,51.4666715],[3.261361,51.4666207],[3.2612962,51.4665819],[3.2612166,51.4665347],[3.261149,51.4664924],[3.2610721,51.4664548],[3.2609841,51.4664028],[3.2609277,51.4663697],[3.2608102,51.4663133],[3.2607833,51.4662972],[3.260688,51.4662542],[3.260639,51.4662345],[3.2605062,51.4663139],[3.26064,51.4664006],[3.2606444,51.4664036],[3.2607685,51.4664833],[3.2606402,51.4664481],[3.2605123,51.4664039],[3.260496,51.4663993],[3.2604819,51.4663951],[3.2604795,51.4664039],[3.2604306,51.4664529],[3.2603521,51.4664081],[3.2603393,51.4664042],[3.2602077,51.4663285],[3.2601948,51.4663146],[3.2601808,51.466298],[3.2601153,51.4662249],[3.2600629,51.4661932],[3.2599586,51.4661353],[3.2599185,51.4661115],[3.2598079,51.4660457],[3.2598291,51.4660113],[3.2597741,51.4660331],[3.2597427,51.4660263],[3.25963,51.4660054],[3.2595483,51.4659564],[3.2594855,51.4659193],[3.2593999,51.4658668],[3.2593411,51.465832],[3.2592493,51.4657772],[3.2591964,51.4656963],[3.2591775,51.4656875],[3.2590521,51.4656511],[3.2589658,51.465598],[3.2589078,51.4655752],[3.2587928,51.4655085],[3.2587633,51.4654911],[3.2586442,51.4654189],[3.2586189,51.4654074],[3.2585541,51.4653787],[3.2584748,51.4653845],[3.2583755,51.4653296],[3.2583305,51.4653213],[3.258294,51.465307],[3.2582837,51.4653298],[3.2582628,51.4653772],[3.2582941,51.4654197],[3.2583312,51.4654436],[3.2584348,51.4655093],[3.2584757,51.465537],[3.2585697,51.4655989],[3.2586204,51.4656722],[3.258648,51.4656714],[3.2587644,51.4656722],[3.2587829,51.4656883],[3.2588521,51.4657428],[3.2587649,51.4657664],[3.2587471,51.4657672],[3.2587634,51.4657783],[3.258765,51.4657808],[3.2588772,51.465868],[3.2588717,51.4658916],[3.2588127,51.465958],[3.2588533,51.4660123],[3.2587661,51.465977],[3.2587335,51.4659582],[3.2586217,51.4659105],[3.2585551,51.4658687],[3.2584773,51.4658211],[3.258404,51.4657791],[3.2583329,51.4657457],[3.2582397,51.4656895],[3.2581885,51.4656634],[3.2580634,51.4656],[3.2580441,51.4655858],[3.2579966,51.4656002],[3.2580443,51.4656338],[3.2580998,51.4656898],[3.2581891,51.4657783],[3.258191,51.4657796],[3.2581909,51.4657806],[3.2581891,51.46578],[3.2581884,51.4657796],[3.2580448,51.465706],[3.2580133,51.46569],[3.2579003,51.4656231],[3.2578042,51.4656006],[3.2577559,51.4655425],[3.2577105,51.4655723],[3.257612,51.4655424],[3.2574886,51.4655243],[3.2574679,51.4655246],[3.2574367,51.4655115],[3.2573236,51.4654656],[3.2572161,51.4654449],[3.2571795,51.4654384],[3.257153,51.4654222],[3.2570352,51.4653698],[3.2569157,51.4653328],[3.2568909,51.4653227],[3.2568484,51.4653064],[3.2567467,51.4652792],[3.2566353,51.4653132],[3.2566194,51.4652435],[3.2566026,51.4652401],[3.2565943,51.4652384],[3.2564584,51.4652096],[3.2563789,51.4651944],[3.2563144,51.4651933],[3.2561956,51.4652288],[3.2561706,51.4652287],[3.2561544,51.465228]]},"properties":{"rawObjectClass":"DEPCNT","VALDCO":6.5,"depthDatum":"Approximate LAT","depthDatumCode":42,"depthDatumStatus":"VERIFIED_FROM_OFFICIAL_DOCUMENTATION","verticalDatum":"Local Datum","verticalDatumCode":24,"napIdentityStatus":"UNVERIFIED","sourceKind":"official","sourceCellId":"1R75883I","sourceStableId":"1F2B6A4B9FC67599","sourceChecksum":"7c265c9fd48cb0677b21c9e60c88de7230e0e5b27a4f98bc2d44d93527f2082a","pipelineFeatureId":"1R75883I/DEPCNT/1281233412","provenance":{"cellId":"1R75883I","checksum":"7c265c9fd48cb0677b21c9e60c88de7230e0e5b27a4f98bc2d44d93527f2082a","readerVersion":"GDAL 3.2.2","processedAt":"2026-08-11T13:43:44.753Z"},"sourceProperties":{"RCID":1281233412,"PRIM":2,"GRUP":2,"OBJL":43,"RVER":1,"AGEN":7979,"FIDN":1783340998,"FIDS":30105,"LNAM":"1F2B6A4B9FC67599","VALDCO":6.5,"SCAMIN":15000,"sourceCellId":"1R75883I","sourceChecksum":"7c265c9fd48cb0677b21c9e60c88de7230e0e5b27a4f98bc2d44d93527f2082a","rawObjectClass":"DEPCNT","sourceStableId":"1F2B6A4B9FC67599"}}},{"type":"Feature","geometry":{"type":"LineString","coordinates":[[3.3102671,51.4305348],[3.3103467,51.430585],[3.3103513,51.4305887],[3.3103575,51.4305849],[3.3104947,51.4305223],[3.3105922,51.4305552],[3.3106389,51.4305706],[3.3107184,51.430584],[3.3107125,51.4306298],[3.3107182,51.4306739],[3.3107835,51.4306866],[3.3108273,51.4307009],[3.3109276,51.4307225],[3.3110228,51.4307034],[3.3110713,51.430702],[3.3111716,51.4307353],[3.3112155,51.430756],[3.3112342,51.4307507],[3.3113592,51.4307308],[3.3114358,51.4307619],[3.3115036,51.4308052],[3.3116244,51.4307757],[3.3115493,51.4308515],[3.3116482,51.4309153],[3.3116781,51.4309224],[3.3117919,51.4309003],[3.3118691,51.4309406],[3.3119365,51.4310099],[3.31205,51.4310111],[3.3120804,51.4310111],[3.3121091,51.4310299],[3.3121213,51.4310553],[3.3121509,51.4311197],[3.3121882,51.4311863],[3.3121903,51.4312095],[3.3121928,51.4312787],[3.3122088,51.4312994],[3.3122262,51.4313083],[3.3122652,51.4312992],[3.3122671,51.4312351],[3.3122509,51.4312093],[3.3123689,51.4311373],[3.312416,51.4311483],[3.3125129,51.4311532],[3.3125725,51.4312085],[3.3125137,51.4312657],[3.3124618,51.4312987],[3.312514,51.431312],[3.312568,51.4313321],[3.312658,51.4313321],[3.3127953,51.4313834],[3.3128022,51.4313859],[3.3128048,51.4313877],[3.3128039,51.4313888],[3.3128836,51.4314774],[3.312947,51.4315329],[3.3130788,51.4314842],[3.3130791,51.4315668],[3.3130911,51.4315719],[3.3130995,51.4315667],[3.3132345,51.4315031],[3.3133344,51.4315661],[3.3133791,51.431605],[3.3134387,51.4316558],[3.3135238,51.4317273],[3.3136028,51.4317452],[3.3136536,51.431754],[3.3136678,51.4317524],[3.3136823,51.4317541],[3.3138118,51.4317697],[3.3138732,51.4317829],[3.3139558,51.4317937],[3.3140355,51.431834],[3.3141001,51.4318669],[3.3142108,51.4319234],[3.3142446,51.4319518],[3.3143156,51.4319675],[3.3143885,51.4319681],[3.3145191,51.4320125],[3.3145327,51.4320171],[3.3145406,51.4320174],[3.3146768,51.4320498],[3.3147667,51.432068],[3.3148208,51.4320787],[3.314856,51.4321016],[3.3148212,51.4321353],[3.3146998,51.432178],[3.3146777,51.4321854],[3.3146681,51.432192],[3.3146779,51.4322054],[3.3147737,51.4322816],[3.3148223,51.4322936],[3.3148777,51.4323158],[3.3149665,51.4323425],[3.3150376,51.4323254],[3.3151103,51.4323387],[3.3151775,51.4323704],[3.3152151,51.4324354],[3.3152149,51.4324603],[3.3152551,51.4324683],[3.3153806,51.4325497],[3.3153996,51.4325621],[3.3154577,51.4325495],[3.315543,51.4324942],[3.315684,51.4325469],[3.3156872,51.4325484],[3.3156895,51.4325489],[3.3158312,51.432568],[3.3159073,51.4325958],[3.3159754,51.4326169],[3.3160086,51.4326172],[3.3161191,51.4325964],[3.3161843,51.4326375],[3.3161199,51.4327215],[3.3160954,51.4327123],[3.3160955,51.4327277],[3.3161201,51.4327455],[3.3161359,51.4327375],[3.3162641,51.4327682],[3.3163323,51.4327696],[3.3164081,51.4327893],[3.3164637,51.4328166],[3.3165524,51.432853],[3.3166412,51.4328715],[3.3166965,51.4328832],[3.3167509,51.4329057],[3.3168007,51.4329704],[3.3168022,51.4329955],[3.3168412,51.4330121],[3.3168684,51.4330123],[3.3169852,51.4330273],[3.3170769,51.4330274],[3.317129,51.4330271],[3.31725,51.4330842],[3.3172061,51.4331265],[3.3172099,51.4331742],[3.3172742,51.4332185],[3.3173053,51.4331935],[3.3174181,51.4332283],[3.3174909,51.4332634],[3.3175627,51.4333352],[3.3175819,51.4333531],[3.317582,51.433365],[3.3176144,51.4334429],[3.3177077,51.4334988],[3.3177978,51.4334987],[3.3178516,51.4334989],[3.3179524,51.4335319],[3.3179958,51.433546],[3.3180264,51.4335508],[3.3181399,51.4335849],[3.3182598,51.433621],[3.3182841,51.4336358],[3.3183196,51.433643],[3.3184283,51.4336836],[3.3184964,51.4337103],[3.3185726,51.4337468],[3.3186574,51.4337997],[3.3187173,51.4338716],[3.3188292,51.4337993],[3.318839,51.4337858],[3.3188606,51.4337921],[3.3188943,51.4337991],[3.319005,51.4338713],[3.3190614,51.433834],[3.3191488,51.4338528],[3.3192655,51.433888],[3.3192062,51.4339426],[3.319293,51.4339008],[3.3193204,51.433905],[3.3194371,51.433935],[3.3195667,51.433968],[3.3195811,51.4339627],[3.3196574,51.4339347],[3.319725,51.4339611],[3.3197756,51.4339765],[3.3197762,51.4340348],[3.319776,51.4340664],[3.319726,51.4341073],[3.319648,51.4341567],[3.3195827,51.4341877],[3.3194548,51.4342472],[3.319464,51.4342625],[3.3195027,51.4343369],[3.3195843,51.4344161],[3.3196164,51.4344266],[3.3196732,51.4344609],[3.3196438,51.4345164],[3.3197294,51.434592],[3.3198501,51.4345913],[3.3198733,51.4345998],[3.3198887,51.434596],[3.3200171,51.4345963],[3.3200579,51.4345796],[3.3201605,51.4345289],[3.3202147,51.4345487],[3.3203046,51.4345668],[3.3203675,51.434565],[3.3204483,51.4345389],[3.3205516,51.4345393],[3.3205921,51.4345358],[3.3206408,51.4345441],[3.3207362,51.4345605],[3.3208051,51.4346031],[3.3208807,51.4346587],[3.3209172,51.4346928],[3.3209455,51.4347328],[3.320925,51.4347827],[3.3210256,51.4348072],[3.3210931,51.4347822],[3.3211689,51.4347245],[3.321234,51.4347818],[3.3212874,51.4348552],[3.321301,51.4348715],[3.3212787,51.4348937],[3.3212346,51.4349616],[3.3213148,51.4350114],[3.3214498,51.4349611],[3.3214582,51.4349559],[3.3215238,51.4348709],[3.3216012,51.4348215],[3.3216801,51.4348299],[3.321745,51.4348195],[3.3218281,51.434832],[3.3218891,51.434847],[3.3219198,51.4348698],[3.3219175,51.4349424],[3.3219133,51.4349598],[3.3220341,51.4350177],[3.3221268,51.4350171],[3.322178,51.4350228],[3.3222557,51.4350488],[3.3222658,51.4350841],[3.3222547,51.4351387],[3.322323,51.4351815],[3.3224228,51.4352281],[3.3224674,51.4352553],[3.3225888,51.4352417],[3.3225182,51.4353178],[3.3224682,51.4353722],[3.3223874,51.4353576],[3.3224351,51.4354079],[3.3223681,51.4354711],[3.3223671,51.435498],[3.3223255,51.4355327],[3.3222391,51.4354984],[3.3221813,51.4354867],[3.3221623,51.4354986],[3.322038,51.4355753],[3.3219936,51.435589],[3.3220383,51.4356097],[3.3220649,51.4356054],[3.3221823,51.4356251],[3.3223175,51.4356724],[3.3223264,51.43567],[3.3223396,51.435678],[3.3224705,51.4357016],[3.3226121,51.4356772],[3.3226142,51.4356759],[3.3226807,51.4355871],[3.3226133,51.4355441],[3.3225531,51.4354975],[3.3226125,51.4354347],[3.3226382,51.4354235],[3.3226282,51.4354074],[3.3226372,51.4353918],[3.3227049,51.4353173],[3.3227552,51.4352701],[3.3228465,51.435227],[3.3227547,51.4351924],[3.3226272,51.4352175],[3.322611,51.4352136],[3.3225238,51.4351379],[3.3226102,51.4351001],[3.3227472,51.4350474],[3.3226092,51.4349621],[3.3225957,51.4349664],[3.3225881,51.4349579],[3.3226091,51.4349492],[3.3227536,51.4350392],[3.3227613,51.4350426],[3.3228972,51.4350054],[3.3230133,51.4349568],[3.3230406,51.4349451],[3.3230685,51.4349566],[3.3230411,51.4350076],[3.3230164,51.4350467],[3.3230414,51.4350553],[3.3231588,51.4351362],[3.3230425,51.4352103],[3.3229782,51.4352266],[3.323043,51.4352816],[3.3230846,51.4353162],[3.3230434,51.4353308],[3.3229051,51.4354067],[3.3229078,51.4354115],[3.3229002,51.4354238],[3.3228743,51.4354967],[3.3228582,51.4355234],[3.3228016,51.4355868],[3.3228594,51.43565],[3.3228578,51.4356765],[3.3229021,51.4356965],[3.3229784,51.4357661],[3.3230467,51.435809],[3.3231307,51.4358181],[3.3231907,51.435818],[3.3232647,51.4358553],[3.3232889,51.4359161],[3.323301,51.4359451],[3.3233356,51.4359738],[3.3234325,51.4360346],[3.3234802,51.4360786],[3.3235302,51.4361243],[3.3234818,51.436214],[3.3234823,51.4362143],[3.3234818,51.4362147],[3.3235907,51.4363039],[3.3236259,51.4363935],[3.3236258,51.4363938],[3.3236263,51.4363941],[3.3236276,51.4363938],[3.3237699,51.4363573],[3.3238546,51.4363561],[3.3239138,51.4363568],[3.3240004,51.4363028],[3.3240569,51.4362428],[3.3241048,51.4362126],[3.3241023,51.4361839],[3.3241406,51.4361226],[3.3241996,51.4360841],[3.3242603,51.4361223],[3.3243441,51.436174],[3.3244048,51.4362118],[3.3244451,51.4362744],[3.3244437,51.4363016],[3.3243454,51.4363632],[3.3242716,51.4363021],[3.3242008,51.4362576],[3.3241296,51.4363025],[3.3241068,51.4363618],[3.32413,51.4363924],[3.324202,51.4364216],[3.3242509,51.4364226],[3.3243459,51.4364211],[3.3244432,51.4364206],[3.3244896,51.4364087],[3.3246048,51.436481],[3.3246341,51.436499],[3.324768,51.4365639],[3.3247785,51.4365669],[3.3247821,51.4365704],[3.3248464,51.4366125],[3.324912,51.43666],[3.3249231,51.4366672],[3.3249344,51.436667],[3.3250673,51.4367197],[3.3251414,51.4367029],[3.3252109,51.4366879],[3.3252459,51.436659],[3.3253542,51.436605],[3.3254619,51.4366584],[3.3254219,51.4367066],[3.3254886,51.4367483],[3.3254991,51.4367503],[3.3255079,51.4367482],[3.3255079,51.4367427],[3.3255688,51.4366581],[3.3255936,51.4366277],[3.3256422,51.4366446],[3.3256678,51.4366419],[3.3257861,51.4366419],[3.3258235,51.4366574],[3.3259305,51.4367239],[3.3259552,51.436747],[3.3259673,51.4367697],[3.3260201,51.4368367],[3.3259897,51.4368905],[3.3260252,51.4369266],[3.326076,51.4369512],[3.3262161,51.4369284],[3.3262197,51.4369293],[3.3263556,51.4370156],[3.3263643,51.4370257],[3.3263802,51.4370156],[3.3264352,51.4369701],[3.3263999,51.4369256],[3.3265068,51.4368389],[3.3266171,51.4368351],[3.3266506,51.4368315],[3.3266556,51.436835],[3.3267949,51.4368814],[3.3269228,51.4369241],[3.3269217,51.436935],[3.3269224,51.4370141],[3.3269218,51.4370253],[3.3269397,51.4370192],[3.3270784,51.4370168],[3.3270836,51.4370149],[3.3270935,51.4370198],[3.3272279,51.4370885],[3.3272515,51.4370883],[3.3273717,51.4370698],[3.3274422,51.4370584],[3.3275154,51.437052],[3.3276586,51.4370122],[3.327659,51.4370123],[3.3277666,51.4371016],[3.3277319,51.4371467],[3.3277838,51.4371915],[3.3278042,51.4371962],[3.3278256,51.4372047],[3.3278252,51.4371914],[3.3279477,51.4371469],[3.3280844,51.437105],[3.3280913,51.4371028],[3.3280947,51.4371007],[3.3280912,51.4370967],[3.3280178,51.4370567],[3.3280609,51.4370109],[3.3279461,51.4369221],[3.3279163,51.4369401],[3.3278028,51.4370053],[3.3277849,51.4370005],[3.327659,51.4370111],[3.327611,51.4369222],[3.3276583,51.4369069],[3.3276871,51.4369039],[3.327802,51.4368928],[3.3279447,51.4369204],[3.3279461,51.4369205],[3.3279486,51.4369213],[3.3280904,51.4369811],[3.3281621,51.4369657],[3.328234,51.4369392],[3.3282861,51.4369528],[3.3283779,51.4369534],[3.328458,51.4369198],[3.3285214,51.4369001],[3.3285354,51.4369196],[3.3285631,51.4369454],[3.3285217,51.4369354],[3.3284234,51.4370099],[3.3285125,51.4370931],[3.3285163,51.4370995],[3.3285131,51.4371056],[3.3285229,51.4371119],[3.3286598,51.437189],[3.3285241,51.4372754],[3.3285212,51.4372775],[3.3283799,51.437233],[3.3282476,51.4372731],[3.3282363,51.4372654],[3.3282247,51.4372802],[3.3282365,51.4372933],[3.3283042,51.4373699],[3.3283663,51.4374501],[3.3283759,51.4374596],[3.3283647,51.4374702],[3.3283591,51.4375495],[3.3283823,51.437563],[3.3285075,51.4375608],[3.3285261,51.4375515],[3.3285326,51.4375531],[3.3286699,51.4375503],[3.3286786,51.4375541],[3.3286789,51.4375487],[3.3288133,51.4374722],[3.3288349,51.4374583],[3.3288229,51.4374522],[3.3289006,51.4373682],[3.3288647,51.4373112],[3.3288656,51.4372784],[3.3289551,51.4371908],[3.3289579,51.4371882],[3.3289591,51.4371857],[3.3290416,51.437098],[3.329098,51.4370527],[3.3291543,51.4370078],[3.3291684,51.4369634],[3.3291836,51.4369178],[3.3291443,51.4368578],[3.3291317,51.436828],[3.3291321,51.4368056],[3.3291536,51.4367381],[3.3290953,51.4366785],[3.3290744,51.4366484],[3.3290944,51.4365618],[3.3292388,51.4366479],[3.3292389,51.4366479],[3.329239,51.4366479],[3.329239,51.4366478],[3.3292446,51.436558],[3.3293115,51.4365138],[3.3292798,51.4364679],[3.3293087,51.4364232],[3.3293212,51.4363779],[3.3293804,51.4363175],[3.3294176,51.4362877],[3.3293799,51.4362434],[3.329308,51.436243],[3.3293494,51.436198],[3.3293321,51.4361375],[3.3293438,51.4361081],[3.3293067,51.4360632],[3.3292811,51.4360183],[3.329325,51.4359613],[3.3293001,51.4359284],[3.3293773,51.4358784],[3.3293956,51.4358382],[3.3293768,51.4358109],[3.3293334,51.4357484],[3.329376,51.4357002],[3.3294087,51.4356583],[3.329419,51.4356311],[3.3294443,51.4355683],[3.3295186,51.4355211],[3.3295574,51.4354781],[3.3295865,51.4354351],[3.3296116,51.435388],[3.3296113,51.4353291],[3.3296255,51.435298],[3.3296256,51.4352761],[3.3296008,51.4352082],[3.3296598,51.4351534],[3.3297903,51.4351259],[3.3298035,51.435128],[3.3298247,51.4351176],[3.329846,51.4350908],[3.3299119,51.4350275],[3.3299464,51.4350058],[3.3300252,51.4349778],[3.3300899,51.4349548],[3.330178,51.4349917],[3.3302342,51.435012],[3.3302674,51.4350057],[3.3303781,51.4350216],[3.3304196,51.4349361],[3.330521,51.4348807],[3.3305514,51.4348458],[3.3306616,51.4347571],[3.3306626,51.4347556],[3.3306639,51.4347546],[3.3307205,51.4346655],[3.3308067,51.434599],[3.3309213,51.434575],[3.3309503,51.4345682],[3.3310741,51.4344847],[3.3310935,51.4344748],[3.3311972,51.4343944],[3.3312366,51.4343674],[3.3313409,51.4343286],[3.3313801,51.4343141],[3.3313961,51.4343039],[3.3315233,51.4342243],[3.3315372,51.4342136],[3.331591,51.4341709],[3.3316361,51.4341234],[3.3316663,51.4341076],[3.3317904,51.4340331],[3.3318095,51.4340245],[3.3319394,51.4339427],[3.3319528,51.4339366],[3.3319705,51.4339315],[3.3320963,51.4338996],[3.3321716,51.4338521],[3.3322396,51.4338162],[3.332355,51.4337617],[3.3323829,51.4337427],[3.3324518,51.4337183],[3.3325264,51.4336855],[3.3325717,51.4336712],[3.3326697,51.4336158],[3.3326944,51.4335809],[3.3328089,51.4334931],[3.3328118,51.4334907],[3.3328127,51.4334901],[3.3328147,51.4334894],[3.3329561,51.4334371],[3.3330488,51.433432],[3.3331,51.4334319],[3.3332305,51.4334809],[3.3332442,51.4334842],[3.3333333,51.4334862]]},"properties":{"rawObjectClass":"DEPCNT","VALDCO":6.5,"depthDatum":"Approximate LAT","depthDatumCode":42,"depthDatumStatus":"VERIFIED_FROM_OFFICIAL_DOCUMENTATION","verticalDatum":"Local Datum","verticalDatumCode":24,"napIdentityStatus":"UNVERIFIED","sourceKind":"official","sourceCellId":"1R75883I","sourceStableId":"1F2B6A4B9FC6759A","sourceChecksum":"7c265c9fd48cb0677b21c9e60c88de7230e0e5b27a4f98bc2d44d93527f2082a","pipelineFeatureId":"1R75883I/DEPCNT/1281233414","provenance":{"cellId":"1R75883I","checksum":"7c265c9fd48cb0677b21c9e60c88de7230e0e5b27a4f98bc2d44d93527f2082a","readerVersion":"GDAL 3.2.2","processedAt":"2026-08-11T13:43:44.753Z"},"sourceProperties":{"RCID":1281233414,"PRIM":2,"GRUP":2,"OBJL":43,"RVER":1,"AGEN":7979,"FIDN":1783340998,"FIDS":30106,"LNAM":"1F2B6A4B9FC6759A","VALDCO":6.5,"SCAMIN":15000,"sourceCellId":"1R75883I","sourceChecksum":"7c265c9fd48cb0677b21c9e60c88de7230e0e5b27a4f98bc2d44d93527f2082a","rawObjectClass":"DEPCNT","sourceStableId":"1F2B6A4B9FC6759A"}}},{"type":"Feature","geometry":{"type":"LineString","coordinates":[[3.3239026,51.4347726],[3.3239058,51.4347725],[3.3240465,51.434773],[3.3240493,51.4347741],[3.3241908,51.4348432],[3.3242947,51.4348633],[3.3241913,51.4349138],[3.3241109,51.4348638],[3.3240465,51.4347813],[3.3239236,51.4347875],[3.3239026,51.4347779],[3.3238986,51.4347745],[3.3239026,51.4347726]]},"properties":{"rawObjectClass":"DEPCNT","VALDCO":6.5,"depthDatum":"Approximate LAT","depthDatumCode":42,"depthDatumStatus":"VERIFIED_FROM_OFFICIAL_DOCUMENTATION","verticalDatum":"Local Datum","verticalDatumCode":24,"napIdentityStatus":"UNVERIFIED","sourceKind":"official","sourceCellId":"1R75883I","sourceStableId":"1F2B6A4B9FC6759B","sourceChecksum":"7c265c9fd48cb0677b21c9e60c88de7230e0e5b27a4f98bc2d44d93527f2082a","pipelineFeatureId":"1R75883I/DEPCNT/1281233415","provenance":{"cellId":"1R75883I","checksum":"7c265c9fd48cb0677b21c9e60c88de7230e0e5b27a4f98bc2d44d93527f2082a","readerVersion":"GDAL 3.2.2","processedAt":"2026-08-11T13:43:44.753Z"},"sourceProperties":{"RCID":1281233415,"PRIM":2,"GRUP":2,"OBJL":43,"RVER":1,"AGEN":7979,"FIDN":1783340998,"FIDS":30107,"LNAM":"1F2B6A4B9FC6759B","VALDCO":6.5,"SCAMIN":15000,"sourceCellId":"1R75883I","sourceChecksum":"7c265c9fd48cb0677b21c9e60c88de7230e0e5b27a4f98bc2d44d93527f2082a","rawObjectClass":"DEPCNT","sourceStableId":"1F2B6A4B9FC6759B"}}},{"type":"Feature","geometry":{"type":"LineString","coordinates":[[3.3214512,51.4339477],[3.3214968,51.4339718],[3.321537,51.4340251],[3.3215294,51.4340617],[3.3214522,51.4340876],[3.3214041,51.4340921],[3.3213082,51.4340812],[3.3212847,51.4340623],[3.3212826,51.4340464],[3.3212484,51.4339725],[3.3213072,51.4339283],[3.321392,51.4339352],[3.3214512,51.4339477]]},"properties":{"rawObjectClass":"DEPCNT","VALDCO":6.5,"depthDatum":"Approximate LAT","depthDatumCode":42,"depthDatumStatus":"VERIFIED_FROM_OFFICIAL_DOCUMENTATION","verticalDatum":"Local Datum","verticalDatumCode":24,"napIdentityStatus":"UNVERIFIED","sourceKind":"official","sourceCellId":"1R75883I","sourceStableId":"1F2B6A4B9FC6759C","sourceChecksum":"7c265c9fd48cb0677b21c9e60c88de7230e0e5b27a4f98bc2d44d93527f2082a","pipelineFeatureId":"1R75883I/DEPCNT/1281233416","provenance":{"cellId":"1R75883I","checksum":"7c265c9fd48cb0677b21c9e60c88de7230e0e5b27a4f98bc2d44d93527f2082a","readerVersion":"GDAL 3.2.2","processedAt":"2026-08-11T13:43:44.753Z"},"sourceProperties":{"RCID":1281233416,"PRIM":2,"GRUP":2,"OBJL":43,"RVER":1,"AGEN":7979,"FIDN":1783340998,"FIDS":30108,"LNAM":"1F2B6A4B9FC6759C","VALDCO":6.5,"SCAMIN":15000,"sourceCellId":"1R75883I","sourceChecksum":"7c265c9fd48cb0677b21c9e60c88de7230e0e5b27a4f98bc2d44d93527f2082a","rawObjectClass":"DEPCNT","sourceStableId":"1F2B6A4B9FC6759C"}}},{"type":"Feature","geometry":{"type":"LineString","coordinates":[[3.259714,51.4668552],[3.2596351,51.4669084],[3.2595544,51.4669455],[3.2596356,51.4669938],[3.2596866,51.4669452],[3.259779,51.4668905],[3.2598821,51.4669448],[3.2599234,51.4669726],[3.260041,51.4670343],[3.2600678,51.4670528],[3.2601824,51.4671054],[3.2602121,51.4671123],[3.2602282,51.4671238],[3.2602243,51.4671314],[3.2602899,51.4672136],[3.2603571,51.4672853],[3.2604015,51.4672755],[3.260501,51.4672751],[3.2605509,51.4673029],[3.2606455,51.4673724],[3.2606771,51.4673926],[3.2606457,51.4674122],[3.260574,51.4674827],[3.2606464,51.4675328],[3.2607802,51.4674823],[3.26079,51.467476],[3.2608,51.4674822],[3.2608441,51.4675158],[3.2607901,51.4674859],[3.2606918,51.4675724],[3.260791,51.4676397],[3.2609091,51.4675878],[3.2609346,51.4675846],[3.2609491,51.4675808],[3.2610787,51.4676102],[3.26116,51.4676613],[3.2612233,51.46771],[3.2612886,51.4677509],[3.2613678,51.4678155],[3.2614129,51.4678405],[3.2615003,51.4679227],[3.2615,51.4679303],[3.2614895,51.4680056],[3.2613687,51.467962],[3.2613044,51.4679307],[3.2612242,51.4678667],[3.26116,51.4678411],[3.2610799,51.4678172],[3.2610056,51.4677951],[3.2609358,51.4677956],[3.2607925,51.467752],[3.2607916,51.4677518],[3.2607908,51.4677515],[3.2606473,51.4676841],[3.2606108,51.4676625],[3.2605029,51.4676208],[3.2604131,51.467573],[3.2603585,51.4675442],[3.2602593,51.4674834],[3.2602141,51.467459],[3.2601541,51.4673937],[3.2600693,51.4673179],[3.2600468,51.4673041],[3.2599249,51.4672405],[3.2598828,51.4672145],[3.2597805,51.4671634],[3.2597219,51.467125],[3.2596361,51.4670779],[3.2595665,51.4670354],[3.2594916,51.4669869],[3.2594246,51.4669458],[3.2593471,51.4668952],[3.2592839,51.4668562],[3.2592026,51.4668028],[3.2591394,51.4667666],[3.2590582,51.4667127],[3.2590005,51.466677],[3.2589137,51.46662],[3.2588604,51.4665873],[3.2587692,51.466527],[3.2587214,51.4664977],[3.2586247,51.466438],[3.2585763,51.4664081],[3.2586244,51.4663797],[3.2586695,51.4663798],[3.2587683,51.4663624],[3.2588497,51.4664075],[3.2589127,51.466456],[3.2590202,51.4664971],[3.2590571,51.4665177],[3.2591343,51.4665449],[3.2592013,51.4665733],[3.2592227,51.4665865],[3.2593457,51.4666406],[3.2593987,51.4666761],[3.2594901,51.4667225],[3.2595625,51.4667656],[3.2596345,51.466802],[3.259714,51.4668552]]},"properties":{"rawObjectClass":"DEPCNT","VALDCO":6.5,"depthDatum":"Approximate LAT","depthDatumCode":42,"depthDatumStatus":"VERIFIED_FROM_OFFICIAL_DOCUMENTATION","verticalDatum":"Local Datum","verticalDatumCode":24,"napIdentityStatus":"UNVERIFIED","sourceKind":"official","sourceCellId":"1R75883I","sourceStableId":"1F2B6A4B9FC6759D","sourceChecksum":"7c265c9fd48cb0677b21c9e60c88de7230e0e5b27a4f98bc2d44d93527f2082a","pipelineFeatureId":"1R75883I/DEPCNT/1281233417","provenance":{"cellId":"1R75883I","checksum":"7c265c9fd48cb0677b21c9e60c88de7230e0e5b27a4f98bc2d44d93527f2082a","readerVersion":"GDAL 3.2.2","processedAt":"2026-08-11T13:43:44.753Z"},"sourceProperties":{"RCID":1281233417,"PRIM":2,"GRUP":2,"OBJL":43,"RVER":1,"AGEN":7979,"FIDN":1783340998,"FIDS":30109,"LNAM":"1F2B6A4B9FC6759D","VALDCO":6.5,"SCAMIN":15000,"sourceCellId":"1R75883I","sourceChecksum":"7c265c9fd48cb0677b21c9e60c88de7230e0e5b27a4f98bc2d44d93527f2082a","rawObjectClass":"DEPCNT","sourceStableId":"1F2B6A4B9FC6759D"}}},{"type":"Feature","geometry":{"type":"LineString","coordinates":[[3.2720298,51.4692567],[3.2720261,51.4692551],[3.2719993,51.4692361],[3.2719211,51.4691654],[3.2718852,51.469152],[3.271858,51.4691486],[3.271741,51.4691182],[3.2716647,51.4691183],[3.2715971,51.4691184],[3.2714811,51.4690765],[3.2714525,51.4690094],[3.2713432,51.4690768],[3.271309,51.4690996],[3.2711983,51.469098],[3.2712746,51.4691669],[3.2711659,51.4692359],[3.2710594,51.4691674],[3.2711346,51.4690963],[3.2710214,51.4691528],[3.2709921,51.4691676],[3.2708779,51.4692403],[3.2707558,51.469182],[3.2708407,51.4692578],[3.2708782,51.4692811],[3.2709155,51.4692577],[3.2710216,51.469192],[3.2711308,51.4692572],[3.2710624,51.4693223],[3.2710321,51.4693473],[3.2711669,51.4694157],[3.2712513,51.4693839],[3.2712257,51.4694368],[3.2712562,51.4694922],[3.271253,51.4695266],[3.2713117,51.4695492],[3.2713905,51.4696162],[3.2714563,51.4696497],[3.271545,51.4696712],[3.2716004,51.4696717],[3.2716566,51.4697055],[3.2717447,51.4697328],[3.2718289,51.4697951],[3.2718893,51.4698328],[3.2720076,51.4698106],[3.2720332,51.4698204],[3.2721592,51.4698728],[3.2721775,51.4698813],[3.2723196,51.4698826],[3.2723215,51.4698829],[3.272324,51.4698838],[3.2724658,51.4699502],[3.2725429,51.4699732],[3.2726101,51.4699928],[3.272653,51.4699997],[3.2727417,51.4699728],[3.2727539,51.4699715],[3.2727577,51.4699727],[3.2728983,51.4700394],[3.2730032,51.4700377],[3.2730423,51.4700455],[3.2730959,51.4700619],[3.2731866,51.4701058],[3.2732875,51.4700883],[3.2733306,51.4701016],[3.2733825,51.4701188],[3.2734746,51.4701035],[3.2735751,51.4701507],[3.273619,51.4701776],[3.273684,51.470191],[3.273763,51.4701925],[3.2738427,51.4701902],[3.2739069,51.4701767],[3.2739709,51.4701897],[3.274051,51.4701913],[3.2741917,51.4701511],[3.2741947,51.4701502],[3.2741976,51.470151],[3.2741955,51.4701492],[3.2741947,51.4701486],[3.2741936,51.4701486],[3.2740506,51.4701285],[3.2739772,51.4700598],[3.2739059,51.470007],[3.2738622,51.4699702],[3.2737613,51.4698964],[3.2737361,51.4698805],[3.2736168,51.4698184],[3.2735541,51.4698303],[3.2734729,51.4698301],[3.273333,51.4697942],[3.2733287,51.4697927],[3.273327,51.4697916],[3.2731842,51.4697039],[3.2731811,51.469702],[3.2730398,51.469626],[3.2729802,51.4696125],[3.2728953,51.4695312],[3.272882,51.4695229],[3.2728705,51.4695075],[3.2727917,51.4694331],[3.2727506,51.4694137],[3.2726916,51.4693966],[3.2726064,51.4693799],[3.2725626,51.4693438],[3.2724619,51.469293],[3.2723814,51.4693046],[3.2723179,51.4692915],[3.2721944,51.4692675],[3.2721738,51.4692584],[3.272034,51.4692577],[3.2720298,51.4692567]]},"properties":{"rawObjectClass":"DEPCNT","VALDCO":6.5,"depthDatum":"Approximate LAT","depthDatumCode":42,"depthDatumStatus":"VERIFIED_FROM_OFFICIAL_DOCUMENTATION","verticalDatum":"Local Datum","verticalDatumCode":24,"napIdentityStatus":"UNVERIFIED","sourceKind":"official","sourceCellId":"1R75883I","sourceStableId":"1F2B6A4B9FC6759E","sourceChecksum":"7c265c9fd48cb0677b21c9e60c88de7230e0e5b27a4f98bc2d44d93527f2082a","pipelineFeatureId":"1R75883I/DEPCNT/1281233418","provenance":{"cellId":"1R75883I","checksum":"7c265c9fd48cb0677b21c9e60c88de7230e0e5b27a4f98bc2d44d93527f2082a","readerVersion":"GDAL 3.2.2","processedAt":"2026-08-11T13:43:44.753Z"},"sourceProperties":{"RCID":1281233418,"PRIM":2,"GRUP":2,"OBJL":43,"RVER":1,"AGEN":7979,"FIDN":1783340998,"FIDS":30110,"LNAM":"1F2B6A4B9FC6759E","VALDCO":6.5,"SCAMIN":15000,"sourceCellId":"1R75883I","sourceChecksum":"7c265c9fd48cb0677b21c9e60c88de7230e0e5b27a4f98bc2d44d93527f2082a","rawObjectClass":"DEPCNT","sourceStableId":"1F2B6A4B9FC6759E"}}},{"type":"Feature","geometry":{"type":"LineString","coordinates":[[3.2678447,51.4714227],[3.267723,51.4713524],[3.2676895,51.4713332],[3.2675785,51.4712653],[3.2675433,51.4712436],[3.2674927,51.4711904],[3.2675074,51.4711538],[3.2674858,51.4710965],[3.26746,51.4710639],[3.2674332,51.4710445],[3.2673175,51.4709744],[3.2672887,51.4709519],[3.2671836,51.4708847],[3.2671442,51.4708515],[3.2670495,51.4707951],[3.2669996,51.4707477],[3.2669309,51.4707055],[3.2668661,51.4706227],[3.2668584,51.4706157],[3.2668548,51.4706126],[3.2667887,51.4705747],[3.2667104,51.4705337],[3.2666993,51.4705262],[3.2666982,51.4705186],[3.2666129,51.4704365],[3.2665656,51.4703926],[3.2665173,51.4703468],[3.266424,51.470259],[3.266565,51.4702989],[3.266693,51.4703362],[3.2667092,51.4703368],[3.2668526,51.4703456],[3.2668533,51.4703458],[3.2669978,51.4704351],[3.2669985,51.4704356],[3.2671421,51.4704966],[3.2671892,51.4705251],[3.2672866,51.470583],[3.2673627,51.4706146],[3.2674309,51.4706447],[3.2675243,51.4707041],[3.2675754,51.470735],[3.26767,51.4707937],[3.2677199,51.4708258],[3.2678142,51.4708833],[3.2678644,51.4709132],[3.2679605,51.4709729],[3.2680089,51.4710032],[3.2681033,51.4710625],[3.2681534,51.4710955],[3.2682453,51.4711521],[3.268298,51.4712003],[3.2683631,51.4712417],[3.2685726,51.4713312],[3.2685868,51.4713396],[3.2687157,51.4714207],[3.2687313,51.4714311],[3.2688638,51.4715103],[3.2688758,51.4715176],[3.2690075,51.4715999],[3.2690203,51.471608],[3.269151,51.4716895],[3.2691648,51.4716949],[3.269299,51.4717791],[3.2693094,51.471801],[3.2694042,51.4718688],[3.2695527,51.4719583],[3.2695984,51.4719861],[3.2697043,51.4720479],[3.2697429,51.4720731],[3.2698509,51.4721375],[3.2698874,51.4721616],[3.2699777,51.4722271],[3.2699817,51.4722855],[3.2700229,51.4723169],[3.2700323,51.4723244],[3.2701643,51.4724065],[3.2701769,51.4724171],[3.2703054,51.4724961],[3.2702717,51.4725273],[3.2703214,51.4725113],[3.2704355,51.4725857],[3.2703223,51.4726562],[3.2702602,51.4726761],[3.2701787,51.4727335],[3.2701301,51.4727359],[3.2700345,51.4726882],[3.2700155,51.4726766],[3.2698901,51.4726116],[3.2698508,51.4725871],[3.2697456,51.4725308],[3.2696916,51.4724975],[3.2696012,51.4724548],[3.2695265,51.472408],[3.2694567,51.4723688],[3.269353,51.4723185],[3.2693123,51.4722961],[3.2691903,51.4722289],[3.2691678,51.4722166],[3.2690234,51.4721371],[3.2689092,51.4720497],[3.2688787,51.4720235],[3.2687715,51.4719832],[3.2687345,51.4719724],[3.2687149,51.4719603],[3.2686202,51.4718894],[3.2685927,51.4718706],[3.2685899,51.471869],[3.2684471,51.471781],[3.2684454,51.4717799],[3.2684253,51.4717686],[3.268301,51.4717043],[3.2682807,51.4716915],[3.2681565,51.4716147],[3.2681352,51.4716019],[3.268012,51.4715357],[3.267975,51.4715124],[3.2678675,51.4714465],[3.2678447,51.4714227]]},"properties":{"rawObjectClass":"DEPCNT","VALDCO":6.5,"depthDatum":"Approximate LAT","depthDatumCode":42,"depthDatumStatus":"VERIFIED_FROM_OFFICIAL_DOCUMENTATION","verticalDatum":"Local Datum","verticalDatumCode":24,"napIdentityStatus":"UNVERIFIED","sourceKind":"official","sourceCellId":"1R75883I","sourceStableId":"1F2B6A4B9FC6759F","sourceChecksum":"7c265c9fd48cb0677b21c9e60c88de7230e0e5b27a4f98bc2d44d93527f2082a","pipelineFeatureId":"1R75883I/DEPCNT/1281233420","provenance":{"cellId":"1R75883I","checksum":"7c265c9fd48cb0677b21c9e60c88de7230e0e5b27a4f98bc2d44d93527f2082a","readerVersion":"GDAL 3.2.2","processedAt":"2026-08-11T13:43:44.753Z"},"sourceProperties":{"RCID":1281233420,"PRIM":2,"GRUP":2,"OBJL":43,"RVER":1,"AGEN":7979,"FIDN":1783340998,"FIDS":30111,"LNAM":"1F2B6A4B9FC6759F","VALDCO":6.5,"SCAMIN":15000,"sourceCellId":"1R75883I","sourceChecksum":"7c265c9fd48cb0677b21c9e60c88de7230e0e5b27a4f98bc2d44d93527f2082a","rawObjectClass":"DEPCNT","sourceStableId":"1F2B6A4B9FC6759F"}}},{"type":"Feature","geometry":{"type":"LineString","coordinates":[[3.3233313,51.4349559],[3.3234729,51.4350362],[3.3235888,51.4349552],[3.3235861,51.4349365],[3.3235614,51.4348653],[3.3236153,51.4348286],[3.3236782,51.434865],[3.3236522,51.4349324],[3.3236575,51.434955],[3.3236164,51.434989],[3.3235056,51.4350453],[3.3234731,51.4350655],[3.3233375,51.4351357],[3.3233578,51.4351531],[3.3233298,51.4351424],[3.3233148,51.4351358],[3.3233194,51.4351293],[3.3233297,51.4351335],[3.3234566,51.4350455],[3.3233285,51.4349579],[3.3233193,51.4349616],[3.3233228,51.4349559],[3.3233284,51.4349534],[3.3233313,51.4349559]]},"properties":{"rawObjectClass":"DEPCNT","VALDCO":6.5,"depthDatum":"Approximate LAT","depthDatumCode":42,"depthDatumStatus":"VERIFIED_FROM_OFFICIAL_DOCUMENTATION","verticalDatum":"Local Datum","verticalDatumCode":24,"napIdentityStatus":"UNVERIFIED","sourceKind":"official","sourceCellId":"1R75883I","sourceStableId":"1F2B6A4B9FC675A0","sourceChecksum":"7c265c9fd48cb0677b21c9e60c88de7230e0e5b27a4f98bc2d44d93527f2082a","pipelineFeatureId":"1R75883I/DEPCNT/1281233421","provenance":{"cellId":"1R75883I","checksum":"7c265c9fd48cb0677b21c9e60c88de7230e0e5b27a4f98bc2d44d93527f2082a","readerVersion":"GDAL 3.2.2","processedAt":"2026-08-11T13:43:44.753Z"},"sourceProperties":{"RCID":1281233421,"PRIM":2,"GRUP":2,"OBJL":43,"RVER":1,"AGEN":7979,"FIDN":1783340998,"FIDS":30112,"LNAM":"1F2B6A4B9FC675A0","VALDCO":6.5,"SCAMIN":15000,"sourceCellId":"1R75883I","sourceChecksum":"7c265c9fd48cb0677b21c9e60c88de7230e0e5b27a4f98bc2d44d93527f2082a","rawObjectClass":"DEPCNT","sourceStableId":"1F2B6A4B9FC675A0"}}},{"type":"Feature","geometry":{"type":"LineString","coordinates":[[3.2763505,51.4695169],[3.276337,51.4695148],[3.2762063,51.469482],[3.2760935,51.4694254],[3.2760619,51.4694119],[3.2759563,51.4694017],[3.2759179,51.4694049],[3.275865,51.469393],[3.2757843,51.4694261],[3.275774,51.4694304],[3.2756927,51.4695163],[3.275775,51.4695819],[3.2758062,51.4696059],[3.2758506,51.4696528],[3.2758518,51.4696957],[3.2759201,51.4697733],[3.2759304,51.4697855],[3.275941,51.4697984],[3.2760028,51.4698752],[3.2760649,51.4699164],[3.2761455,51.4699145],[3.2762089,51.4699143],[3.2763449,51.4699592],[3.2763531,51.4699621],[3.2763606,51.4699643],[3.2764974,51.4700068],[3.2766316,51.4700474],[3.2766416,51.4700505],[3.2766449,51.4700515],[3.2767855,51.4700299],[3.2768618,51.470053],[3.2769295,51.4701424],[3.2769298,51.4701428],[3.2769301,51.4701429],[3.2770739,51.4701106],[3.277211,51.4701377],[3.277218,51.4701378],[3.2773129,51.470052],[3.2772172,51.4699953],[3.2771611,51.4699624],[3.2770727,51.4699073],[3.2770173,51.4698728],[3.276928,51.4697871],[3.2769248,51.4697831],[3.2767835,51.4696983],[3.2767732,51.4696936],[3.2767516,51.4696738],[3.2766481,51.4696039],[3.2766389,51.4696002],[3.2765015,51.4695144],[3.2764944,51.4695104],[3.2764828,51.4695072],[3.2763762,51.4695147],[3.2763637,51.4695229],[3.2763505,51.4695169]]},"properties":{"rawObjectClass":"DEPCNT","VALDCO":6.5,"depthDatum":"Approximate LAT","depthDatumCode":42,"depthDatumStatus":"VERIFIED_FROM_OFFICIAL_DOCUMENTATION","verticalDatum":"Local Datum","verticalDatumCode":24,"napIdentityStatus":"UNVERIFIED","sourceKind":"official","sourceCellId":"1R75883I","sourceStableId":"1F2B6A4B9FC675A1","sourceChecksum":"7c265c9fd48cb0677b21c9e60c88de7230e0e5b27a4f98bc2d44d93527f2082a","pipelineFeatureId":"1R75883I/DEPCNT/1281233422","provenance":{"cellId":"1R75883I","checksum":"7c265c9fd48cb0677b21c9e60c88de7230e0e5b27a4f98bc2d44d93527f2082a","readerVersion":"GDAL 3.2.2","processedAt":"2026-08-11T13:43:44.753Z"},"sourceProperties":{"RCID":1281233422,"PRIM":2,"GRUP":2,"OBJL":43,"RVER":1,"AGEN":7979,"FIDN":1783340998,"FIDS":30113,"LNAM":"1F2B6A4B9FC675A1","VALDCO":6.5,"SCAMIN":15000,"sourceCellId":"1R75883I","sourceChecksum":"7c265c9fd48cb0677b21c9e60c88de7230e0e5b27a4f98bc2d44d93527f2082a","rawObjectClass":"DEPCNT","sourceStableId":"1F2B6A4B9FC675A1"}}},{"type":"Feature","geometry":{"type":"LineString","coordinates":[[3.2642522,51.4695426],[3.2641126,51.4694572],[3.264105,51.469453],[3.2639682,51.4693672],[3.263962,51.4693634],[3.2639277,51.4693384],[3.263968,51.4693422],[3.2640054,51.4693633],[3.2641125,51.4694253],[3.2642189,51.4694293],[3.2642565,51.4694451],[3.2642685,51.4694527],[3.2644011,51.4695372],[3.2644137,51.4695423],[3.2644011,51.4695498],[3.2642734,51.4695527],[3.2642571,51.4695462],[3.2642522,51.4695426]]},"properties":{"rawObjectClass":"DEPCNT","VALDCO":6.5,"depthDatum":"Approximate LAT","depthDatumCode":42,"depthDatumStatus":"VERIFIED_FROM_OFFICIAL_DOCUMENTATION","verticalDatum":"Local Datum","verticalDatumCode":24,"napIdentityStatus":"UNVERIFIED","sourceKind":"official","sourceCellId":"1R75883I","sourceStableId":"1F2B6A4B9FC675A2","sourceChecksum":"7c265c9fd48cb0677b21c9e60c88de7230e0e5b27a4f98bc2d44d93527f2082a","pipelineFeatureId":"1R75883I/DEPCNT/1281233425","provenance":{"cellId":"1R75883I","checksum":"7c265c9fd48cb0677b21c9e60c88de7230e0e5b27a4f98bc2d44d93527f2082a","readerVersion":"GDAL 3.2.2","processedAt":"2026-08-11T13:43:44.753Z"},"sourceProperties":{"RCID":1281233425,"PRIM":2,"GRUP":2,"OBJL":43,"RVER":1,"AGEN":7979,"FIDN":1783340998,"FIDS":30114,"LNAM":"1F2B6A4B9FC675A2","VALDCO":6.5,"SCAMIN":15000,"sourceCellId":"1R75883I","sourceChecksum":"7c265c9fd48cb0677b21c9e60c88de7230e0e5b27a4f98bc2d44d93527f2082a","rawObjectClass":"DEPCNT","sourceStableId":"1F2B6A4B9FC675A2"}}},{"type":"Feature","geometry":{"type":"LineString","coordinates":[[3.265834,51.4683712],[3.2656895,51.4682848],[3.2656811,51.4682805],[3.2656492,51.4682556],[3.2656526,51.4681907],[3.2656889,51.4681774],[3.2657079,51.4681906],[3.2658334,51.4682697],[3.265871,51.4682566],[3.2658443,51.4682802],[3.2659764,51.4683688],[3.2659732,51.4683698],[3.2659774,51.4684591],[3.265834,51.4683712]]},"properties":{"rawObjectClass":"DEPCNT","VALDCO":6.5,"depthDatum":"Approximate LAT","depthDatumCode":42,"depthDatumStatus":"VERIFIED_FROM_OFFICIAL_DOCUMENTATION","verticalDatum":"Local Datum","verticalDatumCode":24,"napIdentityStatus":"UNVERIFIED","sourceKind":"official","sourceCellId":"1R75883I","sourceStableId":"1F2B6A4B9FC675A3","sourceChecksum":"7c265c9fd48cb0677b21c9e60c88de7230e0e5b27a4f98bc2d44d93527f2082a","pipelineFeatureId":"1R75883I/DEPCNT/1281233426","provenance":{"cellId":"1R75883I","checksum":"7c265c9fd48cb0677b21c9e60c88de7230e0e5b27a4f98bc2d44d93527f2082a","readerVersion":"GDAL 3.2.2","processedAt":"2026-08-11T13:43:44.753Z"},"sourceProperties":{"RCID":1281233426,"PRIM":2,"GRUP":2,"OBJL":43,"RVER":1,"AGEN":7979,"FIDN":1783340998,"FIDS":30115,"LNAM":"1F2B6A4B9FC675A3","VALDCO":6.5,"SCAMIN":15000,"sourceCellId":"1R75883I","sourceChecksum":"7c265c9fd48cb0677b21c9e60c88de7230e0e5b27a4f98bc2d44d93527f2082a","rawObjectClass":"DEPCNT","sourceStableId":"1F2B6A4B9FC675A3"}}},{"type":"Feature","geometry":{"type":"LineString","coordinates":[[3.263974,51.4699029],[3.2639869,51.4699127],[3.2639713,51.4699063],[3.2639685,51.4699029],[3.2638268,51.4698284],[3.2638026,51.4698134],[3.2636824,51.4697488],[3.263642,51.4697238],[3.2636821,51.4696945],[3.2637291,51.4697236],[3.2638267,51.4697953],[3.2638554,51.4698133],[3.2639712,51.4699008],[3.263974,51.4699029]]},"properties":{"rawObjectClass":"DEPCNT","VALDCO":6.5,"depthDatum":"Approximate LAT","depthDatumCode":42,"depthDatumStatus":"VERIFIED_FROM_OFFICIAL_DOCUMENTATION","verticalDatum":"Local Datum","verticalDatumCode":24,"napIdentityStatus":"UNVERIFIED","sourceKind":"official","sourceCellId":"1R75883I","sourceStableId":"1F2B6A4B9FC675A4","sourceChecksum":"7c265c9fd48cb0677b21c9e60c88de7230e0e5b27a4f98bc2d44d93527f2082a","pipelineFeatureId":"1R75883I/DEPCNT/1281233430","provenance":{"cellId":"1R75883I","checksum":"7c265c9fd48cb0677b21c9e60c88de7230e0e5b27a4f98bc2d44d93527f2082a","readerVersion":"GDAL 3.2.2","processedAt":"2026-08-11T13:43:44.753Z"},"sourceProperties":{"RCID":1281233430,"PRIM":2,"GRUP":2,"OBJL":43,"RVER":1,"AGEN":7979,"FIDN":1783340998,"FIDS":30116,"LNAM":"1F2B6A4B9FC675A4","VALDCO":6.5,"SCAMIN":15000,"sourceCellId":"1R75883I","sourceChecksum":"7c265c9fd48cb0677b21c9e60c88de7230e0e5b27a4f98bc2d44d93527f2082a","rawObjectClass":"DEPCNT","sourceStableId":"1F2B6A4B9FC675A4"}}},{"type":"Feature","geometry":{"type":"LineString","coordinates":[[3.3236183,51.435262],[3.3235002,51.4352252],[3.3236175,51.4351504],[3.3236594,51.4351609],[3.3237617,51.4351972],[3.3238226,51.4352243],[3.3237622,51.4352629],[3.323704,51.4352781],[3.3236183,51.435262]]},"properties":{"rawObjectClass":"DEPCNT","VALDCO":6.5,"depthDatum":"Approximate LAT","depthDatumCode":42,"depthDatumStatus":"VERIFIED_FROM_OFFICIAL_DOCUMENTATION","verticalDatum":"Local Datum","verticalDatumCode":24,"napIdentityStatus":"UNVERIFIED","sourceKind":"official","sourceCellId":"1R75883I","sourceStableId":"1F2B6A4B9FC675A5","sourceChecksum":"7c265c9fd48cb0677b21c9e60c88de7230e0e5b27a4f98bc2d44d93527f2082a","pipelineFeatureId":"1R75883I/DEPCNT/1281233431","provenance":{"cellId":"1R75883I","checksum":"7c265c9fd48cb0677b21c9e60c88de7230e0e5b27a4f98bc2d44d93527f2082a","readerVersion":"GDAL 3.2.2","processedAt":"2026-08-11T13:43:44.753Z"},"sourceProperties":{"RCID":1281233431,"PRIM":2,"GRUP":2,"OBJL":43,"RVER":1,"AGEN":7979,"FIDN":1783340998,"FIDS":30117,"LNAM":"1F2B6A4B9FC675A5","VALDCO":6.5,"SCAMIN":15000,"sourceCellId":"1R75883I","sourceChecksum":"7c265c9fd48cb0677b21c9e60c88de7230e0e5b27a4f98bc2d44d93527f2082a","rawObjectClass":"DEPCNT","sourceStableId":"1F2B6A4B9FC675A5"}}},{"type":"Feature","geometry":{"type":"LineString","coordinates":[[3.3203029,51.4343146],[3.3203665,51.4343346],[3.3204471,51.4343729],[3.3205292,51.4344241],[3.3204479,51.4344763],[3.3203925,51.4344244],[3.3203032,51.4343589],[3.3202412,51.4343349],[3.3203029,51.4343146]]},"properties":{"rawObjectClass":"DEPCNT","VALDCO":6.5,"depthDatum":"Approximate LAT","depthDatumCode":42,"depthDatumStatus":"VERIFIED_FROM_OFFICIAL_DOCUMENTATION","verticalDatum":"Local Datum","verticalDatumCode":24,"napIdentityStatus":"UNVERIFIED","sourceKind":"official","sourceCellId":"1R75883I","sourceStableId":"1F2B6A4B9FC675A6","sourceChecksum":"7c265c9fd48cb0677b21c9e60c88de7230e0e5b27a4f98bc2d44d93527f2082a","pipelineFeatureId":"1R75883I/DEPCNT/1281233439","provenance":{"cellId":"1R75883I","checksum":"7c265c9fd48cb0677b21c9e60c88de7230e0e5b27a4f98bc2d44d93527f2082a","readerVersion":"GDAL 3.2.2","processedAt":"2026-08-11T13:43:44.753Z"},"sourceProperties":{"RCID":1281233439,"PRIM":2,"GRUP":2,"OBJL":43,"RVER":1,"AGEN":7979,"FIDN":1783340998,"FIDS":30118,"LNAM":"1F2B6A4B9FC675A6","VALDCO":6.5,"SCAMIN":15000,"sourceCellId":"1R75883I","sourceChecksum":"7c265c9fd48cb0677b21c9e60c88de7230e0e5b27a4f98bc2d44d93527f2082a","rawObjectClass":"DEPCNT","sourceStableId":"1F2B6A4B9FC675A6"}}},{"type":"Feature","geometry":{"type":"LineString","coordinates":[[3.3233277,51.4356752],[3.3233335,51.4356703],[3.3233393,51.4356752],[3.3234779,51.4357461],[3.3235283,51.4357646],[3.3236225,51.4358496],[3.3236264,51.4358543],[3.3236275,51.4358573],[3.3236241,51.4359442],[3.3236232,51.4359448],[3.3236217,51.4359442],[3.3236202,51.4359423],[3.3236085,51.4358543],[3.3234783,51.435811],[3.3234408,51.4357648],[3.3233336,51.43568],[3.3233277,51.4356752]]},"properties":{"rawObjectClass":"DEPCNT","VALDCO":6.5,"depthDatum":"Approximate LAT","depthDatumCode":42,"depthDatumStatus":"VERIFIED_FROM_OFFICIAL_DOCUMENTATION","verticalDatum":"Local Datum","verticalDatumCode":24,"napIdentityStatus":"UNVERIFIED","sourceKind":"official","sourceCellId":"1R75883I","sourceStableId":"1F2B6A4B9FC675A7","sourceChecksum":"7c265c9fd48cb0677b21c9e60c88de7230e0e5b27a4f98bc2d44d93527f2082a","pipelineFeatureId":"1R75883I/DEPCNT/1281233442","provenance":{"cellId":"1R75883I","checksum":"7c265c9fd48cb0677b21c9e60c88de7230e0e5b27a4f98bc2d44d93527f2082a","readerVersion":"GDAL 3.2.2","processedAt":"2026-08-11T13:43:44.753Z"},"sourceProperties":{"RCID":1281233442,"PRIM":2,"GRUP":2,"OBJL":43,"RVER":1,"AGEN":7979,"FIDN":1783340998,"FIDS":30119,"LNAM":"1F2B6A4B9FC675A7","VALDCO":6.5,"SCAMIN":15000,"sourceCellId":"1R75883I","sourceChecksum":"7c265c9fd48cb0677b21c9e60c88de7230e0e5b27a4f98bc2d44d93527f2082a","rawObjectClass":"DEPCNT","sourceStableId":"1F2B6A4B9FC675A7"}}},{"type":"Feature","geometry":{"type":"LineString","coordinates":[[3.2633342,51.4700842],[3.2632529,51.4701611],[3.2631289,51.4700974],[3.2631085,51.470088],[3.2631017,51.4700847],[3.2630874,51.4700716],[3.2629764,51.4699951],[3.2631076,51.4699267],[3.2632086,51.4699946],[3.2632521,51.4700331],[3.2633342,51.4700842]]},"properties":{"rawObjectClass":"DEPCNT","VALDCO":6.5,"depthDatum":"Approximate LAT","depthDatumCode":42,"depthDatumStatus":"VERIFIED_FROM_OFFICIAL_DOCUMENTATION","verticalDatum":"Local Datum","verticalDatumCode":24,"napIdentityStatus":"UNVERIFIED","sourceKind":"official","sourceCellId":"1R75883I","sourceStableId":"1F2B6A4B9FC675A8","sourceChecksum":"7c265c9fd48cb0677b21c9e60c88de7230e0e5b27a4f98bc2d44d93527f2082a","pipelineFeatureId":"1R75883I/DEPCNT/1281233443","provenance":{"cellId":"1R75883I","checksum":"7c265c9fd48cb0677b21c9e60c88de7230e0e5b27a4f98bc2d44d93527f2082a","readerVersion":"GDAL 3.2.2","processedAt":"2026-08-11T13:43:44.753Z"},"sourceProperties":{"RCID":1281233443,"PRIM":2,"GRUP":2,"OBJL":43,"RVER":1,"AGEN":7979,"FIDN":1783340998,"FIDS":30120,"LNAM":"1F2B6A4B9FC675A8","VALDCO":6.5,"SCAMIN":15000,"sourceCellId":"1R75883I","sourceChecksum":"7c265c9fd48cb0677b21c9e60c88de7230e0e5b27a4f98bc2d44d93527f2082a","rawObjectClass":"DEPCNT","sourceStableId":"1F2B6A4B9FC675A8"}}},{"type":"Feature","geometry":{"type":"LineString","coordinates":[[3.3288434,51.4370986],[3.3289465,51.4371829],[3.3288111,51.4371776],[3.3286748,51.4371843],[3.3286673,51.4371847],[3.3285411,51.4370994],[3.3286665,51.4370708],[3.3287135,51.4370696],[3.3288104,51.437071],[3.3288434,51.4370986]]},"properties":{"rawObjectClass":"DEPCNT","VALDCO":6.5,"depthDatum":"Approximate LAT","depthDatumCode":42,"depthDatumStatus":"VERIFIED_FROM_OFFICIAL_DOCUMENTATION","verticalDatum":"Local Datum","verticalDatumCode":24,"napIdentityStatus":"UNVERIFIED","sourceKind":"official","sourceCellId":"1R75883I","sourceStableId":"1F2B6A4B9FC675A9","sourceChecksum":"7c265c9fd48cb0677b21c9e60c88de7230e0e5b27a4f98bc2d44d93527f2082a","pipelineFeatureId":"1R75883I/DEPCNT/1281233445","provenance":{"cellId":"1R75883I","checksum":"7c265c9fd48cb0677b21c9e60c88de7230e0e5b27a4f98bc2d44d93527f2082a","readerVersion":"GDAL 3.2.2","processedAt":"2026-08-11T13:43:44.753Z"},"sourceProperties":{"RCID":1281233445,"PRIM":2,"GRUP":2,"OBJL":43,"RVER":1,"AGEN":7979,"FIDN":1783340998,"FIDS":30121,"LNAM":"1F2B6A4B9FC675A9","VALDCO":6.5,"SCAMIN":15000,"sourceCellId":"1R75883I","sourceChecksum":"7c265c9fd48cb0677b21c9e60c88de7230e0e5b27a4f98bc2d44d93527f2082a","rawObjectClass":"DEPCNT","sourceStableId":"1F2B6A4B9FC675A9"}}},{"type":"Feature","geometry":{"type":"LineString","coordinates":[[3.255758,51.4656051],[3.2558853,51.4656899],[3.2559063,51.4656947],[3.2558854,51.4657014],[3.2558653,51.4656947],[3.255741,51.4656304],[3.2556333,51.465628],[3.255597,51.4656185],[3.2554706,51.4656167],[3.255453,51.4656168],[3.2554174,51.4656058],[3.2554529,51.4655932],[3.2554933,51.4655803],[3.2555967,51.4655764],[3.2556454,51.4655749],[3.2557407,51.4655717],[3.2557673,51.4655884],[3.255758,51.4656051]]},"properties":{"rawObjectClass":"DEPCNT","VALDCO":6.5,"depthDatum":"Approximate LAT","depthDatumCode":42,"depthDatumStatus":"VERIFIED_FROM_OFFICIAL_DOCUMENTATION","verticalDatum":"Local Datum","verticalDatumCode":24,"napIdentityStatus":"UNVERIFIED","sourceKind":"official","sourceCellId":"1R75883I","sourceStableId":"1F2B6A4B9FC675AA","sourceChecksum":"7c265c9fd48cb0677b21c9e60c88de7230e0e5b27a4f98bc2d44d93527f2082a","pipelineFeatureId":"1R75883I/DEPCNT/1281233454","provenance":{"cellId":"1R75883I","checksum":"7c265c9fd48cb0677b21c9e60c88de7230e0e5b27a4f98bc2d44d93527f2082a","readerVersion":"GDAL 3.2.2","processedAt":"2026-08-11T13:43:44.753Z"},"sourceProperties":{"RCID":1281233454,"PRIM":2,"GRUP":2,"OBJL":43,"RVER":1,"AGEN":7979,"FIDN":1783340998,"FIDS":30122,"LNAM":"1F2B6A4B9FC675AA","VALDCO":6.5,"SCAMIN":15000,"sourceCellId":"1R75883I","sourceChecksum":"7c265c9fd48cb0677b21c9e60c88de7230e0e5b27a4f98bc2d44d93527f2082a","rawObjectClass":"DEPCNT","sourceStableId":"1F2B6A4B9FC675AA"}}},{"type":"Feature","geometry":{"type":"LineString","coordinates":[[3.2695802,51.4688941],[3.2697061,51.4688109],[3.2696754,51.4687809],[3.2697235,51.4687791],[3.2697716,51.4688107],[3.269868,51.4688746],[3.2699749,51.468877],[3.269894,51.4688104],[3.2698675,51.4687942],[3.2697474,51.4687208],[3.269723,51.4687057],[3.2696177,51.4686555],[3.2695788,51.4686541],[3.2695403,51.4686314],[3.2694345,51.4686003],[3.2693476,51.4685776],[3.2692903,51.4685623],[3.2692246,51.4685422],[3.2691459,51.4684939],[3.2690774,51.4684526],[3.2690795,51.4684039],[3.2690016,51.4684294],[3.2689087,51.468453],[3.2689071,51.4684838],[3.2689816,51.4685428],[3.2690023,51.4685555],[3.2691247,51.4686324],[3.2691469,51.4686599],[3.2692429,51.468722],[3.2692914,51.4687517],[3.2693905,51.4688116],[3.2694359,51.4688397],[3.2695425,51.4688777],[3.2695802,51.4688941]]},"properties":{"rawObjectClass":"DEPCNT","VALDCO":6.5,"depthDatum":"Approximate LAT","depthDatumCode":42,"depthDatumStatus":"VERIFIED_FROM_OFFICIAL_DOCUMENTATION","verticalDatum":"Local Datum","verticalDatumCode":24,"napIdentityStatus":"UNVERIFIED","sourceKind":"official","sourceCellId":"1R75883I","sourceStableId":"1F2B6A4B9FC675AB","sourceChecksum":"7c265c9fd48cb0677b21c9e60c88de7230e0e5b27a4f98bc2d44d93527f2082a","pipelineFeatureId":"1R75883I/DEPCNT/1281233455","provenance":{"cellId":"1R75883I","checksum":"7c265c9fd48cb0677b21c9e60c88de7230e0e5b27a4f98bc2d44d93527f2082a","readerVersion":"GDAL 3.2.2","processedAt":"2026-08-11T13:43:44.753Z"},"sourceProperties":{"RCID":1281233455,"PRIM":2,"GRUP":2,"OBJL":43,"RVER":1,"AGEN":7979,"FIDN":1783340998,"FIDS":30123,"LNAM":"1F2B6A4B9FC675AB","VALDCO":6.5,"SCAMIN":15000,"sourceCellId":"1R75883I","sourceChecksum":"7c265c9fd48cb0677b21c9e60c88de7230e0e5b27a4f98bc2d44d93527f2082a","rawObjectClass":"DEPCNT","sourceStableId":"1F2B6A4B9FC675AB"}}},{"type":"Feature","geometry":{"type":"LineString","coordinates":[[3.3189475,51.4342485],[3.318886,51.4343251],[3.3190082,51.4343274],[3.3190434,51.4343161],[3.319152,51.4343162],[3.3192035,51.4342478],[3.319295,51.4341903],[3.3193297,51.4341576],[3.3193917,51.4340965],[3.3192947,51.4341446],[3.3191703,51.4340681],[3.3191499,51.4340095],[3.3191002,51.4340683],[3.3190069,51.4341308],[3.3189649,51.4341324],[3.318995,51.4341585],[3.3189792,51.434176],[3.3189475,51.4342485]]},"properties":{"rawObjectClass":"DEPCNT","VALDCO":6.5,"depthDatum":"Approximate LAT","depthDatumCode":42,"depthDatumStatus":"VERIFIED_FROM_OFFICIAL_DOCUMENTATION","verticalDatum":"Local Datum","verticalDatumCode":24,"napIdentityStatus":"UNVERIFIED","sourceKind":"official","sourceCellId":"1R75883I","sourceStableId":"1F2B6A4B9FC675AC","sourceChecksum":"7c265c9fd48cb0677b21c9e60c88de7230e0e5b27a4f98bc2d44d93527f2082a","pipelineFeatureId":"1R75883I/DEPCNT/1281233466","provenance":{"cellId":"1R75883I","checksum":"7c265c9fd48cb0677b21c9e60c88de7230e0e5b27a4f98bc2d44d93527f2082a","readerVersion":"GDAL 3.2.2","processedAt":"2026-08-11T13:43:44.753Z"},"sourceProperties":{"RCID":1281233466,"PRIM":2,"GRUP":2,"OBJL":43,"RVER":1,"AGEN":7979,"FIDN":1783340998,"FIDS":30124,"LNAM":"1F2B6A4B9FC675AC","VALDCO":6.5,"SCAMIN":15000,"sourceCellId":"1R75883I","sourceChecksum":"7c265c9fd48cb0677b21c9e60c88de7230e0e5b27a4f98bc2d44d93527f2082a","rawObjectClass":"DEPCNT","sourceStableId":"1F2B6A4B9FC675AC"}}},{"type":"Feature","geometry":{"type":"LineString","coordinates":[[3.2603688,51.4662243],[3.2604954,51.4663034],[3.2606125,51.4662238],[3.2604947,51.4661768],[3.260423,51.4661343],[3.2603503,51.46609],[3.2602394,51.4660448],[3.260206,51.4660316],[3.2600758,51.4659552],[3.260023,51.4659313],[3.2600196,51.4659554],[3.2600618,51.465985],[3.2601428,51.466045],[3.2602063,51.4660888],[3.2602416,51.4661347],[3.260351,51.4662124],[3.2603688,51.4662243]]},"properties":{"rawObjectClass":"DEPCNT","VALDCO":6.5,"depthDatum":"Approximate LAT","depthDatumCode":42,"depthDatumStatus":"VERIFIED_FROM_OFFICIAL_DOCUMENTATION","verticalDatum":"Local Datum","verticalDatumCode":24,"napIdentityStatus":"UNVERIFIED","sourceKind":"official","sourceCellId":"1R75883I","sourceStableId":"1F2B6A4B9FC675AD","sourceChecksum":"7c265c9fd48cb0677b21c9e60c88de7230e0e5b27a4f98bc2d44d93527f2082a","pipelineFeatureId":"1R75883I/DEPCNT/1281233467","provenance":{"cellId":"1R75883I","checksum":"7c265c9fd48cb0677b21c9e60c88de7230e0e5b27a4f98bc2d44d93527f2082a","readerVersion":"GDAL 3.2.2","processedAt":"2026-08-11T13:43:44.753Z"},"sourceProperties":{"RCID":1281233467,"PRIM":2,"GRUP":2,"OBJL":43,"RVER":1,"AGEN":7979,"FIDN":1783340998,"FIDS":30125,"LNAM":"1F2B6A4B9FC675AD","VALDCO":6.5,"SCAMIN":15000,"sourceCellId":"1R75883I","sourceChecksum":"7c265c9fd48cb0677b21c9e60c88de7230e0e5b27a4f98bc2d44d93527f2082a","rawObjectClass":"DEPCNT","sourceStableId":"1F2B6A4B9FC675AD"}}},{"type":"Feature","geometry":{"type":"LineString","coordinates":[[3.2654494,51.4680113],[3.2654003,51.4680599],[3.265314,51.4680116],[3.2652558,51.4679778],[3.2651462,51.4679221],[3.2651114,51.4679015],[3.2650475,51.4678324],[3.2651105,51.4677479],[3.2652448,51.4678319],[3.265255,51.4678386],[3.2653684,51.4678508],[3.2653122,51.4679217],[3.2653998,51.4679783],[3.2654494,51.4680113]]},"properties":{"rawObjectClass":"DEPCNT","VALDCO":6.5,"depthDatum":"Approximate LAT","depthDatumCode":42,"depthDatumStatus":"VERIFIED_FROM_OFFICIAL_DOCUMENTATION","verticalDatum":"Local Datum","verticalDatumCode":24,"napIdentityStatus":"UNVERIFIED","sourceKind":"official","sourceCellId":"1R75883I","sourceStableId":"1F2B6A4B9FC675AE","sourceChecksum":"7c265c9fd48cb0677b21c9e60c88de7230e0e5b27a4f98bc2d44d93527f2082a","pipelineFeatureId":"1R75883I/DEPCNT/1281233469","provenance":{"cellId":"1R75883I","checksum":"7c265c9fd48cb0677b21c9e60c88de7230e0e5b27a4f98bc2d44d93527f2082a","readerVersion":"GDAL 3.2.2","processedAt":"2026-08-11T13:43:44.753Z"},"sourceProperties":{"RCID":1281233469,"PRIM":2,"GRUP":2,"OBJL":43,"RVER":1,"AGEN":7979,"FIDN":1783340998,"FIDS":30126,"LNAM":"1F2B6A4B9FC675AE","VALDCO":6.5,"SCAMIN":15000,"sourceCellId":"1R75883I","sourceChecksum":"7c265c9fd48cb0677b21c9e60c88de7230e0e5b27a4f98bc2d44d93527f2082a","rawObjectClass":"DEPCNT","sourceStableId":"1F2B6A4B9FC675AE"}}},{"type":"Feature","geometry":{"type":"LineString","coordinates":[[3.3220352,51.4351771],[3.3221466,51.4352085],[3.3220582,51.4351392],[3.3220349,51.4351208],[3.3219282,51.4350731],[3.3218907,51.4350736],[3.3217725,51.4350662],[3.3218534,51.4351398],[3.3218914,51.4351745],[3.3219512,51.4351769],[3.3220352,51.4351771]]},"properties":{"rawObjectClass":"DEPCNT","VALDCO":6.5,"depthDatum":"Approximate LAT","depthDatumCode":42,"depthDatumStatus":"VERIFIED_FROM_OFFICIAL_DOCUMENTATION","verticalDatum":"Local Datum","verticalDatumCode":24,"napIdentityStatus":"UNVERIFIED","sourceKind":"official","sourceCellId":"1R75883I","sourceStableId":"1F2B6A4B9FC675AF","sourceChecksum":"7c265c9fd48cb0677b21c9e60c88de7230e0e5b27a4f98bc2d44d93527f2082a","pipelineFeatureId":"1R75883I/DEPCNT/1281233487","provenance":{"cellId":"1R75883I","checksum":"7c265c9fd48cb0677b21c9e60c88de7230e0e5b27a4f98bc2d44d93527f2082a","readerVersion":"GDAL 3.2.2","processedAt":"2026-08-11T13:43:44.753Z"},"sourceProperties":{"RCID":1281233487,"PRIM":2,"GRUP":2,"OBJL":43,"RVER":1,"AGEN":7979,"FIDN":1783340998,"FIDS":30127,"LNAM":"1F2B6A4B9FC675AF","VALDCO":6.5,"SCAMIN":15000,"sourceCellId":"1R75883I","sourceChecksum":"7c265c9fd48cb0677b21c9e60c88de7230e0e5b27a4f98bc2d44d93527f2082a","rawObjectClass":"DEPCNT","sourceStableId":"1F2B6A4B9FC675AF"}}},{"type":"Feature","geometry":{"type":"LineString","coordinates":[[3.2624434,51.4667592],[3.2625138,51.4668063],[3.2625832,51.4667589],[3.2625134,51.4667396],[3.2623915,51.4666694],[3.2623689,51.466657],[3.2623266,51.4666432],[3.2623252,51.4666696],[3.2623692,51.4667045],[3.2624434,51.4667592]]},"properties":{"rawObjectClass":"DEPCNT","VALDCO":6.5,"depthDatum":"Approximate LAT","depthDatumCode":42,"depthDatumStatus":"VERIFIED_FROM_OFFICIAL_DOCUMENTATION","verticalDatum":"Local Datum","verticalDatumCode":24,"napIdentityStatus":"UNVERIFIED","sourceKind":"official","sourceCellId":"1R75883I","sourceStableId":"1F2B6A4B9FC675B0","sourceChecksum":"7c265c9fd48cb0677b21c9e60c88de7230e0e5b27a4f98bc2d44d93527f2082a","pipelineFeatureId":"1R75883I/DEPCNT/1281233489","provenance":{"cellId":"1R75883I","checksum":"7c265c9fd48cb0677b21c9e60c88de7230e0e5b27a4f98bc2d44d93527f2082a","readerVersion":"GDAL 3.2.2","processedAt":"2026-08-11T13:43:44.753Z"},"sourceProperties":{"RCID":1281233489,"PRIM":2,"GRUP":2,"OBJL":43,"RVER":1,"AGEN":7979,"FIDN":1783340998,"FIDS":30128,"LNAM":"1F2B6A4B9FC675B0","VALDCO":6.5,"SCAMIN":15000,"sourceCellId":"1R75883I","sourceChecksum":"7c265c9fd48cb0677b21c9e60c88de7230e0e5b27a4f98bc2d44d93527f2082a","rawObjectClass":"DEPCNT","sourceStableId":"1F2B6A4B9FC675B0"}}},{"type":"Feature","geometry":{"type":"LineString","coordinates":[[3.3333333,51.4385075],[3.3333104,51.4385061],[3.3332808,51.438512],[3.3332262,51.4385249],[3.3331372,51.4385529],[3.3330927,51.4385531],[3.3329936,51.4385845],[3.332937,51.4385803],[3.3328497,51.4385831],[3.3328018,51.4385861],[3.3327058,51.4385792],[3.3326173,51.4385266],[3.3325631,51.4384383],[3.332562,51.4384369],[3.3325609,51.4384362],[3.3325499,51.4384301],[3.3324165,51.4383668],[3.3323762,51.4383475],[3.3323661,51.4383163],[3.3322913,51.4382578],[3.3322717,51.4382421],[3.3321444,51.4381789],[3.3321274,51.4381755],[3.3321127,51.4381776],[3.3319837,51.4382078],[3.3318472,51.4381692],[3.3318396,51.4381679],[3.3318044,51.4381693],[3.3317125,51.43818],[3.3316958,51.4381778],[3.3315751,51.4381699],[3.3315518,51.4381688],[3.331445,51.4380804],[3.3314069,51.4380265],[3.3313562,51.4379907],[3.3312626,51.4379599],[3.3311537,51.4379014],[3.3311192,51.4378126],[3.3311196,51.4378115],[3.3311176,51.4378103],[3.3310464,51.4377218],[3.3309912,51.4376437],[3.3309876,51.4376321],[3.3309722,51.4375984],[3.3309504,51.4375423],[3.3309411,51.4375232],[3.3309298,51.4374524],[3.3308347,51.4373677],[3.3308278,51.4373628],[3.3308266,51.4373614],[3.3307129,51.4372732],[3.3306819,51.437243],[3.3306252,51.4371835],[3.330631,51.4371521],[3.3305899,51.4370937],[3.3305364,51.4370231],[3.3304893,51.4370041],[3.3304268,51.4369361],[3.3304024,51.4369144],[3.3304451,51.4368579],[3.330422,51.4368244],[3.3303907,51.4367347],[3.3303907,51.4367346],[3.3303905,51.4367338],[3.3303562,51.4366448],[3.3303514,51.4366209],[3.3303141,51.436555],[3.3303024,51.436501],[3.330297,51.4364651],[3.3302968,51.436408],[3.3302868,51.4363752],[3.3302681,51.4363007],[3.3302703,51.4362853],[3.3302658,51.4362713],[3.3302853,51.4361954],[3.330296,51.4361619],[3.3302831,51.4361054],[3.3302416,51.4360387],[3.3302285,51.4360157],[3.3302412,51.4359792],[3.3302615,51.4359257],[3.3302764,51.4359033],[3.3302828,51.4358357],[3.3302906,51.435804],[3.3303294,51.4357456],[3.3303401,51.4356825],[3.3303483,51.4356557],[3.3303822,51.4355906],[3.3303923,51.4355656],[3.3303959,51.435557],[3.3304358,51.4354756],[3.3304794,51.435414],[3.3304942,51.4353855],[3.3305244,51.4353504],[3.3305694,51.4352954],[3.3306367,51.4352244],[3.3306491,51.4352052],[3.330667,51.4351809],[3.3306987,51.4351152],[3.3308046,51.4350282],[3.3308079,51.4350249],[3.3308924,51.4349348],[3.3309526,51.4348808],[3.330979,51.4348446],[3.3310383,51.4347905],[3.3310735,51.4347544],[3.3310953,51.4347281],[3.3312201,51.4346641],[3.3312387,51.4346571],[3.3313142,51.4345739],[3.3313816,51.4345314],[3.3314549,51.4344836],[3.3315247,51.4344267],[3.331583,51.4343933],[3.331668,51.4343399],[3.3317126,51.434303],[3.3317789,51.434233],[3.3317986,51.4342129],[3.3318108,51.4342045],[3.3319467,51.4341225],[3.3319541,51.434119],[3.3320132,51.4340852],[3.3320974,51.4340383],[3.3321066,51.4340322],[3.3322406,51.4339591],[3.3322818,51.4339418],[3.332384,51.4338922],[3.3324541,51.4338513],[3.3325273,51.4338166],[3.3326637,51.4337653],[3.3326708,51.4337628],[3.3326742,51.4337608],[3.3326746,51.4337584],[3.3327591,51.4336706],[3.3328136,51.4336126],[3.3329551,51.4335802],[3.3329572,51.4335796],[3.3329584,51.4335802],[3.332961,51.4335826],[3.3330554,51.4336698],[3.3331021,51.4337305],[3.333241,51.433756],[3.3332462,51.4337578],[3.3332481,51.433758],[3.3333333,51.4337467]]},"properties":{"rawObjectClass":"DEPCNT","VALDCO":6,"depthDatum":"Approximate LAT","depthDatumCode":42,"depthDatumStatus":"VERIFIED_FROM_OFFICIAL_DOCUMENTATION","verticalDatum":"Local Datum","verticalDatumCode":24,"napIdentityStatus":"UNVERIFIED","sourceKind":"official","sourceCellId":"1R75883I","sourceStableId":"1F2B6A4B9FC675B1","sourceChecksum":"7c265c9fd48cb0677b21c9e60c88de7230e0e5b27a4f98bc2d44d93527f2082a","pipelineFeatureId":"1R75883I/DEPCNT/1281233491","provenance":{"cellId":"1R75883I","checksum":"7c265c9fd48cb0677b21c9e60c88de7230e0e5b27a4f98bc2d44d93527f2082a","readerVersion":"GDAL 3.2.2","processedAt":"2026-08-11T13:43:44.753Z"},"sourceProperties":{"RCID":1281233491,"PRIM":2,"GRUP":2,"OBJL":43,"RVER":1,"AGEN":7979,"FIDN":1783340998,"FIDS":30129,"LNAM":"1F2B6A4B9FC675B1","VALDCO":6,"SCAMIN":15000,"sourceCellId":"1R75883I","sourceChecksum":"7c265c9fd48cb0677b21c9e60c88de7230e0e5b27a4f98bc2d44d93527f2082a","rawObjectClass":"DEPCNT","sourceStableId":"1F2B6A4B9FC675B1"}}},{"type":"Feature","geometry":{"type":"LineString","coordinates":[[3.2790864,51.475],[3.2791101,51.4749932],[3.2790935,51.4749191],[3.2791072,51.4749033],[3.2790954,51.4748888],[3.2790917,51.4748134],[3.2791182,51.4748104],[3.2792608,51.4748122],[3.2792622,51.4748123],[3.2792638,51.474812],[3.2794062,51.4748092],[3.2794153,51.4748069],[3.27955,51.4747858],[3.2796077,51.4747761],[3.2796939,51.4747789],[3.2798273,51.4747217],[3.2798376,51.4747176],[3.2798445,51.4747174],[3.2799814,51.4746948],[3.2800151,51.4747002],[3.2801253,51.4746806],[3.2801906,51.4746801],[3.2802692,51.4746687],[3.2803437,51.4747205],[3.2802698,51.4747632],[3.2801303,51.4748109],[3.2802705,51.474886],[3.2803022,51.4748807],[3.2804145,51.4748805],[3.2804669,51.4748672],[3.2805584,51.474868],[3.2806858,51.4748096],[3.280702,51.4748043],[3.2807106,51.4748042],[3.2808458,51.4747769],[3.280909,51.4747696],[3.2809897,51.4747554],[3.2810878,51.4747473],[3.2811336,51.4747472],[3.2812245,51.4747184],[3.2811962,51.4746679],[3.2811728,51.4746286],[3.2812765,51.4745638],[3.2813829,51.4745616],[3.2814204,51.4745556],[3.2814869,51.4746278],[3.2814746,51.4746844],[3.2814745,51.4747178],[3.2815284,51.4747842],[3.281527,51.4748076],[3.2815057,51.4748454],[3.2815664,51.4748859],[3.2816057,51.4748321],[3.2817102,51.4748591],[3.281813,51.4748069],[3.2818538,51.4747867],[3.281907,51.4747734],[3.2819976,51.4747509],[3.2821314,51.4747162],[3.2821304,51.4747094],[3.282129,51.4746263],[3.2821407,51.4746122],[3.2822482,51.4745361],[3.2822428,51.4745103],[3.2822524,51.4744462],[3.2822835,51.4744292],[3.2823111,51.4744288],[3.2824275,51.4744253],[3.2824508,51.4743558],[3.2824658,51.4743314],[3.2824902,51.4742658],[3.2825703,51.4742373],[3.2826673,51.4741754],[3.2826851,51.4741032],[3.2826849,51.4740854],[3.2827033,51.4740015],[3.2827048,51.4739955],[3.2827126,51.4739637],[3.2827277,51.4739151],[3.2827252,51.4739055],[3.2827252,51.4738974],[3.2827264,51.4738156],[3.2827262,51.4738065],[3.2827395,51.4737256],[3.2827575,51.4736966],[3.2827569,51.4736357],[3.2827676,51.4735999],[3.2827692,51.4735457],[3.28274,51.4734748],[3.2827532,51.4734559],[3.2828008,51.4733985],[3.2828037,51.4733658],[3.2828528,51.4733493],[3.2828986,51.4732757],[3.2829083,51.4732406],[3.2829248,51.4731857],[3.2828734,51.4731097],[3.2828848,51.4730959],[3.282995,51.4730629],[3.2831137,51.4730054],[3.2831133,51.4729896],[3.2830841,51.4729155],[3.2831158,51.4728392],[3.2831149,51.4728256],[3.2831373,51.4727828],[3.2832044,51.4728253],[3.2832816,51.4728413],[3.2832891,51.4728251],[3.2832812,51.4727825],[3.2832038,51.4727354],[3.2832094,51.47269],[3.2832422,51.4726454],[3.283204,51.4726031],[3.2832248,51.4725555],[3.2832247,51.4724998],[3.283234,51.4724656],[3.2832175,51.4724141],[3.2832262,51.4723757],[3.2832614,51.4722962],[3.2832616,51.4722857],[3.2832641,51.4722769],[3.283243,51.4721958],[3.2832774,51.472159],[3.2833924,51.4721055],[3.2834207,51.472047],[3.2834325,51.4720155],[3.2834366,51.4720054],[3.2834345,51.4719256],[3.2834655,51.471897],[3.2835164,51.4718355],[3.283563,51.4717803],[3.2835898,51.4717454],[3.2835902,51.4717282],[3.2836455,51.4716553],[3.2836288,51.4716136],[3.2836417,51.4715654],[3.2837053,51.4715177],[3.2837355,51.4714753],[3.2838485,51.4713882],[3.2838529,51.4713851],[3.283992,51.4713052],[3.284005,51.4712948],[3.2840084,51.4712844],[3.2840176,51.4712049],[3.2840202,51.4711868],[3.2840192,51.4711149],[3.284025,51.4710935],[3.2840365,51.471025],[3.2840473,51.4709891],[3.2840562,51.470935],[3.2840761,51.4708808],[3.284083,51.470845],[3.284095,51.4707786],[3.2840943,51.4707551],[3.284132,51.4706729],[3.284158,51.470665],[3.2842755,51.4705882],[3.2842856,51.4705748],[3.2842953,51.4705623],[3.2843764,51.4704846],[3.2844185,51.4704425],[3.2845597,51.4703943],[3.2845622,51.4703928],[3.2845919,51.4703043],[3.2846121,51.4702726],[3.2846496,51.4702142],[3.2846711,51.4701452],[3.2846779,51.4701242],[3.2847044,51.4701077],[3.2847716,51.4700819],[3.2848485,51.4701228],[3.284885,51.4700338],[3.28488,51.4699642],[3.2848798,51.4699439],[3.2848804,51.4699232],[3.2848816,51.469854],[3.2848812,51.4698324],[3.2849033,51.469764],[3.284902,51.4697092],[3.2849002,51.4696741],[3.2848994,51.4696179],[3.2848905,51.4695842],[3.2848446,51.4694956],[3.2848436,51.4694944],[3.2848436,51.4694938],[3.2848133,51.4694046],[3.2847822,51.4693147],[3.2847679,51.4692678],[3.2847656,51.4692248],[3.284735,51.4691578],[3.284725,51.469135],[3.2847269,51.4690632],[3.2847217,51.4690451],[3.2846977,51.4690269],[3.2845891,51.4689778],[3.2845533,51.4689672],[3.2845182,51.4689557],[3.2845141,51.4689313],[3.2844613,51.4688659],[3.2844083,51.468799],[3.2843697,51.4687762],[3.284264,51.4687444],[3.2842039,51.4687242],[3.2841201,51.468751],[3.2840787,51.4687769],[3.2839918,51.4688577],[3.2839867,51.4688671],[3.283977,51.4688873],[3.2839464,51.4688863],[3.2838333,51.4689409],[3.2837276,51.4689576],[3.2836896,51.4689803],[3.2835681,51.4690479],[3.2835461,51.4690627],[3.2834935,51.469105],[3.2835194,51.4691379],[3.2835111,51.4691602],[3.2834835,51.4692279],[3.2834588,51.4692834],[3.2834882,51.4693179],[3.283404,51.4693505],[3.2833212,51.4693183],[3.2832594,51.4692504],[3.2832199,51.4693185],[3.2831161,51.4693663],[3.2829819,51.4693253],[3.2829719,51.4693316],[3.2829647,51.4693191],[3.2829718,51.4693053],[3.2830274,51.469229],[3.2830295,51.4691925],[3.2830328,51.4691391],[3.2831144,51.4690872],[3.2831748,51.4690489],[3.2831703,51.4689942],[3.2831491,51.468959],[3.2831134,51.468925],[3.2830128,51.4688966],[3.2829692,51.4688967],[3.2829542,51.4688696],[3.2829465,51.4688555],[3.2829107,51.4687797],[3.2828242,51.4687268],[3.2827788,51.4686901],[3.2826795,51.4686097],[3.2826562,51.4686005],[3.2826326,51.4685714],[3.2825586,51.4685108],[3.2825349,51.4684992],[3.2824079,51.4684213],[3.2823904,51.4684104],[3.2822664,51.4683317],[3.2822458,51.4683192],[3.2821509,51.4682729],[3.2821015,51.4682588],[3.2820756,51.4682422],[3.2819571,51.4681943],[3.2818507,51.4681529],[3.2818128,51.468129],[3.2817268,51.4680996],[3.2816685,51.4680743],[3.2816429,51.4680634],[3.2815241,51.4680167],[3.281415,51.4679741],[3.2813798,51.4679591],[3.28126,51.4678845],[3.2812353,51.4678733],[3.2811594,51.4678375],[3.2810909,51.4678048],[3.2810697,51.4677951],[3.2809466,51.4677378],[3.2808939,51.4677056],[3.2808021,51.4676605],[3.2807101,51.4676161],[3.2806577,51.4675837],[3.2805394,51.4675266],[3.2805133,51.467517],[3.2803832,51.467437],[3.2803688,51.4674296],[3.2802952,51.4673914],[3.2802244,51.4673627],[3.2802009,51.4673476],[3.28008,51.4672756],[3.2800496,51.467258],[3.2799354,51.4671845],[3.2799167,51.4671684],[3.2798971,51.4671446],[3.2798412,51.4670787],[3.2797906,51.4670373],[3.2797321,51.466989],[3.2796459,51.4669166],[3.2796245,51.4668993],[3.2795471,51.4668382],[3.2795068,51.4668097],[3.2795012,51.4668063],[3.2793645,51.4667201],[3.2793567,51.4667145],[3.2792177,51.4666306],[3.2792122,51.4666272],[3.2790678,51.4665507],[3.2790541,51.466541],[3.2789233,51.4664619],[3.2789087,51.4664515],[3.2787476,51.4663619],[3.2786344,51.4662997],[3.2785981,51.4662724],[3.2784899,51.4662112],[3.2784475,51.4661828],[3.2783454,51.466119],[3.2782997,51.4660932],[3.2782009,51.4660323],[3.2781551,51.4660037],[3.2780564,51.4659424],[3.2780059,51.4659141],[3.2779118,51.4658504],[3.27787,51.4658245],[3.2777673,51.4657608],[3.2776854,51.465735],[3.277623,51.4656962],[3.2775386,51.4656454],[3.2774785,51.465609],[3.2773717,51.4655559],[3.2773341,51.4655321],[3.2772647,51.4654663],[3.2771894,51.46541],[3.2771353,51.4653766],[3.2770449,51.4653207],[3.2769759,51.4652871],[3.2769005,51.4652415],[3.2768272,51.4651975],[3.276756,51.465108],[3.2767559,51.4651078],[3.2767563,51.4651074],[3.2767557,51.4651076],[3.2767498,51.4651041],[3.2766112,51.4650261],[3.2765996,51.4650182],[3.276467,51.4649727],[3.2763302,51.464929],[3.2763227,51.4649265],[3.2762578,51.4648887],[3.2761786,51.4649007],[3.2761369,51.4649034],[3.2760328,51.4648397],[3.2760229,51.4648327],[3.2761683,51.4648332],[3.2760674,51.4647497],[3.2760336,51.4647217],[3.2759318,51.4646601],[3.275889,51.4646189],[3.275837,51.4645704],[3.2757442,51.4644861],[3.275736,51.4644808],[3.2757441,51.464469],[3.2758695,51.4643905],[3.2758724,51.464381],[3.2758876,51.4643871],[3.2760215,51.4643003],[3.2758866,51.4642149],[3.27588,51.4642107],[3.2758673,51.4641987],[3.2758657,51.4641208],[3.2758859,51.4641049],[3.2759888,51.4640949],[3.2759375,51.4640307],[3.2760292,51.4639927],[3.2761201,51.4640303],[3.2761736,51.4640641],[3.2762892,51.464102],[3.2763177,51.4641028],[3.2764272,51.4640979],[3.2763733,51.4640297],[3.2764609,51.4639763],[3.2765749,51.4640103],[3.2766051,51.4640073],[3.2766379,51.4639391],[3.2766045,51.4639085],[3.2765422,51.4638494],[3.2765151,51.4637941],[3.2765191,51.4637596],[3.2765166,51.4637054],[3.2764967,51.4636697],[3.2764589,51.4636365],[3.2764104,51.46358],[3.2763651,51.4635219],[3.276327,51.4634903],[3.276314,51.4634796],[3.2762213,51.4634328],[3.2761696,51.4634066],[3.2761624,51.4634007],[3.27614,51.4633824],[3.2761482,51.4633109],[3.2761266,51.4632845],[3.27604,51.4632212],[3.2760245,51.4632116],[3.2759122,51.4631316],[3.2758799,51.4631082],[3.2757611,51.4630579],[3.2757356,51.4630471],[3.2757303,51.4630421],[3.2757075,51.4630247],[3.2756323,51.4629524],[3.2755909,51.4629277],[3.2755373,51.4628627],[3.2754462,51.4628026],[3.2753922,51.4627731],[3.2753016,51.4627012],[3.2752761,51.4626835],[3.2752355,51.4626425],[3.2752128,51.4625937],[3.2751568,51.4625498],[3.2751101,51.462504],[3.2750196,51.462419],[3.2750146,51.4624143],[3.275012,51.4624108],[3.2749088,51.4623247],[3.2748673,51.4622899],[3.2748199,51.462235],[3.2747616,51.4621695],[3.2747369,51.4621452],[3.2747224,51.4621348],[3.2746136,51.4620556],[3.2745779,51.4620289],[3.2745077,51.4619659],[3.274433,51.4618801],[3.2744289,51.4618762],[3.2744217,51.4618692],[3.2743364,51.4617865],[3.2742883,51.4617524],[3.2742253,51.4616968],[3.2741437,51.4616481],[3.2740977,51.4616072],[3.2739991,51.4615297],[3.2739835,51.4615176],[3.2738546,51.4614313],[3.2738505,51.461428],[3.2738004,51.4613944],[3.273735,51.4613383],[3.2737099,51.4613183],[3.2736233,51.4612487],[3.2735654,51.4612229],[3.2734567,51.4611591],[3.273421,51.461143],[3.2733168,51.4610695],[3.2732765,51.4610486],[3.273175,51.46098],[3.273132,51.4609571],[3.2730084,51.4608904],[3.2729876,51.4608793],[3.2729356,51.4608582],[3.2728435,51.4608621],[3.2727978,51.4608909],[3.2727706,51.4609368],[3.2728136,51.4609808],[3.2728101,51.4610022],[3.2727527,51.4610709],[3.2727932,51.4611282],[3.2727828,51.4611607],[3.2727761,51.4612042],[3.2727674,51.4612507],[3.272702,51.4612715],[3.2726242,51.4612997],[3.2726133,51.461251],[3.2726066,51.4612205],[3.2725579,51.461238],[3.2725178,51.4612512],[3.2725089,51.4613103],[3.2725306,51.4613411],[3.2725586,51.4613607],[3.272625,51.4614308],[3.2727033,51.4614836],[3.2727438,51.4615205],[3.2728322,51.4616003],[3.2728376,51.4616102],[3.2728481,51.4616247],[3.2728989,51.4616999],[3.2729296,51.4617503],[3.2729766,51.4617897],[3.2728496,51.4618693],[3.2727822,51.4618381],[3.2728373,51.4618799],[3.2728497,51.4618891],[3.2729753,51.4619695],[3.2729942,51.4619885],[3.2731001,51.4620591],[3.2731388,51.4620932],[3.2732583,51.4621487],[3.2732831,51.4621601],[3.2734027,51.4622383],[3.2734276,51.4622552],[3.2735318,51.4623279],[3.2735723,51.4623705],[3.273638,51.4624176],[3.2737168,51.4624692],[3.273758,51.4624816],[3.2737409,51.4625072],[3.2737534,51.4625299],[3.2737718,51.4625971],[3.2738619,51.4626564],[3.2739083,51.4626867],[3.273923,51.4627245],[3.2739555,51.4627765],[3.2740068,51.4628182],[3.274079,51.4628661],[3.2741346,51.4629454],[3.2741162,51.462956],[3.2740983,51.4630124],[3.2740078,51.4629804],[3.2739654,51.4629563],[3.2738633,51.4628994],[3.2737751,51.4628668],[3.2737191,51.4628454],[3.273601,51.4627773],[3.2735746,51.4627627],[3.273513,51.4627391],[3.2734304,51.4627177],[3.2733756,51.4626879],[3.273286,51.4626404],[3.2732048,51.4625984],[3.2731417,51.4625753],[3.2730258,51.4625089],[3.2729972,51.4624924],[3.2728685,51.4624194],[3.2728528,51.4624128],[3.2727138,51.4623298],[3.2727083,51.4623265],[3.2726324,51.4622827],[3.2725639,51.462251],[3.272541,51.4622403],[3.2724196,51.4621819],[3.2723611,51.4621508],[3.2722752,51.4621094],[3.2722263,51.4620612],[3.2721307,51.4620086],[3.2720838,51.4619716],[3.2719862,51.4619175],[3.2718974,51.4618821],[3.2718418,51.4618505],[3.2717346,51.4617926],[3.2716974,51.4617722],[3.2716156,51.4617029],[3.2715528,51.4616679],[3.2714938,51.4616133],[3.2714082,51.4615481],[3.2713753,51.4615236],[3.2712221,51.4614341],[3.2711193,51.4613748],[3.2710574,51.4613445],[3.2709747,51.4612751],[3.2709417,51.4612549],[3.2708303,51.4611863],[3.2707955,51.4611653],[3.2706859,51.461116],[3.2706222,51.4610758],[3.2705414,51.4610251],[3.2704594,51.4610762],[3.2703982,51.4611535],[3.2702782,51.4610766],[3.2703976,51.4610366],[3.2704766,51.4609862],[3.270397,51.4609371],[3.2703131,51.4608967],[3.2702524,51.4608389],[3.2701287,51.4608072],[3.2701466,51.4607414],[3.2701077,51.4607096],[3.2700042,51.4606276],[3.2699631,51.4605945],[3.269895,51.460538],[3.2698186,51.4604895],[3.2697164,51.4604746],[3.2696745,51.460464],[3.2696533,51.4604486],[3.26953,51.4603723],[3.2695089,51.460359],[3.2693855,51.4602819],[3.2693219,51.4602695],[3.2693852,51.4602313],[3.2695106,51.4602691],[3.2695294,51.4602802],[3.2695458,51.4602793],[3.2695338,51.460269],[3.2695294,51.4602663],[3.269417,51.4601794],[3.2693848,51.4601545],[3.2692807,51.4600898],[3.2692402,51.4600572],[3.2691421,51.4600002],[3.2690957,51.4599549],[3.2690486,51.4599105],[3.2690429,51.4599079]]},"properties":{"rawObjectClass":"DEPCNT","VALDCO":6,"depthDatum":"Approximate LAT","depthDatumCode":42,"depthDatumStatus":"VERIFIED_FROM_OFFICIAL_DOCUMENTATION","verticalDatum":"Local Datum","verticalDatumCode":24,"napIdentityStatus":"UNVERIFIED","sourceKind":"official","sourceCellId":"1R75883I","sourceStableId":"1F2B6A4B9FC675B2","sourceChecksum":"7c265c9fd48cb0677b21c9e60c88de7230e0e5b27a4f98bc2d44d93527f2082a","pipelineFeatureId":"1R75883I/DEPCNT/1281233493","provenance":{"cellId":"1R75883I","checksum":"7c265c9fd48cb0677b21c9e60c88de7230e0e5b27a4f98bc2d44d93527f2082a","readerVersion":"GDAL 3.2.2","processedAt":"2026-08-11T13:43:44.753Z"},"sourceProperties":{"RCID":1281233493,"PRIM":2,"GRUP":2,"OBJL":43,"RVER":1,"AGEN":7979,"FIDN":1783340998,"FIDS":30130,"LNAM":"1F2B6A4B9FC675B2","VALDCO":6,"SCAMIN":15000,"sourceCellId":"1R75883I","sourceChecksum":"7c265c9fd48cb0677b21c9e60c88de7230e0e5b27a4f98bc2d44d93527f2082a","rawObjectClass":"DEPCNT","sourceStableId":"1F2B6A4B9FC675B2"}}},{"type":"Feature","geometry":{"type":"LineString","coordinates":[[3.3075391,51.4338848],[3.3076174,51.4339191],[3.3076406,51.4339294],[3.3077002,51.433956],[3.3077849,51.433988],[3.3078256,51.4340085],[3.3079291,51.4340451],[3.3080484,51.4340979],[3.3080734,51.4341091],[3.3081143,51.4341232],[3.3082175,51.4341394],[3.3082809,51.4341872],[3.3083619,51.4342235],[3.3084305,51.4342296],[3.3085058,51.4342208],[3.3086192,51.4342762],[3.3086502,51.4343149],[3.3086746,51.434276],[3.3086955,51.4342147],[3.3086769,51.4341861],[3.3086767,51.434169],[3.3087028,51.4340961],[3.3087268,51.4340471],[3.3086947,51.4340062],[3.3087154,51.433964],[3.3086854,51.4339163],[3.3087835,51.4338307],[3.3087896,51.4338261],[3.3087908,51.433822],[3.308928,51.4338217],[3.3089346,51.4338217],[3.3089409,51.4338257],[3.3090787,51.4338526],[3.309145,51.4338666],[3.3092228,51.4338894],[3.3093003,51.4339147],[3.3093674,51.4339962],[3.3093796,51.4340044],[3.3093809,51.4340128],[3.3093801,51.4340943],[3.3093758,51.4341798],[3.3093751,51.4341843],[3.3095128,51.4342314],[3.3096338,51.4342735],[3.3095773,51.4343136],[3.3096162,51.4343635],[3.3096577,51.4343842],[3.3097011,51.4343903],[3.3098015,51.4343673],[3.3099325,51.4344526],[3.3099459,51.4344577],[3.3099668,51.4344525],[3.3100102,51.4344029],[3.3100896,51.4344222],[3.3101468,51.4344162],[3.3102333,51.4344065],[3.3103619,51.4344417],[3.3103774,51.4344444],[3.3105218,51.4345112],[3.3105664,51.4345408],[3.3106662,51.4346043],[3.3107237,51.4346303],[3.3108104,51.4346532],[3.3108543,51.4346574],[3.3109543,51.4346588],[3.311026,51.4346742],[3.3110983,51.4346756],[3.3111916,51.4346606],[3.311242,51.4346482],[3.3112815,51.4346535],[3.3113859,51.434656],[3.3115172,51.4347181],[3.3115302,51.4347263],[3.311553,51.4347322],[3.3115774,51.434718],[3.3116526,51.4347044],[3.311674,51.4347073],[3.3116903,51.4347075],[3.3118177,51.4346855],[3.3119296,51.434717],[3.311962,51.4347481],[3.3120244,51.4347677],[3.3121058,51.4347388],[3.3122128,51.4348062],[3.3122502,51.4348267],[3.3122944,51.4348335],[3.3123856,51.4348057],[3.3123939,51.4348005],[3.312408,51.4348057],[3.312538,51.4348366],[3.3126787,51.4348068],[3.3126817,51.4348062],[3.3127642,51.4348946],[3.3128265,51.4349449],[3.3128774,51.4349842],[3.3129709,51.4350333],[3.3130246,51.4350738],[3.3131155,51.435131],[3.313196,51.4350733],[3.3131253,51.4349903],[3.3131289,51.4349836],[3.3131963,51.4349448],[3.3132582,51.4349606],[3.3133182,51.4349455],[3.3134021,51.4349747],[3.3134144,51.4349828],[3.3134269,51.4349982],[3.3134023,51.4349984],[3.3133559,51.4350729],[3.3133263,51.435121],[3.313362,51.4351628],[3.3134035,51.4351804],[3.3134604,51.4352524],[3.3134044,51.4353073],[3.3132983,51.4353428],[3.3134052,51.4354184],[3.3134869,51.4353935],[3.3135489,51.4354049],[3.3136512,51.4353419],[3.3136597,51.4353215],[3.3136371,51.435252],[3.3136914,51.4352024],[3.3137558,51.4352517],[3.313836,51.4353153],[3.3139107,51.4353412],[3.3139804,51.4353878],[3.314031,51.4353408],[3.3141236,51.4352968],[3.3141913,51.4353404],[3.3141638,51.4354058],[3.3141653,51.4354304],[3.3142689,51.4354984],[3.3143798,51.4354992],[3.3144128,51.4355102],[3.3144256,51.4355196],[3.3144354,51.4355336],[3.3144586,51.4356094],[3.3144137,51.4356377],[3.3143451,51.4356997],[3.3142706,51.435748],[3.314213,51.4357899],[3.3141275,51.4358615],[3.3140718,51.4358455],[3.3139835,51.4358335],[3.3139254,51.4357907],[3.3138389,51.4357377],[3.3137006,51.4357913],[3.3138398,51.4358598],[3.3138824,51.4358807],[3.3138871,51.4359414],[3.3138771,51.4359707],[3.3138891,51.4360008],[3.3139267,51.4360605],[3.3138415,51.4361149],[3.3137026,51.4360644],[3.3136973,51.4360675],[3.3135761,51.4361513],[3.3136516,51.4361802],[3.313698,51.4361684],[3.3137451,51.4361802],[3.3138421,51.4361951],[3.3138988,51.4362049],[3.3139859,51.4361906],[3.3141232,51.4362398],[3.3141302,51.4362492],[3.3141627,51.43626],[3.3142741,51.4362642],[3.3143672,51.436329],[3.314275,51.4363915],[3.3142328,51.4364193],[3.3142753,51.4364328],[3.3142983,51.4364191],[3.3144186,51.4363461],[3.3144465,51.4363288],[3.3144183,51.4363107],[3.3142953,51.4362393],[3.3144173,51.4361666],[3.3144307,51.436149],[3.3144758,51.4361122],[3.3145203,51.4360589],[3.314521,51.4359934],[3.3145227,51.435969],[3.3144158,51.435938],[3.3143766,51.4359693],[3.3142726,51.436037],[3.3141879,51.4360598],[3.314129,51.4360848],[3.3140861,51.43606],[3.3140968,51.4360401],[3.3140591,51.4359702],[3.3141278,51.4359076],[3.3142582,51.4358881],[3.3142716,51.4358862],[3.3142857,51.4358797],[3.3143501,51.4358389],[3.314318,51.4357897],[3.3144143,51.4357301],[3.3145378,51.4357761],[3.3145585,51.4357763],[3.3145855,51.4357889],[3.3147027,51.4358218],[3.3147651,51.4358784],[3.3148472,51.4359104],[3.3149858,51.4359642],[3.3149914,51.4359576],[3.3150076,51.4359676],[3.3151343,51.4360562],[3.3149915,51.4359744],[3.3149341,51.4360578],[3.3149925,51.4361206],[3.3151359,51.4360573],[3.3151361,51.4360573],[3.3152802,51.4361248],[3.3153262,51.4361466],[3.3154196,51.436233],[3.315281,51.4362316],[3.3152093,51.4361915],[3.3151369,51.436207],[3.315048,51.4361818],[3.3149929,51.4361835],[3.3149288,51.4362376],[3.3149939,51.4363224],[3.3150096,51.4363273],[3.315138,51.4363545],[3.3151715,51.4363269],[3.315281,51.4362402],[3.3154213,51.4362385],[3.3154249,51.4362374],[3.3154306,51.4362363],[3.3154271,51.4362349],[3.3154917,51.4361462],[3.3154681,51.436084],[3.3154623,51.4360563],[3.3154242,51.4359665],[3.315423,51.4359636],[3.3153236,51.4358769],[3.3153239,51.4358484],[3.3153868,51.4357868],[3.3152773,51.4356982],[3.3152756,51.4356972],[3.3152404,51.4356301],[3.3152477,51.4356073],[3.3152013,51.4355606],[3.3152015,51.4355175],[3.3152759,51.4354975],[3.3153236,51.4355172],[3.3153335,51.435553],[3.3153344,51.4356071],[3.315421,51.4356768],[3.3155431,51.4356199],[3.3154419,51.4356967],[3.3154616,51.4357616],[3.3154496,51.4357866],[3.3154506,51.4358589],[3.3154503,51.4358765],[3.3155666,51.4359227],[3.315699,51.4358759],[3.31571,51.4358601],[3.3157298,51.4358758],[3.3157243,51.4358846],[3.3157786,51.4359656],[3.315855,51.4360291],[3.315927,51.43601],[3.3159988,51.4360117],[3.316061,51.4359648],[3.3160716,51.4359188],[3.3161017,51.4358748],[3.3161416,51.4358543],[3.3161998,51.4358745],[3.316211,51.4359213],[3.3161955,51.4359645],[3.3161958,51.4360212],[3.3161914,51.4360544],[3.3161431,51.4360819],[3.3160722,51.4360991],[3.3159993,51.4360917],[3.3159174,51.4360938],[3.3158554,51.4360815],[3.3157553,51.4361455],[3.3157753,51.4361848],[3.3157327,51.4362355],[3.3157544,51.4362614],[3.3157128,51.4362618],[3.3156507,51.4362867],[3.3156937,51.4363255],[3.3156857,51.4363428],[3.3157065,51.4364154],[3.3155706,51.4365017],[3.3155663,51.4365057],[3.3154272,51.4365722],[3.3152834,51.4365067],[3.3153165,51.4365962],[3.3153955,51.4366657],[3.3154215,51.4366859],[3.3154155,51.4366937],[3.3154281,51.4366978],[3.3154381,51.4366858],[3.3155713,51.4366011],[3.3155801,51.4366011],[3.3157151,51.4366038],[3.3157743,51.4366318],[3.3158594,51.4366601],[3.3158852,51.4366846],[3.3160038,51.4367426],[3.3160706,51.4367741],[3.3161481,51.4368039],[3.3162657,51.4367899],[3.3162919,51.4367903],[3.3164136,51.4368489],[3.3164362,51.4368516],[3.3164532,51.4368629],[3.3165803,51.4368855],[3.3166492,51.4368624],[3.3165798,51.4368199],[3.3165011,51.4367729],[3.3165793,51.4367399],[3.3167206,51.4366837],[3.3167197,51.4367723],[3.3167234,51.4367747],[3.3168624,51.4367719],[3.3168591,51.4367669],[3.3167236,51.4366824],[3.3168664,51.4366433],[3.316962,51.4365918],[3.3170094,51.4365287],[3.317107,51.4365304],[3.3171533,51.4365289],[3.3171791,51.4365912],[3.3171682,51.4366725],[3.3171696,51.4366812],[3.3172298,51.436728],[3.3171545,51.4367005],[3.3170818,51.4366814],[3.3170103,51.4366505],[3.3169732,51.4366817],[3.3168674,51.4367718],[3.3168673,51.4367719],[3.3170117,51.4368572],[3.3170163,51.4368614],[3.317156,51.4369154],[3.317196,51.4369509],[3.3173006,51.4370247],[3.3173385,51.4370167],[3.3174441,51.4369774],[3.3175872,51.437039],[3.3175532,51.4369499],[3.3174549,51.4368675],[3.3174491,51.4368602],[3.3174879,51.4367984],[3.3174751,51.4367703],[3.317487,51.4367424],[3.3175448,51.4366802],[3.3175858,51.436654],[3.3176338,51.4366499],[3.3177296,51.4366504],[3.3177579,51.4366796],[3.3178741,51.4367394],[3.3179875,51.4367689],[3.3180184,51.4368007],[3.3180928,51.436815],[3.3180439,51.4367687],[3.3181618,51.4367337],[3.3182098,51.4367683],[3.3182515,51.4368238],[3.3181985,51.4368582],[3.3182951,51.4369404],[3.3181633,51.4369482],[3.3180196,51.4369791],[3.3179461,51.4369948],[3.3179956,51.4369487],[3.3178751,51.4368844],[3.3177567,51.4369493],[3.3178079,51.4369966],[3.317856,51.437039],[3.3178763,51.4370513],[3.3178998,51.4370536],[3.3180202,51.4370642],[3.3180671,51.4370384],[3.3181633,51.4369483],[3.3182775,51.4370378],[3.3183081,51.4370834],[3.3183563,51.4371275],[3.3183086,51.4371585],[3.3182709,51.4371513],[3.3181648,51.4371643],[3.3180591,51.4372183],[3.3181656,51.4372868],[3.3182102,51.4372799],[3.3183094,51.4372804],[3.3183807,51.4372174],[3.3184526,51.437173],[3.3185957,51.4371271],[3.3185961,51.4371274],[3.3186211,51.4372167],[3.3187411,51.4372921],[3.3188318,51.4372162],[3.3187403,51.4371758],[3.3185962,51.4371269],[3.3187395,51.43705],[3.3188633,51.4371262],[3.318884,51.4371495],[3.3189223,51.4372159],[3.3189891,51.4372809],[3.3188849,51.4372823],[3.3188098,51.4373061],[3.3187415,51.4373493],[3.3186719,51.4373065],[3.3185971,51.4372621],[3.3185495,51.437277],[3.3184531,51.4372473],[3.3183352,51.4373074],[3.3183749,51.4373479],[3.3183102,51.4373869],[3.318294,51.4373873],[3.3183049,51.4373974],[3.3183103,51.4374024],[3.3183183,51.4374024],[3.3184543,51.4374286],[3.3185051,51.4374286],[3.3185983,51.4374428],[3.3186665,51.4374864],[3.318731,51.4375686],[3.3187351,51.4375761],[3.3187432,51.4375834],[3.3188375,51.4376657],[3.3188877,51.4376851],[3.3190015,51.4377552],[3.3190323,51.4377792],[3.3191692,51.437759],[3.319176,51.4377589],[3.3191828,51.437759],[3.3193199,51.4377587],[3.3194548,51.4378439],[3.3194644,51.4378475],[3.3194781,51.4378524],[3.3196085,51.4378899],[3.3197075,51.437905],[3.3197526,51.4379167],[3.3198664,51.4379327],[3.3198967,51.4379542],[3.3199141,51.4379326],[3.3200402,51.4378993],[3.3201673,51.4379319],[3.3201549,51.4379503],[3.320167,51.4380218],[3.3201539,51.438092],[3.3201669,51.4381117],[3.3201856,51.4381228],[3.3202228,51.4381116],[3.3203289,51.4380432],[3.3203604,51.4380213],[3.3204725,51.4379955],[3.3206007,51.4380206],[3.3206166,51.4380239],[3.3206348,51.4380319],[3.3207609,51.4380882],[3.3207818,51.43811],[3.3207967,51.4381322],[3.3207613,51.4381439],[3.3206748,51.4382002],[3.3207619,51.4382351],[3.3208279,51.4382485],[3.3209058,51.4382322],[3.3209505,51.4382275],[3.3210497,51.4382353],[3.3211157,51.4382403],[3.3211935,51.438239],[3.321269,51.4382457],[3.3213374,51.4382382],[3.3214707,51.438288],[3.3214817,51.438298],[3.3214984,51.4382983],[3.3216258,51.4383367],[3.3217322,51.4383537],[3.3217698,51.4383543],[3.3217979,51.438377],[3.3218754,51.4384424],[3.3219043,51.4384666],[3.3219008,51.4384752],[3.3218997,51.4385566],[3.3219152,51.4385661],[3.3220488,51.4386461],[3.3220597,51.4386526],[3.3221939,51.4387356],[3.3222042,51.438746],[3.3223211,51.4388252],[3.3223487,51.4388366],[3.3223754,51.438825],[3.322492,51.4387473],[3.3225365,51.4387624],[3.3226362,51.4387954],[3.3226843,51.4387941],[3.3227799,51.4387712],[3.3228621,51.4388237],[3.3227808,51.4388998],[3.3227313,51.4388831],[3.3227352,51.4389139],[3.322781,51.4389238],[3.3229063,51.438925],[3.3229248,51.4389243],[3.3229516,51.4389133],[3.3230683,51.4388628],[3.3231159,51.4389129],[3.323213,51.4389892],[3.3232431,51.4389837],[3.3233067,51.4390023],[3.3233029,51.4390582],[3.3233444,51.4390921],[3.3233577,51.439095],[3.3233641,51.4390961],[3.3235017,51.4391185],[3.3236233,51.4391052],[3.3236455,51.4391051],[3.3236958,51.4391225],[3.3237479,51.439091],[3.3237892,51.4390835],[3.323831,51.4390908],[3.3238836,51.4391217],[3.3239332,51.4391029],[3.3239583,51.4391061],[3.324077,51.4390933],[3.3241174,51.43909],[3.3242205,51.4390307],[3.3242452,51.4390152],[3.3243645,51.4390603],[3.3244407,51.4390891],[3.324509,51.4391479],[3.3245587,51.4391787],[3.3246534,51.4392214],[3.3247493,51.439238],[3.3247975,51.4392523],[3.3248961,51.4392394],[3.3249414,51.4392518],[3.3250725,51.4391772],[3.3250847,51.4391703],[3.3250946,51.4391772],[3.3251345,51.439208],[3.3251298,51.439267],[3.325129,51.4393299],[3.3252295,51.4392964],[3.3253271,51.4393273],[3.3253736,51.4393372],[3.3254039,51.4393562],[3.3255179,51.4393987],[3.3256282,51.4393555],[3.3256613,51.4393234],[3.325751,51.4393552],[3.3258057,51.4393956],[3.3258468,51.4394192],[3.3259496,51.4393955],[3.3260147,51.4393952],[3.3260936,51.4394202],[3.3261825,51.439354],[3.3262368,51.4393199],[3.3263323,51.4392938],[3.3263807,51.4393237],[3.3264798,51.4392632],[3.3265132,51.4392564],[3.3265241,51.4392582],[3.3265328,51.4392577],[3.3266197,51.4392629],[3.3265245,51.4393229],[3.3264799,51.4393532],[3.3265135,51.4393601],[3.3265248,51.4393586],[3.3266573,51.4394426],[3.3266693,51.4394463],[3.3266768,51.4394472],[3.3266979,51.4394425],[3.326669,51.4394067],[3.3265714,51.4393529],[3.3266682,51.439292],[3.3266985,51.4393338],[3.3266868,51.4393526],[3.326813,51.4394172],[3.3269188,51.4394181],[3.3269568,51.4394179],[3.3270141,51.4394416],[3.327101,51.4394608],[3.327215,51.439441],[3.3272447,51.4394317],[3.3273761,51.4394328],[3.3273886,51.4394348],[3.3274035,51.4394312],[3.3275324,51.4394296],[3.327658,51.4394284],[3.3276763,51.4394325],[3.3276948,51.4394281],[3.3278201,51.4394145],[3.3278594,51.4394147],[3.3279637,51.4393821],[3.3280552,51.4394058],[3.3281077,51.4394001],[3.328181,51.4393925],[3.3282515,51.4393921],[3.3283433,51.4393805],[3.3283952,51.4393694],[3.3284625,51.4393895],[3.3285391,51.4393612],[3.3285977,51.4394007],[3.328683,51.439369],[3.3287978,51.4393467],[3.3288266,51.4393354],[3.328873,51.4393465],[3.3289707,51.4393611],[3.3290081,51.4393695],[3.3291148,51.4393888],[3.3292012,51.4393814],[3.3292586,51.4393822],[3.3293221,51.4393955],[3.3294025,51.439385],[3.3294814,51.439394],[3.3295464,51.439388],[3.3296206,51.4393879],[3.3296902,51.4393827],[3.3297853,51.4393744],[3.329834,51.4393741],[3.3298907,51.439379],[3.329978,51.4393795],[3.3300647,51.4393788],[3.3301218,51.4393783],[3.3301909,51.4393859],[3.3302658,51.4393935],[3.3303291,51.4393928],[3.3304097,51.4393927],[3.3304718,51.4393931],[3.3305534,51.4393753],[3.3306346,51.4393922],[3.3306975,51.4394077],[3.3307452,51.4394013],[3.3308413,51.4393946],[3.3309155,51.4393842],[3.3309851,51.4393785],[3.3310806,51.4393704],[3.3311289,51.4393662],[3.3311968,51.4393823],[3.3312729,51.4393907],[3.3313555,51.4393911],[3.3314169,51.4394037],[3.3315101,51.4393706],[3.3315604,51.4393525],[3.3315936,51.4393388],[3.3317039,51.4392972],[3.3318129,51.4393382],[3.3318482,51.4393599],[3.3319588,51.4394277],[3.3319926,51.4394373],[3.3320427,51.4394275],[3.3321361,51.4393881],[3.3322108,51.4393803],[3.3322799,51.4393675],[3.3323657,51.4393366],[3.3323948,51.4392642],[3.3324017,51.4392466],[3.3324228,51.4392417],[3.3324402,51.4392465],[3.3325672,51.4393118],[3.3326256,51.4392994],[3.3327111,51.4393191],[3.3327777,51.4392873],[3.332855,51.4393112],[3.3329315,51.439335],[3.3329992,51.4393615],[3.3331158,51.4393515],[3.333143,51.4393478],[3.3332525,51.4393556],[3.3332869,51.4393517],[3.3333182,51.4393535],[3.3333333,51.4393534]]},"properties":{"rawObjectClass":"DEPCNT","VALDCO":6,"depthDatum":"Approximate LAT","depthDatumCode":42,"depthDatumStatus":"VERIFIED_FROM_OFFICIAL_DOCUMENTATION","verticalDatum":"Local Datum","verticalDatumCode":24,"napIdentityStatus":"UNVERIFIED","sourceKind":"official","sourceCellId":"1R75883I","sourceStableId":"1F2B6A4B9FC675B3","sourceChecksum":"7c265c9fd48cb0677b21c9e60c88de7230e0e5b27a4f98bc2d44d93527f2082a","pipelineFeatureId":"1R75883I/DEPCNT/1281233494","provenance":{"cellId":"1R75883I","checksum":"7c265c9fd48cb0677b21c9e60c88de7230e0e5b27a4f98bc2d44d93527f2082a","readerVersion":"GDAL 3.2.2","processedAt":"2026-08-11T13:43:44.753Z"},"sourceProperties":{"RCID":1281233494,"PRIM":2,"GRUP":2,"OBJL":43,"RVER":1,"AGEN":7979,"FIDN":1783340998,"FIDS":30131,"LNAM":"1F2B6A4B9FC675B3","VALDCO":6,"SCAMIN":15000,"sourceCellId":"1R75883I","sourceChecksum":"7c265c9fd48cb0677b21c9e60c88de7230e0e5b27a4f98bc2d44d93527f2082a","rawObjectClass":"DEPCNT","sourceStableId":"1F2B6A4B9FC675B3"}}},{"type":"Feature","geometry":{"type":"LineString","coordinates":[[3.3157154,51.4355162],[3.3157182,51.4355227],[3.3157172,51.4356061],[3.3157083,51.435615],[3.3156911,51.4356169],[3.3155899,51.4356064],[3.3155865,51.4355926],[3.3156777,51.4355163],[3.3155634,51.435461],[3.3155356,51.4354267],[3.315563,51.435405],[3.3156512,51.4354264],[3.3157074,51.4354801],[3.3157154,51.4355162]]},"properties":{"rawObjectClass":"DEPCNT","VALDCO":6,"depthDatum":"Approximate LAT","depthDatumCode":42,"depthDatumStatus":"VERIFIED_FROM_OFFICIAL_DOCUMENTATION","verticalDatum":"Local Datum","verticalDatumCode":24,"napIdentityStatus":"UNVERIFIED","sourceKind":"official","sourceCellId":"1R75883I","sourceStableId":"1F2B6A4B9FC675B4","sourceChecksum":"7c265c9fd48cb0677b21c9e60c88de7230e0e5b27a4f98bc2d44d93527f2082a","pipelineFeatureId":"1R75883I/DEPCNT/1281233498","provenance":{"cellId":"1R75883I","checksum":"7c265c9fd48cb0677b21c9e60c88de7230e0e5b27a4f98bc2d44d93527f2082a","readerVersion":"GDAL 3.2.2","processedAt":"2026-08-11T13:43:44.753Z"},"sourceProperties":{"RCID":1281233498,"PRIM":2,"GRUP":2,"OBJL":43,"RVER":1,"AGEN":7979,"FIDN":1783340998,"FIDS":30132,"LNAM":"1F2B6A4B9FC675B4","VALDCO":6,"SCAMIN":15000,"sourceCellId":"1R75883I","sourceChecksum":"7c265c9fd48cb0677b21c9e60c88de7230e0e5b27a4f98bc2d44d93527f2082a","rawObjectClass":"DEPCNT","sourceStableId":"1F2B6A4B9FC675B4"}}},{"type":"Feature","geometry":{"type":"LineString","coordinates":[[3.2666934,51.4608777],[3.2667231,51.4609049],[3.2667985,51.4609625],[3.2668301,51.4609946],[3.2669431,51.4610749],[3.2669787,51.4610841],[3.2669978,51.4611181],[3.2670589,51.4611739],[3.2669441,51.4612441],[3.266881,51.4612248],[3.2668002,51.4612543],[3.2667893,51.4612576],[3.2666561,51.4612235],[3.2665908,51.4612649],[3.2665126,51.4612994],[3.2664631,51.4612652],[3.2663681,51.4611986],[3.2663392,51.4611755],[3.2662236,51.4611033],[3.2662009,51.4610859],[3.2661962,51.461083]]},"properties":{"rawObjectClass":"DEPCNT","VALDCO":6,"depthDatum":"Approximate LAT","depthDatumCode":42,"depthDatumStatus":"VERIFIED_FROM_OFFICIAL_DOCUMENTATION","verticalDatum":"Local Datum","verticalDatumCode":24,"napIdentityStatus":"UNVERIFIED","sourceKind":"official","sourceCellId":"1R75883I","sourceStableId":"1F2B6A4B9FC675B5","sourceChecksum":"7c265c9fd48cb0677b21c9e60c88de7230e0e5b27a4f98bc2d44d93527f2082a","pipelineFeatureId":"1R75883I/DEPCNT/1281233500","provenance":{"cellId":"1R75883I","checksum":"7c265c9fd48cb0677b21c9e60c88de7230e0e5b27a4f98bc2d44d93527f2082a","readerVersion":"GDAL 3.2.2","processedAt":"2026-08-11T13:43:44.753Z"},"sourceProperties":{"RCID":1281233500,"PRIM":2,"GRUP":2,"OBJL":43,"RVER":1,"AGEN":7979,"FIDN":1783340998,"FIDS":30133,"LNAM":"1F2B6A4B9FC675B5","VALDCO":6,"SCAMIN":15000,"sourceCellId":"1R75883I","sourceChecksum":"7c265c9fd48cb0677b21c9e60c88de7230e0e5b27a4f98bc2d44d93527f2082a","rawObjectClass":"DEPCNT","sourceStableId":"1F2B6A4B9FC675B5"}}},{"type":"Feature","geometry":{"type":"LineString","coordinates":[[3.2758637,51.4615132],[3.2757801,51.4614572],[3.2757347,51.4614236],[3.2757257,51.4614129],[3.2756585,51.4613338],[3.2755808,51.4612465],[3.2755786,51.4612441],[3.2755664,51.4612352],[3.2754461,51.4611545],[3.2754362,51.4611449],[3.2753236,51.4610648],[3.2752915,51.4610075],[3.2752647,51.4609751],[3.2752321,51.4609383],[3.2751656,51.4608854],[3.2751467,51.4608675],[3.2750602,51.4607957],[3.275002,51.4607487],[3.274949,51.4607061],[3.2748573,51.4606283],[3.2748316,51.4606164],[3.274713,51.4605623],[3.2746135,51.460527],[3.2745687,51.4605077],[3.2744554,51.4604568],[3.2744244,51.4604449],[3.2744124,51.460445],[3.2742805,51.4604502],[3.2742231,51.4604739],[3.2742104,51.460438],[3.2741364,51.4604198],[3.2741044,51.4604383],[3.274095,51.4605021],[3.2741073,51.4605282],[3.2741374,51.4605919],[3.2741556,51.460618],[3.2741551,51.4606289],[3.2741922,51.4607078],[3.2742696,51.4607895],[3.2742773,51.4607975],[3.2742718,51.4608804],[3.2742791,51.4608875],[3.2742831,51.46089],[3.2743958,51.4609771],[3.2744277,51.4609995],[3.2745339,51.4610667],[3.2745723,51.4610977],[3.2746634,51.4611563],[3.2747168,51.4611952],[3.2748073,51.4612459],[3.2748613,51.4612872],[3.2749148,51.4613356],[3.275006,51.4614042],[3.2750345,51.4614252],[3.2750923,51.4614787],[3.2750319,51.4615151],[3.2751399,51.4615978],[3.2751505,51.4616048],[3.2751511,51.4616053],[3.2751516,51.4616051],[3.2752952,51.4616329],[3.2753799,51.4616941],[3.2754398,51.461738],[3.2755011,51.4617838],[3.2755593,51.4618578],[3.2755582,51.4618736],[3.2756932,51.4619632],[3.2757292,51.4619819],[3.2758381,51.4620527],[3.2758737,51.4620822],[3.2759621,51.4621424],[3.2760182,51.4621793],[3.2760838,51.462232],[3.2761629,51.4622987],[3.2761965,51.4623216],[3.2763074,51.4623924],[3.2763365,51.4624112],[3.276452,51.4624911],[3.2764725,51.4625008],[3.2765963,51.4625565],[3.2766488,51.4625903],[3.2767407,51.4626367],[3.276828,51.4626798],[3.2768851,51.4627078],[3.2769832,51.4627694],[3.2770296,51.4627936],[3.2771553,51.4628589],[3.277174,51.4628705],[3.2773185,51.4629601],[3.2773652,51.4629774],[3.2774054,51.4629482],[3.2774075,51.4628924],[3.2774072,51.4628583],[3.2774616,51.4628183],[3.2774992,51.4627918],[3.2774734,51.4627682],[3.2774612,51.4627569],[3.2773787,51.4626785],[3.2773164,51.4626197],[3.2772824,51.4625888],[3.2772144,51.4625256],[3.2771996,51.4624991],[3.2771715,51.462453],[3.2771459,51.4624093],[3.277027,51.4623711],[3.2769639,51.4623198],[3.2768973,51.4622395],[3.2768875,51.4622301],[3.2768822,51.4622265],[3.2767732,51.4621405],[3.2767376,51.4621173],[3.2766373,51.4620509],[3.276593,51.4620158],[3.2765113,51.4619612],[3.2764484,51.4619095],[3.276392,51.4618716],[3.2763038,51.4617928],[3.2762883,51.4617819],[3.2761594,51.4617212],[3.2761161,51.4616924],[3.2760149,51.4616251],[3.2759818,51.4616028],[3.2758703,51.4615177],[3.2758637,51.4615132]]},"properties":{"rawObjectClass":"DEPCNT","VALDCO":6,"depthDatum":"Approximate LAT","depthDatumCode":42,"depthDatumStatus":"VERIFIED_FROM_OFFICIAL_DOCUMENTATION","verticalDatum":"Local Datum","verticalDatumCode":24,"napIdentityStatus":"UNVERIFIED","sourceKind":"official","sourceCellId":"1R75883I","sourceStableId":"1F2B6A4B9FC675B6","sourceChecksum":"7c265c9fd48cb0677b21c9e60c88de7230e0e5b27a4f98bc2d44d93527f2082a","pipelineFeatureId":"1R75883I/DEPCNT/1281233505","provenance":{"cellId":"1R75883I","checksum":"7c265c9fd48cb0677b21c9e60c88de7230e0e5b27a4f98bc2d44d93527f2082a","readerVersion":"GDAL 3.2.2","processedAt":"2026-08-11T13:43:44.753Z"},"sourceProperties":{"RCID":1281233505,"PRIM":2,"GRUP":2,"OBJL":43,"RVER":1,"AGEN":7979,"FIDN":1783340998,"FIDS":30134,"LNAM":"1F2B6A4B9FC675B6","VALDCO":6,"SCAMIN":15000,"sourceCellId":"1R75883I","sourceChecksum":"7c265c9fd48cb0677b21c9e60c88de7230e0e5b27a4f98bc2d44d93527f2082a","rawObjectClass":"DEPCNT","sourceStableId":"1F2B6A4B9FC675B6"}}},{"type":"Feature","geometry":{"type":"LineString","coordinates":[[3.2759098,51.4652896],[3.2760375,51.4653677],[3.2760619,51.4653792],[3.2761819,51.4654435],[3.2762297,51.4654687],[3.2763264,51.4655304],[3.2763807,51.4655583],[3.2764708,51.4656136],[3.276602,51.4656477],[3.276615,51.4656532],[3.2767531,51.4657372],[3.2767595,51.4657413],[3.2767687,51.4657429],[3.2769036,51.4657685],[3.2769732,51.4658266],[3.2770482,51.4658642],[3.2771526,51.4659161],[3.2771926,51.4659407],[3.277333,51.4660056],[3.277337,51.4660075],[3.2773516,51.4660147],[3.2774814,51.4660821],[3.2775081,51.4660951],[3.2776258,51.4661525],[3.2776913,51.4661846],[3.2777702,51.4662231],[3.2778513,51.4662741],[3.2779146,51.466308],[3.278022,51.4663636],[3.2779154,51.466431],[3.2778897,51.4664539],[3.2779156,51.4664728],[3.2779597,51.4664537],[3.2780591,51.4663914],[3.2781881,51.4664532],[3.2782035,51.466463],[3.2782491,51.4664815],[3.2783477,51.4665106],[3.2783981,51.4665426],[3.2783994,51.4665746],[3.2784465,51.4666324],[3.2784927,51.4666728],[3.2785526,51.4667221],[3.2786373,51.4667745],[3.2786961,51.4668116],[3.2787819,51.4668822],[3.2788117,51.4669013],[3.2788664,51.4669537],[3.2788678,51.4669911],[3.2789267,51.467028],[3.2789738,51.4670807],[3.2789271,51.4670951],[3.278904,51.4670809],[3.2787826,51.4670059],[3.2787518,51.4669913],[3.2786381,51.4669188],[3.2785571,51.4669019],[3.278494,51.4668833],[3.2784344,51.4668651],[3.2783497,51.4668267],[3.2783261,51.4668125],[3.2782053,51.4667526],[3.2781104,51.466813],[3.278206,51.4668712],[3.2782556,51.4669026],[3.2783506,51.4669792],[3.2783717,51.4669922],[3.2785171,51.4670818],[3.2784955,51.4671407],[3.2784054,51.4670821],[3.278351,51.4670476],[3.2783028,51.4670522],[3.2783338,51.4670823],[3.2783513,51.4670985],[3.2784724,51.4671718],[3.2783522,51.4672463],[3.2783269,51.4672463],[3.278208,51.4671968],[3.2781503,51.4671726],[3.2780636,51.46713],[3.2779347,51.4670832],[3.2779193,51.4670759],[3.2778958,51.4670686],[3.277775,51.4670182],[3.277648,51.4670839],[3.2777228,51.4671406],[3.2777506,51.4671736],[3.2776322,51.4672196],[3.2775629,51.4672206],[3.2774881,51.46719],[3.2774591,51.4671742],[3.2773437,51.4671105],[3.2772967,51.4670847],[3.2771992,51.4670309],[3.2771341,51.4669952],[3.2770548,51.4669519],[3.2769721,51.4669056],[3.2769103,51.4668628],[3.2768343,51.466816],[3.2767658,51.4667727],[3.2766786,51.4667265],[3.2766213,51.4666844],[3.2765425,51.4666369],[3.2764767,51.4665851],[3.2763955,51.4665473],[3.2763322,51.4664878],[3.2762855,51.4664577],[3.2762185,51.4663872],[3.2763316,51.4663908],[3.2764383,51.4663907],[3.2764755,51.4663865],[3.2765099,51.4663887],[3.2766197,51.4664242],[3.2766709,51.4664568],[3.2767642,51.4665168],[3.2768113,51.4665463],[3.2769086,51.4665853],[3.2769696,51.4666359],[3.2770531,51.4666769],[3.277131,51.4667254],[3.2771976,51.4667602],[3.2772865,51.466815],[3.2773421,51.4668576],[3.2774372,51.4669045],[3.2774866,51.4669441],[3.2775655,51.4669942],[3.2776313,51.467058],[3.2776973,51.4669938],[3.2776307,51.4669733],[3.2775183,51.4669043],[3.2774863,51.4668896],[3.2773789,51.4668148],[3.2773417,51.4667957],[3.2772284,51.4667252],[3.2771972,51.4667042],[3.2770864,51.4666356],[3.2770527,51.4666125],[3.276932,51.4665461],[3.2769082,51.4665293],[3.2767904,51.4664565],[3.2767637,51.4664374],[3.2766491,51.4663669],[3.2766192,51.4663442],[3.276512,51.4662773],[3.2764747,51.4662485],[3.2763429,51.4661878],[3.2763303,51.4661769],[3.2762859,51.466098],[3.2762617,51.4660557],[3.2762356,51.4660082],[3.2761851,51.4659702],[3.2761034,51.4659186],[3.2760406,51.4658804],[3.2759705,51.465829],[3.275896,51.4657719],[3.2758435,51.4657394],[3.2757514,51.465671],[3.2757239,51.4656497],[3.2756241,51.4655708],[3.2757508,51.4655736],[3.2757757,51.4655752],[3.2757589,51.4655597],[3.2757507,51.4655547],[3.2756135,51.4654702],[3.2756062,51.4654655],[3.2754994,51.4653805],[3.2756053,51.4653133],[3.275749,51.4653799],[3.2758445,51.4654387],[3.2758941,51.4654643],[3.2759022,51.4654695],[3.2760381,51.4654793],[3.2760561,51.4654803],[3.276046,51.4654691],[3.276038,51.4654601],[3.2759077,51.4653795],[3.2758935,51.4653698],[3.2758245,51.4652898],[3.2757527,51.4652027],[3.2759098,51.4652896]]},"properties":{"rawObjectClass":"DEPCNT","VALDCO":6,"depthDatum":"Approximate LAT","depthDatumCode":42,"depthDatumStatus":"VERIFIED_FROM_OFFICIAL_DOCUMENTATION","verticalDatum":"Local Datum","verticalDatumCode":24,"napIdentityStatus":"UNVERIFIED","sourceKind":"official","sourceCellId":"1R75883I","sourceStableId":"1F2B6A4B9FC675B7","sourceChecksum":"7c265c9fd48cb0677b21c9e60c88de7230e0e5b27a4f98bc2d44d93527f2082a","pipelineFeatureId":"1R75883I/DEPCNT/1281233508","provenance":{"cellId":"1R75883I","checksum":"7c265c9fd48cb0677b21c9e60c88de7230e0e5b27a4f98bc2d44d93527f2082a","readerVersion":"GDAL 3.2.2","processedAt":"2026-08-11T13:43:44.753Z"},"sourceProperties":{"RCID":1281233508,"PRIM":2,"GRUP":2,"OBJL":43,"RVER":1,"AGEN":7979,"FIDN":1783340998,"FIDS":30135,"LNAM":"1F2B6A4B9FC675B7","VALDCO":6,"SCAMIN":15000,"sourceCellId":"1R75883I","sourceChecksum":"7c265c9fd48cb0677b21c9e60c88de7230e0e5b27a4f98bc2d44d93527f2082a","rawObjectClass":"DEPCNT","sourceStableId":"1F2B6A4B9FC675B7"}}},{"type":"Feature","geometry":{"type":"LineString","coordinates":[[3.316152,51.4365041],[3.3161461,51.4365116],[3.3161362,51.4365041],[3.316146,51.4364937],[3.3162798,51.4364138],[3.3162542,51.4363921],[3.3162893,51.4364105],[3.3162946,51.4364138],[3.3164338,51.4365008],[3.3164431,51.4365033],[3.3164504,51.4365136],[3.3165536,51.4365929],[3.3165487,51.4366115],[3.3165318,51.4366829],[3.3164355,51.4367561],[3.31635,51.4366834],[3.3163421,51.4366514],[3.3163737,51.4365934],[3.316431,51.4365051],[3.3164313,51.4365033],[3.3162893,51.4364159],[3.316152,51.4365041]]},"properties":{"rawObjectClass":"DEPCNT","VALDCO":6,"depthDatum":"Approximate LAT","depthDatumCode":42,"depthDatumStatus":"VERIFIED_FROM_OFFICIAL_DOCUMENTATION","verticalDatum":"Local Datum","verticalDatumCode":24,"napIdentityStatus":"UNVERIFIED","sourceKind":"official","sourceCellId":"1R75883I","sourceStableId":"1F2B6A4B9FC675B8","sourceChecksum":"7c265c9fd48cb0677b21c9e60c88de7230e0e5b27a4f98bc2d44d93527f2082a","pipelineFeatureId":"1R75883I/DEPCNT/1281233511","provenance":{"cellId":"1R75883I","checksum":"7c265c9fd48cb0677b21c9e60c88de7230e0e5b27a4f98bc2d44d93527f2082a","readerVersion":"GDAL 3.2.2","processedAt":"2026-08-11T13:43:44.753Z"},"sourceProperties":{"RCID":1281233511,"PRIM":2,"GRUP":2,"OBJL":43,"RVER":1,"AGEN":7979,"FIDN":1783340998,"FIDS":30136,"LNAM":"1F2B6A4B9FC675B8","VALDCO":6,"SCAMIN":15000,"sourceCellId":"1R75883I","sourceChecksum":"7c265c9fd48cb0677b21c9e60c88de7230e0e5b27a4f98bc2d44d93527f2082a","rawObjectClass":"DEPCNT","sourceStableId":"1F2B6A4B9FC675B8"}}},{"type":"Feature","geometry":{"type":"LineString","coordinates":[[3.2672486,51.4614432],[3.2672654,51.4614632],[3.2672335,51.4615047],[3.2672192,51.4615332],[3.26709,51.4615738],[3.2670262,51.4615336],[3.2670896,51.461503],[3.2672174,51.4614433],[3.2672142,51.4614315],[3.2671924,51.4613534],[3.2670884,51.4612976],[3.2669936,51.4612639],[3.2670878,51.461202],[3.2671634,51.4612636],[3.2672324,51.4613162],[3.2672816,51.4613532],[3.2672571,51.4614282],[3.2672486,51.4614432]]},"properties":{"rawObjectClass":"DEPCNT","VALDCO":6,"depthDatum":"Approximate LAT","depthDatumCode":42,"depthDatumStatus":"VERIFIED_FROM_OFFICIAL_DOCUMENTATION","verticalDatum":"Local Datum","verticalDatumCode":24,"napIdentityStatus":"UNVERIFIED","sourceKind":"official","sourceCellId":"1R75883I","sourceStableId":"1F2B6A4B9FC675B9","sourceChecksum":"7c265c9fd48cb0677b21c9e60c88de7230e0e5b27a4f98bc2d44d93527f2082a","pipelineFeatureId":"1R75883I/DEPCNT/1281233514","provenance":{"cellId":"1R75883I","checksum":"7c265c9fd48cb0677b21c9e60c88de7230e0e5b27a4f98bc2d44d93527f2082a","readerVersion":"GDAL 3.2.2","processedAt":"2026-08-11T13:43:44.753Z"},"sourceProperties":{"RCID":1281233514,"PRIM":2,"GRUP":2,"OBJL":43,"RVER":1,"AGEN":7979,"FIDN":1783340998,"FIDS":30137,"LNAM":"1F2B6A4B9FC675B9","VALDCO":6,"SCAMIN":15000,"sourceCellId":"1R75883I","sourceChecksum":"7c265c9fd48cb0677b21c9e60c88de7230e0e5b27a4f98bc2d44d93527f2082a","rawObjectClass":"DEPCNT","sourceStableId":"1F2B6A4B9FC675B9"}}},{"type":"Feature","geometry":{"type":"LineString","coordinates":[[3.2816628,51.4671554],[3.2816843,51.4671642],[3.2818073,51.4672426],[3.2818421,51.4672537],[3.2818077,51.4673037],[3.2817517,51.4673089],[3.281789,51.4673438],[3.281808,51.4673525],[3.2819381,51.4674333],[3.2819525,51.4674404],[3.2819636,51.4674333],[3.2820091,51.4673976],[3.2819524,51.467421],[3.2818271,51.4673437],[3.2819515,51.4672872],[3.2820545,51.4673174],[3.2820957,51.4673172],[3.2821491,51.467253],[3.2820949,51.4671858],[3.2820694,51.4671632],[3.2820583,51.4671406],[3.2820499,51.4670734],[3.2820075,51.4670195],[3.2819622,51.4669837],[3.2819496,51.4669738],[3.2818461,51.466894],[3.281805,51.4668629],[3.2817291,51.4668044],[3.2816399,51.4667147],[3.2815591,51.466652],[3.2815245,51.466625],[3.2815155,51.4666182],[3.2813811,51.4665355],[3.281371,51.4665293],[3.2812265,51.4664396],[3.2810913,51.4663563],[3.281082,51.4663505],[3.2810631,51.4663446],[3.2809379,51.4663193],[3.2807936,51.4662631],[3.2807836,51.466261],[3.2806492,51.4662045],[3.280586,51.4661777],[3.2805049,51.4661377],[3.2804019,51.4660882],[3.2803603,51.4660346],[3.2803375,51.4659985],[3.2802157,51.4659364],[3.2801503,51.465909],[3.2800712,51.4658423],[3.2800163,51.4658537],[3.2799561,51.4658195],[3.279927,51.4658038],[3.2797979,51.4658106],[3.2797831,51.465815],[3.2797669,51.4658099],[3.2797832,51.4658247],[3.279928,51.4659652],[3.2799564,51.4659994],[3.2800522,51.4660763],[3.2800536,51.4660891],[3.2800728,51.4661005],[3.2801133,51.4661788],[3.2801359,51.4662297],[3.2801234,51.4662687],[3.2802182,51.4663411],[3.2802464,51.4663584],[3.2803191,51.4664209],[3.2803394,51.466448],[3.2803629,51.4664623],[3.2804822,51.4665376],[3.2805075,51.4665682],[3.2805611,51.4666274],[3.2806522,51.4666833],[3.280687,51.466717],[3.28076,51.4667838],[3.2807841,51.4668067],[3.280797,51.4668183],[3.2809175,51.4668963],[3.2809415,51.4669115],[3.2809947,51.4669292],[3.2810858,51.4669728],[3.2811132,51.4669857],[3.2812303,51.4670583],[3.2812747,51.4670752],[3.2813746,51.4671164],[3.2814896,51.4670927],[3.2815186,51.467108],[3.2815757,51.4671102],[3.2816628,51.4671554]]},"properties":{"rawObjectClass":"DEPCNT","VALDCO":6,"depthDatum":"Approximate LAT","depthDatumCode":42,"depthDatumStatus":"VERIFIED_FROM_OFFICIAL_DOCUMENTATION","verticalDatum":"Local Datum","verticalDatumCode":24,"napIdentityStatus":"UNVERIFIED","sourceKind":"official","sourceCellId":"1R75883I","sourceStableId":"1F2B6A4B9FC675BA","sourceChecksum":"7c265c9fd48cb0677b21c9e60c88de7230e0e5b27a4f98bc2d44d93527f2082a","pipelineFeatureId":"1R75883I/DEPCNT/1281233515","provenance":{"cellId":"1R75883I","checksum":"7c265c9fd48cb0677b21c9e60c88de7230e0e5b27a4f98bc2d44d93527f2082a","readerVersion":"GDAL 3.2.2","processedAt":"2026-08-11T13:43:44.753Z"},"sourceProperties":{"RCID":1281233515,"PRIM":2,"GRUP":2,"OBJL":43,"RVER":1,"AGEN":7979,"FIDN":1783340998,"FIDS":30138,"LNAM":"1F2B6A4B9FC675BA","VALDCO":6,"SCAMIN":15000,"sourceCellId":"1R75883I","sourceChecksum":"7c265c9fd48cb0677b21c9e60c88de7230e0e5b27a4f98bc2d44d93527f2082a","rawObjectClass":"DEPCNT","sourceStableId":"1F2B6A4B9FC675BA"}}},{"type":"Feature","geometry":{"type":"LineString","coordinates":[[3.317445,51.4370973],[3.3173317,51.4370597],[3.317328,51.4371303],[3.3174457,51.4372022],[3.3175887,51.4371296],[3.3175875,51.4370403],[3.317445,51.4370973]]},"properties":{"rawObjectClass":"DEPCNT","VALDCO":6,"depthDatum":"Approximate LAT","depthDatumCode":42,"depthDatumStatus":"VERIFIED_FROM_OFFICIAL_DOCUMENTATION","verticalDatum":"Local Datum","verticalDatumCode":24,"napIdentityStatus":"UNVERIFIED","sourceKind":"official","sourceCellId":"1R75883I","sourceStableId":"1F2B6A4B9FC675BB","sourceChecksum":"7c265c9fd48cb0677b21c9e60c88de7230e0e5b27a4f98bc2d44d93527f2082a","pipelineFeatureId":"1R75883I/DEPCNT/1281233527","provenance":{"cellId":"1R75883I","checksum":"7c265c9fd48cb0677b21c9e60c88de7230e0e5b27a4f98bc2d44d93527f2082a","readerVersion":"GDAL 3.2.2","processedAt":"2026-08-11T13:43:44.753Z"},"sourceProperties":{"RCID":1281233527,"PRIM":2,"GRUP":2,"OBJL":43,"RVER":1,"AGEN":7979,"FIDN":1783340998,"FIDS":30139,"LNAM":"1F2B6A4B9FC675BB","VALDCO":6,"SCAMIN":15000,"sourceCellId":"1R75883I","sourceChecksum":"7c265c9fd48cb0677b21c9e60c88de7230e0e5b27a4f98bc2d44d93527f2082a","rawObjectClass":"DEPCNT","sourceStableId":"1F2B6A4B9FC675BB"}}},{"type":"Feature","geometry":{"type":"LineString","coordinates":[[3.313446,51.435792],[3.3134968,51.4358473],[3.3135133,51.4358817],[3.3134088,51.4359495],[3.3133732,51.435972],[3.3134094,51.4360412],[3.3134655,51.436007],[3.3134368,51.4359719],[3.3135523,51.4359006],[3.3135662,51.4358816],[3.3136791,51.4358016],[3.3136914,51.4357913],[3.3135512,51.4357341],[3.313446,51.435792]]},"properties":{"rawObjectClass":"DEPCNT","VALDCO":6,"depthDatum":"Approximate LAT","depthDatumCode":42,"depthDatumStatus":"VERIFIED_FROM_OFFICIAL_DOCUMENTATION","verticalDatum":"Local Datum","verticalDatumCode":24,"napIdentityStatus":"UNVERIFIED","sourceKind":"official","sourceCellId":"1R75883I","sourceStableId":"1F2B6A4B9FC675BC","sourceChecksum":"7c265c9fd48cb0677b21c9e60c88de7230e0e5b27a4f98bc2d44d93527f2082a","pipelineFeatureId":"1R75883I/DEPCNT/1281233530","provenance":{"cellId":"1R75883I","checksum":"7c265c9fd48cb0677b21c9e60c88de7230e0e5b27a4f98bc2d44d93527f2082a","readerVersion":"GDAL 3.2.2","processedAt":"2026-08-11T13:43:44.753Z"},"sourceProperties":{"RCID":1281233530,"PRIM":2,"GRUP":2,"OBJL":43,"RVER":1,"AGEN":7979,"FIDN":1783340998,"FIDS":30140,"LNAM":"1F2B6A4B9FC675BC","VALDCO":6,"SCAMIN":15000,"sourceCellId":"1R75883I","sourceChecksum":"7c265c9fd48cb0677b21c9e60c88de7230e0e5b27a4f98bc2d44d93527f2082a","rawObjectClass":"DEPCNT","sourceStableId":"1F2B6A4B9FC675BC"}}},{"type":"Feature","geometry":{"type":"LineString","coordinates":[[3.2734482,51.4621483],[3.2734961,51.4621911],[3.2734273,51.4621965],[3.2733374,51.4621485],[3.2732829,51.4621212],[3.2732199,51.4620589],[3.2732824,51.4620323],[3.2733118,51.4620587],[3.2734269,51.4621342],[3.2734482,51.4621483]]},"properties":{"rawObjectClass":"DEPCNT","VALDCO":6,"depthDatum":"Approximate LAT","depthDatumCode":42,"depthDatumStatus":"VERIFIED_FROM_OFFICIAL_DOCUMENTATION","verticalDatum":"Local Datum","verticalDatumCode":24,"napIdentityStatus":"UNVERIFIED","sourceKind":"official","sourceCellId":"1R75883I","sourceStableId":"1F2B6A4B9FC675BD","sourceChecksum":"7c265c9fd48cb0677b21c9e60c88de7230e0e5b27a4f98bc2d44d93527f2082a","pipelineFeatureId":"1R75883I/DEPCNT/1281233531","provenance":{"cellId":"1R75883I","checksum":"7c265c9fd48cb0677b21c9e60c88de7230e0e5b27a4f98bc2d44d93527f2082a","readerVersion":"GDAL 3.2.2","processedAt":"2026-08-11T13:43:44.753Z"},"sourceProperties":{"RCID":1281233531,"PRIM":2,"GRUP":2,"OBJL":43,"RVER":1,"AGEN":7979,"FIDN":1783340998,"FIDS":30141,"LNAM":"1F2B6A4B9FC675BD","VALDCO":6,"SCAMIN":15000,"sourceCellId":"1R75883I","sourceChecksum":"7c265c9fd48cb0677b21c9e60c88de7230e0e5b27a4f98bc2d44d93527f2082a","rawObjectClass":"DEPCNT","sourceStableId":"1F2B6A4B9FC675BD"}}},{"type":"Feature","geometry":{"type":"LineString","coordinates":[[3.26991,51.4608077],[3.2698306,51.4607246],[3.2698433,51.4607179],[3.2698198,51.4607027],[3.2697656,51.4606282],[3.2698192,51.4606046],[3.2698775,51.4606279],[3.2699636,51.4606803],[3.2700717,51.4607174],[3.2700894,51.4607955],[3.2700999,51.4608072],[3.2701083,51.4608108],[3.2702075,51.4608969],[3.2701092,51.4609607],[3.2700276,51.4608973],[3.2699646,51.4608495],[3.26991,51.4608077]]},"properties":{"rawObjectClass":"DEPCNT","VALDCO":6,"depthDatum":"Approximate LAT","depthDatumCode":42,"depthDatumStatus":"VERIFIED_FROM_OFFICIAL_DOCUMENTATION","verticalDatum":"Local Datum","verticalDatumCode":24,"napIdentityStatus":"UNVERIFIED","sourceKind":"official","sourceCellId":"1R75883I","sourceStableId":"1F2B6A4B9FC675BE","sourceChecksum":"7c265c9fd48cb0677b21c9e60c88de7230e0e5b27a4f98bc2d44d93527f2082a","pipelineFeatureId":"1R75883I/DEPCNT/1281233534","provenance":{"cellId":"1R75883I","checksum":"7c265c9fd48cb0677b21c9e60c88de7230e0e5b27a4f98bc2d44d93527f2082a","readerVersion":"GDAL 3.2.2","processedAt":"2026-08-11T13:43:44.753Z"},"sourceProperties":{"RCID":1281233534,"PRIM":2,"GRUP":2,"OBJL":43,"RVER":1,"AGEN":7979,"FIDN":1783340998,"FIDS":30142,"LNAM":"1F2B6A4B9FC675BE","VALDCO":6,"SCAMIN":15000,"sourceCellId":"1R75883I","sourceChecksum":"7c265c9fd48cb0677b21c9e60c88de7230e0e5b27a4f98bc2d44d93527f2082a","rawObjectClass":"DEPCNT","sourceStableId":"1F2B6A4B9FC675BE"}}},{"type":"Feature","geometry":{"type":"LineString","coordinates":[[3.3071127,51.4344069],[3.3071866,51.4344436],[3.3072126,51.4344522],[3.3072251,51.4344597],[3.3073568,51.4345015],[3.3074163,51.4345491],[3.3075012,51.4345822],[3.3076036,51.4346125],[3.3076452,51.434604],[3.3077257,51.4346382],[3.3077894,51.4346523],[3.307858,51.4346807],[3.3079101,51.4346377],[3.3079089,51.4346227],[3.3078152,51.4345481],[3.3077886,51.4345346],[3.307723,51.4345074],[3.3076444,51.4344909],[3.3076039,51.4344587],[3.3075,51.4344081],[3.307395,51.4343693],[3.3073558,51.4343573],[3.3072979,51.4343335],[3.3072116,51.4343146],[3.3071941,51.4343073]]},"properties":{"rawObjectClass":"DEPCNT","VALDCO":6,"depthDatum":"Approximate LAT","depthDatumCode":42,"depthDatumStatus":"VERIFIED_FROM_OFFICIAL_DOCUMENTATION","verticalDatum":"Local Datum","verticalDatumCode":24,"napIdentityStatus":"UNVERIFIED","sourceKind":"official","sourceCellId":"1R75883I","sourceStableId":"1F2B6A4B9FC675BF","sourceChecksum":"7c265c9fd48cb0677b21c9e60c88de7230e0e5b27a4f98bc2d44d93527f2082a","pipelineFeatureId":"1R75883I/DEPCNT/1281233540","provenance":{"cellId":"1R75883I","checksum":"7c265c9fd48cb0677b21c9e60c88de7230e0e5b27a4f98bc2d44d93527f2082a","readerVersion":"GDAL 3.2.2","processedAt":"2026-08-11T13:43:44.753Z"},"sourceProperties":{"RCID":1281233540,"PRIM":2,"GRUP":2,"OBJL":43,"RVER":1,"AGEN":7979,"FIDN":1783340998,"FIDS":30143,"LNAM":"1F2B6A4B9FC675BF","VALDCO":6,"SCAMIN":15000,"sourceCellId":"1R75883I","sourceChecksum":"7c265c9fd48cb0677b21c9e60c88de7230e0e5b27a4f98bc2d44d93527f2082a","rawObjectClass":"DEPCNT","sourceStableId":"1F2B6A4B9FC675BF"}}},{"type":"Feature","geometry":{"type":"LineString","coordinates":[[3.2757529,51.4638513],[3.2758849,51.4639338],[3.2759025,51.4639409],[3.2758851,51.4639636],[3.2758489,51.4639636],[3.2758674,51.4639409],[3.2757405,51.4638633],[3.2757031,51.4638748],[3.2755968,51.4639062],[3.2755096,51.4638519],[3.2754521,51.4637862],[3.2754109,51.4637622],[3.2753076,51.4636915],[3.2752748,51.4636726],[3.2752763,51.4636532],[3.2753075,51.4636668],[3.2753214,51.4636725],[3.2754519,51.4637498],[3.275472,51.463762],[3.2755963,51.4638156],[3.2757213,51.4638395],[3.2757403,51.4638394],[3.2757529,51.4638513]]},"properties":{"rawObjectClass":"DEPCNT","VALDCO":6,"depthDatum":"Approximate LAT","depthDatumCode":42,"depthDatumStatus":"VERIFIED_FROM_OFFICIAL_DOCUMENTATION","verticalDatum":"Local Datum","verticalDatumCode":24,"napIdentityStatus":"UNVERIFIED","sourceKind":"official","sourceCellId":"1R75883I","sourceStableId":"1F2B6A4B9FC675C0","sourceChecksum":"7c265c9fd48cb0677b21c9e60c88de7230e0e5b27a4f98bc2d44d93527f2082a","pipelineFeatureId":"1R75883I/DEPCNT/1281233543","provenance":{"cellId":"1R75883I","checksum":"7c265c9fd48cb0677b21c9e60c88de7230e0e5b27a4f98bc2d44d93527f2082a","readerVersion":"GDAL 3.2.2","processedAt":"2026-08-11T13:43:44.753Z"},"sourceProperties":{"RCID":1281233543,"PRIM":2,"GRUP":2,"OBJL":43,"RVER":1,"AGEN":7979,"FIDN":1783340998,"FIDS":30144,"LNAM":"1F2B6A4B9FC675C0","VALDCO":6,"SCAMIN":15000,"sourceCellId":"1R75883I","sourceChecksum":"7c265c9fd48cb0677b21c9e60c88de7230e0e5b27a4f98bc2d44d93527f2082a","rawObjectClass":"DEPCNT","sourceStableId":"1F2B6A4B9FC675C0"}}},{"type":"Feature","geometry":{"type":"LineString","coordinates":[[3.2777166,51.4665442],[3.2777724,51.4665854],[3.2778713,51.4666338],[3.2779168,51.4666621],[3.2779613,51.4666335],[3.2779165,51.4666145],[3.2778202,51.466544],[3.2777719,51.4665179],[3.2776522,51.4664544],[3.2776275,51.4664368],[3.277483,51.4663461],[3.2773443,51.4662753],[3.2773386,51.4662718],[3.2771987,51.4661858],[3.2771941,51.4661822],[3.2771719,51.466172],[3.2771863,51.4661858],[3.277329,51.4662754],[3.2773386,51.4662813],[3.2774384,51.466365],[3.2774833,51.4663931],[3.2775844,51.4664546],[3.2776277,51.466476],[3.2777166,51.4665442]]},"properties":{"rawObjectClass":"DEPCNT","VALDCO":6,"depthDatum":"Approximate LAT","depthDatumCode":42,"depthDatumStatus":"VERIFIED_FROM_OFFICIAL_DOCUMENTATION","verticalDatum":"Local Datum","verticalDatumCode":24,"napIdentityStatus":"UNVERIFIED","sourceKind":"official","sourceCellId":"1R75883I","sourceStableId":"1F2B6A4B9FC675C1","sourceChecksum":"7c265c9fd48cb0677b21c9e60c88de7230e0e5b27a4f98bc2d44d93527f2082a","pipelineFeatureId":"1R75883I/DEPCNT/1281233544","provenance":{"cellId":"1R75883I","checksum":"7c265c9fd48cb0677b21c9e60c88de7230e0e5b27a4f98bc2d44d93527f2082a","readerVersion":"GDAL 3.2.2","processedAt":"2026-08-11T13:43:44.753Z"},"sourceProperties":{"RCID":1281233544,"PRIM":2,"GRUP":2,"OBJL":43,"RVER":1,"AGEN":7979,"FIDN":1783340998,"FIDS":30145,"LNAM":"1F2B6A4B9FC675C1","VALDCO":6,"SCAMIN":15000,"sourceCellId":"1R75883I","sourceChecksum":"7c265c9fd48cb0677b21c9e60c88de7230e0e5b27a4f98bc2d44d93527f2082a","rawObjectClass":"DEPCNT","sourceStableId":"1F2B6A4B9FC675C1"}}},{"type":"Feature","geometry":{"type":"LineString","coordinates":[[3.2752453,51.4652013],[3.2751724,51.4651398],[3.2751256,51.4651116],[3.275172,51.465083],[3.275244,51.4651113],[3.2753163,51.4651399],[3.275415,51.4652009],[3.2754608,51.4652292],[3.2755582,51.4652904],[3.2754615,51.4653506],[3.2753652,51.4652909],[3.275317,51.465261],[3.2752453,51.4652013]]},"properties":{"rawObjectClass":"DEPCNT","VALDCO":6,"depthDatum":"Approximate LAT","depthDatumCode":42,"depthDatumStatus":"VERIFIED_FROM_OFFICIAL_DOCUMENTATION","verticalDatum":"Local Datum","verticalDatumCode":24,"napIdentityStatus":"UNVERIFIED","sourceKind":"official","sourceCellId":"1R75883I","sourceStableId":"1F2B6A4B9FC675C2","sourceChecksum":"7c265c9fd48cb0677b21c9e60c88de7230e0e5b27a4f98bc2d44d93527f2082a","pipelineFeatureId":"1R75883I/DEPCNT/1281233546","provenance":{"cellId":"1R75883I","checksum":"7c265c9fd48cb0677b21c9e60c88de7230e0e5b27a4f98bc2d44d93527f2082a","readerVersion":"GDAL 3.2.2","processedAt":"2026-08-11T13:43:44.753Z"},"sourceProperties":{"RCID":1281233546,"PRIM":2,"GRUP":2,"OBJL":43,"RVER":1,"AGEN":7979,"FIDN":1783340998,"FIDS":30146,"LNAM":"1F2B6A4B9FC675C2","VALDCO":6,"SCAMIN":15000,"sourceCellId":"1R75883I","sourceChecksum":"7c265c9fd48cb0677b21c9e60c88de7230e0e5b27a4f98bc2d44d93527f2082a","rawObjectClass":"DEPCNT","sourceStableId":"1F2B6A4B9FC675C2"}}},{"type":"Feature","geometry":{"type":"LineString","coordinates":[[3.3132318,51.4358825],[3.3132647,51.435919],[3.3133231,51.4358822],[3.3132642,51.4358467],[3.3131403,51.4357928],[3.3131197,51.4357562],[3.3130917,51.4357929],[3.313091,51.4358112],[3.31312,51.435799],[3.3132318,51.4358825]]},"properties":{"rawObjectClass":"DEPCNT","VALDCO":6,"depthDatum":"Approximate LAT","depthDatumCode":42,"depthDatumStatus":"VERIFIED_FROM_OFFICIAL_DOCUMENTATION","verticalDatum":"Local Datum","verticalDatumCode":24,"napIdentityStatus":"UNVERIFIED","sourceKind":"official","sourceCellId":"1R75883I","sourceStableId":"1F2B6A4B9FC675C3","sourceChecksum":"7c265c9fd48cb0677b21c9e60c88de7230e0e5b27a4f98bc2d44d93527f2082a","pipelineFeatureId":"1R75883I/DEPCNT/1281233551","provenance":{"cellId":"1R75883I","checksum":"7c265c9fd48cb0677b21c9e60c88de7230e0e5b27a4f98bc2d44d93527f2082a","readerVersion":"GDAL 3.2.2","processedAt":"2026-08-11T13:43:44.753Z"},"sourceProperties":{"RCID":1281233551,"PRIM":2,"GRUP":2,"OBJL":43,"RVER":1,"AGEN":7979,"FIDN":1783340998,"FIDS":30147,"LNAM":"1F2B6A4B9FC675C3","VALDCO":6,"SCAMIN":15000,"sourceCellId":"1R75883I","sourceChecksum":"7c265c9fd48cb0677b21c9e60c88de7230e0e5b27a4f98bc2d44d93527f2082a","rawObjectClass":"DEPCNT","sourceStableId":"1F2B6A4B9FC675C3"}}},{"type":"Feature","geometry":{"type":"LineString","coordinates":[[3.3096554,51.4340397],[3.3095923,51.4340039],[3.309511,51.4339582],[3.3094367,51.4339144],[3.3095104,51.4338701],[3.3096348,51.4339138],[3.3096547,51.4339285],[3.3097762,51.4340034],[3.3097647,51.4340716],[3.3096554,51.4340397]]},"properties":{"rawObjectClass":"DEPCNT","VALDCO":6,"depthDatum":"Approximate LAT","depthDatumCode":42,"depthDatumStatus":"VERIFIED_FROM_OFFICIAL_DOCUMENTATION","verticalDatum":"Local Datum","verticalDatumCode":24,"napIdentityStatus":"UNVERIFIED","sourceKind":"official","sourceCellId":"1R75883I","sourceStableId":"1F2B6A4B9FC675C4","sourceChecksum":"7c265c9fd48cb0677b21c9e60c88de7230e0e5b27a4f98bc2d44d93527f2082a","pipelineFeatureId":"1R75883I/DEPCNT/1281233557","provenance":{"cellId":"1R75883I","checksum":"7c265c9fd48cb0677b21c9e60c88de7230e0e5b27a4f98bc2d44d93527f2082a","readerVersion":"GDAL 3.2.2","processedAt":"2026-08-11T13:43:44.753Z"},"sourceProperties":{"RCID":1281233557,"PRIM":2,"GRUP":2,"OBJL":43,"RVER":1,"AGEN":7979,"FIDN":1783340998,"FIDS":30148,"LNAM":"1F2B6A4B9FC675C4","VALDCO":6,"SCAMIN":15000,"sourceCellId":"1R75883I","sourceChecksum":"7c265c9fd48cb0677b21c9e60c88de7230e0e5b27a4f98bc2d44d93527f2082a","rawObjectClass":"DEPCNT","sourceStableId":"1F2B6A4B9FC675C4"}}},{"type":"Feature","geometry":{"type":"LineString","coordinates":[[3.316934,51.4370415],[3.3170133,51.4370903],[3.317147,51.4370471],[3.3171569,51.4370462],[3.3171653,51.4370409],[3.3171568,51.4370378],[3.3170648,51.4370086],[3.3170128,51.4370172],[3.3168697,51.4369517],[3.3168993,51.4369323],[3.3168685,51.4369513],[3.316865,51.4369496],[3.3168667,51.4369517],[3.3168685,51.4369543],[3.316934,51.4370415]]},"properties":{"rawObjectClass":"DEPCNT","VALDCO":6,"depthDatum":"Approximate LAT","depthDatumCode":42,"depthDatumStatus":"VERIFIED_FROM_OFFICIAL_DOCUMENTATION","verticalDatum":"Local Datum","verticalDatumCode":24,"napIdentityStatus":"UNVERIFIED","sourceKind":"official","sourceCellId":"1R75883I","sourceStableId":"1F2B6A4B9FC675C5","sourceChecksum":"7c265c9fd48cb0677b21c9e60c88de7230e0e5b27a4f98bc2d44d93527f2082a","pipelineFeatureId":"1R75883I/DEPCNT/1281233559","provenance":{"cellId":"1R75883I","checksum":"7c265c9fd48cb0677b21c9e60c88de7230e0e5b27a4f98bc2d44d93527f2082a","readerVersion":"GDAL 3.2.2","processedAt":"2026-08-11T13:43:44.753Z"},"sourceProperties":{"RCID":1281233559,"PRIM":2,"GRUP":2,"OBJL":43,"RVER":1,"AGEN":7979,"FIDN":1783340998,"FIDS":30149,"LNAM":"1F2B6A4B9FC675C5","VALDCO":6,"SCAMIN":15000,"sourceCellId":"1R75883I","sourceChecksum":"7c265c9fd48cb0677b21c9e60c88de7230e0e5b27a4f98bc2d44d93527f2082a","rawObjectClass":"DEPCNT","sourceStableId":"1F2B6A4B9FC675C5"}}},{"type":"Feature","geometry":{"type":"LineString","coordinates":[[3.2771574,51.4617799],[3.2771674,51.4617867],[3.277309,51.4618694],[3.2773119,51.4618716],[3.2773596,51.461899],[3.277456,51.4619048],[3.2775131,51.4618689],[3.2775123,51.4618145],[3.2775106,51.461779],[3.2774661,51.4616963],[3.277457,51.4616892],[3.2774544,51.4616361],[3.2774499,51.461602],[3.2773105,51.4616465],[3.277177,51.4616899],[3.2771669,51.4616961],[3.2771324,51.4617581],[3.2771574,51.4617799]]},"properties":{"rawObjectClass":"DEPCNT","VALDCO":6,"depthDatum":"Approximate LAT","depthDatumCode":42,"depthDatumStatus":"VERIFIED_FROM_OFFICIAL_DOCUMENTATION","verticalDatum":"Local Datum","verticalDatumCode":24,"napIdentityStatus":"UNVERIFIED","sourceKind":"official","sourceCellId":"1R75883I","sourceStableId":"1F2B6A4B9FC675C6","sourceChecksum":"7c265c9fd48cb0677b21c9e60c88de7230e0e5b27a4f98bc2d44d93527f2082a","pipelineFeatureId":"1R75883I/DEPCNT/1281233560","provenance":{"cellId":"1R75883I","checksum":"7c265c9fd48cb0677b21c9e60c88de7230e0e5b27a4f98bc2d44d93527f2082a","readerVersion":"GDAL 3.2.2","processedAt":"2026-08-11T13:43:44.753Z"},"sourceProperties":{"RCID":1281233560,"PRIM":2,"GRUP":2,"OBJL":43,"RVER":1,"AGEN":7979,"FIDN":1783340998,"FIDS":30150,"LNAM":"1F2B6A4B9FC675C6","VALDCO":6,"SCAMIN":15000,"sourceCellId":"1R75883I","sourceChecksum":"7c265c9fd48cb0677b21c9e60c88de7230e0e5b27a4f98bc2d44d93527f2082a","rawObjectClass":"DEPCNT","sourceStableId":"1F2B6A4B9FC675C6"}}},{"type":"Feature","geometry":{"type":"LineString","coordinates":[[3.3333333,51.4382153],[3.3332788,51.4382421],[3.3332604,51.4382435],[3.3331349,51.4382308],[3.3330393,51.4382557],[3.3329913,51.4382696],[3.3329571,51.4382773],[3.3328475,51.4382776],[3.3327868,51.4382944],[3.332704,51.4383296],[3.3326382,51.4383057],[3.3325596,51.4382677],[3.3325389,51.4382571],[3.3324152,51.4381967],[3.3323811,51.4381676],[3.3323033,51.4380983],[3.3322885,51.438078],[3.3322704,51.438061],[3.3321763,51.4379884],[3.3321258,51.437961],[3.3320678,51.4379525],[3.3319817,51.4379356],[3.3319011,51.4379388],[3.3318378,51.4379311],[3.3317211,51.4379168],[3.3316939,51.437916],[3.3316255,51.4379],[3.3315496,51.4378687],[3.331506,51.4378104],[3.3314077,51.4377227],[3.3314067,51.4377208],[3.3314047,51.4377195],[3.3313501,51.4376311],[3.3312608,51.4375422],[3.3312608,51.4375414],[3.3312615,51.4375401],[3.3312595,51.4375392],[3.3312279,51.4374516],[3.3312031,51.4374169],[3.3311945,51.4373617],[3.3311138,51.4372842],[3.3311039,51.4372721],[3.3309693,51.4371941],[3.3309571,51.4371826],[3.3309478,51.4371693],[3.3309239,51.4370927],[3.3308244,51.4370477],[3.3307677,51.4370033],[3.3307448,51.4369541],[3.3307187,51.4369135],[3.3306789,51.4368318],[3.3306737,51.4368237],[3.3306737,51.4368205],[3.3306146,51.4367339],[3.3306077,51.43669],[3.3305913,51.4366441],[3.3305633,51.4365731],[3.3305624,51.4365543],[3.3305449,51.4364722],[3.3305438,51.4364644],[3.3305434,51.4363745],[3.3305313,51.436307],[3.3305269,51.4362846],[3.3305263,51.4362816],[3.3305126,51.4361947],[3.3304987,51.4361244],[3.330503,51.4361048],[3.3305022,51.4360318],[3.3305033,51.4360149],[3.3305284,51.435925],[3.3305284,51.4359249],[3.3305285,51.4359247],[3.3305536,51.4358349],[3.3305618,51.4358136],[3.3305703,51.435745],[3.3306008,51.4356987],[3.330607,51.4356549],[3.330677,51.4355603],[3.3307301,51.4354748],[3.3308124,51.4353897],[3.3308196,51.4353846],[3.3308294,51.4353738],[3.3308775,51.4352945],[3.3309552,51.4352407],[3.3309849,51.4352043],[3.3309913,51.4351814],[3.3310282,51.4351142],[3.3310976,51.4350434],[3.3311196,51.4350241],[3.331134,51.4350011],[3.3311766,51.434934],[3.331214,51.4348603],[3.3312261,51.4348439],[3.3312399,51.4348323],[3.3313596,51.4347536],[3.3313831,51.4347341],[3.3314752,51.4346634],[3.3315262,51.4346348],[3.3316556,51.4345818],[3.3316697,51.4345795],[3.3316945,51.4345728],[3.3318132,51.4345305],[3.3319151,51.4345722],[3.3318905,51.4346202],[3.3319082,51.4346622],[3.3318975,51.4347002],[3.3319074,51.4347521],[3.3318565,51.4348164],[3.3318721,51.4348421],[3.3319161,51.4348691],[3.3319594,51.4348596],[3.3320233,51.4348815],[3.3321037,51.4349092],[3.3321494,51.4349026],[3.3322475,51.4349039],[3.3323837,51.4348406],[3.3323909,51.4348374],[3.3323996,51.4348351],[3.3325346,51.4348198],[3.3325749,51.4348149],[3.3326782,51.4347821],[3.3327614,51.4347497],[3.3328171,51.4346621],[3.3328169,51.4346596],[3.3328211,51.4346569],[3.3329228,51.4345694],[3.3329641,51.434536],[3.3330294,51.4344791],[3.3330978,51.434389],[3.3331069,51.4343831],[3.3331309,51.434299],[3.3331362,51.4342802],[3.3331469,51.4342091],[3.3331687,51.4341693],[3.3331791,51.434119],[3.3332482,51.4340378],[3.3332545,51.4340289],[3.3332851,51.4340056],[3.3333333,51.4339709]]},"properties":{"rawObjectClass":"DEPCNT","VALDCO":5.5,"depthDatum":"Approximate LAT","depthDatumCode":42,"depthDatumStatus":"VERIFIED_FROM_OFFICIAL_DOCUMENTATION","verticalDatum":"Local Datum","verticalDatumCode":24,"napIdentityStatus":"UNVERIFIED","sourceKind":"official","sourceCellId":"1R75883I","sourceStableId":"1F2B6A4B9FC675C7","sourceChecksum":"7c265c9fd48cb0677b21c9e60c88de7230e0e5b27a4f98bc2d44d93527f2082a","pipelineFeatureId":"1R75883I/DEPCNT/1281233566","provenance":{"cellId":"1R75883I","checksum":"7c265c9fd48cb0677b21c9e60c88de7230e0e5b27a4f98bc2d44d93527f2082a","readerVersion":"GDAL 3.2.2","processedAt":"2026-08-11T13:43:44.753Z"},"sourceProperties":{"RCID":1281233566,"PRIM":2,"GRUP":2,"OBJL":43,"RVER":1,"AGEN":7979,"FIDN":1783340998,"FIDS":30151,"LNAM":"1F2B6A4B9FC675C7","VALDCO":5.5,"SCAMIN":15000,"sourceCellId":"1R75883I","sourceChecksum":"7c265c9fd48cb0677b21c9e60c88de7230e0e5b27a4f98bc2d44d93527f2082a","rawObjectClass":"DEPCNT","sourceStableId":"1F2B6A4B9FC675C7"}}},{"type":"Feature","geometry":{"type":"LineString","coordinates":[[3.2905943,51.475],[3.2905974,51.4749908],[3.2906081,51.4749653],[3.2904937,51.4749059],[3.2904205,51.4748758],[3.2903492,51.4748232],[3.2903193,51.4747861],[3.2903488,51.4747574],[3.2904644,51.4746959],[3.2903464,51.4746062],[3.2903305,51.4745955],[3.2903206,51.4745164],[3.2902028,51.4744442],[3.2902,51.4744285],[3.2902005,51.4744268],[3.2901774,51.4744111],[3.2901698,51.4743369],[3.2901668,51.4743149],[3.2901165,51.4742471],[3.2900574,51.4742101],[3.2899997,51.4741575],[3.2899659,51.4741009],[3.2899644,51.4740677],[3.2899123,51.4740363],[3.2898678,51.473978],[3.2898511,51.4739402],[3.289886,51.473888],[3.2898595,51.4738559],[3.2898643,51.4737982],[3.2898156,51.4737677],[3.2898506,51.4737083],[3.2898878,51.473632],[3.2898866,51.4736183],[3.2899095,51.47359],[3.2900005,51.473585],[3.2900535,51.4736059],[3.2900633,51.4736178],[3.2900815,51.4736351],[3.2901151,51.4737076],[3.2901984,51.4737452],[3.2902474,51.4737972],[3.2903433,51.4738813],[3.2903495,51.4738869],[3.2903575,51.4738957],[3.2903435,51.4739151],[3.2903115,51.4739769],[3.290344,51.4739979],[3.2903773,51.4739975],[3.2904882,51.4740265],[3.2905422,51.4740662],[3.2906328,51.4741222],[3.2907397,51.4741557],[3.2907772,51.4741894],[3.2908229,51.4742454],[3.2909217,51.4742765],[3.2909975,51.4743349],[3.2910664,51.4743826],[3.2911328,51.4744244],[3.2911683,51.4744876],[3.2911472,51.4745143],[3.2912113,51.4745287],[3.2912766,51.4745547],[3.2912536,51.4745141],[3.2913548,51.4744601],[3.2913889,51.4744238],[3.2913919,51.4744004],[3.2913904,51.4743339],[3.2913538,51.4742931],[3.2913105,51.4742442],[3.2912752,51.4741956],[3.2912756,51.4741543],[3.2912858,51.4741126],[3.2912676,51.4740644],[3.2912676,51.4740117],[3.2912492,51.4739746],[3.2912166,51.4738906],[3.2912071,51.4738698],[3.2911704,51.4737949],[3.2911597,51.4737658],[3.2911266,51.4737051],[3.291086,51.4736305],[3.2910778,51.4736153],[3.2910614,51.4736002],[3.2909803,51.4735256],[3.2909848,51.4734783],[3.2909713,51.4734358],[3.290916,51.4733834],[3.2908675,51.4733461],[3.2908511,51.4733059],[3.2908354,51.4732563],[3.2907709,51.4731966],[3.2907264,51.4731666],[3.2906884,51.4731156],[3.2906596,51.4730769],[3.2906355,51.4729932],[3.2906315,51.472987],[3.2906255,51.4729779],[3.2905375,51.4728973],[3.2905378,51.4728431],[3.2905147,51.4728075],[3.2904801,51.472754],[3.2904292,51.4727178],[3.2904404,51.4726932],[3.2904073,51.4726279],[3.2903433,51.4725435],[3.2903466,51.4725381],[3.2903542,51.4725259],[3.2903346,51.4725189],[3.2903122,51.4724483],[3.2902617,51.4724033],[3.2903337,51.4723779],[3.2903648,51.4723582],[3.2903994,51.4723169],[3.2904531,51.4722681],[3.290459,51.4722569],[3.290414,51.4721783],[3.2904324,51.4721156],[3.2904395,51.4720883],[3.2904754,51.4720129],[3.2904902,51.4720075],[3.290484,51.4719983],[3.2905232,51.4719384],[3.2905118,51.4719083],[3.2904743,51.4718368],[3.2904596,51.4718185],[3.2904617,51.4718107],[3.2904312,51.4717287],[3.2904198,51.4716952],[3.2904189,51.4716388],[3.290374,51.4715773],[3.2904183,51.4715488],[3.290472,51.4714878],[3.2905246,51.4714915],[3.2906163,51.4715297],[3.2906833,51.4714583],[3.2906979,51.4714068],[3.2907087,51.4713683],[3.2907088,51.4713097],[3.2907093,51.4712784],[3.2906969,51.47124],[3.2906946,51.4711885],[3.2907577,51.471133],[3.2908819,51.471188],[3.2909021,51.4712008],[3.2909128,51.4711879],[3.2909019,51.4711617],[3.2908458,51.4710982],[3.290901,51.4710266],[3.2910021,51.4710347],[3.2910449,51.4710165],[3.2910659,51.4710208],[3.2911892,51.4710566],[3.2913163,51.4710175],[3.291333,51.4710267],[3.2913683,51.471007],[3.2914766,51.4709724],[3.2915178,51.4709167],[3.291484,51.4708321],[3.2914808,51.4708269],[3.2914756,51.470819],[3.2914307,51.4707371],[3.2913306,51.4706614],[3.2913086,51.4706475],[3.29133,51.4705624],[3.2914416,51.4706471],[3.2914746,51.4706569],[3.2914799,51.470647],[3.2914745,51.4706431],[3.2913313,51.4705575],[3.2913313,51.4705567],[3.2913344,51.4704676],[3.2913294,51.4704637],[3.2913175,51.4704602],[3.2911854,51.4704653],[3.2910954,51.4703782],[3.2910473,51.4702928],[3.291045,51.4702884],[3.2910476,51.4702838],[3.2910403,51.4702799],[3.2909738,51.4701987],[3.2909109,51.4701187],[3.290903,51.470109],[3.2909119,51.4700985],[3.2909116,51.470019],[3.2910383,51.4699784],[3.2911057,51.4700185],[3.2911661,51.4700977],[3.2911752,51.4701083],[3.2911832,51.4701136],[3.2912749,51.470198],[3.2913279,51.4702303],[3.2914207,51.4702875],[3.2914724,51.470307],[3.2915102,51.4702873],[3.291472,51.4702546],[3.2913806,51.4701977],[3.2913808,51.4701412],[3.2913584,51.4701078],[3.2913269,51.4700765],[3.2912302,51.4700182],[3.291182,51.4699329],[3.2911753,51.4699284],[3.2911783,51.4699262],[3.2911107,51.4698387],[3.2910369,51.4697503],[3.2909893,51.4697789],[3.2910326,51.469749],[3.290968,51.469702],[3.2909896,51.4696592],[3.290892,51.4696009],[3.29084,51.4695696],[3.2907506,51.469482],[3.2907507,51.4694799],[3.2908909,51.4694327],[3.2909666,51.4694794],[3.2910354,51.4695085],[3.2911615,51.4695575],[3.2911781,51.4694788],[3.2911791,51.4694783],[3.2912518,51.4693887],[3.2913222,51.4693443],[3.2913693,51.4693885],[3.2914689,51.4694781],[3.2916115,51.4695442],[3.2916373,51.4695676],[3.2917597,51.4696595],[3.2918635,51.4697469],[3.2919009,51.469778],[3.2919591,51.4698366],[3.2920456,51.4698894],[3.2921038,51.4699261],[3.29219,51.4699647],[3.2922481,51.4700157],[3.2923347,51.4700698],[3.2924048,51.4701052],[3.2924792,51.4701515],[3.2926179,51.4701078],[3.2926229,51.4701105],[3.2926327,51.4701047],[3.2926228,51.4701022],[3.2925204,51.470015],[3.2924781,51.4699848],[3.292397,51.4699254],[3.2923334,51.4698715],[3.2922741,51.4698358],[3.2922357,51.4697752],[3.2922369,51.469746],[3.2921883,51.4697019],[3.2921515,51.4696563],[3.2920437,51.4695907],[3.2919929,51.4695667],[3.2919921,51.4695348],[3.2919924,51.4694768],[3.2919893,51.4694434],[3.2919365,51.469387],[3.2918982,51.469353],[3.2918102,51.4692974],[3.2917536,51.4692637],[3.2916774,51.4692079],[3.291609,51.4691564],[3.2915585,51.4691182],[3.291506,51.4690545],[3.2914896,51.4690285],[3.2914641,51.4690096],[3.2913986,51.4689388],[3.2913192,51.4688709],[3.2912932,51.4688491],[3.2912298,51.4687938],[3.291197,51.4687595],[3.2911744,51.468742],[3.2911072,51.4686698],[3.2910296,51.4686027],[3.2910034,51.4685801],[3.2908849,51.4684935],[3.2908821,51.4684905],[3.2908555,51.4684723],[3.2907682,51.4684009],[3.2907402,51.4683686],[3.2907122,51.4683111],[3.2906758,51.4682714],[3.2906756,51.4682212],[3.2907171,51.4681447],[3.2907167,51.4681312],[3.2907386,51.4681166],[3.2907868,51.4681008],[3.2908824,51.4681017],[3.290929,51.4681016],[3.2910264,51.4680993],[3.2911156,51.468096],[3.2911704,51.4681142],[3.2912224,51.46813],[3.291315,51.4681994],[3.2913298,51.4682196],[3.2914594,51.4682699],[3.291521,51.4683091],[3.2915559,51.4683689],[3.2915711,51.4683989],[3.2917128,51.4684884],[3.2917489,51.4685224],[3.2918359,51.468578],[3.2918935,51.4686127],[3.2919314,51.4686016],[3.2920375,51.4686175],[3.2921198,51.4685773],[3.2920922,51.4685221],[3.2920647,51.4684875],[3.2920365,51.4684699],[3.2919424,51.4683979],[3.2918916,51.4683162],[3.2918852,51.4683082],[3.2918788,51.4683003],[3.2917838,51.4682185],[3.2917467,51.4681788],[3.291665,51.4681678],[3.2916026,51.4681494],[3.2915805,51.4681291],[3.2914579,51.4680427],[3.291452,51.4680395],[3.2914441,51.4680309],[3.2914577,51.468009],[3.2915413,51.4680016],[3.2914656,51.4679495],[3.2914573,51.4679422],[3.2914299,51.4679325],[3.2913131,51.467902],[3.2912261,51.4678602],[3.2911684,51.4677866],[3.2911556,51.4677705],[3.291143,51.4677548],[3.2910706,51.4676808],[3.2910234,51.4676326],[3.2909825,51.4675911],[3.2909149,51.4675239],[3.2908924,51.4675014],[3.2908785,51.4674871],[3.2908071,51.4674117],[3.2907337,51.4673548],[3.2906976,51.467322],[3.2906217,51.4672526],[3.2905996,51.4672323],[3.2905889,51.4672225],[3.2905039,51.4671427],[3.2904441,51.4670869],[3.2904076,51.467053],[3.2903709,51.4670077],[3.2903417,51.4669632],[3.2902991,51.4669199],[3.2902244,51.4668736],[3.2901544,51.4668086],[3.2901383,51.4667839],[3.2900099,51.4667264],[3.2899732,51.4666944],[3.2898653,51.4666209],[3.2898392,51.4666048],[3.2897416,51.4665281],[3.2897343,51.4665151],[3.2897206,51.4665021],[3.2896619,51.4664254],[3.2895757,51.4663531],[3.2895337,51.4663358],[3.2894914,51.4662835],[3.2894593,51.4662461],[3.2894308,51.4662104],[3.2893415,51.4661564],[3.2893249,51.4660908],[3.2893028,51.4660666],[3.2892859,51.4660559],[3.2892005,51.4659769],[3.2892292,51.4659218],[3.289231,51.4658869],[3.2891405,51.4658293],[3.2890255,51.4657975],[3.2889962,51.4657801],[3.2889402,51.4657078],[3.2889956,51.4656752],[3.2890509,51.4657076],[3.2891401,51.4657639],[3.2891755,51.4657972],[3.2892847,51.4658635],[3.2893387,51.4658867],[3.289429,51.4659238],[3.2895108,51.4659762],[3.2895735,51.4660155],[3.289667,51.4659758],[3.289609,51.4659086],[3.2896115,51.465886],[3.2896158,51.4658233],[3.2897165,51.4658549],[3.2897646,51.4658856],[3.2898609,51.4659252],[3.2899883,51.465975],[3.2900052,51.465985],[3.2901326,51.4660646],[3.2901497,51.4660718],[3.2902776,51.4661541],[3.2902943,51.4661647],[3.29042,51.4662437],[3.2904942,51.466278],[3.2904929,51.4662435],[3.2904855,51.466183],[3.2904863,51.4661536],[3.2904809,51.4660906],[3.290582,51.4661388],[3.2906049,51.4661533],[3.2907266,51.4662265],[3.2907535,51.4662429],[3.290871,51.4663018],[3.2909323,51.4663323],[3.2910155,51.4663855],[3.2910737,51.4664219],[3.29116,51.4664744],[3.2912441,51.466474],[3.291304,51.4664743],[3.2914199,51.466421],[3.2914474,51.4663951],[3.2914685,51.4664209],[3.2915919,51.4664817],[3.2917157,51.4664975],[3.291736,51.4664935],[3.2917762,51.4665101],[3.2918804,51.4665707],[3.2919789,51.4665995],[3.2920247,51.4666146],[3.2920482,51.4665993],[3.292047,51.4665852],[3.2921079,51.4665092],[3.2921675,51.4664347],[3.2921946,51.466436],[3.2923115,51.4664366],[3.29234,51.4664366],[3.2923249,51.4664188],[3.2923389,51.4664015],[3.2923111,51.4663867],[3.2922162,51.4663291],[3.2923104,51.46627],[3.2923976,51.4662742],[3.2924543,51.4662582],[3.2924843,51.4662573],[3.2925984,51.4662782],[3.2927142,51.4663279],[3.2927427,51.46634],[3.2928062,51.4663672],[3.2928032,51.4663277],[3.2927424,51.4662929],[3.292695,51.466238],[3.2927419,51.4662182],[3.292791,51.4662378],[3.2928864,51.4662996],[3.2929784,51.4663272],[3.292976,51.4663615],[3.2930307,51.466342],[3.2931487,51.4664167],[3.2931753,51.4664528],[3.2932346,51.4664535],[3.2933195,51.4664903],[3.2933574,51.4665061],[3.2934639,51.46655],[3.2935639,51.466568],[3.2934986,51.4665058],[3.2934765,51.4664243],[3.2934793,51.4664159],[3.2934629,51.4664023],[3.293367,51.4663263],[3.2933182,51.4662876],[3.2932369,51.4662367],[3.2931736,51.466179],[3.293147,51.466147],[3.2930289,51.4660742],[3.2930066,51.4660574],[3.2929727,51.4660226],[3.292929,51.4659677],[3.2928839,51.4659098],[3.2928503,51.465878],[3.2927805,51.4658139],[3.2927486,51.4657883],[3.2927391,51.4657802],[3.2926394,51.4656987],[3.2925943,51.4656442],[3.2925575,51.4656089],[3.2924897,51.4655442],[3.2924634,51.4655193],[3.2924494,51.4654955],[3.292324,51.4654297],[3.292322,51.4653507],[3.2923086,51.4653398],[3.2923044,51.4653364],[3.2922223,51.4652501],[3.2921596,51.4652015],[3.2920919,51.4651605],[3.292015,51.4650976],[3.2919498,51.4650709],[3.2919521,51.4650319],[3.2919121,51.4649811],[3.29187,51.4649323],[3.2917974,51.4648915],[3.2917255,51.4648457],[3.2916785,51.4648019],[3.2915893,51.4647175],[3.2915835,51.4647122],[3.2915806,51.4647097],[3.2914361,51.4646239],[3.2914347,51.4646226],[3.2914317,51.4646199],[3.2913397,51.464533],[3.2912913,51.4644905],[3.2912154,51.4644433],[3.2911468,51.464402],[3.2910956,51.4643537],[3.291002,51.4642645],[3.2910011,51.464264],[3.2908575,51.464178],[3.2908522,51.4641745],[3.290847,51.464168],[3.2907579,51.4640848],[3.2907127,51.4640417],[3.2906334,51.4639952],[3.290568,51.4639231],[3.2905526,51.4639055],[3.2904234,51.4638188],[3.2904188,51.4638159],[3.2904233,51.463813],[3.290556,51.4637256],[3.2905666,51.4637124],[3.2906921,51.4637137],[3.2906267,51.4636355],[3.290566,51.4636168],[3.2904744,51.463546],[3.2904214,51.463519],[3.2903555,51.4635052],[3.2902774,51.4634961],[3.2901784,51.463485],[3.2901333,51.4634758],[3.2901131,51.463457],[3.2899887,51.4633789],[3.2898447,51.4633696],[3.2898409,51.4633677],[3.2898166,51.4633503],[3.2897549,51.463278],[3.2896999,51.463244],[3.2895557,51.4631975],[3.2895408,51.4631886],[3.2894112,51.4631146],[3.2893857,51.4630991],[3.2893592,51.4630668],[3.2893143,51.4630094],[3.2892665,51.4629905],[3.2891748,51.4629526],[3.2891222,51.4629363],[3.2890967,51.46292],[3.2889779,51.4628819],[3.2888584,51.462846],[3.2888337,51.4628474],[3.2887837,51.4628308],[3.2886896,51.4628117],[3.2886406,51.4628006],[3.2885454,51.4627806],[3.2884463,51.4627417],[3.2884011,51.4627281],[3.2883725,51.4627241],[3.2882572,51.4627251],[3.2881661,51.4626857],[3.2881129,51.4626671],[3.2880891,51.4626675],[3.2879689,51.4626686],[3.2879175,51.4626531],[3.2878247,51.4626268],[3.28773,51.4625945],[3.2876806,51.4625952],[3.2875958,51.4626539],[3.2876813,51.4627091],[3.2877355,51.4627096],[3.2876998,51.4627436],[3.2877386,51.462779],[3.2877844,51.4628333],[3.2876825,51.4628972],[3.2875818,51.4629237],[3.2875387,51.4629284],[3.2874967,51.4629239],[3.2873946,51.4628954],[3.2873509,51.462897],[3.2872504,51.4628659],[3.2871845,51.462876],[3.2871065,51.4628752],[3.2870279,51.462876],[3.2869624,51.4628465],[3.2868241,51.4628392],[3.2868184,51.4628393],[3.2868126,51.4628357],[3.286674,51.4627695],[3.2866364,51.4627697],[3.2865301,51.4627701],[3.2864893,51.4627465],[3.2863856,51.4626914],[3.2863214,51.4626972],[3.2862417,51.4626975],[3.2861615,51.4626972],[3.2860978,51.4626977],[3.2860272,51.4626578],[3.2859533,51.4626164],[3.28588,51.4626123],[3.2858093,51.4626085],[3.2857313,51.4625686],[3.2856649,51.462528],[3.2855925,51.4625237],[3.2855208,51.4625102],[3.2854181,51.4625052],[3.2853768,51.4625052],[3.2853269,51.4624796],[3.2852324,51.4624208],[3.2851285,51.4624153],[3.2850884,51.4624127],[3.2849677,51.4624052],[3.2849444,51.4624052],[3.2849178,51.4623907],[3.2847999,51.4623264],[3.2846812,51.4623172],[3.2846559,51.4623156],[3.284522,51.462308],[3.2845119,51.462308],[3.2845005,51.4623018],[3.2843674,51.4622192],[3.2842953,51.4622124],[3.2843029,51.4621625],[3.2842965,51.4621225],[3.2842885,51.4620737],[3.2842515,51.4620326],[3.2842222,51.462015],[3.284167,51.4619984],[3.284078,51.4619703],[3.2839909,51.4619434],[3.2839336,51.4619053],[3.2838443,51.4618538],[3.2837891,51.4618196],[3.2837119,51.4617642],[3.2836446,51.4617288],[3.2835567,51.4616747],[3.2835001,51.4616385],[3.2834533,51.461585],[3.2833555,51.4615225],[3.2833092,51.4614954],[3.2832111,51.4614574],[3.2831291,51.4614059],[3.2830665,51.4613492],[3.282955,51.4613164],[3.2829222,51.4612962],[3.2828254,51.4612268],[3.2828098,51.4611571],[3.2828134,51.4611369],[3.2829209,51.4610739],[3.2830371,51.4610638],[3.2830647,51.4610619],[3.2830928,51.4610638],[3.2832087,51.4610734],[3.2832505,51.461046],[3.2832084,51.4610229],[3.2830926,51.4609564],[3.2830928,51.4609384],[3.2831012,51.4608665],[3.2830634,51.4608409],[3.2829361,51.460777],[3.2829531,51.4607086],[3.2829481,51.460687],[3.283062,51.4606164],[3.2831787,51.4606865],[3.2832065,51.4607053],[3.2832359,51.4606863],[3.2832316,51.4606125],[3.2832292,51.4605964],[3.2832057,51.46058],[3.2830884,51.4605069],[3.2830757,51.4604262],[3.2830741,51.460417],[3.2832044,51.4603776],[3.2833254,51.4604164],[3.2833487,51.460424],[3.2834876,51.4605059],[3.2834931,51.4605092],[3.283505,51.4605132],[3.2835047,51.4605058],[3.2835067,51.4604247],[3.2835049,51.4604159],[3.2835062,51.4604073],[3.2835715,51.4603258],[3.2835733,51.4602868],[3.2835232,51.460236],[3.2834913,51.4602165],[3.28341,51.4601856],[3.2833471,51.4601727],[3.2832182,51.4601469],[3.283203,51.4601426],[3.2831111,51.4600572],[3.2830583,51.4600248],[3.2829228,51.4599677],[3.282914,51.459964],[3.2828026,51.4598987],[3.2827695,51.4598799],[3.2827668,51.4598782],[3.282625,51.4597885],[3.2824808,51.4597479],[3.2823674,51.4597185],[3.2823367,51.4597107],[3.2823238,51.4596994],[3.2821284,51.45961],[3.2820479,51.4595637],[3.2819323,51.4595383],[3.2819038,51.4595325],[3.2818714,51.4595207],[3.281825,51.4594718],[3.2818095,51.4594309],[3.281759,51.4594039],[3.2816537,51.4593414],[3.2816146,51.4593212],[3.2815815,51.4593209],[3.2814705,51.4592937],[3.2814006,51.4592521],[3.2813258,51.4591662],[3.2812091,51.4591626],[3.2811937,51.4591552],[3.2813047,51.4590725],[3.2813251,51.459066],[3.2813478,51.4590582],[3.2814689,51.4590456],[3.2815597,51.4589819],[3.2814682,51.458926],[3.281411,51.4588924],[3.2813988,51.4588493],[3.2813856,51.4588025],[3.2813623,51.4587371],[3.2813568,51.4587127],[3.2813229,51.4587033],[3.2811905,51.4586231],[3.2811784,51.4586103],[3.2810376,51.4585336],[3.2810339,51.458522],[3.2810078,51.4584437],[3.2810051,51.4584261],[3.2809834,51.4583539],[3.2808888,51.4583243],[3.2807996,51.4582987],[3.2807446,51.4582828],[3.2806761,51.4582647],[3.2806003,51.4582295],[3.2805036,51.4582356],[3.2804564,51.4582358],[3.2803314,51.4581756],[3.2803118,51.4581177],[3.2802114,51.4581759],[3.2801995,51.4581954],[3.2801682,51.45818],[3.2801612,51.4581804],[3.2800243,51.4581912],[3.279996,51.4581764],[3.2800241,51.4581581],[3.2801525,51.4580861],[3.2801495,51.4580748],[3.2801274,51.4579963],[3.2800229,51.457951],[3.2799401,51.4579585],[3.279879,51.457958],[3.2797572,51.4579072],[3.2797343,51.4578378],[3.2796443,51.457874],[3.2795907,51.457889],[3.2795775,51.4578177],[3.2795903,51.4578163],[3.2795929,51.457816],[3.2797342,51.4578166],[3.279878,51.4577978],[3.2799968,51.4577423],[3.2800216,51.4577466],[3.2801244,51.4577522],[3.2801655,51.4577385],[3.2802113,51.4577548],[3.2803096,51.4577596],[3.2803645,51.4577259],[3.2804426,51.4577191],[3.2804533,51.45772],[3.2805899,51.4577208],[3.2805972,51.4577214],[3.2807349,51.4577211],[3.2807411,51.4577211],[3.2808803,51.4577217],[3.280924,51.4577246],[3.2810291,51.4577421],[3.281141,51.4577241],[3.2811729,51.457722],[3.281176,51.4577221],[3.2813168,51.457713],[3.2813568,51.4577236],[3.2814611,51.457771],[3.2815917,51.457723],[3.2816047,51.4577196],[3.2816112,51.4577229],[3.2817492,51.4578004],[3.2818089,51.457775],[3.2818927,51.4577415],[3.2819172,51.4577222],[3.2818923,51.4576733],[3.2818515,51.4576324],[3.2817479,51.4575978],[3.2816751,51.4575874],[3.2816038,51.4575675],[3.281467,51.457548],[3.2814597,51.4575476],[3.2814413,51.4575435],[3.2813155,51.4575062],[3.2812359,51.4574943],[3.2811714,51.4574765],[3.281051,51.4574692],[3.2810274,51.457468],[3.2809039,51.4574549],[3.2808834,51.4574489],[3.280871,51.4574472],[3.2807393,51.4574161],[3.2806623,51.4574074],[3.2805952,51.4573943],[3.2804818,51.4573851],[3.2804512,51.4573801],[3.2803642,51.4573663],[3.2803068,51.4573055],[3.2802629,51.457304],[3.2801629,51.4573109],[3.2800786,51.457277],[3.2801625,51.4572528],[3.2802251,51.4572375],[3.2803064,51.4572444],[3.280404,51.4571863],[3.2804499,51.4571714],[3.280493,51.4571591],[3.2805936,51.4571283],[3.2806489,51.4571304],[3.2807375,51.4571315],[3.2808381,51.4570954],[3.2808812,51.4570852],[3.2810087,51.4570847],[3.2810251,51.4570848],[3.2810488,51.4570949],[3.2811693,51.4571331],[3.2812306,51.4571327],[3.2813133,51.4571332],[3.2813963,51.4571321],[3.2814571,51.4571241],[3.2815053,51.4571239],[3.2816011,51.4571256],[3.2816526,51.4571256],[3.2817451,51.457134],[3.2818234,51.457134],[3.2818889,51.4571279],[3.2819459,51.4571283],[3.2820329,51.4571289],[3.2821145,51.4571432],[3.282177,51.4571604],[3.2822306,51.4571484],[3.2823208,51.4571335],[3.2824108,51.4571478],[3.2824649,51.4571615],[3.2825004,51.4571591],[3.2826088,51.4571526],[3.2827057,51.4571515],[3.2827527,51.4571614],[3.2828681,51.4571804],[3.2828968,51.4571877],[3.2829098,51.4571884],[3.2830409,51.4572032],[3.2830869,51.4572086],[3.2831849,51.4572243],[3.2832708,51.4572331],[3.283329,51.4572432],[3.2834266,51.457269],[3.2834732,51.4572834],[3.2835087,51.457291],[3.2836173,51.4573204],[3.2837469,51.457349],[3.2837614,51.4573519],[3.2837881,51.4573413],[3.2837929,51.457358],[3.2839056,51.4573865],[3.2839635,51.4573938],[3.2840497,51.4574167],[3.2841512,51.4573571],[3.284049,51.4573094],[3.2839518,51.4572677],[3.2839047,51.4572386],[3.2838247,51.4572181],[3.2837605,51.4571968],[3.2837191,51.4571784],[3.2836161,51.4571254],[3.2835054,51.4571098],[3.2834412,51.4570891],[3.2833276,51.4570252],[3.2831906,51.4570042],[3.2831835,51.457002],[3.283177,51.4569998],[3.2830391,51.4569235],[3.283001,51.4569342],[3.2829284,51.4569105],[3.282895,51.4568907],[3.2827764,51.456821],[3.2827505,51.4567947],[3.2826201,51.4567314],[3.2827499,51.4567035],[3.2828186,51.456688],[3.2828938,51.4566906],[3.2829594,51.4566896],[3.2830377,51.4566866],[3.2831711,51.4566402],[3.2831813,51.4566329],[3.2832992,51.4565499],[3.2833246,51.4565299],[3.2834451,51.4565349],[3.2833696,51.4564599],[3.2834678,51.4564173],[3.2835802,51.4563694],[3.2835772,51.4563481],[3.2835667,51.4562795],[3.2835072,51.4562152],[3.2834844,51.4561898],[3.2834663,51.456171],[3.2833487,51.4561002],[3.2833218,51.456092],[3.2831801,51.4560107],[3.2831774,51.4560096],[3.2830682,51.4559892],[3.2830334,51.4559936],[3.2828977,51.4559269],[3.282889,51.4559273],[3.2828794,51.4559215],[3.282745,51.4559089],[3.2826194,51.4558322],[3.2826005,51.4558235],[3.2825865,51.4558236],[3.2824566,51.4558156],[3.2824294,51.4558157],[3.2823126,51.4558092],[3.2822775,51.4558111],[3.2821687,51.4558059],[3.2821112,51.4557976],[3.2820247,51.4557971],[3.2819364,51.455744],[3.2818801,51.4556994],[3.2818168,51.4556939],[3.2817363,51.4557078],[3.2816294,51.455678],[3.2815921,51.4556743],[3.2815543,51.455655],[3.281448,51.455632],[3.2813991,51.4556248],[3.2813039,51.4556173],[3.2812208,51.4556039],[3.2811599,51.4556035],[3.2810299,51.4555751],[3.2810158,51.4555741],[3.2809958,51.4555664],[3.2808717,51.4555472],[3.2808388,51.4555462],[3.2807277,51.4555345],[3.2806578,51.4555236],[3.2805837,51.4555239],[3.280506,51.455519],[3.2804398,51.4555171],[3.2803308,51.4554999],[3.2802957,51.4555002],[3.2801517,51.4554785],[3.2800078,51.4554921],[3.2799156,51.455479],[3.2798638,51.4554704],[3.2798443,51.4554671],[3.2798135,51.455462]]},"properties":{"rawObjectClass":"DEPCNT","VALDCO":5.5,"depthDatum":"Approximate LAT","depthDatumCode":42,"depthDatumStatus":"VERIFIED_FROM_OFFICIAL_DOCUMENTATION","verticalDatum":"Local Datum","verticalDatumCode":24,"napIdentityStatus":"UNVERIFIED","sourceKind":"official","sourceCellId":"1R75883I","sourceStableId":"1F2B6A4B9FC675C8","sourceChecksum":"7c265c9fd48cb0677b21c9e60c88de7230e0e5b27a4f98bc2d44d93527f2082a","pipelineFeatureId":"1R75883I/DEPCNT/1281233569","provenance":{"cellId":"1R75883I","checksum":"7c265c9fd48cb0677b21c9e60c88de7230e0e5b27a4f98bc2d44d93527f2082a","readerVersion":"GDAL 3.2.2","processedAt":"2026-08-11T13:43:44.753Z"},"sourceProperties":{"RCID":1281233569,"PRIM":2,"GRUP":2,"OBJL":43,"RVER":1,"AGEN":7979,"FIDN":1783340998,"FIDS":30152,"LNAM":"1F2B6A4B9FC675C8","VALDCO":5.5,"SCAMIN":15000,"sourceCellId":"1R75883I","sourceChecksum":"7c265c9fd48cb0677b21c9e60c88de7230e0e5b27a4f98bc2d44d93527f2082a","rawObjectClass":"DEPCNT","sourceStableId":"1F2B6A4B9FC675C8"}}},{"type":"Feature","geometry":{"type":"LineString","coordinates":[[3.2847292,51.475],[3.284696,51.4749798],[3.2847344,51.4749305],[3.2847777,51.4748896],[3.2847339,51.4748501],[3.2846781,51.4748],[3.2846778,51.4747652],[3.2846414,51.4747101],[3.2845888,51.4746686],[3.2845382,51.4746205],[3.2845816,51.4745344],[3.2845836,51.4745304],[3.2845813,51.4745263],[3.2845879,51.4745224],[3.2846514,51.4744404],[3.2846653,51.4743992],[3.2846533,51.4743504],[3.2846522,51.4743094],[3.2846629,51.4742605],[3.2846937,51.474193],[3.2846849,51.4741705],[3.2846845,51.4741086],[3.284693,51.4740806],[3.2846901,51.4740148],[3.2847006,51.4739907],[3.2847416,51.4739006],[3.2847415,51.4738922],[3.28477,51.4738106],[3.2847686,51.4737467],[3.2847611,51.4737208],[3.284751,51.4736462],[3.2847507,51.4736309],[3.2847531,51.4736141],[3.2847511,51.4735409],[3.2847831,51.4735049],[3.2847253,51.4734659],[3.2847206,51.4734511],[3.2847202,51.473448],[3.2847042,51.4733612],[3.2847243,51.4732987],[3.2847535,51.4732895],[3.2847369,51.4732712],[3.2847465,51.4732571],[3.2847695,51.4731812],[3.2847968,51.4731352],[3.2847941,51.4730912],[3.2848667,51.4730477],[3.2849813,51.4730723],[3.2850108,51.473078],[3.2850402,51.4730906],[3.2851552,51.4731398],[3.2852338,51.4730902],[3.2852986,51.4730474],[3.2853201,51.473],[3.2854042,51.4729334],[3.2854229,51.4729099],[3.2854415,51.4728646],[3.2854475,51.4728199],[3.285448,51.4728156],[3.2854576,51.47273],[3.285461,51.4727172],[3.2854717,51.47264],[3.285478,51.4726162],[3.2854641,51.4725501],[3.28548,51.4725247],[3.2854996,51.4724601],[3.2855277,51.4724044],[3.2855452,51.4723701],[3.2855821,51.4723236],[3.2856828,51.4722798],[3.2857257,51.4722611],[3.2857632,51.4721897],[3.2858686,51.4721035],[3.2858796,51.4720995],[3.285884,51.4720898],[3.2859384,51.4720094],[3.2860117,51.471949],[3.2861086,51.4719795],[3.2861558,51.4719797],[3.2862544,51.4719188],[3.2862046,51.4718599],[3.2862991,51.4718592],[3.2863414,51.4719185],[3.2864438,51.47198],[3.2865425,51.4719797],[3.2865878,51.4719798],[3.2866827,51.4720076],[3.286732,51.4720238],[3.2868086,51.4720972],[3.2868093,51.4721393],[3.2868062,51.4721872],[3.2867335,51.4722588],[3.2866224,51.472257],[3.2865896,51.4722708],[3.2865815,51.4722776],[3.2865897,51.4722817],[3.2865968,51.4722821],[3.2867336,51.4722812],[3.2867452,51.4722772],[3.2868772,51.4722092],[3.2869849,51.4722539],[3.2869841,51.4721867],[3.2870207,51.4721376],[3.2870972,51.4721387],[3.2871645,51.4721162],[3.2872424,51.4721861],[3.2873091,51.4722164],[3.287402,51.4722756],[3.2874538,51.472319],[3.2875687,51.4722933],[3.2875977,51.4723146],[3.2876737,51.4723649],[3.2875983,51.4724108],[3.2875644,51.4724338],[3.2875809,51.472455],[3.2875986,51.4724624],[3.2876164,51.472466],[3.2877429,51.4724995],[3.2878269,51.4725443],[3.2877435,51.4726083],[3.2877178,51.4726345],[3.2877438,51.4726529],[3.2877732,51.4726344],[3.2878873,51.4725721],[3.2879491,51.472634],[3.2878879,51.4726758],[3.2878111,51.4727242],[3.2878594,51.4727957],[3.2878728,51.472814],[3.287889,51.4728396],[3.2879321,51.4729037],[3.2879526,51.472943],[3.2879832,51.4729935],[3.2880344,51.4730764],[3.2880401,51.4730833],[3.2880414,51.4730876],[3.2880943,51.4731731],[3.2881317,51.4732331],[3.2881253,51.4732629],[3.2881799,51.4733098],[3.2882233,51.4733526],[3.2882221,51.4734166],[3.2882219,51.4734425],[3.2882942,51.473513],[3.2882804,51.4735323],[3.2882286,51.473593],[3.2882276,51.4736224],[3.288182,51.4736367],[3.2881425,51.4737125],[3.2881638,51.4737904],[3.2881672,51.4738023],[3.2881831,51.4738223],[3.2882776,51.4738609],[3.2883275,51.4738815],[3.2883373,51.4738918],[3.2883276,51.473902],[3.2882495,51.473982],[3.2883285,51.4740445],[3.2883477,51.4740717],[3.2883624,51.4740926],[3.2883813,51.4741615],[3.2884326,51.4742257],[3.2884327,51.4742513],[3.2884742,51.4743199],[3.288514,51.474341],[3.288511,51.4744083],[3.2884911,51.474431],[3.288492,51.4744416],[3.2884895,51.4745209],[3.2884887,51.4745291],[3.2885952,51.4746106],[3.2885959,51.4746851],[3.2886038,51.4747005],[3.2886207,51.4747135],[3.2887351,51.47479],[3.2887656,51.4748547],[3.2887978,51.4748798],[3.2889102,51.4749498],[3.2889329,51.4749694],[3.2889424,51.4749894],[3.2889451,51.475]]},"properties":{"rawObjectClass":"DEPCNT","VALDCO":5.5,"depthDatum":"Approximate LAT","depthDatumCode":42,"depthDatumStatus":"VERIFIED_FROM_OFFICIAL_DOCUMENTATION","verticalDatum":"Local Datum","verticalDatumCode":24,"napIdentityStatus":"UNVERIFIED","sourceKind":"official","sourceCellId":"1R75883I","sourceStableId":"1F2B6A4B9FC675C9","sourceChecksum":"7c265c9fd48cb0677b21c9e60c88de7230e0e5b27a4f98bc2d44d93527f2082a","pipelineFeatureId":"1R75883I/DEPCNT/1281233571","provenance":{"cellId":"1R75883I","checksum":"7c265c9fd48cb0677b21c9e60c88de7230e0e5b27a4f98bc2d44d93527f2082a","readerVersion":"GDAL 3.2.2","processedAt":"2026-08-11T13:43:44.753Z"},"sourceProperties":{"RCID":1281233571,"PRIM":2,"GRUP":2,"OBJL":43,"RVER":1,"AGEN":7979,"FIDN":1783340998,"FIDS":30153,"LNAM":"1F2B6A4B9FC675C9","VALDCO":5.5,"SCAMIN":15000,"sourceCellId":"1R75883I","sourceChecksum":"7c265c9fd48cb0677b21c9e60c88de7230e0e5b27a4f98bc2d44d93527f2082a","rawObjectClass":"DEPCNT","sourceStableId":"1F2B6A4B9FC675C9"}}},{"type":"Feature","geometry":{"type":"LineString","coordinates":[[3.305416,51.4364842],[3.3054241,51.4364852],[3.3054998,51.4364859],[3.3056019,51.4365321],[3.3056441,51.4365449],[3.305669,51.4365475],[3.305788,51.4365476],[3.3058131,51.4365472],[3.3059319,51.4365586],[3.3059998,51.4365734],[3.3060759,51.4365832],[3.3061776,51.4366205],[3.3062201,51.4366333],[3.3062629,51.4366469],[3.3063641,51.4366479],[3.3065014,51.4367052],[3.3065084,51.4367073],[3.306614,51.4367092],[3.3066522,51.4367094],[3.306653,51.4367096],[3.3067963,51.4367301],[3.3068676,51.4367531],[3.3069404,51.4367675],[3.3070818,51.4367979],[3.3070844,51.4367982],[3.3070851,51.4367984],[3.3072283,51.4367981],[3.3072315,51.4367995],[3.3073725,51.4368394],[3.3074516,51.4368374],[3.3075163,51.4368382],[3.3076598,51.4368863],[3.3076605,51.4368865],[3.3076609,51.4368866],[3.3078046,51.4369153],[3.3078766,51.4369307],[3.3079485,51.4369291],[3.3080209,51.4369753],[3.3080928,51.4369902],[3.3081396,51.4370042],[3.3082368,51.4370032],[3.3083354,51.4370027],[3.3083806,51.4370024],[3.3084807,51.437064],[3.308525,51.4370783],[3.3085967,51.4371084],[3.3085419,51.4370639],[3.308544,51.4370519],[3.3085583,51.4369739],[3.3085934,51.4369304],[3.3086255,51.4368838],[3.3086675,51.4368685],[3.3087154,51.4368535],[3.3087639,51.4368834],[3.3088116,51.4369061],[3.3089522,51.4369729],[3.3088126,51.4370618],[3.3088117,51.4370632],[3.3088061,51.4370673],[3.3088126,51.4370635],[3.3088136,51.4370632],[3.3089559,51.4369739],[3.3089587,51.4369728],[3.3090995,51.4369324],[3.3092147,51.4369722],[3.3092438,51.436995],[3.3092927,51.4370025],[3.3093875,51.4369763],[3.3093954,51.4369717],[3.3095312,51.436948],[3.3095683,51.4369712],[3.3095687,51.4369945],[3.3096192,51.437061],[3.3096761,51.4371075],[3.309789,51.4371505],[3.3098206,51.4371897],[3.3098988,51.4372401],[3.3099649,51.437262],[3.3100184,51.4372398],[3.3100347,51.4371959],[3.3100712,51.4371497],[3.3101079,51.4371325],[3.3101318,51.4371496],[3.3102525,51.4372344],[3.3103916,51.4371489],[3.3103956,51.4371262],[3.3104064,51.4371489],[3.3103958,51.4371532],[3.3102647,51.4372392],[3.3102526,51.4372468],[3.3101928,51.4373293],[3.3102534,51.4373715],[3.3103213,51.4373289],[3.3103967,51.4372815],[3.3104703,51.4373285],[3.3105412,51.437373],[3.3106834,51.4373288],[3.3106847,51.437329],[3.3106882,51.4373301],[3.310829,51.4373935],[3.3108951,51.437376],[3.3109727,51.4373669],[3.3110489,51.4374169],[3.3111171,51.4374448],[3.3112293,51.4375064],[3.3112616,51.4375308],[3.3113812,51.4375211],[3.3114053,51.4375167],[3.3114256,51.4375058],[3.3115486,51.4374271],[3.31167,51.4375052],[3.3116469,51.4375342],[3.3116868,51.4375951],[3.3116988,51.4375983],[3.3118377,51.4376205],[3.3118801,51.4376211],[3.3119816,51.4376249],[3.3120237,51.4376841],[3.3121261,51.437729],[3.3122598,51.4376835],[3.3122696,51.4376747],[3.312283,51.4376751],[3.3124134,51.4376536],[3.3124771,51.4376829],[3.312558,51.4377671],[3.3125617,51.4377726],[3.3127025,51.437851],[3.3128145,51.4377719],[3.3128457,51.4377521],[3.3129741,51.4377618],[3.3129896,51.4377645],[3.3130068,51.4377714],[3.3129897,51.4377837],[3.312921,51.4378615],[3.3129906,51.4379055],[3.3130867,51.4378611],[3.313134,51.4378343],[3.3132249,51.4378607],[3.3132539,51.4378758],[3.3131982,51.4379507],[3.3132791,51.4380176],[3.3134179,51.4379501],[3.3133977,51.4379348],[3.3134225,51.4379477],[3.3134314,51.4379501],[3.3135669,51.4380231],[3.3135927,51.4380396],[3.3136378,51.4380835],[3.3136602,51.4381293],[3.3137116,51.4381439],[3.3137398,51.4381467],[3.3138557,51.4381862],[3.3139382,51.4381668],[3.3139997,51.4382049],[3.3140278,51.4382182],[3.3141439,51.4382514],[3.3142049,51.4383077],[3.3142887,51.4383823],[3.3143424,51.4383636],[3.3144326,51.4383954],[3.3144377,51.4383938],[3.3144343,51.438397],[3.3144532,51.4384097],[3.3145622,51.4384866],[3.3145773,51.4385076],[3.314611,51.4385764],[3.3147219,51.4386164],[3.314822,51.4386031],[3.3148656,51.4385895],[3.3149095,51.4386029],[3.3150097,51.4386295],[3.3150866,51.4386231],[3.3151536,51.4386311],[3.3152437,51.4386646],[3.3152979,51.4386869],[3.3154192,51.4386782],[3.3154417,51.4386765],[3.3155005,51.4387006],[3.315586,51.4387336],[3.3156381,51.4387534],[3.3156377,51.4387856],[3.3157011,51.4388432],[3.3156786,51.4388758],[3.3157309,51.4388929],[3.3158231,51.4388428],[3.3158739,51.4387672],[3.3159003,51.4388426],[3.3160189,51.4389249],[3.3160547,51.4389097],[3.3160532,51.4389321],[3.3161631,51.4389673],[3.3162671,51.4390215],[3.3163075,51.4390463],[3.3163565,51.4390518],[3.3164515,51.4390633],[3.3165665,51.4390207],[3.316595,51.4390095],[3.3166166,51.4390205],[3.3167392,51.4390581],[3.3168611,51.4390199],[3.3168827,51.439006],[3.3168955,51.4390198],[3.3170272,51.4390913],[3.3170499,51.4391093],[3.3171717,51.439193],[3.3171858,51.4391988],[3.3173162,51.4392796],[3.317327,51.4392884],[3.3173335,51.4392991],[3.3173164,51.4393067],[3.3172882,51.4392885],[3.3171719,51.4392164],[3.3171041,51.439289],[3.3171228,51.4393476],[3.3171075,51.4393789],[3.3171731,51.4393904],[3.3172137,51.4394039],[3.3173171,51.4394131],[3.3173829,51.439427],[3.3174609,51.4393997],[3.3175844,51.4394675],[3.3176055,51.4394971],[3.3177364,51.4394751],[3.3177492,51.4394729],[3.3178692,51.4395567],[3.3178937,51.4395667],[3.3179262,51.4395565],[3.3179571,51.4395166],[3.31801,51.4394664],[3.3180365,51.4394173],[3.3181564,51.439466],[3.3181808,51.4394723],[3.3182912,51.4395555],[3.3183253,51.4395671],[3.3184515,51.4395662],[3.3184692,51.4395661],[3.3185847,51.4395725],[3.3186131,51.4395698],[3.3187512,51.4395578],[3.3187569,51.4395578],[3.318763,51.4395581],[3.3189008,51.439564],[3.3190048,51.4395536],[3.3190446,51.4395439],[3.3190572,51.4395455],[3.3191882,51.439517],[3.3192996,51.4395324],[3.3193322,51.439529],[3.3193574,51.4395526],[3.3194484,51.4396245],[3.3194699,51.4396422],[3.3194769,51.4396454],[3.3194819,51.4396453],[3.3196208,51.4396518],[3.3196383,51.4396527],[3.3197648,51.4396649],[3.3198485,51.4396934],[3.3198342,51.4396412],[3.3199083,51.4396178],[3.3200404,51.4396407],[3.3200354,51.4396513],[3.3200526,51.439675],[3.3200695,51.4396512],[3.3201966,51.439692],[3.3202695,51.43973],[3.3203409,51.439754],[3.3203999,51.4397664],[3.320485,51.4397842],[3.3206171,51.439729],[3.3206284,51.4397229],[3.3206458,51.4397181],[3.3206643,51.4397289],[3.3207725,51.4397542],[3.3208979,51.4397398],[3.3209163,51.4397376],[3.3209349,51.4397398],[3.3210603,51.4397551],[3.3211325,51.4397726],[3.3212045,51.4397976],[3.3213375,51.4398101],[3.3213485,51.4398124],[3.3213838,51.4398168],[3.3214925,51.4398422],[3.3215448,51.439849],[3.3216365,51.4398501],[3.3217261,51.4398498],[3.3217803,51.4398425],[3.3218508,51.4398596],[3.3219244,51.4398699],[3.3220383,51.4398862],[3.3220684,51.4398939],[3.3221101,51.4399048],[3.3222126,51.4399324],[3.3222565,51.4399318],[3.3223565,51.4399407],[3.3224715,51.4399038],[3.3225001,51.4398961],[3.3225282,51.4399036],[3.3226443,51.4399405],[3.3227461,51.4399292],[3.3227881,51.4399354],[3.3228599,51.4399475],[3.3229322,51.439966],[3.3229852,51.4399591],[3.3230759,51.4399474],[3.3231949,51.439976],[3.32322,51.4399798],[3.3232453,51.4399758],[3.3233639,51.4399743],[3.3234501,51.439991],[3.3235079,51.4399958],[3.3235697,51.4399907],[3.3236517,51.4399828],[3.3237258,51.4399902],[3.3237957,51.4399962],[3.3238072,51.4399972],[3.3239396,51.439998],[3.3240156,51.4399894],[3.3240833,51.4399801],[3.3241013,51.4399779],[3.324227,51.4399605],[3.3243352,51.4399885],[3.3243712,51.4399953],[3.3245045,51.4399947],[3.324515,51.4399919],[3.3245257,51.4399947],[3.324659,51.4400121],[3.3247031,51.4400151],[3.324803,51.4400277],[3.3248939,51.4400437],[3.324947,51.4400438],[3.3250202,51.4400308],[3.3250906,51.4400037],[3.3251789,51.4400412],[3.3252349,51.4400582],[3.3253422,51.4400757],[3.3253789,51.4400782],[3.3254046,51.4400755],[3.3255225,51.4400381],[3.3256225,51.4400474],[3.3256664,51.4400474],[3.3257035,51.4400515],[3.3258101,51.4400134],[3.3259413,51.4400659],[3.3259543,51.4400672],[3.3259673,51.4400659],[3.326098,51.4400412],[3.3261583,51.4400357],[3.3262417,51.4400151],[3.3262874,51.4400117],[3.3263856,51.4400207],[3.3264992,51.4400534],[3.3265297,51.4400495],[3.3265851,51.4400375],[3.3266734,51.4400263],[3.3267622,51.4400162],[3.3268172,51.440009],[3.3268706,51.4400148],[3.3269613,51.4400381],[3.3270139,51.4400382],[3.3271051,51.4400313],[3.3272299,51.4399922],[3.3272487,51.439992],[3.327312,51.4400308],[3.3273927,51.4400113],[3.3274878,51.4400103],[3.3275366,51.4400104],[3.327659,51.4399926],[3.3276803,51.4399913],[3.3277222,51.4400052],[3.3278243,51.4400057],[3.3278611,51.4400018],[3.3279683,51.4400239],[3.3280502,51.4400169],[3.3281121,51.4400085],[3.3281741,51.4400166],[3.328256,51.4400095],[3.3283486,51.4400094],[3.3283998,51.4400051],[3.328451,51.4400091],[3.3285438,51.4400164],[3.3286365,51.4400085],[3.3286875,51.4399984],[3.328738,51.4400078],[3.3288314,51.439997],[3.3289644,51.4399824],[3.3289751,51.4399804],[3.3290339,51.4399755],[3.3291189,51.4399684],[3.32913,51.4399682],[3.3292628,51.4399679],[3.3293949,51.4399671],[3.3294067,51.4399681],[3.3294227,51.4399643],[3.3295505,51.4399653],[3.3295644,51.4399653],[3.3296942,51.4399282],[3.329776,51.4399222],[3.329838,51.4399227],[3.3299194,51.4399221],[3.3299819,51.4399213],[3.3300751,51.4399142],[3.3301256,51.4399073],[3.3301761,51.4399139],[3.3302696,51.43992],[3.3303804,51.4399024],[3.3304133,51.4398954],[3.3304384,51.4398972],[3.3305571,51.4398875],[3.330567,51.4398874],[3.3307011,51.4399058],[3.3308065,51.4399046],[3.330845,51.4399023],[3.3309599,51.4398801],[3.3309886,51.4398724],[3.3310101,51.4398665],[3.3311324,51.4398519],[3.3311762,51.4398521],[3.3312762,51.4398509],[3.3313764,51.4398516],[3.3314202,51.4398555],[3.331457,51.4398557],[3.331564,51.4398455],[3.3316543,51.4398447],[3.3317079,51.4398489],[3.3317606,51.4398449],[3.3318517,51.4398461],[3.3319114,51.4398401],[3.3319956,51.4398499],[3.332049,51.4398436],[3.3321394,51.4398433],[3.3322582,51.4397865],[3.3322829,51.4397825],[3.3324195,51.4397815],[3.3324268,51.4397819],[3.3324546,51.439786],[3.3325709,51.439823],[3.3326915,51.4397853],[3.3327145,51.4397821],[3.3327199,51.4397819],[3.3328584,51.439781],[3.3329327,51.4397846],[3.33299,51.4397921],[3.3330023,51.4397909],[3.3330128,51.4397909],[3.3331462,51.4397909],[3.3331572,51.4397908],[3.3332901,51.4397997],[3.3333333,51.4397859]]},"properties":{"rawObjectClass":"DEPCNT","VALDCO":5.5,"depthDatum":"Approximate LAT","depthDatumCode":42,"depthDatumStatus":"VERIFIED_FROM_OFFICIAL_DOCUMENTATION","verticalDatum":"Local Datum","verticalDatumCode":24,"napIdentityStatus":"UNVERIFIED","sourceKind":"official","sourceCellId":"1R75883I","sourceStableId":"1F2B6A4B9FC675CA","sourceChecksum":"7c265c9fd48cb0677b21c9e60c88de7230e0e5b27a4f98bc2d44d93527f2082a","pipelineFeatureId":"1R75883I/DEPCNT/1281233572","provenance":{"cellId":"1R75883I","checksum":"7c265c9fd48cb0677b21c9e60c88de7230e0e5b27a4f98bc2d44d93527f2082a","readerVersion":"GDAL 3.2.2","processedAt":"2026-08-11T13:43:44.753Z"},"sourceProperties":{"RCID":1281233572,"PRIM":2,"GRUP":2,"OBJL":43,"RVER":1,"AGEN":7979,"FIDN":1783340998,"FIDS":30154,"LNAM":"1F2B6A4B9FC675CA","VALDCO":5.5,"SCAMIN":15000,"sourceCellId":"1R75883I","sourceChecksum":"7c265c9fd48cb0677b21c9e60c88de7230e0e5b27a4f98bc2d44d93527f2082a","rawObjectClass":"DEPCNT","sourceStableId":"1F2B6A4B9FC675CA"}}},{"type":"Feature","geometry":{"type":"LineString","coordinates":[[3.3045551,51.475],[3.304605,51.4749888],[3.3047059,51.4749924],[3.3047491,51.4749926],[3.3048213,51.4749292],[3.3047484,51.4748927],[3.3046779,51.4748396],[3.3046038,51.4748059],[3.3045229,51.4747501],[3.3044592,51.4747148],[3.3043865,51.4746606],[3.3043146,51.4746192],[3.3042469,51.474571],[3.3042458,51.4745236],[3.3042534,51.4744811],[3.3041694,51.4744318],[3.3041109,51.4743915],[3.3040247,51.4743323],[3.3039379,51.4743563],[3.3038805,51.4743017],[3.3037958,51.4742125],[3.3037355,51.4741496],[3.3037071,51.4741228],[3.3036551,51.474073],[3.3036139,51.4740331],[3.3035906,51.4740049],[3.3035291,51.4739434],[3.3034457,51.4738596],[3.3034409,51.4738537],[3.3033445,51.4737641],[3.3033008,51.4737321],[3.3032342,51.4736744],[3.3031559,51.4735905],[3.3031521,51.4735847],[3.3031462,51.4735787],[3.3031558,51.473577],[3.3031957,51.4735199],[3.3031824,51.4734947],[3.3031552,51.4734815],[3.3030983,51.4734595],[3.303011,51.4734539],[3.3029217,51.4734397],[3.302867,51.4734454],[3.3027987,51.4734531],[3.3027229,51.4734379],[3.3026052,51.4734227],[3.3025788,51.4734209],[3.3024561,51.47342],[3.3024349,51.4734201],[3.3024063,51.4734247],[3.3022909,51.4734267],[3.3022437,51.4734368],[3.3021471,51.4734571],[3.3020925,51.4734976],[3.302072,51.4735875],[3.3020092,51.4736747],[3.3020082,51.4736776],[3.3020116,51.4737635],[3.3020097,51.4737675],[3.3020053,51.4737867],[3.3019671,51.4738575],[3.3018621,51.4738973],[3.3017935,51.473905],[3.3017181,51.4738988],[3.3016272,51.4738916],[3.3015741,51.4738912],[3.3014663,51.4739263],[3.3014303,51.4739255],[3.3013939,51.4739489],[3.3012869,51.4740137],[3.301224,51.4740393],[3.3011434,51.4740903],[3.3011135,51.4741295],[3.3010002,51.4742017],[3.300977,51.4742198],[3.3009702,51.4742386],[3.3009301,51.4743098],[3.300917,51.4743624],[3.3009006,51.4743998],[3.3008828,51.4744742],[3.3008789,51.4744898],[3.3008583,51.4745202],[3.3008013,51.4745799],[3.3007862,51.4746253],[3.3007626,51.4746699],[3.3007163,51.4747599],[3.3007159,51.4747605],[3.3006103,51.4748501],[3.3005728,51.4748942],[3.3005424,51.4749402],[3.300523,51.4749716],[3.3005056,51.475]]},"properties":{"rawObjectClass":"DEPCNT","VALDCO":5.5,"depthDatum":"Approximate LAT","depthDatumCode":42,"depthDatumStatus":"VERIFIED_FROM_OFFICIAL_DOCUMENTATION","verticalDatum":"Local Datum","verticalDatumCode":24,"napIdentityStatus":"UNVERIFIED","sourceKind":"official","sourceCellId":"1R75883I","sourceStableId":"1F2B6A4B9FC675CB","sourceChecksum":"7c265c9fd48cb0677b21c9e60c88de7230e0e5b27a4f98bc2d44d93527f2082a","pipelineFeatureId":"1R75883I/DEPCNT/1281233574","provenance":{"cellId":"1R75883I","checksum":"7c265c9fd48cb0677b21c9e60c88de7230e0e5b27a4f98bc2d44d93527f2082a","readerVersion":"GDAL 3.2.2","processedAt":"2026-08-11T13:43:44.753Z"},"sourceProperties":{"RCID":1281233574,"PRIM":2,"GRUP":2,"OBJL":43,"RVER":1,"AGEN":7979,"FIDN":1783340998,"FIDS":30155,"LNAM":"1F2B6A4B9FC675CB","VALDCO":5.5,"SCAMIN":15000,"sourceCellId":"1R75883I","sourceChecksum":"7c265c9fd48cb0677b21c9e60c88de7230e0e5b27a4f98bc2d44d93527f2082a","rawObjectClass":"DEPCNT","sourceStableId":"1F2B6A4B9FC675CB"}}},{"type":"Feature","geometry":{"type":"LineString","coordinates":[[3.3322424,51.4341972],[3.3322671,51.4341961],[3.3323861,51.4341816],[3.3325055,51.434121],[3.3325293,51.4340928],[3.3325608,51.4341208],[3.3325641,51.4341423],[3.3325532,51.4342107],[3.3325568,51.4342273],[3.3325566,51.4343006],[3.3325758,51.4343286],[3.3325312,51.4343556],[3.3324089,51.434391],[3.3323877,51.4343953],[3.3323667,51.4344042],[3.3322443,51.4344692],[3.3321215,51.4344686],[3.3321005,51.4344706],[3.3319849,51.4344101],[3.3319561,51.4344022],[3.3319499,51.4343962],[3.3319521,51.4343923],[3.331956,51.4343901],[3.3320704,51.434302],[3.3320989,51.4342522],[3.3321621,51.4342118],[3.3322424,51.4341972]]},"properties":{"rawObjectClass":"DEPCNT","VALDCO":5.5,"depthDatum":"Approximate LAT","depthDatumCode":42,"depthDatumStatus":"VERIFIED_FROM_OFFICIAL_DOCUMENTATION","verticalDatum":"Local Datum","verticalDatumCode":24,"napIdentityStatus":"UNVERIFIED","sourceKind":"official","sourceCellId":"1R75883I","sourceStableId":"1F2B6A4B9FC675CC","sourceChecksum":"7c265c9fd48cb0677b21c9e60c88de7230e0e5b27a4f98bc2d44d93527f2082a","pipelineFeatureId":"1R75883I/DEPCNT/1281233578","provenance":{"cellId":"1R75883I","checksum":"7c265c9fd48cb0677b21c9e60c88de7230e0e5b27a4f98bc2d44d93527f2082a","readerVersion":"GDAL 3.2.2","processedAt":"2026-08-11T13:43:44.753Z"},"sourceProperties":{"RCID":1281233578,"PRIM":2,"GRUP":2,"OBJL":43,"RVER":1,"AGEN":7979,"FIDN":1783340998,"FIDS":30156,"LNAM":"1F2B6A4B9FC675CC","VALDCO":5.5,"SCAMIN":15000,"sourceCellId":"1R75883I","sourceChecksum":"7c265c9fd48cb0677b21c9e60c88de7230e0e5b27a4f98bc2d44d93527f2082a","rawObjectClass":"DEPCNT","sourceStableId":"1F2B6A4B9FC675CC"}}},{"type":"Feature","geometry":{"type":"LineString","coordinates":[[3.3103163,51.4721989],[3.3102822,51.4721274],[3.3102176,51.4720483],[3.3102089,51.4720377],[3.3102005,51.4720325],[3.3101866,51.4720291],[3.3100564,51.4720088],[3.3099935,51.471999],[3.3099122,51.4719766],[3.3098147,51.4719488],[3.3097679,51.4719356],[3.3097296,51.4719251],[3.3096238,51.4719103],[3.3094958,51.4719398],[3.30948,51.4719374],[3.3094534,51.4719498],[3.3094416,51.4719739],[3.3093799,51.4720399],[3.3093798,51.4721031],[3.3093796,51.4721298],[3.3093376,51.4721742],[3.3092647,51.47222],[3.3091941,51.4722423],[3.3090852,51.4722424],[3.3090501,51.4722391],[3.3089359,51.4722395],[3.3089061,51.4722374],[3.3088394,51.4722629],[3.3087621,51.4722372],[3.3087013,51.4723114],[3.3086483,51.4723832],[3.3086317,51.4724015],[3.3086304,51.4724848],[3.3086286,51.4724914],[3.3086201,51.4725238],[3.3086016,51.4725697],[3.3086072,51.4725814],[3.3086208,51.4726408],[3.3086279,51.4726713],[3.3086306,51.4726772],[3.3086822,51.472761],[3.308766,51.4728078],[3.3088617,51.4728203],[3.30891,51.47282],[3.3090461,51.472845],[3.3090542,51.4728469],[3.309067,51.47285],[3.3091984,51.4728805],[3.3092946,51.4728791],[3.3093424,51.4728792],[3.309468,51.4728602],[3.3094862,51.4728624],[3.3095404,51.4728487],[3.3096299,51.4728108],[3.3096707,51.4727584],[3.309773,51.4726813],[3.3098078,51.4726682],[3.3098746,51.4726042],[3.3099052,51.472578],[3.3098775,51.472512],[3.3098883,51.4724881],[3.3099155,51.4724709],[3.3100523,51.4724831],[3.3100596,51.4724831],[3.3100682,51.4724822],[3.3102035,51.4724799],[3.3102595,51.4724521],[3.3103471,51.4724172],[3.3103775,51.4723969],[3.3104333,51.4723609],[3.3103942,51.4723069],[3.3103459,51.4722422],[3.3103163,51.4721989]]},"properties":{"rawObjectClass":"DEPCNT","VALDCO":5.5,"depthDatum":"Approximate LAT","depthDatumCode":42,"depthDatumStatus":"VERIFIED_FROM_OFFICIAL_DOCUMENTATION","verticalDatum":"Local Datum","verticalDatumCode":24,"napIdentityStatus":"UNVERIFIED","sourceKind":"official","sourceCellId":"1R75883I","sourceStableId":"1F2B6A4B9FC675CD","sourceChecksum":"7c265c9fd48cb0677b21c9e60c88de7230e0e5b27a4f98bc2d44d93527f2082a","pipelineFeatureId":"1R75883I/DEPCNT/1281233580","provenance":{"cellId":"1R75883I","checksum":"7c265c9fd48cb0677b21c9e60c88de7230e0e5b27a4f98bc2d44d93527f2082a","readerVersion":"GDAL 3.2.2","processedAt":"2026-08-11T13:43:44.753Z"},"sourceProperties":{"RCID":1281233580,"PRIM":2,"GRUP":2,"OBJL":43,"RVER":1,"AGEN":7979,"FIDN":1783340998,"FIDS":30157,"LNAM":"1F2B6A4B9FC675CD","VALDCO":5.5,"SCAMIN":15000,"sourceCellId":"1R75883I","sourceChecksum":"7c265c9fd48cb0677b21c9e60c88de7230e0e5b27a4f98bc2d44d93527f2082a","rawObjectClass":"DEPCNT","sourceStableId":"1F2B6A4B9FC675CD"}}},{"type":"Feature","geometry":{"type":"LineString","coordinates":[[3.2996568,51.4708063],[3.2995377,51.4707538],[3.2994004,51.470717],[3.299255,51.4706275],[3.2992489,51.4706237],[3.2991113,51.4705379],[3.2991044,51.4705336],[3.2989646,51.4704484],[3.2989598,51.4704461],[3.2989562,51.4704461],[3.2988156,51.4704125],[3.2987469,51.470406],[3.2986716,51.4703992],[3.2985773,51.4703905],[3.2985276,51.4703906],[3.2984731,51.4703937],[3.2983836,51.4703945],[3.2983044,51.4703601],[3.2982391,51.4703193],[3.298146,51.4702706],[3.2980947,51.4702437],[3.2979545,51.4701812],[3.2979503,51.4701785],[3.2979287,51.4701678],[3.297806,51.470129],[3.2976746,51.470092],[3.2976618,51.4700896],[3.2976483,51.4700837],[3.2975175,51.4700397],[3.2973985,51.4700027],[3.2973732,51.469998],[3.2973496,51.4699882],[3.2972293,51.469999],[3.2972227,51.4700032],[3.2972201,51.4700871],[3.2972205,51.4700931],[3.2972191,51.4700998],[3.2972084,51.4701831],[3.2972083,51.4701969],[3.2972084,51.470273],[3.2970873,51.4703115],[3.2969602,51.4703532],[3.2969436,51.4703549],[3.2969285,51.4703542],[3.2967996,51.4703516],[3.2967805,51.470364],[3.2967803,51.4703762],[3.2967689,51.4704539],[3.2967669,51.4704749],[3.296776,51.4705438],[3.2967744,51.4705604],[3.2967614,51.4706338],[3.2966577,51.4706703],[3.296546,51.4707043],[3.296514,51.4707037],[3.2963962,51.4706347],[3.2963819,51.470627],[3.2963695,51.4706299],[3.2963636,51.4706348],[3.2963696,51.4706386],[3.2965062,51.4707244],[3.2965141,51.4707291],[3.2965205,51.4707283],[3.2966582,51.4707414],[3.2967567,51.4708136],[3.2968028,51.4708423],[3.2969003,51.4709032],[3.2969474,51.4709323],[3.2970436,51.4709927],[3.297092,51.4710345],[3.2971715,51.4710823],[3.2972366,51.4711229],[3.2973343,51.4711718],[3.297381,51.4712011],[3.2974714,51.4712278],[3.2975253,51.4712388],[3.2975622,51.4712612],[3.2976698,51.4713325],[3.2977517,51.4713506],[3.297814,51.4713632],[3.2979378,51.4714401],[3.2979586,51.4714583],[3.2980073,51.4715298],[3.2981035,51.4715913],[3.2982245,51.4716048],[3.2982475,51.4716044],[3.2983281,51.4715794],[3.2983914,51.4715895],[3.298484,51.4716185],[3.2985357,51.4716344],[3.2985863,51.4716498],[3.2986798,51.4716611],[3.2987671,51.4716722],[3.2988239,51.4716722],[3.2988929,51.4716175],[3.2989672,51.4715701],[3.2990928,51.4715384],[3.2991109,51.4715357],[3.2991627,51.4715269],[3.2992547,51.4715068],[3.2993678,51.4714364],[3.2993981,51.471422],[3.299517,51.4713461],[3.2995415,51.4713304],[3.2996462,51.4712802],[3.2996851,51.4712678],[3.2996947,51.4712558],[3.2997037,51.471244],[3.2997471,51.4711657],[3.2998279,51.4710857],[3.2998342,51.4710756],[3.2998277,51.4710559],[3.2998049,51.4709857],[3.2998046,51.4709716],[3.29975,51.4708959],[3.2996822,51.4708325],[3.2996568,51.4708063]]},"properties":{"rawObjectClass":"DEPCNT","VALDCO":5.5,"depthDatum":"Approximate LAT","depthDatumCode":42,"depthDatumStatus":"VERIFIED_FROM_OFFICIAL_DOCUMENTATION","verticalDatum":"Local Datum","verticalDatumCode":24,"napIdentityStatus":"UNVERIFIED","sourceKind":"official","sourceCellId":"1R75883I","sourceStableId":"1F2B6A4B9FC675CE","sourceChecksum":"7c265c9fd48cb0677b21c9e60c88de7230e0e5b27a4f98bc2d44d93527f2082a","pipelineFeatureId":"1R75883I/DEPCNT/1281233584","provenance":{"cellId":"1R75883I","checksum":"7c265c9fd48cb0677b21c9e60c88de7230e0e5b27a4f98bc2d44d93527f2082a","readerVersion":"GDAL 3.2.2","processedAt":"2026-08-11T13:43:44.753Z"},"sourceProperties":{"RCID":1281233584,"PRIM":2,"GRUP":2,"OBJL":43,"RVER":1,"AGEN":7979,"FIDN":1783340998,"FIDS":30158,"LNAM":"1F2B6A4B9FC675CE","VALDCO":5.5,"SCAMIN":15000,"sourceCellId":"1R75883I","sourceChecksum":"7c265c9fd48cb0677b21c9e60c88de7230e0e5b27a4f98bc2d44d93527f2082a","rawObjectClass":"DEPCNT","sourceStableId":"1F2B6A4B9FC675CE"}}},{"type":"Feature","geometry":{"type":"LineString","coordinates":[[3.2780054,51.4575606],[3.2779908,51.4575609],[3.2778615,51.4575629],[3.2778414,51.4575647],[3.2777177,51.4575757],[3.2775972,51.4575674],[3.2775737,51.4575678],[3.2774356,51.4575567],[3.2774297,51.4575567],[3.2773847,51.4575532],[3.2774296,51.457545],[3.2774673,51.4575294],[3.2775732,51.4574963],[3.2776906,51.4574625],[3.277717,51.45746],[3.2777215,51.4574596],[3.2778609,51.4574592],[3.2778665,51.4574586],[3.2780047,51.4574442],[3.2781263,51.4574475],[3.2781487,51.4574479],[3.2781752,51.4574448],[3.2782926,51.4574436],[3.2783292,51.4574381],[3.2784364,51.4574242],[3.2785256,51.4574263],[3.2785804,51.4574339],[3.278631,51.4574287],[3.2787243,51.4574287],[3.2787864,51.4574599],[3.2787247,51.4574898],[3.2786743,51.4574917],[3.2785807,51.4574922],[3.2785144,51.4575021],[3.2784369,51.4575047],[3.2783289,51.4575286],[3.278293,51.4575152],[3.2781951,51.4575225],[3.2781491,51.4575213],[3.2781046,51.4575515],[3.2780054,51.4575606]]},"properties":{"rawObjectClass":"DEPCNT","VALDCO":5.5,"depthDatum":"Approximate LAT","depthDatumCode":42,"depthDatumStatus":"VERIFIED_FROM_OFFICIAL_DOCUMENTATION","verticalDatum":"Local Datum","verticalDatumCode":24,"napIdentityStatus":"UNVERIFIED","sourceKind":"official","sourceCellId":"1R75883I","sourceStableId":"1F2B6A4B9FC675CF","sourceChecksum":"7c265c9fd48cb0677b21c9e60c88de7230e0e5b27a4f98bc2d44d93527f2082a","pipelineFeatureId":"1R75883I/DEPCNT/1281233586","provenance":{"cellId":"1R75883I","checksum":"7c265c9fd48cb0677b21c9e60c88de7230e0e5b27a4f98bc2d44d93527f2082a","readerVersion":"GDAL 3.2.2","processedAt":"2026-08-11T13:43:44.753Z"},"sourceProperties":{"RCID":1281233586,"PRIM":2,"GRUP":2,"OBJL":43,"RVER":1,"AGEN":7979,"FIDN":1783340998,"FIDS":30159,"LNAM":"1F2B6A4B9FC675CF","VALDCO":5.5,"SCAMIN":15000,"sourceCellId":"1R75883I","sourceChecksum":"7c265c9fd48cb0677b21c9e60c88de7230e0e5b27a4f98bc2d44d93527f2082a","rawObjectClass":"DEPCNT","sourceStableId":"1F2B6A4B9FC675CF"}}},{"type":"Feature","geometry":{"type":"LineString","coordinates":[[3.2874227,51.4717361],[3.2874499,51.4716969],[3.2875127,51.4717358],[3.2875945,51.471804],[3.2876114,51.4718255],[3.2875948,51.4718567],[3.2875466,51.4718854],[3.2874508,51.4718521],[3.2874081,51.471826],[3.2874192,51.4717555],[3.2874227,51.4717361]]},"properties":{"rawObjectClass":"DEPCNT","VALDCO":5.5,"depthDatum":"Approximate LAT","depthDatumCode":42,"depthDatumStatus":"VERIFIED_FROM_OFFICIAL_DOCUMENTATION","verticalDatum":"Local Datum","verticalDatumCode":24,"napIdentityStatus":"UNVERIFIED","sourceKind":"official","sourceCellId":"1R75883I","sourceStableId":"1F2B6A4B9FC675D0","sourceChecksum":"7c265c9fd48cb0677b21c9e60c88de7230e0e5b27a4f98bc2d44d93527f2082a","pipelineFeatureId":"1R75883I/DEPCNT/1281233587","provenance":{"cellId":"1R75883I","checksum":"7c265c9fd48cb0677b21c9e60c88de7230e0e5b27a4f98bc2d44d93527f2082a","readerVersion":"GDAL 3.2.2","processedAt":"2026-08-11T13:43:44.753Z"},"sourceProperties":{"RCID":1281233587,"PRIM":2,"GRUP":2,"OBJL":43,"RVER":1,"AGEN":7979,"FIDN":1783340998,"FIDS":30160,"LNAM":"1F2B6A4B9FC675D0","VALDCO":5.5,"SCAMIN":15000,"sourceCellId":"1R75883I","sourceChecksum":"7c265c9fd48cb0677b21c9e60c88de7230e0e5b27a4f98bc2d44d93527f2082a","rawObjectClass":"DEPCNT","sourceStableId":"1F2B6A4B9FC675D0"}}},{"type":"Feature","geometry":{"type":"LineString","coordinates":[[3.3333333,51.4354706],[3.3333266,51.4354674],[3.3332584,51.4354343],[3.3331831,51.4354249],[3.3331146,51.4354422],[3.3329867,51.4354585],[3.3329708,51.4354612],[3.3329525,51.4354685],[3.3328911,51.4355586],[3.3329392,51.4356278],[3.3329506,51.4356483],[3.3329724,51.4356756],[3.3330149,51.435738],[3.3330288,51.4357932],[3.3330182,51.435828],[3.3331178,51.4358909],[3.3331883,51.4358733],[3.3332617,51.4358941],[3.3332922,51.435898],[3.3333333,51.4358849]]},"properties":{"rawObjectClass":"DEPCNT","VALDCO":5.5,"depthDatum":"Approximate LAT","depthDatumCode":42,"depthDatumStatus":"VERIFIED_FROM_OFFICIAL_DOCUMENTATION","verticalDatum":"Local Datum","verticalDatumCode":24,"napIdentityStatus":"UNVERIFIED","sourceKind":"official","sourceCellId":"1R75883I","sourceStableId":"1F2B6A4B9FC675D1","sourceChecksum":"7c265c9fd48cb0677b21c9e60c88de7230e0e5b27a4f98bc2d44d93527f2082a","pipelineFeatureId":"1R75883I/DEPCNT/1281233588","provenance":{"cellId":"1R75883I","checksum":"7c265c9fd48cb0677b21c9e60c88de7230e0e5b27a4f98bc2d44d93527f2082a","readerVersion":"GDAL 3.2.2","processedAt":"2026-08-11T13:43:44.753Z"},"sourceProperties":{"RCID":1281233588,"PRIM":2,"GRUP":2,"OBJL":43,"RVER":1,"AGEN":7979,"FIDN":1783340998,"FIDS":30161,"LNAM":"1F2B6A4B9FC675D1","VALDCO":5.5,"SCAMIN":15000,"sourceCellId":"1R75883I","sourceChecksum":"7c265c9fd48cb0677b21c9e60c88de7230e0e5b27a4f98bc2d44d93527f2082a","rawObjectClass":"DEPCNT","sourceStableId":"1F2B6A4B9FC675D1"}}},{"type":"Feature","geometry":{"type":"LineString","coordinates":[[3.2888585,51.4696644],[3.288856,51.4696515],[3.2888553,51.4695745],[3.2888465,51.4695561],[3.2888454,51.4694846],[3.2888376,51.469461],[3.2888134,51.4693948],[3.2888694,51.4693079],[3.28886,51.4693047],[3.2888744,51.4692937],[3.2889889,51.4692145],[3.2889927,51.4691988],[3.2890179,51.4692062],[3.2890422,51.4692144],[3.2891622,51.4692577],[3.2892079,51.469214],[3.2892064,51.4691521],[3.2891949,51.4691241],[3.2892848,51.4690464],[3.289161,51.4690823],[3.2891223,51.4690343],[3.2891083,51.4690017],[3.2891464,51.4689444],[3.2891601,51.4689382],[3.2891699,51.4689443],[3.2893047,51.4690292],[3.2893091,51.4690339],[3.2893262,51.4690472],[3.2894176,51.4691235],[3.2894494,51.4691503],[3.2895226,51.4692132],[3.2895941,51.4692698],[3.2896275,51.4693029],[3.2896355,51.4693284],[3.2896695,51.4693927],[3.2897394,51.4694777],[3.289762,51.4694682],[3.2897594,51.4694824],[3.289884,51.4695704],[3.2898854,51.469572],[3.289884,51.4695735],[3.2898351,51.4696313],[3.2898603,51.4696619],[3.2898848,51.4697062],[3.2899638,51.4697516],[3.2899618,51.4697938],[3.2899544,51.4698416],[3.2900217,51.469926],[3.2900272,51.4699313],[3.2899945,51.4699987],[3.2900026,51.4700213],[3.2899828,51.4700514],[3.2900311,51.4700679],[3.2900947,51.470111],[3.290099,51.470153],[3.2901467,51.4702007],[3.2901254,51.4702325],[3.2901223,51.4702907],[3.2901767,51.4703238],[3.2902716,51.4703803],[3.2903213,51.4704262],[3.2903891,51.4704699],[3.2903853,51.4705202],[3.2903637,51.4705599],[3.2904347,51.4706297],[3.2903226,51.4706344],[3.2902585,51.4705601],[3.2901779,51.470509],[3.2901153,51.4705096],[3.2900339,51.4705122],[3.2899672,51.4704709],[3.2898894,51.4704203],[3.2898275,51.4703814],[3.2898889,51.4703444],[3.2899438,51.4702912],[3.2898964,51.4702066],[3.289892,51.4702014],[3.2899044,51.4701911],[3.289888,51.4701963],[3.2898798,51.4702014],[3.2897444,51.4702604],[3.2896485,51.470202],[3.2896697,51.4701583],[3.2896738,51.470112],[3.2895992,51.4700621],[3.2895206,51.4701124],[3.2894557,51.4701407],[3.2894119,51.4701126],[3.289311,51.4700254],[3.2893093,51.470023],[3.2893082,51.4700213],[3.2892538,51.4699332],[3.2891659,51.4698454],[3.2891636,51.4698435],[3.2891627,51.4698415],[3.289092,51.4697538],[3.2890211,51.4697246],[3.2889139,51.4696874],[3.288877,51.4696957],[3.2888585,51.4696644]]},"properties":{"rawObjectClass":"DEPCNT","VALDCO":5.5,"depthDatum":"Approximate LAT","depthDatumCode":42,"depthDatumStatus":"VERIFIED_FROM_OFFICIAL_DOCUMENTATION","verticalDatum":"Local Datum","verticalDatumCode":24,"napIdentityStatus":"UNVERIFIED","sourceKind":"official","sourceCellId":"1R75883I","sourceStableId":"1F2B6A4B9FC675D2","sourceChecksum":"7c265c9fd48cb0677b21c9e60c88de7230e0e5b27a4f98bc2d44d93527f2082a","pipelineFeatureId":"1R75883I/DEPCNT/1281233589","provenance":{"cellId":"1R75883I","checksum":"7c265c9fd48cb0677b21c9e60c88de7230e0e5b27a4f98bc2d44d93527f2082a","readerVersion":"GDAL 3.2.2","processedAt":"2026-08-11T13:43:44.753Z"},"sourceProperties":{"RCID":1281233589,"PRIM":2,"GRUP":2,"OBJL":43,"RVER":1,"AGEN":7979,"FIDN":1783340998,"FIDS":30162,"LNAM":"1F2B6A4B9FC675D2","VALDCO":5.5,"SCAMIN":15000,"sourceCellId":"1R75883I","sourceChecksum":"7c265c9fd48cb0677b21c9e60c88de7230e0e5b27a4f98bc2d44d93527f2082a","rawObjectClass":"DEPCNT","sourceStableId":"1F2B6A4B9FC675D2"}}},{"type":"Feature","geometry":{"type":"LineString","coordinates":[[3.2960585,51.4729734],[3.2959522,51.4728882],[3.2959421,51.4728838],[3.2958078,51.4728255],[3.2956909,51.4727945],[3.2956636,51.4727844],[3.2956225,51.4727691],[3.2955193,51.4727374],[3.295395,51.4727178],[3.2954915,51.472795],[3.2955198,51.472814],[3.295617,51.4728846],[3.2956249,51.4729497],[3.2956432,51.4729745],[3.2956649,51.4729869],[3.2957806,51.4730641],[3.2958095,51.4730827],[3.2959281,51.4731536],[3.2959541,51.4731836],[3.2960573,51.4732432],[3.2960986,51.4732686],[3.2962109,51.4733327],[3.2962432,51.473353],[3.2963651,51.4734222],[3.2963877,51.4734362],[3.2965223,51.4735118],[3.2965322,51.4735178],[3.2966377,51.4735771],[3.2965572,51.4735117],[3.2965643,51.4734915],[3.29659,51.4734217],[3.2965313,51.4733847],[3.2964643,51.4733321],[3.296446,51.4732792],[3.2964245,51.4732423],[3.2963863,51.4732132],[3.296305,51.4731526],[3.2962415,51.473095],[3.2962068,51.473063],[3.2960969,51.4730042],[3.2960585,51.4729734]]},"properties":{"rawObjectClass":"DEPCNT","VALDCO":5.5,"depthDatum":"Approximate LAT","depthDatumCode":42,"depthDatumStatus":"VERIFIED_FROM_OFFICIAL_DOCUMENTATION","verticalDatum":"Local Datum","verticalDatumCode":24,"napIdentityStatus":"UNVERIFIED","sourceKind":"official","sourceCellId":"1R75883I","sourceStableId":"1F2B6A4B9FC675D3","sourceChecksum":"7c265c9fd48cb0677b21c9e60c88de7230e0e5b27a4f98bc2d44d93527f2082a","pipelineFeatureId":"1R75883I/DEPCNT/1281233590","provenance":{"cellId":"1R75883I","checksum":"7c265c9fd48cb0677b21c9e60c88de7230e0e5b27a4f98bc2d44d93527f2082a","readerVersion":"GDAL 3.2.2","processedAt":"2026-08-11T13:43:44.753Z"},"sourceProperties":{"RCID":1281233590,"PRIM":2,"GRUP":2,"OBJL":43,"RVER":1,"AGEN":7979,"FIDN":1783340998,"FIDS":30163,"LNAM":"1F2B6A4B9FC675D3","VALDCO":5.5,"SCAMIN":15000,"sourceCellId":"1R75883I","sourceChecksum":"7c265c9fd48cb0677b21c9e60c88de7230e0e5b27a4f98bc2d44d93527f2082a","rawObjectClass":"DEPCNT","sourceStableId":"1F2B6A4B9FC675D3"}}},{"type":"Feature","geometry":{"type":"LineString","coordinates":[[3.3052972,51.475],[3.3053249,51.4749827],[3.3054366,51.4749276],[3.3054684,51.4749071],[3.3055363,51.4748848],[3.3056121,51.4748678],[3.3056612,51.4748371],[3.3057555,51.4747788],[3.3058051,51.4747468],[3.3058039,51.4747163],[3.3058503,51.4746567],[3.3058275,51.4746125],[3.3058503,51.4745668],[3.3057538,51.4745218],[3.3056559,51.4745386],[3.3056099,51.4745388],[3.3055755,51.4745675],[3.3054668,51.474658],[3.3054662,51.4746577],[3.3053226,51.4746313],[3.3051796,51.4745686],[3.3051722,51.4745649],[3.305098,51.4745688],[3.305037,51.4745707],[3.3050342,51.4745696],[3.3049146,51.4746592],[3.3048909,51.4746739],[3.3048099,51.4747494],[3.3048183,51.4747934],[3.3048077,51.4748393],[3.3048924,51.4749],[3.3050367,51.4748383],[3.3050362,51.4748635],[3.3050348,51.4749286],[3.3050366,51.4749309],[3.3050651,51.475]]},"properties":{"rawObjectClass":"DEPCNT","VALDCO":5.5,"depthDatum":"Approximate LAT","depthDatumCode":42,"depthDatumStatus":"VERIFIED_FROM_OFFICIAL_DOCUMENTATION","verticalDatum":"Local Datum","verticalDatumCode":24,"napIdentityStatus":"UNVERIFIED","sourceKind":"official","sourceCellId":"1R75883I","sourceStableId":"1F2B6A4B9FC675D4","sourceChecksum":"7c265c9fd48cb0677b21c9e60c88de7230e0e5b27a4f98bc2d44d93527f2082a","pipelineFeatureId":"1R75883I/DEPCNT/1281233591","provenance":{"cellId":"1R75883I","checksum":"7c265c9fd48cb0677b21c9e60c88de7230e0e5b27a4f98bc2d44d93527f2082a","readerVersion":"GDAL 3.2.2","processedAt":"2026-08-11T13:43:44.753Z"},"sourceProperties":{"RCID":1281233591,"PRIM":2,"GRUP":2,"OBJL":43,"RVER":1,"AGEN":7979,"FIDN":1783340998,"FIDS":30164,"LNAM":"1F2B6A4B9FC675D4","VALDCO":5.5,"SCAMIN":15000,"sourceCellId":"1R75883I","sourceChecksum":"7c265c9fd48cb0677b21c9e60c88de7230e0e5b27a4f98bc2d44d93527f2082a","rawObjectClass":"DEPCNT","sourceStableId":"1F2B6A4B9FC675D4"}}},{"type":"Feature","geometry":{"type":"LineString","coordinates":[[3.3166631,51.4392902],[3.3167316,51.4393738],[3.3165975,51.439374],[3.3165937,51.4393803],[3.3165976,51.4393837],[3.3166031,51.4393837],[3.3167414,51.4393833],[3.3167534,51.4393798],[3.3168847,51.4392971],[3.3169006,51.4392895],[3.3168846,51.4392794],[3.3168594,51.4392739],[3.3167403,51.4392204],[3.3166631,51.4392902]]},"properties":{"rawObjectClass":"DEPCNT","VALDCO":5.5,"depthDatum":"Approximate LAT","depthDatumCode":42,"depthDatumStatus":"VERIFIED_FROM_OFFICIAL_DOCUMENTATION","verticalDatum":"Local Datum","verticalDatumCode":24,"napIdentityStatus":"UNVERIFIED","sourceKind":"official","sourceCellId":"1R75883I","sourceStableId":"1F2B6A4B9FC675D5","sourceChecksum":"7c265c9fd48cb0677b21c9e60c88de7230e0e5b27a4f98bc2d44d93527f2082a","pipelineFeatureId":"1R75883I/DEPCNT/1281233594","provenance":{"cellId":"1R75883I","checksum":"7c265c9fd48cb0677b21c9e60c88de7230e0e5b27a4f98bc2d44d93527f2082a","readerVersion":"GDAL 3.2.2","processedAt":"2026-08-11T13:43:44.753Z"},"sourceProperties":{"RCID":1281233594,"PRIM":2,"GRUP":2,"OBJL":43,"RVER":1,"AGEN":7979,"FIDN":1783340998,"FIDS":30165,"LNAM":"1F2B6A4B9FC675D5","VALDCO":5.5,"SCAMIN":15000,"sourceCellId":"1R75883I","sourceChecksum":"7c265c9fd48cb0677b21c9e60c88de7230e0e5b27a4f98bc2d44d93527f2082a","rawObjectClass":"DEPCNT","sourceStableId":"1F2B6A4B9FC675D5"}}},{"type":"Feature","geometry":{"type":"LineString","coordinates":[[3.3315408,51.4366406],[3.3316439,51.4365512],[3.3315892,51.4364924],[3.331677,51.4364612],[3.3315392,51.4364319],[3.3314643,51.436415],[3.3313952,51.4364015],[3.331339,51.4364621],[3.331339,51.4365165],[3.3313554,51.436552],[3.3313604,51.4365745],[3.3313476,51.436642],[3.3313966,51.4367312],[3.3313967,51.4367317],[3.3313976,51.4367335],[3.331399,51.4367317],[3.3314633,51.4366903],[3.3315387,51.4366414],[3.3315408,51.4366406]]},"properties":{"rawObjectClass":"DEPCNT","VALDCO":5.5,"depthDatum":"Approximate LAT","depthDatumCode":42,"depthDatumStatus":"VERIFIED_FROM_OFFICIAL_DOCUMENTATION","verticalDatum":"Local Datum","verticalDatumCode":24,"napIdentityStatus":"UNVERIFIED","sourceKind":"official","sourceCellId":"1R75883I","sourceStableId":"1F2B6A4B9FC675D6","sourceChecksum":"7c265c9fd48cb0677b21c9e60c88de7230e0e5b27a4f98bc2d44d93527f2082a","pipelineFeatureId":"1R75883I/DEPCNT/1281233595","provenance":{"cellId":"1R75883I","checksum":"7c265c9fd48cb0677b21c9e60c88de7230e0e5b27a4f98bc2d44d93527f2082a","readerVersion":"GDAL 3.2.2","processedAt":"2026-08-11T13:43:44.753Z"},"sourceProperties":{"RCID":1281233595,"PRIM":2,"GRUP":2,"OBJL":43,"RVER":1,"AGEN":7979,"FIDN":1783340998,"FIDS":30166,"LNAM":"1F2B6A4B9FC675D6","VALDCO":5.5,"SCAMIN":15000,"sourceCellId":"1R75883I","sourceChecksum":"7c265c9fd48cb0677b21c9e60c88de7230e0e5b27a4f98bc2d44d93527f2082a","rawObjectClass":"DEPCNT","sourceStableId":"1F2B6A4B9FC675D6"}}},{"type":"Feature","geometry":{"type":"LineString","coordinates":[[3.281982,51.457812],[3.2820374,51.4578564],[3.2821204,51.4579016],[3.2821818,51.4579311],[3.2823066,51.457913],[3.2823256,51.457913],[3.2823724,51.4579301],[3.2823384,51.457901],[3.2823255,51.4578931],[3.282181,51.4578036],[3.282167,51.4578028],[3.2820369,51.4577832],[3.281982,51.457812]]},"properties":{"rawObjectClass":"DEPCNT","VALDCO":5.5,"depthDatum":"Approximate LAT","depthDatumCode":42,"depthDatumStatus":"VERIFIED_FROM_OFFICIAL_DOCUMENTATION","verticalDatum":"Local Datum","verticalDatumCode":24,"napIdentityStatus":"UNVERIFIED","sourceKind":"official","sourceCellId":"1R75883I","sourceStableId":"1F2B6A4B9FC675D7","sourceChecksum":"7c265c9fd48cb0677b21c9e60c88de7230e0e5b27a4f98bc2d44d93527f2082a","pipelineFeatureId":"1R75883I/DEPCNT/1281233602","provenance":{"cellId":"1R75883I","checksum":"7c265c9fd48cb0677b21c9e60c88de7230e0e5b27a4f98bc2d44d93527f2082a","readerVersion":"GDAL 3.2.2","processedAt":"2026-08-11T13:43:44.753Z"},"sourceProperties":{"RCID":1281233602,"PRIM":2,"GRUP":2,"OBJL":43,"RVER":1,"AGEN":7979,"FIDN":1783340998,"FIDS":30167,"LNAM":"1F2B6A4B9FC675D7","VALDCO":5.5,"SCAMIN":15000,"sourceCellId":"1R75883I","sourceChecksum":"7c265c9fd48cb0677b21c9e60c88de7230e0e5b27a4f98bc2d44d93527f2082a","rawObjectClass":"DEPCNT","sourceStableId":"1F2B6A4B9FC675D7"}}},{"type":"Feature","geometry":{"type":"LineString","coordinates":[[3.2904256,51.4638159],[3.2905678,51.4639007],[3.2906798,51.4638152],[3.2905667,51.4637289],[3.2904256,51.4638159]]},"properties":{"rawObjectClass":"DEPCNT","VALDCO":5.5,"depthDatum":"Approximate LAT","depthDatumCode":42,"depthDatumStatus":"VERIFIED_FROM_OFFICIAL_DOCUMENTATION","verticalDatum":"Local Datum","verticalDatumCode":24,"napIdentityStatus":"UNVERIFIED","sourceKind":"official","sourceCellId":"1R75883I","sourceStableId":"1F2B6A4B9FC675D8","sourceChecksum":"7c265c9fd48cb0677b21c9e60c88de7230e0e5b27a4f98bc2d44d93527f2082a","pipelineFeatureId":"1R75883I/DEPCNT/1281233603","provenance":{"cellId":"1R75883I","checksum":"7c265c9fd48cb0677b21c9e60c88de7230e0e5b27a4f98bc2d44d93527f2082a","readerVersion":"GDAL 3.2.2","processedAt":"2026-08-11T13:43:44.753Z"},"sourceProperties":{"RCID":1281233603,"PRIM":2,"GRUP":2,"OBJL":43,"RVER":1,"AGEN":7979,"FIDN":1783340998,"FIDS":30168,"LNAM":"1F2B6A4B9FC675D8","VALDCO":5.5,"SCAMIN":15000,"sourceCellId":"1R75883I","sourceChecksum":"7c265c9fd48cb0677b21c9e60c88de7230e0e5b27a4f98bc2d44d93527f2082a","rawObjectClass":"DEPCNT","sourceStableId":"1F2B6A4B9FC675D8"}}},{"type":"Feature","geometry":{"type":"LineString","coordinates":[[3.3325796,51.4362788],[3.3325908,51.4363071],[3.3326186,51.4363686],[3.3326403,51.4364273],[3.3326505,51.4364584],[3.3326905,51.4364745],[3.3327651,51.4364581],[3.3328339,51.4364142],[3.3328715,51.4363679],[3.3328332,51.4363214],[3.3327967,51.4362782],[3.3326886,51.4362106],[3.3325796,51.4362788]]},"properties":{"rawObjectClass":"DEPCNT","VALDCO":5.5,"depthDatum":"Approximate LAT","depthDatumCode":42,"depthDatumStatus":"VERIFIED_FROM_OFFICIAL_DOCUMENTATION","verticalDatum":"Local Datum","verticalDatumCode":24,"napIdentityStatus":"UNVERIFIED","sourceKind":"official","sourceCellId":"1R75883I","sourceStableId":"1F2B6A4B9FC675D9","sourceChecksum":"7c265c9fd48cb0677b21c9e60c88de7230e0e5b27a4f98bc2d44d93527f2082a","pipelineFeatureId":"1R75883I/DEPCNT/1281233608","provenance":{"cellId":"1R75883I","checksum":"7c265c9fd48cb0677b21c9e60c88de7230e0e5b27a4f98bc2d44d93527f2082a","readerVersion":"GDAL 3.2.2","processedAt":"2026-08-11T13:43:44.753Z"},"sourceProperties":{"RCID":1281233608,"PRIM":2,"GRUP":2,"OBJL":43,"RVER":1,"AGEN":7979,"FIDN":1783340998,"FIDS":30169,"LNAM":"1F2B6A4B9FC675D9","VALDCO":5.5,"SCAMIN":15000,"sourceCellId":"1R75883I","sourceChecksum":"7c265c9fd48cb0677b21c9e60c88de7230e0e5b27a4f98bc2d44d93527f2082a","rawObjectClass":"DEPCNT","sourceStableId":"1F2B6A4B9FC675D9"}}},{"type":"Feature","geometry":{"type":"LineString","coordinates":[[3.2960345,51.470276],[3.2960794,51.4703008],[3.2961855,51.4703655],[3.296224,51.4703924],[3.2963245,51.4703651],[3.2962236,51.4703278],[3.2961415,51.4702757],[3.2960791,51.4702435],[3.2960345,51.470276]]},"properties":{"rawObjectClass":"DEPCNT","VALDCO":5.5,"depthDatum":"Approximate LAT","depthDatumCode":42,"depthDatumStatus":"VERIFIED_FROM_OFFICIAL_DOCUMENTATION","verticalDatum":"Local Datum","verticalDatumCode":24,"napIdentityStatus":"UNVERIFIED","sourceKind":"official","sourceCellId":"1R75883I","sourceStableId":"1F2B6A4B9FC675DA","sourceChecksum":"7c265c9fd48cb0677b21c9e60c88de7230e0e5b27a4f98bc2d44d93527f2082a","pipelineFeatureId":"1R75883I/DEPCNT/1281233613","provenance":{"cellId":"1R75883I","checksum":"7c265c9fd48cb0677b21c9e60c88de7230e0e5b27a4f98bc2d44d93527f2082a","readerVersion":"GDAL 3.2.2","processedAt":"2026-08-11T13:43:44.753Z"},"sourceProperties":{"RCID":1281233613,"PRIM":2,"GRUP":2,"OBJL":43,"RVER":1,"AGEN":7979,"FIDN":1783340998,"FIDS":30170,"LNAM":"1F2B6A4B9FC675DA","VALDCO":5.5,"SCAMIN":15000,"sourceCellId":"1R75883I","sourceChecksum":"7c265c9fd48cb0677b21c9e60c88de7230e0e5b27a4f98bc2d44d93527f2082a","rawObjectClass":"DEPCNT","sourceStableId":"1F2B6A4B9FC675DA"}}},{"type":"Feature","geometry":{"type":"LineString","coordinates":[[3.2907453,51.4698396],[3.2907411,51.4698343],[3.290674,51.4697499],[3.2907487,51.4697183],[3.2908211,51.4697495],[3.2908852,51.4698341],[3.2908192,51.4698394],[3.29075,51.4699125],[3.2907453,51.4698396]]},"properties":{"rawObjectClass":"DEPCNT","VALDCO":5.5,"depthDatum":"Approximate LAT","depthDatumCode":42,"depthDatumStatus":"VERIFIED_FROM_OFFICIAL_DOCUMENTATION","verticalDatum":"Local Datum","verticalDatumCode":24,"napIdentityStatus":"UNVERIFIED","sourceKind":"official","sourceCellId":"1R75883I","sourceStableId":"1F2B6A4B9FC675DB","sourceChecksum":"7c265c9fd48cb0677b21c9e60c88de7230e0e5b27a4f98bc2d44d93527f2082a","pipelineFeatureId":"1R75883I/DEPCNT/1281233616","provenance":{"cellId":"1R75883I","checksum":"7c265c9fd48cb0677b21c9e60c88de7230e0e5b27a4f98bc2d44d93527f2082a","readerVersion":"GDAL 3.2.2","processedAt":"2026-08-11T13:43:44.753Z"},"sourceProperties":{"RCID":1281233616,"PRIM":2,"GRUP":2,"OBJL":43,"RVER":1,"AGEN":7979,"FIDN":1783340998,"FIDS":30171,"LNAM":"1F2B6A4B9FC675DB","VALDCO":5.5,"SCAMIN":15000,"sourceCellId":"1R75883I","sourceChecksum":"7c265c9fd48cb0677b21c9e60c88de7230e0e5b27a4f98bc2d44d93527f2082a","rawObjectClass":"DEPCNT","sourceStableId":"1F2B6A4B9FC675DB"}}},{"type":"Feature","geometry":{"type":"LineString","coordinates":[[3.290988,51.4699289],[3.2908946,51.4700141],[3.2907511,51.4699295],[3.2908935,51.469842],[3.290988,51.4699289]]},"properties":{"rawObjectClass":"DEPCNT","VALDCO":5.5,"depthDatum":"Approximate LAT","depthDatumCode":42,"depthDatumStatus":"VERIFIED_FROM_OFFICIAL_DOCUMENTATION","verticalDatum":"Local Datum","verticalDatumCode":24,"napIdentityStatus":"UNVERIFIED","sourceKind":"official","sourceCellId":"1R75883I","sourceStableId":"1F2B6A4B9FC675DC","sourceChecksum":"7c265c9fd48cb0677b21c9e60c88de7230e0e5b27a4f98bc2d44d93527f2082a","pipelineFeatureId":"1R75883I/DEPCNT/1281233620","provenance":{"cellId":"1R75883I","checksum":"7c265c9fd48cb0677b21c9e60c88de7230e0e5b27a4f98bc2d44d93527f2082a","readerVersion":"GDAL 3.2.2","processedAt":"2026-08-11T13:43:44.753Z"},"sourceProperties":{"RCID":1281233620,"PRIM":2,"GRUP":2,"OBJL":43,"RVER":1,"AGEN":7979,"FIDN":1783340998,"FIDS":30172,"LNAM":"1F2B6A4B9FC675DC","VALDCO":5.5,"SCAMIN":15000,"sourceCellId":"1R75883I","sourceChecksum":"7c265c9fd48cb0677b21c9e60c88de7230e0e5b27a4f98bc2d44d93527f2082a","rawObjectClass":"DEPCNT","sourceStableId":"1F2B6A4B9FC675DC"}}},{"type":"Feature","geometry":{"type":"LineString","coordinates":[[3.3071598,51.475],[3.3071757,51.474936],[3.3071809,51.474923],[3.3071753,51.4749099],[3.3071961,51.4748841],[3.3072357,51.474833],[3.3072482,51.4748],[3.307283,51.4747429],[3.3073377,51.4746534],[3.3073385,51.4746512],[3.3073613,51.4745629],[3.3073841,51.4745339],[3.3073881,51.4744729],[3.3074811,51.4744466],[3.3075293,51.4744424],[3.3076251,51.4744412],[3.307722,51.4744426],[3.3077691,51.4744502],[3.3079118,51.4744715],[3.3079133,51.4744718],[3.3079137,51.4744718],[3.3080573,51.4744819],[3.3080775,51.4744837],[3.3082012,51.4744711],[3.3083452,51.4744705],[3.3083453,51.4744704],[3.3083452,51.4744703],[3.3082017,51.4744705],[3.3082012,51.4744705],[3.3081158,51.4743811],[3.3080562,51.4743187],[3.3080286,51.4742914],[3.3079922,51.4742517],[3.3080552,51.4742014],[3.3080552,51.4742012],[3.3079458,51.4741118],[3.3079107,51.4740829],[3.3078373,51.4740221],[3.3077659,51.4739633],[3.3077284,51.4739325],[3.3076171,51.4738404],[3.3075193,51.4737532],[3.3074763,51.4737241],[3.3073449,51.4736637],[3.3073318,51.4736547],[3.3072932,51.4736398],[3.3071874,51.4735852],[3.3071629,51.4735743],[3.3070429,51.4735136],[3.3069812,51.4734849],[3.3068985,51.4734444],[3.3067805,51.4733955],[3.3067541,51.4733817],[3.306689,51.4733552],[3.3066097,51.4733166],[3.3064652,51.4732463],[3.3064005,51.4732166],[3.3063208,51.4731801],[3.3062582,51.4731271],[3.306176,51.4730573],[3.3061515,51.4730374],[3.3061757,51.4730193],[3.3062642,51.4729472],[3.3061749,51.4728974],[3.3061063,51.4728577],[3.3061743,51.4728115],[3.3062392,51.4727675],[3.3061738,51.4727284],[3.3061111,51.4727678],[3.3060304,51.4728152],[3.3059543,51.4727682],[3.3060297,51.472722],[3.3060996,51.4726779],[3.3060292,51.4726343],[3.3059593,51.4725883],[3.3058846,51.4725421],[3.3058214,51.4725887],[3.3058852,51.4726313],[3.3059653,51.4726782],[3.3058858,51.4727296],[3.3057957,51.4726787],[3.3057413,51.4726479],[3.3056294,51.4726094],[3.3056026,51.4726792],[3.3055976,51.4726917],[3.3055668,51.4727692],[3.3055564,51.4727954],[3.3055383,51.4728592],[3.3055144,51.4729121],[3.3054979,51.4729492],[3.3054588,51.4730392],[3.305456,51.4730497],[3.3054168,51.4731293],[3.3053977,51.4731662],[3.3053613,51.4732193],[3.3053136,51.4732887],[3.3053024,51.4733094],[3.305297,51.47332],[3.3052542,51.4733994],[3.3052066,51.4734672],[3.3051937,51.4734895],[3.3051712,51.4735181],[3.3051133,51.4735259],[3.3050273,51.4735389],[3.3049623,51.4735394],[3.3048833,51.4735307],[3.3047823,51.4735805],[3.3047964,51.4736158],[3.3047397,51.4735957],[3.3047054,51.4735807],[3.3045953,51.4735241],[3.3044863,51.4735133],[3.3044512,51.473507],[3.3044078,51.4734916],[3.3043068,51.4734419],[3.3042261,51.4734021],[3.3041624,51.4733791],[3.3040359,51.4733127],[3.3039157,51.4732494],[3.3038734,51.4732286],[3.3038589,51.4732232],[3.3037292,51.4731933],[3.3036323,51.4731339],[3.3035846,51.4731043],[3.3034887,51.4730444],[3.3034401,51.4730176],[3.3033271,51.4729549],[3.3032955,51.4729354],[3.3031794,51.4728653],[3.303151,51.4728478],[3.303035,51.4727758],[3.3030064,51.472758],[3.302892,51.4726862],[3.3029223,51.4726483],[3.3029636,51.4725961],[3.3028609,51.4725247],[3.3028315,51.4725065],[3.3027567,51.472442],[3.3028605,51.4724627],[3.3029157,51.4724164],[3.3029675,51.472349],[3.3029357,51.4723264],[3.3029401,51.4722759],[3.3029699,51.4722364],[3.302969,51.4721674],[3.3029803,51.4721465],[3.3029795,51.4721323],[3.3029792,51.4720566],[3.302967,51.472035],[3.3029282,51.4719668],[3.3028937,51.4719],[3.3028712,51.471877],[3.3028749,51.4718655],[3.3028563,51.4718291],[3.3028399,51.4717872],[3.3028331,51.471773],[3.3028557,51.4717434],[3.3028879,51.4716971],[3.3029989,51.4716228],[3.3030242,51.4716069],[3.3030562,51.4715708],[3.3031163,51.4715167],[3.3031047,51.4714934],[3.3030496,51.471427],[3.3030672,51.4713832],[3.3031035,51.4713369],[3.3030292,51.4712676],[3.3031406,51.4712877],[3.3032368,51.4712466],[3.3032841,51.4712166],[3.3033325,51.4712162],[3.303428,51.4711963],[3.3035723,51.4712546],[3.3035932,51.4712587],[3.3037167,51.471306],[3.3037637,51.4713352],[3.3038611,51.4713791],[3.3039482,51.4714246],[3.3040056,51.4714545],[3.304138,51.4715141],[3.30415,51.4715216],[3.3041809,51.4715332],[3.304181,51.471514],[3.3042127,51.4714745],[3.3042528,51.4714239],[3.3042932,51.4713982],[3.3043826,51.4714235],[3.3044118,51.4714394],[3.3044374,51.4714296],[3.304463,51.4714393],[3.3045816,51.4714663],[3.3046903,51.4715126],[3.304726,51.4715344],[3.3047613,51.4715345],[3.3048703,51.471579],[3.3049077,51.471602],[3.3050149,51.4716684],[3.3050597,51.4716915],[3.3051594,51.4717542],[3.305214,51.471781],[3.3053039,51.4718358],[3.3053782,51.4718705],[3.3054484,51.4719042],[3.3055518,51.4719345],[3.3055926,51.4719496],[3.305613,51.4719598],[3.3057372,51.4720392],[3.3057584,51.4720494],[3.3057535,51.4720594],[3.3058352,51.4721391],[3.3057962,51.4721929],[3.3057769,51.4722292],[3.3057482,51.4723134],[3.3058827,51.4722619],[3.3059615,51.4723186],[3.3060273,51.4723595],[3.306102,51.4724081],[3.3061719,51.4724515],[3.3062467,51.4724977],[3.3061725,51.4725421],[3.3061093,51.472498],[3.3060279,51.4724477],[3.3059595,51.4724085],[3.3058834,51.4723615],[3.305823,51.4724089],[3.3058839,51.4724478],[3.3059606,51.4724984],[3.3060285,51.4725406],[3.3061128,51.4725879],[3.3061731,51.4726253],[3.3062855,51.4726774],[3.3063175,51.4726983],[3.3063594,51.4726772],[3.3063509,51.4726562],[3.306379,51.4725873],[3.3063924,51.4725398],[3.3063887,51.4724973],[3.3064543,51.4724105],[3.3064524,51.4724072],[3.3064512,51.472402],[3.3064334,51.4723174],[3.3064586,51.4722553],[3.3065573,51.472317],[3.3065141,51.4723729],[3.306603,51.4723268],[3.3067307,51.4724065],[3.3067476,51.4724143],[3.3068802,51.472496],[3.3068922,51.4725025],[3.3069824,51.4725519],[3.3070366,51.4725673],[3.3071508,51.4724953],[3.3071275,51.4724627],[3.3070552,51.4724056],[3.3070354,51.47239],[3.3069395,51.472316],[3.3068907,51.4722795],[3.3068014,51.4722265],[3.3067461,51.4721928],[3.3066758,51.4721369],[3.3067452,51.4720605],[3.306817,51.4721365],[3.30689,51.4721823],[3.3069481,51.4722261],[3.3070346,51.4722731],[3.3070886,51.4723156],[3.3071792,51.4723655],[3.3072374,51.4724052],[3.3071883,51.4724901],[3.3071848,51.4724952],[3.3073246,51.4725827],[3.3073282,51.4725848],[3.3074692,51.4726638],[3.3074877,51.4726743],[3.3076137,51.4727523],[3.3076323,51.4727638],[3.3077583,51.4728361],[3.3077884,51.4728533],[3.3079028,51.4729183],[3.3079458,51.4729428],[3.3080474,51.4730061],[3.3080897,51.4730324],[3.3081919,51.4730899],[3.3082309,51.4731219],[3.3081926,51.4731861],[3.3081074,51.4732121],[3.3081929,51.4732386],[3.3083128,51.4733015],[3.3083374,51.4733168],[3.3084581,51.4733763],[3.3084819,51.4733885],[3.3084869,51.473391],[3.3086265,51.4734761],[3.308771,51.473549],[3.3088045,51.47357],[3.3089155,51.4736271],[3.3089783,51.4736594],[3.30906,51.4737017],[3.3091518,51.4737489],[3.3092045,51.4737822],[3.3092938,51.4737485],[3.3093481,51.4737238],[3.3094167,51.4736583],[3.3094914,51.4736265],[3.309635,51.4735668],[3.3097789,51.4735551],[3.3098356,51.4735673],[3.3099231,51.4735912],[3.3099774,51.4736008],[3.3100615,51.4735667],[3.3100669,51.4735655],[3.3100691,51.4735653],[3.3102109,51.4735628],[3.3102166,51.4735627],[3.3103548,51.4735492],[3.3104077,51.4735326],[3.3104985,51.4735173],[3.3105526,51.4735093],[3.3106425,51.4735189],[3.3107792,51.4734749],[3.3107862,51.4734714],[3.3107932,51.4734705],[3.3109299,51.4734355],[3.3110125,51.4733843],[3.3110731,51.4733193],[3.3111142,51.4732941],[3.3112167,51.4732549],[3.3113523,51.4732036],[3.3113603,51.4732007],[3.3113866,51.473187],[3.3115038,51.4731351],[3.3115295,51.4731132],[3.3115565,51.47308],[3.3116025,51.4730231],[3.3116022,51.4729609],[3.3116214,51.4729331],[3.3116107,51.4729109],[3.3116358,51.4728432],[3.3116378,51.4728382],[3.3115987,51.4727533],[3.3115639,51.4727029],[3.3116277,51.4726633],[3.3116361,51.4726581],[3.3115599,51.4725736],[3.3114995,51.4725079],[3.3114718,51.4725012],[3.3113558,51.4725377],[3.3112627,51.4724845],[3.3112111,51.4724322],[3.3111742,51.4723948],[3.311131,51.4723453],[3.3111087,51.472305],[3.311066,51.4722654],[3.3110215,51.4722154],[3.3109852,51.4721654],[3.3109635,51.4721256],[3.3109205,51.4720448],[3.3109155,51.4720358],[3.3108966,51.472021],[3.3108003,51.4719462],[3.3107756,51.4719188],[3.3107299,51.4718565],[3.3106476,51.4717773],[3.310639,51.4717668],[3.3106306,51.4717626],[3.3104949,51.4716772],[3.310486,51.4716712],[3.3103623,51.4715877],[3.3103414,51.4715745],[3.3102188,51.4714981],[3.3101968,51.4714833],[3.310087,51.4714086],[3.3100521,51.4713843],[3.3099583,51.471319],[3.3099075,51.4712844],[3.309827,51.4712294],[3.3097629,51.4711901],[3.3096883,51.4711399],[3.3096182,51.4710922],[3.3095481,51.4710964],[3.3094742,51.4710818],[3.3093931,51.4711014],[3.3093304,51.4711054],[3.309194,51.4710513],[3.309186,51.4710474],[3.3091671,51.4710395],[3.3091571,51.4710514],[3.3091192,51.4710995],[3.3090422,51.4710751],[3.3089674,51.4710986],[3.3088983,51.4710787],[3.3088761,51.4710659],[3.3087544,51.4710919],[3.308626,51.4711331],[3.3086106,51.4711283],[3.3084948,51.4711255],[3.3084667,51.4711371],[3.3084478,51.4711431],[3.3084102,51.4711787],[3.3083446,51.4712333],[3.3083235,51.4712424],[3.3082957,51.4712509],[3.3081795,51.4712511],[3.3080908,51.4713239],[3.308092,51.4713791],[3.3080824,51.4714139],[3.3080371,51.4714806],[3.3079233,51.4714854],[3.3078933,51.471498],[3.307878,51.4715043],[3.3077497,51.471557],[3.3076985,51.4715947],[3.3076774,51.4716403],[3.3076781,51.4716847],[3.3076071,51.4717617],[3.3075949,51.4717748],[3.3074635,51.4718199],[3.3073344,51.4718563],[3.3073197,51.4718501],[3.3072947,51.4718655],[3.3072621,51.4719192],[3.307176,51.4718933],[3.3071409,51.4718659],[3.3070314,51.471792],[3.3069988,51.4717967],[3.3068874,51.4717956],[3.3068611,51.4717931],[3.3067437,51.4718404],[3.3066588,51.4718143],[3.3066508,51.4718672],[3.306627,51.4719406],[3.3066363,51.4719572],[3.3067111,51.4720257],[3.3067368,51.4720468],[3.3066016,51.4721133],[3.3065039,51.4720474],[3.3065586,51.4719836],[3.3064566,51.4719682],[3.3064219,51.4719577],[3.306383,51.4719136],[3.3064121,51.4718678],[3.3063826,51.4718223],[3.3063553,51.4717781],[3.3063111,51.4717346],[3.3062822,51.4716883],[3.3063105,51.4716425],[3.306338,51.4715983],[3.3063655,51.4715635],[3.3063097,51.4715316],[3.3062967,51.4715084],[3.3063093,51.4714601],[3.3063318,51.4714327],[3.3063255,51.4714185],[3.3063217,51.4713369],[3.306316,51.4713286],[3.3063147,51.471243],[3.3063131,51.4712387],[3.3063077,51.4712239],[3.3062774,51.4711488],[3.3062731,51.4711277],[3.3062485,51.471059],[3.3062176,51.4710037],[3.306199,51.4709692],[3.3061617,51.4709277],[3.3061317,51.4708795],[3.3061227,51.4708554],[3.3061345,51.4707895],[3.3061203,51.4707644],[3.3060932,51.4706997],[3.3060713,51.4706445],[3.3060523,51.4706099],[3.3060217,51.4705242],[3.3060197,51.4705201],[3.306015,51.4705128],[3.3059659,51.4704303],[3.3058783,51.4703459],[3.3058753,51.4703406],[3.3058697,51.4703192],[3.3058587,51.4702507],[3.3058474,51.4702372],[3.3058262,51.4701609],[3.3058057,51.4701218],[3.3057882,51.4700711],[3.305787,51.4700207],[3.3057755,51.4699812],[3.3057736,51.4699228],[3.305753,51.4698913],[3.30574,51.4698125],[3.3057344,51.4698015],[3.3057222,51.4697847],[3.3056684,51.4697117],[3.3055773,51.4696455],[3.3055451,51.4696221],[3.3055526,51.4695472],[3.3055545,51.4695322],[3.3055064,51.4694887],[3.3055297,51.4694423],[3.305541,51.4694206],[3.3054719,51.4693526],[3.3054612,51.4692816],[3.3054588,51.4692627],[3.3054305,51.4692358],[3.3053409,51.4691731],[3.30531,51.4690985],[3.3053101,51.4690832],[3.3052853,51.4690368],[3.3052675,51.4689934],[3.3052652,51.4689156],[3.3052691,51.4689035],[3.3052538,51.4688845],[3.3052105,51.4688137],[3.3052003,51.4687619],[3.3051935,51.4687239],[3.3051386,51.4686383],[3.3051362,51.4686341],[3.3051385,51.4686215],[3.3051597,51.4685441],[3.3051599,51.4685304],[3.3051596,51.4684542],[3.3051371,51.4684134],[3.305096,51.4683644],[3.3051286,51.4682792],[3.3051286,51.4682744],[3.3050918,51.4682121],[3.3051013,51.4681846],[3.3051287,51.4680986],[3.3051299,51.4680946],[3.305126,51.468089],[3.3051349,51.468086],[3.3052613,51.4680043],[3.3052625,51.4679945],[3.3052014,51.4679146],[3.3051332,51.4678317],[3.3051257,51.4678249],[3.305091,51.4677611],[3.3050997,51.467735],[3.3049882,51.4676674],[3.3049584,51.4676455],[3.3049878,51.4676169],[3.3050328,51.4676453],[3.3051324,51.4677087],[3.3051979,51.4676858],[3.3051627,51.4676449],[3.3051319,51.4676272],[3.3050154,51.4675554],[3.3049873,51.4675411],[3.304923,51.4675155],[3.3049311,51.4675556],[3.3048438,51.4675977],[3.3047233,51.4675562],[3.3046994,51.4675458],[3.3046606,51.4675321],[3.3045945,51.4675565],[3.3045556,51.4675659],[3.304534,51.4675701],[3.3044119,51.4675961],[3.3043306,51.4675964],[3.3042678,51.467581],[3.3041707,51.4675576],[3.3041236,51.4675457],[3.3040921,51.4675382],[3.3039793,51.4674976],[3.3039119,51.4674683],[3.3038348,51.4674202],[3.3037017,51.4673859],[3.3036906,51.467386],[3.3036526,51.4673791],[3.3035465,51.4673653],[3.3035004,51.4673508],[3.3034023,51.4673192],[3.3032715,51.4672985],[3.3032582,51.4672989],[3.3032121,51.4672903],[3.303114,51.4672724],[3.3030716,51.4672907],[3.3029703,51.4673067],[3.3029197,51.4672911],[3.3028259,51.4672435],[3.3027321,51.467233],[3.3026818,51.4672196],[3.3026156,51.4672019],[3.3025376,51.4671837],[3.3024911,51.4671733],[3.3023935,51.4671638],[3.3022958,51.4671128],[3.3022491,51.4670916],[3.3021714,51.4670648],[3.3021047,51.467034],[3.3019664,51.4670274],[3.3019607,51.4670259],[3.3019572,51.4670238],[3.3018162,51.4669448],[3.3017855,51.4669343],[3.3016717,51.4668698],[3.3015474,51.4668573],[3.3015277,51.4668523],[3.3015145,51.4668451],[3.3013832,51.4667692],[3.3013478,51.4667556],[3.3012387,51.4666947],[3.301118,51.4666809],[3.3010946,51.4666765],[3.3010769,51.4666664],[3.30095,51.4665807],[3.3009414,51.4665768],[3.3009139,51.4665544],[3.3008286,51.4664872],[3.3008054,51.4664764],[3.3007707,51.4664657],[3.3007537,51.4664874],[3.3006983,51.4665104],[3.3006616,51.466504],[3.3006284,51.4664877],[3.3006,51.4664495],[3.3005791,51.4663979],[3.3005167,51.4663672],[3.3003991,51.4663085],[3.3003723,51.4662953],[3.3003007,51.4662641],[3.300228,51.4662467],[3.3001735,51.4662191],[3.3000835,51.4661641],[3.2999661,51.4661297],[3.2999392,51.4661127],[3.2998646,51.4660401],[3.2998951,51.4659771],[3.2999076,51.46595],[3.2999074,51.4658791],[3.2997941,51.4659298],[3.2997261,51.4659505],[3.2996506,51.4660074],[3.2995522,51.4659795],[3.2995064,51.4659707],[3.2994565,51.4659824],[3.2994039,51.4659513],[3.2994551,51.4659193],[3.2994227,51.4658614],[3.2995054,51.4658109],[3.2995683,51.4657711],[3.299505,51.4657561],[3.299481,51.4657713],[3.2993617,51.4658473],[3.299331,51.4658425],[3.2992175,51.4658186],[3.299083,51.4658565],[3.2990738,51.465853],[3.2990222,51.4658303],[3.2989294,51.4657903],[3.2989126,51.4657727],[3.2987851,51.4657293],[3.2986948,51.465717],[3.298641,51.4657099],[3.298515,51.4656838],[3.2984967,51.4656681],[3.2983686,51.4655943],[3.2984959,51.4655405],[3.2986202,51.4655159],[3.2986397,51.465512],[3.2987702,51.4655933],[3.2987842,51.4655986],[3.298806,51.4655932],[3.2988041,51.4655807],[3.2987841,51.4655869],[3.2986493,51.4655037],[3.2986779,51.4654796],[3.2986395,51.4654769],[3.2985886,51.4654455],[3.2984954,51.4654666],[3.2984105,51.4654144],[3.298351,51.4653926],[3.2982135,51.4653249],[3.29835,51.4652377],[3.2983537,51.4652347],[3.2983499,51.4652327],[3.2983288,51.4652215],[3.2983435,51.4652347],[3.2982066,51.4653193],[3.2981935,51.4653169],[3.2980623,51.4652761],[3.2979969,51.4652356],[3.2979179,51.4652027],[3.2977781,51.4651462],[3.2977735,51.4651425],[3.2977638,51.4651402],[3.2976292,51.4650882],[3.2975647,51.4650568],[3.2974848,51.4650245],[3.2973921,51.4649674],[3.2974839,51.4648803],[3.2974887,51.4648772],[3.2974839,51.4648748],[3.2973452,51.4647876],[3.2973535,51.4647787],[3.2973393,51.464779],[3.2973131,51.4647714],[3.297195,51.4647255],[3.297168,51.4646982],[3.2971945,51.464656],[3.2972631,51.4646551],[3.2973384,51.4646389],[3.2973891,51.4646393],[3.2974823,51.4646385],[3.2975592,51.4646552],[3.297511,51.4646074],[3.297482,51.4645924],[3.297446,51.4645851],[3.297338,51.4645848],[3.2972882,51.4645768],[3.297194,51.4645764],[3.2970503,51.464519],[3.2970497,51.4645187],[3.2970491,51.4645186],[3.2970497,51.4645182],[3.2970547,51.4645155],[3.2971931,51.4644341],[3.2972023,51.4644283],[3.297193,51.464417],[3.2971229,51.4643386],[3.2971919,51.4642508],[3.2971937,51.4642485],[3.2973356,51.4642031],[3.2974721,51.4641579],[3.2974792,51.464155],[3.2974859,51.4641536],[3.2975871,51.4641576],[3.2976216,51.4641585],[3.2976232,51.4641581],[3.2976281,51.4641575],[3.2977668,51.4641112],[3.2978998,51.4640669],[3.297766,51.4639826],[3.2977577,51.4639773],[3.2977659,51.4639726],[3.2979034,51.463887],[3.2979093,51.4638834],[3.2980378,51.4637968],[3.2980527,51.4637933],[3.2980609,51.4637915],[3.2981964,51.463763],[3.2982734,51.463748],[3.2983402,51.4637348],[3.2984119,51.4637059],[3.2984687,51.463625],[3.2984754,51.4636158],[3.2984833,51.4636109],[3.2984994,51.4636057],[3.298627,51.4635661],[3.2987572,51.4635252],[3.2986262,51.4634469],[3.2986074,51.4634357],[3.2986261,51.4634319],[3.2987658,51.4633453],[3.2987695,51.4633418],[3.2987822,51.4633373],[3.2989131,51.4632929],[3.2989702,51.4632549],[3.2989123,51.463177],[3.298903,51.4631651],[3.2989122,51.4631624],[3.2989327,51.4631523],[3.2990558,51.4630973],[3.2991072,51.4630747],[3.2991994,51.4630466],[3.2992856,51.4630203],[3.2993431,51.4630087],[3.2994054,51.462984],[3.2994865,51.462928],[3.2995997,51.4628936],[3.2994858,51.4628238],[3.2993886,51.4628334],[3.2993418,51.4628179],[3.2993182,51.4628044],[3.2992961,51.4627761],[3.2992982,51.4627146],[3.299341,51.4626868],[3.2994382,51.4626243],[3.2993402,51.4625613],[3.2992328,51.4625577],[3.2992884,51.4626247],[3.299197,51.4626814],[3.2991459,51.462683],[3.299053,51.4626805],[3.2989447,51.4627155],[3.2989094,51.4627273],[3.2988909,51.4627156],[3.2988699,51.4626911],[3.2988615,51.4626257],[3.2989086,51.4625981],[3.2989576,51.4625948],[3.2990523,51.4625659],[3.2991588,51.4625351],[3.2990517,51.4624733],[3.2990075,51.4624455],[3.2990513,51.4624193],[3.2991433,51.4623553],[3.2990505,51.4622988],[3.2989907,51.4622657],[3.2990503,51.4622533],[3.2990787,51.4622477],[3.2991942,51.4622525],[3.2993084,51.4622464],[3.2993381,51.4622515],[3.2993682,51.462246],[3.2994821,51.4622477],[3.2995097,51.4622472],[3.2996259,51.4622246],[3.299719,51.4622056],[3.2997697,51.4622052],[3.2998175,51.4621737],[3.2999132,51.4621425],[3.2999819,51.4621303],[3.3000571,51.4621296],[3.3001609,51.4621079],[3.3002009,51.462108],[3.3002817,51.4620826],[3.3003446,51.46207],[3.3003644,51.46207],[3.3004883,51.4620397],[3.3006026,51.4620103],[3.300632,51.4620055],[3.3006613,51.4619917],[3.3007754,51.4619183],[3.3008611,51.4619013],[3.300919,51.4618656],[3.3009603,51.4618111],[3.3010097,51.4617539],[3.3009183,51.4617612],[3.3008842,51.4617214],[3.3008551,51.4616823],[3.3008617,51.4616315],[3.3009172,51.461595],[3.3009574,51.4615414],[3.3009963,51.4614914],[3.3009911,51.4614514],[3.3010601,51.4614314],[3.3011688,51.461361],[3.3012034,51.4613383],[3.3012779,51.4613141],[3.301347,51.4612811],[3.3013689,51.4612706],[3.3014904,51.4611918],[3.3015205,51.4611802],[3.3016341,51.4611637],[3.3017058,51.4611349],[3.3017777,51.4611154],[3.3019039,51.4611004],[3.3019216,51.4610969],[3.3019337,51.4610893],[3.3020651,51.4610272],[3.3021854,51.4609987],[3.3022085,51.4609483],[3.3022265,51.4609087],[3.3022262,51.4608974],[3.3022883,51.4608186],[3.3023512,51.4607593],[3.3024163,51.4607284],[3.3023508,51.4607033],[3.3022844,51.4606873],[3.3022066,51.4606634],[3.3020823,51.4606516],[3.3020625,51.460647],[3.3020154,51.4606395],[3.3020621,51.4605747],[3.3020826,51.4605623],[3.3020753,51.4605494],[3.3020618,51.4605368],[3.3020239,51.4605259],[3.3019175,51.4604814],[3.301891,51.4604599],[3.3018904,51.4604432],[3.3018686,51.4603701],[3.3017724,51.4602979],[3.3016564,51.4602982],[3.3016284,51.4602979],[3.3015298,51.460281],[3.3015237,51.460216],[3.3015244,51.4601911],[3.3016276,51.4601767],[3.3017518,51.4601782],[3.3017716,51.4601786],[3.3017913,51.4601781],[3.3019154,51.460164],[3.3019572,51.4601639],[3.3020593,51.4601542],[3.3021255,51.4601482],[3.3022032,51.460149],[3.3023216,51.460173],[3.3023473,51.4601684],[3.3024474,51.460126],[3.3024908,51.4601077],[3.3024993,51.460104],[3.3026349,51.4601345],[3.3027505,51.4601157],[3.3027787,51.4601135],[3.3028712,51.4600977],[3.3029224,51.4600774],[3.3029461,51.4600828],[3.3030662,51.4600569],[3.3032102,51.4600559],[3.3032664,51.4600616],[3.303354,51.4600453],[3.3034279,51.4600502],[3.3034979,51.4600405],[3.3036116,51.4600248],[3.3036418,51.4600247],[3.303748,51.4600056],[3.3036412,51.4599359],[3.3035597,51.4599551],[3.3034973,51.4599386],[3.3034552,51.4599427],[3.3033534,51.4599428],[3.3033032,51.4599482],[3.3032094,51.4599478],[3.3031605,51.4599477],[3.3030655,51.4599486],[3.3030024,51.4599571],[3.3029215,51.4599426],[3.3028131,51.4599402],[3.3027776,51.4599407],[3.3027427,51.45994],[3.3026337,51.4599426],[3.3025733,51.4599564],[3.3024898,51.4599528],[3.3023838,51.4599192],[3.3023456,51.4599138],[3.3022074,51.459916],[3.3022017,51.459916],[3.3020686,51.4599132],[3.3020577,51.4599146],[3.3019187,51.4599173],[3.3019138,51.4599173],[3.301886,51.4599205],[3.3018886,51.4599943],[3.3017701,51.4599538],[3.3017195,51.4599525],[3.3016262,51.4599563],[3.301565,51.4599595],[3.3014824,51.459977],[3.3014265,51.4599767],[3.3013384,51.459976],[3.3012802,51.4599756],[3.3011944,51.459961],[3.3011308,51.4599621],[3.3010505,51.4599724],[3.3009066,51.4599727],[3.3008435,51.4599736],[3.3007626,51.4599652],[3.3006955,51.4599654],[3.3006187,51.4599719],[3.3005293,51.4599798],[3.3004748,51.4599846],[3.3003591,51.4599967],[3.300331,51.4599967],[3.300192,51.4600117],[3.3001871,51.4600123],[3.3001822,51.4600117],[3.3000432,51.4600126],[3.3000196,51.4600152],[3.2998995,51.4600482],[3.299808,51.4600485],[3.2997555,51.4600465],[3.2997043,51.460048],[3.2996117,51.4600693],[3.2994836,51.4600967],[3.299468,51.4601],[3.2994353,51.4600862],[3.2994384,51.4601066],[3.2993243,51.4601423],[3.299203,51.4601832],[3.2991807,51.4601811],[3.299062,51.4601816],[3.2990367,51.4601841],[3.299012,51.4601976],[3.2989435,51.4602293],[3.298893,51.4602194],[3.298839,51.4602318],[3.2987492,51.460233],[3.2986959,51.4602316],[3.2986052,51.4602341],[3.2985141,51.4602888],[3.2984618,51.4603058],[3.2983453,51.4603063],[3.2983178,51.4603059],[3.2982814,51.4603121],[3.2981739,51.4603127],[3.2980631,51.4603106],[3.29803,51.46031],[3.297996,51.4603113],[3.2978862,51.4603299],[3.2978059,51.4603303],[3.2977422,51.4603291],[3.2976322,51.4603123],[3.2975982,51.4603122],[3.2974958,51.4602913],[3.297454,51.4602781],[3.2974112,51.4602649],[3.29731,51.460268],[3.297275,51.46027],[3.2971658,51.4602378],[3.2970578,51.4602025],[3.2970216,51.4601907],[3.2969821,51.4601781],[3.2968774,51.4601466],[3.2967658,51.4601134],[3.2967331,51.4600955],[3.2966755,51.4600595],[3.2965891,51.4600785],[3.2964602,51.4600242],[3.2964447,51.4600175],[3.2964344,51.4600178],[3.2963007,51.4599998],[3.296245,51.45999],[3.2961568,51.4600141],[3.2961402,51.4600147],[3.2960127,51.459991],[3.2959299,51.4599739],[3.2958685,51.4599547],[3.2958269,51.4599619],[3.2957247,51.4599624],[3.2956193,51.4599605],[3.2955806,51.4599506],[3.2954576,51.4599368],[3.2954365,51.4599258],[3.2954174,51.459925],[3.2952923,51.4598841],[3.2952081,51.4598849],[3.2951483,51.4598671],[3.2950271,51.459848],[3.2950041,51.459834],[3.2948743,51.4598396],[3.2948602,51.4598391],[3.2947229,51.4597588],[3.2947157,51.4597542],[3.2945922,51.4596693],[3.2945712,51.4596573],[3.2944446,51.4595797],[3.2944267,51.4595743],[3.2942822,51.4594839],[3.2942615,51.4594773],[3.294138,51.459442],[3.2940733,51.4594008],[3.2939935,51.4593532],[3.2938581,51.4593169],[3.2938493,51.4593143],[3.2938442,51.4593115],[3.2937048,51.4592235],[3.2936997,51.4592219],[3.2935603,51.4591394],[3.2934222,51.4591363],[3.2934163,51.4591339],[3.2934135,51.4591327],[3.2934108,51.4591293],[3.2934039,51.4590428],[3.2932712,51.4589543],[3.2932703,51.4589532],[3.2932712,51.4589521],[3.2934016,51.458863],[3.2932701,51.4587736],[3.2931407,51.4587828],[3.2931262,51.4587785],[3.2931111,51.4587738],[3.2929817,51.4586909],[3.2929693,51.4586842],[3.2928371,51.4585971],[3.2927178,51.4586848],[3.2926938,51.4586919],[3.2926824,51.4586849],[3.2926714,51.4586711],[3.2926803,51.458595],[3.2925488,51.4585201],[3.2925245,51.4585055],[3.2925382,51.4584217],[3.292537,51.4584155],[3.292532,51.4583354],[3.2925328,51.4583256],[3.2924031,51.4582517],[3.2923764,51.4582528],[3.2922592,51.4582541],[3.2922295,51.4582365],[3.2921147,51.4581617],[3.2920894,51.4581469],[3.2919702,51.4580835],[3.2919323,51.4580574],[3.291826,51.4580345],[3.2917155,51.457968],[3.2916815,51.4579472],[3.2915825,51.4579067],[3.2915373,51.4579083],[3.2914896,51.4578786],[3.2913928,51.457819],[3.2913428,51.4577891],[3.2912483,51.4577334],[3.2911884,51.4576996],[3.2911039,51.4576539],[3.2910013,51.4576101],[3.2909596,51.4576013],[3.2909332,51.4575938],[3.2908156,51.4575946],[3.290723,51.4575531],[3.2906717,51.4575896],[3.2906485,51.4575964],[3.2905274,51.4575369],[3.2904944,51.4575214],[3.2903831,51.4574719],[3.2903082,51.457432],[3.2902387,51.4574002],[3.2901109,51.4573426],[3.2900943,51.4573347],[3.2900187,51.4572957],[3.2899499,51.4572616],[3.2898187,51.4573433],[3.2898993,51.4574008],[3.2898065,51.4573468],[3.2898,51.4573433],[3.2896621,51.45727],[3.2895978,51.4572539],[3.2896618,51.4572153],[3.2897449,51.4571636],[3.2896613,51.4571427],[3.2896265,51.4571639],[3.289518,51.4572335],[3.2893944,51.4571645],[3.2893735,51.4571529],[3.289275,51.4571034],[3.2892294,51.4571176],[3.2892092,51.457075],[3.2892052,51.4570602],[3.2891171,51.4569853],[3.2890844,51.4569579],[3.2890284,51.4568956],[3.2889539,51.4568148],[3.2889688,51.4568059],[3.2889635,51.4567908],[3.2890218,51.4567158],[3.2889384,51.4566303],[3.2889343,51.4566261],[3.2889336,51.4566231],[3.2888741,51.4565363],[3.2888329,51.4564711],[3.2888183,51.4564466],[3.2887931,51.4564042],[3.28875,51.4563568],[3.2886683,51.4562795],[3.2886553,51.4562671],[3.288648,51.4562208],[3.2886419,51.4561772],[3.2886342,51.4561689],[3.2886192,51.4560874],[3.2886078,51.4560629],[3.2885288,51.4559977],[3.2885024,51.4559552],[3.2884749,51.4559079],[3.2883843,51.4558348],[3.2883638,51.4558183],[3.2883575,51.4558071],[3.2883093,51.4557285],[3.2882126,51.4556476],[3.2882022,51.4556388],[3.2881964,51.4556288],[3.2881258,51.4555491],[3.2880677,51.4554885],[3.2880399,51.4554594],[3.2879334,51.4553762],[3.2879274,51.4553697],[3.2879228,51.4553354],[3.2879155,51.4552798],[3.2879093,51.4552717],[3.2877973,51.4551902],[3.2877778,51.4551735],[3.2876925,51.4551006],[3.2876329,51.4550116],[3.2876321,51.4550108],[3.2874884,51.4549243],[3.2874763,51.4549137],[3.2873828,51.4548316],[3.2873437,51.4548039],[3.2872452,51.454742],[3.2871992,51.4547074],[3.2871084,51.4546524],[3.2870548,51.4546318],[3.2869572,51.4545628],[3.2869103,51.4545428],[3.2868058,51.4544733],[3.2867659,51.454454],[3.2866521,51.4543838],[3.2866214,51.4543681],[3.2865074,51.4542942],[3.2864769,51.4542781],[3.2863994,51.4542462],[3.2863327,51.4542384],[3.2862579,51.4542049],[3.2861885,51.4541856],[3.286053,51.4541155],[3.2860441,51.4541113],[3.2860329,51.4541085],[3.2859001,51.4540967],[3.2857946,51.4540504],[3.2857559,51.4540514],[3.2856769,51.4540265],[3.2856117,51.4540148],[3.2855489,51.4540268],[3.285468,51.4540474],[3.2854146,51.4540271],[3.2853237,51.4539925],[3.2852147,51.4540058],[3.2851799,51.4540055],[3.2851132,51.4540278],[3.2850365,51.4540807],[3.2849742,51.4541181],[3.2849738,51.4541685],[3.2849957,51.454208],[3.2849112,51.4542872],[3.2849019,51.4542981],[3.2849098,51.454308],[3.284894,51.454309],[3.2847588,51.4543832],[3.2847505,51.4543878],[3.2847496,51.4543884],[3.2846069,51.4544375],[3.2844843,51.4544025],[3.2844627,51.454396],[3.2844434,51.4544012],[3.284319,51.4544347],[3.2841844,51.4544797],[3.2841754,51.4544856],[3.284166,51.4544856],[3.2840318,51.454525],[3.2839848,51.4545094],[3.2838878,51.4545261],[3.2838154,51.4545253],[3.2837439,51.4545176],[3.2836587,51.4545177],[3.2835999,51.4545071],[3.2834595,51.4544837],[3.2834558,51.4544837],[3.2834468,51.4544815],[3.2833117,51.4544477],[3.2832553,51.4544467],[3.2831677,51.4544375],[3.283097,51.4544382],[3.2830237,51.454432],[3.2829103,51.454412],[3.2828797,51.4544162],[3.2828041,51.4543931],[3.2827355,51.4543761],[3.2827077,51.4543759],[3.2825916,51.4543757],[3.2825567,51.4543719],[3.2824779,51.4543622]]},"properties":{"rawObjectClass":"DEPCNT","VALDCO":5,"depthDatum":"Approximate LAT","depthDatumCode":42,"depthDatumStatus":"VERIFIED_FROM_OFFICIAL_DOCUMENTATION","verticalDatum":"Local Datum","verticalDatumCode":24,"napIdentityStatus":"UNVERIFIED","sourceKind":"official","sourceCellId":"1R75883I","sourceStableId":"1F2B6A4B9FC675DD","sourceChecksum":"7c265c9fd48cb0677b21c9e60c88de7230e0e5b27a4f98bc2d44d93527f2082a","pipelineFeatureId":"1R75883I/DEPCNT/1281233626","provenance":{"cellId":"1R75883I","checksum":"7c265c9fd48cb0677b21c9e60c88de7230e0e5b27a4f98bc2d44d93527f2082a","readerVersion":"GDAL 3.2.2","processedAt":"2026-08-11T13:43:44.753Z"},"sourceProperties":{"RCID":1281233626,"PRIM":2,"GRUP":2,"OBJL":43,"RVER":1,"AGEN":7979,"FIDN":1783340998,"FIDS":30173,"LNAM":"1F2B6A4B9FC675DD","VALDCO":5,"SCAMIN":300000,"sourceCellId":"1R75883I","sourceChecksum":"7c265c9fd48cb0677b21c9e60c88de7230e0e5b27a4f98bc2d44d93527f2082a","rawObjectClass":"DEPCNT","sourceStableId":"1F2B6A4B9FC675DD"}}},{"type":"Feature","geometry":{"type":"LineString","coordinates":[[3.287009,51.475],[3.28698,51.4749742],[3.2869181,51.4748995],[3.2869135,51.4748844],[3.2868938,51.4748663],[3.2868366,51.4747947],[3.2867488,51.4747083],[3.2867451,51.474705],[3.2867488,51.4747009],[3.2868873,51.4747012],[3.2868168,51.4746149],[3.286748,51.4745665],[3.2866889,51.4745253],[3.2866032,51.4744409],[3.2865979,51.4744356],[3.2865961,51.4744312],[3.2865966,51.4743457],[3.2866025,51.4743384],[3.286737,51.4742554],[3.2867459,51.4742465],[3.2868083,51.4741654],[3.2867792,51.4740968],[3.2867966,51.4740755],[3.2867445,51.4740099],[3.286705,51.4739858],[3.2867442,51.4739607],[3.2867564,51.4739856],[3.2868887,51.4740476],[3.286981,51.474075],[3.287033,51.4741074],[3.287123,51.4741084],[3.287177,51.4741071],[3.2872695,51.4741642],[3.2873215,51.4741771],[3.2873573,51.4741864],[3.2874659,51.4742428],[3.2875192,51.4742535],[3.2875294,51.474293],[3.2875603,51.4743433],[3.2876107,51.4743746],[3.2876735,51.474433],[3.2877554,51.4744885],[3.287815,51.4745226],[3.2879,51.4745981],[3.2879147,51.4746122],[3.2880215,51.4747019],[3.2880448,51.4747196],[3.2881389,51.4747915],[3.2881897,51.4748621],[3.2881998,51.4748813],[3.2883343,51.474964],[3.2883447,51.4749708],[3.2883471,51.4749788],[3.2883552,51.475]]},"properties":{"rawObjectClass":"DEPCNT","VALDCO":5,"depthDatum":"Approximate LAT","depthDatumCode":42,"depthDatumStatus":"VERIFIED_FROM_OFFICIAL_DOCUMENTATION","verticalDatum":"Local Datum","verticalDatumCode":24,"napIdentityStatus":"UNVERIFIED","sourceKind":"official","sourceCellId":"1R75883I","sourceStableId":"1F2B6A4B9FC675DE","sourceChecksum":"7c265c9fd48cb0677b21c9e60c88de7230e0e5b27a4f98bc2d44d93527f2082a","pipelineFeatureId":"1R75883I/DEPCNT/1281233627","provenance":{"cellId":"1R75883I","checksum":"7c265c9fd48cb0677b21c9e60c88de7230e0e5b27a4f98bc2d44d93527f2082a","readerVersion":"GDAL 3.2.2","processedAt":"2026-08-11T13:43:44.753Z"},"sourceProperties":{"RCID":1281233627,"PRIM":2,"GRUP":2,"OBJL":43,"RVER":1,"AGEN":7979,"FIDN":1783340998,"FIDS":30174,"LNAM":"1F2B6A4B9FC675DE","VALDCO":5,"SCAMIN":300000,"sourceCellId":"1R75883I","sourceChecksum":"7c265c9fd48cb0677b21c9e60c88de7230e0e5b27a4f98bc2d44d93527f2082a","rawObjectClass":"DEPCNT","sourceStableId":"1F2B6A4B9FC675DE"}}},{"type":"Feature","geometry":{"type":"LineString","coordinates":[[3.3046086,51.4374727],[3.3046433,51.4374911],[3.3046995,51.4374884],[3.3047872,51.4374928],[3.3048612,51.4375231],[3.3049315,51.4375618],[3.3050112,51.4375725],[3.3050755,51.4375816],[3.3051708,51.4375818],[3.3052195,51.4375909],[3.305308,51.4376118],[3.3053637,51.4376545],[3.3054539,51.4376677],[3.3055078,51.4376762],[3.3055401,51.4377012],[3.3056521,51.4377513],[3.3057613,51.4377222],[3.3057962,51.4377801],[3.3059373,51.4377001],[3.3059395,51.4377],[3.3059398,51.4377001],[3.3060847,51.4377897],[3.3062285,51.4378787],[3.3062317,51.4378792],[3.3063727,51.4379374],[3.3064256,51.4379686],[3.306517,51.4379969],[3.3065869,51.4380118],[3.306661,51.4380215],[3.3068008,51.4380575],[3.3068052,51.4380585],[3.3068074,51.4380589],[3.3069492,51.4380858],[3.3070181,51.4381],[3.3070933,51.4381159],[3.3072374,51.438146],[3.3072384,51.4381463],[3.3073815,51.4381839],[3.3074668,51.438199],[3.3075255,51.4382051],[3.3076696,51.4382346],[3.3078136,51.4382647],[3.3078916,51.4382832],[3.3079577,51.438298],[3.3080816,51.4383114],[3.3081017,51.4383151],[3.3081461,51.4383238],[3.3082458,51.4383502],[3.3083229,51.4383714],[3.30839,51.4383888],[3.3085281,51.438409],[3.308534,51.4384078],[3.308668,51.4383224],[3.3086772,51.4383182],[3.3086823,51.4383224],[3.3088214,51.4383624],[3.3089268,51.4384116],[3.3089657,51.4384296],[3.3090817,51.4384835],[3.30911,51.4384939],[3.3091299,51.438501],[3.3092542,51.4385357],[3.3093809,51.4385004],[3.3093749,51.4384861],[3.3093975,51.4384574],[3.3094844,51.4384644],[3.3095417,51.4384975],[3.3095635,51.4384999],[3.3096857,51.4385235],[3.309782,51.4385593],[3.3098299,51.4385676],[3.3098731,51.438589],[3.3099741,51.4386167],[3.3100862,51.4386783],[3.3101185,51.4386935],[3.310159,51.4387034],[3.3102627,51.4387415],[3.310376,51.4387484],[3.3104066,51.4387484],[3.3104434,51.4387443],[3.3105504,51.438732],[3.3106509,51.4387667],[3.3106946,51.4387833],[3.3107507,51.4388015],[3.3107608,51.4387665],[3.310774,51.4387263],[3.3108383,51.4387515],[3.3108601,51.4387662],[3.3108958,51.4388018],[3.3109066,51.438856],[3.3109831,51.4388925],[3.3110602,51.4388556],[3.3111265,51.4388194],[3.3112053,51.4388059],[3.3112702,51.4387952],[3.3113802,51.4388547],[3.3114148,51.4389007],[3.3114392,51.4389445],[3.3115097,51.4390032],[3.3115088,51.4390342],[3.3115596,51.4390475],[3.3116575,51.4391238],[3.3117045,51.4391863],[3.3117245,51.4392135],[3.3117428,51.4392372],[3.3118072,51.4393032],[3.3118494,51.4393461],[3.3119171,51.4393029],[3.3119927,51.4392628],[3.3121361,51.4391882],[3.3121683,51.4392123],[3.3121911,51.4392464],[3.3121909,51.4393022],[3.3121905,51.4393355],[3.3122266,51.439392],[3.3122815,51.4394161],[3.3124129,51.4393915],[3.3124252,51.4393859],[3.312442,51.4393809],[3.3125689,51.4393575],[3.3126081,51.439391],[3.3127132,51.4394308],[3.3128251,51.4394103],[3.3128569,51.4394027],[3.3128966,51.4393902],[3.3128941,51.4393239],[3.3130006,51.4393718],[3.3130683,51.4393473],[3.3130566,51.4393898],[3.313145,51.4394544],[3.3131933,51.4394793],[3.3132893,51.4395131],[3.3133699,51.4394789],[3.3134328,51.4394547],[3.3135517,51.4394627],[3.3135768,51.4394696],[3.3136086,51.4394782],[3.3137211,51.4395317],[3.3138506,51.4395675],[3.3138652,51.439572],[3.3138737,51.4395727],[3.3140092,51.4395914],[3.3141163,51.4396567],[3.3141538,51.4396916],[3.3142723,51.4397302],[3.314298,51.4397397],[3.3143227,51.4397461],[3.3144421,51.4397766],[3.3144853,51.4397456],[3.3145854,51.4396952],[3.3146871,51.4396815],[3.3147293,51.4396901],[3.3147881,51.4397448],[3.314874,51.4398049],[3.3149489,51.4397874],[3.3150177,51.4397867],[3.3150719,51.439834],[3.3151623,51.4398902],[3.3152561,51.4399234],[3.3153065,51.4399417],[3.3154412,51.4399286],[3.3154503,51.4399271],[3.315464,51.4399314],[3.3155942,51.4399341],[3.3156125,51.4399339],[3.3157383,51.4399591],[3.3157972,51.4399588],[3.3158823,51.4399795],[3.3160166,51.4400052],[3.3160264,51.4400065],[3.316035,51.4400058],[3.3160984,51.440011],[3.3161703,51.4400156],[3.3161924,51.4400246],[3.3163146,51.4400713],[3.3164276,51.4400807],[3.3164585,51.4400831],[3.3165017,51.4400728],[3.3166023,51.4400627],[3.3166861,51.4400619],[3.3167462,51.4400767],[3.3168066,51.4400991],[3.3168904,51.4401211],[3.3169614,51.4401429],[3.3170345,51.4401484],[3.3171619,51.4401082],[3.3171781,51.4401061],[3.3172104,51.4401181],[3.3173223,51.4401527],[3.3174097,51.4401521],[3.3174662,51.440164],[3.3175737,51.4401869],[3.3176103,51.440195],[3.3176488,51.4402107],[3.3177545,51.4402327],[3.3178087,51.4402423],[3.3178983,51.4402229],[3.3180152,51.4402586],[3.3180424,51.4402655],[3.3180563,51.4402669],[3.3181862,51.4402471],[3.3183062,51.4402748],[3.3183303,51.4402822],[3.3183548,51.4402899],[3.3184745,51.4403198],[3.3185183,51.4403369],[3.3186183,51.4403123],[3.3187265,51.4402959],[3.3187621,51.4403057],[3.3188135,51.4403056],[3.318906,51.4403061],[3.3189781,51.440318],[3.31905,51.440318],[3.3191104,51.4403248],[3.3191937,51.4403037],[3.3192775,51.4403245],[3.3193378,51.4403337],[3.3194711,51.4403549],[3.3194818,51.4403537],[3.3194925,51.4403549],[3.3196256,51.4403331],[3.3196619,51.4403384],[3.3197694,51.4403271],[3.3198619,51.4403605],[3.3199136,51.4403776],[3.3200398,51.4403711],[3.3200575,51.440372],[3.3200881,51.440379],[3.3202015,51.4403953],[3.3202649,51.440399],[3.3203454,51.4403987],[3.320402,51.4403944],[3.3204893,51.4404035],[3.3205548,51.4404077],[3.3206332,51.4403981],[3.3207506,51.4404313],[3.3207773,51.4404287],[3.3208125,51.4404258],[3.3209211,51.4404159],[3.3210498,51.4404376],[3.3210651,51.440441],[3.3210762,51.4404402],[3.321209,51.4404402],[3.3213434,51.4404404],[3.3213529,51.4404411],[3.3214149,51.4404462],[3.3214968,51.4404506],[3.3215392,51.4404458],[3.3216406,51.4404353],[3.3217088,51.4404454],[3.3217846,51.4404565],[3.3219115,51.4404554],[3.3219285,51.4404545],[3.3219483,51.4404571],[3.3220724,51.4404638],[3.3221012,51.4404623],[3.3222164,51.4404751],[3.3222694,51.440477],[3.3223603,51.4404766],[3.3224836,51.440456],[3.322504,51.4404587],[3.3225265,51.4404572],[3.322648,51.4404742],[3.3227081,51.4404802],[3.322792,51.4404938],[3.3228575,51.4404912],[3.3229358,51.4404846],[3.3230201,51.4404944],[3.3230798,51.4404908],[3.3231769,51.4404705],[3.3232235,51.44047],[3.3232701,51.4404702],[3.3233675,51.4404818],[3.3234398,51.4404858],[3.3235114,51.4404852],[3.3235923,51.4404907],[3.3236554,51.4405076],[3.3237005,51.4405016],[3.3237992,51.4405017],[3.3238405,51.4405036],[3.3239431,51.4404984],[3.3239922,51.4404983],[3.3240869,51.440494],[3.3241821,51.440498],[3.3242309,51.440502],[3.3242833,51.4404954],[3.3243747,51.4404998],[3.3244846,51.4405064],[3.3245187,51.4405061],[3.3246397,51.4405129],[3.3246626,51.4405165],[3.3248014,51.4405236],[3.3248066,51.4405238],[3.3249454,51.4405232],[3.3249504,51.4405238],[3.3249551,51.4405234],[3.3250943,51.440517],[3.3251096,51.4405163],[3.3252381,51.4405156],[3.3252795,51.4405254],[3.3253823,51.4405497],[3.3254836,51.4405249],[3.3255259,51.440516],[3.3256654,51.4405216],[3.3256698,51.4405218],[3.3256742,51.4405216],[3.3258137,51.4405217],[3.3258315,51.4405239],[3.3259578,51.4405521],[3.3260498,51.4405233],[3.3261014,51.4405142],[3.3262075,51.4405229],[3.3262454,51.4405303],[3.3262558,51.4405293],[3.3263893,51.4405394],[3.3265227,51.4405285],[3.3265331,51.4405277],[3.3265688,51.4405219],[3.3266769,51.4405125],[3.3268077,51.440513],[3.3268208,51.440513],[3.3268347,51.4405124],[3.3269646,51.4405057],[3.3269951,51.4405016],[3.3271085,51.4405083],[3.3272332,51.440508],[3.3272524,51.4405081],[3.3272698,51.4405091],[3.3273962,51.4404972],[3.3275232,51.4405086],[3.3275401,51.4405075],[3.3275659,51.4405029],[3.327684,51.4405027],[3.3278026,51.4405026],[3.3278279,51.440507],[3.3278479,51.4405058],[3.3279717,51.4404977],[3.3280839,51.4404978],[3.3281156,51.4404993],[3.3282208,51.4404931],[3.3282595,51.4404963],[3.3283774,51.4405006],[3.3284034,51.4405005],[3.3284311,51.4404993],[3.3285472,51.4404942],[3.3285828,51.440494],[3.328691,51.4404818],[3.3287857,51.4404849],[3.3288349,51.4404848],[3.3288877,51.4404824],[3.3289788,51.440486],[3.3290844,51.4404487],[3.3291224,51.4404456],[3.3291555,51.4404454],[3.3292664,51.4404653],[3.3293212,51.4404585],[3.3294103,51.4404721],[3.3294819,51.440469],[3.3295542,51.4404719],[3.32962,51.4404722],[3.329698,51.4404655],[3.3297798,51.4404617],[3.3298419,51.4404617],[3.3299635,51.4404362],[3.3299856,51.440435],[3.330004,51.4404338],[3.3301296,51.4404529],[3.3301821,51.4404546],[3.3302735,51.4404548],[3.3303624,51.4404213],[3.3304169,51.4404006],[3.3305012,51.4404209],[3.3305611,51.4404346],[3.3306816,51.440435],[3.3307049,51.4404332],[3.3308438,51.440423],[3.3308487,51.4404233],[3.3309867,51.4404232],[3.3309926,51.4404228],[3.3310337,51.4404194],[3.3311364,51.4404067],[3.3311637,51.440402],[3.3312801,51.4403821],[3.331344,51.4403786],[3.3314238,51.440364],[3.3315238,51.4403905],[3.3315679,51.440386],[3.3316597,51.4403852],[3.3317118,51.4403892],[3.3318273,51.4403994],[3.3318557,51.4404016],[3.3318963,51.4403916],[3.3319993,51.440353],[3.332045,51.4403552],[3.3321432,51.4403607],[3.3322364,51.4403843],[3.3322872,51.4403786],[3.332372,51.4403787],[3.3324311,51.4403786],[3.3325012,51.4403714],[3.3325748,51.4403581],[3.3326815,51.440348],[3.3327185,51.4403364],[3.3327432,51.4403401],[3.3328625,51.4403468],[3.3329083,51.4403528],[3.3330064,51.4403532],[3.3331372,51.4403317],[3.3331501,51.4403315],[3.3332636,51.4403422],[3.333294,51.4403326],[3.3333245,51.440342],[3.3333333,51.4403398]]},"properties":{"rawObjectClass":"DEPCNT","VALDCO":5,"depthDatum":"Approximate LAT","depthDatumCode":42,"depthDatumStatus":"VERIFIED_FROM_OFFICIAL_DOCUMENTATION","verticalDatum":"Local Datum","verticalDatumCode":24,"napIdentityStatus":"UNVERIFIED","sourceKind":"official","sourceCellId":"1R75883I","sourceStableId":"1F2B6A4B9FC675DF","sourceChecksum":"7c265c9fd48cb0677b21c9e60c88de7230e0e5b27a4f98bc2d44d93527f2082a","pipelineFeatureId":"1R75883I/DEPCNT/1281233628","provenance":{"cellId":"1R75883I","checksum":"7c265c9fd48cb0677b21c9e60c88de7230e0e5b27a4f98bc2d44d93527f2082a","readerVersion":"GDAL 3.2.2","processedAt":"2026-08-11T13:43:44.753Z"},"sourceProperties":{"RCID":1281233628,"PRIM":2,"GRUP":2,"OBJL":43,"RVER":1,"AGEN":7979,"FIDN":1783340998,"FIDS":30175,"LNAM":"1F2B6A4B9FC675DF","VALDCO":5,"SCAMIN":300000,"sourceCellId":"1R75883I","sourceChecksum":"7c265c9fd48cb0677b21c9e60c88de7230e0e5b27a4f98bc2d44d93527f2082a","rawObjectClass":"DEPCNT","sourceStableId":"1F2B6A4B9FC675DF"}}},{"type":"Feature","geometry":{"type":"LineString","coordinates":[[3.3306375,51.4359246],[3.3306717,51.4358343],[3.3308045,51.4357443],[3.3308149,51.4357327],[3.3308486,51.4357442],[3.3308358,51.4357572],[3.3309006,51.4358339],[3.330888,51.4358791],[3.3309006,51.4359239],[3.3308851,51.435971],[3.3308737,51.4360139],[3.3308174,51.4360878],[3.3307986,51.436104],[3.3306792,51.4361912],[3.3306751,51.4361943],[3.3306743,51.4361949],[3.3306741,51.4361943],[3.3306741,51.4361941],[3.3306395,51.4361044],[3.3306393,51.4360831],[3.3306296,51.4360146],[3.3306328,51.4359495],[3.3306375,51.4359246]]},"properties":{"rawObjectClass":"DEPCNT","VALDCO":5,"depthDatum":"Approximate LAT","depthDatumCode":42,"depthDatumStatus":"VERIFIED_FROM_OFFICIAL_DOCUMENTATION","verticalDatum":"Local Datum","verticalDatumCode":24,"napIdentityStatus":"UNVERIFIED","sourceKind":"official","sourceCellId":"1R75883I","sourceStableId":"1F2B6A4B9FC675E0","sourceChecksum":"7c265c9fd48cb0677b21c9e60c88de7230e0e5b27a4f98bc2d44d93527f2082a","pipelineFeatureId":"1R75883I/DEPCNT/1281233629","provenance":{"cellId":"1R75883I","checksum":"7c265c9fd48cb0677b21c9e60c88de7230e0e5b27a4f98bc2d44d93527f2082a","readerVersion":"GDAL 3.2.2","processedAt":"2026-08-11T13:43:44.753Z"},"sourceProperties":{"RCID":1281233629,"PRIM":2,"GRUP":2,"OBJL":43,"RVER":1,"AGEN":7979,"FIDN":1783340998,"FIDS":30176,"LNAM":"1F2B6A4B9FC675E0","VALDCO":5,"SCAMIN":300000,"sourceCellId":"1R75883I","sourceChecksum":"7c265c9fd48cb0677b21c9e60c88de7230e0e5b27a4f98bc2d44d93527f2082a","rawObjectClass":"DEPCNT","sourceStableId":"1F2B6A4B9FC675E0"}}},{"type":"Feature","geometry":{"type":"LineString","coordinates":[[3.3061301,51.4661977],[3.3061826,51.4662036],[3.3062742,51.4662216],[3.3063875,51.4662222],[3.3064181,51.4662208],[3.3064445,51.4662194],[3.3065621,51.4662278],[3.3066052,51.4662293],[3.3067061,51.4662328],[3.3068231,51.4662187],[3.30685,51.4662165],[3.3069722,51.4662015],[3.3069728,51.4661884],[3.3069006,51.4661118],[3.3068492,51.466093],[3.306816,51.4660913],[3.3067051,51.4660729],[3.3065876,51.4660394],[3.3065609,51.466035],[3.3065183,51.4660229],[3.3064166,51.4659967],[3.3063436,51.4659778],[3.3062724,51.4659545],[3.3061698,51.4659339],[3.3061282,51.4659212],[3.306103,51.4659183],[3.3059841,51.4658935],[3.3058974,51.4658805],[3.30584,51.465872],[3.3057291,51.4658658],[3.3056959,51.4658603],[3.3056048,51.4658454],[3.3055518,51.4658325],[3.3055252,51.4658291],[3.3054076,51.4658048],[3.3053295,51.465805],[3.3052637,51.4658055],[3.3051765,51.4657922],[3.3051196,51.4657888],[3.3050467,51.4658026],[3.3049758,51.4658126],[3.3048618,51.4657574],[3.3048313,51.4657355],[3.3046998,51.4656679],[3.3046869,51.4656635],[3.3046552,51.4656483],[3.3046762,51.465668],[3.3046741,51.465676],[3.3046758,51.4657579],[3.3046876,51.4657639],[3.3048228,51.4658475],[3.3048321,51.4658513],[3.3048466,51.4658564],[3.3049763,51.4658919],[3.3050491,51.4659368],[3.3051208,51.4659675],[3.3052037,51.4659881],[3.3052649,51.4659937],[3.3053854,51.4660258],[3.3054092,51.4660314],[3.3054268,51.4660367],[3.3055534,51.4660793],[3.3056797,51.466115],[3.3056977,51.4661207],[3.3057124,51.466124],[3.3058419,51.4661596],[3.3059497,51.4661815],[3.3059861,51.4661902],[3.3061096,51.466191],[3.3061301,51.4661977]]},"properties":{"rawObjectClass":"DEPCNT","VALDCO":5,"depthDatum":"Approximate LAT","depthDatumCode":42,"depthDatumStatus":"VERIFIED_FROM_OFFICIAL_DOCUMENTATION","verticalDatum":"Local Datum","verticalDatumCode":24,"napIdentityStatus":"UNVERIFIED","sourceKind":"official","sourceCellId":"1R75883I","sourceStableId":"1F2B6A4B9FC675E1","sourceChecksum":"7c265c9fd48cb0677b21c9e60c88de7230e0e5b27a4f98bc2d44d93527f2082a","pipelineFeatureId":"1R75883I/DEPCNT/1281233630","provenance":{"cellId":"1R75883I","checksum":"7c265c9fd48cb0677b21c9e60c88de7230e0e5b27a4f98bc2d44d93527f2082a","readerVersion":"GDAL 3.2.2","processedAt":"2026-08-11T13:43:44.753Z"},"sourceProperties":{"RCID":1281233630,"PRIM":2,"GRUP":2,"OBJL":43,"RVER":1,"AGEN":7979,"FIDN":1783340998,"FIDS":30177,"LNAM":"1F2B6A4B9FC675E1","VALDCO":5,"SCAMIN":300000,"sourceCellId":"1R75883I","sourceChecksum":"7c265c9fd48cb0677b21c9e60c88de7230e0e5b27a4f98bc2d44d93527f2082a","rawObjectClass":"DEPCNT","sourceStableId":"1F2B6A4B9FC675E1"}}},{"type":"Feature","geometry":{"type":"LineString","coordinates":[[3.3021391,51.4722414],[3.3021282,51.4722386],[3.3019946,51.4721547],[3.3019786,51.4721491],[3.30185,51.4720711],[3.3018314,51.4720595],[3.3018499,51.4720563],[3.3018648,51.4720594],[3.3019945,51.4721411],[3.3020071,51.472149],[3.302139,51.4722292],[3.3021518,51.4722385],[3.3022103,51.4722827],[3.3021391,51.4722414]]},"properties":{"rawObjectClass":"DEPCNT","VALDCO":5,"depthDatum":"Approximate LAT","depthDatumCode":42,"depthDatumStatus":"VERIFIED_FROM_OFFICIAL_DOCUMENTATION","verticalDatum":"Local Datum","verticalDatumCode":24,"napIdentityStatus":"UNVERIFIED","sourceKind":"official","sourceCellId":"1R75883I","sourceStableId":"1F2B6A4B9FC675E2","sourceChecksum":"7c265c9fd48cb0677b21c9e60c88de7230e0e5b27a4f98bc2d44d93527f2082a","pipelineFeatureId":"1R75883I/DEPCNT/1281233631","provenance":{"cellId":"1R75883I","checksum":"7c265c9fd48cb0677b21c9e60c88de7230e0e5b27a4f98bc2d44d93527f2082a","readerVersion":"GDAL 3.2.2","processedAt":"2026-08-11T13:43:44.753Z"},"sourceProperties":{"RCID":1281233631,"PRIM":2,"GRUP":2,"OBJL":43,"RVER":1,"AGEN":7979,"FIDN":1783340998,"FIDS":30178,"LNAM":"1F2B6A4B9FC675E2","VALDCO":5,"SCAMIN":300000,"sourceCellId":"1R75883I","sourceChecksum":"7c265c9fd48cb0677b21c9e60c88de7230e0e5b27a4f98bc2d44d93527f2082a","rawObjectClass":"DEPCNT","sourceStableId":"1F2B6A4B9FC675E2"}}},{"type":"Feature","geometry":{"type":"LineString","coordinates":[[3.3084491,51.4685295],[3.3084599,51.4685355],[3.308506,51.46859],[3.3085933,51.4685645],[3.3086982,51.4686248],[3.3086985,51.4686899],[3.3087023,51.4687147],[3.3085948,51.4687841],[3.308554,51.468805],[3.3084515,51.4688779],[3.308345,51.4688055],[3.3083514,51.4687777],[3.3083577,51.4687156],[3.3083853,51.4686661],[3.3083574,51.4686257],[3.308423,51.468552],[3.3084368,51.4685355],[3.3084491,51.4685295]]},"properties":{"rawObjectClass":"DEPCNT","VALDCO":5,"depthDatum":"Approximate LAT","depthDatumCode":42,"depthDatumStatus":"VERIFIED_FROM_OFFICIAL_DOCUMENTATION","verticalDatum":"Local Datum","verticalDatumCode":24,"napIdentityStatus":"UNVERIFIED","sourceKind":"official","sourceCellId":"1R75883I","sourceStableId":"1F2B6A4B9FC675E3","sourceChecksum":"7c265c9fd48cb0677b21c9e60c88de7230e0e5b27a4f98bc2d44d93527f2082a","pipelineFeatureId":"1R75883I/DEPCNT/1281233632","provenance":{"cellId":"1R75883I","checksum":"7c265c9fd48cb0677b21c9e60c88de7230e0e5b27a4f98bc2d44d93527f2082a","readerVersion":"GDAL 3.2.2","processedAt":"2026-08-11T13:43:44.753Z"},"sourceProperties":{"RCID":1281233632,"PRIM":2,"GRUP":2,"OBJL":43,"RVER":1,"AGEN":7979,"FIDN":1783340998,"FIDS":30179,"LNAM":"1F2B6A4B9FC675E3","VALDCO":5,"SCAMIN":300000,"sourceCellId":"1R75883I","sourceChecksum":"7c265c9fd48cb0677b21c9e60c88de7230e0e5b27a4f98bc2d44d93527f2082a","rawObjectClass":"DEPCNT","sourceStableId":"1F2B6A4B9FC675E3"}}},{"type":"Feature","geometry":{"type":"LineString","coordinates":[[3.3094569,51.468532],[3.3094586,51.4685318],[3.3096008,51.4685188],[3.3096285,51.4685151],[3.3097446,51.4684923],[3.3098086,51.4685319],[3.3098891,51.4685789],[3.3099718,51.4685698],[3.3100331,51.4685699],[3.3101216,51.468621],[3.3101776,51.4686534],[3.3102845,51.4686437],[3.3103215,51.4686388],[3.3104646,51.4686205],[3.3104653,51.4686205],[3.3106099,51.4687102],[3.3106134,51.4687096],[3.3106098,51.4687063],[3.3104693,51.4686201],[3.3104653,51.4686156],[3.3104147,51.4685303],[3.3103878,51.4684826],[3.3103645,51.4684405],[3.3103196,51.4683617],[3.310311,51.4683508],[3.3101749,51.4682638],[3.3101721,51.4682612],[3.3101659,51.4682556],[3.3100631,51.4681716],[3.3100303,51.4681603],[3.3099634,51.4681302],[3.3098859,51.468106],[3.3097468,51.4680856],[3.3097418,51.4680841],[3.309737,51.4680825],[3.3097378,51.4679948],[3.3097385,51.4679926],[3.3097376,51.4679904],[3.3096282,51.467903],[3.3096962,51.4678403],[3.3096557,51.467813],[3.3095958,51.4677754],[3.3095129,51.4677234],[3.3094514,51.4677135],[3.3093361,51.4677059],[3.3093074,51.4677133],[3.3092702,51.4677241],[3.3093076,51.4677419],[3.3094018,51.4678137],[3.3093084,51.4678569],[3.309229,51.4678141],[3.3091638,51.4677661],[3.3090824,51.4677755],[3.30902,51.4677829],[3.3089053,51.4677967],[3.3088761,51.4677987],[3.3088467,51.4677968],[3.3087321,51.4677894],[3.3086861,51.4677869],[3.3085881,51.4677816],[3.3085266,51.4677776],[3.308444,51.4677683],[3.3083606,51.4677643],[3.3083,51.4677613],[3.3082021,51.4677557],[3.308156,51.4677532],[3.3080442,51.4677474],[3.308012,51.4677475],[3.3078863,51.4677392],[3.307868,51.4677406],[3.3077269,51.46773],[3.3077239,51.46773],[3.3077205,51.4677303],[3.3077015,51.4677282],[3.3075799,51.4677169],[3.3075571,51.4677144],[3.3074358,51.4677018],[3.3073934,51.4677025],[3.3072918,51.4676931],[3.3071711,51.4677152],[3.307148,51.4677173],[3.3070368,51.46773],[3.3070042,51.4677509],[3.3068777,51.4678203],[3.3068761,51.4678298],[3.3068608,51.4678237],[3.3067938,51.4679104],[3.3068332,51.4679823],[3.3068394,51.4680002],[3.306834,51.4680178],[3.3068625,51.4680814],[3.3068656,51.4680901],[3.3068666,51.4680926],[3.306906,51.4681799],[3.3069194,51.4682148],[3.3069194,51.4682698],[3.3069154,51.4683277],[3.3069149,51.4683597],[3.3069404,51.4684069],[3.3069429,51.4684495],[3.3069195,51.4684835],[3.3069552,51.4685394],[3.3069761,51.4686081],[3.3069831,51.4686293],[3.3070104,51.4686727],[3.3070348,51.4687191],[3.3070468,51.4687415],[3.3070685,51.4688089],[3.3070829,51.4688534],[3.3070829,51.4688988],[3.3071062,51.4689573],[3.3071314,51.4689886],[3.3071566,51.468998],[3.3072571,51.4690782],[3.3073013,51.4691057],[3.3073878,51.4691677],[3.3074459,51.4692037],[3.3075375,51.4692573],[3.3075905,51.4692899],[3.3076901,51.4693468],[3.307735,51.4693768],[3.3077829,51.4693465],[3.3078179,51.4692943],[3.3077343,51.4692744],[3.307711,51.4692568],[3.3075898,51.4691993],[3.307543,51.4691673],[3.3074453,51.4691138],[3.3073725,51.4690778],[3.3073008,51.4690382],[3.3071818,51.4689884],[3.3073002,51.4689475],[3.3073517,51.468988],[3.3074449,51.4690499],[3.3074861,51.4690776],[3.3075895,51.4691474],[3.307627,51.4691671],[3.3077341,51.469247],[3.3078616,51.4691665],[3.3078775,51.4691574],[3.307914,51.4691435],[3.3080057,51.4691661],[3.3080216,51.4691698],[3.3080307,51.4691717],[3.3081658,51.4692129],[3.308257,51.4692554],[3.3083102,51.4692744],[3.3083886,51.4693039],[3.3084541,51.469263],[3.3084678,51.4692462],[3.3085309,51.4691647],[3.3085972,51.4691385],[3.3087384,51.4690743],[3.3087407,51.4690732],[3.3088651,51.4690739],[3.3088838,51.4690744],[3.3088847,51.4690744],[3.3090288,51.4691634],[3.3090295,51.4691636],[3.3091733,51.4691686],[3.309182,51.469163],[3.3091908,51.469152],[3.3092517,51.4690729],[3.3093163,51.4690286],[3.3094491,51.4689893],[3.30946,51.4689892],[3.3094653,51.4689824],[3.3096034,51.4688967],[3.3096111,51.4688921],[3.3096174,51.4688833],[3.3096038,51.4688022],[3.3096769,51.4687586],[3.3096318,51.4687122],[3.3096019,51.468681],[3.3095444,51.4686225],[3.309457,51.4685369],[3.3094469,51.4685329],[3.30945,51.4685286],[3.3094569,51.468532]]},"properties":{"rawObjectClass":"DEPCNT","VALDCO":5,"depthDatum":"Approximate LAT","depthDatumCode":42,"depthDatumStatus":"VERIFIED_FROM_OFFICIAL_DOCUMENTATION","verticalDatum":"Local Datum","verticalDatumCode":24,"napIdentityStatus":"UNVERIFIED","sourceKind":"official","sourceCellId":"1R75883I","sourceStableId":"1F2B6A4B9FC675E4","sourceChecksum":"7c265c9fd48cb0677b21c9e60c88de7230e0e5b27a4f98bc2d44d93527f2082a","pipelineFeatureId":"1R75883I/DEPCNT/1281233633","provenance":{"cellId":"1R75883I","checksum":"7c265c9fd48cb0677b21c9e60c88de7230e0e5b27a4f98bc2d44d93527f2082a","readerVersion":"GDAL 3.2.2","processedAt":"2026-08-11T13:43:44.753Z"},"sourceProperties":{"RCID":1281233633,"PRIM":2,"GRUP":2,"OBJL":43,"RVER":1,"AGEN":7979,"FIDN":1783340998,"FIDS":30180,"LNAM":"1F2B6A4B9FC675E4","VALDCO":5,"SCAMIN":300000,"sourceCellId":"1R75883I","sourceChecksum":"7c265c9fd48cb0677b21c9e60c88de7230e0e5b27a4f98bc2d44d93527f2082a","rawObjectClass":"DEPCNT","sourceStableId":"1F2B6A4B9FC675E4"}}},{"type":"Feature","geometry":{"type":"LineString","coordinates":[[3.2983946,51.4740465],[3.2983485,51.47401],[3.2982846,51.4739569],[3.2982628,51.4739405],[3.298164,51.4738673],[3.2981181,51.4738331],[3.2980438,51.4737777],[3.2979734,51.4737252],[3.2979178,51.4736881],[3.2978287,51.4736213],[3.2977987,51.4735985],[3.297684,51.4735125],[3.2976574,51.4734924],[3.2975798,51.4734192],[3.2975392,51.4733814],[3.2974836,51.4733295],[3.2973943,51.4732454],[3.2973883,51.4732398],[3.2973818,51.473232],[3.2973942,51.4732288],[3.2974554,51.4731497],[3.2975375,51.4731196],[3.2976326,51.4730594],[3.2976809,51.4730234],[3.2977835,51.4729691],[3.2978241,51.472904],[3.2978904,51.4729275],[3.297968,51.4729039],[3.2979918,51.4728786],[3.2981114,51.472803],[3.2981874,51.4728355],[3.2981699,51.4727882],[3.2982279,51.472715],[3.298228,51.4726982],[3.2982544,51.4726626],[3.2982732,51.4726865],[3.2983983,51.4726538],[3.2985175,51.4726974],[3.2985025,51.4727226],[3.2985427,51.4727068],[3.2985686,51.4727135],[3.2986194,51.4726972],[3.2986643,51.4726832],[3.2986865,51.4726891],[3.2987182,51.4726969],[3.2988308,51.4727256],[3.2989063,51.4727435],[3.2989749,51.4727533],[3.2991011,51.4727747],[3.2991191,51.4727775],[3.2992455,51.4727746],[3.299263,51.4727768],[3.2992973,51.4727854],[3.2994073,51.4728136],[3.2994653,51.4728212],[3.2995512,51.4728032],[3.2996441,51.4727845],[3.2996787,51.4727742],[3.299695,51.4727801],[3.2997186,51.4727695],[3.2997485,51.4727842],[3.2998392,51.4728086],[3.2998554,51.4727839],[3.2998666,51.4727666],[3.2998985,51.4726939],[3.2999158,51.4726453],[3.2999409,51.4726039],[3.2999632,51.4725252],[3.2999665,51.4725139],[3.2999669,51.4724326],[3.2999669,51.472424],[3.2999805,51.4724034],[3.3000919,51.4723338],[3.300124,51.4723253],[3.3001467,51.4723194],[3.3002678,51.4723005],[3.3003914,51.4722431],[3.3004113,51.4722358],[3.3004311,51.4722306],[3.3005551,51.4721983],[3.3006154,51.4721903],[3.300699,51.472198],[3.300783,51.4722046],[3.3008431,51.4722042],[3.3009262,51.4722037],[3.3009871,51.4722091],[3.3011048,51.4721675],[3.301131,51.4721998],[3.3011571,51.4721512],[3.3012744,51.4721192],[3.3014066,51.4721431],[3.3014186,51.4721451],[3.3014392,51.4721505],[3.301563,51.4722074],[3.3016037,51.47224],[3.3016048,51.4722659],[3.3016237,51.4723298],[3.3016357,51.4723745],[3.3016556,51.4724197],[3.3016702,51.4724855],[3.3016704,51.4725095],[3.3016515,51.4725456],[3.3016797,51.4725994],[3.3016641,51.472628],[3.3016049,51.4726895],[3.3015663,51.4727136],[3.3014794,51.4727798],[3.301423,51.4728229],[3.3012995,51.4728702],[3.3012794,51.4728778],[3.3011954,51.4729604],[3.3011954,51.4729973],[3.3012053,51.4730502],[3.301137,51.4731154],[3.3010903,51.4731405],[3.3009935,51.4731833],[3.3009174,51.4731833],[3.3008495,51.4731788],[3.3007379,51.4731617],[3.3007054,51.4731615],[3.3006565,51.4731721],[3.3005615,51.473183],[3.3004504,51.4732116],[3.3004178,51.4732205],[3.300385,51.4732322],[3.3002743,51.4732984],[3.3002455,51.4733225],[3.3001676,51.4733897],[3.3001411,51.4734126],[3.3001313,51.4734381],[3.3001112,51.4735026],[3.3000973,51.4735242],[3.3000523,51.4735927],[3.2999966,51.4736779],[3.2999927,51.4736828],[3.2999889,51.4736901],[3.2999464,51.4737728],[3.2999388,51.4738046],[3.2999218,51.4738628],[3.2998906,51.4739253],[3.2998824,51.4739528],[3.2998469,51.4739908],[3.2998046,51.4740429],[3.299783,51.4740833],[3.2997655,51.4741329],[3.2997042,51.4741807],[3.2996361,51.4742232],[3.2995607,51.4742548],[3.299499,51.4742621],[3.2994167,51.4742616],[3.299277,51.474314],[3.2992731,51.4743151],[3.2992672,51.4743141],[3.2991731,51.4742867],[3.299129,51.4742937],[3.2990848,51.474287],[3.2989849,51.4742787],[3.2988801,51.4742497],[3.2988406,51.4742332],[3.2988211,51.4742253],[3.2986962,51.4741744],[3.2986042,51.4741359],[3.2985519,51.4741143],[3.2984509,51.4740734],[3.2984075,51.4740577],[3.2983946,51.4740465]]},"properties":{"rawObjectClass":"DEPCNT","VALDCO":5,"depthDatum":"Approximate LAT","depthDatumCode":42,"depthDatumStatus":"VERIFIED_FROM_OFFICIAL_DOCUMENTATION","verticalDatum":"Local Datum","verticalDatumCode":24,"napIdentityStatus":"UNVERIFIED","sourceKind":"official","sourceCellId":"1R75883I","sourceStableId":"1F2B6A4B9FC675E5","sourceChecksum":"7c265c9fd48cb0677b21c9e60c88de7230e0e5b27a4f98bc2d44d93527f2082a","pipelineFeatureId":"1R75883I/DEPCNT/1281233634","provenance":{"cellId":"1R75883I","checksum":"7c265c9fd48cb0677b21c9e60c88de7230e0e5b27a4f98bc2d44d93527f2082a","readerVersion":"GDAL 3.2.2","processedAt":"2026-08-11T13:43:44.753Z"},"sourceProperties":{"RCID":1281233634,"PRIM":2,"GRUP":2,"OBJL":43,"RVER":1,"AGEN":7979,"FIDN":1783340998,"FIDS":30181,"LNAM":"1F2B6A4B9FC675E5","VALDCO":5,"SCAMIN":300000,"sourceCellId":"1R75883I","sourceChecksum":"7c265c9fd48cb0677b21c9e60c88de7230e0e5b27a4f98bc2d44d93527f2082a","rawObjectClass":"DEPCNT","sourceStableId":"1F2B6A4B9FC675E5"}}},{"type":"Feature","geometry":{"type":"LineString","coordinates":[[3.2922289,51.475],[3.2922221,51.4749867],[3.2922082,51.4749613],[3.2922054,51.474951],[3.2921952,51.4748714],[3.2921892,51.4748514],[3.2922203,51.4747814],[3.2922208,51.4747807],[3.2923581,51.4746912],[3.2923578,51.4746872],[3.2923602,51.4746012],[3.2923636,51.4745991],[3.2923748,51.4745942],[3.2925073,51.4745474],[3.2926406,51.4745106],[3.2925065,51.4744295],[3.2925023,51.4744237],[3.2925043,51.474421],[3.2925022,51.4744184],[3.2925064,51.474417],[3.2925706,51.474331],[3.2925054,51.4742536],[3.2924697,51.4742413],[3.2925052,51.4742281],[3.2925919,51.4741511],[3.2926484,51.4740982],[3.2927712,51.4740607],[3.292792,51.4740476],[3.2928478,51.4740056],[3.2928199,51.4739707],[3.2927913,51.4739346],[3.2927479,51.4738809],[3.292698,51.4738232],[3.2926781,51.4737912],[3.2926943,51.4737611],[3.292646,51.4737272],[3.2926268,51.4737014],[3.2926457,51.4736771],[3.2926648,51.4736894],[3.2927896,51.4736624],[3.2928688,51.4736109],[3.2927888,51.4735361],[3.2927647,51.4735212],[3.2927886,51.4735052],[3.2929026,51.4734309],[3.292932,51.4734129],[3.2929789,51.4733408],[3.2929312,51.4732927],[3.2928905,51.4732511],[3.2929307,51.4732086],[3.293008,51.4731609],[3.2930057,51.4731137],[3.2930232,51.473071],[3.2930735,51.4730381],[3.293197,51.4729806],[3.2932169,51.4729453],[3.2932279,51.4728906],[3.2932468,51.4728716],[3.2932164,51.4728641],[3.2931628,51.4728342],[3.2931851,51.4728008],[3.2931793,51.472778],[3.2932023,51.4727109],[3.2932154,51.4727028],[3.2932366,51.4727108],[3.2933597,51.4727573],[3.2934834,51.4727873],[3.2935039,51.4727866],[3.293563,51.4727999],[3.293648,51.4728089],[3.2936934,51.4728278],[3.2937921,51.4728254],[3.2938191,51.4727992],[3.2939354,51.4727246],[3.2939607,51.4727247],[3.2940794,51.4727275],[3.2941214,51.4727348],[3.2942237,51.4727812],[3.2943682,51.4728482],[3.294466,51.4728875],[3.2945125,51.4729086],[3.2946302,51.4729604],[3.2946567,51.4729427],[3.2947419,51.47294],[3.2948009,51.4729688],[3.2948164,51.4729766],[3.2948622,51.4730145],[3.2949183,51.4730662],[3.2949455,51.473075],[3.2949746,51.4730842],[3.2950898,51.4731132],[3.2951513,51.4731041],[3.2952339,51.4731295],[3.2952785,51.4731552],[3.2953783,51.4732083],[3.2954295,51.4732448],[3.295523,51.4733171],[3.295565,51.4733343],[3.2956362,51.4734045],[3.2956361,51.4734241],[3.2956681,51.4734794],[3.2956822,51.4735139],[3.2956685,51.4735453],[3.2956427,51.4735876],[3.2956581,51.4736039],[3.2956689,51.473615],[3.2957448,51.4736936],[3.2958138,51.4737547],[3.2959228,51.473783],[3.2958963,51.4738343],[3.2959093,51.473873],[3.2958956,51.4739125],[3.2959246,51.4739629],[3.2959262,51.4739835],[3.2958809,51.4740529],[3.295896,51.4741028],[3.2958944,51.4741428],[3.2959073,51.474176],[3.2958915,51.4742327],[3.2958256,51.4743177],[3.2958261,51.4743228],[3.2958246,51.4744086],[3.2958213,51.4744127],[3.2958181,51.4744167],[3.295809,51.4744184],[3.2956745,51.4744682],[3.2955859,51.4745032],[3.2955308,51.4745187],[3.2954875,51.4745306],[3.2954499,51.4745036],[3.2953866,51.4744917],[3.295343,51.4745038],[3.2952429,51.4745319],[3.295142,51.4745313],[3.2950989,51.4745314],[3.2950375,51.474543],[3.2949548,51.4745103],[3.2949483,51.4745089],[3.294811,51.4745369],[3.2946674,51.4745969],[3.2945608,51.4746856],[3.2946685,51.4747728],[3.2946742,51.4747717],[3.2946709,51.4747753],[3.2946686,51.4747884],[3.2945996,51.4748654],[3.2945253,51.4748882],[3.2945129,51.4748656],[3.2943807,51.4747907],[3.2943423,51.4747761],[3.2942362,51.4747235],[3.2941524,51.4746867],[3.2940915,51.4746005],[3.2940854,51.4746007],[3.2939476,51.4746221],[3.2938054,51.4745988],[3.2938035,51.4745985],[3.2936594,51.4745793],[3.2936308,51.4745802],[3.2935153,51.4745649],[3.2934767,51.4745984],[3.2934693,51.4746274],[3.2934881,51.4746883],[3.2934475,51.4747315],[3.2934257,51.4747784],[3.2933729,51.4748104],[3.293317,51.4748686],[3.2933036,51.4749123],[3.2933024,51.4749586],[3.2932301,51.4749948],[3.2932102,51.475]]},"properties":{"rawObjectClass":"DEPCNT","VALDCO":5,"depthDatum":"Approximate LAT","depthDatumCode":42,"depthDatumStatus":"VERIFIED_FROM_OFFICIAL_DOCUMENTATION","verticalDatum":"Local Datum","verticalDatumCode":24,"napIdentityStatus":"UNVERIFIED","sourceKind":"official","sourceCellId":"1R75883I","sourceStableId":"1F2B6A4B9FC675E6","sourceChecksum":"7c265c9fd48cb0677b21c9e60c88de7230e0e5b27a4f98bc2d44d93527f2082a","pipelineFeatureId":"1R75883I/DEPCNT/1281233635","provenance":{"cellId":"1R75883I","checksum":"7c265c9fd48cb0677b21c9e60c88de7230e0e5b27a4f98bc2d44d93527f2082a","readerVersion":"GDAL 3.2.2","processedAt":"2026-08-11T13:43:44.753Z"},"sourceProperties":{"RCID":1281233635,"PRIM":2,"GRUP":2,"OBJL":43,"RVER":1,"AGEN":7979,"FIDN":1783340998,"FIDS":30182,"LNAM":"1F2B6A4B9FC675E6","VALDCO":5,"SCAMIN":300000,"sourceCellId":"1R75883I","sourceChecksum":"7c265c9fd48cb0677b21c9e60c88de7230e0e5b27a4f98bc2d44d93527f2082a","rawObjectClass":"DEPCNT","sourceStableId":"1F2B6A4B9FC675E6"}}},{"type":"Feature","geometry":{"type":"LineString","coordinates":[[3.314027,51.4722073],[3.3139706,51.4721338],[3.3139574,51.4721176],[3.3139444,51.472097],[3.3138154,51.4720281],[3.3137999,51.4720184],[3.3137144,51.4719752],[3.3136554,51.4719484],[3.3136342,51.4719386],[3.3135109,51.4718791],[3.3134452,51.4718492],[3.3133665,51.4718137],[3.3132923,51.4718496],[3.3133218,51.4719111],[3.3133346,51.4719394],[3.3133373,51.4720103],[3.3133502,51.4720293],[3.3133461,51.4720431],[3.3133684,51.4720924],[3.3133784,51.4721192],[3.3133813,51.4721271],[3.3134149,51.472209],[3.3134581,51.4722642],[3.3134772,51.4722987],[3.3135143,51.4723641],[3.3135216,51.4723885],[3.313556,51.4724143],[3.3135145,51.472402],[3.3133962,51.4724788],[3.3135152,51.4725037],[3.3136383,51.4724912],[3.3136591,51.4724911],[3.3136949,51.472478],[3.3138028,51.4724442],[3.3138845,51.4724264],[3.3139465,51.4724128],[3.3140059,51.4723872],[3.31409,51.4723353],[3.3141211,51.4723165],[3.3140896,51.4722797],[3.314027,51.4722073]]},"properties":{"rawObjectClass":"DEPCNT","VALDCO":5,"depthDatum":"Approximate LAT","depthDatumCode":42,"depthDatumStatus":"VERIFIED_FROM_OFFICIAL_DOCUMENTATION","verticalDatum":"Local Datum","verticalDatumCode":24,"napIdentityStatus":"UNVERIFIED","sourceKind":"official","sourceCellId":"1R75883I","sourceStableId":"1F2B6A4B9FC675E7","sourceChecksum":"7c265c9fd48cb0677b21c9e60c88de7230e0e5b27a4f98bc2d44d93527f2082a","pipelineFeatureId":"1R75883I/DEPCNT/1281233636","provenance":{"cellId":"1R75883I","checksum":"7c265c9fd48cb0677b21c9e60c88de7230e0e5b27a4f98bc2d44d93527f2082a","readerVersion":"GDAL 3.2.2","processedAt":"2026-08-11T13:43:44.753Z"},"sourceProperties":{"RCID":1281233636,"PRIM":2,"GRUP":2,"OBJL":43,"RVER":1,"AGEN":7979,"FIDN":1783340998,"FIDS":30183,"LNAM":"1F2B6A4B9FC675E7","VALDCO":5,"SCAMIN":300000,"sourceCellId":"1R75883I","sourceChecksum":"7c265c9fd48cb0677b21c9e60c88de7230e0e5b27a4f98bc2d44d93527f2082a","rawObjectClass":"DEPCNT","sourceStableId":"1F2B6A4B9FC675E7"}}},{"type":"Feature","geometry":{"type":"LineString","coordinates":[[3.3008211,51.4674763],[3.3009563,51.4675315],[3.3010375,51.4675657],[3.3011008,51.4676187],[3.3011891,51.4676552],[3.3011923,51.4677119],[3.3012193,51.467745],[3.3012457,51.4677577],[3.3013486,51.4678346],[3.3013266,51.4678746],[3.3013265,51.4679246],[3.3012471,51.4679649],[3.3011113,51.4679304],[3.3011029,51.4679282],[3.3010906,51.4679252],[3.3009587,51.4678982],[3.3008948,51.4678858],[3.3008146,51.4678777],[3.3007078,51.4678363],[3.3006703,51.4678246],[3.3005443,51.4677468],[3.3005257,51.4677291],[3.3004313,51.4676571],[3.3003809,51.4676064],[3.300316,51.4675675],[3.3002362,51.4674895],[3.3002271,51.4674778],[3.300217,51.467466],[3.3002072,51.467388],[3.3000913,51.4673411],[3.3000227,51.4672985],[3.300058,51.4672289],[3.3000596,51.4672085],[3.3000563,51.4671873],[3.3000903,51.4672002],[3.3001115,51.4672084],[3.3001067,51.4672185],[3.3001316,51.4672982],[3.3002355,51.4673793],[3.3002629,51.4673878],[3.3002544,51.4674663],[3.3003796,51.4674119],[3.3004385,51.4674241],[3.3005236,51.4674064],[3.300618,51.4674458],[3.3006679,51.4674619],[3.3007938,51.4674651],[3.3008211,51.4674763]]},"properties":{"rawObjectClass":"DEPCNT","VALDCO":5,"depthDatum":"Approximate LAT","depthDatumCode":42,"depthDatumStatus":"VERIFIED_FROM_OFFICIAL_DOCUMENTATION","verticalDatum":"Local Datum","verticalDatumCode":24,"napIdentityStatus":"UNVERIFIED","sourceKind":"official","sourceCellId":"1R75883I","sourceStableId":"1F2B6A4B9FC675E8","sourceChecksum":"7c265c9fd48cb0677b21c9e60c88de7230e0e5b27a4f98bc2d44d93527f2082a","pipelineFeatureId":"1R75883I/DEPCNT/1281233640","provenance":{"cellId":"1R75883I","checksum":"7c265c9fd48cb0677b21c9e60c88de7230e0e5b27a4f98bc2d44d93527f2082a","readerVersion":"GDAL 3.2.2","processedAt":"2026-08-11T13:43:44.753Z"},"sourceProperties":{"RCID":1281233640,"PRIM":2,"GRUP":2,"OBJL":43,"RVER":1,"AGEN":7979,"FIDN":1783340998,"FIDS":30184,"LNAM":"1F2B6A4B9FC675E8","VALDCO":5,"SCAMIN":300000,"sourceCellId":"1R75883I","sourceChecksum":"7c265c9fd48cb0677b21c9e60c88de7230e0e5b27a4f98bc2d44d93527f2082a","rawObjectClass":"DEPCNT","sourceStableId":"1F2B6A4B9FC675E8"}}},{"type":"Feature","geometry":{"type":"LineString","coordinates":[[3.2979199,51.4655168],[3.2978633,51.4655057],[3.2979197,51.465488],[3.2979475,51.4654881],[3.2980635,51.4654646],[3.2981401,51.4654571],[3.2982074,51.4654442],[3.2983057,51.4655045],[3.2982082,51.4655657],[3.2981413,51.4655532],[3.2980641,51.4655455],[3.2979475,51.4655227],[3.2979199,51.4655168]]},"properties":{"rawObjectClass":"DEPCNT","VALDCO":5,"depthDatum":"Approximate LAT","depthDatumCode":42,"depthDatumStatus":"VERIFIED_FROM_OFFICIAL_DOCUMENTATION","verticalDatum":"Local Datum","verticalDatumCode":24,"napIdentityStatus":"UNVERIFIED","sourceKind":"official","sourceCellId":"1R75883I","sourceStableId":"1F2B6A4B9FC675E9","sourceChecksum":"7c265c9fd48cb0677b21c9e60c88de7230e0e5b27a4f98bc2d44d93527f2082a","pipelineFeatureId":"1R75883I/DEPCNT/1281233642","provenance":{"cellId":"1R75883I","checksum":"7c265c9fd48cb0677b21c9e60c88de7230e0e5b27a4f98bc2d44d93527f2082a","readerVersion":"GDAL 3.2.2","processedAt":"2026-08-11T13:43:44.753Z"},"sourceProperties":{"RCID":1281233642,"PRIM":2,"GRUP":2,"OBJL":43,"RVER":1,"AGEN":7979,"FIDN":1783340998,"FIDS":30185,"LNAM":"1F2B6A4B9FC675E9","VALDCO":5,"SCAMIN":300000,"sourceCellId":"1R75883I","sourceChecksum":"7c265c9fd48cb0677b21c9e60c88de7230e0e5b27a4f98bc2d44d93527f2082a","rawObjectClass":"DEPCNT","sourceStableId":"1F2B6A4B9FC675E9"}}},{"type":"Feature","geometry":{"type":"LineString","coordinates":[[3.3073037,51.4694377],[3.3073039,51.4694379],[3.3073453,51.4695275],[3.3073663,51.4695661],[3.3073947,51.4696173],[3.3074488,51.4696415],[3.3075009,51.4696495],[3.3075929,51.4696499],[3.3076198,51.4696167],[3.3076197,51.469544],[3.3076056,51.4695268],[3.30761,51.4695156],[3.3076316,51.4694368],[3.3075913,51.4694139],[3.3074913,51.4693473],[3.3074467,51.4693195],[3.3073393,51.4692578],[3.3073021,51.4692347],[3.3072124,51.4692022],[3.3072298,51.4692581],[3.3072958,51.4693434],[3.3072973,51.4693478],[3.3073037,51.4694376],[3.3073037,51.4694377]]},"properties":{"rawObjectClass":"DEPCNT","VALDCO":5,"depthDatum":"Approximate LAT","depthDatumCode":42,"depthDatumStatus":"VERIFIED_FROM_OFFICIAL_DOCUMENTATION","verticalDatum":"Local Datum","verticalDatumCode":24,"napIdentityStatus":"UNVERIFIED","sourceKind":"official","sourceCellId":"1R75883I","sourceStableId":"1F2B6A4B9FC675EA","sourceChecksum":"7c265c9fd48cb0677b21c9e60c88de7230e0e5b27a4f98bc2d44d93527f2082a","pipelineFeatureId":"1R75883I/DEPCNT/1281233644","provenance":{"cellId":"1R75883I","checksum":"7c265c9fd48cb0677b21c9e60c88de7230e0e5b27a4f98bc2d44d93527f2082a","readerVersion":"GDAL 3.2.2","processedAt":"2026-08-11T13:43:44.753Z"},"sourceProperties":{"RCID":1281233644,"PRIM":2,"GRUP":2,"OBJL":43,"RVER":1,"AGEN":7979,"FIDN":1783340998,"FIDS":30186,"LNAM":"1F2B6A4B9FC675EA","VALDCO":5,"SCAMIN":300000,"sourceCellId":"1R75883I","sourceChecksum":"7c265c9fd48cb0677b21c9e60c88de7230e0e5b27a4f98bc2d44d93527f2082a","rawObjectClass":"DEPCNT","sourceStableId":"1F2B6A4B9FC675EA"}}},{"type":"Feature","geometry":{"type":"LineString","coordinates":[[3.304217,51.4599384],[3.3043575,51.4599161],[3.3043608,51.4599164],[3.3043709,51.459914],[3.304375,51.4599051],[3.30438,51.4598241],[3.3043601,51.4598156],[3.3043464,51.4598242],[3.3042165,51.4598667],[3.3040869,51.459906],[3.3040728,51.4599058],[3.3040333,51.4599149],[3.3040643,51.4599202],[3.3040729,51.4599182],[3.3040777,51.4599178],[3.304217,51.4599384]]},"properties":{"rawObjectClass":"DEPCNT","VALDCO":5,"depthDatum":"Approximate LAT","depthDatumCode":42,"depthDatumStatus":"VERIFIED_FROM_OFFICIAL_DOCUMENTATION","verticalDatum":"Local Datum","verticalDatumCode":24,"napIdentityStatus":"UNVERIFIED","sourceKind":"official","sourceCellId":"1R75883I","sourceStableId":"1F2B6A4B9FC675EB","sourceChecksum":"7c265c9fd48cb0677b21c9e60c88de7230e0e5b27a4f98bc2d44d93527f2082a","pipelineFeatureId":"1R75883I/DEPCNT/1281233653","provenance":{"cellId":"1R75883I","checksum":"7c265c9fd48cb0677b21c9e60c88de7230e0e5b27a4f98bc2d44d93527f2082a","readerVersion":"GDAL 3.2.2","processedAt":"2026-08-11T13:43:44.753Z"},"sourceProperties":{"RCID":1281233653,"PRIM":2,"GRUP":2,"OBJL":43,"RVER":1,"AGEN":7979,"FIDN":1783340998,"FIDS":30187,"LNAM":"1F2B6A4B9FC675EB","VALDCO":5,"SCAMIN":300000,"sourceCellId":"1R75883I","sourceChecksum":"7c265c9fd48cb0677b21c9e60c88de7230e0e5b27a4f98bc2d44d93527f2082a","rawObjectClass":"DEPCNT","sourceStableId":"1F2B6A4B9FC675EB"}}},{"type":"Feature","geometry":{"type":"LineString","coordinates":[[3.293422,51.4590428],[3.2935602,51.4591288],[3.293571,51.4591255],[3.2937039,51.4590864],[3.2937765,51.4591318],[3.2937095,51.4592189],[3.293803,51.4592216],[3.2938488,51.4592385],[3.293851,51.4592215],[3.2939923,51.4591737],[3.2941366,51.4592217],[3.2941392,51.4592224],[3.2941711,51.4592207],[3.2941364,51.4591941],[3.2941292,51.4591309],[3.2939915,51.4590519],[3.2938608,51.4590417],[3.2938475,51.4590407],[3.2937074,51.4589521],[3.293703,51.4589493],[3.2936595,51.4589252],[3.2935585,51.4588696],[3.2934146,51.458872],[3.2932731,51.4589532],[3.2934157,51.4590343],[3.293429,51.4590344],[3.293422,51.4590428]]},"properties":{"rawObjectClass":"DEPCNT","VALDCO":5,"depthDatum":"Approximate LAT","depthDatumCode":42,"depthDatumStatus":"VERIFIED_FROM_OFFICIAL_DOCUMENTATION","verticalDatum":"Local Datum","verticalDatumCode":24,"napIdentityStatus":"UNVERIFIED","sourceKind":"official","sourceCellId":"1R75883I","sourceStableId":"1F2B6A4B9FC675EC","sourceChecksum":"7c265c9fd48cb0677b21c9e60c88de7230e0e5b27a4f98bc2d44d93527f2082a","pipelineFeatureId":"1R75883I/DEPCNT/1281233656","provenance":{"cellId":"1R75883I","checksum":"7c265c9fd48cb0677b21c9e60c88de7230e0e5b27a4f98bc2d44d93527f2082a","readerVersion":"GDAL 3.2.2","processedAt":"2026-08-11T13:43:44.753Z"},"sourceProperties":{"RCID":1281233656,"PRIM":2,"GRUP":2,"OBJL":43,"RVER":1,"AGEN":7979,"FIDN":1783340998,"FIDS":30188,"LNAM":"1F2B6A4B9FC675EC","VALDCO":5,"SCAMIN":300000,"sourceCellId":"1R75883I","sourceChecksum":"7c265c9fd48cb0677b21c9e60c88de7230e0e5b27a4f98bc2d44d93527f2082a","rawObjectClass":"DEPCNT","sourceStableId":"1F2B6A4B9FC675EC"}}},{"type":"Feature","geometry":{"type":"LineString","coordinates":[[3.2996572,51.4628766],[3.2997737,51.4628265],[3.2998818,51.462803],[3.2997734,51.4627794],[3.2996704,51.4627393],[3.2996292,51.46274],[3.2995146,51.4628039],[3.2996301,51.4628762],[3.2996572,51.4628766]]},"properties":{"rawObjectClass":"DEPCNT","VALDCO":5,"depthDatum":"Approximate LAT","depthDatumCode":42,"depthDatumStatus":"VERIFIED_FROM_OFFICIAL_DOCUMENTATION","verticalDatum":"Local Datum","verticalDatumCode":24,"napIdentityStatus":"UNVERIFIED","sourceKind":"official","sourceCellId":"1R75883I","sourceStableId":"1F2B6A4B9FC675ED","sourceChecksum":"7c265c9fd48cb0677b21c9e60c88de7230e0e5b27a4f98bc2d44d93527f2082a","pipelineFeatureId":"1R75883I/DEPCNT/1281233664","provenance":{"cellId":"1R75883I","checksum":"7c265c9fd48cb0677b21c9e60c88de7230e0e5b27a4f98bc2d44d93527f2082a","readerVersion":"GDAL 3.2.2","processedAt":"2026-08-11T13:43:44.753Z"},"sourceProperties":{"RCID":1281233664,"PRIM":2,"GRUP":2,"OBJL":43,"RVER":1,"AGEN":7979,"FIDN":1783340998,"FIDS":30189,"LNAM":"1F2B6A4B9FC675ED","VALDCO":5,"SCAMIN":300000,"sourceCellId":"1R75883I","sourceChecksum":"7c265c9fd48cb0677b21c9e60c88de7230e0e5b27a4f98bc2d44d93527f2082a","rawObjectClass":"DEPCNT","sourceStableId":"1F2B6A4B9FC675ED"}}},{"type":"Feature","geometry":{"type":"LineString","coordinates":[[3.298646,51.4634356],[3.2987706,51.4635159],[3.298898,51.4634349],[3.2987695,51.4633533],[3.298646,51.4634356]]},"properties":{"rawObjectClass":"DEPCNT","VALDCO":5,"depthDatum":"Approximate LAT","depthDatumCode":42,"depthDatumStatus":"VERIFIED_FROM_OFFICIAL_DOCUMENTATION","verticalDatum":"Local Datum","verticalDatumCode":24,"napIdentityStatus":"UNVERIFIED","sourceKind":"official","sourceCellId":"1R75883I","sourceStableId":"1F2B6A4B9FC675EE","sourceChecksum":"7c265c9fd48cb0677b21c9e60c88de7230e0e5b27a4f98bc2d44d93527f2082a","pipelineFeatureId":"1R75883I/DEPCNT/1281233665","provenance":{"cellId":"1R75883I","checksum":"7c265c9fd48cb0677b21c9e60c88de7230e0e5b27a4f98bc2d44d93527f2082a","readerVersion":"GDAL 3.2.2","processedAt":"2026-08-11T13:43:44.753Z"},"sourceProperties":{"RCID":1281233665,"PRIM":2,"GRUP":2,"OBJL":43,"RVER":1,"AGEN":7979,"FIDN":1783340998,"FIDS":30190,"LNAM":"1F2B6A4B9FC675EE","VALDCO":5,"SCAMIN":300000,"sourceCellId":"1R75883I","sourceChecksum":"7c265c9fd48cb0677b21c9e60c88de7230e0e5b27a4f98bc2d44d93527f2082a","rawObjectClass":"DEPCNT","sourceStableId":"1F2B6A4B9FC675EE"}}},{"type":"Feature","geometry":{"type":"LineString","coordinates":[[3.3158665,51.475],[3.3158502,51.4749899],[3.3157045,51.4749004],[3.3156914,51.4748923],[3.3156017,51.4748448],[3.3156627,51.4749005],[3.3155478,51.4749479],[3.3154726,51.4749909],[3.3154441,51.475]]},"properties":{"rawObjectClass":"DEPCNT","VALDCO":4.5,"depthDatum":"Approximate LAT","depthDatumCode":42,"depthDatumStatus":"VERIFIED_FROM_OFFICIAL_DOCUMENTATION","verticalDatum":"Local Datum","verticalDatumCode":24,"napIdentityStatus":"UNVERIFIED","sourceKind":"official","sourceCellId":"1R75883I","sourceStableId":"1F2B6A4B9FC675EF","sourceChecksum":"7c265c9fd48cb0677b21c9e60c88de7230e0e5b27a4f98bc2d44d93527f2082a","pipelineFeatureId":"1R75883I/DEPCNT/1281233667","provenance":{"cellId":"1R75883I","checksum":"7c265c9fd48cb0677b21c9e60c88de7230e0e5b27a4f98bc2d44d93527f2082a","readerVersion":"GDAL 3.2.2","processedAt":"2026-08-11T13:43:44.753Z"},"sourceProperties":{"RCID":1281233667,"PRIM":2,"GRUP":2,"OBJL":43,"RVER":1,"AGEN":7979,"FIDN":1783340998,"FIDS":30191,"LNAM":"1F2B6A4B9FC675EF","VALDCO":4.5,"SCAMIN":15000,"sourceCellId":"1R75883I","sourceChecksum":"7c265c9fd48cb0677b21c9e60c88de7230e0e5b27a4f98bc2d44d93527f2082a","rawObjectClass":"DEPCNT","sourceStableId":"1F2B6A4B9FC675EF"}}},{"type":"Feature","geometry":{"type":"LineString","coordinates":[[3.3255813,51.475],[3.3255253,51.4749898],[3.3254831,51.4749746],[3.3254543,51.4749637],[3.3253387,51.4749205],[3.3252103,51.4748744],[3.3251944,51.4748695],[3.3251786,51.4748646],[3.3250502,51.4748329],[3.3249635,51.4748751],[3.3249066,51.4748984],[3.324849,51.4748754],[3.3248479,51.4748218],[3.3248602,51.4747855],[3.3247615,51.4747422],[3.324692,51.4747859],[3.3247058,51.4748405],[3.3247199,51.4748758],[3.324706,51.4749112],[3.3246827,51.4749658],[3.3247245,51.475]]},"properties":{"rawObjectClass":"DEPCNT","VALDCO":4.5,"depthDatum":"Approximate LAT","depthDatumCode":42,"depthDatumStatus":"VERIFIED_FROM_OFFICIAL_DOCUMENTATION","verticalDatum":"Local Datum","verticalDatumCode":24,"napIdentityStatus":"UNVERIFIED","sourceKind":"official","sourceCellId":"1R75883I","sourceStableId":"1F2B6A4B9FC675F0","sourceChecksum":"7c265c9fd48cb0677b21c9e60c88de7230e0e5b27a4f98bc2d44d93527f2082a","pipelineFeatureId":"1R75883I/DEPCNT/1281233668","provenance":{"cellId":"1R75883I","checksum":"7c265c9fd48cb0677b21c9e60c88de7230e0e5b27a4f98bc2d44d93527f2082a","readerVersion":"GDAL 3.2.2","processedAt":"2026-08-11T13:43:44.753Z"},"sourceProperties":{"RCID":1281233668,"PRIM":2,"GRUP":2,"OBJL":43,"RVER":1,"AGEN":7979,"FIDN":1783340998,"FIDS":30192,"LNAM":"1F2B6A4B9FC675F0","VALDCO":4.5,"SCAMIN":15000,"sourceCellId":"1R75883I","sourceChecksum":"7c265c9fd48cb0677b21c9e60c88de7230e0e5b27a4f98bc2d44d93527f2082a","rawObjectClass":"DEPCNT","sourceStableId":"1F2B6A4B9FC675F0"}}},{"type":"Feature","geometry":{"type":"LineString","coordinates":[[3.3111761,51.475],[3.3111343,51.4749439],[3.3111278,51.4749126],[3.311185,51.4748491],[3.3110987,51.4748228],[3.3110953,51.4747407],[3.3112272,51.4747965],[3.3112909,51.4747824],[3.3113709,51.4747647],[3.3114627,51.4747645],[3.3115149,51.4747562],[3.3115322,51.4747317],[3.3115462,51.4747119],[3.3115145,51.474707],[3.3114611,51.474642],[3.3115137,51.4745882],[3.3116565,51.4745515],[3.3116574,51.4745513],[3.3116711,51.4745429],[3.3118009,51.4744667],[3.3118037,51.474463],[3.311803,51.4744612],[3.311805,51.4744586],[3.3118007,51.4744504],[3.3117743,51.4743876],[3.3117819,51.4743714],[3.3118001,51.4743509],[3.3118334,51.4743504],[3.3119438,51.4743188],[3.3120854,51.474282],[3.3120876,51.4742824],[3.312096,51.4742806],[3.3122314,51.4742588],[3.3122591,51.4742629],[3.3123753,51.4742415],[3.3125181,51.4741896],[3.3125183,51.4741892],[3.3124758,51.4740998],[3.3125179,51.4740389],[3.3125926,51.4740095],[3.3126614,51.4739811],[3.312695,51.4739884],[3.3128053,51.4739574],[3.3129109,51.4739188],[3.3129489,51.4738995],[3.3130013,51.4738857],[3.3130928,51.4738864],[3.3131875,51.4738281],[3.3132361,51.4737985],[3.3133074,51.4737824],[3.3133802,51.4738074],[3.3134751,51.4737679],[3.3134751,51.4738273],[3.3135244,51.4738409],[3.3136011,51.4738748],[3.313562,51.4738271],[3.3135611,51.4737605],[3.3136681,51.4737998],[3.3137295,51.4738267],[3.3138125,51.4738594],[3.3139401,51.473916],[3.313923,51.4739373],[3.3139569,51.473923],[3.3140032,51.4739447],[3.3141011,51.4739599],[3.3141735,51.4739606],[3.3141356,51.4739155],[3.3141006,51.473887],[3.3140346,51.4738259],[3.3139557,51.4737514],[3.3139395,51.4737362],[3.3139191,51.4737135],[3.3139553,51.4736876],[3.3139806,51.4736462],[3.3139963,51.4736202],[3.3139545,51.4735694],[3.3139492,51.4735563],[3.3139543,51.4735502],[3.3140974,51.473466],[3.3140978,51.4734659],[3.3142396,51.4733757],[3.3142411,51.4733745],[3.3143516,51.4732855],[3.3143843,51.4732597],[3.3144663,51.4732338],[3.314528,51.4732147],[3.3146387,51.4732156],[3.3146719,51.4732081],[3.3146827,51.4731947],[3.3146717,51.4731814],[3.3146093,51.473105],[3.3146668,51.4730172],[3.3146683,51.4730149],[3.3146706,51.4730121],[3.3146772,51.4730107],[3.3148143,51.472982],[3.3149227,51.4729243],[3.3149577,51.4728963],[3.315058,51.472834],[3.3149571,51.4728063],[3.3149049,51.4727445],[3.3148437,51.4726744],[3.3148535,51.4726547],[3.3149557,51.4726004],[3.3150233,51.4725643],[3.3150992,51.4725321],[3.3152401,51.4725617],[3.3152434,51.4725617],[3.3153635,51.4725486],[3.3153873,51.4725539],[3.3154453,51.4725632],[3.3155315,51.4725893],[3.315613,51.4725628],[3.3156752,51.4725497],[3.3157056,51.4725435],[3.3157627,51.4725624],[3.3158194,51.4725715],[3.3158491,51.4725621],[3.3158364,51.4725514],[3.3158819,51.4724721],[3.3158181,51.4723872],[3.3158125,51.4723824],[3.3156737,51.4723215],[3.3156444,51.4722929],[3.3156151,51.4722567],[3.3156413,51.472203],[3.3156345,51.4721792],[3.3155593,51.4721133],[3.3155281,51.4720897],[3.3154454,51.4720237],[3.3153833,51.4719741],[3.3153331,51.4719341],[3.3152385,51.471859],[3.315221,51.4718445],[3.3151538,51.471792],[3.3151132,51.4717548],[3.3150937,51.4717368],[3.3150166,51.4716652],[3.3149489,51.4716192],[3.314871,51.4715757],[3.3148043,51.4715304],[3.3146597,51.4714402],[3.3145954,51.4713966],[3.3145151,51.471342],[3.314479,51.471307],[3.314415,51.471245],[3.3144146,51.4712172],[3.3143699,51.4711715],[3.3143161,51.4711276],[3.3142943,51.4710808],[3.314259,51.4710378],[3.3142248,51.4710066],[3.3141575,51.470996],[3.3140806,51.4709717],[3.3140068,51.4709486],[3.3140058,51.4709021],[3.3139783,51.4708587],[3.3139356,51.4708144],[3.3138803,51.4707691],[3.3137908,51.4706985],[3.3137601,51.4706795],[3.3137419,51.4706492],[3.3137902,51.4706177],[3.3138364,51.4706182],[3.3139343,51.4706275],[3.3139994,51.4706295],[3.3140783,51.4706275],[3.3141204,51.4706523],[3.3142223,51.4706307],[3.3143367,51.4706779],[3.3143667,51.4706968],[3.3143987,51.4706977],[3.3145108,51.4707218],[3.314618,51.4707671],[3.3146552,51.4707821],[3.3146916,51.4707895],[3.3147994,51.4708111],[3.3148714,51.4708563],[3.314944,51.4709013],[3.315054,51.4709457],[3.3150884,51.4709675],[3.3151962,51.4710353],[3.315233,51.4710499],[3.315313,51.4710848],[3.3153774,51.4711173],[3.3153892,51.4711247],[3.315522,51.4712065],[3.3155342,51.4712142],[3.3156664,51.4712722],[3.3157864,51.4713034],[3.3158107,51.4713111],[3.3159549,51.4713424],[3.3160308,51.4713502],[3.3160989,51.4713504],[3.3161905,51.4713595],[3.316243,51.4713699],[3.3163152,51.4713919],[3.3163872,51.4714088],[3.3164438,51.4714269],[3.3165023,51.4713914],[3.3165121,51.4713796],[3.3164587,51.4713016],[3.31653,51.4712298],[3.3166144,51.4712113],[3.3166611,51.4712032],[3.3166738,51.4712055],[3.3167057,51.471211],[3.316818,51.4712344],[3.3168626,51.4712385],[3.316962,51.4712494],[3.3170243,51.4712102],[3.3170551,51.4711516],[3.3170641,51.4711202],[3.317105,51.4711014],[3.3172111,51.4710533],[3.3172079,51.4711198],[3.3172288,51.4711325],[3.3172491,51.4711261],[3.3172659,51.4711196],[3.3172695,51.4711068],[3.3172668,51.4710297],[3.3172723,51.4710147],[3.3173041,51.4709397],[3.3173913,51.4708667],[3.3174083,51.4708495],[3.3173909,51.470803],[3.3173649,51.4707758],[3.3173747,51.4707596],[3.3173705,51.4707472],[3.3173308,51.4706698],[3.3173179,51.4706251],[3.3173156,51.47058],[3.3172676,51.4705044],[3.3172533,51.4704902],[3.3172516,51.470405],[3.3172501,51.4704003],[3.3172441,51.470394],[3.3171767,51.4703106],[3.3170992,51.4702628],[3.3170255,51.4702211],[3.317065,51.4701519],[3.3170212,51.4701312],[3.3169541,51.4701066],[3.3168486,51.4700417],[3.3168095,51.4700171],[3.3167458,51.4700023],[3.3166654,51.4699909],[3.3166027,51.4699525],[3.316521,51.4699299],[3.3164012,51.4698631],[3.3163763,51.4698333],[3.3162422,51.4697736],[3.3163755,51.469711],[3.3164207,51.4696832],[3.3164332,51.4696468],[3.316454,51.4695932],[3.3163746,51.4695766],[3.3162326,51.4695039],[3.3162301,51.4695026],[3.3162259,51.4695013],[3.3160858,51.4694609],[3.3160169,51.4694145],[3.3159412,51.4693717],[3.3158119,51.4693345],[3.315797,51.4693325],[3.3157854,51.4693252],[3.3156525,51.4692513],[3.3156018,51.4692358],[3.3155261,51.4691575],[3.3155437,51.4691461],[3.3155076,51.4691269],[3.3154746,51.4690563],[3.3153628,51.4689995],[3.3153093,51.4689669],[3.3152183,51.4689202],[3.3151495,51.4688774],[3.3150738,51.4688464],[3.3149845,51.4688222],[3.3149296,51.4688094],[3.3148745,51.4687882],[3.3147852,51.4687416],[3.3146717,51.468718],[3.3146409,51.4687058],[3.3146104,51.468699],[3.3144965,51.4686313],[3.3143533,51.4686103],[3.3143523,51.46861],[3.3143497,51.4686098],[3.3143324,51.4685974],[3.3142123,51.4685202],[3.3142078,51.4685193],[3.3142047,51.4685183],[3.3140637,51.4685082],[3.3139203,51.4684311],[3.3139192,51.4684307],[3.3139185,51.4684306],[3.3137751,51.4684145],[3.3137002,51.468385],[3.313631,51.4683853],[3.3134917,51.4683454],[3.3134867,51.4683439],[3.3134833,51.4683423],[3.3133425,51.4683091],[3.3131986,51.4682532],[3.3131982,51.4682516],[3.3131274,51.4681634],[3.3130535,51.4681523],[3.3129248,51.4680839],[3.3129091,51.4680845],[3.3128931,51.4680741],[3.312765,51.4680616],[3.3127361,51.4680565],[3.3126209,51.4680466],[3.312505,51.4679853],[3.3124764,51.4679708],[3.3124416,51.4679637],[3.3123323,51.4679523],[3.3122205,51.4678961],[3.3121878,51.4678756],[3.312125,51.4678572],[3.3120437,51.4678576],[3.3119173,51.4678181],[3.3118995,51.4678108],[3.3118905,51.4678071],[3.3117549,51.4677209],[3.3117437,51.4677175],[3.3116107,51.4676919],[3.3114985,51.4676483],[3.3114664,51.4676394],[3.3114325,51.4676284],[3.3113222,51.4676035],[3.3112629,51.467592],[3.3111782,51.467594],[3.3110561,51.4675534],[3.311027,51.4675396],[3.3110338,51.467539],[3.3111592,51.4674493],[3.3111771,51.4674359],[3.3113184,51.467359],[3.3113205,51.4673574],[3.3113402,51.4673466],[3.3113585,51.4673589],[3.3114646,51.4673817],[3.3115233,51.467395],[3.3116087,51.4673952],[3.3116954,51.4674479],[3.3117531,51.4674644],[3.3118577,51.4674475],[3.3118968,51.4674262],[3.3119337,51.4674243],[3.3120405,51.4673814],[3.3121683,51.4673567],[3.3121842,51.4673461],[3.3121892,51.4673536],[3.312328,51.4673164],[3.3124099,51.4673049],[3.3124718,51.4672925],[3.3125345,51.4673049],[3.3126157,51.46729],[3.3127251,51.4672653],[3.3127594,51.4672535],[3.3127776,51.4672538],[3.3129031,51.4672159],[3.3129658,51.4672256],[3.3130471,51.4672169],[3.3131461,51.4672361],[3.3131911,51.4672268],[3.3132763,51.4671739],[3.3133346,51.4671467],[3.3134679,51.4670835],[3.3134781,51.4670802],[3.3134859,51.4670786],[3.3136219,51.4670611],[3.3137614,51.4670799],[3.313766,51.467079],[3.3137868,51.4670696],[3.3139095,51.4670147],[3.3140224,51.4669921],[3.3140533,51.4669862],[3.3140852,51.466972],[3.3141969,51.4669354],[3.3142996,51.4669015],[3.3143405,51.4668932],[3.3143797,51.4668767],[3.3144842,51.4668451],[3.31454,51.4668109],[3.3146275,51.4667579],[3.3147301,51.4667844],[3.3147718,51.4667954],[3.3148164,51.4668101],[3.3149163,51.4668779],[3.3150315,51.4668815],[3.3150603,51.4668911],[3.3150854,51.4668993],[3.3150878,51.4669164],[3.3151484,51.4669891],[3.3152051,51.4670069],[3.3152622,51.4670243],[3.3153492,51.4670247],[3.3154355,51.4670782],[3.3154936,51.4670961],[3.3155337,51.467103],[3.3156378,51.46712],[3.3157697,51.4671596],[3.315782,51.467162],[3.3159264,51.4672206],[3.3160133,51.4672209],[3.3160705,51.4672355],[3.3161257,51.4672562],[3.3162152,51.4673414],[3.3163566,51.4673439],[3.3163591,51.4673447],[3.3163616,51.4673455],[3.3165035,51.4674007],[3.3165858,51.4674348],[3.316648,51.4674744],[3.31678,51.4675166],[3.3167922,51.4675203],[3.3167982,51.4675242],[3.3169366,51.4675835],[3.3170112,51.4676135],[3.317081,51.4676415],[3.3172116,51.4676943],[3.3172254,51.4676987],[3.3172374,51.4677028],[3.3173696,51.4677344],[3.317514,51.467792],[3.3176575,51.4677301],[3.3177235,51.4677015],[3.3178009,51.4676517],[3.3178654,51.4676112],[3.3179445,51.4675915],[3.317976,51.4675912],[3.3180883,51.4675797],[3.3181844,51.4675804],[3.3182324,51.4675875],[3.3182737,51.4675843],[3.3183763,51.4675835],[3.3184965,51.4675946],[3.3185203,51.4675919],[3.3185563,51.4675868],[3.3186641,51.4675718],[3.3187377,51.4676088],[3.3188085,51.467631],[3.3189171,51.4676304],[3.3189525,51.4676279],[3.3189937,51.4676339],[3.3190964,51.4676235],[3.3192154,51.4676231],[3.3192403,51.4676189],[3.3192647,51.4676226],[3.3193163,51.4676072],[3.3192466,51.4675219],[3.3192882,51.4675174],[3.3193835,51.4675086],[3.3194487,51.467427],[3.3193828,51.4673999],[3.3193193,51.4673878],[3.3192385,51.4673627],[3.3191635,51.4673379],[3.319166,51.467293],[3.3191885,51.4672479],[3.3192376,51.4672345],[3.3192678,51.4672288],[3.3193097,51.4672476],[3.3193819,51.4672779],[3.3194189,51.4672704],[3.319526,51.4672922],[3.3195871,51.467285],[3.3197711,51.4673094],[3.319814,51.4673047],[3.3198881,51.4672895],[3.3199579,51.4673033],[3.3200332,51.4673355],[3.3201022,51.4673486],[3.3202097,51.4673579],[3.3202462,51.4673551],[3.3202752,51.467353],[3.3203903,51.4673648],[3.3205045,51.4673342],[3.3203897,51.4672828],[3.320304,51.4672985],[3.3202457,51.4672767],[3.3201075,51.4672454],[3.3201015,51.4672447],[3.3199573,51.4672167],[3.3198874,51.4672024],[3.3198132,51.4671876],[3.319671,51.467158],[3.319669,51.4671577],[3.3196663,51.4671584],[3.3196647,51.4671567],[3.3195249,51.4671329],[3.3194701,51.4671231],[3.3193807,51.4671068],[3.3192698,51.4670886],[3.3192366,51.4670826],[3.3191546,51.4670682],[3.3190924,51.4670553],[3.3190669,51.4670525],[3.3189484,51.4670405],[3.3188825,51.4670278],[3.3188042,51.467019],[3.3186663,51.4669835],[3.31866,51.4669815],[3.3186506,51.4669796],[3.3185158,51.4669468],[3.3184505,51.4669394],[3.3183717,51.4669295],[3.3182676,51.4669157],[3.3182276,51.4669071],[3.3181498,51.4668911],[3.3180833,51.4668522],[3.3179599,51.4668147],[3.317939,51.4668066],[3.3178081,51.4668102],[3.317795,51.4668082],[3.3177559,51.4668022],[3.3176508,51.4667677],[3.3175639,51.4667128],[3.3175064,51.4667052],[3.3174879,51.4667015],[3.3173624,51.4667012],[3.3173338,51.4666956],[3.3172183,51.466683],[3.31709,51.4666342],[3.317074,51.4666335],[3.3170414,51.4666243],[3.3169299,51.4666115],[3.3169086,51.4666113],[3.3167859,51.4665982],[3.3167211,51.4665848],[3.3166417,51.4665754],[3.3165322,51.4665358],[3.3164974,51.4665252],[3.31639,51.4664693],[3.3163821,51.4665362],[3.3163536,51.4665403],[3.316345,51.4665363],[3.3162092,51.4664866],[3.3161009,51.466447],[3.316065,51.466439],[3.3160475,51.4664363],[3.3159208,51.4664171],[3.3158568,51.4664077],[3.3157768,51.4664009],[3.3156448,51.466366],[3.3156326,51.4663658],[3.3156073,51.4663584],[3.3154884,51.4663377],[3.3154496,51.4663346],[3.3153443,51.4663176],[3.3152376,51.4662929],[3.3152002,51.4662895],[3.315056,51.4662607],[3.315034,51.4662563],[3.3149118,51.4662302],[3.3148343,51.4662222],[3.3147677,51.4662114],[3.3146847,51.4661811],[3.3146234,51.4661508],[3.3144995,51.4660917],[3.314479,51.4660852],[3.3144521,51.4660751],[3.3143346,51.4660337],[3.3142651,51.4660024],[3.3141903,51.4659761],[3.3140461,51.4659365],[3.3139576,51.4659133],[3.3139018,51.4658985],[3.3137689,51.4658239],[3.3137573,51.4658142],[3.3137392,51.4658126],[3.3136132,51.4657921],[3.3135411,51.4657345],[3.3134685,51.4656892],[3.3133743,51.4656762],[3.3133244,51.4656693],[3.3132527,51.4656454],[3.31318,51.4656005],[3.3130564,51.4655689],[3.3130359,51.4655756],[3.3130056,51.4655561],[3.3128915,51.4655103],[3.3127849,51.4654668],[3.3127471,51.4654553],[3.3127232,51.465452],[3.3126029,51.4654158],[3.3124786,51.4653777],[3.3124586,51.4653651],[3.3123963,51.4653391],[3.3123142,51.4653004],[3.3122754,51.4652883],[3.3121699,51.4652447],[3.3120938,51.4651989],[3.3120255,51.4651782],[3.3119201,51.4651337],[3.3118811,51.4651174],[3.3118683,51.4651176],[3.3117371,51.4651179],[3.3116083,51.4651197],[3.3115932,51.4651196],[3.3115785,51.4651195],[3.3114492,51.4651203],[3.3114335,51.4651206],[3.3113053,51.4651193],[3.3112126,51.4651113],[3.3111612,51.4651047],[3.31115,51.4651045],[3.3110173,51.4651029],[3.3108848,51.465105],[3.3108733,51.4651052],[3.3107423,51.4651045],[3.310596,51.4651063],[3.3105854,51.4651063],[3.3105746,51.4651063],[3.3104414,51.4651035],[3.3103135,51.4651037],[3.3102975,51.4651038],[3.3101648,51.4651071],[3.3101535,51.4651072],[3.3101424,51.4651072],[3.3100096,51.4651046],[3.3098753,51.4651088],[3.3098656,51.4651089],[3.3098522,51.4651065],[3.3097215,51.4650835],[3.3096286,51.4650836],[3.3095776,51.4650949],[3.3095441,51.4650948],[3.3094337,51.4650953],[3.3093946,51.4650917],[3.3092897,51.4650921],[3.3092409,51.4650861],[3.3091457,51.4650877],[3.3090519,51.465117],[3.3091463,51.4651783],[3.3092436,51.4651773],[3.3092903,51.4651785],[3.3093733,51.4652061],[3.3092909,51.4652657],[3.3092438,51.4652964],[3.3091472,51.4653038],[3.3091356,51.4653039],[3.3090033,51.4653122],[3.3088713,51.4653049],[3.3088593,51.465305],[3.3088456,51.465306],[3.3087153,51.4653049],[3.3086314,51.465298],[3.3085712,51.4652802],[3.3085522,51.4652863],[3.308427,51.4652484],[3.3083583,51.4652558],[3.3082831,51.4652491],[3.3081967,51.4652632],[3.3081392,51.465257],[3.3080716,51.4652572],[3.3079952,51.4652504],[3.3078727,51.4652236],[3.307851,51.4652236],[3.307756,51.4652104],[3.3077181,51.4652035],[3.3077069,51.465205],[3.3076981,51.465205],[3.3075629,51.4651899],[3.3074286,51.4652053],[3.307419,51.4652054],[3.3073959,51.4651969],[3.3072748,51.4651598],[3.3071955,51.4651715],[3.3071309,51.4651708],[3.3070143,51.4651953],[3.3069871,51.4651962],[3.3069591,51.4652125],[3.3069873,51.4652294],[3.3071316,51.4652736],[3.3071785,51.4653018],[3.3072762,51.465366],[3.3073028,51.4653914],[3.3072764,51.4653974],[3.3071995,51.4653917],[3.3071321,51.4653543],[3.3070847,51.4653315],[3.3069881,51.4653523],[3.30694,51.4653622],[3.3068442,51.4653497],[3.3067166,51.4653828],[3.3067005,51.4653869],[3.3066885,51.4653855],[3.3065564,51.465369],[3.3065091,51.4653639],[3.3064123,51.4653521],[3.3063457,51.4653523],[3.3062683,51.4653446],[3.3061464,51.4653184],[3.3061242,51.4653188],[3.306095,51.4653046],[3.3059799,51.4652744],[3.3058695,51.4652364],[3.3058357,51.4652288],[3.3058092,51.4652155],[3.3056913,51.4651732],[3.3055695,51.4651401],[3.3055471,51.4651343],[3.3055293,51.4651263],[3.305439,51.4650593],[3.3054181,51.4650366],[3.3055461,51.4649856],[3.3056735,51.4649563],[3.3056899,51.4649559],[3.3057004,51.464946],[3.3056898,51.4649411],[3.3056729,51.4649355],[3.3055456,51.4649065],[3.3054853,51.4648566],[3.3054009,51.4647899],[3.3053639,51.4647901],[3.3052571,51.4648156],[3.3051787,51.4647675],[3.3051125,51.4647186],[3.3050313,51.4647172],[3.3049684,51.4647044],[3.3048415,51.4646785],[3.304968,51.4646468],[3.3050543,51.4646239],[3.3051118,51.4646222],[3.3052432,51.4646774],[3.3052562,51.4646832],[3.3052835,51.4646943],[3.305263,51.4646774],[3.3052693,51.4646691],[3.3052673,51.4645874],[3.3052555,51.4645801],[3.3051231,51.4644979],[3.305111,51.4644904],[3.304974,51.4644084],[3.3049664,51.4643989],[3.3049256,51.4643438],[3.3048223,51.4643756],[3.304721,51.4643459],[3.3046781,51.4643356],[3.3046511,51.4643193],[3.3045336,51.4642585],[3.3044657,51.4642299],[3.3045331,51.4641862],[3.3046682,51.4641448],[3.3046768,51.4641514],[3.3048006,51.464229],[3.3048034,51.4642402],[3.3048213,51.464232],[3.304826,51.4642289],[3.3049648,51.4641582],[3.3050196,51.4641385],[3.3049645,51.4641192],[3.3048858,51.4640898],[3.3048828,51.4641389],[3.3048212,51.4642165],[3.3046952,51.4641393],[3.3046972,51.4640625],[3.3046955,51.4640494],[3.3046761,51.4640453],[3.3046557,51.4640368],[3.3045318,51.4639857],[3.3044897,51.46396],[3.3043874,51.4639144],[3.3042933,51.4638706],[3.3042428,51.4638243],[3.3041068,51.4637863],[3.3040986,51.4637831],[3.3040942,51.4637812],[3.3040985,51.463776],[3.3041073,51.4637757],[3.3042422,51.4637357],[3.3043164,51.4637343],[3.3043861,51.4637333],[3.3044562,51.4636904],[3.3043882,51.4636024],[3.304408,51.4636006],[3.3043853,51.4635989],[3.3043121,51.4635109],[3.3043844,51.4634637],[3.3044499,51.4634206],[3.304384,51.4634039],[3.304351,51.4634003],[3.3042399,51.4633869],[3.3041039,51.4633368],[3.3040956,51.4633426],[3.3040793,51.4633419],[3.3040901,51.4633316],[3.3040956,51.4633282],[3.304235,51.4632414],[3.3042389,51.4632389],[3.3043801,51.4631511],[3.3043823,51.46315],[3.3043895,51.4631465],[3.3045258,51.463086],[3.3045572,51.4630607],[3.3046691,51.4629919],[3.3047127,51.4629704],[3.3048125,51.4629061],[3.3048537,51.4628801],[3.3049558,51.462814],[3.3050161,51.4627897],[3.3050993,51.4627377],[3.3051385,51.4626995],[3.3052425,51.4626322],[3.3052789,51.4626092],[3.3053547,51.4625385],[3.3053547,51.4625191],[3.3053553,51.4625002],[3.3053495,51.4624292],[3.305385,51.4624182],[3.3054727,51.462339],[3.3055282,51.4623031],[3.305651,51.4622486],[3.3056718,51.4622441],[3.3056922,51.4622357],[3.3058154,51.4621976],[3.3058796,51.4621581],[3.3059586,51.4620912],[3.3059938,51.4620678],[3.3061021,51.4620149],[3.306163,51.4619775],[3.3062454,51.4619246],[3.3063245,51.4618871],[3.3063889,51.461857],[3.3064832,51.4617968],[3.3065323,51.4617728],[3.3066622,51.4617064],[3.3066757,51.4616951],[3.3067357,51.4616686],[3.3068192,51.4616261],[3.3068388,51.461616],[3.3069627,51.4615543],[3.3070201,51.4615257],[3.3070775,51.4614534],[3.3070542,51.4614356],[3.3071057,51.4614234],[3.3071993,51.4613453],[3.307249,51.4613208],[3.307377,51.461255],[3.3073924,51.4612452],[3.3074571,51.4612142],[3.3075359,51.4611763],[3.3075606,51.4611646],[3.3076793,51.461092],[3.307708,51.4610743],[3.3077646,51.4610205],[3.3077591,51.4609842],[3.3078224,51.4609646],[3.3078955,51.4608939],[3.3079655,51.4608507],[3.3080371,51.4608036],[3.3080351,51.4607576],[3.3080345,51.4607137],[3.3081083,51.460678],[3.308225,51.4606233],[3.3082518,51.460607],[3.3083729,51.460533],[3.3083949,51.4604839],[3.3084241,51.4604429],[3.3084524,51.4604066],[3.3085106,51.4603528],[3.3085378,51.4603348],[3.308649,51.4602625],[3.3086811,51.4602328],[3.3087849,51.4601722],[3.3088243,51.4601183],[3.30885,51.4600822],[3.3089675,51.4600074],[3.3089918,51.4599919],[3.3091108,51.45992],[3.3091402,51.4599016],[3.3092541,51.459826],[3.3093023,51.4598112],[3.3093978,51.4597921],[3.3094436,51.4597822],[3.3095415,51.4597607],[3.3096648,51.4597332],[3.3097227,51.4597202],[3.309829,51.459703],[3.3098848,51.4596849],[3.3099727,51.4596671],[3.310061,51.4596294],[3.3101163,51.4596157],[3.3101443,51.4596117],[3.3102601,51.4595981],[3.3103852,51.4595502],[3.3104037,51.4595462],[3.3105027,51.4595664],[3.3105478,51.4595605],[3.3106074,51.459538],[3.3106913,51.4594993],[3.31081,51.4594632],[3.3108349,51.4594577],[3.3108806,51.4594474],[3.3108596,51.4594319],[3.3108348,51.4594397],[3.3107662,51.4593577],[3.3107657,51.4593105],[3.3107666,51.4592678],[3.3107661,51.4592199],[3.3107914,51.4591778],[3.3106887,51.4591226],[3.3105873,51.4591784],[3.3105454,51.4592128],[3.3104558,51.4592127],[3.3104014,51.4592096],[3.3102865,51.4591973],[3.3102574,51.4591976],[3.3101675,51.4591795],[3.3102569,51.459124],[3.3103893,51.4590961],[3.3104007,51.4590926],[3.3104084,51.4590889],[3.3104244,51.459074],[3.3105148,51.4589987],[3.3105437,51.4589631],[3.3105775,51.4589087],[3.3106867,51.4588231],[3.3108001,51.4589081],[3.3108313,51.4589222],[3.3109695,51.4589112],[3.3109752,51.4589099],[3.3109922,51.4589076],[3.3109751,51.4589024],[3.3109643,51.4589009],[3.310831,51.4588836],[3.3106966,51.4588184],[3.3106866,51.4588161],[3.3106714,51.4588185],[3.3105431,51.4588725],[3.3104991,51.4588463],[3.3103992,51.4588722],[3.3103279,51.4588639],[3.3102552,51.4588705],[3.3101289,51.4589098],[3.3101116,51.4589183],[3.309981,51.4589102],[3.3099676,51.4589093],[3.3099635,51.4589103],[3.3098238,51.4589291],[3.3097865,51.4589341],[3.3096799,51.45894],[3.3096175,51.4589502],[3.3095361,51.4589499],[3.3094451,51.4589685],[3.3093923,51.4589737],[3.3092928,51.4589742],[3.3092484,51.4589746],[3.3091306,51.4589861],[3.3090781,51.458986],[3.3089605,51.458975],[3.3089158,51.4589751],[3.3088165,51.458975],[3.3087005,51.4589861],[3.3086727,51.4589828],[3.3085599,51.4589844],[3.3085287,51.4589849],[3.3084753,51.4589708],[3.3083847,51.4589678],[3.3082976,51.4589691],[3.3082408,51.4589703],[3.3081616,51.4589556],[3.3080966,51.4589424],[3.3079695,51.4589155],[3.3079525,51.4589118],[3.3079433,51.4589099],[3.3078084,51.4588827],[3.3077549,51.4588827],[3.3076644,51.4588814],[3.3075821,51.4588652],[3.3075204,51.458868],[3.3073957,51.4588271],[3.3073761,51.458821],[3.3073583,51.4588161],[3.3072322,51.4588173],[3.3072159,51.4588174],[3.307088,51.458781],[3.3070084,51.4587784],[3.306944,51.4587657],[3.3067998,51.4587388],[3.3067988,51.4587388],[3.3066559,51.4587308],[3.3066408,51.4587298],[3.3065116,51.4586885],[3.3063721,51.45865],[3.3063674,51.4586487],[3.3063635,51.4586476],[3.3062232,51.4586046],[3.3060894,51.4585608],[3.3060789,51.4585572],[3.3060686,51.4585544],[3.3059616,51.4585611],[3.3059378,51.4585629],[3.305935,51.458562],[3.3059323,51.4585612],[3.3057908,51.4585168],[3.3056467,51.458472],[3.3055021,51.4583886],[3.3054912,51.4583825],[3.3053576,51.4583051],[3.3052255,51.4583007],[3.3052136,51.4583002],[3.305202,51.4582933],[3.3052135,51.4582858],[3.3052811,51.4582032],[3.3052125,51.4581266],[3.3051914,51.4581135],[3.3052123,51.4581064],[3.3052321,51.4581011],[3.3053563,51.4581132],[3.3053564,51.4581131],[3.3053564,51.458113],[3.3054213,51.458023],[3.305473,51.4579493],[3.3054699,51.457933],[3.3054989,51.4579145],[3.3056214,51.4578427],[3.3056423,51.4578306],[3.3057636,51.4577524],[3.3056412,51.4576752],[3.3056201,51.4576628],[3.3056411,51.457649],[3.3057582,51.4575725],[3.3056401,51.4575057],[3.3055322,51.4575057],[3.3054961,51.4574957],[3.3054611,51.4575053],[3.3053522,51.4575026],[3.30532,51.4574838],[3.305352,51.457473],[3.3053853,51.4574628],[3.3054959,51.4574593],[3.3055356,51.4574584],[3.3056398,51.4574578],[3.3057392,51.4573928],[3.3057831,51.4573634],[3.3059011,51.4573761],[3.3059271,51.4573768],[3.3059512,51.4573772],[3.3060708,51.4573369],[3.3061841,51.4573017],[3.3062143,51.4572809],[3.3063219,51.4572114],[3.3063577,51.457191],[3.3064538,51.4571211],[3.3065009,51.4570924],[3.3066068,51.4570308],[3.3065001,51.4569715],[3.3064505,51.4569413],[3.3063555,51.4568737],[3.3063127,51.4568518],[3.3062111,51.4567989],[3.3061599,51.4567622],[3.3060666,51.4567057],[3.3060055,51.4566727],[3.3060097,51.4566179],[3.3060102,51.4565828],[3.3059214,51.4565243],[3.3058735,51.4564932],[3.3057769,51.4564339],[3.3057256,51.4564037],[3.3057236,51.4563467],[3.3057247,51.4563138],[3.3056318,51.4562614],[3.3055611,51.4562243],[3.3054875,51.456203],[3.3053821,51.4561348],[3.3053429,51.4561103],[3.3052362,51.4560453],[3.3051983,51.4559967],[3.3051251,51.4559999],[3.3050542,51.4559791],[3.3049768,51.4559561],[3.3049806,51.4559103],[3.3049738,51.4558661],[3.3049092,51.4558234],[3.3048328,51.4558244],[3.3047655,51.4558456],[3.3047048,51.455829],[3.3046212,51.4557957],[3.3045339,51.4557774],[3.3044769,51.4557429],[3.3043882,51.4556878],[3.3043324,51.4556499],[3.3042553,51.4555983],[3.3041879,51.4555585],[3.3040888,51.4555088],[3.3040435,51.4554961],[3.3039978,51.4554805],[3.3038994,51.4554709],[3.3037989,51.4554196],[3.3037551,51.4554072],[3.3037145,51.4553946],[3.3036108,51.4553613],[3.3035092,51.4553304],[3.3034666,51.4553174],[3.3034223,51.455303],[3.3033224,51.4552717],[3.3032245,51.4552413],[3.3031781,51.4552154],[3.3031358,51.455215],[3.303034,51.4551846],[3.3029352,51.4551521],[3.3028896,51.4551225],[3.302843,51.4551232],[3.3027455,51.4550934],[3.3026504,51.4550629],[3.3026012,51.4550302],[3.3025526,51.4550328],[3.3024571,51.4550049],[3.3023509,51.4549738],[3.3023128,51.4549517],[3.3022064,51.4548842],[3.3021683,51.4548609],[3.3021262,51.4548582],[3.3020244,51.4548606],[3.3019183,51.454795],[3.3018799,51.4547841],[3.3018479,51.4547753],[3.3017359,51.4547729],[3.3016087,51.4547059],[3.3015915,51.4547002],[3.3015748,51.4546956],[3.3014473,51.4546556],[3.3013361,51.4546167],[3.3013031,51.4546056],[3.3011655,51.4546132],[3.3011592,51.4546133],[3.3011443,51.4546079],[3.3010149,51.4545626],[3.3008971,51.4545279],[3.3008707,51.4545206],[3.300847,51.4545132],[3.3007265,51.4544778],[3.3006443,51.4544772],[3.3005826,51.4544745],[3.300464,51.4544391],[3.3004384,51.4544312],[3.3004131,51.4544235],[3.3002942,51.4543867],[3.3001722,51.4543499],[3.3001499,51.4543432],[3.3001296,51.4543373],[3.300006,51.4543333],[3.2999788,51.4543335],[3.2998618,51.4543005],[3.299736,51.4542611],[3.2997176,51.4542553],[3.2997082,51.4542553],[3.2995735,51.4542309],[3.2994987,51.4542151],[3.2994295,51.4542152],[3.2992875,51.4541737],[3.2992832,51.4541724],[3.2991411,51.4541252],[3.299064,51.4541248],[3.2989971,51.4541121],[3.2988535,51.4540835],[3.2988529,51.4540834],[3.2987087,51.4540329],[3.2985776,51.4539943],[3.2985645,51.4539918],[3.2985582,51.4539905],[3.2984204,51.4539635],[3.2983451,51.4539479],[3.2982764,51.4539498],[3.2981413,51.4539055],[3.2981322,51.4539037],[3.2981279,51.4539029],[3.2979881,51.4538775],[3.2979201,51.4538637],[3.297844,51.4538612],[3.2977101,51.4538167],[3.2976998,51.4538144],[3.297694,51.4538131],[3.2975559,51.4538151],[3.2975509,51.453814],[3.2974117,51.4537759],[3.29733,51.4537788],[3.2972678,51.4537803],[3.2971606,51.4537512],[3.2971238,51.453756],[3.2970768,51.4537577],[3.2969799,51.4537644],[3.296918,51.4537675],[3.296836,51.4537754],[3.2967552,51.4537797],[3.2966922,51.4537805],[3.2965977,51.4537886],[3.2965483,51.4537937],[3.2964393,51.4537981],[3.2962841,51.4538056],[3.2962606,51.4538066],[3.2961659,51.4538206],[3.296126,51.4538265],[3.2961168,51.4538244],[3.2961033,51.4538208],[3.2959726,51.4537842],[3.2958626,51.4537528],[3.2958285,51.4537549],[3.2957839,51.4537595],[3.2956846,51.4537705],[3.2956152,51.4537755],[3.2955408,51.4537827],[3.2954787,51.4537835],[3.2953967,51.45376],[3.2952806,51.4537329],[3.2952526,51.4537261],[3.2951087,51.4537325],[3.2951065,51.4537319],[3.2950867,51.4537334],[3.2949649,51.453741],[3.2949482,51.4537338],[3.2948207,51.4536993],[3.2947221,51.4536728],[3.2946766,51.4536763],[3.2946175,51.4536447],[3.2945323,51.4536232],[3.294477,51.4536105],[3.2943884,51.4536153],[3.2942741,51.4536271],[3.2942445,51.4536282],[3.2941057,51.453556],[3.2941001,51.4535545],[3.2940959,51.4535534],[3.2940784,51.4535561],[3.2939563,51.4535733],[3.2939223,51.4535565],[3.2938121,51.4535279],[3.293734,51.4535082],[3.2936681,51.453509],[3.2935641,51.4534675],[3.2935238,51.4534576],[3.293496,51.4534503],[3.2933799,51.4534487],[3.2932385,51.4533803],[3.2932357,51.4534191],[3.2932319,51.4534657],[3.2930917,51.453396],[3.2930622,51.4533973],[3.2929478,51.4533999],[3.2928964,51.4533792],[3.2928036,51.4533588],[3.2927491,51.4533456],[3.2926596,51.4533469],[3.2925376,51.4532902],[3.2925153,51.4532841],[3.2924994,51.4532804],[3.2923714,51.4532835],[3.2923359,51.4532686],[3.2922711,51.4532909],[3.2922277,51.4533216],[3.2921801,51.453381],[3.2920894,51.4534682],[3.2920877,51.4534712],[3.2920847,51.4534722],[3.2920773,51.4534758],[3.2919412,51.4535358],[3.2919047,51.4535615],[3.2918143,51.4535722],[3.2917975,51.4535679],[3.2916613,51.4535669],[3.2916536,51.4535669],[3.2916449,51.4535622],[3.2915092,51.4534888],[3.2914537,51.4535074],[3.2913654,51.4535172],[3.2912757,51.4535293],[3.2912216,51.4535355],[3.2911785,51.4535364],[3.2910775,51.4535075],[3.2909334,51.4534756],[3.2907964,51.4534787],[3.2907895,51.4534768],[3.2907817,51.4534744],[3.2906452,51.4534188],[3.2905135,51.4533929],[3.2905011,51.4533933],[3.2904772,51.4533852],[3.2903569,51.453345],[3.2902302,51.4533069],[3.2902127,51.4532988],[3.2902027,51.453296],[3.2900684,51.4532448],[3.2899731,51.4532067],[3.2899241,51.4531868],[3.2898298,51.4531482],[3.2897798,51.4531232],[3.2897675,51.4531172],[3.2896355,51.4530631],[3.289568,51.4530278],[3.2894911,51.4529881],[3.2894087,51.4529383],[3.2893466,51.4528999],[3.2892492,51.4528488],[3.2892022,51.4528196],[3.2891044,51.4527592],[3.2890577,51.4527301],[3.28893,51.4526697],[3.2889133,51.4526566],[3.2888471,51.4526286],[3.288769,51.4525894],[3.2887498,51.4525802],[3.2886245,51.4525031],[3.2885982,51.4524907],[3.2884801,51.4524203],[3.2884564,51.4524011],[3.2883954,51.4523486],[3.2884796,51.4523413],[3.2885324,51.452344],[3.2886236,51.4523524],[3.2886592,51.4523331],[3.2887676,51.4523652],[3.288822,51.4523662],[3.2889114,51.4523541],[3.2890053,51.4523998],[3.2890558,51.4524314],[3.2891585,51.4524634],[3.2892,51.4524639],[3.2892733,51.452489],[3.2893441,51.4525055],[3.2894624,51.4525785],[3.2894886,51.4525907],[3.2895648,51.4526257],[3.2896329,51.4526479],[3.2896918,51.4526678],[3.2897773,51.4527222],[3.2898356,51.4527574],[3.2899216,51.4527883],[3.290019,51.4528469],[3.2900661,51.4528751],[3.2901552,51.4529021],[3.2902102,51.452904],[3.290258,51.4529362],[3.2903547,51.453002],[3.2903949,51.4530258],[3.290499,51.4530577],[3.2905846,51.4531152],[3.2906435,51.4531546],[3.2907588,51.4531867],[3.2907876,51.4531864],[3.2908168,51.4532046],[3.2909319,51.4532435],[3.2909726,51.4532042],[3.2910618,51.4531223],[3.2909311,51.4531205],[3.2909212,51.4531144],[3.2907867,51.45304],[3.2907596,51.4530249],[3.2907865,51.4530082],[3.2909151,51.4530149],[3.2909305,51.4530202],[3.2909372,51.4530202],[3.2910744,51.4530182],[3.2910925,51.4530127],[3.2912183,51.4530105],[3.2912386,51.4530237],[3.2913628,51.4531033],[3.2915027,51.4531104],[3.2915067,51.4531103],[3.2915466,51.4530879],[3.291526,51.4531129],[3.2916508,51.4531301],[3.2916816,51.4531125],[3.2916644,51.4530315],[3.2916555,51.4530226],[3.2916501,51.4530195],[3.2916413,51.4530172],[3.2915059,51.4529821],[3.2914214,51.4529333],[3.2913615,51.4528983],[3.2912724,51.4528438],[3.291217,51.4528083],[3.2911061,51.452775],[3.2910728,51.4527641],[3.2910378,51.4527544],[3.2909284,51.4526919],[3.2909068,51.4526648],[3.2907838,51.4525854],[3.2907662,51.4525753],[3.2906395,51.4525239],[3.2905452,51.4524859],[3.290495,51.4524319],[3.2904402,51.4523962],[3.2903505,51.4523393],[3.2902972,51.4523067],[3.290206,51.4522464],[3.2901498,51.4522171],[3.2901552,51.4521856],[3.290142,51.4521272],[3.2901348,51.4520834],[3.2901389,51.4520373],[3.2901394,51.4519967],[3.2901335,51.4519474],[3.2902038,51.4519058],[3.2902855,51.4518571],[3.2902032,51.4518061],[3.2901376,51.4517676],[3.2901368,51.4517264],[3.2900938,51.4516777],[3.2900583,51.451656],[3.289939,51.4515882],[3.2899139,51.4515719],[3.2897955,51.4514986],[3.2897694,51.4514832],[3.2897206,51.4514684],[3.2896252,51.4514374],[3.2895989,51.4514229]]},"properties":{"rawObjectClass":"DEPCNT","VALDCO":4.5,"depthDatum":"Approximate LAT","depthDatumCode":42,"depthDatumStatus":"VERIFIED_FROM_OFFICIAL_DOCUMENTATION","verticalDatum":"Local Datum","verticalDatumCode":24,"napIdentityStatus":"UNVERIFIED","sourceKind":"official","sourceCellId":"1R75883I","sourceStableId":"1F2B6A4B9FC675F1","sourceChecksum":"7c265c9fd48cb0677b21c9e60c88de7230e0e5b27a4f98bc2d44d93527f2082a","pipelineFeatureId":"1R75883I/DEPCNT/1281233672","provenance":{"cellId":"1R75883I","checksum":"7c265c9fd48cb0677b21c9e60c88de7230e0e5b27a4f98bc2d44d93527f2082a","readerVersion":"GDAL 3.2.2","processedAt":"2026-08-11T13:43:44.753Z"},"sourceProperties":{"RCID":1281233672,"PRIM":2,"GRUP":2,"OBJL":43,"RVER":1,"AGEN":7979,"FIDN":1783340998,"FIDS":30193,"LNAM":"1F2B6A4B9FC675F1","VALDCO":4.5,"SCAMIN":15000,"sourceCellId":"1R75883I","sourceChecksum":"7c265c9fd48cb0677b21c9e60c88de7230e0e5b27a4f98bc2d44d93527f2082a","rawObjectClass":"DEPCNT","sourceStableId":"1F2B6A4B9FC675F1"}}},{"type":"Feature","geometry":{"type":"LineString","coordinates":[[3.3270284,51.475],[3.3269735,51.4749594],[3.3269226,51.4749218],[3.3268462,51.4748699],[3.3267777,51.4747923],[3.3267639,51.4747802],[3.326633,51.4746942],[3.3266286,51.4746906],[3.3265403,51.4746332],[3.3264904,51.4746011],[3.3264884,51.4745999],[3.326481,51.4745965],[3.3263439,51.47454],[3.326284,51.4745118],[3.3261994,51.474456],[3.3261091,51.4744223],[3.326055,51.4743973],[3.3259598,51.4743635],[3.3259107,51.4743637],[3.3257929,51.4744232],[3.3259115,51.474466],[3.3259598,51.4745127],[3.3260429,51.4745939],[3.3260486,51.4746023],[3.3260565,51.4746108],[3.3260675,51.4746092],[3.3262009,51.474666],[3.326234,51.4746917],[3.3263456,51.4747726],[3.3263639,51.4747813],[3.3264901,51.4748451],[3.3265506,51.4748707],[3.3266346,51.4749146],[3.3267391,51.4749601],[3.3267791,51.4749848],[3.3268012,51.475]]},"properties":{"rawObjectClass":"DEPCNT","VALDCO":4.5,"depthDatum":"Approximate LAT","depthDatumCode":42,"depthDatumStatus":"VERIFIED_FROM_OFFICIAL_DOCUMENTATION","verticalDatum":"Local Datum","verticalDatumCode":24,"napIdentityStatus":"UNVERIFIED","sourceKind":"official","sourceCellId":"1R75883I","sourceStableId":"1F2B6A4B9FC675F2","sourceChecksum":"7c265c9fd48cb0677b21c9e60c88de7230e0e5b27a4f98bc2d44d93527f2082a","pipelineFeatureId":"1R75883I/DEPCNT/1281233673","provenance":{"cellId":"1R75883I","checksum":"7c265c9fd48cb0677b21c9e60c88de7230e0e5b27a4f98bc2d44d93527f2082a","readerVersion":"GDAL 3.2.2","processedAt":"2026-08-11T13:43:44.753Z"},"sourceProperties":{"RCID":1281233673,"PRIM":2,"GRUP":2,"OBJL":43,"RVER":1,"AGEN":7979,"FIDN":1783340998,"FIDS":30194,"LNAM":"1F2B6A4B9FC675F2","VALDCO":4.5,"SCAMIN":15000,"sourceCellId":"1R75883I","sourceChecksum":"7c265c9fd48cb0677b21c9e60c88de7230e0e5b27a4f98bc2d44d93527f2082a","rawObjectClass":"DEPCNT","sourceStableId":"1F2B6A4B9FC675F2"}}},{"type":"Feature","geometry":{"type":"LineString","coordinates":[[3.3149003,51.4645488],[3.3149261,51.4645457],[3.3150187,51.4645617],[3.3149948,51.4645928],[3.3150444,51.4645721],[3.3151398,51.4645918],[3.3151884,51.4645817],[3.3152841,51.4645911],[3.3153324,51.4645868],[3.315467,51.4645662],[3.3154762,51.4645673],[3.3155316,51.4645603],[3.31562,51.4645462],[3.315642,51.4645462],[3.3157638,51.46452],[3.3158583,51.4645002],[3.3159076,51.4645008],[3.3159563,51.4644692],[3.3160509,51.4644083],[3.3161478,51.4644687],[3.3161954,51.4644887],[3.3162616,51.4644684],[3.3162241,51.4643968],[3.3162243,51.4643786],[3.3161946,51.4643607],[3.3161156,51.4642889],[3.3160498,51.4642486],[3.3159498,51.464227],[3.3159057,51.4642177],[3.315877,51.4641997],[3.3157611,51.4641296],[3.3157124,51.4641102],[3.3156645,51.4640503],[3.3156398,51.4640205],[3.3156163,51.4640108],[3.3155939,51.4640066],[3.3154724,51.4640087],[3.3153851,51.4639312],[3.3153277,51.4639101],[3.3152695,51.4638952],[3.3151836,51.4638807],[3.3150589,51.4638422],[3.3150393,51.4638339],[3.3150266,51.4638344],[3.3148951,51.4637947],[3.3148126,51.4638045],[3.3147512,51.4638048],[3.3146744,51.4637953],[3.3146072,51.4637946],[3.3145184,51.4638092],[3.3144633,51.4638088],[3.3143353,51.4638343],[3.3143196,51.4638375],[3.3141828,51.46384],[3.3141756,51.4638401],[3.3141529,51.4638446],[3.3140318,51.4638624],[3.3140093,51.4638591],[3.3138879,51.4638724],[3.3137868,51.4638723],[3.313744,51.4638721],[3.3136935,51.4638774],[3.3136001,51.4638787],[3.3135333,51.463888],[3.3134561,51.4638722],[3.3133545,51.4638732],[3.3133121,51.4638726],[3.3132702,51.4638732],[3.3131683,51.4638876],[3.3131029,51.4638883],[3.3130246,51.4639275],[3.3130093,51.4639376],[3.3130248,51.463962],[3.313129,51.4639622],[3.3131688,51.4639616],[3.3132386,51.4640269],[3.3133136,51.4640894],[3.3133628,51.4641165],[3.3134135,51.4641784],[3.3133984,51.4642063],[3.3134585,51.4642281],[3.3135189,51.4642437],[3.3136027,51.4642653],[3.3136636,51.4642574],[3.3137467,51.4642729],[3.3137652,51.4642953],[3.3138912,51.4643546],[3.3140015,51.4643635],[3.3140353,51.4643635],[3.3140827,51.4643547],[3.3141792,51.4643672],[3.3142062,51.464384],[3.3143236,51.4644328],[3.3144411,51.4644566],[3.3144678,51.464465],[3.3144856,51.464462],[3.3145673,51.4644729],[3.3146119,51.4644888],[3.3146372,51.4644885],[3.3147561,51.4645133],[3.3148204,51.4645125],[3.3149003,51.4645488]]},"properties":{"rawObjectClass":"DEPCNT","VALDCO":4.5,"depthDatum":"Approximate LAT","depthDatumCode":42,"depthDatumStatus":"VERIFIED_FROM_OFFICIAL_DOCUMENTATION","verticalDatum":"Local Datum","verticalDatumCode":24,"napIdentityStatus":"UNVERIFIED","sourceKind":"official","sourceCellId":"1R75883I","sourceStableId":"1F2B6A4B9FC675F3","sourceChecksum":"7c265c9fd48cb0677b21c9e60c88de7230e0e5b27a4f98bc2d44d93527f2082a","pipelineFeatureId":"1R75883I/DEPCNT/1281233674","provenance":{"cellId":"1R75883I","checksum":"7c265c9fd48cb0677b21c9e60c88de7230e0e5b27a4f98bc2d44d93527f2082a","readerVersion":"GDAL 3.2.2","processedAt":"2026-08-11T13:43:44.753Z"},"sourceProperties":{"RCID":1281233674,"PRIM":2,"GRUP":2,"OBJL":43,"RVER":1,"AGEN":7979,"FIDN":1783340998,"FIDS":30195,"LNAM":"1F2B6A4B9FC675F3","VALDCO":4.5,"SCAMIN":15000,"sourceCellId":"1R75883I","sourceChecksum":"7c265c9fd48cb0677b21c9e60c88de7230e0e5b27a4f98bc2d44d93527f2082a","rawObjectClass":"DEPCNT","sourceStableId":"1F2B6A4B9FC675F3"}}},{"type":"Feature","geometry":{"type":"LineString","coordinates":[[3.3153671,51.4696162],[3.3152338,51.4695965],[3.3153666,51.4695475],[3.3154979,51.4695136],[3.3155103,51.4695103],[3.3155155,51.469509],[3.3156545,51.4695398],[3.3157009,51.4695344],[3.3157985,51.4695424],[3.3159373,51.4695946],[3.3157992,51.4696552],[3.3157432,51.46965],[3.3156552,51.4696417],[3.315567,51.4696507],[3.3155112,51.4696433],[3.3154225,51.4696305],[3.3153671,51.4696162]]},"properties":{"rawObjectClass":"DEPCNT","VALDCO":4.5,"depthDatum":"Approximate LAT","depthDatumCode":42,"depthDatumStatus":"VERIFIED_FROM_OFFICIAL_DOCUMENTATION","verticalDatum":"Local Datum","verticalDatumCode":24,"napIdentityStatus":"UNVERIFIED","sourceKind":"official","sourceCellId":"1R75883I","sourceStableId":"1F2B6A4B9FC675F4","sourceChecksum":"7c265c9fd48cb0677b21c9e60c88de7230e0e5b27a4f98bc2d44d93527f2082a","pipelineFeatureId":"1R75883I/DEPCNT/1281233675","provenance":{"cellId":"1R75883I","checksum":"7c265c9fd48cb0677b21c9e60c88de7230e0e5b27a4f98bc2d44d93527f2082a","readerVersion":"GDAL 3.2.2","processedAt":"2026-08-11T13:43:44.753Z"},"sourceProperties":{"RCID":1281233675,"PRIM":2,"GRUP":2,"OBJL":43,"RVER":1,"AGEN":7979,"FIDN":1783340998,"FIDS":30196,"LNAM":"1F2B6A4B9FC675F4","VALDCO":4.5,"SCAMIN":15000,"sourceCellId":"1R75883I","sourceChecksum":"7c265c9fd48cb0677b21c9e60c88de7230e0e5b27a4f98bc2d44d93527f2082a","rawObjectClass":"DEPCNT","sourceStableId":"1F2B6A4B9FC675F4"}}},{"type":"Feature","geometry":{"type":"LineString","coordinates":[[3.3095912,51.4670981],[3.3095842,51.4670982],[3.3094472,51.4670986],[3.3093085,51.4670979],[3.3093033,51.4670979],[3.309298,51.4670978],[3.3091594,51.4671086],[3.3091371,51.4671089],[3.3090154,51.4671087],[3.3089183,51.4670956],[3.3088712,51.4670758],[3.3088237,51.4670662],[3.308727,51.4670359],[3.3086319,51.4670064],[3.3086276,51.4669447],[3.3086281,51.4669165],[3.3086273,51.466855],[3.3086259,51.4668266],[3.3086783,51.4667658],[3.3086791,51.4667365],[3.3087248,51.4667082],[3.3088075,51.4666463],[3.3088682,51.4666329],[3.3089285,51.4666082],[3.3090118,51.4665753],[3.3091115,51.4666177],[3.3091562,51.4666364],[3.3091787,51.4666453],[3.3093005,51.4666918],[3.3094136,51.4667152],[3.3094447,51.4667253],[3.3094732,51.4667345],[3.3094984,51.4667677],[3.3094916,51.4668243],[3.3094974,51.4668566],[3.3094963,51.4669142],[3.3095903,51.4669678],[3.3096467,51.4670037],[3.3096462,51.4670591],[3.3096449,51.4670937],[3.3095912,51.4670981]]},"properties":{"rawObjectClass":"DEPCNT","VALDCO":4.5,"depthDatum":"Approximate LAT","depthDatumCode":42,"depthDatumStatus":"VERIFIED_FROM_OFFICIAL_DOCUMENTATION","verticalDatum":"Local Datum","verticalDatumCode":24,"napIdentityStatus":"UNVERIFIED","sourceKind":"official","sourceCellId":"1R75883I","sourceStableId":"1F2B6A4B9FC675F5","sourceChecksum":"7c265c9fd48cb0677b21c9e60c88de7230e0e5b27a4f98bc2d44d93527f2082a","pipelineFeatureId":"1R75883I/DEPCNT/1281233676","provenance":{"cellId":"1R75883I","checksum":"7c265c9fd48cb0677b21c9e60c88de7230e0e5b27a4f98bc2d44d93527f2082a","readerVersion":"GDAL 3.2.2","processedAt":"2026-08-11T13:43:44.753Z"},"sourceProperties":{"RCID":1281233676,"PRIM":2,"GRUP":2,"OBJL":43,"RVER":1,"AGEN":7979,"FIDN":1783340998,"FIDS":30197,"LNAM":"1F2B6A4B9FC675F5","VALDCO":4.5,"SCAMIN":15000,"sourceCellId":"1R75883I","sourceChecksum":"7c265c9fd48cb0677b21c9e60c88de7230e0e5b27a4f98bc2d44d93527f2082a","rawObjectClass":"DEPCNT","sourceStableId":"1F2B6A4B9FC675F5"}}},{"type":"Feature","geometry":{"type":"LineString","coordinates":[[3.3159441,51.4697815],[3.315929,51.4697745],[3.3159439,51.4697629],[3.3159901,51.4697454],[3.3160875,51.4697082],[3.3162241,51.4697737],[3.3161772,51.4698293],[3.3160882,51.4698069],[3.3159572,51.4697826],[3.3159441,51.4697815]]},"properties":{"rawObjectClass":"DEPCNT","VALDCO":4.5,"depthDatum":"Approximate LAT","depthDatumCode":42,"depthDatumStatus":"VERIFIED_FROM_OFFICIAL_DOCUMENTATION","verticalDatum":"Local Datum","verticalDatumCode":24,"napIdentityStatus":"UNVERIFIED","sourceKind":"official","sourceCellId":"1R75883I","sourceStableId":"1F2B6A4B9FC675F6","sourceChecksum":"7c265c9fd48cb0677b21c9e60c88de7230e0e5b27a4f98bc2d44d93527f2082a","pipelineFeatureId":"1R75883I/DEPCNT/1281233677","provenance":{"cellId":"1R75883I","checksum":"7c265c9fd48cb0677b21c9e60c88de7230e0e5b27a4f98bc2d44d93527f2082a","readerVersion":"GDAL 3.2.2","processedAt":"2026-08-11T13:43:44.753Z"},"sourceProperties":{"RCID":1281233677,"PRIM":2,"GRUP":2,"OBJL":43,"RVER":1,"AGEN":7979,"FIDN":1783340998,"FIDS":30198,"LNAM":"1F2B6A4B9FC675F6","VALDCO":4.5,"SCAMIN":15000,"sourceCellId":"1R75883I","sourceChecksum":"7c265c9fd48cb0677b21c9e60c88de7230e0e5b27a4f98bc2d44d93527f2082a","rawObjectClass":"DEPCNT","sourceStableId":"1F2B6A4B9FC675F6"}}},{"type":"Feature","geometry":{"type":"LineString","coordinates":[[3.3121277,51.4590565],[3.3120733,51.4590845],[3.3119844,51.4591628],[3.3119529,51.4591551],[3.3118403,51.4591332],[3.3117805,51.4591752],[3.311841,51.45923],[3.3119365,51.4592049],[3.3119847,51.4591982],[3.3120474,51.4591745],[3.3121283,51.4591524],[3.3122347,51.4590841],[3.3121277,51.4590565]]},"properties":{"rawObjectClass":"DEPCNT","VALDCO":4.5,"depthDatum":"Approximate LAT","depthDatumCode":42,"depthDatumStatus":"VERIFIED_FROM_OFFICIAL_DOCUMENTATION","verticalDatum":"Local Datum","verticalDatumCode":24,"napIdentityStatus":"UNVERIFIED","sourceKind":"official","sourceCellId":"1R75883I","sourceStableId":"1F2B6A4B9FC675F7","sourceChecksum":"7c265c9fd48cb0677b21c9e60c88de7230e0e5b27a4f98bc2d44d93527f2082a","pipelineFeatureId":"1R75883I/DEPCNT/1281233681","provenance":{"cellId":"1R75883I","checksum":"7c265c9fd48cb0677b21c9e60c88de7230e0e5b27a4f98bc2d44d93527f2082a","readerVersion":"GDAL 3.2.2","processedAt":"2026-08-11T13:43:44.753Z"},"sourceProperties":{"RCID":1281233681,"PRIM":2,"GRUP":2,"OBJL":43,"RVER":1,"AGEN":7979,"FIDN":1783340998,"FIDS":30199,"LNAM":"1F2B6A4B9FC675F7","VALDCO":4.5,"SCAMIN":15000,"sourceCellId":"1R75883I","sourceChecksum":"7c265c9fd48cb0677b21c9e60c88de7230e0e5b27a4f98bc2d44d93527f2082a","rawObjectClass":"DEPCNT","sourceStableId":"1F2B6A4B9FC675F7"}}},{"type":"Feature","geometry":{"type":"LineString","coordinates":[[3.3111217,51.4592901],[3.3110396,51.459357],[3.3111224,51.4593979],[3.3112217,51.4593843],[3.3112662,51.4593783],[3.3113582,51.4593562],[3.3113014,51.4593341],[3.311266,51.4593425],[3.3111786,51.4593022],[3.3111217,51.4592901]]},"properties":{"rawObjectClass":"DEPCNT","VALDCO":4.5,"depthDatum":"Approximate LAT","depthDatumCode":42,"depthDatumStatus":"VERIFIED_FROM_OFFICIAL_DOCUMENTATION","verticalDatum":"Local Datum","verticalDatumCode":24,"napIdentityStatus":"UNVERIFIED","sourceKind":"official","sourceCellId":"1R75883I","sourceStableId":"1F2B6A4B9FC675F8","sourceChecksum":"7c265c9fd48cb0677b21c9e60c88de7230e0e5b27a4f98bc2d44d93527f2082a","pipelineFeatureId":"1R75883I/DEPCNT/1281233688","provenance":{"cellId":"1R75883I","checksum":"7c265c9fd48cb0677b21c9e60c88de7230e0e5b27a4f98bc2d44d93527f2082a","readerVersion":"GDAL 3.2.2","processedAt":"2026-08-11T13:43:44.753Z"},"sourceProperties":{"RCID":1281233688,"PRIM":2,"GRUP":2,"OBJL":43,"RVER":1,"AGEN":7979,"FIDN":1783340998,"FIDS":30200,"LNAM":"1F2B6A4B9FC675F8","VALDCO":4.5,"SCAMIN":15000,"sourceCellId":"1R75883I","sourceChecksum":"7c265c9fd48cb0677b21c9e60c88de7230e0e5b27a4f98bc2d44d93527f2082a","rawObjectClass":"DEPCNT","sourceStableId":"1F2B6A4B9FC675F8"}}},{"type":"Feature","geometry":{"type":"LineString","coordinates":[[3.3333333,51.4741344],[3.3333296,51.4741323],[3.3332521,51.4740984],[3.3331121,51.474043],[3.3331077,51.4740406],[3.3330978,51.4740369],[3.3329634,51.4739995],[3.3328529,51.4739538],[3.332819,51.4739423],[3.3327541,51.4739137],[3.3326746,51.4738838],[3.3326394,51.4738645],[3.3325303,51.4738406],[3.3324379,51.4737751],[3.3323856,51.4737494],[3.3322857,51.4736856],[3.3322409,51.4736538],[3.3321573,51.4736339],[3.3320972,51.4736811],[3.3320892,51.4736862],[3.3320898,51.4737711],[3.3320931,51.4737761],[3.3320883,51.4737821],[3.3320979,51.4737781],[3.3321496,51.4738081],[3.3321168,51.473776],[3.3321163,51.473698],[3.3322417,51.4737558],[3.3322762,51.4737756],[3.3323863,51.4738502],[3.3324205,51.4738651],[3.3324348,51.4738951],[3.3324703,51.4739549],[3.3325316,51.4740301],[3.3325618,51.4740445],[3.3326763,51.4741173],[3.3327038,51.474134],[3.3328209,51.4742044],[3.3328676,51.4742235],[3.3329655,51.4742881],[3.3330033,51.474313],[3.3329658,51.4743364],[3.3328662,51.4743411],[3.3328218,51.4743252],[3.3327978,51.4743136],[3.3326771,51.4742388],[3.3326315,51.4742242],[3.3325327,51.4741826],[3.3324271,51.4741589],[3.3323885,51.4741512],[3.3323497,51.474135],[3.3323102,51.4740939],[3.3322443,51.4741142],[3.3321783,51.4740867],[3.3321003,51.4741101],[3.3320612,51.4741359],[3.3320744,51.4742091],[3.3320709,51.4742258],[3.3321013,51.4742487],[3.3322281,51.4743152],[3.3322459,51.4743303],[3.3323508,51.4744048],[3.3323906,51.4744417],[3.3324654,51.4744944],[3.3325355,51.474556],[3.3325726,51.474584],[3.3326431,51.4746506],[3.3326019,51.4746738],[3.3326032,51.4747154],[3.3325365,51.4746939],[3.3324639,51.4747642],[3.3323933,51.4748083],[3.3323366,51.4748544],[3.33225,51.4748985],[3.3321289,51.4749308],[3.3321063,51.4749369],[3.3320836,51.4749309],[3.331962,51.4748925],[3.3319021,51.4748557],[3.3318174,51.474817],[3.3317239,51.4747662],[3.3316729,51.4747417],[3.3315555,51.4746768],[3.3315283,51.4746634],[3.3313901,51.4745874],[3.3313838,51.4745844],[3.3313782,51.4745839],[3.3312395,51.4745408],[3.3311767,51.474498],[3.3310948,51.4744516],[3.331025,51.4744086],[3.3309501,51.47435],[3.330887,51.474319],[3.3308054,51.4742432],[3.3307772,51.4742294],[3.3307679,51.4742062],[3.3308047,51.4741572],[3.3308806,51.4741818],[3.3309488,51.4741706],[3.3310503,51.4742019],[3.3310928,51.4741725],[3.3311011,51.4741386],[3.3310925,51.4741229],[3.3310135,51.4740981],[3.3310512,51.4740488],[3.3310427,51.4740182],[3.3310273,51.473959],[3.3309609,51.4738781],[3.3309513,51.4738693],[3.33109,51.4737814],[3.3311025,51.4737867],[3.3311291,51.4737788],[3.3311369,51.4737185],[3.3311046,51.473689],[3.3310892,51.4736743],[3.3309702,51.4735994],[3.3310881,51.4735182],[3.3310973,51.4735092],[3.3312314,51.4734252],[3.3312411,51.4734249],[3.3313757,51.4734729],[3.3314729,51.4734473],[3.3315197,51.4734747],[3.3315834,51.4734577],[3.3316638,51.4734939],[3.3316981,51.4735075],[3.3318083,51.47356],[3.331892,51.4735069],[3.3319515,51.4734506],[3.3320608,51.4734165],[3.331951,51.4733878],[3.3318856,51.4733762],[3.3318068,51.4733545],[3.3316769,51.4733365],[3.3316627,51.4733339],[3.3316134,51.4733587],[3.3316373,51.4733278],[3.3315183,51.4732798],[3.3314037,51.473257],[3.3313741,51.4732478],[3.3313352,51.4732387],[3.3312296,51.4731746],[3.331189,51.4731492],[3.3311699,51.4731123],[3.3311455,51.4730594],[3.3311027,51.4729812],[3.3311209,51.4729696],[3.331105,51.4728931],[3.331228,51.4729519],[3.3312555,51.472952],[3.3313719,51.4729501],[3.3314312,51.4729687],[3.3315162,51.4729948],[3.3315591,51.4729951],[3.331779,51.4730417],[3.3318045,51.4730357],[3.3318563,51.4730574],[3.3319488,51.4730793],[3.3319932,51.4730847],[3.3320927,51.4730655],[3.3321136,51.4730567],[3.3320924,51.4730298],[3.3319838,51.4729672],[3.3319478,51.4729462],[3.3318328,51.4728777],[3.3318033,51.472872],[3.3316654,51.4727882],[3.3316587,51.4727861],[3.3316521,51.4727841],[3.3315146,51.4727625],[3.3314321,51.4727375],[3.3313704,51.4727403],[3.331306,51.4726993],[3.331226,51.4726791],[3.3311708,51.4726653],[3.3310819,51.4726656],[3.3309499,51.4726104],[3.3309296,51.4726055],[3.3307934,51.4725864],[3.3307402,51.4725778],[3.3306493,51.4725773],[3.3305131,51.4725217],[3.3305049,51.4725192],[3.3304878,51.4725111],[3.3303606,51.4724716],[3.3302361,51.4724326],[3.3302163,51.4724296],[3.3302071,51.4724269],[3.3300722,51.4724019],[3.3300208,51.4724011],[3.3299282,51.4724021],[3.3297865,51.4723456],[3.3297838,51.4723448],[3.3297811,51.4723439],[3.3296395,51.4722969],[3.3295656,51.4722984],[3.3294955,51.4722972],[3.3293657,51.4722552],[3.3293512,51.4722505],[3.3293357,51.4722456],[3.3292069,51.4722083],[3.3290626,51.472166],[3.3290564,51.4721623],[3.328918,51.47208],[3.3288522,51.472118],[3.3288259,51.4720769],[3.3287752,51.4720763],[3.328774,51.4720763],[3.3287702,51.472077],[3.3286307,51.4721665],[3.3286295,51.4721673],[3.3284869,51.4721977],[3.3283932,51.4721994],[3.3283429,51.4721913],[3.3282554,51.4722036],[3.328199,51.4721978],[3.3280549,51.4721834],[3.3279215,51.4721693],[3.3279108,51.4721676],[3.3279081,51.4721677],[3.3277667,51.4721519],[3.3277304,51.4721472],[3.3276226,51.4721352],[3.3274819,51.4721686],[3.3274789,51.4721691],[3.3273351,51.4721708],[3.3273349,51.4721709],[3.3273342,51.4721705],[3.3273099,51.472171],[3.327191,51.4721895],[3.3271154,51.472219],[3.3270476,51.4722612],[3.3270444,51.4722617],[3.326973,51.472305],[3.3270355,51.4723516],[3.3270483,51.4723602],[3.3270702,51.4723652],[3.3271924,51.4723742],[3.3273336,51.4724387],[3.3273368,51.4724388],[3.3273385,51.4724407],[3.3274812,51.4724913],[3.3275667,51.47253],[3.3276259,51.4725905],[3.3277223,51.4725295],[3.3277693,51.4725166],[3.3277854,51.4725294],[3.3277695,51.4725407],[3.327644,51.4726197],[3.3276748,51.4726499],[3.3276988,51.4727094],[3.327771,51.4727551],[3.3278616,51.4727989],[3.3279156,51.4728336],[3.3280491,51.4728883],[3.32806,51.4728947],[3.328079,51.4729001],[3.3282045,51.4729707],[3.328224,51.4729777],[3.328349,51.4730462],[3.3283738,51.4730672],[3.3284937,51.473136],[3.3285246,51.4731567],[3.3286382,51.4732215],[3.3286695,51.4732462],[3.3287829,51.4733132],[3.3288235,51.4733357],[3.3289275,51.4734041],[3.3289662,51.4734252],[3.3290722,51.4734958],[3.3291088,51.4735148],[3.3292168,51.473588],[3.3292677,51.4735724],[3.3293608,51.4735878],[3.3293867,51.4736039],[3.3295054,51.473679],[3.3295285,51.4736934],[3.32965,51.4737529],[3.3296982,51.4737829],[3.3297946,51.4738419],[3.329875,51.4737824],[3.3298093,51.4737025],[3.329938,51.4737622],[3.3299807,51.4737821],[3.3300825,51.4738387],[3.3301056,51.4738716],[3.3302273,51.4739472],[3.3302561,51.4739611],[3.3303719,51.4740291],[3.3304195,51.4740506],[3.3305164,51.4741101],[3.3305904,51.47414],[3.3305171,51.4742006],[3.3303724,51.4741096],[3.3302771,51.474051],[3.3302278,51.4740154],[3.3301408,51.4739615],[3.3300832,51.4739262],[3.3299933,51.4738719],[3.3299385,51.473831],[3.3298581,51.4738723],[3.3299392,51.4739246],[3.3299971,51.4739619],[3.3299397,51.4739987],[3.3298614,51.4739622],[3.3297952,51.4739234],[3.3296505,51.4738324],[3.3295258,51.4737833],[3.329506,51.4737569],[3.3294698,51.4737609],[3.3293617,51.4737081],[3.3293331,51.473694],[3.3292172,51.4736367],[3.329134,51.4736046],[3.3290727,51.4735755],[3.3289838,51.4735496],[3.3289284,51.4735257],[3.3287839,51.4734494],[3.3287398,51.4734259],[3.3286393,51.4733716],[3.3285583,51.4733365],[3.3284949,51.4733089],[3.3283571,51.4732471],[3.3283504,51.4732419],[3.3283342,51.4732371],[3.328206,51.4731852],[3.3281409,51.4731578],[3.3280616,51.4731248],[3.3279919,51.4730683],[3.327917,51.4730312],[3.3278225,51.4729789],[3.3277724,51.4729535],[3.3276585,51.4728894],[3.3276279,51.4728737],[3.3274857,51.4728],[3.3274834,51.4727986],[3.3274761,51.4727955],[3.3273391,51.4727546],[3.3271942,51.4727105],[3.3270504,51.4726551],[3.3269962,51.4726215],[3.3269056,51.4725461],[3.326859,51.4725611],[3.3268595,51.472532],[3.3267614,51.4725094],[3.3266381,51.4724427],[3.3266169,51.472435],[3.326517,51.4723531],[3.3264722,51.472332],[3.3263687,51.4722891],[3.3264011,51.4723534],[3.3264727,51.4724088],[3.3265804,51.4724428],[3.3265674,51.472474],[3.3266176,51.4725304],[3.3266194,51.4725326],[3.3266176,51.4725349],[3.3265669,51.4726227],[3.3264746,51.4726656],[3.3263827,51.4726232],[3.3263809,51.4725914],[3.3263302,51.4726115],[3.3262564,51.4725776],[3.3262513,51.4726236],[3.3261864,51.4726441],[3.3261208,51.4726239],[3.326115,51.4725783],[3.3260421,51.4726008],[3.3259907,51.4725922],[3.3258979,51.4725694],[3.32579,51.4725575],[3.3257538,51.4725481],[3.3256583,51.4726252],[3.3257548,51.4726846],[3.325803,51.4727147],[3.3258995,51.4727926],[3.3259183,51.4728043],[3.3259661,51.4728455],[3.3258999,51.4728443],[3.3258604,51.4728696],[3.3257559,51.4728426],[3.3256697,51.472805],[3.3256115,51.4727823],[3.325511,51.4727429],[3.3254672,51.472742],[3.3253247,51.4727171],[3.3253231,51.4727168],[3.3253199,51.4727181],[3.3252583,51.4727162],[3.3251791,51.4727139],[3.3250507,51.472707],[3.3250351,51.4727114],[3.3250191,51.472707],[3.3249188,51.4727172],[3.3250352,51.472727],[3.3251047,51.4728066],[3.3250364,51.4728923],[3.3250295,51.4728967],[3.3250285,51.4729017],[3.3249186,51.4729869],[3.3250375,51.4730479],[3.3250725,51.4730764],[3.3251822,51.473155],[3.3251995,51.473166],[3.3253268,51.4732436],[3.3253461,51.4732555],[3.3254714,51.4733343],[3.3254887,51.473345],[3.3255928,51.4734202],[3.3256115,51.4734346],[3.3254728,51.4735214],[3.3253325,51.4734354],[3.3253282,51.4734327],[3.3252103,51.4733458],[3.3251834,51.4733214],[3.3250788,51.4732562],[3.325121,51.4732047],[3.3250388,51.473242],[3.3249169,51.4731668],[3.3248942,51.4731501],[3.3248155,51.473118],[3.3248141,51.4731671],[3.3248947,51.4732195],[3.324954,51.4732566],[3.3250392,51.4732897],[3.3251309,51.473346],[3.3251837,51.4733661],[3.3253227,51.4734354],[3.3253283,51.4734505],[3.3254426,51.473525],[3.3254729,51.4735336],[3.3255979,51.4736145],[3.3256175,51.4736274],[3.3257428,51.473704],[3.3257621,51.4737158],[3.3257749,51.4737039],[3.325762,51.4736982],[3.3256274,51.4736144],[3.3256174,51.4736081],[3.3254799,51.4735249],[3.3256162,51.4734382],[3.3257542,51.4735241],[3.3257608,51.4735281],[3.3258402,51.4736138],[3.3259057,51.4736626],[3.3259619,51.4737034],[3.3259283,51.4737798],[3.3259342,51.4737934],[3.3260512,51.4738677],[3.3261525,51.4738192],[3.3260633,51.4738829],[3.3261958,51.4739553],[3.3263248,51.4738913],[3.3263393,51.473891],[3.3263681,51.473972],[3.3264845,51.4740534],[3.3265102,51.4740615],[3.326629,51.4741345],[3.3266652,51.474151],[3.3267381,51.4742186],[3.326765,51.4742407],[3.3267738,51.4742461],[3.3269073,51.4743302],[3.3269184,51.4743358],[3.3270133,51.4744198],[3.3270634,51.4744731],[3.3271108,51.4745095],[3.3272082,51.4745865],[3.3272287,51.474599],[3.3272505,51.4746252],[3.3272085,51.4746255],[3.3271605,51.474659],[3.3270645,51.4746336],[3.3270295,51.4745996],[3.3269198,51.4745249],[3.3268711,51.4745101],[3.3267754,51.4744732],[3.326678,51.4744207],[3.3266309,51.4743915],[3.3265202,51.4743313],[3.3264863,51.4743061],[3.3263556,51.4742418],[3.3263418,51.4742331],[3.3262882,51.4742086],[3.3261972,51.4741556],[3.3261884,51.4741523],[3.3260527,51.474076],[3.3260246,51.4740629],[3.3259081,51.4739978],[3.3258525,51.4739734],[3.3257637,51.4739304],[3.3256674,51.473884],[3.3256191,51.4738547],[3.3255056,51.4737946],[3.3254746,51.4737782],[3.3253333,51.4737051],[3.3253397,51.4736991],[3.3253301,51.4737011],[3.3253107,51.4736931],[3.3251856,51.4736281],[3.3251615,51.4736157],[3.3250412,51.4735686],[3.3249798,51.4735263],[3.3248965,51.4734683],[3.3247949,51.4734369],[3.3247521,51.4734159],[3.3247092,51.4734103],[3.3246078,51.473367],[3.3244866,51.4734377],[3.3244644,51.4734488],[3.3244351,51.4734379],[3.3243227,51.4733501],[3.3244641,51.4734102],[3.3245499,51.4733476],[3.3244633,51.4733012],[3.3243211,51.4733474],[3.3243197,51.4733476],[3.3243166,51.4733483],[3.3241758,51.4733648],[3.3240869,51.4733489],[3.3240316,51.4733242],[3.3239261,51.4732594],[3.323887,51.4732457],[3.3238556,51.47324],[3.3237431,51.4732558],[3.3237388,51.4732572],[3.3235989,51.4732238],[3.3234798,51.4731865],[3.3234546,51.4731787],[3.3234227,51.4731709],[3.3233104,51.4731463],[3.3231662,51.4731136],[3.3230527,51.4731011],[3.3230221,51.4731011],[3.3229877,51.4731037],[3.3228782,51.4731178],[3.3227659,51.4731531],[3.3227343,51.4731238],[3.3226815,51.473173],[3.3225909,51.473207],[3.3225009,51.4732298],[3.3224471,51.473239],[3.3224082,51.4732393],[3.3223031,51.4732269],[3.3222166,51.4732282],[3.3221591,51.4732283],[3.3220154,51.4732646],[3.3220152,51.4732646],[3.3220147,51.4732647],[3.3218884,51.4732756],[3.3218715,51.4732745],[3.3218449,51.4732818],[3.3218008,51.4732653],[3.3217626,51.4732433],[3.3217273,51.473253],[3.3217099,51.4732547],[3.3215833,51.4732449],[3.3215399,51.4732389],[3.3214393,51.4732398],[3.3212977,51.4732653],[3.3212955,51.4732649],[3.3211528,51.4732662],[3.3211515,51.4732664],[3.3211501,51.4732662],[3.3211462,51.4732671],[3.3210076,51.4732801],[3.3209398,51.4732676],[3.3208949,51.4732481],[3.3208635,51.473254],[3.3208323,51.4732485],[3.3207194,51.4732501],[3.3206986,51.4732553],[3.3205753,51.4732325],[3.3204787,51.4732087],[3.3204312,51.4732144],[3.3203585,51.4732248],[3.3202872,51.4732111],[3.3202387,51.4731796],[3.3201428,51.4731536],[3.3200693,51.4731343],[3.3199986,51.4731159],[3.3198544,51.4730909],[3.3198541,51.4730908],[3.3198544,51.4730906],[3.3199564,51.4730644],[3.3199046,51.4730007],[3.3199554,51.4729369],[3.3198993,51.4729108],[3.319853,51.4728832],[3.3197538,51.4728213],[3.3197084,51.4728003],[3.319564,51.4727347],[3.3195595,51.4727319],[3.3195469,51.4727213],[3.3194534,51.4726423],[3.3194188,51.4725626],[3.3192986,51.4725676],[3.3192748,51.4725583],[3.3192658,51.4725529],[3.3191302,51.4724693],[3.3191208,51.4724634],[3.3189856,51.4723798],[3.3189576,51.4723914],[3.3189702,51.4723738],[3.3188412,51.4723195],[3.3187873,51.4722844],[3.3186966,51.4722303],[3.3185699,51.472285],[3.3186975,51.4723676],[3.3187095,51.4723746],[3.31872,51.4723885],[3.3187832,51.4724643],[3.3188428,51.4725464],[3.3188486,51.472554],[3.318856,51.4725622],[3.3188428,51.4725555],[3.3188405,51.472554],[3.3186983,51.4724827],[3.3186627,51.4724646],[3.3185539,51.4724087],[3.3184995,51.4723751],[3.3184093,51.4723268],[3.3183433,51.4722856],[3.3182647,51.4722426],[3.3181965,51.4722434],[3.3181206,51.4722202],[3.3180339,51.4722508],[3.3180195,51.4721966],[3.3181199,51.4721209],[3.3181437,51.4721212],[3.3182639,51.4721208],[3.3183243,51.4721435],[3.318408,51.4721403],[3.3184614,51.4721055],[3.3184285,51.4720925],[3.3184077,51.4721003],[3.3183544,51.4720726],[3.3182635,51.4720699],[3.3181776,51.47207],[3.3182341,51.4720162],[3.3182414,51.4720026],[3.3182151,51.4719263],[3.318262,51.4718511],[3.3182944,51.4718564],[3.3184063,51.4719],[3.3184714,51.4719256],[3.3185507,51.4719614],[3.3186855,51.471925],[3.3186943,51.471906],[3.3187189,51.4718506],[3.3187081,51.471835],[3.3188375,51.4717913],[3.3188759,51.4717447],[3.318837,51.4717131],[3.3187554,51.4716551],[3.3186922,51.4716013],[3.3186435,51.4715655],[3.3185474,51.4714787],[3.3185433,51.4714758],[3.3185473,51.4714731],[3.3185549,51.4714711],[3.3185672,51.4714758],[3.3186915,51.4715016],[3.3187552,51.471515],[3.3188356,51.4715226],[3.3189416,51.4714747],[3.3189324,51.4714456],[3.3189121,51.4713849],[3.3189785,51.4713581],[3.3190622,51.4713845],[3.3190417,51.4714353],[3.3191228,51.4714035],[3.3191846,51.4714227],[3.319267,51.4714392],[3.3193481,51.4714736],[3.3193901,51.4714868],[3.3193355,51.4715636],[3.3194122,51.4716109],[3.3194908,51.4716531],[3.3195567,51.4716965],[3.31964,51.4717426],[3.3197013,51.4717806],[3.3198033,51.4718321],[3.3198458,51.4718607],[3.3199658,51.4719215],[3.3199903,51.4719367],[3.3200754,51.4719742],[3.3201347,51.4719845],[3.3202199,51.4720108],[3.3202789,51.4720254],[3.3203184,51.4720351],[3.3203939,51.4720103],[3.3204132,51.4720043],[3.3204228,51.4720082],[3.3204276,51.4720102],[3.3205672,51.4720753],[3.3206311,51.4720596],[3.320711,51.4720409],[3.3208142,51.4720735],[3.3208487,51.472009],[3.3207909,51.4719589],[3.3208099,51.4719192],[3.320854,51.4719028],[3.3209573,51.4718541],[3.3209975,51.4718438],[3.3210269,51.471847],[3.3211415,51.471844],[3.3211618,51.471841],[3.3212856,51.4718556],[3.3213394,51.4718614],[3.3214296,51.471861],[3.3215463,51.4718443],[3.3215735,51.471849],[3.3216773,51.4718269],[3.3217094,51.4718219],[3.3217173,51.4718233],[3.3217359,51.4718268],[3.3218615,51.4718506],[3.3219143,51.4718592],[3.3220055,51.4718671],[3.3221035,51.4718258],[3.3221491,51.4718066],[3.3222082,51.4717885],[3.3222927,51.4717589],[3.322359,51.4717765],[3.3224367,51.4717613],[3.3225145,51.4718246],[3.3225815,51.4718667],[3.3226878,51.4718476],[3.3227253,51.4718465],[3.3227813,51.4718589],[3.322734,51.471824],[3.3227251,51.4718146],[3.3226682,51.4717888],[3.3225808,51.4717687],[3.3224999,51.4717348],[3.3225255,51.4717005],[3.3224998,51.4716448],[3.3225015,51.4716037],[3.3224994,51.4715549],[3.3225201,51.4715017],[3.3225206,51.471465],[3.3224851,51.4714334],[3.3225481,51.471375],[3.3224334,51.4712934],[3.3223737,51.4712855],[3.3224104,51.4712095],[3.3224088,51.4711955],[3.3222884,51.4711476],[3.3222391,51.4711061],[3.3221877,51.4710438],[3.322229,51.4710162],[3.3221875,51.4709887],[3.3222214,51.4709263],[3.3221866,51.470864],[3.3221713,51.4708365],[3.3221419,51.4707814],[3.3221146,51.4707467],[3.3221158,51.4706726],[3.3221279,51.4706568],[3.3221138,51.4706399],[3.3220721,51.470567],[3.3221399,51.470506],[3.3222279,51.4704767],[3.3221396,51.4704574],[3.3220508,51.4703872],[3.3219946,51.4703192],[3.3219605,51.4702976],[3.3219591,51.4702756],[3.3219049,51.4702078],[3.3219589,51.4701392],[3.3219207,51.4701178],[3.3218837,51.4700963],[3.321923,51.4700279],[3.3218483,51.4699816],[3.3217381,51.4699597],[3.3217041,51.4699494],[3.3216699,51.4699387],[3.3215597,51.4698927],[3.3215049,51.4698492],[3.3215589,51.4697813],[3.3216202,51.469759],[3.3215587,51.4697449],[3.3214977,51.4697213],[3.3214144,51.4696987],[3.3213843,51.4696697],[3.3212699,51.4696253],[3.3211557,51.4695991],[3.3211257,51.4695954],[3.3210802,51.4695806],[3.3209815,51.46956],[3.3209403,51.4695553],[3.3208375,51.4695573],[3.3207908,51.4695523],[3.3206933,51.4695258],[3.3205671,51.4695033],[3.3205492,51.4695001],[3.320502,51.4694923],[3.320405,51.4694689],[3.3203671,51.469469],[3.3202609,51.4694499],[3.3201648,51.4694332],[3.3201167,51.4694248],[3.3200003,51.4694037],[3.3201161,51.4693291],[3.3202354,51.4693286],[3.32026,51.4693209],[3.3203046,51.469313],[3.3202599,51.4693069],[3.3202474,51.4693054],[3.3201159,51.4693056],[3.3200702,51.4693136],[3.3199724,51.4693728],[3.3199145,51.4693678],[3.3198282,51.469343],[3.3197311,51.4693438],[3.3196842,51.4693286],[3.3195668,51.4693316],[3.3195402,51.4693262],[3.3195037,51.4693152],[3.3195399,51.4692808],[3.3196351,51.4692552],[3.3196837,51.4692595],[3.3197329,51.4692246],[3.3196834,51.4692165],[3.3196568,51.4692083],[3.3195392,51.4691875],[3.3194944,51.4691973],[3.3193952,51.4691833],[3.3193136,51.4691748],[3.3192512,51.4691758],[3.3191218,51.4691364],[3.3191069,51.4691299],[3.3190768,51.4691178],[3.3189626,51.4690816],[3.3188473,51.4690472],[3.3188183,51.4690414],[3.3188033,51.4690379],[3.3186743,51.4690353],[3.3185897,51.468958],[3.3186733,51.468881],[3.3188085,51.4688729],[3.3188172,51.4688708],[3.3188351,51.4688674],[3.3188171,51.4688623],[3.3187992,51.4688564],[3.318673,51.4688432],[3.3186165,51.4688132],[3.3186446,51.468778],[3.3185281,51.4687055],[3.3184734,51.4686886],[3.3183836,51.4686337],[3.3183548,51.468599],[3.3183833,51.4685871],[3.3184062,51.4685845],[3.3185272,51.4685825],[3.318559,51.4685785],[3.3186712,51.4685806],[3.3187835,51.468578],[3.3188152,51.4685863],[3.3189033,51.4685075],[3.3188189,51.4684209],[3.3188239,51.4684178],[3.3189579,51.4684048],[3.3189842,51.468401],[3.3191018,51.4684007],[3.319135,51.4683963],[3.3192458,51.468405],[3.3192776,51.4683967],[3.3193897,51.468396],[3.3195007,51.4683261],[3.3195331,51.4683097],[3.3195596,51.4683093],[3.3196768,51.468282],[3.3197463,51.468282],[3.3198207,51.4682723],[3.319914,51.4682667],[3.3199647,51.4682667],[3.3200161,51.4682669],[3.3201086,51.4682664],[3.3202133,51.4682587],[3.3202525,51.4682559],[3.320362,51.4682554],[3.3203965,51.4682551],[3.3204406,51.4682611],[3.3205405,51.4682618],[3.3205929,51.4682659],[3.3206845,51.468264],[3.3207609,51.4682804],[3.3208286,51.4682801],[3.3209675,51.4683221],[3.3209728,51.4683228],[3.3211169,51.4683329],[3.3211402,51.4683361],[3.3212609,51.4683464],[3.3213151,51.4683549],[3.3214049,51.4683531],[3.3214668,51.4683593],[3.321549,51.46836],[3.3216573,51.4683878],[3.3216931,51.4683872],[3.3218095,51.4684097],[3.3218331,51.4684122],[3.3218373,51.4684113],[3.3218408,51.4684118],[3.3219813,51.4684222],[3.3220048,51.4684239],[3.3221252,51.4684123],[3.3221335,51.468414],[3.3222693,51.4684301],[3.3223281,51.4684449],[3.3224135,51.4684586],[3.3225464,51.4684976],[3.322555,51.4684993],[3.3225577,51.4684989],[3.3225604,51.4684993],[3.3227017,51.4685003],[3.3227084,51.4685014],[3.3228457,51.4685126],[3.322875,51.4685149],[3.3229898,51.4685244],[3.3230715,51.4685471],[3.323134,51.4685553],[3.3231801,51.4684958],[3.3231332,51.4684479],[3.3229956,51.4684064],[3.3229992,51.4684],[3.3229889,51.4683927],[3.3228854,51.4683168],[3.3229878,51.4682429],[3.3229998,51.4682266],[3.3231314,51.4681985],[3.3231846,51.4681929],[3.3232753,51.468177],[3.3233653,51.4681918],[3.3234193,51.4681927],[3.323509,51.4682252],[3.3235637,51.4682519],[3.3236199,51.46826],[3.3237079,51.4682747],[3.3237875,51.4682741],[3.3238519,51.4682875],[3.3239798,51.4683138],[3.3239594,51.4683368],[3.3239962,51.4683368],[3.3240292,51.4683343],[3.3241405,51.4683863],[3.3242491,51.468403],[3.3242486,51.4684256],[3.3242419,51.4684929],[3.3242854,51.4685066],[3.3244073,51.4685824],[3.3244299,51.4685873],[3.3244397,51.4685884],[3.3245739,51.4685877],[3.324583,51.4685876],[3.3247179,51.4686021],[3.324784,51.4686225],[3.3248621,51.4686334],[3.3249404,51.4686708],[3.3250065,51.4686884],[3.3250563,51.4687015],[3.3251506,51.4687124],[3.3252184,51.4687124],[3.3252946,51.46872],[3.3254225,51.4687594],[3.3254389,51.4687637],[3.3254485,51.4687653],[3.3255831,51.4687961],[3.3256629,51.4688085],[3.3258305,51.4688227],[3.3258713,51.4688265],[3.3259325,51.4688479],[3.3260156,51.4688712],[3.3260635,51.4688774],[3.3261597,51.4688959],[3.3262577,51.4689081],[3.3263037,51.468904],[3.3264285,51.4689364],[3.326448,51.4689404],[3.3264551,51.4689408],[3.326592,51.4689502],[3.3266215,51.4689543],[3.3267359,51.4689422],[3.3267572,51.4689488],[3.3267993,51.4689354],[3.3268008,51.4688947],[3.3268384,51.4688454],[3.3268358,51.4687823],[3.3268377,51.4687555],[3.3268343,51.4687279],[3.3268284,51.4686656],[3.3267336,51.4686251],[3.3266167,51.4685762],[3.3265893,51.4685652],[3.3265333,51.4685416],[3.3264449,51.468505],[3.3263999,51.4684869],[3.3263005,51.4684471],[3.3261826,51.4683976],[3.3261561,51.4683912],[3.3261436,51.4683899],[3.326012,51.4683755],[3.3259671,51.4683702],[3.325868,51.4683701],[3.3257704,51.4683379],[3.3257238,51.4683282],[3.3256144,51.4683093],[3.3255796,51.4683064],[3.3255725,51.4683049],[3.3254357,51.4683034],[3.3254217,51.4683011],[3.3252915,51.4682798],[3.3252435,51.4682803],[3.3251475,51.4682693],[3.3250113,51.468221],[3.325009,51.4682173],[3.3250032,51.4682189],[3.3249952,51.4682161],[3.3249785,51.4682211],[3.3248594,51.4682444],[3.3247451,51.4682218],[3.3247152,51.4682156],[3.3247008,51.4682129],[3.324571,51.4681878],[3.3244887,51.4681712],[3.3244269,51.4681574],[3.3243034,51.4681331],[3.3242827,51.4681309],[3.3242772,51.4681297],[3.3241387,51.4681303],[3.3241279,51.4681268],[3.3239945,51.4680986],[3.3239072,51.4680797],[3.3238504,51.4680788],[3.3237225,51.4680448],[3.3237062,51.4680436],[3.3237035,51.4680431],[3.3235622,51.4680417],[3.323553,51.4680395],[3.3234181,51.4680183],[3.3233303,51.4679911],[3.323274,51.4679913],[3.3232342,51.4679562],[3.3231296,51.4679327],[3.3230306,51.4678951],[3.3229852,51.4678811],[3.3229521,51.467867],[3.3228408,51.4678103],[3.3227098,51.4677778],[3.3228402,51.4677216],[3.322893,51.4676874],[3.3228498,51.4676041],[3.3228464,51.4675976],[3.3228392,51.4675931],[3.3227537,51.4675079],[3.3226944,51.4674722],[3.3225988,51.4674487],[3.3225502,51.4674312],[3.3225146,51.4674187],[3.3225013,51.4673884],[3.3225485,51.4673286],[3.3224049,51.4672413],[3.3223987,51.4672391],[3.3222603,51.4671515],[3.3222591,51.4671496],[3.3222603,51.4671489],[3.3223686,51.4670594],[3.3224034,51.4670375],[3.3224489,51.4670308],[3.3225471,51.466995],[3.3226834,51.4669686],[3.3226909,51.4669653],[3.3227615,51.4668785],[3.3226901,51.4668618],[3.3226509,51.4668543],[3.3225461,51.4668494],[3.3224751,51.466835],[3.3224019,51.4668264],[3.3222592,51.4667909],[3.3222577,51.4667907],[3.3222565,51.4667899],[3.3221134,51.4667427],[3.3220304,51.4667387],[3.3219694,51.4667278],[3.3218881,51.4667519],[3.3218252,51.4667035],[3.3218228,51.4667012],[3.3218252,51.4667003],[3.3219265,51.466611],[3.3218241,51.466537],[3.321721,51.4665217],[3.3216799,51.466503],[3.3216171,51.4664828],[3.3215356,51.466465],[3.3214568,51.4664325],[3.3213914,51.4664213],[3.3213601,51.4664133],[3.3212472,51.4663904],[3.3211122,51.4663493],[3.3211029,51.4663479],[3.3210753,51.4663436],[3.3209589,51.4663355],[3.3209389,51.4663315],[3.3208148,51.4663128],[3.3207134,51.4662814],[3.3206705,51.4662727],[3.3206132,51.4662549],[3.3205263,51.4662415],[3.3204971,51.466237],[3.3203823,51.4662302],[3.3203246,51.4662198],[3.3202382,51.4662138],[3.3201288,51.466188],[3.3200941,51.466184],[3.3200362,51.4661666],[3.3199499,51.4661492],[3.3199214,51.4661491],[3.3198059,51.4661426],[3.3197501,51.4661326],[3.3196618,51.4661252],[3.3195527,51.4660999],[3.3195176,51.4660968],[3.3194571,51.4660783],[3.3193734,51.4660562],[3.3192474,51.4660677],[3.3192295,51.466066],[3.3192087,51.4660659],[3.3190854,51.466044],[3.3190197,51.4660384],[3.3189413,51.4660325],[3.3188455,51.46599],[3.3187968,51.4659516],[3.3187351,51.4659517],[3.3186528,51.465942],[3.3185575,51.4659313],[3.3185087,51.4659306],[3.3184438,51.4659012],[3.3183642,51.4658524],[3.3183133,51.4658116],[3.3182196,51.4657522],[3.318092,51.4657326],[3.3180755,51.4657324],[3.3180275,51.4657225],[3.3180225,51.4656896],[3.3180185,51.4656326],[3.3180563,51.4656209],[3.3180747,51.4656242],[3.3181296,51.4656323],[3.3182189,51.4656605],[3.3183017,51.4656318],[3.3183626,51.4656188],[3.3183938,51.4656316],[3.318507,51.4656806],[3.3185864,51.4656806],[3.318651,51.4656804],[3.3187455,51.4656614],[3.3187947,51.4656512],[3.318888,51.4656302],[3.3189249,51.4656216],[3.3189385,51.4656245],[3.3190759,51.4656256],[3.3190825,51.4656263],[3.3191232,51.4656296],[3.3191225,51.4656948],[3.3192267,51.4656607],[3.3192592,51.4656496],[3.3193707,51.4656765],[3.3194645,51.4656872],[3.3195148,51.4656934],[3.319602,51.4656828],[3.3196587,51.4656883],[3.3197714,51.4656982],[3.3198028,51.4657028],[3.3198982,51.4657174],[3.3199469,51.4657275],[3.3199633,51.4657274],[3.3200909,51.4657381],[3.320131,51.4657418],[3.320235,51.4657585],[3.3203251,51.4657724],[3.3203791,51.465777],[3.3204926,51.4657866],[3.3205232,51.4657914],[3.3206116,51.4658053],[3.3206673,51.4658153],[3.3206859,51.4658168],[3.3208114,51.4658345],[3.3208754,51.4658445],[3.3209555,51.4658577],[3.3210701,51.4658755],[3.3210997,51.4658801],[3.3211882,51.4658937],[3.3212438,51.4659024],[3.3212624,51.4659051],[3.3213879,51.4659245],[3.321454,51.4659342],[3.321532,51.4659402],[3.3216393,51.4659594],[3.3216761,51.4659727],[3.3217689,51.465982],[3.3218202,51.4659899],[3.3218373,51.4659925],[3.3219644,51.4660246],[3.3220798,51.4660531],[3.3221086,51.4660611],[3.3221977,51.4660708],[3.3222527,51.4660782],[3.3222712,51.4660821],[3.3223969,51.466109],[3.3224758,51.4661193],[3.322541,51.4661335],[3.3226671,51.4661481],[3.3226851,51.4661503],[3.3227399,51.4661592],[3.3228292,51.4661736],[3.3228616,51.4661791],[3.3229734,51.4662024],[3.323068,51.4662173],[3.3231175,51.466225],[3.3232301,51.4662478],[3.3232617,51.4662542],[3.3232757,51.4662564],[3.3234058,51.466276],[3.3234613,51.4662817],[3.3235499,51.466291],[3.323627,51.4662948],[3.3236938,51.4662946],[3.3237778,51.4662987],[3.3238379,51.4663021],[3.3239219,51.4662832],[3.3239818,51.466299],[3.324066,51.4662454],[3.3239812,51.4662166],[3.3238821,51.466156],[3.3238367,51.466133],[3.3237693,51.4661144],[3.3236924,51.4660927],[3.3236409,51.4660668],[3.3235478,51.466001],[3.323408,51.4659802],[3.3234037,51.4659787],[3.3233984,51.4659775],[3.3232591,51.4658924],[3.3232267,51.4658881],[3.3232522,51.4658837],[3.3232591,51.4658853],[3.3233834,51.4658755],[3.323403,51.4658791],[3.3234622,51.4658874],[3.3235473,51.465928],[3.3235984,51.4659451],[3.3236912,51.4659254],[3.3237526,51.465925],[3.3238352,51.4659336],[3.3239194,51.4659387],[3.3239792,51.465939],[3.3241007,51.4659614],[3.3241233,51.4659554],[3.3242598,51.4659704],[3.3242674,51.4659728],[3.3242716,51.4659725],[3.3242984,51.465975],[3.3244114,51.4659817],[3.3244254,51.4659834],[3.3245553,51.4659728],[3.3245581,51.4659743],[3.3246996,51.4660178],[3.3247848,51.4660269],[3.3248436,51.4660229],[3.3249842,51.4660608],[3.3249878,51.4660616],[3.3249925,51.466063],[3.3251319,51.4660844],[3.325178,51.4660913],[3.325276,51.4660998],[3.3253466,51.4661061],[3.32542,51.4661018],[3.3255072,51.466116],[3.3255641,51.4661254],[3.3256749,51.4661511],[3.3257083,51.4661563],[3.3257182,51.4661571],[3.3258523,51.4661568],[3.3258661,51.4661591],[3.3259964,51.466182],[3.3260609,51.4661902],[3.3261405,51.4662003],[3.3262543,51.4662204],[3.3262846,51.4662258],[3.3264273,51.4662381],[3.3264287,51.466238],[3.3264339,51.4662389],[3.3265728,51.4662563],[3.3266084,51.4662606],[3.3267168,51.4662697],[3.326782,51.4662786],[3.3268608,51.4662732],[3.3269322,51.466282],[3.3270048,51.4662818],[3.3270848,51.466287],[3.3271488,51.4662879],[3.3272213,51.4662813],[3.3272928,51.4662822],[3.3274353,51.4662361],[3.3274364,51.4662351],[3.3274939,51.466146],[3.3275792,51.4660784],[3.3276071,51.4660558],[3.3277226,51.4660028],[3.3278394,51.4660551],[3.3278671,51.4660697],[3.3279149,51.4660549],[3.3280105,51.4659938],[3.3280567,51.4659646],[3.3280102,51.4659527],[3.3279772,51.4659442],[3.327866,51.4659216],[3.3278158,51.4658753],[3.3277213,51.4658218],[3.3276053,51.465786],[3.327577,51.4657691],[3.3274423,51.4657027],[3.3274325,51.4656977],[3.3274289,51.4656966],[3.3274209,51.4656894],[3.3273046,51.465607],[3.3272879,51.4655979],[3.3272485,51.4655826],[3.3271436,51.4655562],[3.3270919,51.4655177],[3.3269991,51.4654796],[3.3269289,51.4654743],[3.326855,51.4654653],[3.3267152,51.4654315],[3.3267064,51.4654289],[3.3265665,51.4653772],[3.3264466,51.4653548],[3.3264223,51.4653479],[3.3263668,51.4653399],[3.3262781,51.4653165],[3.3262127,51.4652995],[3.3261339,51.4652727],[3.3260236,51.4652509],[3.3259896,51.4652301],[3.3259402,51.4652203],[3.3258453,51.4651845],[3.3257111,51.465168],[3.3257012,51.4651655],[3.3256814,51.465162],[3.3255567,51.4650868],[3.3255331,51.4650724],[3.3255315,51.4650568],[3.3254932,51.4649826],[3.3254119,51.4649623],[3.3253528,51.4649462],[3.3252677,51.4649341],[3.3251545,51.4648937],[3.3251234,51.4648856],[3.3251003,51.4648794],[3.3249792,51.4648469],[3.3248608,51.4648046],[3.3248349,51.4648003],[3.3248202,51.4647955],[3.3246908,51.464772],[3.3245839,51.4647387],[3.3245466,51.4647454],[3.3244987,51.4647156],[3.3244024,51.4647028],[3.3243642,51.4646922],[3.3242582,51.4646771],[3.3241233,51.4646268],[3.3241139,51.4646245],[3.3241097,51.4646242],[3.3239698,51.4646083],[3.3239224,51.4645977],[3.3238257,51.4645871],[3.3237038,51.4645519],[3.3236815,51.4645486],[3.3236563,51.4645381],[3.3235373,51.4645147],[3.3234846,51.4645057],[3.3233933,51.4645032],[3.3233099,51.4644871],[3.3232492,51.4644822],[3.3231193,51.4644497],[3.323105,51.4644469],[3.3230991,51.4644461],[3.3229609,51.4644283],[3.3229196,51.4644245],[3.3228169,51.4644214],[3.3227448,51.4644058],[3.3226728,51.4644062],[3.3225588,51.4643613],[3.3225285,51.4643548],[3.3225109,51.4643505],[3.3223845,51.46435],[3.3223668,51.4643508],[3.3222405,51.4643407],[3.322176,51.4643222],[3.3220964,51.4643173],[3.3220161,51.4643127],[3.3219524,51.4643129],[3.3218444,51.4642959],[3.3216944,51.4642738],[3.3216642,51.4642678],[3.321656,51.4642688],[3.3215201,51.4642499],[3.3214701,51.4642432],[3.321376,51.4642365],[3.3212927,51.4642229],[3.3212319,51.4642132],[3.3211,51.4641931],[3.3210878,51.464192],[3.321052,51.4641856],[3.3209437,51.4641689],[3.320907,51.4641631],[3.3207996,51.4641546],[3.3207291,51.4641425],[3.3206555,51.4641299],[3.3205297,51.4641086],[3.3205114,51.4641066],[3.320427,51.4640974],[3.3203673,51.4640925],[3.3203567,51.4640909],[3.3202234,51.4640918],[3.3202084,51.4640887],[3.3200793,51.4640736],[3.3200405,51.4640742],[3.3199353,51.4640638],[3.3198785,51.4640635],[3.3197912,51.4640453],[3.3196932,51.4640382],[3.3196471,51.4640305],[3.3195122,51.4640157],[3.3195031,51.4640151],[3.3194104,51.4640103],[3.3193591,51.4640048],[3.3193435,51.4640007],[3.3192148,51.4639681],[3.3191673,51.4639506],[3.3190709,51.4639677],[3.3189448,51.4639329],[3.3189267,51.463933],[3.318799,51.4639321],[3.3187827,51.4639321],[3.3187634,51.4639342],[3.3186805,51.4639223],[3.3186387,51.4639197],[3.318633,51.4639189],[3.3184947,51.4639189],[3.3184875,51.4639183],[3.3183508,51.4639197],[3.3183437,51.4639188],[3.3182068,51.4639168],[3.3181931,51.4639151],[3.3180629,51.4639184],[3.3180541,51.4639186],[3.3179188,51.4638998],[3.3178311,51.4638895],[3.3177748,51.4638949],[3.3177262,51.4638946],[3.3176308,51.4638877],[3.3175145,51.463853],[3.3174865,51.4638428],[3.3174575,51.4638357],[3.3173422,51.4637883],[3.3171978,51.4637276],[3.3171107,51.4636925],[3.3170535,51.4636718],[3.3170151,51.4636571],[3.3169092,51.4636235],[3.3168008,51.4635678],[3.3167647,51.4635491],[3.3166777,51.4635139],[3.3166204,51.4634967],[3.3165581,51.4634785],[3.316476,51.4634287],[3.3164171,51.463389],[3.3163314,51.4633357],[3.316269,51.4632994],[3.3162708,51.4632619],[3.3162287,51.4632096],[3.3161865,51.4631977],[3.3161437,51.4631831],[3.3160423,51.4631635],[3.3159402,51.4631205],[3.315898,51.4631075],[3.3158649,51.4631001],[3.3157538,51.4630708],[3.3156407,51.4630314],[3.3156095,51.4630176],[3.3155569,51.4629988],[3.3154651,51.4629634],[3.3153742,51.4629422],[3.3153209,51.4629223],[3.3152446,51.4628949],[3.3151766,51.4628677],[3.3151293,51.4628529],[3.3150321,51.4627919],[3.3149588,51.4627635],[3.3148877,51.4627183],[3.3147524,51.4626797],[3.3147434,51.4626769],[3.3146732,51.4626743],[3.3145994,51.462669],[3.3145914,51.4626695],[3.3144552,51.4626328],[3.3144481,51.4625893],[3.3144488,51.462585],[3.314446,51.4625795],[3.3144453,51.4624951],[3.3144542,51.4624905],[3.314534,51.4624448],[3.3145979,51.4624484],[3.3147265,51.4624044],[3.3145974,51.4623775],[3.3145773,51.4623149],[3.3145969,51.4623045],[3.3146958,51.4622246],[3.3146829,51.4621889],[3.3146929,51.4621347],[3.3147395,51.4621071],[3.3148609,51.4620583],[3.3148832,51.4620649],[3.3149484,51.4620441],[3.3148829,51.4620232],[3.3148453,51.4619545],[3.3148822,51.4619288],[3.3149736,51.4618969],[3.3150261,51.4619183],[3.3151108,51.4619538],[3.3151705,51.461978],[3.3152107,51.4619787],[3.3153145,51.4619958],[3.3154461,51.4620349],[3.3154587,51.462028],[3.3155897,51.4619525],[3.3154577,51.4618789],[3.3153324,51.4618749],[3.3153137,51.4618695],[3.3152928,51.4618764],[3.3152932,51.4618634],[3.3151694,51.4618273],[3.3150552,51.4617928],[3.3150252,51.4617842],[3.3150198,51.4617742],[3.3150186,51.4617702],[3.3149802,51.4616844],[3.3149183,51.4616185],[3.3149339,51.4615946],[3.3149984,51.4615201],[3.3150194,51.4615044],[3.3150185,51.4615015],[3.3149641,51.4614147],[3.3149029,51.4613403],[3.3148919,51.4613249],[3.3150216,51.4612612],[3.3150987,51.4612345],[3.3150208,51.4611518],[3.3150038,51.4611448],[3.3150206,51.4611215],[3.3150593,51.4611205],[3.3151641,51.4610613],[3.3151699,51.4610544],[3.315164,51.4610405],[3.3151195,51.4610268],[3.31502,51.4610261],[3.3149888,51.4610549],[3.3148766,51.4611073],[3.3148118,51.4610958],[3.3147327,51.4611102],[3.3146672,51.4611457],[3.3146025,51.4612277],[3.3145994,51.4612358],[3.314631,51.4612615],[3.3145897,51.4612599],[3.3145475,51.4612623],[3.314446,51.4612948],[3.3143371,51.4613264],[3.3143024,51.4613359],[3.3142693,51.4613473],[3.3141589,51.4614043],[3.3141257,51.4614169],[3.3140154,51.4614693],[3.3139056,51.4614862],[3.313845,51.4615076],[3.3137282,51.4615651],[3.3136053,51.4615981],[3.3135845,51.4616071],[3.3135641,51.461611],[3.313441,51.4616701],[3.3133973,51.4616886],[3.3132975,51.4617429],[3.3132156,51.461779],[3.3131541,51.4618119],[3.3130744,51.4618292],[3.3130103,51.4618387],[3.3129611,51.4618696],[3.3128669,51.4619112],[3.3127766,51.46196],[3.3127234,51.4619886],[3.3126152,51.4620283],[3.3126169,51.4619605],[3.3126378,51.4619237],[3.3126882,51.4618703],[3.3127225,51.4618528],[3.3128373,51.46178],[3.3127808,51.4617272],[3.3128658,51.4617528],[3.3129643,51.4616898],[3.3128649,51.461628],[3.3127789,51.4616542],[3.3127213,51.4616753],[3.3125974,51.4616008],[3.3126728,51.4615404],[3.3125764,51.4615331],[3.3125382,51.4615111],[3.31254,51.4614885],[3.3125235,51.4614212],[3.312532,51.4613582],[3.312531,51.4613313],[3.3125748,51.4613056],[3.312625,51.4612411],[3.3127179,51.4611781],[3.3127614,51.4611508],[3.3127617,51.4611232],[3.3128296,51.4610607],[3.3128609,51.4610409],[3.3129575,51.4609999],[3.3130046,51.460999],[3.3130275,51.4609703],[3.3131478,51.4608921],[3.3131737,51.46088],[3.3132913,51.4608373],[3.3133599,51.4608367],[3.3134352,51.4608232],[3.3135594,51.4608012],[3.313579,51.460804],[3.3136027,51.4607889],[3.3136109,51.4607688],[3.3136353,51.4606989],[3.313578,51.4606635],[3.3135039,51.460653],[3.3134339,51.4606357],[3.313303,51.4606998],[3.3132905,51.46071],[3.3132641,51.4606999],[3.3132902,51.4606647],[3.3133283,51.4606098],[3.3134333,51.4605419],[3.3134708,51.4605195],[3.313513,51.4604693],[3.3135477,51.4604294],[3.3135763,51.4604107],[3.313685,51.4603391],[3.3137196,51.4603182],[3.3137941,51.4602489],[3.3138629,51.460227],[3.3139718,51.4601585],[3.3140062,51.4601316],[3.3140578,51.460126],[3.31415,51.4601066],[3.3142027,51.4601009],[3.314294,51.4601124],[3.3144218,51.4601573],[3.3144383,51.4601698],[3.314518,51.460157],[3.3145149,51.4601089],[3.3145672,51.460067],[3.3144371,51.4599996],[3.3143313,51.4599777],[3.3143601,51.4599355],[3.3143928,51.4598876],[3.3144362,51.4598604],[3.3144862,51.4597974],[3.3145793,51.4597374],[3.3146274,51.4597071],[3.3145787,51.4596485],[3.3144786,51.4596176],[3.3144832,51.4595871],[3.3144812,51.4595277],[3.3144765,51.459501],[3.3145454,51.4594376],[3.3145771,51.4594223],[3.314682,51.4593715],[3.3147206,51.4593587],[3.3147336,51.4593472],[3.3148639,51.4592653],[3.3148733,51.4592569],[3.3150073,51.4591893],[3.3150443,51.4591665],[3.315007,51.4591474],[3.3149448,51.4591668],[3.3148638,51.4592446],[3.314844,51.4592446],[3.3147196,51.459218],[3.3146005,51.4591677],[3.3147187,51.459089],[3.3147303,51.4590774],[3.3148622,51.4590166],[3.3149,51.458987],[3.3150055,51.45893],[3.3150695,51.4588967],[3.3151488,51.4588345],[3.3152069,51.4588064],[3.315234,51.4587528],[3.3152333,51.4587164],[3.3152914,51.4586401],[3.3153023,51.4586263],[3.3154347,51.4585398],[3.3154386,51.458536],[3.3154404,51.4585324],[3.315442,51.4584461],[3.3154339,51.4584354],[3.3154187,51.4584366],[3.31529,51.4584289],[3.3151666,51.458434],[3.3152452,51.4583567],[3.3152893,51.4583354],[3.3153995,51.4582664],[3.3154327,51.4582542],[3.3154662,51.4582452],[3.3154998,51.4582661],[3.3155769,51.4582997],[3.3156165,51.4582658],[3.31572,51.4581772],[3.3157278,51.4581756],[3.3158639,51.4581672],[3.3158822,51.4581637],[3.3160076,51.4581343],[3.3160951,51.4581198],[3.3161515,51.4581255],[3.3162882,51.4580885],[3.3162951,51.4580865],[3.3163043,51.4580841],[3.3164388,51.4580409],[3.3165753,51.4579979],[3.3165824,51.4579956],[3.3165932,51.4579934],[3.3165823,51.4579924],[3.3165793,51.4579915],[3.3164382,51.4579656],[3.3163825,51.4579591],[3.3162942,51.4579448],[3.3161976,51.4579341],[3.3161501,51.4579268],[3.3160407,51.4579266],[3.3160061,51.4579223],[3.315872,51.4579116],[3.3158621,51.4579105],[3.3157973,51.4579056],[3.3157179,51.4578727],[3.3156411,51.4578581],[3.3155737,51.4578379],[3.3155049,51.4578165],[3.3155733,51.4577715],[3.3157023,51.4577352],[3.3157169,51.4577309],[3.315731,51.457726],[3.3158606,51.4576962],[3.3159597,51.4576354],[3.3158598,51.4575763],[3.3158089,51.4575459],[3.3157832,51.4574985],[3.31576,51.4574561],[3.3158587,51.4574102],[3.3159309,51.4574109],[3.3160027,51.4574185],[3.3160739,51.4574108],[3.3161465,51.4574009],[3.3162807,51.4573648],[3.3162901,51.4573627],[3.3162951,51.4573617],[3.3163098,51.4573647],[3.3163654,51.4574077],[3.3164343,51.4573921],[3.3165326,51.4573926],[3.3165781,51.4573814],[3.3166052,51.4573639],[3.3165779,51.4573424],[3.316516,51.4572742],[3.316577,51.4572202],[3.3166329,51.4572189],[3.3167211,51.4572385],[3.316864,51.4572726],[3.3168652,51.4572724],[3.3170055,51.457183],[3.3170043,51.4571804],[3.3169693,51.4570932],[3.3169309,51.4570454],[3.3169281,51.4570034],[3.3169295,51.4569619],[3.3169555,51.4569134],[3.3169544,51.4568808],[3.3169305,51.4568235],[3.3169026,51.4567592],[3.3169218,51.4567336],[3.3169497,51.4566989],[3.3168871,51.4566438],[3.3168608,51.4566277],[3.316729,51.4565543],[3.3167162,51.4565366],[3.3166488,51.4564646],[3.3165715,51.4564226],[3.3164704,51.4563752],[3.3164698,51.4563485],[3.3164934,51.4562852],[3.3164264,51.4562485],[3.3163503,51.4561957],[3.3162817,51.4561487],[3.3162192,51.4561061],[3.3161371,51.456043],[3.3160943,51.4560165],[3.3159924,51.455931],[3.3159844,51.4559269],[3.3159787,51.4559184],[3.3159234,51.4558372],[3.3158473,51.4557605],[3.3158344,51.4557475],[3.3158149,51.4557274],[3.3157583,51.4556578],[3.3157022,51.4555869],[3.3156818,51.455568],[3.3156716,51.4555492],[3.3156683,51.4554782],[3.3156275,51.4554323],[3.3155627,51.4553885],[3.3155568,51.4553835],[3.3155254,51.4553691],[3.3154125,51.4553271],[3.3153799,51.4552991],[3.3152681,51.4552504],[3.3152133,51.4552096],[3.3151234,51.4551422],[3.3149788,51.4550535],[3.3149417,51.4550305],[3.3148343,51.4549563],[3.3148093,51.454941],[3.3147887,51.4549128],[3.3148097,51.454851],[3.3146893,51.4548003],[3.3145671,51.4547618],[3.3146074,51.4547225],[3.3146663,51.4546716],[3.314544,51.454613],[3.3145083,51.4545821],[3.3143995,51.4545151],[3.3143569,51.4544926],[3.3142549,51.4544297],[3.3141263,51.4544033],[3.3142542,51.4543209],[3.3143409,51.4544027],[3.3143989,51.454439],[3.3145264,51.4544921],[3.3145433,51.4545028],[3.314625,51.4545818],[3.3146882,51.4546439],[3.3147099,51.4546715],[3.3148328,51.4547455],[3.3148495,51.454761],[3.3149317,51.4548223],[3.3149297,51.4548507],[3.3149777,51.4548805],[3.3150665,51.4549403],[3.3151223,51.4549815],[3.3151595,51.4550299],[3.3152668,51.4550615],[3.3153707,51.4550942],[3.3154109,51.4550956],[3.315485,51.455119],[3.3155551,51.4551265],[3.315573,51.4551188],[3.3155974,51.4550555],[3.3155852,51.4550288],[3.3155542,51.4550015],[3.3154817,51.4549392],[3.3154093,51.4548613],[3.3153963,51.4548495],[3.3153673,51.4548234],[3.3152963,51.4547598],[3.315408,51.454677],[3.3154178,51.4546696],[3.3154079,51.4546578],[3.3153891,51.4546697],[3.3152645,51.4547309],[3.3151678,51.4546702],[3.3151199,51.4546404],[3.3150229,51.4545807],[3.3149754,51.4545504],[3.3148795,51.4544912],[3.3149746,51.4544299],[3.3150518,51.4544907],[3.3151192,51.4545315],[3.3151982,51.4545802],[3.3152637,51.4546206],[3.3153283,51.4545799],[3.315263,51.4545131],[3.3152263,51.4544903],[3.3151184,51.4544211],[3.3150675,51.4544008],[3.3149741,51.4543626],[3.3149132,51.4544012],[3.3148308,51.4544515],[3.3147482,51.4544016],[3.3146863,51.4543648],[3.3146021,51.4543121],[3.3145417,51.454275],[3.314456,51.4542226],[3.3143972,51.4541868],[3.3143124,51.454133],[3.3142526,51.454094],[3.31417,51.4540435],[3.3141081,51.4540073],[3.3140164,51.453954],[3.3139636,51.4539199],[3.3138764,51.4538644],[3.3139048,51.4538107],[3.3139014,51.4537745],[3.3138184,51.4537271],[3.3137435,51.4537749],[3.313675,51.4538035],[3.3136302,51.4537752],[3.3136745,51.4537342],[3.3137536,51.4536849],[3.3136738,51.4536368],[3.313604,51.453639],[3.3135299,51.4536387],[3.3133934,51.453596],[3.3133857,51.4535914],[3.3132518,51.4535064],[3.3132411,51.4534999],[3.3131118,51.4534264],[3.3130966,51.4534173],[3.3129521,51.4533289],[3.3129466,51.4533274],[3.3128076,51.4532394],[3.3127703,51.4532148],[3.3128071,51.453169],[3.3128077,51.4531484],[3.3128077,51.453148],[3.3128063,51.4531475],[3.312663,51.4531444],[3.3125865,51.4531009],[3.3125185,51.4530623],[3.3124453,51.453059],[3.3123744,51.4530359],[3.3123306,51.4530319],[3.3122301,51.4529777],[3.3121059,51.4529823],[3.3120862,51.4529812],[3.3119586,51.4529704],[3.3119422,51.452969],[3.31194,51.452969],[3.311798,51.4529291],[3.3117301,51.4529286],[3.311654,51.4529139],[3.311575,51.4528815],[3.3115097,51.4528534],[3.3114457,51.4528419],[3.3113656,51.4528265],[3.3112269,51.4527959],[3.3112215,51.4527958],[3.3112102,51.4527925],[3.3110773,51.452766],[3.3110107,51.4527515],[3.3109332,51.4527363],[3.3108566,51.4527036],[3.3107889,51.4526772],[3.3107263,51.4526649],[3.3106449,51.4526669],[3.3105326,51.4526344],[3.3105008,51.4526337],[3.3104658,51.4526147],[3.3103566,51.4525911],[3.310229,51.4525358],[3.3102123,51.4525355],[3.310198,51.4525255],[3.3100681,51.4524987],[3.3100081,51.4524885],[3.3099241,51.452493],[3.3098037,51.4524514],[3.3097799,51.4524433],[3.3097573,51.4524367],[3.3096357,51.4524014],[3.3095288,51.4523706],[3.3094915,51.452359],[3.3094501,51.4523476],[3.3093473,51.4523158],[3.3092305,51.4522754],[3.309203,51.4522655],[3.3091797,51.4522584],[3.3090589,51.4522342],[3.3089383,51.4521839],[3.3089147,51.4521871],[3.3088131,51.4521959],[3.3087707,51.4521823],[3.3087332,51.4521697],[3.3086263,51.4521081],[3.3085153,51.4521009],[3.3084823,51.4520908],[3.3084433,51.4520805],[3.3083378,51.4520143],[3.3082422,51.4520212],[3.3081939,51.4520176],[3.3081514,51.4519914],[3.3080496,51.451958],[3.3079478,51.4519284],[3.3079055,51.4519301],[3.3078587,51.4519022],[3.3077612,51.4518721],[3.3076571,51.4518378],[3.3076171,51.4518372],[3.3075799,51.451813],[3.3074728,51.4517829],[3.307369,51.4517489],[3.3073287,51.4517528],[3.307246,51.4517622],[3.3071847,51.4517434],[3.3071243,51.4517243],[3.3070403,51.4516669],[3.3069588,51.4516738],[3.3068963,51.4516553],[3.306839,51.4516351],[3.3067518,51.4515755],[3.3066952,51.451581],[3.3066079,51.4515779],[3.3065594,51.4515459],[3.3064636,51.4515193],[3.3063856,51.4514977],[3.3063196,51.4514986],[3.306248,51.4515016],[3.3061757,51.4514998],[3.3061132,51.4514572],[3.3060313,51.4514294],[3.3059476,51.4514054],[3.3058872,51.4514055],[3.3058181,51.451368],[3.3057429,51.4513466],[3.3057084,51.4513468],[3.305599,51.4513418],[3.3055174,51.451318],[3.3054549,51.4513205],[3.3053726,51.4513178],[3.305311,51.4513196],[3.3052405,51.4512796],[3.3051667,51.4512574],[3.3051007,51.4512388],[3.3050226,51.4512382],[3.3049516,51.4511905],[3.3048782,51.4511659],[3.3048007,51.4511425],[3.3047342,51.4511443],[3.3046632,51.4511456],[3.3045903,51.4511441],[3.3045181,51.4511017],[3.3044459,51.4510816],[3.3043768,51.4510589],[3.3043018,51.4510547],[3.30423,51.4510574],[3.3041579,51.4510578],[3.3040891,51.4510129],[3.3040134,51.4509627],[3.3039485,51.4509638],[3.3038695,51.4509693],[3.3037866,51.4509237],[3.3037252,51.4509044],[3.3036609,51.450884],[3.3035811,51.4508815],[3.3035035,51.4508345],[3.3034368,51.4508143],[3.3033778,51.4507981],[3.3032927,51.4507946],[3.3032029,51.4507454],[3.3031483,51.4507104],[3.3030902,51.4507094],[3.3030043,51.4507101],[3.302917,51.4506562],[3.3028598,51.4506206],[3.3027732,51.4506208],[3.302716,51.4506254],[3.3026271,51.450567],[3.3025714,51.45053],[3.3024758,51.4505373],[3.3024276,51.4505402],[3.3023361,51.4504779],[3.3023444,51.4504395],[3.3023353,51.450388],[3.3022826,51.4503737],[3.3021551,51.4502985],[3.3021381,51.4502917],[3.3021226,51.4502889],[3.3019942,51.4502905],[3.3018497,51.4502067],[3.301767,51.4501581],[3.3017539,51.4502096],[3.3017256,51.4502876],[3.3017341,51.4502996],[3.3017064,51.4503005],[3.301705,51.4502997],[3.301562,51.4502214],[3.3015397,51.4502241],[3.3014182,51.4502346],[3.3013693,51.4502106],[3.3012738,51.4501574],[3.3012079,51.4501623],[3.3011299,51.4501693],[3.3010555,51.4501215],[3.3009855,51.4500875],[3.3008767,51.450032],[3.3008411,51.4500116],[3.3007253,51.4500148],[3.3006972,51.4500159],[3.3005626,51.4499429],[3.3005528,51.449938],[3.3005192,51.449943],[3.3005127,51.4500077],[3.300409,51.4499597],[3.3002884,51.4499582],[3.3002333,51.4499438],[3.3001207,51.4498861],[3.3000556,51.4498543],[3.2999765,51.4498332],[3.2998688,51.4497649],[3.299832,51.4497452],[3.2997773,51.4497651],[3.2996887,51.4498336],[3.2995816,51.4497656],[3.2995442,51.4497434],[3.2995095,51.4497658],[3.2995252,51.4498434],[3.2994006,51.4497915],[3.2992567,51.4497666],[3.2992565,51.4497666],[3.2991121,51.4496866],[3.2990785,51.449677],[3.2989679,51.4496449],[3.2988718,51.4496176],[3.2988238,51.4496226],[3.2987647,51.4495878],[3.2986795,51.4495662],[3.2986163,51.4495488],[3.2985356,51.4495583],[3.2984225,51.4494988],[3.2983912,51.4494904],[3.29826,51.4494093],[3.2982468,51.4494042],[3.2982247,51.4493956],[3.2981365,51.4494096],[3.2981533,51.4494409],[3.2981029,51.4494145],[3.2980952,51.4494097],[3.298095,51.4494048],[3.2980287,51.44932],[3.2979582,51.4492925],[3.2978485,51.449252],[3.2978141,51.4492545],[3.2977696,51.4492307],[3.2976698,51.449202],[3.2975645,51.4491413],[3.2975254,51.4491265],[3.2974575,51.4490992],[3.2973812,51.4490798],[3.297335,51.449052],[3.2972369,51.4490154],[3.2971527,51.4489999],[3.2970928,51.4489886],[3.2970482,51.4489628],[3.2969484,51.4489027],[3.2968992,51.4488732],[3.296804,51.4488403],[3.2966783,51.4487954],[3.2966599,51.4487964],[3.2966133,51.448784],[3.2965156,51.4487353],[3.2964812,51.4486945],[3.2963711,51.4486502],[3.2962711,51.4486326],[3.296227,51.4486249],[3.2961931,51.4486053],[3.2960827,51.4485655],[3.2959428,51.448516],[3.2959514,51.4485079],[3.2959385,51.4485078],[3.2959274,51.4485091],[3.2957942,51.4484493],[3.2957415,51.4484266],[3.2956828,51.4484008]]},"properties":{"rawObjectClass":"DEPCNT","VALDCO":4,"depthDatum":"Approximate LAT","depthDatumCode":42,"depthDatumStatus":"VERIFIED_FROM_OFFICIAL_DOCUMENTATION","verticalDatum":"Local Datum","verticalDatumCode":24,"napIdentityStatus":"UNVERIFIED","sourceKind":"official","sourceCellId":"1R75883I","sourceStableId":"1F2B6A4B9FC675F9","sourceChecksum":"7c265c9fd48cb0677b21c9e60c88de7230e0e5b27a4f98bc2d44d93527f2082a","pipelineFeatureId":"1R75883I/DEPCNT/1281233694","provenance":{"cellId":"1R75883I","checksum":"7c265c9fd48cb0677b21c9e60c88de7230e0e5b27a4f98bc2d44d93527f2082a","readerVersion":"GDAL 3.2.2","processedAt":"2026-08-11T13:43:44.753Z"},"sourceProperties":{"RCID":1281233694,"PRIM":2,"GRUP":2,"OBJL":43,"RVER":1,"AGEN":7979,"FIDN":1783340998,"FIDS":30201,"LNAM":"1F2B6A4B9FC675F9","VALDCO":4,"SCAMIN":300000,"sourceCellId":"1R75883I","sourceChecksum":"7c265c9fd48cb0677b21c9e60c88de7230e0e5b27a4f98bc2d44d93527f2082a","rawObjectClass":"DEPCNT","sourceStableId":"1F2B6A4B9FC675F9"}}},{"type":"Feature","geometry":{"type":"LineString","coordinates":[[3.3306511,51.4736003],[3.3306495,51.4735958],[3.330625,51.4735105],[3.3306559,51.4734868],[3.3307635,51.4734427],[3.3307935,51.47351],[3.3307715,51.473528],[3.3307654,51.4736],[3.3308008,51.4736072],[3.3309276,51.4736103],[3.3308649,51.4736897],[3.3308016,51.4737239],[3.3307744,51.4736899],[3.3306568,51.4736056],[3.3306511,51.4736003]]},"properties":{"rawObjectClass":"DEPCNT","VALDCO":4,"depthDatum":"Approximate LAT","depthDatumCode":42,"depthDatumStatus":"VERIFIED_FROM_OFFICIAL_DOCUMENTATION","verticalDatum":"Local Datum","verticalDatumCode":24,"napIdentityStatus":"UNVERIFIED","sourceKind":"official","sourceCellId":"1R75883I","sourceStableId":"1F2B6A4B9FC675FA","sourceChecksum":"7c265c9fd48cb0677b21c9e60c88de7230e0e5b27a4f98bc2d44d93527f2082a","pipelineFeatureId":"1R75883I/DEPCNT/1281233695","provenance":{"cellId":"1R75883I","checksum":"7c265c9fd48cb0677b21c9e60c88de7230e0e5b27a4f98bc2d44d93527f2082a","readerVersion":"GDAL 3.2.2","processedAt":"2026-08-11T13:43:44.753Z"},"sourceProperties":{"RCID":1281233695,"PRIM":2,"GRUP":2,"OBJL":43,"RVER":1,"AGEN":7979,"FIDN":1783340998,"FIDS":30202,"LNAM":"1F2B6A4B9FC675FA","VALDCO":4,"SCAMIN":300000,"sourceCellId":"1R75883I","sourceChecksum":"7c265c9fd48cb0677b21c9e60c88de7230e0e5b27a4f98bc2d44d93527f2082a","rawObjectClass":"DEPCNT","sourceStableId":"1F2B6A4B9FC675FA"}}},{"type":"Feature","geometry":{"type":"LineString","coordinates":[[3.3185669,51.4742765],[3.3185267,51.4742633],[3.3184224,51.4742053],[3.3183187,51.4741992],[3.3182783,51.4741923],[3.3182273,51.4741742],[3.318134,51.4741391],[3.3180523,51.4741238],[3.3179897,51.4741046],[3.3179326,51.4740851],[3.3179535,51.4740173],[3.317967,51.4739951],[3.317963,51.473979],[3.3179758,51.4739052],[3.3179558,51.473885],[3.3179294,51.4738154],[3.3178433,51.4737488],[3.3178063,51.4737258],[3.3176989,51.473696],[3.3176319,51.4736363],[3.3175542,51.4735844],[3.3174886,51.4735468],[3.3174096,51.4734975],[3.3173439,51.4734573],[3.3172649,51.4734038],[3.3172005,51.4733677],[3.3171203,51.4733121],[3.3170649,51.4732782],[3.3169757,51.4732227],[3.316913,51.4731887],[3.3168311,51.4731298],[3.3167816,51.4730991],[3.316806,51.4730836],[3.3167653,51.4730092],[3.31683,51.4729761],[3.3169552,51.4729188],[3.3169404,51.4728982],[3.3169185,51.472829],[3.3168546,51.4727555],[3.316948,51.472739],[3.3169723,51.4727346],[3.3170835,51.4726487],[3.3171156,51.4726348],[3.3171984,51.4726484],[3.317116,51.4726826],[3.3169862,51.4727389],[3.3170737,51.4727654],[3.3171165,51.4727547],[3.3171597,51.4727384],[3.3172598,51.4726629],[3.3173349,51.472738],[3.3174046,51.472787],[3.3174616,51.4728275],[3.3175494,51.4729008],[3.3176941,51.4730063],[3.3176961,51.473008],[3.3177457,51.4730965],[3.3178393,51.4731805],[3.3178455,51.4731862],[3.3178553,51.4731961],[3.3179366,51.4732758],[3.3178403,51.4733234],[3.3177415,51.4732764],[3.3176959,51.4732543],[3.3176247,51.4732767],[3.3176963,51.473319],[3.317749,51.4733663],[3.3177727,51.4734135],[3.3177695,51.4734561],[3.3178416,51.4735023],[3.3178883,51.4735166],[3.3178542,51.4735458],[3.3179864,51.4736279],[3.3179995,51.4736353],[3.3180012,51.4736445],[3.3180419,51.4737251],[3.3180655,51.4737738],[3.3180352,51.4738151],[3.318124,51.4738996],[3.3181144,51.4739048],[3.3181239,51.47391],[3.3180577,51.4739948],[3.3181331,51.4740139],[3.3181947,51.4740329],[3.3182771,51.4740184],[3.3183812,51.4740839],[3.3184217,51.4741039],[3.3185655,51.4740863],[3.3186542,51.4741731],[3.3187103,51.4741945],[3.3188402,51.4742625],[3.3187112,51.4743258],[3.3186245,51.474299],[3.3185669,51.4742765]]},"properties":{"rawObjectClass":"DEPCNT","VALDCO":4,"depthDatum":"Approximate LAT","depthDatumCode":42,"depthDatumStatus":"VERIFIED_FROM_OFFICIAL_DOCUMENTATION","verticalDatum":"Local Datum","verticalDatumCode":24,"napIdentityStatus":"UNVERIFIED","sourceKind":"official","sourceCellId":"1R75883I","sourceStableId":"1F2B6A4B9FC675FB","sourceChecksum":"7c265c9fd48cb0677b21c9e60c88de7230e0e5b27a4f98bc2d44d93527f2082a","pipelineFeatureId":"1R75883I/DEPCNT/1281233696","provenance":{"cellId":"1R75883I","checksum":"7c265c9fd48cb0677b21c9e60c88de7230e0e5b27a4f98bc2d44d93527f2082a","readerVersion":"GDAL 3.2.2","processedAt":"2026-08-11T13:43:44.753Z"},"sourceProperties":{"RCID":1281233696,"PRIM":2,"GRUP":2,"OBJL":43,"RVER":1,"AGEN":7979,"FIDN":1783340998,"FIDS":30203,"LNAM":"1F2B6A4B9FC675FB","VALDCO":4,"SCAMIN":300000,"sourceCellId":"1R75883I","sourceChecksum":"7c265c9fd48cb0677b21c9e60c88de7230e0e5b27a4f98bc2d44d93527f2082a","rawObjectClass":"DEPCNT","sourceStableId":"1F2B6A4B9FC675FB"}}},{"type":"Feature","geometry":{"type":"LineString","coordinates":[[3.3158262,51.4735616],[3.3157191,51.4736415],[3.3156829,51.4736655],[3.3156221,51.4736418],[3.3156799,51.4735531],[3.3156768,51.4735517],[3.3156821,51.47355],[3.3156974,51.4735421],[3.3158257,51.4734907],[3.3158529,51.4734613],[3.3159545,51.4733801],[3.3159652,51.4733711],[3.3159689,51.4733687],[3.3159827,51.4733624],[3.3161124,51.4732981],[3.3162547,51.4732804],[3.3162562,51.4732802],[3.316257,51.4732804],[3.3164004,51.4733132],[3.3164758,51.4733697],[3.3165452,51.473422],[3.3165948,51.4734593],[3.3166899,51.4735296],[3.3167155,51.4735489],[3.3168244,51.4736321],[3.3168309,51.4736385],[3.3167558,51.4736881],[3.3168347,51.4736451],[3.3169094,51.4737282],[3.3168354,51.4737582],[3.3166958,51.4737316],[3.3166913,51.4737308],[3.3166866,51.4737288],[3.3165469,51.4736676],[3.3164762,51.4736395],[3.3164025,51.4736183],[3.3162922,51.47355],[3.316258,51.4735331],[3.316114,51.4734606],[3.3161135,51.4734602],[3.3161129,51.4734606],[3.3159698,51.4735014],[3.315867,51.4735512],[3.3158262,51.4735616]]},"properties":{"rawObjectClass":"DEPCNT","VALDCO":4,"depthDatum":"Approximate LAT","depthDatumCode":42,"depthDatumStatus":"VERIFIED_FROM_OFFICIAL_DOCUMENTATION","verticalDatum":"Local Datum","verticalDatumCode":24,"napIdentityStatus":"UNVERIFIED","sourceKind":"official","sourceCellId":"1R75883I","sourceStableId":"1F2B6A4B9FC675FC","sourceChecksum":"7c265c9fd48cb0677b21c9e60c88de7230e0e5b27a4f98bc2d44d93527f2082a","pipelineFeatureId":"1R75883I/DEPCNT/1281233697","provenance":{"cellId":"1R75883I","checksum":"7c265c9fd48cb0677b21c9e60c88de7230e0e5b27a4f98bc2d44d93527f2082a","readerVersion":"GDAL 3.2.2","processedAt":"2026-08-11T13:43:44.753Z"},"sourceProperties":{"RCID":1281233697,"PRIM":2,"GRUP":2,"OBJL":43,"RVER":1,"AGEN":7979,"FIDN":1783340998,"FIDS":30204,"LNAM":"1F2B6A4B9FC675FC","VALDCO":4,"SCAMIN":300000,"sourceCellId":"1R75883I","sourceChecksum":"7c265c9fd48cb0677b21c9e60c88de7230e0e5b27a4f98bc2d44d93527f2082a","rawObjectClass":"DEPCNT","sourceStableId":"1F2B6A4B9FC675FC"}}},{"type":"Feature","geometry":{"type":"LineString","coordinates":[[3.3175471,51.4725686],[3.317497,51.472589],[3.3174689,51.4725578],[3.3174402,51.4724914],[3.3174556,51.4724679],[3.3175208,51.4723935],[3.317534,51.4723777],[3.3175401,51.4723742],[3.3176901,51.4724334],[3.3177235,51.4724464],[3.3178341,51.4724246],[3.3179432,51.4723983],[3.317978,51.4724196],[3.318053,51.4724663],[3.3181227,51.4725154],[3.3181877,51.4725558],[3.3182673,51.4726051],[3.3183329,51.4726453],[3.3184119,51.4727031],[3.3184562,51.4727349],[3.3185566,51.4727978],[3.3185985,51.4728244],[3.3187012,51.4728872],[3.3187453,51.472914],[3.3188459,51.4729883],[3.3188822,51.4730035],[3.3189902,51.4730408],[3.3190756,51.4730929],[3.3191348,51.4731362],[3.3192217,51.4731824],[3.3192795,51.4732269],[3.3193214,51.4732721],[3.3192801,51.4733174],[3.3192205,51.4733095],[3.3191361,51.4733181],[3.319066,51.4733627],[3.3189947,51.4734518],[3.3189975,51.4734528],[3.3191374,51.4734985],[3.3192109,51.4735421],[3.3192819,51.4735718],[3.3194207,51.4736315],[3.3194142,51.473639],[3.3194263,51.4736328],[3.3195295,51.4737211],[3.319571,51.4737393],[3.3196662,51.4738106],[3.3195721,51.4738985],[3.3195649,51.4738964],[3.3194278,51.4738507],[3.3192895,51.4738117],[3.3192834,51.4737965],[3.3192776,51.473808],[3.3191392,51.4737664],[3.3189949,51.4737225],[3.3188507,51.4736823],[3.3187326,51.4736496],[3.3187064,51.4736451],[3.3186735,51.4736335],[3.3187063,51.4736216],[3.3188316,51.4735432],[3.3187052,51.4734654],[3.3186829,51.4734536],[3.318573,51.4733718],[3.318705,51.4734322],[3.3187488,51.4734535],[3.3188495,51.4735166],[3.3189908,51.4734528],[3.3189907,51.4734513],[3.3189049,51.4733631],[3.3188482,51.4733189],[3.3187997,51.4732735],[3.3187034,51.4732144],[3.3186664,51.4731839],[3.318559,51.4731428],[3.3184908,51.4730945],[3.3184143,51.4730437],[3.3183067,51.4730724],[3.3182704,51.4730599],[3.3181945,51.4730054],[3.3182698,51.4729647],[3.3183392,51.4729151],[3.3182691,51.4728764],[3.3181584,51.4729156],[3.3181256,51.4729413],[3.3181019,51.4729157],[3.3180719,51.4728825],[3.3180151,51.472826],[3.3179807,51.4728013],[3.3178886,51.4727365],[3.3178359,51.4726939],[3.3177846,51.4726468],[3.3176911,51.472573],[3.3175851,51.4725811],[3.3175471,51.4725686]]},"properties":{"rawObjectClass":"DEPCNT","VALDCO":4,"depthDatum":"Approximate LAT","depthDatumCode":42,"depthDatumStatus":"VERIFIED_FROM_OFFICIAL_DOCUMENTATION","verticalDatum":"Local Datum","verticalDatumCode":24,"napIdentityStatus":"UNVERIFIED","sourceKind":"official","sourceCellId":"1R75883I","sourceStableId":"1F2B6A4B9FC675FD","sourceChecksum":"7c265c9fd48cb0677b21c9e60c88de7230e0e5b27a4f98bc2d44d93527f2082a","pipelineFeatureId":"1R75883I/DEPCNT/1281233698","provenance":{"cellId":"1R75883I","checksum":"7c265c9fd48cb0677b21c9e60c88de7230e0e5b27a4f98bc2d44d93527f2082a","readerVersion":"GDAL 3.2.2","processedAt":"2026-08-11T13:43:44.753Z"},"sourceProperties":{"RCID":1281233698,"PRIM":2,"GRUP":2,"OBJL":43,"RVER":1,"AGEN":7979,"FIDN":1783340998,"FIDS":30205,"LNAM":"1F2B6A4B9FC675FD","VALDCO":4,"SCAMIN":300000,"sourceCellId":"1R75883I","sourceChecksum":"7c265c9fd48cb0677b21c9e60c88de7230e0e5b27a4f98bc2d44d93527f2082a","rawObjectClass":"DEPCNT","sourceStableId":"1F2B6A4B9FC675FD"}}},{"type":"Feature","geometry":{"type":"LineString","coordinates":[[3.3328564,51.4746731],[3.3329084,51.4747252],[3.3328797,51.474763],[3.3328251,51.4747904],[3.3327202,51.4748291],[3.3327165,51.4747634],[3.3327168,51.4746962],[3.332699,51.4746736],[3.3327599,51.4746334],[3.3328241,51.4746521],[3.3328564,51.4746731]]},"properties":{"rawObjectClass":"DEPCNT","VALDCO":4,"depthDatum":"Approximate LAT","depthDatumCode":42,"depthDatumStatus":"VERIFIED_FROM_OFFICIAL_DOCUMENTATION","verticalDatum":"Local Datum","verticalDatumCode":24,"napIdentityStatus":"UNVERIFIED","sourceKind":"official","sourceCellId":"1R75883I","sourceStableId":"1F2B6A4B9FC675FE","sourceChecksum":"7c265c9fd48cb0677b21c9e60c88de7230e0e5b27a4f98bc2d44d93527f2082a","pipelineFeatureId":"1R75883I/DEPCNT/1281233701","provenance":{"cellId":"1R75883I","checksum":"7c265c9fd48cb0677b21c9e60c88de7230e0e5b27a4f98bc2d44d93527f2082a","readerVersion":"GDAL 3.2.2","processedAt":"2026-08-11T13:43:44.753Z"},"sourceProperties":{"RCID":1281233701,"PRIM":2,"GRUP":2,"OBJL":43,"RVER":1,"AGEN":7979,"FIDN":1783340998,"FIDS":30206,"LNAM":"1F2B6A4B9FC675FE","VALDCO":4,"SCAMIN":300000,"sourceCellId":"1R75883I","sourceChecksum":"7c265c9fd48cb0677b21c9e60c88de7230e0e5b27a4f98bc2d44d93527f2082a","rawObjectClass":"DEPCNT","sourceStableId":"1F2B6A4B9FC675FE"}}},{"type":"Feature","geometry":{"type":"LineString","coordinates":[[3.3329678,51.4746071],[3.3329268,51.474583],[3.3328575,51.4745148],[3.3329268,51.4744931],[3.3329668,51.4744686],[3.333047,51.4744425],[3.3329873,51.4744929],[3.3329782,51.4744999],[3.3330267,51.4745827],[3.3329678,51.4746071]]},"properties":{"rawObjectClass":"DEPCNT","VALDCO":4,"depthDatum":"Approximate LAT","depthDatumCode":42,"depthDatumStatus":"VERIFIED_FROM_OFFICIAL_DOCUMENTATION","verticalDatum":"Local Datum","verticalDatumCode":24,"napIdentityStatus":"UNVERIFIED","sourceKind":"official","sourceCellId":"1R75883I","sourceStableId":"1F2B6A4B9FC675FF","sourceChecksum":"7c265c9fd48cb0677b21c9e60c88de7230e0e5b27a4f98bc2d44d93527f2082a","pipelineFeatureId":"1R75883I/DEPCNT/1281233702","provenance":{"cellId":"1R75883I","checksum":"7c265c9fd48cb0677b21c9e60c88de7230e0e5b27a4f98bc2d44d93527f2082a","readerVersion":"GDAL 3.2.2","processedAt":"2026-08-11T13:43:44.753Z"},"sourceProperties":{"RCID":1281233702,"PRIM":2,"GRUP":2,"OBJL":43,"RVER":1,"AGEN":7979,"FIDN":1783340998,"FIDS":30207,"LNAM":"1F2B6A4B9FC675FF","VALDCO":4,"SCAMIN":300000,"sourceCellId":"1R75883I","sourceChecksum":"7c265c9fd48cb0677b21c9e60c88de7230e0e5b27a4f98bc2d44d93527f2082a","rawObjectClass":"DEPCNT","sourceStableId":"1F2B6A4B9FC675FF"}}},{"type":"Feature","geometry":{"type":"LineString","coordinates":[[3.3228662,51.4714152],[3.322773,51.471406],[3.3227222,51.4714063],[3.3225946,51.4714647],[3.322723,51.4715231],[3.3227727,51.4715231],[3.3228669,51.4715157],[3.3229951,51.4714636],[3.3228662,51.4714152]]},"properties":{"rawObjectClass":"DEPCNT","VALDCO":4,"depthDatum":"Approximate LAT","depthDatumCode":42,"depthDatumStatus":"VERIFIED_FROM_OFFICIAL_DOCUMENTATION","verticalDatum":"Local Datum","verticalDatumCode":24,"napIdentityStatus":"UNVERIFIED","sourceKind":"official","sourceCellId":"1R75883I","sourceStableId":"1F2B6A4B9FC67600","sourceChecksum":"7c265c9fd48cb0677b21c9e60c88de7230e0e5b27a4f98bc2d44d93527f2082a","pipelineFeatureId":"1R75883I/DEPCNT/1281233703","provenance":{"cellId":"1R75883I","checksum":"7c265c9fd48cb0677b21c9e60c88de7230e0e5b27a4f98bc2d44d93527f2082a","readerVersion":"GDAL 3.2.2","processedAt":"2026-08-11T13:43:44.753Z"},"sourceProperties":{"RCID":1281233703,"PRIM":2,"GRUP":2,"OBJL":43,"RVER":1,"AGEN":7979,"FIDN":1783340998,"FIDS":30208,"LNAM":"1F2B6A4B9FC67600","VALDCO":4,"SCAMIN":300000,"sourceCellId":"1R75883I","sourceChecksum":"7c265c9fd48cb0677b21c9e60c88de7230e0e5b27a4f98bc2d44d93527f2082a","rawObjectClass":"DEPCNT","sourceStableId":"1F2B6A4B9FC67600"}}},{"type":"Feature","geometry":{"type":"LineString","coordinates":[[3.3323331,51.475],[3.3323236,51.4749899],[3.3323731,51.4749442],[3.3323942,51.4749247],[3.3324159,51.4749441],[3.3324633,51.4749869],[3.3324779,51.475]]},"properties":{"rawObjectClass":"DEPCNT","VALDCO":4,"depthDatum":"Approximate LAT","depthDatumCode":42,"depthDatumStatus":"VERIFIED_FROM_OFFICIAL_DOCUMENTATION","verticalDatum":"Local Datum","verticalDatumCode":24,"napIdentityStatus":"UNVERIFIED","sourceKind":"official","sourceCellId":"1R75883I","sourceStableId":"1F2B6A4B9FC67601","sourceChecksum":"7c265c9fd48cb0677b21c9e60c88de7230e0e5b27a4f98bc2d44d93527f2082a","pipelineFeatureId":"1R75883I/DEPCNT/1281233704","provenance":{"cellId":"1R75883I","checksum":"7c265c9fd48cb0677b21c9e60c88de7230e0e5b27a4f98bc2d44d93527f2082a","readerVersion":"GDAL 3.2.2","processedAt":"2026-08-11T13:43:44.753Z"},"sourceProperties":{"RCID":1281233704,"PRIM":2,"GRUP":2,"OBJL":43,"RVER":1,"AGEN":7979,"FIDN":1783340998,"FIDS":30209,"LNAM":"1F2B6A4B9FC67601","VALDCO":4,"SCAMIN":300000,"sourceCellId":"1R75883I","sourceChecksum":"7c265c9fd48cb0677b21c9e60c88de7230e0e5b27a4f98bc2d44d93527f2082a","rawObjectClass":"DEPCNT","sourceStableId":"1F2B6A4B9FC67601"}}},{"type":"Feature","geometry":{"type":"LineString","coordinates":[[3.329632,51.475],[3.3295871,51.4749521],[3.3296583,51.4749168],[3.3297214,51.4749517],[3.3298028,51.4749883],[3.3298216,51.475]]},"properties":{"rawObjectClass":"DEPCNT","VALDCO":4,"depthDatum":"Approximate LAT","depthDatumCode":42,"depthDatumStatus":"VERIFIED_FROM_OFFICIAL_DOCUMENTATION","verticalDatum":"Local Datum","verticalDatumCode":24,"napIdentityStatus":"UNVERIFIED","sourceKind":"official","sourceCellId":"1R75883I","sourceStableId":"1F2B6A4B9FC67602","sourceChecksum":"7c265c9fd48cb0677b21c9e60c88de7230e0e5b27a4f98bc2d44d93527f2082a","pipelineFeatureId":"1R75883I/DEPCNT/1281233707","provenance":{"cellId":"1R75883I","checksum":"7c265c9fd48cb0677b21c9e60c88de7230e0e5b27a4f98bc2d44d93527f2082a","readerVersion":"GDAL 3.2.2","processedAt":"2026-08-11T13:43:44.753Z"},"sourceProperties":{"RCID":1281233707,"PRIM":2,"GRUP":2,"OBJL":43,"RVER":1,"AGEN":7979,"FIDN":1783340998,"FIDS":30210,"LNAM":"1F2B6A4B9FC67602","VALDCO":4,"SCAMIN":300000,"sourceCellId":"1R75883I","sourceChecksum":"7c265c9fd48cb0677b21c9e60c88de7230e0e5b27a4f98bc2d44d93527f2082a","rawObjectClass":"DEPCNT","sourceStableId":"1F2B6A4B9FC67602"}}},{"type":"Feature","geometry":{"type":"LineString","coordinates":[[3.3320953,51.4734256],[3.3320061,51.4735066],[3.3320962,51.4735496],[3.3321921,51.473536],[3.33224,51.4735209],[3.3323497,51.4735955],[3.3323846,51.4736139],[3.3325144,51.4736039],[3.3325285,51.4736039],[3.3325441,51.4736047],[3.3326725,51.4735958],[3.3328144,51.4736841],[3.3328171,51.4736863],[3.3328214,51.4736868],[3.3328627,51.473684],[3.332817,51.4736737],[3.3326849,51.4735946],[3.3326724,51.47359],[3.3326373,51.4735729],[3.332528,51.4735284],[3.3324904,51.4735052],[3.3323836,51.4734768],[3.332302,51.4734549],[3.3322394,51.4734465],[3.3321205,51.4734321],[3.3320953,51.4734256]]},"properties":{"rawObjectClass":"DEPCNT","VALDCO":4,"depthDatum":"Approximate LAT","depthDatumCode":42,"depthDatumStatus":"VERIFIED_FROM_OFFICIAL_DOCUMENTATION","verticalDatum":"Local Datum","verticalDatumCode":24,"napIdentityStatus":"UNVERIFIED","sourceKind":"official","sourceCellId":"1R75883I","sourceStableId":"1F2B6A4B9FC67603","sourceChecksum":"7c265c9fd48cb0677b21c9e60c88de7230e0e5b27a4f98bc2d44d93527f2082a","pipelineFeatureId":"1R75883I/DEPCNT/1281233708","provenance":{"cellId":"1R75883I","checksum":"7c265c9fd48cb0677b21c9e60c88de7230e0e5b27a4f98bc2d44d93527f2082a","readerVersion":"GDAL 3.2.2","processedAt":"2026-08-11T13:43:44.753Z"},"sourceProperties":{"RCID":1281233708,"PRIM":2,"GRUP":2,"OBJL":43,"RVER":1,"AGEN":7979,"FIDN":1783340998,"FIDS":30211,"LNAM":"1F2B6A4B9FC67603","VALDCO":4,"SCAMIN":300000,"sourceCellId":"1R75883I","sourceChecksum":"7c265c9fd48cb0677b21c9e60c88de7230e0e5b27a4f98bc2d44d93527f2082a","rawObjectClass":"DEPCNT","sourceStableId":"1F2B6A4B9FC67603"}}},{"type":"Feature","geometry":{"type":"LineString","coordinates":[[3.3303863,51.475],[3.3304657,51.4749496],[3.3303782,51.4749052],[3.3303054,51.4748602],[3.3302334,51.4747997],[3.3301806,51.4747706],[3.3300887,51.4746915],[3.3300717,51.474681],[3.3299441,51.4746145],[3.3298519,51.4746816],[3.329945,51.4747314],[3.3300089,51.4747711],[3.3300895,51.4748116],[3.3301622,51.4748606],[3.3302342,51.474901],[3.3303134,51.4749501],[3.3303733,51.475]]},"properties":{"rawObjectClass":"DEPCNT","VALDCO":4,"depthDatum":"Approximate LAT","depthDatumCode":42,"depthDatumStatus":"VERIFIED_FROM_OFFICIAL_DOCUMENTATION","verticalDatum":"Local Datum","verticalDatumCode":24,"napIdentityStatus":"UNVERIFIED","sourceKind":"official","sourceCellId":"1R75883I","sourceStableId":"1F2B6A4B9FC67604","sourceChecksum":"7c265c9fd48cb0677b21c9e60c88de7230e0e5b27a4f98bc2d44d93527f2082a","pipelineFeatureId":"1R75883I/DEPCNT/1281233709","provenance":{"cellId":"1R75883I","checksum":"7c265c9fd48cb0677b21c9e60c88de7230e0e5b27a4f98bc2d44d93527f2082a","readerVersion":"GDAL 3.2.2","processedAt":"2026-08-11T13:43:44.753Z"},"sourceProperties":{"RCID":1281233709,"PRIM":2,"GRUP":2,"OBJL":43,"RVER":1,"AGEN":7979,"FIDN":1783340998,"FIDS":30212,"LNAM":"1F2B6A4B9FC67604","VALDCO":4,"SCAMIN":300000,"sourceCellId":"1R75883I","sourceChecksum":"7c265c9fd48cb0677b21c9e60c88de7230e0e5b27a4f98bc2d44d93527f2082a","rawObjectClass":"DEPCNT","sourceStableId":"1F2B6A4B9FC67604"}}},{"type":"Feature","geometry":{"type":"LineString","coordinates":[[3.3292831,51.4642527],[3.3291494,51.4642148],[3.3290349,51.4642351],[3.3290055,51.4642285],[3.3288896,51.4642538],[3.3290058,51.4642682],[3.3291265,51.4643431],[3.3291503,51.464348],[3.3291618,51.4643501],[3.3292943,51.4643498],[3.3293146,51.4643552],[3.3294382,51.4643476],[3.3294716,51.4643629],[3.3295417,51.4643419],[3.3294381,51.4643301],[3.3293456,51.4642849],[3.3292937,51.464269],[3.3292674,51.4642692],[3.3292831,51.4642527]]},"properties":{"rawObjectClass":"DEPCNT","VALDCO":4,"depthDatum":"Approximate LAT","depthDatumCode":42,"depthDatumStatus":"VERIFIED_FROM_OFFICIAL_DOCUMENTATION","verticalDatum":"Local Datum","verticalDatumCode":24,"napIdentityStatus":"UNVERIFIED","sourceKind":"official","sourceCellId":"1R75883I","sourceStableId":"1F2B6A4B9FC67605","sourceChecksum":"7c265c9fd48cb0677b21c9e60c88de7230e0e5b27a4f98bc2d44d93527f2082a","pipelineFeatureId":"1R75883I/DEPCNT/1281233710","provenance":{"cellId":"1R75883I","checksum":"7c265c9fd48cb0677b21c9e60c88de7230e0e5b27a4f98bc2d44d93527f2082a","readerVersion":"GDAL 3.2.2","processedAt":"2026-08-11T13:43:44.753Z"},"sourceProperties":{"RCID":1281233710,"PRIM":2,"GRUP":2,"OBJL":43,"RVER":1,"AGEN":7979,"FIDN":1783340998,"FIDS":30213,"LNAM":"1F2B6A4B9FC67605","VALDCO":4,"SCAMIN":300000,"sourceCellId":"1R75883I","sourceChecksum":"7c265c9fd48cb0677b21c9e60c88de7230e0e5b27a4f98bc2d44d93527f2082a","rawObjectClass":"DEPCNT","sourceStableId":"1F2B6A4B9FC67605"}}},{"type":"Feature","geometry":{"type":"LineString","coordinates":[[3.3137781,51.4540445],[3.3137683,51.4540121],[3.3137886,51.4539546],[3.3138197,51.4539161],[3.3138836,51.4539543],[3.3138823,51.4539932],[3.3139078,51.4540442],[3.3139648,51.4540985],[3.3140001,51.4541339],[3.3141094,51.4542004],[3.3141385,51.4542234],[3.3141097,51.4542407],[3.3140818,51.4542236],[3.3139652,51.4541503],[3.3138546,51.4542036],[3.3139288,51.4541341],[3.3138208,51.4540844],[3.3137781,51.4540445]]},"properties":{"rawObjectClass":"DEPCNT","VALDCO":4,"depthDatum":"Approximate LAT","depthDatumCode":42,"depthDatumStatus":"VERIFIED_FROM_OFFICIAL_DOCUMENTATION","verticalDatum":"Local Datum","verticalDatumCode":24,"napIdentityStatus":"UNVERIFIED","sourceKind":"official","sourceCellId":"1R75883I","sourceStableId":"1F2B6A4B9FC67606","sourceChecksum":"7c265c9fd48cb0677b21c9e60c88de7230e0e5b27a4f98bc2d44d93527f2082a","pipelineFeatureId":"1R75883I/DEPCNT/1281233711","provenance":{"cellId":"1R75883I","checksum":"7c265c9fd48cb0677b21c9e60c88de7230e0e5b27a4f98bc2d44d93527f2082a","readerVersion":"GDAL 3.2.2","processedAt":"2026-08-11T13:43:44.753Z"},"sourceProperties":{"RCID":1281233711,"PRIM":2,"GRUP":2,"OBJL":43,"RVER":1,"AGEN":7979,"FIDN":1783340998,"FIDS":30214,"LNAM":"1F2B6A4B9FC67606","VALDCO":4,"SCAMIN":300000,"sourceCellId":"1R75883I","sourceChecksum":"7c265c9fd48cb0677b21c9e60c88de7230e0e5b27a4f98bc2d44d93527f2082a","rawObjectClass":"DEPCNT","sourceStableId":"1F2B6A4B9FC67606"}}},{"type":"Feature","geometry":{"type":"LineString","coordinates":[[3.3142224,51.4602477],[3.3141513,51.4603044],[3.3140445,51.4603381],[3.314048,51.4604031],[3.3141518,51.4603643],[3.3141869,51.4603377],[3.3142951,51.4602797],[3.3143545,51.4602474],[3.3142947,51.4602152],[3.3142224,51.4602477]]},"properties":{"rawObjectClass":"DEPCNT","VALDCO":4,"depthDatum":"Approximate LAT","depthDatumCode":42,"depthDatumStatus":"VERIFIED_FROM_OFFICIAL_DOCUMENTATION","verticalDatum":"Local Datum","verticalDatumCode":24,"napIdentityStatus":"UNVERIFIED","sourceKind":"official","sourceCellId":"1R75883I","sourceStableId":"1F2B6A4B9FC67607","sourceChecksum":"7c265c9fd48cb0677b21c9e60c88de7230e0e5b27a4f98bc2d44d93527f2082a","pipelineFeatureId":"1R75883I/DEPCNT/1281233718","provenance":{"cellId":"1R75883I","checksum":"7c265c9fd48cb0677b21c9e60c88de7230e0e5b27a4f98bc2d44d93527f2082a","readerVersion":"GDAL 3.2.2","processedAt":"2026-08-11T13:43:44.753Z"},"sourceProperties":{"RCID":1281233718,"PRIM":2,"GRUP":2,"OBJL":43,"RVER":1,"AGEN":7979,"FIDN":1783340998,"FIDS":30215,"LNAM":"1F2B6A4B9FC67607","VALDCO":4,"SCAMIN":300000,"sourceCellId":"1R75883I","sourceChecksum":"7c265c9fd48cb0677b21c9e60c88de7230e0e5b27a4f98bc2d44d93527f2082a","rawObjectClass":"DEPCNT","sourceStableId":"1F2B6A4B9FC67607"}}},{"type":"Feature","geometry":{"type":"LineString","coordinates":[[3.3227619,51.4684071],[3.3227016,51.4684842],[3.3225694,51.4684902],[3.3225577,51.4684948],[3.3224599,51.4684079],[3.3225566,51.4683356],[3.3226158,51.4683545],[3.3227007,51.4683544],[3.3227619,51.4684071]]},"properties":{"rawObjectClass":"DEPCNT","VALDCO":4,"depthDatum":"Approximate LAT","depthDatumCode":42,"depthDatumStatus":"VERIFIED_FROM_OFFICIAL_DOCUMENTATION","verticalDatum":"Local Datum","verticalDatumCode":24,"napIdentityStatus":"UNVERIFIED","sourceKind":"official","sourceCellId":"1R75883I","sourceStableId":"1F2B6A4B9FC67608","sourceChecksum":"7c265c9fd48cb0677b21c9e60c88de7230e0e5b27a4f98bc2d44d93527f2082a","pipelineFeatureId":"1R75883I/DEPCNT/1281233719","provenance":{"cellId":"1R75883I","checksum":"7c265c9fd48cb0677b21c9e60c88de7230e0e5b27a4f98bc2d44d93527f2082a","readerVersion":"GDAL 3.2.2","processedAt":"2026-08-11T13:43:44.753Z"},"sourceProperties":{"RCID":1281233719,"PRIM":2,"GRUP":2,"OBJL":43,"RVER":1,"AGEN":7979,"FIDN":1783340998,"FIDS":30216,"LNAM":"1F2B6A4B9FC67608","VALDCO":4,"SCAMIN":300000,"sourceCellId":"1R75883I","sourceChecksum":"7c265c9fd48cb0677b21c9e60c88de7230e0e5b27a4f98bc2d44d93527f2082a","rawObjectClass":"DEPCNT","sourceStableId":"1F2B6A4B9FC67608"}}},{"type":"Feature","geometry":{"type":"LineString","coordinates":[[3.3178607,51.4624859],[3.3177648,51.4624495],[3.3176675,51.4624257],[3.3176208,51.4624428],[3.3175457,51.4623968],[3.3174764,51.4623761],[3.3174104,51.4623561],[3.3173323,51.4623547],[3.3171969,51.4623977],[3.3173332,51.4624844],[3.3173376,51.4624873],[3.3174773,51.46251],[3.3175516,51.462533],[3.3176214,51.4625307],[3.3177575,51.4625761],[3.3177686,51.4625778],[3.3178514,51.4625758],[3.3177733,51.4625713],[3.3178607,51.4624859]]},"properties":{"rawObjectClass":"DEPCNT","VALDCO":4,"depthDatum":"Approximate LAT","depthDatumCode":42,"depthDatumStatus":"VERIFIED_FROM_OFFICIAL_DOCUMENTATION","verticalDatum":"Local Datum","verticalDatumCode":24,"napIdentityStatus":"UNVERIFIED","sourceKind":"official","sourceCellId":"1R75883I","sourceStableId":"1F2B6A4B9FC67609","sourceChecksum":"7c265c9fd48cb0677b21c9e60c88de7230e0e5b27a4f98bc2d44d93527f2082a","pipelineFeatureId":"1R75883I/DEPCNT/1281233724","provenance":{"cellId":"1R75883I","checksum":"7c265c9fd48cb0677b21c9e60c88de7230e0e5b27a4f98bc2d44d93527f2082a","readerVersion":"GDAL 3.2.2","processedAt":"2026-08-11T13:43:44.753Z"},"sourceProperties":{"RCID":1281233724,"PRIM":2,"GRUP":2,"OBJL":43,"RVER":1,"AGEN":7979,"FIDN":1783340998,"FIDS":30217,"LNAM":"1F2B6A4B9FC67609","VALDCO":4,"SCAMIN":300000,"sourceCellId":"1R75883I","sourceChecksum":"7c265c9fd48cb0677b21c9e60c88de7230e0e5b27a4f98bc2d44d93527f2082a","rawObjectClass":"DEPCNT","sourceStableId":"1F2B6A4B9FC67609"}}},{"type":"Feature","geometry":{"type":"LineString","coordinates":[[3.3138096,51.4604287],[3.3137209,51.4605035],[3.3136392,51.4604681],[3.3136823,51.4605189],[3.3137213,51.4605699],[3.3137781,51.4605731],[3.313865,51.4605319],[3.3138819,51.4605184],[3.3139386,51.460472],[3.3139694,51.4604282],[3.313864,51.4603827],[3.3138096,51.4604287]]},"properties":{"rawObjectClass":"DEPCNT","VALDCO":4,"depthDatum":"Approximate LAT","depthDatumCode":42,"depthDatumStatus":"VERIFIED_FROM_OFFICIAL_DOCUMENTATION","verticalDatum":"Local Datum","verticalDatumCode":24,"napIdentityStatus":"UNVERIFIED","sourceKind":"official","sourceCellId":"1R75883I","sourceStableId":"1F2B6A4B9FC6760A","sourceChecksum":"7c265c9fd48cb0677b21c9e60c88de7230e0e5b27a4f98bc2d44d93527f2082a","pipelineFeatureId":"1R75883I/DEPCNT/1281233728","provenance":{"cellId":"1R75883I","checksum":"7c265c9fd48cb0677b21c9e60c88de7230e0e5b27a4f98bc2d44d93527f2082a","readerVersion":"GDAL 3.2.2","processedAt":"2026-08-11T13:43:44.753Z"},"sourceProperties":{"RCID":1281233728,"PRIM":2,"GRUP":2,"OBJL":43,"RVER":1,"AGEN":7979,"FIDN":1783340998,"FIDS":30218,"LNAM":"1F2B6A4B9FC6760A","VALDCO":4,"SCAMIN":300000,"sourceCellId":"1R75883I","sourceChecksum":"7c265c9fd48cb0677b21c9e60c88de7230e0e5b27a4f98bc2d44d93527f2082a","rawObjectClass":"DEPCNT","sourceStableId":"1F2B6A4B9FC6760A"}}},{"type":"Feature","geometry":{"type":"LineString","coordinates":[[3.3168304,51.4623088],[3.3169004,51.462356],[3.3169709,51.4623984],[3.3170448,51.462416],[3.317093,51.4624281],[3.3171804,51.4623978],[3.3171793,51.462392],[3.3171757,51.4623079],[3.3170439,51.4622812],[3.3169026,51.4622187],[3.3168995,51.4622174],[3.3168964,51.4622168],[3.3167554,51.4621929],[3.3166185,51.4621342],[3.3166213,51.4622195],[3.3166208,51.462304],[3.3167558,51.4622582],[3.3168304,51.4623088]]},"properties":{"rawObjectClass":"DEPCNT","VALDCO":4,"depthDatum":"Approximate LAT","depthDatumCode":42,"depthDatumStatus":"VERIFIED_FROM_OFFICIAL_DOCUMENTATION","verticalDatum":"Local Datum","verticalDatumCode":24,"napIdentityStatus":"UNVERIFIED","sourceKind":"official","sourceCellId":"1R75883I","sourceStableId":"1F2B6A4B9FC6760B","sourceChecksum":"7c265c9fd48cb0677b21c9e60c88de7230e0e5b27a4f98bc2d44d93527f2082a","pipelineFeatureId":"1R75883I/DEPCNT/1281233730","provenance":{"cellId":"1R75883I","checksum":"7c265c9fd48cb0677b21c9e60c88de7230e0e5b27a4f98bc2d44d93527f2082a","readerVersion":"GDAL 3.2.2","processedAt":"2026-08-11T13:43:44.753Z"},"sourceProperties":{"RCID":1281233730,"PRIM":2,"GRUP":2,"OBJL":43,"RVER":1,"AGEN":7979,"FIDN":1783340998,"FIDS":30219,"LNAM":"1F2B6A4B9FC6760B","VALDCO":4,"SCAMIN":300000,"sourceCellId":"1R75883I","sourceChecksum":"7c265c9fd48cb0677b21c9e60c88de7230e0e5b27a4f98bc2d44d93527f2082a","rawObjectClass":"DEPCNT","sourceStableId":"1F2B6A4B9FC6760B"}}},{"type":"Feature","geometry":{"type":"LineString","coordinates":[[3.3156135,51.4620423],[3.315747,51.4620804],[3.3158789,51.4621239],[3.3158686,51.4620417],[3.3157461,51.4619629],[3.3156135,51.4620423]]},"properties":{"rawObjectClass":"DEPCNT","VALDCO":4,"depthDatum":"Approximate LAT","depthDatumCode":42,"depthDatumStatus":"VERIFIED_FROM_OFFICIAL_DOCUMENTATION","verticalDatum":"Local Datum","verticalDatumCode":24,"napIdentityStatus":"UNVERIFIED","sourceKind":"official","sourceCellId":"1R75883I","sourceStableId":"1F2B6A4B9FC6760C","sourceChecksum":"7c265c9fd48cb0677b21c9e60c88de7230e0e5b27a4f98bc2d44d93527f2082a","pipelineFeatureId":"1R75883I/DEPCNT/1281233732","provenance":{"cellId":"1R75883I","checksum":"7c265c9fd48cb0677b21c9e60c88de7230e0e5b27a4f98bc2d44d93527f2082a","readerVersion":"GDAL 3.2.2","processedAt":"2026-08-11T13:43:44.753Z"},"sourceProperties":{"RCID":1281233732,"PRIM":2,"GRUP":2,"OBJL":43,"RVER":1,"AGEN":7979,"FIDN":1783340998,"FIDS":30220,"LNAM":"1F2B6A4B9FC6760C","VALDCO":4,"SCAMIN":300000,"sourceCellId":"1R75883I","sourceChecksum":"7c265c9fd48cb0677b21c9e60c88de7230e0e5b27a4f98bc2d44d93527f2082a","rawObjectClass":"DEPCNT","sourceStableId":"1F2B6A4B9FC6760C"}}},{"type":"Feature","geometry":{"type":"LineString","coordinates":[[3.3333333,51.4626026],[3.3333123,51.4625996],[3.3332638,51.4625927],[3.3331683,51.4625931],[3.3331075,51.4625855],[3.3330242,51.4625791],[3.3329187,51.4625581],[3.3328801,51.4625631],[3.3328213,51.462571],[3.3327363,51.4625721],[3.3326583,51.4625347],[3.3325919,51.4625204],[3.332562,51.4625163],[3.3324479,51.4625076],[3.3323895,51.4624991],[3.3323039,51.4624996],[3.3321894,51.4624647],[3.3321596,51.4624579],[3.3320319,51.4624567],[3.3320157,51.4624566],[3.3319995,51.4624568],[3.3318717,51.4624591],[3.3317715,51.4624473],[3.3317277,51.4624431],[3.3317191,51.4624421],[3.3316814,51.4624476],[3.3316016,51.4624589],[3.3315838,51.4624571],[3.3315537,51.4624479],[3.3314396,51.4624184],[3.3313438,51.4624185],[3.3312957,51.4624189],[3.3312477,51.4624188],[3.3311517,51.4624184],[3.3310155,51.4623596],[3.3310073,51.4623568],[3.3309993,51.4623596],[3.3308639,51.4624302],[3.3307697,51.4623915],[3.3307195,51.462373],[3.33067,51.4623605],[3.3305754,51.4623497],[3.330554,51.4623475],[3.3304314,51.4623399],[3.3303753,51.4623264],[3.3302875,51.462339],[3.3302648,51.4623617],[3.3302877,51.4623711],[3.3303061,51.4623731],[3.3304317,51.4623808],[3.330556,51.4623731],[3.3305756,51.4623743],[3.3306679,51.4624505],[3.3307203,51.4624765],[3.3308481,51.46246],[3.3308641,51.462462],[3.3309119,51.4624795],[3.3310084,51.4625049],[3.3310573,51.4625393],[3.3311528,51.4625689],[3.3312221,51.462582],[3.3312969,51.4625894],[3.3313981,51.4626282],[3.3314412,51.4626396],[3.3314664,51.4626437],[3.3315853,51.46266],[3.3316521,51.4626692],[3.3317294,51.4626815],[3.3318661,51.4627168],[3.3318736,51.4627193],[3.3318782,51.4627197],[3.3320178,51.4627496],[3.3320808,51.4627556],[3.3321619,51.4627718],[3.3322797,51.4627891],[3.3323059,51.462783],[3.3324327,51.4628051],[3.3324501,51.4628077],[3.3324543,51.4628077],[3.3325942,51.4628281],[3.3326404,51.4628334],[3.3327381,51.4628293],[3.3327842,51.4628329],[3.3328821,51.4628323],[3.332935,51.4628367],[3.3330262,51.4628506],[3.3331281,51.4628668],[3.3331702,51.4628579],[3.3332705,51.4628927],[3.3333144,51.4628994],[3.3333289,51.4629015],[3.3333333,51.4629005]]},"properties":{"rawObjectClass":"DEPCNT","VALDCO":3.5,"depthDatum":"Approximate LAT","depthDatumCode":42,"depthDatumStatus":"VERIFIED_FROM_OFFICIAL_DOCUMENTATION","verticalDatum":"Local Datum","verticalDatumCode":24,"napIdentityStatus":"UNVERIFIED","sourceKind":"official","sourceCellId":"1R75883I","sourceStableId":"1F2B6A4B9FC6760D","sourceChecksum":"7c265c9fd48cb0677b21c9e60c88de7230e0e5b27a4f98bc2d44d93527f2082a","pipelineFeatureId":"1R75883I/DEPCNT/1281233733","provenance":{"cellId":"1R75883I","checksum":"7c265c9fd48cb0677b21c9e60c88de7230e0e5b27a4f98bc2d44d93527f2082a","readerVersion":"GDAL 3.2.2","processedAt":"2026-08-11T13:43:44.753Z"},"sourceProperties":{"RCID":1281233733,"PRIM":2,"GRUP":2,"OBJL":43,"RVER":1,"AGEN":7979,"FIDN":1783340998,"FIDS":30221,"LNAM":"1F2B6A4B9FC6760D","VALDCO":3.5,"SCAMIN":15000,"sourceCellId":"1R75883I","sourceChecksum":"7c265c9fd48cb0677b21c9e60c88de7230e0e5b27a4f98bc2d44d93527f2082a","rawObjectClass":"DEPCNT","sourceStableId":"1F2B6A4B9FC6760D"}}},{"type":"Feature","geometry":{"type":"LineString","coordinates":[[3.3333333,51.4693408],[3.3333146,51.4693375],[3.3332172,51.469309],[3.3331138,51.4692773],[3.3332166,51.469233],[3.3333202,51.4692119],[3.3333333,51.4692094]]},"properties":{"rawObjectClass":"DEPCNT","VALDCO":3.5,"depthDatum":"Approximate LAT","depthDatumCode":42,"depthDatumStatus":"VERIFIED_FROM_OFFICIAL_DOCUMENTATION","verticalDatum":"Local Datum","verticalDatumCode":24,"napIdentityStatus":"UNVERIFIED","sourceKind":"official","sourceCellId":"1R75883I","sourceStableId":"1F2B6A4B9FC6760E","sourceChecksum":"7c265c9fd48cb0677b21c9e60c88de7230e0e5b27a4f98bc2d44d93527f2082a","pipelineFeatureId":"1R75883I/DEPCNT/1281233734","provenance":{"cellId":"1R75883I","checksum":"7c265c9fd48cb0677b21c9e60c88de7230e0e5b27a4f98bc2d44d93527f2082a","readerVersion":"GDAL 3.2.2","processedAt":"2026-08-11T13:43:44.753Z"},"sourceProperties":{"RCID":1281233734,"PRIM":2,"GRUP":2,"OBJL":43,"RVER":1,"AGEN":7979,"FIDN":1783340998,"FIDS":30222,"LNAM":"1F2B6A4B9FC6760E","VALDCO":3.5,"SCAMIN":15000,"sourceCellId":"1R75883I","sourceChecksum":"7c265c9fd48cb0677b21c9e60c88de7230e0e5b27a4f98bc2d44d93527f2082a","rawObjectClass":"DEPCNT","sourceStableId":"1F2B6A4B9FC6760E"}}},{"type":"Feature","geometry":{"type":"LineString","coordinates":[[3.3333333,51.4666166],[3.3332124,51.4665795],[3.3331973,51.4665763],[3.3331899,51.466575],[3.333053,51.4665336],[3.3329586,51.4664903],[3.3329086,51.4664712],[3.3328321,51.466443],[3.3327643,51.466428],[3.332625,51.4664013],[3.3326201,51.4664006],[3.3326177,51.4663998],[3.3324758,51.4663459],[3.3323626,51.4663314],[3.3323317,51.4663275],[3.3322713,51.4663124],[3.3321875,51.4662916],[3.3321467,51.4662873],[3.3320433,51.4662561],[3.331973,51.4662672],[3.3318992,51.4662454],[3.3318532,51.4662237],[3.3317549,51.4661922],[3.3316133,51.4661362],[3.3316105,51.4661353],[3.3316085,51.4661344],[3.3314662,51.4660887],[3.3313219,51.466046],[3.3313204,51.4660453],[3.3311774,51.4659738],[3.3311307,51.465956],[3.331033,51.4659095],[3.3309347,51.4658666],[3.3308885,51.4658381],[3.3307943,51.4657771],[3.330744,51.4657616],[3.3306697,51.4657311],[3.3305999,51.4657333],[3.3305497,51.4656878],[3.3304554,51.46566],[3.330322,51.4656054],[3.330311,51.4656009],[3.3303055,51.4655986],[3.3301667,51.465549],[3.330053,51.4655094],[3.3300223,51.4654987],[3.329982,51.4654844],[3.329878,51.4654477],[3.3297992,51.4654202],[3.3297337,51.4653974],[3.3295998,51.4653374],[3.3295893,51.465333],[3.3295843,51.4653309],[3.329445,51.4652872],[3.3293042,51.4652439],[3.3293007,51.465243],[3.3292979,51.4652418],[3.3291564,51.4651938],[3.3290424,51.4651714],[3.3290123,51.4651667],[3.3289663,51.4651528],[3.328868,51.4651258],[3.3288119,51.4651182],[3.3287239,51.4651019],[3.3285868,51.4650684],[3.3285797,51.4650673],[3.3285657,51.465064],[3.3284355,51.4650362],[3.3283781,51.4650287],[3.3282914,51.4650128],[3.3281711,51.4649752],[3.3281471,51.4649669],[3.3281297,51.4649644],[3.3280029,51.4649416],[3.3279358,51.4649339],[3.3278588,51.464921],[3.3277577,51.4648864],[3.3277145,51.4648702],[3.3276908,51.4648718],[3.3275705,51.4648611],[3.3274936,51.4648392],[3.3274263,51.464824],[3.3273317,51.4647977],[3.327282,51.4647849],[3.3272597,51.4647839],[3.3271379,51.4647639],[3.3270008,51.4647132],[3.3269936,51.4647121],[3.3269723,51.4647088],[3.3268496,51.4646971],[3.3268189,51.4646901],[3.3267054,51.4646633],[3.3265989,51.4646434],[3.3265612,51.4646395],[3.326494,51.4646202],[3.326417,51.4646051],[3.3263814,51.4645983],[3.3262729,51.4645777],[3.326173,51.4645588],[3.3261288,51.4645549],[3.3260306,51.4645316],[3.3259846,51.4645214],[3.3259556,51.4645137],[3.3258404,51.4644941],[3.3257662,51.4644859],[3.3256963,51.4644727],[3.3255689,51.4644429],[3.3255521,51.4644383],[3.3255315,51.4644302],[3.3254078,51.4643878],[3.3253528,51.464388],[3.3252639,51.4643984],[3.3251312,51.4643614],[3.3251197,51.4643591],[3.3251056,51.4643543],[3.3249752,51.4642877],[3.324903,51.4642649],[3.324831,51.4642499],[3.3246963,51.4641756],[3.3246864,51.4641634],[3.324667,51.4641636],[3.3245423,51.4641305],[3.324458,51.4641236],[3.3243982,51.464119],[3.3243379,51.4640867],[3.3243975,51.4640124],[3.3245147,51.4640129],[3.3245414,51.4640089],[3.3245619,51.4640089],[3.3246853,51.4640083],[3.3248092,51.464008],[3.3248293,51.4640038],[3.3248427,51.4640037],[3.3249733,51.4640146],[3.3250881,51.4640129],[3.3251172,51.464013],[3.3251465,51.4640128],[3.3252612,51.4640224],[3.3253134,51.4640266],[3.3254053,51.4640335],[3.3254682,51.4640329],[3.3255494,51.4640519],[3.3256604,51.4640624],[3.3256934,51.4640577],[3.3258113,51.4640663],[3.3258374,51.4640663],[3.3259394,51.4640822],[3.3259815,51.4640874],[3.3260228,51.464082],[3.326104,51.4640684],[3.3261253,51.4640743],[3.3262513,51.4640701],[3.3263117,51.4640812],[3.3264136,51.4641226],[3.3264814,51.4641231],[3.3265577,51.4641403],[3.3266579,51.4641428],[3.3267017,51.4641503],[3.3268329,51.4641696],[3.3268458,51.464174],[3.3268529,51.464174],[3.32699,51.4642098],[3.327067,51.4642171],[3.3271341,51.4642295],[3.3272527,51.4642425],[3.3272782,51.4642439],[3.3273382,51.4642582],[3.3274224,51.4642801],[3.3274672,51.4642858],[3.3275665,51.4643029],[3.3276513,51.4643102],[3.3277105,51.4643138],[3.3278278,51.4643467],[3.3278548,51.4643547],[3.3278692,51.4643556],[3.3279988,51.464367],[3.328043,51.4643737],[3.3281429,51.4643838],[3.3282439,51.4644085],[3.3282871,51.4644158],[3.328427,51.4644323],[3.3284312,51.4644331],[3.3284472,51.4644349],[3.3285752,51.4644501],[3.328615,51.4644592],[3.3287194,51.4644771],[3.3288077,51.464489],[3.3288635,51.464498],[3.3289828,51.4645079],[3.3290076,51.4645128],[3.3291188,51.4645229],[3.3291516,51.4645274],[3.3291611,51.4645287],[3.3292958,51.4645605],[3.3293699,51.4645685],[3.3294399,51.4645821],[3.3295624,51.4645981],[3.329584,51.4646022],[3.3296311,51.4646114],[3.3297282,51.4646359],[3.3297765,51.4646411],[3.3298723,51.4646592],[3.3299693,51.464671],[3.3300164,51.4646797],[3.3301229,51.4646999],[3.3301606,51.4647096],[3.3301798,51.4647118],[3.3303047,51.4647347],[3.3303752,51.4647432],[3.3304489,51.4647581],[3.3305824,51.464782],[3.330593,51.4647837],[3.3306232,51.4647884],[3.3307372,51.4648093],[3.3307829,51.4648165],[3.3308813,51.4648361],[3.3309941,51.4648578],[3.3310255,51.4648645],[3.3311024,51.464877],[3.3311696,51.4648891],[3.3311952,51.4648927],[3.3313137,51.4649146],[3.3314022,51.4649313],[3.3314579,51.4649418],[3.3316006,51.4649646],[3.331605,51.4649655],[3.3317462,51.4649947],[3.3318131,51.4650067],[3.3318903,51.4650204],[3.3320171,51.4650434],[3.3320345,51.4650466],[3.3320486,51.4650454],[3.3321342,51.4650539],[3.3321785,51.4650575],[3.3321858,51.4650583],[3.3323226,51.4650701],[3.3323558,51.4650741],[3.3324666,51.4650806],[3.3325228,51.4650879],[3.3326106,51.4650839],[3.3327303,51.4650673],[3.3327544,51.465064],[3.3328199,51.465052],[3.3329297,51.4649618],[3.3329394,51.4649355],[3.3329789,51.4648717],[3.3329339,51.4648053],[3.3329184,51.464782],[3.3328958,51.4647133],[3.3328874,51.4646921],[3.3328956,51.4646886],[3.3329067,51.4646851],[3.3330392,51.4646335],[3.3331778,51.4646877],[3.3331835,51.46468],[3.3332405,51.4646012],[3.3333266,51.4645643],[3.3333333,51.4645571]]},"properties":{"rawObjectClass":"DEPCNT","VALDCO":3.5,"depthDatum":"Approximate LAT","depthDatumCode":42,"depthDatumStatus":"VERIFIED_FROM_OFFICIAL_DOCUMENTATION","verticalDatum":"Local Datum","verticalDatumCode":24,"napIdentityStatus":"UNVERIFIED","sourceKind":"official","sourceCellId":"1R75883I","sourceStableId":"1F2B6A4B9FC6760F","sourceChecksum":"7c265c9fd48cb0677b21c9e60c88de7230e0e5b27a4f98bc2d44d93527f2082a","pipelineFeatureId":"1R75883I/DEPCNT/1281233736","provenance":{"cellId":"1R75883I","checksum":"7c265c9fd48cb0677b21c9e60c88de7230e0e5b27a4f98bc2d44d93527f2082a","readerVersion":"GDAL 3.2.2","processedAt":"2026-08-11T13:43:44.753Z"},"sourceProperties":{"RCID":1281233736,"PRIM":2,"GRUP":2,"OBJL":43,"RVER":1,"AGEN":7979,"FIDN":1783340998,"FIDS":30223,"LNAM":"1F2B6A4B9FC6760F","VALDCO":3.5,"SCAMIN":15000,"sourceCellId":"1R75883I","sourceChecksum":"7c265c9fd48cb0677b21c9e60c88de7230e0e5b27a4f98bc2d44d93527f2082a","rawObjectClass":"DEPCNT","sourceStableId":"1F2B6A4B9FC6760F"}}},{"type":"Feature","geometry":{"type":"LineString","coordinates":[[3.3104372,51.4432567],[3.3104542,51.4432525],[3.310581,51.443242],[3.3106545,51.4432166],[3.3107248,51.4432333],[3.3108644,51.4432621],[3.3107488,51.4432772],[3.3107251,51.4432751],[3.3106534,51.4433076],[3.3105815,51.4433245],[3.3105091,51.443353],[3.3104718,51.4433742],[3.3104379,51.4433627],[3.3104224,51.4433532],[3.3104021,51.443331],[3.3104018,51.4432633],[3.3104172,51.4432508],[3.3104372,51.4432567]]},"properties":{"rawObjectClass":"DEPCNT","VALDCO":3.5,"depthDatum":"Approximate LAT","depthDatumCode":42,"depthDatumStatus":"VERIFIED_FROM_OFFICIAL_DOCUMENTATION","verticalDatum":"Local Datum","verticalDatumCode":24,"napIdentityStatus":"UNVERIFIED","sourceKind":"official","sourceCellId":"1R75883I","sourceStableId":"1F2B6A4B9FC67610","sourceChecksum":"7c265c9fd48cb0677b21c9e60c88de7230e0e5b27a4f98bc2d44d93527f2082a","pipelineFeatureId":"1R75883I/DEPCNT/1281233738","provenance":{"cellId":"1R75883I","checksum":"7c265c9fd48cb0677b21c9e60c88de7230e0e5b27a4f98bc2d44d93527f2082a","readerVersion":"GDAL 3.2.2","processedAt":"2026-08-11T13:43:44.753Z"},"sourceProperties":{"RCID":1281233738,"PRIM":2,"GRUP":2,"OBJL":43,"RVER":1,"AGEN":7979,"FIDN":1783340998,"FIDS":30224,"LNAM":"1F2B6A4B9FC67610","VALDCO":3.5,"SCAMIN":15000,"sourceCellId":"1R75883I","sourceChecksum":"7c265c9fd48cb0677b21c9e60c88de7230e0e5b27a4f98bc2d44d93527f2082a","rawObjectClass":"DEPCNT","sourceStableId":"1F2B6A4B9FC67610"}}},{"type":"Feature","geometry":{"type":"LineString","coordinates":[[3.3025627,51.4449923],[3.302535,51.4450192],[3.3024185,51.4450098],[3.302391,51.4450079],[3.3022555,51.4449983],[3.3022471,51.4449977],[3.3021126,51.4449993],[3.3021032,51.4449987],[3.3020258,51.4449937],[3.3020652,51.44497],[3.3021031,51.4449788],[3.3022282,51.4449814],[3.302247,51.4449818],[3.3022638,51.4449825],[3.3023908,51.4449655],[3.3024715,51.4449531],[3.3025346,51.4449594],[3.3025627,51.4449923]]},"properties":{"rawObjectClass":"DEPCNT","VALDCO":3.5,"depthDatum":"Approximate LAT","depthDatumCode":42,"depthDatumStatus":"VERIFIED_FROM_OFFICIAL_DOCUMENTATION","verticalDatum":"Local Datum","verticalDatumCode":24,"napIdentityStatus":"UNVERIFIED","sourceKind":"official","sourceCellId":"1R75883I","sourceStableId":"1F2B6A4B9FC67611","sourceChecksum":"7c265c9fd48cb0677b21c9e60c88de7230e0e5b27a4f98bc2d44d93527f2082a","pipelineFeatureId":"1R75883I/DEPCNT/1281233740","provenance":{"cellId":"1R75883I","checksum":"7c265c9fd48cb0677b21c9e60c88de7230e0e5b27a4f98bc2d44d93527f2082a","readerVersion":"GDAL 3.2.2","processedAt":"2026-08-11T13:43:44.753Z"},"sourceProperties":{"RCID":1281233740,"PRIM":2,"GRUP":2,"OBJL":43,"RVER":1,"AGEN":7979,"FIDN":1783340998,"FIDS":30225,"LNAM":"1F2B6A4B9FC67611","VALDCO":3.5,"SCAMIN":15000,"sourceCellId":"1R75883I","sourceChecksum":"7c265c9fd48cb0677b21c9e60c88de7230e0e5b27a4f98bc2d44d93527f2082a","rawObjectClass":"DEPCNT","sourceStableId":"1F2B6A4B9FC67611"}}},{"type":"Feature","geometry":{"type":"LineString","coordinates":[[3.3144641,51.442973],[3.3144866,51.4429827],[3.3146085,51.4430491],[3.3146815,51.4430263],[3.3147521,51.4430116],[3.3148949,51.4430715],[3.3147531,51.4431602],[3.3147479,51.4431618],[3.3146097,51.4432196],[3.3145514,51.4431624],[3.314465,51.4431093],[3.31437,51.4430729],[3.3143907,51.4430291],[3.3143843,51.442983],[3.3144384,51.4429668],[3.3144641,51.442973]]},"properties":{"rawObjectClass":"DEPCNT","VALDCO":3.5,"depthDatum":"Approximate LAT","depthDatumCode":42,"depthDatumStatus":"VERIFIED_FROM_OFFICIAL_DOCUMENTATION","verticalDatum":"Local Datum","verticalDatumCode":24,"napIdentityStatus":"UNVERIFIED","sourceKind":"official","sourceCellId":"1R75883I","sourceStableId":"1F2B6A4B9FC67612","sourceChecksum":"7c265c9fd48cb0677b21c9e60c88de7230e0e5b27a4f98bc2d44d93527f2082a","pipelineFeatureId":"1R75883I/DEPCNT/1281233742","provenance":{"cellId":"1R75883I","checksum":"7c265c9fd48cb0677b21c9e60c88de7230e0e5b27a4f98bc2d44d93527f2082a","readerVersion":"GDAL 3.2.2","processedAt":"2026-08-11T13:43:44.753Z"},"sourceProperties":{"RCID":1281233742,"PRIM":2,"GRUP":2,"OBJL":43,"RVER":1,"AGEN":7979,"FIDN":1783340998,"FIDS":30226,"LNAM":"1F2B6A4B9FC67612","VALDCO":3.5,"SCAMIN":15000,"sourceCellId":"1R75883I","sourceChecksum":"7c265c9fd48cb0677b21c9e60c88de7230e0e5b27a4f98bc2d44d93527f2082a","rawObjectClass":"DEPCNT","sourceStableId":"1F2B6A4B9FC67612"}}},{"type":"Feature","geometry":{"type":"LineString","coordinates":[[3.3123219,51.4430687],[3.3124503,51.4430598],[3.3125917,51.4430777],[3.3124506,51.4431141],[3.3123413,51.4431],[3.3123066,51.4430908],[3.312271,51.4430785],[3.3122316,51.443032],[3.3123064,51.4430686],[3.3123219,51.4430687]]},"properties":{"rawObjectClass":"DEPCNT","VALDCO":3.5,"depthDatum":"Approximate LAT","depthDatumCode":42,"depthDatumStatus":"VERIFIED_FROM_OFFICIAL_DOCUMENTATION","verticalDatum":"Local Datum","verticalDatumCode":24,"napIdentityStatus":"UNVERIFIED","sourceKind":"official","sourceCellId":"1R75883I","sourceStableId":"1F2B6A4B9FC67613","sourceChecksum":"7c265c9fd48cb0677b21c9e60c88de7230e0e5b27a4f98bc2d44d93527f2082a","pipelineFeatureId":"1R75883I/DEPCNT/1281233743","provenance":{"cellId":"1R75883I","checksum":"7c265c9fd48cb0677b21c9e60c88de7230e0e5b27a4f98bc2d44d93527f2082a","readerVersion":"GDAL 3.2.2","processedAt":"2026-08-11T13:43:44.753Z"},"sourceProperties":{"RCID":1281233743,"PRIM":2,"GRUP":2,"OBJL":43,"RVER":1,"AGEN":7979,"FIDN":1783340998,"FIDS":30227,"LNAM":"1F2B6A4B9FC67613","VALDCO":3.5,"SCAMIN":15000,"sourceCellId":"1R75883I","sourceChecksum":"7c265c9fd48cb0677b21c9e60c88de7230e0e5b27a4f98bc2d44d93527f2082a","rawObjectClass":"DEPCNT","sourceStableId":"1F2B6A4B9FC67613"}}},{"type":"Feature","geometry":{"type":"LineString","coordinates":[[3.3133142,51.4431561],[3.3133501,51.4431431],[3.3134579,51.4431278],[3.3135537,51.4431051],[3.3136017,51.443105],[3.3136775,51.4431221],[3.3137458,51.4431427],[3.3137923,51.4431644],[3.3137465,51.443249],[3.3136059,51.4432528],[3.3136027,51.4432539],[3.3136012,51.4432539],[3.3134586,51.4432268],[3.3133867,51.4432105],[3.3133145,51.4431877],[3.31328,51.4431873],[3.3131706,51.4431897],[3.3131314,51.4431662],[3.3131701,51.4431177],[3.3132411,51.4431203],[3.3133142,51.4431561]]},"properties":{"rawObjectClass":"DEPCNT","VALDCO":3.5,"depthDatum":"Approximate LAT","depthDatumCode":42,"depthDatumStatus":"VERIFIED_FROM_OFFICIAL_DOCUMENTATION","verticalDatum":"Local Datum","verticalDatumCode":24,"napIdentityStatus":"UNVERIFIED","sourceKind":"official","sourceCellId":"1R75883I","sourceStableId":"1F2B6A4B9FC67614","sourceChecksum":"7c265c9fd48cb0677b21c9e60c88de7230e0e5b27a4f98bc2d44d93527f2082a","pipelineFeatureId":"1R75883I/DEPCNT/1281233744","provenance":{"cellId":"1R75883I","checksum":"7c265c9fd48cb0677b21c9e60c88de7230e0e5b27a4f98bc2d44d93527f2082a","readerVersion":"GDAL 3.2.2","processedAt":"2026-08-11T13:43:44.753Z"},"sourceProperties":{"RCID":1281233744,"PRIM":2,"GRUP":2,"OBJL":43,"RVER":1,"AGEN":7979,"FIDN":1783340998,"FIDS":30228,"LNAM":"1F2B6A4B9FC67614","VALDCO":3.5,"SCAMIN":15000,"sourceCellId":"1R75883I","sourceChecksum":"7c265c9fd48cb0677b21c9e60c88de7230e0e5b27a4f98bc2d44d93527f2082a","rawObjectClass":"DEPCNT","sourceStableId":"1F2B6A4B9FC67614"}}},{"type":"Feature","geometry":{"type":"LineString","coordinates":[[3.3205109,51.4585223],[3.3206166,51.4585816],[3.3207052,51.4585562],[3.3207603,51.4585475],[3.320814,51.4585214],[3.3207599,51.4584809],[3.3206543,51.458456],[3.3206156,51.4584414],[3.3205109,51.4585223]]},"properties":{"rawObjectClass":"DEPCNT","VALDCO":3.5,"depthDatum":"Approximate LAT","depthDatumCode":42,"depthDatumStatus":"VERIFIED_FROM_OFFICIAL_DOCUMENTATION","verticalDatum":"Local Datum","verticalDatumCode":24,"napIdentityStatus":"UNVERIFIED","sourceKind":"official","sourceCellId":"1R75883I","sourceStableId":"1F2B6A4B9FC67615","sourceChecksum":"7c265c9fd48cb0677b21c9e60c88de7230e0e5b27a4f98bc2d44d93527f2082a","pipelineFeatureId":"1R75883I/DEPCNT/1281233745","provenance":{"cellId":"1R75883I","checksum":"7c265c9fd48cb0677b21c9e60c88de7230e0e5b27a4f98bc2d44d93527f2082a","readerVersion":"GDAL 3.2.2","processedAt":"2026-08-11T13:43:44.753Z"},"sourceProperties":{"RCID":1281233745,"PRIM":2,"GRUP":2,"OBJL":43,"RVER":1,"AGEN":7979,"FIDN":1783340998,"FIDS":30229,"LNAM":"1F2B6A4B9FC67615","VALDCO":3.5,"SCAMIN":15000,"sourceCellId":"1R75883I","sourceChecksum":"7c265c9fd48cb0677b21c9e60c88de7230e0e5b27a4f98bc2d44d93527f2082a","rawObjectClass":"DEPCNT","sourceStableId":"1F2B6A4B9FC67615"}}},{"type":"Feature","geometry":{"type":"LineString","coordinates":[[3.3138743,51.4434339],[3.3137473,51.4433648],[3.3136054,51.4433447],[3.3137466,51.443257],[3.3137552,51.4432598],[3.3138908,51.4433007],[3.3139646,51.4432538],[3.314034,51.4432093],[3.3141043,51.4432535],[3.3141785,51.4432991],[3.3142248,51.4433431],[3.3143233,51.4434304],[3.3143304,51.4434283],[3.3143253,51.4434327],[3.3143234,51.4434375],[3.3142584,51.4434329],[3.3141794,51.4434274],[3.3140392,51.4434312],[3.3140356,51.4434323],[3.3140319,51.4434335],[3.31396,51.4434762],[3.3138918,51.4434483],[3.3138743,51.4434339]]},"properties":{"rawObjectClass":"DEPCNT","VALDCO":3.5,"depthDatum":"Approximate LAT","depthDatumCode":42,"depthDatumStatus":"VERIFIED_FROM_OFFICIAL_DOCUMENTATION","verticalDatum":"Local Datum","verticalDatumCode":24,"napIdentityStatus":"UNVERIFIED","sourceKind":"official","sourceCellId":"1R75883I","sourceStableId":"1F2B6A4B9FC67616","sourceChecksum":"7c265c9fd48cb0677b21c9e60c88de7230e0e5b27a4f98bc2d44d93527f2082a","pipelineFeatureId":"1R75883I/DEPCNT/1281233746","provenance":{"cellId":"1R75883I","checksum":"7c265c9fd48cb0677b21c9e60c88de7230e0e5b27a4f98bc2d44d93527f2082a","readerVersion":"GDAL 3.2.2","processedAt":"2026-08-11T13:43:44.753Z"},"sourceProperties":{"RCID":1281233746,"PRIM":2,"GRUP":2,"OBJL":43,"RVER":1,"AGEN":7979,"FIDN":1783340998,"FIDS":30230,"LNAM":"1F2B6A4B9FC67616","VALDCO":3.5,"SCAMIN":15000,"sourceCellId":"1R75883I","sourceChecksum":"7c265c9fd48cb0677b21c9e60c88de7230e0e5b27a4f98bc2d44d93527f2082a","rawObjectClass":"DEPCNT","sourceStableId":"1F2B6A4B9FC67616"}}},{"type":"Feature","geometry":{"type":"LineString","coordinates":[[3.3114634,51.4487455],[3.3113373,51.4486687],[3.3113016,51.4486561],[3.3112037,51.4485733],[3.3113369,51.448612],[3.3113845,51.4486558],[3.3114815,51.4487184],[3.3116147,51.4487451],[3.3114818,51.4487615],[3.3114634,51.4487455]]},"properties":{"rawObjectClass":"DEPCNT","VALDCO":3.5,"depthDatum":"Approximate LAT","depthDatumCode":42,"depthDatumStatus":"VERIFIED_FROM_OFFICIAL_DOCUMENTATION","verticalDatum":"Local Datum","verticalDatumCode":24,"napIdentityStatus":"UNVERIFIED","sourceKind":"official","sourceCellId":"1R75883I","sourceStableId":"1F2B6A4B9FC67617","sourceChecksum":"7c265c9fd48cb0677b21c9e60c88de7230e0e5b27a4f98bc2d44d93527f2082a","pipelineFeatureId":"1R75883I/DEPCNT/1281233750","provenance":{"cellId":"1R75883I","checksum":"7c265c9fd48cb0677b21c9e60c88de7230e0e5b27a4f98bc2d44d93527f2082a","readerVersion":"GDAL 3.2.2","processedAt":"2026-08-11T13:43:44.753Z"},"sourceProperties":{"RCID":1281233750,"PRIM":2,"GRUP":2,"OBJL":43,"RVER":1,"AGEN":7979,"FIDN":1783340998,"FIDS":30231,"LNAM":"1F2B6A4B9FC67617","VALDCO":3.5,"SCAMIN":15000,"sourceCellId":"1R75883I","sourceChecksum":"7c265c9fd48cb0677b21c9e60c88de7230e0e5b27a4f98bc2d44d93527f2082a","rawObjectClass":"DEPCNT","sourceStableId":"1F2B6A4B9FC67617"}}},{"type":"Feature","geometry":{"type":"LineString","coordinates":[[3.3208352,51.4586113],[3.320905,51.4586504],[3.3210328,51.4586904],[3.3210489,51.4586413],[3.3210983,51.4587005],[3.3211933,51.4587169],[3.3212316,51.458724],[3.3212894,51.4587],[3.3211931,51.4586806],[3.3210586,51.4586107],[3.3210486,51.4586045],[3.3210365,51.4586032],[3.3209043,51.458559],[3.3208352,51.4586113]]},"properties":{"rawObjectClass":"DEPCNT","VALDCO":3.5,"depthDatum":"Approximate LAT","depthDatumCode":42,"depthDatumStatus":"VERIFIED_FROM_OFFICIAL_DOCUMENTATION","verticalDatum":"Local Datum","verticalDatumCode":24,"napIdentityStatus":"UNVERIFIED","sourceKind":"official","sourceCellId":"1R75883I","sourceStableId":"1F2B6A4B9FC67618","sourceChecksum":"7c265c9fd48cb0677b21c9e60c88de7230e0e5b27a4f98bc2d44d93527f2082a","pipelineFeatureId":"1R75883I/DEPCNT/1281233753","provenance":{"cellId":"1R75883I","checksum":"7c265c9fd48cb0677b21c9e60c88de7230e0e5b27a4f98bc2d44d93527f2082a","readerVersion":"GDAL 3.2.2","processedAt":"2026-08-11T13:43:44.753Z"},"sourceProperties":{"RCID":1281233753,"PRIM":2,"GRUP":2,"OBJL":43,"RVER":1,"AGEN":7979,"FIDN":1783340998,"FIDS":30232,"LNAM":"1F2B6A4B9FC67618","VALDCO":3.5,"SCAMIN":15000,"sourceCellId":"1R75883I","sourceChecksum":"7c265c9fd48cb0677b21c9e60c88de7230e0e5b27a4f98bc2d44d93527f2082a","rawObjectClass":"DEPCNT","sourceStableId":"1F2B6A4B9FC67618"}}},{"type":"Feature","geometry":{"type":"LineString","coordinates":[[3.3156161,51.4424401],[3.3156115,51.4424459],[3.3154758,51.4424456],[3.3154677,51.4424455],[3.3154592,51.4424459],[3.3153241,51.4424897],[3.3152485,51.4424411],[3.3153234,51.4423912],[3.3154588,51.4424351],[3.3154676,51.4424388],[3.3156084,51.4424382],[3.3156161,51.4424401]]},"properties":{"rawObjectClass":"DEPCNT","VALDCO":3.5,"depthDatum":"Approximate LAT","depthDatumCode":42,"depthDatumStatus":"VERIFIED_FROM_OFFICIAL_DOCUMENTATION","verticalDatum":"Local Datum","verticalDatumCode":24,"napIdentityStatus":"UNVERIFIED","sourceKind":"official","sourceCellId":"1R75883I","sourceStableId":"1F2B6A4B9FC67619","sourceChecksum":"7c265c9fd48cb0677b21c9e60c88de7230e0e5b27a4f98bc2d44d93527f2082a","pipelineFeatureId":"1R75883I/DEPCNT/1281233754","provenance":{"cellId":"1R75883I","checksum":"7c265c9fd48cb0677b21c9e60c88de7230e0e5b27a4f98bc2d44d93527f2082a","readerVersion":"GDAL 3.2.2","processedAt":"2026-08-11T13:43:44.753Z"},"sourceProperties":{"RCID":1281233754,"PRIM":2,"GRUP":2,"OBJL":43,"RVER":1,"AGEN":7979,"FIDN":1783340998,"FIDS":30233,"LNAM":"1F2B6A4B9FC67619","VALDCO":3.5,"SCAMIN":15000,"sourceCellId":"1R75883I","sourceChecksum":"7c265c9fd48cb0677b21c9e60c88de7230e0e5b27a4f98bc2d44d93527f2082a","rawObjectClass":"DEPCNT","sourceStableId":"1F2B6A4B9FC67619"}}},{"type":"Feature","geometry":{"type":"LineString","coordinates":[[3.3303471,51.4706045],[3.3304535,51.4706336],[3.3303477,51.4706842],[3.3302585,51.4706684],[3.3302036,51.4706604],[3.330149,51.4706686],[3.3300595,51.4706457],[3.3300225,51.4706348],[3.3300593,51.4706139],[3.330121,51.4705834],[3.3302032,51.4706083],[3.3302815,51.4705931],[3.3303471,51.4706045]]},"properties":{"rawObjectClass":"DEPCNT","VALDCO":3.5,"depthDatum":"Approximate LAT","depthDatumCode":42,"depthDatumStatus":"VERIFIED_FROM_OFFICIAL_DOCUMENTATION","verticalDatum":"Local Datum","verticalDatumCode":24,"napIdentityStatus":"UNVERIFIED","sourceKind":"official","sourceCellId":"1R75883I","sourceStableId":"1F2B6A4B9FC6761A","sourceChecksum":"7c265c9fd48cb0677b21c9e60c88de7230e0e5b27a4f98bc2d44d93527f2082a","pipelineFeatureId":"1R75883I/DEPCNT/1281233755","provenance":{"cellId":"1R75883I","checksum":"7c265c9fd48cb0677b21c9e60c88de7230e0e5b27a4f98bc2d44d93527f2082a","readerVersion":"GDAL 3.2.2","processedAt":"2026-08-11T13:43:44.753Z"},"sourceProperties":{"RCID":1281233755,"PRIM":2,"GRUP":2,"OBJL":43,"RVER":1,"AGEN":7979,"FIDN":1783340998,"FIDS":30234,"LNAM":"1F2B6A4B9FC6761A","VALDCO":3.5,"SCAMIN":15000,"sourceCellId":"1R75883I","sourceChecksum":"7c265c9fd48cb0677b21c9e60c88de7230e0e5b27a4f98bc2d44d93527f2082a","rawObjectClass":"DEPCNT","sourceStableId":"1F2B6A4B9FC6761A"}}},{"type":"Feature","geometry":{"type":"LineString","coordinates":[[3.3266827,51.4537049],[3.3267709,51.4536883],[3.3268594,51.4536491],[3.3269143,51.4536084],[3.3270077,51.4535588],[3.3270576,51.453519],[3.3271384,51.4534685],[3.3271167,51.4534161],[3.3271139,51.4533787],[3.3270562,51.4533242],[3.3269976,51.4532891],[3.3269455,51.4532205],[3.3269201,51.4531994],[3.3269113,51.4531959],[3.3269064,51.4531963],[3.3267672,51.4531657],[3.3266817,51.4532],[3.3266239,51.4532521],[3.3265221,51.4532641],[3.3264802,51.4532788],[3.3264519,51.4532906],[3.3263369,51.4533759],[3.3262205,51.453364],[3.326193,51.4533727],[3.3261725,51.4533813],[3.3261124,51.4534321],[3.3261932,51.4534021],[3.3263278,51.4534708],[3.3262959,51.453497],[3.3262454,51.4535609],[3.3261948,51.4536287],[3.3261793,51.453651],[3.3261783,51.4536615],[3.3261357,51.4537411],[3.3261958,51.4537689],[3.3262925,51.4537702],[3.3263397,51.4537573],[3.3264774,51.4537439],[3.3264956,51.4537401],[3.3266271,51.4537043],[3.3266827,51.4537049]]},"properties":{"rawObjectClass":"DEPCNT","VALDCO":3.5,"depthDatum":"Approximate LAT","depthDatumCode":42,"depthDatumStatus":"VERIFIED_FROM_OFFICIAL_DOCUMENTATION","verticalDatum":"Local Datum","verticalDatumCode":24,"napIdentityStatus":"UNVERIFIED","sourceKind":"official","sourceCellId":"1R75883I","sourceStableId":"1F2B6A4B9FC6761B","sourceChecksum":"7c265c9fd48cb0677b21c9e60c88de7230e0e5b27a4f98bc2d44d93527f2082a","pipelineFeatureId":"1R75883I/DEPCNT/1281233756","provenance":{"cellId":"1R75883I","checksum":"7c265c9fd48cb0677b21c9e60c88de7230e0e5b27a4f98bc2d44d93527f2082a","readerVersion":"GDAL 3.2.2","processedAt":"2026-08-11T13:43:44.753Z"},"sourceProperties":{"RCID":1281233756,"PRIM":2,"GRUP":2,"OBJL":43,"RVER":1,"AGEN":7979,"FIDN":1783340998,"FIDS":30235,"LNAM":"1F2B6A4B9FC6761B","VALDCO":3.5,"SCAMIN":15000,"sourceCellId":"1R75883I","sourceChecksum":"7c265c9fd48cb0677b21c9e60c88de7230e0e5b27a4f98bc2d44d93527f2082a","rawObjectClass":"DEPCNT","sourceStableId":"1F2B6A4B9FC6761B"}}},{"type":"Feature","geometry":{"type":"LineString","coordinates":[[3.3126327,51.4487043],[3.3127724,51.4486545],[3.3127764,51.448742],[3.3127768,51.4487423],[3.3127773,51.4487423],[3.312921,51.4487795],[3.3129959,51.4487415],[3.3129206,51.4487145],[3.3127785,51.4486521],[3.3127762,51.4486509],[3.3127734,51.4486504],[3.312632,51.4486075],[3.3124902,51.4486518],[3.3124881,51.4486108],[3.312486,51.4486529],[3.3124884,51.4486538],[3.3124908,51.4486544],[3.3126327,51.4487043]]},"properties":{"rawObjectClass":"DEPCNT","VALDCO":3.5,"depthDatum":"Approximate LAT","depthDatumCode":42,"depthDatumStatus":"VERIFIED_FROM_OFFICIAL_DOCUMENTATION","verticalDatum":"Local Datum","verticalDatumCode":24,"napIdentityStatus":"UNVERIFIED","sourceKind":"official","sourceCellId":"1R75883I","sourceStableId":"1F2B6A4B9FC6761C","sourceChecksum":"7c265c9fd48cb0677b21c9e60c88de7230e0e5b27a4f98bc2d44d93527f2082a","pipelineFeatureId":"1R75883I/DEPCNT/1281233757","provenance":{"cellId":"1R75883I","checksum":"7c265c9fd48cb0677b21c9e60c88de7230e0e5b27a4f98bc2d44d93527f2082a","readerVersion":"GDAL 3.2.2","processedAt":"2026-08-11T13:43:44.753Z"},"sourceProperties":{"RCID":1281233757,"PRIM":2,"GRUP":2,"OBJL":43,"RVER":1,"AGEN":7979,"FIDN":1783340998,"FIDS":30236,"LNAM":"1F2B6A4B9FC6761C","VALDCO":3.5,"SCAMIN":15000,"sourceCellId":"1R75883I","sourceChecksum":"7c265c9fd48cb0677b21c9e60c88de7230e0e5b27a4f98bc2d44d93527f2082a","rawObjectClass":"DEPCNT","sourceStableId":"1F2B6A4B9FC6761C"}}},{"type":"Feature","geometry":{"type":"LineString","coordinates":[[3.3296261,51.4704493],[3.3296412,51.4704561],[3.3297705,51.4705051],[3.3298498,51.470505],[3.3299145,51.4705121],[3.3300186,51.4705449],[3.3299153,51.4706124],[3.329879,51.4706126],[3.3297712,51.4705962],[3.3296868,51.4705831],[3.3296272,51.4705986],[3.3295133,51.4705652],[3.3294829,51.4705534],[3.329472,51.4705533],[3.329339,51.4705556],[3.3293004,51.4705469],[3.3291948,51.4705291],[3.3291558,51.470523],[3.3290508,51.4705258],[3.3289989,51.4705154],[3.3289066,51.4704959],[3.3288159,51.4704584],[3.3287622,51.4704363],[3.3286552,51.4703922],[3.3286178,51.470377],[3.3285989,51.4703691],[3.328598,51.4703568],[3.3285899,51.4702792],[3.328617,51.4702706],[3.3286352,51.4702677],[3.3286715,51.4702789],[3.3286596,51.4703426],[3.3287612,51.4702982],[3.3288426,51.4703176],[3.3289052,51.4703011],[3.3289565,51.4703101],[3.3290492,51.4703082],[3.3291763,51.4703567],[3.3291936,51.4703604],[3.3292092,51.4703674],[3.3293378,51.4703937],[3.3294028,51.4704073],[3.3294819,51.470417],[3.3296119,51.4704472],[3.3296261,51.4704493]]},"properties":{"rawObjectClass":"DEPCNT","VALDCO":3.5,"depthDatum":"Approximate LAT","depthDatumCode":42,"depthDatumStatus":"VERIFIED_FROM_OFFICIAL_DOCUMENTATION","verticalDatum":"Local Datum","verticalDatumCode":24,"napIdentityStatus":"UNVERIFIED","sourceKind":"official","sourceCellId":"1R75883I","sourceStableId":"1F2B6A4B9FC6761D","sourceChecksum":"7c265c9fd48cb0677b21c9e60c88de7230e0e5b27a4f98bc2d44d93527f2082a","pipelineFeatureId":"1R75883I/DEPCNT/1281233758","provenance":{"cellId":"1R75883I","checksum":"7c265c9fd48cb0677b21c9e60c88de7230e0e5b27a4f98bc2d44d93527f2082a","readerVersion":"GDAL 3.2.2","processedAt":"2026-08-11T13:43:44.753Z"},"sourceProperties":{"RCID":1281233758,"PRIM":2,"GRUP":2,"OBJL":43,"RVER":1,"AGEN":7979,"FIDN":1783340998,"FIDS":30237,"LNAM":"1F2B6A4B9FC6761D","VALDCO":3.5,"SCAMIN":15000,"sourceCellId":"1R75883I","sourceChecksum":"7c265c9fd48cb0677b21c9e60c88de7230e0e5b27a4f98bc2d44d93527f2082a","rawObjectClass":"DEPCNT","sourceStableId":"1F2B6A4B9FC6761D"}}},{"type":"Feature","geometry":{"type":"LineString","coordinates":[[3.3123442,51.4486087],[3.3124851,51.448563],[3.3123436,51.4485184],[3.3121997,51.448474],[3.3121996,51.4484982],[3.312199,51.4484738],[3.3120553,51.4484383],[3.3119576,51.4484135],[3.311912,51.4484746],[3.3120557,51.4485107],[3.3122,51.448564],[3.3122008,51.4485642],[3.3123442,51.4486087]]},"properties":{"rawObjectClass":"DEPCNT","VALDCO":3.5,"depthDatum":"Approximate LAT","depthDatumCode":42,"depthDatumStatus":"VERIFIED_FROM_OFFICIAL_DOCUMENTATION","verticalDatum":"Local Datum","verticalDatumCode":24,"napIdentityStatus":"UNVERIFIED","sourceKind":"official","sourceCellId":"1R75883I","sourceStableId":"1F2B6A4B9FC6761E","sourceChecksum":"7c265c9fd48cb0677b21c9e60c88de7230e0e5b27a4f98bc2d44d93527f2082a","pipelineFeatureId":"1R75883I/DEPCNT/1281233759","provenance":{"cellId":"1R75883I","checksum":"7c265c9fd48cb0677b21c9e60c88de7230e0e5b27a4f98bc2d44d93527f2082a","readerVersion":"GDAL 3.2.2","processedAt":"2026-08-11T13:43:44.753Z"},"sourceProperties":{"RCID":1281233759,"PRIM":2,"GRUP":2,"OBJL":43,"RVER":1,"AGEN":7979,"FIDN":1783340998,"FIDS":30238,"LNAM":"1F2B6A4B9FC6761E","VALDCO":3.5,"SCAMIN":15000,"sourceCellId":"1R75883I","sourceChecksum":"7c265c9fd48cb0677b21c9e60c88de7230e0e5b27a4f98bc2d44d93527f2082a","rawObjectClass":"DEPCNT","sourceStableId":"1F2B6A4B9FC6761E"}}},{"type":"Feature","geometry":{"type":"LineString","coordinates":[[3.3190156,51.4430604],[3.3190694,51.4431043],[3.3191403,51.44306],[3.3192125,51.4429928],[3.3192607,51.4429999],[3.3193564,51.443],[3.3194305,51.443013],[3.3195003,51.4429943],[3.3195709,51.443013],[3.3196443,51.4430128],[3.3197434,51.4429964],[3.319788,51.4429821],[3.319832,51.4429957],[3.3199321,51.4430129],[3.3200321,51.442995],[3.3200758,51.4429944],[3.3201726,51.4430572],[3.3202202,51.4430723],[3.3202491,51.443057],[3.3203616,51.4429679],[3.3203625,51.4429668],[3.3202192,51.4429238],[3.3200757,51.4428776],[3.3200752,51.4427877],[3.3200744,51.4427872],[3.3200736,51.4427877],[3.3200726,51.4427888],[3.3200735,51.4428777],[3.3200069,51.442925],[3.3199313,51.4429073],[3.3198562,51.4429253],[3.3197876,51.4429282],[3.3197204,51.4429265],[3.3196436,51.4429102],[3.3195934,51.4429103],[3.3194997,51.4429123],[3.3194246,51.4428794],[3.3193553,51.4428351],[3.319213,51.4427901],[3.3192111,51.4427888],[3.3192092,51.4427901],[3.3192092,51.4428784],[3.3192104,51.44288],[3.3190682,51.442942],[3.3189315,51.4429707],[3.3189269,51.4429722],[3.3190156,51.4430604]]},"properties":{"rawObjectClass":"DEPCNT","VALDCO":3.5,"depthDatum":"Approximate LAT","depthDatumCode":42,"depthDatumStatus":"VERIFIED_FROM_OFFICIAL_DOCUMENTATION","verticalDatum":"Local Datum","verticalDatumCode":24,"napIdentityStatus":"UNVERIFIED","sourceKind":"official","sourceCellId":"1R75883I","sourceStableId":"1F2B6A4B9FC6761F","sourceChecksum":"7c265c9fd48cb0677b21c9e60c88de7230e0e5b27a4f98bc2d44d93527f2082a","pipelineFeatureId":"1R75883I/DEPCNT/1281233760","provenance":{"cellId":"1R75883I","checksum":"7c265c9fd48cb0677b21c9e60c88de7230e0e5b27a4f98bc2d44d93527f2082a","readerVersion":"GDAL 3.2.2","processedAt":"2026-08-11T13:43:44.753Z"},"sourceProperties":{"RCID":1281233760,"PRIM":2,"GRUP":2,"OBJL":43,"RVER":1,"AGEN":7979,"FIDN":1783340998,"FIDS":30239,"LNAM":"1F2B6A4B9FC6761F","VALDCO":3.5,"SCAMIN":15000,"sourceCellId":"1R75883I","sourceChecksum":"7c265c9fd48cb0677b21c9e60c88de7230e0e5b27a4f98bc2d44d93527f2082a","rawObjectClass":"DEPCNT","sourceStableId":"1F2B6A4B9FC6761F"}}},{"type":"Feature","geometry":{"type":"LineString","coordinates":[[3.3189257,51.442611],[3.3190662,51.4426539],[3.3191692,51.4426359],[3.3192101,51.442651],[3.3192746,51.4426101],[3.3192095,51.4425716],[3.3191487,51.4425724],[3.3190655,51.4425539],[3.3189257,51.442611]]},"properties":{"rawObjectClass":"DEPCNT","VALDCO":3.5,"depthDatum":"Approximate LAT","depthDatumCode":42,"depthDatumStatus":"VERIFIED_FROM_OFFICIAL_DOCUMENTATION","verticalDatum":"Local Datum","verticalDatumCode":24,"napIdentityStatus":"UNVERIFIED","sourceKind":"official","sourceCellId":"1R75883I","sourceStableId":"1F2B6A4B9FC67620","sourceChecksum":"7c265c9fd48cb0677b21c9e60c88de7230e0e5b27a4f98bc2d44d93527f2082a","pipelineFeatureId":"1R75883I/DEPCNT/1281233764","provenance":{"cellId":"1R75883I","checksum":"7c265c9fd48cb0677b21c9e60c88de7230e0e5b27a4f98bc2d44d93527f2082a","readerVersion":"GDAL 3.2.2","processedAt":"2026-08-11T13:43:44.753Z"},"sourceProperties":{"RCID":1281233764,"PRIM":2,"GRUP":2,"OBJL":43,"RVER":1,"AGEN":7979,"FIDN":1783340998,"FIDS":30240,"LNAM":"1F2B6A4B9FC67620","VALDCO":3.5,"SCAMIN":15000,"sourceCellId":"1R75883I","sourceChecksum":"7c265c9fd48cb0677b21c9e60c88de7230e0e5b27a4f98bc2d44d93527f2082a","rawObjectClass":"DEPCNT","sourceStableId":"1F2B6A4B9FC67620"}}},{"type":"Feature","geometry":{"type":"LineString","coordinates":[[3.3185868,51.4564684],[3.3184588,51.4565496],[3.3185877,51.4566018],[3.3186783,51.4565823],[3.3187315,51.456582],[3.3188164,51.4566386],[3.318876,51.4566539],[3.3189067,51.4566383],[3.3188757,51.4566187],[3.3187584,51.4565488],[3.3187312,51.4565379],[3.3186173,51.4564783],[3.3185868,51.4564684]]},"properties":{"rawObjectClass":"DEPCNT","VALDCO":3.5,"depthDatum":"Approximate LAT","depthDatumCode":42,"depthDatumStatus":"VERIFIED_FROM_OFFICIAL_DOCUMENTATION","verticalDatum":"Local Datum","verticalDatumCode":24,"napIdentityStatus":"UNVERIFIED","sourceKind":"official","sourceCellId":"1R75883I","sourceStableId":"1F2B6A4B9FC67621","sourceChecksum":"7c265c9fd48cb0677b21c9e60c88de7230e0e5b27a4f98bc2d44d93527f2082a","pipelineFeatureId":"1R75883I/DEPCNT/1281233765","provenance":{"cellId":"1R75883I","checksum":"7c265c9fd48cb0677b21c9e60c88de7230e0e5b27a4f98bc2d44d93527f2082a","readerVersion":"GDAL 3.2.2","processedAt":"2026-08-11T13:43:44.753Z"},"sourceProperties":{"RCID":1281233765,"PRIM":2,"GRUP":2,"OBJL":43,"RVER":1,"AGEN":7979,"FIDN":1783340998,"FIDS":30241,"LNAM":"1F2B6A4B9FC67621","VALDCO":3.5,"SCAMIN":15000,"sourceCellId":"1R75883I","sourceChecksum":"7c265c9fd48cb0677b21c9e60c88de7230e0e5b27a4f98bc2d44d93527f2082a","rawObjectClass":"DEPCNT","sourceStableId":"1F2B6A4B9FC67621"}}},{"type":"Feature","geometry":{"type":"LineString","coordinates":[[3.3201973,51.4514196],[3.3202791,51.4514928],[3.3203058,51.4515092],[3.3204237,51.4515833],[3.3205483,51.4515085],[3.3204228,51.4514599],[3.3203572,51.4514191],[3.3202781,51.4513454],[3.3201973,51.4514196]]},"properties":{"rawObjectClass":"DEPCNT","VALDCO":3.5,"depthDatum":"Approximate LAT","depthDatumCode":42,"depthDatumStatus":"VERIFIED_FROM_OFFICIAL_DOCUMENTATION","verticalDatum":"Local Datum","verticalDatumCode":24,"napIdentityStatus":"UNVERIFIED","sourceKind":"official","sourceCellId":"1R75883I","sourceStableId":"1F2B6A4B9FC67622","sourceChecksum":"7c265c9fd48cb0677b21c9e60c88de7230e0e5b27a4f98bc2d44d93527f2082a","pipelineFeatureId":"1R75883I/DEPCNT/1281233766","provenance":{"cellId":"1R75883I","checksum":"7c265c9fd48cb0677b21c9e60c88de7230e0e5b27a4f98bc2d44d93527f2082a","readerVersion":"GDAL 3.2.2","processedAt":"2026-08-11T13:43:44.753Z"},"sourceProperties":{"RCID":1281233766,"PRIM":2,"GRUP":2,"OBJL":43,"RVER":1,"AGEN":7979,"FIDN":1783340998,"FIDS":30242,"LNAM":"1F2B6A4B9FC67622","VALDCO":3.5,"SCAMIN":15000,"sourceCellId":"1R75883I","sourceChecksum":"7c265c9fd48cb0677b21c9e60c88de7230e0e5b27a4f98bc2d44d93527f2082a","rawObjectClass":"DEPCNT","sourceStableId":"1F2B6A4B9FC67622"}}},{"type":"Feature","geometry":{"type":"LineString","coordinates":[[3.3135879,51.4490096],[3.3136423,51.4490424],[3.3137811,51.4490122],[3.313786,51.4490124],[3.3137976,51.4490163],[3.31393,51.4490243],[3.3139379,51.4490087],[3.3139338,51.4490062],[3.3139299,51.4490071],[3.3139252,51.4490058],[3.313786,51.4490078],[3.313781,51.449006],[3.3136419,51.4489761],[3.3135879,51.4490096]]},"properties":{"rawObjectClass":"DEPCNT","VALDCO":3.5,"depthDatum":"Approximate LAT","depthDatumCode":42,"depthDatumStatus":"VERIFIED_FROM_OFFICIAL_DOCUMENTATION","verticalDatum":"Local Datum","verticalDatumCode":24,"napIdentityStatus":"UNVERIFIED","sourceKind":"official","sourceCellId":"1R75883I","sourceStableId":"1F2B6A4B9FC67623","sourceChecksum":"7c265c9fd48cb0677b21c9e60c88de7230e0e5b27a4f98bc2d44d93527f2082a","pipelineFeatureId":"1R75883I/DEPCNT/1281233767","provenance":{"cellId":"1R75883I","checksum":"7c265c9fd48cb0677b21c9e60c88de7230e0e5b27a4f98bc2d44d93527f2082a","readerVersion":"GDAL 3.2.2","processedAt":"2026-08-11T13:43:44.753Z"},"sourceProperties":{"RCID":1281233767,"PRIM":2,"GRUP":2,"OBJL":43,"RVER":1,"AGEN":7979,"FIDN":1783340998,"FIDS":30243,"LNAM":"1F2B6A4B9FC67623","VALDCO":3.5,"SCAMIN":15000,"sourceCellId":"1R75883I","sourceChecksum":"7c265c9fd48cb0677b21c9e60c88de7230e0e5b27a4f98bc2d44d93527f2082a","rawObjectClass":"DEPCNT","sourceStableId":"1F2B6A4B9FC67623"}}},{"type":"Feature","geometry":{"type":"LineString","coordinates":[[3.3333333,51.4634368],[3.3333258,51.4634367],[3.3333183,51.4634353],[3.3333078,51.4634321],[3.3331739,51.4633744],[3.3330638,51.463364],[3.3330298,51.4633534],[3.3330097,51.4633556],[3.3329243,51.4633432],[3.3330295,51.4633116],[3.3331031,51.4632988],[3.3331735,51.4633145],[3.3332729,51.4633144],[3.3333175,51.4633221],[3.3333333,51.4633256]]},"properties":{"rawObjectClass":"DEPCNT","VALDCO":3,"depthDatum":"Approximate LAT","depthDatumCode":42,"depthDatumStatus":"VERIFIED_FROM_OFFICIAL_DOCUMENTATION","verticalDatum":"Local Datum","verticalDatumCode":24,"napIdentityStatus":"UNVERIFIED","sourceKind":"official","sourceCellId":"1R75883I","sourceStableId":"1F2B6A4B9FC67624","sourceChecksum":"7c265c9fd48cb0677b21c9e60c88de7230e0e5b27a4f98bc2d44d93527f2082a","pipelineFeatureId":"1R75883I/DEPCNT/1281233769","provenance":{"cellId":"1R75883I","checksum":"7c265c9fd48cb0677b21c9e60c88de7230e0e5b27a4f98bc2d44d93527f2082a","readerVersion":"GDAL 3.2.2","processedAt":"2026-08-11T13:43:44.753Z"},"sourceProperties":{"RCID":1281233769,"PRIM":2,"GRUP":2,"OBJL":43,"RVER":1,"AGEN":7979,"FIDN":1783340998,"FIDS":30244,"LNAM":"1F2B6A4B9FC67624","VALDCO":3,"SCAMIN":50000,"sourceCellId":"1R75883I","sourceChecksum":"7c265c9fd48cb0677b21c9e60c88de7230e0e5b27a4f98bc2d44d93527f2082a","rawObjectClass":"DEPCNT","sourceStableId":"1F2B6A4B9FC67624"}}},{"type":"Feature","geometry":{"type":"LineString","coordinates":[[3.3333333,51.4606118],[3.3332977,51.4606001],[3.3332242,51.4606008],[3.3331538,51.4606024],[3.3330143,51.4605585],[3.3330083,51.4605555],[3.3328649,51.4604681],[3.332851,51.4604661],[3.3327208,51.4604532],[3.3326881,51.4604461],[3.3325768,51.4604317],[3.332486,51.4604105],[3.3324327,51.4604111],[3.3323502,51.4603776],[3.3322884,51.4603649],[3.3322637,51.4603624],[3.3321443,51.460341],[3.3320611,51.4603265],[3.3320002,51.4603204],[3.3318587,51.4602907],[3.331856,51.4602907],[3.3318505,51.4602891],[3.3317119,51.4602621],[3.3316434,51.460247],[3.3315677,51.4602307],[3.3314293,51.460204],[3.3314236,51.4602033],[3.3314126,51.4602004],[3.3312793,51.4601656],[3.3312089,51.460157],[3.3311352,51.4601423],[3.3309981,51.460116],[3.3309911,51.4601146],[3.3309765,51.4601117],[3.330847,51.4600942],[3.3308104,51.4600894],[3.3307029,51.4600739],[3.3305901,51.4600425],[3.3305587,51.4600371],[3.3304735,51.4600232],[3.3304363,51.4600098],[3.3304146,51.4600135],[3.3303924,51.4600096],[3.3302706,51.4600079],[3.3302497,51.4600108],[3.3301265,51.4599813],[3.3300284,51.4599633],[3.3299824,51.4599594],[3.329877,51.459935],[3.3298382,51.459923],[3.3298234,51.4599259],[3.3296941,51.4598994],[3.3295779,51.4598634],[3.3295499,51.459859],[3.3295163,51.4598461],[3.3294056,51.45982],[3.3293156,51.4597905],[3.3292614,51.4597799],[3.3292198,51.459757],[3.329117,51.4597145],[3.329003,51.4596677],[3.329054,51.4596165],[3.3289725,51.4596307],[3.3288461,51.4595894],[3.3288282,51.4595809],[3.3288211,51.4595783],[3.3286836,51.4594931],[3.3286748,51.4594888],[3.3286835,51.4594832],[3.3286954,51.4594812],[3.3287182,51.4594886],[3.328828,51.4595563],[3.3289246,51.4594881],[3.3289713,51.4594718],[3.3289842,51.4594879],[3.3291158,51.459554],[3.329204,51.4594873],[3.3291151,51.4594463],[3.3290103,51.4593979],[3.3289706,51.4593685],[3.3289111,51.459361],[3.3288265,51.459351],[3.3287692,51.4593087],[3.3286818,51.4592432],[3.3286499,51.4592191],[3.3285372,51.4591503],[3.3285039,51.4591296],[3.3283926,51.4590611],[3.3282872,51.4590402],[3.328392,51.4589763],[3.3284336,51.4589499],[3.3283916,51.4589248],[3.328279,51.4588604],[3.3282471,51.4588404],[3.328143,51.4587709],[3.3281026,51.4587584],[3.3280641,51.4587472],[3.3279583,51.4587165],[3.3279024,51.4586817],[3.3278137,51.4586259],[3.3277069,51.4585923],[3.3276694,51.4585693],[3.3275521,51.4585028],[3.3275821,51.4584669],[3.3275248,51.4584698],[3.327476,51.4584725],[3.3273805,51.4584289],[3.327333,51.4584135],[3.3272799,51.4583511],[3.32738,51.4583563],[3.3274782,51.4583517],[3.3275239,51.4583541],[3.327578,51.4583566],[3.3275401,51.458323],[3.3275236,51.4583135],[3.3274766,51.4582938],[3.3273795,51.4582897],[3.3272807,51.4582956],[3.3273479,51.4582336],[3.3272348,51.4581812],[3.3271528,51.4581442],[3.3270903,51.4581052],[3.3269691,51.4580548],[3.3269458,51.4580278],[3.3268403,51.4579653],[3.3268013,51.4579411],[3.3266908,51.4578758],[3.3266568,51.4578691],[3.3265195,51.4577863],[3.3265123,51.4577829],[3.3264897,51.4577723],[3.3263679,51.4577211],[3.3263291,51.4576969],[3.3262235,51.4576491],[3.326155,51.4576075],[3.3261348,51.4575526],[3.3261213,51.4575177],[3.3260785,51.4575004],[3.3260356,51.4574911],[3.3259347,51.4575154],[3.3259203,51.4575093],[3.3259208,51.4575182],[3.3258112,51.4575313],[3.3257908,51.4575295],[3.3257505,51.4575187],[3.3257305,51.4574813],[3.3257312,51.4574288],[3.325731,51.4573921],[3.3257025,51.457339],[3.3257005,51.4573046],[3.3257339,51.457249],[3.3257882,51.4571664],[3.3258798,51.4571915],[3.3259323,51.4571779],[3.3259543,51.4571585],[3.3259838,51.457126],[3.3259319,51.4571342],[3.3258797,51.4571261],[3.3257881,51.4571515],[3.3256941,51.4570693],[3.3256455,51.4569811],[3.3256456,51.4569795],[3.3256426,51.4569253],[3.3256099,51.4568897],[3.3255037,51.4568867],[3.3255925,51.4567998],[3.3256403,51.4567098],[3.3256411,51.4567092],[3.325784,51.4566194],[3.3257835,51.4566189],[3.3257321,51.4565297],[3.3256392,51.4564474],[3.325618,51.4564401],[3.325495,51.4564115],[3.3254496,51.4564121],[3.3253509,51.4563886],[3.3252762,51.4563978],[3.3252072,51.4564118],[3.3251367,51.4563974],[3.3250632,51.4564142],[3.324926,51.4563565],[3.3249395,51.4564419],[3.3249195,51.4564442],[3.3249001,51.4564421],[3.324912,51.4563564],[3.3247753,51.4564023],[3.324641,51.4564428],[3.3246317,51.4564448],[3.3246227,51.4564428],[3.3244876,51.4564257],[3.3244529,51.4564216],[3.3243437,51.4564247],[3.3242119,51.4563619],[3.3242815,51.4564438],[3.3242,51.4564633],[3.3240579,51.4564456],[3.324056,51.456446],[3.3240534,51.4564444],[3.3240559,51.4564419],[3.3241934,51.4563541],[3.3241992,51.4563502],[3.3242881,51.4562639],[3.3243424,51.4562476],[3.3244236,51.4562127],[3.3244859,51.4561859],[3.3245092,51.4561734],[3.3245434,51.4561372],[3.3245998,51.4560832],[3.3246289,51.4560474],[3.3247592,51.4559929],[3.3246282,51.4559523],[3.3245636,51.4559438],[3.3244843,51.4559586],[3.3243958,51.4559039],[3.3244375,51.4558426],[3.324396,51.455814],[3.324439,51.4557514],[3.324474,51.4557239],[3.3244826,51.4557174],[3.3244991,51.4557135],[3.3246262,51.4556691],[3.3246931,51.4556334],[3.3247696,51.4556041],[3.3248905,51.4555429],[3.324913,51.4555237],[3.324973,51.4555051],[3.3250568,51.4555056],[3.3251436,51.4554879],[3.3252005,51.4554754],[3.3252142,51.4554521],[3.3252978,51.4553907],[3.3253361,51.4553618],[3.3253436,51.4553585],[3.3254578,51.4552716],[3.3254867,51.4552496],[3.3256232,51.4551812],[3.3256302,51.4551785],[3.3256394,51.4551753],[3.3257738,51.4551409],[3.3258749,51.4550906],[3.3259173,51.4550741],[3.3259736,51.455055],[3.3260609,51.4550325],[3.3261251,51.455],[3.3262044,51.4549689],[3.3263102,51.4549332],[3.326348,51.4549253],[3.3263865,51.4549093],[3.3264915,51.4548736],[3.3266273,51.4548187],[3.3266351,51.4548162],[3.326646,51.4548118],[3.3267786,51.4547601],[3.3268612,51.4547282],[3.3269221,51.454706],[3.3270488,51.4546483],[3.3270656,51.4546411],[3.3272092,51.4545961],[3.3273029,51.4545471],[3.3273526,51.4545232],[3.3274367,51.454494],[3.3274962,51.4544764],[3.3275658,51.4544564],[3.3276397,51.4544238],[3.3277481,51.454366],[3.3277829,51.4543203],[3.3278824,51.4542757],[3.3279261,51.4542211],[3.3279376,51.4541856],[3.3279405,51.4541764],[3.3279951,51.4540956],[3.3280688,51.454049],[3.3281386,51.4540052],[3.3282118,51.4539219],[3.3282187,51.4539151],[3.3282223,51.4539085],[3.3282116,51.453889],[3.3281859,51.4538253],[3.328105,51.4537595],[3.3280863,51.4537356],[3.3280792,51.4537277],[3.3281316,51.4536456],[3.3282095,51.4536049],[3.3282758,51.4535553],[3.3283525,51.4534712],[3.328362,51.4534651],[3.3284959,51.4533958],[3.3285298,51.4533747],[3.3286393,51.4533262],[3.3286979,51.4532843],[3.3287826,51.4532362],[3.3288417,51.453194],[3.328855,51.4531497],[3.3288332,51.4531041],[3.3289249,51.4530157],[3.3289353,51.4530139],[3.3290684,51.4529612],[3.3292121,51.4529243],[3.3292151,51.4529232],[3.329212,51.4529172],[3.3291702,51.4528334],[3.3290676,51.4527442],[3.3290675,51.4527438],[3.3290758,51.4526598],[3.3290712,51.4526539],[3.3290662,51.4526522],[3.3290611,51.4526507],[3.328922,51.4526075],[3.3287803,51.4525663],[3.3287778,51.4525659],[3.3287722,51.4525648],[3.3286335,51.4525222],[3.3285621,51.4524754],[3.3286331,51.452457],[3.3286691,51.4524526],[3.3287768,51.4524398],[3.3288749,51.4524132],[3.3289205,51.4524057],[3.3289878,51.4523843],[3.3289876,51.4523421],[3.3289903,51.4522944],[3.3289191,51.4522057],[3.3289172,51.4522047],[3.3289191,51.4522035],[3.329048,51.4521144],[3.3289183,51.4520958],[3.3288777,51.4520896],[3.3287743,51.4520874],[3.3287303,51.4520878],[3.3286303,51.4520743],[3.3285379,51.4520581],[3.3284863,51.4520583],[3.3283992,51.4520618],[3.3283423,51.4520521],[3.3282061,51.4520317],[3.3283043,51.4521165],[3.3282724,51.4521608],[3.3282551,51.4522065],[3.3282027,51.452295],[3.3282019,51.4522966],[3.3282002,51.4522979],[3.328194,51.4522966],[3.3280556,51.4522139],[3.3279136,51.4522087],[3.3279104,51.4522075],[3.3277673,51.4521409],[3.3276896,51.4521182],[3.3276231,51.4521029],[3.3275822,51.452093],[3.327479,51.4520763],[3.3274019,51.4520291],[3.3274783,51.4519803],[3.3275803,51.4519648],[3.327622,51.4519545],[3.327739,51.4519551],[3.3277659,51.4519504],[3.3279012,51.4519378],[3.3277656,51.4518989],[3.3276823,51.4519005],[3.3276217,51.4519119],[3.3275781,51.4519114],[3.3274777,51.4518963],[3.3274031,51.4518959],[3.3273338,51.4518977],[3.3272649,51.4518965],[3.3271898,51.4518882],[3.3270876,51.4519141],[3.3270461,51.4519153],[3.327005,51.4519146],[3.326902,51.451883],[3.3267646,51.4518553],[3.3267513,51.4518552],[3.3266141,51.4518732],[3.3265786,51.4518737],[3.3264701,51.4518739],[3.3263338,51.451857],[3.3263261,51.4518561],[3.3261822,51.4518548],[3.3260383,51.4518548],[3.3260238,51.4518531],[3.3258938,51.4517752],[3.3258723,51.4517771],[3.32575,51.4517871],[3.3257176,51.451764],[3.3257498,51.4517601],[3.3257572,51.4517593],[3.3258937,51.4517611],[3.3260382,51.4518512],[3.3260412,51.4518512],[3.3261822,51.4518505],[3.3261907,51.4518473],[3.326326,51.4518428],[3.3264517,51.451762],[3.3264352,51.4517408],[3.3263644,51.4516723],[3.3264683,51.4516216],[3.3265495,51.4516211],[3.3266123,51.4516208],[3.3266957,51.4516336],[3.3267563,51.451635],[3.3268861,51.4516619],[3.3269004,51.4516618],[3.3269279,51.4516535],[3.327044,51.4516166],[3.327157,51.4515802],[3.3271875,51.4515693],[3.3272183,51.4515607],[3.3273312,51.4515281],[3.3274146,51.4515273],[3.3274751,51.4515248],[3.3275851,51.4514891],[3.3274747,51.4514773],[3.3274551,51.4514772],[3.3273308,51.4514773],[3.3273072,51.4514751],[3.3271868,51.4514649],[3.3271369,51.4514592],[3.3270428,51.4514591],[3.3269816,51.4514525],[3.3268988,51.4514415],[3.3267979,51.4514283],[3.3267548,51.4514288],[3.3266241,51.4514102],[3.3266108,51.4514101],[3.3265686,51.451402],[3.3264667,51.4513899],[3.3264414,51.4513865],[3.3263228,51.4513857],[3.3262875,51.4513808],[3.3261787,51.4513639],[3.3260943,51.4513507],[3.3260346,51.4513426],[3.3259057,51.4513234],[3.3258906,51.451321],[3.3257555,51.4513199],[3.3257466,51.4513188],[3.3257102,51.4513145],[3.3257464,51.4512908],[3.3258481,51.4512242],[3.3258897,51.4511982],[3.3259942,51.4511338],[3.326033,51.4511217],[3.3260743,51.4511078],[3.3261766,51.4510711],[3.3262669,51.4510432],[3.3263201,51.451009],[3.3264192,51.4509528],[3.3264634,51.4509243],[3.3265524,51.4508625],[3.3265566,51.4508313],[3.3265495,51.4507726],[3.3264622,51.450758],[3.3264308,51.4507533],[3.3263181,51.4507385],[3.3262438,51.450727],[3.3261741,51.4507164],[3.326052,51.4506978],[3.32603,51.4506976],[3.3259592,51.4506843],[3.3260299,51.4506807],[3.3261738,51.4506729],[3.3261909,51.450673],[3.3263176,51.4506666],[3.3263468,51.450665],[3.3264615,51.4506593],[3.3265024,51.4506573],[3.3266053,51.450652],[3.3266544,51.4506518],[3.3267492,51.4506471],[3.3268099,51.4506441],[3.3268931,51.4506402],[3.3269707,51.450633],[3.3270369,51.4506269],[3.3271477,51.4506118],[3.3271807,51.4506098],[3.327316,51.450596],[3.3273245,51.4505951],[3.3273649,51.4505905],[3.3273244,51.4505865],[3.3273166,51.4505858],[3.3271804,51.4505737],[3.3271501,51.4505721],[3.3270364,51.4505582],[3.3269753,51.4505534],[3.3268924,51.4505467],[3.3268157,51.4505441],[3.3267485,51.4505413],[3.3266537,51.4505333],[3.3266045,51.4505333],[3.3265025,51.4505292],[3.3264605,51.4505274],[3.3263466,51.4505221],[3.3263166,51.4505207],[3.3261906,51.4505151],[3.3261726,51.4505153],[3.3260707,51.4505042],[3.3261724,51.4504844],[3.326209,51.4504809],[3.3263162,51.4504709],[3.3263762,51.4504659],[3.32646,51.450458],[3.3265443,51.4504502],[3.3266039,51.4504452],[3.3267111,51.4504353],[3.3267477,51.4504293],[3.326882,51.4504179],[3.3268915,51.4504172],[3.326927,51.4504119],[3.3269265,51.4503442],[3.3269234,51.450322],[3.3268907,51.4503115],[3.3268686,51.4503083],[3.3267467,51.4502898],[3.3266782,51.45028],[3.3266026,51.4502678],[3.3264851,51.4502499],[3.3264585,51.4502458],[3.3263808,51.4502336],[3.3263144,51.4502189],[3.326281,51.450213],[3.3261702,51.4501791],[3.3260545,51.4501446],[3.3261699,51.4501321],[3.3261933,51.4501296],[3.3263138,51.4501233],[3.3263495,51.4501214],[3.3264576,51.4501096],[3.3265234,51.4501021],[3.3266014,51.4500938],[3.3266873,51.4500891],[3.3267452,51.4500853],[3.3268535,51.4500747],[3.326889,51.4500711],[3.3270274,51.4500553],[3.3270328,51.4500547],[3.3270515,51.4500519],[3.3271761,51.4499743],[3.3272069,51.4499615],[3.327176,51.4499524],[3.3271568,51.4499497],[3.3270318,51.4499193],[3.3269454,51.4499083],[3.3268877,51.4498801],[3.3267711,51.4498728],[3.3268875,51.4498622],[3.3269041,51.4498621],[3.3270314,51.4498561],[3.3270611,51.4498534],[3.3271752,51.4498482],[3.327219,51.4498442],[3.3273191,51.4498397],[3.3273782,51.4498342],[3.3274629,51.449829],[3.3275365,51.4498247],[3.3276068,51.4498208],[3.3277016,51.4498109],[3.3277506,51.4498083],[3.3278728,51.4497933],[3.3278944,51.4497918],[3.3279328,51.4497797],[3.3279564,51.4497406],[3.327959,51.4496897],[3.328037,51.4496172],[3.3280668,51.4495994],[3.3280368,51.4495872],[3.3279117,51.44951],[3.328036,51.449475],[3.3281318,51.4494494],[3.3281796,51.4494342],[3.3282451,51.4494191],[3.3281791,51.4493626],[3.328142,51.4493295],[3.3280347,51.449296],[3.3279264,51.4492626],[3.3278905,51.4492516],[3.3278543,51.4492404],[3.3278346,51.4492057],[3.3278048,51.4491506],[3.3278315,51.4490968],[3.3278317,51.4490606],[3.3278889,51.449023],[3.3279763,51.4489703],[3.3278884,51.4489611],[3.3278701,51.4489591],[3.3277444,51.4489446],[3.3276004,51.4489291],[3.3275173,51.4489197],[3.3274564,51.4489125],[3.3273414,51.4489003],[3.3273124,51.4488985],[3.3271776,51.4488826],[3.3271683,51.4488803],[3.3270241,51.4488423],[3.3269449,51.4488428],[3.3268803,51.4488442],[3.3267996,51.4488333],[3.3267362,51.4488252],[3.3266852,51.4488259],[3.3265923,51.4488267],[3.3264804,51.4488146],[3.3264483,51.4488106],[3.3263285,51.4488101],[3.3263044,51.4488102],[3.3261818,51.4488087],[3.3261605,51.4488066],[3.3260358,51.4487958],[3.3260164,51.4487908],[3.3260085,51.4487909],[3.3258725,51.4487882],[3.325848,51.4487811],[3.3257283,51.4487475],[3.3256453,51.448745],[3.3255844,51.4487455],[3.3254653,51.4487075],[3.325584,51.4486948],[3.3256081,51.4486921],[3.3257279,51.4486902],[3.3257543,51.4486902],[3.3258717,51.4486777],[3.3259278,51.4486711],[3.3260156,51.4486716],[3.3260835,51.4486633],[3.3261594,51.4486531],[3.3262649,51.4486393],[3.3263032,51.4486393],[3.326408,51.4486394],[3.326447,51.4486349],[3.3265847,51.4486183],[3.3265908,51.4486182],[3.326613,51.4486144],[3.3267344,51.4485738],[3.3268562,51.4485375],[3.3268781,51.4485386],[3.3270141,51.4485283],[3.3270219,51.4485255],[3.3270253,51.4485233],[3.3270218,51.4485191],[3.3268832,51.4484338],[3.3270207,51.4483551],[3.3270275,51.4483435],[3.3270205,51.4483323],[3.3268853,51.448254],[3.3268859,51.4482478],[3.3268846,51.448164],[3.3268744,51.4481634],[3.3267315,51.4481645],[3.3265875,51.4481553],[3.3265706,51.4481543],[3.3264436,51.4481454],[3.3264075,51.4481429],[3.3262996,51.4481356],[3.3262451,51.4481318],[3.3261557,51.448132],[3.3260927,51.4481269],[3.3260117,51.4481212],[3.3259308,51.4481162],[3.3258677,51.4481111],[3.3257647,51.4481028],[3.3257237,51.4480996],[3.3255998,51.4480903],[3.3255797,51.4480905],[3.3254358,51.4480783],[3.3254341,51.4480782],[3.3252916,51.448046],[3.3251511,51.4479914],[3.3251473,51.4479895],[3.3251434,51.4479891],[3.3250032,51.4479588],[3.3249277,51.4479426],[3.324859,51.4479218],[3.3247531,51.4479239],[3.3247151,51.4479191],[3.3245734,51.4479021],[3.3245711,51.4479017],[3.3245618,51.4479007],[3.324571,51.4478953],[3.3247144,51.4478127],[3.3247184,51.4478129],[3.3247712,51.4478102],[3.324714,51.4477685],[3.3246759,51.4477866],[3.3245699,51.4477272],[3.3245585,51.4477209],[3.3244258,51.4477013],[3.3243928,51.4477008],[3.3242819,51.447702],[3.3242406,51.447696],[3.3241409,51.4477221],[3.3241393,51.4477228],[3.3241381,51.4477223],[3.3241369,51.4477221],[3.3239938,51.447666],[3.3238508,51.447633],[3.3238497,51.4476328],[3.3238494,51.447633],[3.3238484,51.4476338],[3.3237314,51.4477232],[3.3237065,51.4477366],[3.3235831,51.4477364],[3.3235626,51.4477365],[3.3235419,51.4477366],[3.3234187,51.4477376],[3.323394,51.4477396],[3.3232748,51.4477391],[3.3232514,51.4477392],[3.3231309,51.4477411],[3.323105,51.4477411],[3.3229871,51.4477509],[3.322946,51.4477511],[3.3228432,51.4477528],[3.3227925,51.4477575],[3.3226993,51.4477572],[3.3226232,51.4477739],[3.3225556,51.4477741],[3.3224115,51.4477268],[3.3224113,51.4477267],[3.3224109,51.4477268],[3.3222676,51.447758],[3.3221709,51.4477569],[3.3221237,51.4477572],[3.3220747,51.4477584],[3.32198,51.447774],[3.3219097,51.4477742],[3.321836,51.447773],[3.3217639,51.4477737],[3.3216922,51.4477841],[3.321602,51.4477854],[3.3215483,51.447785],[3.3214605,51.4477843],[3.3214045,51.4477908],[3.3213572,51.4477901],[3.3212606,51.4477901],[3.3211897,51.4477759],[3.3211166,51.4477758],[3.3209761,51.4477332],[3.3209724,51.4477358],[3.3209636,51.4477363],[3.3209682,51.4477308],[3.3208282,51.4476979],[3.3207617,51.4476898],[3.3206841,51.4476735],[3.3205699,51.4476606],[3.3205401,51.4476551],[3.3205025,51.4476422],[3.3203957,51.4475909],[3.3202923,51.4475781],[3.3202518,51.447578],[3.3201175,51.4475594],[3.3201077,51.447556],[3.3200804,51.4475534],[3.3201076,51.4475344],[3.3201379,51.4475343],[3.3202512,51.4475002],[3.3203309,51.447503],[3.320395,51.4474894],[3.3204393,51.4474901],[3.3205389,51.4474903],[3.3206614,51.4474619],[3.3205382,51.4473889],[3.3205111,51.4473893],[3.3203944,51.4473912],[3.3203779,51.4473727],[3.32025,51.4473312],[3.3201213,51.4472932],[3.3201059,51.4472937],[3.3200904,51.4472836],[3.3199616,51.4472424],[3.319875,51.4472301],[3.3198176,51.447222],[3.3196868,51.4472031],[3.3196735,51.4472012],[3.3196636,51.4471949],[3.3196309,51.4471685],[3.3196733,51.4471698],[3.319779,51.4471046],[3.3196728,51.4470965],[3.3196552,51.447094],[3.3195289,51.447095],[3.319479,51.4470743],[3.3193847,51.4470535],[3.3193022,51.4470544],[3.3192407,51.4470355],[3.3191946,51.4470163],[3.3190965,51.4469912],[3.3190387,51.4469807],[3.3189524,51.4469699],[3.3188146,51.4469314],[3.3188082,51.4469307],[3.3187979,51.4469275],[3.3186641,51.4469002],[3.3186203,51.4469006],[3.3185201,51.4468787],[3.3183957,51.446851],[3.318376,51.4468498],[3.3183392,51.4468388],[3.3182317,51.4467922],[3.3181259,51.4467733],[3.3180876,51.4467614],[3.3179496,51.4467537],[3.3179436,51.446753],[3.3179329,51.44675],[3.3177991,51.4466674],[3.3176644,51.4466665],[3.3176552,51.4466637],[3.317646,51.4466608],[3.3176322,51.4466466],[3.317655,51.4466309],[3.3177514,51.4465706],[3.3177835,51.4465612],[3.3177984,51.4465665],[3.3179186,51.4465554],[3.3180071,51.4465699],[3.3180865,51.4466068],[3.3181337,51.4465991],[3.3182305,51.4466169],[3.3182968,51.4466106],[3.3183744,51.4466235],[3.3184542,51.4466186],[3.3185183,51.4466267],[3.3186582,51.4466555],[3.3186624,51.4466551],[3.3186671,51.4466551],[3.3188063,51.446646],[3.3188991,51.4466574],[3.3189503,51.44667],[3.3190731,51.4467469],[3.3190948,51.4467583],[3.3192211,51.4467575],[3.3192387,51.4467559],[3.3193832,51.4468442],[3.3193965,51.4468442],[3.3195272,51.4468541],[3.319544,51.4468355],[3.3195667,51.4468106],[3.3195269,51.446817],[3.3193964,51.4468276],[3.3193831,51.4468295],[3.3192504,51.4467464],[3.3193821,51.4466834],[3.3194343,51.4466886],[3.3195261,51.4467018],[3.3196136,51.4467101],[3.3196701,51.4467069],[3.3197734,51.4467195],[3.3198141,51.446719],[3.3199308,51.4467275],[3.319958,51.4467274],[3.3200501,51.4467442],[3.3201109,51.4467496],[3.320246,51.4467551],[3.3202658,51.446756],[3.3203899,51.446762],[3.3204251,51.4467651],[3.3205338,51.4467586],[3.3206547,51.4467426],[3.3206775,51.4467273],[3.3207023,51.4467269],[3.320821,51.4466703],[3.3208504,51.4466705],[3.3209649,51.4466713],[3.3210659,51.4466784],[3.3211088,51.4466756],[3.3212527,51.4466745],[3.3213578,51.446675],[3.3213966,51.4466728],[3.3215046,51.4466727],[3.3215405,51.4466726],[3.3216607,51.4466647],[3.3216844,51.4466663],[3.3217108,51.4466663],[3.3218283,51.4466667],[3.3219605,51.4466563],[3.3219721,51.4466573],[3.322116,51.4466573],[3.3221321,51.4466586],[3.3222599,51.4466593],[3.3223724,51.4466479],[3.3224037,51.4466415],[3.3224144,51.4466411],[3.3225474,51.4466167],[3.32261,51.4466081],[3.3226912,51.4465958],[3.3227529,51.4465956],[3.3228351,51.4465958],[3.3229476,51.446576],[3.3229788,51.4465712],[3.3230969,51.4465721],[3.3231227,51.4465717],[3.3232397,51.4465724],[3.3232666,51.446569],[3.3233931,51.446566],[3.3234104,51.4465629],[3.3234997,51.4465549],[3.3235542,51.4465466],[3.3235676,51.4465464],[3.323698,51.4465298],[3.323803,51.4465298],[3.3238419,51.44653],[3.3238899,51.4465238],[3.3239856,51.4465108],[3.3240539,51.4465107],[3.3241295,51.4465037],[3.3241935,51.4465031],[3.3242734,51.4465036],[3.3243511,51.4464626],[3.3243961,51.4463853],[3.3243957,51.4463726],[3.3242719,51.446296],[3.3242508,51.4462963],[3.324128,51.4462958],[3.3241077,51.4462962],[3.3239841,51.4462973],[3.3239215,51.446284],[3.3238399,51.4462567],[3.3237438,51.4462546],[3.3236961,51.4462702],[3.3236492,51.4462847],[3.3235526,51.4463163],[3.3234571,51.4463155],[3.3234086,51.4463095],[3.3233032,51.4463097],[3.3232647,51.4463096],[3.3231684,51.4463464],[3.3231209,51.4463172],[3.3230261,51.4463171],[3.322977,51.4463165],[3.322928,51.4463174],[3.3228331,51.4463166],[3.3227809,51.4463198],[3.3226892,51.4463179],[3.3225955,51.446319],[3.3225453,51.4463173],[3.3224472,51.446378],[3.3224019,51.4463822],[3.322395,51.4463824],[3.322258,51.4463826],[3.3222447,51.4463868],[3.3221141,51.4463881],[3.321985,51.4463885],[3.3219702,51.4463863],[3.3218395,51.4463879],[3.3218263,51.4463862],[3.3218175,51.4463852],[3.3216825,51.4463982],[3.3215662,51.4463976],[3.3215386,51.4463953],[3.3214202,51.4463968],[3.3213947,51.4463951],[3.32129,51.4463811],[3.3213281,51.4463324],[3.3213279,51.4462911],[3.3213884,51.4462875],[3.3213939,51.4462878],[3.3213995,51.4462875],[3.3214585,51.4462908],[3.321538,51.4463176],[3.3215794,51.4463163],[3.3216821,51.4463385],[3.3218001,51.4463635],[3.3218261,51.4463639],[3.3219483,51.4463657],[3.3219701,51.4463699],[3.322099,51.4463696],[3.322114,51.4463718],[3.3222426,51.4462886],[3.3222573,51.446284],[3.3223944,51.446284],[3.3224012,51.446284],[3.3224089,51.4462833],[3.3225451,51.4462839],[3.3225522,51.4462833],[3.322689,51.4462831],[3.3226971,51.4462823],[3.3228328,51.4462814],[3.3228421,51.4462812],[3.3229767,51.4462805],[3.3230699,51.4461964],[3.3231198,51.4461691],[3.3231697,51.446165],[3.3232637,51.4461642],[3.3233523,51.4461402],[3.3234074,51.4461416],[3.3235196,51.446125],[3.3235512,51.4461195],[3.3236348,51.4461049],[3.3236949,51.4460965],[3.3237176,51.4460905],[3.3238388,51.4460928],[3.3238568,51.4460931],[3.3239824,51.4460525],[3.3240439,51.4460523],[3.3241263,51.4460595],[3.3241964,51.4460596],[3.3242702,51.4460536],[3.3243968,51.4460236],[3.3244139,51.4460309],[3.3245014,51.4460126],[3.3245576,51.4460005],[3.3245867,51.4459942],[3.3247013,51.4459674],[3.3248061,51.4459462],[3.324845,51.4459389],[3.3248857,51.4459216],[3.3248448,51.4459133],[3.3248285,51.4459117],[3.3247008,51.445899],[3.3246561,51.4458944],[3.3245568,51.4458843],[3.3244837,51.4458771],[3.3244128,51.4458645],[3.3243532,51.4458332],[3.3243941,51.4457543],[3.3243937,51.4457432],[3.3244117,51.4457207],[3.3245181,51.4456529],[3.3244111,51.4456382],[3.3243874,51.4456384],[3.3242672,51.4456252],[3.3241598,51.4456311],[3.3241233,51.4456311],[3.3240042,51.4456389],[3.3239795,51.4456389],[3.3239431,51.4456545],[3.323836,51.4456998],[3.3237634,51.4457003],[3.3236922,51.445708],[3.3235763,51.445728],[3.3235484,51.445726],[3.3234366,51.4457458],[3.3234047,51.4457537],[3.3233738,51.4457653],[3.3233834,51.445746],[3.3232605,51.4457177],[3.3231295,51.4457387],[3.3231168,51.44574],[3.3230451,51.4457469],[3.3230087,51.4457692],[3.322973,51.4457586],[3.3229047,51.4457473],[3.322829,51.4457416],[3.322694,51.4457423],[3.3226851,51.4457424],[3.3226097,51.4457481],[3.3225414,51.445763],[3.3224678,51.4457946],[3.3223979,51.4458164],[3.3223228,51.4458388],[3.3222542,51.4458524],[3.3221828,51.4458392],[3.3221323,51.4458255],[3.3221102,51.4458292],[3.3219861,51.4458273],[3.3219663,51.4458301],[3.321888,51.44584],[3.3218226,51.4458539],[3.3218008,51.4458538],[3.3216788,51.4458739],[3.3215881,51.4458741],[3.3215349,51.445874],[3.3214812,51.4458747],[3.321391,51.4458743],[3.3212671,51.4458543],[3.321247,51.4458543],[3.3211844,51.4458419],[3.3211029,51.4458352],[3.32109,51.4458341],[3.320959,51.4458224],[3.3209218,51.4458194],[3.320815,51.4458105],[3.3207543,51.4458052],[3.320671,51.4457988],[3.3205686,51.4457797],[3.320527,51.4457866],[3.3204101,51.445771],[3.320383,51.4457704],[3.3203109,51.4457544],[3.3202387,51.4457051],[3.3202039,51.4456864],[3.3200948,51.4457101],[3.3200234,51.4457106],[3.3199508,51.4456988],[3.319859,51.4456982],[3.3198069,51.4456982],[3.3197662,51.4456914],[3.3196631,51.4457032],[3.319602,51.4457046],[3.3195192,51.4457052],[3.31942,51.4456949],[3.3193751,51.4456807],[3.3193531,51.4456808],[3.3192312,51.4456814],[3.319206,51.4456832],[3.3190873,51.4456735],[3.3190174,51.445668],[3.3190869,51.4456225],[3.3191517,51.4455777],[3.3192304,51.4455599],[3.3192586,51.4455598],[3.3193741,51.4455315],[3.3194657,51.4455196],[3.3195178,51.4455131],[3.3196433,51.4454979],[3.3196616,51.4454977],[3.3197309,51.4454862],[3.3197169,51.4454312],[3.3197189,51.4453963],[3.3196775,51.4453861],[3.3196609,51.4453886],[3.3196507,51.4453902],[3.3195168,51.4453649],[3.3194575,51.44536],[3.3193729,51.4453612],[3.3193,51.4453531],[3.319229,51.4453628],[3.3191298,51.4453701],[3.3190851,51.4453663],[3.3189764,51.4453764],[3.3189413,51.4453766],[3.3188096,51.4453913],[3.3187975,51.4453896],[3.3187773,51.4453863],[3.3187334,51.445399],[3.3186537,51.4454051],[3.318534,51.4454146],[3.3185099,51.445413],[3.318486,51.4454146],[3.3183659,51.4454069],[3.3182807,51.4454003],[3.3182218,51.4453654],[3.3181302,51.4453107],[3.3180774,51.4453021],[3.3179468,51.445303],[3.3179335,51.4453032],[3.3179205,51.4453032],[3.3177895,51.4452877],[3.317726,51.4452722],[3.3176455,51.4452702],[3.3175298,51.4452224],[3.3175012,51.4452039],[3.3174262,51.4451328],[3.3173565,51.445089],[3.3173147,51.4451331],[3.3172132,51.445179],[3.3171487,51.4451738],[3.3170694,51.4451935],[3.3169796,51.445134],[3.3169246,51.4450656],[3.3168611,51.4451343],[3.3167816,51.4451935],[3.3166765,51.4452006],[3.3166378,51.4452082],[3.3165096,51.4451353],[3.3164934,51.4451232],[3.316455,51.4451354],[3.3163499,51.4451821],[3.3162449,51.445136],[3.3162055,51.4451112],[3.3161404,51.4451363],[3.316062,51.4451741],[3.3159776,51.4451739],[3.3159181,51.4451731],[3.3158058,51.445157],[3.3157741,51.4451573],[3.315726,51.4451675],[3.3156304,51.4451863],[3.3155811,51.4451968],[3.3154865,51.4451848],[3.315391,51.445198],[3.3153427,51.4451986],[3.3152936,51.4451978],[3.3151987,51.4451855],[3.3151234,51.4451861],[3.3150549,51.445188],[3.3149787,51.445187],[3.314911,51.445193],[3.3148083,51.4451399],[3.3147666,51.4451257],[3.3146284,51.4450504],[3.3146222,51.4450429],[3.314614,51.4450505],[3.3144789,51.4451362],[3.3144573,51.4451273],[3.3143346,51.445076],[3.3142287,51.4450752],[3.3141907,51.4450674],[3.3141621,51.4450696],[3.314047,51.4450944],[3.3139649,51.4451036],[3.3139031,51.4450992],[3.3137806,51.4450662],[3.313759,51.4450696],[3.313732,51.4450697],[3.3136153,51.4450931],[3.3135802,51.4450532],[3.313561,51.4450197],[3.3135602,51.4449634],[3.3134702,51.4449244],[3.3133802,51.4449302],[3.3133264,51.4449266],[3.3132731,51.4449641],[3.313183,51.4450037],[3.3130765,51.4449881],[3.3130389,51.4449796],[3.3129325,51.445055],[3.3128958,51.4450963],[3.3128014,51.4450553],[3.3128953,51.4450131],[3.3129908,51.4449649],[3.3128946,51.4449182],[3.312809,51.4448755],[3.3127502,51.4448389],[3.3126327,51.4448759],[3.3127509,51.4449502],[3.3127675,51.4449655],[3.3127512,51.4449852],[3.3127369,51.4449656],[3.3126066,51.4448855],[3.3125709,51.4448761],[3.3124922,51.4448052],[3.3124691,51.4447865],[3.312462,51.4447835],[3.3124565,51.4447865],[3.3124526,51.4447924],[3.3123983,51.4448766],[3.3123189,51.4449041],[3.3122523,51.4448769],[3.3121746,51.444841],[3.3120554,51.4448031],[3.3120583,51.4448775],[3.312031,51.4448843],[3.3120177,51.4448776],[3.3120045,51.4448611],[3.3120063,51.4447877],[3.3118861,51.4447289],[3.3117674,51.4447142],[3.311742,51.4447078],[3.3117061,51.4446986],[3.3117419,51.4446926],[3.3117568,51.4446891],[3.3118857,51.4446784],[3.3119692,51.4446979],[3.3120302,51.4447565],[3.3121248,51.4446975],[3.3121546,51.4446855],[3.3121736,51.4446889],[3.312248,51.4446072],[3.3123167,51.4445764],[3.3124213,51.4446067],[3.312461,51.4446316],[3.3125236,51.4446065],[3.3126045,51.4445783],[3.3126722,51.4445637],[3.3127483,51.4445649],[3.3128128,51.4446057],[3.3128929,51.4446649],[3.313037,51.4446998],[3.3130446,51.444695],[3.3130755,51.4446707],[3.3131453,51.4446048],[3.3131802,51.4445953],[3.3132702,51.4445146],[3.3133233,51.4444868],[3.3133995,51.4444665],[3.3134673,51.4444972],[3.3134938,51.4444974],[3.3136109,51.4444565],[3.3136703,51.4444607],[3.3137549,51.444471],[3.3138633,51.4444907],[3.3138989,51.4444814],[3.3140184,51.4444973],[3.3140428,51.4444921],[3.314059,51.4445024],[3.3141865,51.4444651],[3.3143238,51.4444258],[3.3143302,51.4444248],[3.3143397,51.4444218],[3.3144738,51.4443844],[3.3145816,51.4443536],[3.3146105,51.4444211],[3.3146147,51.4444231],[3.3146179,51.4444224],[3.3146229,51.444421],[3.3147615,51.4443741],[3.3148816,51.4444203],[3.3149057,51.4444277],[3.314924,51.4444202],[3.315049,51.4443328],[3.3150536,51.4443299],[3.3151925,51.4442758],[3.3152999,51.4443063],[3.3153362,51.4442476],[3.3153426,51.4442393],[3.3154798,51.4442103],[3.3155978,51.4441486],[3.3156232,51.4441413],[3.3156415,51.4441371],[3.3157669,51.4441105],[3.3158706,51.4441227],[3.3159108,51.4441149],[3.3160277,51.4441306],[3.3160548,51.444126],[3.3160929,51.4441235],[3.3161986,51.444109],[3.3163078,51.4440783],[3.3163423,51.4440939],[3.3164273,51.4440565],[3.3164859,51.444047],[3.3165471,51.4440178],[3.3166293,51.4439732],[3.3166456,51.4439762],[3.3167731,51.4439679],[3.3167809,51.4439656],[3.3169168,51.4439359],[3.316987,51.4439212],[3.3170606,51.4439165],[3.317137,51.4439169],[3.3172044,51.4439015],[3.3173221,51.4438742],[3.317348,51.4438696],[3.31736,51.4438666],[3.3174916,51.4438294],[3.3175711,51.4438239],[3.3176355,51.4438199],[3.3177298,51.4438142],[3.3177793,51.4438072],[3.3178238,51.4438108],[3.3179231,51.4438067],[3.3179888,51.4437825],[3.3180667,51.443754],[3.3181445,51.4437333],[3.3182104,51.4437301],[3.318281,51.4437376],[3.3183542,51.4437252],[3.3184969,51.4436918],[3.3184979,51.4436916],[3.318502,51.4436912],[3.3185954,51.4436621],[3.3186417,51.4436736],[3.3186879,51.4436618],[3.3187854,51.4436503],[3.318863,51.4436417],[3.3189291,51.4436266],[3.3190138,51.4435999],[3.3190727,51.4435811],[3.3191728,51.4435721],[3.3192165,51.4435761],[3.3192702,51.4435656],[3.3193604,51.443565],[3.3194021,51.4435728],[3.3195042,51.443552],[3.3196372,51.4435149],[3.3196478,51.4435121],[3.3196602,51.4435082],[3.3197914,51.443476],[3.3198544,51.4434683],[3.3199352,51.4434644],[3.3200447,51.4434386],[3.3200789,51.4434373],[3.3201112,51.4434372],[3.3202229,51.4434498],[3.3203569,51.4434224],[3.3203666,51.4434199],[3.3204996,51.4434228],[3.3205105,51.4434225],[3.3205524,51.4434159],[3.3206542,51.443397],[3.3206828,51.4433976],[3.320798,51.4433815],[3.3208666,51.4433721],[3.3209418,51.4433701],[3.3210168,51.4433716],[3.3210857,51.4433713],[3.321168,51.4433627],[3.3212294,51.4433509],[3.3213498,51.4433384],[3.3213732,51.4433372],[3.3213949,51.4433372],[3.3215171,51.4433443],[3.3216443,51.4433333],[3.3216609,51.4433325],[3.3217993,51.4433259],[3.3218048,51.4433254],[3.3218331,51.4433224],[3.3219485,51.443302],[3.3220841,51.4433165],[3.3220925,51.4433176],[3.3221029,51.4433152],[3.3222362,51.4432897],[3.3222901,51.4432874],[3.32238,51.4432741],[3.3224587,51.4432715],[3.3225238,51.4432675],[3.3226016,51.4432717],[3.3226677,51.4432645],[3.3227569,51.4432642],[3.3228116,51.443263],[3.3229255,51.4432481],[3.3229553,51.4432479],[3.3230918,51.4432336],[3.3230991,51.4432339],[3.3232285,51.4432378],[3.323243,51.4432351],[3.3233811,51.4432319],[3.3233869,51.4432315],[3.3234064,51.4432282],[3.3235306,51.4432082],[3.323659,51.4432178],[3.3236746,51.4432165],[3.323692,51.4432165],[3.3238184,51.4432103],[3.3238529,51.4432054],[3.3239621,51.4431847],[3.3240442,51.4431878],[3.324106,51.4431862],[3.324188,51.4431747],[3.3242498,51.4431672],[3.324298,51.443166],[3.3243937,51.4431696],[3.3245107,51.4431519],[3.3245374,51.4431474],[3.3246756,51.4431383],[3.3246812,51.443138],[3.324687,51.4431384],[3.3247583,51.4431345],[3.324825,51.4431295],[3.3249525,51.4431237],[3.3249689,51.4431247],[3.3249885,51.4431216],[3.3251126,51.4430943],[3.3252014,51.4430989],[3.3252565,51.4430969],[3.3253172,51.443095],[3.3254003,51.4430922],[3.3254726,51.4430873],[3.3255441,51.4430807],[3.3255977,51.4430758],[3.325688,51.4430836],[3.325768,51.4430817],[3.3258319,51.4430817],[3.3259348,51.4430669],[3.3259757,51.4430711],[3.3260778,51.4430671],[3.3261195,51.4430609],[3.3262419,51.4430539],[3.3262634,51.4430538],[3.326407,51.4430402],[3.3265348,51.4430499],[3.3265511,51.4430483],[3.3266224,51.4430394],[3.3266948,51.4430268],[3.3267924,51.443039],[3.3268388,51.4430438],[3.3268864,51.4430387],[3.3269826,51.4430277],[3.3270146,51.4430183],[3.3271263,51.4430056],[3.3271743,51.4430079],[3.3272701,51.4429895],[3.3273573,51.4429829],[3.327414,51.4429829],[3.327523,51.4429687],[3.3275577,51.4429631],[3.3276266,51.4429467],[3.3277012,51.4429118],[3.3277568,51.4429116],[3.3278451,51.4429051],[3.3279889,51.4429457],[3.3279891,51.4429458],[3.3279896,51.4429457],[3.3281328,51.4428948],[3.328214,51.4428943],[3.3282766,51.4428939],[3.3283799,51.44288],[3.3284204,51.4428801],[3.3285129,51.4428543],[3.328564,51.4428419],[3.3285961,51.442834],[3.328708,51.4428505],[3.328729,51.4428406],[3.3288513,51.4427719],[3.328869,51.4427744],[3.328917,51.4427633],[3.3289951,51.4427517],[3.3290313,51.4427629],[3.3291392,51.4427849],[3.3292441,51.4427623],[3.3292828,51.4427498],[3.3293026,51.4427498],[3.3294266,51.4427341],[3.3294902,51.4427218],[3.3295703,51.4427151],[3.3297117,51.4426711],[3.3297139,51.4426706],[3.3297152,51.4426703],[3.3298576,51.4426504],[3.329894,51.4426479],[3.3300013,51.442616],[3.3301013,51.4426075],[3.3301451,51.4426122],[3.3302257,51.4425797],[3.3302886,51.4425562],[3.3303289,51.4425542],[3.3304324,51.4425403],[3.3305308,51.4425173],[3.3305763,51.4425407],[3.3307119,51.4424885],[3.3307198,51.4424874],[3.3307426,51.4424884],[3.330839,51.4425036],[3.3308637,51.4424976],[3.3308789,51.4424975],[3.3310077,51.4425133],[3.3310454,51.4425111],[3.3311516,51.4425166],[3.331288,51.4424868],[3.3312953,51.4424856],[3.3312996,51.4424868],[3.3314395,51.4425252],[3.3315486,51.4425077],[3.3315832,51.4425045],[3.3316425,51.4424858],[3.3317268,51.4424608],[3.3317808,51.4424516],[3.3318706,51.4424462],[3.3319526,51.4424336],[3.3320144,51.4424335],[3.3321496,51.4423945],[3.3321579,51.4423927],[3.3321628,51.4423914],[3.3323016,51.4423662],[3.3323333,51.4423742],[3.3324455,51.4423577],[3.332549,51.4423285],[3.3325891,51.4423243],[3.3326899,51.442303],[3.3327328,51.4422962],[3.3327449,51.4422953],[3.3328766,51.4422849],[3.3329265,51.4422711],[3.3330203,51.4422653],[3.3330858,51.442261],[3.3331641,51.4422556],[3.333221,51.442266],[3.3333079,51.4422433],[3.3333333,51.4422455]]},"properties":{"rawObjectClass":"DEPCNT","VALDCO":3,"depthDatum":"Approximate LAT","depthDatumCode":42,"depthDatumStatus":"VERIFIED_FROM_OFFICIAL_DOCUMENTATION","verticalDatum":"Local Datum","verticalDatumCode":24,"napIdentityStatus":"UNVERIFIED","sourceKind":"official","sourceCellId":"1R75883I","sourceStableId":"1F2B6A4B9FC67625","sourceChecksum":"7c265c9fd48cb0677b21c9e60c88de7230e0e5b27a4f98bc2d44d93527f2082a","pipelineFeatureId":"1R75883I/DEPCNT/1281233770","provenance":{"cellId":"1R75883I","checksum":"7c265c9fd48cb0677b21c9e60c88de7230e0e5b27a4f98bc2d44d93527f2082a","readerVersion":"GDAL 3.2.2","processedAt":"2026-08-11T13:43:44.753Z"},"sourceProperties":{"RCID":1281233770,"PRIM":2,"GRUP":2,"OBJL":43,"RVER":1,"AGEN":7979,"FIDN":1783340998,"FIDS":30245,"LNAM":"1F2B6A4B9FC67625","VALDCO":3,"SCAMIN":50000,"sourceCellId":"1R75883I","sourceChecksum":"7c265c9fd48cb0677b21c9e60c88de7230e0e5b27a4f98bc2d44d93527f2082a","rawObjectClass":"DEPCNT","sourceStableId":"1F2B6A4B9FC67625"}}},{"type":"Feature","geometry":{"type":"LineString","coordinates":[[3.3333333,51.4620277],[3.3333081,51.4620258],[3.3332019,51.4620173],[3.333164,51.4620133],[3.3330284,51.4619994],[3.33302,51.4619988],[3.3329969,51.4619943],[3.3328758,51.4619626],[3.3328281,51.461965],[3.3327318,51.4619572],[3.3326492,51.4619437],[3.3325877,51.4619379],[3.3324688,51.4619216],[3.3324436,51.4619182],[3.3323196,51.4619063],[3.3322996,51.4619035],[3.3322958,51.461904],[3.3321555,51.4618913],[3.3321233,51.4618867],[3.3320114,51.4618712],[3.3319366,51.4618607],[3.3318673,51.4618508],[3.3317493,51.4618342],[3.3317232,51.4618305],[3.3316589,51.4618182],[3.3315791,51.4617982],[3.3314778,51.461792],[3.3314351,51.4617947],[3.3313768,51.4617827],[3.3312909,51.4617651],[3.3311747,51.4617471],[3.3311468,51.4617455],[3.3310602,51.46173],[3.3310027,51.4617154],[3.3309471,51.4616957],[3.3308584,51.4616731],[3.3308206,51.4616643],[3.3307146,51.4616888],[3.3305723,51.4616415],[3.3305703,51.4616402],[3.3304264,51.4616398],[3.3303075,51.4616264],[3.3302823,51.46163],[3.3302527,51.4616239],[3.3301385,51.4616398],[3.330134,51.4616399],[3.3299943,51.4616078],[3.3299188,51.4615962],[3.3298502,51.4615825],[3.3297519,51.4615824],[3.3297062,51.4615772],[3.3295714,51.4615544],[3.329562,51.4615524],[3.3295586,51.4615522],[3.3294179,51.461529],[3.329367,51.4615232],[3.3292738,51.4615059],[3.3291323,51.4614657],[3.3291243,51.4614624],[3.3289852,51.4614024],[3.3288443,51.4613766],[3.3288411,51.4613756],[3.3288314,51.4613706],[3.3286966,51.461299],[3.328669,51.4612871],[3.328552,51.4612162],[3.3285154,51.4611976],[3.3285474,51.4611101],[3.3285472,51.4611076],[3.3285452,51.4611039],[3.3285434,51.4610177],[3.3285506,51.4610162],[3.3286927,51.4610161],[3.3286945,51.4610164],[3.3287773,51.4610171],[3.3288357,51.4610186],[3.3288385,51.4610176],[3.3289805,51.4610177],[3.3289824,51.4610176],[3.3289843,51.4610177],[3.3291265,51.4610357],[3.3291579,51.4610356],[3.3292705,51.461043],[3.3293323,51.4610541],[3.3294144,51.461045],[3.3295118,51.4610757],[3.3295585,51.4610596],[3.3296292,51.4611046],[3.3297028,51.4611157],[3.3297268,51.4611193],[3.3298427,51.461104],[3.3297868,51.4610669],[3.329708,51.4610145],[3.3297998,51.4609855],[3.329846,51.4610018],[3.3299691,51.4610008],[3.3299899,51.4610009],[3.3301267,51.4610133],[3.330134,51.4610178],[3.3301365,51.4610149],[3.3302782,51.461059],[3.3303517,51.4610585],[3.3304222,51.4610698],[3.3305254,51.4610766],[3.3305663,51.4610819],[3.3306388,51.4611018],[3.3307105,51.4611277],[3.3307595,51.461132],[3.3308545,51.4611318],[3.3309142,51.4611382],[3.3309986,51.4611581],[3.3311027,51.4611654],[3.3311427,51.4611708],[3.3312341,51.46119],[3.3312869,51.4612066],[3.3313272,51.4612149],[3.3314311,51.4612429],[3.3315516,51.4612643],[3.3315752,51.4612683],[3.3316377,51.4612788],[3.3317193,51.4612894],[3.3317451,51.4612946],[3.3318634,51.4613127],[3.3319388,51.4613249],[3.3320075,51.4613355],[3.3321422,51.4613673],[3.3321517,51.4613689],[3.3321549,51.4613692],[3.3322957,51.4613677],[3.3323022,51.4613668],[3.3324181,51.4613531],[3.3324395,51.4613558],[3.3325582,51.4613503],[3.3325834,51.4613519],[3.3326978,51.4613473],[3.3327274,51.4613497],[3.3327583,51.4613462],[3.3328714,51.4613551],[3.3329363,51.461365],[3.3329871,51.4613826],[3.3330155,51.461377],[3.3330339,51.4613763],[3.3331595,51.4613879],[3.3331952,51.4613866],[3.3333035,51.4613919],[3.3333333,51.4613886]]},"properties":{"rawObjectClass":"DEPCNT","VALDCO":3,"depthDatum":"Approximate LAT","depthDatumCode":42,"depthDatumStatus":"VERIFIED_FROM_OFFICIAL_DOCUMENTATION","verticalDatum":"Local Datum","verticalDatumCode":24,"napIdentityStatus":"UNVERIFIED","sourceKind":"official","sourceCellId":"1R75883I","sourceStableId":"1F2B6A4B9FC67626","sourceChecksum":"7c265c9fd48cb0677b21c9e60c88de7230e0e5b27a4f98bc2d44d93527f2082a","pipelineFeatureId":"1R75883I/DEPCNT/1281233771","provenance":{"cellId":"1R75883I","checksum":"7c265c9fd48cb0677b21c9e60c88de7230e0e5b27a4f98bc2d44d93527f2082a","readerVersion":"GDAL 3.2.2","processedAt":"2026-08-11T13:43:44.753Z"},"sourceProperties":{"RCID":1281233771,"PRIM":2,"GRUP":2,"OBJL":43,"RVER":1,"AGEN":7979,"FIDN":1783340998,"FIDS":30246,"LNAM":"1F2B6A4B9FC67626","VALDCO":3,"SCAMIN":50000,"sourceCellId":"1R75883I","sourceChecksum":"7c265c9fd48cb0677b21c9e60c88de7230e0e5b27a4f98bc2d44d93527f2082a","rawObjectClass":"DEPCNT","sourceStableId":"1F2B6A4B9FC67626"}}},{"type":"Feature","geometry":{"type":"LineString","coordinates":[[3.3289954,51.4628177],[3.3289787,51.4628149],[3.3288512,51.4627821],[3.3287596,51.4627584],[3.3287069,51.462741],[3.3286328,51.4627259],[3.3285627,51.4627082],[3.3285138,51.4626958],[3.3284185,51.4626692],[3.3282827,51.462637],[3.3282743,51.4626346],[3.3282683,51.4626333],[3.3281301,51.4625978],[3.3280218,51.4625702],[3.3279859,51.4625599],[3.3279353,51.462548],[3.3278417,51.462522],[3.3277751,51.462507],[3.3276975,51.462487],[3.3275886,51.4624591],[3.3275235,51.4624408],[3.327409,51.4624084],[3.3272968,51.4623899],[3.3272649,51.4623824],[3.3272129,51.4623702],[3.3271206,51.4623421],[3.327044,51.4623229],[3.3269764,51.462302],[3.3268763,51.4622812],[3.3268322,51.4622692],[3.3267965,51.4622592],[3.3266881,51.46224],[3.3265483,51.4621922],[3.3265437,51.4621896],[3.3265408,51.4621904],[3.3263996,51.4621555],[3.3262811,51.4621191],[3.3262553,51.4621166],[3.3262227,51.4621032],[3.3261314,51.4620264],[3.3262549,51.4620621],[3.3262971,51.4620767],[3.3263987,51.4620372],[3.3264499,51.4620446],[3.3265427,51.4620439],[3.3266198,51.4620603],[3.3266868,51.4620599],[3.3268146,51.4621016],[3.3268224,51.4621069],[3.326831,51.4621042],[3.3268378,51.4621057],[3.326975,51.4621027],[3.3269792,51.4621038],[3.3271189,51.462106],[3.3271315,51.4621086],[3.3272631,51.4621358],[3.3273446,51.462151],[3.3274073,51.4621741],[3.3275304,51.4621765],[3.3275513,51.4621822],[3.3276062,51.4621893],[3.3276955,51.4622102],[3.3277382,51.4622156],[3.3278396,51.4622292],[3.3279037,51.4622285],[3.3279837,51.462253],[3.328113,51.4622686],[3.3281278,51.4622716],[3.3281834,51.4622776],[3.3282719,51.4623009],[3.3283096,51.4623008],[3.3284161,51.4623299],[3.3285111,51.462336],[3.3285601,51.4623459],[3.3286947,51.4623661],[3.3287042,51.462369],[3.328709,51.462369],[3.3288484,51.4623989],[3.3289158,51.4624075],[3.3289926,51.4624268],[3.3291261,51.4624482],[3.3291367,51.4624506],[3.3291842,51.4624546],[3.3292808,51.4624693],[3.329328,51.4624837],[3.3294251,51.4625216],[3.3295508,51.4625435],[3.3295692,51.4625494],[3.3295834,51.4625523],[3.3297135,51.4625967],[3.3298422,51.4626326],[3.3298578,51.4626422],[3.3299154,51.4626682],[3.3300022,51.4627074],[3.3301032,51.4627218],[3.3301463,51.4627304],[3.3302702,51.4628112],[3.330291,51.4628241],[3.3303681,51.4629009],[3.3304357,51.4629316],[3.3305439,51.4629903],[3.3304758,51.4630559],[3.3304573,51.4630805],[3.3304368,51.4630868],[3.3304102,51.4630806],[3.3302925,51.4630367],[3.3302045,51.4630263],[3.3301483,51.4630092],[3.3300459,51.4630176],[3.3300044,51.4630149],[3.3298778,51.4629922],[3.3298603,51.4629881],[3.3298514,51.4629867],[3.3297161,51.4629528],[3.3296527,51.4629533],[3.3295721,51.4629415],[3.3294532,51.4629193],[3.3294279,51.4629125],[3.3293534,51.4629037],[3.3292838,51.4628929],[3.3292535,51.4628851],[3.3291395,51.4628482],[3.3290038,51.4628201],[3.3289954,51.4628177]]},"properties":{"rawObjectClass":"DEPCNT","VALDCO":3,"depthDatum":"Approximate LAT","depthDatumCode":42,"depthDatumStatus":"VERIFIED_FROM_OFFICIAL_DOCUMENTATION","verticalDatum":"Local Datum","verticalDatumCode":24,"napIdentityStatus":"UNVERIFIED","sourceKind":"official","sourceCellId":"1R75883I","sourceStableId":"1F2B6A4B9FC67627","sourceChecksum":"7c265c9fd48cb0677b21c9e60c88de7230e0e5b27a4f98bc2d44d93527f2082a","pipelineFeatureId":"1R75883I/DEPCNT/1281233773","provenance":{"cellId":"1R75883I","checksum":"7c265c9fd48cb0677b21c9e60c88de7230e0e5b27a4f98bc2d44d93527f2082a","readerVersion":"GDAL 3.2.2","processedAt":"2026-08-11T13:43:44.753Z"},"sourceProperties":{"RCID":1281233773,"PRIM":2,"GRUP":2,"OBJL":43,"RVER":1,"AGEN":7979,"FIDN":1783340998,"FIDS":30247,"LNAM":"1F2B6A4B9FC67627","VALDCO":3,"SCAMIN":50000,"sourceCellId":"1R75883I","sourceChecksum":"7c265c9fd48cb0677b21c9e60c88de7230e0e5b27a4f98bc2d44d93527f2082a","rawObjectClass":"DEPCNT","sourceStableId":"1F2B6A4B9FC67627"}}},{"type":"Feature","geometry":{"type":"LineString","coordinates":[[3.3218389,51.4481854],[3.3218247,51.448187],[3.321695,51.4481869],[3.321668,51.4481954],[3.3215512,51.4481968],[3.3214173,51.4482632],[3.3214078,51.4482658],[3.3214043,51.4482691],[3.3212641,51.4482884],[3.3211551,51.4482698],[3.3211197,51.4482257],[3.320982,51.4481804],[3.3209755,51.4481762],[3.3209096,51.4481395],[3.320831,51.4480959],[3.3208234,51.4480956],[3.3208271,51.4480909],[3.3208233,51.4480861],[3.3208244,51.448001],[3.3208303,51.4479989],[3.3209734,51.4479106],[3.3209731,51.4479103],[3.3209736,51.4479103],[3.3209738,51.4479105],[3.3211172,51.447865],[3.3211901,51.4478645],[3.321261,51.4478498],[3.321317,51.4478547],[3.3214049,51.4478542],[3.3214946,51.4478531],[3.3215488,51.4478534],[3.3216167,51.4478613],[3.3216928,51.4478622],[3.3217879,51.4478779],[3.3218368,51.4478782],[3.321887,51.4478767],[3.3219807,51.4478776],[3.3221175,51.447903],[3.3221248,51.4479032],[3.3221398,51.4479074],[3.3221383,51.4479893],[3.3221369,51.4479974],[3.3221255,51.4480045],[3.322115,51.448004],[3.3219818,51.4480416],[3.3219074,51.4480445],[3.321838,51.4480454],[3.3217885,51.4479983],[3.3216934,51.4479543],[3.3216195,51.447955],[3.3215496,51.4479634],[3.3214608,51.4479647],[3.3214057,51.4479654],[3.3213163,51.4479655],[3.3212618,51.4479707],[3.3211922,51.4479565],[3.3211178,51.4479562],[3.3209738,51.4479108],[3.3208365,51.4480009],[3.3209745,51.4480452],[3.321022,51.4480608],[3.3211184,51.4480435],[3.3211938,51.4480428],[3.3212622,51.448029],[3.321318,51.4480345],[3.3214062,51.4480341],[3.3214748,51.448042],[3.3215501,51.448043],[3.321651,51.4480886],[3.3216947,51.4481323],[3.3217629,51.4481309],[3.3218386,51.4481322],[3.3219739,51.4481776],[3.3218592,51.4481906],[3.3218389,51.4481854]]},"properties":{"rawObjectClass":"DEPCNT","VALDCO":3,"depthDatum":"Approximate LAT","depthDatumCode":42,"depthDatumStatus":"VERIFIED_FROM_OFFICIAL_DOCUMENTATION","verticalDatum":"Local Datum","verticalDatumCode":24,"napIdentityStatus":"UNVERIFIED","sourceKind":"official","sourceCellId":"1R75883I","sourceStableId":"1F2B6A4B9FC67628","sourceChecksum":"7c265c9fd48cb0677b21c9e60c88de7230e0e5b27a4f98bc2d44d93527f2082a","pipelineFeatureId":"1R75883I/DEPCNT/1281233774","provenance":{"cellId":"1R75883I","checksum":"7c265c9fd48cb0677b21c9e60c88de7230e0e5b27a4f98bc2d44d93527f2082a","readerVersion":"GDAL 3.2.2","processedAt":"2026-08-11T13:43:44.753Z"},"sourceProperties":{"RCID":1281233774,"PRIM":2,"GRUP":2,"OBJL":43,"RVER":1,"AGEN":7979,"FIDN":1783340998,"FIDS":30248,"LNAM":"1F2B6A4B9FC67628","VALDCO":3,"SCAMIN":50000,"sourceCellId":"1R75883I","sourceChecksum":"7c265c9fd48cb0677b21c9e60c88de7230e0e5b27a4f98bc2d44d93527f2082a","rawObjectClass":"DEPCNT","sourceStableId":"1F2B6A4B9FC67628"}}},{"type":"Feature","geometry":{"type":"LineString","coordinates":[[3.3213259,51.4472802],[3.3214012,51.4473295],[3.3214793,51.4473209],[3.3215451,51.4473273],[3.3216252,51.4473192],[3.3216889,51.4473154],[3.3218025,51.4472978],[3.3218327,51.4473002],[3.3219637,51.4472785],[3.3218325,51.4472668],[3.3218132,51.4472669],[3.3216885,51.4472539],[3.3216499,51.4472552],[3.3215446,51.4472489],[3.3214955,51.4472491],[3.3214006,51.4472414],[3.3213259,51.4472802]]},"properties":{"rawObjectClass":"DEPCNT","VALDCO":3,"depthDatum":"Approximate LAT","depthDatumCode":42,"depthDatumStatus":"VERIFIED_FROM_OFFICIAL_DOCUMENTATION","verticalDatum":"Local Datum","verticalDatumCode":24,"napIdentityStatus":"UNVERIFIED","sourceKind":"official","sourceCellId":"1R75883I","sourceStableId":"1F2B6A4B9FC67629","sourceChecksum":"7c265c9fd48cb0677b21c9e60c88de7230e0e5b27a4f98bc2d44d93527f2082a","pipelineFeatureId":"1R75883I/DEPCNT/1281233775","provenance":{"cellId":"1R75883I","checksum":"7c265c9fd48cb0677b21c9e60c88de7230e0e5b27a4f98bc2d44d93527f2082a","readerVersion":"GDAL 3.2.2","processedAt":"2026-08-11T13:43:44.753Z"},"sourceProperties":{"RCID":1281233775,"PRIM":2,"GRUP":2,"OBJL":43,"RVER":1,"AGEN":7979,"FIDN":1783340998,"FIDS":30249,"LNAM":"1F2B6A4B9FC67629","VALDCO":3,"SCAMIN":50000,"sourceCellId":"1R75883I","sourceChecksum":"7c265c9fd48cb0677b21c9e60c88de7230e0e5b27a4f98bc2d44d93527f2082a","rawObjectClass":"DEPCNT","sourceStableId":"1F2B6A4B9FC67629"}}},{"type":"Feature","geometry":{"type":"LineString","coordinates":[[3.3212482,51.446025],[3.3211855,51.4460218],[3.3212481,51.4460098],[3.3212669,51.4460098],[3.3213917,51.4459765],[3.3214655,51.4459772],[3.3215356,51.4459776],[3.3216052,51.4459771],[3.3216795,51.4459761],[3.3217545,51.4459771],[3.3218234,51.4459768],[3.3219138,51.4459863],[3.3219674,51.4459868],[3.322062,51.4459885],[3.3221113,51.4459873],[3.3222322,51.4460045],[3.3222553,51.4460043],[3.3223794,51.4460061],[3.3223992,51.4460065],[3.3224179,51.4460067],[3.3225431,51.4460044],[3.3226068,51.4460179],[3.3225433,51.4460283],[3.3225264,51.4460286],[3.3223994,51.4460274],[3.3222726,51.4460295],[3.3222555,51.4460273],[3.322145,51.44604],[3.3221116,51.4460372],[3.3220789,51.4460398],[3.3219678,51.4460416],[3.3219368,51.4460391],[3.3218239,51.446047],[3.3217248,51.4460483],[3.32168,51.4460453],[3.321575,51.446045],[3.3215361,51.4460424],[3.3214277,51.4460433],[3.3213922,51.4460416],[3.3212543,51.4460254],[3.3212482,51.446025]]},"properties":{"rawObjectClass":"DEPCNT","VALDCO":3,"depthDatum":"Approximate LAT","depthDatumCode":42,"depthDatumStatus":"VERIFIED_FROM_OFFICIAL_DOCUMENTATION","verticalDatum":"Local Datum","verticalDatumCode":24,"napIdentityStatus":"UNVERIFIED","sourceKind":"official","sourceCellId":"1R75883I","sourceStableId":"1F2B6A4B9FC6762A","sourceChecksum":"7c265c9fd48cb0677b21c9e60c88de7230e0e5b27a4f98bc2d44d93527f2082a","pipelineFeatureId":"1R75883I/DEPCNT/1281233776","provenance":{"cellId":"1R75883I","checksum":"7c265c9fd48cb0677b21c9e60c88de7230e0e5b27a4f98bc2d44d93527f2082a","readerVersion":"GDAL 3.2.2","processedAt":"2026-08-11T13:43:44.753Z"},"sourceProperties":{"RCID":1281233776,"PRIM":2,"GRUP":2,"OBJL":43,"RVER":1,"AGEN":7979,"FIDN":1783340998,"FIDS":30250,"LNAM":"1F2B6A4B9FC6762A","VALDCO":3,"SCAMIN":50000,"sourceCellId":"1R75883I","sourceChecksum":"7c265c9fd48cb0677b21c9e60c88de7230e0e5b27a4f98bc2d44d93527f2082a","rawObjectClass":"DEPCNT","sourceStableId":"1F2B6A4B9FC6762A"}}},{"type":"Feature","geometry":{"type":"LineString","coordinates":[[3.3307231,51.4628628],[3.3307965,51.4628997],[3.3308171,51.4629579],[3.3308358,51.4629895],[3.3307244,51.4630493],[3.3306015,51.4629901],[3.3306156,51.4629678],[3.3306133,51.4629002],[3.3307231,51.4628628]]},"properties":{"rawObjectClass":"DEPCNT","VALDCO":3,"depthDatum":"Approximate LAT","depthDatumCode":42,"depthDatumStatus":"VERIFIED_FROM_OFFICIAL_DOCUMENTATION","verticalDatum":"Local Datum","verticalDatumCode":24,"napIdentityStatus":"UNVERIFIED","sourceKind":"official","sourceCellId":"1R75883I","sourceStableId":"1F2B6A4B9FC6762B","sourceChecksum":"7c265c9fd48cb0677b21c9e60c88de7230e0e5b27a4f98bc2d44d93527f2082a","pipelineFeatureId":"1R75883I/DEPCNT/1281233777","provenance":{"cellId":"1R75883I","checksum":"7c265c9fd48cb0677b21c9e60c88de7230e0e5b27a4f98bc2d44d93527f2082a","readerVersion":"GDAL 3.2.2","processedAt":"2026-08-11T13:43:44.753Z"},"sourceProperties":{"RCID":1281233777,"PRIM":2,"GRUP":2,"OBJL":43,"RVER":1,"AGEN":7979,"FIDN":1783340998,"FIDS":30251,"LNAM":"1F2B6A4B9FC6762B","VALDCO":3,"SCAMIN":50000,"sourceCellId":"1R75883I","sourceChecksum":"7c265c9fd48cb0677b21c9e60c88de7230e0e5b27a4f98bc2d44d93527f2082a","rawObjectClass":"DEPCNT","sourceStableId":"1F2B6A4B9FC6762B"}}},{"type":"Feature","geometry":{"type":"LineString","coordinates":[[3.3203787,51.4451571],[3.320313,51.4452149],[3.3203795,51.4452729],[3.320482,51.4452402],[3.3205232,51.4452391],[3.3205569,51.4452353],[3.3206672,51.4452627],[3.3207978,51.4452136],[3.3206663,51.4451322],[3.3206261,51.4451493],[3.3205229,51.4451934],[3.3204825,51.4451892],[3.3203787,51.4451571]]},"properties":{"rawObjectClass":"DEPCNT","VALDCO":3,"depthDatum":"Approximate LAT","depthDatumCode":42,"depthDatumStatus":"VERIFIED_FROM_OFFICIAL_DOCUMENTATION","verticalDatum":"Local Datum","verticalDatumCode":24,"napIdentityStatus":"UNVERIFIED","sourceKind":"official","sourceCellId":"1R75883I","sourceStableId":"1F2B6A4B9FC6762C","sourceChecksum":"7c265c9fd48cb0677b21c9e60c88de7230e0e5b27a4f98bc2d44d93527f2082a","pipelineFeatureId":"1R75883I/DEPCNT/1281233778","provenance":{"cellId":"1R75883I","checksum":"7c265c9fd48cb0677b21c9e60c88de7230e0e5b27a4f98bc2d44d93527f2082a","readerVersion":"GDAL 3.2.2","processedAt":"2026-08-11T13:43:44.753Z"},"sourceProperties":{"RCID":1281233778,"PRIM":2,"GRUP":2,"OBJL":43,"RVER":1,"AGEN":7979,"FIDN":1783340998,"FIDS":30252,"LNAM":"1F2B6A4B9FC6762C","VALDCO":3,"SCAMIN":50000,"sourceCellId":"1R75883I","sourceChecksum":"7c265c9fd48cb0677b21c9e60c88de7230e0e5b27a4f98bc2d44d93527f2082a","rawObjectClass":"DEPCNT","sourceStableId":"1F2B6A4B9FC6762C"}}},{"type":"Feature","geometry":{"type":"LineString","coordinates":[[3.3319427,51.4523991],[3.331799,51.4523766],[3.3317976,51.4523771],[3.3317966,51.4523764],[3.3316797,51.4523611],[3.3316546,51.4523664],[3.3316292,51.452361],[3.3315106,51.4523427],[3.3314233,51.4523775],[3.3315115,51.4524663],[3.3315134,51.4524671],[3.3315529,51.4524928],[3.3316454,51.4525567],[3.331656,51.452558],[3.3316672,51.4525636],[3.3318,51.4525698],[3.3318616,51.452646],[3.3319446,51.4526552],[3.3319629,51.4526572],[3.3320886,51.4526642],[3.3321267,51.452669],[3.3322325,51.452668],[3.3323333,51.4527075],[3.3323768,51.4527144],[3.3324021,51.4527344],[3.332521,51.452757],[3.3325632,51.4527603],[3.332665,51.4527645],[3.3327827,51.4527496],[3.3328088,51.4527528],[3.3328481,51.4527577],[3.3329526,51.4527358],[3.3329622,51.4527328],[3.3329524,51.4527171],[3.3329058,51.452643],[3.3328821,51.4525997],[3.3328373,51.4525533],[3.3328072,51.4525403],[3.3326637,51.4524645],[3.3326628,51.452464],[3.3326619,51.4524639],[3.3325319,51.4524561],[3.3325188,51.4524574],[3.3325015,51.4524535],[3.3323748,51.4524394],[3.3323003,51.4524185],[3.3322306,51.4524086],[3.3321109,51.4523907],[3.3320866,51.4523979],[3.3320006,51.452412],[3.3319427,51.4523991]]},"properties":{"rawObjectClass":"DEPCNT","VALDCO":3,"depthDatum":"Approximate LAT","depthDatumCode":42,"depthDatumStatus":"VERIFIED_FROM_OFFICIAL_DOCUMENTATION","verticalDatum":"Local Datum","verticalDatumCode":24,"napIdentityStatus":"UNVERIFIED","sourceKind":"official","sourceCellId":"1R75883I","sourceStableId":"1F2B6A4B9FC6762D","sourceChecksum":"7c265c9fd48cb0677b21c9e60c88de7230e0e5b27a4f98bc2d44d93527f2082a","pipelineFeatureId":"1R75883I/DEPCNT/1281233779","provenance":{"cellId":"1R75883I","checksum":"7c265c9fd48cb0677b21c9e60c88de7230e0e5b27a4f98bc2d44d93527f2082a","readerVersion":"GDAL 3.2.2","processedAt":"2026-08-11T13:43:44.753Z"},"sourceProperties":{"RCID":1281233779,"PRIM":2,"GRUP":2,"OBJL":43,"RVER":1,"AGEN":7979,"FIDN":1783340998,"FIDS":30253,"LNAM":"1F2B6A4B9FC6762D","VALDCO":3,"SCAMIN":50000,"sourceCellId":"1R75883I","sourceChecksum":"7c265c9fd48cb0677b21c9e60c88de7230e0e5b27a4f98bc2d44d93527f2082a","rawObjectClass":"DEPCNT","sourceStableId":"1F2B6A4B9FC6762D"}}},{"type":"Feature","geometry":{"type":"LineString","coordinates":[[3.327013,51.4472795],[3.3269846,51.4472823],[3.326869,51.4472691],[3.3268531,51.447265],[3.3267249,51.4472377],[3.3266717,51.4472323],[3.3265809,51.4472243],[3.3265015,51.4472163],[3.3264369,51.4472088],[3.3263572,51.4472263],[3.3262931,51.4472258],[3.3261679,51.4471888],[3.326149,51.4471995],[3.3261158,51.4471771],[3.3260049,51.4471642],[3.3259394,51.4471776],[3.3260051,51.447191],[3.3261296,51.447267],[3.3261496,51.4472858],[3.3261891,51.4472914],[3.3262937,51.4473073],[3.3264379,51.4473547],[3.3264423,51.447356],[3.3265821,51.447389],[3.3266502,51.447398],[3.3267261,51.4474069],[3.3268256,51.4474449],[3.3268705,51.4474837],[3.3269129,51.4475082],[3.3270145,51.4474872],[3.3271279,51.447463],[3.3271582,51.4474593],[3.3272822,51.4474436],[3.3272825,51.4474315],[3.3271887,51.4473539],[3.3271573,51.4473349],[3.3270958,51.4473159],[3.327013,51.4472795]]},"properties":{"rawObjectClass":"DEPCNT","VALDCO":3,"depthDatum":"Approximate LAT","depthDatumCode":42,"depthDatumStatus":"VERIFIED_FROM_OFFICIAL_DOCUMENTATION","verticalDatum":"Local Datum","verticalDatumCode":24,"napIdentityStatus":"UNVERIFIED","sourceKind":"official","sourceCellId":"1R75883I","sourceStableId":"1F2B6A4B9FC6762E","sourceChecksum":"7c265c9fd48cb0677b21c9e60c88de7230e0e5b27a4f98bc2d44d93527f2082a","pipelineFeatureId":"1R75883I/DEPCNT/1281233780","provenance":{"cellId":"1R75883I","checksum":"7c265c9fd48cb0677b21c9e60c88de7230e0e5b27a4f98bc2d44d93527f2082a","readerVersion":"GDAL 3.2.2","processedAt":"2026-08-11T13:43:44.753Z"},"sourceProperties":{"RCID":1281233780,"PRIM":2,"GRUP":2,"OBJL":43,"RVER":1,"AGEN":7979,"FIDN":1783340998,"FIDS":30254,"LNAM":"1F2B6A4B9FC6762E","VALDCO":3,"SCAMIN":50000,"sourceCellId":"1R75883I","sourceChecksum":"7c265c9fd48cb0677b21c9e60c88de7230e0e5b27a4f98bc2d44d93527f2082a","rawObjectClass":"DEPCNT","sourceStableId":"1F2B6A4B9FC6762E"}}},{"type":"Feature","geometry":{"type":"LineString","coordinates":[[3.3201222,51.4448557],[3.3202333,51.4449354],[3.3203599,51.4448551],[3.3203265,51.444824],[3.3202799,51.4447654],[3.320232,51.4447524],[3.3202046,51.4447656],[3.3201675,51.4448062],[3.3201222,51.4448557]]},"properties":{"rawObjectClass":"DEPCNT","VALDCO":3,"depthDatum":"Approximate LAT","depthDatumCode":42,"depthDatumStatus":"VERIFIED_FROM_OFFICIAL_DOCUMENTATION","verticalDatum":"Local Datum","verticalDatumCode":24,"napIdentityStatus":"UNVERIFIED","sourceKind":"official","sourceCellId":"1R75883I","sourceStableId":"1F2B6A4B9FC6762F","sourceChecksum":"7c265c9fd48cb0677b21c9e60c88de7230e0e5b27a4f98bc2d44d93527f2082a","pipelineFeatureId":"1R75883I/DEPCNT/1281233781","provenance":{"cellId":"1R75883I","checksum":"7c265c9fd48cb0677b21c9e60c88de7230e0e5b27a4f98bc2d44d93527f2082a","readerVersion":"GDAL 3.2.2","processedAt":"2026-08-11T13:43:44.753Z"},"sourceProperties":{"RCID":1281233781,"PRIM":2,"GRUP":2,"OBJL":43,"RVER":1,"AGEN":7979,"FIDN":1783340998,"FIDS":30255,"LNAM":"1F2B6A4B9FC6762F","VALDCO":3,"SCAMIN":50000,"sourceCellId":"1R75883I","sourceChecksum":"7c265c9fd48cb0677b21c9e60c88de7230e0e5b27a4f98bc2d44d93527f2082a","rawObjectClass":"DEPCNT","sourceStableId":"1F2B6A4B9FC6762F"}}},{"type":"Feature","geometry":{"type":"LineString","coordinates":[[3.3270151,51.447574],[3.3269238,51.4475916],[3.3268712,51.4475703],[3.3267888,51.4475864],[3.3267275,51.4475974],[3.3265945,51.4476253],[3.3267282,51.4477032],[3.3268676,51.4477116],[3.3268722,51.4477131],[3.3270154,51.4477136],[3.3270161,51.4477139],[3.3270165,51.4477138],[3.3271597,51.4476762],[3.3272582,51.4476518],[3.3273034,51.4476413],[3.3274414,51.447623],[3.3273031,51.4476088],[3.3272752,51.447606],[3.3271591,51.4475858],[3.327089,51.4475802],[3.3270151,51.447574]]},"properties":{"rawObjectClass":"DEPCNT","VALDCO":3,"depthDatum":"Approximate LAT","depthDatumCode":42,"depthDatumStatus":"VERIFIED_FROM_OFFICIAL_DOCUMENTATION","verticalDatum":"Local Datum","verticalDatumCode":24,"napIdentityStatus":"UNVERIFIED","sourceKind":"official","sourceCellId":"1R75883I","sourceStableId":"1F2B6A4B9FC67630","sourceChecksum":"7c265c9fd48cb0677b21c9e60c88de7230e0e5b27a4f98bc2d44d93527f2082a","pipelineFeatureId":"1R75883I/DEPCNT/1281233782","provenance":{"cellId":"1R75883I","checksum":"7c265c9fd48cb0677b21c9e60c88de7230e0e5b27a4f98bc2d44d93527f2082a","readerVersion":"GDAL 3.2.2","processedAt":"2026-08-11T13:43:44.753Z"},"sourceProperties":{"RCID":1281233782,"PRIM":2,"GRUP":2,"OBJL":43,"RVER":1,"AGEN":7979,"FIDN":1783340998,"FIDS":30256,"LNAM":"1F2B6A4B9FC67630","VALDCO":3,"SCAMIN":50000,"sourceCellId":"1R75883I","sourceChecksum":"7c265c9fd48cb0677b21c9e60c88de7230e0e5b27a4f98bc2d44d93527f2082a","rawObjectClass":"DEPCNT","sourceStableId":"1F2B6A4B9FC67630"}}},{"type":"Feature","geometry":{"type":"LineString","coordinates":[[3.3225123,51.4472522],[3.322408,51.4472527],[3.3223468,51.4472774],[3.3224083,51.4472988],[3.3224428,51.4472987],[3.3225522,51.4472986],[3.3226685,51.4472938],[3.3226961,51.4472925],[3.3228348,51.4473625],[3.3228404,51.4473606],[3.3228587,51.4473545],[3.3229839,51.4473002],[3.323086,51.4473015],[3.3231278,51.4472947],[3.3232514,51.4472749],[3.3231276,51.4472706],[3.3229906,51.4472714],[3.3229837,51.4472714],[3.3229769,51.4472714],[3.3228398,51.4472669],[3.3228156,51.4472611],[3.3226958,51.447255],[3.3225945,51.4472501],[3.3225519,51.4472522],[3.3225123,51.4472522]]},"properties":{"rawObjectClass":"DEPCNT","VALDCO":3,"depthDatum":"Approximate LAT","depthDatumCode":42,"depthDatumStatus":"VERIFIED_FROM_OFFICIAL_DOCUMENTATION","verticalDatum":"Local Datum","verticalDatumCode":24,"napIdentityStatus":"UNVERIFIED","sourceKind":"official","sourceCellId":"1R75883I","sourceStableId":"1F2B6A4B9FC67631","sourceChecksum":"7c265c9fd48cb0677b21c9e60c88de7230e0e5b27a4f98bc2d44d93527f2082a","pipelineFeatureId":"1R75883I/DEPCNT/1281233783","provenance":{"cellId":"1R75883I","checksum":"7c265c9fd48cb0677b21c9e60c88de7230e0e5b27a4f98bc2d44d93527f2082a","readerVersion":"GDAL 3.2.2","processedAt":"2026-08-11T13:43:44.753Z"},"sourceProperties":{"RCID":1281233783,"PRIM":2,"GRUP":2,"OBJL":43,"RVER":1,"AGEN":7979,"FIDN":1783340998,"FIDS":30257,"LNAM":"1F2B6A4B9FC67631","VALDCO":3,"SCAMIN":50000,"sourceCellId":"1R75883I","sourceChecksum":"7c265c9fd48cb0677b21c9e60c88de7230e0e5b27a4f98bc2d44d93527f2082a","rawObjectClass":"DEPCNT","sourceStableId":"1F2B6A4B9FC67631"}}},{"type":"Feature","geometry":{"type":"LineString","coordinates":[[3.322795,51.447456],[3.3228413,51.4474849],[3.3229524,51.447476],[3.3229851,51.4474737],[3.3231127,51.4474653],[3.323129,51.4474653],[3.3231552,51.447455],[3.3231288,51.4474353],[3.3230861,51.4474286],[3.3229847,51.4474145],[3.3228493,51.4473715],[3.3228405,51.4473695],[3.322795,51.447456]]},"properties":{"rawObjectClass":"DEPCNT","VALDCO":3,"depthDatum":"Approximate LAT","depthDatumCode":42,"depthDatumStatus":"VERIFIED_FROM_OFFICIAL_DOCUMENTATION","verticalDatum":"Local Datum","verticalDatumCode":24,"napIdentityStatus":"UNVERIFIED","sourceKind":"official","sourceCellId":"1R75883I","sourceStableId":"1F2B6A4B9FC67632","sourceChecksum":"7c265c9fd48cb0677b21c9e60c88de7230e0e5b27a4f98bc2d44d93527f2082a","pipelineFeatureId":"1R75883I/DEPCNT/1281233784","provenance":{"cellId":"1R75883I","checksum":"7c265c9fd48cb0677b21c9e60c88de7230e0e5b27a4f98bc2d44d93527f2082a","readerVersion":"GDAL 3.2.2","processedAt":"2026-08-11T13:43:44.753Z"},"sourceProperties":{"RCID":1281233784,"PRIM":2,"GRUP":2,"OBJL":43,"RVER":1,"AGEN":7979,"FIDN":1783340998,"FIDS":30258,"LNAM":"1F2B6A4B9FC67632","VALDCO":3,"SCAMIN":50000,"sourceCellId":"1R75883I","sourceChecksum":"7c265c9fd48cb0677b21c9e60c88de7230e0e5b27a4f98bc2d44d93527f2082a","rawObjectClass":"DEPCNT","sourceStableId":"1F2B6A4B9FC67632"}}},{"type":"Feature","geometry":{"type":"LineString","coordinates":[[3.3196574,51.4448951],[3.3195423,51.4448754],[3.3195135,51.4448844],[3.319447,51.4449475],[3.3195142,51.4449884],[3.3195802,51.4449884],[3.3196582,51.4450002],[3.319718,51.4449992],[3.319802,51.4449988],[3.3198834,51.4450362],[3.3199465,51.445075],[3.3200086,51.4450747],[3.3200904,51.4450875],[3.3201502,51.445088],[3.3202342,51.4450705],[3.3202825,51.4450351],[3.320345,51.4449653],[3.3202335,51.4449648],[3.3201171,51.4449629],[3.3200896,51.4449634],[3.3200614,51.4449458],[3.3200302,51.4448927],[3.3199454,51.4449269],[3.3198613,51.4448939],[3.3198013,51.4448943],[3.3197196,51.4448957],[3.3196574,51.4448951]]},"properties":{"rawObjectClass":"DEPCNT","VALDCO":3,"depthDatum":"Approximate LAT","depthDatumCode":42,"depthDatumStatus":"VERIFIED_FROM_OFFICIAL_DOCUMENTATION","verticalDatum":"Local Datum","verticalDatumCode":24,"napIdentityStatus":"UNVERIFIED","sourceKind":"official","sourceCellId":"1R75883I","sourceStableId":"1F2B6A4B9FC67633","sourceChecksum":"7c265c9fd48cb0677b21c9e60c88de7230e0e5b27a4f98bc2d44d93527f2082a","pipelineFeatureId":"1R75883I/DEPCNT/1281233785","provenance":{"cellId":"1R75883I","checksum":"7c265c9fd48cb0677b21c9e60c88de7230e0e5b27a4f98bc2d44d93527f2082a","readerVersion":"GDAL 3.2.2","processedAt":"2026-08-11T13:43:44.753Z"},"sourceProperties":{"RCID":1281233785,"PRIM":2,"GRUP":2,"OBJL":43,"RVER":1,"AGEN":7979,"FIDN":1783340998,"FIDS":30259,"LNAM":"1F2B6A4B9FC67633","VALDCO":3,"SCAMIN":50000,"sourceCellId":"1R75883I","sourceChecksum":"7c265c9fd48cb0677b21c9e60c88de7230e0e5b27a4f98bc2d44d93527f2082a","rawObjectClass":"DEPCNT","sourceStableId":"1F2B6A4B9FC67633"}}},{"type":"Feature","geometry":{"type":"LineString","coordinates":[[3.3295367,51.4580263],[3.3294517,51.4579949],[3.3294213,51.458048],[3.3295373,51.4581193],[3.3296335,51.4581373],[3.3296814,51.458144],[3.3297275,51.4581657],[3.3297315,51.458137],[3.3296813,51.4581317],[3.3295856,51.4580475],[3.3295367,51.4580263]]},"properties":{"rawObjectClass":"DEPCNT","VALDCO":3,"depthDatum":"Approximate LAT","depthDatumCode":42,"depthDatumStatus":"VERIFIED_FROM_OFFICIAL_DOCUMENTATION","verticalDatum":"Local Datum","verticalDatumCode":24,"napIdentityStatus":"UNVERIFIED","sourceKind":"official","sourceCellId":"1R75883I","sourceStableId":"1F2B6A4B9FC67634","sourceChecksum":"7c265c9fd48cb0677b21c9e60c88de7230e0e5b27a4f98bc2d44d93527f2082a","pipelineFeatureId":"1R75883I/DEPCNT/1281233786","provenance":{"cellId":"1R75883I","checksum":"7c265c9fd48cb0677b21c9e60c88de7230e0e5b27a4f98bc2d44d93527f2082a","readerVersion":"GDAL 3.2.2","processedAt":"2026-08-11T13:43:44.753Z"},"sourceProperties":{"RCID":1281233786,"PRIM":2,"GRUP":2,"OBJL":43,"RVER":1,"AGEN":7979,"FIDN":1783340998,"FIDS":30260,"LNAM":"1F2B6A4B9FC67634","VALDCO":3,"SCAMIN":50000,"sourceCellId":"1R75883I","sourceChecksum":"7c265c9fd48cb0677b21c9e60c88de7230e0e5b27a4f98bc2d44d93527f2082a","rawObjectClass":"DEPCNT","sourceStableId":"1F2B6A4B9FC67634"}}},{"type":"Feature","geometry":{"type":"LineString","coordinates":[[3.319224,51.4446487],[3.3191413,51.4446786],[3.3192245,51.4447132],[3.3193568,51.4447679],[3.3192254,51.4448509],[3.3191829,51.4448318],[3.3190812,51.4448026],[3.3190288,51.4448015],[3.3189376,51.4448437],[3.3188717,51.4448181],[3.3188738,51.4448591],[3.3188721,51.4449003],[3.318875,51.444949],[3.3189118,51.4449656],[3.3189384,51.4449605],[3.3190036,51.4449893],[3.3190823,51.4449662],[3.3191985,51.4449655],[3.3192261,51.4449536],[3.3192529,51.444948],[3.3192783,51.4449152],[3.3192741,51.444858],[3.319369,51.4447988],[3.3194207,51.4448],[3.3193768,51.4447678],[3.3193686,51.4447528],[3.3193083,51.4446781],[3.319224,51.4446487]]},"properties":{"rawObjectClass":"DEPCNT","VALDCO":3,"depthDatum":"Approximate LAT","depthDatumCode":42,"depthDatumStatus":"VERIFIED_FROM_OFFICIAL_DOCUMENTATION","verticalDatum":"Local Datum","verticalDatumCode":24,"napIdentityStatus":"UNVERIFIED","sourceKind":"official","sourceCellId":"1R75883I","sourceStableId":"1F2B6A4B9FC67635","sourceChecksum":"7c265c9fd48cb0677b21c9e60c88de7230e0e5b27a4f98bc2d44d93527f2082a","pipelineFeatureId":"1R75883I/DEPCNT/1281233787","provenance":{"cellId":"1R75883I","checksum":"7c265c9fd48cb0677b21c9e60c88de7230e0e5b27a4f98bc2d44d93527f2082a","readerVersion":"GDAL 3.2.2","processedAt":"2026-08-11T13:43:44.753Z"},"sourceProperties":{"RCID":1281233787,"PRIM":2,"GRUP":2,"OBJL":43,"RVER":1,"AGEN":7979,"FIDN":1783340998,"FIDS":30261,"LNAM":"1F2B6A4B9FC67635","VALDCO":3,"SCAMIN":50000,"sourceCellId":"1R75883I","sourceChecksum":"7c265c9fd48cb0677b21c9e60c88de7230e0e5b27a4f98bc2d44d93527f2082a","rawObjectClass":"DEPCNT","sourceStableId":"1F2B6A4B9FC67635"}}},{"type":"Feature","geometry":{"type":"LineString","coordinates":[[3.3307974,51.4522893],[3.3309349,51.452348],[3.3310789,51.4523783],[3.3310791,51.4523783],[3.3311777,51.45235],[3.3311259,51.4522884],[3.3310783,51.4522727],[3.3310501,51.452271],[3.3309344,51.4522711],[3.3307974,51.4522893]]},"properties":{"rawObjectClass":"DEPCNT","VALDCO":3,"depthDatum":"Approximate LAT","depthDatumCode":42,"depthDatumStatus":"VERIFIED_FROM_OFFICIAL_DOCUMENTATION","verticalDatum":"Local Datum","verticalDatumCode":24,"napIdentityStatus":"UNVERIFIED","sourceKind":"official","sourceCellId":"1R75883I","sourceStableId":"1F2B6A4B9FC67636","sourceChecksum":"7c265c9fd48cb0677b21c9e60c88de7230e0e5b27a4f98bc2d44d93527f2082a","pipelineFeatureId":"1R75883I/DEPCNT/1281233788","provenance":{"cellId":"1R75883I","checksum":"7c265c9fd48cb0677b21c9e60c88de7230e0e5b27a4f98bc2d44d93527f2082a","readerVersion":"GDAL 3.2.2","processedAt":"2026-08-11T13:43:44.753Z"},"sourceProperties":{"RCID":1281233788,"PRIM":2,"GRUP":2,"OBJL":43,"RVER":1,"AGEN":7979,"FIDN":1783340998,"FIDS":30262,"LNAM":"1F2B6A4B9FC67636","VALDCO":3,"SCAMIN":50000,"sourceCellId":"1R75883I","sourceChecksum":"7c265c9fd48cb0677b21c9e60c88de7230e0e5b27a4f98bc2d44d93527f2082a","rawObjectClass":"DEPCNT","sourceStableId":"1F2B6A4B9FC67636"}}},{"type":"Feature","geometry":{"type":"LineString","coordinates":[[3.3333333,51.4502386],[3.3332498,51.4502143],[3.3332218,51.4501805],[3.3331781,51.4501871],[3.3330777,51.4501513],[3.3329336,51.4501293],[3.3329225,51.4501253],[3.3327892,51.4500537],[3.3326857,51.4500613],[3.3326452,51.4500503],[3.332599,51.4500363],[3.3325183,51.4499576],[3.3326448,51.4499895],[3.3327137,51.449946],[3.3326443,51.4499249],[3.3325742,51.4499027],[3.3325005,51.4499354],[3.3324467,51.4499468],[3.332371,51.4499559],[3.3323567,51.4499511],[3.3323394,51.4499471],[3.3323565,51.4499293],[3.3324269,51.4498569],[3.3323558,51.4498297],[3.3322691,51.4498033],[3.3322117,51.4498045],[3.3321657,51.4497677],[3.3320672,51.4497162],[3.3319718,51.4496784],[3.3319849,51.4496395],[3.3320067,51.4495884],[3.331922,51.449546],[3.331793,51.449499],[3.3317777,51.4494846],[3.3317314,51.4494704],[3.3316333,51.4494196],[3.3316211,51.4494096],[3.3314888,51.4493444],[3.3314395,51.4493202],[3.3313443,51.4492522],[3.3312643,51.4492308],[3.3311998,51.4491754],[3.3311604,51.4491412],[3.3311408,51.4491047],[3.3311379,51.4490513],[3.3310548,51.4490167],[3.3309675,51.4489974],[3.3309105,51.4489738],[3.3308821,51.4489621],[3.33085,51.4489246],[3.3308472,51.4488723],[3.3307658,51.448853],[3.3306276,51.448783],[3.3306213,51.4487803],[3.330477,51.448721],[3.3304088,51.4486937],[3.3303327,51.4486627],[3.3301923,51.4486044],[3.3301883,51.4486024],[3.3301804,51.4485995],[3.330044,51.4485391],[3.3299762,51.4485151],[3.3298997,51.4484884],[3.3297803,51.4484257],[3.3297553,51.4484152],[3.3296128,51.4483362],[3.3296108,51.4483351],[3.3294673,51.4483952],[3.3293922,51.4483799],[3.3293232,51.4483658],[3.329179,51.4483375],[3.3293229,51.4483196],[3.329355,51.4483169],[3.3294667,51.4483035],[3.3295424,51.4482465],[3.3296098,51.4481989],[3.3297143,51.4482213],[3.3297537,51.4482012],[3.3298257,51.4481558],[3.3297532,51.4481286],[3.3296412,51.4480664],[3.3296087,51.448044],[3.3295799,51.4480666],[3.3294654,51.4481221],[3.3293926,51.4481116],[3.3293213,51.4481047],[3.3292095,51.4480877],[3.3291773,51.4480826],[3.3290332,51.4480681],[3.3291769,51.4480375],[3.3292501,51.4480217],[3.3293206,51.4480026],[3.3294573,51.447977],[3.3294643,51.4479761],[3.3295588,51.4478868],[3.3296073,51.4478449],[3.3297311,51.4478736],[3.3297514,51.4478717],[3.3297795,51.4478862],[3.3298956,51.4479184],[3.3300388,51.4479754],[3.3300399,51.4479759],[3.3300419,51.4479766],[3.3301842,51.448024],[3.3302578,51.4480647],[3.3303286,51.4480964],[3.3304731,51.4481541],[3.3306173,51.4482167],[3.3306898,51.4482433],[3.3307616,51.4482763],[3.3309042,51.4483315],[3.3309059,51.4483321],[3.3309066,51.4483326],[3.3309084,51.4483341],[3.3309543,51.4484224],[3.3309068,51.4484513],[3.3308708,51.4484226],[3.3309043,51.4483336],[3.3307624,51.448389],[3.3306885,51.448377],[3.3306186,51.4484004],[3.3305817,51.4484004],[3.3304746,51.4483868],[3.3303668,51.4483341],[3.3303302,51.4483217],[3.3302937,51.4483115],[3.3301861,51.4482971],[3.3300472,51.4482451],[3.3300418,51.448244],[3.3300368,51.448242],[3.3298976,51.4482014],[3.3298273,51.4482457],[3.329859,51.4482701],[3.3298981,51.4482596],[3.3299459,51.4482752],[3.3300419,51.4482468],[3.3301493,51.4483347],[3.3301865,51.4483463],[3.3302289,51.448361],[3.3303304,51.4483491],[3.3304334,51.4484239],[3.330475,51.4484378],[3.330517,51.4484498],[3.3306189,51.4484385],[3.3307354,51.4485129],[3.3307634,51.4485232],[3.3307969,51.4485336],[3.3309074,51.4485445],[3.3310449,51.448602],[3.3310518,51.4486044],[3.3310609,51.4486076],[3.3311959,51.4486404],[3.3312583,51.4486403],[3.3313401,51.4486713],[3.3313857,51.4486909],[3.3314845,51.4487412],[3.3315948,51.4487592],[3.3316286,51.4487661],[3.3316819,51.44878],[3.3317167,51.4488346],[3.3316877,51.4488699],[3.3317447,51.4488877],[3.3317733,51.4488775],[3.3317926,51.4488816],[3.3319173,51.4488947],[3.3320598,51.4489588],[3.3320617,51.4489595],[3.3320642,51.4489603],[3.3322058,51.4489909],[3.3323268,51.4490479],[3.3323834,51.4490685],[3.3324943,51.4490883],[3.3326011,51.4491371],[3.3326387,51.4491478],[3.3326861,51.4491664],[3.3327829,51.449191],[3.3328475,51.4492263],[3.3329273,51.4492531],[3.3330442,51.4492986],[3.3330715,51.4493068],[3.33309,51.4493155],[3.3332159,51.449363],[3.3333297,51.4494048],[3.3333333,51.4494061]]},"properties":{"rawObjectClass":"DEPCNT","VALDCO":2.5,"depthDatum":"Approximate LAT","depthDatumCode":42,"depthDatumStatus":"VERIFIED_FROM_OFFICIAL_DOCUMENTATION","verticalDatum":"Local Datum","verticalDatumCode":24,"napIdentityStatus":"UNVERIFIED","sourceKind":"official","sourceCellId":"1R75883I","sourceStableId":"1F2B6A4B9FC67637","sourceChecksum":"7c265c9fd48cb0677b21c9e60c88de7230e0e5b27a4f98bc2d44d93527f2082a","pipelineFeatureId":"1R75883I/DEPCNT/1281233789","provenance":{"cellId":"1R75883I","checksum":"7c265c9fd48cb0677b21c9e60c88de7230e0e5b27a4f98bc2d44d93527f2082a","readerVersion":"GDAL 3.2.2","processedAt":"2026-08-11T13:43:44.753Z"},"sourceProperties":{"RCID":1281233789,"PRIM":2,"GRUP":2,"OBJL":43,"RVER":1,"AGEN":7979,"FIDN":1783340998,"FIDS":30263,"LNAM":"1F2B6A4B9FC67637","VALDCO":2.5,"SCAMIN":15000,"sourceCellId":"1R75883I","sourceChecksum":"7c265c9fd48cb0677b21c9e60c88de7230e0e5b27a4f98bc2d44d93527f2082a","rawObjectClass":"DEPCNT","sourceStableId":"1F2B6A4B9FC67637"}}},{"type":"Feature","geometry":{"type":"LineString","coordinates":[[3.3333333,51.4444246],[3.3333238,51.4444226],[3.3332006,51.4443697],[3.3331795,51.4443652],[3.3331416,51.4443463],[3.3330351,51.4442989],[3.3329764,51.4443172],[3.3329147,51.4442806],[3.3328994,51.4442754],[3.3328911,51.4442769],[3.3327809,51.4442598],[3.3327471,51.4442691],[3.3326886,51.4442812],[3.3326895,51.4443175],[3.3326688,51.4443712],[3.3326043,51.4444102],[3.3325206,51.4443716],[3.3324599,51.4443432],[3.3323709,51.4443166],[3.332316,51.4443496],[3.3321923,51.44436],[3.3322776,51.4442824],[3.3321714,51.4442435],[3.3320921,51.4442334],[3.3320274,51.4442342],[3.3318986,51.4442742],[3.3318838,51.4442746],[3.3318763,51.4442788],[3.3317396,51.4442365],[3.331628,51.4441943],[3.3317389,51.4441373],[3.3318188,51.4441039],[3.3318822,51.4440512],[3.3319172,51.4440137],[3.3318818,51.4439915],[3.3317894,51.4439241],[3.3317371,51.4438865],[3.331632,51.4439004],[3.3315934,51.4439046],[3.3315418,51.4439248],[3.3314498,51.4439499],[3.3313804,51.4439687],[3.331306,51.4439674],[3.3312526,51.4439256],[3.3311614,51.4438705],[3.3310864,51.4438792],[3.3310176,51.4438728],[3.3308971,51.4439266],[3.3308742,51.4439412],[3.3308548,51.4439267],[3.3307298,51.4438811],[3.330612,51.4438375],[3.3307289,51.4437479],[3.3307347,51.4437509],[3.3307314,51.4437473],[3.3308724,51.4437035],[3.3309425,51.4437467],[3.3310169,51.4437847],[3.331092,51.4437931],[3.3311609,51.4437924],[3.3312606,51.4437458],[3.3313041,51.4437029],[3.3313675,51.4437455],[3.3314484,51.4437625],[3.3315283,51.443745],[3.3315916,51.4436586],[3.3315935,51.4436549],[3.3317353,51.4436311],[3.3318783,51.4436541],[3.3318793,51.4436559],[3.3318809,51.4436551],[3.3320235,51.4437018],[3.332123,51.4437155],[3.3321676,51.443729],[3.3322346,51.443743],[3.3323118,51.4437669],[3.332338,51.4437591],[3.3324558,51.4437831],[3.332574,51.443742],[3.3325993,51.4437321],[3.3326308,51.4437221],[3.3327431,51.4437226],[3.3327738,51.4437223],[3.3328868,51.4436907],[3.33293,51.4436511],[3.332886,51.4435833],[3.3328184,51.4435615],[3.3328857,51.443539],[3.3329708,51.4434712],[3.3330289,51.4434415],[3.3331211,51.443413],[3.3331724,51.4433951],[3.3332267,51.4434143],[3.3333162,51.4433843],[3.3333333,51.4433844]]},"properties":{"rawObjectClass":"DEPCNT","VALDCO":2.5,"depthDatum":"Approximate LAT","depthDatumCode":42,"depthDatumStatus":"VERIFIED_FROM_OFFICIAL_DOCUMENTATION","verticalDatum":"Local Datum","verticalDatumCode":24,"napIdentityStatus":"UNVERIFIED","sourceKind":"official","sourceCellId":"1R75883I","sourceStableId":"1F2B6A4B9FC67638","sourceChecksum":"7c265c9fd48cb0677b21c9e60c88de7230e0e5b27a4f98bc2d44d93527f2082a","pipelineFeatureId":"1R75883I/DEPCNT/1281233794","provenance":{"cellId":"1R75883I","checksum":"7c265c9fd48cb0677b21c9e60c88de7230e0e5b27a4f98bc2d44d93527f2082a","readerVersion":"GDAL 3.2.2","processedAt":"2026-08-11T13:43:44.753Z"},"sourceProperties":{"RCID":1281233794,"PRIM":2,"GRUP":2,"OBJL":43,"RVER":1,"AGEN":7979,"FIDN":1783340998,"FIDS":30264,"LNAM":"1F2B6A4B9FC67638","VALDCO":2.5,"SCAMIN":15000,"sourceCellId":"1R75883I","sourceChecksum":"7c265c9fd48cb0677b21c9e60c88de7230e0e5b27a4f98bc2d44d93527f2082a","rawObjectClass":"DEPCNT","sourceStableId":"1F2B6A4B9FC67638"}}},{"type":"Feature","geometry":{"type":"LineString","coordinates":[[3.3333333,51.4544597],[3.3332634,51.454447],[3.3332529,51.4544451],[3.3332261,51.4544405],[3.3331088,51.4544206],[3.3330514,51.4544052],[3.3329646,51.4543872],[3.3328633,51.4543783],[3.3328206,51.4543709],[3.3327148,51.454352],[3.3326764,51.4543439],[3.3325323,51.4543137],[3.3324425,51.4542968],[3.3323881,51.4542829],[3.3322815,51.4542633],[3.332244,51.4542551],[3.3322183,51.4542475],[3.3320998,51.45422],[3.3320122,51.4542094],[3.3319557,51.454194],[3.3318832,51.4541745],[3.3318115,51.4541517],[3.3317412,51.4541311],[3.3316673,51.454114],[3.331569,51.454114],[3.3314493,51.4540858],[3.3313789,51.4540421],[3.3312674,51.4539964],[3.3312346,51.4539884],[3.3311046,51.4539882],[3.3310907,51.4539906],[3.3309729,51.4539074],[3.3309461,51.4538908],[3.3309039,51.4538812],[3.330802,51.4538646],[3.3306702,51.4538183],[3.3306577,51.4538107],[3.3306333,51.4538032],[3.3305135,51.4537792],[3.3304537,51.453729],[3.3305128,51.4536779],[3.3306377,51.4536503],[3.3306565,51.4536443],[3.330675,51.4536384],[3.3306563,51.4536267],[3.3305304,51.4535489],[3.3305118,51.4535413],[3.3304771,51.4535275],[3.3303675,51.4534828],[3.3303311,51.4534596],[3.330367,51.4534257],[3.3304566,51.4533693],[3.3304538,51.453334],[3.3304531,51.4532794],[3.3305099,51.4532727],[3.3305213,51.453272],[3.3306537,51.4532585],[3.3306892,51.4532565],[3.3307975,51.4532497],[3.3308518,51.4532444],[3.3309414,51.4532395],[3.3310104,51.4532347],[3.3310852,51.4532303],[3.3311532,51.4532299],[3.3312292,51.4532405],[3.3313684,51.4531896],[3.3313321,51.4532769],[3.3313735,51.4532883],[3.3314539,51.4532766],[3.3313857,51.4531949],[3.3315167,51.4531967],[3.3315472,51.4531864],[3.3316605,51.4531731],[3.3316905,51.4531672],[3.3318042,51.4531371],[3.3318969,51.4531274],[3.3319479,51.4531196],[3.3320261,51.4530951],[3.3320915,51.4530751],[3.332142,51.4530632],[3.3322352,51.4530464],[3.3323014,51.4530457],[3.3323792,51.4530512],[3.3324463,51.453046],[3.3325231,51.4530509],[3.3326166,51.4530619],[3.3326672,51.4530701],[3.3328051,51.4530929],[3.3328113,51.4530943],[3.3328139,51.4530945],[3.3329553,51.4531141],[3.3329995,51.4531199],[3.3330995,51.4531424],[3.3331982,51.4531534],[3.3332434,51.45315],[3.3333333,51.4531711]]},"properties":{"rawObjectClass":"DEPCNT","VALDCO":2.5,"depthDatum":"Approximate LAT","depthDatumCode":42,"depthDatumStatus":"VERIFIED_FROM_OFFICIAL_DOCUMENTATION","verticalDatum":"Local Datum","verticalDatumCode":24,"napIdentityStatus":"UNVERIFIED","sourceKind":"official","sourceCellId":"1R75883I","sourceStableId":"1F2B6A4B9FC67639","sourceChecksum":"7c265c9fd48cb0677b21c9e60c88de7230e0e5b27a4f98bc2d44d93527f2082a","pipelineFeatureId":"1R75883I/DEPCNT/1281233797","provenance":{"cellId":"1R75883I","checksum":"7c265c9fd48cb0677b21c9e60c88de7230e0e5b27a4f98bc2d44d93527f2082a","readerVersion":"GDAL 3.2.2","processedAt":"2026-08-11T13:43:44.753Z"},"sourceProperties":{"RCID":1281233797,"PRIM":2,"GRUP":2,"OBJL":43,"RVER":1,"AGEN":7979,"FIDN":1783340998,"FIDS":30265,"LNAM":"1F2B6A4B9FC67639","VALDCO":2.5,"SCAMIN":15000,"sourceCellId":"1R75883I","sourceChecksum":"7c265c9fd48cb0677b21c9e60c88de7230e0e5b27a4f98bc2d44d93527f2082a","rawObjectClass":"DEPCNT","sourceStableId":"1F2B6A4B9FC67639"}}},{"type":"Feature","geometry":{"type":"LineString","coordinates":[[3.3333333,51.4482599],[3.3332563,51.448236],[3.3332075,51.4482206],[3.3331708,51.4482134],[3.3330634,51.448191],[3.3329192,51.4481466],[3.3327751,51.4481163],[3.3326336,51.4480598],[3.3326308,51.4480587],[3.3326293,51.448058],[3.3324864,51.4479991],[3.3323868,51.4479687],[3.3323421,51.4479406],[3.3322411,51.4478792],[3.3321971,51.4477966],[3.3321858,51.4477895],[3.3321971,51.4477883],[3.3322024,51.4477861],[3.3322008,51.4477894],[3.3323414,51.4478417],[3.3323835,51.4478526],[3.3324852,51.4478337],[3.3325893,51.4478131],[3.3326291,51.4478321],[3.3326968,51.447788],[3.3326285,51.4477547],[3.3324842,51.4476996],[3.3324819,51.4477002],[3.3324809,51.4476987],[3.3323397,51.4476115],[3.3323359,51.4476092],[3.3323397,51.4476077],[3.3323434,51.4476069],[3.3324834,51.4475763],[3.3325671,51.4475561],[3.332627,51.4475422],[3.3327669,51.4476052],[3.3327714,51.4476057],[3.332894,51.4475177],[3.3327702,51.4474443],[3.3327406,51.4474282],[3.3327378,51.4473581],[3.3327394,51.4473383],[3.3327553,51.4472568],[3.3327541,51.4472484],[3.3327455,51.4471726],[3.3327471,51.4471585],[3.332624,51.4471333],[3.3325036,51.4470841],[3.3324798,51.4470843],[3.3324667,51.4470693],[3.3323354,51.4470166],[3.3322477,51.44698],[3.3321908,51.4469172],[3.3320793,51.4469109],[3.3320467,51.4468978],[3.3320105,51.4468908],[3.3320466,51.4468795],[3.3320647,51.4468793],[3.3321905,51.4468746],[3.3322721,51.4468001],[3.3321898,51.4467839],[3.3321423,51.4467709],[3.3320458,51.4467708],[3.3319215,51.4467236],[3.3319015,51.4467194],[3.3318885,51.4467113],[3.3317574,51.4466847],[3.3316813,51.4466644],[3.3316134,51.446674],[3.3314969,51.4466397],[3.3314692,51.4466299],[3.331441,51.4466226],[3.3313251,51.4466076],[3.33129,51.4466011],[3.3311811,51.4465931],[3.3310526,51.4465437],[3.3310368,51.4465398],[3.3310207,51.4465339],[3.3310156,51.4464569],[3.3308928,51.4465143],[3.3308386,51.4465006],[3.3307486,51.4464843],[3.3306134,51.4464507],[3.3306045,51.4464493],[3.3305914,51.4464452],[3.3305129,51.4464126],[3.3304604,51.4464222],[3.3304024,51.4464095],[3.3303163,51.4463966],[3.3301966,51.4463716],[3.3301722,51.4463675],[3.330133,51.4463566],[3.3300281,51.4463352],[3.3299847,51.4463299],[3.3298841,51.446321],[3.3298105,51.4463115],[3.3297401,51.4463027],[3.3296157,51.4462804],[3.3295286,51.4462684],[3.3295958,51.4462502],[3.3296243,51.4462503],[3.3297395,51.4462231],[3.3298107,51.446223],[3.3298833,51.4462132],[3.3299695,51.4462133],[3.3300272,51.4462067],[3.3300811,51.4462106],[3.3301711,51.4462065],[3.3302838,51.4461957],[3.3303149,51.4461975],[3.3303562,51.4462019],[3.3304588,51.4461933],[3.3305672,51.4461755],[3.3306022,51.4461286],[3.3306362,51.4460854],[3.3306017,51.4460633],[3.3305337,51.4460433],[3.3304575,51.4460176],[3.3303909,51.4459962],[3.3304573,51.4459884],[3.3304719,51.4459868],[3.3306011,51.4459744],[3.330635,51.4459743],[3.3307449,51.4459635],[3.3307966,51.4459627],[3.3308888,51.4459626],[3.3309478,51.4459577],[3.3310326,51.4459497],[3.3311056,51.4459485],[3.3311764,51.4459432],[3.3312682,51.4459363],[3.3313203,51.4459355],[3.3314126,51.4459356],[3.3314641,51.445932],[3.3315942,51.4459114],[3.3316079,51.4459101],[3.3316278,51.4459152],[3.3316458,51.4459027],[3.3316078,51.4458956],[3.3315941,51.4458943],[3.3314637,51.4458744],[3.3313909,51.445858],[3.3313197,51.4458586],[3.3312036,51.4458316],[3.3311756,51.4458277],[3.3311324,51.4458143],[3.3311751,51.4457592],[3.3312315,51.4457241],[3.3313187,51.4457149],[3.3313355,51.4457132],[3.3314625,51.4456999],[3.331555,51.4456911],[3.3316063,51.445695],[3.3316514,51.4456947],[3.3317502,51.4456945],[3.3317949,51.4456945],[3.3318941,51.4456871],[3.3319774,51.4456698],[3.3320378,51.4456603],[3.3320835,51.4456603],[3.3321817,51.4456668],[3.3322615,51.4456713],[3.3323256,51.4456674],[3.3324293,51.4456558],[3.3324694,51.4456528],[3.3325017,51.4456508],[3.3326133,51.4456565],[3.3326554,51.4456564],[3.3327572,51.4456605],[3.3328065,51.4456605],[3.3329012,51.4456681],[3.3329784,51.4456774],[3.3330451,51.445674],[3.3331577,51.4456989],[3.3331892,51.4456986],[3.3332265,51.4456951],[3.333333,51.4456862],[3.3333333,51.4456863]]},"properties":{"rawObjectClass":"DEPCNT","VALDCO":2.5,"depthDatum":"Approximate LAT","depthDatumCode":42,"depthDatumStatus":"VERIFIED_FROM_OFFICIAL_DOCUMENTATION","verticalDatum":"Local Datum","verticalDatumCode":24,"napIdentityStatus":"UNVERIFIED","sourceKind":"official","sourceCellId":"1R75883I","sourceStableId":"1F2B6A4B9FC6763A","sourceChecksum":"7c265c9fd48cb0677b21c9e60c88de7230e0e5b27a4f98bc2d44d93527f2082a","pipelineFeatureId":"1R75883I/DEPCNT/1281233798","provenance":{"cellId":"1R75883I","checksum":"7c265c9fd48cb0677b21c9e60c88de7230e0e5b27a4f98bc2d44d93527f2082a","readerVersion":"GDAL 3.2.2","processedAt":"2026-08-11T13:43:44.753Z"},"sourceProperties":{"RCID":1281233798,"PRIM":2,"GRUP":2,"OBJL":43,"RVER":1,"AGEN":7979,"FIDN":1783340998,"FIDS":30266,"LNAM":"1F2B6A4B9FC6763A","VALDCO":2.5,"SCAMIN":15000,"sourceCellId":"1R75883I","sourceChecksum":"7c265c9fd48cb0677b21c9e60c88de7230e0e5b27a4f98bc2d44d93527f2082a","rawObjectClass":"DEPCNT","sourceStableId":"1F2B6A4B9FC6763A"}}},{"type":"Feature","geometry":{"type":"LineString","coordinates":[[3.3242508,51.4433132],[3.3243947,51.4433154],[3.3245385,51.4433051],[3.3245557,51.4433042],[3.3246823,51.4432908],[3.3247168,51.4432929],[3.3248261,51.4432837],[3.3248765,51.4432826],[3.3249699,51.4432728],[3.3250477,51.4432649],[3.3251138,51.4432685],[3.3251979,51.4432605],[3.3252576,51.4432516],[3.3253116,51.4432566],[3.3254015,51.4432598],[3.3255039,51.4432483],[3.3255453,51.4432492],[3.3256549,51.4432434],[3.3256891,51.4432404],[3.3258073,51.4432376],[3.325833,51.4432336],[3.3259541,51.4432354],[3.3259769,51.4432343],[3.3261059,51.44323],[3.3261207,51.4432297],[3.3261359,51.4432301],[3.3262647,51.4432423],[3.3263932,51.4432295],[3.3264085,51.4432288],[3.3264262,51.4432308],[3.3265524,51.4432281],[3.3266961,51.4432191],[3.3266963,51.4432191],[3.3268402,51.4432382],[3.3268773,51.4432417],[3.3269841,51.4432333],[3.3270948,51.4432387],[3.327128,51.4432364],[3.3272554,51.4432277],[3.3272718,51.4432277],[3.3272984,51.443234],[3.3273815,51.4432171],[3.3274156,51.4432133],[3.3275597,51.4432409],[3.3276105,51.4432482],[3.3277037,51.4432512],[3.3278084,51.4432403],[3.3278474,51.4432386],[3.3278862,51.4432399],[3.3279914,51.4432438],[3.3280963,51.4432395],[3.3281352,51.443241],[3.3282464,51.4432352],[3.3282791,51.4432325],[3.3283223,51.4432415],[3.3284229,51.4432262],[3.3284421,51.4432262],[3.328567,51.4432519],[3.3286779,51.4432341],[3.3287107,51.4432301],[3.3287434,51.4432338],[3.3288547,51.4432505],[3.3289569,51.4432765],[3.3289988,51.4432719],[3.3290945,51.4432124],[3.3291421,51.4431986],[3.3292347,51.443212],[3.3292863,51.4432354],[3.3293243,51.4432354],[3.3294304,51.4432708],[3.3295374,51.4432779],[3.3295744,51.4432778],[3.3296704,51.4433007],[3.3297187,51.4433314],[3.3297677,51.443331],[3.3298627,51.443354],[3.329973,51.4433687],[3.3300068,51.4433757],[3.3300399,51.4433895],[3.3301511,51.4434439],[3.3302481,51.4434181],[3.3302906,51.4434787],[3.3302953,51.4434816],[3.3304327,51.4434824],[3.3304392,51.4434795],[3.330446,51.4434826],[3.3305567,51.443478],[3.330583,51.4434775],[3.330586,51.443476],[3.3306302,51.4434778],[3.3307273,51.4435291],[3.3307964,51.4435672],[3.3307276,51.4435702],[3.3307253,51.4435689],[3.330584,51.4436117],[3.3304478,51.4436535],[3.3304404,51.4436568],[3.3304334,51.4436538],[3.3304256,51.4436582],[3.3303607,51.4436983],[3.3302967,51.4436787],[3.3302522,51.4436587],[3.3301525,51.4436287],[3.330038,51.4435694],[3.3300573,51.4435384],[3.3300075,51.4434831],[3.3299595,51.4435696],[3.3298645,51.4436048],[3.329721,51.4436601],[3.329602,51.4435706],[3.3295762,51.4435241],[3.3295551,51.4435574],[3.3295615,51.4435707],[3.3294331,51.4436378],[3.3293598,51.4436155],[3.3292891,51.4436237],[3.3291488,51.4436597],[3.3291454,51.4436557],[3.3290031,51.4435723],[3.3290017,51.4435718],[3.3289999,51.4435723],[3.3289986,51.4435738],[3.329001,51.4435737],[3.329135,51.4436618],[3.3290017,51.443674],[3.3288766,51.4436743],[3.3288578,51.4436707],[3.3288131,51.4436627],[3.3287288,51.4435828],[3.3287208,51.4435731],[3.3287132,51.4435706],[3.3286984,51.4435731],[3.3285699,51.4436606],[3.3285001,51.4436171],[3.3284259,51.4436407],[3.3283474,51.443664],[3.3282823,51.4436794],[3.3282418,51.4436643],[3.3281993,51.4436261],[3.3281381,51.4436454],[3.3280118,51.4436541],[3.3279943,51.4436539],[3.3278518,51.4436646],[3.3278505,51.4436645],[3.3278404,51.4436655],[3.3277067,51.4436829],[3.3276837,51.4436803],[3.327563,51.4437053],[3.3274831,51.4436665],[3.3274187,51.4436493],[3.327374,51.4436389],[3.3272748,51.4436464],[3.3272017,51.4436672],[3.3271313,51.4436928],[3.3270407,51.443701],[3.3269874,51.4436917],[3.3268509,51.4436682],[3.3268433,51.4436661],[3.326744,51.4436405],[3.3266993,51.4436474],[3.326589,51.443669],[3.3265556,51.4436795],[3.3265129,51.4436959],[3.3264121,51.4437374],[3.3263724,51.4437347],[3.3262682,51.4437364],[3.3261943,51.44376],[3.3261246,51.4437734],[3.3260782,51.4437603],[3.3259804,51.4437322],[3.3258645,51.4437434],[3.3258366,51.4437462],[3.3258025,51.4437398],[3.3256927,51.4437395],[3.3256315,51.4437615],[3.3255492,51.4437948],[3.3254077,51.4437622],[3.3254051,51.4437617],[3.3252639,51.4437609],[3.3252558,51.4437626],[3.3252545,51.4437668],[3.3252269,51.4438526],[3.3251181,51.4438759],[3.3250382,51.4438531],[3.3249738,51.4438181],[3.324834,51.4438512],[3.3248301,51.4438497],[3.3248254,51.4438507],[3.324686,51.4438071],[3.3245446,51.4437645],[3.3245418,51.443764],[3.3245379,51.4437646],[3.3243982,51.443808],[3.3242639,51.4438494],[3.3242546,51.4438517],[3.324251,51.443853],[3.3241105,51.4438244],[3.3239682,51.4438552],[3.3239668,51.4438553],[3.3239609,51.4438561],[3.3238662,51.4438833],[3.3238231,51.4438696],[3.3236849,51.4438568],[3.3236801,51.4438562],[3.3236791,51.4438563],[3.3236783,51.4438564],[3.3235351,51.4438449],[3.3234297,51.4438575],[3.3233914,51.4438722],[3.3233335,51.4438941],[3.3232561,51.443858],[3.3232479,51.4438577],[3.3232474,51.4438578],[3.3232467,51.4438576],[3.3232398,51.4438581],[3.3231665,51.4438975],[3.3231036,51.4438687],[3.3230848,51.4438703],[3.3229597,51.4438689],[3.3229377,51.4438727],[3.3228161,51.4439027],[3.3227293,51.4438952],[3.3226722,51.443901],[3.3226045,51.4439021],[3.3225284,51.443915],[3.322388,51.4438604],[3.3223841,51.4438573],[3.3222465,51.4438569],[3.3222402,51.4438586],[3.3222366,51.4438586],[3.3220962,51.4438482],[3.3220683,51.4438613],[3.3219529,51.4439229],[3.3218749,51.4438618],[3.3218084,51.4438371],[3.3216664,51.4438613],[3.3216647,51.4438617],[3.3216626,51.4438611],[3.3215207,51.4438519],[3.321503,51.4438518],[3.3213767,51.44384],[3.3213206,51.4438283],[3.3212328,51.4438284],[3.3211768,51.4438287],[3.3210888,51.4438221],[3.3210004,51.4438296],[3.320945,51.4438246],[3.3208079,51.4437748],[3.3208007,51.4437719],[3.3207959,51.4437719],[3.3206567,51.4437619],[3.3205144,51.4436857],[3.320524,51.4436784],[3.3206449,51.4435954],[3.3206555,51.4435916],[3.3206625,51.443591],[3.3207993,51.4435735],[3.3208975,51.4435662],[3.3209432,51.4435689],[3.3209988,51.4435597],[3.3210869,51.4435496],[3.3211556,51.4435511],[3.3212308,51.4435476],[3.3213097,51.4435443],[3.3213746,51.4435415],[3.3214777,51.4435287],[3.3215184,51.4435309],[3.3216304,51.4435028],[3.3216621,51.443496],[3.3216752,51.4434945],[3.3218059,51.4434818],[3.3218401,51.4434808],[3.3219496,51.443464],[3.3220163,51.4434601],[3.3221702,51.4434534],[3.3222373,51.4434533],[3.322307,51.4434575],[3.3223812,51.4434511],[3.3224816,51.4434377],[3.322525,51.4434293],[3.322657,51.4434174],[3.3226688,51.4434178],[3.3226808,51.4434175],[3.3228127,51.4434196],[3.3229565,51.4434092],[3.3230962,51.4434063],[3.3231003,51.4434064],[3.3231056,51.4434056],[3.323244,51.4433786],[3.3233632,51.4433927],[3.323388,51.4433908],[3.323418,51.4433893],[3.3235317,51.4433652],[3.3236157,51.4433549],[3.3236755,51.4433524],[3.3237632,51.4433522],[3.3238194,51.4433509],[3.3239063,51.4433523],[3.3239632,51.4433432],[3.3240743,51.4433367],[3.3241071,51.4433362],[3.324237,51.4433158],[3.3242508,51.4433132]]},"properties":{"rawObjectClass":"DEPCNT","VALDCO":2.5,"depthDatum":"Approximate LAT","depthDatumCode":42,"depthDatumStatus":"VERIFIED_FROM_OFFICIAL_DOCUMENTATION","verticalDatum":"Local Datum","verticalDatumCode":24,"napIdentityStatus":"UNVERIFIED","sourceKind":"official","sourceCellId":"1R75883I","sourceStableId":"1F2B6A4B9FC6763B","sourceChecksum":"7c265c9fd48cb0677b21c9e60c88de7230e0e5b27a4f98bc2d44d93527f2082a","pipelineFeatureId":"1R75883I/DEPCNT/1281233799","provenance":{"cellId":"1R75883I","checksum":"7c265c9fd48cb0677b21c9e60c88de7230e0e5b27a4f98bc2d44d93527f2082a","readerVersion":"GDAL 3.2.2","processedAt":"2026-08-11T13:43:44.753Z"},"sourceProperties":{"RCID":1281233799,"PRIM":2,"GRUP":2,"OBJL":43,"RVER":1,"AGEN":7979,"FIDN":1783340998,"FIDS":30267,"LNAM":"1F2B6A4B9FC6763B","VALDCO":2.5,"SCAMIN":15000,"sourceCellId":"1R75883I","sourceChecksum":"7c265c9fd48cb0677b21c9e60c88de7230e0e5b27a4f98bc2d44d93527f2082a","rawObjectClass":"DEPCNT","sourceStableId":"1F2B6A4B9FC6763B"}}},{"type":"Feature","geometry":{"type":"LineString","coordinates":[[3.3311665,51.4445704],[3.3311314,51.4445773],[3.3310226,51.4445676],[3.3309641,51.4445559],[3.3308782,51.4445002],[3.3308437,51.4444878],[3.3307344,51.4445169],[3.3306364,51.4445282],[3.3305907,51.4445373],[3.3304544,51.4445526],[3.3304469,51.4445526],[3.330429,51.4445462],[3.3303027,51.4445086],[3.3302379,51.4445174],[3.3301588,51.4445093],[3.330022,51.4444686],[3.3300145,51.4444558],[3.3300041,51.4444621],[3.3298704,51.4444193],[3.3297441,51.4443795],[3.3298699,51.4443552],[3.3299219,51.4443464],[3.3300138,51.4443597],[3.3300453,51.4443589],[3.3301576,51.4443453],[3.3302421,51.4443252],[3.3303014,51.4443251],[3.3303462,51.4442879],[3.3304447,51.4442515],[3.3305301,51.4442508],[3.3305887,51.4442552],[3.3306894,51.4442238],[3.3307323,51.4442243],[3.3307767,51.4442245],[3.3308762,51.4442245],[3.330965,51.4441962],[3.3308756,51.4441419],[3.3308185,51.4441424],[3.3308472,51.4441066],[3.3308753,51.444092],[3.3308981,51.4441065],[3.3310198,51.4441824],[3.331047,51.444196],[3.33102,51.4442096],[3.3309327,51.4442862],[3.3309783,51.4443493],[3.3309882,51.444376],[3.3310214,51.4444026],[3.3311553,51.4444654],[3.3311356,51.4444844],[3.3311658,51.4444755],[3.3311996,51.4444653],[3.3312841,51.4444492],[3.3313095,51.4444544],[3.3313262,51.4444649],[3.3313099,51.4444969],[3.3312489,51.4445551],[3.3311665,51.4445704]]},"properties":{"rawObjectClass":"DEPCNT","VALDCO":2.5,"depthDatum":"Approximate LAT","depthDatumCode":42,"depthDatumStatus":"VERIFIED_FROM_OFFICIAL_DOCUMENTATION","verticalDatum":"Local Datum","verticalDatumCode":24,"napIdentityStatus":"UNVERIFIED","sourceKind":"official","sourceCellId":"1R75883I","sourceStableId":"1F2B6A4B9FC6763C","sourceChecksum":"7c265c9fd48cb0677b21c9e60c88de7230e0e5b27a4f98bc2d44d93527f2082a","pipelineFeatureId":"1R75883I/DEPCNT/1281233800","provenance":{"cellId":"1R75883I","checksum":"7c265c9fd48cb0677b21c9e60c88de7230e0e5b27a4f98bc2d44d93527f2082a","readerVersion":"GDAL 3.2.2","processedAt":"2026-08-11T13:43:44.753Z"},"sourceProperties":{"RCID":1281233800,"PRIM":2,"GRUP":2,"OBJL":43,"RVER":1,"AGEN":7979,"FIDN":1783340998,"FIDS":30268,"LNAM":"1F2B6A4B9FC6763C","VALDCO":2.5,"SCAMIN":15000,"sourceCellId":"1R75883I","sourceChecksum":"7c265c9fd48cb0677b21c9e60c88de7230e0e5b27a4f98bc2d44d93527f2082a","rawObjectClass":"DEPCNT","sourceStableId":"1F2B6A4B9FC6763C"}}},{"type":"Feature","geometry":{"type":"LineString","coordinates":[[3.3333333,51.4430096],[3.3333154,51.4430206],[3.3333136,51.4430216],[3.3333119,51.4430206],[3.3331691,51.4429354],[3.333073,51.4430213],[3.3330262,51.4430685],[3.3329787,51.4430215],[3.3328815,51.4429637],[3.3328023,51.4429321],[3.3328811,51.4428998],[3.3329778,51.4429021],[3.333025,51.4429083],[3.3330964,51.4428866],[3.333169,51.4429227],[3.3331766,51.4429263],[3.3333125,51.4428688],[3.3333333,51.4428775]]},"properties":{"rawObjectClass":"DEPCNT","VALDCO":2.5,"depthDatum":"Approximate LAT","depthDatumCode":42,"depthDatumStatus":"VERIFIED_FROM_OFFICIAL_DOCUMENTATION","verticalDatum":"Local Datum","verticalDatumCode":24,"napIdentityStatus":"UNVERIFIED","sourceKind":"official","sourceCellId":"1R75883I","sourceStableId":"1F2B6A4B9FC6763D","sourceChecksum":"7c265c9fd48cb0677b21c9e60c88de7230e0e5b27a4f98bc2d44d93527f2082a","pipelineFeatureId":"1R75883I/DEPCNT/1281233802","provenance":{"cellId":"1R75883I","checksum":"7c265c9fd48cb0677b21c9e60c88de7230e0e5b27a4f98bc2d44d93527f2082a","readerVersion":"GDAL 3.2.2","processedAt":"2026-08-11T13:43:44.753Z"},"sourceProperties":{"RCID":1281233802,"PRIM":2,"GRUP":2,"OBJL":43,"RVER":1,"AGEN":7979,"FIDN":1783340998,"FIDS":30269,"LNAM":"1F2B6A4B9FC6763D","VALDCO":2.5,"SCAMIN":15000,"sourceCellId":"1R75883I","sourceChecksum":"7c265c9fd48cb0677b21c9e60c88de7230e0e5b27a4f98bc2d44d93527f2082a","rawObjectClass":"DEPCNT","sourceStableId":"1F2B6A4B9FC6763D"}}},{"type":"Feature","geometry":{"type":"LineString","coordinates":[[3.3333333,51.4302064],[3.3332666,51.4301913],[3.3332201,51.4301788],[3.333163,51.4301985],[3.3330768,51.4302423],[3.3329882,51.4301979],[3.3329904,51.4302531],[3.3329905,51.4302889],[3.3330597,51.4303428],[3.3330776,51.4303613],[3.3331701,51.4304324],[3.3330783,51.4304612],[3.3329773,51.4305229],[3.3330794,51.4306099],[3.3330905,51.4306055],[3.3330893,51.4306125],[3.3330894,51.4306186],[3.3331126,51.4307023],[3.3331012,51.4307155],[3.3331412,51.4307922],[3.3331892,51.4308595],[3.3331799,51.430882],[3.3332255,51.430913],[3.3332502,51.4308818],[3.3332971,51.4308365],[3.3333333,51.4307992]]},"properties":{"rawObjectClass":"DEPCNT","VALDCO":8,"depthDatum":"Approximate LAT","depthDatumCode":42,"depthDatumStatus":"VERIFIED_FROM_OFFICIAL_DOCUMENTATION","verticalDatum":"Local Datum","verticalDatumCode":24,"napIdentityStatus":"UNVERIFIED","sourceKind":"official","sourceCellId":"1R75883I","sourceStableId":"1F2B6A4B9FC6763E","sourceChecksum":"7c265c9fd48cb0677b21c9e60c88de7230e0e5b27a4f98bc2d44d93527f2082a","pipelineFeatureId":"1R75883I/DEPCNT/1281233804","provenance":{"cellId":"1R75883I","checksum":"7c265c9fd48cb0677b21c9e60c88de7230e0e5b27a4f98bc2d44d93527f2082a","readerVersion":"GDAL 3.2.2","processedAt":"2026-08-11T13:43:44.753Z"},"sourceProperties":{"RCID":1281233804,"PRIM":2,"GRUP":2,"OBJL":43,"RVER":1,"AGEN":7979,"FIDN":1783340998,"FIDS":30270,"LNAM":"1F2B6A4B9FC6763E","VALDCO":8,"SCAMIN":300000,"sourceCellId":"1R75883I","sourceChecksum":"7c265c9fd48cb0677b21c9e60c88de7230e0e5b27a4f98bc2d44d93527f2082a","rawObjectClass":"DEPCNT","sourceStableId":"1F2B6A4B9FC6763E"}}},{"type":"Feature","geometry":{"type":"LineString","coordinates":[[3.3333333,51.4307781],[3.3333264,51.4307655],[3.3333049,51.4307018],[3.3333333,51.4306351]]},"properties":{"rawObjectClass":"DEPCNT","VALDCO":8,"depthDatum":"Approximate LAT","depthDatumCode":42,"depthDatumStatus":"VERIFIED_FROM_OFFICIAL_DOCUMENTATION","verticalDatum":"Local Datum","verticalDatumCode":24,"napIdentityStatus":"UNVERIFIED","sourceKind":"official","sourceCellId":"1R75883I","sourceStableId":"1F2B6A4B9FC6763F","sourceChecksum":"7c265c9fd48cb0677b21c9e60c88de7230e0e5b27a4f98bc2d44d93527f2082a","pipelineFeatureId":"1R75883I/DEPCNT/1281233805","provenance":{"cellId":"1R75883I","checksum":"7c265c9fd48cb0677b21c9e60c88de7230e0e5b27a4f98bc2d44d93527f2082a","readerVersion":"GDAL 3.2.2","processedAt":"2026-08-11T13:43:44.753Z"},"sourceProperties":{"RCID":1281233805,"PRIM":2,"GRUP":2,"OBJL":43,"RVER":1,"AGEN":7979,"FIDN":1783340998,"FIDS":30271,"LNAM":"1F2B6A4B9FC6763F","VALDCO":8,"SCAMIN":300000,"sourceCellId":"1R75883I","sourceChecksum":"7c265c9fd48cb0677b21c9e60c88de7230e0e5b27a4f98bc2d44d93527f2082a","rawObjectClass":"DEPCNT","sourceStableId":"1F2B6A4B9FC6763F"}}},{"type":"Feature","geometry":{"type":"LineString","coordinates":[[3.3333333,51.4306045],[3.3333308,51.4305892],[3.3332987,51.430522],[3.3333333,51.4304984]]},"properties":{"rawObjectClass":"DEPCNT","VALDCO":8,"depthDatum":"Approximate LAT","depthDatumCode":42,"depthDatumStatus":"VERIFIED_FROM_OFFICIAL_DOCUMENTATION","verticalDatum":"Local Datum","verticalDatumCode":24,"napIdentityStatus":"UNVERIFIED","sourceKind":"official","sourceCellId":"1R75883I","sourceStableId":"1F2B6A4B9FC67640","sourceChecksum":"7c265c9fd48cb0677b21c9e60c88de7230e0e5b27a4f98bc2d44d93527f2082a","pipelineFeatureId":"1R75883I/DEPCNT/1281233806","provenance":{"cellId":"1R75883I","checksum":"7c265c9fd48cb0677b21c9e60c88de7230e0e5b27a4f98bc2d44d93527f2082a","readerVersion":"GDAL 3.2.2","processedAt":"2026-08-11T13:43:44.753Z"},"sourceProperties":{"RCID":1281233806,"PRIM":2,"GRUP":2,"OBJL":43,"RVER":1,"AGEN":7979,"FIDN":1783340998,"FIDS":30272,"LNAM":"1F2B6A4B9FC67640","VALDCO":8,"SCAMIN":300000,"sourceCellId":"1R75883I","sourceChecksum":"7c265c9fd48cb0677b21c9e60c88de7230e0e5b27a4f98bc2d44d93527f2082a","rawObjectClass":"DEPCNT","sourceStableId":"1F2B6A4B9FC67640"}}},{"type":"Feature","geometry":{"type":"LineString","coordinates":[[3.3328974,51.425],[3.3328948,51.4250005],[3.332857,51.4250382],[3.3327517,51.4250986],[3.3326554,51.4251287],[3.3326082,51.4251485],[3.3325076,51.425219],[3.3324651,51.4252384],[3.3323867,51.4253093],[3.3323222,51.4253768],[3.3322939,51.4253994],[3.3322137,51.4254679],[3.3321865,51.4254897],[3.3321793,51.4254993],[3.3321223,51.4255798],[3.3320366,51.4256633],[3.3320286,51.4256699],[3.3319698,51.4257121],[3.3319046,51.4257602],[3.3318936,51.4257765],[3.3318231,51.4258504],[3.3317506,51.4258919],[3.3316089,51.4259398],[3.3316071,51.4259404],[3.3316062,51.4259403],[3.3314633,51.4259332],[3.3313309,51.4258593],[3.3313189,51.4258533],[3.3313174,51.4258518],[3.3313172,51.4258508],[3.3312734,51.425762],[3.3312618,51.4257269],[3.3312623,51.4256721],[3.3312619,51.4256375],[3.3312435,51.4255823],[3.3312498,51.4255405],[3.3312223,51.4254924],[3.3312787,51.4254255],[3.3312829,51.4254023],[3.3312828,51.4253819],[3.3312805,51.4253124],[3.3313129,51.4252232],[3.3313143,51.4252194],[3.3313331,51.4251324],[3.3313689,51.4250976],[3.3314082,51.4250423],[3.3314517,51.425]]},"properties":{"rawObjectClass":"DEPCNT","VALDCO":7.5,"depthDatum":"Approximate LAT","depthDatumCode":42,"depthDatumStatus":"VERIFIED_FROM_OFFICIAL_DOCUMENTATION","verticalDatum":"Local Datum","verticalDatumCode":24,"napIdentityStatus":"UNVERIFIED","sourceKind":"official","sourceCellId":"1R75883I","sourceStableId":"1F2B6A4B9FC67641","sourceChecksum":"7c265c9fd48cb0677b21c9e60c88de7230e0e5b27a4f98bc2d44d93527f2082a","pipelineFeatureId":"1R75883I/DEPCNT/1281233807","provenance":{"cellId":"1R75883I","checksum":"7c265c9fd48cb0677b21c9e60c88de7230e0e5b27a4f98bc2d44d93527f2082a","readerVersion":"GDAL 3.2.2","processedAt":"2026-08-11T13:43:44.753Z"},"sourceProperties":{"RCID":1281233807,"PRIM":2,"GRUP":2,"OBJL":43,"RVER":1,"AGEN":7979,"FIDN":1783340998,"FIDS":30273,"LNAM":"1F2B6A4B9FC67641","VALDCO":7.5,"SCAMIN":15000,"sourceCellId":"1R75883I","sourceChecksum":"7c265c9fd48cb0677b21c9e60c88de7230e0e5b27a4f98bc2d44d93527f2082a","rawObjectClass":"DEPCNT","sourceStableId":"1F2B6A4B9FC67641"}}},{"type":"Feature","geometry":{"type":"LineString","coordinates":[[3.3305733,51.425],[3.3304936,51.4250449],[3.3304503,51.4250832],[3.3303841,51.4251351],[3.3303071,51.4251716],[3.3301933,51.4252255],[3.3301638,51.4252508],[3.3301103,51.4253157],[3.3300209,51.4253784],[3.3299652,51.425406],[3.3299018,51.4254811],[3.3298898,51.4254961],[3.3298781,51.4255165],[3.3298405,51.4255862],[3.3297851,51.4256451],[3.3297589,51.4256764],[3.3297356,51.4257036],[3.329678,51.4257665],[3.3295927,51.4258246],[3.329541,51.4258568],[3.3294557,51.4259432],[3.3294538,51.425947],[3.3294498,51.4259543],[3.3294416,51.4259521],[3.3293062,51.4259998],[3.3291884,51.4260215],[3.3291625,51.4260178],[3.3291012,51.4260379],[3.329019,51.4260553],[3.3289407,51.4260383],[3.3288749,51.4260275],[3.3287736,51.4259489],[3.3287303,51.4259195],[3.3286566,51.4258593],[3.3285857,51.425806],[3.328537,51.4257697],[3.3284854,51.4257076],[3.3284738,51.42568],[3.3284408,51.4256531],[3.3283811,51.4255903],[3.3282961,51.4255312],[3.3282046,51.4255009],[3.3282043,51.4254439],[3.3282037,51.425411],[3.328285,51.4253268],[3.3282915,51.4253208],[3.3281501,51.4252337],[3.3281453,51.4252343],[3.3281256,51.4252313],[3.328006,51.4251963],[3.3279607,51.4251419],[3.3278616,51.4251113],[3.3277629,51.4251424],[3.3277745,51.4251776],[3.327772,51.4252323],[3.3278628,51.4252872],[3.3279493,51.4252676],[3.3278922,51.4253219],[3.3280075,51.4254092],[3.328017,51.4254115],[3.3280171,51.4254174],[3.3280076,51.4254143],[3.3280016,51.4254115],[3.3278632,51.4253485],[3.3277808,51.4254121],[3.3277201,51.4254445],[3.3276167,51.4254126],[3.3276162,51.4253874],[3.3276751,51.4253225],[3.3276162,51.4252586],[3.327637,51.4252327],[3.3275746,51.4252067],[3.3274534,51.4252332],[3.327431,51.4252381],[3.3274062,51.4252489],[3.3272875,51.4252876],[3.3272319,51.4252685],[3.3271436,51.4252838],[3.3270551,51.425269],[3.3269996,51.4252517],[3.3269573,51.4252346],[3.3268552,51.425173],[3.3268113,51.4251451],[3.3267109,51.4251088],[3.3266088,51.4250557],[3.3265663,51.4250032],[3.3265515,51.425]]},"properties":{"rawObjectClass":"DEPCNT","VALDCO":7.5,"depthDatum":"Approximate LAT","depthDatumCode":42,"depthDatumStatus":"VERIFIED_FROM_OFFICIAL_DOCUMENTATION","verticalDatum":"Local Datum","verticalDatumCode":24,"napIdentityStatus":"UNVERIFIED","sourceKind":"official","sourceCellId":"1R75883I","sourceStableId":"1F2B6A4B9FC67642","sourceChecksum":"7c265c9fd48cb0677b21c9e60c88de7230e0e5b27a4f98bc2d44d93527f2082a","pipelineFeatureId":"1R75883I/DEPCNT/1281233808","provenance":{"cellId":"1R75883I","checksum":"7c265c9fd48cb0677b21c9e60c88de7230e0e5b27a4f98bc2d44d93527f2082a","readerVersion":"GDAL 3.2.2","processedAt":"2026-08-11T13:43:44.753Z"},"sourceProperties":{"RCID":1281233808,"PRIM":2,"GRUP":2,"OBJL":43,"RVER":1,"AGEN":7979,"FIDN":1783340998,"FIDS":30274,"LNAM":"1F2B6A4B9FC67642","VALDCO":7.5,"SCAMIN":15000,"sourceCellId":"1R75883I","sourceChecksum":"7c265c9fd48cb0677b21c9e60c88de7230e0e5b27a4f98bc2d44d93527f2082a","rawObjectClass":"DEPCNT","sourceStableId":"1F2B6A4B9FC67642"}}},{"type":"Feature","geometry":{"type":"LineString","coordinates":[[3.3118699,51.4285652],[3.3119198,51.4285498],[3.3119987,51.4285618],[3.3120635,51.4285422],[3.3120973,51.4285122],[3.3121219,51.4284754],[3.3121418,51.4284221],[3.3122063,51.4283856],[3.3122895,51.4283318],[3.3122906,51.428295],[3.3122772,51.428242],[3.3122588,51.4281858],[3.3122661,51.4281521],[3.3122654,51.428114],[3.3122812,51.4280621],[3.3122804,51.4280607]]},"properties":{"rawObjectClass":"DEPCNT","VALDCO":7,"depthDatum":"Approximate LAT","depthDatumCode":42,"depthDatumStatus":"VERIFIED_FROM_OFFICIAL_DOCUMENTATION","verticalDatum":"Local Datum","verticalDatumCode":24,"napIdentityStatus":"UNVERIFIED","sourceKind":"official","sourceCellId":"1R75883I","sourceStableId":"1F2B6A4B9FC67643","sourceChecksum":"7c265c9fd48cb0677b21c9e60c88de7230e0e5b27a4f98bc2d44d93527f2082a","pipelineFeatureId":"1R75883I/DEPCNT/1281233809","provenance":{"cellId":"1R75883I","checksum":"7c265c9fd48cb0677b21c9e60c88de7230e0e5b27a4f98bc2d44d93527f2082a","readerVersion":"GDAL 3.2.2","processedAt":"2026-08-11T13:43:44.753Z"},"sourceProperties":{"RCID":1281233809,"PRIM":2,"GRUP":2,"OBJL":43,"RVER":1,"AGEN":7979,"FIDN":1783340998,"FIDS":30275,"LNAM":"1F2B6A4B9FC67643","VALDCO":7,"SCAMIN":15000,"sourceCellId":"1R75883I","sourceChecksum":"7c265c9fd48cb0677b21c9e60c88de7230e0e5b27a4f98bc2d44d93527f2082a","rawObjectClass":"DEPCNT","sourceStableId":"1F2B6A4B9FC67643"}}},{"type":"Feature","geometry":{"type":"LineString","coordinates":[[3.3123722,51.4279478],[3.3124793,51.4279643],[3.3124911,51.4279652],[3.3125043,51.4279716],[3.3125397,51.4280314],[3.3125223,51.4280615],[3.3124921,51.4281138],[3.3124446,51.4281516],[3.3124926,51.4281845],[3.3125297,51.4282413],[3.3126373,51.4283081],[3.3126876,51.4283308],[3.3126803,51.4283575],[3.3127093,51.4284206],[3.3126929,51.4284766],[3.3126858,51.4285106],[3.3126389,51.4285357],[3.3125607,51.4286009],[3.3126397,51.4286615],[3.3127019,51.4286904],[3.3126646,51.4287653],[3.3126731,51.4287804],[3.3126407,51.4288073],[3.312593,51.4288105],[3.3124971,51.4288437],[3.3124205,51.4287811],[3.3123695,51.428702],[3.312371,51.4286913],[3.3123522,51.428683],[3.31233,51.4286776],[3.3122081,51.4286507],[3.3121163,51.4286595],[3.3120643,51.4286545],[3.3120274,51.4286922],[3.3120647,51.4287129],[3.3120963,51.4287118],[3.3122086,51.4287182],[3.3122992,51.4287814],[3.3123213,51.4288512],[3.3123197,51.4288713],[3.3123536,51.4288923],[3.312417,51.4289105],[3.3124976,51.4289105],[3.31259,51.4289605],[3.3124984,51.4290231],[3.3124773,51.4290507],[3.3123552,51.429131],[3.3123108,51.429141],[3.3122118,51.429184],[3.3120855,51.4291528],[3.3120678,51.4291658],[3.3120079,51.4292318],[3.3120685,51.4292699],[3.3121234,51.4293214],[3.3120903,51.4293983],[3.312094,51.4294114],[3.3120696,51.4294325],[3.3120072,51.4295015],[3.3120702,51.4295247],[3.3121988,51.4295811],[3.3122145,51.4295823],[3.3122413,51.429574],[3.3122652,51.4295908],[3.3123587,51.4296322],[3.3123787,51.4295905],[3.312392,51.4295693],[3.3124181,51.4295004],[3.3123574,51.4294505],[3.3123253,51.4294108],[3.3123569,51.4293703],[3.3124094,51.4293206],[3.312446,51.4292867],[3.3124017,51.4292307],[3.3123861,51.42916],[3.3123701,51.4291409],[3.3124986,51.429063],[3.312609,51.4291403],[3.3125824,51.4291784],[3.312574,51.4292303],[3.3126402,51.4293175],[3.3126308,51.42932],[3.3126443,51.4293247],[3.3127128,51.4294097],[3.3126453,51.4294768],[3.3125822,51.4295],[3.3126456,51.4295266],[3.3127492,51.4295641],[3.3127898,51.4295755],[3.3128533,51.4295494],[3.3129334,51.429538],[3.3129843,51.4294989],[3.3129975,51.4294585],[3.3130364,51.4294089],[3.3130108,51.4293681],[3.3130759,51.4293439],[3.3130999,51.4293338],[3.3132198,51.4293559],[3.3133168,51.4294081],[3.3133642,51.4294339],[3.3134668,51.4294077],[3.3134663,51.4293818],[3.3135078,51.429397],[3.3135209,51.4294076],[3.3135317,51.4294224],[3.3135668,51.4294974],[3.3135752,51.4295389],[3.3135948,51.4295872],[3.3136532,51.4296237],[3.3137219,51.4296298],[3.3137972,51.4296516],[3.3138703,51.4296306],[3.3138221,51.4296765],[3.3137977,51.4297227],[3.3137439,51.4297667],[3.3137171,51.4298175],[3.3137025,51.4298567],[3.3137989,51.4298908],[3.313869,51.4299],[3.3139428,51.429904],[3.3140612,51.4299296],[3.3140868,51.4299247],[3.3141527,51.4298555],[3.3142212,51.4297706],[3.3140858,51.4297737],[3.3140798,51.4297658],[3.3140857,51.4297613],[3.3142249,51.4297625],[3.3141264,51.4296757],[3.3141099,51.4296017],[3.314108,51.4295858],[3.3142279,51.4295197],[3.3142771,51.4294955],[3.3143713,51.4294554],[3.3144731,51.4294312],[3.3145151,51.4294484],[3.3145456,51.4294947],[3.3145535,51.4295184],[3.3145359,51.4295847],[3.3145161,51.4296007],[3.3144672,51.4296748],[3.3144482,51.4297178],[3.3144482,51.4297648],[3.3144513,51.4298132],[3.3144727,51.4298546],[3.3143775,51.429943],[3.3143843,51.4299448],[3.3145189,51.4300031],[3.314594,51.4299871],[3.3146625,51.4299729],[3.3147333,51.429988],[3.3148062,51.4299472],[3.3148461,51.4300335],[3.3149509,51.4300692],[3.3150266,51.4300803],[3.3150947,51.430061],[3.3151771,51.4300326],[3.3152382,51.4300192],[3.3152666,51.4300323],[3.3152801,51.4300964],[3.3152624,51.4301223],[3.3152678,51.4301402],[3.3152835,51.4302121],[3.3152868,51.4302415],[3.3152872,51.430302],[3.3153357,51.4303613],[3.3153584,51.4303918],[3.3153848,51.4304189],[3.3154723,51.4304814],[3.3154728,51.4305167],[3.3154577,51.4305713],[3.3155299,51.4306043],[3.3156314,51.4305709],[3.3156733,51.4305358],[3.3157626,51.4304806],[3.3158165,51.4304404],[3.3158443,51.4303904],[3.3159596,51.430331],[3.316067,51.4303898],[3.3161043,51.4304595],[3.3161977,51.4303895],[3.3162475,51.4303632],[3.3163675,51.4302991],[3.3163909,51.4302918],[3.3164034,51.430299],[3.3164224,51.4303695],[3.3164128,51.4303889],[3.3165267,51.4304727],[3.3163918,51.4304209],[3.3163113,51.4304791],[3.3163927,51.4305554],[3.3165106,51.4304945],[3.3165361,51.4304874],[3.3165681,51.4305683],[3.3165368,51.4305909],[3.3164545,51.4306586],[3.3165376,51.4307111],[3.3166317,51.4307169],[3.3166816,51.4307284],[3.3167218,51.4307226],[3.3168254,51.4307298],[3.316857,51.4307276],[3.3169692,51.4307193],[3.3170963,51.4307362],[3.3171132,51.4307373],[3.3171433,51.4307466],[3.3172576,51.4308191],[3.3173675,51.4308359],[3.3173844,51.4308467],[3.3174016,51.4308392],[3.3174098,51.4308409],[3.3175458,51.4308943],[3.3176133,51.4308829],[3.3176894,51.4308524],[3.317796,51.4309247],[3.3177208,51.4309958],[3.317732,51.4310148],[3.3178346,51.4310526],[3.317954,51.4311041],[3.3179731,51.43119],[3.317976,51.4311939],[3.3179795,51.4312018],[3.3179918,51.4311939],[3.3181227,51.4311094],[3.3181299,51.4311081],[3.3182667,51.4311257],[3.3183561,51.431103],[3.3184103,51.4310919],[3.318437,51.4311028],[3.3185547,51.4311768],[3.3185797,51.4311923],[3.3185788,51.4312072],[3.3186645,51.431282],[3.3186995,51.4313095],[3.3187978,51.4313429],[3.3188434,51.4313206],[3.3189218,51.4313712],[3.3189877,51.4313844],[3.3191321,51.431463],[3.319138,51.4314605],[3.3191321,51.4314549],[3.3190266,51.4313709],[3.3190017,51.4312902],[3.3191313,51.4313473],[3.3192662,51.4312804],[3.3192747,51.4312751],[3.3192878,51.4312721],[3.3192986,51.4312803],[3.3193238,51.4313108],[3.3193821,51.43137],[3.3194194,51.431409],[3.3195142,51.4313696],[3.3195629,51.431355],[3.3196582,51.4313692],[3.3197071,51.4313994],[3.3197309,51.4314443],[3.3197231,51.431459],[3.3197076,51.4314736],[3.3196279,51.4315491],[3.3197084,51.4315922],[3.3198322,51.4316258],[3.3198525,51.4316258],[3.3198689,51.4316384],[3.3199968,51.431693],[3.3201264,51.4317276],[3.3201297,51.4317347],[3.3201029,51.4318176],[3.3201417,51.4318414],[3.3202052,51.4318569],[3.3202417,51.4318172],[3.3201911,51.4317587],[3.3202853,51.4318043],[3.3203063,51.431817],[3.3204296,51.4318605],[3.3205329,51.4318417],[3.3205733,51.4318477],[3.3207009,51.4319059],[3.3207176,51.4319109],[3.3208527,51.4319954],[3.3208621,51.4320043],[3.3208763,51.4319953],[3.3210056,51.4319483],[3.3211033,51.4319048],[3.3211486,51.4318337],[3.3212655,51.4319043],[3.3212932,51.4319414],[3.3213722,51.4319446],[3.3214369,51.4319136],[3.3215003,51.4319432],[3.3215812,51.4319809],[3.3215925,51.4319934],[3.3217257,51.4320761],[3.3218011,51.4320827],[3.3218466,51.4320971],[3.321786,51.4321727],[3.3217863,51.4322099],[3.3218322,51.4322624],[3.3218711,51.4322973],[3.3220059,51.4322675],[3.3220148,51.4322657],[3.3220414,51.4322784],[3.322028,51.4322619],[3.3220838,51.4322152],[3.3221584,51.4322384],[3.3222054,51.4322614],[3.3223028,51.4323127],[3.3224173,51.4323508],[3.3223951,51.4323834],[3.3223552,51.4324408],[3.322448,51.4325079],[3.3224848,51.4325304],[3.3225576,51.4325983],[3.3225746,51.4326201],[3.3224494,51.4326997],[3.322377,51.4326206],[3.3224041,51.4325583],[3.3223945,51.4325307],[3.322304,51.4324857],[3.3222328,51.4324857],[3.3221602,51.4324937],[3.3220987,51.4325315],[3.322161,51.4326084],[3.3221771,51.4326212],[3.3222218,51.4326588],[3.322295,51.4327108],[3.3223057,51.4327196],[3.3224382,51.4327175],[3.3224495,51.4327173],[3.322472,51.4327243],[3.3225937,51.4327628],[3.3227105,51.4327995],[3.3227144,51.4328745],[3.3227319,51.4328894],[3.3227385,51.4328935],[3.322763,51.4329046],[3.3228824,51.4329058],[3.3229223,51.4328889],[3.3228821,51.4328653],[3.322777,51.4327994],[3.3228815,51.4327793],[3.3229065,51.432799],[3.323026,51.432874],[3.3230678,51.4328885],[3.3231704,51.4329513],[3.3232393,51.4329348],[3.3233141,51.4329243],[3.3233725,51.4329776],[3.3234589,51.4330584],[3.3234878,51.4330672],[3.3236031,51.4331124],[3.3236754,51.4331566],[3.3237028,51.4332183],[3.3237242,51.4332463],[3.3237234,51.4332618],[3.323748,51.4332518],[3.3237974,51.4332769],[3.3237791,51.4332462],[3.323802,51.4331902],[3.3238916,51.433218],[3.3239423,51.4332457],[3.3239784,51.4332995],[3.3239562,51.4333356],[3.3240365,51.4333602],[3.324163,51.4333458],[3.3241802,51.4333455],[3.3242087,51.4333527],[3.3243243,51.4333811],[3.3244385,51.4333527],[3.3244682,51.4333864],[3.3244899,51.4334106],[3.3244813,51.4334241],[3.3245248,51.433459],[3.3245649,51.4335138],[3.3246134,51.4335706],[3.3246679,51.4336034],[3.3246137,51.4336209],[3.3244967,51.4336938],[3.3246144,51.4337125],[3.3247456,51.433783],[3.3247589,51.4337977],[3.3247701,51.433783],[3.3249022,51.4337224],[3.3250364,51.433776],[3.3250464,51.4337761],[3.325066,51.4337699],[3.3251902,51.4337686],[3.3252048,51.4337818],[3.3253344,51.4338083],[3.3254332,51.4338428],[3.3254785,51.4338423],[3.3255528,51.4337808],[3.3256216,51.4337375],[3.3256647,51.4337805],[3.3257661,51.4338316],[3.3258686,51.4338698],[3.3259106,51.4339197],[3.3259714,51.4339076],[3.3260545,51.4339244],[3.3261388,51.433959],[3.3260793,51.434034],[3.3261012,51.434049],[3.326173,51.4340653],[3.3261993,51.4340598],[3.3262203,51.4340618],[3.3263433,51.4340837],[3.3264705,51.434048],[3.3264869,51.4340402],[3.3265752,51.4339578],[3.32663,51.4339438],[3.3266604,51.4339575],[3.3266305,51.4340098],[3.3265121,51.4340479],[3.3265318,51.4340758],[3.3266095,51.4341375],[3.3266315,51.4341452],[3.326732,51.4341372],[3.326751,51.434122],[3.3267753,51.4341328],[3.3267822,51.434137],[3.3269194,51.4341724],[3.3270156,51.4341964],[3.3270634,51.4341961],[3.3271694,51.434136],[3.3272067,51.4341197],[3.327254,51.4341357],[3.327244,51.4341589],[3.3272636,51.4342256],[3.3273516,51.4342632],[3.3274737,51.434315],[3.3274959,51.4343276],[3.327545,51.4343148],[3.3276395,51.4342819],[3.3276871,51.4343144],[3.3277841,51.4343908],[3.3278799,51.4343138],[3.3279272,51.4342892],[3.3279864,51.4343135],[3.3280719,51.4343977],[3.3280806,51.4344032],[3.3282164,51.4344888],[3.3282496,51.4344718],[3.3283599,51.434437],[3.3284475,51.4344373],[3.3285036,51.4344132],[3.3286305,51.4344916],[3.3286481,51.434513],[3.328683,51.4344914],[3.3287916,51.4344578],[3.3288824,51.4344009],[3.3287909,51.4343588],[3.3286672,51.4343116],[3.3287903,51.4342761],[3.3288376,51.4343111],[3.3289349,51.4343828],[3.3289549,51.4344007],[3.3290796,51.4344894],[3.3290821,51.4344887],[3.3292234,51.4344865],[3.329362,51.4344862],[3.3293673,51.4344871],[3.3293719,51.4344866],[3.3295111,51.434486],[3.3295559,51.434489],[3.3295461,51.4345573],[3.329655,51.4344943],[3.3297094,51.4345224],[3.3297994,51.4345611],[3.3298418,51.4345515],[3.3299429,51.4345083],[3.3299916,51.4344877],[3.3300861,51.4344208],[3.3301928,51.4344204],[3.3302299,51.4344176],[3.3302585,51.4343971],[3.3302818,51.4343643],[3.3303219,51.434307],[3.3303728,51.4342828],[3.3304501,51.4342582],[3.3305164,51.4342409],[3.3305488,51.4342164],[3.3306152,51.434154],[3.3306373,51.4341262],[3.3306593,51.4341162],[3.3306814,51.4341123],[3.330803,51.4340859],[3.3309412,51.4341217],[3.3309471,51.4341211],[3.3309522,51.4341253],[3.3309472,51.4341339],[3.3308991,51.4341851],[3.3309284,51.4342153],[3.330948,51.4342457],[3.330987,51.4342152],[3.3310913,51.4341713],[3.3311911,51.4341247],[3.3312019,51.434055],[3.331198,51.4340347],[3.33109,51.4339923],[3.3310087,51.4339962],[3.3309462,51.433999],[3.3308838,51.4339966],[3.3308023,51.433993],[3.3307316,51.4339461],[3.3307536,51.433916],[3.3307256,51.4338562],[3.330801,51.4338141],[3.3309128,51.4338356],[3.3309449,51.4338189],[3.3310565,51.4337654],[3.3310882,51.4337472],[3.3311339,51.4337366],[3.3312318,51.4337035],[3.331338,51.4336981],[3.3313755,51.4336909],[3.3314084,51.433695],[3.3315195,51.4336994],[3.3316057,51.4337277],[3.3316633,51.4336915],[3.3316792,51.4336737],[3.3318066,51.4336168],[3.3318965,51.4336731],[3.331898,51.4337297],[3.3319109,51.433763],[3.3319516,51.4337773],[3.3319767,51.4337628],[3.3320949,51.433707],[3.3322134,51.4336722],[3.3322381,51.4336045],[3.3323508,51.4336013],[3.3323818,51.4335836],[3.33239,51.4335818],[3.3325252,51.4335301],[3.3325711,51.4334913],[3.3326682,51.43341],[3.3326852,51.4334011],[3.3328117,51.4333596],[3.3329388,51.4333208],[3.3329552,51.4333146],[3.3329797,51.4333103],[3.3330989,51.4332858],[3.3332113,51.43329],[3.3332428,51.4332906],[3.3332807,51.4332857],[3.3333333,51.4332922]]},"properties":{"rawObjectClass":"DEPCNT","VALDCO":7,"depthDatum":"Approximate LAT","depthDatumCode":42,"depthDatumStatus":"VERIFIED_FROM_OFFICIAL_DOCUMENTATION","verticalDatum":"Local Datum","verticalDatumCode":24,"napIdentityStatus":"UNVERIFIED","sourceKind":"official","sourceCellId":"1R75883I","sourceStableId":"1F2B6A4B9FC67644","sourceChecksum":"7c265c9fd48cb0677b21c9e60c88de7230e0e5b27a4f98bc2d44d93527f2082a","pipelineFeatureId":"1R75883I/DEPCNT/1281233810","provenance":{"cellId":"1R75883I","checksum":"7c265c9fd48cb0677b21c9e60c88de7230e0e5b27a4f98bc2d44d93527f2082a","readerVersion":"GDAL 3.2.2","processedAt":"2026-08-11T13:43:44.753Z"},"sourceProperties":{"RCID":1281233810,"PRIM":2,"GRUP":2,"OBJL":43,"RVER":1,"AGEN":7979,"FIDN":1783340998,"FIDS":30276,"LNAM":"1F2B6A4B9FC67644","VALDCO":7,"SCAMIN":15000,"sourceCellId":"1R75883I","sourceChecksum":"7c265c9fd48cb0677b21c9e60c88de7230e0e5b27a4f98bc2d44d93527f2082a","rawObjectClass":"DEPCNT","sourceStableId":"1F2B6A4B9FC67644"}}},{"type":"Feature","geometry":{"type":"LineString","coordinates":[[3.2448593,51.475],[3.2448503,51.4749959],[3.2448415,51.475]]},"properties":{"rawObjectClass":"DEPCNT","VALDCO":7,"depthDatum":"Approximate LAT","depthDatumCode":42,"depthDatumStatus":"VERIFIED_FROM_OFFICIAL_DOCUMENTATION","verticalDatum":"Local Datum","verticalDatumCode":24,"napIdentityStatus":"UNVERIFIED","sourceKind":"official","sourceCellId":"1R75883I","sourceStableId":"1F2B6A4B9FC67645","sourceChecksum":"7c265c9fd48cb0677b21c9e60c88de7230e0e5b27a4f98bc2d44d93527f2082a","pipelineFeatureId":"1R75883I/DEPCNT/1281233811","provenance":{"cellId":"1R75883I","checksum":"7c265c9fd48cb0677b21c9e60c88de7230e0e5b27a4f98bc2d44d93527f2082a","readerVersion":"GDAL 3.2.2","processedAt":"2026-08-11T13:43:44.753Z"},"sourceProperties":{"RCID":1281233811,"PRIM":2,"GRUP":2,"OBJL":43,"RVER":1,"AGEN":7979,"FIDN":1783340998,"FIDS":30277,"LNAM":"1F2B6A4B9FC67645","VALDCO":7,"SCAMIN":15000,"sourceCellId":"1R75883I","sourceChecksum":"7c265c9fd48cb0677b21c9e60c88de7230e0e5b27a4f98bc2d44d93527f2082a","rawObjectClass":"DEPCNT","sourceStableId":"1F2B6A4B9FC67645"}}},{"type":"Feature","geometry":{"type":"LineString","coordinates":[[3.2512676,51.475],[3.2511855,51.4749497],[3.2510617,51.4748768],[3.251041,51.4748575],[3.2509293,51.4747871],[3.2508965,51.4747666],[3.2508303,51.474746],[3.2507523,51.474713],[3.2506697,51.4746978],[3.250608,51.47466],[3.2505491,51.4746612],[3.2505989,51.4746979],[3.2506082,51.474705],[3.2507013,51.4747876],[3.2507529,51.4748248],[3.2508386,51.4748772],[3.2508973,51.4749137],[3.2509964,51.4749668],[3.2510418,51.4749959],[3.2510594,51.475]]},"properties":{"rawObjectClass":"DEPCNT","VALDCO":7,"depthDatum":"Approximate LAT","depthDatumCode":42,"depthDatumStatus":"VERIFIED_FROM_OFFICIAL_DOCUMENTATION","verticalDatum":"Local Datum","verticalDatumCode":24,"napIdentityStatus":"UNVERIFIED","sourceKind":"official","sourceCellId":"1R75883I","sourceStableId":"1F2B6A4B9FC67646","sourceChecksum":"7c265c9fd48cb0677b21c9e60c88de7230e0e5b27a4f98bc2d44d93527f2082a","pipelineFeatureId":"1R75883I/DEPCNT/1281233812","provenance":{"cellId":"1R75883I","checksum":"7c265c9fd48cb0677b21c9e60c88de7230e0e5b27a4f98bc2d44d93527f2082a","readerVersion":"GDAL 3.2.2","processedAt":"2026-08-11T13:43:44.753Z"},"sourceProperties":{"RCID":1281233812,"PRIM":2,"GRUP":2,"OBJL":43,"RVER":1,"AGEN":7979,"FIDN":1783340998,"FIDS":30278,"LNAM":"1F2B6A4B9FC67646","VALDCO":7,"SCAMIN":15000,"sourceCellId":"1R75883I","sourceChecksum":"7c265c9fd48cb0677b21c9e60c88de7230e0e5b27a4f98bc2d44d93527f2082a","rawObjectClass":"DEPCNT","sourceStableId":"1F2B6A4B9FC67646"}}},{"type":"Feature","geometry":{"type":"LineString","coordinates":[[3.2551221,51.4656541],[3.2551655,51.4656873],[3.2551774,51.4656962],[3.25531,51.4657786],[3.2554427,51.4657856],[3.25531,51.4657913],[3.2553001,51.4657859],[3.2551656,51.4657026],[3.2550784,51.4657511],[3.2550221,51.4657831],[3.254926,51.4657867],[3.2548781,51.4657886],[3.2547947,51.4657892]]},"properties":{"rawObjectClass":"DEPCNT","VALDCO":6.5,"depthDatum":"Approximate LAT","depthDatumCode":42,"depthDatumStatus":"VERIFIED_FROM_OFFICIAL_DOCUMENTATION","verticalDatum":"Local Datum","verticalDatumCode":24,"napIdentityStatus":"UNVERIFIED","sourceKind":"official","sourceCellId":"1R75883I","sourceStableId":"1F2B6A4B9FC67647","sourceChecksum":"7c265c9fd48cb0677b21c9e60c88de7230e0e5b27a4f98bc2d44d93527f2082a","pipelineFeatureId":"1R75883I/DEPCNT/1281233813","provenance":{"cellId":"1R75883I","checksum":"7c265c9fd48cb0677b21c9e60c88de7230e0e5b27a4f98bc2d44d93527f2082a","readerVersion":"GDAL 3.2.2","processedAt":"2026-08-11T13:43:44.753Z"},"sourceProperties":{"RCID":1281233813,"PRIM":2,"GRUP":2,"OBJL":43,"RVER":1,"AGEN":7979,"FIDN":1783340998,"FIDS":30279,"LNAM":"1F2B6A4B9FC67647","VALDCO":6.5,"SCAMIN":15000,"sourceCellId":"1R75883I","sourceChecksum":"7c265c9fd48cb0677b21c9e60c88de7230e0e5b27a4f98bc2d44d93527f2082a","rawObjectClass":"DEPCNT","sourceStableId":"1F2B6A4B9FC67647"}}},{"type":"Feature","geometry":{"type":"LineString","coordinates":[[3.2694843,51.4597257],[3.2694914,51.4597296],[3.2695263,51.4597511],[3.2696238,51.4598192],[3.2696512,51.4598966],[3.2696511,51.4599091],[3.2696713,51.4599219],[3.2697798,51.4599987],[3.2698158,51.4600207],[3.2699376,51.4600883],[3.2699602,51.4601023],[3.2701023,51.4601778],[3.2701046,51.4601793],[3.2701198,51.4601873],[3.2702486,51.4601819],[3.2702552,51.4601816],[3.2702485,51.4601755],[3.2701562,51.4600878],[3.2701093,51.4600015],[3.270109,51.459998],[3.2701923,51.4599421],[3.2701035,51.4599917],[3.2699695,51.4599084],[3.2701027,51.4598635],[3.2702407,51.4599038],[3.2702469,51.4599036],[3.2703876,51.4598175],[3.2703642,51.4598013],[3.2702575,51.4597279],[3.2702569,51.4596451],[3.2702485,51.459638],[3.2702453,51.4596353],[3.2701346,51.4595483],[3.2702372,51.4594626],[3.2701006,51.4595039],[3.2700777,51.4594807]]},"properties":{"rawObjectClass":"DEPCNT","VALDCO":6,"depthDatum":"Approximate LAT","depthDatumCode":42,"depthDatumStatus":"VERIFIED_FROM_OFFICIAL_DOCUMENTATION","verticalDatum":"Local Datum","verticalDatumCode":24,"napIdentityStatus":"UNVERIFIED","sourceKind":"official","sourceCellId":"1R75883I","sourceStableId":"1F2B6A4B9FC67648","sourceChecksum":"7c265c9fd48cb0677b21c9e60c88de7230e0e5b27a4f98bc2d44d93527f2082a","pipelineFeatureId":"1R75883I/DEPCNT/1281233814","provenance":{"cellId":"1R75883I","checksum":"7c265c9fd48cb0677b21c9e60c88de7230e0e5b27a4f98bc2d44d93527f2082a","readerVersion":"GDAL 3.2.2","processedAt":"2026-08-11T13:43:44.753Z"},"sourceProperties":{"RCID":1281233814,"PRIM":2,"GRUP":2,"OBJL":43,"RVER":1,"AGEN":7979,"FIDN":1783340998,"FIDS":30280,"LNAM":"1F2B6A4B9FC67648","VALDCO":6,"SCAMIN":15000,"sourceCellId":"1R75883I","sourceChecksum":"7c265c9fd48cb0677b21c9e60c88de7230e0e5b27a4f98bc2d44d93527f2082a","rawObjectClass":"DEPCNT","sourceStableId":"1F2B6A4B9FC67648"}}},{"type":"Feature","geometry":{"type":"LineString","coordinates":[[3.2701805,51.4594383],[3.270238,51.4594542],[3.2702443,51.4594561],[3.2703354,51.4593744]]},"properties":{"rawObjectClass":"DEPCNT","VALDCO":6,"depthDatum":"Approximate LAT","depthDatumCode":42,"depthDatumStatus":"VERIFIED_FROM_OFFICIAL_DOCUMENTATION","verticalDatum":"Local Datum","verticalDatumCode":24,"napIdentityStatus":"UNVERIFIED","sourceKind":"official","sourceCellId":"1R75883I","sourceStableId":"1F2B6A4B9FC67649","sourceChecksum":"7c265c9fd48cb0677b21c9e60c88de7230e0e5b27a4f98bc2d44d93527f2082a","pipelineFeatureId":"1R75883I/DEPCNT/1281233815","provenance":{"cellId":"1R75883I","checksum":"7c265c9fd48cb0677b21c9e60c88de7230e0e5b27a4f98bc2d44d93527f2082a","readerVersion":"GDAL 3.2.2","processedAt":"2026-08-11T13:43:44.753Z"},"sourceProperties":{"RCID":1281233815,"PRIM":2,"GRUP":2,"OBJL":43,"RVER":1,"AGEN":7979,"FIDN":1783340998,"FIDS":30281,"LNAM":"1F2B6A4B9FC67649","VALDCO":6,"SCAMIN":15000,"sourceCellId":"1R75883I","sourceChecksum":"7c265c9fd48cb0677b21c9e60c88de7230e0e5b27a4f98bc2d44d93527f2082a","rawObjectClass":"DEPCNT","sourceStableId":"1F2B6A4B9FC67649"}}},{"type":"Feature","geometry":{"type":"LineString","coordinates":[[3.3149971,51.475],[3.3149769,51.4749923],[3.3149721,51.4749901],[3.3149647,51.4749877],[3.3149595,51.4749923],[3.3149626,51.4749983],[3.3149615,51.475]]},"properties":{"rawObjectClass":"DEPCNT","VALDCO":4.5,"depthDatum":"Approximate LAT","depthDatumCode":42,"depthDatumStatus":"VERIFIED_FROM_OFFICIAL_DOCUMENTATION","verticalDatum":"Local Datum","verticalDatumCode":24,"napIdentityStatus":"UNVERIFIED","sourceKind":"official","sourceCellId":"1R75883I","sourceStableId":"1F2B6A4B9FC6764A","sourceChecksum":"7c265c9fd48cb0677b21c9e60c88de7230e0e5b27a4f98bc2d44d93527f2082a","pipelineFeatureId":"1R75883I/DEPCNT/1281233816","provenance":{"cellId":"1R75883I","checksum":"7c265c9fd48cb0677b21c9e60c88de7230e0e5b27a4f98bc2d44d93527f2082a","readerVersion":"GDAL 3.2.2","processedAt":"2026-08-11T13:43:44.753Z"},"sourceProperties":{"RCID":1281233816,"PRIM":2,"GRUP":2,"OBJL":43,"RVER":1,"AGEN":7979,"FIDN":1783340998,"FIDS":30282,"LNAM":"1F2B6A4B9FC6764A","VALDCO":4.5,"SCAMIN":15000,"sourceCellId":"1R75883I","sourceChecksum":"7c265c9fd48cb0677b21c9e60c88de7230e0e5b27a4f98bc2d44d93527f2082a","rawObjectClass":"DEPCNT","sourceStableId":"1F2B6A4B9FC6764A"}}},{"type":"Feature","geometry":{"type":"LineString","coordinates":[[3.321943,51.475],[3.3218885,51.4749735],[3.3218834,51.4749716],[3.3218784,51.4749704],[3.3218304,51.4749737],[3.3217396,51.4749941],[3.3217116,51.475]]},"properties":{"rawObjectClass":"DEPCNT","VALDCO":4.5,"depthDatum":"Approximate LAT","depthDatumCode":42,"depthDatumStatus":"VERIFIED_FROM_OFFICIAL_DOCUMENTATION","verticalDatum":"Local Datum","verticalDatumCode":24,"napIdentityStatus":"UNVERIFIED","sourceKind":"official","sourceCellId":"1R75883I","sourceStableId":"1F2B6A4B9FC6764B","sourceChecksum":"7c265c9fd48cb0677b21c9e60c88de7230e0e5b27a4f98bc2d44d93527f2082a","pipelineFeatureId":"1R75883I/DEPCNT/1281233817","provenance":{"cellId":"1R75883I","checksum":"7c265c9fd48cb0677b21c9e60c88de7230e0e5b27a4f98bc2d44d93527f2082a","readerVersion":"GDAL 3.2.2","processedAt":"2026-08-11T13:43:44.753Z"},"sourceProperties":{"RCID":1281233817,"PRIM":2,"GRUP":2,"OBJL":43,"RVER":1,"AGEN":7979,"FIDN":1783340998,"FIDS":30283,"LNAM":"1F2B6A4B9FC6764B","VALDCO":4.5,"SCAMIN":15000,"sourceCellId":"1R75883I","sourceChecksum":"7c265c9fd48cb0677b21c9e60c88de7230e0e5b27a4f98bc2d44d93527f2082a","rawObjectClass":"DEPCNT","sourceStableId":"1F2B6A4B9FC6764B"}}},{"type":"Feature","geometry":{"type":"LineString","coordinates":[[3.3216121,51.475],[3.3215956,51.4749956],[3.3215699,51.475]]},"properties":{"rawObjectClass":"DEPCNT","VALDCO":4.5,"depthDatum":"Approximate LAT","depthDatumCode":42,"depthDatumStatus":"VERIFIED_FROM_OFFICIAL_DOCUMENTATION","verticalDatum":"Local Datum","verticalDatumCode":24,"napIdentityStatus":"UNVERIFIED","sourceKind":"official","sourceCellId":"1R75883I","sourceStableId":"1F2B6A4B9FC6764C","sourceChecksum":"7c265c9fd48cb0677b21c9e60c88de7230e0e5b27a4f98bc2d44d93527f2082a","pipelineFeatureId":"1R75883I/DEPCNT/1281233818","provenance":{"cellId":"1R75883I","checksum":"7c265c9fd48cb0677b21c9e60c88de7230e0e5b27a4f98bc2d44d93527f2082a","readerVersion":"GDAL 3.2.2","processedAt":"2026-08-11T13:43:44.753Z"},"sourceProperties":{"RCID":1281233818,"PRIM":2,"GRUP":2,"OBJL":43,"RVER":1,"AGEN":7979,"FIDN":1783340998,"FIDS":30284,"LNAM":"1F2B6A4B9FC6764C","VALDCO":4.5,"SCAMIN":15000,"sourceCellId":"1R75883I","sourceChecksum":"7c265c9fd48cb0677b21c9e60c88de7230e0e5b27a4f98bc2d44d93527f2082a","rawObjectClass":"DEPCNT","sourceStableId":"1F2B6A4B9FC6764C"}}},{"type":"Feature","geometry":{"type":"LineString","coordinates":[[3.3209422,51.475],[3.3209004,51.4749916],[3.3208757,51.4749961],[3.3208695,51.475]]},"properties":{"rawObjectClass":"DEPCNT","VALDCO":4.5,"depthDatum":"Approximate LAT","depthDatumCode":42,"depthDatumStatus":"VERIFIED_FROM_OFFICIAL_DOCUMENTATION","verticalDatum":"Local Datum","verticalDatumCode":24,"napIdentityStatus":"UNVERIFIED","sourceKind":"official","sourceCellId":"1R75883I","sourceStableId":"1F2B6A4B9FC6764D","sourceChecksum":"7c265c9fd48cb0677b21c9e60c88de7230e0e5b27a4f98bc2d44d93527f2082a","pipelineFeatureId":"1R75883I/DEPCNT/1281233819","provenance":{"cellId":"1R75883I","checksum":"7c265c9fd48cb0677b21c9e60c88de7230e0e5b27a4f98bc2d44d93527f2082a","readerVersion":"GDAL 3.2.2","processedAt":"2026-08-11T13:43:44.753Z"},"sourceProperties":{"RCID":1281233819,"PRIM":2,"GRUP":2,"OBJL":43,"RVER":1,"AGEN":7979,"FIDN":1783340998,"FIDS":30285,"LNAM":"1F2B6A4B9FC6764D","VALDCO":4.5,"SCAMIN":15000,"sourceCellId":"1R75883I","sourceChecksum":"7c265c9fd48cb0677b21c9e60c88de7230e0e5b27a4f98bc2d44d93527f2082a","rawObjectClass":"DEPCNT","sourceStableId":"1F2B6A4B9FC6764D"}}},{"type":"Feature","geometry":{"type":"LineString","coordinates":[[3.3037035,51.4385809],[3.3037518,51.438605],[3.3037876,51.4386227],[3.3039285,51.4386045],[3.3039298,51.4386035],[3.3039313,51.4386039],[3.3039324,51.4386045],[3.3040754,51.4386334],[3.3041458,51.4386479],[3.3042194,51.438648],[3.3043585,51.4386902],[3.3043635,51.4386903],[3.3043674,51.4386933],[3.3045076,51.438718],[3.3045635,51.4387277],[3.3046515,51.4387219],[3.3047356,51.4387448],[3.3047955,51.4387363],[3.3048703,51.4387819],[3.3049397,51.4387965],[3.3049678,51.4387992],[3.3050837,51.4388051],[3.305144,51.4388189],[3.3052276,51.4388112],[3.3053667,51.4388673],[3.3053718,51.438864],[3.3055011,51.4388611],[3.3055157,51.4388669],[3.3055292,51.4388701],[3.3056597,51.4388833],[3.3057093,51.4389006],[3.3058035,51.4388716],[3.3058671,51.4389089],[3.3059479,51.4389537],[3.3060809,51.4389518],[3.3060918,51.4389562],[3.3061991,51.4389355],[3.3062356,51.438945],[3.306371,51.4389578],[3.3063796,51.4389607],[3.3063879,51.438963],[3.3065238,51.4390164],[3.3066212,51.4390181],[3.3066678,51.4390295],[3.3067892,51.4390326],[3.3068117,51.439037],[3.3068613,51.4390465],[3.3069559,51.4390789],[3.3070252,51.4390893],[3.3070999,51.4391082],[3.3072029,51.4391099],[3.3072439,51.4391176],[3.3073318,51.4391352],[3.307388,51.4391552],[3.3074338,51.4391635],[3.3075321,51.4391899],[3.3076455,51.4392052],[3.3076761,51.4392118],[3.307731,51.439224],[3.3078202,51.4392478],[3.3078852,51.4392642],[3.3079643,51.439277],[3.3080656,51.4393131],[3.3081085,51.4393217],[3.3081282,51.4393252],[3.3082525,51.4393384],[3.3083033,51.4393442],[3.3083965,51.439361],[3.3084878,51.439312],[3.3085399,51.4392877],[3.3086828,51.4393108],[3.3086839,51.4393109],[3.3086869,51.4393114],[3.3088281,51.43936],[3.3088688,51.4394009],[3.3089727,51.4394672],[3.3090422,51.4394903],[3.309117,51.4395287],[3.3092032,51.4395437],[3.309261,51.4395454],[3.3093416,51.4395795],[3.3094052,51.4395932],[3.3094529,51.4396089],[3.3094716,51.4395791],[3.3095489,51.4395685],[3.3095699,51.4395657],[3.3096928,51.4395673],[3.3098004,51.4395783],[3.3098368,51.4395836],[3.3098944,51.4396139],[3.3098594,51.4395781],[3.3099805,51.4395573],[3.3100542,51.4395776],[3.3101247,51.4396108],[3.3102027,51.4396259],[3.3102689,51.439654],[3.3102951,51.4396505],[3.3104128,51.4396644],[3.3104345,51.4396665],[3.3105468,51.4397496],[3.3105568,51.4397561],[3.3105573,51.4397563],[3.3105576,51.4397563],[3.3107013,51.439773],[3.3107984,51.4398454],[3.3108459,51.4398757],[3.3109309,51.439845],[3.3109893,51.4398075],[3.3110626,51.4398447],[3.3111336,51.4398731],[3.311251,51.4399174],[3.3112779,51.43993],[3.3112863,51.4399287],[3.3114218,51.4399309],[3.311428,51.4399336],[3.3114438,51.4399473],[3.311519,51.4400233],[3.3115664,51.4400385],[3.3116178,51.4400551],[3.3117105,51.4400799],[3.311794,51.4401125],[3.3118548,51.4401365],[3.3119592,51.4401121],[3.3119984,51.4401029],[3.3120236,51.4401119],[3.3121428,51.4401668],[3.3122303,51.4401661],[3.3122867,51.4401785],[3.3123597,51.4402009],[3.312431,51.4402333],[3.3125543,51.4402903],[3.3125753,51.440297],[3.3125843,51.4402959],[3.3127193,51.4403142],[3.3128362,51.4402896],[3.3128629,51.4402832],[3.3129413,51.4402893],[3.3130069,51.4402952],[3.3130184,51.4402962],[3.313151,51.4403236],[3.3132626,51.4403085],[3.3132947,51.4403081],[3.3133687,51.4403343],[3.3134389,51.4403507],[3.3135668,51.4403675],[3.3135829,51.4403726],[3.3136447,51.4403773],[3.3137154,51.4403843],[3.3137269,51.4403827],[3.3137471,51.4403897],[3.3138711,51.4404271],[3.3139427,51.4404213],[3.314015,51.4404292],[3.3141432,51.4404659],[3.3141592,51.4404743],[3.3141753,51.4404759],[3.3143033,51.4405055],[3.3143605,51.4405011],[3.3144472,51.4405103],[3.3145197,51.4405102],[3.3145911,51.4405139],[3.3146961,51.44053],[3.314735,51.440527],[3.3147789,51.4405267],[3.3148789,51.4405267],[3.3149976,51.4405535],[3.3150231,51.440565],[3.3150617,51.4405775],[3.3151673,51.4406109],[3.3152656,51.4405811],[3.3153109,51.440579],[3.3153408,51.4405713],[3.3154549,51.4405983],[3.3155683,51.4406419],[3.3155991,51.4406472],[3.3156085,51.4406476],[3.315743,51.4406458],[3.3157533,51.4406478],[3.315887,51.4406674],[3.3159245,51.4406644],[3.316031,51.4406748],[3.3160967,51.4406815],[3.3161749,51.4406811],[3.3163046,51.4407298],[3.3163192,51.4407359],[3.3163616,51.4407297],[3.3164629,51.4407109],[3.3164932,51.4407104],[3.3166067,51.4407101],[3.3167397,51.4407218],[3.3167507,51.4407236],[3.316887,51.4407235],[3.3168946,51.4407245],[3.3170318,51.4407237],[3.3170385,51.440724],[3.317048,51.4407219],[3.3170979,51.4407277],[3.3171824,51.4407373],[3.3172144,51.4407473],[3.3173267,51.4407869],[3.3173758,51.4407862],[3.3174704,51.4407725],[3.3175977,51.4408163],[3.3176147,51.4408214],[3.3176239,51.440822],[3.3177585,51.4408213],[3.3177686,51.4408221],[3.3179025,51.440832],[3.3179805,51.4408152],[3.3180461,51.4407944],[3.3180865,51.4407897],[3.3181901,51.440806],[3.3182178,51.4408146],[3.3183341,51.4408272],[3.3184702,51.4408187],[3.3184779,51.4408188],[3.3184866,51.4408192],[3.318622,51.4408409],[3.3187434,51.4408271],[3.3187657,51.4408258],[3.3188226,51.4408129],[3.3189093,51.4407863],[3.3189948,51.4408125],[3.3190535,51.4408328],[3.319087,51.4408331],[3.3191976,51.440862],[3.3193031,51.4408775],[3.3193416,51.4408797],[3.3194115,51.4408575],[3.3194852,51.4408401],[3.3195319,51.4408402],[3.3196293,51.4408606],[3.3197249,51.4408702],[3.3197732,51.440877],[3.3198139,51.4408747],[3.3199172,51.4408809],[3.320029,51.4408996],[3.3200612,51.4409061],[3.3201063,51.4408994],[3.3202049,51.4408808],[3.3203211,51.4408815],[3.3203488,51.4408876],[3.3204867,51.4408945],[3.3204928,51.4408951],[3.3205485,51.4408981],[3.3206271,51.440904],[3.3206367,51.4409029],[3.3206464,51.4409039],[3.3207806,51.4409028],[3.3208221,51.4408974],[3.3209244,51.4408864],[3.3210624,51.4408931],[3.3210683,51.4408942],[3.321128,51.4408966],[3.3212122,51.4409045],[3.3213423,51.4409046],[3.3213561,51.4409036],[3.3213877,51.4409155],[3.3215003,51.4409417],[3.3215574,51.4409497],[3.3216441,51.4409366],[3.3217321,51.4409498],[3.3217881,51.440954],[3.321883,51.4409538],[3.321932,51.4409606],[3.3219896,51.4409481],[3.3220758,51.440947],[3.3221333,51.4409478],[3.3222196,51.4409303],[3.3222942,51.4409399],[3.3223636,51.4409446],[3.3224589,51.4409524],[3.3225075,51.4409521],[3.3225557,51.4409524],[3.3226513,51.4409344],[3.3227848,51.4409753],[3.3227954,51.4409753],[3.3228032,51.4409771],[3.3229392,51.440957],[3.3230588,51.440966],[3.3230831,51.4409662],[3.3231837,51.4409808],[3.3232271,51.4409865],[3.3232437,51.440991],[3.3233713,51.4410207],[3.3234621,51.4410132],[3.3235151,51.4410133],[3.3236194,51.4410043],[3.3236589,51.4410044],[3.3236991,51.4410045],[3.3238029,51.4410201],[3.3238781,51.4410259],[3.3239468,51.4410196],[3.3240065,51.4410312],[3.3240906,51.4410132],[3.3241966,51.4410017],[3.3242345,51.441007],[3.3243583,51.4410547],[3.3243787,51.441061],[3.3244926,51.4410484],[3.3245225,51.4410509],[3.3245567,51.4410456],[3.3246661,51.4410089],[3.3248021,51.4410611],[3.3248104,51.4410611],[3.324821,51.4410596],[3.3249538,51.4410029],[3.3250566,51.4410397],[3.325098,51.441044],[3.3251383,51.4410401],[3.3252419,51.4410402],[3.3252827,51.4410394],[3.3253856,51.4410151],[3.3254878,51.4410383],[3.3255297,51.4410457],[3.3255558,51.4410479],[3.3256734,51.4410199],[3.3257696,51.4410338],[3.3258173,51.4410338],[3.3259524,51.4410575],[3.3259614,51.4410574],[3.325972,51.4410564],[3.326105,51.4410188],[3.3262013,51.4410021],[3.3262488,51.4410109],[3.3262961,51.4410018],[3.3263927,51.4410181],[3.3264818,51.4410273],[3.3265367,51.4410334],[3.3265861,51.4410305],[3.3266806,51.4410252],[3.3268008,51.4410459],[3.3268245,51.4410409],[3.3268517,51.4410436],[3.3269683,51.4410268],[3.3270285,51.4410225],[3.3271121,51.441008],[3.3272214,51.4410378],[3.327256,51.4410154],[3.3273085,51.4410265],[3.3273997,51.4409924],[3.3275313,51.4409764],[3.3275435,51.4409763],[3.3275672,51.4409834],[3.3276876,51.4410147],[3.3278097,51.4409815],[3.3278313,51.440979],[3.3278461,51.4409772],[3.3279753,51.4410042],[3.3280871,51.4409872],[3.3281191,51.4409906],[3.328234,51.4409668],[3.3282628,51.4409618],[3.3282719,51.440961],[3.3284067,51.4409593],[3.3284762,51.4409661],[3.3285506,51.4409726],[3.32856,51.4409718],[3.3286946,51.4409891],[3.328827,51.4409723],[3.3288384,51.4409723],[3.3288682,51.440965],[3.328982,51.4409407],[3.3290402,51.4409281],[3.3291259,51.4409392],[3.3292294,51.4409388],[3.3292699,51.4409543],[3.3292983,51.440946],[3.3294137,51.4409365],[3.3294718,51.4409269],[3.3295574,51.4409186],[3.3297013,51.4409202],[3.3297757,51.440919],[3.3298453,51.4409366],[3.3299695,51.4408841],[3.3299888,51.4408789],[3.330104,51.4408896],[3.3301327,51.4408874],[3.3302512,51.4408712],[3.3302764,51.4408684],[3.3302814,51.440868],[3.3304202,51.4408525],[3.3305267,51.4408471],[3.3305641,51.4408488],[3.330644,51.44082],[3.3307077,51.4408188],[3.3307551,51.4408095],[3.3308518,51.4408393],[3.3309165,51.4408288],[3.3309956,51.4408327],[3.3310751,51.4408287],[3.3311395,51.4408317],[3.3312312,51.4408358],[3.3312834,51.4408383],[3.3313358,51.4408354],[3.3314273,51.4408402],[3.331508,51.4408171],[3.3315709,51.4408069],[3.3316577,51.4408131],[3.3317148,51.4408064],[3.3317729,51.4408133],[3.3318588,51.4408268],[3.3319687,51.4407976],[3.3320025,51.4407928],[3.3320239,51.4407897],[3.3321464,51.4408061],[3.3322583,51.4407756],[3.33229,51.440768],[3.3323049,51.4407662],[3.3324339,51.4407601],[3.3324671,51.4407543],[3.3325778,51.4407708],[3.3325835,51.4407712],[3.3327216,51.4407623],[3.3327491,51.440757],[3.3328653,51.4407395],[3.332937,51.4407737],[3.3330096,51.4407904],[3.3330415,51.4407933],[3.3331535,51.4407977],[3.3332271,51.4407729],[3.333297,51.4407441],[3.3333333,51.4407343]]},"properties":{"rawObjectClass":"DEPCNT","VALDCO":4.5,"depthDatum":"Approximate LAT","depthDatumCode":42,"depthDatumStatus":"VERIFIED_FROM_OFFICIAL_DOCUMENTATION","verticalDatum":"Local Datum","verticalDatumCode":24,"napIdentityStatus":"UNVERIFIED","sourceKind":"official","sourceCellId":"1R75883I","sourceStableId":"1F2B6A4B9FC6764E","sourceChecksum":"7c265c9fd48cb0677b21c9e60c88de7230e0e5b27a4f98bc2d44d93527f2082a","pipelineFeatureId":"1R75883I/DEPCNT/1281233820","provenance":{"cellId":"1R75883I","checksum":"7c265c9fd48cb0677b21c9e60c88de7230e0e5b27a4f98bc2d44d93527f2082a","readerVersion":"GDAL 3.2.2","processedAt":"2026-08-11T13:43:44.753Z"},"sourceProperties":{"RCID":1281233820,"PRIM":2,"GRUP":2,"OBJL":43,"RVER":1,"AGEN":7979,"FIDN":1783340998,"FIDS":30286,"LNAM":"1F2B6A4B9FC6764E","VALDCO":4.5,"SCAMIN":15000,"sourceCellId":"1R75883I","sourceChecksum":"7c265c9fd48cb0677b21c9e60c88de7230e0e5b27a4f98bc2d44d93527f2082a","rawObjectClass":"DEPCNT","sourceStableId":"1F2B6A4B9FC6764E"}}},{"type":"Feature","geometry":{"type":"LineString","coordinates":[[3.3025838,51.4399517],[3.3026413,51.4399566],[3.3026454,51.4399568],[3.3026457,51.4399568],[3.3027893,51.4399577],[3.302874,51.4400088],[3.3029333,51.4399818],[3.3030015,51.4400456],[3.3030763,51.4400463],[3.3030777,51.4400462],[3.3030796,51.4400467],[3.3032217,51.4400744],[3.3032695,51.4400748],[3.3033656,51.440076],[3.3034596,51.4401344],[3.3035102,51.4401781],[3.303644,51.4401339],[3.3036537,51.4401279],[3.3036644,51.4401338],[3.3037574,51.4401981],[3.3037943,51.4402234],[3.3037984,51.440249],[3.3039184,51.440313],[3.3039427,51.4403134],[3.3039448,51.4403143],[3.3040869,51.4403561],[3.3042186,51.4404021],[3.304231,51.4404038],[3.3042356,51.440405],[3.3043752,51.4404392],[3.3044542,51.4404509],[3.304519,51.4404377],[3.3045777,51.4404379],[3.3046629,51.4404388],[3.304724,51.440439],[3.3048068,51.4404418],[3.3049157,51.4404683],[3.3049507,51.4404404],[3.3050137,51.4404001],[3.3049502,51.440371],[3.3048272,51.4403106],[3.3049497,51.4402872],[3.305061,51.4402897],[3.3050936,51.4402959],[3.3051732,51.4403097],[3.3052379,51.4403609],[3.3052814,51.4403367],[3.3053818,51.4403612],[3.3054654,51.4403613],[3.3055257,51.4403627],[3.3056167,51.4403655],[3.3056696,51.4403751],[3.3057959,51.440398],[3.3058137,51.4404045],[3.3059459,51.440405],[3.3059576,51.440403],[3.3059666,51.4404032],[3.3061017,51.4404309],[3.3061756,51.4404432],[3.3062456,51.4404442],[3.306363,51.4404698],[3.3063897,51.4404695],[3.3065156,51.4404748],[3.3065336,51.4404796],[3.3065632,51.440486],[3.3066777,51.4405052],[3.3067108,51.4405063],[3.3068216,51.4405094],[3.306876,51.4405191],[3.3069655,51.4405221],[3.307062,51.4405449],[3.3071096,51.4405463],[3.3071818,51.4405743],[3.3072537,51.4405847],[3.3072756,51.4405877],[3.3073976,51.4405868],[3.307428,51.4405926],[3.3075415,51.4405947],[3.3075977,51.4406082],[3.3076857,51.4406305],[3.3078159,51.4406625],[3.3078298,51.4406649],[3.3078355,51.440666],[3.3079737,51.4406685],[3.3079841,51.4406686],[3.3081177,51.4406905],[3.3081815,51.4407014],[3.3082617,51.4407155],[3.3083902,51.4407412],[3.3084058,51.4407417],[3.3084258,51.4407508],[3.30855,51.4407914],[3.3086025,51.4407832],[3.3086939,51.4407932],[3.3088012,51.4408168],[3.3088378,51.4407952],[3.3088892,51.4407818],[3.3089818,51.4408069],[3.309033,51.4408391],[3.3091262,51.4408886],[3.309179,51.4408957],[3.30927,51.4408795],[3.3093532,51.4408903],[3.309414,51.4408901],[3.3095498,51.4409225],[3.3095581,51.4409215],[3.3095932,51.4409276],[3.3096429,51.4409645],[3.3097021,51.440947],[3.3098089,51.4410169],[3.3098466,51.4410336],[3.3099248,51.4410166],[3.3098462,51.4409725],[3.3097646,51.4409271],[3.3098458,51.4409127],[3.3098849,51.4409268],[3.3099902,51.4409955],[3.3100831,51.4409844],[3.3101341,51.4409974],[3.3101924,51.4410159],[3.3102785,51.4410703],[3.3103862,51.4411053],[3.3104226,51.4411112],[3.3105666,51.4411224],[3.3106225,51.4411047],[3.31071,51.4410604],[3.3107985,51.4411042],[3.3108544,51.441132],[3.310953,51.4411321],[3.3109982,51.4411213],[3.3110562,51.4411397],[3.3111424,51.4411721],[3.311185,51.4411665],[3.3112864,51.4411874],[3.3113035,51.4411928],[3.3114305,51.4412191],[3.3115264,51.4411922],[3.3115742,51.4411813],[3.3115916,51.4411812],[3.3117179,51.4411686],[3.3117866,51.4411915],[3.3118622,51.4412281],[3.311938,51.4412384],[3.3120063,51.4412538],[3.3121265,51.4412052],[3.3121498,51.4412003],[3.3121653,51.4412002],[3.312294,51.4412402],[3.3123813,51.4412445],[3.3124379,51.4412497],[3.3125634,51.4412794],[3.3125821,51.4412934],[3.3126047,51.4412934],[3.3127261,51.4413089],[3.3127746,51.4413092],[3.3128699,51.4413082],[3.3129923,51.4413545],[3.3130142,51.4413589],[3.313144,51.4412778],[3.3131575,51.4412751],[3.3132015,51.4412777],[3.3133018,51.4413401],[3.3133937,51.4413346],[3.3134458,51.4413565],[3.3134943,51.4413668],[3.3135899,51.4413814],[3.3136404,51.441398],[3.3137341,51.4414371],[3.3137807,51.4414268],[3.3138781,51.441446],[3.3139236,51.441427],[3.3140216,51.4413964],[3.3140858,51.4414151],[3.3141655,51.4414008],[3.3142417,51.4413648],[3.314309,51.441349],[3.3143602,51.4413325],[3.3144528,51.4413322],[3.3145037,51.4413641],[3.3145471,51.4414225],[3.314491,51.4414541],[3.3145976,51.4414703],[3.3146484,51.4414536],[3.3146911,51.4414222],[3.3147413,51.441438],[3.3148338,51.4414531],[3.3148854,51.4414703],[3.3149126,51.4414699],[3.3150294,51.441484],[3.3151477,51.4414682],[3.3151731,51.4414649],[3.3152066,51.4414731],[3.3153173,51.4415065],[3.3154286,51.4414718],[3.315461,51.4414819],[3.3155107,51.4414824],[3.3156052,51.4415219],[3.3157024,51.4414798],[3.3157486,51.441462],[3.3158532,51.4414751],[3.3158926,51.4414687],[3.3159399,51.4414797],[3.3160366,51.4414976],[3.3161332,51.4414792],[3.3161805,51.441498],[3.3163069,51.441528],[3.3163245,51.4415173],[3.3163359,51.441532],[3.3164683,51.4414978],[3.3165499,51.4414874],[3.3166121,51.4414869],[3.3166744,51.4414871],[3.316756,51.4414878],[3.3168376,51.4414477],[3.3168995,51.4414325],[3.3169472,51.4414475],[3.3170439,51.4415084],[3.3170808,51.441514],[3.3171877,51.4414944],[3.3173194,51.4415286],[3.3173317,51.4415207],[3.3174535,51.4415222],[3.3174757,51.4415307],[3.31749,51.4415359],[3.3176198,51.4415601],[3.3177156,51.4415353],[3.3177633,51.441511],[3.3178269,51.441535],[3.3179077,51.4415874],[3.3179683,51.4415867],[3.3180515,51.4415727],[3.318134,51.4415725],[3.3181953,51.4415648],[3.3182575,51.4415726],[3.3183393,51.4415715],[3.3184005,51.4415717],[3.3184832,51.4415728],[3.3185908,51.4415555],[3.3186268,51.441541],[3.3187357,51.4416003],[3.3187712,51.4416149],[3.318809,51.4415986],[3.3189146,51.4415444],[3.3189918,51.4415736],[3.3190586,51.4415614],[3.3191482,51.4415873],[3.3192027,51.4415874],[3.3192494,51.4415919],[3.3193464,51.4415691],[3.3193909,51.4415586],[3.3194903,51.4415719],[3.3196256,51.44162],[3.3196346,51.4416288],[3.3197653,51.4416279],[3.3197785,51.4416261],[3.3197901,51.4416268],[3.3199224,51.4416357],[3.3200056,51.441619],[3.3200308,51.4415969],[3.3200661,51.4416067],[3.3201519,51.4415648],[3.3202096,51.4415457],[3.3202637,51.4415621],[3.3203538,51.4416031],[3.3204169,51.4415783],[3.3204975,51.4415668],[3.320558,51.4415654],[3.3206416,51.4415943],[3.3207636,51.4416032],[3.3207855,51.4416029],[3.3208932,51.441594],[3.3209294,51.4415997],[3.3209647,51.4415942],[3.3210733,51.4416135],[3.3210775,51.4416135],[3.3212171,51.4415927],[3.3212539,51.4415925],[3.3213609,51.441592],[3.3214166,51.4415803],[3.3215049,51.4416077],[3.3216127,51.4415921],[3.3216488,51.4416005],[3.3216783,51.4415959],[3.3217924,51.4415671],[3.321876,51.4415616],[3.3219363,51.4415662],[3.3220682,51.4416056],[3.3220805,51.441607],[3.3220931,51.4416054],[3.322224,51.4415643],[3.3223011,51.4415709],[3.322368,51.4415713],[3.3224449,51.4415642],[3.3225117,51.4415532],[3.3225906,51.4415712],[3.3226558,51.4415773],[3.3227033,51.4415819],[3.3227996,51.4415686],[3.3228872,51.4415563],[3.3229434,51.4415562],[3.3229926,51.4415516],[3.3230874,51.4415674],[3.3231619,51.441567],[3.3232313,51.4415707],[3.3233268,51.4415501],[3.323375,51.44155],[3.3234539,51.4415688],[3.3235191,51.4415842],[3.3235823,51.4415696],[3.3236629,51.4415684],[3.3237176,51.4415746],[3.3238068,51.4415661],[3.3239388,51.4416006],[3.3239509,51.4416019],[3.323963,51.4416006],[3.3240945,51.4415552],[3.3241719,51.4415659],[3.3242385,51.4415781],[3.3243588,51.4415922],[3.3243825,51.441594],[3.3244141,51.4415871],[3.3245262,51.4415631],[3.3245887,51.4415673],[3.32467,51.4415587],[3.3247604,51.4415724],[3.3248139,51.4415565],[3.3248631,51.4415465],[3.3249578,51.4415579],[3.3250343,51.4415573],[3.3251016,51.4415531],[3.3251848,51.4415527],[3.3252455,51.44155],[3.3253779,51.4415213],[3.3253892,51.4415211],[3.3254019,51.4415221],[3.3255331,51.4415324],[3.3255943,51.4415137],[3.3256767,51.4414932],[3.3258207,51.441511],[3.3258378,51.441513],[3.3259247,51.4415378],[3.3259647,51.441529],[3.3260474,51.4415124],[3.3261084,51.4415031],[3.3261519,51.4415121],[3.3262526,51.4415397],[3.3262972,51.4415396],[3.3263965,51.4415501],[3.3264637,51.4415532],[3.3265405,51.441564],[3.3266368,51.4415404],[3.3266842,51.4415406],[3.3267917,51.441533],[3.326828,51.4415234],[3.3268536,51.4415262],[3.3269721,51.4415504],[3.3271089,51.4415095],[3.3271156,51.4415065],[3.3272543,51.4415058],[3.3272595,51.4415058],[3.3272653,51.4415054],[3.3274033,51.4414961],[3.3274681,51.4415085],[3.3275474,51.4415222],[3.327682,51.4415136],[3.3276912,51.4415137],[3.3277015,51.4415142],[3.3278351,51.4415147],[3.3278526,51.4415183],[3.3279791,51.4415373],[3.3280892,51.4415278],[3.3281229,51.4415229],[3.3281524,51.441525],[3.3282669,51.4415328],[3.3283017,51.4415279],[3.3284108,51.4415384],[3.3285108,51.4415329],[3.3285547,51.4415355],[3.328659,51.4415298],[3.3286985,51.4415272],[3.3287962,51.4415047],[3.3288421,51.4414941],[3.3289323,51.4415044],[3.3289861,51.4415104],[3.3290879,51.4415039],[3.3291299,51.4414991],[3.3291376,51.441499],[3.3292737,51.4414864],[3.3292975,51.4414885],[3.3294176,51.4414794],[3.329455,51.4414795],[3.3295612,51.4414529],[3.3296822,51.4414878],[3.3297053,51.4414731],[3.3297432,51.4414784],[3.3298489,51.441439],[3.3299824,51.4414179],[3.3299927,51.4414198],[3.3301064,51.44143],[3.3301366,51.4414259],[3.3302699,51.4414172],[3.3302804,51.441416],[3.330381,51.4414104],[3.3304242,51.4414084],[3.3304276,51.4414081],[3.330568,51.4413903],[3.330615,51.4413803],[3.3307119,51.4413942],[3.3308319,51.4413942],[3.3308558,51.4413999],[3.3308751,51.4413969],[3.3309997,51.4414046],[3.3310079,51.4414035],[3.3311435,51.4413843],[3.3312388,51.4413776],[3.3312873,51.4413844],[3.331331,51.4413804],[3.3314312,51.4413807],[3.3314784,51.4413778],[3.3315751,51.4413833],[3.3316182,51.4413799],[3.331719,51.4413804],[3.3317557,51.4413835],[3.3318628,51.4413715],[3.3319399,51.4413577],[3.3320066,51.4413627],[3.3320604,51.441372],[3.3321505,51.4413612],[3.3322322,51.4413663],[3.3322943,51.441362],[3.3323784,51.4413673],[3.3324382,51.4413624],[3.3324859,51.4413747],[3.3325821,51.4413575],[3.3326979,51.4413313],[3.3327259,51.4413453],[3.3328453,51.4413287],[3.3328696,51.4413194],[3.3328892,51.4413256],[3.3330135,51.4413261],[3.3331004,51.4413485],[3.3331575,51.4413376],[3.3331968,51.441337],[3.3333014,51.4413419],[3.3333333,51.4413274]]},"properties":{"rawObjectClass":"DEPCNT","VALDCO":4,"depthDatum":"Approximate LAT","depthDatumCode":42,"depthDatumStatus":"VERIFIED_FROM_OFFICIAL_DOCUMENTATION","verticalDatum":"Local Datum","verticalDatumCode":24,"napIdentityStatus":"UNVERIFIED","sourceKind":"official","sourceCellId":"1R75883I","sourceStableId":"1F2B6A4B9FC6764F","sourceChecksum":"7c265c9fd48cb0677b21c9e60c88de7230e0e5b27a4f98bc2d44d93527f2082a","pipelineFeatureId":"1R75883I/DEPCNT/1281233821","provenance":{"cellId":"1R75883I","checksum":"7c265c9fd48cb0677b21c9e60c88de7230e0e5b27a4f98bc2d44d93527f2082a","readerVersion":"GDAL 3.2.2","processedAt":"2026-08-11T13:43:44.753Z"},"sourceProperties":{"RCID":1281233821,"PRIM":2,"GRUP":2,"OBJL":43,"RVER":1,"AGEN":7979,"FIDN":1783340998,"FIDS":30287,"LNAM":"1F2B6A4B9FC6764F","VALDCO":4,"SCAMIN":300000,"sourceCellId":"1R75883I","sourceChecksum":"7c265c9fd48cb0677b21c9e60c88de7230e0e5b27a4f98bc2d44d93527f2082a","rawObjectClass":"DEPCNT","sourceStableId":"1F2B6A4B9FC6764F"}}},{"type":"Feature","geometry":{"type":"LineString","coordinates":[[3.3299663,51.475],[3.3299468,51.4749832],[3.3298947,51.4749512],[3.329802,51.4748699],[3.3297297,51.4748169],[3.3296792,51.474772],[3.329657,51.4747335],[3.3296279,51.4746822],[3.329578,51.4746335],[3.3295835,51.4745924],[3.3296557,51.4745444],[3.3297174,51.4745022],[3.3297572,51.4744759],[3.3297992,51.4744883],[3.3298412,51.4745018],[3.3299436,51.4745456],[3.3300557,51.4745911],[3.3300882,51.4746295],[3.3301659,51.4746322],[3.3302321,51.4746134],[3.3302976,51.4746313],[3.3303764,51.4746543],[3.3304603,51.4746274],[3.3304579,51.4746799],[3.3305208,51.4747189],[3.3306026,51.4747694],[3.3306069,51.4748227],[3.3306451,51.4748592],[3.3306662,51.4749031],[3.3306976,51.474949],[3.3306666,51.4749625],[3.3306097,51.475]]},"properties":{"rawObjectClass":"DEPCNT","VALDCO":4,"depthDatum":"Approximate LAT","depthDatumCode":42,"depthDatumStatus":"VERIFIED_FROM_OFFICIAL_DOCUMENTATION","verticalDatum":"Local Datum","verticalDatumCode":24,"napIdentityStatus":"UNVERIFIED","sourceKind":"official","sourceCellId":"1R75883I","sourceStableId":"1F2B6A4B9FC67650","sourceChecksum":"7c265c9fd48cb0677b21c9e60c88de7230e0e5b27a4f98bc2d44d93527f2082a","pipelineFeatureId":"1R75883I/DEPCNT/1281233822","provenance":{"cellId":"1R75883I","checksum":"7c265c9fd48cb0677b21c9e60c88de7230e0e5b27a4f98bc2d44d93527f2082a","readerVersion":"GDAL 3.2.2","processedAt":"2026-08-11T13:43:44.753Z"},"sourceProperties":{"RCID":1281233822,"PRIM":2,"GRUP":2,"OBJL":43,"RVER":1,"AGEN":7979,"FIDN":1783340998,"FIDS":30288,"LNAM":"1F2B6A4B9FC67650","VALDCO":4,"SCAMIN":300000,"sourceCellId":"1R75883I","sourceChecksum":"7c265c9fd48cb0677b21c9e60c88de7230e0e5b27a4f98bc2d44d93527f2082a","rawObjectClass":"DEPCNT","sourceStableId":"1F2B6A4B9FC67650"}}},{"type":"Feature","geometry":{"type":"LineString","coordinates":[[3.3305996,51.475],[3.3305227,51.4749814],[3.330493,51.475]]},"properties":{"rawObjectClass":"DEPCNT","VALDCO":4,"depthDatum":"Approximate LAT","depthDatumCode":42,"depthDatumStatus":"VERIFIED_FROM_OFFICIAL_DOCUMENTATION","verticalDatum":"Local Datum","verticalDatumCode":24,"napIdentityStatus":"UNVERIFIED","sourceKind":"official","sourceCellId":"1R75883I","sourceStableId":"1F2B6A4B9FC67651","sourceChecksum":"7c265c9fd48cb0677b21c9e60c88de7230e0e5b27a4f98bc2d44d93527f2082a","pipelineFeatureId":"1R75883I/DEPCNT/1281233823","provenance":{"cellId":"1R75883I","checksum":"7c265c9fd48cb0677b21c9e60c88de7230e0e5b27a4f98bc2d44d93527f2082a","readerVersion":"GDAL 3.2.2","processedAt":"2026-08-11T13:43:44.753Z"},"sourceProperties":{"RCID":1281233823,"PRIM":2,"GRUP":2,"OBJL":43,"RVER":1,"AGEN":7979,"FIDN":1783340998,"FIDS":30289,"LNAM":"1F2B6A4B9FC67651","VALDCO":4,"SCAMIN":300000,"sourceCellId":"1R75883I","sourceChecksum":"7c265c9fd48cb0677b21c9e60c88de7230e0e5b27a4f98bc2d44d93527f2082a","rawObjectClass":"DEPCNT","sourceStableId":"1F2B6A4B9FC67651"}}},{"type":"Feature","geometry":{"type":"LineString","coordinates":[[3.3333333,51.4690444],[3.3332812,51.4690483],[3.3332151,51.4690259],[3.3331479,51.4690495],[3.3331546,51.4690074],[3.3330706,51.4689579],[3.3330349,51.4689179],[3.3329259,51.4688522],[3.3328896,51.4688284],[3.3327816,51.4688042],[3.3327253,51.4687937],[3.3326375,51.4687941],[3.3325212,51.4687395],[3.3324931,51.4687303],[3.3324712,51.468726],[3.3323489,51.4687022],[3.3322567,51.4686827],[3.3322048,51.4686718],[3.3321347,51.4686507],[3.3320605,51.4686285],[3.3320181,51.4686246],[3.3319163,51.468601],[3.3317859,51.4685704],[3.3317721,51.468569],[3.3317377,51.4685619],[3.3316279,51.4685347],[3.3315726,51.4685278],[3.3314837,51.4685098],[3.331385,51.4685012],[3.3313396,51.4684912],[3.3312252,51.4684734],[3.3311955,51.4684608],[3.3311653,51.4684548],[3.3310512,51.4684188],[3.3309627,51.4684189],[3.3309071,51.4684045],[3.3307746,51.4683919],[3.330763,51.4683896],[3.3307398,51.4683848],[3.3306185,51.4683118],[3.3305012,51.4683122],[3.3304745,51.468306],[3.3303942,51.4682959],[3.3303302,51.4682545],[3.3302702,51.4682588],[3.3301861,51.4682351],[3.3300968,51.4682068],[3.3300416,51.4681697],[3.329999,51.4681437],[3.3298976,51.4681669],[3.3298046,51.4681496],[3.3297535,51.4681493],[3.3297059,51.468118],[3.3296089,51.4680587],[3.3295078,51.4680286],[3.3294645,51.468],[3.3293615,51.4679391],[3.32932,51.4679272],[3.3291983,51.4678497],[3.3291754,51.46784],[3.3290402,51.4677602],[3.3290309,51.4677587],[3.3290275,51.4677581],[3.3288869,51.4677579],[3.3288797,51.4677562],[3.3287428,51.4677408],[3.3286812,51.4677228],[3.3285988,51.4677245],[3.3285134,51.4676718],[3.3284543,51.4676593],[3.3284315,51.4676577],[3.3283104,51.467658],[3.3282744,51.46765],[3.3281663,51.4676395],[3.3280593,51.4676064],[3.328022,51.4676058],[3.3279847,51.4675833],[3.3278777,51.4675584],[3.3278241,51.4675503],[3.3277339,51.4675772],[3.3277232,51.4675774],[3.3275898,51.467552],[3.327526,51.4675448],[3.3274456,51.4675301],[3.3273659,51.4674951],[3.3273012,51.4674555],[3.3272213,51.4674457],[3.3271571,51.4674377],[3.3270416,51.467424],[3.327013,51.4674239],[3.3268831,51.4674066],[3.3268689,51.4673988],[3.3268563,51.4673988],[3.3267245,51.4673372],[3.3266813,51.4673172],[3.3265799,51.4672546],[3.3264588,51.4672279],[3.3265794,51.467188],[3.3267072,51.4671472],[3.3267231,51.4671424],[3.3267404,51.467148],[3.3267408,51.4671372],[3.326723,51.467132],[3.3265917,51.4670477],[3.3265783,51.4670315],[3.3264415,51.4669582],[3.3265468,51.4669387],[3.3265777,51.4669468],[3.3265955,51.4669467],[3.3267216,51.4669351],[3.3268462,51.4669449],[3.3268656,51.4669465],[3.3268994,51.4669358],[3.3269313,51.4669568],[3.3270098,51.4669823],[3.3270427,51.4669771],[3.3271539,51.4670026],[3.3272475,51.4669874],[3.3272978,51.4669868],[3.3273571,51.4669926],[3.3274418,51.4669929],[3.3275182,51.4669552],[3.3274413,51.4669176],[3.3273006,51.4668659],[3.3272969,51.4668642],[3.3272934,51.4668637],[3.327153,51.466864],[3.3271429,51.4668601],[3.3270085,51.4667994],[3.3268811,51.4667771],[3.3268644,51.4667713],[3.3268464,51.466766],[3.32672,51.4667085],[3.326577,51.4666888],[3.3265759,51.4666885],[3.326574,51.4666881],[3.3265758,51.4666873],[3.3266849,51.4666661],[3.3267197,51.4666702],[3.326816,51.4666577],[3.3268636,51.4666655],[3.3269883,51.4666748],[3.3270077,51.4666783],[3.3270742,51.4666867],[3.3271519,51.4667107],[3.3272562,51.4667109],[3.3272958,51.4667066],[3.3273225,51.4667027],[3.3274399,51.46672],[3.3275135,51.4667314],[3.327584,51.4667455],[3.327694,51.4667536],[3.3277281,51.4667608],[3.3277526,51.4667594],[3.3278721,51.4667653],[3.3279203,51.4667742],[3.3280163,51.4668046],[3.328053,51.4667968],[3.3281603,51.466811],[3.328267,51.4667965],[3.3283042,51.4667998],[3.3283646,51.4668107],[3.3284483,51.4668193],[3.3285388,51.466829],[3.3285923,51.4668292],[3.3286668,51.4668187],[3.3287363,51.4668293],[3.3288413,51.4668616],[3.3288806,51.4668722],[3.3290209,51.4668633],[3.3290245,51.4668633],[3.3290385,51.4668697],[3.3290383,51.466861],[3.3291683,51.4668476],[3.3292214,51.4668605],[3.3293127,51.4669074],[3.3293779,51.4669008],[3.3294567,51.4669179],[3.3295506,51.4669182],[3.3296007,51.4669182],[3.3297304,51.46694],[3.3297448,51.4669409],[3.3297843,51.4669488],[3.329889,51.4669697],[3.3299271,51.4669723],[3.330033,51.4669795],[3.3300985,51.4669888],[3.3301771,51.466995],[3.3303139,51.4670373],[3.3303214,51.4670391],[3.3303251,51.4670396],[3.330353,51.4670372],[3.3304652,51.4670235],[3.3305884,51.4670365],[3.3306093,51.4670378],[3.3306154,51.4670402],[3.3307534,51.4670624],[3.3308912,51.4670394],[3.3308972,51.4670386],[3.3310369,51.4670379],[3.3310412,51.4670379],[3.3311853,51.4670612],[3.3312182,51.4670553],[3.3313294,51.4670754],[3.3314733,51.4670635],[3.331586,51.4670531],[3.3316172,51.4670568],[3.3317083,51.4670333],[3.3317609,51.467022],[3.3317744,51.4670247],[3.3319047,51.4670075],[3.3320418,51.4670324],[3.3320252,51.4670473],[3.3320489,51.4670395],[3.3320601,51.4670393],[3.3321932,51.4670826],[3.3322585,51.4670726],[3.3323372,51.467091],[3.3323861,51.4670908],[3.3324812,51.4670893],[3.332615,51.4671207],[3.3325894,51.4671434],[3.3326255,51.4671308],[3.3326415,51.4671306],[3.3327698,51.4671786],[3.3328645,51.4671792],[3.3329138,51.4671841],[3.3329634,51.4671786],[3.3330577,51.4671771],[3.3331819,51.467209],[3.333202,51.4672221],[3.3332156,51.4672175],[3.3333333,51.4672529]]},"properties":{"rawObjectClass":"DEPCNT","VALDCO":3.5,"depthDatum":"Approximate LAT","depthDatumCode":42,"depthDatumStatus":"VERIFIED_FROM_OFFICIAL_DOCUMENTATION","verticalDatum":"Local Datum","verticalDatumCode":24,"napIdentityStatus":"UNVERIFIED","sourceKind":"official","sourceCellId":"1R75883I","sourceStableId":"1F2B6A4B9FC67652","sourceChecksum":"7c265c9fd48cb0677b21c9e60c88de7230e0e5b27a4f98bc2d44d93527f2082a","pipelineFeatureId":"1R75883I/DEPCNT/1281233824","provenance":{"cellId":"1R75883I","checksum":"7c265c9fd48cb0677b21c9e60c88de7230e0e5b27a4f98bc2d44d93527f2082a","readerVersion":"GDAL 3.2.2","processedAt":"2026-08-11T13:43:44.753Z"},"sourceProperties":{"RCID":1281233824,"PRIM":2,"GRUP":2,"OBJL":43,"RVER":1,"AGEN":7979,"FIDN":1783340998,"FIDS":30290,"LNAM":"1F2B6A4B9FC67652","VALDCO":3.5,"SCAMIN":15000,"sourceCellId":"1R75883I","sourceChecksum":"7c265c9fd48cb0677b21c9e60c88de7230e0e5b27a4f98bc2d44d93527f2082a","rawObjectClass":"DEPCNT","sourceStableId":"1F2B6A4B9FC67652"}}},{"type":"Feature","geometry":{"type":"LineString","coordinates":[[3.3333333,51.464441],[3.3333256,51.4644285],[3.3333134,51.4644212],[3.3333141,51.4644141],[3.3332695,51.4643314],[3.3332332,51.4642745],[3.3332135,51.4642416],[3.3331802,51.4642317],[3.3331325,51.4642418],[3.3330366,51.4642816],[3.332974,51.4642423],[3.3328921,51.464203],[3.3328106,51.4641528],[3.3327476,51.4641308],[3.3327061,51.4641272],[3.3326036,51.4641275],[3.3325234,51.4641037],[3.3324593,51.4640817],[3.3323943,51.4640641],[3.3323151,51.4640426],[3.3322668,51.4640343],[3.3321709,51.4640079],[3.3320364,51.4639812],[3.3320267,51.4639793],[3.3318824,51.4639289],[3.3317488,51.4638927],[3.3317382,51.4638895],[3.3317291,51.4638861],[3.3315938,51.4638299],[3.3314582,51.4638023],[3.3314496,51.4637999],[3.3314369,51.4637971],[3.3313053,51.4637514],[3.3312003,51.4637322],[3.3311611,51.4637216],[3.3310949,51.4637081],[3.3310169,51.4636794],[3.3309422,51.463662],[3.3308727,51.4636407],[3.3308028,51.463619],[3.3307282,51.463573],[3.3306192,51.4635296],[3.3305839,51.4635187],[3.3305594,51.4635145],[3.3304397,51.4634946],[3.3303223,51.4634405],[3.3302953,51.4634307],[3.330255,51.4634156],[3.330151,51.4633766],[3.3300413,51.4633514],[3.3300068,51.4633447],[3.3299847,51.4633378],[3.3298625,51.4632987],[3.3297709,51.4632622],[3.3297182,51.4632495],[3.3296763,51.4632363],[3.329574,51.4632182],[3.3294474,51.4631842],[3.3294298,51.4631805],[3.3294128,51.4631733],[3.3292856,51.4631386],[3.3292147,51.4631297],[3.3291416,51.4631301],[3.329044,51.4631135],[3.3289975,51.4631088],[3.3288706,51.4630957],[3.3288534,51.4630929],[3.3287713,51.4630852],[3.3287094,51.4630802],[3.3286982,51.4630784],[3.3285654,51.4630796],[3.3285505,51.4630766],[3.3284211,51.4630366],[3.328342,51.463037],[3.3282772,51.4630325],[3.3281742,51.462997],[3.3281329,51.4629855],[3.3281103,51.4629831],[3.3279889,51.4629767],[3.3279555,51.4629768],[3.3278449,51.4629705],[3.3277839,51.46296],[3.3277008,51.4629501],[3.3275877,51.4629087],[3.3275565,51.4628999],[3.3275335,51.4628945],[3.3274124,51.4628796],[3.327365,51.4628797],[3.3272684,51.4628738],[3.3271446,51.4628328],[3.3271241,51.4628283],[3.3270747,51.4628202],[3.3269599,51.4628079],[3.326836,51.4627961],[3.3267579,51.4627724],[3.3266918,51.4627587],[3.326564,51.4627419],[3.3265477,51.4627398],[3.3265096,51.4627319],[3.3264035,51.4627152],[3.3263567,51.4627031],[3.3262594,51.4626847],[3.3261502,51.4626648],[3.3261153,51.4626624],[3.3260521,51.4626432],[3.3259711,51.4626268],[3.3259308,51.4626184],[3.3258269,51.4626005],[3.3257193,51.462577],[3.3256828,51.4625743],[3.3255982,51.4625546],[3.3255386,51.4625445],[3.3255132,51.4625389],[3.3253945,51.4625181],[3.3252943,51.4624929],[3.3252503,51.4624859],[3.3251612,51.4624658],[3.3251062,51.4624558],[3.3250859,51.4624534],[3.324962,51.4624317],[3.3248742,51.4624118],[3.3248179,51.4624048],[3.3246811,51.4623773],[3.3246738,51.4623762],[3.3246714,51.4623758],[3.3245297,51.4623598],[3.3244665,51.4623385],[3.3243854,51.4623164],[3.3242492,51.4622885],[3.3242413,51.4622872],[3.3242384,51.4622868],[3.3240972,51.4622633],[3.3240205,51.4622414],[3.323953,51.462228],[3.3238134,51.4621998],[3.3238088,51.462199],[3.3238066,51.4621985],[3.3236647,51.4621696],[3.3235896,51.4621536],[3.3235205,51.4621392],[3.3233956,51.462123],[3.3233764,51.462123],[3.3232327,51.4621117],[3.3232324,51.4621117],[3.3232315,51.4621115],[3.3230882,51.4620745],[3.3229476,51.4620224],[3.3229419,51.4620212],[3.3227998,51.4619999],[3.3227277,51.462023],[3.3226563,51.4620593],[3.3225483,51.462046],[3.3225122,51.4620385],[3.3223902,51.4620377],[3.3223682,51.4620341],[3.3223231,51.4620241],[3.3223678,51.4619802],[3.3225011,51.4619402],[3.3225115,51.4619396],[3.3225147,51.4619336],[3.3225098,51.4619326],[3.3223674,51.4619218],[3.3223477,51.4619341],[3.322224,51.462002],[3.3221758,51.4619944],[3.32208,51.4619946],[3.3220095,51.4619809],[3.321936,51.4619801],[3.3218778,51.4619889],[3.321792,51.4619744],[3.3216758,51.4619534],[3.3216479,51.4619578],[3.3216013,51.4619653],[3.321504,51.4619677],[3.3214247,51.4619366],[3.3213598,51.4619251],[3.3213339,51.4619207],[3.3212169,51.4619372],[3.321216,51.4619491],[3.3212113,51.4620271],[3.3210727,51.4620424],[3.3209336,51.4620279],[3.3209287,51.4620263],[3.3208617,51.4620281],[3.3207857,51.4620289],[3.3207847,51.4620288],[3.3207377,51.4620284],[3.3206437,51.4620269],[3.3206408,51.4620272],[3.3206352,51.4620252],[3.3204964,51.4619698],[3.3204218,51.4619394],[3.3203519,51.4618809],[3.3202115,51.4618524],[3.3202077,51.461851],[3.3202058,51.4618501],[3.3201991,51.4618447],[3.3202072,51.4617771],[3.3202088,51.4617612],[3.3202079,51.4617601],[3.3202071,51.4617596],[3.3201984,51.4617548],[3.3200626,51.4616875],[3.3200486,51.4616707],[3.319918,51.461589],[3.3199056,51.4615811],[3.3197736,51.4615242],[3.3197347,51.4614917],[3.3196288,51.461407],[3.3196239,51.4614021],[3.3196163,51.4613943],[3.3195696,51.4613123],[3.3194839,51.4612724],[3.3194202,51.4612228],[3.3193391,51.461141],[3.3193205,51.4611331],[3.3191945,51.4610574],[3.3191849,51.4610436],[3.3191788,51.4610338],[3.3191832,51.4609537],[3.3191829,51.4609469],[3.3191131,51.4608639],[3.3190488,51.4608045],[3.318958,51.4607744],[3.3190482,51.4607143],[3.3190814,51.4606842],[3.3191915,51.4606167],[3.3192977,51.4606599],[3.3193358,51.4606712],[3.3193741,51.4606594],[3.3194793,51.4606147],[3.3195819,51.4605929],[3.3196012,51.4605792],[3.3196231,51.4605883],[3.3196645,51.4605667],[3.3197666,51.4605238],[3.3198824,51.4605921],[3.3199111,51.4606058],[3.3199578,51.460621],[3.3200554,51.4606527],[3.3201168,51.460643],[3.3201994,51.4606676],[3.3202203,51.4606811],[3.3203437,51.4607125],[3.3204637,51.4607703],[3.3204881,51.4607778],[3.3205073,51.4607822],[3.3205834,51.46077],[3.3206318,51.4607437],[3.3207467,51.4607514],[3.3207758,51.46076],[3.3209078,51.4607616],[3.3209198,51.4607662],[3.3210554,51.4607635],[3.3210638,51.4607658],[3.3210699,51.4607649],[3.3210852,51.4607686],[3.3212079,51.4607999],[3.3212716,51.4608079],[3.3213521,51.4608256],[3.3214611,51.4608357],[3.3214961,51.4608391],[3.3216095,51.460838],[3.3216401,51.4608425],[3.3216867,51.4608569],[3.3217844,51.4608922],[3.3218405,51.4608916],[3.3219284,51.4609084],[3.3220486,51.4608706],[3.3220725,51.4609325],[3.3220833,51.4609391],[3.3222163,51.4609108],[3.3222722,51.4609103],[3.3223601,51.4608873],[3.3224765,51.4609447],[3.3225046,51.4609623],[3.3225613,51.4609798],[3.3225619,51.4609444],[3.3225042,51.4609111],[3.3224434,51.4608548],[3.3225035,51.4608166],[3.3226385,51.4608485],[3.3226477,51.4608516],[3.3226665,51.4608542],[3.322792,51.4608915],[3.3228335,51.4609179],[3.3229359,51.4608944],[3.3230364,51.4609159],[3.3230801,51.4609251],[3.3231085,51.4609251],[3.3232239,51.460914],[3.3233681,51.460939],[3.3233849,51.4609422],[3.3235122,51.4609698],[3.3235568,51.4609695],[3.3236563,51.4609845],[3.3237493,51.4609992],[3.3238004,51.4610031],[3.323942,51.461029],[3.3239445,51.4610295],[3.3239486,51.4610305],[3.3240887,51.4610615],[3.3241566,51.4610724],[3.3242327,51.4610799],[3.3243472,51.4611008],[3.3243769,51.4611061],[3.3244509,51.461119],[3.324521,51.4611311],[3.3245443,51.4611334],[3.3246651,51.4611522],[3.3247495,51.4611709],[3.3248092,51.4611805],[3.3249516,51.4612065],[3.3249533,51.4612058],[3.3249617,51.4612075],[3.3250974,51.4612198],[3.325125,51.4612243],[3.3252415,51.4612441],[3.3253455,51.4612713],[3.3253856,51.4612643],[3.3254628,51.4612478],[3.3255297,51.4612894],[3.3255411,51.4612959],[3.3256738,51.461309],[3.3257073,51.4613163],[3.3258102,51.4612951],[3.3258173,51.4612449],[3.325897,51.461205],[3.3259586,51.4612033],[3.3259609,51.4612041],[3.3259631,51.4612034],[3.3259657,51.4612048],[3.3260373,51.461247],[3.3261051,51.4612309],[3.3261695,51.4612444],[3.3262493,51.4612692],[3.326356,51.4612703],[3.3263933,51.4612782],[3.3265331,51.4612054],[3.3265369,51.461224],[3.3265846,51.4612328],[3.3265374,51.4612032],[3.3265367,51.4612029],[3.3265362,51.4612028],[3.3263925,51.4611667],[3.3263044,51.4611489],[3.3262485,51.4611609],[3.3261597,51.4611143],[3.3261041,51.4610951],[3.3260637,51.4610894],[3.32596,51.4610757],[3.3258452,51.4610436],[3.3258159,51.4610569],[3.3256785,51.4611156],[3.3257709,51.4611766],[3.3258121,51.4612052],[3.3256734,51.4612552],[3.325597,51.4612058],[3.3256613,51.4611227],[3.3256603,51.4611157],[3.3256724,51.4611132],[3.3257785,51.4610254],[3.3256716,51.4609973],[3.3256117,51.4609885],[3.3255276,51.460997],[3.3253909,51.4609413],[3.3253833,51.4609415],[3.3252458,51.4610269],[3.3253845,51.4611141],[3.3253924,51.4611164],[3.3253918,51.4611209],[3.3253846,51.4611187],[3.3252513,51.4611235],[3.3252406,51.4611216],[3.3252329,51.4611169],[3.3252294,51.4611099],[3.3252343,51.461027],[3.3252287,51.46102],[3.3252399,51.4610251],[3.3253793,51.4609366],[3.325239,51.4608936],[3.3251223,51.4609205],[3.3250952,51.4609095],[3.3250273,51.4608953],[3.324951,51.4608722],[3.3248161,51.4609382],[3.3248076,51.4609525],[3.3247804,51.4609383],[3.3247989,51.4609329],[3.3248075,51.460935],[3.3249254,51.460848],[3.3248065,51.4607936],[3.3246676,51.4607621],[3.3246623,51.4607643],[3.3246492,51.460767],[3.324633,51.4607589],[3.3245182,51.4607427],[3.3244628,51.4607248],[3.3243739,51.4606906],[3.3243184,51.4607046],[3.3242899,51.4606699],[3.3242297,51.460646],[3.3241732,51.460635],[3.3240854,51.4606092],[3.3239908,51.4605808],[3.3239411,51.4605491],[3.3238379,51.4605169],[3.3237968,51.4604995],[3.3236638,51.4604986],[3.3236528,51.460496],[3.3236367,51.4604919],[3.3236526,51.4604702],[3.323706,51.4604018],[3.3236521,51.4603909],[3.3236183,51.460381],[3.3235079,51.4603635],[3.3233891,51.4603285],[3.3233638,51.4603285],[3.3233456,51.4603128],[3.3232194,51.4602734],[3.3231232,51.4602535],[3.3230753,51.4602433],[3.3230096,51.4602238],[3.3229308,51.4601748],[3.3228548,51.4601767],[3.3227868,51.4601557],[3.3226886,51.4601348],[3.322686,51.4600723],[3.322672,51.4600449],[3.322642,51.4600356],[3.3225981,51.4600178],[3.3224978,51.4599963],[3.3223973,51.4599558],[3.3223535,51.4599465],[3.3223243,51.4599378],[3.3222093,51.4599197],[3.3221317,51.4599081],[3.3220652,51.4598923],[3.3220129,51.4598669],[3.3219207,51.4598085],[3.3218006,51.4597925],[3.3217766,51.4597865],[3.3217584,51.4597777],[3.3216322,51.4597247],[3.3215157,51.4596884],[3.3214879,51.4596716],[3.3213703,51.4595989],[3.3213433,51.4595827],[3.3212711,51.4595542],[3.3211992,51.4595559],[3.321115,51.4595097],[3.3211124,51.4594559],[3.3210819,51.4594199],[3.3210824,51.4594022],[3.3211235,51.4593298],[3.3210534,51.4592875],[3.3209434,51.4592404],[3.320909,51.4592292],[3.3207825,51.4591509],[3.3207645,51.4591434],[3.3206289,51.4590614],[3.3206199,51.4590532],[3.3204863,51.4589719],[3.3204753,51.4589578],[3.3203984,51.4588822],[3.3203512,51.4588055],[3.3203509,51.4587924],[3.3204737,51.4587205],[3.320492,51.4587021],[3.3204734,51.4586855],[3.3203868,51.4586125],[3.3203286,51.4585576],[3.3202756,51.4585229],[3.3202748,51.4584896],[3.3203283,51.458516],[3.3204599,51.4584325],[3.3204332,51.4584086],[3.3204712,51.4583628],[3.3205039,51.4583424],[3.3204709,51.4583315],[3.320406,51.4582528],[3.320326,51.4581875],[3.3202974,51.4581632],[3.3203256,51.458128],[3.3203847,51.458126],[3.3204695,51.4581266],[3.3205248,51.458128],[3.3206133,51.4581098],[3.320743,51.4580808],[3.3207571,51.4580807],[3.3207698,51.458072],[3.320757,51.4580687],[3.320619,51.4579824],[3.3206124,51.4579784],[3.3205961,51.4579724],[3.3204681,51.4579264],[3.3204016,51.4578931],[3.3203237,51.4578545],[3.3201847,51.4578038],[3.3201794,51.4578006],[3.3201721,51.4577993],[3.320035,51.4577394],[3.3199641,51.4577145],[3.3198905,51.4576546],[3.3197626,51.4576251],[3.3197508,51.4576223],[3.3198187,51.457535],[3.3197455,51.4575048],[3.3196028,51.4574457],[3.3196011,51.4574444],[3.3194913,51.4573561],[3.3194564,51.4573342],[3.3193473,51.4572666],[3.3193118,51.4572316],[3.3192409,51.4572226],[3.3191677,51.4572075],[3.3191261,51.4571773],[3.319023,51.4571032],[3.3189928,51.4570877],[3.3189447,51.4570392],[3.3190004,51.4569978],[3.3190017,51.4569849],[3.3189121,51.4569081],[3.3188776,51.4568913],[3.3187595,51.4568186],[3.318733,51.4567979],[3.3185984,51.4567352],[3.3185886,51.4567307],[3.318587,51.4567291],[3.3184441,51.4566407],[3.318442,51.4566396],[3.3184315,51.4566318],[3.3184127,51.4565498],[3.3184336,51.4565436],[3.3184434,51.456546],[3.3185812,51.4564594],[3.3184424,51.4563974],[3.3183902,51.45637],[3.3182978,51.4563033],[3.3182526,51.4562804],[3.3181531,51.4561969],[3.3181481,51.4561908],[3.3181481,51.4561877],[3.3180779,51.4561011],[3.3180082,51.4560501],[3.3178734,51.4560176],[3.317864,51.4560154],[3.3178526,51.4560118],[3.3178639,51.4560047],[3.317916,51.455979],[3.3180074,51.455934],[3.3180243,51.4559214],[3.318104,51.4558605],[3.3180071,51.4558915],[3.3179558,51.4558317],[3.3180066,51.4558201],[3.318145,51.4557412],[3.3181447,51.4556543],[3.3181446,51.4556513],[3.3181433,51.4556476],[3.3181491,51.4556219],[3.3181728,51.4555613],[3.3181486,51.4555462],[3.3181111,51.4554716],[3.3180269,51.4553964],[3.3180495,51.4553818],[3.3181254,51.4553679],[3.3181474,51.4553743],[3.31818,51.455361],[3.3182912,51.4553507],[3.318376,51.4553809],[3.3184355,51.4554056],[3.3185798,51.4554649],[3.3185931,51.4554703],[3.3187241,51.4555157],[3.3188455,51.4555595],[3.3188993,51.4555786],[3.3190126,51.4556069],[3.3191424,51.4556396],[3.3191568,51.4556432],[3.3191715,51.4556485],[3.319301,51.4556882],[3.3193966,51.4557075],[3.3194451,51.4557175],[3.3194942,51.4557376],[3.3195894,51.4557706],[3.3196866,51.4557976],[3.3197337,51.4558106],[3.3197519,51.4558268],[3.3197643,51.4558457],[3.3197342,51.4558846],[3.3197147,51.4559045],[3.3197218,51.4559168],[3.3197345,51.4559321],[3.3198306,51.4559763],[3.3198789,51.456],[3.3198888,51.4560062],[3.3200233,51.4560666],[3.3201035,51.4560956],[3.3201676,51.4561224],[3.3202957,51.4561748],[3.320312,51.456182],[3.320328,51.4561849],[3.3204561,51.4562179],[3.3205464,51.4562178],[3.3206001,51.4562175],[3.320744,51.4562166],[3.3208658,51.4561834],[3.3208877,51.4561791],[3.3208994,51.4561759],[3.3210313,51.4561409],[3.3211499,51.4561084],[3.321175,51.4561029],[3.3212079,51.4560926],[3.3213186,51.4560586],[3.3214524,51.456002],[3.3214621,51.4559957],[3.3214813,51.4559898],[3.3216056,51.455943],[3.3216896,51.4559114],[3.3217491,51.4558833],[3.3218494,51.455821],[3.3218925,51.4558029],[3.3219518,51.4557836],[3.3221151,51.4557304],[3.3221797,51.4557095],[3.3222439,51.4556899],[3.3223233,51.4556619],[3.3223859,51.4556397],[3.3224669,51.4556142],[3.3226009,51.4555492],[3.3226103,51.4555456],[3.3226297,51.455537],[3.3227539,51.4554923],[3.3228501,51.4554586],[3.3228975,51.4554489],[3.3229238,51.455442],[3.3230412,51.4554192],[3.3231779,51.4553678],[3.3231848,51.455364],[3.3231918,51.4553634],[3.3233285,51.455333],[3.3234254,51.4553064],[3.3234721,51.4552906],[3.3235062,51.455277],[3.3236156,51.4552327],[3.3237433,51.4551963],[3.3237592,51.4551917],[3.323771,51.4551863],[3.3239028,51.4551382],[3.323997,51.4550958],[3.3240462,51.4550615],[3.3241451,51.4550334],[3.3241898,51.455018],[3.3242121,51.4550053],[3.3243332,51.4549419],[3.3243965,51.4549148],[3.3244765,51.454857],[3.3245834,51.4548475],[3.3246203,51.4548369],[3.3247557,51.4548292],[3.3247641,51.4548293],[3.3247925,51.4548238],[3.3248394,51.4547764],[3.3248256,51.4547338],[3.3247788,51.4547243],[3.3247634,51.4547294],[3.3247487,51.454734],[3.32462,51.454797],[3.3244934,51.4547347],[3.3244756,51.4547283],[3.3244572,51.4547348],[3.324332,51.45478],[3.3242317,51.4548254],[3.3241886,51.4548474],[3.3241362,51.4548584],[3.3240449,51.4548868],[3.3239714,51.454916],[3.3239014,51.4549406],[3.3238128,51.4549719],[3.3237578,51.4549892],[3.3237029,51.4550067],[3.3236142,51.4550342],[3.3235439,51.4550511],[3.3234705,51.4550642],[3.3233964,51.4550974],[3.3233271,51.455134],[3.3232585,51.4551406],[3.3231832,51.4551492],[3.3231094,51.4551881],[3.3230399,51.4552317],[3.3229442,51.4552188],[3.3228957,51.4551989],[3.322874,51.4552024],[3.3227518,51.4552038],[3.322616,51.4552794],[3.3226085,51.4552823],[3.3225998,51.4552795],[3.3224642,51.4552342],[3.32235,51.4552617],[3.3223205,51.4552657],[3.3222629,51.4552445],[3.3222082,51.4552805],[3.3221767,51.4552864],[3.3221176,51.4552808],[3.3220326,51.4552537],[3.3219605,51.4552363],[3.3218887,51.4552585],[3.3218132,51.4552346],[3.3217447,51.4552524],[3.321662,51.455282],[3.3216011,51.4553033],[3.3215784,51.4552823],[3.3216009,51.4552713],[3.3217041,51.455192],[3.3217442,51.4551796],[3.3218105,51.4551502],[3.3218877,51.4551255],[3.3219258,51.4551015],[3.3219426,51.4550669],[3.3219902,51.4550114],[3.3220306,51.4549732],[3.322119,51.4549557],[3.3221743,51.4549413],[3.3221997,51.4549209],[3.3222488,51.4548739],[3.3222079,51.454831],[3.322317,51.4547616],[3.3223378,51.4547407],[3.3224605,51.454707],[3.3225238,51.4546502],[3.3226037,51.4546049],[3.3227152,51.4545598],[3.3226028,51.4544782],[3.3225198,51.4545225],[3.3225872,51.4544702],[3.3226027,51.4544579],[3.3226982,51.45438],[3.3227457,51.4543301],[3.3227852,51.4542899],[3.3228887,51.4542082],[3.3228994,51.4541996],[3.3229144,51.4541835],[3.3229524,51.4541096],[3.3228878,51.4540694],[3.3227631,51.4540202],[3.3227433,51.4539957],[3.3227258,51.4539303],[3.3226909,51.4538981],[3.3227427,51.4539089],[3.3228394,51.4538694],[3.3228862,51.4538477],[3.3228958,51.45384],[3.3229346,51.4538095],[3.3229345,51.4537499],[3.3228854,51.4537355],[3.3227565,51.4536605],[3.3227409,51.4536555],[3.3227255,51.4536606],[3.3225973,51.4537011],[3.3224677,51.4536613],[3.3224674,51.4536523],[3.3225314,51.4535712],[3.3224522,51.4535316],[3.3224015,51.4534816],[3.3224516,51.4534501],[3.3225565,51.4533913],[3.3225948,51.4533365],[3.3226389,51.4533012],[3.3226036,51.4532174],[3.3225938,51.4532028],[3.3225627,51.4531215],[3.3225931,51.4530999],[3.3226653,51.4530313],[3.3227166,51.4529533],[3.3226686,51.4529414],[3.3226298,51.4529178],[3.3226648,51.4528515],[3.3225911,51.4528212],[3.3224831,51.4527621],[3.3225037,51.4527263],[3.3224475,51.4526723],[3.3224462,51.4526717],[3.3223258,51.4525827],[3.3223014,51.4525598],[3.3222146,51.4524931],[3.3221566,51.4524342],[3.322118,51.4524034],[3.3220119,51.4523162],[3.3220061,51.4523138],[3.3220061,51.4523102],[3.3219226,51.4522241],[3.3218667,51.4521372],[3.3218637,51.4521343],[3.3217223,51.45207],[3.3216897,51.4520449],[3.3215778,51.4519757],[3.3215502,51.4519554],[3.3214333,51.4518946],[3.3213788,51.4518659],[3.3212888,51.4518092],[3.3211802,51.4517987],[3.3211447,51.4517868],[3.3210047,51.4518669],[3.3210182,51.4519466],[3.3210157,51.4519568],[3.3209181,51.4520097],[3.3209104,51.4519571],[3.3209662,51.4518891],[3.3209669,51.4518671],[3.3209672,51.4518458],[3.3209641,51.4517771],[3.3208566,51.4517447],[3.3207511,51.451712],[3.3207123,51.4516995],[3.3206748,51.451688],[3.3207121,51.4516654],[3.3207675,51.4516326],[3.320731,51.4515979],[3.3207115,51.4515749],[3.3206009,51.4515294],[3.3206112,51.4515983],[3.3205679,51.4516266],[3.3204683,51.4516263],[3.3204239,51.4516138],[3.3203797,51.4515989],[3.3202795,51.4515384],[3.3201788,51.4515365],[3.3201354,51.4515193],[3.3201105,51.4515097],[3.3200827,51.451477],[3.3200358,51.45142],[3.3201343,51.4513591],[3.3202251,51.4513296],[3.3201524,51.4513183],[3.320134,51.4513204],[3.3200225,51.4512402],[3.3199894,51.4512166],[3.3199563,51.4512197],[3.3198454,51.4512103],[3.3197487,51.451241],[3.3198461,51.4512999],[3.3198867,51.4513305],[3.3199479,51.4513935],[3.3198901,51.4514204],[3.319847,51.4514326],[3.3198088,51.4514206],[3.3198096,51.4513974],[3.3197516,51.4513309],[3.3197021,51.4512989],[3.3196098,51.4512413],[3.3195576,51.4512097],[3.319463,51.4512109],[3.3194137,51.4512111],[3.3193468,51.4511521],[3.3193834,51.4510805],[3.3193842,51.4510621],[3.3192684,51.4510134],[3.3191526,51.4510627],[3.319125,51.4510806],[3.3191058,51.4510629],[3.3191246,51.4510271],[3.3191679,51.4509728],[3.3191241,51.4509557],[3.3190951,51.4509548],[3.3189799,51.4509143],[3.3188849,51.4509142],[3.318836,51.4509143],[3.3188021,51.4508839],[3.3186914,51.4508222],[3.318608,51.4508467],[3.3185912,51.4507945],[3.3185471,51.4507609],[3.3185108,51.450772],[3.318403,51.4507304],[3.3182743,51.4507861],[3.3183319,51.4507053],[3.3182585,51.4506464],[3.3181646,51.4506471],[3.3181145,51.4506382],[3.3179924,51.4506928],[3.317971,51.4506928],[3.3179121,51.4506165],[3.3178262,51.4505708],[3.3177036,51.4506039],[3.3176825,51.450593],[3.3176092,51.4505731],[3.3176499,51.4505273],[3.3175377,51.4504721],[3.3174916,51.4504378],[3.3173931,51.4503776],[3.3173193,51.4503946],[3.3172493,51.4503869],[3.3171888,51.4503487],[3.3171048,51.4503041],[3.3170022,51.4503235],[3.316961,51.4503181],[3.316863,51.4502885],[3.3168169,51.4502874],[3.3167327,51.45026],[3.3166726,51.4502399],[3.3166127,51.450223],[3.3165287,51.4502307],[3.3164363,51.4501709],[3.3163842,51.4501534],[3.3163293,51.4501369],[3.3162402,51.4501314],[3.3161588,51.4500817],[3.3160958,51.4500611],[3.3159779,51.4499923],[3.3159513,51.4499767],[3.3159017,51.4499616],[3.3158073,51.4499625],[3.3157085,51.4499031],[3.3156628,51.4498884],[3.3156181,51.4498755],[3.3155188,51.4498718],[3.3154231,51.449814],[3.3153744,51.4497988],[3.3153246,51.4497832],[3.3152305,51.4497913],[3.3151188,51.4497249],[3.315086,51.4497161],[3.3149603,51.4496354],[3.3149415,51.4496273],[3.3149286,51.4496274],[3.3147975,51.4496083],[3.3146683,51.4495462],[3.3146531,51.449537],[3.3146383,51.4495371],[3.314509,51.4495177],[3.3143758,51.4494571],[3.3143647,51.449452],[3.3143531,51.44945],[3.3142206,51.4494309],[3.3141215,51.4493679],[3.314076,51.4493319],[3.3140319,51.4493405],[3.3139321,51.4493286],[3.3137955,51.4492788],[3.313811,51.4492643],[3.3137878,51.4492754],[3.3137823,51.4492754],[3.3136438,51.4492576],[3.3135309,51.4491896],[3.3134993,51.4491694],[3.3134591,51.4491647],[3.3133553,51.4491507],[3.3132147,51.4491005],[3.313211,51.4490989],[3.3132075,51.4490984],[3.3130668,51.4490553],[3.3129639,51.4490113],[3.3129225,51.4489938],[3.3128674,51.4489772],[3.3127783,51.4489568],[3.3127225,51.448922],[3.312634,51.4488919],[3.3125436,51.4488661],[3.3124899,51.4488659],[3.3124227,51.4488329],[3.3123456,51.4488064],[3.3122711,51.4487868],[3.3122015,51.4487786],[3.3121303,51.4487438],[3.3120572,51.4487182],[3.3119858,51.4486996],[3.3119131,51.4486999],[3.3118147,51.4486547],[3.3117688,51.448637],[3.3117216,51.4486255],[3.3116247,51.4486102],[3.3115268,51.4485655],[3.3114804,51.4485483],[3.3114338,51.4485367],[3.3113364,51.448535],[3.3111938,51.4484765],[3.3111921,51.4484761],[3.311189,51.4484746],[3.3110479,51.4484335],[3.310976,51.4484771],[3.3110485,51.4485208],[3.3111826,51.4485664],[3.311049,51.4485979],[3.3109979,51.4485669],[3.3109045,51.448508],[3.3108331,51.4485227],[3.3107606,51.448508],[3.3106898,51.4484778],[3.3106162,51.4484332],[3.3105569,51.4484411],[3.3104722,51.4484181],[3.310384,51.4483887],[3.3103278,51.4483462],[3.3102587,51.4483459],[3.3101837,51.4483199],[3.3101246,51.4482995],[3.3100394,51.4482624],[3.3099926,51.4482706],[3.3098954,51.4482466],[3.3097678,51.4482208],[3.3097513,51.4482236],[3.3097239,51.4482106],[3.309607,51.448162],[3.3095359,51.4481667],[3.3094631,51.4481591],[3.3093413,51.4481217],[3.309387,51.4480789],[3.3093188,51.4480949],[3.3092751,51.4480946],[3.3091746,51.448056],[3.3090707,51.4480325],[3.3090301,51.447962],[3.3090143,51.4479526],[3.3088863,51.4479911],[3.3087953,51.4479764],[3.3087423,51.4479631],[3.3087111,51.447963],[3.3085985,51.4479841],[3.3085219,51.4479441],[3.3084539,51.4478811],[3.3083979,51.4478895],[3.3083101,51.4479029],[3.3082187,51.4478878],[3.308166,51.4478672],[3.3081402,51.4478551],[3.3080878,51.4478066],[3.3081656,51.4478062],[3.3082907,51.4477648],[3.3081651,51.4477264],[3.3080348,51.4476843],[3.3080209,51.4476843],[3.3079027,51.4476919],[3.3079595,51.4477657],[3.3078776,51.4477836],[3.3078431,51.447766],[3.3077896,51.4477114],[3.3078477,51.4476761],[3.3077328,51.4476396],[3.3076091,51.4475996],[3.3075886,51.4475994],[3.3075698,51.4475869],[3.3074444,51.4475485],[3.3073266,51.4475141],[3.3073002,51.4475064],[3.3072703,51.4475165],[3.3071564,51.4475224],[3.3071191,51.4474981],[3.3070121,51.447465],[3.3069064,51.4474328],[3.3068679,51.447421],[3.3068262,51.447409],[3.3067237,51.4473763],[3.3066257,51.4473484],[3.3065795,51.4473336],[3.3065306,51.4473198],[3.3064353,51.4472883],[3.3063493,51.4472304],[3.3064055,51.4472119],[3.3064348,51.4472182],[3.3064921,51.44723],[3.3065793,51.4473057],[3.3066649,51.4472832],[3.3067232,51.4472968],[3.3068117,51.4472845],[3.3068671,51.4473003],[3.3069498,51.4473187],[3.3070114,51.4473689],[3.3070725,51.4473566],[3.3071554,51.447374],[3.3072456,51.4473744],[3.3072994,51.4473852],[3.3074045,51.4474075],[3.3073273,51.4474805],[3.3074437,51.4474452],[3.3074998,51.4474621],[3.3075876,51.447447],[3.3076386,51.4474388],[3.3077316,51.4474638],[3.3078466,51.4474962],[3.3078759,51.4475204],[3.3079833,51.4475186],[3.3080198,51.4475184],[3.308047,51.4475127],[3.3081638,51.4475444],[3.3082781,51.4475135],[3.3083079,51.4475642],[3.308325,51.4475849],[3.3084521,51.4476171],[3.3085449,51.4476163],[3.308596,51.4476115],[3.3086477,51.4476164],[3.3087399,51.4476154],[3.3088046,51.4475836],[3.3087393,51.4475318],[3.3086555,51.4475316],[3.3085954,51.447531],[3.308512,51.4475323],[3.3084515,51.4475318],[3.3083633,51.4474949],[3.3083072,51.4474705],[3.3082519,51.4474606],[3.308163,51.4474286],[3.3080714,51.4474631],[3.3081007,51.4474056],[3.3080186,51.4473526],[3.3079594,51.4473531],[3.3078748,51.4473669],[3.3077555,51.4473321],[3.3077306,51.447322],[3.3077066,51.4473318],[3.307714,51.4473167],[3.3075863,51.4472553],[3.3074877,51.4472558],[3.3074423,51.4472499],[3.3073108,51.4472357],[3.3072983,51.4472325],[3.3072814,51.447228],[3.3071541,51.44718],[3.3070578,51.4471684],[3.30701,51.4471562],[3.3069143,51.447139],[3.3068659,51.4471237],[3.306832,51.4471181],[3.3067218,51.4470894],[3.3065897,51.4470575],[3.3065776,51.4470539],[3.3065394,51.4470501],[3.3064336,51.4470295],[3.306383,51.4470189],[3.3062895,51.4469995],[3.306171,51.4469771],[3.3061454,51.4469679],[3.306093,51.4469613],[3.3060012,51.4469333],[3.3059037,51.446901],[3.305857,51.4468856],[3.3058136,51.4468993],[3.3057132,51.4469056],[3.3056177,51.4469029],[3.3055692,51.4468885],[3.3054538,51.4468908],[3.3054253,51.4468852],[3.3053966,51.4468732],[3.3054251,51.4468608],[3.3054813,51.4468378],[3.3055689,51.4468407],[3.3056565,51.4468374],[3.3057129,51.4468536],[3.3057743,51.4468338],[3.3058567,51.44684],[3.3059459,51.4467819],[3.3058562,51.4467717],[3.3058354,51.4467691],[3.3057122,51.4467533],[3.3055922,51.446768],[3.3055684,51.4467681],[3.3055234,51.4467549],[3.3054242,51.446725],[3.305329,51.446724],[3.3052803,51.4467238],[3.3052311,51.4467246],[3.3051364,51.4467256],[3.3050141,51.4467079],[3.3049924,51.4467078],[3.3049259,51.4466946],[3.3049922,51.4466736],[3.3050669,51.4466511],[3.3050233,51.4466044],[3.3049916,51.446581],[3.3049187,51.4465592],[3.3048475,51.4465586],[3.3047711,51.4466051],[3.3047042,51.4466482],[3.304631,51.4466496],[3.3045603,51.4466386],[3.3044663,51.4466371],[3.3044163,51.4466307],[3.3042839,51.4466136],[3.3042723,51.446612],[3.3041377,51.4466125],[3.3041284,51.4466117],[3.3040769,51.4466069],[3.3039843,51.4465799],[3.3038928,51.4465503],[3.30384,51.4465251],[3.3038238,51.4465278],[3.3037875,51.4465177],[3.3038399,51.446507],[3.3039335,51.446486],[3.3039837,51.446493],[3.3040161,51.4464969],[3.3041276,51.4464851],[3.3041865,51.4464798],[3.3042714,51.4464797],[3.3043423,51.446472],[3.3044153,51.4464719],[3.3044898,51.4464726],[3.3045592,51.4464718],[3.3046515,51.4464832],[3.3047031,51.446473],[3.3048068,51.4464502],[3.3048468,51.4464487],[3.3049197,51.4464249],[3.3049123,51.4463762],[3.3049151,51.446335],[3.304846,51.4463251],[3.3048249,51.446322],[3.304702,51.4463182],[3.3046612,51.4463101],[3.304558,51.4462912],[3.3044519,51.44627],[3.3044139,51.446271],[3.3043062,51.4462692],[3.30427,51.446261],[3.3042017,51.4462469],[3.3041257,51.4461997],[3.3040442,51.4461964],[3.3039816,51.4461772],[3.3039196,51.4461577],[3.3038375,51.4461496],[3.303822,51.4461482],[3.3036936,51.4461485],[3.3036741,51.4461462],[3.3035496,51.446131],[3.3034491,51.4461318],[3.3034058,51.4461365],[3.3033626,51.4461322],[3.3032618,51.4461219],[3.3031877,51.4461134],[3.3031178,51.4461141],[3.3030473,51.4461159],[3.3029739,51.4461081],[3.302871,51.4460962],[3.3028299,51.4460965],[3.3027285,51.4460974],[3.302686,51.4460935],[3.3025578,51.4460812],[3.302542,51.446081],[3.3024491,51.4460716],[3.3025418,51.4460542],[3.3025802,51.4460473],[3.3026855,51.4460263],[3.3027592,51.4460269],[3.3028295,51.4460271],[3.3029433,51.4459991],[3.3029731,51.4459916],[3.3030268,51.4459802],[3.3029728,51.4459418],[3.3028945,51.4458906],[3.3029721,51.4458459],[3.3030476,51.4458475],[3.3031162,51.4458752],[3.3031512,51.445868],[3.3032599,51.4458423],[3.3033687,51.4458213],[3.3034036,51.4458143],[3.3035229,51.4458144],[3.3035475,51.445811],[3.3036153,51.4457988],[3.303691,51.445747],[3.3037832,51.4457407],[3.3038347,51.4457241],[3.3039123,51.4457497],[3.3039787,51.4457381],[3.3040723,51.4457391],[3.3041226,51.4457336],[3.3042507,51.445717],[3.3042663,51.4457151],[3.3043329,51.445707],[3.3042714,51.445704],[3.3042663,51.4457043],[3.3042619,51.4457045],[3.3041223,51.445699],[3.3041077,51.4456985],[3.3039784,51.4456993],[3.3039635,51.4456987],[3.3038346,51.4457058],[3.3038302,51.4457056],[3.3036907,51.4457051],[3.3036844,51.4457048],[3.3036239,51.4457089],[3.3035471,51.4457531],[3.3034754,51.4457541],[3.3034032,51.4457564],[3.3033627,51.4457348],[3.3032594,51.445758],[3.3031923,51.445758],[3.3031154,51.4457472],[3.3030348,51.4457104],[3.3029711,51.4456941],[3.3029413,51.445692],[3.3028272,51.4456934],[3.3027071,51.4456964],[3.3026834,51.4457046],[3.3026717,51.445704],[3.3025395,51.4456976],[3.3024167,51.4456988],[3.3022717,51.4456999],[3.3022517,51.4457001],[3.3021266,51.445701],[3.3021078,51.4457012],[3.3020879,51.4457004],[3.3019639,51.4457023],[3.3018961,51.4457133],[3.3018203,51.4457481],[3.3017346,51.4457501],[3.3016764,51.4457448],[3.3015604,51.4457317],[3.3015324,51.4457289],[3.3014064,51.4457146],[3.3013905,51.4457133],[3.3013884,51.4457135],[3.3012583,51.4457064],[3.3012445,51.4457072],[3.3012277,51.4457045],[3.3011005,51.4456896],[3.3010424,51.4456793],[3.3009564,51.4456688],[3.3008617,51.4456569],[3.3008124,51.4456505],[3.3006833,51.4456265],[3.3008118,51.4455494],[3.3008816,51.4455361],[3.3009555,51.4455276],[3.3010869,51.4455277],[3.3010994,51.4455277],[3.3011115,51.445528],[3.3012432,51.4455156],[3.3012794,51.4455125],[3.3013871,51.4455143],[3.3014199,51.4455142],[3.3015309,51.4455029],[3.3015891,51.4454979],[3.3016747,51.4454894],[3.3017591,51.4454811],[3.3018186,51.4454822],[3.3018995,51.4454829],[3.3019624,51.4454762],[3.3020703,51.4454656],[3.3021063,51.445466],[3.3021968,51.4454428],[3.3022499,51.4454205],[3.3023623,51.4454227],[3.3023938,51.4454236],[3.3024233,51.4454238],[3.3025376,51.4454081],[3.3026085,51.4453974],[3.3026813,51.4453874],[3.3027397,51.445388],[3.3028252,51.4453907],[3.302932,51.4453741],[3.302969,51.4453691],[3.3029985,51.4453693],[3.3031129,51.4453711],[3.3032567,51.4453506],[3.3032579,51.4453502],[3.3034,51.4452635],[3.3034066,51.445264],[3.3035439,51.4452646],[3.30356,51.4452595],[3.3035438,51.4452552],[3.3034055,51.4452564],[3.3033999,51.4452563],[3.3033902,51.4452538],[3.3033589,51.44526],[3.3032566,51.4453431],[3.3032469,51.4453441],[3.3031123,51.4452804],[3.3030733,51.4452607],[3.3030139,51.4452322],[3.3029681,51.4452415],[3.30285,51.4452452],[3.3028243,51.4452462],[3.3026994,51.4452498],[3.3026804,51.4452499],[3.3026549,51.4452459],[3.3025365,51.4452478],[3.3024014,51.445257],[3.3023927,51.4452572],[3.3023779,51.4452533],[3.3022488,51.4452587],[3.3022228,51.4452467],[3.3021883,51.445263],[3.3021049,51.4452661],[3.3021003,51.4452661],[3.3019612,51.445294],[3.3018692,51.4452962],[3.3018173,51.4452901],[3.3017758,51.44529],[3.3016734,51.4452927],[3.3016252,51.4452946],[3.3015296,51.4452965],[3.3014402,51.445299],[3.3013857,51.4452927],[3.3013403,51.4452935],[3.3012418,51.445295],[3.3011264,51.4452836],[3.3010978,51.4452842],[3.30097,51.4452661],[3.3010976,51.4452502],[3.3011288,51.4452462],[3.3012414,51.4452337],[3.3013017,51.4452275],[3.3013852,51.4452287],[3.3014747,51.4452308],[3.3015291,51.445232],[3.3015998,51.4452203],[3.301673,51.4452219],[3.3017703,51.4452032],[3.3018168,51.4452056],[3.3019148,51.4451738],[3.3019604,51.4451704],[3.3021043,51.4451707],[3.302109,51.4451704],[3.3022481,51.445161],[3.302392,51.4451504],[3.3024314,51.4451478],[3.3025359,51.4451483],[3.3025793,51.4451449],[3.3026797,51.4451375],[3.302808,51.4450911],[3.3028233,51.4450911],[3.3028397,51.4450917],[3.3029673,51.4451147],[3.3030395,51.445126],[3.3031111,51.4451058],[3.3031517,51.4450807],[3.3032547,51.4450622],[3.3032879,51.4450596],[3.3033986,51.4450511],[3.3034626,51.4450398],[3.3035424,51.4450394],[3.303623,51.445029],[3.3036862,51.4450216],[3.3037939,51.4450117],[3.30383,51.4450131],[3.3039672,51.4449928],[3.3039738,51.4449928],[3.3039935,51.4449886],[3.3041175,51.4449771],[3.3041353,51.4449771],[3.3042614,51.4449674],[3.3043039,51.4449611],[3.3044052,51.4449607],[3.3044676,51.4449483],[3.304549,51.4449494],[3.304675,51.4449079],[3.3046927,51.4449076],[3.3047096,51.4448968],[3.3048363,51.4448739],[3.3048997,51.4448566],[3.30498,51.4448472],[3.3050575,51.4448475],[3.3051239,51.4448406],[3.3052585,51.4448111],[3.3052676,51.4448098],[3.3052853,51.4448054],[3.3054112,51.4447735],[3.3054621,51.4447731],[3.305555,51.4447564],[3.3056459,51.4447476],[3.3056988,51.4447428],[3.3058354,51.4447185],[3.3058425,51.4447177],[3.305878,51.4447139],[3.3059862,51.4446917],[3.3060391,51.4446804],[3.3061299,51.444652],[3.3062081,51.4446642],[3.3062738,51.4446524],[3.3064175,51.4446263],[3.3064372,51.4446225],[3.3065611,51.4445898],[3.3066257,51.4445816],[3.3067049,51.4445722],[3.3068064,51.4445581],[3.3068486,51.4445488],[3.3069874,51.4445344],[3.3069924,51.4445335],[3.3070165,51.4445311],[3.3071362,51.4445154],[3.3071672,51.4445113],[3.3073454,51.4444893],[3.3074237,51.4444807],[3.3075244,51.4444668],[3.3075675,51.4444613],[3.3077113,51.4444418],[3.3077315,51.4444393],[3.3078551,51.4444288],[3.3078839,51.4444209],[3.3079839,51.4444386],[3.3079968,51.44444],[3.307999,51.4444397],[3.3080139,51.4444386],[3.3081135,51.44442],[3.3081428,51.4444234],[3.3082623,51.444348],[3.3082861,51.4443332],[3.3083732,51.4443123],[3.3084299,51.4443225],[3.3084872,51.4443474],[3.3085741,51.444372],[3.3086413,51.4443889],[3.308696,51.4443469],[3.3087178,51.4443354],[3.3087537,51.4443467],[3.3088423,51.4444239],[3.3088588,51.4444363],[3.3088624,51.4444376],[3.3088667,51.4444336],[3.3089151,51.4443463],[3.3090053,51.4442884],[3.3091151,51.4443458],[3.3091496,51.4443565],[3.3091783,51.4443456],[3.3092931,51.4442903],[3.3094331,51.4443449],[3.3094373,51.4443462],[3.3094403,51.4443467],[3.3094477,51.4443449],[3.3095808,51.4442902],[3.3096703,51.4443102],[3.309725,51.4443266],[3.3097522,51.444327],[3.3098686,51.4442897],[3.3099686,51.444281],[3.3100124,51.4442806],[3.3100499,51.4442768],[3.3101564,51.4442903],[3.3102961,51.4442552],[3.3103001,51.4442552],[3.310302,51.4442539],[3.3104441,51.4442832],[3.3105852,51.4442536],[3.3105878,51.4442537],[3.3105923,51.4442547],[3.310615,51.4442519],[3.3107314,51.4442126],[3.3107745,51.4442514],[3.3108757,51.4442729],[3.3109978,51.4442645],[3.3110196,51.4442644],[3.3111031,51.4442506],[3.3110997,51.444211],[3.3111633,51.4442373],[3.3111952,51.4442503],[3.3113074,51.4442676],[3.3113987,51.4442498],[3.3114506,51.444169],[3.3115165,51.4442084],[3.3115946,51.4441865],[3.3116953,51.444186],[3.3117384,51.44418],[3.3117725,51.4441801],[3.3118824,51.4441873],[3.3119937,51.4441583],[3.3119086,51.4440854],[3.3120255,51.4440765],[3.3120325,51.4440727],[3.3121697,51.4441253],[3.3122551,51.4441576],[3.3123139,51.4441687],[3.312372,51.4441573],[3.3123692,51.4441022],[3.3124576,51.4441335],[3.312525,51.4441146],[3.3126012,51.4440979],[3.3126792,51.4441152],[3.3127453,51.4441244],[3.3128333,51.444101],[3.3128889,51.4440761],[3.3129069,51.4440772],[3.3130328,51.4440774],[3.3131755,51.4440659],[3.3131766,51.4440657],[3.3131773,51.4440652],[3.3131788,51.4440638],[3.3131765,51.444059],[3.3131161,51.4439755],[3.3131757,51.4439385],[3.3132166,51.4439497],[3.3133194,51.4439162],[3.3134173,51.4438847],[3.313463,51.4438723],[3.3134859,51.4438846],[3.3136073,51.4439229],[3.3136819,51.4439306],[3.3137512,51.4439305],[3.313839,51.4439186],[3.313895,51.4439113],[3.3140046,51.4438832],[3.3140386,51.4438692],[3.314163,51.4438706],[3.3141825,51.4438722],[3.3142429,51.4438446],[3.314241,51.4438825],[3.3143265,51.4438912],[3.3144101,51.4438821],[3.3144077,51.4438431],[3.3144702,51.4438692],[3.3145855,51.4438093],[3.3146137,51.4438005],[3.3147066,51.4438233],[3.3147576,51.4438104],[3.3147885,51.4437911],[3.314901,51.4437415],[3.3150415,51.4437905],[3.3150436,51.4437915],[3.3150453,51.443791],[3.3150465,51.4437912],[3.3150616,51.4437904],[3.315189,51.443766],[3.3153128,51.4437121],[3.3153324,51.4437017],[3.3153498,51.4436997],[3.3153415,51.443694],[3.3154207,51.4436096],[3.3153404,51.4435256],[3.31534,51.4435199],[3.3153467,51.4435102],[3.315404,51.4434298],[3.3154739,51.4433486],[3.3154818,51.4433397],[3.3154734,51.4432809],[3.3154683,51.4433397],[3.3153304,51.4434053],[3.3152559,51.4434302],[3.3153151,51.44351],[3.3153137,51.44352],[3.315221,51.4435412],[3.3152768,51.44361],[3.3151883,51.4436724],[3.315129,51.4436104],[3.3150435,51.4435407],[3.314917,51.443532],[3.3148996,51.4435319],[3.3148763,51.4435357],[3.3147556,51.4435215],[3.314733,51.4434316],[3.3147549,51.4434178],[3.3148218,51.4434314],[3.3148992,51.443478],[3.3149486,51.443462],[3.3150431,51.4434847],[3.3151505,51.4434305],[3.3151144,51.4433857],[3.3151146,51.4433407],[3.3150421,51.4433326],[3.3149661,51.4432938],[3.3148978,51.4432683],[3.3148528,51.4432515],[3.3147639,51.4431685],[3.3147567,51.4431618],[3.3148964,51.4430728],[3.314984,51.4431066],[3.3150404,51.4430855],[3.3151102,51.4431144],[3.3151842,51.4430729],[3.3151906,51.4430707],[3.3152501,51.4430221],[3.3152169,51.4429807],[3.3152155,51.4429607],[3.3152639,51.4428907],[3.3151825,51.4428201],[3.3151599,51.442801],[3.3150381,51.4427486],[3.3149542,51.4427642],[3.3148942,51.4427486],[3.3147576,51.4428021],[3.3147507,51.4428044],[3.3147453,51.4428022],[3.3146062,51.4427138],[3.3144626,51.4427132],[3.3144623,51.4427131],[3.3144619,51.442713],[3.3144616,51.4427126],[3.3143853,51.4426233],[3.3144523,51.4425387],[3.3143172,51.4425389],[3.3143088,51.4425388],[3.3143139,51.4425336],[3.3141728,51.4424612],[3.3140887,51.4424442],[3.3140908,51.4424053],[3.314118,51.4423542],[3.3141719,51.4423292],[3.314255,51.4423018],[3.3143156,51.4423009],[3.3144469,51.4423453],[3.3144598,51.4423519],[3.3144712,51.4423604],[3.3144598,51.4423557],[3.314357,51.4424435],[3.314461,51.4425297],[3.3144776,51.4425227],[3.3146049,51.4425273],[3.3146142,51.4425328],[3.314605,51.442538],[3.3144771,51.4425431],[3.31456,51.4426228],[3.3144635,51.4427122],[3.3146061,51.442708],[3.3147344,51.4427025],[3.3146708,51.4426225],[3.3147491,51.4425709],[3.3147803,51.4425519],[3.314893,51.4425814],[3.3150056,51.4426216],[3.3150373,51.4426372],[3.3150687,51.442641],[3.3151814,51.4426647],[3.3152648,51.4426209],[3.3153245,51.4425572],[3.3154282,51.4426205],[3.3154691,51.4426585],[3.315546,51.4426621],[3.3156129,51.4426496],[3.3156878,51.4427097],[3.3157576,51.4427665],[3.315849,51.4427093],[3.315757,51.442675],[3.3156483,51.4426199],[3.3156573,51.4425919],[3.3156544,51.44253],[3.3157557,51.4424813],[3.3158572,51.4425294],[3.3159,51.4425502],[3.3159339,51.4425504],[3.316044,51.4425636],[3.3161566,51.4426185],[3.3161884,51.4426378],[3.3162294,51.4426183],[3.3163318,51.4425701],[3.3164237,51.4425279],[3.3163309,51.4424408],[3.3163267,51.4424382],[3.3163266,51.4424356],[3.3163309,51.4424372],[3.3163396,51.4424382],[3.3164751,51.4424782],[3.3165528,51.4425275],[3.3165515,51.4425701],[3.3165258,51.4426175],[3.3166205,51.442707],[3.3166875,51.4426171],[3.3167634,51.4425519],[3.3168221,51.4425635],[3.3168999,51.4425266],[3.3167626,51.4424492],[3.3167446,51.4424484],[3.3166192,51.442507],[3.3165061,51.4424377],[3.3166183,51.4423904],[3.3167562,51.4424331],[3.3167625,51.4424347],[3.3169054,51.442436],[3.3169064,51.4424361],[3.3169073,51.4424361],[3.3170501,51.4424052],[3.3171056,51.4424014],[3.3171939,51.4423901],[3.317336,51.4424342],[3.3173381,51.4424333],[3.3174745,51.4424305],[3.317482,51.4424334],[3.3174896,51.4424303],[3.3174935,51.4424351],[3.3175364,51.4424911],[3.3176261,51.4424672],[3.3177368,51.4425243],[3.3177709,51.4426046],[3.317839,51.4425668],[3.3177979,51.4425242],[3.3179137,51.4424509],[3.31803,51.4425235],[3.3179891,51.442567],[3.3180587,51.4426122],[3.3181247,51.4425233],[3.3182017,51.4424724],[3.3182808,51.4425229],[3.3182824,51.4425627],[3.3182439,51.4426129],[3.3183468,51.4426562],[3.3184899,51.4427014],[3.31849,51.4426122],[3.3184891,51.4426114],[3.318365,51.4425226],[3.3183895,51.4424952],[3.3184269,51.4424325],[3.318489,51.4424131],[3.31859,51.4424321],[3.3186332,51.4424597],[3.3187688,51.4425161],[3.3187775,51.4425186],[3.318782,51.4425187],[3.3189212,51.4424871],[3.3190108,51.4424869],[3.3190652,51.4425043],[3.3191045,51.442496],[3.319209,51.4424962],[3.3192848,51.4425201],[3.3193534,51.4425645],[3.3194042,51.4426097],[3.3194306,51.4426575],[3.3194336,51.4426996],[3.3194988,51.4427792],[3.3196217,51.4427759],[3.3195295,51.4426993],[3.3195637,51.4426581],[3.3195895,51.4426092],[3.3195512,51.4425757],[3.3194974,51.4425885],[3.3193732,51.4425199],[3.3194965,51.4424513],[3.3195517,51.4424639],[3.3196403,51.4424487],[3.3196817,51.4424549],[3.3197845,51.442495],[3.3198836,51.4425185],[3.3197927,51.4426041],[3.319793,51.4426087],[3.3199295,51.4426504],[3.320007,51.4426496],[3.3200733,51.4426356],[3.3201392,51.4426077],[3.3202168,51.4425747],[3.3203501,51.4425172],[3.3203602,51.4425112],[3.3203801,51.4425171],[3.3205044,51.4425559],[3.320626,51.4425165],[3.3206423,51.4425129],[3.320648,51.4425136],[3.3206555,51.4425117],[3.3207916,51.4424685],[3.3208614,51.4424695],[3.3209355,51.4424814],[3.3210237,51.4424805],[3.3210794,51.4424843],[3.3211691,51.442515],[3.3211891,51.442583],[3.3211959,51.4426048],[3.321089,51.4426899],[3.3210853,51.442695],[3.3211842,51.4427591],[3.321081,51.4427004],[3.3210353,51.4427851],[3.3210817,51.442802],[3.3212246,51.4427851],[3.3212254,51.4427851],[3.3212263,51.4427851],[3.3213695,51.4428142],[3.3215071,51.4427838],[3.3215132,51.4427798],[3.3216518,51.4427801],[3.3215799,51.4426937],[3.3216561,51.4426448],[3.3217095,51.4426368],[3.3218001,51.4426583],[3.3219129,51.4426222],[3.3219442,51.4426883],[3.3219514,51.4426927],[3.3219442,51.4426967],[3.3219177,51.4427827],[3.321945,51.4427968],[3.3219797,51.4428042],[3.322089,51.4428173],[3.3222277,51.4428683],[3.3222332,51.4428655],[3.3222434,51.4428653],[3.3223767,51.4428108],[3.3224499,51.4428255],[3.3225206,51.4428109],[3.3225918,51.4428253],[3.3226646,51.4428346],[3.3227365,51.4428254],[3.3228085,51.4428359],[3.3229202,51.4427999],[3.3229522,51.4427999],[3.322983,51.4427798],[3.3230956,51.4427394],[3.3231868,51.4427792],[3.32324,51.4428126],[3.3233087,51.4427789],[3.3233832,51.442715],[3.3234798,51.4427784],[3.3234562,51.4428232],[3.3235277,51.4427932],[3.3235563,51.442796],[3.3236716,51.4427957],[3.323816,51.4428674],[3.3239594,51.4428096],[3.3240789,51.4427919],[3.3241032,51.4427883],[3.3241242,51.4427897],[3.3242471,51.4427884],[3.3243715,51.4427881],[3.3243909,51.4427844],[3.3244184,51.4427758],[3.3245305,51.4426878],[3.3245304,51.4426856],[3.3245341,51.4426848],[3.324538,51.4426855],[3.3246781,51.4427011],[3.3247197,51.442685],[3.3248215,51.4426369],[3.3248986,51.4426364],[3.3249653,51.4426188],[3.3250199,51.4426284],[3.3251093,51.4426287],[3.3252422,51.4425937],[3.3252529,51.4425908],[3.3252639,51.4425867],[3.3253967,51.4425848],[3.3254234,51.4425765],[3.3255401,51.4425155],[3.3255818,51.4425288],[3.3256842,51.4425455],[3.3257522,51.4425448],[3.3258281,51.442545],[3.3259035,51.4425447],[3.3259719,51.4425305],[3.32604,51.4425015],[3.3259711,51.4424205],[3.3259423,51.4424119],[3.3259709,51.4423956],[3.3260972,51.4424004],[3.3261149,51.4424075],[3.326136,51.4423981],[3.3262587,51.4423968],[3.3262812,51.4423969],[3.3264022,51.442345],[3.3265113,51.4423204],[3.3265459,51.4423134],[3.3265546,51.4423148],[3.3266895,51.4422725],[3.3267758,51.4422656],[3.3268333,51.4422652],[3.3269003,51.4422712],[3.3269771,51.4422617],[3.3270696,51.4422611],[3.3271209,51.4422468],[3.3271719,51.4422604],[3.3272062,51.4422285],[3.3272645,51.4422068],[3.3272936,51.4422101],[3.3274607,51.4421951],[3.3275521,51.4421802],[3.3276914,51.4421373],[3.3276957,51.4421364],[3.3277016,51.4421372],[3.3278399,51.4421786],[3.3279406,51.4421994],[3.3279838,51.4421912],[3.3280392,51.4421916],[3.3281275,51.4421637],[3.3281814,51.4421695],[3.3282716,51.4421854],[3.3283367,51.4421847],[3.3284154,51.4421729],[3.3284994,51.4421724],[3.3285592,51.4421725],[3.3286509,51.4421346],[3.3287027,51.4421185],[3.3288306,51.442124],[3.3288467,51.4421267],[3.3288823,51.4421339],[3.3289908,51.4421578],[3.3290987,51.4421333],[3.3291344,51.4421221],[3.3291597,51.4421173],[3.3292783,51.4421294],[3.3293981,51.4421174],[3.3294222,51.4421192],[3.3294465,51.4421171],[3.329566,51.4421074],[3.3296839,51.4421154],[3.3297099,51.4421156],[3.3297463,51.4421087],[3.3298005,51.4421313],[3.3298432,51.442138],[3.3298539,51.4421357],[3.3298914,51.4421311],[3.3299976,51.4421063],[3.3300322,51.4421091],[3.3301414,51.4420915],[3.3302162,51.4420834],[3.3302853,51.4420932],[3.3303529,51.4420875],[3.3304291,51.4420813],[3.3305292,51.4420667],[3.3305728,51.4420603],[3.3306395,51.4420391],[3.3307164,51.4420212],[3.3307948,51.4420386],[3.3308605,51.4420546],[3.3308864,51.4420545],[3.3310045,51.4420601],[3.3311051,51.4420378],[3.3311481,51.4420226],[3.3311811,51.4420375],[3.3312923,51.4420659],[3.3313993,51.4420599],[3.3314361,51.4420538],[3.331473,51.4420598],[3.3315799,51.4420437],[3.3316057,51.4420363],[3.3317234,51.4419994],[3.331782,51.4419993],[3.3318672,51.4419848],[3.3319243,51.4419812],[3.3320111,51.4419914],[3.3321224,51.4420144],[3.3321551,51.4420061],[3.33227,51.4419445],[3.3322985,51.4419355],[3.3323158,51.4419336],[3.3324424,51.4419333],[3.3324614,51.4419321],[3.3325862,51.4419319],[3.332605,51.4419319],[3.3327301,51.4419315],[3.3327515,51.4419298],[3.3328739,51.4419206],[3.3329028,51.4419247],[3.3330178,51.4419127],[3.3330951,51.4418938],[3.3331614,51.4418799],[3.3332699,51.4418518],[3.333305,51.4418397],[3.3333333,51.4418435]]},"properties":{"rawObjectClass":"DEPCNT","VALDCO":3.5,"depthDatum":"Approximate LAT","depthDatumCode":42,"depthDatumStatus":"VERIFIED_FROM_OFFICIAL_DOCUMENTATION","verticalDatum":"Local Datum","verticalDatumCode":24,"napIdentityStatus":"UNVERIFIED","sourceKind":"official","sourceCellId":"1R75883I","sourceStableId":"1F2B6A4B9FC67653","sourceChecksum":"7c265c9fd48cb0677b21c9e60c88de7230e0e5b27a4f98bc2d44d93527f2082a","pipelineFeatureId":"1R75883I/DEPCNT/1281233825","provenance":{"cellId":"1R75883I","checksum":"7c265c9fd48cb0677b21c9e60c88de7230e0e5b27a4f98bc2d44d93527f2082a","readerVersion":"GDAL 3.2.2","processedAt":"2026-08-11T13:43:44.753Z"},"sourceProperties":{"RCID":1281233825,"PRIM":2,"GRUP":2,"OBJL":43,"RVER":1,"AGEN":7979,"FIDN":1783340998,"FIDS":30291,"LNAM":"1F2B6A4B9FC67653","VALDCO":3.5,"SCAMIN":15000,"sourceCellId":"1R75883I","sourceChecksum":"7c265c9fd48cb0677b21c9e60c88de7230e0e5b27a4f98bc2d44d93527f2082a","rawObjectClass":"DEPCNT","sourceStableId":"1F2B6A4B9FC67653"}}}]}